record_id	kind	book	chapter	verse	halfverse	scroll	scroll_node	fragment	line	line_node	intl	language	script	file	byte_offset	byte_length	word_nodes	word_count	standalone_sign_count	sha256	linguistics_file	linguistics_byte_offset	linguistics_byte_length	linguistics_sha256	letter_reconstruction	sign_slots	letter_slots	reconstructed_letter_slots	uncertain_letter_slots	unmarked_letter_slots	reconstructed_sign_slots	uncertain_sign_slots	missing_sign_slots	empty_sign_slots	vacat_sign_slots	corrected_sign_slots	removed_sign_slots	alternative_sign_slots
L1590046-R001	biblical_book	1Sam	18	17		1Q7	1606612	f1	1	1590046				books/DSS-1-Samuel.txt	733	5311	1894552-1894573	22	1	cb4b41f17444a52a10094681ee385c92b27daa7975e03761963fd4876d3c7ea7	linguistics/books/DSS-1-Samuel-Linguistics.txt	2142	9173	7521993678921c4aca9b23a9b8807dc7a13ccc29f0f6d1bcd3ab23a3ee820d97	PARTLY_RECONSTRUCTED	60	56	50	1	5	54	1	0	0	0	0	0	0
L1590047-R001	biblical_book	1Sam	18	17		1Q7	1606612	f1	2	1590047				books/DSS-1-Samuel.txt	6044	1865	1894574-1894577	4	0	127b8705fb27425f1f2583186634d14bd02f13b36549a42e153f91ebd056738d	linguistics/books/DSS-1-Samuel-Linguistics.txt	11315	2015	6411d42f2ac6adb5fa3becbcf222c6dd52370a689af188119aa4601b1b1b628a	ALL_LETTER_SLOTS_RECONSTRUCTED	13	10	10	0	0	13	0	0	1	0	0	0	0
L1590047-R002	biblical_book	1Sam	18	18		1Q7	1606612	f1	2	1590047				books/DSS-1-Samuel.txt	7909	4305	1894578-1894594	17	1	dfb579b43bef5b36bccb7b132c510265b3b826ebf954284496c1e65b3d81b4da	linguistics/books/DSS-1-Samuel-Linguistics.txt	13330	7342	e616c7b461311f2021dc764ca15a5a8b193ffdc9fcfad9963faec52e99847f97	PARTLY_RECONSTRUCTED	50	46	42	1	3	44	1	0	1	0	0	0	0
L1597090-R001	biblical_book	1Sam	1	9		4Q51	1606703	1a	1	1597090				books/DSS-1-Samuel.txt	12264	2599	1996784-1996790	7	1	c4a98763d74adf70273a61ef0d670c22222d4901810c2cea37fcb6b410ca4d77	linguistics/books/DSS-1-Samuel-Linguistics.txt	20722	3062	a7f9335bfaa9c0b3cddb1c1f904bbbfa321c46d7e4b380101c22914c4ca47dc2	PARTLY_RECONSTRUCTED	16	10	7	0	3	11	0	2	3	0	0	0	0
L1597091-R001	biblical_book	1Sam	1	11		4Q51	1606703	1b	1	1597091				books/DSS-1-Samuel.txt	14863	3697	1996791-1996803	13	1	408d3e474b1242b1b5f6cf4ba3a73b8c602f65d22a5b7bae0ddde44c56f37c2b	linguistics/books/DSS-1-Samuel-Linguistics.txt	23784	5648	0238a1a2e7a4410c29dcee09c8abead766f9ac3e1b4f4829cec5267f5d86058d	PARTLY_RECONSTRUCTED	43	41	40	1	0	41	1	0	0	0	0	0	0
L1597092-R001	biblical_book	1Sam	1	11		4Q51	1606703	1b	2	1597092				books/DSS-1-Samuel.txt	18560	3970	1996804-1996816	13	1	28b71618a6d02362a8f97b874779ec25809f68aab904d8e8ddf3173868e4000f	linguistics/books/DSS-1-Samuel-Linguistics.txt	29432	5700	a2f18b42f67a4a4de093c1f731fd1781ddc738e667648902638bf11cc536d336	PARTLY_RECONSTRUCTED	44	40	31	1	8	34	1	0	0	0	0	0	0
L1597093-R001	biblical_book	1Sam	1	11		4Q51	1606703	1b	3	1597093				books/DSS-1-Samuel.txt	22530	4152	1996817-1996832	16	1	0b0dda4dad6d07d1c0d1311c12621e9c34ea71cbd016e820430e294d306466d3	linguistics/books/DSS-1-Samuel-Linguistics.txt	35132	6799	c9635bc9f60d49a48de62483c257ee9cfa4d62792e17870ccb8ec1eb40928d7a	PARTLY_RECONSTRUCTED	46	42	30	1	11	32	1	0	1	0	0	0	0
L1597094-R001	biblical_book	1Sam	1	11		4Q51	1606703	1b	4	1597094				books/DSS-1-Samuel.txt	26682	2240	1996833	1	3	a5cb92aaf2e4931668ad0adcca9a14d36588e59ba2a7aef653c0b5c804afe071	linguistics/books/DSS-1-Samuel-Linguistics.txt	41931	723	c5df51761684eeb1197a42d034865866053b7760c3a0e1fb3f8ac784d4bd59bd	NO_LETTER_SLOTS	2	0	0	0	0	0	0	0	1	0	0	0	0
L1597094-R002	biblical_book	1Sam	1	12		4Q51	1606703	1b	4	1597094				books/DSS-1-Samuel.txt	28922	1707	1996834-1996835	2	1	0428affe3c47ecfafa2ecb84d3c691b2a6cb5f75dc3f6fc96b44ee53ba040edc	linguistics/books/DSS-1-Samuel-Linguistics.txt	42654	1163	923ed54784866636f4a8c9116e10bedef05cbd52829c3986b86e62b9cef706d2	PARTLY_RECONSTRUCTED	4	4	3	1	0	3	1	0	0	0	0	0	0
L1597095-R001	biblical_book	1Sam	1	12		4Q51	1606703	1b	5	1597095				books/DSS-1-Samuel.txt	30629	3328	1996836-1996848	13	0	9b3518f8b6c270d8f3784e8fe6d822f4aca31a2029311933cf9b37d1a2163cbe	linguistics/books/DSS-1-Samuel-Linguistics.txt	43817	5569	57dfbb2eef2456d0247cd8899148785a14ac580852f9bf0a3a10fc72a552ba98	PARTLY_RECONSTRUCTED	36	33	23	1	8	23	1	0	1	0	1	0	0
L1597095-R002	biblical_book	1Sam	1	13		4Q51	1606703	1b	5	1597095				books/DSS-1-Samuel.txt	33957	1850	1996849-1996851	3	1	8d7cc96982de39321f03c4da0d3cb082336f15da97185c645a3f3dc06ee09b06	linguistics/books/DSS-1-Samuel-Linguistics.txt	49386	1576	87393c4dd36b6ed836a9c3342effe622f89495e24406975ad9944b515edf04b6	NO_LETTER_RECONSTRUCTION_MARKED	9	9	0	0	9	0	0	0	0	0	0	0	0
L1597096-R001	biblical_book	1Sam	1	13		4Q51	1606703	1b	6	1597096				books/DSS-1-Samuel.txt	35807	4460	1996852-1996866	15	1	711874672755929d400d49056218ee416ca0aba7694b1577fa29c6172eaccc32	linguistics/books/DSS-1-Samuel-Linguistics.txt	50962	6422	9714a8d9bbcce7fa7c51488b78e1c20d7f502497a1e7e461da7e95cfee92c081	PARTLY_RECONSTRUCTED	47	41	35	1	5	39	1	0	1	0	0	0	0
L1597097-R001	biblical_book	1Sam	1	17		4Q51	1606703	1c	1	1597097				books/DSS-1-Samuel.txt	40267	2381	1996867-1996872	6	1	b7fbe20be673d48099f53344c5bcf148a7e7335a6b4bb06c552c8a24a1c0f553	linguistics/books/DSS-1-Samuel-Linguistics.txt	57384	2727	420a026a9e3904c2ab0366da2806c1ddef156cf2a0d193d8ad92eed0c640efcb	PARTLY_RECONSTRUCTED	14	12	11	1	0	13	1	1	1	0	0	0	0
L1597098-R001	biblical_book	1Sam	1	17		4Q51	1606703	1c	2	1597098				books/DSS-1-Samuel.txt	42648	3667	1996873-1996886	14	0	44a1c8b014cee960236e3729c7b465f36ddbefe225c4457bb6b817b6fd7aedd6	linguistics/books/DSS-1-Samuel-Linguistics.txt	60111	6117	e2f396bb86c1c8638c267a7e47cc0a4db1035de7ddde3cc68f21a11b1307676b	ALL_LETTER_SLOTS_RECONSTRUCTED	45	40	40	0	0	45	0	0	1	0	0	0	0
L1597098-R002	biblical_book	1Sam	1	18		4Q51	1606703	1c	2	1597098				books/DSS-1-Samuel.txt	46315	1743	1996887-1996888	2	1	01aece9f79dc7f90a8173dabcbc4cb0d9c7bff84529bc1f282e69314c770bfc6	linguistics/books/DSS-1-Samuel-Linguistics.txt	66228	1166	aec01764cc73356839155e1ecd4c1f854ddb0f041854b8cbaacf769d0c443b74	PARTLY_RECONSTRUCTED	5	5	2	0	3	2	0	0	0	0	0	0	0
L1597099-R001	biblical_book	1Sam	1	18		4Q51	1606703	1c	3	1597099				books/DSS-1-Samuel.txt	48058	4682	1996889-1996906	18	1	1f583f707d5efdf5c37345baef67845cb1579279c6999155d85f86840dc26232	linguistics/books/DSS-1-Samuel-Linguistics.txt	67394	7598	ae5883842e9a5a935f46d2664d2a6df6f80f812819481db586ebb2ae66d4b35f	PARTLY_RECONSTRUCTED	52	46	45	1	0	49	1	0	1	0	0	0	0
L1597100-R001	biblical_book	1Sam	1	22		4Q51	1606703	2a_d	1	1597100				books/DSS-1-Samuel.txt	52740	3527	1996907-1996918	12	1	2859e190dda3c89391cb64e31ef55f6825b9f1f8eda20738a971c3e1f872453e	linguistics/books/DSS-1-Samuel-Linguistics.txt	74992	5160	c148d4885dce8784a187e8ee4e2a18794c2336324f85ffd48fd430dcca412320	PARTLY_RECONSTRUCTED	34	30	18	0	12	21	0	1	1	0	0	0	0
L1597101-R001	biblical_book	1Sam	1	22		4Q51	1606703	2a_d	2	1597101				books/DSS-1-Samuel.txt	56267	3747	1996919-1996932	14	1	c4cf10321eecd73b83b7cace5cf5df519e6d286eb6ec49dcac591a7f9170cb85	linguistics/books/DSS-1-Samuel-Linguistics.txt	80152	5999	c804740e48ce0501f76f9ec9197c318550319110c0cf02f1aa0af87e17db5701	PARTLY_RECONSTRUCTED	40	39	23	1	15	24	1	0	0	0	0	0	0
L1597102-R001	biblical_book	1Sam	1	22		4Q51	1606703	2a_d	3	1597102				books/DSS-1-Samuel.txt	60014	3624	1996933-1996945	13	1	3f15dde8969be6c0a078f0c15fe63ec0ae832afdb8e14476dd9d3abdf7625657	linguistics/books/DSS-1-Samuel-Linguistics.txt	86151	5667	286f4d93675c3813376ed1eab698174cde51d3273ad2ba5cf350b0a287b0d5e6	PARTLY_RECONSTRUCTED	40	39	19	1	19	19	1	0	0	0	0	0	0
L1597103-R001	biblical_book	1Sam	1	22		4Q51	1606703	2a_d	4	1597103				books/DSS-1-Samuel.txt	63638	1572	1996946-1996947	2	0	48d58efeeae6a890eff60d0716cb28937dd210cf66f724df00753268fbad5ef1	linguistics/books/DSS-1-Samuel-Linguistics.txt	91818	1145	cff879ba0582fe0a095494d066667fc3a2476cb707f50bc851a3cb5bfeed742e	ALL_LETTER_SLOTS_RECONSTRUCTED	7	4	4	0	0	7	0	0	1	0	0	0	0
L1597103-R002	biblical_book	1Sam	1	23		4Q51	1606703	2a_d	4	1597103				books/DSS-1-Samuel.txt	65210	3552	1996948-1996959	12	1	d9b14df408005a09f8fae874b690d3a687c5012a654d9a2419df37dece772bf5	linguistics/books/DSS-1-Samuel-Linguistics.txt	92963	5244	b1424dfe0924ba24bbce264dc4439300019de3015fe7a4ec98e56480b103f1a1	PARTLY_RECONSTRUCTED	37	34	16	0	18	18	0	0	0	0	0	0	0
L1597104-R001	biblical_book	1Sam	1	23		4Q51	1606703	2a_d	5	1597104				books/DSS-1-Samuel.txt	68762	3855	1996960-1996972	13	1	6cd39a5449a4c88574fb73fb457cbfb9837cfc37ff054e928ab69e2922d3faee	linguistics/books/DSS-1-Samuel-Linguistics.txt	98207	5571	809d271648f2ce965b53e1a068c1f94506aec58c5ad9fb060578262082d37975	PARTLY_RECONSTRUCTED	37	34	16	3	15	18	3	0	0	0	0	0	0
L1597105-R001	biblical_book	1Sam	1	23		4Q51	1606703	2a_d	6	1597105				books/DSS-1-Samuel.txt	72617	2836	1996973-1996980	8	0	8419658bc7e5d8b2bc0cc5e1a401d2344a39cda198ffef99d306ad1a0dc07b30	linguistics/books/DSS-1-Samuel-Linguistics.txt	103778	3571	0f7f71e63d371f1e59b40775a5701cd95c877ad18c5291fc5822856291e1a7b6	PARTLY_RECONSTRUCTED	25	20	17	2	1	19	2	0	1	0	0	0	0
L1597105-R002	biblical_book	1Sam	1	24		4Q51	1606703	2a_d	6	1597105				books/DSS-1-Samuel.txt	75453	2530	1996981-1996986	6	1	9650da01d8e21887819638897e0386dc5042f37a2aa2ff3b5ad87a04845329f4	linguistics/books/DSS-1-Samuel-Linguistics.txt	107349	2806	94d276e79f57a569fa57bb415a2c1abc765a6a7fdbccdadf4e236fab817b5a22	NO_LETTER_RECONSTRUCTION_MARKED	17	16	0	2	14	0	2	0	0	0	0	0	0
L1597106-R001	biblical_book	1Sam	1	24		4Q51	1606703	2a_d	7	1597106				books/DSS-1-Samuel.txt	77983	3563	1996987-1997000	14	1	2eaf6c2973d6f8d114f808b32ac2796e57c9070a87df3ddb2436758c8614a498	linguistics/books/DSS-1-Samuel-Linguistics.txt	110155	6025	784cfa933978dedff919442fb655224776d75b2d108c1406eb36a0d6929520ab	PARTLY_RECONSTRUCTED	39	34	23	0	11	23	4	0	1	0	0	4	0
L1597107-R001	biblical_book	1Sam	1	24		4Q51	1606703	2a_d	8	1597107				books/DSS-1-Samuel.txt	81546	3910	1997001-1997015	15	1	2e2deef704e890cb9850bb04a045e67672af2d70d5beb72287aa7734d0620d61	linguistics/books/DSS-1-Samuel-Linguistics.txt	116180	6492	c3bebbe33ff8cc3a2152c9f0ba17d4c73ce7f2ec9f3e08d2799263073541bdfe	PARTLY_RECONSTRUCTED	42	41	27	2	12	28	2	0	0	0	0	0	0
L1597108-R001	biblical_book	1Sam	1	24		4Q51	1606703	2a_d	9	1597108				books/DSS-1-Samuel.txt	85456	4003	1997016-1997029	14	1	230e1fe7908c99949e804a36ab613668cfc87acfc6b59e38e93b5affaeb26b3b	linguistics/books/DSS-1-Samuel-Linguistics.txt	122672	5992	d90967e48d2b74649be3bdcb5db162ccb10cabc36f86590eb0ea74bf0a206101	PARTLY_RECONSTRUCTED	42	39	32	2	5	35	2	0	0	0	0	0	0
L1597109-R001	biblical_book	1Sam	1	24		4Q51	1606703	2a_d	10	1597109				books/DSS-1-Samuel.txt	89459	2333	1997030-1997036	7	0	0e47a18d2851548bf83b820742ad1deae41a6ada8f43438e4b06965f94056c92	linguistics/books/DSS-1-Samuel-Linguistics.txt	128664	3161	cce2fe4aba00c8d2e511ad456a891e29630195b601d86e975bd12077232bbb7a	ALL_LETTER_SLOTS_RECONSTRUCTED	22	19	19	0	0	22	0	0	1	0	0	0	0
L1597109-R002	biblical_book	1Sam	1	25		4Q51	1606703	2a_d	10	1597109				books/DSS-1-Samuel.txt	91792	2138	1997037-1997038	2	2	ddd27f2b01c9ade01f3d4aa36826771e9190f7e133c4a431bc7af9fdd73d129b	linguistics/books/DSS-1-Samuel-Linguistics.txt	131825	1175	3f78ca5705bccd61eab12b5f1d4228554cb56444ec931b3553285e9dd4d3bbc4	PARTLY_RECONSTRUCTED	5	5	2	0	3	2	0	0	0	0	0	0	0
L1597110-R001	biblical_book	1Sam	1	25		4Q51	1606703	2a_d	11	1597110				books/DSS-1-Samuel.txt	93930	2868	1997039-1997050	12	0	74cc59fb05aca7a42e7f56450d2733d86497d540c865f28b22389faa436a9738	linguistics/books/DSS-1-Samuel-Linguistics.txt	133000	5054	84c91e482ad90b23848a5ed411526f3bcb050e3d9eeca08bf226381a2ff0b613	ALL_LETTER_SLOTS_RECONSTRUCTED	26	24	24	0	0	26	0	0	1	0	0	0	0
L1597110-R002	biblical_book	1Sam	1	26		4Q51	1606703	2a_d	11	1597110				books/DSS-1-Samuel.txt	96798	2316	1997051-1997054	4	1	daca80ed440654c87396c2551f27c65c1169b9e6f722260ec3ffefa84e933dc2	linguistics/books/DSS-1-Samuel-Linguistics.txt	138054	2017	007e6c6498a1a5b333c40cebeff9ae85ab7be27e38babb9a03e731d9a6e5b8a2	PARTLY_RECONSTRUCTED	13	11	6	2	3	6	2	0	0	0	0	0	0
L1597111-R001	biblical_book	1Sam	1	26		4Q51	1606703	2a_d	12	1597111				books/DSS-1-Samuel.txt	99114	4006	1997055-1997069	15	1	82ecec4a40591fe71360b82922abe09cef1a398ead95a8a3eaf05ec00b950823	linguistics/books/DSS-1-Samuel-Linguistics.txt	140071	6330	935003567f15eb7bf9ba838386828fd6a0cbf7d9f24c823e564a585e985a5c27	PARTLY_RECONSTRUCTED	41	37	33	1	3	35	1	0	1	0	0	0	0
L1597112-R001	biblical_book	1Sam	1	27		4Q51	1606703	2a_d	13	1597112				books/DSS-1-Samuel.txt	103120	3648	1997070-1997082	13	1	2f07c2ff1f297f8e969c5e6e3a0041ad082e45f30497e15a991c6d2c2858056e	linguistics/books/DSS-1-Samuel-Linguistics.txt	146401	5590	576ad0ce57956af423009d935f05b8f9a678ca18a3b2d3947a6a7296874f2005	ALL_LETTER_SLOTS_RECONSTRUCTED	38	36	36	0	0	38	0	0	0	0	0	0	0
L1597113-R001	biblical_book	1Sam	1	27		4Q51	1606703	2a_d	14	1597113				books/DSS-1-Samuel.txt	106768	1866	1997083-1997086	4	0	6b4333766bbf99613504d78af0ecc16cd94dd11fcff07477417bc43e3a90314b	linguistics/books/DSS-1-Samuel-Linguistics.txt	151991	1937	ba4eda5fc4cda9de8c1544960b012a0a5fc2f0d3cde51b6b626a7ae186f84343	ALL_LETTER_SLOTS_RECONSTRUCTED	12	9	9	0	0	12	0	0	1	0	0	0	0
L1597113-R002	biblical_book	1Sam	1	28		4Q51	1606703	2a_d	14	1597113				books/DSS-1-Samuel.txt	108634	3080	1997087-1997095	9	1	231d5ada5451b38be6cf0fb7e5746ad60a0e8c73dd83af2d34abaccd2d37a1df	linguistics/books/DSS-1-Samuel-Linguistics.txt	153928	4045	fc486db95b0307f19a9bc7b34e3da16f7b56908d11b6cb27fea33186fc8f034d	PARTLY_RECONSTRUCTED	29	28	19	0	9	20	0	0	0	0	0	0	0
L1597114-R001	biblical_book	1Sam	1	28		4Q51	1606703	2a_d	15	1597114				books/DSS-1-Samuel.txt	111714	3759	1997096-1997106	11	2	8a33c72f37c4f77ca82be9a7fe2da43c46f51032e45b9cf127ffe5bf73dbd64f	linguistics/books/DSS-1-Samuel-Linguistics.txt	157973	4808	099c94849ea8d3db390cfca0dd760030b83e7cbfb4412812a32bcf95d761c112	PARTLY_RECONSTRUCTED	33	32	23	2	7	23	2	0	0	0	0	0	0
L1597115-R001	biblical_book	1Sam	1	28		4Q51	1606703	2a_d	16	1597115				books/DSS-1-Samuel.txt	115473	1568	1997107-1997109	3	0	53c197ff685ad34d970b12a8ae0779242f27d3608022e0ffdd03fbe79b566889	linguistics/books/DSS-1-Samuel-Linguistics.txt	162781	1513	6a3d9d6bd7b5f2fcbc5e255d671dfe6e7166201fb4a44463f5eec3e678fa5c65	ALL_LETTER_SLOTS_RECONSTRUCTED	7	5	5	0	0	7	0	0	1	0	0	0	0
L1597115-R002	biblical_book	1Sam	2	1		4Q51	1606703	2a_d	16	1597115				books/DSS-1-Samuel.txt	117041	2350	1997110-1997111	2	3	ac0b9421ccccd0e23e3ca2d4810f8a11afd76a0ba2c4d581bc10d743688d5c7f	linguistics/books/DSS-1-Samuel-Linguistics.txt	164294	1163	79eb7f162d92674164c5480122babbc74aea8762f5ec8c607a52a23c0d338780	ALL_LETTER_SLOTS_RECONSTRUCTED	5	5	5	0	0	5	0	0	0	0	0	0	0
L1597116-R001	biblical_book	1Sam	2	1		4Q51	1606703	2a_d	17	1597116				books/DSS-1-Samuel.txt	119391	3625	1997112-1997120	9	2	d0c1595829073ed8745e443dec8421cc1de8bdc3f9bfb28c449133ea47ef406b	linguistics/books/DSS-1-Samuel-Linguistics.txt	165457	4009	53d5d5bab3a415ce882541fa9a02588d5a7778c999ce1aa2a67832ac65d3b784	PARTLY_RECONSTRUCTED	28	26	16	1	9	17	1	0	0	0	0	0	0
L1597117-R001	biblical_book	1Sam	2	1		4Q51	1606703	2a_d	18	1597117				books/DSS-1-Samuel.txt	123016	2615	1997121-1997127	7	0	e9bbd984f903e5ea9f2aefa1ce185c34b573865d52fd370830f436c39159af08	linguistics/books/DSS-1-Samuel-Linguistics.txt	169466	3252	ebbf69377105da0c3975172a120eea46ef99720d7d46d935a538655fc56cd6e7	ALL_LETTER_SLOTS_RECONSTRUCTED	26	21	21	0	0	26	0	0	1	0	0	0	0
L1597117-R002	biblical_book	1Sam	2	2		4Q51	1606703	2a_d	18	1597117				books/DSS-1-Samuel.txt	125631	2518	1997128-1997132	5	1	958381f924cd2560f73eedd27f18d5f9f6cb23aef17f515140751286704ab799	linguistics/books/DSS-1-Samuel-Linguistics.txt	172718	2462	d43340674141b8b38cc240925cbfe928210c07e9971c50fd59bf4e4947f553f2	PARTLY_RECONSTRUCTED	15	15	3	3	9	3	3	0	0	0	0	0	0
L1597118-R001	biblical_book	1Sam	2	2		4Q51	1606703	2a_d	19	1597118				books/DSS-1-Samuel.txt	128149	3887	1997133-1997146	14	1	15cf7e7c6da9d68be3282d1dd4f4c75bf03ef8783b1c4d0affec6596004f9cfb	linguistics/books/DSS-1-Samuel-Linguistics.txt	175180	6160	632adad0a1ce8b39e1cd5d3544042576c353400fef4e968fd121e9f8fc23cc05	PARTLY_RECONSTRUCTED	44	39	23	0	16	24	0	0	1	0	0	0	0
L1597119-R001	biblical_book	1Sam	2	3		4Q51	1606703	2a_d	20	1597119				books/DSS-1-Samuel.txt	132036	3545	1997147-1997158	12	1	a33a2a5ff434f097a22c4c869dc8f84c530d38a3fda5a9e8dfc7c06d708580fc	linguistics/books/DSS-1-Samuel-Linguistics.txt	181340	5290	e62f6ffa3a5d4d2137f89bb2f61636c10343417a09663317a118402028c3637f	PARTLY_RECONSTRUCTED	36	35	21	3	11	21	3	0	0	0	0	0	0
L1597120-R001	biblical_book	1Sam	2	3		4Q51	1606703	2a_d	21	1597120				books/DSS-1-Samuel.txt	135581	2206	1997159-1997164	6	0	3c9a03b127f24b56c6e46de3d39e556ffd6a324fe9acc94ddaae562b4ec6799c	linguistics/books/DSS-1-Samuel-Linguistics.txt	186630	2798	e3a6bf5d493e0c02132448f34e4ffad91cc0a66ca9c6a1136b1db92ef7089313	ALL_LETTER_SLOTS_RECONSTRUCTED	21	18	18	0	0	21	0	0	1	0	0	0	0
L1597120-R002	biblical_book	1Sam	2	4		4Q51	1606703	2a_d	21	1597120				books/DSS-1-Samuel.txt	137787	2677	1997165-1997170	6	1	4549c5c961211b6caf06796fe8a122a3ca609c1c9583cf9e0c5ca2322b6c29f3	linguistics/books/DSS-1-Samuel-Linguistics.txt	189428	2916	145336d314739e486f23463b766302795a76b8efc158a04688c511d241b1e632	PARTLY_RECONSTRUCTED	23	23	11	2	10	11	2	0	0	0	0	0	0
L1597121-R001	biblical_book	1Sam	2	4		4Q51	1606703	2a_d	22	1597121				books/DSS-1-Samuel.txt	140464	1431	1997171-1997172	2	0	1c9b00e2876f18bbacd8a99562d57fa25221a40ecc87a210a2cf15e5e0de8f76	linguistics/books/DSS-1-Samuel-Linguistics.txt	192344	1145	72151e69a51268519d6c188763d5d20f0b0555a4927f947048027bdcbfb49564	ALL_LETTER_SLOTS_RECONSTRUCTED	5	3	3	0	0	5	0	0	1	0	0	0	0
L1597121-R002	biblical_book	1Sam	2	5		4Q51	1606703	2a_d	22	1597121				books/DSS-1-Samuel.txt	141895	3353	1997173-1997182	10	1	98868419c85e8db7ccf9681cdd5fd5034bf53db5e3285ed35504fcf081764f5a	linguistics/books/DSS-1-Samuel-Linguistics.txt	193489	4520	d9ec70e79b4a8ab5c305f90b008007b1f617384af2af6b27b1dc72aa20c51a2b	PARTLY_RECONSTRUCTED	34	34	26	4	4	26	4	0	0	0	0	0	0
L1597122-R001	biblical_book	1Sam	2	5		4Q51	1606703	2a_d	23	1597122				books/DSS-1-Samuel.txt	145248	2065	1997183-1997188	6	0	5bb89dd301d146e972b7039e4d11330bfe747c74f1128a9833d78a1635f06917	linguistics/books/DSS-1-Samuel-Linguistics.txt	198009	2774	7e5ad29f57cb88b81e32d5b71e22977daf22db61b3cf52f7a77c67efc2d3ac63	ALL_LETTER_SLOTS_RECONSTRUCTED	19	17	17	0	0	19	0	0	1	0	0	0	0
L1597122-R002	biblical_book	1Sam	2	6		4Q51	1606703	2a_d	23	1597122				books/DSS-1-Samuel.txt	147313	2475	1997189-1997193	5	1	5a46f5aaa862ede60c35c98c955db64e7c815d072f7779676224a61150e15474	linguistics/books/DSS-1-Samuel-Linguistics.txt	200783	2414	b22d9d8db18fc63297fe5f246e8227f8100f250c9678ac452aeadb3c9689ca67	PARTLY_RECONSTRUCTED	18	18	11	3	4	11	3	0	0	0	0	0	0
L1597123-R001	biblical_book	1Sam	2	6		4Q51	1606703	2a_d	24	1597123				books/DSS-1-Samuel.txt	149788	1723	1997194-1997197	4	0	152b6524b23ca9ccfc3c8325f1b1bc91e37cf23bf3c9599fff5e9d01fc65ab2e	linguistics/books/DSS-1-Samuel-Linguistics.txt	203197	1946	49d298284961195f6b5b3fc36bb756e8557c57b7fd616f7764bdf1f56e5ec92c	ALL_LETTER_SLOTS_RECONSTRUCTED	10	8	8	0	0	10	0	0	1	0	0	0	0
L1597123-R002	biblical_book	1Sam	2	7		4Q51	1606703	2a_d	24	1597123				books/DSS-1-Samuel.txt	151511	2784	1997198-1997205	8	1	35d35f63a54415d6ba1cbd60e05c46ab784c6c06243c8214e0caaf1db69da7f7	linguistics/books/DSS-1-Samuel-Linguistics.txt	205143	3592	705e5d405d7ad5401d78a2c46755d0ee2b8655ecb7d70593afb09537d0be4bb8	PARTLY_RECONSTRUCTED	29	27	25	1	1	25	1	0	1	0	0	0	0
L1597124-R001	biblical_book	1Sam	2	8		4Q51	1606703	2a_d	25	1597124				books/DSS-1-Samuel.txt	154295	3237	1997206-1997217	12	1	8f1aecf6117d1193d742ff91aa2f89260aaf2ac414297f2176fbf8abd47a5103	linguistics/books/DSS-1-Samuel-Linguistics.txt	208735	5239	175eea53e25fce3e2baf640edf2013f513fb9c3b9c99c3e7c53c6dd4789c71a9	ALL_LETTER_SLOTS_RECONSTRUCTED	34	34	34	0	0	34	0	0	0	0	0	0	0
L1597125-R001	biblical_book	1Sam	2	8		4Q51	1606703	2a_d	26	1597125				books/DSS-1-Samuel.txt	157532	3584	1997218-1997229	12	1	9242c658ed595e726f0e89a667503db77d303c501e4599a8d027c23fea409091	linguistics/books/DSS-1-Samuel-Linguistics.txt	213974	5336	3647c50a7b31d943d1308884610ac835381fdb957c0a8718be457eb3b44a9823	PARTLY_RECONSTRUCTED	39	38	34	1	3	35	1	0	0	0	0	0	0
L1597126-R001	biblical_book	1Sam	2	8		4Q51	1606703	2a_d	27	1597126				books/DSS-1-Samuel.txt	161116	1779	1997230-1997232	3	0	5df032b6cb71a2ade2db1b1c720f2cea6287c43a1a46788a64de2838d7be3498	linguistics/books/DSS-1-Samuel-Linguistics.txt	219310	1586	63163695e7aa6dfbf2d5b27ea06281319966f9c5d1d5c783f97eba230f2c9621	PARTLY_RECONSTRUCTED	11	8	1	2	5	3	2	0	1	0	0	0	0
L1597126-R002	biblical_book	1Sam	2	9		4Q51	1606703	2a_d	27	1597126				books/DSS-1-Samuel.txt	162895	2976	1997233-1997241	9	1	17b377ffde37ca14e923f48d6f7d8544ca7cd602ea069220eb87b617b28411d4	linguistics/books/DSS-1-Samuel-Linguistics.txt	220896	4095	4158f5f81cab33635eefbfcb437c6b93eda5fd4408d079e65080d1b030b7099b	PARTLY_RECONSTRUCTED	30	29	24	0	5	25	0	0	0	0	0	0	0
L1597127-R001	biblical_book	1Sam	2	9		4Q51	1606703	2a_d	28	1597127				books/DSS-1-Samuel.txt	165871	3915	1997242-1997256	15	1	0f24c30de40d04dd74a20ec93e43f53a5cd6c8514995fdc23a45b88ef591aca3	linguistics/books/DSS-1-Samuel-Linguistics.txt	224991	6389	3524b7398cb284c485fb28f462f223029e6a0646e81964269c719ab787ccb31f	PARTLY_RECONSTRUCTED	41	39	26	3	10	26	3	0	1	0	0	0	0
L1597128-R001	biblical_book	1Sam	2	10		4Q51	1606703	2a_d	29	1597128				books/DSS-1-Samuel.txt	169786	3088	1997257-1997264	8	1	bdee29bf6c9a644cb2646b0be3fe0db3f882263909790185b152cc6aa25d6dfa	linguistics/books/DSS-1-Samuel-Linguistics.txt	231380	3627	453470d012e3b248d45180070558950e8ba231930bb09c64dabb7f744ab5a1d9	PARTLY_RECONSTRUCTED	26	23	9	2	12	11	2	1	1	0	0	0	0
L1597129-R001	biblical_book	1Sam	2	10		4Q51	1606703	2a_d	30	1597129				books/DSS-1-Samuel.txt	172874	2759	1997265-1997271	7	1	777ab694007d2a080e96e15b8b6246cb624d54a97ba545488a42fd1c94909e1c	linguistics/books/DSS-1-Samuel-Linguistics.txt	235007	3147	c6f483201580e1e481593e858ac2835fc03450f525492f8d9114f4ab0aba9b5f	PARTLY_RECONSTRUCTED	22	16	10	1	5	14	3	2	2	0	0	0	0
L1597130-R001	biblical_book	1Sam	2	10		4Q51	1606703	2a_d	31	1597130				books/DSS-1-Samuel.txt	175633	3973	1997272-1997284	13	1	239314a694b70b6b44efbcb2d19797f23428fc2c5b152bffa79823bf51f76ff8	linguistics/books/DSS-1-Samuel-Linguistics.txt	238154	5751	9765b9858364aa825a41d4868d9ed4453cfb7c9162b1a3dae53e3b8e296a9f59	PARTLY_RECONSTRUCTED	40	38	32	4	2	34	4	0	0	0	0	0	0
L1597131-R001	biblical_book	1Sam	2	10		4Q51	1606703	2a_d	32	1597131				books/DSS-1-Samuel.txt	179606	3515	1997285-1997297	13	1	a07c356cd0a55e85f4baf772ed34ce4427cac8bbaea835fed333b6160c17a010	linguistics/books/DSS-1-Samuel-Linguistics.txt	243905	5565	46a0bd0bfad0e7c8937005c47adfcb31db89ea5647fc2653db3b84a3dda80760	ALL_LETTER_SLOTS_RECONSTRUCTED	37	36	36	0	0	37	0	0	0	0	0	0	0
L1597132-R001	biblical_book	1Sam	2	10		4Q51	1606703	2a_d	33	1597132				books/DSS-1-Samuel.txt	183121	3649	1997298-1997311	14	1	10e480a7eb6077dc921d643e8a7ba39fd1ba0f42d60541fb51fcff1909ba4e8f	linguistics/books/DSS-1-Samuel-Linguistics.txt	249470	6069	7966f412f78000d36d8c9056fb666e6c468e272a966fe70dc1ec751bd38b043f	PARTLY_RECONSTRUCTED	35	35	32	2	1	32	2	0	0	0	0	0	0
L1597133-R001	biblical_book	1Sam	2	10		4Q51	1606703	2a_d	34	1597133				books/DSS-1-Samuel.txt	186770	3654	1997312-1997325	14	1	e980d9c70a9427e3544e96c202481bb704b2afa73b48c26c7cde51bfee63532d	linguistics/books/DSS-1-Samuel-Linguistics.txt	255539	6008	720872a0402947a11bf59e81bc51dfa6b301ae35d9e05dfb2505efe703bb2215	PARTLY_RECONSTRUCTED	40	39	34	0	5	35	0	0	0	0	0	0	0
L1597134-R001	biblical_book	1Sam	2	10		4Q51	1606703	2a_d	35	1597134				books/DSS-1-Samuel.txt	190424	2274	1997326-1997327	2	2	d060a41fd9ec46178816a50150dc2cc7e7a417a9117693b8a911a7ed3bc042ef	linguistics/books/DSS-1-Samuel-Linguistics.txt	261547	1193	6bf3d8fea62cd18e4c4c8b3d1f547b2c492cd93c8d8d5abbed6fc5a609674cc6	NO_LETTER_RECONSTRUCTION_MARKED	8	5	0	0	5	2	0	0	1	0	0	0	0
L1597136-R001	biblical_book	1Sam	2	11		4Q51	1606703	2a_d	37	1597136				books/DSS-1-Samuel.txt	192698	1920	1997328-1997330	3	1	3b73db40645ef62cb8ca48645bd873f5658ac4fc0d246df6ac27274f77c6f847	linguistics/books/DSS-1-Samuel-Linguistics.txt	262740	1475	434a59c06c722b7c664cd2c99adc5dec0f906031f9727d12199d5f26de8c0849	NO_LETTER_SLOTS	6	0	0	0	0	2	1	1	3	0	0	0	0
L1597137-R001	biblical_book	1Sam	2	16		4Q51	1606703	3a_e	1	1597137				books/DSS-1-Samuel.txt	194618	3929	1997331-1997347	17	1	a6503e12eed301aab7a1acae5c19ec8879172cd406d2fc16362766826cd323cd	linguistics/books/DSS-1-Samuel-Linguistics.txt	264215	7107	de35d0fab702ba3e8760decc4797810e6574759dba09b2ba5f644680d5789e1b	PARTLY_RECONSTRUCTED	39	39	4	4	31	4	4	0	0	0	0	0	0
L1597138-R001	biblical_book	1Sam	2	16		4Q51	1606703	3a_e	2	1597138				books/DSS-1-Samuel.txt	198547	4099	1997348-1997363	16	1	85a72b2b2fdf4ca1e488dd034f4dcb70d03e96d5d5c69f4cf2fb21821eda48bd	linguistics/books/DSS-1-Samuel-Linguistics.txt	271322	6760	62ff275bef3bf55b89e035ad90d90d755fa5a70d82e9323d6e90d0d1e4eff35e	PARTLY_RECONSTRUCTED	42	40	3	3	34	3	3	0	0	0	0	0	0
L1597139-R001	biblical_book	1Sam	2	16		4Q51	1606703	3a_e	3	1597139				books/DSS-1-Samuel.txt	202646	3820	1997364-1997379	16	1	f4775015ddbd4a7b20a41a3295ed45994c5dba500177a38aeae9031640764717	linguistics/books/DSS-1-Samuel-Linguistics.txt	278082	6740	5c4e89b30d62c6b688c3ccd572c92a728ca629ffd2b15a3d9c9728d1c1f7eaec	PARTLY_RECONSTRUCTED	40	39	9	0	30	10	0	0	0	0	0	0	0
L1597140-R001	biblical_book	1Sam	2	16		4Q51	1606703	3a_e	4	1597140				books/DSS-1-Samuel.txt	206466	3908	1997380-1997395	16	1	30438d6f1eeeaacaadf84fe6ecdf4ef1de6f56bf656e6c3d74aa998072dadde1	linguistics/books/DSS-1-Samuel-Linguistics.txt	284822	6751	d476484ad49b25cdfb26b5061a903c28ef8d33b18bb5096216137d1738511d82	PARTLY_RECONSTRUCTED	39	39	10	3	26	10	3	0	0	0	0	0	0
L1597141-R001	biblical_book	1Sam	2	16		4Q51	1606703	3a_e	5	1597141				books/DSS-1-Samuel.txt	210374	2956	1997396-1997407	12	0	4c446f0f4b513ac03b79f0f46d52ecc8219c1e17e20e0821511c06e25557a35b	linguistics/books/DSS-1-Samuel-Linguistics.txt	291573	5130	ae7b10b557f13d1149e11e85cb66d3bb71eb244e8d472c520bcf5964684afa3d	PARTLY_RECONSTRUCTED	27	25	11	2	12	11	2	0	1	0	0	0	0
L1597141-R002	biblical_book	1Sam	2	17		4Q51	1606703	3a_e	5	1597141				books/DSS-1-Samuel.txt	213330	2197	1997408-1997412	5	1	c1bd95e847ac0c8d03f0632fa159d056e2473533b62a3c969757100d61bb069f	linguistics/books/DSS-1-Samuel-Linguistics.txt	296703	2407	470cc9c0f560756574f5fd6cbb71a05c427fb091135c7775a3818818d2a05df1	PARTLY_RECONSTRUCTED	14	14	7	0	7	7	0	0	0	0	0	0	0
L1597142-R001	biblical_book	1Sam	2	17		4Q51	1606703	3a_e	6	1597142				books/DSS-1-Samuel.txt	215527	3713	1997413-1997423	11	2	e1ea44543185f8b662e6ddeb1a86aa5be3183c8c473ae114ea6e7c22645b7477	linguistics/books/DSS-1-Samuel-Linguistics.txt	299110	4890	b7d921771dff283b1afc05d9501ac3ca4ca435dc56257a63618ec04e8ca3e5f3	PARTLY_RECONSTRUCTED	33	31	5	3	23	5	3	0	1	0	0	0	0
L1597143-R001	biblical_book	1Sam	2	18		4Q51	1606703	3a_e	7	1597143				books/DSS-1-Samuel.txt	219240	2934	1997424-1997434	11	0	c871060caa6bd0ef184566e92b772d2917d73a3f55307c7c83ddcb6e671174ea	linguistics/books/DSS-1-Samuel-Linguistics.txt	304000	4878	a97305be3f8f471469df01574f1f96bc6c437a5bb6117b586920ebe4dba92cf6	PARTLY_RECONSTRUCTED	34	32	8	1	23	8	1	0	1	0	0	0	0
L1597143-R002	biblical_book	1Sam	2	19		4Q51	1606703	3a_e	7	1597143				books/DSS-1-Samuel.txt	222174	1876	1997435-1997437	3	1	a794683cf8b06335a253130fc7a9c28e2ba1766d96463d3a0dc9cb8fee9d3f04	linguistics/books/DSS-1-Samuel-Linguistics.txt	308878	1609	0615bddb44ff1fa76633f03ed1e219634976e6b76ffd3ab70e23a476ad1efdcc	ALL_LETTER_SLOTS_RECONSTRUCTED	8	8	8	0	0	8	0	0	0	0	0	0	0
L1597144-R001	biblical_book	1Sam	2	19		4Q51	1606703	3a_e	8	1597144				books/DSS-1-Samuel.txt	224050	4336	1997438-1997450	13	1	db71824d62bcc691e967a1f6f34aae3a60712ae331be0146df4cd1bc84bf3b97	linguistics/books/DSS-1-Samuel-Linguistics.txt	310487	5653	f3d181f23dd9ce21bc869ce491bdd22432f4204d5fd134af1bf5f2e3a3c47631	PARTLY_RECONSTRUCTED	45	39	17	5	17	21	5	0	0	0	0	0	0
L1597145-R001	biblical_book	1Sam	2	19		4Q51	1606703	3a_e	9	1597145				books/DSS-1-Samuel.txt	228386	2203	1997451-1997457	7	0	48e6ce402ff0d2bf907e127ac299dbcf2f19349c7726fcaac01808e90f9e9527	linguistics/books/DSS-1-Samuel-Linguistics.txt	316140	3118	02a8e89425856ddfc9393a1ee87aa0ae88869c3c4ad77a2e0b945d44543776b5	PARTLY_RECONSTRUCTED	17	15	5	0	10	5	0	0	1	0	0	0	0
L1597145-R002	biblical_book	1Sam	2	20		4Q51	1606703	3a_e	9	1597145				books/DSS-1-Samuel.txt	230589	2821	1997458-1997465	8	1	d3ed9c554ed6fb1dfa159c1eea8858db78e2fa5f685dc998210526f4fcf0ba66	linguistics/books/DSS-1-Samuel-Linguistics.txt	319258	3670	4c1ca787dda3ae2ea5eb89ccdd3f7db6f5d768b95c86ff0d8c7b708d7ffb8d85	PARTLY_RECONSTRUCTED	22	21	12	0	9	13	0	0	0	0	0	0	0
L1597146-R001	biblical_book	1Sam	2	20		4Q51	1606703	3a_e	10	1597146				books/DSS-1-Samuel.txt	233410	3832	1997466-1997479	14	1	54579ba5f67830bc0af5c9493de34a2ea7a765826323f01aa91e596d18d800de	linguistics/books/DSS-1-Samuel-Linguistics.txt	322928	5994	aae713f1f81b0284bd3b02e181684f8ba42e89a6e8f736ec5bf6cfac9632d0a5	PARTLY_RECONSTRUCTED	36	35	9	4	22	9	4	0	0	0	0	0	0
L1597147-R001	biblical_book	1Sam	2	20		4Q51	1606703	3a_e	11	1597147				books/DSS-1-Samuel.txt	237242	3111	1997480-1997490	11	0	d091d4201f0526b295ffcac39b5621582ec4f5dc8248a130e44f222d7b1fe97c	linguistics/books/DSS-1-Samuel-Linguistics.txt	328922	4740	8c8957a86058f080085f9ca75bed65288cfa8ad56a6fd8410a0c8c255c143a2f	PARTLY_RECONSTRUCTED	31	28	3	3	22	3	3	0	1	0	0	0	0
L1597147-R002	biblical_book	1Sam	2	21		4Q51	1606703	3a_e	11	1597147				books/DSS-1-Samuel.txt	240353	2063	1997491-1997494	4	1	f7561b3607eac05beeb37a7b1ae9677ee10b5657c64ab00a62b8bc4c60c45055	linguistics/books/DSS-1-Samuel-Linguistics.txt	333662	1972	82f3b8889f9657376df93c1a04db04289b10315a262f8461149da0a52e135d14	PARTLY_RECONSTRUCTED	11	11	4	0	7	4	0	0	0	0	0	0	0
L1597148-R001	biblical_book	1Sam	2	21		4Q51	1606703	3a_e	12	1597148				books/DSS-1-Samuel.txt	242416	3770	1997495-1997507	13	1	a1387da826dc9f397f3f5448ad129cf96611331fb351603446db09239b31b620	linguistics/books/DSS-1-Samuel-Linguistics.txt	335634	5754	8d52c144a9444467096bbd151dbdab4329e401a102a0e9664e7a6669d7962459	PARTLY_RECONSTRUCTED	39	39	6	5	28	6	5	0	0	0	0	0	0
L1597149-R001	biblical_book	1Sam	2	21		4Q51	1606703	3a_e	13	1597149				books/DSS-1-Samuel.txt	246186	1743	1997508-1997511	4	0	ab3b334e56dbe84e71365a61b43f07590e0dedbec814875b26b846b46d67ab9a	linguistics/books/DSS-1-Samuel-Linguistics.txt	341388	1941	244900333248f1fb0644b1e484d3ce28bf4b37facf3a6ed93a2ed4bbd36d75a0	PARTLY_RECONSTRUCTED	10	8	3	0	5	5	0	0	1	0	0	0	0
L1597149-R002	biblical_book	1Sam	2	22		4Q51	1606703	3a_e	13	1597149				books/DSS-1-Samuel.txt	247929	3031	1997512-1997521	10	1	6acd3287a35f8a27ec1d0be09fa91f240856d96d1d1b1e9c0240942bdf970cf2	linguistics/books/DSS-1-Samuel-Linguistics.txt	343329	4543	30cb92ca1fac7df8b81a58c11f83d897eea5998a3dd97643db3dae6d8856e198	PARTLY_RECONSTRUCTED	30	30	10	1	19	10	1	0	0	0	0	0	0
L1597150-R001	biblical_book	1Sam	2	22		4Q51	1606703	3a_e	14	1597150				books/DSS-1-Samuel.txt	250960	3056	1997522-1997531	10	0	6c84b84e94ed74e29e3ea4d5c825b4b9a8d1d0b71e698f5a270f2b4666d5c420	linguistics/books/DSS-1-Samuel-Linguistics.txt	347872	4459	f722e4e033c0952220c685b8d7395f793e90bbf08d9684470d4bf24727c648e7	PARTLY_RECONSTRUCTED	31	28	4	5	19	4	5	0	1	0	0	0	0
L1597150-R002	biblical_book	1Sam	2	23		4Q51	1606703	3a_e	14	1597150				books/DSS-1-Samuel.txt	254016	2171	1997532-1997535	4	1	bb63ba49ded55a6c2b34458615587ced0cc1a5dcde089f1a59ad6f4fa792bd09	linguistics/books/DSS-1-Samuel-Linguistics.txt	352331	1998	eba8b8dee05148d5a572f9307ebcb80a01bbdccb3e66956660182405bebf3c75	PARTLY_RECONSTRUCTED	12	11	10	1	0	11	1	0	0	0	0	0	0
L1597151-R001	biblical_book	1Sam	2	23		4Q51	1606703	3a_e	15	1597151				books/DSS-1-Samuel.txt	256187	4201	1997536-1997547	12	1	ef1c672d1eb187a54acb29c91a01a70d7d9f4a7bd5050bf9521a1d2e16dc9803	linguistics/books/DSS-1-Samuel-Linguistics.txt	354329	5379	09485377f3fe6383a4d497fdbe7fc8db5d2a62bd13f5c24a4c57ea8aa8ae6577	PARTLY_RECONSTRUCTED	39	37	21	8	8	22	8	0	0	0	0	0	0
L1597152-R001	biblical_book	1Sam	2	23		4Q51	1606703	3a_e	16	1597152				books/DSS-1-Samuel.txt	260388	1588	1997548-1997550	3	0	f7bdf8456a508e69dbb0f8815a552bab9c387c1634172c12ca08268f4ba9fcef	linguistics/books/DSS-1-Samuel-Linguistics.txt	359708	1529	66fea5f7e9b1d86209c17049c1d46f883682cfb11b88bc8a7402c053cae87ce6	ALL_LETTER_SLOTS_RECONSTRUCTED	8	6	6	0	0	8	0	0	1	0	0	0	0
L1597152-R002	biblical_book	1Sam	2	24		4Q51	1606703	3a_e	16	1597152				books/DSS-1-Samuel.txt	261976	3670	1997551-1997561	11	1	5dd251a661bfeafb2108e88c3f1c3ebaff45713462e76856dbf4218308d34b94	linguistics/books/DSS-1-Samuel-Linguistics.txt	361237	4941	71319e842a7cf77d7d64412fffbdd8ea35174fe49b451381801901a82898a642	PARTLY_RECONSTRUCTED	34	33	19	4	10	20	4	0	0	0	0	0	0
L1597153-R001	biblical_book	1Sam	2	24		4Q51	1606703	3a_e	17	1597153				books/DSS-1-Samuel.txt	265646	3688	1997562-1997572	11	1	6d1f9774933524cf63b73a152833f5b710a3d272a1d4e272a48cddb46e4d01bc	linguistics/books/DSS-1-Samuel-Linguistics.txt	366178	4994	09c82c925aadf2220dbbd2b15f18e9edcf79691df30daedd75d9811398af316d	PARTLY_RECONSTRUCTED	41	40	22	4	14	23	4	0	0	0	0	0	0
L1597154-R001	biblical_book	1Sam	2	24		4Q51	1606703	3a_e	18	1597154				books/DSS-1-Samuel.txt	269334	1588	1997573-1997575	3	0	d25706e75bfff36e2288507a038f04340125ec114f85443a88b14b2ebfdb559e	linguistics/books/DSS-1-Samuel-Linguistics.txt	371172	1530	036231f51fbc18ba7559272e53eb37d6e97e9552e5851188a9860db8556de817	ALL_LETTER_SLOTS_RECONSTRUCTED	8	6	6	0	0	8	0	0	1	0	0	0	0
L1597154-R002	biblical_book	1Sam	2	25		4Q51	1606703	3a_e	18	1597154				books/DSS-1-Samuel.txt	270922	3670	1997576-1997588	13	1	632a47bb7d9ba679def5c99d41cea63f478b89923807e6c617409052a519e282	linguistics/books/DSS-1-Samuel-Linguistics.txt	372702	5525	199d3aa00ee02f3e5ef71a0dbfdad8f6951889337499db11b33973066cbb2d1d	PARTLY_RECONSTRUCTED	35	33	21	2	10	22	2	0	0	0	0	0	0
L1597155-R001	biblical_book	1Sam	2	25		4Q51	1606703	3a_e	19	1597155				books/DSS-1-Samuel.txt	274592	3729	1997589-1997602	14	1	bab9770bae4768cfbd91b3863d1931c2ba29973665adb1ff4ace8cd10743f4f4	linguistics/books/DSS-1-Samuel-Linguistics.txt	378227	5964	97e3914cdf363487fd121baa517691d7fdfe267b5ea4dda428f6060753476164	PARTLY_RECONSTRUCTED	41	40	33	1	6	34	1	0	0	0	0	0	0
L1597156-R001	biblical_book	1Sam	2	25		4Q51	1606703	3a_e	20	1597156				books/DSS-1-Samuel.txt	278321	2691	1997603-1997607	5	2	f768b1a1be140ed4ac39c8fd5403e02389611d2438a8ea3e967b5e96db89e88f	linguistics/books/DSS-1-Samuel-Linguistics.txt	384191	2357	9232b57f21078b611f94c6237461f022d0d97740ae4c919a8451533734f7583e	ALL_LETTER_SLOTS_RECONSTRUCTED	17	14	14	0	0	17	0	0	1	0	0	0	0
L1597157-R001	biblical_book	1Sam	2	26		4Q51	1606703	3a_e	21	1597157				books/DSS-1-Samuel.txt	281012	3857	1997608-1997622	15	1	8c97b2159e788627415696a3724214f9f8e6ba668599c7885d7aa167936288dd	linguistics/books/DSS-1-Samuel-Linguistics.txt	386548	6377	41ae3a8016ed3f2a823561ee38da3c78e2a51a6b5ff3f8f8173f7aa953309dc5	PARTLY_RECONSTRUCTED	35	35	27	5	3	27	5	0	0	0	0	0	0
L1597158-R001	biblical_book	1Sam	2	26		4Q51	1606703	3a_e	22	1597158				books/DSS-1-Samuel.txt	284869	1453	1997623-1997624	2	0	8b6b7d0e0e8461511ff0110b7d8a18951ff764e48923308df33a1c82fc400dd2	linguistics/books/DSS-1-Samuel-Linguistics.txt	392925	1159	e825eef5bcb21d08b57e6f3b667a6009282f477978644b353be677097dec6da8	ALL_LETTER_SLOTS_RECONSTRUCTED	7	5	5	0	0	7	0	0	1	0	0	0	0
L1597158-R002	biblical_book	1Sam	2	27		4Q51	1606703	3a_e	22	1597158				books/DSS-1-Samuel.txt	286322	3154	1997625-1997635	11	1	4f59efc5301f035b9b67553affe06de4cdb880b24c6ad19746b79a9a2f793e26	linguistics/books/DSS-1-Samuel-Linguistics.txt	394084	4847	614726fa5048abf3128c8ad3f3cac2681b537b7a641a3aa0d9f8cdbcacfe4c8d	PARTLY_RECONSTRUCTED	33	33	20	1	12	20	1	0	0	0	0	0	0
L1597159-R001	biblical_book	1Sam	2	27		4Q51	1606703	3a_e	23	1597159				books/DSS-1-Samuel.txt	289476	3734	1997636-1997647	12	1	f4070cc5623c64becdd2b0094248aa471130a92729cf4f13c761e409f55d0a06	linguistics/books/DSS-1-Samuel-Linguistics.txt	398931	5374	9e3606cdf36a8e57ac06da20355007cd3e2afd04a0645de374c9631656df9836	PARTLY_RECONSTRUCTED	42	40	28	2	10	30	2	0	0	0	0	0	0
L1597160-R001	biblical_book	1Sam	2	27		4Q51	1606703	3a_e	24	1597160				books/DSS-1-Samuel.txt	293210	1443	1997648-1997649	2	0	150313ae3fdda5bbfab2e990ca3d2251ec24e7b6c1ae734e2c3e9d03e9be403c	linguistics/books/DSS-1-Samuel-Linguistics.txt	404305	1192	3f0b8a78f57330464fa4aaced6b8f7da4a3187ab03e02959f3e5ecb2a95740a5	ALL_LETTER_SLOTS_RECONSTRUCTED	6	4	4	0	0	6	0	0	1	0	0	0	0
L1597160-R002	biblical_book	1Sam	2	28		4Q51	1606703	3a_e	24	1597160				books/DSS-1-Samuel.txt	294653	3509	1997650-1997661	12	1	0d14d8d0bbd8d216c58626416574184c361bbee7f3a46b6600c551a51da9654d	linguistics/books/DSS-1-Samuel-Linguistics.txt	405497	5283	edad6b875e3807b7c3f783f4947078d5a4582658647d0205fc2045f3eda380f2	PARTLY_RECONSTRUCTED	36	34	18	1	15	19	1	0	0	0	0	0	0
L1597161-R001	biblical_book	1Sam	2	28		4Q51	1606703	3a_e	25	1597161				books/DSS-1-Samuel.txt	298162	3977	1997662-1997677	16	1	7a65700fa3d674fd6edec15073c85a572df158d40fd711c55789627523787d7c	linguistics/books/DSS-1-Samuel-Linguistics.txt	410780	6818	41301054bde6f81ef37c2ee5a4f3fa6a10f4ac929f9aeacfaa31fdcccc6875bc	PARTLY_RECONSTRUCTED	42	41	24	1	16	25	1	0	0	0	0	0	0
L1597162-R001	biblical_book	1Sam	2	28		4Q51	1606703	3a_e	26	1597162				books/DSS-1-Samuel.txt	302139	2683	1997678-1997686	9	0	51857701b98439c7cc5eff4ba4032e7fe832ae2ab5737f098b09bddb872e48e7	linguistics/books/DSS-1-Samuel-Linguistics.txt	417598	4047	ec6d1d98be1d5c5a59e4827dbb5372ee2bcb57b6e440f76be35723861cb80564	PARTLY_RECONSTRUCTED	27	24	23	1	0	24	1	0	1	0	0	0	0
L1597162-R002	biblical_book	1Sam	2	29		4Q51	1606703	3a_e	26	1597162				books/DSS-1-Samuel.txt	304822	2885	1997687-1997694	8	1	56e4d36c6529e91e70c8dfaf8770d123d32eddb9b8230ac4a230a5a0d04117e5	linguistics/books/DSS-1-Samuel-Linguistics.txt	421645	3617	8dbcaa210c368f7c6c4e4029685cc3bad7089bf1b29acef1dc19e1b26fec3ba2	NO_LETTER_RECONSTRUCTION_MARKED	22	20	0	1	19	0	1	0	0	0	0	0	0
L1597163-R001	biblical_book	1Sam	2	29		4Q51	1606703	3a_e	27	1597163				books/DSS-1-Samuel.txt	307707	3907	1997695-1997707	13	1	6dac17d90c5d774875363767c9150caf4fc89f8c3c557767d558d6cc74aa9fc8	linguistics/books/DSS-1-Samuel-Linguistics.txt	425262	5707	42997e9e8c523bd4e658c5277221a1d51e0a00da15c1ea441186edff713c8c17	PARTLY_RECONSTRUCTED	41	39	21	4	14	23	4	0	0	0	0	0	0
L1597164-R001	biblical_book	1Sam	2	29		4Q51	1606703	3a_e	28	1597164				books/DSS-1-Samuel.txt	311614	1866	1997708-1997711	4	0	f5974cb321968184440731cd0132101fcab86c5a49d8a36955f73f40829d12a3	linguistics/books/DSS-1-Samuel-Linguistics.txt	430969	2025	7e60823a1e38e2d8c3d9751f4ceb2ed54412dd124ea216d57b6421eab3e31d6b	ALL_LETTER_SLOTS_RECONSTRUCTED	12	9	9	0	0	12	0	0	1	0	0	0	0
L1597164-R002	biblical_book	1Sam	2	30		4Q51	1606703	3a_e	28	1597164				books/DSS-1-Samuel.txt	313480	3221	1997712-1997720	9	1	83da0b957c2d6d02e567c36188ba3d93f7d68fb376f359dd7c36085a07939730	linguistics/books/DSS-1-Samuel-Linguistics.txt	432994	4236	5887dcd18ca7fa56d96330ec1b0b367e702656612e44b1696d810a9657f3f6a5	PARTLY_RECONSTRUCTED	32	31	23	2	6	24	2	0	0	0	0	0	0
L1597165-R001	biblical_book	1Sam	2	30		4Q51	1606703	3a_e	29	1597165				books/DSS-1-Samuel.txt	316701	4559	1997721-1997735	15	1	d2441a83bf1058ce43f99b4c880f8175cdd8d28dcb5d0102578f1d84c224d4cf	linguistics/books/DSS-1-Samuel-Linguistics.txt	437230	6577	c0c2c6c0a77c877bd208e16c6a451e7969921e613df6aaebd9286f9cd2c84fc3	PARTLY_RECONSTRUCTED	46	43	35	8	0	38	8	0	0	0	0	0	0
L1597166-R001	biblical_book	1Sam	2	30		4Q51	1606703	3a_e	30	1597166				books/DSS-1-Samuel.txt	321260	2752	1997736-1997743	8	0	cfe829f23e4881eb7e72bfc959a0125478df2d19ca9869a89b86c3da49afdef7	linguistics/books/DSS-1-Samuel-Linguistics.txt	443807	3554	2ecd041fb56bd74f945c1f35b54291392f0f3e98244e878b8ad1b0e421f3d8b0	ALL_LETTER_SLOTS_RECONSTRUCTED	27	22	22	0	0	27	0	0	1	0	0	0	0
L1597166-R002	biblical_book	1Sam	2	31		4Q51	1606703	3a_e	30	1597166				books/DSS-1-Samuel.txt	324012	2585	1997744-1997749	6	1	97d68a89fadb548d056d82b493f0b4a29466b3c8c43d312ef63aeb7cd1654582	linguistics/books/DSS-1-Samuel-Linguistics.txt	447361	2862	7891fae2130bd5c677c120035bcb99bd5ff56279d246324bffab18a07e74738b	PARTLY_RECONSTRUCTED	19	19	8	2	9	8	2	0	0	0	0	0	0
L1597167-R001	biblical_book	1Sam	2	31		4Q51	1606703	3a_e	31	1597167				books/DSS-1-Samuel.txt	326597	2309	1997750-1997755	6	0	5d89ac510000313bf5ee432530fd80208cf7fe3f2e470923dab1e33fc68d42d6	linguistics/books/DSS-1-Samuel-Linguistics.txt	450223	2812	74d7a0f854cf1dd9f8f3a1ace04fc41fda4eefbd45a3f217fae136c69187186b	ALL_LETTER_SLOTS_RECONSTRUCTED	19	15	15	0	0	19	0	0	1	0	0	0	0
L1597167-R002	biblical_book	1Sam	2	32		4Q51	1606703	3a_e	31	1597167				books/DSS-1-Samuel.txt	328906	3410	1997756-1997766	11	1	b35a8e2b741cd7cbf5b6c08ae453b6311cb8f8232baffbf2e1c0c02175504934	linguistics/books/DSS-1-Samuel-Linguistics.txt	453035	4739	468e5d3bd3f34678852a01b592fe13ccb6f33dce785d05f71a4de09971f504b8	PARTLY_RECONSTRUCTED	30	26	9	3	14	9	3	0	1	0	0	0	0
L1597168-R001	biblical_book	1Sam	2	33		4Q51	1606703	3a_e	32	1597168				books/DSS-1-Samuel.txt	332316	4045	1997767-1997781	15	1	7329179abc0dc1a6108fb971e09b9c943768d252f6e32e4ee4d4a5775f89a7b9	linguistics/books/DSS-1-Samuel-Linguistics.txt	457774	6409	abf2b61ad13ccb7663d51b8b0b6b241cb9ca4f0487c14169aefa130c35405107	PARTLY_RECONSTRUCTED	43	40	23	1	16	24	1	0	0	0	0	0	0
L1597169-R001	biblical_book	1Sam	2	33		4Q51	1606703	3a_e	33	1597169				books/DSS-1-Samuel.txt	336361	3129	1997782-1997792	11	0	1efb5b827b4641f1f7638696818659bb6cb57eb574b59de75a9f1d4dac9f3d41	linguistics/books/DSS-1-Samuel-Linguistics.txt	464183	4896	4c57de2b6edbf93a5ec4492ec1ab3c5cd9602210ecb3dcc78655542185d76213	PARTLY_RECONSTRUCTED	37	33	19	1	13	21	1	0	1	0	0	0	0
L1597169-R002	biblical_book	1Sam	2	34		4Q51	1606703	3a_e	33	1597169				books/DSS-1-Samuel.txt	339490	1955	1997793-1997795	3	1	f93b3e22ee9387e206cba24d018bbea078885f04abedb802d116ce2799dbaecc	linguistics/books/DSS-1-Samuel-Linguistics.txt	469079	1531	0cd629b410d5956d5df2da66f8d411ee0b4a631365bc3c91624f8150a17046e5	PARTLY_RECONSTRUCTED	6	5	4	0	1	5	0	0	0	0	0	0	0
L1597170-R001	biblical_book	1Sam	2	34		4Q51	1606703	3a_e	34	1597170				books/DSS-1-Samuel.txt	341445	3995	1997796-1997809	14	1	9ef77b5f472548e1b6774f6022f15f41a2242e5d7d412d035476f663bbc682c9	linguistics/books/DSS-1-Samuel-Linguistics.txt	470610	6164	d67458d24d6e7df111bee80c5ef5f469d488c22b83d47f3f998a8e4c1df60b62	PARTLY_RECONSTRUCTED	39	38	29	3	6	30	3	0	0	0	0	0	0
L1597171-R001	biblical_book	1Sam	2	34		4Q51	1606703	3a_e	35	1597171				books/DSS-1-Samuel.txt	345440	2381	1997810-1997816	7	0	804a497f160e5789fd17f1e2aeed0ac9280a44ff6b9b670e1da37a4c0857ab2e	linguistics/books/DSS-1-Samuel-Linguistics.txt	476774	3257	6b9bbd647cf230233288babb012d9ef60cee8ced3ce69f71266fcfd9492bcb97	ALL_LETTER_SLOTS_RECONSTRUCTED	25	22	22	0	0	25	0	0	1	0	0	0	0
L1597171-R002	biblical_book	1Sam	2	35		4Q51	1606703	3a_e	35	1597171				books/DSS-1-Samuel.txt	347821	2551	1997817-1997821	5	1	2e5029b658c3ef972d08bf207c41124c288e8856de635ca4c9ad5ffe8324ed5c	linguistics/books/DSS-1-Samuel-Linguistics.txt	480031	2462	2aa8e41d1f80a63ba3144b639153e808246761b3c0caa811b3fb1e68ee8dffa3	PARTLY_RECONSTRUCTED	19	18	15	3	0	15	3	0	0	0	0	0	0
L1597172-R001	biblical_book	1Sam	2	35		4Q51	1606703	3a_e	36	1597172				books/DSS-1-Samuel.txt	350372	3945	1997822-1997835	14	1	7286d87d22376990ea7b969e47732b051581ed3ab0f3748db68beb04a1afd8c8	linguistics/books/DSS-1-Samuel-Linguistics.txt	482493	6071	c0643b3f2bc94117d6e553013f1b090172b9f232b550a21b23fa378a72b350b3	PARTLY_RECONSTRUCTED	42	39	31	1	7	33	1	0	0	0	0	0	0
L1597173-R001	biblical_book	1Sam	2	35		4Q51	1606703	3a_e	37	1597173				books/DSS-1-Samuel.txt	354317	2613	1997836-1997844	9	0	6c8d20bb1763e87b8a74c56586bd3098c86fc1463119c9f3d66e17764090fd7a	linguistics/books/DSS-1-Samuel-Linguistics.txt	488564	3970	9f338e7c8efdd67a86037d8259e661944e00657abe24ebfbab0d3bb850a5dbeb	ALL_LETTER_SLOTS_RECONSTRUCTED	26	23	23	0	0	26	0	0	1	0	0	0	0
L1597173-R002	biblical_book	1Sam	2	36		4Q51	1606703	3a_e	37	1597173				books/DSS-1-Samuel.txt	356930	2805	1997845-1997851	7	1	d36f131afa36d97e18c630e770a1a98ae7a487c92a3b939e62b74f7c136dd5c7	linguistics/books/DSS-1-Samuel-Linguistics.txt	492534	3189	b1cd6611acebf76edf0b7ad57c34cc30cd502a9c213c41f5927d2da59b82e82b	PARTLY_RECONSTRUCTED	18	17	10	2	5	11	2	0	0	0	0	0	0
L1597174-R001	biblical_book	1Sam	2	36		4Q51	1606703	3a_e	38	1597174				books/DSS-1-Samuel.txt	359735	3868	1997852-1997865	14	1	4df96cb479b18ca5210e148d392c186780699cb54c7884ce4dcb9b32029ee95b	linguistics/books/DSS-1-Samuel-Linguistics.txt	495723	6087	8e626c0358020c7cfd81e576e329c116cb2ee538d76894fa75f2373b80365fae	PARTLY_RECONSTRUCTED	43	41	35	1	5	37	1	0	0	0	0	0	0
L1597175-R001	biblical_book	1Sam	2	36		4Q51	1606703	3a_e	39	1597175				books/DSS-1-Samuel.txt	363603	3605	1997866-1997875	10	3	e0cf4f9d242273b361fc209bcc67f4aa47f67945c58b26989e5028a652b00849	linguistics/books/DSS-1-Samuel-Linguistics.txt	501810	4385	e54af38a798cd1ab5d73af3636e599857f74241323758207862906d92cb1404e	ALL_LETTER_SLOTS_RECONSTRUCTED	27	25	25	0	0	27	0	0	1	0	0	0	0
L1597176-R001	biblical_book	1Sam	3	1		4Q51	1606703	3a_e	40	1597176				books/DSS-1-Samuel.txt	367208	3706	1997876-1997889	14	1	d9651c223e5aa41ca857eb19fc13bf6433c6bc1c9917bbc352b4a1f1dda424db	linguistics/books/DSS-1-Samuel-Linguistics.txt	506195	6053	543b83577601fc88900fcc00198022520de76ee0c9e495c1d053f3db5e2556cc	PARTLY_RECONSTRUCTED	38	38	32	2	4	32	2	0	0	0	0	0	0
L1597177-R001	biblical_book	1Sam	3	1		4Q51	1606703	3a_e	41	1597177				books/DSS-1-Samuel.txt	370914	2480	1997890-1997898	9	0	0935280163d456fcfeeabfeb5215a8b7f894fe4282e76e8bd17b01ed98e57a26	linguistics/books/DSS-1-Samuel-Linguistics.txt	512248	3962	bec02e12617cba41f13c004a558c680afa540e5bc0c00da5dbdf20c0aba5517d	ALL_LETTER_SLOTS_RECONSTRUCTED	24	22	22	0	0	24	0	0	1	0	0	0	0
L1597177-R002	biblical_book	1Sam	3	2		4Q51	1606703	3a_e	41	1597177				books/DSS-1-Samuel.txt	373394	2732	1997899-1997907	9	1	24453dde30ba193e1488d17fa49d0ea754d147ac3cec8c4e27fb7e32b0c8f0d6	linguistics/books/DSS-1-Samuel-Linguistics.txt	516210	3919	518714e047b53b156ac9794513069be93a0bf3f07cd531e0cd0a00b9e9bf7517	PARTLY_RECONSTRUCTED	20	20	10	0	10	10	0	0	0	0	0	0	0
L1597178-R001	biblical_book	1Sam	3	2		4Q51	1606703	3a_e	42	1597178				books/DSS-1-Samuel.txt	376126	3301	1997908-1997919	12	0	50b9bbccf9abb768aad4a0e3ea01533461b757843df0f8ae6a19742bd4ebd469	linguistics/books/DSS-1-Samuel-Linguistics.txt	520129	5176	de57f11962aa701d147a1025f74e6085a6e56e262e107ab396e5879953d74125	PARTLY_RECONSTRUCTED	37	33	30	1	2	32	1	0	1	0	0	0	0
L1597178-R002	biblical_book	1Sam	3	3		4Q51	1606703	3a_e	42	1597178				books/DSS-1-Samuel.txt	379427	1944	1997920-1997922	3	1	a3cca99e1cc7787d5c080b40fcbe98c78cce3489caa57c109117173cc877d17f	linguistics/books/DSS-1-Samuel-Linguistics.txt	525305	1633	0adb11bbde7c9992efbb805a965c2d9d8701f3a4f4a071043bf9dc3fc3fb5fb3	PARTLY_RECONSTRUCTED	9	9	6	2	1	6	2	0	0	0	0	0	0
L1597179-R001	biblical_book	1Sam	3	3		4Q51	1606703	3a_e	43	1597179				books/DSS-1-Samuel.txt	381371	2345	1997923-1997930	8	0	171b7e03813d17df422c16fac866fabd71f1e0e9705d49d8d42187d5e61a9ba9	linguistics/books/DSS-1-Samuel-Linguistics.txt	526938	3603	d3210846d661dbd6969e3bce22846b15e923f62357073e85059349a791517ae1	ALL_LETTER_SLOTS_RECONSTRUCTED	23	21	21	0	0	23	0	0	1	0	0	0	0
L1597179-R002	biblical_book	1Sam	3	4		4Q51	1606703	3a_e	43	1597179				books/DSS-1-Samuel.txt	383716	2566	1997931-1997936	6	1	028a09a9edb4fce6e25e35deace9191b6c3e1089f8818c4707449e7e601eee84	linguistics/books/DSS-1-Samuel-Linguistics.txt	530541	2875	ac79ea4415630a0e4e8cafb60e0325603d894adb50318a0f863459363c8407dc	PARTLY_RECONSTRUCTED	21	19	16	2	1	16	2	0	1	0	0	0	0
L1597180-R001	biblical_book	1Sam	3	18		4Q51	1606703	4a_b	23	1597180				books/DSS-1-Samuel.txt	386282	4263	1997937-1997952	16	1	77407b03a64d8b13b46f1dcbaddcd430fde09f0eac23f972dd7451f9ee93de52	linguistics/books/DSS-1-Samuel-Linguistics.txt	533416	6803	7eadf95df7a7993150f1e7e9090561ef3a0e36f3d6295e7019c5a0b41f598171	PARTLY_RECONSTRUCTED	46	44	36	2	6	38	2	0	0	0	0	0	0
L1597181-R001	biblical_book	1Sam	3	18		4Q51	1606703	4a_b	24	1597181				books/DSS-1-Samuel.txt	390545	1416	1997953-1997954	2	0	126eed7c01d900a3e426cf830eb82e60f083bde0fc62d1c828bf5dfbc7bfbed2	linguistics/books/DSS-1-Samuel-Linguistics.txt	540219	1145	d5600a9ea354fab95c4518d587bb957a3083df3676bc40bb876d3568d383b74d	NO_LETTER_RECONSTRUCTION_MARKED	6	4	0	0	4	0	0	0	1	0	0	0	0
L1597181-R002	biblical_book	1Sam	3	19		4Q51	1606703	4a_b	24	1597181				books/DSS-1-Samuel.txt	391961	3762	1997955-1997967	13	1	fc57728b3d01d0fabb66cbf763c462a4afc1162733b04b3b067767e020cccde2	linguistics/books/DSS-1-Samuel-Linguistics.txt	541364	5634	89b0f21e9654b2905c6d250e4e4502568063d20fc58a463c29b37b7aa402390d	PARTLY_RECONSTRUCTED	40	38	34	1	3	36	1	0	0	0	0	0	0
L1597182-R001	biblical_book	1Sam	3	19		4Q51	1606703	4a_b	25	1597182				books/DSS-1-Samuel.txt	395723	1531	1997968-1997969	2	0	84c276b7ac62b89346c9b883b0838431190e5653c29c9de492cf304bad4fc194	linguistics/books/DSS-1-Samuel-Linguistics.txt	546998	1168	d06aecaedc83d34204b5102bcfbe0e65e916f3edb16458808b805c09830963bb	NO_LETTER_RECONSTRUCTION_MARKED	7	4	0	0	4	0	0	0	1	0	0	0	0
L1597182-R002	biblical_book	1Sam	3	20		4Q51	1606703	4a_b	25	1597182				books/DSS-1-Samuel.txt	397254	3490	1997970-1997982	13	1	33445efb5a51d2126793b5658cd5053c660009ced22468ce2c090f5cb0223ba5	linguistics/books/DSS-1-Samuel-Linguistics.txt	548166	5736	5542a8381752cae35b2a5227a47865c7acd439825fd4afe8dfcda9a45b8f8a41	PARTLY_RECONSTRUCTED	35	35	26	2	7	26	2	0	0	0	0	0	0
L1597183-R001	biblical_book	1Sam	3	20		4Q51	1606703	4a_b	26	1597183				books/DSS-1-Samuel.txt	400744	1864	1997983-1997987	5	0	e5aba181a4398d57f0bde51ba24d3ee08f9a76694876268ba6c5fa309ba278b7	linguistics/books/DSS-1-Samuel-Linguistics.txt	553902	2328	e405d24535b730d783f1dc67da2a75ca2eca7a87c5ec81f674f0f5b076bcc357	PARTLY_RECONSTRUCTED	12	10	8	1	1	10	1	0	1	0	0	0	0
L1597183-R002	biblical_book	1Sam	3	21		4Q51	1606703	4a_b	26	1597183				books/DSS-1-Samuel.txt	402608	3586	1997988-1998000	13	1	4a9ee2c73349e60d1d51b916bc5b8bdaf05f7f308464ea59117b4186a538cecc	linguistics/books/DSS-1-Samuel-Linguistics.txt	556230	5620	b4761eabede0af317091b8a5d8d1efd45cc7560ef6f73de8951f88ea5ed2020a	PARTLY_RECONSTRUCTED	38	36	33	2	1	33	2	0	1	0	0	0	0
L1597184-R001	biblical_book	1Sam	4	3		4Q51	1606703	4c	1	1597184				books/DSS-1-Samuel.txt	406194	2710	1998001-1998007	7	1	6b11eefab9cd9a2e11c44e0c7f25804d4f3189c6cfb6174ce92a0e38d02e65e2	linguistics/books/DSS-1-Samuel-Linguistics.txt	561850	3255	2ad99f458e0bac06db55cbc5a469123bc47ede1e3d8287f3431f1db515f201e2	PARTLY_RECONSTRUCTED	21	19	16	2	1	18	2	1	1	0	0	0	0
L1597185-R001	biblical_book	1Sam	4	3		4Q51	1606703	4c	2	1597185				books/DSS-1-Samuel.txt	408904	3057	1998008-1998017	10	0	b32e72489fdf0f4471a5ee79700cafa97282a68747584334e5ea18fa2c15fd04	linguistics/books/DSS-1-Samuel-Linguistics.txt	565105	4351	7e79358deed760823c80233b1ab67bc89da58498720c4f6de87cabdc6aecf9a6	ALL_LETTER_SLOTS_RECONSTRUCTED	33	28	28	0	0	33	0	0	1	0	0	0	0
L1597185-R002	biblical_book	1Sam	4	4		4Q51	1606703	4c	2	1597185				books/DSS-1-Samuel.txt	411961	2768	1998018-1998026	9	1	06eea858b52e44a032163d3c5db2d8e1634b933d73cfcaed90a576fe19aa8f28	linguistics/books/DSS-1-Samuel-Linguistics.txt	569456	3904	2be47e2c88d36ee1ffe1818ddb870fbd55b37a928b682ad1bf5f5e75314f0b93	PARTLY_RECONSTRUCTED	20	20	17	1	2	17	1	0	0	0	0	0	0
L1597186-R001	biblical_book	1Sam	4	4		4Q51	1606703	4c	3	1597186				books/DSS-1-Samuel.txt	414729	3887	1998027-1998041	15	1	5e5d04e207c9b67d673517531e36bcf31dd8dfb60daafa23eb0893287923cd2b	linguistics/books/DSS-1-Samuel-Linguistics.txt	573360	6583	a562bce6b82466952700586299b008a1ee85d3b19cc0d02a833db2a73414456f	PARTLY_RECONSTRUCTED	47	45	42	2	1	42	2	0	1	0	0	0	0
L1597187-R001	biblical_book	1Sam	4	9		4Q51	1606703	5a	1	1597187				books/DSS-1-Samuel.txt	418616	3328	1998042-1998053	12	1	a771a30a0ff84bd6dd5b63a6d7e5d18123a6de13989f32e807c27c57eb4d6712	linguistics/books/DSS-1-Samuel-Linguistics.txt	579943	5328	dbd1f7d72dbf7640fcb585b86eb46468e882da8013d9799a2b841061e4d96fdc	PARTLY_RECONSTRUCTED	40	40	27	1	12	27	1	0	0	0	0	0	0
L1597188-R001	biblical_book	1Sam	4	9		4Q51	1606703	5a	2	1597188				books/DSS-1-Samuel.txt	421944	2787	1998054-1998062	9	0	219e98fea7d3e2e4cea0972bd23d3e3181f845d028bc9b7cdc6b7ece65a4cff7	linguistics/books/DSS-1-Samuel-Linguistics.txt	585271	3915	4022462167bfca9dbc78135ec818939a130d477bdffe7b4d7d05e285af858685	PARTLY_RECONSTRUCTED	29	26	13	1	12	16	1	0	1	0	0	0	0
L1597188-R002	biblical_book	1Sam	4	10		4Q51	1606703	5a	2	1597188				books/DSS-1-Samuel.txt	424731	2344	1998063-1998068	6	1	9ca5d402875c1e462934c697ed8cefd44e57be7d715ee53ee8f45821e03cfe26	linguistics/books/DSS-1-Samuel-Linguistics.txt	589186	2847	1b0fd963e413352ed2a87c0ec4179596a2edf2e0581d30686cf81549cf20153f	ALL_LETTER_SLOTS_RECONSTRUCTED	19	19	19	0	0	19	0	0	0	0	0	0	0
L1597189-R001	biblical_book	1Sam	4	10		4Q51	1606703	5a	3	1597189				books/DSS-1-Samuel.txt	427075	4143	1998069-1998083	15	1	85abc3f628854f6fc169ce562573eb56d097c78b888a9f360709d24aa69e927d	linguistics/books/DSS-1-Samuel-Linguistics.txt	592033	6530	6c5c67b01935445340afdc953425f4c662dcb2113a0e47cdf81d9dc27f65bf22	PARTLY_RECONSTRUCTED	44	43	27	5	11	27	5	0	0	0	0	0	0
L1597190-R001	biblical_book	1Sam	4	10		4Q51	1606703	5a	4	1597190				books/DSS-1-Samuel.txt	431218	2705	1998084-1998091	8	0	9ccbf40e33db1066312438c235c2bc052bf50957e5e98b2dde356863e5ada282	linguistics/books/DSS-1-Samuel-Linguistics.txt	598563	3750	738c650438ab950bd181e14c66a0b05ca20fd1c79320d504949bd7172721a3d1	PARTLY_RECONSTRUCTED	25	23	15	2	6	15	2	0	1	0	0	0	0
L1597190-R002	biblical_book	1Sam	4	11		4Q51	1606703	5a	4	1597190				books/DSS-1-Samuel.txt	433923	2069	1998092-1998095	4	1	98a27cf808f707cef4135afd15515f469062e24769e52ae8b688991712755dcd	linguistics/books/DSS-1-Samuel-Linguistics.txt	602313	2082	b2823a5a625c21ef53a2739fce09211b542a4600d455c2f88f2503d1275d4cdb	ALL_LETTER_SLOTS_RECONSTRUCTED	15	15	15	0	0	15	0	0	0	0	0	0	0
L1597191-R001	biblical_book	1Sam	4	11		4Q51	1606703	5a	5	1597191				books/DSS-1-Samuel.txt	435992	2010	1998096-1998101	6	0	2e1914023c41315615c24c4cff95be3b1b830c8084f1280bf8e4ac25ae6679f5	linguistics/books/DSS-1-Samuel-Linguistics.txt	604395	2782	2bf67191f0e99e032bb640766d3a28c0dbff34e7f4622d9832775e9f592c79ac	ALL_LETTER_SLOTS_RECONSTRUCTED	15	13	13	0	0	13	0	0	1	0	0	0	0
L1597191-R002	biblical_book	1Sam	4	12		4Q51	1606703	5a	5	1597191				books/DSS-1-Samuel.txt	438002	3127	1998102-1998111	10	1	139089c2be9faf9bbe263ec2b239dabeba80b1ed31619c2026b99768e646a821	linguistics/books/DSS-1-Samuel-Linguistics.txt	607177	4541	0dd83d6a2d41a700f00ccf69f7d07a2d42b5ece6aebe34fe7dbd78bfbfa3794f	PARTLY_RECONSTRUCTED	30	30	24	3	3	24	3	0	0	0	0	0	0
L1597192-R001	biblical_book	1Sam	4	12		4Q51	1606703	5a	6	1597192				books/DSS-1-Samuel.txt	441129	3816	1998112-1998124	13	1	4e018affaf0ab01d59c7e02bac18d3dac2e2f444b567633999d8381d4ee5955a	linguistics/books/DSS-1-Samuel-Linguistics.txt	611718	5530	5f78457282c86b3d5f8e1ad64873165b925d1219746a9110f25eb2afb9e01951	PARTLY_RECONSTRUCTED	36	30	23	1	6	26	1	1	2	0	0	0	0
L1597193-R001	biblical_book	1Sam	5	8		4Q51	1606703	5b_c	1	1597193				books/DSS-1-Samuel.txt	444945	3158	1998125-1998133	9	1	acd81e57a673267c7835cbfbf6e5c58153d3e1c8fe6902400d725121af01bb20	linguistics/books/DSS-1-Samuel-Linguistics.txt	617248	4083	711415b71107350a1d89a49902e5d47889a1073f6a1d904ee78728e4ccfd98d6	PARTLY_RECONSTRUCTED	33	30	29	1	0	32	1	1	1	0	0	0	0
L1597194-R001	biblical_book	1Sam	5	8		4Q51	1606703	5b_c	2	1597194				books/DSS-1-Samuel.txt	448103	3340	1998134-1998145	12	1	8b20b0afc8e5f3bb8f97fc61f647c41a36d7dea1d3459bafd17dd8ffd50a5c4c	linguistics/books/DSS-1-Samuel-Linguistics.txt	621331	5367	806a03de2273019674a491e6076e6f4d7b8325d3d92ce54a97b398bcbc44ebdf	PARTLY_RECONSTRUCTED	39	39	34	1	4	34	1	0	0	0	0	0	0
L1597195-R001	biblical_book	1Sam	5	8		4Q51	1606703	5b_c	3	1597195				books/DSS-1-Samuel.txt	451443	3820	1998146-1998156	11	1	d0cf0c6bb21cb9804aefdc297677bc454cfada21a389765242810dbf9399233d	linguistics/books/DSS-1-Samuel-Linguistics.txt	626698	5108	54de60168f66308e5742b9203537ba691577440ebe879687cfaa173b5c66c518	PARTLY_RECONSTRUCTED	42	41	30	5	6	31	5	0	0	0	0	0	0
L1597196-R001	biblical_book	1Sam	5	8		4Q51	1606703	5b_c	4	1597196				books/DSS-1-Samuel.txt	455263	2718	1998157-1998159	3	3	f35e00b7c7f19bffbb1a6cb358524e148879882383e6a26d3201a7503aa30cb3	linguistics/books/DSS-1-Samuel-Linguistics.txt	631806	1636	e7eae582792aae889aa9450afeadf20aa6ef1c033dfe0bb0f966d85fb6953639	PARTLY_RECONSTRUCTED	11	8	2	0	6	5	0	0	1	0	0	0	0
L1597197-R001	biblical_book	1Sam	5	9		4Q51	1606703	5b_c	5	1597197				books/DSS-1-Samuel.txt	457981	3582	1998160-1998172	13	1	4a11b0acc2676abb0204fd1562f122d8b8367947fa7c5b6661850174534f5d4c	linguistics/books/DSS-1-Samuel-Linguistics.txt	633442	5706	878caca14313c187d133436e52e7e2ea98c5288e1cc0e1f02bec026a6df270bc	PARTLY_RECONSTRUCTED	39	38	12	1	25	12	1	0	0	0	0	0	0
L1597198-R001	biblical_book	1Sam	5	9		4Q51	1606703	5b_c	6	1597198				books/DSS-1-Samuel.txt	461563	4306	1998173-1998190	18	1	1f938846a3d8e03ec44048e8eb9a0c54d1982c3c54d8b0fcb4e678b1ef4160d5	linguistics/books/DSS-1-Samuel-Linguistics.txt	639148	7489	cd601b41d8a8633aebfca3b5b1fc8c22acf65e78bd4fe4cc2c7fbf08201f6c6c	PARTLY_RECONSTRUCTED	43	40	11	4	25	12	4	0	1	0	0	0	0
L1597199-R001	biblical_book	1Sam	5	10		4Q51	1606703	5b_c	7	1597199				books/DSS-1-Samuel.txt	465869	3631	1998191-1998202	12	1	ad1ca4b981656dfa4614d34c5516e193057ddbd87e242f3257469e743d606594	linguistics/books/DSS-1-Samuel-Linguistics.txt	646637	5459	99cf54869d86295b47b8a8ef33c8ce7659ee0fe66d3be610260bc8057023272a	PARTLY_RECONSTRUCTED	39	39	14	5	20	14	5	0	0	0	0	0	0
L1597200-R001	biblical_book	1Sam	5	10		4Q51	1606703	6a_b	1	1597200				books/DSS-1-Samuel.txt	469500	3737	1998203-1998214	12	1	b42f737bd1075645f9266b8f88fc8457cec19623d0bbb6a24cfe3a2280aab192	linguistics/books/DSS-1-Samuel-Linguistics.txt	652096	5419	abfc1a0a47661daea01ddb95e34e1d49e34f06c4a8f081acafdacfb130a9e3dc	PARTLY_RECONSTRUCTED	44	43	31	3	9	32	3	0	0	0	0	0	0
L1597201-R001	biblical_book	1Sam	5	10		4Q51	1606703	6a_b	2	1597201				books/DSS-1-Samuel.txt	473237	3031	1998215-1998224	10	0	6329d50fbd03c58f91cc4ac68fa1dc3e68e3706c4b8129005843d890f2e53407	linguistics/books/DSS-1-Samuel-Linguistics.txt	657515	4528	cd6946197fec781054c340ce76abc64ecf4186dce3a2d3076544e738806ed8dc	PARTLY_RECONSTRUCTED	33	29	23	5	1	23	5	0	1	0	0	0	0
L1597201-R002	biblical_book	1Sam	5	11		4Q51	1606703	6a_b	2	1597201				books/DSS-1-Samuel.txt	476268	2276	1998225-1998228	4	1	ca20aad29d9bedaac91e311192629ea79a446216fb5e4c8652f4b9aeb6e18e47	linguistics/books/DSS-1-Samuel-Linguistics.txt	662043	1985	2ea3c939ad4209a85a40308ebfca8a55f60d8e60dd1bbab1a904669984c8f8fb	PARTLY_RECONSTRUCTED	12	12	6	4	2	6	4	0	0	0	0	0	0
L1597202-R001	biblical_book	1Sam	5	11		4Q51	1606703	6a_b	3	1597202				books/DSS-1-Samuel.txt	478544	3535	1998229-1998240	12	1	c76b7a4570dd455f305954e65e60f7c04a1c4fe5b04ee9ebd6742d2e6bf23f7e	linguistics/books/DSS-1-Samuel-Linguistics.txt	664028	5521	41b032674ad1ce7ee3543fe37c015c78fa911f7685b9b619dbb451b18f073346	PARTLY_RECONSTRUCTED	43	43	33	2	8	33	2	0	0	0	0	0	0
L1597203-R001	biblical_book	1Sam	5	11		4Q51	1606703	6a_b	4	1597203				books/DSS-1-Samuel.txt	482079	4278	1998241-1998255	15	1	387b0080b410ea4a2a0109f64ca725685442f038d914e8c070fda6076d788058	linguistics/books/DSS-1-Samuel-Linguistics.txt	669549	6415	4a1000224bc08532dd9c24704b62852e5ee39dd40eb5527d3dddde7559c6c8ce	PARTLY_RECONSTRUCTED	43	40	30	3	7	33	3	0	0	0	0	0	0
L1597204-R001	biblical_book	1Sam	5	11		4Q51	1606703	6a_b	5	1597204				books/DSS-1-Samuel.txt	486357	2937	1998256-1998266	11	0	565aa874880f9c7863500629ac0c50c2a4169fa0a4cef0b7793af53b80e6e42a	linguistics/books/DSS-1-Samuel-Linguistics.txt	675964	4816	02fd9a5a23c541146f08933e878497686e4d5898185406e919aa5607288c72ee	PARTLY_RECONSTRUCTED	32	29	27	1	1	27	1	0	1	0	0	0	0
L1597204-R002	biblical_book	1Sam	5	12		4Q51	1606703	6a_b	5	1597204				books/DSS-1-Samuel.txt	489294	2180	1998267-1998271	5	1	f3ed9a78e311339f51a24a68799bbc07bde7699f91aea9a80d163445b83ba23f	linguistics/books/DSS-1-Samuel-Linguistics.txt	680780	2362	4dea0d130fb6b6443ec0b7c9fc72ddac9e158a2d281a3beaf7ff2286c30a3b9b	PARTLY_RECONSTRUCTED	12	12	4	1	7	4	1	0	0	0	0	0	0
L1597205-R001	biblical_book	1Sam	5	12		4Q51	1606703	6a_b	6	1597205				books/DSS-1-Samuel.txt	491474	3656	1998272-1998283	12	2	91c5b544c17f4e309da0922613d1386658173c805e3f112ae384d9660c286230	linguistics/books/DSS-1-Samuel-Linguistics.txt	683142	5189	20c197980caf83b92a5751c943f889820f95c2f2e8358a31c7d22ba20cc9b953	PARTLY_RECONSTRUCTED	31	29	26	2	1	26	2	0	1	0	0	0	0
L1597206-R001	biblical_book	1Sam	6	1		4Q51	1606703	6a_b	7	1597206				books/DSS-1-Samuel.txt	495130	2689	1998284-1998293	10	0	e61053bb2c3a6d444a37f29ea248ee5128b80f12f57755499d4aa12049488018	linguistics/books/DSS-1-Samuel-Linguistics.txt	688331	4495	b9c9aa5f643fe4271124e86416cd15a978e575612f95973a7032b8e5fa60faa1	PARTLY_RECONSTRUCTED	32	30	21	0	9	21	0	0	1	0	0	0	0
L1597206-R002	biblical_book	1Sam	6	2		4Q51	1606703	6a_b	7	1597206				books/DSS-1-Samuel.txt	497819	2218	1998294-1998296	3	1	1d5e20c894d725c252eda28ff7b9094a007865304dc42d2b7ad898bb7fda5292	linguistics/books/DSS-1-Samuel-Linguistics.txt	692826	1716	3a40da8af375757d3c281e43fe788d1a40dac1c64fc7825d4373727a660613fa	PARTLY_RECONSTRUCTED	13	13	3	3	7	3	3	0	0	0	0	0	0
L1597207-R001	biblical_book	1Sam	6	2		4Q51	1606703	6a_b	8	1597207				books/DSS-1-Samuel.txt	500037	3857	1998297-1998311	15	1	ab5da77ec90a65f4e455daeb4aff9e41a63a03ac4301f4fdaa809136b9d1c2cf	linguistics/books/DSS-1-Samuel-Linguistics.txt	694542	6346	92164cbb0183a86c923983e40d1dfe0f98d646422761cb3b51858af924841aad	PARTLY_RECONSTRUCTED	43	43	25	2	16	25	2	0	0	0	0	0	0
L1597208-R001	biblical_book	1Sam	6	2		4Q51	1606703	6a_b	9	1597208				books/DSS-1-Samuel.txt	503894	3100	1998312-1998321	10	0	197bbac3761f0d21b24664f2d12cb1aa2fbcda8b441f628bf7c0cf5b47b607db	linguistics/books/DSS-1-Samuel-Linguistics.txt	700888	4440	a86c3a15a1fcfae2ac7648fb66d33d97822ec3c15d6373901524c4fb07f4c161	PARTLY_RECONSTRUCTED	38	33	21	0	12	22	0	0	1	0	0	0	0
L1597208-R002	biblical_book	1Sam	6	3		4Q51	1606703	6a_b	9	1597208				books/DSS-1-Samuel.txt	506994	2027	1998322-1998324	3	1	1becabd4ebee3a1c2e96fe9b5e8423a6efeda3a50afedd625723404edef83af2	linguistics/books/DSS-1-Samuel-Linguistics.txt	705328	1572	4da27b5d88e7103e96e476d03709fa62facdc5eee485fbe87a6014cdd41af915	PARTLY_RECONSTRUCTED	8	8	1	2	5	1	2	0	0	0	0	0	0
L1597209-R001	biblical_book	1Sam	6	3		4Q51	1606703	6a_b	10	1597209				books/DSS-1-Samuel.txt	509021	3377	1998325-1998334	10	1	4a21ddf289e5dbb2eb1419b0768a0955ea09b863efe195a1308279de6fe368a8	linguistics/books/DSS-1-Samuel-Linguistics.txt	706900	4708	32bf1ae147d267df6db5a4aa00b2c45115a19a090754f59662112eb876f36593	PARTLY_RECONSTRUCTED	40	40	17	4	19	17	4	0	0	0	0	0	0
L1597210-R001	biblical_book	1Sam	6	3		4Q51	1606703	6a_b	11	1597210				books/DSS-1-Samuel.txt	512398	4087	1998335-1998346	12	1	b43d334e82ea898d6a6c9b8b2c3a0fd8ca72e62bf766bbc607d6973fde3fd8f3	linguistics/books/DSS-1-Samuel-Linguistics.txt	711608	5297	4586f91dcdf6596aab94dd343566bfeae4810b30f30bf2c25d3528179e16ed0f	PARTLY_RECONSTRUCTED	41	38	20	5	13	21	5	0	0	0	0	0	0
L1597211-R001	biblical_book	1Sam	6	3		4Q51	1606703	6a_b	12	1597211				books/DSS-1-Samuel.txt	516485	2297	1998347-1998352	6	0	1ee82e13001dd69d0932c7cb953f7090a26539b6a98db83cae53bb731fdaf05d	linguistics/books/DSS-1-Samuel-Linguistics.txt	716905	2707	5d4a9087234a81789f3414f8055ac365d13784412f976639cdc401684e9917bb	ALL_LETTER_SLOTS_RECONSTRUCTED	18	14	14	0	0	18	0	0	1	0	0	0	0
L1597211-R002	biblical_book	1Sam	6	4		4Q51	1606703	6a_b	12	1597211				books/DSS-1-Samuel.txt	518782	3293	1998353-1998362	10	1	51cae4e86314af39b9f7656437c7466264912dc0dc907d69ee30dd2e6e3e2e54	linguistics/books/DSS-1-Samuel-Linguistics.txt	719612	4395	a3140b966f40034b2a244f0bf8028f6945c612496775ce5c2fceea7c98fc0340	PARTLY_RECONSTRUCTED	28	27	16	3	8	16	3	0	0	0	0	0	0
L1597212-R001	biblical_book	1Sam	6	4		4Q51	1606703	6a_b	13	1597212				books/DSS-1-Samuel.txt	522075	3463	1998363-1998373	11	1	65898e63148289a8c4b85e73a55b63f33576b04c028fa1d4e6fa80a3adc38fa6	linguistics/books/DSS-1-Samuel-Linguistics.txt	724007	5122	4c1195600cb185beb8c59ad3722993289d6651440721b6945fb9b815a516d39e	PARTLY_RECONSTRUCTED	40	39	22	3	14	22	3	0	0	0	0	0	0
L1597213-R001	biblical_book	1Sam	6	4		4Q51	1606703	6a_b	14	1597213				books/DSS-1-Samuel.txt	525538	1852	1998374-1998377	4	0	cddbc1080fa7d79d4f35875592fa4526a639d03413e5e67af16820c0fa7a9844	linguistics/books/DSS-1-Samuel-Linguistics.txt	729129	1923	dac4372cbf82c339c9ecc2bd1f2ab0823fddf8c2fa22c140a0bbc2b5236334f4	ALL_LETTER_SLOTS_RECONSTRUCTED	11	8	8	0	0	11	0	0	1	0	0	0	0
L1597213-R002	biblical_book	1Sam	6	5		4Q51	1606703	6a_b	14	1597213				books/DSS-1-Samuel.txt	527390	3286	1998378-1998388	11	1	7120d85ca99154cedab666d77fd80bbf1c1408e8e11306b1d69c30f8884a1d5b	linguistics/books/DSS-1-Samuel-Linguistics.txt	731052	4861	26355ecfb27160792cd5409f085dda1f17182cc56d5223d749d5398053d2fd81	PARTLY_RECONSTRUCTED	36	36	21	2	13	21	2	0	0	0	0	0	0
L1597214-R001	biblical_book	1Sam	6	5		4Q51	1606703	6a_b	15	1597214				books/DSS-1-Samuel.txt	530676	4552	1998389-1998406	18	1	a53fa39fdb49a660befe4fa5dc766b5cfff4bdbe2501440af79f76672796aaeb	linguistics/books/DSS-1-Samuel-Linguistics.txt	735913	7551	dbf36b2666f0ceb9bffedb1804cba1b50f50b2101a0c124326d9fcdc24f0237a	PARTLY_RECONSTRUCTED	45	43	33	4	6	35	4	0	0	0	0	0	0
L1597215-R001	biblical_book	1Sam	6	5		4Q51	1606703	6a_b	16	1597215				books/DSS-1-Samuel.txt	535228	2323	1998407-1998412	6	0	9f7204b94713fa353b92910f3931a42eb16c848dcc01a23ddf209d9a49b94871	linguistics/books/DSS-1-Samuel-Linguistics.txt	743464	2802	1848d0321293420cae3819aabd0075b9b2ff49e7e9241871d999f67a3dafc4d2	ALL_LETTER_SLOTS_RECONSTRUCTED	20	16	16	0	0	20	0	0	1	0	0	0	0
L1597215-R002	biblical_book	1Sam	6	6		4Q51	1606703	6a_b	16	1597215				books/DSS-1-Samuel.txt	537551	2835	1998413-1998420	8	1	6dfcdf8631cbf9e8e5877e54bb98ec72ecef37218a877b5d5038f97540d75bb2	linguistics/books/DSS-1-Samuel-Linguistics.txt	746266	3645	2318562185cb2474ade363894cdce4eceb3a0aad5a0a886c1316b9402b2ef43b	PARTLY_RECONSTRUCTED	25	24	21	1	2	21	1	0	0	0	0	0	0
L1597216-R001	biblical_book	1Sam	6	6		4Q51	1606703	6a_b	17	1597216				books/DSS-1-Samuel.txt	540386	4378	1998421-1998436	16	1	363ac6a9d1b893bb56a8c6e09cda6cfa15dbf3d245c49e0c78a5927e91e2a693	linguistics/books/DSS-1-Samuel-Linguistics.txt	749911	6818	e6ab7ba4f36874d7dae7d41bc155474ca7f5fcca053cbf4e4cd55667e887bad2	PARTLY_RECONSTRUCTED	48	43	35	3	5	38	3	0	1	0	0	0	0
L1597217-R001	biblical_book	1Sam	6	7		4Q51	1606703	6a_b	18	1597217				books/DSS-1-Samuel.txt	544764	4031	1998437-1998450	14	1	dacc119de1e6f3ad9c3257f84674a05c3919b89fbe9472cf86a487ebd80b905f	linguistics/books/DSS-1-Samuel-Linguistics.txt	756729	6265	3956c3358e9f473a8163dde77e74681cd07e1377a1e8f19b08a4abc3a9601a89	PARTLY_RECONSTRUCTED	43	43	32	7	4	32	7	0	0	0	0	0	0
L1597218-R001	biblical_book	1Sam	6	7		4Q51	1606703	6a_b	19	1597218				books/DSS-1-Samuel.txt	548795	4064	1998451-1998464	14	1	b8e590c175d4f3fa76b12ca05805797554f30e0eed2fddd0a27eb5fe4725ba08	linguistics/books/DSS-1-Samuel-Linguistics.txt	762994	6065	27d932deca561e7c4eefaea4f5a8660dafb845f9e48d54d56b4621aaaa7858b4	PARTLY_RECONSTRUCTED	45	43	37	5	1	39	5	0	0	0	0	0	0
L1597219-R001	biblical_book	1Sam	6	7		4Q51	1606703	6a_b	20	1597219				books/DSS-1-Samuel.txt	552859	2150	1998465-1998469	5	0	94880d832308420b24e998559ac7bad871e9332f2cfb395eb8aefc25d991f417	linguistics/books/DSS-1-Samuel-Linguistics.txt	769059	2368	4c026941b1a1a64a1487f556b616ae0393806dc5f62b5fe334113e651f1d2053	ALL_LETTER_SLOTS_RECONSTRUCTED	16	12	12	0	0	16	0	0	1	0	0	0	0
L1597219-R002	biblical_book	1Sam	6	8		4Q51	1606703	6a_b	20	1597219				books/DSS-1-Samuel.txt	555009	3332	1998470-1998480	11	1	93a847297efe07ce2ad8b5f8376bdf9b022a299cef7efb75cf2a9dae654bd765	linguistics/books/DSS-1-Samuel-Linguistics.txt	771427	4808	728e6018f7bace281e39c70b4fe172710dd3f06e428026250b68b9cac94c95d3	PARTLY_RECONSTRUCTED	33	32	31	0	1	32	0	0	0	0	0	0	0
L1597220-R001	biblical_book	1Sam	6	8		4Q51	1606703	6a_b	21	1597220				books/DSS-1-Samuel.txt	558341	4271	1998481-1998496	16	1	1906bbb801a8b67f3608fff1b249f5e05b2fbbd727bb0a251f5c2fb1465dfa4b	linguistics/books/DSS-1-Samuel-Linguistics.txt	776235	6846	33ce85d68bfdf9b846e926bb037bd7f56feef4079afa2a2a45a6bacffadecfee	PARTLY_RECONSTRUCTED	47	45	41	3	1	43	3	0	0	0	0	0	0
L1597221-R001	biblical_book	1Sam	6	8		4Q51	1606703	6a_b	22	1597221				books/DSS-1-Samuel.txt	562612	2021	1998497-1998501	5	0	477360ded4a50ea6e56c6019555e6d5dd3fc645a950a7404411139a314ef2188	linguistics/books/DSS-1-Samuel-Linguistics.txt	783081	2318	a841a98cca0959593df1079f6da96ec61c55275e7956dc31aee0cf7b6520adb0	ALL_LETTER_SLOTS_RECONSTRUCTED	15	12	12	0	0	15	0	0	1	0	0	0	0
L1597221-R002	biblical_book	1Sam	6	9		4Q51	1606703	6a_b	22	1597221				books/DSS-1-Samuel.txt	564633	3200	1998502-1998511	10	1	3e4ed69a3f828ed9650ae469ad66fea27d1c8d82c0cbfea35c07710e758ecaaa	linguistics/books/DSS-1-Samuel-Linguistics.txt	785399	4482	88cfefba6b59189cf5926130142b9511fb8299311918e1f6e810b450f840b5a3	PARTLY_RECONSTRUCTED	32	29	26	0	3	26	0	0	1	0	0	0	0
L1597222-R001	biblical_book	1Sam	6	10		4Q51	1606703	6c	1	1597222				books/DSS-1-Samuel.txt	567833	1791	1998512-1998515	4	0	7a64eabdb8fc4ad7b4119e932ec57c664adb6e5feaf31070f5295cd4b78efcc6	linguistics/books/DSS-1-Samuel-Linguistics.txt	789881	1910	41a54e2ea330bd088bee9eefaebea0f928e105c42dc6cd920e700051c1d7f62d	PARTLY_RECONSTRUCTED	8	4	1	1	2	5	1	1	2	0	0	0	0
L1597222-R002	biblical_book	1Sam	6	11		4Q51	1606703	6c	1	1597222				books/DSS-1-Samuel.txt	569624	2779	1998516-1998524	9	1	7c4f669836476024abba5e0c9f49780e57d63d0be47f0e73deae2ec9cee7601e	linguistics/books/DSS-1-Samuel-Linguistics.txt	791791	4039	1608662912ffa46b598758949d049ff18d0c19a51fb20268c091da4c45ccb9ea	ALL_LETTER_SLOTS_RECONSTRUCTED	26	26	26	0	0	26	0	0	0	0	0	0	0
L1597223-R001	biblical_book	1Sam	6	11		4Q51	1606703	6c	2	1597223				books/DSS-1-Samuel.txt	572403	3215	1998525-1998535	11	1	71b6c43b708c845bcfa2b323241b8dc7d3b23f3e6fef1106cd1cf075ca2af64f	linguistics/books/DSS-1-Samuel-Linguistics.txt	795830	4704	cd6ee92ac6d4fcfe0668ec23d2f862dda604a24ee5fab347b0e63b29949ea446	PARTLY_RECONSTRUCTED	24	20	16	2	2	18	2	1	2	0	0	0	0
L1597224-R001	biblical_book	1Sam	6	12		4Q51	1606703	6d	1	1597224				books/DSS-1-Samuel.txt	575618	2773	1998536-1998543	8	1	a8c6ca5bb76a51632adb5ac1a426f70fa59459c1e3b1c930e4b379eeb30f1583	linguistics/books/DSS-1-Samuel-Linguistics.txt	800534	3583	1b5756e512ff5768feb1052df3a47e0bcdef631931a216cfca2a00adb87f2b48	PARTLY_RECONSTRUCTED	22	20	17	1	2	19	1	1	1	0	0	0	0
L1597225-R001	biblical_book	1Sam	6	12		4Q51	1606703	6d	2	1597225				books/DSS-1-Samuel.txt	578391	2988	1998544-1998553	10	0	a827f8274c4cb93960c3c4c20fc6f5153910eaf4acc5f587c91448bc8b62bb7b	linguistics/books/DSS-1-Samuel-Linguistics.txt	804117	4628	12879c5bc1c689e4a619fd13a9803ad1fbcc7d1872f6fd27b4f5b9c8dd6fa236	PARTLY_RECONSTRUCTED	38	35	30	2	3	33	2	0	1	0	0	0	0
L1597225-R002	biblical_book	1Sam	6	13		4Q51	1606703	6d	2	1597225				books/DSS-1-Samuel.txt	581379	1700	1998554-1998555	2	1	77c1c921c5646d9a50351e49e93898ac105df39b4dccd91292929c7b6ab1c136	linguistics/books/DSS-1-Samuel-Linguistics.txt	808745	1176	2e736caf1b5c52ad609a6fcb52741cb898564735e26ddb6da78c004a8a0718c4	ALL_LETTER_SLOTS_RECONSTRUCTED	4	4	4	0	0	4	0	0	0	0	0	0	0
L1597226-R001	biblical_book	1Sam	6	13		4Q51	1606703	6d	3	1597226				books/DSS-1-Samuel.txt	583079	3707	1998556-1998568	13	1	a9b34c4086237ce2bc3ef1a81082adc9e0fa5585cfc3ee6caafbd80c6382e49f	linguistics/books/DSS-1-Samuel-Linguistics.txt	809921	5685	440ede18d67366012877345b4dcbd3c34d5854914838bc854ac1ce9bd64931b9	PARTLY_RECONSTRUCTED	42	39	35	2	2	35	2	0	1	0	0	0	0
L1597227-R001	biblical_book	1Sam	6	16		4Q51	1606703	6e_f	1	1597227				books/DSS-1-Samuel.txt	586786	2834	1998569-1998576	8	1	26f71e559a89bef71bd6383b4e98b79c38bda3541c068933736fcb7ab3cceba8	linguistics/books/DSS-1-Samuel-Linguistics.txt	815606	3705	ee61d96c9763551bb9be910ac0e9f6f11657544590d68c2c8d173ddec631566f	PARTLY_RECONSTRUCTED	27	25	22	2	1	24	2	1	1	0	0	0	0
L1597228-R001	biblical_book	1Sam	6	16		4Q51	1606703	6e_f	2	1597228				books/DSS-1-Samuel.txt	589620	2015	1998577-1998582	6	0	1a3e8b017468c2498ca425d2a016e7c17dde33db57524dccc9054912100ba49a	linguistics/books/DSS-1-Samuel-Linguistics.txt	819311	2764	62cdf6e534040f4d72f4bd413a0efc465c4395d27f40b8885dab04d250ef93cb	ALL_LETTER_SLOTS_RECONSTRUCTED	15	13	13	0	0	15	0	0	1	0	0	0	0
L1597228-R002	biblical_book	1Sam	6	17		4Q51	1606703	6e_f	2	1597228				books/DSS-1-Samuel.txt	591635	2782	1998583-1998590	8	1	7dbcdcd9b0064c75654e589ebeab7d6f9eff99598f5a0a532267580e7ac0b7bf	linguistics/books/DSS-1-Samuel-Linguistics.txt	822075	3759	3d8edf375ee098e074529e4ff0c232776e1aced16cbd23b8baa353d8fdf40230	PARTLY_RECONSTRUCTED	27	27	21	0	6	21	0	0	0	0	0	0	0
L1597229-R001	biblical_book	1Sam	6	17		4Q51	1606703	6e_f	3	1597229				books/DSS-1-Samuel.txt	594417	3588	1998591-1998604	14	1	802b19037520881ef29153026ce3ba8be57df4b26bc0fce888917ba3412c47d6	linguistics/books/DSS-1-Samuel-Linguistics.txt	825834	6148	a841316f38a572bf9db555b48cb709a6315db9494fa7ee4cc2f0c0f2e577e2ce	PARTLY_RECONSTRUCTED	37	37	33	1	3	33	1	0	0	0	0	0	0
L1597230-R001	biblical_book	1Sam	6	17		4Q51	1606703	6e_f	4	1597230				books/DSS-1-Samuel.txt	598005	1930	1998605-1998609	5	0	699832b117a8d39113538b05a3d79791c10820d6671c4314380a894977375c73	linguistics/books/DSS-1-Samuel-Linguistics.txt	831982	2418	3d4673de0f621c9a1b1903d4a2eddcd4e88a472efbfb31d67803ba889c682248	PARTLY_RECONSTRUCTED	14	12	11	1	0	11	1	0	1	0	0	0	0
L1597230-R002	biblical_book	1Sam	6	18		4Q51	1606703	6e_f	4	1597230				books/DSS-1-Samuel.txt	599935	3011	1998610-1998617	8	1	d187fecf88788d623e60c578bb05646e6b3335e714aedf0272136f8d32c79295	linguistics/books/DSS-1-Samuel-Linguistics.txt	834400	3789	d2aecb8054603951e5b96fbc9e79da80302c2d31ee45ce1aaddc1664c6d67d2a	PARTLY_RECONSTRUCTED	25	25	17	3	5	17	3	0	0	0	0	0	0
L1597231-R001	biblical_book	1Sam	6	18		4Q51	1606703	6e_f	5	1597231				books/DSS-1-Samuel.txt	602946	3842	1998618-1998633	16	1	61a694650a13c1a64fe1a70845913d9ccf677c70b9406f80cfdd2c7f77c5beb0	linguistics/books/DSS-1-Samuel-Linguistics.txt	838189	6810	38969447d8f66e8b331ef6f92d8f88d51aaee068d216548f97ec755ff10c9b63	PARTLY_RECONSTRUCTED	37	37	28	2	7	28	2	0	0	0	0	0	0
L1597232-R001	biblical_book	1Sam	6	18		4Q51	1606703	6e_f	6	1597232				books/DSS-1-Samuel.txt	606788	3711	1998634-1998646	13	1	cc85e9e42500b2734edec49ff45f32cef744029e7a67a5dff550ea0a267d9b4a	linguistics/books/DSS-1-Samuel-Linguistics.txt	844999	5788	6ce8ba467f7af7529e89713ea10e193bf124b8440e82e80495cfda079f9e4668	PARTLY_RECONSTRUCTED	43	40	32	2	6	32	2	0	1	0	0	0	0
L1597233-R001	biblical_book	1Sam	6	20		4Q51	1606703	7a	1	1597233				books/DSS-1-Samuel.txt	610499	4230	1998647-1998665	19	1	5c72be305b641ca90178ba4acfc11d284bd4c95b42a41fc80ed90da057a048e8	linguistics/books/DSS-1-Samuel-Linguistics.txt	850787	7939	0534f51ba1e91270efdee5c9a8b208e430f9754ac3031e750926c44c0c9fd3ce	PARTLY_RECONSTRUCTED	48	48	31	1	16	31	1	0	0	0	0	0	0
L1597234-R001	biblical_book	1Sam	6	20		4Q51	1606703	7a	2	1597234				books/DSS-1-Samuel.txt	614729	2210	1998666-1998671	6	0	e49bfb27e8c459b8e21e99c17b167bd18f1b2afb42bc3fdf43030a7d11dab649	linguistics/books/DSS-1-Samuel-Linguistics.txt	858726	2783	02a449836902a03b7f28547edf807dfeb956f9b6a2afe356088cb276fa44333e	ALL_LETTER_SLOTS_RECONSTRUCTED	21	18	18	0	0	21	0	0	1	0	0	0	0
L1597234-R002	biblical_book	1Sam	6	21		4Q51	1606703	7a	2	1597234				books/DSS-1-Samuel.txt	616939	3173	1998672-1998680	9	1	800f463839e9ca895d30d05f11b1d45e371a3b5ef137d886adfd298bb8f3039d	linguistics/books/DSS-1-Samuel-Linguistics.txt	861509	4197	37188ab7896f44b19944fc1778e9a9128c0085117b4e23cc00f1755b24ef1079	PARTLY_RECONSTRUCTED	33	33	14	4	15	14	4	0	0	0	0	0	0
L1597235-R001	biblical_book	1Sam	6	21		4Q51	1606703	7a	3	1597235				books/DSS-1-Samuel.txt	620112	3256	1998681-1998691	11	0	5fe59c752306c9fcf0ecd5195e1b99ae90bf4671f3cfcda1527d0955b8a230bd	linguistics/books/DSS-1-Samuel-Linguistics.txt	865706	4951	890045e837e6785cf83be7e32c66b468523ac42b00328aff2c101d9fa231e5c0	PARTLY_RECONSTRUCTED	43	39	30	2	7	30	2	0	1	0	0	0	0
L1597235-R002	biblical_book	1Sam	7	1		4Q51	1606703	7a	3	1597235				books/DSS-1-Samuel.txt	623368	2124	1998692-1998695	4	1	1e77e7764c011666cc8e95e5de6636aa83334b320ae0b2dccb86fa7ca500dbaa	linguistics/books/DSS-1-Samuel-Linguistics.txt	870657	2045	1875278186facdc77f99af0259a09c96447fdefae90f62a463687436cb345181	PARTLY_RECONSTRUCTED	13	13	5	0	8	5	0	0	0	0	0	0	0
L1597236-R001	biblical_book	1Sam	7	1		4Q51	1606703	7a	4	1597236				books/DSS-1-Samuel.txt	625492	4142	1998696-1998710	15	1	0779120dbe6bdfcffb4806b120ef16b671654c91c72c6eeeb16261725675c7cd	linguistics/books/DSS-1-Samuel-Linguistics.txt	872702	6629	687272718ca2915a700fede8ec7989eac8f9f3af3a112b2f5fc8e0524de9c9da	PARTLY_RECONSTRUCTED	51	48	42	1	5	43	1	0	1	0	0	0	0
L1597237-R001	biblical_book	1Sam	8	7		4Q51	1606703	7b	1	1597237				books/DSS-1-Samuel.txt	629634	4219	1998711-1998727	17	1	9ded095147dcae9c248852d77b54cf099860c5509d81e36b5ab28e48852e5ca5	linguistics/books/DSS-1-Samuel-Linguistics.txt	879331	7117	273d6cd0b7d464da0c5d7d6ce1856c6bbc37359b23641a9a01fd26bea0bba9a4	PARTLY_RECONSTRUCTED	45	42	38	1	3	41	1	1	1	0	0	0	0
L1597238-R001	biblical_book	1Sam	8	7		4Q51	1606703	7b	2	1597238				books/DSS-1-Samuel.txt	633853	3576	1998728-1998737	10	1	95769382e70687f88274c3ffd028054e04d2fbe9f2114a4db9548a3e7c6139fb	linguistics/books/DSS-1-Samuel-Linguistics.txt	886448	4375	f9f99187aa9a4532ef9fa96e9f6f0e52d86ada6a9719de7c83c510c686154879	PARTLY_RECONSTRUCTED	34	27	24	1	2	29	1	1	2	0	0	0	0
L1597239-R001	biblical_book	1Sam	8	9		4Q51	1606703	8a_b	1	1597239				books/DSS-1-Samuel.txt	637429	2968	1998738-1998746	9	0	5e1d77650cd1d646db5b4c7c5de27523b614943105e25d2fa25402e59106303d	linguistics/books/DSS-1-Samuel-Linguistics.txt	890823	4026	11837f18a20690ace56fb0bf9f04f1feb4aed597e9e57557b4a2e1a2d18924d6	PARTLY_RECONSTRUCTED	29	25	10	4	11	13	4	0	1	0	0	0	0
L1597239-R002	biblical_book	1Sam	8	10		4Q51	1606703	8a_b	1	1597239				books/DSS-1-Samuel.txt	640397	2525	1998747-1998753	7	1	534678da7942e61cb38112131adcb60fdd782eda094105f2f89dafbc7980a019	linguistics/books/DSS-1-Samuel-Linguistics.txt	894849	3278	501530890fc68096e4f4bf4964fd799be4cad44b162d96fd0e7fc83f6f1964be	ALL_LETTER_SLOTS_RECONSTRUCTED	23	23	23	0	0	23	0	0	0	0	0	0	0
L1597240-R001	biblical_book	1Sam	8	10		4Q51	1606703	8a_b	2	1597240				books/DSS-1-Samuel.txt	642922	3531	1998754-1998762	9	2	88d159fd777972be830895b4c65d2efcdc43f6ffe42e8052063a85c8055cc15e	linguistics/books/DSS-1-Samuel-Linguistics.txt	898127	3911	b6ddc2a6f59ecc581e71c034304e20c152fe22f92f42afefb4ca7e83ddf82717	PARTLY_RECONSTRUCTED	22	19	1	6	13	1	6	0	1	0	0	0	0
L1597241-R001	biblical_book	1Sam	8	11		4Q51	1606703	8a_b	3	1597241				books/DSS-1-Samuel.txt	646453	4471	1998763-1998778	16	1	7f37fde0f1aaacedbedb8e65a6a4101aa46e29811da383c39494fd9cc857331a	linguistics/books/DSS-1-Samuel-Linguistics.txt	902038	6878	e2d1b9a3327387ce8fd56e2b1de43ee2adcbea74678fdc69eceab15c12a8dd96	PARTLY_RECONSTRUCTED	50	47	39	1	7	42	1	0	0	0	0	0	0
L1597242-R001	biblical_book	1Sam	8	11		4Q51	1606703	8a_b	4	1597242				books/DSS-1-Samuel.txt	650924	3256	1998779-1998789	11	0	6923b7ae713b93ef4c1f5d430ca1b7c75daa4246854ef3413f80aea3adb8d788	linguistics/books/DSS-1-Samuel-Linguistics.txt	908916	4852	7947146117c62b3794532efebc5fdd0071ba45acc2805f6391f76f97fa159ac7	PARTLY_RECONSTRUCTED	32	27	14	1	12	18	1	0	1	0	0	0	0
L1597242-R002	biblical_book	1Sam	8	12		4Q51	1606703	8a_b	4	1597242				books/DSS-1-Samuel.txt	654180	2878	1998790-1998798	9	1	923bf5afda616f29dee33538d3aa96e6d6c728e75831fcd8368a985140449ca7	linguistics/books/DSS-1-Samuel-Linguistics.txt	913768	3949	c26cc4f4736e84bf622f5bb1e6d56e0228802bac75cc076eef3005c5419baf51	ALL_LETTER_SLOTS_RECONSTRUCTED	24	23	23	0	0	24	0	0	0	0	0	0	0
L1597243-R001	biblical_book	1Sam	8	12		4Q51	1606703	8a_b	5	1597243				books/DSS-1-Samuel.txt	657058	4312	1998799-1998815	17	0	0e4574a28ac7032accc323ca6132268b6c07354bec800e4f9360c41c1aa1815e	linguistics/books/DSS-1-Samuel-Linguistics.txt	917717	7250	322b4d4a7b5e5a958dcc543c2e191200802ededff0516f4d64b06602cdc2dec5	PARTLY_RECONSTRUCTED	48	42	39	1	2	45	1	0	1	0	0	0	0
L1597243-R002	biblical_book	1Sam	8	13		4Q51	1606703	8a_b	5	1597243				books/DSS-1-Samuel.txt	661370	2034	1998816-1998818	3	1	9ca7f86cec01de64a1ce3904b7a20c8080df8ba2893b43b483c3f9a660003ca3	linguistics/books/DSS-1-Samuel-Linguistics.txt	924967	1601	7d54363a1d836d8998c9edd3d370708c495dea77a9d0df31ea544de3e0491f96	ALL_LETTER_SLOTS_RECONSTRUCTED	11	10	10	0	0	11	0	0	0	0	0	0	0
L1597244-R001	biblical_book	1Sam	8	13		4Q51	1606703	8a_b	6	1597244				books/DSS-1-Samuel.txt	663404	2704	1998819-1998828	10	0	6f5bb53891eec9195e066f5158269c6141d1101f847c70b7e7c891f016395897	linguistics/books/DSS-1-Samuel-Linguistics.txt	926568	4319	0e7af402b4e94695dd529231681874853653fd848bb9554ec325fd2a9745be59	PARTLY_RECONSTRUCTED	24	22	19	3	0	21	3	0	1	0	0	0	0
L1597244-R002	biblical_book	1Sam	8	14		4Q51	1606703	8a_b	6	1597244				books/DSS-1-Samuel.txt	666108	3077	1998829-1998836	8	1	1884d7460346fe0236ebd698c7b00741c713b19187f93d60dd3ba0611905e4bb	linguistics/books/DSS-1-Samuel-Linguistics.txt	930887	3656	412d4e0f338d800e22528d9d6a347f65ce7ce80c6329c94865927a12713d96bd	ALL_LETTER_SLOTS_RECONSTRUCTED	29	26	26	0	0	29	0	0	0	0	0	0	0
L1597245-R001	biblical_book	1Sam	8	14		4Q51	1606703	8a_b	7	1597245				books/DSS-1-Samuel.txt	669185	2603	1998837-1998844	8	0	6e86ca80f8b46ee0401a60eb7378a5fd65872f96860b43052544cea341fd74d7	linguistics/books/DSS-1-Samuel-Linguistics.txt	934543	3528	5b59fa1e0b38971e0d0ab32b9c00168445ffe17d9041875011dbf467cb1d1aab	PARTLY_RECONSTRUCTED	22	19	8	3	8	11	3	0	1	0	0	0	0
L1597245-R002	biblical_book	1Sam	8	15		4Q51	1606703	8a_b	7	1597245				books/DSS-1-Samuel.txt	671788	3933	1998845-1998857	13	1	12c74c06937f14ec0ab6d5bfa98865788837fd572ba627755b1063d8ca2ad760	linguistics/books/DSS-1-Samuel-Linguistics.txt	938071	5578	1188bce865c2e541b53294359b58a75fec09bb44496e2f251e7d1e8ba315be6b	ALL_LETTER_SLOTS_RECONSTRUCTED	42	36	36	0	0	40	0	0	1	0	0	0	0
L1597246-R001	biblical_book	1Sam	8	16		4Q51	1606703	8a_b	8	1597246				books/DSS-1-Samuel.txt	675721	4194	1998858-1998872	15	1	8747dec83b074d0a04002f88fb94483a8e4d383e20610e3aab3c8e57b2320e9d	linguistics/books/DSS-1-Samuel-Linguistics.txt	943649	6471	a278ea9b24f844ea183bd4d42e78fb1551aa4741e891001225aa70f877d9f21c	PARTLY_RECONSTRUCTED	50	46	27	0	19	29	0	0	0	0	0	0	0
L1597247-R001	biblical_book	1Sam	8	16		4Q51	1606703	8a_b	9	1597247				books/DSS-1-Samuel.txt	679915	1936	1998873-1998877	5	0	6153a61c334f2df4fb0de753dc2340e95349d8c09eca319a52e304d05e075272	linguistics/books/DSS-1-Samuel-Linguistics.txt	950120	2352	e1d9a43e4323cd93136d0b52362ed0795017b6639c83dd4d17ea826837e1f89e	NO_LETTER_RECONSTRUCTION_MARKED	14	11	0	0	11	0	0	0	1	0	0	0	0
L1597247-R002	biblical_book	1Sam	8	17		4Q51	1606703	8a_b	9	1597247				books/DSS-1-Samuel.txt	681851	2992	1998878-1998887	10	0	706395f0e7e47306b727cdd8e59e3bc0c08378dc5f807c065eb9bdc0f049c197	linguistics/books/DSS-1-Samuel-Linguistics.txt	952472	4346	e97b00b952f1b783168c08df26b1d1923d312306d1534466df2ea20db2c648ae	PARTLY_RECONSTRUCTED	30	26	18	2	6	21	2	0	1	0	0	0	0
L1597247-R003	biblical_book	1Sam	8	18		4Q51	1606703	8a_b	9	1597247				books/DSS-1-Samuel.txt	684843	2010	1998888-1998891	4	1	33d3154d984f3d6fb4ef36194935a22a693cb8ebbda421747f3ccf9e350dc8ef	linguistics/books/DSS-1-Samuel-Linguistics.txt	956818	1963	ee3b8fd311bcc4156a3f117e92424d5d2683b23b1d51bf6f899a7f474a8abefd	ALL_LETTER_SLOTS_RECONSTRUCTED	10	10	10	0	0	10	0	0	0	0	0	0	0
L1597248-R001	biblical_book	1Sam	8	18		4Q51	1606703	8a_b	10	1597248				books/DSS-1-Samuel.txt	686853	4507	1998892-1998907	16	1	dbeea1342e5609dc60ba9deda8785944c6228b33905cca9a7f2ae59393ace5b7	linguistics/books/DSS-1-Samuel-Linguistics.txt	958781	6872	c839b59ec9c13c7eb11e8878efe33107484ad471ff36b4fbeb3f717cbb9d1623	PARTLY_RECONSTRUCTED	49	46	32	4	10	34	4	0	0	0	0	0	0
L1597249-R001	biblical_book	1Sam	8	18		4Q51	1606703	8a_b	11	1597249				books/DSS-1-Samuel.txt	691360	2444	1998908-1998915	8	0	4917c0cd9cef4f18164d1321e74f0e3e72da1e719b55573df06b4654b976c3b0	linguistics/books/DSS-1-Samuel-Linguistics.txt	965653	3540	5276ab65626867bfdfc6ecb78f1b4777c3cb77a63e43e0cd725ffb2a09aa35d1	PARTLY_RECONSTRUCTED	22	19	16	0	3	19	0	0	1	0	0	0	0
L1597249-R002	biblical_book	1Sam	8	19		4Q51	1606703	8a_b	11	1597249				books/DSS-1-Samuel.txt	693804	3194	1998916-1998927	12	1	e58cd13227bdab8783ade226d6c0aa177eabed38436d1a0e87364e0e554d1eae	linguistics/books/DSS-1-Samuel-Linguistics.txt	969193	5133	c16d7bca39a413c64e6b31fc4dc9ffafc5db3b365d104c603c1986762b9e2fb5	ALL_LETTER_SLOTS_RECONSTRUCTED	30	30	30	0	0	30	0	0	0	0	0	0	0
L1597250-R001	biblical_book	1Sam	8	19		4Q51	1606703	8a_b	12	1597250				books/DSS-1-Samuel.txt	696998	1950	1998928-1998931	4	0	e621579792648720f1ffbc1edc75bdbe4dcb0f79efbd0410a81491c3ab553f26	linguistics/books/DSS-1-Samuel-Linguistics.txt	974326	2004	188cf6892e886b8a33a6ad3aea420be76abfc9ed2d9c3353b3545fd68ae65b2f	PARTLY_RECONSTRUCTED	15	12	6	0	6	9	0	0	1	0	0	0	0
L1597250-R002	biblical_book	1Sam	8	20		4Q51	1606703	8a_b	12	1597250				books/DSS-1-Samuel.txt	698948	4096	1998932-1998946	15	1	21feba9a118ed0d9ed11f4c2593412081215e76765cbebb3e690869164120b39	linguistics/books/DSS-1-Samuel-Linguistics.txt	976330	6484	0b49a20d1d55179ef4732e94cda3f9409a32115cb6757224f606a800c05f4201	ALL_LETTER_SLOTS_RECONSTRUCTED	46	43	43	0	0	46	0	0	0	0	0	0	0
L1597251-R001	biblical_book	1Sam	8	20		4Q51	1606703	8a_b	13	1597251				books/DSS-1-Samuel.txt	703044	2808	1998947-1998952	6	1	c7b24cda194d8c8db2b7b7f135454f9fc0747467b03a966601b09e04f19e3e50	linguistics/books/DSS-1-Samuel-Linguistics.txt	982814	2820	a1567c8b3d14d70ba306298f2c81bccedcf79ca5fd20482abe89b2e66fe0a89c	PARTLY_RECONSTRUCTED	21	16	11	3	2	14	3	1	2	0	0	0	0
L1597252-R001	biblical_book	1Sam	9	6		4Q51	1606703	8c	1	1597252				books/DSS-1-Samuel.txt	705852	4313	1998953-1998971	19	1	35c82041f4c1abc4f29ac16b6eb4eebc3af29e383c7e369627cea7240f0b3dab	linguistics/books/DSS-1-Samuel-Linguistics.txt	985634	7988	4f381c8ad31ce8f239b8e6b26583b745c81de2a11eba368d6c3764d10f02c0dc	PARTLY_RECONSTRUCTED	51	51	50	1	0	50	1	0	0	0	0	0	0
L1597253-R001	biblical_book	1Sam	9	6		4Q51	1606703	8c	2	1597253				books/DSS-1-Samuel.txt	710165	4449	1998972-1998986	15	1	b04c1583850256a56f667107e5f82b546f6f058db118baf194ee95df4a583434	linguistics/books/DSS-1-Samuel-Linguistics.txt	993622	6541	a19ae839b70211049d28510aa18f1f4a94121dc0dd4a3df348ffb81ae936fcc2	PARTLY_RECONSTRUCTED	56	50	46	1	3	49	1	0	1	0	0	0	0
L1597254-R001	biblical_book	1Sam	9	7		4Q51	1606703	8c	3	1597254				books/DSS-1-Samuel.txt	714614	4448	1998987-1999005	19	1	cff6e461eb1e2632152db78e04dbc32b85b062c581ba0b7f0f638efeba079427	linguistics/books/DSS-1-Samuel-Linguistics.txt	1000163	8030	dfbc6c9f9281664a9fa3469ac519015cac1baa91dcb7874090d04c5cd86f2ca1	PARTLY_RECONSTRUCTED	49	48	43	1	4	44	1	0	0	0	0	0	0
L1597255-R001	biblical_book	1Sam	9	7		4Q51	1606703	8c	4	1597255				books/DSS-1-Samuel.txt	719062	3141	1999006-1999016	11	0	18a81988c00edb74a5871121adc867b496fe8291016d3dd3e2eba0929b8bdc21	linguistics/books/DSS-1-Samuel-Linguistics.txt	1008193	4742	7e694282ced46a05fce927e4a57abc2cb4508cdb4b98c989b6fde883abf87fbc	PARTLY_RECONSTRUCTED	32	28	23	1	4	27	1	0	1	0	0	0	0
L1597255-R002	biblical_book	1Sam	9	8		4Q51	1606703	8c	4	1597255				books/DSS-1-Samuel.txt	722203	2592	1999017-1999024	8	1	1c8c7135615d84c56edaba93d4c68c7d2d7c9c22b5b09922e9295cbcf2e0a336	linguistics/books/DSS-1-Samuel-Linguistics.txt	1012935	3552	9702873079142a7b409dbbdc595e958eacf50a0cc1fa12314275981bfd8b477a	ALL_LETTER_SLOTS_RECONSTRUCTED	20	20	20	0	0	20	0	0	0	0	0	0	0
L1597256-R001	biblical_book	1Sam	9	8		4Q51	1606703	8c	5	1597256				books/DSS-1-Samuel.txt	724795	4777	1999025-1999043	19	1	5d2adfeaed3548d6dc2ba001c0e8c2cf6c9b46080cb4acfed0c4f87ecb672908	linguistics/books/DSS-1-Samuel-Linguistics.txt	1016487	7990	495d563ba74f2df6912394543322ab2708dce28d94003365f127b03b9cc46a23	PARTLY_RECONSTRUCTED	53	49	45	3	1	47	3	0	1	0	0	0	0
L1597257-R001	biblical_book	1Sam	9	10		4Q51	1606703	8d	1	1597257				books/DSS-1-Samuel.txt	729572	3976	1999044-1999056	13	2	b6b56911eb7165f4436cdb8ebdc5553e5bb0f3c01bdde1a0e7654260908757b8	linguistics/books/DSS-1-Samuel-Linguistics.txt	1024477	5555	00606d157bdecf4d4d61c75073397fdb890127095ba5295b34dc81bd86dd6c8f	PARTLY_RECONSTRUCTED	36	33	32	1	0	35	1	0	1	0	0	0	0
L1597258-R001	biblical_book	1Sam	9	11		4Q51	1606703	8d	2	1597258				books/DSS-1-Samuel.txt	733548	3718	1999057-1999071	15	1	5e637e700b1666aa658cac6df6fc87e2fc26cf8ef840486604e992885de8ddf5	linguistics/books/DSS-1-Samuel-Linguistics.txt	1030032	6491	e8c026dbfee8c3517321f71a125431bddb58e5182892997d90d6db5155c51316	PARTLY_RECONSTRUCTED	47	47	44	0	3	44	0	0	0	0	0	0	0
L1597259-R001	biblical_book	1Sam	9	11		4Q51	1606703	8d	3	1597259				books/DSS-1-Samuel.txt	737266	2727	1999072-1999081	10	0	62cbd1c68551d2ab8e7bad3f7a1fddd3ea29bc798337da5dae973b0ca2f2ae12	linguistics/books/DSS-1-Samuel-Linguistics.txt	1036523	4233	a7fe9fd495633fe9d734c0c14067c9de60ef4b5d2e4a044675130ff14be6835c	PARTLY_RECONSTRUCTED	23	20	16	0	4	19	0	0	1	0	0	0	0
L1597259-R002	biblical_book	1Sam	9	12		4Q51	1606703	8d	3	1597259				books/DSS-1-Samuel.txt	739993	3071	1999082-1999090	9	1	c7533edb44e07fff9e23feb91f294412e13a4f7a9b89e1f1a0702e615dba86ae	linguistics/books/DSS-1-Samuel-Linguistics.txt	1040756	4005	2797bbe8abac4ab55db4323e6bd28e0dfe31d1085637605ed8721d7ef5e237a2	ALL_LETTER_SLOTS_RECONSTRUCTED	31	29	29	0	0	31	0	0	0	0	0	0	0
L1597260-R001	biblical_book	1Sam	9	12		4Q51	1606703	8d	4	1597260				books/DSS-1-Samuel.txt	743064	2041	1999091-1999093	3	1	1228ab04943cfd3756670a3f0f39dd318408e4e903056f11ed835efe91919aa8	linguistics/books/DSS-1-Samuel-Linguistics.txt	1044761	1522	706002cdf98373376f8facd18a0084ec3f9d855eb484f8b92ee1ae40297a59ed	NO_LETTER_RECONSTRUCTION_MARKED	7	3	0	2	1	2	2	1	2	0	0	0	0
L1597261-R001	biblical_book	1Sam	9	16		4Q51	1606703	9a_d	1	1597261				books/DSS-1-Samuel.txt	745105	4575	1999094-1999110	17	1	886c6943f420110a6bf38f7a0e50ead0d1b71ff220fd0a797fb5d5fd5c8116d8	linguistics/books/DSS-1-Samuel-Linguistics.txt	1046283	7393	ef3e75c95e095588cba5c44158669cb6f67bf2f5c51991816a758895a97c5f52	PARTLY_RECONSTRUCTED	54	51	32	2	17	34	2	0	0	0	0	0	0
L1597262-R001	biblical_book	1Sam	9	16		4Q51	1606703	9a_d	2	1597262				books/DSS-1-Samuel.txt	749680	1870	1999111-1999113	3	0	71b6d640359770b4d5f70322a01e577d7e77ae6986edd725ddd3704d6f07eaa5	linguistics/books/DSS-1-Samuel-Linguistics.txt	1053676	1597	420804600f0147d69b0d0b717a0aba8a6321843c3cbf390d77326f327bc975a2	ALL_LETTER_SLOTS_RECONSTRUCTED	12	8	8	0	0	12	0	0	1	0	0	0	0
L1597262-R002	biblical_book	1Sam	9	17		4Q51	1606703	9a_d	2	1597262				books/DSS-1-Samuel.txt	751550	4131	1999114-1999127	14	1	09cae8aaed56ca44fc24a823a243bfffeac9bda68d3092174dca4b0c0d5b8a5d	linguistics/books/DSS-1-Samuel-Linguistics.txt	1055273	6161	d01f17d2c363991ad3c4d0590a7394cb5a4687d3d8c7bfc20451193a17483bd6	PARTLY_RECONSTRUCTED	45	43	28	3	12	29	3	0	0	0	0	0	0
L1597263-R001	biblical_book	1Sam	9	17		4Q51	1606703	9a_d	3	1597263				books/DSS-1-Samuel.txt	755681	2001	1999128-1999132	5	0	29a9f5affc0e5b4ae700a4be58a819e3f343d929908a21d187f2ff83409c98c5	linguistics/books/DSS-1-Samuel-Linguistics.txt	1061434	2301	fe85bb41c6da7b30a9331c542a5bd578b54387125f3a4067e89b6f4ddd619e2e	ALL_LETTER_SLOTS_RECONSTRUCTED	13	10	10	0	0	13	0	0	1	0	0	0	0
L1597263-R002	biblical_book	1Sam	9	18		4Q51	1606703	9a_d	3	1597263				books/DSS-1-Samuel.txt	757682	4211	1999133-1999148	16	1	38f741642bb07f999b5f2d82c35d567500a8767d132b959c000de01170a34047	linguistics/books/DSS-1-Samuel-Linguistics.txt	1063735	6873	ec645d464d97ad6d14851377bf68d17aa97bb5e7d32bc54f7f7e4b3349130afa	PARTLY_RECONSTRUCTED	43	42	35	3	4	36	3	0	0	0	0	0	0
L1597264-R001	biblical_book	1Sam	9	18		4Q51	1606703	9a_d	4	1597264				books/DSS-1-Samuel.txt	761893	1566	1999149-1999151	3	0	a5035c4268b3e56f5ca8da6dab5226c26bceafdb8f5d46a14f0d76f4a5218589	linguistics/books/DSS-1-Samuel-Linguistics.txt	1070608	1526	d03c820c9f6a8fde976d5b48daf5ab1c687e4d33718196b177061570dae8ef34	ALL_LETTER_SLOTS_RECONSTRUCTED	7	5	5	0	0	7	0	0	1	0	0	0	0
L1597264-R002	biblical_book	1Sam	9	19		4Q51	1606703	9a_d	4	1597264				books/DSS-1-Samuel.txt	763459	4379	1999152-1999168	17	1	ac35b2d985712f4766db86c374417ea24bcbde06e7aa0a0c5caaa196c2eea942	linguistics/books/DSS-1-Samuel-Linguistics.txt	1072134	7273	956d9ff2f35fcb52bb4faacb137c56ab9f99d0bf21c6cb7d5797730f9bb79f63	PARTLY_RECONSTRUCTED	47	45	40	2	3	42	2	0	0	0	0	0	0
L1597265-R001	biblical_book	1Sam	9	19		4Q51	1606703	9a_d	5	1597265				books/DSS-1-Samuel.txt	767838	3820	1999169-1999183	15	0	40e3f46d840544f4df6baa4b169b537e6a94a3198ec03e92b057308e2f091a61	linguistics/books/DSS-1-Samuel-Linguistics.txt	1079407	6344	abdc49e24b8353cc4b8844e0e30c4d2ba9c78c8e8a13f8795e690adcd1c5a3c2	PARTLY_RECONSTRUCTED	42	36	35	0	1	38	0	0	1	0	0	0	0
L1597265-R002	biblical_book	1Sam	9	20		4Q51	1606703	9a_d	5	1597265				books/DSS-1-Samuel.txt	771658	2551	1999184-1999189	6	1	fde287b0bdf576dac1298b110741a2c63ad9dbb4aaf7eaafd96cddc084b292f5	linguistics/books/DSS-1-Samuel-Linguistics.txt	1085751	2759	e9636c6bfc712665e71ccc5d7176ee21120e77992ebe1fd1d74907afd481a1e8	PARTLY_RECONSTRUCTED	17	16	11	2	3	12	2	0	0	0	0	0	0
L1597266-R001	biblical_book	1Sam	9	20		4Q51	1606703	9a_d	6	1597266				books/DSS-1-Samuel.txt	774209	4026	1999190-1999201	12	2	e5b61d116cb03d3124e7befbe16be70dbd995804dc80ce3d31910f5c51faab72	linguistics/books/DSS-1-Samuel-Linguistics.txt	1088510	5205	3bf6bf2b67774cea76fa4bf62140e0352fee1b8eb1574937864ec4d63fc133dc	PARTLY_RECONSTRUCTED	37	35	33	2	0	35	2	0	0	0	0	0	0
L1597267-R001	biblical_book	1Sam	9	20		4Q51	1606703	9a_d	7	1597267				books/DSS-1-Samuel.txt	778235	4358	1999202-1999217	16	1	8be3ff4d45598bcadee74cbdc5b89b01dccc73c4bcc75bf448e940d9bf50d954	linguistics/books/DSS-1-Samuel-Linguistics.txt	1093715	6734	5e052cf9e70014a70a8158b44b591738bfe7d3e626adc401f42280d5faf9f5ee	PARTLY_RECONSTRUCTED	40	35	33	0	2	38	0	0	1	0	0	0	0
L1597267-R002	biblical_book	1Sam	9	21		4Q51	1606703	9a_d	7	1597267				books/DSS-1-Samuel.txt	782593	1706	1999218-1999219	2	1	8b56c39fba8e8b16c146313bd2533ed8c16914d533fb265ade0b810effbfea79	linguistics/books/DSS-1-Samuel-Linguistics.txt	1100449	1165	0a048b0235a9c78d34da52fc4c23b6baa66821acb18d0f0086d8adf537460c5a	ALL_LETTER_SLOTS_RECONSTRUCTED	4	4	4	0	0	4	0	0	0	0	0	0	0
L1597268-R001	biblical_book	1Sam	9	21		4Q51	1606703	9a_d	8	1597268				books/DSS-1-Samuel.txt	784299	4077	1999220-1999236	17	1	6c92752b91c0448a07c11bb4c15c5487e3408ba9d93c6a2e1ac97fba28e481be	linguistics/books/DSS-1-Samuel-Linguistics.txt	1101614	7519	7464ab4050a846fe1af1447b653414512b16b7e79e900666f4c33f4a031f22e4	PARTLY_RECONSTRUCTED	53	53	51	0	2	51	0	0	0	0	0	0	0
L1597269-R001	biblical_book	1Sam	9	21		4Q51	1606703	9a_d	9	1597269				books/DSS-1-Samuel.txt	788376	3498	1999237-1999251	15	0	a5f7533bbb5370f03db6a96db5dfd7548a476b3990179d4f6a74790ec7285fd5	linguistics/books/DSS-1-Samuel-Linguistics.txt	1109133	6499	d9fd48f150b6127e0e21a71a2de896ec2bcb99e73e012d9723b004382df9c54c	PARTLY_RECONSTRUCTED	43	40	36	0	4	39	0	0	1	0	0	0	0
L1597269-R002	biblical_book	1Sam	9	22		4Q51	1606703	9a_d	9	1597269				books/DSS-1-Samuel.txt	791874	1881	1999252-1999254	3	1	b891502fe0dde5d597e821b9d0ef7d4b40783cd4885e876fefe58a1efd711834	linguistics/books/DSS-1-Samuel-Linguistics.txt	1115632	1624	9ccc9ac0d925699cf0204718c4c9995cbf94c5666fe8a71078f6294a936b2c1a	ALL_LETTER_SLOTS_RECONSTRUCTED	9	9	9	0	0	9	0	0	0	0	0	0	0
L1597270-R001	biblical_book	1Sam	9	22		4Q51	1606703	9a_d	10	1597270				books/DSS-1-Samuel.txt	793755	4790	1999255-1999272	18	1	42e9e5bc252a4e7c3fb2bb7022b716e8d10e02f26fd17674ea2739503bb3e98b	linguistics/books/DSS-1-Samuel-Linguistics.txt	1117256	7676	2fe46dc36e68ef0c6ab04c8b251433c5355028989afae3b9ed68b5dbce68db37	PARTLY_RECONSTRUCTED	56	52	47	1	4	51	1	0	0	0	0	0	0
L1597271-R001	biblical_book	1Sam	9	22		4Q51	1606703	9a_d	11	1597271				books/DSS-1-Samuel.txt	798545	1735	1999273-1999276	4	0	b8eba4544fcd478b2cfe6d645d9038cfb77479ba73592e616cedc12cf63bc443	linguistics/books/DSS-1-Samuel-Linguistics.txt	1124932	1983	076f64700b249b7b2ddefd3aa731a6bc40eeab2ef442c47928698e682939d3de	ALL_LETTER_SLOTS_RECONSTRUCTED	11	9	9	0	0	11	0	0	1	0	0	0	0
L1597271-R002	biblical_book	1Sam	9	23		4Q51	1606703	9a_d	11	1597271				books/DSS-1-Samuel.txt	800280	4029	1999277-1999290	14	1	4ab37afafff14e246ba13ba2c5d2f6aae7ffa7ef2543a5be74dd64a481b58c3b	linguistics/books/DSS-1-Samuel-Linguistics.txt	1126915	6046	69d2e342dc68d7c3e3d0a2e7453acf22910b9a6586b90b169ff6e2f06c9dc6de	PARTLY_RECONSTRUCTED	40	37	30	2	5	33	2	0	0	0	0	0	0
L1597272-R001	biblical_book	1Sam	9	23		4Q51	1606703	9a_d	12	1597272				books/DSS-1-Samuel.txt	804309	2462	1999291-1999296	6	0	64ba5c1b803172e5d4ca5350a39e0e07d0d2b15eb9d4ad4cfc84c52291790068	linguistics/books/DSS-1-Samuel-Linguistics.txt	1132961	2761	2d7534c0d9567541b182f75d8b4dace6aa73a0ff5574eaadfd9984b8c33d75a6	ALL_LETTER_SLOTS_RECONSTRUCTED	22	17	17	0	0	22	0	0	1	0	0	0	0
L1597272-R002	biblical_book	1Sam	9	24		4Q51	1606703	9a_d	12	1597272				books/DSS-1-Samuel.txt	806771	3857	1999297-1999310	14	1	4cce139f033364b2167996958239d1c5f3e9bcbb33d43dfa635922fbaff5405e	linguistics/books/DSS-1-Samuel-Linguistics.txt	1135722	5947	8dc6c89f15f14c941b647f1e8357ad0ff0bf4e06a2ef91298bff92d4265ca8bc	PARTLY_RECONSTRUCTED	33	32	24	3	5	25	3	0	0	0	0	0	0
L1597273-R001	biblical_book	1Sam	9	24		4Q51	1606703	9a_d	13	1597273				books/DSS-1-Samuel.txt	810628	4741	1999311-1999328	18	2	c85a95762818bf6469e3120ade862798a39bc2023882ddb03883bc836f8180f7	linguistics/books/DSS-1-Samuel-Linguistics.txt	1141669	7528	f88c0fc35441ff9e69f91b41099141ca45b60438b9fc105e4d001053d465da99	PARTLY_RECONSTRUCTED	47	43	37	1	5	38	1	0	1	0	0	0	0
L1597274-R001	biblical_book	1Sam	10	3		4Q51	1606703	9e_i	1	1597274				books/DSS-1-Samuel.txt	815369	3953	1999329-1999344	16	1	ddc3b38c309f7d96f8a28bc9688198d91cafb8f2dc87c811c4ca6331ede8cf46	linguistics/books/DSS-1-Samuel-Linguistics.txt	1149197	6862	90b75073549ac9c75a356b828fef082f06999af4422ed2a79eb476055a84c996	PARTLY_RECONSTRUCTED	46	45	39	0	6	40	0	0	0	0	0	0	0
L1597275-R001	biblical_book	1Sam	10	3		4Q51	1606703	9e_i	2	1597275				books/DSS-1-Samuel.txt	819322	3853	1999345-1999358	14	1	1adf9fcf7849a1879e25135d2ef41b3b307b2eb30ed50ca7bdbb7b6a8658c5d9	linguistics/books/DSS-1-Samuel-Linguistics.txt	1156059	6325	e2727d5792f97bbe8836b253b5f02555b7a6a1c55d17db940d00fef8d059808b	PARTLY_RECONSTRUCTED	48	48	33	1	9	33	1	0	0	0	0	5	0
L1597276-R001	biblical_book	1Sam	10	3		4Q51	1606703	9e_i	3	1597276				books/DSS-1-Samuel.txt	823175	2190	1999359-1999365	7	0	69a0fbd257c73abef4ec96d8aaea0fe1a95d1c8ab8f53383fd8b6c38b4a2e8d0	linguistics/books/DSS-1-Samuel-Linguistics.txt	1162384	3191	79781c6ca714848f0da536fc0ef939a82fbbea9876b8d222b558cc39da048535	ALL_LETTER_SLOTS_RECONSTRUCTED	19	17	17	0	0	19	0	0	1	0	0	0	0
L1597276-R002	biblical_book	1Sam	10	4		4Q51	1606703	9e_i	3	1597276				books/DSS-1-Samuel.txt	825365	3552	1999366-1999377	12	1	a0c201d2a10f930dea2f22f4586d1ee7aaae417afa27fbe2d442b3fe02c27060	linguistics/books/DSS-1-Samuel-Linguistics.txt	1165575	5210	f61eaa8480e81d8a59a61ecd7e1679090b43ddf6c6dbbc29a5e7c352dd74a663	PARTLY_RECONSTRUCTED	35	33	20	1	12	22	1	0	0	0	0	0	0
L1597277-R001	biblical_book	1Sam	10	4		4Q51	1606703	9e_i	4	1597277				books/DSS-1-Samuel.txt	828917	1687	1999378-1999380	3	0	d7959f79bc720574907201a4b0196ab5062dde72520f40488c57666f1bf29a43	linguistics/books/DSS-1-Samuel-Linguistics.txt	1170785	1518	1af709a718ff65750d2976ffcbf1f973a5b7c191b8de5de992c3914c3dc5c67e	ALL_LETTER_SLOTS_RECONSTRUCTED	7	4	4	0	0	7	0	0	1	0	0	0	0
L1597277-R002	biblical_book	1Sam	10	5		4Q51	1606703	9e_i	4	1597277				books/DSS-1-Samuel.txt	830604	3595	1999381-1999393	13	1	9f61077309a4c91c70460890f1cba25ef6c887b612f87d6c20ad25e31aab059f	linguistics/books/DSS-1-Samuel-Linguistics.txt	1172303	5809	c8d33a3c0be3a8a6b179816f258a62fcc4c75f29aa0f9a793bce780924d2c45a	PARTLY_RECONSTRUCTED	39	39	33	3	3	33	3	0	0	0	0	0	0
L1597278-R001	biblical_book	1Sam	10	5		4Q51	1606703	9e_i	5	1597278				books/DSS-1-Samuel.txt	834199	4667	1999394-1999410	17	1	4b36e9f1521260a265aae3126b8d21b99773d15a8308bec341c6b2597b12c801	linguistics/books/DSS-1-Samuel-Linguistics.txt	1178112	7256	722fb715bf01c685b42d18a73e3fee01ed745b7e7a6c3862bbe3a78a80fb65a2	PARTLY_RECONSTRUCTED	46	44	30	7	7	31	7	0	0	0	0	0	0
L1597279-R001	biblical_book	1Sam	10	5		4Q51	1606703	9e_i	6	1597279				books/DSS-1-Samuel.txt	838866	2390	1999411-1999418	8	0	ee52ef91452a570651b0f6a3ba7018eb9375e7decdc958bf965720fa2acbfb42	linguistics/books/DSS-1-Samuel-Linguistics.txt	1185368	3545	32332ca85a9f2e0d85e1bcde3dce1197cc931019bda9874bcb98503ba396fa27	PARTLY_RECONSTRUCTED	22	20	16	2	2	18	2	0	1	0	0	0	0
L1597279-R002	biblical_book	1Sam	10	6		4Q51	1606703	9e_i	6	1597279				books/DSS-1-Samuel.txt	841256	2939	1999419-1999426	8	1	f1f210a104d699f56fffbd42e8d5b23e53405e40d1d5fa80673e774ba38a44ec	linguistics/books/DSS-1-Samuel-Linguistics.txt	1188913	3623	551396176c06567c079d08cca206a5b26b8991e2ab073b6b23b72609c805b1c5	PARTLY_RECONSTRUCTED	28	26	16	0	10	17	0	0	0	0	0	0	0
L1597280-R001	biblical_book	1Sam	10	6		4Q51	1606703	9e_i	7	1597280				books/DSS-1-Samuel.txt	844195	2059	1999427-1999432	6	0	3ee1b9b0d433bd8bc4b6b46df779f0b5e4d8e92eaced2d29e02057ed6118ba6e	linguistics/books/DSS-1-Samuel-Linguistics.txt	1192536	2725	81876f5260b809d72842bb37357617db43ae438ff4828d495b66d69e969aff35	PARTLY_RECONSTRUCTED	15	13	5	1	7	7	1	0	1	0	0	0	0
L1597280-R002	biblical_book	1Sam	10	7		4Q51	1606703	9e_i	7	1597280				books/DSS-1-Samuel.txt	846254	3612	1999433-1999444	12	1	8bc11b8911b05fc90621a3afb6564c67d412f063cca3b9d648f48f92e62700d6	linguistics/books/DSS-1-Samuel-Linguistics.txt	1195261	5199	1d27ef91dc92ae84e3acecea8caea6e14285109885fa06371ccff83f7f18916f	PARTLY_RECONSTRUCTED	32	31	23	8	0	24	8	0	0	0	0	0	0
L1597281-R001	biblical_book	1Sam	10	7		4Q51	1606703	9e_i	8	1597281				books/DSS-1-Samuel.txt	849866	2506	1999445-1999451	7	0	5bb66955c0eb8e8bcb0e053795d704122ba958118ec930426cf86fdda271b62c	linguistics/books/DSS-1-Samuel-Linguistics.txt	1200460	3196	1796008e82c0077fe812acbc064a94215c340b385ff829e766b08d3453974875	PARTLY_RECONSTRUCTED	23	19	10	2	7	13	2	0	1	0	0	0	0
L1597281-R002	biblical_book	1Sam	10	8		4Q51	1606703	9e_i	8	1597281				books/DSS-1-Samuel.txt	852372	3649	1999452-1999462	11	1	5d3d36628f9c4c46a0889d701a5b13f4fd10d737188eae0f1eda9db90ae2632b	linguistics/books/DSS-1-Samuel-Linguistics.txt	1203656	4928	5d10af4b07c45f9eda6d44c87618e7c2f4f067cad5b327fe65026ee926762c90	PARTLY_RECONSTRUCTED	35	32	26	3	3	28	3	0	0	0	0	0	0
L1597282-R001	biblical_book	1Sam	10	8		4Q51	1606703	9e_i	9	1597282				books/DSS-1-Samuel.txt	856021	4384	1999463-1999477	15	1	f933fba8a86cdf738d804c24c2d5f6a77693a07cef736da4b0e483fb52157a03	linguistics/books/DSS-1-Samuel-Linguistics.txt	1208584	6567	5a617661ff7b1488bd981b6ac0a2d02c6d02552b4e7900c7b53b6df8e99c25d1	PARTLY_RECONSTRUCTED	53	51	41	5	5	43	5	0	0	0	0	0	0
L1597283-R001	biblical_book	1Sam	10	8		4Q51	1606703	9e_i	10	1597283				books/DSS-1-Samuel.txt	860405	2015	1999478-1999482	5	0	424c5726220c79a4ad6021408235ee5bade53cc548101c42158a6606203d344c	linguistics/books/DSS-1-Samuel-Linguistics.txt	1215151	2342	97a07f22399fcc0f450692e246c71233c47f532bbf35cedc9ad1bacd54912c1f	ALL_LETTER_SLOTS_RECONSTRUCTED	14	11	11	0	0	14	0	0	1	0	0	0	0
L1597283-R002	biblical_book	1Sam	10	9		4Q51	1606703	9e_i	10	1597283				books/DSS-1-Samuel.txt	862420	3672	1999483-1999496	14	1	ee6b368b148fd23dc764010a2c371a8013770b76a7ed62195f4928534235205a	linguistics/books/DSS-1-Samuel-Linguistics.txt	1217493	5978	fecc965d89e13d8f6018d0d68e7c599d00c035d7ba751b856d3f379e8b0bf0b3	PARTLY_RECONSTRUCTED	37	36	28	2	6	29	2	0	0	0	0	0	0
L1597284-R001	biblical_book	1Sam	10	9		4Q51	1606703	9e_i	11	1597284				books/DSS-1-Samuel.txt	866092	2961	1999497-1999508	12	0	3815d9acbc61c478e47a71e922faa41254c1a875df12f2dd852f07a1dea6f14c	linguistics/books/DSS-1-Samuel-Linguistics.txt	1223471	5087	8e238ad5d6d8a6c757033b62d2d170371b2aa696e5553038e5e21283ead974f3	PARTLY_RECONSTRUCTED	30	28	25	1	2	27	1	0	1	0	0	0	0
L1597284-R002	biblical_book	1Sam	10	10		4Q51	1606703	9e_i	11	1597284				books/DSS-1-Samuel.txt	869053	2887	1999509-1999517	9	1	1968d1fcd671e8b1d48ea316cee8915c180db2aa84f6219fd49a54bee5a5facf	linguistics/books/DSS-1-Samuel-Linguistics.txt	1228558	4018	050213327f62b4fb4bd741ce881d4b00b784144727c371ea3e6e19aaa24f024e	PARTLY_RECONSTRUCTED	22	21	17	0	4	18	0	0	0	0	0	0	0
L1597285-R001	biblical_book	1Sam	10	10		4Q51	1606703	9e_i	12	1597285				books/DSS-1-Samuel.txt	871940	3287	1999518-1999528	11	0	40d8fe8318cf48575cedca695e2c18982ab7f006bc309cd7cbbe12f151a3bc8b	linguistics/books/DSS-1-Samuel-Linguistics.txt	1232576	4899	a4e10928982299244e4fa23369f365c275029cfe53bbb2ac9f998032cc6aded3	PARTLY_RECONSTRUCTED	39	35	30	2	3	34	2	0	1	0	0	0	0
L1597285-R002	biblical_book	1Sam	10	11		4Q51	1606703	9e_i	12	1597285				books/DSS-1-Samuel.txt	875227	2487	1999529-1999534	6	1	9b3d4ddb33fce3219fb95b858a96bf69ae8f26519da90b9b097c562c4a3fa78e	linguistics/books/DSS-1-Samuel-Linguistics.txt	1237475	2823	5e87ec2173fbabca82266a3966ba6b13e7a8790db4dd9230b2ceefb17024715e	PARTLY_RECONSTRUCTED	18	17	10	1	6	10	1	0	0	0	0	0	0
L1597286-R001	biblical_book	1Sam	10	11		4Q51	1606703	9e_i	13	1597286				books/DSS-1-Samuel.txt	877714	4511	1999535-1999552	18	1	0ed6487bb021e8bbd5622f29e8bed7ddfae30e103f8a2724e20b4deca6efc9de	linguistics/books/DSS-1-Samuel-Linguistics.txt	1240298	7716	0d19a375a252449ca9dc70841f7b41eec0fff51eac68f601a7ee93e723df05b4	PARTLY_RECONSTRUCTED	51	50	40	4	6	40	4	0	0	0	0	0	0
L1597287-R001	biblical_book	1Sam	10	11		4Q51	1606703	9e_i	14	1597287				books/DSS-1-Samuel.txt	882225	2755	1999553-1999563	11	0	a9a97bddb7c344733bb590cca978dc71fa7c81a13715b22b2aa7dc277b4c2634	linguistics/books/DSS-1-Samuel-Linguistics.txt	1248014	4748	1117e99f56e24607e6ecb277fbd0c3cd5603a44c15dfc38fe88c2cf34277ce3d	ALL_LETTER_SLOTS_RECONSTRUCTED	27	25	25	0	0	27	0	0	1	0	0	0	0
L1597287-R002	biblical_book	1Sam	10	12		4Q51	1606703	9e_i	14	1597287				books/DSS-1-Samuel.txt	884980	3206	1999564-1999573	10	1	0b6df524373de357da41d5e8effe39253c88f11ca48cbf9c41c95576eeadd2a3	linguistics/books/DSS-1-Samuel-Linguistics.txt	1252762	4345	4fafe598fe1f20ccc0f7ab167be57aadc126c9996b2f44128243aa321ac7eeb5	PARTLY_RECONSTRUCTED	27	25	18	1	6	19	1	0	0	0	0	0	0
L1597288-R001	biblical_book	1Sam	10	12		4Q51	1606703	9e_i	15	1597288				books/DSS-1-Samuel.txt	888186	2620	1999574-1999583	10	0	fe09b94041d019dc325d051080f8a4fc7396904172f0ce74196646f2b679e0ee	linguistics/books/DSS-1-Samuel-Linguistics.txt	1257107	4387	8406d2cf11013ffde61a27a921cefe262705ecc1e83dbf68649a994d6d954c0c	ALL_LETTER_SLOTS_RECONSTRUCTED	26	24	24	0	0	26	0	0	1	0	0	0	0
L1597288-R002	biblical_book	1Sam	10	13		4Q51	1606703	9e_i	15	1597288				books/DSS-1-Samuel.txt	890806	2549	1999584-1999592	9	0	2bbf494b1d54aa9feba907feb098d6a90250246bc3e2d597e2f76292920fa8db	linguistics/books/DSS-1-Samuel-Linguistics.txt	1261494	3903	4c4db3d25ffb4904de2fbfde0d67d497dee60200d264def037c7b0e5050caefd	ALL_LETTER_SLOTS_RECONSTRUCTED	22	19	19	0	0	20	0	0	1	0	0	0	0
L1597288-R003	biblical_book	1Sam	10	14		4Q51	1606703	9e_i	15	1597288				books/DSS-1-Samuel.txt	893355	1851	1999593-1999595	3	1	496b84dcfbb0726e8f186d4cd3b3c886adbe46fc61588cb8d685945420027f67	linguistics/books/DSS-1-Samuel-Linguistics.txt	1265397	1587	deb2d079a07653401c83e27bf06c4f37265d82915d6672530c1a4b61e17255de	NO_LETTER_RECONSTRUCTION_MARKED	8	8	0	0	8	0	0	0	0	0	0	0	0
L1597289-R001	biblical_book	1Sam	10	14		4Q51	1606703	9e_i	16	1597289				books/DSS-1-Samuel.txt	895206	4774	1999596-1999615	20	1	853902b049a448d7ed12b5ce9818b24b2aa5672b71b9bc3cd11f3e9a78bb3db7	linguistics/books/DSS-1-Samuel-Linguistics.txt	1266984	8420	0b5798f471fd0e67ec0a51031c4692dc03918a5a285145c235e86f9c742bedf8	PARTLY_RECONSTRUCTED	57	55	47	1	7	49	1	0	0	0	0	0	0
L1597290-R001	biblical_book	1Sam	10	14		4Q51	1606703	9e_i	17	1597290				books/DSS-1-Samuel.txt	899980	1600	1999616-1999618	3	0	371719f920c6761f1cad7dc0462fca937cf3c3bd29938ae90137dd1b1a3d8fbd	linguistics/books/DSS-1-Samuel-Linguistics.txt	1275404	1592	856fa1acae7c40f5fa72fa1a64113bc0936730c9feb24d061511ee510bd944b7	ALL_LETTER_SLOTS_RECONSTRUCTED	9	7	7	0	0	9	0	0	1	0	0	0	0
L1597290-R002	biblical_book	1Sam	10	15		4Q51	1606703	9e_i	17	1597290				books/DSS-1-Samuel.txt	901580	3352	1999619-1999630	12	0	7143b6a35c6eabe965702610fe6588d9f652da64f6230cbe62919d4fc799da01	linguistics/books/DSS-1-Samuel-Linguistics.txt	1276996	5228	22eec7c185a076d3d9ccfa3092380b1a5cca12a3c8863d935ba1129fb22443d1	ALL_LETTER_SLOTS_RECONSTRUCTED	38	33	33	0	0	38	0	0	1	0	0	0	0
L1597290-R003	biblical_book	1Sam	10	16		4Q51	1606703	9e_i	17	1597290				books/DSS-1-Samuel.txt	904932	2009	1999631-1999634	4	1	69323dcdd170df0851d061639d40b101d23ca707bf12b33990ce0306eb95e648	linguistics/books/DSS-1-Samuel-Linguistics.txt	1282224	2003	f69d80db77262a3d1fdb16805dbdddd1f43823ac92ee4042f2e9fe6fc7dbc121	PARTLY_RECONSTRUCTED	11	11	5	0	6	5	0	0	0	0	0	0	0
L1597291-R001	biblical_book	1Sam	10	16		4Q51	1606703	9e_i	18	1597291				books/DSS-1-Samuel.txt	906941	4625	1999635-1999652	18	1	3da46b640a821871e248ac264dfe917de461bce5f7f2050e33aac60fee29a17d	linguistics/books/DSS-1-Samuel-Linguistics.txt	1284227	7718	0a4bc08ed9be4a544950a7944beab33403ab662c31d48e0e17c50999f3720adc	PARTLY_RECONSTRUCTED	57	54	48	1	5	51	1	0	0	0	0	0	0
L1597292-R001	biblical_book	1Sam	10	16		4Q51	1606703	9e_i	19	1597292				books/DSS-1-Samuel.txt	911566	2103	1999653-1999654	2	2	f157f00edc5e67f3c0ac6f788a9481e508a7f6c6b517133696ea7541703dc56d	linguistics/books/DSS-1-Samuel-Linguistics.txt	1291945	1206	1eb355dfc0d4d5d878788e6da71fadb4e41e180a8183536aedac790214dc45d1	ALL_LETTER_SLOTS_RECONSTRUCTED	7	5	5	0	0	7	0	0	1	0	0	0	0
L1597293-R001	biblical_book	1Sam	10	17		4Q51	1606703	9e_i	20	1597293				books/DSS-1-Samuel.txt	913669	3362	1999655-1999666	12	1	c46b4905fa9f0548a2a268ec4731eb7602b04aebc8b3fc73bd268b5bf2d47982	linguistics/books/DSS-1-Samuel-Linguistics.txt	1293151	5155	2f06831c6bc12ff2cbdaa504c8d3b3d041906c8a877ff02486b08faf8aa165c4	ALL_LETTER_SLOTS_RECONSTRUCTED	31	29	29	0	0	31	0	0	1	0	0	0	0
L1597293-R002	biblical_book	1Sam	10	18		4Q51	1606703	9e_i	20	1597293				books/DSS-1-Samuel.txt	917031	2376	1999667-1999672	6	1	946c7bff6f9b4e7824d908dc80d5a096c00c9a572f64667603d63ad25647ebcb	linguistics/books/DSS-1-Samuel-Linguistics.txt	1298306	2742	c28de7437bdaccc28d262edc0ce195248d6388e5d8cf59289742315308746feb	PARTLY_RECONSTRUCTED	15	13	9	0	4	9	0	0	1	0	0	0	0
L1597294-R001	biblical_book	1Sam	10	24		4Q51	1606703	10a	1	1597294				books/DSS-1-Samuel.txt	919407	4889	1999673-1999692	20	1	c1e3ac8290b0200ea1d1e9bb77d27dd438d1c242aab145153fe93a5bbf58a779	linguistics/books/DSS-1-Samuel-Linguistics.txt	1301048	8387	ff7cdd079e72bd3b8ee61f0c22b71e4add9dee2d52cf767a89e928eff228b91e	PARTLY_RECONSTRUCTED	57	52	51	0	1	56	0	0	1	0	0	0	0
L1597295-R001	biblical_book	1Sam	10	25		4Q51	1606703	10a	2	1597295				books/DSS-1-Samuel.txt	924296	4717	1999693-1999711	19	2	e6333f73f2482642f2e18132e8faa6b3b3c5b536f4a8c3dae4b03d109ab780b7	linguistics/books/DSS-1-Samuel-Linguistics.txt	1309435	8018	aee11cded3cf73336373b118022f0e1ecc4a6a13a4f826492b8a751094c52d9e	PARTLY_RECONSTRUCTED	46	46	41	3	2	41	3	0	0	0	0	0	0
L1597296-R001	biblical_book	1Sam	10	25		4Q51	1606703	10a	3	1597296				books/DSS-1-Samuel.txt	929013	3602	1999712-1999724	13	0	91238d6d55b6e11e6e6668bb840b330aaceece3c903408ad0d61b57bc4eef9f3	linguistics/books/DSS-1-Samuel-Linguistics.txt	1317453	5592	9cbd2fbf4841b5748e51670cbca4fa76aecfd261765c035174d50a4f7d9a5c73	PARTLY_RECONSTRUCTED	35	32	15	7	10	17	7	0	1	0	0	0	0
L1597296-R002	biblical_book	1Sam	10	26		4Q51	1606703	10a	3	1597296				books/DSS-1-Samuel.txt	932615	2991	1999725-1999731	7	1	732a6602a716eebe2ffa817a60477cf2a45b221adf3c94739301d211b8d51c21	linguistics/books/DSS-1-Samuel-Linguistics.txt	1323045	3349	22b27adbc1a3d4030d034a91ac38c11a4fef29a4b8f6cbfb88e1af4f6cde3854	PARTLY_RECONSTRUCTED	22	20	15	3	2	17	3	0	0	0	0	0	0
L1597297-R001	biblical_book	1Sam	10	26		4Q51	1606703	10a	4	1597297				books/DSS-1-Samuel.txt	935606	3055	1999732-1999742	11	0	24b9f29762dc4535b2d65d76cc45950ff9497da8a4bb5c3cb69ac5d40883226a	linguistics/books/DSS-1-Samuel-Linguistics.txt	1326394	4767	257f33c41372f7a5fec55582fdc8c1aadee77fc08bfe95212bdb3971588cfb36	PARTLY_RECONSTRUCTED	30	27	6	2	19	6	2	0	1	0	0	0	0
L1597297-R002	biblical_book	1Sam	10	27		4Q51	1606703	10a	4	1597297				books/DSS-1-Samuel.txt	938661	3047	1999743-1999749	7	2	07a8175f296247ac1a5af51a239621d356b611ccee25e21692b4763df88e12e4	linguistics/books/DSS-1-Samuel-Linguistics.txt	1331161	3305	923c6503fe6442eaaca4920f823d989dff4c3ae645739846d498c6a49455a46e	PARTLY_RECONSTRUCTED	24	23	11	1	11	12	1	0	0	0	0	0	0
L1597298-R001	biblical_book	1Sam	10	27		4Q51	1606703	10a	5	1597298				books/DSS-1-Samuel.txt	941708	3947	1999750-1999758	9	3	fb90951573f517ed9eac56020421bdb22d95fb9736a30026684d4b6fd20ff0b5	linguistics/books/DSS-1-Samuel-Linguistics.txt	1334466	3970	56526ea8c1204221b927eb58426c809cf637bbafb3b3f03516b5ba4cd452052e	PARTLY_RECONSTRUCTED	28	24	4	4	16	4	4	0	1	0	0	0	0
L1597299-R001	biblical_book	1Sam	10	27		4Q51	1606703	10a	6	1597299				books/DSS-1-Samuel.txt	945655	4653	1999759-1999778	20	1	4f6602d2e51a57f75d09053c4776866945348f730c910bdf22764dbbfb350071	linguistics/books/DSS-1-Samuel-Linguistics.txt	1338436	8524	f057ed285d8d49988abc861c2e1efb1d1d3eac8190232c70a4e85b897a8f036e	PARTLY_RECONSTRUCTED	54	53	4	3	46	4	3	0	0	0	0	0	0
L1597300-R001	biblical_book	1Sam	10	27		4Q51	1606703	10a	7	1597300				books/DSS-1-Samuel.txt	950308	4703	1999779-1999798	20	1	b696b9894e37829deb3905ceb2256b285037716b68e70959c0730cd531d36a0a	linguistics/books/DSS-1-Samuel-Linguistics.txt	1346960	8639	ec1633b80d595889573c79b93a42b375e9a99509587313cdfff47581c97192db	PARTLY_RECONSTRUCTED	57	57	13	4	40	13	4	0	0	0	0	0	0
L1597301-R001	biblical_book	1Sam	10	27		4Q51	1606703	10a	8	1597301				books/DSS-1-Samuel.txt	955011	4405	1999799-1999814	16	1	9ed86a636269344a245cbd2ff89af92141bd6fd6da7c596efdb892a810328667	linguistics/books/DSS-1-Samuel-Linguistics.txt	1355599	7043	fb80aa3340b35088668382bafa199b78fd80a350bbb8e5a26e1043d438f02e4e	PARTLY_RECONSTRUCTED	50	49	11	5	33	11	5	0	0	0	0	0	0
L1597302-R001	biblical_book	1Sam	10	27		4Q51	1606703	10a	9	1597302				books/DSS-1-Samuel.txt	959416	1882	1999815-1999819	5	0	16a267a477ce53162e4bdb7392fa4d22739b24f76091349e93ff44977bb063cb	linguistics/books/DSS-1-Samuel-Linguistics.txt	1362642	2357	376d497f99f638ede1475ed7ae46bc4ae51c4f3bce6a3b5db74c9eabf3fb0f34	NO_LETTER_RECONSTRUCTION_MARKED	12	10	0	0	0	0	0	0	1	0	12	0	0
L1597302-R002	biblical_book	1Sam	11	1		4Q51	1606703	10a	9	1597302				books/DSS-1-Samuel.txt	961298	5771	1999820-1999846	27	1	f3ca6f31f066758d7584435aa8e0220423fa4adf03067d119b17c97aa535184b	linguistics/books/DSS-1-Samuel-Linguistics.txt	1364999	11441	30f76dda0904be22a76104c82db6b5e5a70552c95cc03ce48e0bf80cb1459de9	PARTLY_RECONSTRUCTED	76	76	10	5	38	10	5	0	0	0	23	0	0
L1597303-R001	biblical_book	1Sam	11	1		4Q51	1606703	10a	10	1597303				books/DSS-1-Samuel.txt	967069	2611	1999847-1999854	8	0	32fd31ed7d5965c389ea1095cf07c378cd23757d30abca6e89d163cd4bde212b	linguistics/books/DSS-1-Samuel-Linguistics.txt	1376440	3626	d28c27896ee7e0b86b965d4cc0801a623328646106cd37b4e7ad20bacd89fa62	PARTLY_RECONSTRUCTED	27	23	22	0	1	25	0	0	1	0	0	0	0
L1597303-R002	biblical_book	1Sam	11	2		4Q51	1606703	10a	10	1597303				books/DSS-1-Samuel.txt	969680	3636	1999855-1999865	11	1	6a66d456ee66f2d4b2794d5cae8a01e39bc9ea0367f3f2bc5cd084639f293394	linguistics/books/DSS-1-Samuel-Linguistics.txt	1380066	4816	8921887e4f334b8e2789cc28bd77ec98c519f83844b86e109ab19ac1fd903de1	PARTLY_RECONSTRUCTED	34	30	25	4	1	27	4	0	1	0	0	0	0
L1597304-R001	biblical_book	1Sam	11	7		4Q51	1606703	10b_c	1	1597304				books/DSS-1-Samuel.txt	973316	4523	1999866-1999883	18	1	1e7b27250eb26879bc8564c4c4e1c1bcb12459006158d79e6f1c9cfbd48777b4	linguistics/books/DSS-1-Samuel-Linguistics.txt	1384882	7842	da018cc2054838840df04b27e9f35d7bc8356531b706fd7d1f45f9a89d27c520	PARTLY_RECONSTRUCTED	57	55	53	2	0	55	2	0	0	0	0	0	0
L1597305-R001	biblical_book	1Sam	11	7		4Q51	1606703	10b_c	2	1597305				books/DSS-1-Samuel.txt	977839	4194	1999884-1999900	17	1	b28131712ed43fc8d92e5f7e271209143d42f4e6f467667e6edee2dd765e7798	linguistics/books/DSS-1-Samuel-Linguistics.txt	1392724	7388	df7da0b4ec2d651b2fa4820d962b0bb311d0951c0ec197dddcb325fba54fca42	PARTLY_RECONSTRUCTED	53	52	46	0	6	47	0	0	0	0	0	0	0
L1597306-R001	biblical_book	1Sam	11	7		4Q51	1606703	10b_c	3	1597306				books/DSS-1-Samuel.txt	982033	1764	1999901-1999904	4	0	f0c131ef7447c0beb5e00a051c0bd7b1f210fe67b2de8aba3c13aa53a9777c94	linguistics/books/DSS-1-Samuel-Linguistics.txt	1400112	1942	9418c12331a3a0546e4cad8bdf233f544d3b4b3defbf0d08556fd99ee317b8e1	NO_LETTER_RECONSTRUCTION_MARKED	9	7	0	1	6	2	1	0	1	0	0	0	0
L1597306-R002	biblical_book	1Sam	11	8		4Q51	1606703	10b_c	3	1597306				books/DSS-1-Samuel.txt	983797	3830	1999905-1999919	15	1	26e43b35ab06a87af937cb55ee8312a8b706b26fa80db47e72b7fd37f8e751a4	linguistics/books/DSS-1-Samuel-Linguistics.txt	1402054	6601	46e24771de13680782cc53ae4064e201d0b11c7304e783987a8b758018393208	ALL_LETTER_SLOTS_RECONSTRUCTED	44	43	43	0	0	44	0	0	0	0	0	0	0
L1597307-R001	biblical_book	1Sam	11	8		4Q51	1606703	10b_c	4	1597307				books/DSS-1-Samuel.txt	987627	1575	1999920-1999922	3	0	39501b8b5c515ac48f7543beef49005f3f84f98e2e435221c58ec5019ab3a1e5	linguistics/books/DSS-1-Samuel-Linguistics.txt	1408655	1622	dad45dc98ccac400d8a1f70f5567e8c12fa923a908d14b1200189a4c061c8c5b	NO_LETTER_RECONSTRUCTION_MARKED	10	8	0	0	8	0	0	0	1	0	0	0	0
L1597307-R002	biblical_book	1Sam	11	9		4Q51	1606703	10b_c	4	1597307				books/DSS-1-Samuel.txt	989202	3841	1999923-1999936	14	1	00608477e572839bf5a3fb85eb50ab1e46f908ec6c05ecd4c5d26f7dc1fc3cf3	linguistics/books/DSS-1-Samuel-Linguistics.txt	1410277	6082	5779fc944bb1fd602933869523d8ff979d6e472bbf840e6c35cbda50cd73f6e6	ALL_LETTER_SLOTS_RECONSTRUCTED	45	43	43	0	0	45	0	0	0	0	0	0	0
L1597308-R001	biblical_book	1Sam	11	9		4Q51	1606703	10b_c	5	1597308				books/DSS-1-Samuel.txt	993043	4617	1999937-1999957	21	1	353fef2b8cb68d91d03ed7e6bd30d08723ef9b87a78c36d000fc5325afc82d9a	linguistics/books/DSS-1-Samuel-Linguistics.txt	1416359	8789	dccf7c28e2d34493f3b08257af8cc403b9503c46dd769f6bfc372291faaa4445	PARTLY_RECONSTRUCTED	57	57	49	1	7	49	1	0	0	0	0	0	0
L1597309-R001	biblical_book	1Sam	11	9		4Q51	1606703	10b_c	6	1597309				books/DSS-1-Samuel.txt	997660	2519	1999958-1999963	6	1	0bf039d4fcca6987f01dab55c6d976e5366b2018d9957207db263c7d9d455ad9	linguistics/books/DSS-1-Samuel-Linguistics.txt	1425148	2686	86e87ca9ca155daebfe993c4a14c60ae670e6ac2e4adb0dd95434c8069e6033d	PARTLY_RECONSTRUCTED	16	11	2	1	8	4	1	1	2	0	0	0	0
L1597310-R001	biblical_book	1Sam	11	10		4Q51	1606703	10b_c	7	1597310				books/DSS-1-Samuel.txt	1000179	4864	1999964-1999981	18	1	bdfb193532a061843984da55b75eb56a6d02302979f34bb1b0d2af00e5d3d31f	linguistics/books/DSS-1-Samuel-Linguistics.txt	1427834	7698	21d6e6254059765605474b3f62a5f917c9ca6158f3af629d68888ece1774503b	PARTLY_RECONSTRUCTED	58	53	44	3	6	49	3	0	1	0	0	0	0
L1597311-R001	biblical_book	1Sam	11	11		4Q51	1606703	10b_c	8	1597311				books/DSS-1-Samuel.txt	1005043	4083	1999982-1999995	14	2	6e0421b390fcb91fbff5c5247bce7fd8e52ecd3e56cb0e5f6bb09e9fb3e9ef8b	linguistics/books/DSS-1-Samuel-Linguistics.txt	1435532	6044	1aa0015c332b562d66b1331a4c3fcbc974604be1ca8f3d2bd347c71dff2afaac	PARTLY_RECONSTRUCTED	38	38	33	3	2	33	3	0	0	0	0	0	0
L1597312-R001	biblical_book	1Sam	11	11		4Q51	1606703	10b_c	9	1597312				books/DSS-1-Samuel.txt	1009126	4570	1999996-2000016	21	1	4af1612b3d36e755c663155094526c4a03d3fa1af4b71a24daefe7aa895600e6	linguistics/books/DSS-1-Samuel-Linguistics.txt	1441576	8884	973ed879e5e3eb812b637d19fcc4356ba828f61e177262a3df94ec55dcd93380	PARTLY_RECONSTRUCTED	52	52	49	1	2	49	1	0	0	0	0	0	0
L1597313-R001	biblical_book	1Sam	11	11		4Q51	1606703	11a	1	1597313				books/DSS-1-Samuel.txt	1013696	2711	2000017-2000025	9	0	1f5ac67a005c759eef6e8730ab3b4964e9ccac0ba4598c9d53442c9161d7a71c	linguistics/books/DSS-1-Samuel-Linguistics.txt	1450460	3994	f95172064aa4b10afedafd6f2d67b5458c54a77ef7269a6e4f4dfb1383c7082c	PARTLY_RECONSTRUCTED	27	24	11	2	11	14	2	0	1	0	0	0	0
L1597313-R002	biblical_book	1Sam	11	12		4Q51	1606703	11a	1	1597313				books/DSS-1-Samuel.txt	1016407	2454	2000026-2000032	7	1	16cb8073484749409d0fb62d72bfceace6ee1639bc40b8d392da3018f8780df2	linguistics/books/DSS-1-Samuel-Linguistics.txt	1454454	3170	3b35678fe4e9523f2d083be785e5d0bf8ddcb64fcb6d790874eddb53e8028b56	ALL_LETTER_SLOTS_RECONSTRUCTED	17	17	17	0	0	17	0	0	0	0	0	0	0
L1597314-R001	biblical_book	1Sam	11	12		4Q51	1606703	11a	2	1597314				books/DSS-1-Samuel.txt	1018861	3656	2000033-2000044	12	1	4b75e3c5de4efabb365f391c85218a7038020221ec85305a5a964b5aafee6fb6	linguistics/books/DSS-1-Samuel-Linguistics.txt	1457624	5166	c27358fa2eee91344cb2211dc27247b3034e254ec786521083a42cf05e7a6090	PARTLY_RECONSTRUCTED	39	33	29	1	3	33	1	1	2	0	0	0	0
L1597315-R001	biblical_book	1Sam	12	7		4Q51	1606703	11b_c	1	1597315				books/DSS-1-Samuel.txt	1022517	1890	2000045-2000048	4	0	caa108966ca5763d3f73736c51a5b2ae55f0474210d0e9afa3b546100a51f108	linguistics/books/DSS-1-Samuel-Linguistics.txt	1462790	1938	ac22b068eee73b37a1d0e2e41a6ed7268d394d84cbb67a7270ce5b49937d08af	PARTLY_RECONSTRUCTED	13	10	4	0	6	4	0	0	1	0	0	0	0
L1597315-R002	biblical_book	1Sam	12	8		4Q51	1606703	11b_c	1	1597315				books/DSS-1-Samuel.txt	1024407	3620	2000049-2000060	12	1	02a770dad2ddef552a8e9169a5cc6a6fbb0e0aa41f99a8da1a3344af41436920	linguistics/books/DSS-1-Samuel-Linguistics.txt	1464728	5365	81d89395816d8c61789822a6b95d32819cabdf73a47949b430a1333630b858c2	PARTLY_RECONSTRUCTED	39	37	34	1	2	36	1	0	0	0	0	0	0
L1597316-R001	biblical_book	1Sam	12	8		4Q51	1606703	11b_c	2	1597316				books/DSS-1-Samuel.txt	1028027	4073	2000061-2000074	14	1	9e387329aaec6576e9fcdea90d4791dfd82259f92d7cf8fb71ecf842884425e2	linguistics/books/DSS-1-Samuel-Linguistics.txt	1470093	6013	0d74a0d3a8a52f8be0b5087e527db29982e43244cc1add969fb08f4de3fa9d0d	PARTLY_RECONSTRUCTED	45	42	30	2	10	30	2	0	1	0	0	0	0
L1597317-R001	biblical_book	1Sam	12	10		4Q51	1606703	11d	1	1597317				books/DSS-1-Samuel.txt	1032100	4422	2000075-2000090	16	1	b57a48a101842eee92c6075be119750ed019afa3125c482854959a7147ce12c7	linguistics/books/DSS-1-Samuel-Linguistics.txt	1476106	6819	64abf2206eea7d6183a3fe82855fe67698563256dafff1b6d7a9d40cb594521b	PARTLY_RECONSTRUCTED	49	42	41	1	0	46	1	1	2	0	0	0	0
L1597318-R001	biblical_book	1Sam	12	11		4Q51	1606703	11d	2	1597318				books/DSS-1-Samuel.txt	1036522	4092	2000091-2000107	17	1	1ba2486a51adc5177eadaf0cfc603b1aff86cdb5cf8cbc57519cc382cbf2170b	linguistics/books/DSS-1-Samuel-Linguistics.txt	1482925	7318	d7a46f774d32c1ed5f19d4385606b73a57fba04e9bb9149ed8ba2877b32fee47	PARTLY_RECONSTRUCTED	46	45	40	0	5	41	0	0	0	0	0	0	0
L1597319-R001	biblical_book	1Sam	12	11		4Q51	1606703	11d	3	1597319				books/DSS-1-Samuel.txt	1040614	2110	2000108-2000111	4	1	7eae8ac26345140a9fd2439667557452a00618f65c86e1889c1a51e8d76d1b3e	linguistics/books/DSS-1-Samuel-Linguistics.txt	1490243	1844	9b0e9002a08cea1f33bd97d0fdbfa5ebca452cf13cf22a52e2769bec359166dd	NO_LETTER_SLOTS	8	0	0	0	0	5	1	2	4	0	0	0	0
L1597320-R001	biblical_book	1Sam	12	12		4Q51	1606703	11e_i	1	1597320				books/DSS-1-Samuel.txt	1042724	2789	2000112-2000118	7	0	65280a7f749a2e30205de7534663429d743b0c3507815a907f0246b8d5c2b41e	linguistics/books/DSS-1-Samuel-Linguistics.txt	1492087	3316	6e0ebfd3e152ecd2d90c40e170fdd5427be2bf88def328b85031bb3ec8167686	PARTLY_RECONSTRUCTED	30	25	22	1	2	26	1	0	1	0	0	0	0
L1597320-R002	biblical_book	1Sam	12	13		4Q51	1606703	11e_i	1	1597320				books/DSS-1-Samuel.txt	1045513	2305	2000119-2000124	6	1	a4d2a9a25b0dbc0f6155c11b9666212e143fb5f6135790ae9b0558cb1d024c61	linguistics/books/DSS-1-Samuel-Linguistics.txt	1495403	2834	71234bcfcbfde3dec192c07e1f8204fb7a581672d6eb538f0ba42a27ca5dda7c	ALL_LETTER_SLOTS_RECONSTRUCTED	14	14	14	0	0	14	0	0	0	0	0	0	0
L1597321-R001	biblical_book	1Sam	12	13		4Q51	1606703	11e_i	2	1597321				books/DSS-1-Samuel.txt	1047818	2521	2000125-2000132	8	0	a41cab0d9333aa1abfcc289b0a00d0c763142e638b50ccf7ce5f0721e71df9f1	linguistics/books/DSS-1-Samuel-Linguistics.txt	1498237	3640	d04328b274d6fc7d0285a9a21cdd33fe26200cd8d227a19d0f91318d414915b8	PARTLY_RECONSTRUCTED	27	24	21	0	3	24	0	0	1	0	0	0	0
L1597321-R002	biblical_book	1Sam	12	14		4Q51	1606703	11e_i	2	1597321				books/DSS-1-Samuel.txt	1050339	2365	2000133-2000138	6	1	e9485ac01776470e893a0c43b9b3a26184231aec6f7a63a8e5918bc4e934acb8	linguistics/books/DSS-1-Samuel-Linguistics.txt	1501877	2791	67b143d6cd5fd7ca8163ce83b7c3f01ebbc8cc9c19fdd94a05628be190c08ee4	ALL_LETTER_SLOTS_RECONSTRUCTED	19	19	19	0	0	19	0	0	0	0	0	0	0
L1597322-R001	biblical_book	1Sam	12	14		4Q51	1606703	11e_i	3	1597322				books/DSS-1-Samuel.txt	1052704	4384	2000139-2000156	18	1	1fe05b86d8e46054aff96fda092add3c3be9e3c7cb75ae7931b314caef56acff	linguistics/books/DSS-1-Samuel-Linguistics.txt	1504668	7560	67d49493a5abcdc6db7cec89c5e4e502e607bcdd2e6e03987228bfc55108084a	PARTLY_RECONSTRUCTED	46	44	41	0	3	43	0	0	0	0	0	0	0
L1597323-R001	biblical_book	1Sam	12	14		4Q51	1606703	11e_i	4	1597323				books/DSS-1-Samuel.txt	1057088	3219	2000157-2000165	9	0	b6a2dabd79f07a7e0d7c861a2a119d903cd0745e7182d7b761e3d0ae3c758db3	linguistics/books/DSS-1-Samuel-Linguistics.txt	1512228	4134	abcb1999339305f41933385d90f1edaa51d4bc9cfd80fe0e3a0f44f4140bb9f5	PARTLY_RECONSTRUCTED	36	31	22	2	7	26	2	0	1	0	0	0	0
L1597323-R002	biblical_book	1Sam	12	15		4Q51	1606703	11e_i	4	1597323				books/DSS-1-Samuel.txt	1060307	2025	2000166-2000169	4	1	1c7d45c6e50008cb8d04757b4afde6cee5ae6fb1a295be12c036f44ea264e062	linguistics/books/DSS-1-Samuel-Linguistics.txt	1516362	1955	60e7fbfd49458ab121b1fc7d986ac67738267b2f4fdc4184998dde720afd2abf	ALL_LETTER_SLOTS_RECONSTRUCTED	10	10	10	0	0	10	0	0	0	0	0	0	0
L1597324-R001	biblical_book	1Sam	12	15		4Q51	1606703	11e_i	5	1597324				books/DSS-1-Samuel.txt	1062332	4573	2000170-2000186	17	1	a015033ae7efd50bc4d717a5ca62d5b52799529a32cb73f93d68616559d0b48b	linguistics/books/DSS-1-Samuel-Linguistics.txt	1518317	7158	4177047cbd8d7a9768510c3629617a206eacb70cd1a1aba22d8d67f1de7dfa0e	PARTLY_RECONSTRUCTED	47	43	29	4	10	31	4	0	1	0	0	0	0
L1597325-R001	biblical_book	1Sam	12	16		4Q51	1606703	11e_i	6	1597325				books/DSS-1-Samuel.txt	1066905	3874	2000187-2000201	15	1	f899ddfc66348678ca71566590f7842c333ca3693b69da55fa33769cdb4c9435	linguistics/books/DSS-1-Samuel-Linguistics.txt	1525475	6476	7932bccf345cae22150fd11251765991c332d7edb38a68fe1216663cf2eccc65	PARTLY_RECONSTRUCTED	39	39	30	6	3	30	6	0	0	0	0	0	0
L1597326-R001	biblical_book	1Sam	12	16		4Q51	1606703	11e_i	7	1597326				books/DSS-1-Samuel.txt	1070779	1731	2000202-2000204	3	0	a7f919887ad84d13ef8f688e3a059f8095369dba46b259845ab3e1be78f8efc2	linguistics/books/DSS-1-Samuel-Linguistics.txt	1531951	1556	9006bcc743305fa1fb52b8dd08d26da723bd95a8644cf22895026ce937e8c526	ALL_LETTER_SLOTS_RECONSTRUCTED	10	7	7	0	0	10	0	0	1	0	0	0	0
L1597326-R002	biblical_book	1Sam	12	17		4Q51	1606703	11e_i	7	1597326				books/DSS-1-Samuel.txt	1072510	3682	2000205-2000216	12	2	dedb6dbdecb089dcd001351d1a1471a263c67a6d1ad5c8822b1915d8e76eddcd	linguistics/books/DSS-1-Samuel-Linguistics.txt	1533507	5224	769210ad46faf455d726278c4115859009d6d41688d6caf3613b126bdb284960	PARTLY_RECONSTRUCTED	34	34	33	1	0	33	1	0	0	0	0	0	0
L1597327-R001	biblical_book	1Sam	12	17		4Q51	1606703	11e_i	8	1597327				books/DSS-1-Samuel.txt	1076192	4011	2000217-2000232	16	1	8305125b622af0c30d21b791e70e31f7f3cbfafd4ccf7968761948695a54cd76	linguistics/books/DSS-1-Samuel-Linguistics.txt	1538731	6835	28affb2c8176e961b1e271cbb8bc7ad4f715b136de31cca73442e1b058871cd3	PARTLY_RECONSTRUCTED	44	43	42	1	0	43	1	0	0	0	0	0	0
L1597328-R001	biblical_book	1Sam	12	17		4Q51	1606703	11e_i	9	1597328				books/DSS-1-Samuel.txt	1080203	1985	2000233-2000237	5	0	dc473533959f5e0a135294268ea6c209fb3e7e54d8d2f62d29a5b7ed19943dcd	linguistics/books/DSS-1-Samuel-Linguistics.txt	1545566	2349	6b43cf0351ca9c687e3b0b9bee62a324bb3dc1db7ed738236a4d251c32fb2ffb	PARTLY_RECONSTRUCTED	14	11	8	0	3	9	0	0	1	0	0	0	0
L1597328-R002	biblical_book	1Sam	12	18		4Q51	1606703	11e_i	9	1597328				books/DSS-1-Samuel.txt	1082188	3249	2000238-2000248	11	1	7008de1a39e4d7f49a0fb316632011ab227cd1d0f63d255e65faeabe88e1c9d4	linguistics/books/DSS-1-Samuel-Linguistics.txt	1547915	4847	ebf96c1c218d5f2687587b971e6e205d794d49e6b238f439195885f69b600dae	PARTLY_RECONSTRUCTED	33	33	24	1	8	24	1	0	0	0	0	0	0
L1597329-R001	biblical_book	1Sam	12	18		4Q51	1606703	11e_i	10	1597329				books/DSS-1-Samuel.txt	1085437	3625	2000249-2000264	16	0	0cdae5fb4eddf038082d16cd9e1f508960e7276d251e7b2ba2f29ecff5a9cf23	linguistics/books/DSS-1-Samuel-Linguistics.txt	1552762	6732	0b3bd8bcb34f1516760315b95a97a9ffbf9a3b7c34a46b2a05de12fffc8d22df	PARTLY_RECONSTRUCTED	39	37	28	1	8	30	1	0	1	0	0	0	0
L1597329-R002	biblical_book	1Sam	12	19		4Q51	1606703	11e_i	10	1597329				books/DSS-1-Samuel.txt	1089062	1734	2000265-2000266	2	1	f45265f32927dfa4b27f983d866cd71c4d7baa76dada53d66cd16182ce3b291a	linguistics/books/DSS-1-Samuel-Linguistics.txt	1559494	1186	2be72ffcb724da129803e77627760b4f83908ae46a0670e512ab2c4214041d6b	ALL_LETTER_SLOTS_RECONSTRUCTED	6	6	6	0	0	6	0	0	0	0	0	0	0
L1597330-R001	biblical_book	1Sam	12	19		4Q51	1606703	11e_i	11	1597330				books/DSS-1-Samuel.txt	1090796	3585	2000267-2000277	11	1	db2d57edcb365cb08871640f14aa11861b2dfc10be2daaae0da0b55318680119	linguistics/books/DSS-1-Samuel-Linguistics.txt	1560680	4958	b271fe3557ccd5c65f60e13e61c6e2ebf339c3f4de5810e6228d6bd968018da3	PARTLY_RECONSTRUCTED	38	34	31	3	0	33	3	0	1	0	0	0	0
L1597331-R001	biblical_book	1Sam	14	24		4Q51	1606703	f1_2	1	1597331				books/DSS-1-Samuel.txt	1094381	2337	2000278-2000282	5	1	b15ba16c6d9d407740adedbb715496354f11c014db4683f3a211c5d190b7805a	linguistics/books/DSS-1-Samuel-Linguistics.txt	1565638	2423	300954ce998e058c535796b004430cf3671e0dbbb8a099c11c0a5b9ba361fd26	PARTLY_RECONSTRUCTED	14	12	10	1	1	12	1	1	1	0	0	0	0
L1597332-R001	biblical_book	1Sam	14	24		4Q51	1606703	f1_2	2	1597332				books/DSS-1-Samuel.txt	1096718	4000	2000283-2000299	17	1	31f0e3889c7d61dc5e8177c0ac02a7676557fcf753b3dd50b2b090287dba81e7	linguistics/books/DSS-1-Samuel-Linguistics.txt	1568061	7210	f345330a019087fefb8aaf4065f145e21d0f9376f2c5cc66a17d50f0b170492f	PARTLY_RECONSTRUCTED	43	43	36	2	5	36	2	0	0	0	0	0	0
L1597333-R001	biblical_book	1Sam	14	24		4Q51	1606703	f1_2	3	1597333				books/DSS-1-Samuel.txt	1100718	4120	2000300-2000316	17	1	249152f56e72ea0a5ab6fd9b4e72e091ac469a4dc46217580151800e3d6b436b	linguistics/books/DSS-1-Samuel-Linguistics.txt	1575271	7117	9a0d933f264ea69e335abbbec6f282945419e20d04a0719125cfb21e3a45ae34	PARTLY_RECONSTRUCTED	44	41	36	0	5	37	0	0	1	0	0	0	0
L1597334-R001	biblical_book	1Sam	14	25		4Q51	1606703	f1_2	4	1597334				books/DSS-1-Samuel.txt	1104838	3872	2000317-2000332	16	1	789077345d1b77209d7942a14b15d041820b63b0671acefe2c66874ec300e61a	linguistics/books/DSS-1-Samuel-Linguistics.txt	1582388	6649	64c2590411b03c57dcf076edffd2e816a33547ca172153b8063be921b6fc43e2	PARTLY_RECONSTRUCTED	32	28	25	2	1	27	2	1	2	0	0	0	0
L1597335-R001	biblical_book	1Sam	14	28		4Q51	1606703	f3_5	1	1597335				books/DSS-1-Samuel.txt	1108710	3431	2000333-2000344	12	1	1119745b1e97f2aeb0b3b5b42b0ab5ce7d08b5ca2971859c349331aced0fbe8a	linguistics/books/DSS-1-Samuel-Linguistics.txt	1589037	5119	98fe29a5d96ca59b8075696d200f1c8334f2761bae95cdfe3d7ece4c68159a64	PARTLY_RECONSTRUCTED	32	29	28	1	0	31	1	1	1	0	0	0	0
L1597336-R001	biblical_book	1Sam	14	28		4Q51	1606703	f3_5	2	1597336				books/DSS-1-Samuel.txt	1112141	3950	2000345-2000362	18	0	e8165e9e7efc7facef4b9e8072807d18d67a2c7a35ad87349765ac880de4d1c1	linguistics/books/DSS-1-Samuel-Linguistics.txt	1594156	7423	4e490f791350676fd1ff91e0dfce811e460b5ec2d212ec47fd88291baf437bba	PARTLY_RECONSTRUCTED	40	38	28	3	7	30	3	0	1	0	0	0	0
L1597336-R002	biblical_book	1Sam	14	29		4Q51	1606703	f3_5	2	1597336				books/DSS-1-Samuel.txt	1116091	1708	2000363-2000364	2	1	9d9b2985e7498a043d8160f6b4d027a8a40344667747034204cafc8eb522145e	linguistics/books/DSS-1-Samuel-Linguistics.txt	1601579	1157	5ea76a827651775570306bef4df82ea4d3821246241d27497bb49ef5a0390640	ALL_LETTER_SLOTS_RECONSTRUCTED	4	4	4	0	0	4	0	0	0	0	0	0	0
L1597337-R001	biblical_book	1Sam	14	29		4Q51	1606703	f3_5	3	1597337				books/DSS-1-Samuel.txt	1117799	4330	2000365-2000379	15	1	a0f37b66d97001b4443466fba8ca648dab448119ae22f86210d3af7a1fde79e5	linguistics/books/DSS-1-Samuel-Linguistics.txt	1602736	6584	20b0e0c4983d07aa8b6efbc9a38d72893dda0e252f7c4aad7a1191ed117ce681	PARTLY_RECONSTRUCTED	49	43	19	9	15	20	12	0	1	0	0	3	0
L1597338-R001	biblical_book	1Sam	14	29		4Q51	1606703	f3_5	4	1597338				books/DSS-1-Samuel.txt	1122129	1947	2000380-2000385	6	0	5e8380b299ae756f6cedfbff0c37f74d9d466af7ec3f670d9d47530340deaf96	linguistics/books/DSS-1-Samuel-Linguistics.txt	1609320	2693	713ee62034051df3ec3e978b1c5ec006f5e49f08a44790fbb5772405d383fd4c	NO_LETTER_RECONSTRUCTION_MARKED	12	10	0	1	9	0	1	0	1	0	0	0	0
L1597338-R002	biblical_book	1Sam	14	30		4Q51	1606703	f3_5	4	1597338				books/DSS-1-Samuel.txt	1124076	3255	2000386-2000396	11	1	cac7fad79d9fc428a064ccda5daf7b1966b8ef9ac41d9039fdd6a0283f2642dc	linguistics/books/DSS-1-Samuel-Linguistics.txt	1612013	4830	5df84c5d65a8206cdf91079e2f4b90f90f74ca4820fdf2b1876376073243fa68	PARTLY_RECONSTRUCTED	31	30	23	1	6	24	1	0	0	0	0	0	0
L1597339-R001	biblical_book	1Sam	14	30		4Q51	1606703	f3_5	5	1597339				books/DSS-1-Samuel.txt	1127331	2720	2000397-2000405	9	0	2ff498d4418be299db870f3803e94b21f9078b71706fb3fa5f7fade6f62dab98	linguistics/books/DSS-1-Samuel-Linguistics.txt	1616843	4087	75f1343ccfe174506f01b6a67cfb47f78854d0f2dda2d49603311d6419c333f8	PARTLY_RECONSTRUCTED	25	23	11	5	7	11	5	0	1	0	0	0	0
L1597339-R002	biblical_book	1Sam	14	31		4Q51	1606703	f3_5	5	1597339				books/DSS-1-Samuel.txt	1130051	2666	2000406-2000413	8	1	43b71e9d0ab1f256b3a0dacad4fa5c5b69ddb09566d0a2426a191d0f88bb7919	linguistics/books/DSS-1-Samuel-Linguistics.txt	1620930	3632	babe2e43c69d3184e28aea9a2cf9a7cfc5526e2305178af533d15a210b2072bf	PARTLY_RECONSTRUCTED	19	19	12	1	6	12	1	0	0	0	0	0	0
L1597340-R001	biblical_book	1Sam	14	31		4Q51	1606703	f3_5	6	1597340				books/DSS-1-Samuel.txt	1132717	2593	2000414-2000422	9	0	8c0686a779d5ab25643ae96b35e44318aec74db047384aad6f48a2ccc869aebc	linguistics/books/DSS-1-Samuel-Linguistics.txt	1624562	4005	717fef1d3b6f8252300d0da357007b7f64465e08bc8f77aaccb0a4a1e79816e2	ALL_LETTER_SLOTS_RECONSTRUCTED	24	21	21	0	0	24	0	0	1	0	0	0	0
L1597340-R002	biblical_book	1Sam	14	32		4Q51	1606703	f3_5	6	1597340				books/DSS-1-Samuel.txt	1135310	3061	2000423-2000431	9	2	f87a2995af18dbb938ec8ae9797bccf75db8743299315cee517ea9796c9b6fad	linguistics/books/DSS-1-Samuel-Linguistics.txt	1628567	3872	91beef7a430653e9b4f6a13d64c61366925d55ac01b95bf648ea1b0dd5239e8d	PARTLY_RECONSTRUCTED	18	18	13	0	5	13	0	0	0	0	0	0	0
L1597341-R001	biblical_book	1Sam	14	32		4Q51	1606703	f3_5	7	1597341				books/DSS-1-Samuel.txt	1138371	4522	2000432-2000451	20	1	e9c9d44396a99e8e19edc437d2bd628a0d7ed9ee69dcd3ff8c089178907f2796	linguistics/books/DSS-1-Samuel-Linguistics.txt	1632439	8283	1c29ad63fb51fe6b163fbe1e8d78f3cc7f14222a011dd1c628bbd8d273d51d39	PARTLY_RECONSTRUCTED	47	44	38	2	4	38	2	0	1	0	0	0	0
L1597342-R001	biblical_book	1Sam	14	33		4Q51	1606703	f3_5	8	1597342				books/DSS-1-Samuel.txt	1142893	4338	2000452-2000470	19	1	2d037e2b76613c387615b650e03646ea3070f51ca26e12b6611c93b79ce55cde	linguistics/books/DSS-1-Samuel-Linguistics.txt	1640722	7883	865151ea90d812123279a60143a5e2697baba84c3d0a6becd1f4be515c15ff4e	PARTLY_RECONSTRUCTED	48	48	43	3	2	43	3	0	0	0	0	0	0
L1597343-R001	biblical_book	1Sam	14	33		4Q51	1606703	f3_5	9	1597343				books/DSS-1-Samuel.txt	1147231	2479	2000471-2000477	7	0	563c87143d456a67be7fa5c606279139f1df15974fe029831701b0784050aef9	linguistics/books/DSS-1-Samuel-Linguistics.txt	1648605	3250	f6f6ae8cb00a0ecbfb5fdfdf419620bd35157fbe396a0041b7524766976b4d42	PARTLY_RECONSTRUCTED	22	19	16	3	0	17	3	0	1	0	0	0	0
L1597343-R002	biblical_book	1Sam	14	34		4Q51	1606703	f3_5	9	1597343				books/DSS-1-Samuel.txt	1149710	3209	2000478-2000487	10	1	259e8fc8073a9f05402b7eae5c832bba748b1c617cd1170aba73b0af41cb8abe	linguistics/books/DSS-1-Samuel-Linguistics.txt	1651855	4338	d8cfc9adfbdcb97c9037d453a94d9bc6ea9cd980a06715fd7eaf0440f2eef4d8	PARTLY_RECONSTRUCTED	28	25	6	2	17	7	2	0	1	0	0	0	0
L1597344-R001	biblical_book	1Sam	14	47		4Q51	1606703	f6	1	1597344				books/DSS-1-Samuel.txt	1152919	4189	2000488-2000504	17	1	ab783fe6e566c534d7d7401a627fa3302882f5de1f9d7c135f6fd95bde3b6be6	linguistics/books/DSS-1-Samuel-Linguistics.txt	1656193	7355	efd00a9704e8fdb699b70bc3227ac0341f808340be5f1e06d7ca8fdaf8471944	PARTLY_RECONSTRUCTED	46	45	28	1	16	28	1	0	0	0	0	0	0
L1597345-R001	biblical_book	1Sam	14	47		4Q51	1606703	f6	2	1597345				books/DSS-1-Samuel.txt	1157108	3254	2000505-2000518	14	0	71d4c7d5fb020ca053e9b9d94c54d713eb8d6c67bd1e83366e0c0cf6dbd0b3c8	linguistics/books/DSS-1-Samuel-Linguistics.txt	1663548	6037	96de13d58bd88661a6de5d8112510be45e90446c7e1af513fbc7975bbf424d8f	PARTLY_RECONSTRUCTED	37	35	5	3	27	7	3	0	1	0	0	0	0
L1597345-R002	biblical_book	1Sam	14	48		4Q51	1606703	f6	2	1597345				books/DSS-1-Samuel.txt	1160362	2276	2000519-2000524	6	1	4947cd7626b2d0755138920161a1f00cfac2020a4c933a9acbcfaafc987b52d3	linguistics/books/DSS-1-Samuel-Linguistics.txt	1669585	2745	7a06e6e8c4c57e51a2c5103fcf583f19129aae0201084be90ab1585ea23cafb2	ALL_LETTER_SLOTS_RECONSTRUCTED	12	12	12	0	0	12	0	0	0	0	0	0	0
L1597346-R001	biblical_book	1Sam	14	48		4Q51	1606703	f6	3	1597346				books/DSS-1-Samuel.txt	1162638	3649	2000525-2000533	9	3	913ff53db4582476dc367d48ca8d6135fdb768aa69b33a10e75a27de4ea0b166	linguistics/books/DSS-1-Samuel-Linguistics.txt	1672330	4040	d563e2c8c71d512d1dd6611c8c45f8e4cf11283e91b7138c03dfa965e7e238ae	PARTLY_RECONSTRUCTED	25	22	1	2	19	1	2	0	1	0	0	0	0
L1597347-R001	biblical_book	1Sam	14	49		4Q51	1606703	f6	4	1597347				books/DSS-1-Samuel.txt	1166287	4437	2000534-2000551	18	1	b6d731ed81d99b2beaea8e4dd33f485ec29458d7877e88b2f9d861d77588b3ad	linguistics/books/DSS-1-Samuel-Linguistics.txt	1676370	7854	5e87ac6f5c98bddabc11acd921237bf2fae1e847593c3717c88635c565addd87	PARTLY_RECONSTRUCTED	51	50	24	2	24	25	2	0	0	0	0	0	0
L1597348-R001	biblical_book	1Sam	14	49		4Q51	1606703	f6	5	1597348				books/DSS-1-Samuel.txt	1170724	2307	2000552-2000558	7	0	26aa38dd80ca2c718af8f5207184dd985fd83c60b1e8c4152d8737f5d1eda9fe	linguistics/books/DSS-1-Samuel-Linguistics.txt	1684224	3141	03a4cdde4bd053f9c03fd9d4411e37fd9ee9df81561b549115661367292df3e0	NO_LETTER_RECONSTRUCTION_MARKED	17	15	0	3	12	2	3	0	1	0	0	0	0
L1597348-R002	biblical_book	1Sam	14	50		4Q51	1606703	f6	5	1597348				books/DSS-1-Samuel.txt	1173031	2862	2000559-2000567	9	1	cbe9cb7556ca0e5d52c08f6c7694055b2b1c812ca36a0519374d70ae66530db5	linguistics/books/DSS-1-Samuel-Linguistics.txt	1687365	4192	e5bb532e10b5c9c71a37aa7aa8e76809dfcf43226adfbf0c0bbffadbf9b8799b	PARTLY_RECONSTRUCTED	27	27	26	1	0	26	1	0	0	0	0	0	0
L1597349-R001	biblical_book	1Sam	14	50		4Q51	1606703	f6	6	1597349				books/DSS-1-Samuel.txt	1175893	2608	2000568-2000576	9	0	deb58b4b8260d0d1be157e6ffc09e0232ae7386007774727d1abbb4da2cc02b7	linguistics/books/DSS-1-Samuel-Linguistics.txt	1691557	4034	713ec37f883cbc2d46c75b99bb924dc79c9d053a40553f58950927a67e0ff79b	PARTLY_RECONSTRUCTED	24	22	12	4	6	14	4	0	1	0	0	0	0
L1597349-R002	biblical_book	1Sam	14	51		4Q51	1606703	f6	6	1597349				books/DSS-1-Samuel.txt	1178501	2616	2000577-2000584	8	1	85db9f1d2960602e38751425585ba1512779eb2cce607bbb61621e6eadfaf0a8	linguistics/books/DSS-1-Samuel-Linguistics.txt	1695591	3601	fc8c1db16eda329993d690a6519dc945ae2359baef2464a15139cee64d5420c4	ALL_LETTER_SLOTS_RECONSTRUCTED	21	21	21	0	0	21	0	0	0	0	0	0	0
L1597350-R001	biblical_book	1Sam	14	51		4Q51	1606703	f6	7	1597350				books/DSS-1-Samuel.txt	1181117	2305	2000585-2000588	4	1	ddf84973faac8a36d9d221e25db532477580a6fa980eb591d33847604e54b67a	linguistics/books/DSS-1-Samuel-Linguistics.txt	1699192	1991	5575234515f4aeacedb9711f33705958a4d64a043e85c2b9ac6de969bb7131e4	NO_LETTER_RECONSTRUCTION_MARKED	11	7	0	4	3	2	4	1	2	0	0	0	0
L1597351-R001	biblical_book	1Sam	15	20		4Q51	1606703	f7	1	1597351				books/DSS-1-Samuel.txt	1183422	3337	2000589-2000599	11	1	72a7d9742c532aa7ce7ca24b74907a4e3bb92287a8cfc68525872dbc8af8e484	linguistics/books/DSS-1-Samuel-Linguistics.txt	1701183	4857	6f321cf521a7ab6fd5c6c0c9db9da08b212059fc985a98f69640d0d3da6387ee	PARTLY_RECONSTRUCTED	32	29	26	3	0	28	3	1	1	0	0	0	0
L1597352-R001	biblical_book	1Sam	15	20		4Q51	1606703	f7	2	1597352				books/DSS-1-Samuel.txt	1186759	1628	2000600-2000602	3	0	7c256f664d5fda1d172c2196fcb46dd335175efa9dc89beafdc7a4791b881483	linguistics/books/DSS-1-Samuel-Linguistics.txt	1706040	1620	83abc6f14f23d5938e763b7dea69903eeb69d8f56a5d8844e8441f8e9170374c	ALL_LETTER_SLOTS_RECONSTRUCTED	12	10	10	0	0	12	0	0	1	0	0	0	0
L1597352-R002	biblical_book	1Sam	15	21		4Q51	1606703	f7	2	1597352				books/DSS-1-Samuel.txt	1188387	2863	2000603-2000612	10	1	e5a95051ebc2deecaa1182d4d11918175bb1ff20517ff45c7c5988359a154183	linguistics/books/DSS-1-Samuel-Linguistics.txt	1707660	4191	1be19e865f20102b0839140c8a5078c49974c130c2f24d4601168e90cfb5a83b	PARTLY_RECONSTRUCTED	19	15	12	0	3	14	0	1	2	0	0	0	0
L1597353-R001	biblical_book	1Sam	15	24		4Q51	1606703	f8_10a_b+11	1	1597353				books/DSS-1-Samuel.txt	1191250	3971	2000613-2000627	15	1	21e198867fe6ca229ad4383088148c27c623788c4c05dada45689d357161afba	linguistics/books/DSS-1-Samuel-Linguistics.txt	1711851	6574	570e9f7d410c14a58a456f0dd54431026e21336054440a5c17fe5c470287ceac	PARTLY_RECONSTRUCTED	46	45	43	2	0	44	2	0	0	0	0	0	0
L1597354-R001	biblical_book	1Sam	15	24		4Q51	1606703	f8_10a_b+11	2	1597354				books/DSS-1-Samuel.txt	1195221	2650	2000628-2000636	9	0	fcfd7e8f37820a88b073d97b07cfb3b61b8521402022a3ca594bfd232ba22938	linguistics/books/DSS-1-Samuel-Linguistics.txt	1718425	3924	38b064fbf6e3d98705480a51125a990f36a9e93d32b3908dcf1d8133398be02e	PARTLY_RECONSTRUCTED	23	20	19	1	0	22	1	0	1	0	0	0	0
L1597354-R002	biblical_book	1Sam	15	25		4Q51	1606703	f8_10a_b+11	2	1597354				books/DSS-1-Samuel.txt	1197871	3091	2000637-2000645	9	1	aca8341b80e443e6c98f12b5d5af63aa8b6083c4b3c779ddedec1a9e7c21788a	linguistics/books/DSS-1-Samuel-Linguistics.txt	1722349	4029	bfb7797ff66e83a528095da67ad305c580cd8205bcde04254b965d59b5ca62e0	PARTLY_RECONSTRUCTED	24	22	18	1	3	20	1	0	0	0	0	0	0
L1597355-R001	biblical_book	1Sam	15	25		4Q51	1606703	f8_10a_b+11	3	1597355				books/DSS-1-Samuel.txt	1200962	1958	2000646-2000650	5	0	2ce99e8f2805928eafd50cdebf8947867b6d1e71d591bdcb815e6373026c9e1a	linguistics/books/DSS-1-Samuel-Linguistics.txt	1726378	2369	9fdb5b83b107546be4f25918afe963dc86c719d503000f8f26173b69fa15464b	PARTLY_RECONSTRUCTED	14	12	8	1	3	10	1	0	1	0	0	0	0
L1597355-R002	biblical_book	1Sam	15	26		4Q51	1606703	f8_10a_b+11	3	1597355				books/DSS-1-Samuel.txt	1202920	3155	2000651-2000660	10	1	4bf7ad48562ba421604e3ddd7e7e4faa1284bc699de645d59a6e878e655f975d	linguistics/books/DSS-1-Samuel-Linguistics.txt	1728747	4523	4e2f78a3a2190dc197ac654f409af46b5d5f01e32dfbbf6343c9aa536e7bf29f	ALL_LETTER_SLOTS_RECONSTRUCTED	34	33	33	0	0	34	0	0	0	0	0	0	0
L1597356-R001	biblical_book	1Sam	15	26		4Q51	1606703	f8_10a_b+11	4	1597356				books/DSS-1-Samuel.txt	1206075	3250	2000661-2000672	12	0	aac08a3586dec4251e0a2e0c3b5ce6a5f6cbd5f9de39f5a9f948a442ad62ea57	linguistics/books/DSS-1-Samuel-Linguistics.txt	1733270	5333	673a9734abeafa9440b7abda6148b70248da5601b2ed3d6a5c869bf2c9530f6e	PARTLY_RECONSTRUCTED	37	34	28	2	4	31	2	0	1	0	0	0	0
L1597356-R002	biblical_book	1Sam	15	27		4Q51	1606703	f8_10a_b+11	4	1597356				books/DSS-1-Samuel.txt	1209325	2188	2000673-2000677	5	1	e386335bb3601f34234bee60757794dd94bd5d19698c1362a1567d0a3fa36750	linguistics/books/DSS-1-Samuel-Linguistics.txt	1738603	2419	51da1e1db99400c2855eadccabb8ca5e52fe82f97fd4322f6bb87aba9aa65029	ALL_LETTER_SLOTS_RECONSTRUCTED	13	13	13	0	0	13	0	0	0	0	0	0	0
L1597357-R001	biblical_book	1Sam	15	27		4Q51	1606703	f8_10a_b+11	5	1597357				books/DSS-1-Samuel.txt	1211513	3063	2000678-2000688	11	0	4c2b2635e4baaa8abf1657e3a06b07dbc6c6511c97aa02ac9a89b657e28c4eb7	linguistics/books/DSS-1-Samuel-Linguistics.txt	1741022	4816	0b2c2544e9f94d58ec04740f2a06125500dfa0d8e6143d704acd0b6f294815d3	PARTLY_RECONSTRUCTED	34	30	22	0	8	26	0	0	1	0	0	0	0
L1597357-R002	biblical_book	1Sam	15	28		4Q51	1606703	f8_10a_b+11	5	1597357				books/DSS-1-Samuel.txt	1214576	2646	2000689-2000694	6	1	9a3c9ddb11c1b08931e7e419f6d7d13d0f359e5418714b58f0e783f75e9f99e1	linguistics/books/DSS-1-Samuel-Linguistics.txt	1745838	2895	8f84245695ba1d18fc6f52768f598b23cf9cbd3ead97fd42660ba69b7e7ca625	PARTLY_RECONSTRUCTED	22	21	18	1	2	19	1	0	0	0	0	0	0
L1597358-R001	biblical_book	1Sam	15	28		4Q51	1606703	f8_10a_b+11	6	1597358				books/DSS-1-Samuel.txt	1217222	3563	2000695-2000706	12	0	827b4f3ace445e839ed891703e64c90b1e2da7aa51d65c4bc030716dd85ad232	linguistics/books/DSS-1-Samuel-Linguistics.txt	1748733	5258	4da86c8442d121582a33bd4d3429fb48da1df57d2792ec3fd1a607a8e8942c6c	PARTLY_RECONSTRUCTED	37	31	22	1	8	28	1	0	1	0	0	0	0
L1597358-R002	biblical_book	1Sam	15	29		4Q51	1606703	f8_10a_b+11	6	1597358				books/DSS-1-Samuel.txt	1220785	2408	2000707-2000712	6	1	c1105d1b3ed02f09a3183da171765315e9deb0ff1c2bc7ea80b96b9ae94622bb	linguistics/books/DSS-1-Samuel-Linguistics.txt	1753991	2907	876f88b45214c1c6a93926240986461a95afcad6ef87b4d870ef090f56d02398	PARTLY_RECONSTRUCTED	17	17	15	1	1	15	1	0	0	0	0	0	0
L1597359-R001	biblical_book	1Sam	15	29		4Q51	1606703	f8_10a_b+11	7	1597359				books/DSS-1-Samuel.txt	1223193	3508	2000713-2000725	13	0	51d80d74169062e507afa5c1264eb1c650a349957276d5651b4fb728bb2b6ba7	linguistics/books/DSS-1-Samuel-Linguistics.txt	1756898	5587	bfe3506f2907d50c46403d6db7a28c555328aa0d57a151b9eccf4b76c3086ce8	PARTLY_RECONSTRUCTED	34	32	18	7	7	20	7	0	1	0	0	0	0
L1597359-R002	biblical_book	1Sam	15	30		4Q51	1606703	f8_10a_b+11	7	1597359				books/DSS-1-Samuel.txt	1226701	2083	2000726-2000729	4	1	5fb86343882b8b46023f7f2694a5068760092d39e42f0ca93517894c06a8ed7c	linguistics/books/DSS-1-Samuel-Linguistics.txt	1762485	2050	ee828ed9fa8ca9e2a33922505cf6d660a3cc4720b81aa5550f078aaad517a1d2	ALL_LETTER_SLOTS_RECONSTRUCTED	14	14	14	0	0	14	0	0	0	0	0	0	0
L1597360-R001	biblical_book	1Sam	15	30		4Q51	1606703	f8_10a_b+11	8	1597360				books/DSS-1-Samuel.txt	1228784	4936	2000730-2000746	17	1	518cc028a5aa4a691c304f3b9711f62c2bf0bc34fbf5dd8216cae84eb4489110	linguistics/books/DSS-1-Samuel-Linguistics.txt	1764535	7422	20f557bbb1ed1e23e01ff48efe6689ddf5e504c2fe340092fb7bf19afeac8de8	PARTLY_RECONSTRUCTED	59	53	37	3	13	39	3	0	1	0	0	0	0
L1597361-R001	biblical_book	1Sam	15	31		4Q51	1606703	f8_10a_b+11	9	1597361				books/DSS-1-Samuel.txt	1233720	3827	2000747-2000756	10	2	790531e637a3e02bf831e585c57ef81df66fb85ef2eefccd7f9e651fe12dbb86	linguistics/books/DSS-1-Samuel-Linguistics.txt	1771957	4511	1ed900a12d7e1fefb7f92c073e5d8627c34b9836acf36e7e7ae247140cd96ef7	PARTLY_RECONSTRUCTED	31	29	13	4	12	15	4	0	1	0	0	0	0
L1597362-R001	biblical_book	1Sam	15	32		4Q51	1606703	f8_10a_b+11	10	1597362				books/DSS-1-Samuel.txt	1237547	4423	2000757-2000771	15	1	7287e611d64d18091d13f8c98c1702f84289b9ea3fe21f076257459952ff58ec	linguistics/books/DSS-1-Samuel-Linguistics.txt	1776468	6521	e49d9bf512e7d2e414be1c510195f29dacbd99fdc8cb87f00fd0826145c73cf5	PARTLY_RECONSTRUCTED	48	42	32	2	8	36	2	1	2	0	0	0	0
L1597363-R001	biblical_book	1Sam	17	3		4Q51	1606703	f12_14	1	1597363				books/DSS-1-Samuel.txt	1241970	2445	2000772-2000776	5	1	86c24fccea839d291bd13217432410a85239d0f241c7eef50ae33ea367c7a71e	linguistics/books/DSS-1-Samuel-Linguistics.txt	1782989	2466	fd6f1e9d018b292597f0f0cc1d75192379147d9c4872e1264d44df4f4a574eff	PARTLY_RECONSTRUCTED	18	16	14	2	0	16	2	1	1	0	0	0	0
L1597364-R001	biblical_book	1Sam	17	3		4Q51	1606703	f12_14	2	1597364				books/DSS-1-Samuel.txt	1244415	3777	2000777-2000793	17	0	66ffefef1bf1c1f65dc24e02bb025e96632f330b4c524cf1e1b9cb22a705fce1	linguistics/books/DSS-1-Samuel-Linguistics.txt	1785455	7076	482a0dcbdd5168f7368303dff1a4152a85a6efaf217f7d624ff4e7e6602c9683	PARTLY_RECONSTRUCTED	40	37	36	1	0	39	1	0	1	0	0	0	0
L1597364-R002	biblical_book	1Sam	17	4		4Q51	1606703	f12_14	2	1597364				books/DSS-1-Samuel.txt	1248192	1984	2000794-2000796	3	1	4aa6c737932c66a872972f968d95db8b9762f436708b42fe8d2da317a85aa838	linguistics/books/DSS-1-Samuel-Linguistics.txt	1792531	1574	d0c12de7ab1e8c24d7f8acfe36ee261415316b9f21f8f3eece129022b4adaa4f	PARTLY_RECONSTRUCTED	7	7	1	2	4	1	2	0	0	0	0	0	0
L1597365-R001	biblical_book	1Sam	17	4		4Q51	1606703	f12_14	3	1597365				books/DSS-1-Samuel.txt	1250176	4120	2000797-2000811	15	1	79d0514ff442ecd64a1d740e334bdf8c7c77fa07e369e1885c78ab7346a0ebfb	linguistics/books/DSS-1-Samuel-Linguistics.txt	1794105	6763	38747a47fe7867b6d7fed5e9cd98dcecbb6f63b1cfa448537aba1b9057bf9d86	PARTLY_RECONSTRUCTED	49	45	34	1	10	36	1	0	1	0	0	0	0
L1597366-R001	biblical_book	1Sam	17	5		4Q51	1606703	f12_14	4	1597366				books/DSS-1-Samuel.txt	1254296	3768	2000812-2000825	14	1	d8667b658daa3d8488a9a8085a2941c18063703ba46d962c33a198988bc4ca8f	linguistics/books/DSS-1-Samuel-Linguistics.txt	1800868	6299	32151d5782a13a845b15a7e7eecb9725b8585bbfc1fd17e0731595be7546802d	PARTLY_RECONSTRUCTED	44	43	32	2	9	33	2	0	0	0	0	0	0
L1597367-R001	biblical_book	1Sam	17	5		4Q51	1606703	f12_14	5	1597367				books/DSS-1-Samuel.txt	1258064	2004	2000826-2000830	5	0	dbab721d697e700b6a8e543431d079b5f33017dc2039aeb7ff442d1f7168977a	linguistics/books/DSS-1-Samuel-Linguistics.txt	1807167	2507	6bd1fad659d8dcbfa9f3fa9fa540f68d3d05e407ec3fa48954c77c2f9f5a0c06	PARTLY_RECONSTRUCTED	20	18	17	1	0	17	1	0	1	0	0	0	0
L1597367-R002	biblical_book	1Sam	17	6		4Q51	1606703	f12_14	5	1597367				books/DSS-1-Samuel.txt	1260068	3387	2000831-2000840	10	1	ac4abde91a5efecfe6ca705666c294f70b30dcda857949f7f4414c5732fd64d6	linguistics/books/DSS-1-Samuel-Linguistics.txt	1809674	4582	fd204e83143a0303a5b2a75a6f1d41ed50a2e124dcdb370cff1aac38796bf73f	PARTLY_RECONSTRUCTED	33	29	20	6	3	21	6	0	1	0	0	0	0
L1597368-R001	biblical_book	1Sam	17	7		4Q51	1606703	f12_14	6	1597368				books/DSS-1-Samuel.txt	1263455	4244	2000841-2000855	15	1	af63c232fa4717bb28cc0a52544da62a8612bcfbae9d2f35eb975c05b0c2205a	linguistics/books/DSS-1-Samuel-Linguistics.txt	1814256	6623	517ac653a451ecbc6f6ee43ea2fdd57af5dc76e732ca19336541f0ba79170f61	PARTLY_RECONSTRUCTED	50	47	45	0	2	48	0	0	0	0	0	0	0
L1597369-R001	biblical_book	1Sam	17	7		4Q51	1606703	f12_14	7	1597369				books/DSS-1-Samuel.txt	1267699	1858	2000856-2000859	4	0	c9dc2fb0209ce2655c66346bfa1e73723fbe3f995aa6e946cae9753cab13a5e6	linguistics/books/DSS-1-Samuel-Linguistics.txt	1820879	1949	b07a06294de1c4276b6849151beb366d59105d579d5fa5627c2c78f95ce12efa	ALL_LETTER_SLOTS_RECONSTRUCTED	11	8	8	0	0	11	0	0	1	0	0	0	0
L1597369-R002	biblical_book	1Sam	17	8		4Q51	1606703	f12_14	7	1597369				books/DSS-1-Samuel.txt	1269557	3413	2000860-2000871	12	1	51824d5adce44164cafeed28e0c2906e1bfa7910abd458d81ee774bce49f2eb8	linguistics/books/DSS-1-Samuel-Linguistics.txt	1822828	5324	37c2576ace0c94f8c3bcff198d8c65e70e129ccac57e8bc189ddba4295a0e70b	PARTLY_RECONSTRUCTED	38	37	32	1	4	33	1	0	0	0	0	0	0
L1597370-R001	biblical_book	1Sam	17	8		4Q51	1606703	f12_14	8	1597370				books/DSS-1-Samuel.txt	1272970	2795	2000872-2000879	8	1	cb7971ec5e999900fa1f1855b3c15bb90e63d435bb507d11622a87db44b60a36	linguistics/books/DSS-1-Samuel-Linguistics.txt	1828152	3581	8e2822429f754be4611ed7d2ae6abab01659fb110f3923920af747415320825e	PARTLY_RECONSTRUCTED	23	19	16	1	2	18	1	1	2	0	0	0	0
L1597371-R001	biblical_book	1Sam	17	40		4Q51	1606703	f16	1	1597371				books/DSS-1-Samuel.txt	1275765	4251	2000880-2000895	16	1	184026cb6f65508b00ab4b1b8dbd6faffdde002bcf54ee31fe0831f44d56d54f	linguistics/books/DSS-1-Samuel-Linguistics.txt	1831733	6826	2734db9469283d12192085ff9e857e49716697dd915198a500bb3b2b6b1b9fe6	PARTLY_RECONSTRUCTED	45	42	41	1	0	44	1	0	0	0	0	0	0
L1597372-R001	biblical_book	1Sam	17	40		4Q51	1606703	f16	2	1597372				books/DSS-1-Samuel.txt	1280016	3905	2000896-2000911	16	0	695d5d85c546109b56f9da7dd87cd2b12ce94fd25adc1c8a46d9721f5100dbad	linguistics/books/DSS-1-Samuel-Linguistics.txt	1838559	6809	e39fc70f6fa1c80c7f2b22f20542364dd18d4c03294158e0bcab5832ddc0e16a	PARTLY_RECONSTRUCTED	43	38	34	0	4	39	0	0	1	0	0	0	0
L1597372-R002	biblical_book	1Sam	17	41		4Q51	1606703	f16	2	1597372				books/DSS-1-Samuel.txt	1283921	1705	2000912-2000913	2	1	96b51a996c0c03512c0528305c701ce9e7bfc115b078c1153b9cecabc1d47024	linguistics/books/DSS-1-Samuel-Linguistics.txt	1845368	1158	2a3991dc5a95f1362c5209578bebb758660326144b0f20c1e0270f24e33a646c	ALL_LETTER_SLOTS_RECONSTRUCTED	4	4	4	0	0	4	0	0	0	0	0	0	0
L1597373-R001	biblical_book	1Sam	17	41		4Q51	1606703	f16	3	1597373				books/DSS-1-Samuel.txt	1285626	4196	2000914-2000930	17	1	77b811b076628232c7b76b7f1a753569a3c4cfbed39c6595a378ddbd0ee002b9	linguistics/books/DSS-1-Samuel-Linguistics.txt	1846526	7175	4f60800fe60a49f58be2883adf0b9b390bef254c35eb83c915c1289f3e33035b	PARTLY_RECONSTRUCTED	43	38	35	1	2	38	1	1	2	0	0	0	0
L1597374-R001	biblical_book	1Sam	18	4		4Q51	1606703	f17	1	1597374				books/DSS-1-Samuel.txt	1289822	4530	2000931-2000947	17	0	847b7409dcccaa7421884d45423ce6dfcd39ae0bfd7cd88d232bc4d3fa2fe067	linguistics/books/DSS-1-Samuel-Linguistics.txt	1853701	7134	de09c65d6191d35f315a717c26a3ed087b7c243523b708afd9a91b1cc0189862	PARTLY_RECONSTRUCTED	48	40	37	2	1	45	2	0	1	0	0	0	0
L1597374-R002	biblical_book	1Sam	18	5		4Q51	1606703	f17	1	1597374				books/DSS-1-Samuel.txt	1294352	1703	2000948-2000949	2	1	3c1c152e2c3d0f261c38344049fb0222f31db5b5985ae3ac442d7318d5b69ada	linguistics/books/DSS-1-Samuel-Linguistics.txt	1860835	1154	f97b3e7ee2bfe72e60902483e5f361f835e7d0d009c858c44c9f2376ae5513b4	ALL_LETTER_SLOTS_RECONSTRUCTED	4	4	4	0	0	4	0	0	0	0	0	0	0
L1597375-R001	biblical_book	1Sam	18	5		4Q51	1606703	f17	2	1597375				books/DSS-1-Samuel.txt	1296055	4107	2000950-2000963	14	1	3842857aad649c62d5aa37da4e3e4365a27bb9c965d17baff2ddc6902867b0dd	linguistics/books/DSS-1-Samuel-Linguistics.txt	1861989	6090	01d5782c5ead6c6f02c718ca5bc3e982a388f54de9ab14670935a90b6879f116	PARTLY_RECONSTRUCTED	45	41	35	2	4	37	2	0	1	0	0	0	0
L1597376-R001	biblical_book	1Sam	20	37		4Q51	1606703	f18_19	1	1597376				books/DSS-1-Samuel.txt	1300162	2144	2000964-2000969	6	0	7ab9ae409b85915b9984053b58252edb87af8a620c561b7afb37ea69d079c350	linguistics/books/DSS-1-Samuel-Linguistics.txt	1868079	2724	f0269b5eace8af95c8835df613947cd3a44ff35967e0cd87d00e4eda49b76f3a	PARTLY_RECONSTRUCTED	14	11	10	1	0	13	1	0	1	0	0	0	0
L1597376-R002	biblical_book	1Sam	20	38		4Q51	1606703	f18_19	1	1597376				books/DSS-1-Samuel.txt	1302306	2981	2000970-2000978	9	1	4630b6d4433eff0f7aa957cb0848691938369f333c958912f22ca30ced766494	linguistics/books/DSS-1-Samuel-Linguistics.txt	1870803	4151	58ff6d4404f3f5da9621b15a77b6d1d16d165b7458bb6ffeb9ee10839138cb02	PARTLY_RECONSTRUCTED	29	28	26	1	1	26	1	0	0	0	0	0	0
L1597377-R001	biblical_book	1Sam	20	38		4Q51	1606703	f18_19	2	1597377				books/DSS-1-Samuel.txt	1305287	3494	2000979-2000991	13	0	9b03377eb11772fa0bc8c782bea341c6a12c69d61009a67dacab6e6ebb8a3dd2	linguistics/books/DSS-1-Samuel-Linguistics.txt	1874954	5652	c0f7e91422609525c89d5db45b8a42f4588c911710ac37806940177b65f47cc7	PARTLY_RECONSTRUCTED	40	37	32	2	3	35	2	0	1	0	0	0	0
L1597377-R002	biblical_book	1Sam	20	39		4Q51	1606703	f18_19	2	1597377				books/DSS-1-Samuel.txt	1308781	1894	2000992-2000994	3	1	f67f4f374c8dfa8b42b724fe37a318055b8c99aead95918b8699f33a7572c3f3	linguistics/books/DSS-1-Samuel-Linguistics.txt	1880606	1552	1879b33c4bd906e8b3834be3c2d16864576d862a292a75c08e239981cf6a0bd3	PARTLY_RECONSTRUCTED	5	5	2	1	2	2	1	0	0	0	0	0	0
L1597378-R001	biblical_book	1Sam	20	39		4Q51	1606703	f18_19	3	1597378				books/DSS-1-Samuel.txt	1310675	2556	2000995-2001003	9	0	1a2b444c1aab44cc283dc34db92824016ffb01ec7b18541ac8a7dec21f554467	linguistics/books/DSS-1-Samuel-Linguistics.txt	1882158	4124	fe436793799bb5419046d0046442f65de44166c35c00189190b50e586c753938	ALL_LETTER_SLOTS_RECONSTRUCTED	30	28	28	0	0	30	0	0	1	0	0	0	0
L1597378-R002	biblical_book	1Sam	20	40		4Q51	1606703	f18_19	3	1597378				books/DSS-1-Samuel.txt	1313231	2622	2001004-2001009	6	1	9601b755c14aeef96dc28ea7bd9056d2d65442bbd24f35d307e0be13ab46aaad	linguistics/books/DSS-1-Samuel-Linguistics.txt	1886282	2863	494398f34456bb40fc521bdc978401237a0174bbca7e25df85b62f0478110b93	PARTLY_RECONSTRUCTED	19	16	14	2	0	14	2	0	1	0	0	0	0
L1597379-R001	biblical_book	1Sam	22	10		4Q51	1606703	f20	1	1597379				books/DSS-1-Samuel.txt	1315853	3523	2001010-2001021	12	1	9b4918ceb9354ce3951d1dc21bbf589ffbdf320f4a152b0bd73e2ee74e3f56f9	linguistics/books/DSS-1-Samuel-Linguistics.txt	1889145	5138	cb5bf449729a7c8b80ed7ab88b6d8888e498d26f6ea31f12c2bd88cf79288b31	PARTLY_RECONSTRUCTED	31	27	23	1	3	27	1	1	1	0	0	0	0
L1597380-R001	biblical_book	1Sam	22	10		4Q51	1606703	f20	2	1597380				books/DSS-1-Samuel.txt	1319376	2323	2001022-2001028	7	0	94e3aae742ed0e0eabe3e79d7320f0ade2f77e222db6561b7202274142c50c80	linguistics/books/DSS-1-Samuel-Linguistics.txt	1894283	3256	a4338e2c4210acedbef2dd8ca733b4c945dff46910e9195f488d437af309a953	ALL_LETTER_SLOTS_RECONSTRUCTED	21	18	18	0	0	21	0	0	1	0	0	0	0
L1597380-R002	biblical_book	1Sam	22	11		4Q51	1606703	f20	2	1597380				books/DSS-1-Samuel.txt	1321699	3043	2001029-2001038	10	1	08c8d6c31e6e056a38d49bf1eadcfdb834622bdd5d43ebe0d93c21d18e41989c	linguistics/books/DSS-1-Samuel-Linguistics.txt	1897539	4531	6dfe6916b051cb5cc587b7f9f7e854d61b798a857f7115d500d151f9da183477	PARTLY_RECONSTRUCTED	29	29	23	2	4	23	2	0	0	0	0	0	0
L1597381-R001	biblical_book	1Sam	22	11		4Q51	1606703	f20	3	1597381				books/DSS-1-Samuel.txt	1324742	4646	2001039-2001057	19	1	cddbb80fd8a2aa2d22d2aa0c527a05a3fa956d6f3bf769e1bcb3c4fb7d699465	linguistics/books/DSS-1-Samuel-Linguistics.txt	1902070	7864	a773964b13cdfe9f9cc2ed8f294d025e83fabbcca06d77744710a1ed97982002	PARTLY_RECONSTRUCTED	49	43	40	2	1	45	2	1	2	0	0	0	0
L1597382-R001	biblical_book	1Sam	24	3		4Q51	1606703	f22_23	1	1597382				books/DSS-1-Samuel.txt	1329388	3458	2001058-2001069	12	1	775490c2f22b9d1c4d72774d544dd3779595d5c6d229385ed389227f4f40fb7e	linguistics/books/DSS-1-Samuel-Linguistics.txt	1909934	5323	0eb4da0cf6d4afdeeeb422eddfa239fdd8ef96bceebb0b1e08fe1f72cdbe58bb	PARTLY_RECONSTRUCTED	35	34	30	2	2	31	2	0	0	0	0	0	0
L1597383-R001	biblical_book	1Sam	24	3		4Q51	1606703	f22_23	2	1597383				books/DSS-1-Samuel.txt	1332846	1569	2001070-2001072	3	0	67073fa336eb68c398e8597b7da6e9a46e6aad1e2cfa94104d7423a08c9336be	linguistics/books/DSS-1-Samuel-Linguistics.txt	1915257	1546	daff6b84ca40156177ed6f33eff17c7ad29db427c2d6a5916e22d0625d7e79db	ALL_LETTER_SLOTS_RECONSTRUCTED	8	6	6	0	0	6	0	0	1	0	0	0	0
L1597383-R002	biblical_book	1Sam	24	4		4Q51	1606703	f22_23	2	1597383				books/DSS-1-Samuel.txt	1334415	3295	2001073-2001083	11	1	2891aeffee3d47c5e0dbc62f9251580fd9a59c9bd85acd1733c3cea8984180e6	linguistics/books/DSS-1-Samuel-Linguistics.txt	1916803	4810	c5b0ff05038c9dde5fa05fb9e4fcad13fa352c88663888dae5e76708c941cba6	PARTLY_RECONSTRUCTED	25	25	19	3	3	19	3	0	0	0	0	0	0
L1597384-R001	biblical_book	1Sam	24	4		4Q51	1606703	f22_23	3	1597384				books/DSS-1-Samuel.txt	1337710	3758	2001084-2001097	14	1	6f7135161cd8f6ddfa16674146ca55ba8b5506a2825bf0e1cf1df037158c43c5	linguistics/books/DSS-1-Samuel-Linguistics.txt	1921613	6124	ea347caf7d42d2462825d1262a5b6ea108fd16fda1ba7480847f3333f4651b22	PARTLY_RECONSTRUCTED	42	40	29	0	11	30	0	0	0	0	0	0	0
L1597385-R001	biblical_book	1Sam	24	4		4Q51	1606703	f22_23	4	1597385				books/DSS-1-Samuel.txt	1341468	1570	2001098-2001100	3	0	4c211be1dfe19061662212a39bc25faac35be68fa973db665299137aed73b5d4	linguistics/books/DSS-1-Samuel-Linguistics.txt	1927737	1555	9fbdbdd498077a67ef2989101207c393afae05251b3f7f1308ebee0279e59218	ALL_LETTER_SLOTS_RECONSTRUCTED	7	5	5	0	0	7	0	0	1	0	0	0	0
L1597385-R002	biblical_book	1Sam	24	5		4Q51	1606703	f22_23	4	1597385				books/DSS-1-Samuel.txt	1343038	3316	2001101-2001111	11	1	e9167326ea0fc846317b9915b1fa62db956d57f073fd85942c32c6457246be97	linguistics/books/DSS-1-Samuel-Linguistics.txt	1929292	4826	1a881154218855c857386ac1e43bf7cc16e4e40e4aa3c44ef399dce809b6f515	PARTLY_RECONSTRUCTED	34	31	25	1	5	26	1	0	1	0	0	0	0
L1597386-R001	biblical_book	1Sam	24	8		4Q51	1606703	f24_25	1	1597386				books/DSS-1-Samuel.txt	1346354	2436	2001112-2001117	6	1	51312668d7e0c91e13777faad686f7c1726e21921a6172b0ac4746d15d950b91	linguistics/books/DSS-1-Samuel-Linguistics.txt	1934118	2738	1c612e42051bf277fec2fe7a04f26f1d519be6174d441eed77d90fed3cf5944f	PARTLY_RECONSTRUCTED	13	11	10	0	1	12	0	1	1	0	0	0	0
L1597387-R001	biblical_book	1Sam	24	8		4Q51	1606703	f24_25	2	1597387				books/DSS-1-Samuel.txt	1348790	1999	2001118-2001123	6	0	6c70a232bfd4d6c3e06565d7c1c10eb1327fd3b5b650c1b967c39512a989a9ec	linguistics/books/DSS-1-Samuel-Linguistics.txt	1936856	2752	581adc30300261d09a4c958106662dd115a848b30e194f2e09af3ed64f1ba265	ALL_LETTER_SLOTS_RECONSTRUCTED	13	11	11	0	0	13	0	0	1	0	0	0	0
L1597387-R002	biblical_book	1Sam	24	9		4Q51	1606703	f24_25	2	1597387				books/DSS-1-Samuel.txt	1350789	3323	2001124-2001135	12	1	1defe251f53333a676214c21f63b7a8ae429394a1a526ffb6f2bbb865c0ecad7	linguistics/books/DSS-1-Samuel-Linguistics.txt	1939608	5327	41598d82174c1514ad18dbca4ac0859536439a64a4f427b03733fd29162fcfea	PARTLY_RECONSTRUCTED	36	36	31	1	4	31	1	0	0	0	0	0	0
L1597388-R001	biblical_book	1Sam	24	9		4Q51	1606703	f24_25	3	1597388				books/DSS-1-Samuel.txt	1354112	4887	2001136-2001153	18	1	a45bf8e23b083b205a8a967bed86dbe47f6d98fbc38891d462f873d3a4445f3e	linguistics/books/DSS-1-Samuel-Linguistics.txt	1944935	7683	0ce09f2517b6779585e1790c6d4dd96a92594ec579f4fa40d031ce3e75c682ec	PARTLY_RECONSTRUCTED	56	50	43	4	3	48	4	0	1	0	0	0	0
L1597389-R001	biblical_book	1Sam	24	10		4Q51	1606703	f24_25	4	1597389				books/DSS-1-Samuel.txt	1358999	4176	2001154-2001168	15	2	eb24a8bbd5f2ae2a6ded96e5881c677db99821e1b834035d2f15b0bacc899d09	linguistics/books/DSS-1-Samuel-Linguistics.txt	1952618	6532	8050fe1d848661344840fe3b9dac136069aa4c90bd7c8fa9f8382eb4377a0a4c	PARTLY_RECONSTRUCTED	41	39	36	3	0	36	3	0	1	0	0	0	0
L1597390-R001	biblical_book	1Sam	24	14		4Q51	1606703	f26_27	1	1597390				books/DSS-1-Samuel.txt	1363175	2752	2001169-2001175	7	1	91f7d587bbeb55f480750822f7014bedcff7f390047dbfa87f235ae26677555b	linguistics/books/DSS-1-Samuel-Linguistics.txt	1959150	3274	4c3e89eb19beb339ccde979436ae95fa0b8597be9bffbc73a6dd20173f30c32a	PARTLY_RECONSTRUCTED	21	19	9	2	8	11	2	1	1	0	0	0	0
L1597391-R001	biblical_book	1Sam	24	14		4Q51	1606703	f26_27	2	1597391				books/DSS-1-Samuel.txt	1365927	2896	2001176-2001185	10	0	f4a1bc292cb9372650d74569343ab902c4f726bac44179db594ece767132ef61	linguistics/books/DSS-1-Samuel-Linguistics.txt	1962424	4354	2e1eb358fa0fb8d1c48017e3ab6861640ddfc56a1338d0fbc938c55e28282839	ALL_LETTER_SLOTS_RECONSTRUCTED	29	25	25	0	0	29	0	0	1	0	0	0	0
L1597391-R002	biblical_book	1Sam	24	15		4Q51	1606703	f26_27	2	1597391				books/DSS-1-Samuel.txt	1368823	2344	2001186-2001190	5	1	c85b4d4ab5f682791909e5ccaffcf698220da7a5497ccbccd0b022b05afc49d9	linguistics/books/DSS-1-Samuel-Linguistics.txt	1966778	2494	f4ec5f5b49fd9166e1bb643003d82a618ad20bf835796de5e8d449dfd5b84ecc	PARTLY_RECONSTRUCTED	16	16	9	3	4	9	3	0	0	0	0	0	0
L1597392-R001	biblical_book	1Sam	24	15		4Q51	1606703	f26_27	3	1597392				books/DSS-1-Samuel.txt	1371167	3814	2001191-2001204	14	1	3119e1a49e79da5ac3586ca8157d18dcfa3c658023dd1f11e238ff0162b8e8e7	linguistics/books/DSS-1-Samuel-Linguistics.txt	1969272	6240	fec9c126a6a0c176fde8472e75914b070da50996a36afbe4cc2393e82047e5dc	PARTLY_RECONSTRUCTED	42	42	32	4	6	32	4	0	0	0	0	0	0
L1597393-R001	biblical_book	1Sam	24	15		4Q51	1606703	f26_27	4	1597393				books/DSS-1-Samuel.txt	1374981	1562	2001205-2001207	3	0	8e362c2a9c101b79eeecca759e6de2fbbd570529ceabd2268d55d634f0d961bd	linguistics/books/DSS-1-Samuel-Linguistics.txt	1975512	1524	ff6a4d4fb778335e340cdfe235d9df37958e6274be7ac9c3b297420813b07a10	ALL_LETTER_SLOTS_RECONSTRUCTED	6	4	4	0	0	6	0	0	1	0	0	0	0
L1597393-R002	biblical_book	1Sam	24	16		4Q51	1606703	f26_27	4	1597393				books/DSS-1-Samuel.txt	1376543	4545	2001208-2001225	18	1	ff61a446e9d1f842e82e723d0345ad0865dacd2fae0b56dbf21c836dfe70803c	linguistics/books/DSS-1-Samuel-Linguistics.txt	1977036	7588	19d483bf417a0092acf12e38a84566792b8b618cfde22a1a7d668a253e2fe583	PARTLY_RECONSTRUCTED	50	46	38	0	8	40	0	0	0	0	0	0	0
L1597394-R001	biblical_book	1Sam	24	16		4Q51	1606703	f26_27	5	1597394				books/DSS-1-Samuel.txt	1381088	1693	2001226-2001228	3	0	9bdbda647d7cf5b7e539f30bcdbe7116eca360cc76e9835f43cb4b9f41cd8259	linguistics/books/DSS-1-Samuel-Linguistics.txt	1984624	1527	34bfbbb06528e9dc5be8695cd4f86cfd94a79a5103cbb4e12fc5b0a27ca3f150	ALL_LETTER_SLOTS_RECONSTRUCTED	7	4	4	0	0	7	0	0	1	0	0	0	0
L1597394-R002	biblical_book	1Sam	24	17		4Q51	1606703	f26_27	5	1597394				books/DSS-1-Samuel.txt	1382781	4047	2001229-2001242	14	2	ccda43e1b4ab65f932a03c9ebc8f7bf65305d727680306fc024281143feaf933	linguistics/books/DSS-1-Samuel-Linguistics.txt	1986151	6031	3756965d93694fd7f6526c462d9d001c354472ab3f389e3063187899765643b0	PARTLY_RECONSTRUCTED	35	35	30	4	1	30	4	0	0	0	0	0	0
L1597395-R001	biblical_book	1Sam	24	17		4Q51	1606703	f26_27	6	1597395				books/DSS-1-Samuel.txt	1386828	3873	2001243-2001257	15	0	cd863549bf155bbe1c1b3380799ebe920b9808fb885e59d4f64553212a02588e	linguistics/books/DSS-1-Samuel-Linguistics.txt	1992182	6421	f8cf027eca2e0438fb83daeb8c6d17ef4af0113a6eec66ba85b8cb240d499a52	PARTLY_RECONSTRUCTED	43	38	36	2	0	39	2	0	1	0	0	0	0
L1597395-R002	biblical_book	1Sam	24	18		4Q51	1606703	f26_27	6	1597395				books/DSS-1-Samuel.txt	1390701	1844	2001258-2001260	3	1	7c210a7a1ddca95b269255bb6a643238ec927f98699b28273febe134b05221ed	linguistics/books/DSS-1-Samuel-Linguistics.txt	1998603	1559	cbdd01b6ffb1cbb50a1c5ace21edb116b9e1886cc7a3e016eb403be156b82b96	NO_LETTER_RECONSTRUCTION_MARKED	7	7	0	0	7	0	0	0	0	0	0	0	0
L1597396-R001	biblical_book	1Sam	24	18		4Q51	1606703	f26_27	7	1597396				books/DSS-1-Samuel.txt	1392545	4275	2001261-2001275	15	1	a51544dfe4807621e6eed7a7ba312600c21a4cc5e29fc81e66838ce7addedf0f	linguistics/books/DSS-1-Samuel-Linguistics.txt	2000162	6569	f122895f0526f6806d4bf62408d1f457c37991f3e20928ff90178170c6c3b513	PARTLY_RECONSTRUCTED	50	45	30	3	12	32	3	0	1	0	0	0	0
L1597397-R001	biblical_book	1Sam	24	19		4Q51	1606703	f26_27	8	1597397				books/DSS-1-Samuel.txt	1396820	4242	2001276-2001287	12	2	781ca918d245e0048b9efc5ae14f7034f00b66c786f1eea90eaf79744d31a256	linguistics/books/DSS-1-Samuel-Linguistics.txt	2006731	5330	a57f26ef479305e22670d670844eb04fe5411c46a4990485207b28b57f93cde7	PARTLY_RECONSTRUCTED	39	37	23	3	11	24	3	0	0	0	0	0	0
L1597398-R001	biblical_book	1Sam	24	19		4Q51	1606703	f26_27	9	1597398				books/DSS-1-Samuel.txt	1401062	2466	2001288-2001294	7	0	ca3b2d3c61e8d7ccb679d4056bc5a31f5e1488725d052edbc3c87d4d4957b878	linguistics/books/DSS-1-Samuel-Linguistics.txt	2012061	3140	7ef1d9ea42ae49a858606986140832d52a6e6324aaa49ed782323f281030bcdc	ALL_LETTER_SLOTS_RECONSTRUCTED	22	18	18	0	0	22	0	0	1	0	0	0	0
L1597398-R002	biblical_book	1Sam	24	20		4Q51	1606703	f26_27	9	1597398				books/DSS-1-Samuel.txt	1403528	3465	2001295-2001304	10	1	13275bc45d8906714decb232e554fc48544e34e698892a79d94b30317ab20daf	linguistics/books/DSS-1-Samuel-Linguistics.txt	2015201	4461	ca44d37aa9f1287dd8800634dc71cb3bbb9169a5ef75cbbe450e3802774b3c29	PARTLY_RECONSTRUCTED	28	26	12	3	11	12	3	0	0	0	0	0	0
L1597399-R001	biblical_book	1Sam	24	20		4Q51	1606703	f26_27	10	1597399				books/DSS-1-Samuel.txt	1406993	3619	2001305-2001318	14	0	b70d9324e4093c7ec73c2a2e07a140b20e215ef956b2261e2eb6b64bbf980f04	linguistics/books/DSS-1-Samuel-Linguistics.txt	2019662	6057	52a72eb5dfc309155e9bbac42300acaf6312f065bbc365903b848f77906d2770	PARTLY_RECONSTRUCTED	40	37	30	6	1	31	6	0	1	0	0	0	0
L1597399-R002	biblical_book	1Sam	24	21		4Q51	1606703	f26_27	10	1597399				books/DSS-1-Samuel.txt	1410612	1699	2001319-2001320	2	1	b7d536b1c099d90a47a76c06d28284ec8e269e78064a635f9a3e66a9fd5308fd	linguistics/books/DSS-1-Samuel-Linguistics.txt	2025719	1186	d4fadf3b209f4318b02b3bd5176a0044ce32f05cfe10455975ca2dafe72e628b	NO_LETTER_RECONSTRUCTION_MARKED	4	4	0	0	4	0	0	0	0	0	0	0	0
L1597400-R001	biblical_book	1Sam	24	21		4Q51	1606703	f26_27	11	1597400				books/DSS-1-Samuel.txt	1412311	3934	2001321-2001335	15	1	7c6ff92f38db701ec9172c29b7008fcaf1ead9e0b6e70d3e034975fc32687e64	linguistics/books/DSS-1-Samuel-Linguistics.txt	2026905	6540	18feb56fd8bb5e7a47fa3d15114010424594aa91cd7f5f6205d8b51599a2ba24	PARTLY_RECONSTRUCTED	45	43	39	0	4	40	0	0	0	0	0	0	0
L1597401-R001	biblical_book	1Sam	24	21		4Q51	1606703	f26_27	12	1597401				books/DSS-1-Samuel.txt	1416245	1711	2001336-2001338	3	0	8707f66f678a3ce0c2780f9e1b8a07d6c57a16cac6ca3bcc5bd38846c419f7d3	linguistics/books/DSS-1-Samuel-Linguistics.txt	2033445	1722	d7335b27f607b9497d1c34cf07a0298593971837b14153a82dd7a7d07ca134eb	PARTLY_RECONSTRUCTED	12	10	8	2	0	10	2	0	1	0	0	0	0
L1597401-R002	biblical_book	1Sam	24	22		4Q51	1606703	f26_27	12	1597401				books/DSS-1-Samuel.txt	1417956	3721	2001339-2001348	10	2	404d61ebf9ddcae000d6bb89e81756d6aec68908cbc971cd78da53117b776528	linguistics/books/DSS-1-Samuel-Linguistics.txt	2035167	4432	502fc06a6e76fd02dffb83ec3322895b042c752cb9f1b73a61b570f23479ffa0	PARTLY_RECONSTRUCTED	32	29	25	1	3	27	1	0	0	0	0	0	0
L1597402-R001	biblical_book	1Sam	24	22		4Q51	1606703	f26_27	13	1597402				books/DSS-1-Samuel.txt	1421677	3144	2001349-2001358	10	0	15253856609bfe6a2c73dc33ed84c56579379ad05153690f06d90f9f29221d7a	linguistics/books/DSS-1-Samuel-Linguistics.txt	2039599	4381	e1dd9e94be4e537019bf7c2aecb3a7dbc1e2e26e102065e39abf24b1e73e74c1	PARTLY_RECONSTRUCTED	29	24	19	1	4	23	1	0	1	0	0	0	0
L1597402-R002	biblical_book	1Sam	24	23		4Q51	1606703	f26_27	13	1597402				books/DSS-1-Samuel.txt	1424821	2186	2001359-2001363	5	1	d79718d7f1d8507bfa69cd3479fac7754f2515749f0a14db4adeeb2ed49ffa89	linguistics/books/DSS-1-Samuel-Linguistics.txt	2043980	2428	b974ed5816e81275c87327ecc294e85feb8120bde11b9d1df3fefbe0e94b39e0	ALL_LETTER_SLOTS_RECONSTRUCTED	14	14	14	0	0	14	0	0	0	0	0	0	0
L1597403-R001	biblical_book	1Sam	24	23		4Q51	1606703	f26_27	14	1597403				books/DSS-1-Samuel.txt	1427007	3912	2001364-2001377	14	1	63887936f40ecf1a411899696a6933ce7b1171d5059ba61b4c0db91210ca2f1e	linguistics/books/DSS-1-Samuel-Linguistics.txt	2046408	6059	34bb388967d06ec54234ac5cc77371fbe44fe24ac5a9b9ddd5420cfc9d42e494	PARTLY_RECONSTRUCTED	39	35	33	1	1	35	1	0	1	0	0	0	0
L1597404-R001	biblical_book	1Sam	25	3		4Q51	1606703	f29_33	1	1597404				books/DSS-1-Samuel.txt	1430919	2114	2001378-2001383	6	0	df7df74c857ced00cf0a018b41fabd6c23f9d658e99e5e0b7adec985298d20ef	linguistics/books/DSS-1-Samuel-Linguistics.txt	2052467	2807	b588fe42238c55941fec059ae0b95be8883cbe097c1baae8667daffb09292fd2	PARTLY_RECONSTRUCTED	17	15	1	1	13	3	1	0	1	0	0	0	0
L1597404-R002	biblical_book	1Sam	25	4		4Q51	1606703	f29_33	1	1597404				books/DSS-1-Samuel.txt	1433033	4128	2001384-2001396	13	2	0265f491dbfb5a5f2cde6f321f48fbaece012498d8836390e47466cdb749a34f	linguistics/books/DSS-1-Samuel-Linguistics.txt	2055274	5726	634eb2af3f6513ea1e9c45ebdff24223edff26b100929ecc65ce0b759601eb1b	PARTLY_RECONSTRUCTED	38	35	22	3	10	25	3	0	1	0	0	0	0
L1597405-R001	biblical_book	1Sam	25	5		4Q51	1606703	f29_33	2	1597405				books/DSS-1-Samuel.txt	1437161	5155	2001397-2001415	19	1	12fc9173dead81c9847df3935554ebf1a906293fea18641092580e3ec0fd267b	linguistics/books/DSS-1-Samuel-Linguistics.txt	2061000	8251	2083283331105df35cc4f0f14862f3ac6070b7b7a27ff6d4a2959481dcce2c50	PARTLY_RECONSTRUCTED	60	59	33	10	16	34	10	0	0	0	0	0	0
L1597406-R001	biblical_book	1Sam	25	5		4Q51	1606703	f29_33	3	1597406				books/DSS-1-Samuel.txt	1442316	2222	2001416-2001421	6	0	7982ed179125f804cade0f509fe5cba25f33f13caf6434f9bbfbbe80fc6c9278	linguistics/books/DSS-1-Samuel-Linguistics.txt	2069251	2718	331483f545df877c29ef88c63b70dfb8af0dd3e592ddb97ab624fc4d1a42cff6	PARTLY_RECONSTRUCTED	15	11	7	0	4	10	0	0	1	0	0	0	0
L1597406-R002	biblical_book	1Sam	25	6		4Q51	1606703	f29_33	3	1597406				books/DSS-1-Samuel.txt	1444538	4490	2001422-2001438	17	1	340082f620d16ab78b232719aca4c9d451dee11bb08ca72e5f1c57a23850781a	linguistics/books/DSS-1-Samuel-Linguistics.txt	2071969	7228	2b3574f51937be3e0831fed1015b5dcd048cac6c4742b631ef7f69df22aa7c81	PARTLY_RECONSTRUCTED	45	41	30	4	7	31	4	0	1	0	0	0	0
L1597407-R001	biblical_book	1Sam	25	7		4Q51	1606703	f29_33	4	1597407				books/DSS-1-Samuel.txt	1449028	4947	2001439-2001456	18	1	96ce3fb27ac5f2ccd746c832eacb1c24441e8999859afc425abd3a106449ec92	linguistics/books/DSS-1-Samuel-Linguistics.txt	2079197	7656	134b6371635df6a4c8268737c322f512f5db208cbf8a78dd192712896dc7af94	PARTLY_RECONSTRUCTED	59	55	49	2	4	53	2	0	0	0	0	0	0
L1597408-R001	biblical_book	1Sam	25	7		4Q51	1606703	f29_33	5	1597408				books/DSS-1-Samuel.txt	1453975	2868	2001457-2001465	9	0	5b43ab3d8ed088da5671e97b51d14786543ee99e2b918cee0ea91a00f83eb3fc	linguistics/books/DSS-1-Samuel-Linguistics.txt	2086853	4128	093deb7d6d98f40c2fd017a7bdb07a9a48deb2dc04d9493b5522997540ac6da6	PARTLY_RECONSTRUCTED	32	28	21	3	4	22	3	0	1	0	0	0	0
L1597408-R002	biblical_book	1Sam	25	8		4Q51	1606703	f29_33	5	1597408				books/DSS-1-Samuel.txt	1456843	3060	2001466-2001474	9	1	17b2e5de50cbc434c879cdbb73ef9d34e18b903ca77cd477a13b31fe65b126f3	linguistics/books/DSS-1-Samuel-Linguistics.txt	2090981	3969	a191db56f2cdfb32a2f36bbcc7e863a90b064eaf4064001bc5bef8e6c17dbbef	ALL_LETTER_SLOTS_RECONSTRUCTED	28	26	26	0	0	28	0	0	0	0	0	0	0
L1597409-R001	biblical_book	1Sam	25	8		4Q51	1606703	f29_33	6	1597409				books/DSS-1-Samuel.txt	1459903	4884	2001475-2001493	19	1	e1d5af4d5077289c367bc179aa24d0fff4be0262b64d19b8d43ce51e0c74c9f7	linguistics/books/DSS-1-Samuel-Linguistics.txt	2094950	8046	f8be35d28ca1e4013e0a13099785bb5d79c2121fd6d39548eb218c18bf733701	PARTLY_RECONSTRUCTED	57	51	44	2	5	47	2	0	1	0	0	0	0
L1597410-R001	biblical_book	1Sam	25	9		4Q51	1606703	f29_33	7	1597410				books/DSS-1-Samuel.txt	1464787	5430	2001494-2001517	24	1	682dc47ba1a1c4f6c29df1741f8d927d0d50dccb2ddb646f1688088a80cff59c	linguistics/books/DSS-1-Samuel-Linguistics.txt	2102996	9988	63a6243dcf961bc56f5da69a90bfd60b47934a56260472c426d0d10ee0169d47	PARTLY_RECONSTRUCTED	62	60	51	6	3	51	6	0	1	0	0	0	0
L1597411-R001	biblical_book	1Sam	25	10		4Q51	1606703	f29_33	8	1597411				books/DSS-1-Samuel.txt	1470217	4685	2001518-2001537	20	1	dc026395a1179abd0b1852e393b578a300dc9ccbe417ae318549904ebe4ebab0	linguistics/books/DSS-1-Samuel-Linguistics.txt	2112984	8520	94c7214cbe38457ff62c8f6e761b4849674d4020c8972331161e27ad3caedb4c	PARTLY_RECONSTRUCTED	56	56	49	2	5	49	2	0	0	0	0	0	0
L1597412-R001	biblical_book	1Sam	25	10		4Q51	1606703	f29_33	9	1597412				books/DSS-1-Samuel.txt	1474902	2027	2001538-2001542	5	0	798953b5843f47f0ac08a414b2b52b2d983570610728eaab4cc17633a43eab96	linguistics/books/DSS-1-Samuel-Linguistics.txt	2121504	2410	01e6df33d788bae338ff0b1441123bfac3331f2640180d943382acdae385a534	ALL_LETTER_SLOTS_RECONSTRUCTED	15	12	12	0	0	15	0	0	1	0	0	0	0
L1597412-R002	biblical_book	1Sam	25	11		4Q51	1606703	f29_33	9	1597412				books/DSS-1-Samuel.txt	1476929	4376	2001543-2001558	16	1	689ca88d4ee877f648070e13f14607f101a32b6f1c3cd03350516bb10629b1d3	linguistics/books/DSS-1-Samuel-Linguistics.txt	2123914	6873	2e5733d36afe3cfd07f8e1efce6b0dd788044b28dd3ab7b513f373b56ea05b7d	PARTLY_RECONSTRUCTED	50	46	34	1	11	36	1	0	0	0	0	0	0
L1597413-R001	biblical_book	1Sam	25	11		4Q51	1606703	f29_33	10	1597413				books/DSS-1-Samuel.txt	1481305	2700	2001559-2001568	10	0	2696809a1be3958afb9749e1b3029030e373912f87ab73b972f29f73b9fc36df	linguistics/books/DSS-1-Samuel-Linguistics.txt	2130787	4333	4a03af58b1df0d93d624357e8cd5822710390adb7be55f45b50fc7015b5efd0e	PARTLY_RECONSTRUCTED	27	25	23	1	1	25	1	0	1	0	0	0	0
L1597413-R002	biblical_book	1Sam	25	12		4Q51	1606703	f29_33	10	1597413				books/DSS-1-Samuel.txt	1484005	3349	2001569-2001580	12	1	6dc3311eba409c8ac622e57ea1e8659d345057aac403bb542eecbf7bc4be792a	linguistics/books/DSS-1-Samuel-Linguistics.txt	2135120	5229	d98b7fdc1c1777c57a3d022ca33335dbfbd4f74f30026c21b02d657d857f370a	PARTLY_RECONSTRUCTED	36	35	29	0	6	30	0	0	0	0	0	0	0
L1597414-R001	biblical_book	1Sam	25	12		4Q51	1606703	f29_33	11	1597414				books/DSS-1-Samuel.txt	1487354	2407	2001581-2001584	4	2	3177435594dd7976d373312b2f3d31b0c28c75fa54f0bc201e5f39fe60596c42	linguistics/books/DSS-1-Samuel-Linguistics.txt	2140349	1911	d4cf249bb6a872199c6e2ac86040c39d5c3051525492ba292afa281e58f602b1	ALL_LETTER_SLOTS_RECONSTRUCTED	9	5	5	0	0	9	0	1	2	0	0	0	0
L1597415-R001	biblical_book	1Sam	25	20		4Q51	1606703	f34_35	1	1597415				books/DSS-1-Samuel.txt	1489761	3222	2001585-2001594	10	1	7011e80518f45eedcd2b1a5eab476c070b847906becb586721ecac35dabf3d2e	linguistics/books/DSS-1-Samuel-Linguistics.txt	2142260	4372	83e31768ce7ab23212d1240c58d2ef9fb0f733e046bb7ac001b018801d43230c	PARTLY_RECONSTRUCTED	27	25	23	2	0	25	2	1	1	0	0	0	0
L1597416-R001	biblical_book	1Sam	25	20		4Q51	1606703	f34_35	2	1597416				books/DSS-1-Samuel.txt	1492983	4368	2001595-2001610	16	1	997a2965f8fa253caf66e14572187245472a323765283c15033abef68e930e1a	linguistics/books/DSS-1-Samuel-Linguistics.txt	2146632	6785	963c9b5433ef9f86cf9daa48dbf51118dfb069adf5ab5c634a3c6776b6130f2e	PARTLY_RECONSTRUCTED	46	41	31	4	6	33	4	0	1	0	0	0	0
L1597417-R001	biblical_book	1Sam	25	21		4Q51	1606703	f34_35	3	1597417				books/DSS-1-Samuel.txt	1497351	3362	2001611-2001620	10	2	f23c434f5b9344820ca03be480ab6e5f377c12074360edc13ed5590c725c7469	linguistics/books/DSS-1-Samuel-Linguistics.txt	2153417	4451	8990637236b2f26b19c07ed21af967dcd0ddbc989f35e9d5bc40ad9d63ca7fcb	PARTLY_RECONSTRUCTED	27	27	22	1	4	22	1	0	0	0	0	0	0
L1597418-R001	biblical_book	1Sam	25	21		4Q51	1606703	f34_35	4	1597418				books/DSS-1-Samuel.txt	1500713	4413	2001621-2001638	18	1	69016d37963671822449fd75777839061871947f998d39cbbc609e6ec77e1944	linguistics/books/DSS-1-Samuel-Linguistics.txt	2157868	7609	1be4ab28a9c98ad9ae2655f82c06ec00480c63ad112f4c8e1dad27facd7135ff	PARTLY_RECONSTRUCTED	45	41	38	3	0	39	3	0	1	0	0	0	0
L1597419-R001	biblical_book	1Sam	25	25		4Q51	1606703	f36	1	1597419				books/DSS-1-Samuel.txt	1505126	4094	2001639-2001653	15	0	9b16a09a02fb34e2bbe158ed886d8959d9d0e19f9da398eaac431df37c327864	linguistics/books/DSS-1-Samuel-Linguistics.txt	2165477	6519	bef31d2069e31d0e02d8cf6f9adb5305622cbdb29cce1fee3ce642a73870c4d0	PARTLY_RECONSTRUCTED	50	44	36	1	7	41	1	0	1	0	0	0	0
L1597419-R002	biblical_book	1Sam	25	26		4Q51	1606703	f36	1	1597419				books/DSS-1-Samuel.txt	1509220	2001	2001654-2001656	3	1	da33bbdfc2fb03bf4927c3a19930c39cf20fbca6b4872523eb57a5af031f1c53	linguistics/books/DSS-1-Samuel-Linguistics.txt	2171996	1626	bfe1e2cd222730b093696f7bc7e6bcfba0cb4762d026a87c56875d3a03eef876	ALL_LETTER_SLOTS_RECONSTRUCTED	9	8	8	0	0	9	0	0	0	0	0	0	0
L1597420-R001	biblical_book	1Sam	25	26		4Q51	1606703	f36	2	1597420				books/DSS-1-Samuel.txt	1511221	4996	2001657-2001676	20	1	10dfbf0405175893a1fc56b545d66208f744cc104c4e90ddddb370debf1e292d	linguistics/books/DSS-1-Samuel-Linguistics.txt	2173622	8423	c5496c1f409404334633a7a7bd1121798029d61c91370a2a5388744f71aafac7	PARTLY_RECONSTRUCTED	56	52	44	1	7	47	1	0	0	0	0	0	0
L1597421-R001	biblical_book	1Sam	25	26		4Q51	1606703	f36	3	1597421				books/DSS-1-Samuel.txt	1516217	2972	2001677-2001686	10	0	6ec8f2bb48fb73e566f6728a844223e511880a2309104ee423ff609418b4e08f	linguistics/books/DSS-1-Samuel-Linguistics.txt	2182045	4412	9b3ffe28c5e5786f032ab1ba5bd7e82e5ac984e54c018c61db375c12ac41ead7	PARTLY_RECONSTRUCTED	30	26	19	1	6	22	1	0	1	0	0	0	0
L1597421-R002	biblical_book	1Sam	25	27		4Q51	1606703	f36	3	1597421				books/DSS-1-Samuel.txt	1519189	2780	2001687-2001694	8	1	91d0cca6fb1052fce57fa7b854a5c7995eb5b23847a0810b533ed60dcd0edbc3	linguistics/books/DSS-1-Samuel-Linguistics.txt	2186457	3707	be33f5dba867ee8ba996e5a5e167173bb37a6b6fded478c19ebdd0d637fc50de	ALL_LETTER_SLOTS_RECONSTRUCTED	25	24	24	0	0	25	0	0	0	0	0	0	0
L1597422-R001	biblical_book	1Sam	25	27		4Q51	1606703	f36	4	1597422				books/DSS-1-Samuel.txt	1521969	3955	2001695-2001707	13	1	acf95e955593d8dd89362d5391719d30fb09f83678f92fdb823f53327645078a	linguistics/books/DSS-1-Samuel-Linguistics.txt	2190164	5582	ddbf51a75bc329d81255ad7c0055e0914d75bc87939dfdda1244bc55f7e362ab	PARTLY_RECONSTRUCTED	41	34	32	2	0	37	2	1	2	0	0	0	0
L1597423-R001	biblical_book	1Sam	25	38		4Q51	1606703	f38_39	1	1597423				books/DSS-1-Samuel.txt	1525924	3042	2001708-2001719	12	0	9ff74aa00925e2612b4b50473f7df8ffc58919888cdad345b299f19a286ac5c4	linguistics/books/DSS-1-Samuel-Linguistics.txt	2195746	5182	381e8ef6810398b9f5d18245d61530f3448bfdc3c82c2de4063bc37972952f09	PARTLY_RECONSTRUCTED	31	29	25	2	2	27	2	0	1	0	0	0	0
L1597423-R002	biblical_book	1Sam	25	39		4Q51	1606703	f38_39	1	1597423				books/DSS-1-Samuel.txt	1528966	2668	2001720-2001727	8	1	fd31881743401b8271907666b99c8322ba36cf7e60742f48889ef5b8cf3b2bb4	linguistics/books/DSS-1-Samuel-Linguistics.txt	2200928	3648	f14bf69fa9ceafce7fa2f0fa72572acf18437de8812c8f97f1f27c4f0577d398	ALL_LETTER_SLOTS_RECONSTRUCTED	25	25	25	0	0	25	0	0	0	0	0	0	0
L1597424-R001	biblical_book	1Sam	25	39		4Q51	1606703	f38_39	2	1597424				books/DSS-1-Samuel.txt	1531634	5112	2001728-2001748	21	1	62a429679a932b899780aa93bb0677b682cd7c5005a420606224c846fd6b705c	linguistics/books/DSS-1-Samuel-Linguistics.txt	2204576	8926	f515c28d1ae5f1a4c3d85c0502746e91aa37bbc045bacbec363fe62e3c50854e	PARTLY_RECONSTRUCTED	57	54	47	2	5	50	2	0	0	0	0	0	0
L1597425-R001	biblical_book	1Sam	25	39		4Q51	1606703	f38_39	3	1597425				books/DSS-1-Samuel.txt	1536746	4010	2001749-2001761	13	2	bb70c0f587acd4a86259f4881f1ce3b883a2634247218a48ffb0d242f4ccd5d9	linguistics/books/DSS-1-Samuel-Linguistics.txt	2213502	5594	63fb9b4e18948ff38ada746be13987a040d9703c3ea7577cf4fb7fa2669cacec	ALL_LETTER_SLOTS_RECONSTRUCTED	36	32	32	0	0	36	0	0	1	0	0	0	0
L1597425-R002	biblical_book	1Sam	25	40		4Q51	1606703	f38_39	3	1597425				books/DSS-1-Samuel.txt	1540756	1724	2001762-2001763	2	1	ca075815b2fcdc3ccb6774a8f9cf1f432ac5272c287f327196e79e30594adfdf	linguistics/books/DSS-1-Samuel-Linguistics.txt	2219096	1172	deeeb7dec49e97019116b468dd3bb5236a17cefb6ed36c1ef6336e9f19e4686a	ALL_LETTER_SLOTS_RECONSTRUCTED	5	5	5	0	0	5	0	0	0	0	0	0	0
L1597426-R001	biblical_book	1Sam	25	40		4Q51	1606703	f38_39	4	1597426				books/DSS-1-Samuel.txt	1542480	4724	2001764-2001779	16	1	eadb8f4e40b12f229667db284f5e9851cb458e3374814474afce83f470b726a5	linguistics/books/DSS-1-Samuel-Linguistics.txt	2220268	7082	183857df70e1f43c92ed4a8a4fbe3719f1931aaaf384e2ab98bb272339b3ddff	PARTLY_RECONSTRUCTED	60	55	50	1	4	55	1	0	0	0	0	0	0
L1597427-R001	biblical_book	1Sam	25	40		4Q51	1606703	f38_39	5	1597427				books/DSS-1-Samuel.txt	1547204	2398	2001780-2001784	5	1	c0207f8b7d107cc70600c947b0e4a954cf51d2518bfb1293e4e8315400ae8228	linguistics/books/DSS-1-Samuel-Linguistics.txt	2227350	2303	bfb533b2e4f7d75ad1b6773ae932e83f58623ffd8c4c0fe3ca0336caa286ff05	PARTLY_RECONSTRUCTED	11	6	4	2	0	7	2	1	2	0	0	0	0
L1597428-R001	biblical_book	1Sam	26	9		4Q51	1606703	f40_41	1	1597428				books/DSS-1-Samuel.txt	1549602	2868	2001785-2001794	10	0	d047c08b782f1bbb44bb0660546ac39e582e13eacd69a6ab490ba69f13a93c1e	linguistics/books/DSS-1-Samuel-Linguistics.txt	2229653	4370	fc6a11db061d6e1d46bee0ed677f7fdb0c01ee0cf1a825cf5a4344612b5acf68	PARTLY_RECONSTRUCTED	27	24	22	2	0	25	2	0	1	0	0	0	0
L1597428-R002	biblical_book	1Sam	26	10		4Q51	1606703	f40_41	1	1597428				books/DSS-1-Samuel.txt	1552470	2816	2001795-2001801	7	2	628fa66fc8d45c0267308357b884342fb14c9496e76ee4dc747927e2564909ea	linguistics/books/DSS-1-Samuel-Linguistics.txt	2234023	3210	798a15133825196e72b196fb9991504227a40e985d5ec4bdc41713a4f54b2a67	ALL_LETTER_SLOTS_RECONSTRUCTED	19	19	19	0	0	19	0	0	0	0	0	0	0
L1597429-R001	biblical_book	1Sam	26	10		4Q51	1606703	f40_41	2	1597429				books/DSS-1-Samuel.txt	1555286	3636	2001802-2001815	14	0	94cd09ffecf453a494a02aae4c4b5a62b00ebd1c5082fd43c18ce640c0d1eff0	linguistics/books/DSS-1-Samuel-Linguistics.txt	2237233	6010	af6d70d1eb90f41ba4873273d05a18491b30d9557d6c6db9b438caa31a3334ea	PARTLY_RECONSTRUCTED	42	38	32	0	6	36	0	0	1	0	0	0	0
L1597429-R002	biblical_book	1Sam	26	11		4Q51	1606703	f40_41	2	1597429				books/DSS-1-Samuel.txt	1558922	2302	2001816-2001819	4	1	a8b98baca5b61114276bd18d51d4e6b357c8a69fddb472f915e4cc284a78970a	linguistics/books/DSS-1-Samuel-Linguistics.txt	2243243	2024	fbcb34487a7a711455c0ab18ee60b4966e808261500fdcad0b3a495586431ccf	ALL_LETTER_SLOTS_RECONSTRUCTED	14	12	12	0	0	14	0	0	0	0	0	0	0
L1597430-R001	biblical_book	1Sam	26	11		4Q51	1606703	f40_41	3	1597430				books/DSS-1-Samuel.txt	1561224	4908	2001820-2001838	19	1	db9f7a4efbf5ca3edb8154a89403fc2caf6c221ff298d62cc3b68aab96dba27a	linguistics/books/DSS-1-Samuel-Linguistics.txt	2245267	8200	e0d6caae629b9379500bdfe0b4b849ca95ba73b262f5eaf63ce3438816f24348	PARTLY_RECONSTRUCTED	53	50	40	5	5	42	5	0	0	0	0	0	0
L1597431-R001	biblical_book	1Sam	26	11		4Q51	1606703	f40_41	4	1597431				books/DSS-1-Samuel.txt	1566132	2031	2001839-2001842	4	0	3cd74ec48e4695948976bc065b4812556f7a5b23eadfacb1b97ff7049a8cd269	linguistics/books/DSS-1-Samuel-Linguistics.txt	2253467	1940	da3598d9f2a145ed50a9e2934b765c82d8210c7180a398c5b3e55cfe89be1e5d	PARTLY_RECONSTRUCTED	11	8	5	2	1	8	2	0	1	0	0	0	0
L1597431-R002	biblical_book	1Sam	26	12		4Q51	1606703	f40_41	4	1597431				books/DSS-1-Samuel.txt	1568163	3603	2001843-2001856	14	1	259148ae708637c73c196b126fb2d72f90d1b9287e29c2fbf48cfae6e8d532d1	linguistics/books/DSS-1-Samuel-Linguistics.txt	2255407	6176	e2641ee4b80e5df48bd3d0343a1b690856a95adc95e34c4fa6e6e7dbc119ce43	PARTLY_RECONSTRUCTED	39	39	32	0	7	32	0	0	0	0	0	0	0
L1597432-R001	biblical_book	1Sam	26	12		4Q51	1606703	f40_41	5	1597432				books/DSS-1-Samuel.txt	1571766	4543	2001857-2001874	18	1	2537e7b21da009e0ad414cf27b1508039480bf1ae59259396217709245efa34c	linguistics/books/DSS-1-Samuel-Linguistics.txt	2261583	7716	0acc172c3c855a9f0603d575271c312a46da92f88b890455f44ddb9b39357789	PARTLY_RECONSTRUCTED	55	51	48	1	2	49	1	0	1	0	0	0	0
L1597433-R001	biblical_book	1Sam	26	21		4Q51	1606703	f42a	1	1597433				books/DSS-1-Samuel.txt	1576309	3056	2001875-2001881	7	2	d518a8abccb381ac61b54f2e9ed132bbd3db225a889e91d6878285d2ed2ea46d	linguistics/books/DSS-1-Samuel-Linguistics.txt	2269299	3238	d35e73a069adc31edd3cfdc546b9d3fce26bb656bf700f313e7fc808f14b0f64	PARTLY_RECONSTRUCTED	23	21	15	1	5	17	1	0	1	0	0	0	0
L1597434-R001	biblical_book	1Sam	26	22		4Q51	1606703	f42a	2	1597434				books/DSS-1-Samuel.txt	1579365	4279	2001882-2001898	17	1	8a223e1e4b15884514865f9deb2e070dac315af0207d13010623c7d18ae777ec	linguistics/books/DSS-1-Samuel-Linguistics.txt	2272537	7241	1c66da55dceb98911f6bf79f0261d824b10d4bba45e3d1954a78d56067f3c5a7	PARTLY_RECONSTRUCTED	47	44	38	2	4	39	2	0	1	0	0	0	0
L1597435-R001	biblical_book	1Sam	26	23		4Q51	1606703	f42a	3	1597435				books/DSS-1-Samuel.txt	1583644	4269	2001899-2001913	15	1	6b5dcf5191799f54d5f422bee39cb2cfb74f49633906151f698238864ed52ca6	linguistics/books/DSS-1-Samuel-Linguistics.txt	2279778	6529	45667cb7de8bd8a05329f38678c08330c3fd1bfe003123f899fa03669168bdb8	PARTLY_RECONSTRUCTED	47	44	39	2	3	42	2	0	0	0	0	0	0
L1597436-R001	biblical_book	1Sam	26	23		4Q51	1606703	f42a	4	1597436				books/DSS-1-Samuel.txt	1587913	3253	2001914-2001925	12	0	5d61e57c4a874aa7f64f25272258f230f36fc9f48349a6372cb2e30ae465500c	linguistics/books/DSS-1-Samuel-Linguistics.txt	2286307	5158	1aec462fb256a65bab779a989d5aaa7f5ec867809c903fa3658ea81737de85cb	PARTLY_RECONSTRUCTED	33	29	24	1	4	27	1	0	1	0	0	0	0
L1597436-R002	biblical_book	1Sam	26	24		4Q51	1606703	f42a	4	1597436				books/DSS-1-Samuel.txt	1591166	2157	2001926-2001930	5	1	404505913d9fcaed6cec8ccf0c331fa42ad3595b48eed2c90a2f4ecd80b34580	linguistics/books/DSS-1-Samuel-Linguistics.txt	2291465	2397	6f34de05762467cbba5d32083e812e23948b98d4ed95fc020e4b0d4aa91a2961	ALL_LETTER_SLOTS_RECONSTRUCTED	12	12	12	0	0	12	0	0	0	0	0	0	0
L1597437-R001	biblical_book	1Sam	26	24		4Q51	1606703	f42a	5	1597437				books/DSS-1-Samuel.txt	1593323	4768	2001931-2001948	18	1	0d2932b95b8024f2f04ad8ebb9d2d334902b8b9239a743fda4a574bb22d4433c	linguistics/books/DSS-1-Samuel-Linguistics.txt	2293862	7577	23b4b3cab57d2a3383e58d6b9faab86fd5ae9f58deeb9dd836f9f8cbae225ca8	PARTLY_RECONSTRUCTED	50	44	40	3	1	43	3	0	1	0	0	0	0
L1597438-R001	biblical_book	1Sam	27	1		4Q51	1606703	f42b_c	1	1597438				books/DSS-1-Samuel.txt	1598091	3915	2001949-2001962	14	1	32041c780f777b4b7efb19745fea4a84ccf6c8f4910daeb56bc9b750fd0d86b3	linguistics/books/DSS-1-Samuel-Linguistics.txt	2301439	6101	1cd2dca5965d131736e6a54066447e70146418a2d9a002949e58b23a319d1e3d	PARTLY_RECONSTRUCTED	41	39	34	1	4	36	1	0	0	0	0	0	0
L1597439-R001	biblical_book	1Sam	27	1		4Q51	1606703	f42b_c	2	1597439				books/DSS-1-Samuel.txt	1602006	3577	2001963-2001973	11	1	6dee8aded3842a11b9c60f2bf2e24a8184c0171a2269d901729efc0ef41dbae9	linguistics/books/DSS-1-Samuel-Linguistics.txt	2307540	5036	12ff00c00ea5d85845aeb87c41ff36cda09f43c2f5118b380c6d31718e00ee52	PARTLY_RECONSTRUCTED	39	38	34	3	1	35	3	0	0	0	0	0	0
L1597440-R001	biblical_book	1Sam	27	1		4Q51	1606703	f42b_c	3	1597440				books/DSS-1-Samuel.txt	1605583	3168	2001974-2001984	11	0	bef2c1b262954a540c254b4a71719900ac42b1de5a0995ec6dea8501a13bdaf8	linguistics/books/DSS-1-Samuel-Linguistics.txt	2312576	4871	8e74529b50d31f48ef53cace5aad2740f6ed058cff7c4d483ea9416e73848d63	PARTLY_RECONSTRUCTED	34	30	27	2	1	30	2	0	1	0	0	0	0
L1597440-R002	biblical_book	1Sam	27	2		4Q51	1606703	f42b_c	3	1597440				books/DSS-1-Samuel.txt	1608751	2191	2001985-2001989	5	1	c8ee1ea2d4dd02dd09294f71b28e5c20648379b384f343be849656d23531de8f	linguistics/books/DSS-1-Samuel-Linguistics.txt	2317447	2399	f69f1a32f6d34bd3534d70aae89bc9dd0105f588184125926512a8fbc63c1a82	ALL_LETTER_SLOTS_RECONSTRUCTED	15	15	15	0	0	15	0	0	0	0	0	0	0
L1597441-R001	biblical_book	1Sam	27	2		4Q51	1606703	f42b_c	4	1597441				books/DSS-1-Samuel.txt	1610942	2450	2001990-2001995	6	1	d95ad53fd6acd9611c8e609713077381f660f511ba66c9080c808606482c508e	linguistics/books/DSS-1-Samuel-Linguistics.txt	2319846	2777	144342aad245d62bb42e6e1333e55515f966fa5f3e7b905a9d9fc30db484dc6e	PARTLY_RECONSTRUCTED	16	12	11	1	0	13	1	1	2	0	0	0	0
L1597442-R001	biblical_book	1Sam	27	8		4Q51	1606703	f43	1	1597442				books/DSS-1-Samuel.txt	1613392	2085	2001996-2002001	6	0	141ada6e10d2d1f4d5741e1988acf47e81b6e6a2e3c267ac56b68a0e9ad8b4e4	linguistics/books/DSS-1-Samuel-Linguistics.txt	2322623	2761	2fe1fc0b8478266abe9047bd0fe7a1d6cb70f4e094e515bdccb893488b3bb09b	PARTLY_RECONSTRUCTED	15	11	5	1	5	7	1	1	2	0	0	0	0
L1597442-R002	biblical_book	1Sam	27	9		4Q51	1606703	f43	1	1597442				books/DSS-1-Samuel.txt	1615477	2582	2002002-2002009	8	1	e25a8b19672b13dd594aabd63f0026377db5bd540ab3540ca907430ee32eae1b	linguistics/books/DSS-1-Samuel-Linguistics.txt	2325384	3543	8f8b3e29c99929faf426566e02cf720c7d96361dc2d756990223f25baac54618	ALL_LETTER_SLOTS_RECONSTRUCTED	18	18	18	0	0	18	0	0	0	0	0	0	0
L1597443-R001	biblical_book	1Sam	27	9		4Q51	1606703	f43	2	1597443				books/DSS-1-Samuel.txt	1618059	4040	2002010-2002026	17	1	a78433ee650e02341bcce348f2b7af6d6a4b3e7e73bc6acf991e38fb12bdfba8	linguistics/books/DSS-1-Samuel-Linguistics.txt	2328927	7261	60c4a30e7dc652a5567dcdb54751726dc365fe0a329c3d3e668a0a66f6c0022e	PARTLY_RECONSTRUCTED	46	46	37	1	8	37	1	0	0	0	0	0	0
L1597444-R001	biblical_book	1Sam	27	9		4Q51	1606703	f43	3	1597444				books/DSS-1-Samuel.txt	1622099	2043	2002027-2002032	6	0	403bde53f3b32ee2ab6c17316c8ea222d603b9f7a521f1883184ec2d5cb82db8	linguistics/books/DSS-1-Samuel-Linguistics.txt	2336188	2766	9f19082474c0cdb99a631f8f12a864e1c77ca43e72b262e5fd365e94501997f5	ALL_LETTER_SLOTS_RECONSTRUCTED	17	15	15	0	0	17	0	0	1	0	0	0	0
L1597444-R002	biblical_book	1Sam	27	10		4Q51	1606703	f43	3	1597444				books/DSS-1-Samuel.txt	1624142	3002	2002033-2002042	10	1	816b880e910156387b4ba930ebec0e530c60f4f1883b18d5ec4a0a132ea1d6c5	linguistics/books/DSS-1-Samuel-Linguistics.txt	2338954	4381	95ddd96675239beec6cbd22d4c1f909eab0905c151932ac9aaddfa1dbea7117c	PARTLY_RECONSTRUCTED	27	27	17	1	9	17	1	0	0	0	0	0	0
L1597445-R001	biblical_book	1Sam	27	10		4Q51	1606703	f43	4	1597445				books/DSS-1-Samuel.txt	1627144	3550	2002043-2002056	14	0	521412f8d41e954ff0c0333c382a84e77a3f0660e3db1464b889492957e3870c	linguistics/books/DSS-1-Samuel-Linguistics.txt	2343335	6205	584db86178ed44c209b9e8cc9aefbcc1ce2f51b36b9f66f293be70a0f78b494f	PARTLY_RECONSTRUCTED	39	37	20	5	12	22	5	0	1	0	0	0	0
L1597445-R002	biblical_book	1Sam	27	11		4Q51	1606703	f43	4	1597445				books/DSS-1-Samuel.txt	1630694	2134	2002057-2002061	5	1	9007de235fe6ca4dc000c2ab2625bc71e764ea96a309386b365b19af39ed8894	linguistics/books/DSS-1-Samuel-Linguistics.txt	2349540	2356	a5a87d3420e6836c9cf2935692308215abcd33fd90e7f7e23b905a77aa7cb987	ALL_LETTER_SLOTS_RECONSTRUCTED	10	10	10	0	0	10	0	0	0	0	0	0	0
L1597446-R001	biblical_book	1Sam	27	11		4Q51	1606703	f43	5	1597446				books/DSS-1-Samuel.txt	1632828	4127	2002062-2002075	14	1	7bb2bb7281cb89a4755eded91cb356a71f691e09c267b1935c693420732b6358	linguistics/books/DSS-1-Samuel-Linguistics.txt	2351896	6105	213c659862a77f5315bc70797722ebbcc191ba787c659bf1ad565e7220060323	PARTLY_RECONSTRUCTED	44	42	29	5	8	30	5	0	0	0	0	0	0
L1597447-R001	biblical_book	1Sam	27	11		4Q51	1606703	f43	6	1597447				books/DSS-1-Samuel.txt	1636955	3833	2002076-2002089	14	1	8d0a58bfeb289cd1c0f4c2225d447613241c18661daed13530677c2151295b8c	linguistics/books/DSS-1-Samuel-Linguistics.txt	2358001	6206	ca3d10ebfcd1d17e5a7828f1a469a22a0bbba8565a15f852db84424ee8b44dc2	PARTLY_RECONSTRUCTED	44	41	27	2	12	28	2	0	1	0	0	0	0
L1597448-R001	biblical_book	1Sam	27	12		4Q51	1606703	f43	7	1597448				books/DSS-1-Samuel.txt	1640788	3954	2002090-2002104	15	1	b44612e946bb036ef627b48f3f83ab7d349b7d576a44ea30ccb168fd8d8b703a	linguistics/books/DSS-1-Samuel-Linguistics.txt	2364207	6502	7a987727cb4da9594d9bb21f14ecf49340258f9796180bceff46b5066113a151	PARTLY_RECONSTRUCTED	43	42	33	1	8	34	1	0	0	0	0	0	0
L1597449-R001	biblical_book	1Sam	27	12		4Q51	1606703	f43	8	1597449				books/DSS-1-Samuel.txt	1644742	2827	2002105-2002108	4	3	d7dae1d8f5a15bd9391d81ff1b2f53a9c6125721ae9df5a33c948b567296df8b	linguistics/books/DSS-1-Samuel-Linguistics.txt	2370709	1971	da01707859eed98c9fba03697e988d803639446eb8a046e0d041ac6cd727f443	ALL_LETTER_SLOTS_RECONSTRUCTED	12	9	9	0	0	12	0	0	1	0	0	0	0
L1597450-R001	biblical_book	1Sam	28	1		4Q51	1606703	f43	9	1597450				books/DSS-1-Samuel.txt	1647569	3820	2002109-2002121	13	1	a2f8fe1d6e088e2e04458e0c741a6d92d914d02bcfb1531a0f1149802f9c1eaa	linguistics/books/DSS-1-Samuel-Linguistics.txt	2372680	5683	67d7dcfb8b4d6aa89d2c802074efc8292e4de01eee5a3c99ddc1b052dfdaabbb	PARTLY_RECONSTRUCTED	38	37	25	3	9	26	3	0	0	0	0	0	0
L1597451-R001	biblical_book	1Sam	28	1		4Q51	1606703	f43	10	1597451				books/DSS-1-Samuel.txt	1651389	3708	2002122-2002134	13	1	984b7574815de581dd52998a8f36b52883a7602d1fe75e4102fb4184c86cdb77	linguistics/books/DSS-1-Samuel-Linguistics.txt	2378363	5734	7232ab633c96f4b112dcd958dc504e73b1944d26c23c44cb64a7d529d3b8e59b	PARTLY_RECONSTRUCTED	39	38	23	3	12	24	3	0	0	0	0	0	0
L1597452-R001	biblical_book	1Sam	28	1		4Q51	1606703	f43	11	1597452				books/DSS-1-Samuel.txt	1655097	2806	2002135-2002142	8	0	e50b314db50d1a630cb7637840f6d7f3e3c07484cc178bd598e72ac446067b7e	linguistics/books/DSS-1-Samuel-Linguistics.txt	2384097	3736	1dbfdf13b33d575a78412aabb0265a704078239a58830b596a64ae174ebbec2d	PARTLY_RECONSTRUCTED	29	25	15	2	8	18	2	0	1	0	0	0	0
L1597452-R002	biblical_book	1Sam	28	2		4Q51	1606703	f43	11	1597452				books/DSS-1-Samuel.txt	1657903	2431	2002143-2002147	5	1	b4940245066ac95fd421e7ea6103e75dde8f9a1a716f6a2812c4ec8ab8df5dd8	linguistics/books/DSS-1-Samuel-Linguistics.txt	2387833	2424	2fe61966075fde30a5fad2e73d8d7f2579d1dbc22f30504046247a823b34a5a0	PARTLY_RECONSTRUCTED	14	14	9	3	2	9	3	0	0	0	0	0	0
L1597453-R001	biblical_book	1Sam	28	2		4Q51	1606703	f43	12	1597453				books/DSS-1-Samuel.txt	1660334	3905	2002148-2002160	13	1	d87e15e96c10915c7e8ceb0946b470c377dafd839b923bbd545dfada7d971ccd	linguistics/books/DSS-1-Samuel-Linguistics.txt	2390257	5712	66f28dae8ca5003743bbd4ebee3bc7b5f0fd7fc93cd579b0797fa2991b5f02e7	PARTLY_RECONSTRUCTED	39	37	29	4	4	31	4	0	0	0	0	0	0
L1597454-R001	biblical_book	1Sam	28	2		4Q51	1606703	f43	13	1597454				books/DSS-1-Samuel.txt	1664239	2995	2002161-2002165	5	3	4c5a36ca6288f2eb95077daa916bf95c1c4131652dd0d770e3e46157157c9326	linguistics/books/DSS-1-Samuel-Linguistics.txt	2395969	2353	58f44755d75e1008de21c7fd04ef57e9da2f01f8fcf13cccb74c6df804528dde	ALL_LETTER_SLOTS_RECONSTRUCTED	16	13	13	0	0	16	0	0	1	0	0	0	0
L1597455-R001	biblical_book	1Sam	28	3		4Q51	1606703	f43	14	1597455				books/DSS-1-Samuel.txt	1667234	4276	2002166-2002181	16	1	0b48ce380a6ce5d079c0a9c9f05f2cba57d327fb52f4ca2617d8aa8e0562a705	linguistics/books/DSS-1-Samuel-Linguistics.txt	2398322	6824	9ca11130fe6d8d7b3f1547b1877c1def35cf029703c07f70be1c65f4afb4cb9e	PARTLY_RECONSTRUCTED	46	41	40	1	0	43	1	0	1	0	0	0	0
L1597456-R001	biblical_book	1Sam	28	22		4Q51	1606703	f44	1	1597456				books/DSS-1-Samuel.txt	1671510	4556	2002182-2002199	18	1	abf03afc0eb20278c02efc775061a545ad4d4fd68cb9af4486e26dac66bce4fa	linguistics/books/DSS-1-Samuel-Linguistics.txt	2405146	7664	06b840d19cc0d22e8dd34ee4f9dcdef7aff95f579ad9b64bfd9d031949cb6272	PARTLY_RECONSTRUCTED	49	46	44	2	0	47	2	0	0	0	0	0	0
L1597457-R001	biblical_book	1Sam	28	22		4Q51	1606703	f44	2	1597457				books/DSS-1-Samuel.txt	1676066	2116	2002200-2002205	6	0	3d9e0f50e71e55e86d5a2515b73953b4f3ef3c716ffd91d2a533db541f9b78da	linguistics/books/DSS-1-Samuel-Linguistics.txt	2412810	2801	5b93d992b6980d5602c4196b0cb60d326fcadb961c868d7f0aada3182d9ed80b	PARTLY_RECONSTRUCTED	13	11	5	2	4	7	2	0	1	0	0	0	0
L1597457-R002	biblical_book	1Sam	28	23		4Q51	1606703	f44	2	1597457				books/DSS-1-Samuel.txt	1678182	4135	2002206-2002221	16	1	d59464112d057b5b77285bd4043bc547df642e77c79f2d98e132a4dbac19960c	linguistics/books/DSS-1-Samuel-Linguistics.txt	2415611	6694	d2aa197ed9ecdd6324c48f3d483a21a211382a7c57eeca8aedea7bdeccfa3b52	ALL_LETTER_SLOTS_RECONSTRUCTED	42	39	39	0	0	42	0	0	0	0	0	0	0
L1597458-R001	biblical_book	1Sam	28	23		4Q51	1606703	f44	3	1597458				books/DSS-1-Samuel.txt	1682317	2873	2002222-2002232	11	0	2e6ee044ccd9332d1c04a38389b8582407989bf480570844d6821c5ab24663eb	linguistics/books/DSS-1-Samuel-Linguistics.txt	2422305	4675	812e6140aab2d2ff9bfbb2d44cf01ea3c2b317add490327c2263bfddd7ef641f	PARTLY_RECONSTRUCTED	23	21	13	2	6	15	2	0	1	0	0	0	0
L1597458-R002	biblical_book	1Sam	28	24		4Q51	1606703	f44	3	1597458				books/DSS-1-Samuel.txt	1685190	3174	2002233-2002243	11	1	f8783c8ba3da1e0c6df31a2011340691cceb60af889fa2f3e81d75bbee64d4c3	linguistics/books/DSS-1-Samuel-Linguistics.txt	2426980	4841	86745ff4f338e0a6983e0882eb67d5fbdc02c4e26a96f2ab4aae2b7a302fa6a6	ALL_LETTER_SLOTS_RECONSTRUCTED	29	28	28	0	0	29	0	0	0	0	0	0	0
L1597459-R001	biblical_book	1Sam	28	24		4Q51	1606703	f44	4	1597459				books/DSS-1-Samuel.txt	1688364	2503	2002244-2002252	9	0	13b6a991009db610ff70af67ce55728bb5d01e2779d104fc3775c48f4db22b4b	linguistics/books/DSS-1-Samuel-Linguistics.txt	2431821	3949	b50f34f40a407b78e234b1a598b9ea769a3adc58c636f64de234195fd0e71d12	PARTLY_RECONSTRUCTED	22	20	9	1	10	11	1	0	1	0	0	0	0
L1597459-R002	biblical_book	1Sam	28	25		4Q51	1606703	f44	4	1597459				books/DSS-1-Samuel.txt	1690867	3166	2002253-2002263	11	1	4df594738084b3a0094be91040eb17a13ad00c99df487de9337c42b2ac32e6c8	linguistics/books/DSS-1-Samuel-Linguistics.txt	2435770	4810	44e30485bff8a2733e27d11d120bbcc4c651b61af874b9857ab16b0a0f798cf7	ALL_LETTER_SLOTS_RECONSTRUCTED	29	28	28	0	0	29	0	0	0	0	0	0	0
L1597460-R001	biblical_book	1Sam	28	25		4Q51	1606703	f44	5	1597460				books/DSS-1-Samuel.txt	1694033	3190	2002264-2002272	9	2	cf2354d1c7fc5a453b3f5c68abc294d441b4a4e05d08064586b5e6b5eb81c7c4	linguistics/books/DSS-1-Samuel-Linguistics.txt	2440580	3900	f498309bd37d5b26d80946b9c7ab6609cfdef0d94132c3f0cea33f1fbeef23db	PARTLY_RECONSTRUCTED	22	20	10	1	9	12	1	0	1	0	0	0	0
L1597461-R001	biblical_book	1Sam	29	1		4Q51	1606703	f44	6	1597461				books/DSS-1-Samuel.txt	1697223	4345	2002273-2002288	16	1	b4915fb928bd48fde5d621e169384c1cba644536decd90a4a18a58b1cef093e4	linguistics/books/DSS-1-Samuel-Linguistics.txt	2444480	7131	4123cf9a2d6e5f10717545526f59c9f48703c2ae5a2895183f3bff9280ede2ce	PARTLY_RECONSTRUCTED	55	51	49	2	0	51	2	0	1	0	0	0	0
L1597462-R001	biblical_book	1Sam	30	22		4Q51	1606703	f45_46	1	1597462				books/DSS-1-Samuel.txt	1701568	3916	2002289-2002303	15	1	d7f48d4a8cb5970e5835d0d458f597fdd8bb855bdd479c2bbb26de82bf2470de	linguistics/books/DSS-1-Samuel-Linguistics.txt	2451611	6490	2c9bc39d524d2dfd90d57c90d33ff559fdc2b0a282fc725a005373d05d9e7dec	PARTLY_RECONSTRUCTED	43	42	40	2	0	40	2	0	0	0	0	0	0
L1597463-R001	biblical_book	1Sam	30	22		4Q51	1606703	f45_46	2	1597463				books/DSS-1-Samuel.txt	1705484	3059	2002304-2002314	11	0	113205b9c069cc3a8ec3620a3ff6d40d53cd936eb5e163eeddb3d6c593da5e81	linguistics/books/DSS-1-Samuel-Linguistics.txt	2458101	4766	10eecf42b56514f4964e7b61d5a7c811d831ccaffd4308ebecd76fadceb06d24	ALL_LETTER_SLOTS_RECONSTRUCTED	32	28	28	0	0	32	0	0	1	0	0	0	0
L1597463-R002	biblical_book	1Sam	30	23		4Q51	1606703	f45_46	2	1597463				books/DSS-1-Samuel.txt	1708543	2344	2002315-2002320	6	1	c27b35c1cb16a4f785cc6976e87fbb2e099d677774d538e968e6358791db76af	linguistics/books/DSS-1-Samuel-Linguistics.txt	2462867	2843	9822ef56e860e8dfed84b37f54f1a268655618a46c146045d4c17d5b0b96b8ad	PARTLY_RECONSTRUCTED	18	18	13	0	5	13	0	0	0	0	0	0	0
L1597464-R001	biblical_book	1Sam	30	23		4Q51	1606703	f45_46	3	1597464				books/DSS-1-Samuel.txt	1710887	4912	2002321-2002339	19	1	002b41d3887943edfbc0868850f8028543280c309772c61e4a6d91574bee6e28	linguistics/books/DSS-1-Samuel-Linguistics.txt	2465710	7988	55e224a57ba120277544f296bedc8324823bafea0eea68f46932ac417422ed61	PARTLY_RECONSTRUCTED	57	51	47	1	3	51	1	0	1	0	0	0	0
L1597465-R001	biblical_book	1Sam	30	24		4Q51	1606703	f45_46	4	1597465				books/DSS-1-Samuel.txt	1715799	4348	2002340-2002358	19	1	ceb8f4e30a1e7f118989e93f6ac6dcb66889267d206d23ff256dc133ce251106	linguistics/books/DSS-1-Samuel-Linguistics.txt	2473698	7963	442caa9ffedfe15272c1804f9fd44a98b1c89c73d73fe9c24b0cf207fca56288	PARTLY_RECONSTRUCTED	43	43	39	2	2	39	2	0	0	0	0	0	0
L1597466-R001	biblical_book	1Sam	30	24		4Q51	1606703	f45_46	5	1597466				books/DSS-1-Samuel.txt	1720147	1926	2002359-2002363	5	0	e121ddf4eae4d583c2364569d67d28e8f94f4148cb2bed77f3d8b15b68e5e109	linguistics/books/DSS-1-Samuel-Linguistics.txt	2481661	2430	417843f82a91f8e38ce5cc863a7156a2fd6863a2dfce24ec7d29deed11d495eb	ALL_LETTER_SLOTS_RECONSTRUCTED	17	15	15	0	0	17	0	0	1	0	0	0	0
L1597466-R002	biblical_book	1Sam	30	25		4Q51	1606703	f45_46	5	1597466				books/DSS-1-Samuel.txt	1722073	4052	2002364-2002379	16	1	4006d160ffe14348162fc8dbab649f06f431e1282bd9d59d28f2be58d27966e2	linguistics/books/DSS-1-Samuel-Linguistics.txt	2484091	6695	5d7908738e03da1e15de1f8f66b66bbb97194850ec8b8b891f566ca6ac71e44d	PARTLY_RECONSTRUCTED	35	33	30	2	1	31	2	0	0	0	0	0	0
L1597467-R001	biblical_book	1Sam	30	25		4Q51	1606703	f45_46	6	1597467				books/DSS-1-Samuel.txt	1726125	2281	2002380-2002387	8	0	2121cc1b2d41d2703eeb26b74326cf5f4ffaa7663f51118c1467752c2ca46a01	linguistics/books/DSS-1-Samuel-Linguistics.txt	2490786	3516	e90faf7a5518931ce1da3ed3368a4432a84ab01a47e09e42e171fc13b9cc972f	ALL_LETTER_SLOTS_RECONSTRUCTED	17	15	15	0	0	17	0	0	1	0	0	0	0
L1597467-R002	biblical_book	1Sam	30	26		4Q51	1606703	f45_46	6	1597467				books/DSS-1-Samuel.txt	1728406	3296	2002388-2002399	12	1	6a86894c34b953994744245ac8ead67e9428b641dd0b75505d8060bb43f37ae5	linguistics/books/DSS-1-Samuel-Linguistics.txt	2494302	5203	6b1d6ac4cd14cbb7a2cf3f4ed7511f7a7940817e6dc95ca1b1b4e47027a99c6f	PARTLY_RECONSTRUCTED	30	30	27	1	2	27	1	0	0	0	0	0	0
L1597468-R001	biblical_book	1Sam	30	26		4Q51	1606703	f45_46	7	1597468				books/DSS-1-Samuel.txt	1731702	4380	2002400-2002416	17	1	fa1e30232cf016440459df7712b0f29b54aba5d31e628025e21989d6e834bf84	linguistics/books/DSS-1-Samuel-Linguistics.txt	2499505	7289	17dd0e799923cdc809e82380c9a05937f7964d02c321771dbd7d199489780877	PARTLY_RECONSTRUCTED	49	45	43	1	1	45	1	0	1	0	0	0	0
L1597469-R001	biblical_book	1Sam	30	27		4Q51	1606703	f47	1	1597469				books/DSS-1-Samuel.txt	1736082	3854	2002417-2002427	11	3	1d4e646a45f5f6aea183bc08c7a9c9708600d38d5dfb2693d160c1d1784a18cc	linguistics/books/DSS-1-Samuel-Linguistics.txt	2506794	4738	45a7f370b72cde40e9599cc9ab29f993d70170a082b1ad6dda303cbc76dbed7c	PARTLY_RECONSTRUCTED	22	22	21	1	0	21	1	0	0	0	0	0	0
L1597470-R001	biblical_book	1Sam	30	27		4Q51	1606703	f47	2	1597470				books/DSS-1-Samuel.txt	1739936	3036	2002428-2002439	12	0	8a645314efb1bf626fa33dba3d4b833396a4608fa75bae099f11c4e47fb71af3	linguistics/books/DSS-1-Samuel-Linguistics.txt	2511532	5160	9bbd49eeb7ecf6410776fd596a6888cf8be50a65f723ddcf4c6913cd379fabd3	PARTLY_RECONSTRUCTED	24	22	12	4	6	14	4	0	1	0	0	0	0
L1597470-R002	biblical_book	1Sam	30	28		4Q51	1606703	f47	2	1597470				books/DSS-1-Samuel.txt	1742972	2830	2002440-2002449	10	1	da447383e267a950151335df21454687ef0368aecbea7683db6fb67027b41ff5	linguistics/books/DSS-1-Samuel-Linguistics.txt	2516692	4406	6714c9574f4a0f526b203f161f1207119467480e1d2429569b32a7bf9fc4c00d	ALL_LETTER_SLOTS_RECONSTRUCTED	21	21	21	0	0	21	0	0	0	0	0	0	0
L1597471-R001	biblical_book	1Sam	30	28		4Q51	1606703	f47	3	1597471				books/DSS-1-Samuel.txt	1745802	2019	2002450-2002455	6	0	397a50fb68a8db787901a1d0e8cad47c07102e253738f753e3431d78c778b043	linguistics/books/DSS-1-Samuel-Linguistics.txt	2521098	2782	be5eb2e3c9c216e21e72620bb06730ef7dc0a85ed4c610af0f0c760381036c3e	PARTLY_RECONSTRUCTED	13	11	5	1	5	5	1	0	1	0	0	0	0
L1597471-R002	biblical_book	1Sam	30	29		4Q51	1606703	f47	3	1597471				books/DSS-1-Samuel.txt	1747821	3217	2002456-2002467	12	1	4870bb7f2fe5686f0ede02852e01c84b44217452afd214981fd78020fb391bfb	linguistics/books/DSS-1-Samuel-Linguistics.txt	2523880	5248	0debedca011c92abc329049f506dc3c44cde9ce831d90852f4b002660c6a2fc5	PARTLY_RECONSTRUCTED	27	27	23	1	3	23	1	0	0	0	0	0	0
L1597472-R001	biblical_book	1Sam	30	29		4Q51	1606703	f47	4	1597472				books/DSS-1-Samuel.txt	1751038	2342	2002468-2002475	8	0	b2658986bdee6b4ff46f2b0c162977a58d642014f3d33f60b0c186d377c8e6a7	linguistics/books/DSS-1-Samuel-Linguistics.txt	2529128	3522	a05c988b9753d3b80dd61f6ddc1d6ec9e9a51bf3aeb77c9a5fb08eb950b055df	PARTLY_RECONSTRUCTED	16	14	7	2	5	7	2	0	1	0	0	0	0
L1597472-R002	biblical_book	1Sam	30	30		4Q51	1606703	f47	4	1597472				books/DSS-1-Samuel.txt	1753380	3457	2002476-2002489	14	1	f3c8beace1394c5f311a41000856294c33a188f5294336deae5fb6e4b527a1c6	linguistics/books/DSS-1-Samuel-Linguistics.txt	2532650	5938	4bb00a1329814511a336432fba564d3fa73ed7fc2ebb3da2f68021c041dc6988	PARTLY_RECONSTRUCTED	27	27	23	1	3	23	1	0	0	0	0	0	0
L1597473-R001	biblical_book	1Sam	30	30		4Q51	1606703	f47	5	1597473				books/DSS-1-Samuel.txt	1756837	1556	2002490-2002492	3	0	38493deb351703accf343ce460e9da0e184d2b57b8ea78a91cbf539ff4d4e523	linguistics/books/DSS-1-Samuel-Linguistics.txt	2538588	1543	6d90570dff2ceadd8ff24c75a0a28e223b707969e68afd1e28ba4c3d4b056a8b	ALL_LETTER_SLOTS_RECONSTRUCTED	6	4	4	0	0	6	0	0	1	0	0	0	0
L1597473-R002	biblical_book	1Sam	30	31		4Q51	1606703	f47	5	1597473				books/DSS-1-Samuel.txt	1758393	3710	2002493-2002507	15	1	4225d6dcbcdfe6342f2504ce96f622726617b35b3b19c712dec255843c8b4aaf	linguistics/books/DSS-1-Samuel-Linguistics.txt	2540131	6396	64545b789c9be2c1c91a133310846c80c34a5140f73950baa0ac6311f0021a9f	PARTLY_RECONSTRUCTED	39	37	31	1	5	31	1	0	1	0	0	0	0
L1597474-R001	biblical_book	1Sam	31	1		4Q51	1606703	f48_49	1	1597474				books/DSS-1-Samuel.txt	1762103	2136	2002508-2002509	2	2	d19b99d3c4d8342aad80bac06939f62475595da4f2f6592909a4d5266e0d38ab	linguistics/books/DSS-1-Samuel-Linguistics.txt	2546527	1276	f56fb8e715094ea264da95138e66129feac22322a4249a224487c9c7904d2713	ALL_LETTER_SLOTS_RECONSTRUCTED	8	8	8	0	0	8	0	0	0	0	0	0	0
L1597475-R001	biblical_book	1Sam	31	1		4Q51	1606703	f48_49	2	1597475				books/DSS-1-Samuel.txt	1764239	3426	2002510-2002521	12	1	aa42f3ff869b0287c1351cf4427cd69507b94162cbb6f8fe01b6cc7c1676c90a	linguistics/books/DSS-1-Samuel-Linguistics.txt	2547803	5486	64a49972e19299b0a15d99bad07f5bba42b7a476ec3534d56b315b150b507a99	PARTLY_RECONSTRUCTED	42	42	40	1	1	40	1	0	0	0	0	0	0
L1597476-R001	biblical_book	1Sam	31	1		4Q51	1606703	f48_49	3	1597476				books/DSS-1-Samuel.txt	1767665	1894	2002522-2002526	5	0	d2230c04065c79e67550185083f604035dac9678f345bb06ef5db32195d3e3ed	linguistics/books/DSS-1-Samuel-Linguistics.txt	2553289	2411	e3305db15d0d892f4cfc5b0171cc601bc8cbd8c73a9d03cb6330ddec30524f1f	ALL_LETTER_SLOTS_RECONSTRUCTED	14	12	12	0	0	14	0	0	1	0	0	0	0
L1597476-R002	biblical_book	1Sam	31	2		4Q51	1606703	f48_49	3	1597476				books/DSS-1-Samuel.txt	1769559	3025	2002527-2002534	8	1	b7218005f4e5d95a6c98d091d0d4e2e5fcf95cea8c56f7b646308785fbe4e680	linguistics/books/DSS-1-Samuel-Linguistics.txt	2555700	3802	949b2ef987596673446ef439459922a82a9dbaa8c20d08a1bb5440422e63f63a	PARTLY_RECONSTRUCTED	31	30	27	1	2	28	1	0	0	0	0	0	0
L1597477-R001	biblical_book	1Sam	31	2		4Q51	1606703	f48_49	4	1597477				books/DSS-1-Samuel.txt	1772584	3904	2002535-2002549	15	1	4f618f61253970e78ae3834f6046c45389af9566fe430bfd8f8ec533ceacf8fb	linguistics/books/DSS-1-Samuel-Linguistics.txt	2559502	6676	b68d1de4d2f83197682ecbcb20564ce15c9ccbd76f81ae130e23d1332b1f4864	PARTLY_RECONSTRUCTED	46	44	37	1	6	37	1	0	1	0	0	0	0
L1597478-R001	biblical_book	1Sam	31	3		4Q51	1606703	f48_49	5	1597478				books/DSS-1-Samuel.txt	1776488	3917	2002550-2002563	14	1	4abd0b0fd2af4c37594bc73d30b17d48c46408d1346f9366954d579a7c5d830b	linguistics/books/DSS-1-Samuel-Linguistics.txt	2566178	6058	64552110f480c4887f080527a838abaf8b62b8b0b30e5b4eaf95a97509d97f1b	PARTLY_RECONSTRUCTED	41	40	32	3	5	33	3	0	0	0	0	0	0
L1597479-R001	biblical_book	1Sam	31	3		4Q51	1606703	f48_49	6	1597479				books/DSS-1-Samuel.txt	1780405	2015	2002564-2002568	5	0	10c93ed1a3f36dd302c3fd844f99c0e76cd9c514bccee14301ee1fbfef6ed895	linguistics/books/DSS-1-Samuel-Linguistics.txt	2572236	2367	0c822f0b39e1c0ac1646c655a4d41e2d8e9ab36116c7896df34cc6fb37649f10	ALL_LETTER_SLOTS_RECONSTRUCTED	14	11	11	0	0	14	0	0	1	0	0	0	0
L1597479-R002	biblical_book	1Sam	31	4		4Q51	1606703	f48_49	6	1597479				books/DSS-1-Samuel.txt	1782420	3526	2002569-2002576	8	1	76649541466c5e27dd545e1af4c783890634dcb759e1ff31ac8ef28540e461f7	linguistics/books/DSS-1-Samuel-Linguistics.txt	2574603	3774	c4632557a8ad8bacdc5023304f4966d93bc29b60b43dfe14574923af34d649b5	PARTLY_RECONSTRUCTED	30	27	16	9	2	18	9	0	1	0	0	0	0
L1597480-R001	biblical_book	1Sam	31	4		4Q51	1606703	f48_49	7	1597480				books/DSS-1-Samuel.txt	1785946	4469	2002577-2002593	17	1	74dc80fc8445dd394b27412502691e6d0df254a7f77b279662f66f9427f58aa0	linguistics/books/DSS-1-Samuel-Linguistics.txt	2578377	7079	440b93d86396e7ac8e53f4dbba9d1959a3a662e688f0c42e5ffd7bc4e2eabf49	PARTLY_RECONSTRUCTED	45	40	34	1	5	36	1	0	1	0	0	0	0
L1598128-R001	biblical_book	1Sam	12	4		4Q52	1606706	f1	1	1598128				books/DSS-1-Samuel.txt	1790465	2308	2010959-2010963	5	1	65c5333b1d44a0ab63cd3040be8f17a09798afe144ae2e1167c3e36398e1f1be	linguistics/books/DSS-1-Samuel-Linguistics.txt	2585506	2206	8413c99218cb5e5491382720992ea9e3418e9be9a5f97c4cfa2f2e9f503ac8f4	NO_LETTER_SLOTS	11	0	0	0	0	7	2	3	5	0	0	0	0
L1598129-R001	biblical_book	1Sam	12	5		4Q52	1606706	f1	2	1598129				books/DSS-1-Samuel.txt	1792773	2583	2010964-2010969	6	1	5585ae9e12c24c747ca58377a0ebe6455ba4ed61e6e2306cd204d09932a1cbbc	linguistics/books/DSS-1-Samuel-Linguistics.txt	2587712	2662	7aa0456f0831ce71c5c8095c99972cc390c61ca88dcea52438582c49efa222b1	NO_LETTER_RECONSTRUCTION_MARKED	16	9	0	3	6	4	3	2	3	0	0	0	0
L1598130-R001	biblical_book	1Sam	12	6		4Q52	1606706	f1	3	1598130				books/DSS-1-Samuel.txt	1795356	2311	2010970-2010974	5	1	31407adf1d80ff3baa738f3a527079001c8da3d7492347675c38d2625a7e530f	linguistics/books/DSS-1-Samuel-Linguistics.txt	2590374	2231	132a891b9a42a66216b82111caefac78b62b8526bf310275d9c44df756aeb4d4	NO_LETTER_SLOTS	12	0	0	0	0	5	4	2	5	0	0	0	0
L1598131-R001	biblical_book	1Sam	14	41		4Q52	1606706	f2	1	1598131				books/DSS-1-Samuel.txt	1797667	6307	2010975-2011001	27	1	91472d1f30c8ddccd87a303fff7408953ac9797e62ba2b501d8b22ac15c19f4f	linguistics/books/DSS-1-Samuel-Linguistics.txt	2592605	11432	d8fbea6ff89052e15b48def258587a2684fd0a0130da99da45d675492147b909	PARTLY_RECONSTRUCTED	82	76	73	1	2	79	1	0	0	0	0	0	0
L1598132-R001	biblical_book	1Sam	14	41		4Q52	1606706	f2	2	1598132				books/DSS-1-Samuel.txt	1803974	3158	2011002-2011013	12	0	1e3297646a21a65ec593ebe90684ba750c3e7b51de89ddc485ac17da637ca918	linguistics/books/DSS-1-Samuel-Linguistics.txt	2604037	5208	8a93bff0cfdde663ed2077b2b76d3e784f0a7d1eabd2b1b6f983098860c5d96e	PARTLY_RECONSTRUCTED	33	30	28	2	0	29	2	0	1	0	0	0	0
L1598132-R002	biblical_book	1Sam	14	42		4Q52	1606706	f2	2	1598132				books/DSS-1-Samuel.txt	1807132	3595	2011014-2011024	11	1	d95d4370371b71e6e610b3f683071937a4b83ce74d60676dc824577dbe7621d6	linguistics/books/DSS-1-Samuel-Linguistics.txt	2609245	4876	9fc1051af3ab2ad52776cc6f08f1570069ed738d2a2571dd7a441832d4c2e761	PARTLY_RECONSTRUCTED	36	30	25	2	3	29	2	1	2	0	0	0	0
L1598133-R001	biblical_book	1Sam	15	16		4Q52	1606706	f3	1	1598133				books/DSS-1-Samuel.txt	1810727	5627	2011025-2011046	22	2	a0134c6ce899bda93b2a22c0707d8cddb9ae716b4f0166f7e0916460bb01e0bf	linguistics/books/DSS-1-Samuel-Linguistics.txt	2614121	9196	16343058a7313c05c764e92f56fbcaeea5a7e32c230d0ba2261d457b9d7e4f5c	PARTLY_RECONSTRUCTED	64	57	56	1	0	63	1	1	2	0	0	0	0
L1598134-R001	biblical_book	1Sam	15	17		4Q52	1606706	f3	2	1598134				books/DSS-1-Samuel.txt	1816354	5121	2011047-2011070	24	0	229cd7854237e311ad4132147da16e155adc20947809527beae574a64cf44cf8	linguistics/books/DSS-1-Samuel-Linguistics.txt	2623317	10281	2edc023563387c3a5b9592f6e66ae9bff48de5e6109abf003328fa4b2384cf51	PARTLY_RECONSTRUCTED	74	70	66	1	3	70	1	0	1	0	0	0	0
L1598134-R002	biblical_book	1Sam	15	18		4Q52	1606706	f3	2	1598134				books/DSS-1-Samuel.txt	1821475	2302	2011071-2011075	5	1	e5d5afb324b114c13c62f21e1938bfd73a3a1a78f3c5e987fcb5da4deb241812	linguistics/books/DSS-1-Samuel-Linguistics.txt	2633598	2418	f1df97f757389a37c78af1ab64c624877ef89d15cbd8bcce752618388f1667e9	ALL_LETTER_SLOTS_RECONSTRUCTED	15	14	14	0	0	15	0	0	0	0	0	0	0
L1598135-R001	biblical_book	1Sam	15	18		4Q52	1606706	f3	3	1598135				books/DSS-1-Samuel.txt	1823777	3713	2011076-2011089	14	1	bcc046cc350efa2a49135e22fb44ee9c2d33d047e791a9d0b5eb33f99f5bd7c9	linguistics/books/DSS-1-Samuel-Linguistics.txt	2636016	5952	cbf9eccad6b30d0609b699668c1a52dd9c672ffbc81424604c37fe197513a824	PARTLY_RECONSTRUCTED	38	34	31	3	0	33	3	1	2	0	0	0	0
L1598136-R001	biblical_book	1Sam	16	1		4Q52	1606706	f4	1	1598136				books/DSS-1-Samuel.txt	1827490	3348	2011090-2011101	12	0	c3d402f32942305bc04e01e4aca38c5ca10b9104c7949244f5d9a64b14ae9859	linguistics/books/DSS-1-Samuel-Linguistics.txt	2641968	5239	54073342a20ce8e717a6e950b23dc559e9ed3bb9c19dd7689b9570c02ea3df53	PARTLY_RECONSTRUCTED	38	33	32	1	0	36	1	0	1	0	0	0	0
L1598136-R002	biblical_book	1Sam	16	2		4Q52	1606706	f4	1	1598136				books/DSS-1-Samuel.txt	1830838	3704	2011102-2011115	14	1	db1ece2681fe40be8d41a635df4a815b09a0e0d0130d6aa6acc8410be4574195	linguistics/books/DSS-1-Samuel-Linguistics.txt	2647207	6111	d8171776b87df28ee19335cc848537a5b5d98e8e973b1bb42909c8507c8ccc76	ALL_LETTER_SLOTS_RECONSTRUCTED	44	43	43	0	0	44	0	0	0	0	0	0	0
L1598137-R001	biblical_book	1Sam	16	2		4Q52	1606706	f4	2	1598137				books/DSS-1-Samuel.txt	1834542	3031	2011116-2011127	12	0	5abd507e263f64e0118a8ae35d2ca22a426bd3e14806310f9835fcffd6561d18	linguistics/books/DSS-1-Samuel-Linguistics.txt	2653318	5085	bed4ed7b6c6f964c6f7336cc4787ab3484fb8bd2fc4c07eb81e49d7712d3f023	PARTLY_RECONSTRUCTED	30	27	23	0	4	26	0	0	1	0	0	0	0
L1598137-R002	biblical_book	1Sam	16	3		4Q52	1606706	f4	2	1598137				books/DSS-1-Samuel.txt	1837573	4204	2011128-2011144	17	1	036a7958b5cbbbcc74c0ee4679c163b6ca6fada6a51c7497314a4178e2662710	linguistics/books/DSS-1-Samuel-Linguistics.txt	2658403	7199	e251ca7516edbb50e6b80267e4a8ae6efde60e927f80119caf990bfe8e0c8aed	ALL_LETTER_SLOTS_RECONSTRUCTED	47	45	45	0	0	47	0	0	0	0	0	0	0
L1598138-R001	biblical_book	1Sam	16	3		4Q52	1606706	f4	3	1598138				books/DSS-1-Samuel.txt	1841777	1674	2011145-2011147	3	0	c826de5fcfcf71e3a60c44c2652214802799d4f81cbf156a7f0b4c8d0213702c	linguistics/books/DSS-1-Samuel-Linguistics.txt	2665602	1543	cbaffc3230e075e2955b15461be4e053f32ee2a2b676391371d0f7ace0ede6b0	NO_LETTER_RECONSTRUCTION_MARKED	10	7	0	0	7	0	0	0	1	0	0	0	0
L1598138-R002	biblical_book	1Sam	16	4		4Q52	1606706	f4	3	1598138				books/DSS-1-Samuel.txt	1843451	5147	2011148-2011170	23	1	878f5a8f9aa309743321a688ee2aa04c7aedf0a376f13a5b3176ef30a00cc698	linguistics/books/DSS-1-Samuel-Linguistics.txt	2667145	9682	cf3e45bbf464d890f4887857047d6404f653000f9bc4f61f0bdcbd408ca117f5	ALL_LETTER_SLOTS_RECONSTRUCTED	67	65	65	0	0	67	0	0	0	0	0	0	0
L1598139-R001	biblical_book	1Sam	16	4		4Q52	1606706	f4	4	1598139				books/DSS-1-Samuel.txt	1848598	1518	2011171-2011173	3	0	e497757cebb7b000e2a4b88beac7af5257e7961e0c9598ec2fa764b7246cbf2d	linguistics/books/DSS-1-Samuel-Linguistics.txt	2676827	1507	66db6032a8fa2b3b4a7b179e8400f91214cbf6d3ed6b3a77dfdb4396325f6ad8	NO_LETTER_RECONSTRUCTION_MARKED	6	4	0	0	4	0	0	0	1	0	0	0	0
L1598139-R002	biblical_book	1Sam	16	5		4Q52	1606706	f4	4	1598139				books/DSS-1-Samuel.txt	1850116	5801	2011174-2011200	27	1	14669bc8071790e7a304b9d1c00e2ef14ee9daa01d5826aeca6e9e6023aed39c	linguistics/books/DSS-1-Samuel-Linguistics.txt	2678334	11050	fbe10c6146243e3c2e1356c6248ac7f99de405372edee0268153090671d17236	PARTLY_RECONSTRUCTED	73	68	63	0	5	66	0	0	1	0	0	0	0
L1598140-R001	biblical_book	1Sam	16	6		4Q52	1606706	f4	5	1598140				books/DSS-1-Samuel.txt	1855917	3616	2011201-2011215	15	0	20f1a96324a71d49c06ce34045d8fe9eef602096fc95bad6f13063ef4a8a2a57	linguistics/books/DSS-1-Samuel-Linguistics.txt	2689384	6395	5679e59ae6bef831514fe45b7177a65d21040fa75c65570ef645cc642c5b6470	PARTLY_RECONSTRUCTED	42	38	23	1	14	26	1	0	1	0	0	0	0
L1598140-R002	biblical_book	1Sam	16	7		4Q52	1606706	f4	5	1598140				books/DSS-1-Samuel.txt	1859533	3384	2011216-2011227	12	1	bbbfa9180d772dc4f1ddba2556963bd03944c1e023d3f89ba6bcac13b81eed25	linguistics/books/DSS-1-Samuel-Linguistics.txt	2695779	5272	19503a2c220e27115a773cc1ff005a8f528fa35bc1aa4d8a2cde1bd3a8411f9d	ALL_LETTER_SLOTS_RECONSTRUCTED	35	34	34	0	0	35	0	0	0	0	0	0	0
L1598141-R001	biblical_book	1Sam	16	7		4Q52	1606706	f4	6	1598141				books/DSS-1-Samuel.txt	1862917	5149	2011228-2011252	25	0	b15473fbc05bb7966263459e6a05dc307ac885d929ec3a697e34f91ed4d810b4	linguistics/books/DSS-1-Samuel-Linguistics.txt	2701051	10442	7f27e9fc21ba3b6ac55ef6f423d47da62b09a608df97f28d8748189f29e47eeb	PARTLY_RECONSTRUCTED	72	68	55	1	12	57	1	0	1	0	0	0	0
L1598141-R002	biblical_book	1Sam	16	8		4Q52	1606706	f4	6	1598141				books/DSS-1-Samuel.txt	1868066	1710	2011253-2011254	2	1	5f0f756d5db84d61a1905c1b7ce1097f6e1119060bd6120fa15a657e2668a069	linguistics/books/DSS-1-Samuel-Linguistics.txt	2711493	1166	46d9d0eaaccbdbc55a0514547e3196184840df11840eb00c50308e283540bb99	ALL_LETTER_SLOTS_RECONSTRUCTED	5	5	5	0	0	5	0	0	0	0	0	0	0
L1598142-R001	biblical_book	1Sam	16	8		4Q52	1606706	f4	7	1598142				books/DSS-1-Samuel.txt	1869776	3657	2011255-2011271	17	0	8148c1a936097f924f444bb25e4f9e4d77cbf0ad0a89287c77ce95db50507ec8	linguistics/books/DSS-1-Samuel-Linguistics.txt	2712659	7285	35e2b4713ae2256b42e504b54071f47c97662a065b365e86afd38ae2346dc9ad	PARTLY_RECONSTRUCTED	47	45	34	0	11	36	0	0	1	0	0	0	0
L1598142-R002	biblical_book	1Sam	16	9		4Q52	1606706	f4	7	1598142				books/DSS-1-Samuel.txt	1873433	3040	2011272-2011282	11	1	9a5af94be7a6d5f2098c00635c6c0ec2203e4fecc81d38b1b372155a40dffb22	linguistics/books/DSS-1-Samuel-Linguistics.txt	2719944	4769	8f7b81482fb2611045a806f9300b33e46e96190495684f4007b824639b776c6b	ALL_LETTER_SLOTS_RECONSTRUCTED	27	27	27	0	0	27	0	0	0	0	0	0	0
L1598143-R001	biblical_book	1Sam	16	9		4Q52	1606706	f4	8	1598143				books/DSS-1-Samuel.txt	1876473	1410	2011283-2011284	2	0	19e7e3ee429e559bb72fc55637f7167d0f833a06c5143bbf17df0e53591e80f5	linguistics/books/DSS-1-Samuel-Linguistics.txt	2724713	1135	5ccca874cd06ea19eb55b83d71f57faf77a4877e03ff66614b67b809875605f9	NO_LETTER_RECONSTRUCTION_MARKED	6	4	0	0	4	0	0	0	1	0	0	0	0
L1598143-R002	biblical_book	1Sam	16	10		4Q52	1606706	f4	8	1598143				books/DSS-1-Samuel.txt	1877883	3932	2011285-2011301	17	0	d707cb7414cbd53584eccf518e3d15e31a5f8320c5925e370fe0e0f68bc36804	linguistics/books/DSS-1-Samuel-Linguistics.txt	2725848	7340	57538e571bde04fd822fdc439fcf934fe0c428ce873b3252b730f3b54754ca72	PARTLY_RECONSTRUCTED	51	48	41	1	6	44	1	0	1	0	0	0	0
L1598143-R003	biblical_book	1Sam	16	11		4Q52	1606706	f4	8	1598143				books/DSS-1-Samuel.txt	1881815	2419	2011302-2011305	4	2	f751cc6dd9e78b97a6a93ef98622dbc779bacef22dd23bb2291a5eff8648bd98	linguistics/books/DSS-1-Samuel-Linguistics.txt	2733188	2025	b18b4c53ec94198506f75b25f4fbb5b2de70862c4de47c0ee242fba8d440c6b6	ALL_LETTER_SLOTS_RECONSTRUCTED	12	12	12	0	0	12	0	0	0	0	0	0	0
L1598144-R001	biblical_book	1Sam	16	11		4Q52	1606706	f4	9	1598144				books/DSS-1-Samuel.txt	1884234	2553	2011306-2011312	7	1	8d0fe8a773c9fcc0616a8730dcff1c9b46348e54a57cb676717bd96a029e0069	linguistics/books/DSS-1-Samuel-Linguistics.txt	2735213	3101	943e47c4b3f82f7e8cf80e1efadb88b329abb2c565aace50c113d28fa8e681fa	PARTLY_RECONSTRUCTED	17	13	8	2	3	10	2	1	2	0	0	0	0
L1598145-R001	biblical_book	1Sam	19	10		4Q52	1606706	f5	1	1598145				books/DSS-1-Samuel.txt	1886787	2150	2011313-2011317	5	1	e7e9d8089b09bb95b05ded2701bc407238fb01f93e6d6373b3490c179289d09c	linguistics/books/DSS-1-Samuel-Linguistics.txt	2738314	2338	a33d35945d0205ec804082417fe421aa6ca05b71d5b9f416a426da0651f07900	PARTLY_RECONSTRUCTED	11	9	5	0	4	7	0	1	1	0	0	0	0
L1598146-R001	biblical_book	1Sam	19	10		4Q52	1606706	f5	2	1598146				books/DSS-1-Samuel.txt	1888937	3994	2011318-2011337	20	0	6be814e63c7090c48dd6013b2b61bd6d9ec824689601b82e4fa509b9fad8a7a0	linguistics/books/DSS-1-Samuel-Linguistics.txt	2740652	8284	e0c79dadb68fd4c41671643145cfe7e5474958064b507698f0586b3f81b2071c	ALL_LETTER_SLOTS_RECONSTRUCTED	44	42	42	0	0	44	0	0	1	0	0	0	0
L1598146-R002	biblical_book	1Sam	19	11		4Q52	1606706	f5	2	1598146				books/DSS-1-Samuel.txt	1892931	3341	2011338-2011348	11	1	682d80b79eec5aee96c3e77cebf0f34ab83fcf743f06f3a9306222bfc7155a79	linguistics/books/DSS-1-Samuel-Linguistics.txt	2748936	4923	3e1ad4a10857eb91fa7c0a4a13788dd320b777f323b5ceafa73f70a5ac631c3e	PARTLY_RECONSTRUCTED	36	34	29	0	5	30	0	0	0	0	0	0	0
L1598147-R001	biblical_book	1Sam	19	11		4Q52	1606706	f5	3	1598147				books/DSS-1-Samuel.txt	1896272	4517	2011349-2011368	20	0	cf6a953eff00a8be7160e98a93a441e1a960b8961f21f7d5611f305f6caf5292	linguistics/books/DSS-1-Samuel-Linguistics.txt	2753859	8488	252775d03cd176e2eb2fed1cafa942a30b7ff1d01eb41aa5d773274601d0ec88	ALL_LETTER_SLOTS_RECONSTRUCTED	57	52	52	0	0	57	0	0	1	0	0	0	0
L1598147-R002	biblical_book	1Sam	19	12		4Q52	1606706	f5	3	1598147				books/DSS-1-Samuel.txt	1900789	2692	2011369-2011376	8	1	b60e58e601f8ff74269356fe76bd94339e01f6c853f8d297ea13de6f375f2763	linguistics/books/DSS-1-Samuel-Linguistics.txt	2762347	3676	c74f53f899c1cd1d8d94e93260c37c5d99ddaf0d0a04e47d9e1ff8547d235569	PARTLY_RECONSTRUCTED	21	21	12	1	8	12	1	0	0	0	0	0	0
L1598148-R001	biblical_book	1Sam	19	12		4Q52	1606706	f5	4	1598148				books/DSS-1-Samuel.txt	1903481	2138	2011377-2011383	7	0	cfd8327354d834984967247d92b306ebbe020e4220a2ae309764dfb25ee0852e	linguistics/books/DSS-1-Samuel-Linguistics.txt	2766023	3077	44b97f72ebbc3ce04c28696d1aa251eccda5e12ef5a8d2b592042e17f855a92a	ALL_LETTER_SLOTS_RECONSTRUCTED	16	14	14	0	0	16	0	0	1	0	0	0	0
L1598148-R002	biblical_book	1Sam	19	13		4Q52	1606706	f5	4	1598148				books/DSS-1-Samuel.txt	1905619	4992	2011384-2011406	23	1	4d96930a63ed1fedcc297e514e6633fa4f6baf811ad84dc0821149008d6741db	linguistics/books/DSS-1-Samuel-Linguistics.txt	2769100	9638	24e3c0cebdd2cf3ea5bd0716d371bf8857c332f81f89cece03440df40e28205d	PARTLY_RECONSTRUCTED	59	56	50	2	4	51	2	0	1	0	0	0	0
L1598149-R001	biblical_book	1Sam	19	14		4Q52	1606706	f5	5	1598149				books/DSS-1-Samuel.txt	1910611	3109	2011407-2011419	13	0	45b0b3e03cbf4f8e58437a96e62ecaff13d661ce02ba7f73f7d31ec363880a3b	linguistics/books/DSS-1-Samuel-Linguistics.txt	2778738	5629	1f1acb1f5555ab706195fbf6d86f70f9cf0f5d27819c5bbb1e5987786a525f33	ALL_LETTER_SLOTS_RECONSTRUCTED	38	36	36	0	0	38	0	0	1	0	0	0	0
L1598149-R002	biblical_book	1Sam	19	15		4Q52	1606706	f5	5	1598149				books/DSS-1-Samuel.txt	1913720	3457	2011420-2011432	13	1	3994bf8bb9d41f28dc672b1685c1cd5933fa1ae4ae148209563e5b41e7ae55e1	linguistics/books/DSS-1-Samuel-Linguistics.txt	2784367	5639	2d41d2729dd71435a0c9001a8549824fc9ebe9f6d91840e560352ca7e8f449df	PARTLY_RECONSTRUCTED	35	35	25	2	8	25	2	0	0	0	0	0	0
L1598150-R001	biblical_book	1Sam	19	15		4Q52	1606706	f5	6	1598150				books/DSS-1-Samuel.txt	1917177	2551	2011433-2011439	7	0	d6e44f96819e85054556e70029597863f0adae51c4cd7b882c419bec40d6ba05	linguistics/books/DSS-1-Samuel-Linguistics.txt	2790006	3143	f2a3b32933d36e788d95a56a8f420611d8c85f710cf2dccbc491c4d8f82681ed	ALL_LETTER_SLOTS_RECONSTRUCTED	20	15	15	0	0	20	0	0	1	0	0	0	0
L1598150-R002	biblical_book	1Sam	19	16		4Q52	1606706	f5	6	1598150				books/DSS-1-Samuel.txt	1919728	4246	2011440-2011456	17	1	8bcda8f5b6741c3be7e6bc5ad24d5b1a1bdde1c5d7a127e37fdcdb031871f843	linguistics/books/DSS-1-Samuel-Linguistics.txt	2793149	7289	f3a3e7f0ef519322f9ea3f35a0488380f1b222832869d6de645677730b230358	PARTLY_RECONSTRUCTED	48	45	42	0	3	42	0	0	1	0	0	0	0
L1598150-R003	biblical_book	1Sam	19	17		4Q52	1606706	f5	6	1598150				books/DSS-1-Samuel.txt	1923974	1856	2011457-2011459	3	1	5a08557e4084cccec567084a0fa447676bc3436af8426c17ab9940c8bb6ecc3c	linguistics/books/DSS-1-Samuel-Linguistics.txt	2800438	1512	1a4e197209d05a8d810e61072f98d7b017679e704fb7b54cbdcf07aa30813f36	NO_LETTER_RECONSTRUCTION_MARKED	7	5	0	0	5	0	0	0	1	0	0	0	0
L1598151-R001	biblical_book	1Sam	20	26		4Q52	1606706	f6_7	1	1598151				books/DSS-1-Samuel.txt	1925830	1752	2011460-2011463	4	0	09c5cb0a545a83f3c195e6df4ade2f029f755726fd737343ae43b6d075ae5911	linguistics/books/DSS-1-Samuel-Linguistics.txt	2801950	1922	37cf013a694b93ef9ca804e1220c497b241dd021b35abaedf6a508037f8af634	NO_LETTER_RECONSTRUCTION_MARKED	9	7	0	1	6	0	1	0	1	0	0	0	0
L1598151-R002	biblical_book	1Sam	20	27		4Q52	1606706	f6_7	1	1598151				books/DSS-1-Samuel.txt	1927582	5821	2011464-2011488	25	1	bcc35279a0da7cace88a968ffc894e6064be0af866a446e2140e0adc9ce0a1e7	linguistics/books/DSS-1-Samuel-Linguistics.txt	2803872	10672	f2ebd06d3209237ea2711f91291b1397d6ee4a850e6d3d866c3232fce60b215a	PARTLY_RECONSTRUCTED	67	66	40	11	15	41	11	0	0	0	0	0	0
L1598152-R001	biblical_book	1Sam	20	27		4Q52	1606706	f6_7	2	1598152				books/DSS-1-Samuel.txt	1933403	2079	2011489-2011495	7	0	a1bbe9078177395b7850ab686fd836053678dc39ab1879dc786bae3a0a64d6dc	linguistics/books/DSS-1-Samuel-Linguistics.txt	2814544	3111	b7e19929ea4669d639ee02ca36103fe51ece5083168b5a4b6da841d1adbfedcd	NO_LETTER_RECONSTRUCTION_MARKED	15	13	0	0	13	0	0	0	1	0	0	0	0
L1598152-R002	biblical_book	1Sam	20	28		4Q52	1606706	f6_7	2	1598152				books/DSS-1-Samuel.txt	1935482	4019	2011496-2011512	17	0	02a17e985b161267b04425faa48d22fca82c4eb87d1a2ff79cce9b00cd2b385e	linguistics/books/DSS-1-Samuel-Linguistics.txt	2817655	7349	fb91bbc469577d2cfd83cc74d46055aa31e5e0f5d2a8112ce68229e9ff2277ce	PARTLY_RECONSTRUCTED	51	47	24	1	16	28	1	0	1	0	0	6	0
L1598152-R003	biblical_book	1Sam	20	29		4Q52	1606706	f6_7	2	1598152				books/DSS-1-Samuel.txt	1939501	2481	2011513-2011518	6	1	19aa7345f59216080099d7dd798b226d51c135dacb929221c7bc35d0d4b641aa	linguistics/books/DSS-1-Samuel-Linguistics.txt	2825004	2824	45b23034dfe91c2ab69fc9a9b35622d5204fdbb1607206585af37bc5829332c2	ALL_LETTER_SLOTS_RECONSTRUCTED	18	17	17	0	0	18	0	0	0	0	0	0	0
L1598153-R001	biblical_book	1Sam	20	29		4Q52	1606706	f6_7	3	1598153				books/DSS-1-Samuel.txt	1941982	6383	2011519-2011548	30	1	79384c0c1b23852481c0e9ae4b3da34556a5f4fd514e3136d0e6b2beeab43c9b	linguistics/books/DSS-1-Samuel-Linguistics.txt	2827828	12436	10d92147bee494ac41c6a824c78745955e8a8b7dde0e71c71c94ba427a38e84b	PARTLY_RECONSTRUCTED	82	77	39	0	38	41	0	0	0	0	0	0	0
L1598154-R001	biblical_book	1Sam	20	29		4Q52	1606706	f6_7	4	1598154				books/DSS-1-Samuel.txt	1948365	1524	2011549-2011551	3	0	b195ad3391ad4f222b563a06906cb112129681c6858fbf9f3d3659ddd96a0b54	linguistics/books/DSS-1-Samuel-Linguistics.txt	2840264	1526	22beff4770653ce9c58c76b9b2ce5939cf9f21c2e133c384adb7fdb0f3471758	NO_LETTER_RECONSTRUCTION_MARKED	6	4	0	0	4	0	0	0	1	0	0	0	0
L1598154-R002	biblical_book	1Sam	20	30		4Q52	1606706	f6_7	4	1598154				books/DSS-1-Samuel.txt	1949889	6525	2011552-2011582	31	1	7e88727afbad72caadd9aabb048f080abd536e564fdf4b9677ec167e0691b988	linguistics/books/DSS-1-Samuel-Linguistics.txt	2841790	12875	42eb25d5e04770b5697cadd0937ea82c60a6d8c2596129622036800417e5a6c8	PARTLY_RECONSTRUCTED	82	77	39	2	36	41	2	0	1	0	0	0	0
L1598155-R001	biblical_book	1Sam	20	31		4Q52	1606706	f6_7	5	1598155				books/DSS-1-Samuel.txt	1956414	5316	2011583-2011610	28	0	965af3e6e1ce29986f8aa413510835a2ce20aa74aea482b06dcdb6c3e7ec7359	linguistics/books/DSS-1-Samuel-Linguistics.txt	2854665	11628	cc1ad333a70d7bd54276da6092c2bbc113397fa7b558e09236ae2a425cfcf14c	PARTLY_RECONSTRUCTED	68	65	22	1	42	24	1	0	1	0	0	0	0
L1598155-R002	biblical_book	1Sam	20	32		4Q52	1606706	f6_7	5	1598155				books/DSS-1-Samuel.txt	1961730	2032	2011611-2011614	4	1	9a2d086c07bedb301875b10c7ca56924226034a96b0085fb81ef6d9fed60ed12	linguistics/books/DSS-1-Samuel-Linguistics.txt	2866293	2028	e087d96ec787a9c1236b8b9d8abf46d8346da946be6a7d56412cfe023f25d349	ALL_LETTER_SLOTS_RECONSTRUCTED	11	11	11	0	0	11	0	0	0	0	0	0	0
L1598156-R001	biblical_book	1Sam	20	32		4Q52	1606706	f6_7	6	1598156				books/DSS-1-Samuel.txt	1963762	2402	2011615-2011622	8	0	585a411206ecc658294980bb8c78708c59b22e24be83e042bb6edfc7692e8f1e	linguistics/books/DSS-1-Samuel-Linguistics.txt	2868321	3561	cbeceaee1fccf366da36f1841d6647f268cabe50ef746c5418c475124bc07ef8	NO_LETTER_RECONSTRUCTION_MARKED	24	21	0	0	21	0	0	0	1	0	0	0	0
L1598156-R002	biblical_book	1Sam	20	33		4Q52	1606706	f6_7	6	1598156				books/DSS-1-Samuel.txt	1966164	5362	2011623-2011646	24	1	dad02a9268c4614cffdf6710cb484d8580d2b6f0a61afcc83a195f4c1529f823	linguistics/books/DSS-1-Samuel-Linguistics.txt	2871882	9977	e098ecb684970e0c6df5a820212124461bb7d4d42f471b3dc384c7467e01c10b	PARTLY_RECONSTRUCTED	65	60	37	1	22	38	1	0	1	0	0	0	0
L1598157-R001	biblical_book	1Sam	20	34		4Q52	1606706	f6_7	7	1598157				books/DSS-1-Samuel.txt	1971526	5630	2011647-2011675	29	0	153b5e6a33b049196325539d51d9c7869543857ff878c592b9f5cdaf726589ed	linguistics/books/DSS-1-Samuel-Linguistics.txt	2881859	11969	b649dffcd3d57e7f5870ba14042a54595da7c39aebfeb2a787dc529cd3720fe0	PARTLY_RECONSTRUCTED	73	69	24	1	44	28	1	0	1	0	0	0	0
L1598157-R002	biblical_book	1Sam	20	35		4Q52	1606706	f6_7	7	1598157				books/DSS-1-Samuel.txt	1977156	2272	2011676-2011681	6	1	58ef0f4903ef535134ec07d5a5bf652c6687bfb0ad3cd6332eef9e98cf9e2484	linguistics/books/DSS-1-Samuel-Linguistics.txt	2893828	2749	f54cd71305c90c7117a9f7127d0124f47a8acb06732f9744b3ebcb7fb31966da	ALL_LETTER_SLOTS_RECONSTRUCTED	12	12	12	0	0	12	0	0	0	0	0	0	0
L1598158-R001	biblical_book	1Sam	20	35		4Q52	1606706	f6_7	8	1598158				books/DSS-1-Samuel.txt	1979428	2797	2011682-2011692	11	0	8d9543228563f0802d72415181b7b271d7f752350082605c270e9c16cb31871c	linguistics/books/DSS-1-Samuel-Linguistics.txt	2896577	4823	2b9bc87653169286309ddeb42388eb0e0b4afae12f04a2e945b7a11dc1494f36	NO_LETTER_RECONSTRUCTION_MARKED	30	27	0	0	27	0	0	0	1	0	0	0	0
L1598158-R002	biblical_book	1Sam	20	36		4Q52	1606706	f6_7	8	1598158				books/DSS-1-Samuel.txt	1982225	4938	2011693-2011715	23	1	bf78cbd79384ae283d2930ef458e2a799f7ec48bc3427514d76f880c1f6b1d64	linguistics/books/DSS-1-Samuel-Linguistics.txt	2901400	9498	ce61f429fd4670f64badd6fa4056a5bb5a78d09c9cded523ee96cb2871a6810b	PARTLY_RECONSTRUCTED	55	54	37	4	13	38	4	0	0	0	0	0	0
L1598159-R001	biblical_book	1Sam	20	36		4Q52	1606706	f6_7	9	1598159				books/DSS-1-Samuel.txt	1987163	1649	2011716-2011718	3	0	52fc170025932fce6b9ff68772e3b24e6e7d1ad2231b3e96d59c1a97208968f9	linguistics/books/DSS-1-Samuel-Linguistics.txt	2910898	1521	c21bd7cb6267c4d762b876940b48abf51117ca0dc831cca8783f56ffc2a10db5	NO_LETTER_RECONSTRUCTION_MARKED	8	5	0	0	5	0	0	0	1	0	0	0	0
L1598159-R002	biblical_book	1Sam	20	37		4Q52	1606706	f6_7	9	1598159				books/DSS-1-Samuel.txt	1988812	4874	2011719-2011743	25	0	dc2c4bb8e84932af7e699212c7ea9a4ed849401d30c834ba94e3ac976960cfcd	linguistics/books/DSS-1-Samuel-Linguistics.txt	2912419	10317	9aa648c2a021ff4ff4aec7871271234416d40d56d708770a332640a3896dfe03	PARTLY_RECONSTRUCTED	62	59	29	0	30	32	0	0	1	0	0	0	0
L1598159-R003	biblical_book	1Sam	20	38		4Q52	1606706	f6_7	9	1598159				books/DSS-1-Samuel.txt	1993686	1897	2011744-2011746	3	1	b10a4a44a2c6267e4ac407cb724f90030313c00f66d4366a37c9a38760b1528a	linguistics/books/DSS-1-Samuel-Linguistics.txt	2922736	1641	7ad57fdc13347e6e3e8bdf64738bd0945acf69dbdf3c00ba871e5a369c210a56	ALL_LETTER_SLOTS_RECONSTRUCTED	10	10	10	0	0	10	0	0	0	0	0	0	0
L1598160-R001	biblical_book	1Sam	20	38		4Q52	1606706	f6_7	10	1598160				books/DSS-1-Samuel.txt	1995583	4214	2011747-2011764	18	0	9615e94637a6f962bf8e70f1fd5dbd0f65021af7a705beecba0a42201fb94fd9	linguistics/books/DSS-1-Samuel-Linguistics.txt	2924377	7666	2ce47d35db76dac8daabfa48301415e4cd82226860028ba4448d8196347ff0d4	PARTLY_RECONSTRUCTED	55	50	15	1	34	18	1	0	1	0	0	0	0
L1598160-R002	biblical_book	1Sam	20	39		4Q52	1606706	f6_7	10	1598160				books/DSS-1-Samuel.txt	1999797	3081	2011765-2011775	11	1	f545db508f7045777f98efe25cc5f39688d606a3c26fcb7dea57e49c4d8ecc95	linguistics/books/DSS-1-Samuel-Linguistics.txt	2932043	4881	995f7537732a2ebc255a7997d7246d359e107895c11ea00d2aa26e50f542a637	ALL_LETTER_SLOTS_RECONSTRUCTED	30	30	30	0	0	30	0	0	0	0	0	0	0
L1598161-R001	biblical_book	1Sam	20	39		4Q52	1606706	f6_7	11	1598161				books/DSS-1-Samuel.txt	2002878	1664	2011776-2011779	4	0	d32179c64047d4550092c77a3e6bad336502ab28db26b97fc53db763433fca9a	linguistics/books/DSS-1-Samuel-Linguistics.txt	2936924	1918	2887fbedc59df3bf6757914e85d249f42dea942f57a2ee199a7bdee8784a611b	NO_LETTER_RECONSTRUCTION_MARKED	8	6	0	0	6	0	0	0	1	0	0	0	0
L1598161-R002	biblical_book	1Sam	20	40		4Q52	1606706	f6_7	11	1598161				books/DSS-1-Samuel.txt	2004542	4364	2011780-2011797	18	0	03cc4e96312ce8998861c619f6665beb045f0ce5995df15bd7e813d287a7d479	linguistics/books/DSS-1-Samuel-Linguistics.txt	2938842	7548	194dec4ef16412f3b0598291cff5e0c2c88bacb4030296288c426821a9aecd67	PARTLY_RECONSTRUCTED	50	43	15	0	28	20	0	0	1	0	0	0	0
L1598161-R003	biblical_book	1Sam	20	41		4Q52	1606706	f6_7	11	1598161				books/DSS-1-Samuel.txt	2008906	3557	2011798-2011811	14	1	9fa47e50e09b3dbe5b8e1a7157888a77680e90f3d8beb70de9382a600031594c	linguistics/books/DSS-1-Samuel-Linguistics.txt	2946390	5940	9b1ce5a17fe4d887d68a8b003f50f2fde9ef3b96d5113b32d8670b44f69cabd2	ALL_LETTER_SLOTS_RECONSTRUCTED	31	30	30	0	0	31	0	0	0	0	0	0	0
L1598162-R001	biblical_book	1Sam	20	41		4Q52	1606706	f6_7	12	1598162				books/DSS-1-Samuel.txt	2012463	4221	2011812-2011829	18	0	85df9881b118ef76cf081028cd03c17924963551b32d071bd7e1dafa3b623157	linguistics/books/DSS-1-Samuel-Linguistics.txt	2952330	7677	f1ba8ebba66a311e4d42f522b509bbb7d23c972fe63f8a724cbca860f759f183	PARTLY_RECONSTRUCTED	57	52	24	0	28	28	0	0	1	0	0	0	0
L1598162-R002	biblical_book	1Sam	20	42		4Q52	1606706	f6_7	12	1598162				books/DSS-1-Samuel.txt	2016684	2840	2011830-2011838	9	1	22b498705fc21f5037433e38ea3ff70570ac57f8b53d7e576f6fe4bf180f878a	linguistics/books/DSS-1-Samuel-Linguistics.txt	2960007	4174	f1048133df599ae91531cbe1c38667255ed3917585bdf0f2424be34394313b95	ALL_LETTER_SLOTS_RECONSTRUCTED	30	30	30	0	0	30	0	0	0	0	0	0	0
L1598163-R001	biblical_book	1Sam	20	42		4Q52	1606706	f6_7	13	1598163				books/DSS-1-Samuel.txt	2019524	5401	2011839-2011858	20	2	767bdeec95ac68d7134f0fe078b1b9d369fda93c137541beef8fa6a5635f8c12	linguistics/books/DSS-1-Samuel-Linguistics.txt	2964181	8554	0f134114b73e1c2105c5a87f61888e293495577d91bfe54c3770acea4a8d4358	PARTLY_RECONSTRUCTED	62	55	22	0	33	26	0	0	1	0	0	0	0
L1598164-R001	biblical_book	1Sam	21	1		4Q52	1606706	f6_7	14	1598164				books/DSS-1-Samuel.txt	2024925	2757	2011859-2011869	11	0	af25581d66c8d688e55ce10c9a054b1608be497f3e248f0cc831c1e6d3e52e86	linguistics/books/DSS-1-Samuel-Linguistics.txt	2972735	4719	f35a98ed97064e3cefece47861ba64c418a41f2d32643f7c8f0fd6951a8072f4	NO_LETTER_RECONSTRUCTION_MARKED	27	24	0	0	24	0	0	0	1	0	0	0	0
L1598164-R002	biblical_book	1Sam	21	2		4Q52	1606706	f6_7	14	1598164				books/DSS-1-Samuel.txt	2027682	4905	2011870-2011889	20	1	1f67d8af78a7190ca0d05df5c7c8e1d9e589e8edc1b5dcbe55fa16644654eb33	linguistics/books/DSS-1-Samuel-Linguistics.txt	2977454	8593	2b6a29ce31c3516468fd9609e7131100d5331cf47bc747c81da015e82e3960a5	PARTLY_RECONSTRUCTED	61	57	45	0	12	48	0	0	0	0	0	0	0
L1598165-R001	biblical_book	1Sam	21	2		4Q52	1606706	f6_7	15	1598165				books/DSS-1-Samuel.txt	2032587	1938	2011890-2011894	5	0	233e05876a6b80831351407d7b83644f8990cd90603aa866e79d4af5848b72b4	linguistics/books/DSS-1-Samuel-Linguistics.txt	2986047	2327	8434a8637c24c128cd14045382cb72c6a7c265b10befc65168edb8725723666f	NO_LETTER_RECONSTRUCTION_MARKED	13	10	0	0	10	0	0	0	1	0	0	0	0
L1598165-R002	biblical_book	1Sam	21	3		4Q52	1606706	f6_7	15	1598165				books/DSS-1-Samuel.txt	2034525	5663	2011895-2011919	25	1	145f235c08c9294d70176e9653b1d92b63a1c56e042cd07609bb44e7ae9c8957	linguistics/books/DSS-1-Samuel-Linguistics.txt	2988374	10593	2c45f64c2013601a435b0446e9c73650ae527d35a77c8a5c43c009d22b435970	PARTLY_RECONSTRUCTED	74	70	45	2	23	47	2	0	0	0	0	0	0
L1598166-R001	biblical_book	1Sam	21	3		4Q52	1606706	f6_7	16	1598166				books/DSS-1-Samuel.txt	2040188	2724	2011920-2011929	10	0	00c86408dd8e9c638e3b3bfc3e13dddd0642b49c3deb9291cb5af33470f6fa89	linguistics/books/DSS-1-Samuel-Linguistics.txt	2998967	4478	236b1dbe6712b7838f46a475c56fa2a62b799e67d77d916fef93e0907fc3c675	PARTLY_RECONSTRUCTED	31	29	1	1	27	3	1	0	1	0	0	0	0
L1598166-R002	biblical_book	1Sam	21	4		4Q52	1606706	f6_7	16	1598166				books/DSS-1-Samuel.txt	2042912	3730	2011930-2011944	15	0	b2e936a6481d48f709a2035a554e3b247005a87dbc5eb744baff039510d6af61	linguistics/books/DSS-1-Samuel-Linguistics.txt	3003445	6346	49a65dfcbf3255d27f5e1f65cf753432b0154a6748231c45cf9deddf09badec5	ALL_LETTER_SLOTS_RECONSTRUCTED	40	35	35	0	0	38	0	0	1	0	0	0	0
L1598166-R003	biblical_book	1Sam	21	5		4Q52	1606706	f6_7	16	1598166				books/DSS-1-Samuel.txt	2046642	2393	2011945-2011950	6	1	b6bc1edcc32e758d74e3d01b330346b51e7daf0e2ba1a13784a297f33cabcaf5	linguistics/books/DSS-1-Samuel-Linguistics.txt	3009791	2802	099d2be5cd01f9589616e323633c36f57f388fb56b45fab722c1e96bb2a88c14	PARTLY_RECONSTRUCTED	13	13	4	2	7	4	2	0	0	0	0	0	0
L1598167-R001	biblical_book	1Sam	21	5		4Q52	1606706	f6_7	17	1598167				books/DSS-1-Samuel.txt	2049035	5493	2011951-2011973	23	1	1d10f16b515dca983a9f71e422e10de7c1e8b833c0cb8b59694743e55a650bc3	linguistics/books/DSS-1-Samuel-Linguistics.txt	3012593	9650	21eb649d906b330d23fd87211fb9334e3b720034766181f58427a6117a4fb8de	PARTLY_RECONSTRUCTED	65	60	27	4	28	29	4	0	2	0	2	0	0
L1598167-R002	biblical_book	1Sam	21	6		4Q52	1606706	f6_7	17	1598167				books/DSS-1-Samuel.txt	2054528	1869	2011974-2011976	3	1	85b6c902182231cc1d970b0310ccb69e58df64d270974f241cce3d85c85e0570	linguistics/books/DSS-1-Samuel-Linguistics.txt	3022243	1603	6ae52624d966262648622853aa079e391a3103e9094eefbda9c488a367690ef4	ALL_LETTER_SLOTS_RECONSTRUCTED	7	7	7	0	0	7	0	0	0	0	0	0	0
L1598168-R001	biblical_book	1Sam	21	6		4Q52	1606706	f6_7	18	1598168				books/DSS-1-Samuel.txt	2056397	6159	2011977-2012005	29	1	eca0408bba36893764a2102b5e6966ef6658017b4a4ed6f9837762d2fbd95b59	linguistics/books/DSS-1-Samuel-Linguistics.txt	3023846	12053	824777ac9a112d1c1b3b2bf918930fe85911ab8dcc7d70c578a35b3981e632a9	PARTLY_RECONSTRUCTED	74	71	43	1	27	46	1	0	0	0	0	0	0
L1598169-R001	biblical_book	1Sam	21	6		4Q52	1606706	f6_7	19	1598169				books/DSS-1-Samuel.txt	2062556	2217	2012006-2012012	7	0	60ccfde04281e61cca698f370a8da339ab379521f938f5e119aa58b58c2fa588	linguistics/books/DSS-1-Samuel-Linguistics.txt	3035899	3133	753be7b2203734e2cc6ce32e027d36c1c4994e48d88da88130022a560ce8f547	PARTLY_RECONSTRUCTED	16	14	12	2	0	14	2	0	1	0	0	0	0
L1598169-R002	biblical_book	1Sam	21	7		4Q52	1606706	f6_7	19	1598169				books/DSS-1-Samuel.txt	2064773	5316	2012013-2012037	25	1	3306c0461fd4d4f739bb7cf75196eeab0d7da6ea17e80b599417e5888e1cddb7	linguistics/books/DSS-1-Samuel-Linguistics.txt	3039032	10322	0e15437d3b38e9215f851651b1f75d7db3941622952e01e90e421e6a5b9c358a	PARTLY_RECONSTRUCTED	59	58	42	1	15	43	1	0	0	0	0	0	0
L1598170-R001	biblical_book	1Sam	21	7		4Q52	1606706	f8	1	1598170				books/DSS-1-Samuel.txt	2070089	2007	2012038-2012042	5	0	5108f4f694d33b7efa0d0f2ea871bb880b6e6c8b5711ed492742602885c31095	linguistics/books/DSS-1-Samuel-Linguistics.txt	3049354	2331	aae7bb6cc222c84ee2becb9c68b68abc126131369eaffff7242a2aaa5825f46e	ALL_LETTER_SLOTS_RECONSTRUCTED	14	11	11	0	0	14	0	0	1	0	0	0	0
L1598170-R002	biblical_book	1Sam	21	8		4Q52	1606706	f8	1	1598170				books/DSS-1-Samuel.txt	2072096	4985	2012043-2012065	23	1	f0f9db635ac7b8316caff798ed438696e2f5fd1c1ffb59611b29d8d9e45a930d	linguistics/books/DSS-1-Samuel-Linguistics.txt	3051685	9655	fa36e3d06bdbb1e8d3223f6c6191e01b7faa501264f957b4c922b74c072c71fd	PARTLY_RECONSTRUCTED	60	59	55	1	3	56	1	0	0	0	0	0	0
L1598171-R001	biblical_book	1Sam	21	8		4Q52	1606706	f8	2	1598171				books/DSS-1-Samuel.txt	2077081	1562	2012066-2012068	3	0	0e37229a964f644b77fca7a982788c708a8a6ae31c0659f12cc050bf53489738	linguistics/books/DSS-1-Samuel-Linguistics.txt	3061340	1535	40876e1667db83eb7529a3fc74a9190b9dc4f043be90eba6c209839df87e9557	ALL_LETTER_SLOTS_RECONSTRUCTED	7	5	5	0	0	7	0	0	1	0	0	0	0
L1598171-R002	biblical_book	1Sam	21	9		4Q52	1606706	f8	2	1598171				books/DSS-1-Samuel.txt	2078643	5818	2012069-2012094	26	1	5444584e107c0eebacbbff215c7207b89a5d6a9483b52541fe1c07083009babb	linguistics/books/DSS-1-Samuel-Linguistics.txt	3062875	10951	5837453697c539e87cf0f62f1e8919c34ac8617d9c3db206163e6c8de1435bbc	PARTLY_RECONSTRUCTED	73	69	63	1	5	66	1	0	0	0	0	0	0
L1598172-R001	biblical_book	1Sam	21	9		4Q52	1606706	f8	3	1598172				books/DSS-1-Samuel.txt	2084461	1876	2012095-2012099	5	0	0a77320c054350707d5b4ec5d8197a6f2d1afc1d7e649e38e3f34300f49c93dc	linguistics/books/DSS-1-Samuel-Linguistics.txt	3073826	2356	21e4cab3c1b1f86402ea4148506cedda27f7557c1bac7634994ee5bccea8d35e	ALL_LETTER_SLOTS_RECONSTRUCTED	13	11	11	0	0	13	0	0	1	0	0	0	0
L1598172-R002	biblical_book	1Sam	21	10		4Q52	1606706	f8	3	1598172				books/DSS-1-Samuel.txt	2086337	5133	2012100-2012121	22	2	002d83e3969e452ba5dfecd19332b75a46fe52ef6ca89a57a7f799b267fcf865	linguistics/books/DSS-1-Samuel-Linguistics.txt	3076182	9303	d421aaf787d658ae8ad6b9fc9fe72c0d2a23276276f4fdcc3492224353c64ffb	PARTLY_RECONSTRUCTED	58	56	50	1	5	50	1	0	1	0	0	0	0
L1598173-R001	biblical_book	1Sam	22	8		4Q52	1606706	f9	1	1598173				books/DSS-1-Samuel.txt	2091470	2859	2012122-2012127	6	1	0fd251b33242534434fca29fef8776bddf2a16f26566987e6e8eca22e94289ea	linguistics/books/DSS-1-Samuel-Linguistics.txt	3085485	2817	101a9cfaa233fb366e499bfffa2d08836cf79133e04f1c2ad2207ab5d6c0f9db	PARTLY_RECONSTRUCTED	21	16	6	1	9	10	1	1	1	0	0	0	0
L1598174-R001	biblical_book	1Sam	22	8		4Q52	1606706	f9	2	1598174				books/DSS-1-Samuel.txt	2094329	2106	2012128-2012134	7	0	2aa54af7bfab850b7229534a88a09bb46b3c6af6d92d21d3e590073f77065885	linguistics/books/DSS-1-Samuel-Linguistics.txt	3088302	3051	cec8db3f4ef6ea2efc720ec10a90281c222164cdac6f37481912e32b806d4bdc	ALL_LETTER_SLOTS_RECONSTRUCTED	13	11	11	0	0	13	0	0	1	0	0	0	0
L1598174-R002	biblical_book	1Sam	22	9		4Q52	1606706	f9	2	1598174				books/DSS-1-Samuel.txt	2096435	5091	2012135-2012155	21	2	560163e7a8253ddef3e40f81aef4da3e51112f2188cd890edddca8a3e4c030fe	linguistics/books/DSS-1-Samuel-Linguistics.txt	3091353	8903	85b9df157754d09abf91e22aef961e8facb8acae5c56f3a80690d5bb1806ffa6	PARTLY_RECONSTRUCTED	59	56	51	0	5	51	0	0	1	0	0	0	0
L1598175-R001	biblical_book	1Sam	23	8		4Q52	1606706	f10_23	1	1598175				books/DSS-1-Samuel.txt	2101526	3847	2012156-2012172	17	0	3a661c9964747dd4e2e3cf28cba4912e35487028b21e393c65791851a08e0c4a	linguistics/books/DSS-1-Samuel-Linguistics.txt	3100256	7159	454f0dfdd910e8c39f9b91264319b757496532565887ace895baed734927a47b	PARTLY_RECONSTRUCTED	42	39	31	4	4	31	4	0	1	0	0	0	0
L1598175-R002	biblical_book	1Sam	23	9		4Q52	1606706	f10_23	1	1598175				books/DSS-1-Samuel.txt	2105373	3573	2012173-2012184	12	1	ec6379b93f6d5cb20cc4d85f46da4aa14bfcf21cf9c347ca287a7462be10206a	linguistics/books/DSS-1-Samuel-Linguistics.txt	3107415	5284	da92d6c5386f8d577838abf47f6764d658138bc4174ee7501dbdb21189f818bf	PARTLY_RECONSTRUCTED	35	31	10	2	15	10	4	0	1	0	4	2	0
L1598176-R001	biblical_book	1Sam	23	9		4Q52	1606706	f10_23	2	1598176				books/DSS-1-Samuel.txt	2108946	2774	2012185-2012192	8	0	31648e4b2141af10322c81fb943403ea2f18f415f34dc6df44eccf0ae74f999a	linguistics/books/DSS-1-Samuel-Linguistics.txt	3112699	3625	b0e686c861b8a301ca8c8795d16103488391e7f95f94e35b2fbcbd7f980aa6b2	PARTLY_RECONSTRUCTED	23	20	15	4	1	18	4	0	1	0	0	0	0
L1598176-R002	biblical_book	1Sam	23	10		4Q52	1606706	f10_23	2	1598176				books/DSS-1-Samuel.txt	2111720	3902	2012193-2012206	14	1	9a614994b5714beb557e877202f005f0881429ed308cf9c0d05901936804c350	linguistics/books/DSS-1-Samuel-Linguistics.txt	3116324	6265	8e1af00cd37c14a442f87a7b85769b76cb30e21cd047f037e0c4f4a4ec090d21	PARTLY_RECONSTRUCTED	45	44	21	1	22	21	1	0	0	0	0	0	0
L1598177-R001	biblical_book	1Sam	23	10		4Q52	1606706	f10_23	3	1598177				books/DSS-1-Samuel.txt	2115622	2715	2012207-2012215	9	0	8085abd4a65a2ca192870b448397911fc6f3a6d9a97f5bece6810e0e7a370d39	linguistics/books/DSS-1-Samuel-Linguistics.txt	3122589	4005	6fe583e882e5289c933f21c1afc92b4a7b3a1fa8059f2dccd31d16690c953688	PARTLY_RECONSTRUCTED	24	21	16	2	3	19	2	0	1	0	0	0	0
L1598177-R002	biblical_book	1Sam	23	11		4Q52	1606706	f10_23	3	1598177				books/DSS-1-Samuel.txt	2118337	4195	2012216-2012230	15	1	25900fc98d61f752bd047b58a4584347fda4d7eb6bb53ba61c2b1da460f2e663	linguistics/books/DSS-1-Samuel-Linguistics.txt	3126594	6644	332bb0c12b8c44f9205424e83a18118ad8a4672aff9291ae7fa34f5a471510e4	PARTLY_RECONSTRUCTED	49	46	28	2	16	29	2	0	0	0	0	0	0
L1598178-R001	biblical_book	1Sam	23	11		4Q52	1606706	f10_23	4	1598178				books/DSS-1-Samuel.txt	2122532	1992	2012231-2012235	5	0	902c71cbe04891f4797b288e1cde243eb00f6ff69e3565e6e57006b8f7348e62	linguistics/books/DSS-1-Samuel-Linguistics.txt	3133238	2343	63787e458a97097cc718cf161b0c2da98b97609cb6126a4a5f3cc70c25786b78	PARTLY_RECONSTRUCTED	14	12	8	1	3	10	1	0	1	0	0	0	0
L1598178-R002	biblical_book	1Sam	23	12		4Q52	1606706	f10_23	4	1598178				books/DSS-1-Samuel.txt	2124524	4887	2012236-2012254	19	1	80faa3806ecf89762c85fd5ce77931b58849233b79903b9b154304a83ec7901c	linguistics/books/DSS-1-Samuel-Linguistics.txt	3135581	8104	19e2abe2a787744cfcf2564da0a7bce8abf8669c2e320a54848c4f69a6bc6c56	PARTLY_RECONSTRUCTED	60	56	41	0	15	43	0	0	1	0	0	0	0
L1598178-R003	biblical_book	1Sam	23	13		4Q52	1606706	f10_23	4	1598178				books/DSS-1-Samuel.txt	2129411	1696	2012255-2012256	2	1	09324c979394829cc1f47163a6672d49c6677e8fa9b9660d55c6da54e1aff62e	linguistics/books/DSS-1-Samuel-Linguistics.txt	3143685	1159	4ad9501c8dc2463324b079637e3cf213b5fbb535bbea8fae73ba2dde0e4826ae	NO_LETTER_RECONSTRUCTION_MARKED	4	4	0	0	4	0	0	0	0	0	0	0	0
L1598179-R001	biblical_book	1Sam	23	13		4Q52	1606706	f10_23	5	1598179				books/DSS-1-Samuel.txt	2131107	5794	2012257-2012281	25	1	d6ca9f6b49972c4e25c017f589f8887045d70f4029f3dc6afd8a219bdf62bd69	linguistics/books/DSS-1-Samuel-Linguistics.txt	3144844	10700	786aaf26fe337d728b5c17553031f8a3c75f4a02174352a4dd1c8c082ba53144	PARTLY_RECONSTRUCTED	74	73	51	4	18	51	4	0	0	0	0	0	0
L1598180-R001	biblical_book	1Sam	23	13		4Q52	1606706	f10_23	6	1598180				books/DSS-1-Samuel.txt	2136901	1910	2012282-2012286	5	0	f3006a912129a5537f88928208b9931751d6d6f98cb7fa629063a401c71cebf7	linguistics/books/DSS-1-Samuel-Linguistics.txt	3155544	2316	0c30cb876afcac079ab9d2dc9407adb5ef03bc6e5646a26ec59beffdf1f7c519	PARTLY_RECONSTRUCTED	11	9	4	3	2	6	3	0	1	0	0	0	0
L1598180-R002	biblical_book	1Sam	23	14		4Q52	1606706	f10_23	6	1598180				books/DSS-1-Samuel.txt	2138811	5936	2012287-2012313	27	1	7795b11172ab4b3eb5c01b068580afd6bf8b2e10eef20f8b5ebd84066e231ac7	linguistics/books/DSS-1-Samuel-Linguistics.txt	3157860	11189	3d149e284614136e70b2273b9455208b78ca287003f28278074a7e77afeaa54a	PARTLY_RECONSTRUCTED	69	64	44	1	19	46	1	0	1	0	0	0	0
L1598181-R001	biblical_book	1Sam	23	15		4Q52	1606706	f10_23	7	1598181				books/DSS-1-Samuel.txt	2144747	4027	2012314-2012331	18	0	17784860ac3c7f1aa5046c682dc8b31565732c31920b9fb9c6d345b34e32b427	linguistics/books/DSS-1-Samuel-Linguistics.txt	3169049	7717	deefeb6b61e7d2512016d761fe39deddc35fb158b7b380b369a80e3086aaa697	PARTLY_RECONSTRUCTED	46	43	30	0	13	32	0	0	1	0	0	0	0
L1598181-R002	biblical_book	1Sam	23	16		4Q52	1606706	f10_23	7	1598181				books/DSS-1-Samuel.txt	2148774	2908	2012332-2012340	9	1	34168f3dc699bea75c921e86bf1e5a1be017e0d0cfee4ce6baa627846a9337c9	linguistics/books/DSS-1-Samuel-Linguistics.txt	3176766	4093	1debb656720216d6495380e4e47bb15999ef605f0257b2bc867d38565b7a9c73	PARTLY_RECONSTRUCTED	24	24	19	3	2	19	3	0	0	0	0	0	0
L1598182-R001	biblical_book	1Sam	23	16		4Q52	1606706	f10_23	8	1598182				books/DSS-1-Samuel.txt	2151682	2484	2012341-2012348	8	0	a2daa908e27e83d554dc591e66b098222042166f07104ea5516ff28ddfe35db4	linguistics/books/DSS-1-Samuel-Linguistics.txt	3180859	3573	9b504a60c9b12ee63898161258d11b3009949806fd7ab5f3348fb247d670a75d	PARTLY_RECONSTRUCTED	22	19	18	0	1	19	0	0	1	0	0	0	0
L1598182-R002	biblical_book	1Sam	23	17		4Q52	1606706	f10_23	8	1598182				books/DSS-1-Samuel.txt	2154166	4608	2012349-2012363	15	2	826a45e8051944904279781d5e85f5b7b2bfe5e2b3a861c93b46a437b880a31b	linguistics/books/DSS-1-Samuel-Linguistics.txt	3184432	6460	cfa8bf449945801d7ee3d3ef8b0156b256926f6207598f40d4bf31c951b91ce6	PARTLY_RECONSTRUCTED	46	43	27	1	15	29	1	0	0	0	0	0	0
L1598183-R001	biblical_book	1Sam	23	17		4Q52	1606706	f10_23	9	1598183				books/DSS-1-Samuel.txt	2158774	3496	2012364-2012377	14	0	85dbf589241a6a34508bb8305fb1647dc999411e79c14bb9a0263d05de613ca1	linguistics/books/DSS-1-Samuel-Linguistics.txt	3190892	6077	91b3242913875af7e2e2e5ed3eb52c9d3f499ce5aa4ac2669cdcc10233b35069	ALL_LETTER_SLOTS_RECONSTRUCTED	40	36	36	0	0	40	0	0	1	0	0	0	0
L1598183-R002	biblical_book	1Sam	23	18		4Q52	1606706	f10_23	9	1598183				books/DSS-1-Samuel.txt	2162270	3459	2012378-2012384	7	3	f5547cc29e76d16881be32ed059a9e35e1989886519b6965128818b1effac130	linguistics/books/DSS-1-Samuel-Linguistics.txt	3196969	3329	b7cadf73d2be6b71bbc4047d34e1afbaf8fc36da199d66a86fd64ad03947a52e	PARTLY_RECONSTRUCTED	24	23	20	2	1	21	2	0	0	0	0	0	0
L1598184-R001	biblical_book	1Sam	23	18		4Q52	1606706	f10_23	10	1598184				books/DSS-1-Samuel.txt	2165729	3334	2012385-2012395	11	1	660fac8c63b822baf98179ed1a271a445e33591d916d37880190951efa086829	linguistics/books/DSS-1-Samuel-Linguistics.txt	3200298	4835	5b4fd7f3e7c61793d9771fd8ee0bfd59218f700224c4517431bbe5f84873a27f	ALL_LETTER_SLOTS_RECONSTRUCTED	29	26	26	0	0	29	0	0	1	0	0	0	0
L1598184-R002	biblical_book	1Sam	23	19		4Q52	1606706	f10_23	10	1598184				books/DSS-1-Samuel.txt	2169063	3595	2012396-2012407	12	1	bc74d64d075b3cdc9e11dd686fa92bccb7587cbd51ca07ecb915682ccb2ae70a	linguistics/books/DSS-1-Samuel-Linguistics.txt	3205133	5359	6ed74819a9453e69345e5c623b80953b3a384727702a66c0e1af439ca5074c9b	PARTLY_RECONSTRUCTED	39	37	24	3	10	25	3	0	0	0	0	0	0
L1598185-R001	biblical_book	1Sam	23	19		4Q52	1606706	f10_23	11	1598185				books/DSS-1-Samuel.txt	2172658	3374	2012408-2012421	14	0	57ad5e717212acf4e9345d7e3a51a2ecd78cf5d1f706ac12e41b7befcaf5b417	linguistics/books/DSS-1-Samuel-Linguistics.txt	3210492	6176	616f8f500309c7aa959e7857cbcd6cc899545d342ccb2913a0fdea8fcdf98e26	PARTLY_RECONSTRUCTED	37	35	31	2	2	33	2	0	1	0	0	0	0
L1598185-R002	biblical_book	1Sam	23	20		4Q52	1606706	f10_23	11	1598185				books/DSS-1-Samuel.txt	2176032	3920	2012422-2012435	14	1	8d1517998c5c7fc3551c5885b6e4d830d0f8bd88d108e6b6f10d88a4a6352d13	linguistics/books/DSS-1-Samuel-Linguistics.txt	3216668	5999	d6c45d7e5a0108a7e8d00fe69624ca470e449746aefa759b7218915e949a9c2e	PARTLY_RECONSTRUCTED	38	35	20	0	15	21	0	0	0	0	0	0	0
L1598186-R001	biblical_book	1Sam	23	20		4Q52	1606706	f10_23	12	1598186				books/DSS-1-Samuel.txt	2179952	1564	2012436-2012438	3	0	034ea6a46a03168e17bc2ab6c8eaefc4310010576ec8e31e9a749e1708913b65	linguistics/books/DSS-1-Samuel-Linguistics.txt	3222667	1537	fa3661edf3f2edf2813041e3f442ab7f9e60508149a5db76fd41919dae1ae4f0	ALL_LETTER_SLOTS_RECONSTRUCTED	6	4	4	0	0	6	0	0	1	0	0	0	0
L1598186-R002	biblical_book	1Sam	23	21		4Q52	1606706	f10_23	12	1598186				books/DSS-1-Samuel.txt	2181516	2913	2012439-2012449	11	0	f14640d5f2ea9fb74cb0898c475d81a02ff150ce60b1595810dc35ef39ce8733	linguistics/books/DSS-1-Samuel-Linguistics.txt	3224204	4849	d7097ed0f9fd7f67d74b50a12394942912116553e9e6fda890e33eaf40015496	PARTLY_RECONSTRUCTED	35	33	27	2	4	29	2	0	1	0	0	0	0
L1598186-R003	biblical_book	1Sam	23	22		4Q52	1606706	f10_23	12	1598186				books/DSS-1-Samuel.txt	2184429	3400	2012450-2012460	11	1	1d6c28d9abc239204e65333f884963532974ebe44578e1d60490f3ff673a8986	linguistics/books/DSS-1-Samuel-Linguistics.txt	3229053	4841	6f95e53154dfefc4040574ebfc2dfd85cfc3ff655c503093aef5f2afd1b6b9d7	PARTLY_RECONSTRUCTED	31	30	26	2	2	27	2	0	0	0	0	0	0
L1598187-R001	biblical_book	1Sam	23	22		4Q52	1606706	f10_23	13	1598187				books/DSS-1-Samuel.txt	2187829	3082	2012461-2012470	10	0	fae69573f0fc0879d7f4a0ecaaccf5a347fa9babf3ae424b1571baeded2a54af	linguistics/books/DSS-1-Samuel-Linguistics.txt	3233894	4435	c27a2916d7f97bcad0f308467ddfaaadcacb3897e3c4d93d7f65077fdc6deac7	PARTLY_RECONSTRUCTED	31	27	21	2	4	24	2	0	1	0	0	0	0
L1598187-R002	biblical_book	1Sam	23	23		4Q52	1606706	f10_23	13	1598187				books/DSS-1-Samuel.txt	2190911	3295	2012471-2012481	11	1	c5f0dd4965612b1f997e6d5df586ba9fd8011bac62980850118bb6006e0a0fec	linguistics/books/DSS-1-Samuel-Linguistics.txt	3238329	4738	d3d82fc479a8d16de6b87e2560f96d67312688c32dddc4f90e49c167c2b49c80	PARTLY_RECONSTRUCTED	28	24	21	2	1	23	2	1	2	0	0	0	0
L1598188-R001	biblical_book	1Sam	25	30		4Q53	1606707	f1	1	1598188				books/DSS-1-Samuel.txt	2194256	4491	2012482-2012498	17	1	0ab2b3aed8ace80661931e7d42966ed35af4043b5db1ef957055ea422ec1e64e	linguistics/books/DSS-1-Samuel-Linguistics.txt	3243117	7261	c7d771ed8b70e35031ab569f657f66defae7205d2cbba4f115d1ee4890db9e68	PARTLY_RECONSTRUCTED	51	48	33	3	12	35	3	0	0	0	0	0	0
L1598189-R001	biblical_book	1Sam	25	30		4Q53	1606707	f1	2	1598189				books/DSS-1-Samuel.txt	2198747	1888	2012499-2012503	5	0	12ffaba51b764fa33160434a9fba0f1d401c2ea2fadb29b0187b1c73158eadff	linguistics/books/DSS-1-Samuel-Linguistics.txt	3250378	2415	03129766de900290551e23b01301ee456c78c8e436f225f58aca58a0e3a8caa8	ALL_LETTER_SLOTS_RECONSTRUCTED	14	12	12	0	0	14	0	0	1	0	0	0	0
L1598189-R002	biblical_book	1Sam	25	31		4Q53	1606707	f1	2	1598189				books/DSS-1-Samuel.txt	2200635	4154	2012504-2012518	15	1	4fbf14d46c6b69a9a08cb6bdc9cd81338050947f9c1228698d04953464f400b4	linguistics/books/DSS-1-Samuel-Linguistics.txt	3252793	6448	09644492500cdeecb2ac350ccc1fc1ede5fb56e16f79f5faf0edff3dafc3bd95	PARTLY_RECONSTRUCTED	40	38	16	5	17	17	5	0	0	0	0	1	0
L1598190-R001	biblical_book	1Sam	25	31		4Q53	1606707	f1	3	1598190				books/DSS-1-Samuel.txt	2204789	4914	2012519-2012536	18	1	1954bbdfba30259a7b177d44b5f95ff1acfbc3daf47627285c9a38375085ea89	linguistics/books/DSS-1-Samuel-Linguistics.txt	3259241	7629	82dac2271f173d7b0d2eec56766777ca492b7ae6a0e2247673ad41eed35f894f	PARTLY_RECONSTRUCTED	57	51	31	5	15	34	5	0	1	0	0	0	0
L1598191-R001	biblical_book	1Sam	25	32		4Q53	1606707	f1	4	1598191				books/DSS-1-Samuel.txt	2209703	2194	2012537-2012540	4	1	e158e6821aa84f61dcf5b09991f4efc38fd99a5ff7245c2f139c585ddc51791c	linguistics/books/DSS-1-Samuel-Linguistics.txt	3266870	1890	c5c6cf971d50247675ac279e6072e4a44f0f1bf95de2a5ce396cc026f9149308	NO_LETTER_SLOTS	14	0	0	0	0	5	7	2	4	0	0	0	0
