record_id	kind	book	chapter	verse	halfverse	scroll	scroll_node	fragment	line	line_node	intl	language	script	file	byte_offset	byte_length	word_nodes	word_count	standalone_sign_count	sha256	linguistics_file	linguistics_byte_offset	linguistics_byte_length	linguistics_sha256	letter_reconstruction	sign_slots	letter_slots	reconstructed_letter_slots	uncertain_letter_slots	unmarked_letter_slots	reconstructed_sign_slots	uncertain_sign_slots	missing_sign_slots	empty_sign_slots	vacat_sign_slots	corrected_sign_slots	removed_sign_slots	alternative_sign_slots
L1590048-R001	biblical_book	2Sam	20	6		1Q7	1606612	f2	1	1590048				books/DSS-2-Samuel.txt	733	2671	1894595-1894602	8	0	d59dd0fcdfe4859b76f0e8e9426bdd6d2616d428207317691c3d082a82632078	linguistics/books/DSS-2-Samuel-Linguistics.txt	2142	3596	aec33234ad380fb392ec2a068dc9d7aeb1b379ef4118b871a4d5cc58f24b0bf1	PARTLY_RECONSTRUCTED	28	24	22	0	2	26	0	0	1	0	0	0	0
L1590048-R002	biblical_book	2Sam	20	7		1Q7	1606612	f2	1	1590048				books/DSS-2-Samuel.txt	3404	3311	1894603-1894613	11	1	53dfb84f1c91077db82c521cd69bd941ead141ea0e44bed3009f51638b874a71	linguistics/books/DSS-2-Samuel-Linguistics.txt	5738	4820	9638f8840010b892bbe8e6d3b86e108c892401142821e456a28977794ef965a6	PARTLY_RECONSTRUCTED	31	30	24	1	5	25	1	0	0	0	0	0	0
L1590049-R001	biblical_book	2Sam	20	7		1Q7	1606612	f2	2	1590049				books/DSS-2-Samuel.txt	6715	3485	1894614-1894628	15	0	64861397a02431eb271455b55ce045e41eca95ee581fbd5e93f7b8e6d6ce2a97	linguistics/books/DSS-2-Samuel-Linguistics.txt	10558	6460	372e37a4fd73af01eb47e58ef45d4e4cbc723855997f89919176ee5f169e4301	PARTLY_RECONSTRUCTED	40	38	31	1	6	33	1	0	1	0	0	0	0
L1590049-R002	biblical_book	2Sam	20	8		1Q7	1606612	f2	2	1590049				books/DSS-2-Samuel.txt	10200	2491	1894629-1894635	7	1	4a1b5f55a03855719282b901bc607262b29a5a5471d32e1aa7d52f4ce0634dba	linguistics/books/DSS-2-Samuel-Linguistics.txt	17018	3177	4559e553c490f8d1f1efde61f7e8fe6ce2fc1e3366846a6fadcbd8c196b7adb9	PARTLY_RECONSTRUCTED	18	18	12	1	5	12	1	0	0	0	0	0	0
L1590050-R001	biblical_book	2Sam	20	8		1Q7	1606612	f2	3	1590050				books/DSS-2-Samuel.txt	12691	1991	1894636-1894640	5	0	6258e0e2c9362dbb7722c61a60f64cded9c770207203ebd17583856ee1b8c21f	linguistics/books/DSS-2-Samuel-Linguistics.txt	20195	2362	eb8993a146a2eabc82ed58d710fa2c7df77f7772e81884066a28a83a2fb2c5fa	PARTLY_RECONSTRUCTED	12	10	2	2	6	2	2	0	1	0	0	0	0
L1590050-R002	biblical_book	2Sam	20	9		1Q7	1606612	f2	3	1590050				books/DSS-2-Samuel.txt	14682	4170	1894641-1894657	17	1	f2bda3f56b67e558c8810c87433c5de5b72248b2c53d7c5c3542b6e5294c69f8	linguistics/books/DSS-2-Samuel-Linguistics.txt	22557	7333	709ee70562e856f4537d0a90102d8511fcd39edf728e42b9da0820c7ff68d103	PARTLY_RECONSTRUCTED	49	48	27	1	20	27	1	0	0	0	0	0	0
L1590051-R001	biblical_book	2Sam	20	9		1Q7	1606612	f2	4	1590051				books/DSS-2-Samuel.txt	18852	1891	1894658-1894661	4	0	063d621cb9d644a79b0cc71f8b148a25f8dfc667ab091a111aedc1359def67b0	linguistics/books/DSS-2-Samuel-Linguistics.txt	29890	1896	71676f71a8cdfee9ed9c84f1e184501bea529d528e3ad53851b53866c22f9a32	PARTLY_RECONSTRUCTED	10	6	3	0	3	6	0	0	2	0	0	0	0
L1590051-R002	biblical_book	2Sam	20	10		1Q7	1606612	f2	4	1590051				books/DSS-2-Samuel.txt	20743	4550	1894662-1894680	19	1	265ad38db21305e2feafd21a456162e053809f7719b8fa49a890cd351642de22	linguistics/books/DSS-2-Samuel-Linguistics.txt	31786	7938	f0db02081c419af27360e0f30f8c5410de3a1213a3291037d26fdb32d6a00ff5	PARTLY_RECONSTRUCTED	49	45	37	0	8	38	0	0	1	0	0	0	0
L1590052-R001	biblical_book	2Sam	21	16		1Q7	1606612	f3	1	1590052				books/DSS-2-Samuel.txt	25293	4875	1894681-1894700	20	1	118537be34f3ad7edb55106e62ae431d20590f884885b9bb716de099c7aa5ecf	linguistics/books/DSS-2-Samuel-Linguistics.txt	39724	8602	86f567399fac59c45cdaeeaa2ce43f6c8dd6368a076c692343b8ff621868ac4b	PARTLY_RECONSTRUCTED	59	56	40	5	11	41	5	0	1	0	0	0	0
L1590053-R001	biblical_book	2Sam	21	17		1Q7	1606612	f3	2	1590053				books/DSS-2-Samuel.txt	30168	5352	1894701-1894722	22	1	329d936d2a6ee2106a5e226ad801856f021d844ad2fe2f65691c8b2a851cca7f	linguistics/books/DSS-2-Samuel-Linguistics.txt	48326	9370	a674a28b0352b585d483961369ea9f99e8bffc3ddefdd1fc425e49780103cec4	PARTLY_RECONSTRUCTED	65	63	23	2	38	23	2	0	0	0	0	0	0
L1590054-R001	biblical_book	2Sam	21	17		1Q7	1606612	f3	3	1590054				books/DSS-2-Samuel.txt	35520	3429	1894723-1894732	10	2	c66356b9787f400ddea77d33d8ba3070d885bad0a34037166f9a66be34eae44b	linguistics/books/DSS-2-Samuel-Linguistics.txt	57696	4425	909f949a3b0e325eeeb0ea095f4ab91062815822ce711174a2de7a5e321ab602	PARTLY_RECONSTRUCTED	29	26	8	1	17	8	1	0	1	0	0	0	0
L1590055-R001	biblical_book	2Sam	21	18		1Q7	1606612	f3	4	1590055				books/DSS-2-Samuel.txt	38949	4872	1894733-1894755	23	0	8263b92dcc0d24e77967fd8d6dbf98ae03555d2365e093788e8f34213a10f0ce	linguistics/books/DSS-2-Samuel-Linguistics.txt	62121	9771	7aeab2a3bbda6ba4d02f46d593ea5531f7dec8e1cd11c6ecb4ec081ede11d3d8	PARTLY_RECONSTRUCTED	63	63	28	5	30	28	5	0	0	0	0	0	0
L1590056-R001	biblical_book	2Sam	21	18		1Q7	1606612	f3	5	1590056				books/DSS-2-Samuel.txt	43821	1547	1894756-1894758	3	0	5b6d9368f5b5313d7cf0fd4a30d026efa9dbeded1aed650c72a825b2b0b6ecaf	linguistics/books/DSS-2-Samuel-Linguistics.txt	71892	1515	0e04c46630ab4ee4803438dcc10e8b35bc1507174edff7ede85208cf9650a19e	ALL_LETTER_SLOTS_RECONSTRUCTED	6	4	4	0	0	6	0	0	1	0	0	0	0
L1590056-R002	biblical_book	2Sam	21	19		1Q7	1606612	f3	5	1590056				books/DSS-2-Samuel.txt	45368	2370	1894759-1894764	6	1	223f3bcf23076e558626f178137bde1ee28e8a4c99fee625f1baf45617e32c58	linguistics/books/DSS-2-Samuel-Linguistics.txt	73407	2563	dc569683ba77237d0fc46dee8d6cbbe58ad254ae360216c60571615b98b5630e	NO_LETTER_RECONSTRUCTION_MARKED	10	2	0	0	2	6	0	3	4	0	0	0	0
L1590057-R001	biblical_book	2Sam	23	9		1Q7	1606612	f4	1	1590057				books/DSS-2-Samuel.txt	47738	4113	1894765-1894778	14	1	ba43f04a60bfb6d8e9b0cc9ea30e53e9d0a23efc094142c3440aed6c5faee13d	linguistics/books/DSS-2-Samuel-Linguistics.txt	75970	6367	754bb9176abc6f98ac61cae875960946af5759cc2889849687a52d505c893a22	PARTLY_RECONSTRUCTED	48	47	26	6	15	27	6	0	0	0	0	0	0
L1590058-R001	biblical_book	2Sam	23	9		1Q7	1606612	f4	2	1590058				books/DSS-2-Samuel.txt	51851	2212	1894779-1894785	7	0	242cca53e66fab732f22e625c839454e1a507aff7bac0d370d86da935cc3dbe8	linguistics/books/DSS-2-Samuel-Linguistics.txt	82337	3230	2e5ff761c843be256927a39e7592433b440ecd3b02e33f588fb325992d623920	PARTLY_RECONSTRUCTED	21	19	1	0	18	1	0	0	1	0	0	0	0
L1590058-R002	biblical_book	2Sam	23	10		1Q7	1606612	f4	2	1590058				books/DSS-2-Samuel.txt	54063	3680	1894786-1894799	14	1	09f112e4e181d564c3157ff0a2d5d0b67578ee05a81028f6c67b46a81387710d	linguistics/books/DSS-2-Samuel-Linguistics.txt	85567	5991	8228f827ee8067816cc09da1268e815aa4077a25d63ab09932e2d3f844afbb58	NO_LETTER_RECONSTRUCTION_MARKED	38	36	0	2	34	0	2	0	0	0	0	0	0
L1590059-R001	biblical_book	2Sam	23	10		1Q7	1606612	f4	3	1590059				books/DSS-2-Samuel.txt	57743	4585	1894800-1894820	21	1	9ab7214210fd624eff143df1c2bf85d512a3bb4a5575d3321649ace6df3ccf18	linguistics/books/DSS-2-Samuel-Linguistics.txt	91558	8723	052b79d69ffb2b2ed41fc3bfa25c01e42036944f12e2cb0fd1ed82b4e2791fcf	PARTLY_RECONSTRUCTED	55	52	1	1	50	1	1	0	1	0	0	0	0
L1590060-R001	biblical_book	2Sam	23	11		1Q7	1606612	f4	4	1590060				books/DSS-2-Samuel.txt	62328	4329	1894821-1894838	18	1	74ecddf290f972fe906041fa3db81cb1f18ef31e57404d076728b3ad4ee9f790	linguistics/books/DSS-2-Samuel-Linguistics.txt	100281	7802	7099066dfa1e42a6f3ab2a43a57e2f4418e6ef93f3fcab97e0fd904bb0b0d180	PARTLY_RECONSTRUCTED	53	52	4	1	47	4	1	0	0	0	0	0	0
L1590061-R001	biblical_book	2Sam	23	11		1Q7	1606612	f4	5	1590061				books/DSS-2-Samuel.txt	66657	2701	1894839-1894847	9	0	1e7eb5f7290ee5273182b3b7c8ebd0ff08aaba1c9a47fb4da736642520924202	linguistics/books/DSS-2-Samuel-Linguistics.txt	108083	4027	cb636509bd05ae425fe30b3e0747ff657467ea4b2c739da32883d5971ccc0ae6	PARTLY_RECONSTRUCTED	23	21	10	3	8	10	3	0	1	0	0	0	0
L1590061-R002	biblical_book	2Sam	23	12		1Q7	1606612	f4	5	1590061				books/DSS-2-Samuel.txt	69358	3920	1894848-1894860	13	1	be72c55d44da46f0d3db8cdf88a66ac153ee15b2895349dcebb58194bcada610	linguistics/books/DSS-2-Samuel-Linguistics.txt	112110	5663	b8766cb495cada59b48a8fb88818b3f955f4c16a003ad2f17afd05eeba6cd7d9	PARTLY_RECONSTRUCTED	36	33	19	2	11	20	2	0	1	0	1	0	0
L1597481-R001	biblical_book	2Sam	1	4		4Q51	1606703	f50	1	1597481				books/DSS-2-Samuel.txt	73328	4221	2002594-2002611	18	1	5fc0fe05d61d5f4d1bdc0ce2ad43d89297484b7539c63ab983130fc44bcde21e	linguistics/books/DSS-2-Samuel-Linguistics.txt	117823	7442	0c300fce5a9fadf3ee3a39ee298c156ccf7b991b072738d5e80792fb0f8f5ace	PARTLY_RECONSTRUCTED	39	38	36	1	1	37	1	0	0	0	0	0	0
L1597482-R001	biblical_book	2Sam	1	4		4Q51	1606703	f50	2	1597482				books/DSS-2-Samuel.txt	77549	3477	2002612-2002626	15	0	eec7b2b8e7ae7d50f1c08d4506c77b8ff19372520b08f52a348a04bfd24ddd93	linguistics/books/DSS-2-Samuel-Linguistics.txt	125265	6361	bf5721ebb449ba430539814f8699249f6dd65558622c74874207a92a707a78e3	PARTLY_RECONSTRUCTED	40	37	31	1	5	34	1	0	1	0	0	0	0
L1597482-R002	biblical_book	2Sam	1	5		4Q51	1606703	f50	2	1597482				books/DSS-2-Samuel.txt	81026	1711	2002627-2002628	2	1	7d409404c0cd0a322cd2300b7bd24eef0203ad0e37ed2e9758fb68bf6310c658	linguistics/books/DSS-2-Samuel-Linguistics.txt	131626	1164	dd39e813cefca24327aac3b8acd59f012d4007401cc913c84ae77191935624f1	ALL_LETTER_SLOTS_RECONSTRUCTED	5	5	5	0	0	5	0	0	0	0	0	0	0
L1597483-R001	biblical_book	2Sam	1	5		4Q51	1606703	f50	3	1597483				books/DSS-2-Samuel.txt	82737	4186	2002629-2002644	16	1	0691ef6766d988401c79b18b8d58229b057c9570e1d2e63134ed44debf4e622a	linguistics/books/DSS-2-Samuel-Linguistics.txt	132790	6836	99b8d2254962a5c0b54c509ee1e98cda2fc8f7b97a1af4396f76e4d329425b4c	PARTLY_RECONSTRUCTED	46	42	40	2	0	42	2	0	1	0	0	0	0
L1597484-R001	biblical_book	2Sam	1	10		4Q51	1606703	f51	1	1597484				books/DSS-2-Samuel.txt	86923	2790	2002645-2002652	8	0	ae436adfcaa63fdca96d75acfa4c754e1a0a941fc23f1b5b6c3d7a691dd9f08e	linguistics/books/DSS-2-Samuel-Linguistics.txt	139626	3660	8ee5977a10f0c9da109c43ebd62fdd4e636d611a1b9535209be9513bc64256ee	PARTLY_RECONSTRUCTED	26	21	18	0	3	23	0	0	1	0	0	0	0
L1597484-R002	biblical_book	2Sam	1	11		4Q51	1606703	f51	1	1597484				books/DSS-2-Samuel.txt	89713	2313	2002653-2002657	5	1	ce467480300263e61458a2612f5cc17a6543b3c9d99e733bef4faafee7a7b0c9	linguistics/books/DSS-2-Samuel-Linguistics.txt	143286	2439	f202f8a5ac59eb0b9ffa74f58ad65dfd5562de97f1711da810b4e91377e79efb	ALL_LETTER_SLOTS_RECONSTRUCTED	16	15	15	0	0	16	0	0	0	0	0	0	0
L1597485-R001	biblical_book	2Sam	1	11		4Q51	1606703	f51	2	1597485				books/DSS-2-Samuel.txt	92026	2836	2002658-2002667	10	0	a28c0029231695e547f0469ddbe34eba1a56a01f21a763b7fd41238524e42e96	linguistics/books/DSS-2-Samuel-Linguistics.txt	145725	4326	66e637d095d28eff98229ea845a0326dac2deede49c078df0184118330bd49a5	PARTLY_RECONSTRUCTED	28	24	20	0	4	23	0	0	1	0	0	0	0
L1597485-R002	biblical_book	2Sam	1	12		4Q51	1606703	f51	2	1597485				books/DSS-2-Samuel.txt	94862	2017	2002668-2002671	4	1	0019237df82a5cb1963dca89ed11cd0c053479afe5faa1b01825c69c91b32aa8	linguistics/books/DSS-2-Samuel-Linguistics.txt	150051	1948	97673f6c0faafc2e71f99d0c10c9e3549b160b8f02c9507a213e007e95c6fed9	ALL_LETTER_SLOTS_RECONSTRUCTED	11	11	11	0	0	11	0	0	0	0	0	0	0
L1597486-R001	biblical_book	2Sam	1	12		4Q51	1606703	f51	3	1597486				books/DSS-2-Samuel.txt	96879	3991	2002672-2002687	16	1	96e70d64cab11d6529311b9fe7c687fef99c6506bcaf05b27b92f6a6c4878af5	linguistics/books/DSS-2-Samuel-Linguistics.txt	151999	6793	50e770afef090233f6cb2063457c299505edebbde06ebfbf4545e26f8a2fa8c4	PARTLY_RECONSTRUCTED	39	39	33	2	4	33	2	0	0	0	0	0	0
L1597487-R001	biblical_book	2Sam	1	12		4Q51	1606703	f51	4	1597487				books/DSS-2-Samuel.txt	100870	3232	2002688-2002694	7	2	7481e06a0722526f07806b08a4e674d3f7d9b7dc552271ab959668676d6d24c9	linguistics/books/DSS-2-Samuel-Linguistics.txt	158792	3286	bbfe63f4ee4b1c0e34e29b2dc36f31682082a1acef97ed7995055032ea43892b	PARTLY_RECONSTRUCTED	19	17	6	3	8	8	3	0	1	0	0	0	0
L1597488-R001	biblical_book	2Sam	1	13		4Q51	1606703	f51	5	1597488				books/DSS-2-Samuel.txt	104102	3940	2002695-2002709	15	1	befdf8d8e461dadba57e898eeacad7aff764a2a42b25ddf7fd66f9720481ab03	linguistics/books/DSS-2-Samuel-Linguistics.txt	162078	6319	f01d5f51bea3276b0ff52e63734c5cd6d5388169359dce20ba94ce6d4798135a	PARTLY_RECONSTRUCTED	36	35	26	2	7	27	2	0	0	0	0	0	0
L1597489-R001	biblical_book	2Sam	1	13		4Q51	1606703	f51	6	1597489				books/DSS-2-Samuel.txt	108042	2667	2002710-2002716	7	1	c638f074c6250f5a5dccebc76d2884bc0c31e13751bd77d6bc74e78184e653d3	linguistics/books/DSS-2-Samuel-Linguistics.txt	168397	3229	d7267cdc3e738cc68318f5af4c932f21e5190724fc17b2eec25091523ab3ad70	PARTLY_RECONSTRUCTED	20	16	15	0	1	17	0	1	2	0	0	0	0
L1597490-R001	biblical_book	2Sam	2	5		4Q51	1606703	f52a_b+53	1	1597490				books/DSS-2-Samuel.txt	110709	3363	2002717-2002727	11	1	911692e3df534fe7fb00f424185d8add3e1c52d3df0bcdebd14a9e87c1e5bdb1	linguistics/books/DSS-2-Samuel-Linguistics.txt	171626	4978	33057f687b26501de5cb6d75954fbb61881fb0d0a37df91ccf2efe5b893b255d	PARTLY_RECONSTRUCTED	40	39	31	1	7	31	1	0	0	0	0	0	0
L1597491-R001	biblical_book	2Sam	2	5		4Q51	1606703	f52a_b+53	2	1597491				books/DSS-2-Samuel.txt	114072	3515	2002728-2002739	12	1	42501553fd35c978fd8e2a34ccc9e74367ca518cfac22bbb0592a91b539e0d65	linguistics/books/DSS-2-Samuel-Linguistics.txt	176604	5353	877e4951e5ca1e1010dd4f0417da59ffbbcc69ae8bd4cc57a7ce17b7cf6a10c1	PARTLY_RECONSTRUCTED	41	40	32	0	8	32	0	0	0	0	0	0	0
L1597492-R001	biblical_book	2Sam	2	5		4Q51	1606703	f52a_b+53	3	1597492				books/DSS-2-Samuel.txt	117587	1872	2002740-2002743	4	0	630334b091e443e0bf6af3993d2a75554cc4eb6bff9b735f1dc72e5c3c8380af	linguistics/books/DSS-2-Samuel-Linguistics.txt	181957	1929	c07eeab88b1fdf2ed50ade04024a705680d13b26b96a347b1e8c680670387198	ALL_LETTER_SLOTS_RECONSTRUCTED	12	9	9	0	0	12	0	0	1	0	0	0	0
L1597492-R002	biblical_book	2Sam	2	6		4Q51	1606703	f52a_b+53	3	1597492				books/DSS-2-Samuel.txt	119459	3417	2002744-2002754	11	1	7a217c64cf1133adcf71e46b8f85a43dfa68e2fae9796b29f3089945406f1a4c	linguistics/books/DSS-2-Samuel-Linguistics.txt	183886	4863	606953a860c8f42446c9f123aed192c2457b8ba0d69f58f2880947c5d80fe755	PARTLY_RECONSTRUCTED	30	29	21	2	6	21	2	0	0	0	0	0	0
L1597493-R001	biblical_book	2Sam	2	6		4Q51	1606703	f52a_b+53	4	1597493				books/DSS-2-Samuel.txt	122876	3672	2002755-2002768	14	1	f06bd7dbfddf0178ac1d01a669050f57d06aa29641a45f98db3f2693faac2840	linguistics/books/DSS-2-Samuel-Linguistics.txt	188749	5920	98895339984c3a32f5b903588c93199a3326ccf541fa71215140e2ef9e3f8e8f	PARTLY_RECONSTRUCTED	37	34	27	1	6	28	1	0	1	0	0	0	0
L1597494-R001	biblical_book	2Sam	2	7		4Q51	1606703	f52a_b+53	5	1597494				books/DSS-2-Samuel.txt	126548	3829	2002769-2002781	13	1	f03327ab9eb85236f5cf616e3d6f4c84a6e2378ebce48908d9dadc813a5ebb5b	linguistics/books/DSS-2-Samuel-Linguistics.txt	194669	5702	69be540fa9808e35eb43799b70cbe931667ff69cb8ad8542d38e2fcf7d222814	PARTLY_RECONSTRUCTED	42	40	30	2	8	32	2	0	0	0	0	0	0
L1597495-R001	biblical_book	2Sam	2	7		4Q51	1606703	f52a_b+53	6	1597495				books/DSS-2-Samuel.txt	130377	3751	2002782-2002791	10	2	9ccfb52b9e7029ca26ed550c3e0675c2dbb83ef95e95a4cba99353cd04525e7f	linguistics/books/DSS-2-Samuel-Linguistics.txt	200371	4471	b81c4938d24e9ff8a0bd40fa27ef157f77a2f2894b7408f3b7b64d87eecf6ae9	PARTLY_RECONSTRUCTED	31	27	21	2	4	24	2	0	1	0	0	0	0
L1597496-R001	biblical_book	2Sam	2	8		4Q51	1606703	f52a_b+53	7	1597496				books/DSS-2-Samuel.txt	134128	3603	2002792-2002803	12	2	48939a2200efe7b028fe0c7aa9be59f376466fe15453bc61d0ee9945cee50078	linguistics/books/DSS-2-Samuel-Linguistics.txt	204842	5179	6805857686d0fd456689f479dfeb202b24060cc2d086961d639cfd9901842c94	PARTLY_RECONSTRUCTED	28	28	21	0	7	21	0	0	0	0	0	0	0
L1597497-R001	biblical_book	2Sam	2	8		4Q51	1606703	f52a_b+53	8	1597497				books/DSS-2-Samuel.txt	137731	2836	2002804-2002811	8	0	69bf8cfcd2470aff8ea9aa32565cfbc5fff72923c2d59f0c027c8b6d0407ac78	linguistics/books/DSS-2-Samuel-Linguistics.txt	210021	3740	523673573ffbecacc443ca5810311ba73628c127fcb1d945840c2bf04e029c16	PARTLY_RECONSTRUCTED	27	24	18	3	3	21	3	0	1	0	0	0	0
L1597497-R002	biblical_book	2Sam	2	9		4Q51	1606703	f52a_b+53	8	1597497				books/DSS-2-Samuel.txt	140567	2327	2002812-2002816	5	1	f32d27cd88e24a8bf8fd92fa26078bc6fd952534dce979687909e6b4b2112975	linguistics/books/DSS-2-Samuel-Linguistics.txt	213761	2418	b8aec25aaf19c48d4ec6cd1108e75ea176cec9098dab0567850b9802d23a6071	ALL_LETTER_SLOTS_RECONSTRUCTED	15	14	14	0	0	15	0	0	0	0	0	0	0
L1597498-R001	biblical_book	2Sam	2	9		4Q51	1606703	f52a_b+53	9	1597498				books/DSS-2-Samuel.txt	142894	3725	2002817-2002831	15	1	88ff291beae50f74b993c83945c25a3e44851b58e2f1517a55e80e54d58243ec	linguistics/books/DSS-2-Samuel-Linguistics.txt	216179	6630	098d42c8dfe786bd5326df46135c4b369bb238ebbc542036da62880a0dc6cb3d	PARTLY_RECONSTRUCTED	40	40	37	0	3	37	0	0	0	0	0	0	0
L1597499-R001	biblical_book	2Sam	2	9		4Q51	1606703	f52a_b+53	10	1597499				books/DSS-2-Samuel.txt	146619	1572	2002832-2002833	2	0	7e583b1f4080a5c0476def8b645fb34f37ceeb273517b807ce436146b66a63a3	linguistics/books/DSS-2-Samuel-Linguistics.txt	222809	1150	ccad423b6762c1aefd094b004339d8728cd227554e9ab47f3a694cbf05d42ce4	ALL_LETTER_SLOTS_RECONSTRUCTED	6	3	3	0	0	6	0	0	1	0	0	0	0
L1597499-R002	biblical_book	2Sam	2	10		4Q51	1606703	f52a_b+53	10	1597499				books/DSS-2-Samuel.txt	148191	2374	2002834-2002840	7	0	d4106ca685a4441d5ed2fa0b8009c92ecf3914daff16102591258d3556e150ab	linguistics/books/DSS-2-Samuel-Linguistics.txt	223959	3332	93731ab40304ee813fcac6a0484a9e0457e7d83380897c3f1f5cbc213329d274	PARTLY_RECONSTRUCTED	23	21	19	2	0	21	2	0	1	0	0	0	0
L1597499-R003	biblical_book	2Sam	2	11		4Q51	1606703	f52a_b+53	10	1597499				books/DSS-2-Samuel.txt	150565	2183	2002841-2002845	5	1	394f71cd4c43dcacdec1b7b45cd68d8e71f88c1b78e17bd0519d8878a6b165f2	linguistics/books/DSS-2-Samuel-Linguistics.txt	227291	2418	22b2c4feb689df52872808b5256f888e398c4a851e582e1749374fda539a120e	ALL_LETTER_SLOTS_RECONSTRUCTED	13	13	13	0	0	13	0	0	0	0	0	0	0
L1597500-R001	biblical_book	2Sam	2	11		4Q51	1606703	f52a_b+53	11	1597500				books/DSS-2-Samuel.txt	152748	3626	2002846-2002858	13	1	27aadb47118518ff1f24fa8c91db68a927aa158e11cd2151a0989999771eddc7	linguistics/books/DSS-2-Samuel-Linguistics.txt	229709	5898	a22b2752a0c81fdc72f8e028958652c0cb917a596b20995efffdc7ed7370a050	PARTLY_RECONSTRUCTED	40	40	37	2	1	37	2	0	0	0	0	0	0
L1597501-R001	biblical_book	2Sam	2	11		4Q51	1606703	f52a_b+53	12	1597501				books/DSS-2-Samuel.txt	156374	1632	2002859-2002860	2	0	a9c7efde382a46405333871e77d8ba87cb1889a65ba5bbbe5d2981940cd73b5f	linguistics/books/DSS-2-Samuel-Linguistics.txt	235607	1207	3d39db022ce895522b9dbbafe999e5f9b5af7348b85de92a8ed9ddc55318b144	PARTLY_RECONSTRUCTED	7	5	1	3	1	1	3	0	1	0	0	0	0
L1597501-R002	biblical_book	2Sam	2	12		4Q51	1606703	f52a_b+53	12	1597501				books/DSS-2-Samuel.txt	158006	3555	2002861-2002873	13	1	2b09e1e05eaef0be69fcb31a5fc0dfa87485d6639354a5a47587a95c833a05b3	linguistics/books/DSS-2-Samuel-Linguistics.txt	236814	5758	2b734e348e40215157aad85e53b0691763a78880208306932a90e70140dbf73e	PARTLY_RECONSTRUCTED	35	35	27	2	6	27	2	0	0	0	0	0	0
L1597502-R001	biblical_book	2Sam	2	12		4Q51	1606703	f52a_b+53	13	1597502				books/DSS-2-Samuel.txt	161561	1720	2002874-2002875	2	0	5bbba7253f01c3fa3fb443478c6795d6903dd28dfbce725bde1454f2e8d001ab	linguistics/books/DSS-2-Samuel-Linguistics.txt	242572	1274	b60871e8a456e13cd3348964900f11359a84f73d74701e19b6b852eeb258a2ef	PARTLY_RECONSTRUCTED	9	6	1	4	1	1	4	0	1	0	0	0	0
L1597502-R002	biblical_book	2Sam	2	13		4Q51	1606703	f52a_b+53	13	1597502				books/DSS-2-Samuel.txt	163281	3438	2002876-2002887	12	1	c45c6bf37cbc55169be3c02fef6f653e04be6e00c9a80cbaec0b5ec6d0d6f274	linguistics/books/DSS-2-Samuel-Linguistics.txt	243846	5375	6fb09c3ff08efe1599dbee7a5e025896a6ebb6647390e7ef987c9d2ecbe10c21	PARTLY_RECONSTRUCTED	39	38	27	0	11	28	0	0	0	0	0	0	0
L1597503-R001	biblical_book	2Sam	2	13		4Q51	1606703	f52a_b+53	14	1597503				books/DSS-2-Samuel.txt	166719	3798	2002888-2002902	15	1	02c940ef81484544db0488dab68b2139245fa5bce6c61d4d9807aec563519fd0	linguistics/books/DSS-2-Samuel-Linguistics.txt	249221	6592	0f5e32c234eb964b1f11947136d5881d16d75eb2d3d5830fe7cadcb3177fed36	PARTLY_RECONSTRUCTED	39	39	25	3	11	25	3	0	0	0	0	0	0
L1597504-R001	biblical_book	2Sam	2	13		4Q51	1606703	f52a_b+53	15	1597504				books/DSS-2-Samuel.txt	170517	1954	2002903-2002907	5	0	041ed4f90fb0acf607f938cbc4e1657220e33a98c36ff2d4ac8403c70488a481	linguistics/books/DSS-2-Samuel-Linguistics.txt	255813	2339	5ad1641cf28cbab30c94ccae70f2f125d8d426ba1f13b5afca55601120fcf42f	PARTLY_RECONSTRUCTED	10	8	3	2	3	5	2	0	1	0	0	0	0
L1597504-R002	biblical_book	2Sam	2	14		4Q51	1606703	f52a_b+53	15	1597504				books/DSS-2-Samuel.txt	172471	3228	2002908-2002918	11	1	62a7b0928c437917ec5f9395117a008887d86b03e4dea2093667bef552d6890e	linguistics/books/DSS-2-Samuel-Linguistics.txt	258152	4853	1a9eaa99edaec93ddf63b7eb585f2fc961c903c1278ff1e48d97e7b23dff33fe	PARTLY_RECONSTRUCTED	34	34	31	0	3	31	0	0	0	0	0	0	0
L1597505-R001	biblical_book	2Sam	2	14		4Q51	1606703	f52a_b+53	16	1597505				books/DSS-2-Samuel.txt	175699	2734	2002919-2002925	7	0	b571ecdbe276ebed5fed506d117b96296e21d63ee76327a66e7a2232a288e5f4	linguistics/books/DSS-2-Samuel-Linguistics.txt	263005	3233	5e0080b82dc7fd99961384f958acb7219d6a380e2c9d0c598695b812fe1bcf34	PARTLY_RECONSTRUCTED	23	20	7	3	10	10	3	0	1	0	0	0	0
L1597505-R002	biblical_book	2Sam	2	15		4Q51	1606703	f52a_b+53	16	1597505				books/DSS-2-Samuel.txt	178433	2503	2002926-2002932	7	1	b1517667cd35a40e7abbaee54eebd966126b3e3df28d0a94aab8cb437a435267	linguistics/books/DSS-2-Samuel-Linguistics.txt	266238	3272	c811675ac83afca41be95f9277c972308526bcf57c52838be29a2858d6c62d84	ALL_LETTER_SLOTS_RECONSTRUCTED	21	21	21	0	0	21	0	0	0	0	0	0	0
L1597506-R001	biblical_book	2Sam	2	15		4Q51	1606703	f52a_b+53	17	1597506				books/DSS-2-Samuel.txt	180936	3782	2002933-2002947	15	1	067107865b2802403046a9c80790beab65975c0634df0d7e6726974188ee26a6	linguistics/books/DSS-2-Samuel-Linguistics.txt	269510	6617	95eaac4ae69ac34cb86cd7b892ccd9330f598ccb90820919e6ab6d2265d626df	PARTLY_RECONSTRUCTED	42	42	26	1	15	26	1	0	0	0	0	0	0
L1597507-R001	biblical_book	2Sam	2	15		4Q51	1606703	f52a_b+53	18	1597507				books/DSS-2-Samuel.txt	184718	1426	2002948-2002949	2	0	10c626017841b9d7fb0f44512ea70a9622bff318ebaeb045fba66d41789d4b2d	linguistics/books/DSS-2-Samuel-Linguistics.txt	276127	1178	849161b47f717b74a3c9b0a7abe9265033292bdeaec3ad86740ab688ff5fa572	NO_LETTER_RECONSTRUCTION_MARKED	6	4	0	0	4	0	0	0	1	0	0	0	0
L1597507-R002	biblical_book	2Sam	2	16		4Q51	1606703	f52a_b+53	18	1597507				books/DSS-2-Samuel.txt	186144	3900	2002950-2002962	13	1	3171d0ffb35d2df8c4ef7e9af0b65c6cf27484d6180364234c9a135f063e79dd	linguistics/books/DSS-2-Samuel-Linguistics.txt	277305	5601	55b11d4916ad12f641eaa7f82f3da13641b3c22b930ee46763950c91a561b98d	PARTLY_RECONSTRUCTED	38	35	25	2	8	28	2	0	0	0	0	0	0
L1597508-R001	biblical_book	2Sam	2	16		4Q51	1606703	f52a_b+53	19	1597508				books/DSS-2-Samuel.txt	190044	3841	2002963-2002976	14	1	ac6a1d80b4655bacf3d2869dbd14bec85f8efa0cb76c2324c4f7d2c7f830139c	linguistics/books/DSS-2-Samuel-Linguistics.txt	282906	6164	ac844fc4f3789003d84d0f5913f08883484b2e73107abf50005c2bf2fd15113c	PARTLY_RECONSTRUCTED	38	36	27	4	5	27	4	0	1	0	0	0	0
L1597509-R001	biblical_book	2Sam	2	25		4Q51	1606703	f54	1	1597509				books/DSS-2-Samuel.txt	193885	3559	2002977-2002988	12	1	09bab96e55bfebf0c2845fd1d9915c779454daa6532b035248adb66893f621a5	linguistics/books/DSS-2-Samuel-Linguistics.txt	289070	5372	8f0d59785693aecafbe4b72ed04e357458a629aa3716a7a631947c345910b5dc	PARTLY_RECONSTRUCTED	36	36	30	3	3	30	3	0	0	0	0	0	0
L1597510-R001	biblical_book	2Sam	2	25		4Q51	1606703	f54	2	1597510				books/DSS-2-Samuel.txt	197444	1545	2002989-2002990	2	0	41aff506ffcaec3f9187e25f91b6dff1126d772b74974de1e08cace4c503c709	linguistics/books/DSS-2-Samuel-Linguistics.txt	294442	1151	2b2d09c3dec457ff0a9bac5f3cb429f80bb10695435b49dcf838a1187e48c53a	NO_LETTER_RECONSTRUCTION_MARKED	6	3	0	1	2	1	1	0	2	0	0	0	0
L1597510-R002	biblical_book	2Sam	2	26		4Q51	1606703	f54	2	1597510				books/DSS-2-Samuel.txt	198989	3232	2002991-2003002	12	1	724ceb326ac130d3fcad8e49edba355390de200b98467f7f0f185d33fab3aa2e	linguistics/books/DSS-2-Samuel-Linguistics.txt	295593	5200	ebf1acfbf69fe431f5eab3c910af9d54969dc62cee471f8d5ec74fc38bfdcbf3	PARTLY_RECONSTRUCTED	32	32	26	0	6	26	0	0	0	0	0	0	0
L1597511-R001	biblical_book	2Sam	2	26		4Q51	1606703	f54	3	1597511				books/DSS-2-Samuel.txt	202221	3383	2003003-2003015	13	1	7fb181380d29694c8f39c04fb1792af3e91e202d5ec1ecd08eea49764d8b8484	linguistics/books/DSS-2-Samuel-Linguistics.txt	300793	5617	5e772be19066edba472648dcc4351c045a38dd498ce90d1919b1932b7df058be	PARTLY_RECONSTRUCTED	38	38	28	0	10	28	0	0	0	0	0	0	0
L1597512-R001	biblical_book	2Sam	2	26		4Q51	1606703	f54	4	1597512				books/DSS-2-Samuel.txt	205604	2688	2003016-2003023	8	0	ebfb310ab8fe148bbff99ec0aa490e5b8b3c8518cb54962dfb7f09fc07825181	linguistics/books/DSS-2-Samuel-Linguistics.txt	306410	3498	bc2cd39540af0cab3716f31ffc4489108a7a087d378b3c50375b6bfc037c15df	PARTLY_RECONSTRUCTED	21	17	6	2	9	10	2	0	2	0	0	0	0
L1597512-R002	biblical_book	2Sam	2	27		4Q51	1606703	f54	4	1597512				books/DSS-2-Samuel.txt	208292	2502	2003024-2003030	7	1	638c9a8fd65516b28b1c275aa54e009cd42661450e8075c7bd7ba6eecd93b9e3	linguistics/books/DSS-2-Samuel-Linguistics.txt	309908	3241	b91f605fa6b0f2a61c8a4eaac491d2f0e6b74d0f5830ce3d3ae020d6547c1631	ALL_LETTER_SLOTS_RECONSTRUCTED	21	21	21	0	0	21	0	0	0	0	0	0	0
L1597513-R001	biblical_book	2Sam	2	27		4Q51	1606703	f54	5	1597513				books/DSS-2-Samuel.txt	210794	3882	2003031-2003044	14	1	c47c139bd12eb399d3b47e37b64ae3cabada962cc7741e58696a2eeaaaef7c83	linguistics/books/DSS-2-Samuel-Linguistics.txt	313149	5923	bbe63d3e11508cb6d304329efcb86e0842b5da765769b610d6a1dd07fe8f2caa	PARTLY_RECONSTRUCTED	36	33	24	4	5	25	4	0	1	0	0	0	0
L1597514-R001	biblical_book	2Sam	2	28		4Q51	1606703	f54	6	1597514				books/DSS-2-Samuel.txt	214676	2129	2003045-2003048	4	1	febe55401e9a064dd498772eb89f323f87bd9bb4dded6e288e83b1edca41a671	linguistics/books/DSS-2-Samuel-Linguistics.txt	319072	1846	388ad4911035c93d8101820414f8cb07d85ac90490baeeb0ffd9ded3b685aa75	NO_LETTER_SLOTS	9	0	0	0	0	5	2	2	4	0	0	0	0
L1597515-R001	biblical_book	2Sam	2	29		4Q51	1606703	f55_57a_b+58	1	1597515				books/DSS-2-Samuel.txt	216805	1692	2003049-2003050	2	0	b8c8a7ff91d3e79bb21f33bc2ae357d8fb8b668799b3c0c36864fd63d818ce2c	linguistics/books/DSS-2-Samuel-Linguistics.txt	320918	1258	a65cbfc81db522f11ceb57a114177a9d1fa9cc1be773983cd2ac8ed1472edbe2	PARTLY_RECONSTRUCTED	9	6	2	1	3	2	1	0	1	0	0	0	0
L1597515-R002	biblical_book	2Sam	2	30		4Q51	1606703	f55_57a_b+58	1	1597515				books/DSS-2-Samuel.txt	218497	3536	2003051-2003064	14	1	65c45b35b09ee69a7b9f0beb50067bfb1a210cdf1929003f0eb4a69fb0c1e945	linguistics/books/DSS-2-Samuel-Linguistics.txt	322176	5960	ed53d01023efc98aa564fb71d21d31b9a79ecc14a90aa419a53490b033ae988d	PARTLY_RECONSTRUCTED	35	35	31	0	4	31	0	0	0	0	0	0	0
L1597516-R001	biblical_book	2Sam	2	30		4Q51	1606703	f55_57a_b+58	2	1597516				books/DSS-2-Samuel.txt	222033	2573	2003065-2003073	9	0	e815b97001c1384c724dc3be26429726612cdaff0ddecd0c21dbd1d35017eb44	linguistics/books/DSS-2-Samuel-Linguistics.txt	328136	4110	d2734d6c58cfc592e558596c9355d607f6bfac8f5fd3a14cbf98501a9c949b06	PARTLY_RECONSTRUCTED	27	25	16	1	8	18	1	0	1	0	0	0	0
L1597516-R002	biblical_book	2Sam	2	31		4Q51	1606703	f55_57a_b+58	2	1597516				books/DSS-2-Samuel.txt	224606	2344	2003074-2003079	6	1	4592de516f31c68bc0c42db464e206371ca62b262499423d03f6f6aee41c9aec	linguistics/books/DSS-2-Samuel-Linguistics.txt	332246	2831	81abc85ab3b3ac04670d210c34d7dfedfb80a7001979a9bb540b07bdc370c370	ALL_LETTER_SLOTS_RECONSTRUCTED	16	16	16	0	0	16	0	0	0	0	0	0	0
L1597517-R001	biblical_book	2Sam	2	31		4Q51	1606703	f55_57a_b+58	3	1597517				books/DSS-2-Samuel.txt	226950	2672	2003080-2003089	10	0	34d40dbe3bbcfc33aee265961030e5bae400089090fbdbc9f678c8fbbbd7e712	linguistics/books/DSS-2-Samuel-Linguistics.txt	335077	4573	e1f25b959576666e36d266234024017297440a72acb001a98bc3386c1f1ca9f2	PARTLY_RECONSTRUCTED	32	30	19	0	11	21	0	0	1	0	0	0	0
L1597517-R002	biblical_book	2Sam	2	32		4Q51	1606703	f55_57a_b+58	3	1597517				books/DSS-2-Samuel.txt	229622	2064	2003090-2003093	4	1	cec300c83611ea553a1cb63b253e72971d6a53c9bd07868a7fb2dbf848996e50	linguistics/books/DSS-2-Samuel-Linguistics.txt	339650	2040	9ff1153c5240abc5fb5d8f2803c645634c28b977d2cad96a7d9e5dbf259d0970	ALL_LETTER_SLOTS_RECONSTRUCTED	12	12	12	0	0	12	0	0	0	0	0	0	0
L1597518-R001	biblical_book	2Sam	2	32		4Q51	1606703	f55_57a_b+58	4	1597518				books/DSS-2-Samuel.txt	231686	4048	2003094-2003108	15	1	be82810e2da204f712ed961029e0a77afee53893b177e544f1bde4b1a33587b5	linguistics/books/DSS-2-Samuel-Linguistics.txt	341690	6511	65364f59a1ec647117862918a1e9575da4d9dd4c994b5ff44b60eb4116f71d44	PARTLY_RECONSTRUCTED	44	42	27	3	12	27	3	0	0	0	0	0	0
L1597519-R001	biblical_book	2Sam	2	32		4Q51	1606703	f55_57a_b+58	5	1597519				books/DSS-2-Samuel.txt	235734	2520	2003109-2003116	8	0	463ecbce4c0f3ebf4e34f88a878ff31600b95e7cd532e5c0ebc7adaaf63cad4d	linguistics/books/DSS-2-Samuel-Linguistics.txt	348201	3576	62ebbbea09e0296ebae6c3c98561fb953560e3471c0749c3dfa814226383ca14	NO_LETTER_RECONSTRUCTION_MARKED	24	20	0	1	19	0	1	0	1	0	0	0	0
L1597519-R002	biblical_book	2Sam	3	1		4Q51	1606703	f55_57a_b+58	5	1597519				books/DSS-2-Samuel.txt	238254	2672	2003117-2003123	7	1	34906ef2fcdfb36cac656286b3b1789bc16292ae49324b363473a219b0c79c91	linguistics/books/DSS-2-Samuel-Linguistics.txt	351777	3318	152f10922994efe7b5c2f1df40078f35c59b10e7957ad709d27c1de0853498f4	PARTLY_RECONSTRUCTED	20	20	16	2	2	16	2	0	0	0	0	0	0
L1597520-R001	biblical_book	2Sam	3	1		4Q51	1606703	f55_57a_b+58	6	1597520				books/DSS-2-Samuel.txt	240926	4004	2003124-2003140	17	1	f77841aeff7e904ce42f38ba26f5de6bdbfb7b51095db40101d3105d36143888	linguistics/books/DSS-2-Samuel-Linguistics.txt	355095	7285	419a5916c549d817991c54930f1b27b678ec2844ea4cbcbd598ec80d51606c5e	PARTLY_RECONSTRUCTED	45	43	13	2	28	13	2	0	1	0	0	0	0
L1597521-R001	biblical_book	2Sam	3	2		4Q51	1606703	f55_57a_b+58	7	1597521				books/DSS-2-Samuel.txt	244930	4074	2003141-2003153	13	2	8a052599512ea41b730d449a566a9cc7db05b87b3ca45e980a8490b1873ae72d	linguistics/books/DSS-2-Samuel-Linguistics.txt	362380	5806	99ffd5f834b759436f8206eb1bfbe8c65b28aa719a2aad32ad46e24b8b6270ae	PARTLY_RECONSTRUCTED	41	40	11	3	26	12	3	0	0	0	0	0	0
L1597522-R001	biblical_book	2Sam	3	2		4Q51	1606703	f55_57a_b+58	8	1597522				books/DSS-2-Samuel.txt	249004	1577	2003154-2003156	3	0	9d13966d925d767f59b4d139828e869791c038790e2bc8e3da5f3a2b6888f391	linguistics/books/DSS-2-Samuel-Linguistics.txt	368186	1634	ebf5bc3298848e96a70181801e41dbd5b2a243d71eec8142de0fa733e9379aea	NO_LETTER_RECONSTRUCTION_MARKED	10	8	0	0	8	0	0	0	1	0	0	0	0
L1597522-R002	biblical_book	2Sam	3	3		4Q51	1606703	f55_57a_b+58	8	1597522				books/DSS-2-Samuel.txt	250581	3452	2003157-2003167	11	1	b7ef35c833d4761c4c061b321556820a864338920d6c09d758f929d390445b42	linguistics/books/DSS-2-Samuel-Linguistics.txt	369820	5143	1f6e2005eea0c61ed0dcfa731b2932a4fab6d7cbaf4ddcd7de10ca99e4d033f5	PARTLY_RECONSTRUCTED	38	37	8	5	24	8	5	0	0	0	0	0	0
L1597523-R001	biblical_book	2Sam	3	3		4Q51	1606703	f55_57a_b+58	9	1597523				books/DSS-2-Samuel.txt	254033	2307	2003168-2003174	7	0	95d008e91b6144cd7dc14b1205fb48f843ecb31ad2e1d0dba5a68af382e1ce35	linguistics/books/DSS-2-Samuel-Linguistics.txt	374963	3347	1f1be7dc4d955c27b2eb626666e207c1017f87d9b4130460e45ab495e1a9d296	NO_LETTER_RECONSTRUCTION_MARKED	21	19	0	2	17	0	2	0	1	0	0	0	0
L1597523-R002	biblical_book	2Sam	3	4		4Q51	1606703	f55_57a_b+58	9	1597523				books/DSS-2-Samuel.txt	256340	3111	2003175-2003183	9	1	7136f46231ec81009eca066ad6fe68288fe86a3f0c8945f136aa9d841fe75ac0	linguistics/books/DSS-2-Samuel-Linguistics.txt	378310	4165	b59d498cc4c3a776acc9a9a4f1a9469b3f50ee2cebf6f1c4523c75fb9e1eb385	PARTLY_RECONSTRUCTED	25	25	8	4	13	8	4	0	0	0	0	0	0
L1597524-R001	biblical_book	2Sam	3	4		4Q51	1606703	f55_57a_b+58	10	1597524				books/DSS-2-Samuel.txt	259451	1918	2003184-2003187	4	0	4b0f5531154af7c28f8160df7ede7fc972140b649251162c1ee7e678c7544c75	linguistics/books/DSS-2-Samuel-Linguistics.txt	382475	2061	5a70093b17b2493301e6ab2214bed90cdc20a56d874fff3b18610bbb42d1972c	PARTLY_RECONSTRUCTED	13	11	1	2	8	1	2	0	1	0	0	0	0
L1597524-R002	biblical_book	2Sam	3	5		4Q51	1606703	f55_57a_b+58	10	1597524				books/DSS-2-Samuel.txt	261369	3131	2003188-2003197	10	1	dc6bb9ab9089f315b8c0e4f107687b6c6f75533ade1d93f12947eb142a81aef7	linguistics/books/DSS-2-Samuel-Linguistics.txt	384536	4601	a09674356af0816ffabdb0a4edc630a1b92207cb16e192605e2a9820f5aa4f78	PARTLY_RECONSTRUCTED	30	30	17	2	11	17	2	0	0	0	0	0	0
L1597525-R001	biblical_book	2Sam	3	5		4Q51	1606703	f55_57a_b+58	11	1597525				books/DSS-2-Samuel.txt	264500	3020	2003198-2003202	5	3	6afb259d2236e5c1156f911ea9a32d314339890e1ab5c57755967b6f9a750f0e	linguistics/books/DSS-2-Samuel-Linguistics.txt	389137	2417	f5962780af126aa4c23df4d2205c8f08d90923dbc036f63f7357961034789f45	PARTLY_RECONSTRUCTED	13	11	2	2	7	2	2	0	1	0	0	0	0
L1597526-R001	biblical_book	2Sam	3	6		4Q51	1606703	f55_57a_b+58	12	1597526				books/DSS-2-Samuel.txt	267520	4241	2003203-2003219	17	1	fb12430be6bd1db8c0aa52d48dba24ef8593d544cee572115fe0b322b0f3712c	linguistics/books/DSS-2-Samuel-Linguistics.txt	391554	7412	576ebc9cccaffb052b9f017a9135a92ec1021a5e7371d200a85ae695cf4eaa43	PARTLY_RECONSTRUCTED	49	49	25	5	19	25	5	0	0	0	0	0	0
L1597527-R001	biblical_book	2Sam	3	6		4Q51	1606703	f55_57a_b+58	13	1597527				books/DSS-2-Samuel.txt	271761	1838	2003220-2003223	4	0	eaa5dca3651741690229b2636e8c5f56826899b63a7d461102f4ec257bc60877	linguistics/books/DSS-2-Samuel-Linguistics.txt	398966	1995	50fc134f8405e53c2cbc6f00498aaf984185d735b2c13e4f3d57d673785d833d	NO_LETTER_RECONSTRUCTION_MARKED	10	8	0	2	6	0	2	0	1	0	0	0	0
L1597527-R002	biblical_book	2Sam	3	7		4Q51	1606703	f55_57a_b+58	13	1597527				books/DSS-2-Samuel.txt	273599	3227	2003224-2003234	11	1	8abb1cde89276ae423b58b235e35ef9f1cdbd515820e27dd57c2e5ad39d37dfe	linguistics/books/DSS-2-Samuel-Linguistics.txt	400961	5028	4338080f74f3511fd0fb67800a7cb70871687dd57911cd20e131d62f93a2b424	PARTLY_RECONSTRUCTED	33	33	18	2	13	18	2	0	0	0	0	0	0
L1597528-R001	biblical_book	2Sam	3	7		4Q51	1606703	f55_57a_b+58	14	1597528				books/DSS-2-Samuel.txt	276826	3190	2003235-2003243	9	0	90069b3b3832a5d50153063410340278b1899daf70eff2d0c02978fd658e00f4	linguistics/books/DSS-2-Samuel-Linguistics.txt	405989	4186	36f484c12582ec312e470c3ec9e4d719b7518613352838a6697988770f0411ac	PARTLY_RECONSTRUCTED	31	28	6	11	11	9	11	0	1	0	0	0	0
L1597528-R002	biblical_book	2Sam	3	8		4Q51	1606703	f55_57a_b+58	14	1597528				books/DSS-2-Samuel.txt	280016	2480	2003244-2003250	7	1	e2a187a987525e1c284a7764216dab3d091859a48ecb15d5ee03e9d4483fb599	linguistics/books/DSS-2-Samuel-Linguistics.txt	410175	3217	bedf587ca18dead73a95e69a12dc786b64ee0d1f4ed647a158d5a81f3340fb8b	ALL_LETTER_SLOTS_RECONSTRUCTED	17	17	17	0	0	17	0	0	0	0	0	0	0
L1597529-R001	biblical_book	2Sam	3	8		4Q51	1606703	f55_57a_b+58	15	1597529				books/DSS-2-Samuel.txt	282496	3820	2003251-2003264	14	1	1d31174acc57f86f1c2c0a8b3d85c3e1f5c253ccc43b6643e450174d89598bfa	linguistics/books/DSS-2-Samuel-Linguistics.txt	413392	6191	89bfcceeeb6f0e22cccc5f33db1c59ed596fb7173a23252058ad602e4280ea87	PARTLY_RECONSTRUCTED	42	41	33	3	5	33	3	0	0	0	0	0	0
L1597530-R001	biblical_book	2Sam	3	8		4Q51	1606703	f55_57a_b+58	16	1597530				books/DSS-2-Samuel.txt	286316	4268	2003265-2003279	15	1	bc6a8d6532c5ed8b0c0a4fee8e999482daa40ea70dd5c43c9b87f208c2127938	linguistics/books/DSS-2-Samuel-Linguistics.txt	419583	6454	50668fee8bbf651a4b700ea2608bbb33f70ca154e595d21d6f1b247c64beb5cc	ALL_LETTER_SLOTS_RECONSTRUCTED	47	43	43	0	0	47	0	0	0	0	0	0	0
L1597531-R001	biblical_book	2Sam	3	8		4Q51	1606703	f55_57a_b+58	17	1597531				books/DSS-2-Samuel.txt	290584	2753	2003280-2003289	10	0	17318c42e30f76c2ae8813728546c636fd47932f56e64ec3f1eef8f5a5cefe0d	linguistics/books/DSS-2-Samuel-Linguistics.txt	426037	4346	71cd7b82c8b3b5a15d0bb7018e202cd385987386a26feef65385856395b79a1a	ALL_LETTER_SLOTS_RECONSTRUCTED	26	23	23	0	0	26	0	0	1	0	0	0	0
L1597531-R002	biblical_book	2Sam	3	9		4Q51	1606703	f55_57a_b+58	17	1597531				books/DSS-2-Samuel.txt	293337	2493	2003290-2003296	7	1	8cc0ffdc39af75fed99ec845c4bfbd47e4a43f5f8e1dde79cd968afd24684d24	linguistics/books/DSS-2-Samuel-Linguistics.txt	430383	3256	559f46cea74863ca433282315a02158791cc5faaed4da02dc6126f5a1eed1ba8	PARTLY_RECONSTRUCTED	20	20	18	0	2	18	0	0	0	0	0	0	0
L1597532-R001	biblical_book	2Sam	3	9		4Q51	1606703	f55_57a_b+58	18	1597532				books/DSS-2-Samuel.txt	295830	3498	2003297-2003310	14	0	6a8fe2804c5dfacc30495e742bc0383a75d08099745ae0bc8b7ed333a5c65f7e	linguistics/books/DSS-2-Samuel-Linguistics.txt	433639	5958	60197c9c745e45c61b7d593c5bbb6b7b023484f15430b76594d3642ceed50cfb	ALL_LETTER_SLOTS_RECONSTRUCTED	39	35	35	0	0	39	0	0	1	0	0	0	0
L1597532-R002	biblical_book	2Sam	3	10		4Q51	1606703	f55_57a_b+58	18	1597532				books/DSS-2-Samuel.txt	299328	1804	2003311-2003312	2	1	a840925436220f0bd52179edde1110ff30b4ed0f484160e665a865233376240f	linguistics/books/DSS-2-Samuel-Linguistics.txt	439597	1205	52ba2df18873ab5078e937a5ce8a1abb957f90998be00a219d55a9afaf936e84	PARTLY_RECONSTRUCTED	6	6	5	1	0	5	1	0	0	0	0	0	0
L1597533-R001	biblical_book	2Sam	3	10		4Q51	1606703	f55_57a_b+58	19	1597533				books/DSS-2-Samuel.txt	301132	3703	2003313-2003327	15	1	68680699e4f8f2616d38d90e19104680e8f3de0307e449c0961c4e766ab7160f	linguistics/books/DSS-2-Samuel-Linguistics.txt	440802	6645	9dae55fad75d8910843b337ef6922679ec8175d76b0c6fc58f88296b2b6c478d	PARTLY_RECONSTRUCTED	42	42	36	1	5	36	1	0	0	0	0	0	0
L1597534-R001	biblical_book	2Sam	3	10		4Q51	1606703	f55_57a_b+58	20	1597534				books/DSS-2-Samuel.txt	304835	2148	2003328-2003334	7	0	eb542bdc06abeaa1ce06cb621029b8f534970e44b63019ba2e6b0d6f013ce84d	linguistics/books/DSS-2-Samuel-Linguistics.txt	447447	3141	25a95fbbfed65cbd78c197c7079f596d56889e6235d272a213a70b17bd3bd621	ALL_LETTER_SLOTS_RECONSTRUCTED	14	12	12	0	0	14	0	0	1	0	0	0	0
L1597534-R002	biblical_book	2Sam	3	11		4Q51	1606703	f55_57a_b+58	20	1597534				books/DSS-2-Samuel.txt	306983	2815	2003335-2003343	9	1	9486d4c866342be29c6996e395581ab17d67323df271d676a629fe41e49cb66e	linguistics/books/DSS-2-Samuel-Linguistics.txt	450588	4089	ef87996a27b57907a6e8be1cee84efdc9c573959a27b768120a57963ebc75ea6	PARTLY_RECONSTRUCTED	27	27	23	0	4	23	0	0	0	0	0	0	0
L1597535-R001	biblical_book	2Sam	3	11		4Q51	1606703	f55_57a_b+58	21	1597535				books/DSS-2-Samuel.txt	309798	2777	2003344-2003348	5	2	eec3746ab5345172b0cb9a79afd46775b96acd6e935d9801da72afe086516fa0	linguistics/books/DSS-2-Samuel-Linguistics.txt	454677	2397	2db279deb0ebf5705dc2435b935209bacf81ac166f98f8d7f8b646a0905d3e00	ALL_LETTER_SLOTS_RECONSTRUCTED	16	13	13	0	0	16	0	0	1	0	0	0	0
L1597536-R001	biblical_book	2Sam	3	12		4Q51	1606703	f55_57a_b+58	22	1597536				books/DSS-2-Samuel.txt	312575	3532	2003349-2003360	12	1	b29de046205822c6e60218829dfb944e5d937acfa750f0998cd20985a5279d53	linguistics/books/DSS-2-Samuel-Linguistics.txt	457074	5439	c14c8e8a5bdc702fd5ad85d72507f044125e516f5b6f5297f71501b9e4221afa	PARTLY_RECONSTRUCTED	43	42	37	1	4	37	1	0	0	0	0	0	0
L1597537-R001	biblical_book	2Sam	3	12		4Q51	1606703	f55_57a_b+58	23	1597537				books/DSS-2-Samuel.txt	316107	3643	2003361-2003373	13	0	4a5a1cdeb4c4200895ffc0e397c01dd59db5dfaeb7658444e4be59fba8b2d300	linguistics/books/DSS-2-Samuel-Linguistics.txt	462513	5661	59344854b6bb79f7a4379c8c037715464c6e45c738b612ab21c239105aeec0bf	ALL_LETTER_SLOTS_RECONSTRUCTED	40	34	34	0	0	40	0	0	1	0	0	0	0
L1597537-R002	biblical_book	2Sam	3	13		4Q51	1606703	f55_57a_b+58	23	1597537				books/DSS-2-Samuel.txt	319750	2008	2003374-2003376	3	1	8b18831116e427454684cda7d6f2486f3058c610afb194009643c45464abdd33	linguistics/books/DSS-2-Samuel-Linguistics.txt	468174	1607	0a2b59a4856cd2a8dc73eb141b07387a0902bc8561e1c17032df6d84af8fc687	PARTLY_RECONSTRUCTED	8	8	4	2	2	4	2	0	0	0	0	0	0
L1597538-R001	biblical_book	2Sam	3	13		4Q51	1606703	f55_57a_b+58	24	1597538				books/DSS-2-Samuel.txt	321758	3751	2003377-2003389	13	1	7d0fb95c4bff90a1d0e88dea88d994958b94f137cf6077843f437c0355d9f50c	linguistics/books/DSS-2-Samuel-Linguistics.txt	469781	5802	cfb04dc96a327e3d5d78b39181668345b5a8e05d01053d577caba53911aa7384	PARTLY_RECONSTRUCTED	43	41	40	1	0	42	1	0	0	0	0	0	0
L1597539-R001	biblical_book	2Sam	3	13		4Q51	1606703	f55_57a_b+58	25	1597539				books/DSS-2-Samuel.txt	325509	3716	2003390-2003401	12	1	cfee935ae296ad92617c37a908f41c8f1c56f04c7e670b20f4c714d38e551ad0	linguistics/books/DSS-2-Samuel-Linguistics.txt	475583	5317	221fcfd7f2a14d86baa0f8a8e3018c8f095ff2103588690040da2695bf626d04	ALL_LETTER_SLOTS_RECONSTRUCTED	39	36	36	0	0	39	0	0	0	0	0	0	0
L1597540-R001	biblical_book	2Sam	3	13		4Q51	1606703	f55_57a_b+58	26	1597540				books/DSS-2-Samuel.txt	329225	2440	2003402-2003408	7	0	03b154396df541b235c3bcbe199682dbc2d3688814398c487ec0277cc87f9bf6	linguistics/books/DSS-2-Samuel-Linguistics.txt	480900	3161	0a0e79eee19a404eccfb29a7041396452f424b08200f2aaf9ff7acb96690d5e4	ALL_LETTER_SLOTS_RECONSTRUCTED	19	15	15	0	0	19	0	0	1	0	0	0	0
L1597540-R002	biblical_book	2Sam	3	14		4Q51	1606703	f55_57a_b+58	26	1597540				books/DSS-2-Samuel.txt	331665	2491	2003409-2003412	4	2	0198d1c46cb45cd9583f20d6bbea76409bdad0d3b1a25ac0cfeb3576151827da	linguistics/books/DSS-2-Samuel-Linguistics.txt	484061	2095	6d2da4372434b7c5802da126d668ca237021829a329c7b5e938a61bf56bca43b	ALL_LETTER_SLOTS_RECONSTRUCTED	15	15	15	0	0	15	0	0	0	0	0	0	0
L1597541-R001	biblical_book	2Sam	3	14		4Q51	1606703	f55_57a_b+58	27	1597541				books/DSS-2-Samuel.txt	334156	3681	2003413-2003424	12	1	1099a279b8b271c4dfa01c948f0ed1ce871ded2503ed05a76c63c78e6ba37538	linguistics/books/DSS-2-Samuel-Linguistics.txt	486156	5361	fdd18e5cab3d9edcc8621a81cc3e9e6e2372c68fd1fc174b2dec5e2e4ee44084	PARTLY_RECONSTRUCTED	39	36	32	0	4	35	0	0	0	0	0	0	0
L1597542-R001	biblical_book	2Sam	3	14		4Q51	1606703	f55_57a_b+58	28	1597542				books/DSS-2-Samuel.txt	337837	2546	2003425-2003432	8	0	6e4597dcac126106d2a65f6a123baf8e91be355b1e8c77c1eff9140c55ba4cfd	linguistics/books/DSS-2-Samuel-Linguistics.txt	491517	3748	6639adfb55b22fa4e3fab49f8b22f0e12d50c7fc1e2b69af35dd45f4188db0eb	ALL_LETTER_SLOTS_RECONSTRUCTED	29	26	26	0	0	29	0	0	1	0	0	0	0
L1597542-R002	biblical_book	2Sam	3	15		4Q51	1606703	f55_57a_b+58	28	1597542				books/DSS-2-Samuel.txt	340383	2196	2003433-2003436	4	1	fc88a72e4a460c98b11a82f3b618cd367a0affe9d9ba3b0bc78fbddf5ac285a8	linguistics/books/DSS-2-Samuel-Linguistics.txt	495265	2030	d1ec0ea63d8b7e924882c85c3ad1984f1efd0ffc6ce7a1dd04139ec0ec00f733	PARTLY_RECONSTRUCTED	13	11	9	1	1	9	1	0	1	0	0	0	0
L1597543-R001	biblical_book	2Sam	3	17		4Q51	1606703	f59	1	1597543				books/DSS-2-Samuel.txt	342579	2252	2003437-2003440	4	1	7b949ca98a02a7818cb31a7b11f3dc71130540f9e20cb51bdf3b8312948fa078	linguistics/books/DSS-2-Samuel-Linguistics.txt	497295	1914	cc65b84becf0b49efce9ac8933f51975e22fea9c5bd699a0c516aa655e23e386	PARTLY_RECONSTRUCTED	9	5	1	2	2	5	2	2	2	0	0	0	0
L1597544-R001	biblical_book	2Sam	3	17		4Q51	1606703	f59	2	1597544				books/DSS-2-Samuel.txt	344831	2305	2003441-2003444	4	1	a7f78569c43fb352b18ce91b5f684d90a3792aab93463dd673676803ba7c9b25	linguistics/books/DSS-2-Samuel-Linguistics.txt	499209	1885	d596b6c44a423f2607a1b41c4f66cb9b4775d3a3bd60ef31170b12e10b1562ef	PARTLY_RECONSTRUCTED	11	5	1	2	2	5	2	2	3	0	0	0	0
L1597545-R001	biblical_book	2Sam	3	21		4Q51	1606703	f60	1	1597545				books/DSS-2-Samuel.txt	347136	3240	2003445-2003455	11	1	b4359e10626e1219f1363292dce8d96e150a0b8aa6104553bf276657c3eca7de	linguistics/books/DSS-2-Samuel-Linguistics.txt	501094	4810	61ed8ecd01cf55248331e0c9f6d6143e3d9a7e763e2c78b63e7adc4aa0cc68a0	PARTLY_RECONSTRUCTED	32	30	27	1	2	29	1	1	1	0	0	0	0
L1597546-R001	biblical_book	2Sam	3	21		4Q51	1606703	f60	2	1597546				books/DSS-2-Samuel.txt	350376	4599	2003456-2003473	18	1	2ad6d336c7b1a91b0e23b9814145c45106dcd37ed42d924ab9ce7551b40fbcd9	linguistics/books/DSS-2-Samuel-Linguistics.txt	505904	7670	bde7fe06b05badd21427b2cf3264344c63ee160076931936456cc7162fb56b6a	PARTLY_RECONSTRUCTED	51	47	44	2	1	46	2	0	1	0	0	0	0
L1597547-R001	biblical_book	2Sam	3	23		4Q51	1606703	f61i+62	1	1597547				books/DSS-2-Samuel.txt	354975	2823	2003474-2003484	11	0	736b3377adc3401796c2b5bb07e111745e97e3c469053dfdd5947a64d30876fd	linguistics/books/DSS-2-Samuel-Linguistics.txt	513574	4746	01e59db17a7b72734ff833e759f7abe62a01a3c571b2429e4ab5229be6c478a6	PARTLY_RECONSTRUCTED	29	26	5	0	21	7	0	0	1	0	0	0	0
L1597547-R002	biblical_book	2Sam	3	24		4Q51	1606703	f61i+62	1	1597547				books/DSS-2-Samuel.txt	357798	2754	2003485-2003493	9	1	fcbe4368eebd22da4dda57f7ae78b383a9500e9cbb478006acfb35d171b0157c	linguistics/books/DSS-2-Samuel-Linguistics.txt	518320	3958	d9b111ae22c978ec533395d1e40753af655163150ac692099a3087d919050918	ALL_LETTER_SLOTS_RECONSTRUCTED	22	22	22	0	0	22	0	0	0	0	0	0	0
L1597548-R001	biblical_book	2Sam	3	24		4Q51	1606703	f61i+62	2	1597548				books/DSS-2-Samuel.txt	360552	3351	2003494-2003504	11	0	95215b1a29b0ba7dbbb75f3905bf5428ac6d01338b6e6a71734c5fc3cbb1dafa	linguistics/books/DSS-2-Samuel-Linguistics.txt	522278	4821	42699f07ff796c5c4528719c0b3012b3c0c8ce495f9fad6a124b44580a6b5338	PARTLY_RECONSTRUCTED	35	31	9	5	17	12	5	0	1	0	0	0	0
L1597548-R002	biblical_book	2Sam	3	25		4Q51	1606703	f61i+62	2	1597548				books/DSS-2-Samuel.txt	363903	2029	2003505-2003508	4	1	625bdf510dd600ad4b10814cd394f230ecd82e8642378e5bdbfa2d39122af0f6	linguistics/books/DSS-2-Samuel-Linguistics.txt	527099	1951	7d34251ee9e85a1dea1798d942b6919b265372281509339eb29105b613104ab1	ALL_LETTER_SLOTS_RECONSTRUCTED	10	10	10	0	0	10	0	0	0	0	0	0	0
L1597549-R001	biblical_book	2Sam	3	25		4Q51	1606703	f61i+62	3	1597549				books/DSS-2-Samuel.txt	365932	4572	2003509-2003526	18	1	e5ad72088af8c6591bcf97a0048deb05fb766cee31c80c1e9a5814ab4d30dd64	linguistics/books/DSS-2-Samuel-Linguistics.txt	529050	7564	f72d93a0821de2d970ed542b6fa2cdde90af58fb949d1b0777a106607d6baf60	PARTLY_RECONSTRUCTED	45	42	30	2	10	32	2	0	0	0	0	0	0
L1597550-R001	biblical_book	2Sam	3	25		4Q51	1606703	f61i+62	4	1597550				books/DSS-2-Samuel.txt	370504	2645	2003527-2003531	5	2	fe36d36b0acc5c115d6cc98d564d3337257968ec7467193cc4bc7ec051a63177	linguistics/books/DSS-2-Samuel-Linguistics.txt	536614	2397	2421c54dad4db17e19343864765d9052a70bf57809b42db5eb496ee29bc6f47d	NO_LETTER_RECONSTRUCTION_MARKED	15	13	0	1	12	0	1	0	1	0	0	0	0
L1597551-R001	biblical_book	2Sam	3	26		4Q51	1606703	f61i+62	5	1597551				books/DSS-2-Samuel.txt	373149	4182	2003532-2003545	14	1	9f966247ca3d39dd6a6b70a548817588cdc9ff85deb4f972f96ec6b6fd76d141	linguistics/books/DSS-2-Samuel-Linguistics.txt	539011	6194	cb455d4635fcb637213ce11bf3a966fbb5386ef37b59a301be8444715ee2c803	PARTLY_RECONSTRUCTED	44	43	16	8	19	17	8	0	0	0	0	0	0
L1597552-R001	biblical_book	2Sam	3	26		4Q51	1606703	f61i+62	6	1597552				books/DSS-2-Samuel.txt	377331	2476	2003546-2003554	9	0	11d3d197483ff3b4faaf04f1108c78d209f3525fcf59b14f374b6492d3be178d	linguistics/books/DSS-2-Samuel-Linguistics.txt	545205	3972	7c02c7e7336d89141d0699107115caf0abffc399eee2625ec19d5acd7ab20fff	PARTLY_RECONSTRUCTED	22	20	10	0	10	10	0	0	1	0	0	0	0
L1597552-R002	biblical_book	2Sam	3	27		4Q51	1606703	f61i+62	6	1597552				books/DSS-2-Samuel.txt	379807	3024	2003555-2003561	7	1	866484b472cd09a7d8b65805becdf2ce2159370e8f7eb4bb474eb3c5156aa204	linguistics/books/DSS-2-Samuel-Linguistics.txt	549177	3366	652e1e646bb98a9faef062012ff62352633f6a20d6f76073bb60b829a516bdc3	PARTLY_RECONSTRUCTED	25	23	12	3	8	12	3	0	0	0	0	0	0
L1597553-R001	biblical_book	2Sam	3	27		4Q51	1606703	f61i+62	7	1597553				books/DSS-2-Samuel.txt	382831	4613	2003562-2003580	19	1	a6fade2c74dc14f01153bdbebe5ee63d2b19419baa53de166dd2f6dc4e110e5f	linguistics/books/DSS-2-Samuel-Linguistics.txt	552543	7943	ff679e45ac679e6c507943bda6b68f27d79fd8cd41b3455769e9b3c55fb586e0	PARTLY_RECONSTRUCTED	43	41	17	5	19	18	5	0	0	0	0	0	0
L1597554-R001	biblical_book	2Sam	3	27		4Q51	1606703	f61i+62	8	1597554				books/DSS-2-Samuel.txt	387444	1827	2003581-2003583	3	0	3ba1d4547727da7721d65d6228ceef374cda568ad929b51b87cf9c93ada375e2	linguistics/books/DSS-2-Samuel-Linguistics.txt	560486	1618	6bc7d4c95b523f5d54ba2a15cb09a2907323e37780fba0ba2f3bde632da845cf	NO_LETTER_RECONSTRUCTION_MARKED	12	9	0	1	8	0	1	0	1	0	0	0	0
L1597554-R002	biblical_book	2Sam	3	28		4Q51	1606703	f61i+62	8	1597554				books/DSS-2-Samuel.txt	389271	3833	2003584-2003595	12	1	d57c68a5385f4ac31a26f80cc37d0304862b73f075282fd6bad8c62cea0de27a	linguistics/books/DSS-2-Samuel-Linguistics.txt	562104	5397	5f1c222b28d0ae1144bfb419492d2ff7166c4ca67d3f07d61e32b6d720542779	PARTLY_RECONSTRUCTED	36	35	18	9	8	19	9	0	0	0	0	0	0
L1597555-R001	biblical_book	2Sam	3	28		4Q51	1606703	f61i+62	9	1597555				books/DSS-2-Samuel.txt	393104	2406	2003596-2003604	9	0	bdc35d495c8d9ec3517e0185b3c7feca32b070a517a69b0d78a23bd29a6e9b57	linguistics/books/DSS-2-Samuel-Linguistics.txt	567501	3949	d8d6da4bd4274f5573979cb17b49cce2548d3e5e85078354406162b786bb9f78	PARTLY_RECONSTRUCTED	22	20	4	0	16	6	0	0	1	0	0	0	0
L1597555-R002	biblical_book	2Sam	3	29		4Q51	1606703	f61i+62	9	1597555				books/DSS-2-Samuel.txt	395510	2817	2003605-2003611	7	1	d4a83026963a383dd1f2efa0bed83f7c34b1ef24e89298d3173ee14fda822cc2	linguistics/books/DSS-2-Samuel-Linguistics.txt	571450	3239	59bfa05514bbc3192a4c1f44c5299a80f1fdb6f9dedd23c224793b86e8bfa512	PARTLY_RECONSTRUCTED	19	19	4	4	11	4	4	0	0	0	0	0	0
L1597556-R001	biblical_book	2Sam	3	29		4Q51	1606703	f61i+62	10	1597556				books/DSS-2-Samuel.txt	398327	4230	2003612-2003628	17	1	c57fd9d335d421cee3c75a17f9080531ce58ee350503d3303465d9c920f2fa45	linguistics/books/DSS-2-Samuel-Linguistics.txt	574689	7284	689d0a3508c111a7b13aa1f2d318574f3bbb810d2c38d7c12a0c82a7182023fa	PARTLY_RECONSTRUCTED	45	45	3	9	33	3	9	0	0	0	0	0	0
L1597557-R001	biblical_book	2Sam	3	29		4Q51	1606703	f61i+62	11	1597557				books/DSS-2-Samuel.txt	402557	2037	2003629-2003634	6	0	bc539ba1db5017058120f7e3a074b1b203853568277307b8c777173c030deac4	linguistics/books/DSS-2-Samuel-Linguistics.txt	581973	2742	bce9d4a6cbaf22acf5251db23c01d059a3c448ae90f6903cf7c01faf16ea0d07	NO_LETTER_RECONSTRUCTION_MARKED	13	11	0	2	9	0	2	0	1	0	0	0	0
L1597557-R002	biblical_book	2Sam	3	30		4Q51	1606703	f61i+62	11	1597557				books/DSS-2-Samuel.txt	404594	3749	2003635-2003645	11	1	35bd893947004c678c196eb8b633bbacdfaca6cf7972091010fa6456491b9e5e	linguistics/books/DSS-2-Samuel-Linguistics.txt	584715	4946	9e471f05b487e16521ce84ac6ebe8e9af1b2aadc6823ffc332100900ddc558ff	PARTLY_RECONSTRUCTED	34	33	12	5	16	13	5	0	0	0	0	0	0
L1597558-R001	biblical_book	2Sam	3	30		4Q51	1606703	f61i+62	12	1597558				books/DSS-2-Samuel.txt	408343	3299	2003646-2003653	8	2	7e0a446ab10a19bb57a4941bf5faee19e9943a8738ad39592268b6cae6942900	linguistics/books/DSS-2-Samuel-Linguistics.txt	589661	3760	531013c512a77c4e06659d70522642043085339b9e6f87f9faccf2c5929b249f	PARTLY_RECONSTRUCTED	27	24	8	1	15	10	1	0	1	0	0	0	0
L1597559-R001	biblical_book	2Sam	3	31		4Q51	1606703	f61i+62	13	1597559				books/DSS-2-Samuel.txt	411642	4200	2003654-2003667	14	1	476286c4b9140a07df09ca21c9a9f0807e061507e12207cf1cd50637646db82a	linguistics/books/DSS-2-Samuel-Linguistics.txt	593421	6115	e6c7159647fab85f499925e14edb05c9557dc006d8eba50bb4a28af0bdb0b571	PARTLY_RECONSTRUCTED	42	40	19	5	16	20	5	0	0	0	0	0	0
L1597560-R001	biblical_book	2Sam	3	31		4Q51	1606703	f61i+62	14	1597560				books/DSS-2-Samuel.txt	415842	4462	2003668-2003684	17	1	379eee27d542a6efc923323f0e2061cfa1357fa56f6a1fad4497be989a659648	linguistics/books/DSS-2-Samuel-Linguistics.txt	599536	7252	95bc43878cc673072c111122f4dcc2c025d0ef01e11e18f1b8f1d913c7a33e39	PARTLY_RECONSTRUCTED	46	44	15	5	24	15	5	0	1	0	0	0	0
L1597561-R001	biblical_book	2Sam	3	32		4Q51	1606703	f61i+62	15	1597561				books/DSS-2-Samuel.txt	420304	4003	2003685-2003697	13	2	92e0cee7db9c7769012161f9986e94b88d20752755ebb77659978e3549d9c0f2	linguistics/books/DSS-2-Samuel-Linguistics.txt	606788	5664	8e00c7f3c1f187b513889090ee1adbaecfb401b044abec69a10f11313119b345	PARTLY_RECONSTRUCTED	35	34	8	3	23	8	3	0	0	0	0	0	0
L1597562-R001	biblical_book	2Sam	3	32		4Q51	1606703	f61i+62	16	1597562				books/DSS-2-Samuel.txt	424307	2514	2003698-2003706	9	0	9fa44d94d8c9ec943f54a4a8c1b27fd364ac6c148a5df9763a26ae40188ea754	linguistics/books/DSS-2-Samuel-Linguistics.txt	612452	3918	ead4c082e7d84846153558a2f1d97cb79cc7b7394622d99ff74a590cdda7e288	PARTLY_RECONSTRUCTED	21	19	6	1	12	6	1	0	1	0	0	0	0
L1597562-R002	biblical_book	2Sam	3	33		4Q51	1606703	f61i+62	16	1597562				books/DSS-2-Samuel.txt	426821	2640	2003707-2003714	8	1	f2c0beaf9279b846e46f351ed64898ff2b4d465f0aec43b5045b1c8dd4d55d7e	linguistics/books/DSS-2-Samuel-Linguistics.txt	616370	3596	1481b6a8c7053ae33195b18364f151e90c8b9bc35f7e05aaab3d4da5c9177ec2	PARTLY_RECONSTRUCTED	20	20	9	1	10	9	1	0	0	0	0	0	0
L1597563-R001	biblical_book	2Sam	3	33		4Q51	1606703	f61i+62	17	1597563				books/DSS-2-Samuel.txt	429461	2373	2003715-2003721	7	0	458730be157f8fa9a343acc2f0bb93c6e9400b16a0a6ffef848801cdcf70b4d4	linguistics/books/DSS-2-Samuel-Linguistics.txt	619966	3199	13811538e59208865cd19668dc1a6d6c711ac11a7eec2ca4101120c237212109	PARTLY_RECONSTRUCTED	18	16	2	4	10	2	4	0	1	0	0	0	0
L1597563-R002	biblical_book	2Sam	3	34		4Q51	1606703	f61i+62	17	1597563				books/DSS-2-Samuel.txt	431834	2784	2003722-2003728	7	1	db0a1d9f2a113dba4ec1cce73a95d1e7b2a6d933811ef6f0abe2d90e206f3f21	linguistics/books/DSS-2-Samuel-Linguistics.txt	623165	3232	d2802e0848b408e47b79bba80f2f7140b28e3cb1d10d4e9c0341958b2b02f0d5	PARTLY_RECONSTRUCTED	25	23	11	0	12	12	0	0	0	0	0	0	0
L1597564-R001	biblical_book	2Sam	3	34		4Q51	1606703	f61i+62	18	1597564				books/DSS-2-Samuel.txt	434618	4040	2003729-2003742	14	1	8d608baaadfc6267cd0e29557a790d1a60789bbe3aaf36b2eeb96a0b2e9b9d68	linguistics/books/DSS-2-Samuel-Linguistics.txt	626397	6114	83932ae6be832e39460e5dcf2cdc172a306e23e4556f63948664403ce093fe9d	PARTLY_RECONSTRUCTED	40	39	13	3	23	13	4	0	0	0	0	1	0
L1597565-R001	biblical_book	2Sam	3	34		4Q51	1606703	f61i+62	19	1597565				books/DSS-2-Samuel.txt	438658	1537	2003743-2003744	2	0	32e50b91d04d3f2083505bd480baf836b0d755dfc8ee32014f55b6d9b3385143	linguistics/books/DSS-2-Samuel-Linguistics.txt	632511	1150	f3c8d793d5f7c58c23627b7c19ec2fd8f5c718e974b70237e284481e164eb9f5	NO_LETTER_RECONSTRUCTION_MARKED	7	4	0	0	4	0	0	0	1	0	0	0	0
L1597565-R002	biblical_book	2Sam	3	35		4Q51	1606703	f61i+62	19	1597565				books/DSS-2-Samuel.txt	440195	4094	2003745-2003760	16	1	66b2c119f03c58133c07957d94866147147b88547b70182b1b490bacc125d628	linguistics/books/DSS-2-Samuel-Linguistics.txt	633661	6750	92a400b122ed9d48cd1053fa1ee3639b10424b09de028deb8e9cb8b400a00d54	PARTLY_RECONSTRUCTED	38	38	15	2	21	15	2	0	0	0	0	0	0
L1597566-R001	biblical_book	2Sam	3	35		4Q51	1606703	f61i+62	20	1597566				books/DSS-2-Samuel.txt	444289	4141	2003761-2003776	16	1	da2c84488860cacdb01e401ef775b8f89d0f4155efd19f53beff106a64ccb85e	linguistics/books/DSS-2-Samuel-Linguistics.txt	640411	6866	a2bfe1846013e01a4138292bebae893bccd22665849b8ad887142e63dc5bc0ae	PARTLY_RECONSTRUCTED	41	41	15	4	22	15	4	0	0	0	0	0	0
L1597567-R001	biblical_book	2Sam	3	35		4Q51	1606703	f61i+62	21	1597567				books/DSS-2-Samuel.txt	448430	2161	2003777-2003782	6	0	a904f8017d8da0c76ba522333524be2d788b9519cd001bd5ac745ad8bc8e5eaa	linguistics/books/DSS-2-Samuel-Linguistics.txt	647277	2836	7708f7e050db135fc7fc5f61cbea66ff76c9a779fc14b8b2b4b28006e9151c3e	PARTLY_RECONSTRUCTED	18	16	10	1	5	12	1	0	1	0	0	0	0
L1597567-R002	biblical_book	2Sam	3	36		4Q51	1606703	f61i+62	21	1597567				books/DSS-2-Samuel.txt	450591	3008	2003783-2003791	9	1	2fe9d9eaa9ecb124bc0b21c8a7f65cc7a0398db274a5f344644d1f5d31272fe5	linguistics/books/DSS-2-Samuel-Linguistics.txt	650113	3963	38f6a6050f4802689c972b4ef1420fe25043d44ca40069ee560a04b069a302c6	PARTLY_RECONSTRUCTED	25	24	16	2	6	16	2	0	0	0	0	0	0
L1597568-R001	biblical_book	2Sam	3	36		4Q51	1606703	f61i+62	22	1597568				books/DSS-2-Samuel.txt	453599	2826	2003792-2003802	11	0	97495a8ca869f09877886ee17a4ecbf3061fec414a3afd03c19ddb47b53a2bcd	linguistics/books/DSS-2-Samuel-Linguistics.txt	654076	4733	f76b30528e2aff31e97a6bb4576de442a7fb4bc6c9a00942cb8db8a65c4c49f0	PARTLY_RECONSTRUCTED	26	24	20	1	3	20	1	0	1	0	0	0	0
L1597568-R002	biblical_book	2Sam	3	37		4Q51	1606703	f61i+62	22	1597568				books/DSS-2-Samuel.txt	456425	2525	2003803-2003809	7	1	51d6f41851c924ed80abeb65f303fe8145d6c4c06dba0d1adead4614f0dad7ca	linguistics/books/DSS-2-Samuel-Linguistics.txt	658809	3112	c657b659f65fdf8e060500ef598e591246fc118d1accf4a921bece6be9a92701	PARTLY_RECONSTRUCTED	15	15	8	2	5	8	2	0	0	0	0	0	0
L1597569-R001	biblical_book	2Sam	3	37		4Q51	1606703	f61i+62	23	1597569				books/DSS-2-Samuel.txt	458950	3887	2003810-2003824	15	1	99894f38a46490164e901188d11a1365418b558afd3eba9ff8965719be1f6858	linguistics/books/DSS-2-Samuel-Linguistics.txt	661921	6480	cb4f3c1efd9ffaf150fa93f627e26e29f5bc85aca58a741e6fca3225bbefbbc3	PARTLY_RECONSTRUCTED	38	38	21	6	11	21	6	0	0	0	0	0	0
L1597570-R001	biblical_book	2Sam	3	37		4Q51	1606703	f61i+62	24	1597570				books/DSS-2-Samuel.txt	462837	1574	2003825-2003827	3	0	ac07646808763aeb632f6fa4d2bd6a530f2618cb2a56ea4a7e4ad6ede3a7c75e	linguistics/books/DSS-2-Samuel-Linguistics.txt	668401	1533	a987b0d8e9ea6c508f5671ce21d35ac0f111eaddefc971ffaaf902086f1ee658	ALL_LETTER_SLOTS_RECONSTRUCTED	6	4	4	0	0	6	0	0	1	0	0	0	0
L1597570-R002	biblical_book	2Sam	3	38		4Q51	1606703	f61i+62	24	1597570				books/DSS-2-Samuel.txt	464411	3795	2003828-2003841	14	1	9be18ce50279cb2c72095fbfc76c76b7bfe0279c08cae5605a4327dabbe606ed	linguistics/books/DSS-2-Samuel-Linguistics.txt	669934	6000	72ccadbe3f2be8758d986ed89b913cc427744a3900de66a60924812cda4daffb	PARTLY_RECONSTRUCTED	37	36	13	2	21	13	2	0	0	0	0	0	0
L1597571-R001	biblical_book	2Sam	3	38		4Q51	1606703	f61i+62	25	1597571				books/DSS-2-Samuel.txt	468206	2269	2003842-2003848	7	0	5cfd4f3035e40fc927688a67197ff36b0b5aba13dc65e24c22d0dc713eaad3e7	linguistics/books/DSS-2-Samuel-Linguistics.txt	675934	3149	0d476f08962e31ed5a5e717974dfd844b39e04120763fa8f24497e5935edbe74	PARTLY_RECONSTRUCTED	15	13	5	1	7	5	1	0	1	0	0	0	0
L1597571-R002	biblical_book	2Sam	3	39		4Q51	1606703	f61i+62	25	1597571				books/DSS-2-Samuel.txt	470475	3180	2003849-2003859	11	1	2bb557470c1807f7a851ba084822b82b2917d3e809bc41b900a6e36a8f204fcc	linguistics/books/DSS-2-Samuel-Linguistics.txt	679083	4783	8dc96a7841e19782fce8d7456b1f72b53a096553b26ec1169b95f07f8eada5c0	PARTLY_RECONSTRUCTED	26	26	12	1	13	12	1	0	0	0	0	0	0
L1597572-R001	biblical_book	2Sam	3	39		4Q51	1606703	f61i+62	26	1597572				books/DSS-2-Samuel.txt	473655	4086	2003860-2003872	13	2	5aa641b5cfc165bde55932b35d8cef73772ca0d3ac71f8c37dbf443201c0adaa	linguistics/books/DSS-2-Samuel-Linguistics.txt	683866	5639	22b67805ad62136c42a87a519a93f69286fc310b774dfbb84b65f4ed108a738d	PARTLY_RECONSTRUCTED	37	34	23	2	9	26	2	0	1	0	0	0	0
L1597573-R001	biblical_book	2Sam	4	1		4Q51	1606703	f61i+62	27	1597573				books/DSS-2-Samuel.txt	477741	4063	2003873-2003885	13	1	4df7e7c97d900642ea45e696ec4087fd01280d309fd233cca97c0512cd1cb9ef	linguistics/books/DSS-2-Samuel-Linguistics.txt	689505	5857	dd2b5f26a141c9c5b27ca601f7b104c61b2bfef754858efa25b4f70dab443db7	PARTLY_RECONSTRUCTED	41	40	12	8	20	12	8	0	0	0	0	0	0
L1597574-R001	biblical_book	2Sam	4	1		4Q51	1606703	f61i+62	28	1597574				books/DSS-2-Samuel.txt	481804	2747	2003886-2003890	5	2	78921ba870f893c24a1c0b95abe6823997094eea8c04b598fe4926282a945fb6	linguistics/books/DSS-2-Samuel-Linguistics.txt	695362	2436	cfd569e6cea9462fd9f5e2c42e15c8d4a33596d6ae33ace21f2ba59f1f042e73	PARTLY_RECONSTRUCTED	16	14	11	2	1	13	2	0	1	0	0	0	0
L1597575-R001	biblical_book	2Sam	4	2		4Q51	1606703	f61i+62	29	1597575				books/DSS-2-Samuel.txt	484551	3481	2003891-2003902	12	1	f638950a8f186a2c637806e54861c93d6ecc19e924699a2184753d67a5666d2f	linguistics/books/DSS-2-Samuel-Linguistics.txt	697798	5409	08e712f0d7bf49478b0fd56ab6132fedacde4e4b2ea8b963fc3d837102c87398	PARTLY_RECONSTRUCTED	37	37	20	3	14	20	3	0	0	0	0	0	0
L1597576-R001	biblical_book	2Sam	4	2		4Q51	1606703	f61i+62	30	1597576				books/DSS-2-Samuel.txt	488032	3955	2003903-2003917	15	1	1976621d9c5489fb5229d002ce6ce872161d7a46030c767dfe6e8adf6430575f	linguistics/books/DSS-2-Samuel-Linguistics.txt	703207	6631	2f67ad1f1fe0fcfc7e807ca5ca37294669d8b7815424c42e5a2fc367812c26a5	PARTLY_RECONSTRUCTED	41	41	16	4	21	16	4	0	0	0	0	0	0
L1597577-R001	biblical_book	2Sam	4	2		4Q51	1606703	f61i+62	31	1597577				books/DSS-2-Samuel.txt	491987	2015	2003918-2003922	5	0	ab01a9155c472826fd54af3e20b1f35fa7420914fcbdf39abb9be1887bb357ee	linguistics/books/DSS-2-Samuel-Linguistics.txt	709838	2536	815eec888535963925e759cf4bcead066abbc69b06f3a1d7bf389c771e55461f	PARTLY_RECONSTRUCTED	19	17	10	2	5	12	2	0	1	0	0	0	0
L1597577-R002	biblical_book	2Sam	4	3		4Q51	1606703	f61i+62	31	1597577				books/DSS-2-Samuel.txt	494002	2924	2003923-2003930	8	1	68619a7a2df24074de29e16f734021ed9aee058bf86e8019b4574dbd6f7ba6ff	linguistics/books/DSS-2-Samuel-Linguistics.txt	712374	3707	76c25b22491a1dabc71b3fe4259d46ade22bc71f273f9bdc06be034977792263	PARTLY_RECONSTRUCTED	23	23	5	4	14	5	4	0	0	0	0	0	0
L1597578-R001	biblical_book	2Sam	4	3		4Q51	1606703	f61i+62	32	1597578				books/DSS-2-Samuel.txt	496926	2113	2003931-2003937	7	0	a1d5786658fe467e3b6e14683b2dff48a76903a7a09a2e1e77024e76ab4481c4	linguistics/books/DSS-2-Samuel-Linguistics.txt	716081	3074	1d00b977ee1aa6c87b1ef3a56bf03b5c40a7e33a2df48ed7c7e76cf89f605760	PARTLY_RECONSTRUCTED	15	13	6	1	6	6	1	0	1	0	0	0	0
L1597578-R002	biblical_book	2Sam	4	4		4Q51	1606703	f61i+62	32	1597578				books/DSS-2-Samuel.txt	499039	2973	2003938-2003946	9	1	8821fbd8674f9ab93a6ffd02a10675e4a94071b54b15c98341b844709cde9044	linguistics/books/DSS-2-Samuel-Linguistics.txt	719155	4123	275ff1302ada5551822823d8bdb82081e78b52092c60c6c1d4052388e8167fb7	PARTLY_RECONSTRUCTED	26	26	18	2	6	18	2	0	0	0	0	0	0
L1597579-R001	biblical_book	2Sam	4	4		4Q51	1606703	f61i+62	33	1597579				books/DSS-2-Samuel.txt	502012	3540	2003947-2003958	12	1	81ee4041cbe4da5c991aa530c3208737a3ac0aa1a7318833a3df29746240ff11	linguistics/books/DSS-2-Samuel-Linguistics.txt	723278	5436	f64d0977cb7925a8d31442c1fcceb8ca751cd0ac56000b46287a8ebfdfcfd040	PARTLY_RECONSTRUCTED	37	37	27	2	8	27	2	0	0	0	0	0	0
L1597580-R001	biblical_book	2Sam	4	4		4Q51	1606703	f61i+62	34	1597580				books/DSS-2-Samuel.txt	505552	3152	2003959-2003967	9	1	e6e82fc967d2a9af8fb4ce83634c8c1edd45cf0266d6a07b8bd5e05fe4dc50d9	linguistics/books/DSS-2-Samuel-Linguistics.txt	728714	3996	12b46b5350d174856cff865a7842c883e71bed7333ce15f5f12ef065ace75b7a	PARTLY_RECONSTRUCTED	28	22	16	1	5	19	1	1	2	0	0	0	0
L1597581-R001	biblical_book	2Sam	4	9		4Q51	1606703	f61ii+63_64a_b+65_67	1	1597581				books/DSS-2-Samuel.txt	508704	3967	2003968-2003980	13	1	2d7f23a0b4bd6f73aebe4fb1d0d547067dbc1808d7260fc9f3c3f85a8b52ff68	linguistics/books/DSS-2-Samuel-Linguistics.txt	732710	5761	03cbed650f20c2aecf024bcd9a3df598f9d043d8e6c0b66be55c38665b2ef318	PARTLY_RECONSTRUCTED	41	39	29	3	7	30	3	0	0	0	0	0	0
L1597582-R001	biblical_book	2Sam	4	9		4Q51	1606703	f61ii+63_64a_b+65_67	2	1597582				books/DSS-2-Samuel.txt	512671	2131	2003981-2003985	5	0	7ed82edae4ed4b192398723023d76db79d595764589b9bb55872d388da8ef9fc	linguistics/books/DSS-2-Samuel-Linguistics.txt	738471	2421	b8149d6cce00025363845d0ddc5de9bd29051f6a57d2d0f26e351d970b533d91	PARTLY_RECONSTRUCTED	14	11	5	2	4	6	2	0	1	0	0	0	0
L1597582-R002	biblical_book	2Sam	4	10		4Q51	1606703	f61ii+63_64a_b+65_67	2	1597582				books/DSS-2-Samuel.txt	514802	3565	2003986-2003998	13	1	d8b7f36383907e7e3a47a2ffcd5daaeab1b3cae5616e34ba7dd541776709783d	linguistics/books/DSS-2-Samuel-Linguistics.txt	740892	5567	4cccd11d11e6aeb79291bfba5272aba1406e8ae37995c3a5bbef855b0912ba15	PARTLY_RECONSTRUCTED	33	32	20	1	11	20	1	0	0	0	0	0	0
L1597583-R001	biblical_book	2Sam	4	10		4Q51	1606703	f61ii+63_64a_b+65_67	3	1597583				books/DSS-2-Samuel.txt	518367	4020	2003999-2004013	15	0	bf51978862a5491cb164a4a21e40e3c85de8163174a92533e3a91f4ddcc511dd	linguistics/books/DSS-2-Samuel-Linguistics.txt	746459	6457	6d8e3328078dbaf71ca28ad04d5e73d84c8045dece970490c4ee26fc1b0dd116	PARTLY_RECONSTRUCTED	45	38	19	1	18	24	1	0	1	0	0	0	0
L1597583-R002	biblical_book	2Sam	4	11		4Q51	1606703	f61ii+63_64a_b+65_67	3	1597583				books/DSS-2-Samuel.txt	522387	1611	2004014	1	1	d32c5d1114ac98835f7784567f415db0ea50270449ea354f8582fe15da962452	linguistics/books/DSS-2-Samuel-Linguistics.txt	752916	809	813743b5f1503303cedbc77ad49e4f7e096ec131e2008c824ebe8e27afb524f3	ALL_LETTER_SLOTS_RECONSTRUCTED	2	2	2	0	0	2	0	0	0	0	0	0	0
L1597584-R001	biblical_book	2Sam	4	11		4Q51	1606703	f61ii+63_64a_b+65_67	4	1597584				books/DSS-2-Samuel.txt	523998	4051	2004015-2004025	11	1	c412ed1b02fb9905e3d9a7e012118086116c41296c4328ef938116e7d3864365	linguistics/books/DSS-2-Samuel-Linguistics.txt	753725	5114	f384664151eb4060f26402bb96037489afc5c15267ef24a310baf34206db4aa4	PARTLY_RECONSTRUCTED	39	37	13	8	16	14	8	0	0	0	0	0	0
L1597585-R001	biblical_book	2Sam	4	11		4Q51	1606703	f61ii+63_64a_b+65_67	5	1597585				books/DSS-2-Samuel.txt	528049	4575	2004026-2004041	16	1	680a5df69ef986dce00e2b10d5ddff5072bc4c6801c7343552b67292fa595909	linguistics/books/DSS-2-Samuel-Linguistics.txt	758839	6789	ab61ab36890e15dfc197a257da13e9f091c374cc2c37742a94505b55668a849b	PARTLY_RECONSTRUCTED	43	38	9	5	24	9	5	0	1	0	0	0	0
L1597586-R001	biblical_book	2Sam	4	12		4Q51	1606703	f61ii+63_64a_b+65_67	6	1597586				books/DSS-2-Samuel.txt	532624	4389	2004042-2004056	15	1	aa1ba42e95354770bee8e02a3b295d4df1e311003f47714775c170bf7e6106c3	linguistics/books/DSS-2-Samuel-Linguistics.txt	765628	6497	5ffc63e439735ccea2d94b84f25209b370fdbf12e0dc3250cb7b8ab46457b8ec	PARTLY_RECONSTRUCTED	48	45	24	5	16	26	5	0	0	0	0	0	0
L1597587-R001	biblical_book	2Sam	4	12		4Q51	1606703	f61ii+63_64a_b+65_67	7	1597587				books/DSS-2-Samuel.txt	537013	3969	2004057-2004070	14	1	06451cc555da81d5f04b09cfcfa97e8d2322f8112d9fabc71e715797a739e78e	linguistics/books/DSS-2-Samuel-Linguistics.txt	772125	6168	b95e5dae051edd32923988d97f82241815f4913774bab7a0b00f6dd9408862fb	PARTLY_RECONSTRUCTED	40	39	21	3	15	22	3	0	0	0	0	0	0
L1597588-R001	biblical_book	2Sam	4	12		4Q51	1606703	f61ii+63_64a_b+65_67	8	1597588				books/DSS-2-Samuel.txt	540982	3388	2004071-2004078	8	3	ca8383caae68cadb9fc8f0a26c0151c0127fc2ff43fed2f2a6853f4962faf62c	linguistics/books/DSS-2-Samuel-Linguistics.txt	778293	3654	70fe9a35c3c37c0df26935de50f9f6b5d1c485e9a8275506fbff73734c62ea72	PARTLY_RECONSTRUCTED	20	18	14	0	4	16	0	0	1	0	0	0	0
L1597589-R001	biblical_book	2Sam	5	1		4Q51	1606703	f61ii+63_64a_b+65_67	9	1597589				books/DSS-2-Samuel.txt	544370	4275	2004079-2004090	12	1	31e27cea0691c3d36df89e9abe136b5034e69fab80f9a0e8d39b2e50e216da14	linguistics/books/DSS-2-Samuel-Linguistics.txt	781947	5541	ab819bb0489f5192832e451d25c648df0b4883f12bb619e706fe0721a3fff5a9	PARTLY_RECONSTRUCTED	45	42	23	5	14	25	5	0	0	0	0	0	0
L1597590-R001	biblical_book	2Sam	5	1		4Q51	1606703	f61ii+63_64a_b+65_67	10	1597590				books/DSS-2-Samuel.txt	548645	1908	2004091-2004094	4	0	e52a5b90eec84edabbfef3578d805e2f0182f9729ceb684f17e8d6e4e3f643e4	linguistics/books/DSS-2-Samuel-Linguistics.txt	787488	2058	47762245c074b0278f67dc19cbf988b35575f9c404d4298004edd7263fc8c542	ALL_LETTER_SLOTS_RECONSTRUCTED	13	10	10	0	0	13	0	0	1	0	0	0	0
L1597590-R002	biblical_book	2Sam	5	2		4Q51	1606703	f61ii+63_64a_b+65_67	10	1597590				books/DSS-2-Samuel.txt	550553	3360	2004095-2004103	9	1	ad7bc5d09c90a56c9732105cf91a436852592625087f76d1be3396133250efbb	linguistics/books/DSS-2-Samuel-Linguistics.txt	789546	4269	a48750b300140532bf91629d5be69ee0151084867534bcbe4641fa7fb119ad16	PARTLY_RECONSTRUCTED	32	31	16	2	13	17	2	0	0	0	0	0	0
L1597591-R001	biblical_book	2Sam	5	2		4Q51	1606703	f61ii+63_64a_b+65_67	11	1597591				books/DSS-2-Samuel.txt	553913	3931	2004104-2004117	14	1	efe67e8dbca70570305472fd3c7ea3cb359ff6430ca7ce2b2a5df6c031c6283a	linguistics/books/DSS-2-Samuel-Linguistics.txt	793815	6076	7359c8cbc4707c66bcd65b634a4c7e07f308bc90499b7fe1b4000955a73c0b4a	PARTLY_RECONSTRUCTED	41	40	37	3	0	38	3	0	0	0	0	0	0
L1597592-R001	biblical_book	2Sam	5	2		4Q51	1606703	f61ii+63_64a_b+65_67	12	1597592				books/DSS-2-Samuel.txt	557844	3284	2004118-2004130	13	0	33cf63c86ef679c82fac0c92f39b0a9de961bbfc9427ddf8cdb05378b0ba81b2	linguistics/books/DSS-2-Samuel-Linguistics.txt	799891	5713	c977343480a3f7d04250c2e3b207e313e6c56118fd492fa7d7501080c1674a54	ALL_LETTER_SLOTS_RECONSTRUCTED	39	36	36	0	0	39	0	0	1	0	0	0	0
L1597592-R002	biblical_book	2Sam	5	3		4Q51	1606703	f61ii+63_64a_b+65_67	12	1597592				books/DSS-2-Samuel.txt	561128	1765	2004131-2004132	2	1	2969e393b1651def84bf9c96fe61eae348be6755abbc8e7dd047cbbf09bd1664	linguistics/books/DSS-2-Samuel-Linguistics.txt	805604	1194	58e17b634e5da2004d0609a4ad6554dab1cc355011a511e4038c2de394e1b564	ALL_LETTER_SLOTS_RECONSTRUCTED	5	5	5	0	0	5	0	0	0	0	0	0	0
L1597593-R001	biblical_book	2Sam	5	3		4Q51	1606703	f61ii+63_64a_b+65_67	13	1597593				books/DSS-2-Samuel.txt	562893	3907	2004133-2004146	14	1	416b2dba0377dc4051a61b6c5d4dde355c7a04ee6106730e12f89683e498b3e9	linguistics/books/DSS-2-Samuel-Linguistics.txt	806798	6241	bb856730918edd574f263a98111aa6c40437b6dda569a6ac3b6508d12d0e1ff4	ALL_LETTER_SLOTS_RECONSTRUCTED	46	44	44	0	0	46	0	0	0	0	0	0	0
L1597594-R001	biblical_book	2Sam	5	3		4Q51	1606703	f61ii+63_64a_b+65_67	14	1597594				books/DSS-2-Samuel.txt	566800	3387	2004147-2004160	14	0	36aa951b2f0da22642da544f54e304859c6f6f180c871f971b836eb523197218	linguistics/books/DSS-2-Samuel-Linguistics.txt	813039	6115	e80c17e3c8d4f08b5a03cfc6ad6fd3567c3355099867cc87d2ea301de7749d2c	PARTLY_RECONSTRUCTED	39	37	31	2	4	33	2	0	1	0	0	0	0
L1597594-R002	biblical_book	2Sam	5	6		4Q51	1606703	f61ii+63_64a_b+65_67	14	1597594				books/DSS-2-Samuel.txt	570187	1920	2004161-2004163	3	1	00183e2ebda3d66d4efa57fce9343bf3a3b1d70cd9962eac50d1e9091138309d	linguistics/books/DSS-2-Samuel-Linguistics.txt	819154	1623	afc48eaf4245179e0c7c7530b58f14300f8be6938c459157171a2ee836c11bec	ALL_LETTER_SLOTS_RECONSTRUCTED	8	8	8	0	0	8	0	0	0	0	0	0	0
L1597595-R001	biblical_book	2Sam	5	6		4Q51	1606703	f61ii+63_64a_b+65_67	15	1597595				books/DSS-2-Samuel.txt	572107	3954	2004164-2004178	15	1	4b9803f0e7056a8a54932e0bb06a7708ffe111f7aed6990399704c16be2f9e10	linguistics/books/DSS-2-Samuel-Linguistics.txt	820777	6533	4336e68e386035610dd111b6bdc74a02cc7ffc9e0b90c31974b47d42b0e5b49f	PARTLY_RECONSTRUCTED	45	44	38	1	5	38	1	0	0	0	0	0	0
L1597596-R001	biblical_book	2Sam	5	6		4Q51	1606703	f61ii+63_64a_b+65_67	16	1597596				books/DSS-2-Samuel.txt	576061	4297	2004179-2004192	14	1	f3de7af5b7c07e27be02031a8d7151b23b710b3a09e4b2aa09edc1d6b3b3fbbe	linguistics/books/DSS-2-Samuel-Linguistics.txt	827310	6160	82947d13377e5201af9847e513470f6be5ebf8131f4e5f850dfc80e20342a8fa	PARTLY_RECONSTRUCTED	44	43	22	8	14	23	8	0	0	0	0	0	0
L1597597-R001	biblical_book	2Sam	5	6		4Q51	1606703	f61ii+63_64a_b+65_67	17	1597597				books/DSS-2-Samuel.txt	580358	1777	2004193-2004195	3	0	5ddde6a25606c6252947d3970fc05932c9471188f2dc2da539372f545af92431	linguistics/books/DSS-2-Samuel-Linguistics.txt	833470	1652	98a917617b462dc1c847f9b3f3fd6695cda5fa4fa5d8280a835c57ed879b10a8	PARTLY_RECONSTRUCTED	9	7	1	2	4	1	2	0	1	0	0	0	0
L1597597-R002	biblical_book	2Sam	5	7		4Q51	1606703	f61ii+63_64a_b+65_67	17	1597597				books/DSS-2-Samuel.txt	582135	2802	2004196-2004205	10	0	02e541fc5ba8bffdd3f380ef0b0c6fb921b821d52ce7cb157bb22c85737847a2	linguistics/books/DSS-2-Samuel-Linguistics.txt	835122	4555	06cac4acf105e647c649adf4c7636f38b1d2ad64fc59c0f406fb5646702a1b15	PARTLY_RECONSTRUCTED	32	30	6	2	22	8	2	0	1	0	0	0	0
L1597597-R003	biblical_book	2Sam	5	8		4Q51	1606703	f61ii+63_64a_b+65_67	17	1597597				books/DSS-2-Samuel.txt	584937	1765	2004206-2004207	2	1	539be30ffc386ecbdcee1db6895e8723e56ef4f78e387df810f5c85f0a151ab7	linguistics/books/DSS-2-Samuel-Linguistics.txt	839677	1200	309302cf63dd7e170aee4bb08de00ef5ccee940120234bfa24b6e4b48a25a71d	ALL_LETTER_SLOTS_RECONSTRUCTED	5	5	5	0	0	5	0	0	0	0	0	0	0
L1597598-R001	biblical_book	2Sam	5	8		4Q51	1606703	f61ii+63_64a_b+65_67	18	1597598				books/DSS-2-Samuel.txt	586702	4450	2004208-2004224	17	1	e087969c17a00fbd9e91d71085097a49eca467b4cb248456a08c7b741cb5b649	linguistics/books/DSS-2-Samuel-Linguistics.txt	840877	7309	9ac97e7358e00d1d94ffd71f5eb49584bcda3136f98db55e936a0fd96a6167ea	PARTLY_RECONSTRUCTED	43	43	12	7	24	12	7	0	0	0	0	0	0
L1597599-R001	biblical_book	2Sam	5	8		4Q51	1606703	f61ii+63_64a_b+65_67	19	1597599				books/DSS-2-Samuel.txt	591152	4225	2004225-2004241	17	1	9c3b31916fe7a6392f3fea60fd9d8a280686cd2a60b50ea0aa2a7ebda5a07389	linguistics/books/DSS-2-Samuel-Linguistics.txt	848186	7323	bb27274eb8aa06116fd5ce6417d5416da791e32adba10827e8cc165d0aabb419	PARTLY_RECONSTRUCTED	48	46	16	4	26	16	4	0	1	0	0	0	0
L1597600-R001	biblical_book	2Sam	5	9		4Q51	1606703	f61ii+63_64a_b+65_67	20	1597600				books/DSS-2-Samuel.txt	595377	4021	2004242-2004256	15	1	25c3bd9c826b5ad073eb71308310d1fe5c1d757a5514168481f778f816cfca46	linguistics/books/DSS-2-Samuel-Linguistics.txt	855509	6527	01e44aec5910887777ec11b10d78475e17208c4929d46d06e04ecfab7b163069	PARTLY_RECONSTRUCTED	42	41	7	5	29	7	5	0	0	0	0	0	0
L1597601-R001	biblical_book	2Sam	5	9		4Q51	1606703	f61ii+63_64a_b+65_67	21	1597601				books/DSS-2-Samuel.txt	599398	1974	2004257-2004261	5	0	b119427a66c0ed073369d15dc4c0d3ef8559c3b95633f61108376e51dc381e74	linguistics/books/DSS-2-Samuel-Linguistics.txt	862036	2385	db4f61d6b21b5aaa4f36456278d2a8d7bbca4c812a2672a0def93e678157a58b	NO_LETTER_RECONSTRUCTION_MARKED	13	10	0	1	9	0	1	0	1	0	0	0	0
L1597601-R002	biblical_book	2Sam	5	10		4Q51	1606703	f61ii+63_64a_b+65_67	21	1597601				books/DSS-2-Samuel.txt	601372	3998	2004262-2004272	11	2	e440c3089bc698d22ad9e2e7e249439bc2d035bac2ebcc21f5a0a81fc82b7f45	linguistics/books/DSS-2-Samuel-Linguistics.txt	864421	4844	ea4fd6e1d5d3e75a0afa185535872000595e74707c4c8cf67679ad492d3a6295	PARTLY_RECONSTRUCTED	32	29	7	4	18	7	4	0	1	0	0	0	0
L1597602-R001	biblical_book	2Sam	5	11		4Q51	1606703	f61ii+63_64a_b+65_67	22	1597602				books/DSS-2-Samuel.txt	605370	3891	2004273-2004286	14	1	f202a6e12fa845b8d715dd3c7a5e574cd7e57bc1e67fa932dace98e2c9a2f405	linguistics/books/DSS-2-Samuel-Linguistics.txt	869265	6205	86e5fbe59719708f581fb140f497a45ed32f8480796110dc1ce3fe23fc5b45c5	PARTLY_RECONSTRUCTED	43	43	17	4	22	17	4	0	0	0	0	0	0
L1597603-R001	biblical_book	2Sam	5	11		4Q51	1606703	f61ii+63_64a_b+65_67	23	1597603				books/DSS-2-Samuel.txt	609261	2645	2004287-2004295	9	0	bcb73efedc7c873e2b459d672ba99590aa05c606b8db4ec0addc625ae55488f1	linguistics/books/DSS-2-Samuel-Linguistics.txt	875470	4011	2cb123c680d4bc76417d26acc604da7109fcd95dd841021454a35b3ec5777989	PARTLY_RECONSTRUCTED	23	21	7	2	12	9	2	0	1	0	0	0	0
L1597603-R002	biblical_book	2Sam	5	12		4Q51	1606703	f61ii+63_64a_b+65_67	23	1597603				books/DSS-2-Samuel.txt	611906	2934	2004296-2004303	8	1	765f282444660ae997a5fefadc18288c22656e99c8a3465cc9e3d7f600f04172	linguistics/books/DSS-2-Samuel-Linguistics.txt	879481	3673	e0a6ad40ccb41f70bfe27979aaa0d1690582cf81a5acd82459059a85a541e458	PARTLY_RECONSTRUCTED	24	23	20	2	1	21	2	0	0	0	0	0	0
L1597604-R001	biblical_book	2Sam	5	12		4Q51	1606703	f61ii+63_64a_b+65_67	24	1597604				books/DSS-2-Samuel.txt	614840	3245	2004304-2004314	11	0	5168011af31ceb33b65eab9a9bbd235ff94454be84b78ce8eaef56e5a46f140d	linguistics/books/DSS-2-Samuel-Linguistics.txt	883154	5018	1b996ef934b79ad5f7f97fb960be8cedff9422ced7eed064cf393c3f8c63b2f0	PARTLY_RECONSTRUCTED	36	32	25	2	5	29	2	0	1	0	0	0	0
L1597604-R002	biblical_book	2Sam	5	13		4Q51	1606703	f61ii+63_64a_b+65_67	24	1597604				books/DSS-2-Samuel.txt	618085	2105	2004315-2004318	4	1	301d20327efeff9bc4ac91163026fdfca10f16b2c477aac273aaa35a9e3dcfe9	linguistics/books/DSS-2-Samuel-Linguistics.txt	888172	2035	6f5bc54e0ab5c9c459ae3b87d4173866206cdce956fc3c449b4b6a3cfc2dd91a	PARTLY_RECONSTRUCTED	11	11	5	0	6	5	0	0	0	0	0	0	0
L1597605-R001	biblical_book	2Sam	5	13		4Q51	1606703	f61ii+63_64a_b+65_67	25	1597605				books/DSS-2-Samuel.txt	620190	4126	2004319-2004332	14	1	30f7c031d478fba95fb02c5daad3ffbfff26923f817a4a7560cc7a3c34af2878	linguistics/books/DSS-2-Samuel-Linguistics.txt	890207	6346	ad31c41b4f4fb04a03f651a1cdb163d32e87907e075b23e64e22c0b450af9220	PARTLY_RECONSTRUCTED	48	47	31	4	12	32	4	0	0	0	0	0	0
L1597606-R001	biblical_book	2Sam	5	13		4Q51	1606703	f61ii+63_64a_b+65_67	26	1597606				books/DSS-2-Samuel.txt	624316	1774	2004333-2004336	4	0	1a90da6cd86078e2b83328bc55fd6605cc5e39362cb579db4632814dfa485368	linguistics/books/DSS-2-Samuel-Linguistics.txt	896553	1980	73a7c4cb8aaaab9dca11869f31727de8d60efb0322a2e96819435b9a6bf02f62	PARTLY_RECONSTRUCTED	11	9	3	0	6	3	0	0	1	0	0	0	0
L1597606-R002	biblical_book	2Sam	5	14		4Q51	1606703	f61ii+63_64a_b+65_67	26	1597606				books/DSS-2-Samuel.txt	626090	3305	2004337-2004347	11	1	9569d69cb5793ed9846e7328e71cfd1910c1d7c80e88318f11fe1c0f514cedb6	linguistics/books/DSS-2-Samuel-Linguistics.txt	898533	5001	a55f943b05afbab60ee9f0d826fe74f7cd98bfd8650ef8c8054512d03ce13c9b	PARTLY_RECONSTRUCTED	33	32	22	2	8	23	2	0	0	0	0	0	0
L1597607-R001	biblical_book	2Sam	5	14		4Q51	1606703	f61ii+63_64a_b+65_67	27	1597607				books/DSS-2-Samuel.txt	629395	1994	2004348-2004352	5	0	12ce33068a169dc736ac12d788dac22b7c3685aeae8cac14aeea40125d20f5d3	linguistics/books/DSS-2-Samuel-Linguistics.txt	903534	2398	73c9ef666685981cd4f33d0d781c0c13abd0ce7a3e175ce92d1a936261c87171	PARTLY_RECONSTRUCTED	12	10	6	1	3	6	1	0	1	0	0	0	0
L1597607-R002	biblical_book	2Sam	5	15		4Q51	1606703	f61ii+63_64a_b+65_67	27	1597607				books/DSS-2-Samuel.txt	631389	2910	2004353-2004363	11	0	b475bcacac0cae57d32ad537025555bbd939c146dcc2a9acd68a64e2397a9b4e	linguistics/books/DSS-2-Samuel-Linguistics.txt	905932	4918	e8929b040476da5c71a71168965d0f4c0a55bd99b45a515a08d0ed84d4e36d4c	PARTLY_RECONSTRUCTED	30	28	25	2	1	27	2	0	1	0	0	0	0
L1597607-R003	biblical_book	2Sam	5	16		4Q51	1606703	f61ii+63_64a_b+65_67	27	1597607				books/DSS-2-Samuel.txt	634299	1943	2004364-2004365	2	1	22ad8c06ce100e3d704ad179d22e55a6350a19832cfecbf32866b2fd8c963e49	linguistics/books/DSS-2-Samuel-Linguistics.txt	910850	1290	5f568a4d7b7bcad5728f0b191e1da79b2d42ca03bb9690fe7667cd05231d9427	PARTLY_RECONSTRUCTED	7	7	2	1	4	2	1	0	0	0	0	0	0
L1597608-R001	biblical_book	2Sam	5	16		4Q51	1606703	f61ii+63_64a_b+65_67	28	1597608				books/DSS-2-Samuel.txt	636242	1934	2004366-2004370	5	0	ce4440ea8e33eae0d8803857727ec20f6547274f3a80d1fc467613d2de87ad89	linguistics/books/DSS-2-Samuel-Linguistics.txt	912140	2509	96fb45449639b405a6582fc0bf716c1d8200087ab30ab5a6ebfd9e5d0c4f4742	ALL_LETTER_SLOTS_RECONSTRUCTED	16	14	14	0	0	16	0	0	1	0	0	0	0
L1597608-R002	biblical_book	2Sam	5	17		4Q51	1606703	f61ii+63_64a_b+65_67	28	1597608				books/DSS-2-Samuel.txt	638176	2523	2004371-2004374	4	2	71c229b29d5e691cbb03bc740827b0dcb310a0466bae2f019791ab5370b342ca	linguistics/books/DSS-2-Samuel-Linguistics.txt	914649	2125	d903120d4fce7240a78059c4064a6e090fd18097de927592a59b5113c1720473	ALL_LETTER_SLOTS_RECONSTRUCTED	15	15	15	0	0	15	0	0	0	0	0	0	0
L1597609-R001	biblical_book	2Sam	5	17		4Q51	1606703	f61ii+63_64a_b+65_67	29	1597609				books/DSS-2-Samuel.txt	640699	3607	2004375-2004388	14	1	0f15b3964b688064b2b29fa9a92594c1da85374d3a0779b1b89c856dc368eb09	linguistics/books/DSS-2-Samuel-Linguistics.txt	916774	6181	2004fe520186ee4093ff3447d74b589440cb1639a04308a803cb191ace513c09	ALL_LETTER_SLOTS_RECONSTRUCTED	41	41	41	0	0	41	0	0	0	0	0	0	0
L1597610-R001	biblical_book	2Sam	5	17		4Q51	1606703	f61ii+63_64a_b+65_67	30	1597610				books/DSS-2-Samuel.txt	644306	2660	2004389-2004398	10	0	ff0aa6dae92244ddce314df246168e326789c0892b5a51d27ce8b58ce809a000	linguistics/books/DSS-2-Samuel-Linguistics.txt	922955	4422	c136cb5cc655e4a4ee5954cdad3a407fefccb08660af17e974baf53db33007ca	ALL_LETTER_SLOTS_RECONSTRUCTED	27	25	25	0	0	27	0	0	1	0	0	0	0
L1597610-R002	biblical_book	2Sam	5	18		4Q51	1606703	f61ii+63_64a_b+65_67	30	1597610				books/DSS-2-Samuel.txt	646966	2240	2004399-2004403	5	1	d0aacbf1b6063b8f011abd505beeb8fb826012bb5e7894ea2c0c6c47f4899627	linguistics/books/DSS-2-Samuel-Linguistics.txt	927377	2510	313d7ac6e4de7f25662bd2e7c8ae3033c574d44bfacd32a9035aea434315566b	PARTLY_RECONSTRUCTED	17	17	9	0	8	9	0	0	0	0	0	0	0
L1597611-R001	biblical_book	2Sam	5	18		4Q51	1606703	f61ii+63_64a_b+65_67	31	1597611				books/DSS-2-Samuel.txt	649206	1767	2004404-2004407	4	0	e01db58021f0a8b4a66f5a940f7b9045a4bbb5611c507f61577bdaa0adc62f28	linguistics/books/DSS-2-Samuel-Linguistics.txt	929887	2035	1fddcfcdbb4f3c43ed5fe069047fd93ecc9eb6e3f7da353e4d8eaa3ae7f15b43	ALL_LETTER_SLOTS_RECONSTRUCTED	11	9	9	0	0	11	0	0	1	0	0	0	0
L1597611-R002	biblical_book	2Sam	5	19		4Q51	1606703	f61ii+63_64a_b+65_67	31	1597611				books/DSS-2-Samuel.txt	650973	3280	2004408-2004416	9	1	08852da3c59b9fd7e090f1a0bdc67b3931c6952f969f86d71728a842ded87a1b	linguistics/books/DSS-2-Samuel-Linguistics.txt	931922	4154	80e2ffc505ac3023af6c4c7a2934620e381b1c7cbf1a2cb01d02b74728b86ac7	PARTLY_RECONSTRUCTED	28	28	21	4	3	21	4	0	0	0	0	0	0
L1597612-R001	biblical_book	2Sam	5	19		4Q51	1606703	f61ii+63_64a_b+65_67	32	1597612				books/DSS-2-Samuel.txt	654253	4347	2004417-2004432	16	1	3c85bd2b6d13c755144c8cf95f54ef447483ce64d0ca7ba0ab44505b326a7fd1	linguistics/books/DSS-2-Samuel-Linguistics.txt	936076	6828	0b6101a9f023e90e9cfe710c1644d89c35bc05655fd21ac761cb4c2d6ba5ae97	PARTLY_RECONSTRUCTED	47	42	39	2	1	42	2	0	1	0	0	0	0
L1597613-R001	biblical_book	2Sam	6	2		4Q51	1606703	f68_76	1	1597613				books/DSS-2-Samuel.txt	658600	4112	2004433-2004447	15	1	4027647e775a66df05e0563c4def5329c14ac9369638602784d40d2adf6ab0d6	linguistics/books/DSS-2-Samuel-Linguistics.txt	942904	6603	b29759aaa8b8466735c1d16590b0bdd921accb7b406d1b7caaf1d673cafc6872	PARTLY_RECONSTRUCTED	45	44	20	3	20	20	3	0	0	0	1	0	0
L1597614-R001	biblical_book	2Sam	6	2		4Q51	1606703	f68_76	2	1597614				books/DSS-2-Samuel.txt	662712	4162	2004448-2004462	15	1	f8a63827cf6b097eb166eca01f042a2b798f60c4ab314cde7ad1cb4055f9d612	linguistics/books/DSS-2-Samuel-Linguistics.txt	949507	6522	a5a5ef0b5e12a14c45e5a8b303f805b6dca20f7458e2747930fb340c8232251a	PARTLY_RECONSTRUCTED	44	44	27	2	15	27	2	0	0	0	0	0	0
L1597615-R001	biblical_book	2Sam	6	2		4Q51	1606703	f68_76	3	1597615				books/DSS-2-Samuel.txt	666874	1574	2004463-2004464	2	0	aa2cce81465ec931931a034bf5d8ec22739b94458681ad5463e38c61aa34877b	linguistics/books/DSS-2-Samuel-Linguistics.txt	956029	1147	f9c4c6d9f8a49d41efb384fb30731b9cc47d7d4221b9698676e5170c9024bf61	ALL_LETTER_SLOTS_RECONSTRUCTED	7	4	4	0	0	7	0	0	1	0	0	0	0
L1597615-R002	biblical_book	2Sam	6	3		4Q51	1606703	f68_76	3	1597615				books/DSS-2-Samuel.txt	668448	3898	2004465-2004478	14	1	85559edcfa1e31428e15d135780bd39a873fde6bd637fae6cf92e6365cbb23fa	linguistics/books/DSS-2-Samuel-Linguistics.txt	957176	6229	15cde2b332a62489ec8811fa76abd23b3033bfef816cf37ce84a08da7daf8aae	PARTLY_RECONSTRUCTED	47	46	36	1	9	37	1	0	0	0	0	0	0
L1597616-R001	biblical_book	2Sam	6	3		4Q51	1606703	f68_76	4	1597616				books/DSS-2-Samuel.txt	672346	3687	2004479-2004493	15	0	caec3d67855d92e2bf0227411c6a793e6bf8d5ea6d7b417796161be25f9f90ab	linguistics/books/DSS-2-Samuel-Linguistics.txt	963405	6653	af5999cf500c8e6639c0eef7785b25b2a8074878e6b66136587117a1b4e57c06	PARTLY_RECONSTRUCTED	46	44	33	5	6	35	5	0	1	0	0	0	0
L1597616-R002	biblical_book	2Sam	6	4		4Q51	1606703	f68_76	4	1597616				books/DSS-2-Samuel.txt	676033	1740	2004494-2004495	2	1	8e31e1cd44e1110d97d09fba11202045ea588e9d30ca348cb557fb822a882a94	linguistics/books/DSS-2-Samuel-Linguistics.txt	970058	1213	db21b73992feb820f1ea5734cb7b79820cb3f4f3d61cc429a0c75101b9dbc222	ALL_LETTER_SLOTS_RECONSTRUCTED	6	6	6	0	0	6	0	0	0	0	0	0	0
L1597617-R001	biblical_book	2Sam	6	4		4Q51	1606703	f68_76	5	1597617				books/DSS-2-Samuel.txt	677773	2566	2004496-2004504	9	0	d96e2c6278a55a8f08a88237b09d0e97dfbe055a796a35f996f2b822b3fe20c8	linguistics/books/DSS-2-Samuel-Linguistics.txt	971271	4016	27147d1166ba7f95f21415fb0b8ceb0c16be1cdc53dc1502612b2d92d38789fa	PARTLY_RECONSTRUCTED	26	24	20	1	3	22	1	0	1	0	0	0	0
L1597617-R002	biblical_book	2Sam	6	5		4Q51	1606703	f68_76	5	1597617				books/DSS-2-Samuel.txt	680339	2773	2004505-2004512	8	1	92148058e440d05b7728771732b10d13900a602ee2c068e7f5acae8df15e15fc	linguistics/books/DSS-2-Samuel-Linguistics.txt	975287	3719	87ab625e9fb4aed1a04443d4c8e2fae46dc789a3fc62d4e842ee178a5145f74c	PARTLY_RECONSTRUCTED	24	24	13	3	8	13	3	0	0	0	0	0	0
L1597618-R001	biblical_book	2Sam	6	5		4Q51	1606703	f68_76	6	1597618				books/DSS-2-Samuel.txt	683112	4577	2004513-2004531	19	1	f327ff9179fd3d56be3043fb49595f611334620b8329c8df1138dd3cbb37f0e4	linguistics/books/DSS-2-Samuel-Linguistics.txt	979006	8044	efb5449897bac8500cdc2bb786abaeca1573bdcc838bda6a424c9678f517dce6	PARTLY_RECONSTRUCTED	47	47	15	7	25	15	7	0	0	0	0	0	0
L1597619-R001	biblical_book	2Sam	6	5		4Q51	1606703	f68_76	7	1597619				books/DSS-2-Samuel.txt	687689	1725	2004532-2004535	4	0	f742e92477e3a8ffa1dbbe6a1937b2f588c4e4e82987290fbd9e6f805ff75e89	linguistics/books/DSS-2-Samuel-Linguistics.txt	987050	1925	ab6a98e564aab87210fcac7e1f4145fee31f456d8e11fed2ccc81051fb34015d	PARTLY_RECONSTRUCTED	9	7	6	0	1	6	0	0	1	0	0	0	0
L1597619-R002	biblical_book	2Sam	6	6		4Q51	1606703	f68_76	7	1597619				books/DSS-2-Samuel.txt	689414	4476	2004536-2004551	16	1	773de3eb76f156fb27e353b82a02b70d5e2dedf0ca2df247edac5ae15eefa457	linguistics/books/DSS-2-Samuel-Linguistics.txt	988975	6887	bedd2928a33049ea90df1df99fbc28fa904b2bf536ddc4113de133cea8a20c41	PARTLY_RECONSTRUCTED	45	44	10	8	26	10	8	0	0	0	0	0	0
L1597620-R001	biblical_book	2Sam	6	6		4Q51	1606703	f68_76	8	1597620				books/DSS-2-Samuel.txt	693890	2288	2004552-2004557	6	0	cde83eaf1445e9aaaf57ae60a6276a89b859ee1d69cc83ad1c4a5c6943c65f6c	linguistics/books/DSS-2-Samuel-Linguistics.txt	995862	2765	4668c28c1aa4a0a6a58a8d7b46b255535fee6b15ee53b4e524e5c829ffe09b11	PARTLY_RECONSTRUCTED	15	12	4	3	5	5	3	0	1	0	0	0	0
L1597620-R002	biblical_book	2Sam	6	7		4Q51	1606703	f68_76	8	1597620				books/DSS-2-Samuel.txt	696178	3422	2004558-2004569	12	1	a923ed19d7f25aee83ef7c4d8692aaf172607b33d4a96c18d26a3915f08d0ddf	linguistics/books/DSS-2-Samuel-Linguistics.txt	998627	5187	fff937e487d5e928aceef8b90590543dd08c440ae7c2f531737532e472929016	PARTLY_RECONSTRUCTED	31	30	6	1	23	6	1	0	0	0	0	0	0
L1597621-R001	biblical_book	2Sam	6	7		4Q51	1606703	f68_76	9	1597621				books/DSS-2-Samuel.txt	699600	3465	2004570-2004582	13	0	a1a218d34d5f03f7fea59a950315cc0b7a9f3b97dac70a4144ffda9c606fdce1	linguistics/books/DSS-2-Samuel-Linguistics.txt	1003814	5592	e623eaaa3a3c9ea8a06c9e67d2d1af3127ec48acc3d7db5c9dd6b4f0649f3b46	PARTLY_RECONSTRUCTED	35	32	17	3	12	20	3	0	1	0	0	0	0
L1597621-R002	biblical_book	2Sam	6	8		4Q51	1606703	f68_76	9	1597621				books/DSS-2-Samuel.txt	703065	2324	2004583-2004588	6	1	a28ccea4c8de74efc8497397e3b17ca06c7e9b1ed3d8b9957350b27ce60958f5	linguistics/books/DSS-2-Samuel-Linguistics.txt	1009406	2787	ea74fb9c80c94ab86a40b80761de2809fa6d043b3b7023f64c8fb066027c92b5	PARTLY_RECONSTRUCTED	14	14	8	0	6	8	0	0	0	0	0	0	0
L1597622-R001	biblical_book	2Sam	6	8		4Q51	1606703	f68_76	10	1597622				books/DSS-2-Samuel.txt	705389	4599	2004589-2004607	19	1	886a6c3ed75114c7d5ac3df6f44312785bde2e444013b8ef635d502c48c3e280	linguistics/books/DSS-2-Samuel-Linguistics.txt	1012193	7970	b264a42c9a698879bc2af58f6856b2b4222406c1731da387f6f3b7991aaecdd8	PARTLY_RECONSTRUCTED	45	43	21	4	18	23	4	0	1	0	0	0	0
L1597623-R001	biblical_book	2Sam	6	9		4Q51	1606703	f68_76	11	1597623				books/DSS-2-Samuel.txt	709988	4396	2004608-2004621	14	3	3e47bcaae82e2bf568922f0e8302a942c84406ed6f42a87ef8a68ba74ee81378	linguistics/books/DSS-2-Samuel-Linguistics.txt	1020163	5989	2b1e4128128b202512135cff80d43e449aac88132f8153f88a6f9cfa3b99634a	PARTLY_RECONSTRUCTED	39	38	23	2	13	24	2	0	0	0	0	0	0
L1597624-R001	biblical_book	2Sam	6	9		4Q51	1606703	f68_76	12	1597624				books/DSS-2-Samuel.txt	714384	2372	2004622-2004628	7	0	6fae2fe2b7e680dd358e228c3ff5d25dc9df2d55623445144123a3f608b65154	linguistics/books/DSS-2-Samuel-Linguistics.txt	1026152	3175	c3fca666613981734fa288ef36f9795df4b4c40c8d86659a3d76d98c5490b92f	PARTLY_RECONSTRUCTED	20	18	11	2	5	13	2	0	1	0	0	0	0
L1597624-R002	biblical_book	2Sam	6	10		4Q51	1606703	f68_76	12	1597624				books/DSS-2-Samuel.txt	716756	3197	2004629-2004638	10	1	3e9bab84a383eedad679ce74717145e09bb00416bce1fdcd346fad71fdedebb3	linguistics/books/DSS-2-Samuel-Linguistics.txt	1029327	4473	c61129c77a276dd25c2a95c26ee55bcedb6aa98aa12f27d76edb33937f9eb5b9	PARTLY_RECONSTRUCTED	31	30	29	0	1	30	0	0	0	0	0	0	0
L1597625-R001	biblical_book	2Sam	6	10		4Q51	1606703	f68_76	13	1597625				books/DSS-2-Samuel.txt	719953	3475	2004639-2004652	14	0	eacbeb0461c34a4155f528932eafdfe789c81a3938b27e5dc4a249d80143ba8a	linguistics/books/DSS-2-Samuel-Linguistics.txt	1033800	6083	9b3153a162f62f5294b68e2375273247d746c6d114bd5d8f88d01f2df0d587b4	PARTLY_RECONSTRUCTED	41	38	36	2	0	39	2	0	1	0	0	0	0
L1597625-R002	biblical_book	2Sam	6	11		4Q51	1606703	f68_76	13	1597625				books/DSS-2-Samuel.txt	723428	1880	2004653-2004655	3	1	2885ddacdf3524751eee6260743ec352cb6dbe4cb3afe5d4a58913abb7dd6cbc	linguistics/books/DSS-2-Samuel-Linguistics.txt	1039883	1607	0597ad50fb78138f5c9accf3e7c64166ea7a8f02e5f1fec2348af5544156970e	ALL_LETTER_SLOTS_RECONSTRUCTED	8	8	8	0	0	8	0	0	0	0	0	0	0
L1597626-R001	biblical_book	2Sam	6	11		4Q51	1606703	f68_76	14	1597626				books/DSS-2-Samuel.txt	725308	3752	2004656-2004669	14	1	9b111c23da49481f1ed55dd5f078ca2ffb5c23e78c98b74feedc86b17b9ce1a0	linguistics/books/DSS-2-Samuel-Linguistics.txt	1041490	6232	70256f3fbee37fcdda71ac5dd9d6d60240318b1a96eb4b3a435f97f33fbfe8c3	PARTLY_RECONSTRUCTED	47	47	43	1	3	43	1	0	0	0	0	0	0
L1597627-R001	biblical_book	2Sam	6	11		4Q51	1606703	f68_76	15	1597627				books/DSS-2-Samuel.txt	729060	2007	2004670-2004674	5	0	d1f3c3e927bbc0ec749adae19dfbc02ee8897130222e8dfde47e0c5a5317027e	linguistics/books/DSS-2-Samuel-Linguistics.txt	1047722	2349	fc9bce74749fac52311ed64de4f390ab26da922959021d679f6a6ed3c995575f	ALL_LETTER_SLOTS_RECONSTRUCTED	13	10	10	0	0	13	0	0	1	0	0	0	0
L1597627-R002	biblical_book	2Sam	6	12		4Q51	1606703	f68_76	15	1597627				books/DSS-2-Samuel.txt	731067	3499	2004675-2004687	13	1	0fea92ba8f73596cf3f5d39b3b820f0198a10bf3e00a90733abe86421898bf0d	linguistics/books/DSS-2-Samuel-Linguistics.txt	1050071	5678	bb6734939ebccade6a03951dd4dca275d5f87aa3ad9b06e623170f1258d3a144	PARTLY_RECONSTRUCTED	35	35	33	2	0	33	2	0	0	0	0	0	0
L1597628-R001	biblical_book	2Sam	6	12		4Q51	1606703	f68_76	16	1597628				books/DSS-2-Samuel.txt	734566	3843	2004688-2004702	15	1	842c2952938325bff546dc1a90b6a4a30029572d9dde40af32cf63bc39d5c22b	linguistics/books/DSS-2-Samuel-Linguistics.txt	1055749	6547	6aa8308bbaa15a2221742f683ce93adb2238e629f1baa8472f8dfbba821fe335	ALL_LETTER_SLOTS_RECONSTRUCTED	45	44	44	0	0	45	0	0	0	0	0	0	0
L1597629-R001	biblical_book	2Sam	6	12		4Q51	1606703	f68_76	17	1597629				books/DSS-2-Samuel.txt	738409	3841	2004703-2004717	15	1	4827c6b5f66f7d01c4748ad0a93d40f564a2b698288453dbf5cbfec8b34a8df7	linguistics/books/DSS-2-Samuel-Linguistics.txt	1062296	6544	c8d4b0bb8b3c9374758fb5b3930091259914db80e15dcfee1a3eedc06a4cc9ee	ALL_LETTER_SLOTS_RECONSTRUCTED	44	43	43	0	0	44	0	0	0	0	0	0	0
L1597630-R001	biblical_book	2Sam	6	12		4Q51	1606703	f68_76	18	1597630				books/DSS-2-Samuel.txt	742250	2043	2004718-2004722	5	0	6d39cb49999f712d0693a75898df20e3995df3a7aeb3998540ef1a4850395c42	linguistics/books/DSS-2-Samuel-Linguistics.txt	1068840	2423	bf873530fae310fd0e57bfc495638d9115b462563c2860b1e485495cf4d91052	PARTLY_RECONSTRUCTED	14	12	9	2	1	9	2	0	1	0	0	0	0
L1597630-R002	biblical_book	2Sam	6	13		4Q51	1606703	f68_76	18	1597630				books/DSS-2-Samuel.txt	744293	3295	2004723-2004733	11	1	c308ceb5cf974019707f1772faa8102f44c791cca391accb8523464a54986bf6	linguistics/books/DSS-2-Samuel-Linguistics.txt	1071263	4919	e3470626c18199067f5fcb37c9409b850a2d836db271be4020d6b58a6935ef4c	PARTLY_RECONSTRUCTED	37	37	33	3	1	33	3	0	0	0	0	0	0
L1597631-R001	biblical_book	2Sam	6	13		4Q51	1606703	f68_76	19	1597631				books/DSS-2-Samuel.txt	747588	2589	2004734-2004740	7	0	e95c79329e50d63b925063720f6d1f26b517b2ddc7a37204ac98e8bdc1b7ae4a	linguistics/books/DSS-2-Samuel-Linguistics.txt	1076182	3299	93918e96d44120b749880957150e2577cebc30c88db23e0ea996cf04c203d262	PARTLY_RECONSTRUCTED	24	22	12	3	7	14	3	0	1	0	0	0	0
L1597631-R002	biblical_book	2Sam	6	14		4Q51	1606703	f68_76	19	1597631				books/DSS-2-Samuel.txt	750177	2774	2004741-2004749	9	1	24c4e565e8d80fceb0d8a0dbed810e1d93ea12c7b2ce0607aaa4ffe3edece752	linguistics/books/DSS-2-Samuel-Linguistics.txt	1079481	4002	5282cb6fe894116867d18f0bdd3ea1509bbe9720e0f0cb4d253bfd6e16e3c31e	ALL_LETTER_SLOTS_RECONSTRUCTED	24	24	24	0	0	24	0	0	0	0	0	0	0
L1597632-R001	biblical_book	2Sam	6	14		4Q51	1606703	f68_76	20	1597632				books/DSS-2-Samuel.txt	752951	2059	2004750-2004755	6	0	ee68ec629430d36114e74d9b977f0bf1cc3eefa586b1213825c6cf139c3c4156	linguistics/books/DSS-2-Samuel-Linguistics.txt	1083483	2787	306b6c96699fa1418b6ddebb82493ce9e8aa548adb7d99713b9dd17176b20666	PARTLY_RECONSTRUCTED	17	15	3	0	12	3	0	0	1	0	0	0	0
L1597632-R002	biblical_book	2Sam	6	15		4Q51	1606703	f68_76	20	1597632				books/DSS-2-Samuel.txt	755010	3091	2004756-2004765	10	1	71c802c1801a67ecd3b863732fc4c4173213dccd5617d8b703a11992075add2c	linguistics/books/DSS-2-Samuel-Linguistics.txt	1086270	4566	ec6a81eb8847c592557548d9020e0b9d20d429ff5039020412a3ac76d19d9f19	PARTLY_RECONSTRUCTED	32	32	29	1	2	29	1	0	0	0	0	0	0
L1597633-R001	biblical_book	2Sam	6	15		4Q51	1606703	f68_76	21	1597633				books/DSS-2-Samuel.txt	758101	2253	2004766-2004772	7	0	56e1c42b114f532c60d7d320a17e3fa9017fd8c412fc9c1e59fadd93e50350f3	linguistics/books/DSS-2-Samuel-Linguistics.txt	1090836	3195	a1369430f6eb9835a5fb521ed18baa5c381a6060aadd9ba49e05f0365e0847e8	PARTLY_RECONSTRUCTED	17	15	10	2	3	10	2	0	1	0	0	0	0
L1597633-R002	biblical_book	2Sam	6	16		4Q51	1606703	f68_76	21	1597633				books/DSS-2-Samuel.txt	760354	3241	2004773-2004784	12	1	81d4ec0b996d31c2793e66d567d2c8d175eb6391c939034c21c23608b2568788	linguistics/books/DSS-2-Samuel-Linguistics.txt	1094031	5298	c88dc7aca07ec703f6e93fac2a632839948cf442f34b6eabb677099928a423b4	PARTLY_RECONSTRUCTED	34	34	30	0	4	30	0	0	0	0	0	0	0
L1597634-R001	biblical_book	2Sam	6	16		4Q51	1606703	f68_76	22	1597634				books/DSS-2-Samuel.txt	763595	4318	2004785-2004802	18	1	cda1847f2d361d3f2bac89af79a11d589f340f0f2b2d99e70a5efcb27879de06	linguistics/books/DSS-2-Samuel-Linguistics.txt	1099329	7687	f9cba0244aab4ef6ffab9664d789e3a291b49d1c353808946e32ef5f0812a96f	PARTLY_RECONSTRUCTED	49	49	46	3	0	46	3	0	0	0	0	0	0
L1597635-R001	biblical_book	2Sam	6	16		4Q51	1606703	f68_76	23	1597635				books/DSS-2-Samuel.txt	767913	1830	2004803-2004806	4	0	8bc6bfd1ac68d06f5d96add44fa65befe65af6e50b2248478a3d424d82781c2e	linguistics/books/DSS-2-Samuel-Linguistics.txt	1107016	1910	659e53240e48a1fe686ab628f4993ec3571cf4a90253e6abde670e846bf864d4	ALL_LETTER_SLOTS_RECONSTRUCTED	9	6	6	0	0	9	0	0	1	0	0	0	0
L1597635-R002	biblical_book	2Sam	6	17		4Q51	1606703	f68_76	23	1597635				books/DSS-2-Samuel.txt	769743	4150	2004807-2004822	16	1	52be698760f8a3d8cca8add786d38031f9cc4584918f31151509d924acac8055	linguistics/books/DSS-2-Samuel-Linguistics.txt	1108926	6871	e0a6fac8fe2a516e1a0b082c3120a733156bf0a99fec29a5cee8cd29dbfac2e1	PARTLY_RECONSTRUCTED	46	44	37	1	6	39	1	0	0	0	0	0	0
L1597636-R001	biblical_book	2Sam	6	17		4Q51	1606703	f68_76	24	1597636				books/DSS-2-Samuel.txt	773893	3231	2004823-2004834	12	0	c70a587483a308afb170892d13a9504cbe412e722947b1c1383eda877a8efd3c	linguistics/books/DSS-2-Samuel-Linguistics.txt	1115797	5237	3d824f957f1698daf3b90741f316a0e490ffd73e06bc9c3a5cf82de253b369a8	PARTLY_RECONSTRUCTED	36	33	21	1	11	24	1	0	1	0	0	0	0
L1597636-R002	biblical_book	2Sam	6	18		4Q51	1606703	f68_76	24	1597636				books/DSS-2-Samuel.txt	777124	2184	2004835-2004839	5	1	69b5f67a05272371a535d61a9c0734f4122852cdae55a10ad80756a1efdebe60	linguistics/books/DSS-2-Samuel-Linguistics.txt	1121034	2407	f9cecc091815fa9ce7f4ef1a4bad4bf91838cb41a7b651331ad2cf652c7ecfb1	ALL_LETTER_SLOTS_RECONSTRUCTED	14	14	14	0	0	14	0	0	0	0	0	0	0
L1597637-R001	biblical_book	2Sam	6	18		4Q51	1606703	f68_76	25	1597637				books/DSS-2-Samuel.txt	779308	3318	2004840-2004851	12	1	7904cd278f193cdea1a874a3b7abe1cb1faf3cef6d598b8de767a83da6fe5db8	linguistics/books/DSS-2-Samuel-Linguistics.txt	1123441	5025	6d98dba6a6f88aa3e007648a68a5551f7b95ee8f63a2380f6d45f51f686baed5	PARTLY_RECONSTRUCTED	27	23	18	2	3	20	2	1	2	0	0	0	0
L1597638-R001	biblical_book	2Sam	7	6		4Q51	1606703	f77	1	1597638				books/DSS-2-Samuel.txt	782626	3860	2004852-2004866	15	1	3e11d77f617763bc5730c640f90ce780754121dae3d0e64262e67324a5dea373	linguistics/books/DSS-2-Samuel-Linguistics.txt	1128466	6545	f45cba4e002b0da705fbbe3c629a888c247e5614cc799da86763c5b522ecdaf2	PARTLY_RECONSTRUCTED	44	43	42	0	1	43	0	0	0	0	0	0	0
L1597639-R001	biblical_book	2Sam	7	6		4Q51	1606703	f77	2	1597639				books/DSS-2-Samuel.txt	786486	3257	2004867-2004881	15	0	4c1a08cdbd59140d455a89c007cac59921ca06b088b796014aa098868ecd1edc	linguistics/books/DSS-2-Samuel-Linguistics.txt	1135011	6203	a1c7d59345e1948ec4d7c2dbc43ae1aba9fcb314805b810d13fd09453047ebb3	ALL_LETTER_SLOTS_RECONSTRUCTED	32	30	30	0	0	32	0	0	1	0	0	0	0
L1597639-R002	biblical_book	2Sam	7	7		4Q51	1606703	f77	2	1597639				books/DSS-2-Samuel.txt	789743	2096	2004882-2004885	4	1	f4d54260b616910f70529e03a8ee22bc6f32eec35ef184f6caabe7e6009a2dcd	linguistics/books/DSS-2-Samuel-Linguistics.txt	1141214	2017	736caa0153000c5082efd606d622a91b626e1fbbbebe31fa5dd2aae6a514fc23	PARTLY_RECONSTRUCTED	14	14	10	0	4	10	0	0	0	0	0	0	0
L1597640-R001	biblical_book	2Sam	7	7		4Q51	1606703	f77	3	1597640				books/DSS-2-Samuel.txt	791839	3553	2004886-2004896	11	2	4bc682385d82d16bd8b26189606a06e68a213abdc873b5a5759761ba6dd546c1	linguistics/books/DSS-2-Samuel-Linguistics.txt	1143231	5000	8f2bfd78fb971eef0d4d44213d6c69cc1c116e9d47b7312636815ba0efdf3431	PARTLY_RECONSTRUCTED	35	35	34	0	1	34	0	0	0	0	0	0	0
L1597641-R001	biblical_book	2Sam	7	7		4Q51	1606703	f77	4	1597641				books/DSS-2-Samuel.txt	795392	1920	2004897-2004899	3	1	5bfc6a997c33a9c06f00bf3d6ed84b48d8853052ae726335ca0d7daf71ea7265	linguistics/books/DSS-2-Samuel-Linguistics.txt	1148231	1466	0ee0bb2514753482c213bf873a925c8e6433463ec611e8caf4b8cd064434b30d	NO_LETTER_SLOTS	6	0	0	0	0	3	1	1	3	0	0	0	0
L1597642-R001	biblical_book	2Sam	7	22		4Q51	1606703	f78_79	1	1597642				books/DSS-2-Samuel.txt	797312	1958	2004900-2004903	4	0	be28e0cc0839f49e518f0512c2bd6167f61307ccc1347342c49f35a92eb8978b	linguistics/books/DSS-2-Samuel-Linguistics.txt	1149697	1993	5bc3401396db1eac6d165ea335a3cf9d7762f9677a1e4479fd17b26d3cf785df	PARTLY_RECONSTRUCTED	15	12	11	1	0	14	1	0	1	0	0	0	0
L1597642-R002	biblical_book	2Sam	7	23		4Q51	1606703	f78_79	1	1597642				books/DSS-2-Samuel.txt	799270	3624	2004904-2004916	13	1	00a5990579bd853039e0de929e9ec962041fbe0bfa424f688fac68c4d3a8341c	linguistics/books/DSS-2-Samuel-Linguistics.txt	1151690	5677	de73340a154408088aca61a68dbee491b135906c8b4538084c2bd94744e697a5	ALL_LETTER_SLOTS_RECONSTRUCTED	36	34	34	0	0	36	0	0	0	0	0	0	0
L1597643-R001	biblical_book	2Sam	7	23		4Q51	1606703	f78_79	2	1597643				books/DSS-2-Samuel.txt	802894	4484	2004917-2004934	18	1	08fc82863cb2460a213fb836c98d4b86e50f19dd3eeef108d960c46305d5fb3c	linguistics/books/DSS-2-Samuel-Linguistics.txt	1157367	7552	9c8bad22437ae4711aebfba0affb469c3ce81187d22e4f016ae02b3d8ebb0cd1	PARTLY_RECONSTRUCTED	48	46	39	1	6	41	1	0	0	0	0	0	0
L1597644-R001	biblical_book	2Sam	7	23		4Q51	1606703	f78_79	3	1597644				books/DSS-2-Samuel.txt	807378	3205	2004935-2004946	12	0	a54ece51285152219712783e3555f53a448c2546d4483485694d5feb05235f6a	linguistics/books/DSS-2-Samuel-Linguistics.txt	1164919	5255	e5b8ce0fd6cdacac9429db2b1554e5208cb2871e9f5539e7bd2b9e67a9b4b117	PARTLY_RECONSTRUCTED	36	32	23	0	9	25	0	0	1	0	0	0	0
L1597644-R002	biblical_book	2Sam	7	24		4Q51	1606703	f78_79	3	1597644				books/DSS-2-Samuel.txt	810583	2391	2004947-2004951	5	1	52bfa60837637142918cd832f2b7b72c840ec1022ca3d4e3af66947a7e603e9c	linguistics/books/DSS-2-Samuel-Linguistics.txt	1170174	2467	9ef1980e4eb20e22e9f7896b19309edd87f6cf6b1d53ca133caeb75c3bd942ad	PARTLY_RECONSTRUCTED	17	16	14	1	1	15	1	0	0	0	0	0	0
L1597645-R001	biblical_book	2Sam	7	24		4Q51	1606703	f78_79	4	1597645				books/DSS-2-Samuel.txt	812974	3281	2004952-2004964	13	0	707ec6641ac3d56c998c6fb7d77308bca134e71bddb29a3cc4e2a8872514a31d	linguistics/books/DSS-2-Samuel-Linguistics.txt	1172641	5543	e6ff5ffe85a8d3e92b980e9d183553916e46df9d0cf0b87562a32e333da4291c	PARTLY_RECONSTRUCTED	37	33	24	0	9	25	0	0	1	0	0	0	0
L1597645-R002	biblical_book	2Sam	7	25		4Q51	1606703	f78_79	4	1597645				books/DSS-2-Samuel.txt	816255	2077	2004965-2004968	4	1	8c5e9e76d71b3ac44aa49c9eb7e4749d0962f2bf6beee53ac5ded8868d93e94c	linguistics/books/DSS-2-Samuel-Linguistics.txt	1178184	2047	f4d8057a04ff9b7b067d0e55145723feb5d2cd647178b75c052ee5cde0be7648	PARTLY_RECONSTRUCTED	12	12	10	0	2	10	0	0	0	0	0	0	0
L1597646-R001	biblical_book	2Sam	7	25		4Q51	1606703	f78_79	5	1597646				books/DSS-2-Samuel.txt	818332	4542	2004969-2004986	18	1	2f4922277e6712c97f1824b369767b983bea324ebf00e0e71c94498c9eb6bf80	linguistics/books/DSS-2-Samuel-Linguistics.txt	1180231	7662	eec41a595ba01532e2518724c2db1a64e2b0832640875c4ac605b90d333fac7e	PARTLY_RECONSTRUCTED	50	46	38	4	4	40	4	0	1	0	0	0	0
L1597647-R001	biblical_book	2Sam	7	26		4Q51	1606703	f78_79	6	1597647				books/DSS-2-Samuel.txt	822874	4031	2004987-2005000	14	1	a8376f40886327b9e053d561333e070649cb4e1c4c2a75d56a9d29429241d287	linguistics/books/DSS-2-Samuel-Linguistics.txt	1187893	6219	ed737b5735f5ad2c6f9925e4a4e6b7dcef83de0e3d4323503649fa2b4a6802fe	PARTLY_RECONSTRUCTED	46	45	33	4	8	34	4	0	0	0	0	0	0
L1597648-R001	biblical_book	2Sam	7	26		4Q51	1606703	f78_79	7	1597648				books/DSS-2-Samuel.txt	826905	2496	2005001-2005007	7	0	054aa3bd2126f69e96ea50c32ea1ecb8e306820a80e7b9cee92907b87d047521	linguistics/books/DSS-2-Samuel-Linguistics.txt	1194112	3240	5a01e2dfd8875f7cffa86376d7673d144e8825a372c373e1f68548ee4dac76b1	ALL_LETTER_SLOTS_RECONSTRUCTED	25	21	21	0	0	25	0	0	1	0	0	0	0
L1597648-R002	biblical_book	2Sam	7	27		4Q51	1606703	f78_79	7	1597648				books/DSS-2-Samuel.txt	829401	2526	2005008-2005013	6	1	a5d8c0c0dbe1240e757517009e328eb67415ca59c0399d7ad14aef1149b13efe	linguistics/books/DSS-2-Samuel-Linguistics.txt	1197352	3025	cb10943f9164654a6fdf113e767ef6911cbbbdd1a1c920c70601350087ccc020	PARTLY_RECONSTRUCTED	24	24	12	1	11	12	1	0	0	0	0	0	0
L1597649-R001	biblical_book	2Sam	7	27		4Q51	1606703	f78_79	8	1597649				books/DSS-2-Samuel.txt	831927	4433	2005014-2005029	16	1	599918e281190e83b5c95fe2fc751a646e5b37ed0811c0470e309d1f184106af	linguistics/books/DSS-2-Samuel-Linguistics.txt	1200377	6859	4992bd2391f446c672ff50f922f2868243f32799a2fce444cc2f5934db6a7c78	PARTLY_RECONSTRUCTED	50	46	33	0	13	35	0	0	0	0	0	0	0
L1597650-R001	biblical_book	2Sam	7	27		4Q51	1606703	f78_79	9	1597650				books/DSS-2-Samuel.txt	836360	2295	2005030-2005036	7	0	e832ec1bfe96d37a4d44795750e9fb5849c98dd141fa4bd1ef5f4830cbf9865c	linguistics/books/DSS-2-Samuel-Linguistics.txt	1207236	3124	a5f414b82b99c418325fb6541b6501ff67d4cc28e92943baa746925ca7642fa7	ALL_LETTER_SLOTS_RECONSTRUCTED	18	15	15	0	0	18	0	0	1	0	0	0	0
L1597650-R002	biblical_book	2Sam	7	28		4Q51	1606703	f78_79	9	1597650				books/DSS-2-Samuel.txt	838655	3099	2005037-2005046	10	1	8e12bc7bf6a689403ec05571bff5e10c778d56983d877700225c60c2d76c291a	linguistics/books/DSS-2-Samuel-Linguistics.txt	1210360	4530	d47e9959fcca1422f52f829a523da542c1e963ba2f4763f9a62338ee1f3f789e	PARTLY_RECONSTRUCTED	31	30	15	1	14	15	1	0	0	0	0	0	0
L1597651-R001	biblical_book	2Sam	7	28		4Q51	1606703	f78_79	10	1597651				books/DSS-2-Samuel.txt	841754	3053	2005047-2005058	12	0	712b45592fcdf2a46e0d604152f2df4ef424809e8e7a3d1f28f31ca1e91b89f3	linguistics/books/DSS-2-Samuel-Linguistics.txt	1214890	5119	0b0b79322cf0e82c7b4196f647ee3c01ca03946d283af00fefb0ab476024ebe8	ALL_LETTER_SLOTS_RECONSTRUCTED	32	29	29	0	0	32	0	0	1	0	0	0	0
L1597651-R002	biblical_book	2Sam	7	29		4Q51	1606703	f78_79	10	1597651				books/DSS-2-Samuel.txt	844807	2252	2005059-2005063	5	1	2544fff4047730f4dfed8434ed5cc5b79ed2a8837e17a96a08e81540dcc3c981	linguistics/books/DSS-2-Samuel-Linguistics.txt	1220009	2384	61a41d9e2e4017c7b184d39c8cc4b6ed2625ad211884bb2ad4312e4e8079c811	NO_LETTER_RECONSTRUCTION_MARKED	12	12	0	1	11	0	1	0	0	0	0	0	0
L1597652-R001	biblical_book	2Sam	7	29		4Q51	1606703	f78_79	11	1597652				books/DSS-2-Samuel.txt	847059	4522	2005064-2005081	18	1	76684e2cb28c6de52fef80bf30b6043be4294448e610339faa7a2fcd1b824cff	linguistics/books/DSS-2-Samuel-Linguistics.txt	1222393	7724	9d8b8f658f5dcde65e3a16eb1cd12f1a9498538a6625fbd12c672094adcb5ede	PARTLY_RECONSTRUCTED	53	48	43	0	5	45	0	0	1	0	0	0	0
L1597653-R001	biblical_book	2Sam	8	1		4Q51	1606703	f80_83	1	1597653				books/DSS-2-Samuel.txt	851581	3438	2005082-2005095	14	0	b1d984947284fc70386595aa0e2fbea3bb87a213aa344a9d96f7f97bd43172f7	linguistics/books/DSS-2-Samuel-Linguistics.txt	1230117	6146	72fa2fea222434a7a672791143d31a66214af1e2fc32debc5589252411e52536	PARTLY_RECONSTRUCTED	44	41	35	0	6	38	0	0	1	0	0	0	0
L1597653-R002	biblical_book	2Sam	8	2		4Q51	1606703	f80_83	1	1597653				books/DSS-2-Samuel.txt	855019	1845	2005096-2005098	3	1	3709b4ccd1b65bbf058f84de5337b65cf566a5621f6b182f67d167f91ac4e7c0	linguistics/books/DSS-2-Samuel-Linguistics.txt	1236263	1543	f8a28413aa6b1f745050d7c14f998415d9e4320b529719f0b47905bbff7db15e	ALL_LETTER_SLOTS_RECONSTRUCTED	5	5	5	0	0	5	0	0	0	0	0	0	0
L1597654-R001	biblical_book	2Sam	8	2		4Q51	1606703	f80_83	2	1597654				books/DSS-2-Samuel.txt	856864	3974	2005099-2005112	14	1	b5f8d9190424cdac1dc960f0785a755d76726675e4fbbbe0866fec56e12b48bc	linguistics/books/DSS-2-Samuel-Linguistics.txt	1237806	6148	900b75958d3dc13a1d467c57b31ff384b0c002d260419cab3b3ca4b256c37471	PARTLY_RECONSTRUCTED	44	42	34	2	6	35	2	0	0	0	0	0	0
L1597655-R001	biblical_book	2Sam	8	2		4Q51	1606703	f80_83	3	1597655				books/DSS-2-Samuel.txt	860838	3972	2005113-2005128	16	1	ac1ced105d74ad73da104578a68d90214e1a3ce09d7a641712d6ef843bee8c65	linguistics/books/DSS-2-Samuel-Linguistics.txt	1243954	6849	95758f80b95657dc05079c8263d50519c215d7f65fc54e058dfcfa2d129d95ce	PARTLY_RECONSTRUCTED	45	45	40	1	4	40	1	0	0	0	0	0	0
L1597656-R001	biblical_book	2Sam	8	2		4Q51	1606703	f80_83	4	1597656				books/DSS-2-Samuel.txt	864810	1443	2005129-2005130	2	0	05915a0007b1ec76a296a8e06c5b3311de9f2405c0dcbfdf492f9d2103a498e6	linguistics/books/DSS-2-Samuel-Linguistics.txt	1250803	1180	c3548c58cc03d2b0691466a4755c485381c3ac8e51ce194b802c0009fde4c498	ALL_LETTER_SLOTS_RECONSTRUCTED	6	4	4	0	0	6	0	0	1	0	0	0	0
L1597656-R002	biblical_book	2Sam	8	3		4Q51	1606703	f80_83	4	1597656				books/DSS-2-Samuel.txt	866253	3803	2005131-2005144	14	1	104e26a3ddd75a4983ea67f7b51a4add366e31e6c5a49d5e5c9c864ac765ab38	linguistics/books/DSS-2-Samuel-Linguistics.txt	1251983	6183	070baf201fd5e627e8a18fe037ba4a6b86bbd201a5185d1035667c7ca5224535	PARTLY_RECONSTRUCTED	42	40	35	0	5	37	0	0	0	0	0	0	0
L1597657-R001	biblical_book	2Sam	8	3		4Q51	1606703	f80_83	5	1597657				books/DSS-2-Samuel.txt	870056	1713	2005145-2005148	4	0	569c037c7f9c2a9ffb5d1b140ed00ae047d02e0c2cd866cbc3d208fc110cf565	linguistics/books/DSS-2-Samuel-Linguistics.txt	1258166	1950	c7f4700d60c7e60895573b49b658b607cfaa6ab2c5c5655d95b2d166cbb3fb42	ALL_LETTER_SLOTS_RECONSTRUCTED	9	7	7	0	0	9	0	0	1	0	0	0	0
L1597657-R002	biblical_book	2Sam	8	4		4Q51	1606703	f80_83	5	1597657				books/DSS-2-Samuel.txt	871769	3190	2005149-2005158	10	1	083b3c5403eb3e8b28746f10f8e54d9268fb8963b2715c72183f74622bdf2fef	linguistics/books/DSS-2-Samuel-Linguistics.txt	1260116	4559	c080178132aa9d260d9c223480f13ddea1b571f21df1d8dde798065875c3a1e9	PARTLY_RECONSTRUCTED	35	34	26	1	7	27	1	0	0	0	0	0	0
L1597658-R001	biblical_book	2Sam	8	4		4Q51	1606703	f80_83	6	1597658				books/DSS-2-Samuel.txt	874959	3808	2005159-2005173	15	1	9bded19c34b92950d9f5f5870fe42f50f7f7966f069baf9a9b58752a2530b544	linguistics/books/DSS-2-Samuel-Linguistics.txt	1264675	6450	4138a31b3673cd513525701680a3ae72da6cd1f6aed4f999e56a632984e2a581	ALL_LETTER_SLOTS_RECONSTRUCTED	42	41	41	0	0	42	0	0	0	0	0	0	0
L1597659-R001	biblical_book	2Sam	8	4		4Q51	1606703	f80_83	7	1597659				books/DSS-2-Samuel.txt	878767	1896	2005174-2005177	4	0	b398c578382140228f4abb41702c81499002eca999fa791a69d0add2d4c94de3	linguistics/books/DSS-2-Samuel-Linguistics.txt	1271125	1977	7512eda6fd51358fd3e6aa05b46ac3576d35904451d969fbe87737db3189ad83	ALL_LETTER_SLOTS_RECONSTRUCTED	13	10	10	0	0	13	0	0	1	0	0	0	0
L1597659-R002	biblical_book	2Sam	8	5		4Q51	1606703	f80_83	7	1597659				books/DSS-2-Samuel.txt	880663	2965	2005178-2005187	10	1	725fe4b6c3508f412ce069a0c778ae9070355a5a290b1a9b7b8b7026f33bc640	linguistics/books/DSS-2-Samuel-Linguistics.txt	1273102	4582	aceb2f8bbbadff28ec076e714b95d5a7e397c86d3ebd724f644833943a50cdf4	ALL_LETTER_SLOTS_RECONSTRUCTED	31	31	31	0	0	31	0	0	0	0	0	0	0
L1597660-R001	biblical_book	2Sam	8	5		4Q51	1606703	f80_83	8	1597660				books/DSS-2-Samuel.txt	883628	2881	2005188-2005198	11	0	def412d084b08b57c362b15dc334e153d7803d78cd51da19257ed8d895324da4	linguistics/books/DSS-2-Samuel-Linguistics.txt	1277684	4878	3c0bd19f9bac383ab80f8b61ac944c251fd04cf23a86a97b61b2799079ba60ff	PARTLY_RECONSTRUCTED	29	27	24	1	2	26	1	0	1	0	0	0	0
L1597660-R002	biblical_book	2Sam	8	6		4Q51	1606703	f80_83	8	1597660				books/DSS-2-Samuel.txt	886509	2054	2005199-2005202	4	1	30159c5d1e2177e6f8bade3bdc72bb4fbe00252e626c24df20869da9d3789971	linguistics/books/DSS-2-Samuel-Linguistics.txt	1282562	2049	f3c779616b28d313252d29a24baeddff90828aa050a4f32908597098165a7915	ALL_LETTER_SLOTS_RECONSTRUCTED	13	13	13	0	0	13	0	0	0	0	0	0	0
L1597661-R001	biblical_book	2Sam	8	6		4Q51	1606703	f80_83	9	1597661				books/DSS-2-Samuel.txt	888563	3614	2005203-2005216	14	1	af19c87cdc5b6f32b000404a16434bda04fd175362299c83c92d5b6c6f072613	linguistics/books/DSS-2-Samuel-Linguistics.txt	1284611	6161	1ce20f3cc6d135882a0db3a9c3a68afe128ffa4df6e8b03788bde525defe2a46	PARTLY_RECONSTRUCTED	42	42	35	0	7	35	0	0	0	0	0	0	0
L1597662-R001	biblical_book	2Sam	8	6		4Q51	1606703	f80_83	10	1597662				books/DSS-2-Samuel.txt	892177	2184	2005217-2005223	7	0	0da97773bf0c2ba9b399f91fe26c0b514d2dd7594df168db73f52aae11379557	linguistics/books/DSS-2-Samuel-Linguistics.txt	1290772	3156	015f46964fc4b2679dad5d77769e730c291e4ebc15ecf87aaff2d775701ddef9	ALL_LETTER_SLOTS_RECONSTRUCTED	18	16	16	0	0	18	0	0	1	0	0	0	0
L1597662-R002	biblical_book	2Sam	8	7		4Q51	1606703	f80_83	10	1597662				books/DSS-2-Samuel.txt	894361	2992	2005224-2005232	9	1	717f4e8e465a45b46605b87c15d0e6a74c8e60fd6d4b6aaba1053e28282eada7	linguistics/books/DSS-2-Samuel-Linguistics.txt	1293928	4033	807ce22ab9131107d3f375ef12908d9c3c792374cf59550aee0bc0a5a40e045b	PARTLY_RECONSTRUCTED	24	24	17	3	4	17	3	0	0	0	0	0	0
L1597663-R001	biblical_book	2Sam	8	7		4Q51	1606703	f80_83	11	1597663				books/DSS-2-Samuel.txt	897353	3826	2005233-2005243	11	1	aa9d8592fbad116c021d3155132de7a5925b02b6702bfd27c332579d29c6eace	linguistics/books/DSS-2-Samuel-Linguistics.txt	1297961	5125	8a168fd241707034780008c4738b76dacf297b12c65c42e8d162ad78e36469ad	PARTLY_RECONSTRUCTED	44	41	32	2	7	34	2	0	1	0	0	0	0
L1597664-R001	biblical_book	2Sam	8	7		4Q51	1606703	f80_83	12	1597664				books/DSS-2-Samuel.txt	901179	3358	2005244-2005255	12	0	7928fd76c52c4648e5704f6f9b0052b1eeb85aba86ea80173cb1644c3c141794	linguistics/books/DSS-2-Samuel-Linguistics.txt	1303086	5469	dcbfd134f8183321b8729ddcb8678e698b296b884b508f544763cc71c4bb2d5d	PARTLY_RECONSTRUCTED	42	39	16	3	20	18	3	0	1	0	0	0	0
L1597664-R002	biblical_book	2Sam	8	8		4Q51	1606703	f80_83	12	1597664				books/DSS-2-Samuel.txt	904537	1838	2005256-2005258	3	1	36676665516bdcb096604faa90dc54f672ceb5d693c4a3a4d3f5143361d7bdc8	linguistics/books/DSS-2-Samuel-Linguistics.txt	1308555	1572	c33348d5e5ce9b4d5a4eaccb0f23e80028c804921d7af4409203b7a7072f619d	ALL_LETTER_SLOTS_RECONSTRUCTED	5	5	5	0	0	5	0	0	0	0	0	0	0
L1597665-R001	biblical_book	2Sam	8	8		4Q51	1606703	f80_83	13	1597665				books/DSS-2-Samuel.txt	906375	3513	2005259-2005271	13	1	38e4cc96474a95b44c397543d5afc7de97bdb3b5c970c35c1898689cead85e3d	linguistics/books/DSS-2-Samuel-Linguistics.txt	1310127	5741	26814aaa3d8093533b77a42ca4aa938ee7a3c3beae910120d7d2c8463e6d6afb	PARTLY_RECONSTRUCTED	39	37	10	1	26	12	1	0	1	0	0	0	0
L1597666-R001	biblical_book	2Sam	9	8		4Q51	1606703	f84	1	1597666				books/DSS-2-Samuel.txt	909888	3626	2005272-2005285	14	1	ac17a20091d9abd0640f8022be6a6102edecef61b2088c0e50ab092d82756d06	linguistics/books/DSS-2-Samuel-Linguistics.txt	1315868	5876	3bea9e36b1a7624708825ca567d11d6e7e3d84cb1a5e6b63dd6cb570caf94d87	PARTLY_RECONSTRUCTED	35	32	30	0	2	33	0	1	1	0	0	0	0
L1597667-R001	biblical_book	2Sam	9	8		4Q51	1606703	f84	2	1597667				books/DSS-2-Samuel.txt	913514	1743	2005286-2005288	3	0	b2a5291f5005617c45e0f055b641f5a7e0efc3493d18b08e21eb20457abd0ddb	linguistics/books/DSS-2-Samuel-Linguistics.txt	1321744	1595	e6aa043747ecdec5e61fc7d0aec51b609e54de80b87b93e1aa034c64968909a9	ALL_LETTER_SLOTS_RECONSTRUCTED	11	8	8	0	0	11	0	0	1	0	0	0	0
L1597667-R002	biblical_book	2Sam	9	9		4Q51	1606703	f84	2	1597667				books/DSS-2-Samuel.txt	915257	4061	2005289-2005304	16	1	172b5fc06b616389c943fb1ebdba76d7989b66d3d3f39fa966df7157bbf94303	linguistics/books/DSS-2-Samuel-Linguistics.txt	1323339	6833	07e41cd1ea65516e7f73839407dd9f0a390b4b073ca1d8e64a04cc0b8ac16b79	PARTLY_RECONSTRUCTED	45	44	41	1	2	42	1	0	0	0	0	0	0
L1597668-R001	biblical_book	2Sam	9	9		4Q51	1606703	f84	3	1597668				books/DSS-2-Samuel.txt	919318	2708	2005305-2005313	9	0	ec323de4be3db8424b8eeea8588710349f7ef7d089536c53c3e9df097a8a11c8	linguistics/books/DSS-2-Samuel-Linguistics.txt	1330172	3930	83eb73daf03b2cc3de4140a3000768b5f44e1aa21fd48212e11c8fc89f561ca9	ALL_LETTER_SLOTS_RECONSTRUCTED	24	20	20	0	0	24	0	0	1	0	0	0	0
L1597668-R002	biblical_book	2Sam	9	10		4Q51	1606703	f84	3	1597668				books/DSS-2-Samuel.txt	922026	3210	2005314-2005323	10	1	2c98bde6c0b1d112c911636af6e1e2c1402ea71a7490140b34413405c13061d1	linguistics/books/DSS-2-Samuel-Linguistics.txt	1334102	4332	b458c259c4bca104167ef1470844383964e57fbd38460f7773ea3dd1e5ace370	PARTLY_RECONSTRUCTED	26	22	18	2	2	19	2	0	1	0	0	0	0
L1597669-R001	biblical_book	2Sam	10	4		4Q51	1606703	f85	1	1597669				books/DSS-2-Samuel.txt	925236	4442	2005324-2005338	15	1	2b9b2ac34c5630e538afb0393bcbf246ee24d1f1f29c102739efd79123904bdd	linguistics/books/DSS-2-Samuel-Linguistics.txt	1338434	6433	e572ba2e592e0b5739032ae113e4d5042e2134c57a038aadbf3dce86e8108686	PARTLY_RECONSTRUCTED	50	44	39	1	4	43	1	0	1	0	0	0	0
L1597670-R001	biblical_book	2Sam	10	5		4Q51	1606703	f85	2	1597670				books/DSS-2-Samuel.txt	929678	4032	2005339-2005354	16	1	dcd2039d669924a4297a85317b5d22beb6ffa0d967a011ee258caaad87465e1f	linguistics/books/DSS-2-Samuel-Linguistics.txt	1344867	6780	17638b58f3487f3d8f245949d958af53f1a18cf997a2340017ee84ac3e4c538b	PARTLY_RECONSTRUCTED	47	46	39	2	5	40	2	0	0	0	0	0	0
L1597671-R001	biblical_book	2Sam	10	5		4Q51	1606703	f85	3	1597671				books/DSS-2-Samuel.txt	933710	3832	2005355-2005367	13	1	2db252f1d0da4ed6c4e0b007beb3d2df3860a6836b0d88ca3189f8f978b4b757	linguistics/books/DSS-2-Samuel-Linguistics.txt	1351647	5657	689b627c5a5356f5afb1c1453b0d59fcf5086d1017b17dcbff6b9ff7f613e16d	PARTLY_RECONSTRUCTED	38	35	21	5	9	24	5	0	1	0	0	0	0
L1597672-R001	biblical_book	2Sam	10	6		4Q51	1606703	f86_87	1	1597672				books/DSS-2-Samuel.txt	937542	3806	2005368-2005382	15	1	db4042af575f0d7e18bcf4b449977b4ff0278a070c8a5e96092f075ae33047d5	linguistics/books/DSS-2-Samuel-Linguistics.txt	1357304	6625	b242e87ac22b419d3b571ef71dac1c5474c6f0ec299e2ec00709716aa7a395e1	PARTLY_RECONSTRUCTED	47	47	38	1	8	38	1	0	0	0	0	0	0
L1597673-R001	biblical_book	2Sam	10	6		4Q51	1606703	f86_87	2	1597673				books/DSS-2-Samuel.txt	941348	4321	2005383-2005399	17	1	a4e2d5e6d654798f910e1f3a8f982f2451969bb49865e5d97384d6d0070e3491	linguistics/books/DSS-2-Samuel-Linguistics.txt	1363929	7297	2dab26217bef4dff32e6f5de067da661ad1776910de7730fe443f7e266621f8a	PARTLY_RECONSTRUCTED	46	45	32	3	10	33	3	0	0	0	0	0	0
L1597674-R001	biblical_book	2Sam	10	6		4Q51	1606703	f86_87	3	1597674				books/DSS-2-Samuel.txt	945669	4257	2005400-2005415	16	1	e9d9d0571671f8587b3820d0087ae104752bb2f4f90a9ff252e48e48680b46e5	linguistics/books/DSS-2-Samuel-Linguistics.txt	1371226	6964	afa6dcc7acead69a39b9bc69d3fd071c73cec3fa82477dc3ab89047814ccc4f0	PARTLY_RECONSTRUCTED	46	45	33	4	8	34	4	0	0	0	0	0	0
L1597675-R001	biblical_book	2Sam	10	6		4Q51	1606703	f86_87	4	1597675				books/DSS-2-Samuel.txt	949926	4431	2005416-2005434	19	1	282bf4a98738a5dc6d4adb293269f1ff966b25267b5c674816a0e091a4ee4465	linguistics/books/DSS-2-Samuel-Linguistics.txt	1378190	7951	53f755c38b36f440841b4056c02a803680640c77eb68392775e0f5a4ab3df2f3	PARTLY_RECONSTRUCTED	51	49	36	2	11	36	2	0	1	0	0	0	0
L1597676-R001	biblical_book	2Sam	10	7		4Q51	1606703	f86_87	5	1597676				books/DSS-2-Samuel.txt	954357	4055	2005435-2005450	16	1	b70771827274fefae09e819908443058d0d895d8f21c47d2c0e435c31da1748a	linguistics/books/DSS-2-Samuel-Linguistics.txt	1386141	6802	4e95cdc6c14a23bb8fb589e58535ddb262727379fa9ca04ee08c830d0aaf8a7d	PARTLY_RECONSTRUCTED	42	40	34	2	4	36	2	0	1	0	0	0	0
L1597677-R001	biblical_book	2Sam	10	18		4Q51	1606703	f88	1	1597677				books/DSS-2-Samuel.txt	958412	4109	2005451-2005467	17	1	ae2bed93fd978ce0a8d6f050721b2d948f3bf499a718769b68ad4b232cef1e7f	linguistics/books/DSS-2-Samuel-Linguistics.txt	1392943	7527	c92cd2a7d943b646b242794b94d08ded4f57c5d7953a51312ac7be00d73b8101	PARTLY_RECONSTRUCTED	49	49	46	2	1	46	2	0	0	0	0	0	0
L1597678-R001	biblical_book	2Sam	10	18		4Q51	1606703	f88	2	1597678				books/DSS-2-Samuel.txt	962521	2455	2005468-2005475	8	0	c3099e678693d6d27cbbd9ee345c784a1b3669d071363b1f3f3cedb95306bb15	linguistics/books/DSS-2-Samuel-Linguistics.txt	1400470	3580	4a15c66e1c2199560682e58cc3e17d32e52c2d2e6e53dcba47b3a07d9c60c4d6	PARTLY_RECONSTRUCTED	23	20	12	0	8	15	0	0	1	0	0	0	0
L1597678-R002	biblical_book	2Sam	10	19		4Q51	1606703	f88	2	1597678				books/DSS-2-Samuel.txt	964976	2509	2005476-2005482	7	1	78c4d07fb6c4ea4a68aec03d399ed6cdfa63c59dc1d10e3cc2d200f4c7345140	linguistics/books/DSS-2-Samuel-Linguistics.txt	1404050	3312	2d195c420811115072c3d8880ccb9cde80548d6a17cbd9ceecf9e36dbb6322c3	ALL_LETTER_SLOTS_RECONSTRUCTED	23	23	23	0	0	23	0	0	0	0	0	0	0
L1597679-R001	biblical_book	2Sam	10	19		4Q51	1606703	f88	3	1597679				books/DSS-2-Samuel.txt	967485	4173	2005483-2005498	16	1	e5bb7d150a0181202780b946cf45d115ea8db44be648d61743bf653cdfdbb45e	linguistics/books/DSS-2-Samuel-Linguistics.txt	1407362	7003	7df2587e1f73848cdd2f6f6965bb694171dbd595a3fcfacd5c480bf12e35cb3c	PARTLY_RECONSTRUCTED	51	50	42	1	7	43	1	0	0	0	0	0	0
L1597680-R001	biblical_book	2Sam	10	19		4Q51	1606703	f88	4	1597680				books/DSS-2-Samuel.txt	971658	2861	2005499-2005503	5	3	c69ee8cb3c5d6a448e04862152ab8fd76aec84c5c9e8a76a76376311a9635940	linguistics/books/DSS-2-Samuel-Linguistics.txt	1414365	2392	efee83bd646b28b8db4c3582ce38ca2962f5d8a57835f01bbf695316e2421806	ALL_LETTER_SLOTS_RECONSTRUCTED	14	12	12	0	0	14	0	0	1	0	0	0	0
L1597681-R001	biblical_book	2Sam	11	2		4Q51	1606703	f89_92	1	1597681				books/DSS-2-Samuel.txt	974519	1896	2005504-2005506	3	1	882eb9b9443b3414c7bd1f65188c012352a6834a3b711878342eccc9b3cb20d2	linguistics/books/DSS-2-Samuel-Linguistics.txt	1416757	1541	9122ce14b1a937438adc5bb93041501eacbe4e1d5b346e9eb7c26ae167f00086	PARTLY_RECONSTRUCTED	8	6	1	0	5	3	0	1	1	0	0	0	0
L1597682-R001	biblical_book	2Sam	11	2		4Q51	1606703	f89_92	2	1597682				books/DSS-2-Samuel.txt	976415	4001	2005507-2005524	18	1	a779ebfc6d79116a6ceea2a579e6eabd6d62705a9eab7d442fde55baafe4aed3	linguistics/books/DSS-2-Samuel-Linguistics.txt	1418298	7582	2308f3d47301d66d6673fb18a9ebc8e1d931b33959cadce0c5b3a08c51c73bea	PARTLY_RECONSTRUCTED	40	40	35	0	5	35	0	0	0	0	0	0	0
L1597683-R001	biblical_book	2Sam	11	2		4Q51	1606703	f89_92	3	1597683				books/DSS-2-Samuel.txt	980416	1769	2005525-2005528	4	0	6d653908e7191272f4fa43838ea281c4b55d721109160c88e985e81952e7ef7b	linguistics/books/DSS-2-Samuel-Linguistics.txt	1425880	2015	1dcc51e6dcaa4ac1e1e624dba132bbf06bf525bb9efe1784af64853a348fb65b	ALL_LETTER_SLOTS_RECONSTRUCTED	13	11	11	0	0	13	0	0	1	0	0	0	0
L1597683-R002	biblical_book	2Sam	11	3		4Q51	1606703	f89_92	3	1597683				books/DSS-2-Samuel.txt	982185	3514	2005529-2005542	14	1	a5c3026ca48e7055b546049d5fd2eed1eb476a95bc61baa729b047dd59391ccc	linguistics/books/DSS-2-Samuel-Linguistics.txt	1427895	5960	1ae6996eee5c9cdcd6e0cac7e96dd941a55752fd27d4251afb15013daeb8e25a	PARTLY_RECONSTRUCTED	36	36	30	0	6	30	0	0	0	0	0	0	0
L1597684-R001	biblical_book	2Sam	11	3		4Q51	1606703	f89_92	4	1597684				books/DSS-2-Samuel.txt	985699	2824	2005543-2005552	10	0	8cdb61b522a0d46924a751e51842f653791af5766277d84f961d3deeaf2a7c85	linguistics/books/DSS-2-Samuel-Linguistics.txt	1433855	4583	07f7678d9031051c3b0dc579b82eb7eb598f507cfe770110e8290bc841d3f0ac	PARTLY_RECONSTRUCTED	32	30	18	1	11	18	1	0	1	0	0	0	0
L1597684-R002	biblical_book	2Sam	11	4		4Q51	1606703	f89_92	4	1597684				books/DSS-2-Samuel.txt	988523	2122	2005553-2005556	4	1	21b3f3f578321909951d9ca96bba3e0b6f848041b4f8a5aec0b2a69a7cc27eb7	linguistics/books/DSS-2-Samuel-Linguistics.txt	1438438	2090	cd597e0ba7efcb89fb5d7d96b86f11b2ec2bff4849bb46b22deaa45c3ea26274	PARTLY_RECONSTRUCTED	15	15	8	1	6	8	1	0	0	0	0	0	0
L1597685-R001	biblical_book	2Sam	11	4		4Q51	1606703	f89_92	5	1597685				books/DSS-2-Samuel.txt	990645	4350	2005557-2005572	16	0	00eaae74ab862c0f7891e54fa4a998378c2c4bcb0da3a9b82ed9dc6d23735bd9	linguistics/books/DSS-2-Samuel-Linguistics.txt	1440528	6760	fdfc314419df7073c7f6ab870b1dcd3c8d601b6459b7fc935e3262ee4010b15e	PARTLY_RECONSTRUCTED	49	43	15	6	22	16	6	0	1	0	0	0	0
L1597685-R002	biblical_book	2Sam	11	5		4Q51	1606703	f89_92	5	1597685				books/DSS-2-Samuel.txt	994995	1743	2005573-2005574	2	1	641ff253fd0da7c779a60c6e167d02b9ef43b6c26b095811a91bf841469217c2	linguistics/books/DSS-2-Samuel-Linguistics.txt	1447288	1165	73e112564aeda69dba5b83854f471dc8ecac6abce61580fa157952452e635879	PARTLY_RECONSTRUCTED	4	4	1	0	3	1	0	0	0	0	0	0	0
L1597686-R001	biblical_book	2Sam	11	5		4Q51	1606703	f89_92	6	1597686				books/DSS-2-Samuel.txt	996738	3379	2005575-2005588	14	0	ffb4faf9de6ddab93cba2be8d94fca72fc5a464545111289c62e49e7698a5ad0	linguistics/books/DSS-2-Samuel-Linguistics.txt	1448453	6011	02878f85655bf8f3d6c1a16e18c453803dce5f6136f93aaf855c53af74e1a011	PARTLY_RECONSTRUCTED	36	34	10	3	21	10	3	0	1	0	0	0	0
L1597686-R002	biblical_book	2Sam	11	6		4Q51	1606703	f89_92	6	1597686				books/DSS-2-Samuel.txt	1000117	2075	2005589-2005592	4	1	d6a37eb6d0c61f4b4c9f992d0be7ef2516a7a8ba98d1d9314547aa828b1f547d	linguistics/books/DSS-2-Samuel-Linguistics.txt	1454464	2010	1c96e4af819c8a631e4f65c2dd2ffaf9ed299f1e2b3fdaa898e07f1f8de5eb00	PARTLY_RECONSTRUCTED	11	11	7	0	4	7	0	0	0	0	0	0	0
L1597687-R001	biblical_book	2Sam	11	6		4Q51	1606703	f89_92	7	1597687				books/DSS-2-Samuel.txt	1002192	4704	2005593-2005608	16	1	71ac818ec50d02421dcbe9f6516b8baa5c3b204ee364c20cac0a9be328f66710	linguistics/books/DSS-2-Samuel-Linguistics.txt	1456474	6982	c62fd02b4aa06ea9f594b7adcd9125c9cb8cf9851de8f041f8767fd05253f0d8	PARTLY_RECONSTRUCTED	52	47	31	3	13	32	3	0	1	0	0	0	0
L1597688-R001	biblical_book	2Sam	11	7		4Q51	1606703	f89_92	8	1597688				books/DSS-2-Samuel.txt	1006896	4419	2005609-2005626	18	1	5ddccc2b73d4d671b32792c5fd19a54cb682bb09a03bfdd7dfc0d776e69d6686	linguistics/books/DSS-2-Samuel-Linguistics.txt	1463456	7654	4a2902f0f6d2ac59b4303dac9469ad265b1efed53169dfa9596c1d4e4e876077	PARTLY_RECONSTRUCTED	48	47	36	1	10	36	1	0	0	0	0	0	0
L1597689-R001	biblical_book	2Sam	11	7		4Q51	1606703	f89_92	9	1597689				books/DSS-2-Samuel.txt	1011315	1620	2005627-2005629	3	0	da77483170db8ce10058f4b15372bd5bbaac417c8a8af88c305f9a3aba3d271b	linguistics/books/DSS-2-Samuel-Linguistics.txt	1471110	1584	0e33aa92de954d002f03f13a9b63fd1d7ebdb7974bfaaf04fedbc33759f34e59	PARTLY_RECONSTRUCTED	8	6	5	1	0	5	1	0	1	0	0	0	0
L1597689-R002	biblical_book	2Sam	11	8		4Q51	1606703	f89_92	9	1597689				books/DSS-2-Samuel.txt	1012935	3892	2005630-2005643	14	1	f33e490c3180683de3560aca5b238dc5e2e575d427b8a943d5739dfd9f4269d6	linguistics/books/DSS-2-Samuel-Linguistics.txt	1472694	6075	23bd9f37757f62ced656ef9327d339277951dae3bdf0984ee2cd374a9403875c	PARTLY_RECONSTRUCTED	40	38	30	2	6	32	2	0	0	0	0	0	0
L1597690-R001	biblical_book	2Sam	11	8		4Q51	1606703	f89_92	10	1597690				books/DSS-2-Samuel.txt	1016827	3615	2005644-2005658	15	0	0a9c778ed290b61ff7f1802f5b3a75c1bc189845679df734b612c1db98dfcef8	linguistics/books/DSS-2-Samuel-Linguistics.txt	1478769	6461	a9d145f958f640d894904626701570f080bfe790cde100de9e49432e125d7865	PARTLY_RECONSTRUCTED	42	38	32	0	6	36	0	0	1	0	0	0	0
L1597690-R002	biblical_book	2Sam	11	9		4Q51	1606703	f89_92	10	1597690				books/DSS-2-Samuel.txt	1020442	1725	2005659-2005660	2	1	7773cc3afa379320e5ea3f88903070e771bc68eaf8d4c44d1cfdb8da62a79486	linguistics/books/DSS-2-Samuel-Linguistics.txt	1485230	1173	5fb81fbe029c69370aeb91ecf455030c12410df68a534791f1119fa650d22aaf	ALL_LETTER_SLOTS_RECONSTRUCTED	5	5	5	0	0	5	0	0	0	0	0	0	0
L1597691-R001	biblical_book	2Sam	11	9		4Q51	1606703	f89_92	11	1597691				books/DSS-2-Samuel.txt	1022167	3640	2005661-2005674	14	0	96cc1271eb630f654d9dd114bb2c24a99fa3f8092cf4a55fdf2c3f1eaf4185ad	linguistics/books/DSS-2-Samuel-Linguistics.txt	1486403	6148	39504e0daaec7a686bfeb20bc7623f3b8aed3ade6c23ef5bfcd6f4a378c716e1	PARTLY_RECONSTRUCTED	43	39	38	0	1	42	0	0	1	0	0	0	0
L1597691-R002	biblical_book	2Sam	11	10		4Q51	1606703	f89_92	11	1597691				books/DSS-2-Samuel.txt	1025807	1700	2005675-2005676	2	1	f70c20ecd1cda29e2ff65ba30496f114b631b098310e1c53901ea1391009e291	linguistics/books/DSS-2-Samuel-Linguistics.txt	1492551	1168	2ed479df9888d1b61f8c430c6583f631c9a07b1722697f180ec2111be132a3ae	PARTLY_RECONSTRUCTED	4	4	1	0	3	1	0	0	0	0	0	0	0
L1597692-R001	biblical_book	2Sam	11	10		4Q51	1606703	f89_92	12	1597692				books/DSS-2-Samuel.txt	1027507	3984	2005677-2005692	16	1	999e8936fd218085e3d9421c6f67ac131d33a43f8514ff7e1c147be576b8b8d0	linguistics/books/DSS-2-Samuel-Linguistics.txt	1493719	6968	9c5adb63e967d131a7d39702f6e07495b60085d644e7c7e739c3d144e25e0631	PARTLY_RECONSTRUCTED	48	47	43	0	4	44	0	0	0	0	0	0	0
L1597693-R001	biblical_book	2Sam	11	10		4Q51	1606703	f89_92	13	1597693				books/DSS-2-Samuel.txt	1031491	2795	2005693-2005702	10	0	ce00ed57f20bc951ea723409bf783acabb8535e92184304e4bf11c687f5552ef	linguistics/books/DSS-2-Samuel-Linguistics.txt	1500687	4476	261c4f80805ecda62d6f9f12df42277fc60fd35cd1017a22247dcb3cb6ac9e05	ALL_LETTER_SLOTS_RECONSTRUCTED	29	26	26	0	0	29	0	0	1	0	0	0	0
L1597693-R002	biblical_book	2Sam	11	11		4Q51	1606703	f89_92	13	1597693				books/DSS-2-Samuel.txt	1034286	2554	2005703-2005709	7	1	d917051c53e19fc2b20108b09f60ba111e01f937dbf827c470ed2b58e04ac469	linguistics/books/DSS-2-Samuel-Linguistics.txt	1505163	3309	a4d02972378f1005b1dce6db6174307a38dc94c3f999828d1a0c7a4a864eef26	PARTLY_RECONSTRUCTED	21	21	10	3	8	10	3	0	0	0	0	0	0
L1597694-R001	biblical_book	2Sam	11	11		4Q51	1606703	f89_92	14	1597694				books/DSS-2-Samuel.txt	1036840	3952	2005710-2005724	15	1	b2f71e83957293a3c24368745b9c1fd664ab14e1be4c09a5d28181d8b6347b24	linguistics/books/DSS-2-Samuel-Linguistics.txt	1508472	6686	853fc4d94503563afdb2f5204e7a1b3c6732c84828f7040b764c334bd6d5d7a6	PARTLY_RECONSTRUCTED	51	49	39	0	10	39	0	0	0	0	0	0	0
L1597695-R001	biblical_book	2Sam	11	11		4Q51	1606703	f89_92	15	1597695				books/DSS-2-Samuel.txt	1040792	4315	2005725-2005743	19	1	115f1ca943e7a193f3b534e7ae90d7ab3e3b5ef13361b636a24efe832497445a	linguistics/books/DSS-2-Samuel-Linguistics.txt	1515158	7959	e89f10c3531e60af6a04adb9dc53d10bd9053fb91b9e0a010923b2006ad15985	PARTLY_RECONSTRUCTED	48	47	39	0	8	40	0	0	0	0	0	0	0
L1597696-R001	biblical_book	2Sam	11	11		4Q51	1606703	f89_92	16	1597696				books/DSS-2-Samuel.txt	1045107	3466	2005744-2005757	14	0	46b82b53f502293b6991da15c952bfdaea7a82ce527cf6cd3dd10b593af3f1bb	linguistics/books/DSS-2-Samuel-Linguistics.txt	1523117	5940	636a449ee105ce1038a6af435a3256e48e1eb58661b46e13363f5609a864380d	ALL_LETTER_SLOTS_RECONSTRUCTED	36	32	32	0	0	36	0	0	1	0	0	0	0
L1597696-R002	biblical_book	2Sam	11	12		4Q51	1606703	f89_92	16	1597696				books/DSS-2-Samuel.txt	1048573	2237	2005758-2005762	5	1	7557c5837165ef02521ca652211cc83e4b94c40ef2835dab513c2e1c165e07c6	linguistics/books/DSS-2-Samuel-Linguistics.txt	1529057	2357	c9063786c2630a5babe8f04d003f4d50ec3eac579f50dff60a3566798797a8f3	PARTLY_RECONSTRUCTED	13	11	4	1	6	4	1	0	1	0	0	0	0
L1597697-R001	biblical_book	2Sam	11	15		4Q51	1606703	f93_94	1	1597697				books/DSS-2-Samuel.txt	1050810	2299	2005763-2005769	7	0	a030d2bd0a82eb2117eba06d3f92ae7eba19c010bbb35c15a6c571d756e17fd8	linguistics/books/DSS-2-Samuel-Linguistics.txt	1531414	3107	153501c7ff3e136b8f6fe93421ad86b606bf7860a5406cbbc904550d7e33515d	PARTLY_RECONSTRUCTED	16	13	12	1	0	13	1	0	1	0	0	0	0
L1597697-R002	biblical_book	2Sam	11	16		4Q51	1606703	f93_94	1	1597697				books/DSS-2-Samuel.txt	1053109	3785	2005770-2005784	15	1	e803409d573a76c0737be54903a7e44e32a6a5773e07da05ebd3ee57081d5d9e	linguistics/books/DSS-2-Samuel-Linguistics.txt	1534521	6415	33ff22707c677366935032059a6458a8a26eb8fbcfb0076ea62646b837180547	PARTLY_RECONSTRUCTED	36	36	29	2	5	29	2	0	0	0	0	0	0
L1597698-R001	biblical_book	2Sam	11	16		4Q51	1606703	f93_94	2	1597698				books/DSS-2-Samuel.txt	1056894	2345	2005785-2005791	7	0	5e5d4fe77f597e60c9c40bc0b434a030f2f20f1474d2d6430ee82841c4b39803	linguistics/books/DSS-2-Samuel-Linguistics.txt	1540936	3203	7bee781c03285d25dcc34c455bbe65b82e6b8221b3598aa992cc7e3076eca4a3	PARTLY_RECONSTRUCTED	19	17	11	1	5	11	1	0	1	0	0	0	0
L1597698-R002	biblical_book	2Sam	11	17		4Q51	1606703	f93_94	2	1597698				books/DSS-2-Samuel.txt	1059239	3171	2005792-2005802	11	1	24bcb63e07dcf4e1f65e7dc845781aefca5b0c8880fe485ef35d37e0ff1415c3	linguistics/books/DSS-2-Samuel-Linguistics.txt	1544139	4789	36ac644181547401424ffd15b0e382de5a39cb9b53ce0647456f18c168022760	PARTLY_RECONSTRUCTED	30	30	22	1	7	22	1	0	0	0	0	0	0
L1597699-R001	biblical_book	2Sam	11	17		4Q51	1606703	f93_94	3	1597699				books/DSS-2-Samuel.txt	1062410	3256	2005803-2005815	13	0	9f436ee7e67dd6591e1dafd2b8dada381c62ebb53eb61fdae0de919c8063aa3a	linguistics/books/DSS-2-Samuel-Linguistics.txt	1548928	5600	b34a3f39cbee093e046ad68620a6842c4276433cbb1cc9acd825440e7092bc41	PARTLY_RECONSTRUCTED	32	30	11	3	16	13	3	0	1	0	0	0	0
L1597699-R002	biblical_book	2Sam	11	18		4Q51	1606703	f93_94	3	1597699				books/DSS-2-Samuel.txt	1065666	2276	2005816-2005818	3	2	cadeeec7ee10c2b90776e57f44d43ad3417da76a2bab38bec20b4f681fbca1b1	linguistics/books/DSS-2-Samuel-Linguistics.txt	1554528	1610	799c78df552a6dc98ffdf29da97fe73e9cbf2944a2d3ccfe7eac0e79bb4bb2d9	ALL_LETTER_SLOTS_RECONSTRUCTED	9	9	9	0	0	9	0	0	0	0	0	0	0
L1597700-R001	biblical_book	2Sam	11	18		4Q51	1606703	f93_94	4	1597700				books/DSS-2-Samuel.txt	1067942	2585	2005819-2005828	10	0	c31ab165405ee6a68cbb746d70c4df11e6e8890d984a969cc32479da3932f12c	linguistics/books/DSS-2-Samuel-Linguistics.txt	1556138	4394	ee01f94c8fcd6fb7be5cbea1fbc77acec6c22babc8c388a1b1639dc263d935fc	PARTLY_RECONSTRUCTED	25	23	11	0	12	13	0	0	1	0	0	0	0
L1597700-R002	biblical_book	2Sam	11	19		4Q51	1606703	f93_94	4	1597700				books/DSS-2-Samuel.txt	1070527	3177	2005829-2005838	10	1	43b5ca9f83a6e9de935ba62071b6e7eb4ec1a4f3ae45b54104a141a355145964	linguistics/books/DSS-2-Samuel-Linguistics.txt	1560532	4393	fda4be77688231780967783e711c07dc2cc82c325525301a729bc6b8e6bbaaeb	PARTLY_RECONSTRUCTED	25	24	20	2	2	21	2	0	0	0	0	0	0
L1597701-R001	biblical_book	2Sam	11	19		4Q51	1606703	f93_94	5	1597701				books/DSS-2-Samuel.txt	1073704	2788	2005839-2005848	10	0	01f3d76c67eae9b9cb8e7cd2bae4a7bfd1a3c2bb188d0b26c3d09f4ec88a3858	linguistics/books/DSS-2-Samuel-Linguistics.txt	1564925	4417	65e098679db9bb9e5df7a718fbe5402fba31b3f21cf39d08124b008cb7a59f34	PARTLY_RECONSTRUCTED	24	22	14	5	3	16	5	0	1	0	0	0	0
L1597701-R002	biblical_book	2Sam	11	20		4Q51	1606703	f93_94	5	1597701				books/DSS-2-Samuel.txt	1076492	2743	2005849-2005857	9	1	12b324ff3209ff0a4c8de2a464b05c48d2a0c0d6feb9db80b779eea89ebec9e2	linguistics/books/DSS-2-Samuel-Linguistics.txt	1569342	3948	82f9498a5632b10d7e48978d8401ee80998e2198f05dd4eb17c7eb56fba46bac	ALL_LETTER_SLOTS_RECONSTRUCTED	21	21	21	0	0	21	0	0	0	0	0	0	0
L1597702-R001	biblical_book	2Sam	11	20		4Q51	1606703	f93_94	6	1597702				books/DSS-2-Samuel.txt	1079235	4575	2005858-2005876	19	1	d2b3ed6f448c93028f6185eccdd748dc4216922b4ebb3e296311291d3d4c0260	linguistics/books/DSS-2-Samuel-Linguistics.txt	1573290	7974	81ecc838b880a40ff39181f22c6e4a5b526d03ec950923284eff3941d4b063ed	PARTLY_RECONSTRUCTED	51	48	42	2	4	43	2	0	1	0	0	0	0
L1597703-R001	biblical_book	2Sam	12	1		4Q51	1606703	f96	1	1597703				books/DSS-2-Samuel.txt	1083810	3996	2005877-2005891	15	1	57f696a28c68970df9a51f0101ddb37ea5cb78e07136cc3276577d4205dad0bf	linguistics/books/DSS-2-Samuel-Linguistics.txt	1581264	6366	f54ad5eba8ec2fbe98570bbae349a586e8d17778a1b4b66259be9b3381a3436d	PARTLY_RECONSTRUCTED	41	37	36	0	1	40	0	1	1	0	0	0	0
L1597704-R001	biblical_book	2Sam	12	1		4Q51	1606703	f96	2	1597704				books/DSS-2-Samuel.txt	1087806	2863	2005892-2005902	11	0	7793b431ebe51897970a7dfacc0f0db142be6c8543be6538068573bf43c4a4b5	linguistics/books/DSS-2-Samuel-Linguistics.txt	1587630	4826	1e7e131afc81cec52e4fed8afeb7955f028c19a4ed0bafb754a1e17d1f2ca3ef	PARTLY_RECONSTRUCTED	31	29	27	2	0	29	2	0	1	0	0	0	0
L1597704-R002	biblical_book	2Sam	12	2		4Q51	1606703	f96	2	1597704				books/DSS-2-Samuel.txt	1090669	2307	2005903-2005908	6	1	34fe7eb0d4bed5579a6d86dcc49355efddd3df1a2b576a6e2c161599f419515b	linguistics/books/DSS-2-Samuel-Linguistics.txt	1592456	2798	a5fd16e42b510953a6ff9c646959127984dd49163b3be24d0db6c4892b6297f8	ALL_LETTER_SLOTS_RECONSTRUCTED	15	15	15	0	0	15	0	0	0	0	0	0	0
L1597705-R001	biblical_book	2Sam	12	2		4Q51	1606703	f96	3	1597705				books/DSS-2-Samuel.txt	1092976	1594	2005909-2005911	3	0	fefc866991701669742f6bf24420a438348bb828f48a42167fc1d57a5d1b93c5	linguistics/books/DSS-2-Samuel-Linguistics.txt	1595254	1565	4ab7ce234fca8e4a8e8443917ebc7d98e8b28007a35f3bde0bbbb796f5c31df7	ALL_LETTER_SLOTS_RECONSTRUCTED	9	7	7	0	0	9	0	0	1	0	0	0	0
L1597705-R002	biblical_book	2Sam	12	3		4Q51	1606703	f96	3	1597705				books/DSS-2-Samuel.txt	1094570	3868	2005912-2005926	15	1	a7736497957e7afda728fda777d528863078b088a6a77e22b4d31d811c612480	linguistics/books/DSS-2-Samuel-Linguistics.txt	1596819	6392	5ad0db85b051cabdf1262efaf83eeb461951f743faf35e990458e392c6df6149	PARTLY_RECONSTRUCTED	38	35	31	2	2	32	2	0	1	0	0	0	0
L1597706-R001	biblical_book	2Sam	12	4		4Q51	1606703	f97	1	1597706				books/DSS-2-Samuel.txt	1098438	1880	2005927-2005930	4	0	fea4e88ef92e5808797db8bd98d4b10dc7e434b7e16e9245e4ff7246342b6e95	linguistics/books/DSS-2-Samuel-Linguistics.txt	1603211	1900	5b332b187dd6f6e6db035308aafe7f5fc35d9b61c94a72effc8f2ed72daa85cd	PARTLY_RECONSTRUCTED	10	7	4	1	2	7	1	0	1	0	0	0	0
L1597706-R002	biblical_book	2Sam	12	5		4Q51	1606703	f97	1	1597706				books/DSS-2-Samuel.txt	1100318	3788	2005931-2005946	16	1	7102bf9b80e6aad0ffadd216b385e513b80e0804c3432755c06ac4d0b34e1359	linguistics/books/DSS-2-Samuel-Linguistics.txt	1605111	6788	fe9d9410add4f565edf344cabee5ab5ddd5c558e24e829176c55ea23fe65db5a	ALL_LETTER_SLOTS_RECONSTRUCTED	39	39	39	0	0	39	0	0	0	0	0	0	0
L1597707-R001	biblical_book	2Sam	12	5		4Q51	1606703	f97	2	1597707				books/DSS-2-Samuel.txt	1104106	1967	2005947-2005952	6	0	0b3c6876e313be34fc547feb58ecc5c5d504a3217047497dda316e6e52cdbeb2	linguistics/books/DSS-2-Samuel-Linguistics.txt	1611899	2668	223f45daf34e8bf06e9e9251236d0fc8923053413d4c972489e97ead07ea30c6	PARTLY_RECONSTRUCTED	13	11	7	0	4	9	0	0	1	0	0	0	0
L1597707-R002	biblical_book	2Sam	12	6		4Q51	1606703	f97	2	1597707				books/DSS-2-Samuel.txt	1106073	3238	2005953-2005964	12	1	0bc0594b01425d730fe1616af9fec3157e8ef4f00d3d76567612180b6265f9ad	linguistics/books/DSS-2-Samuel-Linguistics.txt	1614567	5291	adf18da64668f666ffc716d8b3d822a9facf2aa1093e90633628e1199c52729c	ALL_LETTER_SLOTS_RECONSTRUCTED	34	34	34	0	0	34	0	0	0	0	0	0	0
L1597708-R001	biblical_book	2Sam	12	6		4Q51	1606703	f97	3	1597708				books/DSS-2-Samuel.txt	1109311	1935	2005965-2005967	3	1	7e1835f5863c51a63feae0290a45a48bc2ccf76bb0dc24bcbb6230d553e0ed93	linguistics/books/DSS-2-Samuel-Linguistics.txt	1619858	1479	e8a8a264e384a087aef25c4aa6448be80f6b17720d6f9393b9d9bbebf2fb7124	NO_LETTER_SLOTS	7	0	0	0	0	2	2	1	3	0	0	0	0
L1597709-R001	biblical_book	2Sam	12	8		4Q51	1606703	f98	1	1597709				books/DSS-2-Samuel.txt	1111246	4113	2005968-2005981	14	1	934ae221109bb59a5b778f467d7b7ea14f6d867830fb9ae789fad2cd07d6fb65	linguistics/books/DSS-2-Samuel-Linguistics.txt	1621337	6089	c856b832c360519cc046a35914b22304d6034028b85785aeeb53f640e171537d	PARTLY_RECONSTRUCTED	42	38	34	4	0	37	4	0	0	0	0	0	0
L1597710-R001	biblical_book	2Sam	12	8		4Q51	1606703	f98	2	1597710				books/DSS-2-Samuel.txt	1115359	4396	2005982-2005999	18	1	8f9bad81d054425adf0d4004ecb4e72b2bc44a79986e576180d5fef12b128a5c	linguistics/books/DSS-2-Samuel-Linguistics.txt	1627426	7625	94eb4c6a9bc22d44698b3a35794a725d415f46f6f7a1881f6bfc2f75d7a75910	PARTLY_RECONSTRUCTED	44	40	35	1	4	37	1	0	1	0	0	0	0
L1597711-R001	biblical_book	2Sam	12	9		4Q51	1606703	f98	3	1597711				books/DSS-2-Samuel.txt	1119755	3966	2006000-2006014	15	1	43aa95f1cf4b43e5a3e5c62626c811c7e4d86d76d2cf1eea2e4e5508fa821212	linguistics/books/DSS-2-Samuel-Linguistics.txt	1635051	6506	d1f7070558c41a2ffed63d3ae13ea762e444e4faa1d9f3960bcf8780bf20d827	PARTLY_RECONSTRUCTED	42	41	35	1	5	36	1	0	0	0	0	0	0
L1597712-R001	biblical_book	2Sam	12	9		4Q51	1606703	f98	4	1597712				books/DSS-2-Samuel.txt	1123721	4494	2006015-2006031	17	1	b57701891b4ff04e1d18aa5352e168ad60d4904e0669cde003b58a9970d38e51	linguistics/books/DSS-2-Samuel-Linguistics.txt	1641557	7142	e94187be396465567df8dbc5f8d5588e633642504a36bd223d79240cafdff4f8	PARTLY_RECONSTRUCTED	45	40	36	3	1	38	3	0	1	0	0	0	0
L1597713-R001	biblical_book	2Sam	12	13		4Q51	1606703	f99	1	1597713				books/DSS-2-Samuel.txt	1128215	3795	2006032-2006046	15	0	104563eb14a1b5a5941b237cb062300e85c8c7472f940a0bf18da34e14413122	linguistics/books/DSS-2-Samuel-Linguistics.txt	1648699	6499	a0d3ef1d7c30af35c4727617758c614408af15ff5c2ddf3b6bacdfcc502d3cdf	PARTLY_RECONSTRUCTED	50	47	38	1	8	38	1	0	1	0	0	0	0
L1597713-R002	biblical_book	2Sam	12	14		4Q51	1606703	f99	1	1597713				books/DSS-2-Samuel.txt	1132010	1561	2006047	1	1	531e64612aa2efdf16c97b33668fc20fe93b218c03c0e2450352d1f96a4662e5	linguistics/books/DSS-2-Samuel-Linguistics.txt	1655198	795	ac1850d4619edcf8a8193817af09984689bc1fa427a393eabfde238e5321f8d5	NO_LETTER_RECONSTRUCTION_MARKED	3	3	0	0	3	0	0	0	0	0	0	0	0
L1597714-R001	biblical_book	2Sam	12	14		4Q51	1606703	f100_101	1	1597714				books/DSS-2-Samuel.txt	1133571	4382	2006048-2006066	19	0	e22295867349ace8f8f46eced555929447068b24e27cff33f0dfc990281b9ff8	linguistics/books/DSS-2-Samuel-Linguistics.txt	1655993	7992	bef0e1f28fcc6c76ae0b5e9ccd24d96868eac0cdf07359dfcc64aa09abdf34e5	PARTLY_RECONSTRUCTED	47	44	16	5	23	16	5	0	1	0	0	0	0
L1597714-R002	biblical_book	2Sam	12	15		4Q51	1606703	f100_101	1	1597714				books/DSS-2-Samuel.txt	1137953	1702	2006067-2006068	2	1	11a5750fe7aa66d21c6f0d66e4c1ae07893cf74f857beedf881e486a0f92f23a	linguistics/books/DSS-2-Samuel-Linguistics.txt	1663985	1163	fae28d49ead61ea2d1bab7e6eef6316f2e23601c3f7d750306ead33ac876d4bf	NO_LETTER_RECONSTRUCTION_MARKED	4	4	0	0	4	0	0	0	0	0	0	0	0
L1597715-R001	biblical_book	2Sam	12	15		4Q51	1606703	f100_101	2	1597715				books/DSS-2-Samuel.txt	1139655	3913	2006069-2006084	16	0	5f7aec6823ce7dc21cf8abfb2c2585e1afeb9436a14ea7093abaf5d6a78f2cf0	linguistics/books/DSS-2-Samuel-Linguistics.txt	1665148	7008	29bbb30e5064734d6518d079764422ddb80134f91dddcb52ecdfc7702b95bdd0	PARTLY_RECONSTRUCTED	49	46	11	2	33	11	2	0	1	0	0	0	0
L1597715-R002	biblical_book	2Sam	12	16		4Q51	1606703	f100_101	2	1597715				books/DSS-2-Samuel.txt	1143568	1783	2006085-2006086	2	1	41023a83097bd95503d8c3e9bd433053b670ab91342ddf0eb92f405bffcf5222	linguistics/books/DSS-2-Samuel-Linguistics.txt	1672156	1181	ce94a02879b97b240c1476ded5ac732c1091f51c6868400cf6a67d25bbc9ecc5	NO_LETTER_RECONSTRUCTION_MARKED	5	5	0	1	4	0	1	0	0	0	0	0	0
L1597716-R001	biblical_book	2Sam	12	16		4Q51	1606703	f100_101	3	1597716				books/DSS-2-Samuel.txt	1145351	4168	2006087-2006104	18	0	c327a99e4d1fe6c14972b3fecf37042a0912a4a9341240c76d60727535080872	linguistics/books/DSS-2-Samuel-Linguistics.txt	1673337	7647	148a3f59ec4d0e8c759bcc7c1d3b41f1448d864b70bbb3bae7a182d30abc3ef8	PARTLY_RECONSTRUCTED	48	45	9	4	32	9	4	0	1	0	0	0	0
L1597716-R002	biblical_book	2Sam	12	17		4Q51	1606703	f100_101	3	1597716				books/DSS-2-Samuel.txt	1149519	1915	2006105-2006106	2	1	50fbb3ae7effd041d7cb538679d45d1b845569232f96ef9fc24625f6c2446e94	linguistics/books/DSS-2-Samuel-Linguistics.txt	1680984	1200	dee1407bf0d7738f28247138795f3e69e28402f1187d28e1fae4c94623a2b134	PARTLY_RECONSTRUCTED	6	6	1	2	3	1	2	0	0	0	0	0	0
L1597717-R001	biblical_book	2Sam	12	17		4Q51	1606703	f100_101	4	1597717				books/DSS-2-Samuel.txt	1151434	4551	2006107-2006123	17	0	64096db76ade0bd286a4944945849f103b2c92d59caba342d19c0eea6454c5f7	linguistics/books/DSS-2-Samuel-Linguistics.txt	1682184	7236	009eacf759382aae1598c0490b35c256686274bb74ab8fdc323b09920cc75d02	PARTLY_RECONSTRUCTED	51	45	14	4	27	15	4	0	1	0	0	0	0
L1597717-R002	biblical_book	2Sam	12	18		4Q51	1606703	f100_101	4	1597717				books/DSS-2-Samuel.txt	1155985	1751	2006124-2006125	2	1	b7ed7e85247129ca094b90b06ad66509a185d5bf11719828f2fba597d571a4df	linguistics/books/DSS-2-Samuel-Linguistics.txt	1689420	1176	f102a318157d1ceb0d3105a10adfb55eb799f18066fe6195ad813089a1dd2682	PARTLY_RECONSTRUCTED	4	4	2	0	2	2	0	0	0	0	0	0	0
L1597718-R001	biblical_book	2Sam	12	18		4Q51	1606703	f100_101	5	1597718				books/DSS-2-Samuel.txt	1157736	4986	2006126-2006146	21	1	49b22f460806459f16910c1fb949b043cad33f3711d4f0f43f18e77b2a13ec1a	linguistics/books/DSS-2-Samuel-Linguistics.txt	1690596	8876	974c667b32745a73370a436d4fc44c74fff3b5ead9b58134a223c2ca76c158d3	PARTLY_RECONSTRUCTED	55	54	27	6	21	27	6	0	0	0	0	0	0
L1597719-R001	biblical_book	2Sam	12	18		4Q51	1606703	f100_101	6	1597719				books/DSS-2-Samuel.txt	1162722	4636	2006147-2006164	18	1	8ff2ae73cd3c6e06ba34c91a58df74e39428d6098d63cc33a22780f64db14117	linguistics/books/DSS-2-Samuel-Linguistics.txt	1699472	7668	06f0273c088847aa8b8bd72c2f1b53bb30886b14a13b32f2ffb7f8a9d9be322f	PARTLY_RECONSTRUCTED	54	51	32	0	19	33	0	0	0	0	0	0	0
L1597720-R001	biblical_book	2Sam	12	18		4Q51	1606703	f100_101	7	1597720				books/DSS-2-Samuel.txt	1167358	2005	2006165-2006170	6	0	df99f0e8ccfdb55f012cabc6afba93ad01d796042d7306b879f3187071ecd49a	linguistics/books/DSS-2-Samuel-Linguistics.txt	1707140	2728	fcdefe3e0c650ea4803420bda3d694a72513f2f931d38400d78ae5776bb90866	ALL_LETTER_SLOTS_RECONSTRUCTED	13	11	11	0	0	13	0	0	1	0	0	0	0
L1597720-R002	biblical_book	2Sam	12	19		4Q51	1606703	f100_101	7	1597720				books/DSS-2-Samuel.txt	1169363	3596	2006171-2006183	13	1	1bd39f59419500a191359fc9f1a0e65bacd4c3c2e2b0d4beed201f8a9f73ec5d	linguistics/books/DSS-2-Samuel-Linguistics.txt	1709868	5711	00c239e5379235a4cca1f2bbeb4d7fa6039197fd1f5d44bafb99e8cff59a5427	PARTLY_RECONSTRUCTED	39	38	27	2	9	28	2	0	0	0	0	0	0
L1597721-R001	biblical_book	2Sam	12	19		4Q51	1606703	f100_101	8	1597721				books/DSS-2-Samuel.txt	1172959	3192	2006184-2006196	13	0	f4618541552faa4ccb97a0184ec4acf4dc45fe0692c6a7677a5cec958c5bd238	linguistics/books/DSS-2-Samuel-Linguistics.txt	1715579	5534	3907564ca47a500ce62300a143ea175e59c2335f24e4712a06f5a6373a377007	ALL_LETTER_SLOTS_RECONSTRUCTED	34	31	31	0	0	34	0	0	1	0	0	0	0
L1597721-R002	biblical_book	2Sam	12	20		4Q51	1606703	f100_101	8	1597721				books/DSS-2-Samuel.txt	1176151	3226	2006197-2006207	11	1	2077d34974ae3a31fe81b38565a06d0e08aaf359c04a71cafda3837e49df550e	linguistics/books/DSS-2-Samuel-Linguistics.txt	1721113	4720	cff5c1dfa4b9d71ac5ca14c354fc4a97ba7d5767b62347a43f743f68ad9b16d5	PARTLY_RECONSTRUCTED	25	23	19	4	0	19	4	0	1	0	0	0	0
L1597722-R001	biblical_book	2Sam	12	29		4Q51	1606703	f102i	1	1597722				books/DSS-2-Samuel.txt	1179377	2102	2006208-2006210	3	1	e5191599493ea4225e1ca5046861a5b0321819eaf784f2d74b6eabc511a42bba	linguistics/books/DSS-2-Samuel-Linguistics.txt	1725833	1557	df2bf9d2e32d431c0e413c1c150c236278eca5b9254f45a554f503e0fb9585fc	PARTLY_RECONSTRUCTED	8	6	3	3	0	5	3	1	1	0	0	0	0
L1597723-R001	biblical_book	2Sam	12	29		4Q51	1606703	f102i	2	1597723				books/DSS-2-Samuel.txt	1181479	3430	2006211-2006223	13	0	e7582484d82abcece0de9e0eeeb7aaa9bdbf0ea81866d08874b8f5e3f8921f5f	linguistics/books/DSS-2-Samuel-Linguistics.txt	1727390	5515	7d819ca0a94a971552268686fea86dd858d4873f92d915261f6becdcdf436aee	ALL_LETTER_SLOTS_RECONSTRUCTED	35	30	30	0	0	35	0	0	1	0	0	0	0
L1597723-R002	biblical_book	2Sam	12	30		4Q51	1606703	f102i	2	1597723				books/DSS-2-Samuel.txt	1184909	2303	2006224-2006228	5	1	80d1bfa38655259129e51e91f691b854ab1df54498753e4d445137111a40b806	linguistics/books/DSS-2-Samuel-Linguistics.txt	1732905	2462	482840dac1f2eb9f13088290dce8ff792fc8113d33ec2c89a23557b0080c572e	PARTLY_RECONSTRUCTED	15	14	13	1	0	13	1	0	0	0	0	0	0
L1597724-R001	biblical_book	2Sam	12	30		4Q51	1606703	f102i	3	1597724				books/DSS-2-Samuel.txt	1187212	4585	2006229-2006246	18	1	c1f2e13ee07e26ac66abfa55ef335c712438b6dd0ba17723adcd308215396262	linguistics/books/DSS-2-Samuel-Linguistics.txt	1735367	7706	d78858af2772ad1a3ac5f0fb87dbc87d8ced424a6c7f6713f96ddd439ec59c0f	PARTLY_RECONSTRUCTED	49	46	43	1	2	46	1	0	0	0	0	0	0
L1597725-R001	biblical_book	2Sam	12	30		4Q51	1606703	f102i	4	1597725				books/DSS-2-Samuel.txt	1191797	2059	2006247-2006252	6	0	42366f9f67c66218558885362442e67d1811eae6d42157963a12597ca75ac2be	linguistics/books/DSS-2-Samuel-Linguistics.txt	1743073	2768	ae83842f08c6b7ede4059dbcfa225cb5cd24a5f03ccd2c22551d38c2d5d71277	ALL_LETTER_SLOTS_RECONSTRUCTED	18	16	16	0	0	18	0	0	1	0	0	0	0
L1597725-R002	biblical_book	2Sam	12	31		4Q51	1606703	f102i	4	1597725				books/DSS-2-Samuel.txt	1193856	3582	2006253-2006266	14	1	ec9b5b85fe49d692ad6657b0e98b2b8989cc764a50df6418187685b9ca8d6660	linguistics/books/DSS-2-Samuel-Linguistics.txt	1745841	5932	e8e3823a7aec2c3cdccf316034d50d5afdf465bb79a8b993b44c31ebd7a4c59e	PARTLY_RECONSTRUCTED	31	30	28	0	2	29	0	0	0	0	0	0	0
L1597726-R001	biblical_book	2Sam	12	31		4Q51	1606703	f102i	5	1597726				books/DSS-2-Samuel.txt	1197438	4346	2006267-2006284	18	1	3423d961876f507c2ac9d0d996f024d51dbde4c925ea6611a09f565887420a62	linguistics/books/DSS-2-Samuel-Linguistics.txt	1751773	7752	9cf766fb3ba3fd14afffdb78bb237c7c6d93553682f1ac8c0cea9a5c907efebe	PARTLY_RECONSTRUCTED	49	48	45	1	2	46	1	0	0	0	0	0	0
L1597727-R001	biblical_book	2Sam	12	31		4Q51	1606703	f102i	6	1597727				books/DSS-2-Samuel.txt	1201784	3186	2006285-2006293	9	2	c037dad8431bdb5263022346fd79fcd7f4cdefd5daf071df6b33e6d7322e9ad9	linguistics/books/DSS-2-Samuel-Linguistics.txt	1759525	4006	220eff348e49207aa3ecc6f05214e03fb43c299889577e22f12fa9d6bc6b1455	ALL_LETTER_SLOTS_RECONSTRUCTED	24	22	22	0	0	24	0	0	1	0	0	0	0
L1597728-R001	biblical_book	2Sam	13	1		4Q51	1606703	f102i	7	1597728				books/DSS-2-Samuel.txt	1204970	4464	2006294-2006310	17	1	1896e10c3da9eb4df889d7c38f45a508be2613ee1621f1136609762c5eafddd1	linguistics/books/DSS-2-Samuel-Linguistics.txt	1763531	7387	2b079c48869a789df3b44e96654ebd2d9215ad044920a2d138a44ede0cee48d0	PARTLY_RECONSTRUCTED	50	48	41	3	4	42	3	0	0	0	0	0	0
L1597729-R001	biblical_book	2Sam	13	1		4Q51	1606703	f102i	8	1597729				books/DSS-2-Samuel.txt	1209434	1767	2006311-2006314	4	0	ff1e1877c5baeac74ac5d11051ea7618de1f135c5649d2c7d145432b0dedbe44	linguistics/books/DSS-2-Samuel-Linguistics.txt	1770918	2036	8073571090f8ee4d197e23fe4f944e7ed6a4f6e1843ed9bea88e1c2cbb2b9156	ALL_LETTER_SLOTS_RECONSTRUCTED	13	11	11	0	0	13	0	0	1	0	0	0	0
L1597729-R002	biblical_book	2Sam	13	2		4Q51	1606703	f102i	8	1597729				books/DSS-2-Samuel.txt	1211201	3510	2006315-2006327	13	1	5027046f664e0119b82a9a374c0da67edc20709d1c1d1f7f92e2f5aef0941d36	linguistics/books/DSS-2-Samuel-Linguistics.txt	1772954	5769	7b5c87aef387a475b29e6b10d35954b7bea6826ae062e803f6de02095b1c44b6	PARTLY_RECONSTRUCTED	40	39	29	0	10	30	0	0	0	0	0	0	0
L1597730-R001	biblical_book	2Sam	13	2		4Q51	1606703	f102i	9	1597730				books/DSS-2-Samuel.txt	1214711	2771	2006328-2006337	10	0	01f2630551c445a11072d2fe9248a434350e21b4cb890708d3a0a360ecaff509	linguistics/books/DSS-2-Samuel-Linguistics.txt	1778723	4418	e19dc1d4d18e6046a80c051aa74c36a023d63aeac8b80f9d252e893ea592d273	ALL_LETTER_SLOTS_RECONSTRUCTED	30	27	27	0	0	30	0	0	1	0	0	0	0
L1597730-R002	biblical_book	2Sam	13	3		4Q51	1606703	f102i	9	1597730				books/DSS-2-Samuel.txt	1217482	3086	2006338-2006346	9	1	7a5b653f44d128067ee78f074d1a4bf1870807558acff5bd251e5a553c60e7d2	linguistics/books/DSS-2-Samuel-Linguistics.txt	1783141	4170	7157ec9dbcbac94a7c1026259ca3b3303325875a0ba02a9621871f4a8156271f	PARTLY_RECONSTRUCTED	27	26	11	3	12	12	3	0	0	0	0	0	0
L1597731-R001	biblical_book	2Sam	13	3		4Q51	1606703	f102i	10	1597731				books/DSS-2-Samuel.txt	1220568	2379	2006347-2006354	8	0	756495ab18494bff2d98a2b36a022340ebe1c1f8962a5bc74679f9cd534969d3	linguistics/books/DSS-2-Samuel-Linguistics.txt	1787311	3672	29cda9f260c7e6a04e8b43f2267f377e0a761592c818de22e1a9857f3d10a148	ALL_LETTER_SLOTS_RECONSTRUCTED	25	23	23	0	0	25	0	0	1	0	0	0	0
L1597731-R002	biblical_book	2Sam	13	4		4Q51	1606703	f102i	10	1597731				books/DSS-2-Samuel.txt	1222947	3186	2006355-2006364	10	1	de029d06cf346c6cb9b5b0a4e77b43e900cd55927ca3edf0190fec0061125a63	linguistics/books/DSS-2-Samuel-Linguistics.txt	1790983	4474	df2632217442fe689196a68077712d26bc0803bbdf353fc5f33868b8cd788fbf	PARTLY_RECONSTRUCTED	26	25	11	2	12	12	2	0	0	0	0	0	0
L1597732-R001	biblical_book	2Sam	13	4		4Q51	1606703	f102i	11	1597732				books/DSS-2-Samuel.txt	1226133	4455	2006365-2006381	17	1	54210c85b845cea2c15f668f80b6dd2d2e7c7946883414bfce582c07d3407b69	linguistics/books/DSS-2-Samuel-Linguistics.txt	1795457	7379	4b10f9a4399af41f1280126433192c9874a93c692be2348c64dd4f16d9fa3b15	PARTLY_RECONSTRUCTED	51	48	32	1	15	34	1	0	0	0	0	0	0
L1597733-R001	biblical_book	2Sam	13	4		4Q51	1606703	f102i	12	1597733				books/DSS-2-Samuel.txt	1230588	1600	2006382-2006384	3	0	c330523a7bb7364e3f6c06f42f304a93af043a7ffc2d9522a6406de061331185	linguistics/books/DSS-2-Samuel-Linguistics.txt	1802836	1566	2e46ff857fb4e49b5d12b0cade70fc0d46a3fcaf97c5fd84a668c9104c0007f0	ALL_LETTER_SLOTS_RECONSTRUCTED	9	7	7	0	0	9	0	0	1	0	0	0	0
L1597733-R002	biblical_book	2Sam	13	5		4Q51	1606703	f102i	12	1597733				books/DSS-2-Samuel.txt	1232188	4199	2006385-2006398	14	1	28b136f8bebe8dd46b1d0135d331c5e18d7c38d624a24307652b171fca29c8a3	linguistics/books/DSS-2-Samuel-Linguistics.txt	1804402	6105	98d0e1a02ec9c96ea14e018085fe05bb850f526c27df01639ad57b400462a57f	PARTLY_RECONSTRUCTED	45	41	25	3	13	27	3	0	0	0	0	0	0
L1597734-R001	biblical_book	2Sam	13	5		4Q51	1606703	f102i	13	1597734				books/DSS-2-Samuel.txt	1236387	4313	2006399-2006413	15	1	993f1be1ba6941cc860b79d101e2fa32ead9be7bb717be859e7dce3164fe5e84	linguistics/books/DSS-2-Samuel-Linguistics.txt	1810507	6486	295810984a73ce1aef87820de7d99d2c81878c41c910683d7a61852d3c59b481	PARTLY_RECONSTRUCTED	50	46	43	0	3	47	0	0	0	0	0	0	0
L1597735-R001	biblical_book	2Sam	13	5		4Q51	1606703	f102i	14	1597735				books/DSS-2-Samuel.txt	1240700	3337	2006414-2006426	13	0	a37c480aca0ed8ea00af11df5d6d7a78eca534d11fd20549541f672404a52c85	linguistics/books/DSS-2-Samuel-Linguistics.txt	1816993	5603	5d718b365b6a7ce637a13afd04947b9309a48fb090da1d58690068eb41f55eed	ALL_LETTER_SLOTS_RECONSTRUCTED	37	33	33	0	0	37	0	0	1	0	0	0	0
L1597735-R002	biblical_book	2Sam	13	6		4Q51	1606703	f102i	14	1597735				books/DSS-2-Samuel.txt	1244037	2297	2006427-2006431	5	1	837e7c9ac3d6fc25b8337b05a8973a07fb1cc374422845b126aa60f659000e2d	linguistics/books/DSS-2-Samuel-Linguistics.txt	1822596	2435	fed358a5c78c75f1b8f995523207ca5c31df1ac7bd2292f4b067af2157b19284	PARTLY_RECONSTRUCTED	15	15	11	1	3	11	1	0	0	0	0	0	0
L1597736-R001	biblical_book	2Sam	13	6		4Q51	1606703	f102i	15	1597736				books/DSS-2-Samuel.txt	1246334	4517	2006432-2006449	18	1	efef6c1025b8140ee080497de8bf811330fde10ae11b48dd39485ab1ebbe59f1	linguistics/books/DSS-2-Samuel-Linguistics.txt	1825031	7599	6faf756ccad5d87ead527c898b42fdf953a51618ca8c12ed380fb31c4875c7e5	PARTLY_RECONSTRUCTED	52	47	44	0	3	47	0	0	1	0	0	0	0
L1597737-R001	biblical_book	2Sam	13	13		4Q51	1606703	f102ii+103_106i+107_109a_b	1	1597737				books/DSS-2-Samuel.txt	1250851	1938	2006450-2006452	3	1	015437ea81417fd61e3502e0a587146593e2ab9fec27e12b59790433ea99e313	linguistics/books/DSS-2-Samuel-Linguistics.txt	1832630	1592	c8a5d3a53f7185f4537fdb5d6d682f123dd1ee4b2c5554cb9d0ede65176584a3	PARTLY_RECONSTRUCTED	6	4	1	0	3	3	0	1	1	0	0	0	0
L1597738-R001	biblical_book	2Sam	13	13		4Q51	1606703	f102ii+103_106i+107_109a_b	2	1597738				books/DSS-2-Samuel.txt	1252789	3130	2006453-2006462	10	0	da7bbd2f704e5163642623eef917fa688cf81364aa03521a285c081fe4123178	linguistics/books/DSS-2-Samuel-Linguistics.txt	1834222	4420	354cabc38a5d458d2e7e78aeadb598beebc81398cb1bcf641b48b3fce774d9a2	PARTLY_RECONSTRUCTED	29	25	20	3	2	24	3	0	1	0	0	0	0
L1597738-R002	biblical_book	2Sam	13	14		4Q51	1606703	f102ii+103_106i+107_109a_b	2	1597738				books/DSS-2-Samuel.txt	1255919	3249	2006463-2006472	10	1	a54de3c14e905193c66d0eadae63b95ab8fe8af2e7aaac35401fc1811e37c2ee	linguistics/books/DSS-2-Samuel-Linguistics.txt	1838642	4376	9547a46f4314c2adb8872492ef4bb9c854004f0d1a3bdaaa729b730115e98cac	PARTLY_RECONSTRUCTED	28	26	21	0	5	22	0	0	0	0	0	0	0
L1597739-R001	biblical_book	2Sam	13	14		4Q51	1606703	f102ii+103_106i+107_109a_b	3	1597739				books/DSS-2-Samuel.txt	1259168	2270	2006473-2006478	6	0	f67ce75da71aadd57d6fa11233aa57e422cf7389e1b87a6e1de5e4a75b6fd354	linguistics/books/DSS-2-Samuel-Linguistics.txt	1843018	2772	f632218dda34934ac6b548202e6ad55211385fa0da6bea78eaee7bd5e7cb132b	PARTLY_RECONSTRUCTED	17	13	6	0	7	7	0	0	1	0	0	0	0
L1597739-R002	biblical_book	2Sam	13	15		4Q51	1606703	f102ii+103_106i+107_109a_b	3	1597739				books/DSS-2-Samuel.txt	1261438	3251	2006479-2006488	10	1	a05bee278faf2a121b20f389bdb034c68a658d1eab35f68b3b88b24d655c8a1f	linguistics/books/DSS-2-Samuel-Linguistics.txt	1845790	4715	ba1d88b8796a1e9181789e52a2d250f68419dea80b5fedff2b18b88d70a7295e	PARTLY_RECONSTRUCTED	36	35	31	0	4	32	0	0	0	0	0	0	0
L1597740-R001	biblical_book	2Sam	13	15		4Q51	1606703	f102ii+103_106i+107_109a_b	4	1597740				books/DSS-2-Samuel.txt	1264689	3884	2006489-2006502	14	0	069ad12ae25bca68f638482a7205f811d7bf0996e6edc8de6eb0b02f09f7902b	linguistics/books/DSS-2-Samuel-Linguistics.txt	1850505	6127	b9aef263c987c1d5db5721fb409f3d56d000b19abc72411dc13c6229edeb13e4	PARTLY_RECONSTRUCTED	46	41	33	3	5	37	3	0	1	0	0	0	0
L1597740-R002	biblical_book	2Sam	13	16		4Q51	1606703	f102ii+103_106i+107_109a_b	4	1597740				books/DSS-2-Samuel.txt	1268573	2055	2006503-2006505	3	1	abc1f5198017d1ce5fca9cd0ca83399aa97cfc2f571614d2fc67c395bd5f3110	linguistics/books/DSS-2-Samuel-Linguistics.txt	1856632	1619	01bc6af541aef046b64f45f00733388e45c061cceb8392b6df99674b95b38dcc	PARTLY_RECONSTRUCTED	9	8	3	0	5	4	0	0	0	0	0	0	0
L1597741-R001	biblical_book	2Sam	13	16		4Q51	1606703	f102ii+103_106i+107_109a_b	5	1597741				books/DSS-2-Samuel.txt	1270628	4544	2006506-2006521	16	1	791ca3299d7984e89a2397aaac8c06c05299f51f3609fa00ce252cb66963b7db	linguistics/books/DSS-2-Samuel-Linguistics.txt	1858251	7083	c246ec54157f8a908528a7cca16cf05f31ffdd259addf7b4d4942021024b1c09	PARTLY_RECONSTRUCTED	53	50	44	5	1	46	5	0	0	0	0	0	0
L1597742-R001	biblical_book	2Sam	13	16		4Q51	1606703	f102ii+103_106i+107_109a_b	6	1597742				books/DSS-2-Samuel.txt	1275172	2649	2006522-2006530	9	0	8bccaee42b20bb011d33ba1bef7b6d22f37575c80fb0f4bd43c417d68efe089a	linguistics/books/DSS-2-Samuel-Linguistics.txt	1865334	3998	eb288012b2e389970f2d7b33ba02ce31367abd725f940f8114c3b00e80d054d3	PARTLY_RECONSTRUCTED	25	22	21	1	0	24	1	0	1	0	0	0	0
L1597742-R002	biblical_book	2Sam	13	17		4Q51	1606703	f102ii+103_106i+107_109a_b	6	1597742				books/DSS-2-Samuel.txt	1277821	3258	2006531-2006539	9	1	b773a29c3ed03c597c240c64fb344ae2bc77d3521be86f791b63cffdee6531c9	linguistics/books/DSS-2-Samuel-Linguistics.txt	1869332	4077	b9d5ff021d07e37b3be0e3666848e9297a6e2f05161f0484dc2289cf7b22c533	ALL_LETTER_SLOTS_RECONSTRUCTED	30	27	27	0	0	30	0	0	0	0	0	0	0
L1597743-R001	biblical_book	2Sam	13	17		4Q51	1606703	f102ii+103_106i+107_109a_b	7	1597743				books/DSS-2-Samuel.txt	1281079	3676	2006540-2006553	14	0	30c2b210fb5900dd2f497755f4c1002010def332656adda1b8eaf71b95a7dad1	linguistics/books/DSS-2-Samuel-Linguistics.txt	1873409	5952	eececf14071c34035af34d8161675f0dcb8314a160a6f92b5822eeef7a6f6792	PARTLY_RECONSTRUCTED	37	32	31	1	0	36	1	0	1	0	0	0	0
L1597743-R002	biblical_book	2Sam	13	18		4Q51	1606703	f102ii+103_106i+107_109a_b	7	1597743				books/DSS-2-Samuel.txt	1284755	2549	2006554-2006559	6	1	0eea1f84ffbcd10ccb878a95f927614782039591baf1e818c63ad86c70c9af7e	linguistics/books/DSS-2-Samuel-Linguistics.txt	1879361	2915	8436b524372442f643b7adb6bbc4a6c5c6eb93f8a5841fa361e883d530145914	ALL_LETTER_SLOTS_RECONSTRUCTED	19	18	18	0	0	19	0	0	0	0	0	0	0
L1597744-R001	biblical_book	2Sam	13	18		4Q51	1606703	f102ii+103_106i+107_109a_b	8	1597744				books/DSS-2-Samuel.txt	1287304	4516	2006560-2006577	18	1	6cd9847f6b4d47619a173d2311dcbee084b0eeabe08570353f2eeb765485fa92	linguistics/books/DSS-2-Samuel-Linguistics.txt	1882276	7718	c7609de210f98647893c7a80c6b74571cfd318061769382c23aceca6bf5867f3	PARTLY_RECONSTRUCTED	54	52	51	1	0	53	1	0	0	0	0	0	0
L1597745-R001	biblical_book	2Sam	13	18		4Q51	1606703	f102ii+103_106i+107_109a_b	9	1597745				books/DSS-2-Samuel.txt	1291820	1592	2006578-2006579	2	0	eadf05e70df8e1d1079849f72a621be5a90fd275fe0453384ed62e3c01a53290	linguistics/books/DSS-2-Samuel-Linguistics.txt	1889994	1220	d4c7d6d919d42dc4b9638ccc9ae339efba75bff4e7acd4e399d366719425d59d	PARTLY_RECONSTRUCTED	8	5	1	0	4	3	0	0	1	0	0	0	0
L1597745-R002	biblical_book	2Sam	13	19		4Q51	1606703	f102ii+103_106i+107_109a_b	9	1597745				books/DSS-2-Samuel.txt	1293412	4016	2006580-2006594	15	1	6f6659d7e0058f2c6f0bd7f66c582f27557fe4dbf73041a5e4b3bd35efb58431	linguistics/books/DSS-2-Samuel-Linguistics.txt	1891214	6519	901ffebc4b2c746d9664e9a49c6b74425745d34b992a72234398496c4a7204f5	ALL_LETTER_SLOTS_RECONSTRUCTED	44	42	42	0	0	44	0	0	0	0	0	0	0
L1597746-R001	biblical_book	2Sam	13	19		4Q51	1606703	f102ii+103_106i+107_109a_b	10	1597746				books/DSS-2-Samuel.txt	1297428	3252	2006595-2006606	12	0	33ee4932a682e4dc083dc732727ddc2ef189082871c73413cd3c9ad9209b2aeb	linguistics/books/DSS-2-Samuel-Linguistics.txt	1897733	5188	10947146589bf4a5981a15c8a2b96fe825e287c825bfb8f666f4091dcec22f81	PARTLY_RECONSTRUCTED	33	29	26	0	3	30	0	0	1	0	0	0	0
L1597746-R002	biblical_book	2Sam	13	20		4Q51	1606703	f102ii+103_106i+107_109a_b	10	1597746				books/DSS-2-Samuel.txt	1300680	2578	2006607-2006611	5	1	22f1842ddf1ce5a4cafcc2f169d67ba9fdf1244e7b6e61fdf0040f1ddbde14c7	linguistics/books/DSS-2-Samuel-Linguistics.txt	1902921	2549	c9f4d3633095a4366e33d945d8c863230899b0c315dc0ad8da8b7db80a84e5e2	ALL_LETTER_SLOTS_RECONSTRUCTED	22	20	20	0	0	22	0	0	0	0	0	0	0
L1597747-R001	biblical_book	2Sam	13	20		4Q51	1606703	f102ii+103_106i+107_109a_b	11	1597747				books/DSS-2-Samuel.txt	1303258	4560	2006612-2006626	15	1	ec53701a076e9b97221ea5d33af0e202b5d4cce6a15fc3eed323df8178d552c8	linguistics/books/DSS-2-Samuel-Linguistics.txt	1905470	6600	ce95309c51ef19af010d58fd71ad0c0e857e0e035ea6721d37a4f91e8fdb824b	PARTLY_RECONSTRUCTED	55	50	48	1	1	53	1	0	0	0	0	0	0
L1597748-R001	biblical_book	2Sam	13	20		4Q51	1606703	f102ii+103_106i+107_109a_b	12	1597748				books/DSS-2-Samuel.txt	1307818	3125	2006627-2006638	12	0	24901b3dcd07571913618f5d061cdc17e03950cb1d0dcdbcf0f408cbfff1973f	linguistics/books/DSS-2-Samuel-Linguistics.txt	1912070	5304	d3de99c88567edf1bf5310403c5450e10aeb207dc769353970fd374ebccadf8e	ALL_LETTER_SLOTS_RECONSTRUCTED	35	32	32	0	0	35	0	0	1	0	0	0	0
L1597748-R002	biblical_book	2Sam	13	21		4Q51	1606703	f102ii+103_106i+107_109a_b	12	1597748				books/DSS-2-Samuel.txt	1310943	2574	2006639-2006645	7	1	574b5df5b645df6e7b4416b5c5b1172bc4fc9bf97c786c32e71f040d6c2c95c0	linguistics/books/DSS-2-Samuel-Linguistics.txt	1917374	3254	7cf2ffef486796b4e5dd9b97662bd805557ec36849e6497be3a1cfd9484c5227	PARTLY_RECONSTRUCTED	17	17	12	1	4	12	1	0	0	0	0	0	0
L1597749-R001	biblical_book	2Sam	13	21		4Q51	1606703	f102ii+103_106i+107_109a_b	13	1597749				books/DSS-2-Samuel.txt	1313517	4872	2006646-2006664	19	1	6ee4b8069c19b096f094f21d3ad7183026eb46232ab67369e2fc1b369285aaf5	linguistics/books/DSS-2-Samuel-Linguistics.txt	1920628	8152	e765332f0c3d5d1281dd35a3a97e82422e2b41d447d0541a42a3f8903d4b7276	PARTLY_RECONSTRUCTED	56	52	44	0	8	46	0	0	0	0	0	0	0
L1597750-R001	biblical_book	2Sam	13	21		4Q51	1606703	f102ii+103_106i+107_109a_b	14	1597750				books/DSS-2-Samuel.txt	1318389	1479	2006665-2006666	2	0	922560942e5a942d6b414939bd8c654b71917b2bd7b84c329d006c6ccaa9fb4c	linguistics/books/DSS-2-Samuel-Linguistics.txt	1928780	1188	9d949cf208d4f342dd77a3e08e6c9e0ad3a63c794240ff192c75b26fc1d67c3e	ALL_LETTER_SLOTS_RECONSTRUCTED	5	3	3	0	0	5	0	0	1	0	0	0	0
L1597750-R002	biblical_book	2Sam	13	22		4Q51	1606703	f102ii+103_106i+107_109a_b	14	1597750				books/DSS-2-Samuel.txt	1319868	4009	2006667-2006682	16	1	f6503b150da0eb0bb0624fccd0fdecb6c9157c80e2e2b830709f085d6ce2f6cd	linguistics/books/DSS-2-Samuel-Linguistics.txt	1929968	6980	c41f2d4a7484fe9ae69fa247b603713b5608b7aa85b2e409ac0de2105e18c80a	PARTLY_RECONSTRUCTED	43	43	33	1	9	33	1	0	0	0	0	0	0
L1597751-R001	biblical_book	2Sam	13	22		4Q51	1606703	f102ii+103_106i+107_109a_b	15	1597751				books/DSS-2-Samuel.txt	1323877	3397	2006683-2006691	9	2	bd0380d350290642840274d8d112406942655e525595c8758f11b0b370f4e449	linguistics/books/DSS-2-Samuel-Linguistics.txt	1936948	4180	f78c3de2c3e1d8aad5a103f18430b69838f14915f366f747caf2e5e28bee2b6e	PARTLY_RECONSTRUCTED	29	26	21	0	5	24	0	0	1	0	0	0	0
L1597752-R001	biblical_book	2Sam	13	23		4Q51	1606703	f102ii+103_106i+107_109a_b	16	1597752				books/DSS-2-Samuel.txt	1327274	4244	2006692-2006706	15	1	2eba90d3cf818864fce9b3fbd9767437488e9eff5bb2052d3327cc098977c7e1	linguistics/books/DSS-2-Samuel-Linguistics.txt	1941128	6631	b1d478fdadd40730352c020717c26359a2d6dcc0856d11224f7aaf3013548958	PARTLY_RECONSTRUCTED	45	45	31	6	8	31	6	0	0	0	0	0	0
L1597753-R001	biblical_book	2Sam	13	23		4Q51	1606703	f102ii+103_106i+107_109a_b	17	1597753				books/DSS-2-Samuel.txt	1331518	2813	2006707-2006715	9	0	37b496b02a506c45f999af34a3e2f7bcb001924dee2d39e9f5e5b40e262c596f	linguistics/books/DSS-2-Samuel-Linguistics.txt	1947759	4147	8b597f7ffe664ec4db014d3b3781dd0f5dfeb2bd58e2a922f5ff5e0ff182f4f0	PARTLY_RECONSTRUCTED	26	24	14	2	8	16	2	0	1	0	0	0	0
L1597753-R002	biblical_book	2Sam	13	24		4Q51	1606703	f102ii+103_106i+107_109a_b	17	1597753				books/DSS-2-Samuel.txt	1334331	2755	2006716-2006723	8	1	b9876bcf5ea66fbb8ac0a679a7ff3dd4dcf09cb31ba5b9441562e91f3648bf28	linguistics/books/DSS-2-Samuel-Linguistics.txt	1951906	3696	51ca43ef91cbe0402db07d36b40822b2617acd8cdabfa9bf0da578b571c5f332	PARTLY_RECONSTRUCTED	23	23	1	0	22	1	0	0	0	0	0	0	0
L1597754-R001	biblical_book	2Sam	13	24		4Q51	1606703	f102ii+103_106i+107_109a_b	18	1597754				books/DSS-2-Samuel.txt	1337086	3965	2006724-2006737	14	0	dccda8229eb2e1ce4a620c4b8d036801061151189eb2ce55cdee97a380677321	linguistics/books/DSS-2-Samuel-Linguistics.txt	1955602	6111	ccbd817f10e213d1f868fe5a10a37288a7c1380459f144bf912b6822158fd521	PARTLY_RECONSTRUCTED	42	37	12	7	18	12	7	0	1	0	0	0	0
L1597754-R002	biblical_book	2Sam	13	25		4Q51	1606703	f102ii+103_106i+107_109a_b	18	1597754				books/DSS-2-Samuel.txt	1341051	2041	2006738-2006741	4	1	61d2cb4ea1b8b70a4aa32bf3247972d63871b1b7e3c2421db63b947268980185	linguistics/books/DSS-2-Samuel-Linguistics.txt	1961713	2021	25509f04c3ba124dc31bca504a106c1e543b75d87f2052d766a98b434e64765a	PARTLY_RECONSTRUCTED	9	9	1	0	8	1	0	0	0	0	0	0	0
L1597755-R001	biblical_book	2Sam	13	25		4Q51	1606703	f102ii+103_106i+107_109a_b	19	1597755				books/DSS-2-Samuel.txt	1343092	4383	2006742-2006757	16	1	64110d014bb987c12f5f7643224cd75857e5ce6f21b500423784ea8e76cf31cf	linguistics/books/DSS-2-Samuel-Linguistics.txt	1963734	6901	0947b22898b549e3a534f9789bd5f7cc7d0dbb1b91bd655b8b6f029155c0062d	PARTLY_RECONSTRUCTED	49	46	18	1	27	18	1	0	0	0	0	0	0
L1597756-R001	biblical_book	2Sam	13	25		4Q51	1606703	f102ii+103_106i+107_109a_b	20	1597756				books/DSS-2-Samuel.txt	1347475	2057	2006758-2006762	5	0	2c9bbb7b9463ee1187e83b6ad72ab6895420425dc4455213ea4b3dc80dbe41fd	linguistics/books/DSS-2-Samuel-Linguistics.txt	1970635	2370	56de6c1b7e64822e53f41b308d732dbd1fa2fe69221773361328ff196c287676	ALL_LETTER_SLOTS_RECONSTRUCTED	14	11	11	0	0	14	0	0	1	0	0	0	0
L1597756-R002	biblical_book	2Sam	13	26		4Q51	1606703	f102ii+103_106i+107_109a_b	20	1597756				books/DSS-2-Samuel.txt	1349532	4141	2006763-2006776	14	1	a4a6523c899aecb1c5077e5d6d7269c402cfcd88b42fb336b57ba131fb516276	linguistics/books/DSS-2-Samuel-Linguistics.txt	1973005	6164	a9e61c373b1acc27f841aec0f6deda2d8aaf7b81e35410db280b439d1fe41aaf	PARTLY_RECONSTRUCTED	43	41	20	1	20	20	1	0	0	0	0	0	0
L1597757-R001	biblical_book	2Sam	13	26		4Q51	1606703	f102ii+103_106i+107_109a_b	21	1597757				books/DSS-2-Samuel.txt	1353673	1922	2006777-2006780	4	0	136bc3d4c4037e206e2745de766c3d98e0e038dc7df07ef2262d90aef715f26c	linguistics/books/DSS-2-Samuel-Linguistics.txt	1979169	2008	07b962217aa81cae40c2a7393d26372bcc21a7db00b487a13841d34949ad6939	ALL_LETTER_SLOTS_RECONSTRUCTED	12	9	9	0	0	12	0	0	1	0	0	0	0
L1597757-R002	biblical_book	2Sam	13	27		4Q51	1606703	f102ii+103_106i+107_109a_b	21	1597757				books/DSS-2-Samuel.txt	1355595	3968	2006781-2006794	14	1	985e3b8b6080ad68bb5ab91a5c98b42a84e3a1d8e6d0fc67334139871357411e	linguistics/books/DSS-2-Samuel-Linguistics.txt	1981177	6150	1c1b26bdbd22a89b867444026a2293dcd3989059012c56e04ac3b4285e80de43	PARTLY_RECONSTRUCTED	39	38	18	4	16	19	4	0	0	0	0	0	0
L1597758-R001	biblical_book	2Sam	13	27		4Q51	1606703	f102ii+103_106i+107_109a_b	22	1597758				books/DSS-2-Samuel.txt	1359563	2641	2006795-2006803	9	0	dd38c884e5cbcf7e5529875e642e42c6b8ba93ac18270027b625d99c3ab0fc38	linguistics/books/DSS-2-Samuel-Linguistics.txt	1987327	4163	b6616d91d406c346365f3285f87432efad6d3b3dc6e54cbf45601e6eecc13c3a	PARTLY_RECONSTRUCTED	25	23	21	2	0	21	2	0	1	0	0	0	0
L1597758-R002	biblical_book	2Sam	13	28		4Q51	1606703	f102ii+103_106i+107_109a_b	22	1597758				books/DSS-2-Samuel.txt	1362204	2776	2006804-2006810	7	1	6144b04b96a1e610b26d565db3e2cf6af337a0a96804f1af06b50db45984b7e7	linguistics/books/DSS-2-Samuel-Linguistics.txt	1991490	3345	96e590baf884901e4dfbe1811a8869796803640b2e607f6cb744be40f97902e4	PARTLY_RECONSTRUCTED	23	22	2	2	18	2	2	0	0	0	0	0	0
L1597759-R001	biblical_book	2Sam	13	28		4Q51	1606703	f102ii+103_106i+107_109a_b	23	1597759				books/DSS-2-Samuel.txt	1364980	4102	2006811-2006826	16	1	bd826c23c52ea9fe01cee891fa8c8d03791b9c809ee536431af628e6c5b6fd2d	linguistics/books/DSS-2-Samuel-Linguistics.txt	1994835	6930	89ddd274e511f489945f2a37ab92bea81827865eac4603515f69ef41bb1cf1d1	PARTLY_RECONSTRUCTED	47	46	21	1	24	21	1	0	0	0	0	0	0
L1597760-R001	biblical_book	2Sam	13	28		4Q51	1606703	f102ii+103_106i+107_109a_b	24	1597760				books/DSS-2-Samuel.txt	1369082	3646	2006827-2006840	14	0	1a4923b5dc11dd6cab749988fca7a01ce5a227ff4f57120b2878548778ae4948	linguistics/books/DSS-2-Samuel-Linguistics.txt	2001765	6080	7f655823848d3126532c44ba231ddf1d13cebfe8bbac2ee3e7c80db91bac4b2f	PARTLY_RECONSTRUCTED	45	41	25	1	15	26	1	0	1	0	0	0	0
L1597760-R002	biblical_book	2Sam	13	29		4Q51	1606703	f102ii+103_106i+107_109a_b	24	1597760				books/DSS-2-Samuel.txt	1372728	2065	2006841-2006843	3	1	8f1f9b291ed7c78d511d20859117d2386c705e57d45c32c3e734a2abef482b63	linguistics/books/DSS-2-Samuel-Linguistics.txt	2007845	1669	645624ee08e958fcc02d0970fbcc49fb91abc45744e24cdb6b230c0e907fea84	PARTLY_RECONSTRUCTED	9	9	3	1	5	3	1	0	0	0	0	0	0
L1597761-R001	biblical_book	2Sam	13	29		4Q51	1606703	f102ii+103_106i+107_109a_b	25	1597761				books/DSS-2-Samuel.txt	1374793	4595	2006844-2006860	17	1	957b639cb5f81e4b489047064c31056c7a870d6d93019ba5a9e1ecf5ca03975a	linguistics/books/DSS-2-Samuel-Linguistics.txt	2009514	7371	365e0dd33d863925befd3ec67e1bae90c9c98cfedd37c2143588029748560b8b	PARTLY_RECONSTRUCTED	49	48	41	4	3	42	4	0	0	0	0	0	0
L1597762-R001	biblical_book	2Sam	13	29		4Q51	1606703	f102ii+103_106i+107_109a_b	26	1597762				books/DSS-2-Samuel.txt	1379388	1925	2006861-2006864	4	0	76a7a377755ed41ba5cce5d80c7846aba6c47d3f0ad0604ed32cdbb1b86eb0f1	linguistics/books/DSS-2-Samuel-Linguistics.txt	2016885	2013	afe643a57db487dd97d6cbcb160d31ee73917dc38cbab14444f034b04c5a3fac	PARTLY_RECONSTRUCTED	13	10	1	0	9	3	0	0	1	0	0	0	0
L1597762-R002	biblical_book	2Sam	13	30		4Q51	1606703	f102ii+103_106i+107_109a_b	26	1597762				books/DSS-2-Samuel.txt	1381313	3552	2006865-2006878	14	1	d726ccb8d19c6ec8b48023bb3e096646922e767d2eac3f5d811b16c845cbe313	linguistics/books/DSS-2-Samuel-Linguistics.txt	2018898	6053	55e9b3b91bcd8c87b1c2574f6abd261489debc7ba103d949ec59317e06b415ff	ALL_LETTER_SLOTS_RECONSTRUCTED	35	35	35	0	0	35	0	0	0	0	0	0	0
L1597763-R001	biblical_book	2Sam	13	30		4Q51	1606703	f102ii+103_106i+107_109a_b	27	1597763				books/DSS-2-Samuel.txt	1384865	4139	2006879-2006891	13	2	29f09c55fd5ac807101546f32147c376a817ce2b53cebdbc04c73c01ba81b9b5	linguistics/books/DSS-2-Samuel-Linguistics.txt	2024951	5673	b2867f7a87fd0649d0685a84aa43312a938f87958235d5622b5c16d0bc008669	PARTLY_RECONSTRUCTED	37	34	29	1	4	32	1	0	1	0	0	0	0
L1597764-R001	biblical_book	2Sam	13	31		4Q51	1606703	f102ii+103_106i+107_109a_b	28	1597764				books/DSS-2-Samuel.txt	1389004	4339	2006892-2006907	16	1	7f99180f3c14e3db0dc15d8d9b1f16b338d34b460bd3582fc313c26f039fc042	linguistics/books/DSS-2-Samuel-Linguistics.txt	2030624	6909	2497928cfd16ea36dc80573e749100285880ef8a4f8d2de27d14273bd4a7e1a5	PARTLY_RECONSTRUCTED	49	46	39	1	6	42	1	0	0	0	0	0	0
L1597765-R001	biblical_book	2Sam	13	31		4Q51	1606703	f102ii+103_106i+107_109a_b	29	1597765				books/DSS-2-Samuel.txt	1393343	1587	2006908-2006909	2	0	24c1cf73862e7cdee1bcc9d7a37f5c2d95766acde35a21be0fc092467bb93529	linguistics/books/DSS-2-Samuel-Linguistics.txt	2037533	1236	48f4cd2f22a71f593b2b886c6213a99c6632c0a905b823ce9ca7e467a694600e	NO_LETTER_RECONSTRUCTION_MARKED	8	5	0	0	5	0	0	0	1	0	0	0	0
L1597765-R002	biblical_book	2Sam	13	32		4Q51	1606703	f102ii+103_106i+107_109a_b	29	1597765				books/DSS-2-Samuel.txt	1394930	3909	2006910-2006924	15	1	44d8eca1c4cf138bbf5cc91e6d28fa0bc776162d1a2bfde51275df51e970d1a7	linguistics/books/DSS-2-Samuel-Linguistics.txt	2038769	6652	9f303211fd8f4aeaf22eff175280881428220b97f961c7ab2dc95752df889d05	PARTLY_RECONSTRUCTED	46	45	41	0	4	42	0	0	0	0	0	0	0
L1597766-R001	biblical_book	2Sam	13	32		4Q51	1606703	f102ii+103_106i+107_109a_b	30	1597766				books/DSS-2-Samuel.txt	1398839	4067	2006925-2006940	16	1	fa3c5275e796a86db6bbeaa67e5156c2a3634a505d15adf3570ecd11b0352a43	linguistics/books/DSS-2-Samuel-Linguistics.txt	2045421	6995	51fb396cda24b91ae5b83a980b2388843e61518276468066adc6f4a25bc8f32f	PARTLY_RECONSTRUCTED	47	46	31	0	15	32	0	0	0	0	0	0	0
L1597767-R001	biblical_book	2Sam	13	32		4Q51	1606703	f102ii+103_106i+107_109a_b	31	1597767				books/DSS-2-Samuel.txt	1402906	2811	2006941-2006948	8	0	87ebb198f840f375a66777cbc3fdb044e16cacebbc35787c76a6d9b98f276801	linguistics/books/DSS-2-Samuel-Linguistics.txt	2052416	3710	f629e1236cb9fcd29f1bd9817bdbfedafc4c40fce89d4ce274e83bac44f1d287	PARTLY_RECONSTRUCTED	25	21	14	2	5	17	2	0	1	0	0	0	0
L1597767-R002	biblical_book	2Sam	13	33		4Q51	1606703	f102ii+103_106i+107_109a_b	31	1597767				books/DSS-2-Samuel.txt	1405717	3088	2006949-2006957	9	1	20f50e4214f220307a3d13fa718b0feb2ae5c1d5ea2545681227b1fa0f37fc61	linguistics/books/DSS-2-Samuel-Linguistics.txt	2056126	4047	576e749b9752e2e24515c8bd6e0f970e45f8ffa936c312dfd2aa7655cfeb7c88	ALL_LETTER_SLOTS_RECONSTRUCTED	24	22	22	0	0	24	0	0	0	0	0	0	0
L1597768-R001	biblical_book	2Sam	13	33		4Q51	1606703	f102ii+103_106i+107_109a_b	32	1597768				books/DSS-2-Samuel.txt	1408805	3709	2006958-2006972	15	0	fdeca7bbbb032ef02fe41be221f08344b9bb4123361ca0e1648791207cdb443c	linguistics/books/DSS-2-Samuel-Linguistics.txt	2060173	6461	9da7178c94dfbf7eef0a07ce96c7c7282a28ab73b0eb4bebd1c734cecc3cd0e6	PARTLY_RECONSTRUCTED	39	36	32	2	2	35	2	0	1	0	0	0	0
L1597768-R002	biblical_book	2Sam	13	34		4Q51	1606703	f102ii+103_106i+107_109a_b	32	1597768				books/DSS-2-Samuel.txt	1412514	2195	2006973-2006974	2	2	911995c9437990726e0693575ad6c0698dc85467cbd02b11dfea166ff64199db	linguistics/books/DSS-2-Samuel-Linguistics.txt	2066634	1220	d18e312a0c5b0eec76da89685ae1800fe1c057d7467b0d1f0d986ebe8ac55a65	ALL_LETTER_SLOTS_RECONSTRUCTED	5	5	5	0	0	5	0	0	0	0	0	0	0
L1597769-R001	biblical_book	2Sam	13	34		4Q51	1606703	f102ii+103_106i+107_109a_b	33	1597769				books/DSS-2-Samuel.txt	1414709	4347	2006975-2006992	18	1	e6682469abb66b3b329307524fda02d91cc9f6162799883ff0a8b139f8be6536	linguistics/books/DSS-2-Samuel-Linguistics.txt	2067854	7713	f25d77a440d698c704bb030af0a75e7881a82d496ac64d01c6c167aa33318bef	PARTLY_RECONSTRUCTED	49	48	42	1	5	43	1	0	0	0	0	0	0
L1597770-R001	biblical_book	2Sam	13	34		4Q51	1606703	f102ii+103_106i+107_109a_b	34	1597770				books/DSS-2-Samuel.txt	1419056	4302	2006993-2007011	19	1	fe7f99c5c3b393411d8ca17eeb6d934d55210489672e367cc88ad3e1e2c1ed3b	linguistics/books/DSS-2-Samuel-Linguistics.txt	2075567	8011	3db0c58b2f862960dcdd4a2c525bb04551197d9a50d95a7a3f30b806cb16cfac	ALL_LETTER_SLOTS_RECONSTRUCTED	50	50	50	0	0	50	0	0	0	0	0	0	0
L1597771-R001	biblical_book	2Sam	13	34		4Q51	1606703	f102ii+103_106i+107_109a_b	35	1597771				books/DSS-2-Samuel.txt	1423358	2333	2007012-2007019	8	0	ae49d5b15b62e9357ed51d9fc435f1f2362926c7b14a8f88b781fa1633f101e6	linguistics/books/DSS-2-Samuel-Linguistics.txt	2083578	3605	9ece6b61d48cb581fe4fa5979ec2dd35d6b908b9776d7d0f797f9ce8fcb2388d	ALL_LETTER_SLOTS_RECONSTRUCTED	18	16	16	0	0	18	0	0	1	0	0	0	0
L1597771-R002	biblical_book	2Sam	13	35		4Q51	1606703	f102ii+103_106i+107_109a_b	35	1597771				books/DSS-2-Samuel.txt	1425691	3147	2007020-2007030	11	1	33e8d791e8396882ebc7354144be263ef5a27a0982755cb7e324298e21564112	linguistics/books/DSS-2-Samuel-Linguistics.txt	2087183	4942	aa9a3a87bbccb1b9a1569487e19c7c219b0593c13ec19a6939e02b1e7d806a29	ALL_LETTER_SLOTS_RECONSTRUCTED	30	30	30	0	0	30	0	0	0	0	0	0	0
L1597772-R001	biblical_book	2Sam	13	35		4Q51	1606703	f102ii+103_106i+107_109a_b	36	1597772				books/DSS-2-Samuel.txt	1428838	2204	2007031-2007036	6	0	de6f546288738b7153a247f522a71d23b12c85a53462439e416f067f1175db1c	linguistics/books/DSS-2-Samuel-Linguistics.txt	2092125	2825	ae88ca65d3897942a73ea71e413ceec1325c813fbf4d890f37752fe43a7a6ab0	ALL_LETTER_SLOTS_RECONSTRUCTED	16	13	13	0	0	16	0	0	1	0	0	0	0
L1597772-R002	biblical_book	2Sam	13	36		4Q51	1606703	f102ii+103_106i+107_109a_b	36	1597772				books/DSS-2-Samuel.txt	1431042	3750	2007037-2007050	14	1	f068497e2eaa1a1733a3e2292d71dede6976a2f27668532ee0a1bed7902dcda0	linguistics/books/DSS-2-Samuel-Linguistics.txt	2094950	6018	ffbb1d458649b42bc9eaebda727b925816150e3be3b8d7d63789c4e1fcf21ea6	PARTLY_RECONSTRUCTED	34	33	26	2	5	26	2	0	0	0	0	0	0
L1597773-R001	biblical_book	2Sam	13	36		4Q51	1606703	f102ii+103_106i+107_109a_b	37	1597773				books/DSS-2-Samuel.txt	1434792	3655	2007051-2007065	15	0	96bfd67eb111fbc05fc8b023085dff9ad710918a40538264303c844f36afe406	linguistics/books/DSS-2-Samuel-Linguistics.txt	2100968	6486	08a683753a2d0a14ce53c2dda3168c3cddf729bbe2a7297435792b7d5e5c0d47	PARTLY_RECONSTRUCTED	43	39	28	0	11	31	0	0	1	0	0	0	0
L1597773-R002	biblical_book	2Sam	13	37		4Q51	1606703	f102ii+103_106i+107_109a_b	37	1597773				books/DSS-2-Samuel.txt	1438447	1966	2007066-2007068	3	1	d9e275b7ca5b5abbb0e500e90e4845cb337121caa43bb8f213756784d343c63f	linguistics/books/DSS-2-Samuel-Linguistics.txt	2107454	1708	94a2faab4ea30379d9d3c0ca913d8f03ddf975493523a04d194fdbea306d8009	ALL_LETTER_SLOTS_RECONSTRUCTED	10	10	10	0	0	10	0	0	0	0	0	0	0
L1597774-R001	biblical_book	2Sam	13	37		4Q51	1606703	f102ii+103_106i+107_109a_b	38	1597774				books/DSS-2-Samuel.txt	1440413	4210	2007069-2007084	16	1	edd31a3cfe95f53db6812671130b55bc3d78e4a5a60ca2f03d13fe95c336a534	linguistics/books/DSS-2-Samuel-Linguistics.txt	2109162	7072	0d4c6c41fbed50e1fc5f359cd387c230f776d827b1c5c3c874fef2916d36bd5e	PARTLY_RECONSTRUCTED	45	45	32	1	12	32	1	0	0	0	0	0	0
L1597775-R001	biblical_book	2Sam	13	37		4Q51	1606703	f102ii+103_106i+107_109a_b	39	1597775				books/DSS-2-Samuel.txt	1444623	2039	2007085-2007089	5	0	7870a0ae8d762263db8989bab187712890c672cf2d36b2bfa2bc6e61277731c1	linguistics/books/DSS-2-Samuel-Linguistics.txt	2116234	2399	499fb82499e2d1c305f2f71b58831d3873778ffcd7856208e74c387dbf363e2e	PARTLY_RECONSTRUCTED	14	11	6	1	4	7	1	0	1	0	0	0	0
L1597775-R002	biblical_book	2Sam	13	38		4Q51	1606703	f102ii+103_106i+107_109a_b	39	1597775				books/DSS-2-Samuel.txt	1446662	3414	2007090-2007101	12	1	276cde46d6ba828cb1924c9b54d37aa6d33b88344e68106a88b15c56192f8237	linguistics/books/DSS-2-Samuel-Linguistics.txt	2118633	5344	2cc1128f1e36ef6046d0b833bff80602498aa6a3020ddda6bff6cabf59df39e3	PARTLY_RECONSTRUCTED	33	31	17	1	13	17	1	0	1	0	0	0	0
L1597776-R001	biblical_book	2Sam	13	39		4Q51	1606703	f102ii+103_106i+107_109a_b	40	1597776				books/DSS-2-Samuel.txt	1450076	4434	2007102-2007118	17	1	ef4ee4585413dd86458b108ae0618875f22d0cee57b335dbf124ad6ea1b9595d	linguistics/books/DSS-2-Samuel-Linguistics.txt	2123977	7338	44b657010ac0d57407ba4d7048520a8929aae34549bf9d68e76ea49ffd730ce4	PARTLY_RECONSTRUCTED	45	42	26	3	13	27	3	0	1	0	0	0	0
L1597777-R001	biblical_book	2Sam	14	1		4Q51	1606703	f102ii+103_106i+107_109a_b	41	1597777				books/DSS-2-Samuel.txt	1454510	3201	2007119-2007130	12	0	8eed483feb78b03d8d52a355d84be4493b9aaac18e027687d3a8c10175a86411	linguistics/books/DSS-2-Samuel-Linguistics.txt	2131315	5334	86107e16acfe327603aede4cef3ccc29be9b977d1af558bcb055ac451ac580f6	PARTLY_RECONSTRUCTED	33	31	25	0	6	27	0	0	1	0	0	0	0
L1597777-R002	biblical_book	2Sam	14	2		4Q51	1606703	f102ii+103_106i+107_109a_b	41	1597777				books/DSS-2-Samuel.txt	1457711	2260	2007131-2007134	4	1	702ed4d2b306e2046a785259d3d25148c49b10ec5938cccdae035d6a52aaf4f2	linguistics/books/DSS-2-Samuel-Linguistics.txt	2136649	2126	f2fcbddc05e09a7635d535c4828debf2f6b67e865bf42ec0a735cc49cca2322c	ALL_LETTER_SLOTS_RECONSTRUCTED	15	14	14	0	0	15	0	0	0	0	0	0	0
L1597778-R001	biblical_book	2Sam	14	2		4Q51	1606703	f102ii+103_106i+107_109a_b	42	1597778				books/DSS-2-Samuel.txt	1459971	4105	2007135-2007150	16	1	ae0be6d7c4cc6570c55a52c31ada94c8bf5c53f9e019be2650f8a94a202f5944	linguistics/books/DSS-2-Samuel-Linguistics.txt	2138775	6906	236b3bd7d4eec7eee4e419c832db9e8c49c2125a8fd282bdc55a22e37b15e354	PARTLY_RECONSTRUCTED	47	46	41	1	4	42	1	0	0	0	0	0	0
L1597779-R001	biblical_book	2Sam	14	2		4Q51	1606703	f102ii+103_106i+107_109a_b	43	1597779				books/DSS-2-Samuel.txt	1464076	4148	2007151-2007166	16	1	157db51445b8bd6dd551971354ff407ddabdfbfd6b69727181a6854b85947222	linguistics/books/DSS-2-Samuel-Linguistics.txt	2145681	6851	80db9ad66df40ef9a75c12ff08d9bbaa8f8da84016a46a4e1f86f3f3fbb1c5db	PARTLY_RECONSTRUCTED	45	43	24	2	17	24	2	0	1	0	0	0	0
L1597780-R001	biblical_book	2Sam	14	3		4Q51	1606703	f102ii+103_106i+107_109a_b	44	1597780				books/DSS-2-Samuel.txt	1468224	4819	2007167-2007185	19	1	e0b31db951024efb5745ae88b2a6f4cb4d82fc8078fd9c30643d1f1c2830cc9e	linguistics/books/DSS-2-Samuel-Linguistics.txt	2152532	7974	701fee56e03c008fc8cafab081678f1b32836539ccc59b29cac56a93e991d1eb	PARTLY_RECONSTRUCTED	45	42	24	11	7	24	11	0	1	0	0	0	0
L1597781-R001	biblical_book	2Sam	14	14		4Q51	1606703	f110	1	1597781				books/DSS-2-Samuel.txt	1473043	3495	2007186-2007197	12	1	c844d5ced43d6011a3f6f22401333adaf65d54480620b298c7340d7de5ad1da1	linguistics/books/DSS-2-Samuel-Linguistics.txt	2160506	5264	86f2a023f3b839eba18338eb06c66058a1b72bc24a2547d19bd514c034877860	PARTLY_RECONSTRUCTED	35	34	32	1	1	33	1	0	0	0	0	0	0
L1597782-R001	biblical_book	2Sam	14	14		4Q51	1606703	f110	2	1597782				books/DSS-2-Samuel.txt	1476538	3835	2007198-2007210	13	1	81c0ffc567bd8524b801098221c9076a4ec1ec2229079998dbe5eac6970a8003	linguistics/books/DSS-2-Samuel-Linguistics.txt	2165770	5765	61c802a635e00f51448a8112473eaa07e3a0e0d596030eb701d3e4ec76b6b65a	PARTLY_RECONSTRUCTED	41	38	32	2	4	33	2	0	1	0	0	0	0
L1597783-R001	biblical_book	2Sam	14	18		4Q51	1606703	f106ii	1	1597783				books/DSS-2-Samuel.txt	1480373	4002	2007211-2007225	15	1	2b9c3e0429e7e21846bfb3d887c21c4b92609c283732ee86362fff6d81c0b7a5	linguistics/books/DSS-2-Samuel-Linguistics.txt	2171535	6540	cca5c324e47dee68cbab0c45c74a03f8e3df3e004a188b428fb4af397bc5fb8a	PARTLY_RECONSTRUCTED	48	46	45	0	1	47	0	0	0	0	0	0	0
L1597784-R001	biblical_book	2Sam	14	18		4Q51	1606703	f106ii	2	1597784				books/DSS-2-Samuel.txt	1484375	2719	2007226-2007235	10	0	034093c25a47b6069f0f034dd87205009ae35ddd98c7c35392b2811b0a469fc0	linguistics/books/DSS-2-Samuel-Linguistics.txt	2178075	4371	161524d2e65392458c0e03afe834dfc23ea25fade5da331a8e5f6a12a157abe9	PARTLY_RECONSTRUCTED	26	23	18	0	5	21	0	0	1	0	0	0	0
L1597784-R002	biblical_book	2Sam	14	19		4Q51	1606703	f106ii	2	1597784				books/DSS-2-Samuel.txt	1487094	3010	2007236-2007245	10	1	38d4ef7537897539292d590de9294eba18838b7ba5b7a0cb381469e16f9cf9e4	linguistics/books/DSS-2-Samuel-Linguistics.txt	2182446	4364	c733f104e0412b61527c95664ae57ac78c0476cb7ad2e9b5192c737d6d0c3f22	ALL_LETTER_SLOTS_RECONSTRUCTED	24	23	23	0	0	24	0	0	0	0	0	0	0
L1597785-R001	biblical_book	2Sam	14	19		4Q51	1606703	f106ii	3	1597785				books/DSS-2-Samuel.txt	1490104	4490	2007246-2007264	19	1	1113c0ba475ea76672af51e2e3f697c74ec28c4551de77b1cf7543c66c681faf	linguistics/books/DSS-2-Samuel-Linguistics.txt	2186810	7963	8c09b02b8269710e6ccf49b03ef6ca43fd47220e2ab3db10192841cd3ce678c2	PARTLY_RECONSTRUCTED	47	45	40	0	5	42	0	0	0	0	0	0	0
L1597786-R001	biblical_book	2Sam	14	19		4Q51	1606703	f106ii	4	1597786				books/DSS-2-Samuel.txt	1494594	4511	2007265-2007282	18	1	dd09a90b3e28600c0308259f31a41f9d9098fbd7f0d6b5bbb94deaa8cec7a6ed	linguistics/books/DSS-2-Samuel-Linguistics.txt	2194773	7703	31ba43e8a6796fd2d7084fbf24a500372f0c932c4b2597fc2643ca74d8fa3899	PARTLY_RECONSTRUCTED	51	48	41	1	6	44	1	0	0	0	0	0	0
L1597787-R001	biblical_book	2Sam	14	19		4Q51	1606703	f106ii	5	1597787				books/DSS-2-Samuel.txt	1499105	2308	2007283-2007287	5	1	8d969304ac6667eb020ee12a5482c67cd96dd4372f6206a63904867fb7aab58c	linguistics/books/DSS-2-Samuel-Linguistics.txt	2202476	2308	beafc180cd302cdeae4f0b902336d1712d0f8c45799b506bc995cfe231a0d72e	NO_LETTER_RECONSTRUCTION_MARKED	12	7	0	0	7	2	0	1	2	0	0	0	0
L1597788-R001	biblical_book	2Sam	14	33		4Q51	1606703	f111	1	1597788				books/DSS-2-Samuel.txt	1501413	3428	2007288-2007299	12	1	06aaad58bb81fa997efbd91842f07539a8242c9eba6a26385574f131c97be925	linguistics/books/DSS-2-Samuel-Linguistics.txt	2204784	5098	591bc8b2f86beb6971ef12e9882121fd91edd207a5222a6d919dcaa321c39290	PARTLY_RECONSTRUCTED	28	25	23	1	1	26	1	1	1	0	0	0	0
L1597789-R001	biblical_book	2Sam	14	33		4Q51	1606703	f111	2	1597789				books/DSS-2-Samuel.txt	1504841	4615	2007300-2007317	18	1	3fca6e0d37c111c7b2d6b6d7f97c2fd1ff3c193aff25614b237d60cd28882b87	linguistics/books/DSS-2-Samuel-Linguistics.txt	2209882	7620	8261a6e0551c802890f92f551ce33ccbad942c309ccf9cb8b4c4df92ceb65c72	PARTLY_RECONSTRUCTED	49	44	40	1	3	43	1	0	1	0	0	0	0
L1597790-R001	biblical_book	2Sam	15	1		4Q51	1606703	f112_114	1	1597790				books/DSS-2-Samuel.txt	1509456	3966	2007318-2007331	14	1	d76b8332f37159bede51f09c0154103ab5f0fc1047bb012c1e85ea2ff9e392ff	linguistics/books/DSS-2-Samuel-Linguistics.txt	2217502	6243	8adfc0d2c24f7169fe4320c2a22bdcc67671f368901105f496175f1d8a4166c8	PARTLY_RECONSTRUCTED	43	42	33	4	5	34	4	0	0	0	0	0	0
L1597791-R001	biblical_book	2Sam	15	1		4Q51	1606703	f112_114	2	1597791				books/DSS-2-Samuel.txt	1513422	1872	2007332-2007335	4	0	177fdd43bab83664ede6b27ea62ea0c8c0b943e89b5733cf68bd8f58ee3dd85e	linguistics/books/DSS-2-Samuel-Linguistics.txt	2223745	1964	a311368dd63b713f1b23748eb65a896d82d646464c1a437b629914898b3e3e95	ALL_LETTER_SLOTS_RECONSTRUCTED	12	9	9	0	0	12	0	0	1	0	0	0	0
L1597791-R002	biblical_book	2Sam	15	2		4Q51	1606703	f112_114	2	1597791				books/DSS-2-Samuel.txt	1515294	3588	2007336-2007348	13	1	7349ae778bf7b0e7727e8d80757da536095a5d8734df20e11ae3434fcc599bbb	linguistics/books/DSS-2-Samuel-Linguistics.txt	2225709	5637	6c278c0905467030b6fb9575df27b6221baa186bfb8548b59cd3e5f3969adca3	PARTLY_RECONSTRUCTED	33	33	14	2	17	14	2	0	0	0	0	0	0
L1597792-R001	biblical_book	2Sam	15	2		4Q51	1606703	f112_114	3	1597792				books/DSS-2-Samuel.txt	1518882	4176	2007349-2007364	16	1	6bc3800bdefe56ca45181bce4cb2d9fcd9f9ae9e559d1f732f96d618d937ce17	linguistics/books/DSS-2-Samuel-Linguistics.txt	2231346	6837	d331d2a20ced00b39c4e6cc3a96c86d4bd7a0152c8b38109be244ad7db5df364	PARTLY_RECONSTRUCTED	43	41	24	2	15	25	2	0	0	0	0	0	0
L1597793-R001	biblical_book	2Sam	15	2		4Q51	1606703	f112_114	4	1597793				books/DSS-2-Samuel.txt	1523058	4067	2007365-2007381	17	1	42431c65e576393d9be11fbd2b073c3862c6b709d1938d2e70affd3ca2642e53	linguistics/books/DSS-2-Samuel-Linguistics.txt	2238183	7204	865d23c0f7aaecd8078adb8c9ac07ad2eed86519ff593cbc0839edff40376afd	PARTLY_RECONSTRUCTED	40	40	24	3	13	24	3	0	0	0	0	0	0
L1597794-R001	biblical_book	2Sam	15	2		4Q51	1606703	f112_114	5	1597794				books/DSS-2-Samuel.txt	1527125	1580	2007382-2007383	2	0	767db1ee342174d72ceb23bfb490038feb8f3dce1dcc1b9de31c8207612e4646	linguistics/books/DSS-2-Samuel-Linguistics.txt	2245387	1175	2f10972fc21b147e187371c3d9c8aae6bba637b9d7e1438cfa3abca202c61957	ALL_LETTER_SLOTS_RECONSTRUCTED	7	4	4	0	0	7	0	0	1	0	0	0	0
L1597794-R002	biblical_book	2Sam	15	3		4Q51	1606703	f112_114	5	1597794				books/DSS-2-Samuel.txt	1528705	3639	2007384-2007395	12	1	4437c6e83ea6ed71fca94503940d64a5442095ff6d5bb8be782eaba551651d35	linguistics/books/DSS-2-Samuel-Linguistics.txt	2246562	5385	a3d8172db64e9b91dff5b81066ace6d7527fae1887982d2024481a6dafb71b0a	PARTLY_RECONSTRUCTED	44	42	37	0	5	39	0	0	0	0	0	0	0
L1597795-R001	biblical_book	2Sam	15	3		4Q51	1606703	f112_114	6	1597795				books/DSS-2-Samuel.txt	1532344	2104	2007396-2007401	6	0	406833de460c69e82d1e2355e21c7b3405c8727aa68517a79045601e44633ad8	linguistics/books/DSS-2-Samuel-Linguistics.txt	2251947	2687	f5a4def03ea0966e2cdcae3012d7b0559a15c69706caaa8cbc50b545d14a3050	ALL_LETTER_SLOTS_RECONSTRUCTED	12	9	9	0	0	12	0	0	1	0	0	0	0
L1597795-R002	biblical_book	2Sam	15	4		4Q51	1606703	f112_114	6	1597795				books/DSS-2-Samuel.txt	1534448	3641	2007402-2007413	12	1	b37e97503a34d1aff59ba64e2a3e46be63483bd98fd758471c181bf093558b0a	linguistics/books/DSS-2-Samuel-Linguistics.txt	2254634	5306	2bef8a53c8cb39acc59ce3ac73084bc5c868ae3f267df4cb033ad1fc05bd2971	PARTLY_RECONSTRUCTED	38	36	32	1	3	33	1	0	0	0	0	0	0
L1597796-R001	biblical_book	2Sam	15	4		4Q51	1606703	f112_114	7	1597796				books/DSS-2-Samuel.txt	1538089	2928	2007414-2007423	10	0	f944e25601187e38e8b167a022eba354057d3aac191db810d818bbc3c4e709d4	linguistics/books/DSS-2-Samuel-Linguistics.txt	2259940	4405	dec22ef9c0ea7bcbe0924be95cff7aff8af4cc59a6761a8e555e6c4ef701fe34	ALL_LETTER_SLOTS_RECONSTRUCTED	32	28	28	0	0	32	0	0	1	0	0	0	0
L1597796-R002	biblical_book	2Sam	15	5		4Q51	1606703	f112_114	7	1597796				books/DSS-2-Samuel.txt	1541017	2922	2007424-2007430	7	1	7ea66f7678d18a631f9fcf18d26280bbf8e8b01d8d7bce2ab2a565232abf8a8e	linguistics/books/DSS-2-Samuel-Linguistics.txt	2264345	3218	a473b61575ff43503137d03d273fd1487d5f65683b2f7b788e43f4f0e3cca7e0	PARTLY_RECONSTRUCTED	20	20	11	6	3	11	6	0	0	0	0	0	0
L1597797-R001	biblical_book	2Sam	15	5		4Q51	1606703	f112_114	8	1597797				books/DSS-2-Samuel.txt	1543939	3448	2007431-2007442	12	0	61201b097d437f57d0fb806a0df1697843fcadc222482152b48c2448369524a7	linguistics/books/DSS-2-Samuel-Linguistics.txt	2267563	5040	83506aa7ffc26278cbd9c25940a38da436ce574bee257e18843dff471653d9e5	PARTLY_RECONSTRUCTED	31	25	22	1	2	28	1	0	1	0	0	0	0
L1597797-R002	biblical_book	2Sam	15	6		4Q51	1606703	f112_114	8	1597797				books/DSS-2-Samuel.txt	1547387	3069	2007443-2007451	9	1	66308e2fdd99624a582c852f3189c4eea84a493904f8d1cb2986fcad13536e24	linguistics/books/DSS-2-Samuel-Linguistics.txt	2272603	4034	8067778a37c5dfef3af7ea62a95a02477058e6036f0cb9ee37b74f57df9dd483	PARTLY_RECONSTRUCTED	21	21	9	4	8	9	4	0	0	0	0	0	0
L1597798-R001	biblical_book	2Sam	15	6		4Q51	1606703	f112_114	9	1597798				books/DSS-2-Samuel.txt	1550456	3790	2007452-2007465	14	1	5241383b2b6706816f4a9c65bc7eced52cceeff9df8dddd40f3048383fd6a26f	linguistics/books/DSS-2-Samuel-Linguistics.txt	2276637	6217	9bcd14db1be2bc8a56cc1488681e2fe094ba4de9708a851b155ece37075045da	PARTLY_RECONSTRUCTED	41	41	27	2	12	27	2	0	0	0	0	0	0
L1597799-R001	biblical_book	2Sam	15	6		4Q51	1606703	f112_114	10	1597799				books/DSS-2-Samuel.txt	1554246	2441	2007466-2007469	4	2	27f48b3a7795885e460890706739f8fe0a058aa78d0169ab44d71bf8da2cd03d	linguistics/books/DSS-2-Samuel-Linguistics.txt	2282854	2045	b512a641c812e035d8decc9c34f1b5878fecb27aa903dc7fbd18c0a89b5b29c4	ALL_LETTER_SLOTS_RECONSTRUCTED	14	12	12	0	0	14	0	0	1	0	0	0	0
L1597800-R001	biblical_book	2Sam	15	7		4Q51	1606703	f112_114	11	1597800				books/DSS-2-Samuel.txt	1556687	4115	2007470-2007486	17	1	938b50596122360830a16a17a7db6462e3524b243e14c986693717ff6dbe1a2a	linguistics/books/DSS-2-Samuel-Linguistics.txt	2284899	7245	46a98f44e290a284280e1d4b5be54c958a9d250c62d73d10585195224930c1f6	PARTLY_RECONSTRUCTED	45	43	40	2	1	40	2	0	1	0	0	0	0
L1597801-R001	biblical_book	2Sam	15	20		4Q51	1606703	f115	1	1597801				books/DSS-2-Samuel.txt	1560802	4071	2007487-2007501	15	1	1a3d298ff3ee39b367946f72b4d17134f34db125011554e0863022330d836f2f	linguistics/books/DSS-2-Samuel-Linguistics.txt	2292144	6427	da73e80637a574d80f4bc808e960faceb5eebe372b0080627c0f376f4963c9c8	PARTLY_RECONSTRUCTED	42	40	38	2	0	40	2	0	0	0	0	0	0
L1597802-R001	biblical_book	2Sam	15	20		4Q51	1606703	f115	2	1597802				books/DSS-2-Samuel.txt	1564873	1713	2007502-2007505	4	0	7e3db92408c418e03821f232f67ebf507bfa1801bc6200ce148b4da9ba9fe214	linguistics/books/DSS-2-Samuel-Linguistics.txt	2298571	1945	f7c82d05e97bac9384bef0869b6725b608a5ca3b96ccde52b88f83fc8eb2187c	ALL_LETTER_SLOTS_RECONSTRUCTED	9	7	7	0	0	9	0	0	1	0	0	0	0
L1597802-R002	biblical_book	2Sam	15	21		4Q51	1606703	f115	2	1597802				books/DSS-2-Samuel.txt	1566586	3452	2007506-2007518	13	1	887024f4e3db93eee59a48e63742a3b8d5e76acc42e9b017845aea1324b5271d	linguistics/books/DSS-2-Samuel-Linguistics.txt	2300516	5587	f10a47fd3e2e7662c21299d6566aa8aba111b6bb6cdfda6c8aea3bf532447fdd	PARTLY_RECONSTRUCTED	32	31	28	0	3	29	0	0	0	0	0	0	0
L1597803-R001	biblical_book	2Sam	15	21		4Q51	1606703	f115	3	1597803				books/DSS-2-Samuel.txt	1570038	3807	2007519-2007533	15	1	24bb198bc65369325118976c61ec4bf28a8b2435f6b0c8fdc4c206c115e058f6	linguistics/books/DSS-2-Samuel-Linguistics.txt	2306103	6428	29ce7ac815065bc45fa09307e326c60dfcc5e07cadb43e9550e5196aa1b5dc14	PARTLY_RECONSTRUCTED	37	36	34	0	2	35	0	0	0	0	0	0	0
L1597804-R001	biblical_book	2Sam	15	21		4Q51	1606703	f115	4	1597804				books/DSS-2-Samuel.txt	1573845	2468	2007534-2007541	8	0	cb3e64f13158f3cdec9016fdaec7ef20dfd35e11cc50cdd2a9a0cdc0781a9f73	linguistics/books/DSS-2-Samuel-Linguistics.txt	2312531	3536	6bc75a6607fa7c53edfea85d93649a8463085b7d80b9aeebc3344440e55334b8	ALL_LETTER_SLOTS_RECONSTRUCTED	22	19	19	0	0	22	0	0	1	0	0	0	0
L1597804-R002	biblical_book	2Sam	15	22		4Q51	1606703	f115	4	1597804				books/DSS-2-Samuel.txt	1576313	2923	2007542-2007549	8	2	92735ecd9d9986c00daeba4d851112daa672dae5b0ce21d11650909567a55486	linguistics/books/DSS-2-Samuel-Linguistics.txt	2316067	3586	cb389f86a975c018d86a694553c4140f630074f1b29cb87327935f43518db618	ALL_LETTER_SLOTS_RECONSTRUCTED	19	19	19	0	0	19	0	0	0	0	0	0	0
L1597805-R001	biblical_book	2Sam	15	22		4Q51	1606703	f115	5	1597805				books/DSS-2-Samuel.txt	1579236	3565	2007550-2007564	15	0	18c4019b7f4aeb88eaa9d38354b339a36d5f14cdd0e098254faed5fb96bd848f	linguistics/books/DSS-2-Samuel-Linguistics.txt	2319653	6305	6117316b2865721459b51a744d0de6c6f4003bd09011b3a1796e554a6bd7ddb5	ALL_LETTER_SLOTS_RECONSTRUCTED	36	32	32	0	0	36	0	0	1	0	0	0	0
L1597805-R002	biblical_book	2Sam	15	23		4Q51	1606703	f115	5	1597805				books/DSS-2-Samuel.txt	1582801	2362	2007565-2007570	6	1	fa36d484202c0f1983b3008d97914857a8c89c90a06b5344c310d4d369793686	linguistics/books/DSS-2-Samuel-Linguistics.txt	2325958	2719	c0e6b8c845b82ec54894c87d7cead7dfd8a4ecce15cf54eef37c35fe1738a7ed	PARTLY_RECONSTRUCTED	14	12	11	0	1	11	0	0	1	0	0	0	0
L1597806-R001	biblical_book	2Sam	15	26		4Q51	1606703	f116	1	1597806				books/DSS-2-Samuel.txt	1585163	3649	2007571-2007579	9	2	78eee21ade8da51bce4304b72e0817c250aa799d679b17f77e89246fc5e40616	linguistics/books/DSS-2-Samuel-Linguistics.txt	2328677	4020	5677e63a7567f2d79b59919d629f61be6b22dfc245b8a77fa3e4a906bf67ee63	PARTLY_RECONSTRUCTED	27	22	19	1	2	24	1	0	1	0	0	0	0
L1597807-R001	biblical_book	2Sam	15	27		4Q51	1606703	f116	2	1597807				books/DSS-2-Samuel.txt	1588812	4390	2007580-2007596	17	1	9bea953ccd96a3db23d0274b3fa51af5c8b22b8a7866766ea0fa7a5a8c82136c	linguistics/books/DSS-2-Samuel-Linguistics.txt	2332697	7332	7dca834195a010b44ce05dd27fe3ea81f857b4e604bee2f9e31ed08a901e75b0	PARTLY_RECONSTRUCTED	49	47	37	2	8	39	2	0	0	0	0	0	0
L1597808-R001	biblical_book	2Sam	15	27		4Q51	1606703	f116	3	1597808				books/DSS-2-Samuel.txt	1593202	3263	2007597-2007605	9	0	cdccdc9796fd28e4b27282ccd0aec5b202b80a55745960d6669144919819f988	linguistics/books/DSS-2-Samuel-Linguistics.txt	2340029	4233	25446beb1999a2d17ea78cf877ee84128529fbc84382407f92953a71de3f2a93	PARTLY_RECONSTRUCTED	34	29	19	2	8	24	2	0	1	0	0	0	0
L1597808-R002	biblical_book	2Sam	15	28		4Q51	1606703	f116	3	1597808				books/DSS-2-Samuel.txt	1596465	2237	2007606-2007610	5	1	239037819f4676404cb809b0a3636014aae091a867251eade968060f35751eac	linguistics/books/DSS-2-Samuel-Linguistics.txt	2344262	2527	38f24a14b6fe6a885d814a5eeca5e8ea68cadddc457e9c5fb801dcb06213d390	ALL_LETTER_SLOTS_RECONSTRUCTED	19	19	19	0	0	19	0	0	0	0	0	0	0
L1597809-R001	biblical_book	2Sam	15	28		4Q51	1606703	f116	4	1597809				books/DSS-2-Samuel.txt	1598702	3064	2007611-2007621	11	0	05168a47d1913785c36584f087175e30974d991b4b047a85683fe6b83b40eb29	linguistics/books/DSS-2-Samuel-Linguistics.txt	2346789	4771	2eb3a1dbec3dd2abc0c581af81a8b61520dcf37852d6c6fb1897ffcb24e1e713	PARTLY_RECONSTRUCTED	29	25	20	1	4	24	1	0	1	0	0	0	0
L1597809-R002	biblical_book	2Sam	15	29		4Q51	1606703	f116	4	1597809				books/DSS-2-Samuel.txt	1601766	2487	2007622-2007628	7	1	114366bb38233146aacc045e79a8aece14fde79de93fd2ef5cb5f6916aa04367	linguistics/books/DSS-2-Samuel-Linguistics.txt	2351560	3281	a64ae1957d6396b636d9887f1e201b8515893d777fb267092cb1182735abefb6	ALL_LETTER_SLOTS_RECONSTRUCTED	20	20	20	0	0	20	0	0	0	0	0	0	0
L1597810-R001	biblical_book	2Sam	15	29		4Q51	1606703	f116	5	1597810				books/DSS-2-Samuel.txt	1604253	2469	2007629-2007635	7	0	8cb62305867a141473a46e420fc406bce4daae3cdca938fda59dde531ba3a1ff	linguistics/books/DSS-2-Samuel-Linguistics.txt	2354841	3308	bab1e9e59549b6c4e8a230d976acc1169c9c077904f9270463834dca8e80ce79	PARTLY_RECONSTRUCTED	25	22	17	1	4	19	1	0	1	0	0	0	0
L1597810-R002	biblical_book	2Sam	15	30		4Q51	1606703	f116	5	1597810				books/DSS-2-Samuel.txt	1606722	3026	2007636-2007645	10	1	ff56aac64ce10a0f768945e2971c417a26ffadb0c5d8eec5bf7c302c18b2a1b1	linguistics/books/DSS-2-Samuel-Linguistics.txt	2358149	4404	af5ce944df24a441838b3940245700215e0d62611351d817f62e89c20f32e08f	ALL_LETTER_SLOTS_RECONSTRUCTED	27	26	26	0	0	27	0	0	0	0	0	0	0
L1597811-R001	biblical_book	2Sam	15	30		4Q51	1606703	f116	6	1597811				books/DSS-2-Samuel.txt	1609748	4309	2007646-2007662	17	1	4c260ffa76f3ca0e4ce8cee9b2d0ccb42c01ea9d69224acd5a7bd4d7ccbced06	linguistics/books/DSS-2-Samuel-Linguistics.txt	2362553	7210	0bffaa57c19ea314fdcaf8ade7092cf2120c60ee11a6bf1acc276f4dee699e11	PARTLY_RECONSTRUCTED	48	46	42	1	3	44	1	0	0	0	0	0	0
L1597812-R001	biblical_book	2Sam	15	30		4Q51	1606703	f116	7	1597812				books/DSS-2-Samuel.txt	1614057	1568	2007663-2007665	3	0	6bccde87ddbad74071233fdb6e2c402ed6f8f1eb8b14a377e75adc9e707e1e77	linguistics/books/DSS-2-Samuel-Linguistics.txt	2369763	1521	9e052e8b45fa7e4d22a14c12d87bcd0999fc64aea0919f68a22834f118ba1cf6	ALL_LETTER_SLOTS_RECONSTRUCTED	7	5	5	0	0	7	0	0	1	0	0	0	0
L1597812-R002	biblical_book	2Sam	15	31		4Q51	1606703	f116	7	1597812				books/DSS-2-Samuel.txt	1615625	3781	2007666-2007680	15	1	153091034f57625c97ae0523003e9ba578c99e48df305d1bbc9b1c0b73e796ec	linguistics/books/DSS-2-Samuel-Linguistics.txt	2371284	6530	7cfcc00818ff275d1e68d2bf7928dac0a34ff24c08d9c1730c3fff6687b7d4f3	PARTLY_RECONSTRUCTED	47	45	41	0	4	41	0	0	1	0	0	0	0
L1597813-R001	biblical_book	2Sam	15	37		4Q51	1606703	f117_118	1	1597813				books/DSS-2-Samuel.txt	1619406	2870	2007681-2007688	8	0	f4feb66c19ea0fc1a309b5450ce91b8cae1f20b0a58f95d26db4c7cfac356e70	linguistics/books/DSS-2-Samuel-Linguistics.txt	2377814	3824	2b8821dfb74862567f65faf8bfc4c5d138877de4240d9b98165e03999afff986	PARTLY_RECONSTRUCTED	32	28	26	1	1	30	1	0	1	0	0	0	0
L1597813-R002	biblical_book	2Sam	16	1		4Q51	1606703	f117_118	1	1597813				books/DSS-2-Samuel.txt	1622276	2511	2007689-2007695	7	1	968c8bce9253306e76a9451fcc72819e13e9f506a201068fd00eb44a7c169f7e	linguistics/books/DSS-2-Samuel-Linguistics.txt	2381638	3192	14c579079c90216bd25c16076768b668ae8b5a95fce1cba5fa55deac92aa1e9d	PARTLY_RECONSTRUCTED	16	16	13	1	2	13	1	0	0	0	0	0	0
L1597814-R001	biblical_book	2Sam	16	1		4Q51	1606703	f117_118	2	1597814				books/DSS-2-Samuel.txt	1624787	3605	2007696-2007706	11	1	72c8e4c5f0c5b2060c1eabc5c8a082fdb818583d26b44479ce92bed203db7b77	linguistics/books/DSS-2-Samuel-Linguistics.txt	2384830	5060	35d7acd927ff92206468993e1b9a69f924f5b06066a8dcad6d34cfefdfa040d5	PARTLY_RECONSTRUCTED	40	39	23	4	12	23	4	0	0	0	0	0	0
L1597815-R001	biblical_book	2Sam	16	1		4Q51	1606703	f117_118	3	1597815				books/DSS-2-Samuel.txt	1628392	4253	2007707-2007720	14	2	821499acf938bc3228ba7e71291c6df08456927b3f4c1690692f3756dba9a5b6	linguistics/books/DSS-2-Samuel-Linguistics.txt	2389890	6146	a1c01604840b048d9fd3692487a00bf4522e11e32611f490903325109598650f	PARTLY_RECONSTRUCTED	42	39	28	3	8	29	3	0	1	0	0	0	0
L1597816-R001	biblical_book	2Sam	16	2		4Q51	1606703	f117_118	4	1597816				books/DSS-2-Samuel.txt	1632645	4325	2007721-2007735	15	2	df56a98107bfe62557a6defc1e3b595fb80e00aa88d042a3e7f9afcec01900dd	linguistics/books/DSS-2-Samuel-Linguistics.txt	2396036	6410	d8f5933dbd3fa1397eb0404673bfe35e57faf9e9d508e84c6c8f06a4c33421cf	PARTLY_RECONSTRUCTED	41	38	34	3	1	34	3	0	1	0	0	0	0
L1597817-R001	biblical_book	2Sam	16	6		4Q51	1606703	f119	1	1597817				books/DSS-2-Samuel.txt	1636970	4420	2007736-2007754	19	1	c84ec8841a159ddf0e33d8b3427cda60b5e02df639ad0518f8e7c58627d509a3	linguistics/books/DSS-2-Samuel-Linguistics.txt	2402446	7942	65b98559e2f11e125e1d206b63141ef15116376591a862a8cc769051a414d285	PARTLY_RECONSTRUCTED	45	45	41	2	2	41	2	0	0	0	0	0	0
L1597818-R001	biblical_book	2Sam	16	6		4Q51	1606703	f119	2	1597818				books/DSS-2-Samuel.txt	1641390	2667	2007755-2007762	8	0	82c58b8af4578a308b9507a1ef14a3b0ac0a2df1b5875e6dad67cff1eb44fbd5	linguistics/books/DSS-2-Samuel-Linguistics.txt	2410388	3624	90ef4177a4ce86d04125b3a577ae04fc1a9229a4047826bd8bc27e88c5cd1373	PARTLY_RECONSTRUCTED	23	19	10	2	7	13	2	0	1	0	0	0	0
L1597818-R002	biblical_book	2Sam	16	7		4Q51	1606703	f119	2	1597818				books/DSS-2-Samuel.txt	1644057	3177	2007763-2007773	11	1	c2a8a7498588e844b95ec7a2c29890f9c96350430e94cfaec4432652b0b57974	linguistics/books/DSS-2-Samuel-Linguistics.txt	2414012	4779	2083fc5a998836a9a196b04cf654b07f9c1ceebf54e9bf5d6da0301165c7dbec	ALL_LETTER_SLOTS_RECONSTRUCTED	28	27	27	0	0	28	0	0	0	0	0	0	0
L1597819-R001	biblical_book	2Sam	16	7		4Q51	1606703	f119	3	1597819				books/DSS-2-Samuel.txt	1647234	1880	2007774-2007778	5	0	46960631c926e517d97e66626a046480a98d5118cc09ab9b5f51bb96ae8063bf	linguistics/books/DSS-2-Samuel-Linguistics.txt	2418791	2374	a283702d2e86212e80ace8c06aae5a6c13fcdc08a310674a19fef3863f1fc146	PARTLY_RECONSTRUCTED	12	10	9	0	1	9	0	0	1	0	0	0	0
L1597819-R002	biblical_book	2Sam	16	8		4Q51	1606703	f119	3	1597819				books/DSS-2-Samuel.txt	1649114	2381	2007779-2007782	4	1	6d5a4bd5324087eb38bedd36ea34cf87201e56bdd89fdbd4be78a883736716e2	linguistics/books/DSS-2-Samuel-Linguistics.txt	2421165	1926	3146ca785edd51c494fbf70f5ddcf8536c15eba51cf50c198e5e913e4fbf1e6e	PARTLY_RECONSTRUCTED	13	8	3	1	4	6	1	1	2	0	0	0	0
L1597820-R001	biblical_book	2Sam	16	10		4Q51	1606703	f120	1	1597820				books/DSS-2-Samuel.txt	1651495	3355	2007783-2007795	13	0	43999e05a99d81f3677315e771b5e2fa88b65bd1fd1686916eb53676ac38a47c	linguistics/books/DSS-2-Samuel-Linguistics.txt	2423091	5649	d49a4afe84cfb13104ac63aa7e115c01c5a5d63a1e986519b930b7c1c3fa197b	PARTLY_RECONSTRUCTED	39	36	33	1	2	36	1	0	1	0	0	0	0
L1597820-R002	biblical_book	2Sam	16	11		4Q51	1606703	f120	1	1597820				books/DSS-2-Samuel.txt	1654850	2032	2007796-2007799	4	1	59ba5c442f4921fa0689dddfae10151bbe241dbc71c988ffa3581ef887bde3e3	linguistics/books/DSS-2-Samuel-Linguistics.txt	2428740	2000	7359777469e8d4f053cb1fb5b31d9493bbde1d886299fc9e634f50aecc038a60	ALL_LETTER_SLOTS_RECONSTRUCTED	11	11	11	0	0	11	0	0	0	0	0	0	0
L1597821-R001	biblical_book	2Sam	16	11		4Q51	1606703	f120	2	1597821				books/DSS-2-Samuel.txt	1656882	4762	2007800-2007817	18	1	3cab5872feacbd3a184a6796fb9758629f279908c26a2f6e212ac8455cb915ac	linguistics/books/DSS-2-Samuel-Linguistics.txt	2430740	7786	7688d3eadb7244dfea5261f65c899a7d176b90a27d350aba13d6fe8d9054e154	PARTLY_RECONSTRUCTED	54	50	45	1	4	48	1	0	0	0	0	0	0
L1597822-R001	biblical_book	2Sam	16	11		4Q51	1606703	f120	3	1597822				books/DSS-2-Samuel.txt	1661644	3349	2007818-2007829	12	0	08fc749b3b1c2fe7db0f5011788002183e98748eae242d6db1d3e8c908718e7c	linguistics/books/DSS-2-Samuel-Linguistics.txt	2438526	5183	e9b58a3805c7ca7196ce11a76d15fbf089e65f21bf59e2bb3abcdd32c760423f	PARTLY_RECONSTRUCTED	35	31	24	2	5	28	2	0	1	0	0	0	0
L1597822-R002	biblical_book	2Sam	16	12		4Q51	1606703	f120	3	1597822				books/DSS-2-Samuel.txt	1664993	2638	2007830-2007836	7	1	70e79094eba6fe6ae32080d5df59251217ac5e5f92ba6363bbd57afb12c0cd8b	linguistics/books/DSS-2-Samuel-Linguistics.txt	2443709	3251	acb7ebb5ac29480194fb77d70ee5aeeca83fabb261f48fc129598541fa134e43	ALL_LETTER_SLOTS_RECONSTRUCTED	23	22	22	0	0	23	0	0	0	0	0	0	0
L1597823-R001	biblical_book	2Sam	16	12		4Q51	1606703	f120	4	1597823				books/DSS-2-Samuel.txt	1667631	2729	2007837-2007845	9	0	0b765d63e232f054dea40515cf204d7866793b54795388bf34ef8daca7e435cf	linguistics/books/DSS-2-Samuel-Linguistics.txt	2446960	3993	8292e9eae3a1c14ec6b9237a90d0e4b7d2a10285e6d06bf0414b8698aa1c2fe5	PARTLY_RECONSTRUCTED	25	21	13	2	6	14	2	0	1	0	0	0	0
L1597823-R002	biblical_book	2Sam	16	13		4Q51	1606703	f120	4	1597823				books/DSS-2-Samuel.txt	1670360	3351	2007846-2007856	11	1	1dee87c5e5ecf7b39e70a822b22f6433662ba0862cf3937527f5d79641a7a0fb	linguistics/books/DSS-2-Samuel-Linguistics.txt	2450953	4862	887c9dfcfc6cfae8b734fead988f8eaaac7315ee3ef2f093ca267be9eacf143d	PARTLY_RECONSTRUCTED	31	29	27	0	2	29	0	0	0	0	0	0	0
L1597824-R001	biblical_book	2Sam	16	13		4Q51	1606703	f120	5	1597824				books/DSS-2-Samuel.txt	1673711	4837	2007857-2007876	20	1	dad2dc45a618dde02e13c5a0e1e0182e81dbfc1359f19c64e20dcad3b45c8ff9	linguistics/books/DSS-2-Samuel-Linguistics.txt	2455815	8296	911d07f0fce60cd076c5ee4e1778c1b5a56e4811e37fced58a36341c5444eefb	PARTLY_RECONSTRUCTED	50	46	43	1	2	45	1	0	1	0	0	0	0
L1597825-R001	biblical_book	2Sam	16	17		4Q51	1606703	f121	1	1597825				books/DSS-2-Samuel.txt	1678548	3729	2007877-2007888	12	1	c05fa3081e52d9b0a94650d9726e001ab6b2daf377d3fc72634b97b25c979df6	linguistics/books/DSS-2-Samuel-Linguistics.txt	2464111	5328	2b4159585553684c1a4b279eeb1f7f203a64ac2e966fd7d78f3eed0bbccfc2fa	PARTLY_RECONSTRUCTED	38	34	31	1	2	35	1	1	1	0	0	0	0
L1597826-R001	biblical_book	2Sam	16	17		4Q51	1606703	f121	2	1597826				books/DSS-2-Samuel.txt	1682277	1876	2007889-2007892	4	0	267bbad76b9fc8ab1385af48e862463b78240474a2d38d319ff664fbe155ca52	linguistics/books/DSS-2-Samuel-Linguistics.txt	2469439	1957	efe127b666d00566ee1de647da89f338689d8ed5fcf55e31e1211d7f8a53bdab	ALL_LETTER_SLOTS_RECONSTRUCTED	12	9	9	0	0	12	0	0	1	0	0	0	0
L1597826-R002	biblical_book	2Sam	16	18		4Q51	1606703	f121	2	1597826				books/DSS-2-Samuel.txt	1684153	4035	2007893-2007909	17	1	21fd4eb5778aa42e971eff426f22588b9dedba8bc73bc9dfced27339c499419f	linguistics/books/DSS-2-Samuel-Linguistics.txt	2471396	7173	2cc25b7e42a68e75b2d15b5c290bb651166063d470dd86608b9bbf1c7b764c23	PARTLY_RECONSTRUCTED	44	42	34	1	7	34	1	0	1	0	0	0	0
L1597827-R001	biblical_book	2Sam	16	20		4Q51	1606703	f122_124	1	1597827				books/DSS-2-Samuel.txt	1688188	3847	2007910-2007920	11	2	5850efca2dd8db2b7b5b621343d2be50c81a51eaecbd2d3d4ce982650827e94d	linguistics/books/DSS-2-Samuel-Linguistics.txt	2478569	4952	82384ffd456a6395f70fecef99cf341b1dbcb3ea8f4b92fab6ef7c1782101289	PARTLY_RECONSTRUCTED	37	34	31	2	1	34	2	0	1	0	0	0	0
L1597828-R001	biblical_book	2Sam	16	21		4Q51	1606703	f122_124	2	1597828				books/DSS-2-Samuel.txt	1692035	3714	2007921-2007933	13	1	5f34f3d56cb9affcb719f9426affe75053b1330e0652597ca27c113cf1583dd4	linguistics/books/DSS-2-Samuel-Linguistics.txt	2483521	5860	74031a51e0bb59b3e6a6e390a0dd7955217a1f8d92a5816a6d287e823cf52aed	PARTLY_RECONSTRUCTED	46	45	42	0	3	43	0	0	0	0	0	0	0
L1597829-R001	biblical_book	2Sam	16	21		4Q51	1606703	f122_124	3	1597829				books/DSS-2-Samuel.txt	1695749	4929	2007934-2007952	19	1	83f52bfc02a1e65cfa37a2cd4a6cf474d8bf51ef13a62e92fd7ed06fd970479f	linguistics/books/DSS-2-Samuel-Linguistics.txt	2489381	8084	ac907b82981c2a8d240791f8670b18a8960453d8fcf234789dbb78033da5c1c1	PARTLY_RECONSTRUCTED	57	52	42	2	8	45	2	0	1	0	0	0	0
L1597830-R001	biblical_book	2Sam	16	22		4Q51	1606703	f122_124	4	1597830				books/DSS-2-Samuel.txt	1700678	4897	2007953-2007971	19	1	19fee39b9000012281e86f7ea857f45d1588d3fc111008af695873d76883ed3c	linguistics/books/DSS-2-Samuel-Linguistics.txt	2497465	8244	2ae1e424e7f9cd63762546839f652ab7a46d112e716698d7e4b2ac7db227ca9a	PARTLY_RECONSTRUCTED	57	54	37	5	12	38	5	0	1	0	0	0	0
L1597831-R001	biblical_book	2Sam	16	23		4Q51	1606703	f122_124	5	1597831				books/DSS-2-Samuel.txt	1705575	2146	2007972-2007975	4	1	9cdc06a698694016872be0e3baa4f4e34905d4bd1ae618224f783a212b3125ec	linguistics/books/DSS-2-Samuel-Linguistics.txt	2505709	1862	97774c9e1feb4a5746e26ff920dab17428d2356c09e0a6d7e4509a6ef9995c05	NO_LETTER_SLOTS	9	0	0	0	0	5	2	2	4	0	0	0	0
L1597832-R001	biblical_book	2Sam	17	2		4Q51	1606703	f125	1	1597832				books/DSS-2-Samuel.txt	1707721	2538	2007976-2007981	6	1	5fa178387f9e0091d5b6f92c4601d647250de18837ff3916388a01aab15acf56	linguistics/books/DSS-2-Samuel-Linguistics.txt	2507571	2740	6fc92fb74f73734b5ddcb124c0db7cc3ec1ec1c421606d1ab6488a03096da000	PARTLY_RECONSTRUCTED	16	13	12	1	0	15	1	1	1	0	0	0	0
L1597833-R001	biblical_book	2Sam	17	2		4Q51	1606703	f125	2	1597833				books/DSS-2-Samuel.txt	1710259	4644	2007982-2008000	19	1	7d0823059ec6120bebaa615abde41e210f995229ba00a51bd2a7d870f866dcff	linguistics/books/DSS-2-Samuel-Linguistics.txt	2510311	7959	19f785420aa6d730de04442542fb4dfd8a8a159aec34acc116da758a328211d8	PARTLY_RECONSTRUCTED	49	47	40	2	5	42	2	0	0	0	0	0	0
L1597834-R001	biblical_book	2Sam	17	2		4Q51	1606703	f125	3	1597834				books/DSS-2-Samuel.txt	1714903	1687	2008001-2008003	3	0	e376d36780d67f86caa17acfe148a3b893e3edb831a200a933654e955fec5439	linguistics/books/DSS-2-Samuel-Linguistics.txt	2518270	1515	d747c19f42aaa9d4e5b5a11a2b939983c16eccf4d36c4bf3ce701712b2dc4dc0	ALL_LETTER_SLOTS_RECONSTRUCTED	7	4	4	0	0	7	0	0	1	0	0	0	0
L1597834-R002	biblical_book	2Sam	17	3		4Q51	1606703	f125	3	1597834				books/DSS-2-Samuel.txt	1716590	4334	2008004-2008020	17	1	a2cfe5a07a984cbc73e522515ad9b21832ed997e74b57abf2905de0ed06c0c82	linguistics/books/DSS-2-Samuel-Linguistics.txt	2519785	7121	d61a35e00d71ed73febcf22d4c3cfdd6ba04936480738acd6d1cb60ae42acce1	PARTLY_RECONSTRUCTED	44	40	38	2	0	40	2	0	1	0	0	0	0
L1597835-R001	biblical_book	2Sam	17	23		4Q51	1606703	f126_127	1	1597835				books/DSS-2-Samuel.txt	1720924	4017	2008021-2008034	14	1	817bbbb543a42be96fd8a848434a2783e461c6a2e2f35147185105bd42090e6d	linguistics/books/DSS-2-Samuel-Linguistics.txt	2526906	6117	441432fed15b8a3158cd2f0c9d37feccbd54fa08dfed44e3dcd79cab2af5ad97	PARTLY_RECONSTRUCTED	44	40	36	2	2	40	2	1	1	0	0	0	0
L1597836-R001	biblical_book	2Sam	17	23		4Q51	1606703	f126_127	2	1597836				books/DSS-2-Samuel.txt	1724941	5038	2008035-2008054	20	1	60dc7c1bd6199b21cf2cee5fd89fe0a8108a0affbbb30470b0c4d6a9116d1323	linguistics/books/DSS-2-Samuel-Linguistics.txt	2533023	8325	2cc13c488b626777d2760c80bc795e32a9c380cb826aed9e8949745a0b8328b0	PARTLY_RECONSTRUCTED	54	48	45	1	2	51	1	0	1	0	0	0	0
L1597837-R001	biblical_book	2Sam	17	24		4Q51	1606703	f126_127	3	1597837				books/DSS-2-Samuel.txt	1729979	3690	2008055-2008065	11	2	baaeba90b4e6aaf908fa5108594066b47f623b2b60124397c8a0418546842398	linguistics/books/DSS-2-Samuel-Linguistics.txt	2541348	5024	3491264765755cca6e3ceb805d75f1d9745e27113eded9e7ace42ede62f0c39e	PARTLY_RECONSTRUCTED	34	33	32	1	0	33	1	0	0	0	0	0	0
L1597838-R001	biblical_book	2Sam	17	24		4Q51	1606703	f126_127	4	1597838				books/DSS-2-Samuel.txt	1733669	2186	2008066-2008071	6	0	aa2f2663e25d7ae8a7dca2f679e5fe558e2c12ea3df6cd9f5abdd66532e5d85f	linguistics/books/DSS-2-Samuel-Linguistics.txt	2546372	2814	e14b4ccfe72327ef5e4f3ecb488c1e81096e727751baf3a5c6fe6f75be9146b9	ALL_LETTER_SLOTS_RECONSTRUCTED	18	15	15	0	0	18	0	0	1	0	0	0	0
L1597838-R002	biblical_book	2Sam	17	25		4Q51	1606703	f126_127	4	1597838				books/DSS-2-Samuel.txt	1735855	3044	2008072-2008081	10	1	ee15e3f55be1e8b447649f79725652f6c8c83ea344c12194d1fa9e7583eeada9	linguistics/books/DSS-2-Samuel-Linguistics.txt	2549186	4551	6de3c0a7c75ea36d9af6e7c45cb40d349659f8ca470c3e91bd7b21c12f078f91	PARTLY_RECONSTRUCTED	28	28	22	1	5	22	1	0	0	0	0	0	0
L1597839-R001	biblical_book	2Sam	17	25		4Q51	1606703	f126_127	5	1597839				books/DSS-2-Samuel.txt	1738899	3969	2008082-2008096	15	1	6662bca94cd02cd1f6e8dc6a87eed288a9852a4dc6e117ea65812b247a568397	linguistics/books/DSS-2-Samuel-Linguistics.txt	2553737	6749	b6cd1d8e49627692e3a04c24e40aa376ad627644e3a8452744a11efcca800572	PARTLY_RECONSTRUCTED	48	46	43	2	1	43	2	0	1	0	0	0	0
L1597840-R001	biblical_book	2Sam	17	28		4Q51	1606703	f128_132	1	1597840				books/DSS-2-Samuel.txt	1742868	2326	2008097-2008101	5	1	f91d6390669bb7e14439a7a759958def2dae691e1dcf40db690751ccba71ee09	linguistics/books/DSS-2-Samuel-Linguistics.txt	2560486	2260	64114bf8a321b705c271d092b77f8db0ea9e27f256779b441a66e9ff6c346d62	NO_LETTER_SLOTS	10	0	0	0	0	8	2	3	5	0	0	0	0
L1597841-R001	biblical_book	2Sam	17	28		4Q51	1606703	f128_132	2	1597841				books/DSS-2-Samuel.txt	1745194	1447	2008102-2008103	2	0	5bcf7afa01d13704f86f35f0dd85fda7dd42e9769ba06027b0366418ecb3e62e	linguistics/books/DSS-2-Samuel-Linguistics.txt	2562746	1101	2f7ebd751fb2963c421226437222540512c46e31c948caf5a90076ab93b76dc6	NO_LETTER_SLOTS	4	0	0	0	0	4	0	1	2	0	0	0	0
L1597841-R002	biblical_book	2Sam	17	29		4Q51	1606703	f128_132	2	1597841				books/DSS-2-Samuel.txt	1746641	2440	2008104-2008109	6	1	a4c1947e2d2469672e80998178f3c66e35ecb1a62a14dbbb6642b5656f44ca7a	linguistics/books/DSS-2-Samuel-Linguistics.txt	2563847	2825	48469ec19f77e5a96d018ef8f76b7ac92c77b199928a788266d04ba478ea1314	PARTLY_RECONSTRUCTED	13	13	8	3	2	8	3	0	0	0	0	0	0
L1597842-R001	biblical_book	2Sam	17	29		4Q51	1606703	f128_132	3	1597842				books/DSS-2-Samuel.txt	1749081	4385	2008110-2008128	19	1	658f673857a96fa0bebf5b90f92334c265bbc1f69fbaa78fc03157621a440fb5	linguistics/books/DSS-2-Samuel-Linguistics.txt	2566672	7981	694463e3a95be1b6df4dc861ac60ed2878a799981614a6ec1e4cf13c9dc86297	PARTLY_RECONSTRUCTED	47	46	40	1	5	41	1	0	0	0	0	0	0
L1597843-R001	biblical_book	2Sam	17	29		4Q51	1606703	f128_132	4	1597843				books/DSS-2-Samuel.txt	1753466	2140	2008129-2008135	7	0	5b83f43231eb90aaacced42347de940c3a758117d882fdaf0fd865a5697c0fe5	linguistics/books/DSS-2-Samuel-Linguistics.txt	2574653	3157	193a0bbc1f6654bec20a7b50ae5bf53185109cf13e8021a3fe7ab412a2c34a9d	ALL_LETTER_SLOTS_RECONSTRUCTED	15	13	13	0	0	15	0	0	1	0	0	0	0
L1597843-R002	biblical_book	2Sam	18	1		4Q51	1606703	f128_132	4	1597843				books/DSS-2-Samuel.txt	1755606	3471	2008136-2008146	11	1	84f2014d2fba95f99ad558a6029f885683cf36db957ce247541c30415f7997aa	linguistics/books/DSS-2-Samuel-Linguistics.txt	2577810	4798	7a789043364d487fdb65c70ca8d10b7cc8d449bc7696093008592a4b0349bb7d	PARTLY_RECONSTRUCTED	32	30	29	1	0	31	1	0	0	0	0	0	0
L1597844-R001	biblical_book	2Sam	18	1		4Q51	1606703	f128_132	5	1597844				books/DSS-2-Samuel.txt	1759077	2063	2008147-2008152	6	0	56a7970c8622d71acda6b260fd9eaddc0ba3e2e8dd238c5140243327c8c3b505	linguistics/books/DSS-2-Samuel-Linguistics.txt	2582608	2776	7f4736f8c6b73a457891810529af2f20d750a58b4a03baf2038307e6992729f6	ALL_LETTER_SLOTS_RECONSTRUCTED	18	16	16	0	0	18	0	0	1	0	0	0	0
L1597844-R002	biblical_book	2Sam	18	2		4Q51	1606703	f128_132	5	1597844				books/DSS-2-Samuel.txt	1761140	3099	2008153-2008163	11	1	c51b9e12945bbb943f257cc785bb11dcec39a2bd87224bbc48a3aa4a3a70d8f2	linguistics/books/DSS-2-Samuel-Linguistics.txt	2585384	4800	b7c8e023063496865270b3847c71a10588583ff62a5b1a7380214abd68c00893	PARTLY_RECONSTRUCTED	27	27	26	1	0	26	1	0	0	0	0	0	0
L1597845-R001	biblical_book	2Sam	18	2		4Q51	1606703	f128_132	6	1597845				books/DSS-2-Samuel.txt	1764239	4199	2008164-2008181	18	1	160c9c72666d68f18cfabf24bf4b6a7d1ff6ce480262628f4184fb95ebf3e452	linguistics/books/DSS-2-Samuel-Linguistics.txt	2590184	7762	d41063a5e243f539188ba1c71ab1a5638c859571e304ae49171111ff721d294b	PARTLY_RECONSTRUCTED	46	46	40	1	5	40	1	0	0	0	0	0	0
L1597846-R001	biblical_book	2Sam	18	2		4Q51	1606703	f128_132	7	1597846				books/DSS-2-Samuel.txt	1768438	3181	2008182-2008194	13	0	34b75ee35ed5fb923838cf0349bed221675bfae3cc8f68c16d5d5cd7e75e636b	linguistics/books/DSS-2-Samuel-Linguistics.txt	2597946	5504	27557d0caf1cb46fc5106b5a3044d9a50d211611084c1f49a5e170b4c6309d1b	PARTLY_RECONSTRUCTED	33	30	29	0	1	32	0	0	1	0	0	0	0
L1597846-R002	biblical_book	2Sam	18	3		4Q51	1606703	f128_132	7	1597846				books/DSS-2-Samuel.txt	1771619	2331	2008195-2008200	6	1	227a3d24656290780bd191d0fac416dda8a08823a1acc82b3e1cd06fd10ad6f8	linguistics/books/DSS-2-Samuel-Linguistics.txt	2603450	2727	a49927ebb1113aed87f45478e5b99d3caf399b6f6b7f607a72a2eae6cd8b47cf	PARTLY_RECONSTRUCTED	13	13	6	1	6	6	1	0	0	0	0	0	0
L1597847-R001	biblical_book	2Sam	18	3		4Q51	1606703	f128_132	8	1597847				books/DSS-2-Samuel.txt	1773950	4466	2008201-2008216	16	1	a13c875682b85c62acad6048212a558d9a0bec53b61b48c93042584f15c548aa	linguistics/books/DSS-2-Samuel-Linguistics.txt	2606177	6773	baac5cc88858eb8bbf56ffc60e7db1165ecac769b2bf4fcfd8e22ed1fe1c235d	PARTLY_RECONSTRUCTED	49	46	34	1	11	36	1	0	0	0	0	0	0
L1597848-R001	biblical_book	2Sam	18	3		4Q51	1606703	f128_132	9	1597848				books/DSS-2-Samuel.txt	1778416	4037	2008217-2008231	15	1	0fe37391df1894ad07c65eb1d17cee9361f02d20724897e7418396e41daa8826	linguistics/books/DSS-2-Samuel-Linguistics.txt	2612950	6516	0715fee163703a615bda6cf24eb33d3635ab2505763ddf6d62f85bdc8cafbc28	PARTLY_RECONSTRUCTED	46	44	34	1	9	35	1	0	0	0	0	0	0
L1597849-R001	biblical_book	2Sam	18	3		4Q51	1606703	f128_132	10	1597849				books/DSS-2-Samuel.txt	1782453	1829	2008232-2008235	4	0	b86aaf413e6739a4abec4bfe34f3ee50928a3fbce962dd8fa828611d018a7bf8	linguistics/books/DSS-2-Samuel-Linguistics.txt	2619466	1903	48c54df67d83355c496cf78efda1911c16ff1ca564a8997e6c12585b75812992	PARTLY_RECONSTRUCTED	10	7	3	0	4	6	0	0	1	0	0	0	0
L1597849-R002	biblical_book	2Sam	18	4		4Q51	1606703	f128_132	10	1597849				books/DSS-2-Samuel.txt	1784282	4058	2008236-2008249	14	1	5e88dfdfd23ea0a3f51331310e99d001196d2e2144f66d7f2da119f32838e27c	linguistics/books/DSS-2-Samuel-Linguistics.txt	2621369	6050	7089a05052b62d78e28876464bded544fb824ff9609011e9d79ea518661f42e4	PARTLY_RECONSTRUCTED	41	39	35	3	1	37	3	0	0	0	0	0	0
L1597850-R001	biblical_book	2Sam	18	4		4Q51	1606703	f128_132	11	1597850				books/DSS-2-Samuel.txt	1788340	3326	2008250-2008264	15	0	51ea60f9162360517b4545ebc8672d5d90d3aaa1bb28d381ba79be72dff6b3ef	linguistics/books/DSS-2-Samuel-Linguistics.txt	2627419	6231	daaaa6791836cf1aec856d29c6dbb96ac7b62e6299682f9c29e780764007ee68	PARTLY_RECONSTRUCTED	33	31	30	0	1	32	0	0	1	0	0	0	0
L1597850-R002	biblical_book	2Sam	18	5		4Q51	1606703	f128_132	11	1597850				books/DSS-2-Samuel.txt	1791666	2437	2008265-2008270	6	1	3ba69d6aabf41a724699eb18f31a770454f82052c51453362bd922095a74bcfd	linguistics/books/DSS-2-Samuel-Linguistics.txt	2633650	2800	35dfcb0eabb34e00c5e547239d2f18de6672d525c6b01534b0e9025f69cd3b7c	PARTLY_RECONSTRUCTED	14	14	8	0	6	8	0	0	0	0	0	0	0
L1597851-R001	biblical_book	2Sam	18	5		4Q51	1606703	f128_132	12	1597851				books/DSS-2-Samuel.txt	1794103	4503	2008271-2008290	20	1	234dec3f232d46a8c8350b4065addb84f0814819999131cd6f76d725433493d7	linguistics/books/DSS-2-Samuel-Linguistics.txt	2636450	8345	2893ee1529bf40380ed2b880fda9121a626968b5354fe7454f7497bd05a11393	PARTLY_RECONSTRUCTED	48	47	40	1	6	41	1	0	0	0	0	0	0
L1597852-R001	biblical_book	2Sam	18	5		4Q51	1606703	f128_132	13	1597852				books/DSS-2-Samuel.txt	1798606	2771	2008291-2008301	11	0	7c83d197441d4333b32e289d9b39a974dc3599a5974d88663c7b9b8a50247a54	linguistics/books/DSS-2-Samuel-Linguistics.txt	2644795	4797	d745bd143ecc88f401e88537f5e8eecf4dab486a4738533205f0b72b227631bc	ALL_LETTER_SLOTS_RECONSTRUCTED	28	26	26	0	0	28	0	0	1	0	0	0	0
L1597852-R002	biblical_book	2Sam	18	6		4Q51	1606703	f128_132	13	1597852				books/DSS-2-Samuel.txt	1801377	2746	2008302-2008309	8	1	e35711d00c6e0adbf8ca2830eedfa115b7f3a19b3107aab92f69740c215dab0b	linguistics/books/DSS-2-Samuel-Linguistics.txt	2649592	3513	bb36605317a734fcdfc7f6184070b189c7b8cf2bf995bb4072d693fabb2e6abd	PARTLY_RECONSTRUCTED	16	16	11	2	3	11	2	0	0	0	0	0	0
L1597853-R001	biblical_book	2Sam	18	6		4Q51	1606703	f128_132	14	1597853				books/DSS-2-Samuel.txt	1804123	2500	2008310-2008318	9	0	4d5b3d5a8f16822c112b22935cb1dbb42eec8b8d3eb6532e016cfc36ec128b16	linguistics/books/DSS-2-Samuel-Linguistics.txt	2653105	4118	691f702ebe70dea79d427197ac8e77e78b9b5f4a73062f7d1885f31ad690ee9e	ALL_LETTER_SLOTS_RECONSTRUCTED	26	24	24	0	0	26	0	0	1	0	0	0	0
L1597853-R002	biblical_book	2Sam	18	7		4Q51	1606703	f128_132	14	1597853				books/DSS-2-Samuel.txt	1806623	2881	2008319-2008326	8	1	8595d942f2a9bf2870cbfed870275786b773ac12d53cb96d67f1f829efd9baab	linguistics/books/DSS-2-Samuel-Linguistics.txt	2657223	3691	4a2bd0493d441c5a61ba36707b85883ed423254f6b157acfbd26a81263900ddd	PARTLY_RECONSTRUCTED	23	23	16	3	4	16	3	0	0	0	0	0	0
L1597854-R001	biblical_book	2Sam	18	7		4Q51	1606703	f128_132	15	1597854				books/DSS-2-Samuel.txt	1809504	3477	2008327-2008341	15	0	bda132a3293a84eb3f359b9f33452d7277ac25183c19241493b8f703f0d3f212	linguistics/books/DSS-2-Samuel-Linguistics.txt	2660914	6500	e31708436d223f2029d843897853d47f05b5b2687379485789d8d817cc051d1c	PARTLY_RECONSTRUCTED	41	39	35	1	3	35	1	0	1	0	0	0	0
L1597854-R002	biblical_book	2Sam	18	8		4Q51	1606703	f128_132	15	1597854				books/DSS-2-Samuel.txt	1812981	2073	2008342-2008345	4	1	1260275c7ae44afbd4a66e12b1af484a49fdf143ace0acc3013953232a2976d5	linguistics/books/DSS-2-Samuel-Linguistics.txt	2667414	2018	a1f88b7e1a0350da19076e2b14514a21c3d0d3d8d70d8bd0774e820831e44b8c	PARTLY_RECONSTRUCTED	10	10	7	1	2	7	1	0	0	0	0	0	0
L1597855-R001	biblical_book	2Sam	18	8		4Q51	1606703	f128_132	16	1597855				books/DSS-2-Samuel.txt	1815054	4456	2008346-2008365	20	1	cdc1735124b7460e2073c4c431d8c7192567d040a5ba06e7fb331e5f1fa38be5	linguistics/books/DSS-2-Samuel-Linguistics.txt	2669432	8315	580f0f56361f190381b19c84e5712448db16523d05ce44d1fda53d401ffc2cdd	PARTLY_RECONSTRUCTED	47	47	42	2	3	42	2	0	0	0	0	0	0
L1597856-R001	biblical_book	2Sam	18	8		4Q51	1606703	f128_132	17	1597856				books/DSS-2-Samuel.txt	1819510	1848	2008366-2008370	5	0	d88ab7aaed55580f8c8d2652b20a899684d9beffecce50ec5e212702d128e123	linguistics/books/DSS-2-Samuel-Linguistics.txt	2677747	2305	8d0bc90f9b582e3079600eb42d78939d9ba60694852abf0f7afc1caba45af706	ALL_LETTER_SLOTS_RECONSTRUCTED	10	8	8	0	0	10	0	0	1	0	0	0	0
L1597856-R002	biblical_book	2Sam	18	9		4Q51	1606703	f128_132	17	1597856				books/DSS-2-Samuel.txt	1821358	3680	2008371-2008381	11	2	ed0d6ebbe263c295e246915b879d682d8096fa478462babcf96ab438b5f5d3d3	linguistics/books/DSS-2-Samuel-Linguistics.txt	2680052	4932	3655d23d29d67fa332e640078e3f07b3ffef2f39c514a6bb56d645c43856cc43	PARTLY_RECONSTRUCTED	33	33	27	3	3	27	3	0	0	0	0	0	0
L1597857-R001	biblical_book	2Sam	18	9		4Q51	1606703	f128_132	18	1597857				books/DSS-2-Samuel.txt	1825038	4899	2008382-2008401	20	1	c20cc244b8a40566de1e36415aa7f6b1844c09706cc846766e26aee894735969	linguistics/books/DSS-2-Samuel-Linguistics.txt	2684984	8517	80bfc3cda0d7e5212ab62964441ea60c1a8a36a1358ab04998ffa3fbd172806f	PARTLY_RECONSTRUCTED	53	51	42	6	3	44	6	0	0	0	0	0	0
L1597858-R001	biblical_book	2Sam	18	9		4Q51	1606703	f128_132	19	1597858				books/DSS-2-Samuel.txt	1829937	3597	2008402-2008417	16	0	7fecd3554618041521ed801f2f437fe75640a4af579f06010dbf8f5d1aa6e7af	linguistics/books/DSS-2-Samuel-Linguistics.txt	2693501	6774	650f13555bf507514a2ad01cae963cfd0831b3535236a5b5019bc0e17d58b03b	ALL_LETTER_SLOTS_RECONSTRUCTED	39	36	36	0	0	39	0	0	1	0	0	0	0
L1597858-R002	biblical_book	2Sam	18	10		4Q51	1606703	f128_132	19	1597858				books/DSS-2-Samuel.txt	1833534	2235	2008418-2008422	5	1	1e505246f7ffd1332a3a686c5ae1d027fba8a2f29ac786b2596dd7b013c5635d	linguistics/books/DSS-2-Samuel-Linguistics.txt	2700275	2359	b89d23ab54e74639307422e3c4b0257c5b195712efab47cde8b4fa0ab8510f59	PARTLY_RECONSTRUCTED	11	11	2	1	8	2	1	0	0	0	0	0	0
L1597859-R001	biblical_book	2Sam	18	10		4Q51	1606703	f128_132	20	1597859				books/DSS-2-Samuel.txt	1835769	2978	2008423-2008434	12	0	fea2d900474c856a22a51b702f0dcab7056faf07ce85193b1a80423d8bde475a	linguistics/books/DSS-2-Samuel-Linguistics.txt	2702634	5286	2a758c31c27192b0975282a99b84e1902b3ac73bdfb113d8c3f584beba87e694	ALL_LETTER_SLOTS_RECONSTRUCTED	36	34	34	0	0	36	0	0	1	0	0	0	0
L1597859-R002	biblical_book	2Sam	18	11		4Q51	1606703	f128_132	20	1597859				books/DSS-2-Samuel.txt	1838747	2209	2008435-2008439	5	1	a85bbe506c4b9edde9dc68237b1769e239a9d02c1148a5e89501f72b0847636c	linguistics/books/DSS-2-Samuel-Linguistics.txt	2707920	2401	1b911a7f163779f853ed0553a4a53e918c5d805fd9d80d6c68553410f6ebaca9	PARTLY_RECONSTRUCTED	13	13	4	1	8	4	1	0	0	0	0	0	0
L1597860-R001	biblical_book	2Sam	18	11		4Q51	1606703	f128_132	21	1597860				books/DSS-2-Samuel.txt	1840956	5062	2008440-2008458	19	1	ca33beb99c92f6dd9be9314d4774a6118ecf3bf8274a4d0be4b0ee15fab402ab	linguistics/books/DSS-2-Samuel-Linguistics.txt	2710321	8047	57592b11048a1a6ff773bc38b38761a6853ee2379edadf9da254750c305d36a4	PARTLY_RECONSTRUCTED	55	48	42	3	3	46	3	0	1	0	0	0	0
L1597861-R001	biblical_book	2Sam	18	28		4Q51	1606703	f133	1	1597861				books/DSS-2-Samuel.txt	1846018	4632	2008459-2008476	18	1	40f4f23c4942b11d6cbd00aae89e1ae53a8694aa31e0ab32a3de3680deefcf80	linguistics/books/DSS-2-Samuel-Linguistics.txt	2718368	7747	126213a681b1d71357636cb706594fe5136fdf88c7e082f2996aead2d7828c22	PARTLY_RECONSTRUCTED	57	54	51	1	2	54	1	0	0	0	0	0	0
L1597862-R001	biblical_book	2Sam	18	28		4Q51	1606703	f133	2	1597862				books/DSS-2-Samuel.txt	1850650	2579	2008477-2008484	8	0	ddec4b231907c1af0766d87f3523a84f71dec49063ff7a79bfc6724e1b44bb67	linguistics/books/DSS-2-Samuel-Linguistics.txt	2726115	3570	ce7378bfcc4dccd195385901950666fc132634062a06d333b1cdc25287bb3c41	ALL_LETTER_SLOTS_RECONSTRUCTED	22	18	18	0	0	22	0	0	1	0	0	0	0
L1597862-R002	biblical_book	2Sam	18	29		4Q51	1606703	f133	2	1597862				books/DSS-2-Samuel.txt	1853229	3369	2008485-2008495	11	2	2958c4ce1a27b62a188bae7b34ce4d29dc4d4255b951e54a8117ce2b339bb14e	linguistics/books/DSS-2-Samuel-Linguistics.txt	2729685	4845	7ed29eef0247d19e8e154a34e98cab88082d2f11d006ba194bfd2a565f0346f4	ALL_LETTER_SLOTS_RECONSTRUCTED	29	29	29	0	0	29	0	0	0	0	0	0	0
L1597863-R001	biblical_book	2Sam	18	29		4Q51	1606703	f133	3	1597863				books/DSS-2-Samuel.txt	1856598	4769	2008496-2008516	21	1	a2002461b0b2e887009d296cc1fb8b746a8b96159420ae963e0089989554ae3b	linguistics/books/DSS-2-Samuel-Linguistics.txt	2734530	8879	fbd8fa9db76109cb1c0003dc27e163349a1a9fe0e577662bc6b70d4461b2ccc8	PARTLY_RECONSTRUCTED	58	55	50	1	4	51	1	0	1	0	0	0	0
L1597864-R001	biblical_book	2Sam	19	6		4Q51	1606703	f134_139	1	1597864				books/DSS-2-Samuel.txt	1861367	3882	2008517-2008530	14	0	fd48f9c3844b7efa1d9161d45bce518df81e6c413c6f2e353cd14bcaa571c397	linguistics/books/DSS-2-Samuel-Linguistics.txt	2743409	6076	28b17d0dc9aaf4ab8591d3ba867c29bbaee4a3ba8d247d536b4b5114cb3a4a45	PARTLY_RECONSTRUCTED	44	37	35	0	2	42	0	0	1	0	0	0	0
L1597864-R002	biblical_book	2Sam	19	7		4Q51	1606703	f134_139	1	1597864				books/DSS-2-Samuel.txt	1865249	2324	2008531-2008534	4	1	ab3d9bc614dbbe8468e55e45119b32f606360497812b821768c29447ea21def3	linguistics/books/DSS-2-Samuel-Linguistics.txt	2749485	2007	473ffb26a0ad254d7cd9c956a47eb797327ea6f168a5f7f66f140f1418a07f6a	ALL_LETTER_SLOTS_RECONSTRUCTED	15	13	13	0	0	15	0	0	0	0	0	0	0
L1597865-R001	biblical_book	2Sam	19	7		4Q51	1606703	f134_139	2	1597865				books/DSS-2-Samuel.txt	1867573	4416	2008535-2008551	17	1	6215bbc5218a7db37e6d366f1d9f0316012adebc5d06c0122e4da45e18117eae	linguistics/books/DSS-2-Samuel-Linguistics.txt	2751492	7219	c0cc6046c16c6be158bb7f011d94e12dac0a33202b080f2ed68d812d58dc8667	PARTLY_RECONSTRUCTED	49	47	41	3	3	43	3	0	0	0	0	0	0
L1597866-R001	biblical_book	2Sam	19	7		4Q51	1606703	f134_139	3	1597866				books/DSS-2-Samuel.txt	1871989	3944	2008552-2008565	14	0	9836575b19efe8a60b2fc1ef5ca3242a47aa95a35aa0a791934d235f635df0c8	linguistics/books/DSS-2-Samuel-Linguistics.txt	2758711	6070	6bf4e68bd46769391a82e80e426086360c703ab77731609620574ab22ca463af	PARTLY_RECONSTRUCTED	40	36	20	4	12	24	4	0	1	0	0	0	0
L1597866-R002	biblical_book	2Sam	19	8		4Q51	1606703	f134_139	3	1597866				books/DSS-2-Samuel.txt	1875933	2018	2008566-2008569	4	1	1dd2e9b17919102d8f98e22b52accee0f7f7891e28f80dd3e53bed44f22c157c	linguistics/books/DSS-2-Samuel-Linguistics.txt	2764781	1979	21e0585752330d764b9339fa4a613b538054bcde736920e72d3a42f0aca858cc	ALL_LETTER_SLOTS_RECONSTRUCTED	9	9	9	0	0	9	0	0	0	0	0	0	0
L1597867-R001	biblical_book	2Sam	19	8		4Q51	1606703	f134_139	4	1597867				books/DSS-2-Samuel.txt	1877951	4628	2008570-2008585	16	1	5f1bb37693b5c80462f1ea14525adae905d6d329ab50156ae79e5386350d2b9e	linguistics/books/DSS-2-Samuel-Linguistics.txt	2766760	6905	8ef93d3a3afa3c9bc3c005d1441f0bebf9de59ed3a143e23a68296bfac28df15	PARTLY_RECONSTRUCTED	49	47	30	8	9	32	8	0	0	0	0	0	0
L1597868-R001	biblical_book	2Sam	19	8		4Q51	1606703	f134_139	5	1597868				books/DSS-2-Samuel.txt	1882579	5074	2008586-2008604	19	1	9a46225a52dfb0c08a79c5a33ed8464c22fb430ad23bb48a67e473c94718b568	linguistics/books/DSS-2-Samuel-Linguistics.txt	2773665	8045	060ce59bb7fc73fd330180a71a42256e48e7988ea4400d8994dc8b104bf474fc	PARTLY_RECONSTRUCTED	53	46	32	2	12	35	2	0	1	0	0	0	0
L1597869-R001	biblical_book	2Sam	19	9		4Q51	1606703	f134_139	6	1597869				books/DSS-2-Samuel.txt	1887653	4534	2008605-2008624	20	1	98c4f48f721229bd4274bcba34c78406cf3874bf6ff336cacd9a4f930e445c27	linguistics/books/DSS-2-Samuel-Linguistics.txt	2781710	8312	11dab9bf4a0291281cc0a2380bf5ce3283d71aedbc9e96b4b242314cfd80e620	PARTLY_RECONSTRUCTED	47	47	42	1	4	42	1	0	0	0	0	0	0
L1597870-R001	biblical_book	2Sam	19	9		4Q51	1606703	f134_139	7	1597870				books/DSS-2-Samuel.txt	1892187	4673	2008625-2008644	20	1	7ed8ae40b45ec0866aef27ab1e7abc6c1fe2e5f186880b8afb42c657d3a6f1eb	linguistics/books/DSS-2-Samuel-Linguistics.txt	2790022	8362	e6a24864ac69ce6d1a5592e9d986f4e22c5f02f32fade8df1ee97bbee51a6610	PARTLY_RECONSTRUCTED	48	45	34	2	9	35	2	0	1	0	0	0	0
L1597871-R001	biblical_book	2Sam	19	10		4Q51	1606703	f134_139	8	1597871				books/DSS-2-Samuel.txt	1896860	4597	2008645-2008662	18	1	46648ac7e59376130f627c6b7ae8be353edf0684e2fd48ea3e9d40c9f18e828c	linguistics/books/DSS-2-Samuel-Linguistics.txt	2798384	7704	e75b1c13b4ca16b61c2c742787d48438d998cb6ccbd8d4872e35bf0f56c26260	PARTLY_RECONSTRUCTED	50	49	38	3	8	39	3	0	0	0	0	0	0
L1597872-R001	biblical_book	2Sam	19	10		4Q51	1606703	f134_139	9	1597872				books/DSS-2-Samuel.txt	1901457	4670	2008663-2008679	17	1	35b7f05cf9857ffcc5bf28fce9ec295e35291a60da064d3d65d54dec2c979b0b	linguistics/books/DSS-2-Samuel-Linguistics.txt	2806088	7370	5745bfbba47dd1326abd68a649c882a4a35165efcc57816e51c28009c5c2803e	PARTLY_RECONSTRUCTED	53	48	42	4	2	45	4	0	1	0	0	0	0
L1597873-R001	biblical_book	2Sam	19	11		4Q51	1606703	f134_139	10	1597873				books/DSS-2-Samuel.txt	1906127	3991	2008680-2008692	13	2	515095422f65a45642a3cdb5f12e88721537661e086873498db7461f447b8e6a	linguistics/books/DSS-2-Samuel-Linguistics.txt	2813458	5872	500f5e726526aacc4dc347265d12b5c5525adc40145169766eb5e8365af82df6	PARTLY_RECONSTRUCTED	45	44	41	0	3	42	0	0	0	0	0	0	0
L1597874-R001	biblical_book	2Sam	19	11		4Q51	1606703	f134_139	11	1597874				books/DSS-2-Samuel.txt	1910118	1997	2008693-2008698	6	0	46463dee9c61feb955255e2ef6446c089543f336b8b8c9ba820792f842d82e66	linguistics/books/DSS-2-Samuel-Linguistics.txt	2819330	2702	163c9fe2aa7a33f676b7696820632899f310cfb380913dab41bbd62bc85ab91e	ALL_LETTER_SLOTS_RECONSTRUCTED	12	10	10	0	0	12	0	0	1	0	0	0	0
L1597874-R002	biblical_book	2Sam	19	12		4Q51	1606703	f134_139	11	1597874				books/DSS-2-Samuel.txt	1912115	3678	2008699-2008712	14	1	97362878d2a8ee31fb974c10f8b15e0739fe000011f53aac906ea57e1bceb6b0	linguistics/books/DSS-2-Samuel-Linguistics.txt	2822032	6079	2cd1ac01b07b55bb863b7b4b3dcbfb08b0d18dd7444453e9853051e0b2041db3	PARTLY_RECONSTRUCTED	38	38	34	1	3	34	1	0	0	0	0	0	0
L1597875-R001	biblical_book	2Sam	19	12		4Q51	1606703	f134_139	12	1597875				books/DSS-2-Samuel.txt	1915793	3962	2008713-2008728	16	1	946db4b5e7bdc4b277f66346c42742cdc3d0b186a3d5e2f11a69ecc2380928d5	linguistics/books/DSS-2-Samuel-Linguistics.txt	2828111	7003	369dac01c1a6816319a655dd3a1fb8e97e0cd5070f1a6bb13035ce0301850066	PARTLY_RECONSTRUCTED	49	49	47	2	0	47	2	0	0	0	0	0	0
L1597876-R001	biblical_book	2Sam	19	12		4Q51	1606703	f134_139	13	1597876				books/DSS-2-Samuel.txt	1919755	2914	2008729-2008739	11	0	5f392a31bde4f9cbaedac4004014a0fb0d48a717315e69d81ef2f6ae158db085	linguistics/books/DSS-2-Samuel-Linguistics.txt	2835114	4843	f4abbaf9f7d82cd2dee02e3548617b823d5cc936775fab4a882e64ef5f2a8475	ALL_LETTER_SLOTS_RECONSTRUCTED	29	26	26	0	0	29	0	0	1	0	0	0	0
L1597876-R002	biblical_book	2Sam	19	13		4Q51	1606703	f134_139	13	1597876				books/DSS-2-Samuel.txt	1922669	2760	2008740-2008745	6	1	9521ba51be5f4bceb6d8ef463b4fd3613de91c976ff4681b7da68aace24ebc49	linguistics/books/DSS-2-Samuel-Linguistics.txt	2839957	2904	33c8a22de634c7be8bd4f056ce76a5ad14b9b65bdbdd6a23fb602527cadd5d50	ALL_LETTER_SLOTS_RECONSTRUCTED	21	18	18	0	0	21	0	0	0	0	0	0	0
L1597877-R001	biblical_book	2Sam	19	13		4Q51	1606703	f134_139	14	1597877				books/DSS-2-Samuel.txt	1925429	2648	2008746-2008755	10	0	85b5a25f8ead6a1733ce1188d6fa49bee1e78e394f2edd520dffe6ea21d19b82	linguistics/books/DSS-2-Samuel-Linguistics.txt	2842861	4408	503bcdbee5bc9bd33d7bd6e3d5110e8ceea2852a9cf0d52b5f25de4146f29e6b	ALL_LETTER_SLOTS_RECONSTRUCTED	28	26	26	0	0	28	0	0	1	0	0	0	0
L1597877-R002	biblical_book	2Sam	19	14		4Q51	1606703	f134_139	14	1597877				books/DSS-2-Samuel.txt	1928077	2660	2008756-2008762	7	1	885253685370cd570313d72af2c9f5afb9d95e1a72bcd6b171fc0fa9ce5af030	linguistics/books/DSS-2-Samuel-Linguistics.txt	2847269	3226	d3b1ad071f198bc3ec79252e1adcbe59b5d83b3733fd866d2770f52d8dcbf77e	PARTLY_RECONSTRUCTED	20	19	12	1	6	13	1	0	0	0	0	0	0
L1597878-R001	biblical_book	2Sam	19	14		4Q51	1606703	f134_139	15	1597878				books/DSS-2-Samuel.txt	1930737	4876	2008763-2008781	19	1	7f425798da0876bda80f7fb5f60e3556689f6d7f8ae19e0977050649d0c5293c	linguistics/books/DSS-2-Samuel-Linguistics.txt	2850495	8047	02dc08fdb8eaecaa60cf974fddca24e259c94ca16ad619b2a76bb4d69b2cdf48	PARTLY_RECONSTRUCTED	52	49	42	3	4	45	3	0	0	0	0	0	0
L1597879-R001	biblical_book	2Sam	19	14		4Q51	1606703	f134_139	16	1597879				books/DSS-2-Samuel.txt	1935613	2047	2008782-2008787	6	0	bdf9393126c32b73e06629109fe6cd1178111e353ae4ed46644bb64db6ef2de3	linguistics/books/DSS-2-Samuel-Linguistics.txt	2858542	2794	6ca2ff80d558d2e1341e092dfed723d24023ea312519f6da5bc85d2cdbc4b5f0	ALL_LETTER_SLOTS_RECONSTRUCTED	16	14	14	0	0	16	0	0	1	0	0	0	0
L1597879-R002	biblical_book	2Sam	19	15		4Q51	1606703	f134_139	16	1597879				books/DSS-2-Samuel.txt	1937660	3463	2008788-2008800	13	1	cbe51fa192c10c5d31f0783f8f428bdff72e73027798de3b8b2a1fb4a55ac5ec	linguistics/books/DSS-2-Samuel-Linguistics.txt	2861336	5647	4fc01b60527810262c8eb10c7894de9feb30ecf6dced3c03f52413400e2de9cf	PARTLY_RECONSTRUCTED	32	32	27	1	4	27	1	0	0	0	0	0	0
L1597880-R001	biblical_book	2Sam	19	15		4Q51	1606703	f134_139	17	1597880				books/DSS-2-Samuel.txt	1941123	2023	2008801-2008805	5	0	53e0f3983746e31240428c430894f06180bbf545f98460d8721501306b7d52dc	linguistics/books/DSS-2-Samuel-Linguistics.txt	2866983	2382	76e94b759efb28450b602a36c456222faace8a3ecaedc5323b5aeccf2e98bdae	ALL_LETTER_SLOTS_RECONSTRUCTED	14	11	11	0	0	14	0	0	1	0	0	0	0
L1597880-R002	biblical_book	2Sam	19	16		4Q51	1606703	f134_139	17	1597880				books/DSS-2-Samuel.txt	1943146	4259	2008806-2008822	17	1	08ec04bcadea686b3da50696cb62c6310bd36eab2c261feaa69f97dfbe43d783	linguistics/books/DSS-2-Samuel-Linguistics.txt	2869365	7248	76f8f36bc76f00691181cf0e0936c51e937c3bb207b522048fd576e827ff8282	PARTLY_RECONSTRUCTED	41	38	34	4	0	35	4	0	1	0	0	0	0
L1597881-R001	biblical_book	2Sam	19	25		4Q51	1606703	f140	1	1597881				books/DSS-2-Samuel.txt	1947405	3812	2008823-2008836	14	1	322b191a9f6eb18590cd6fb684ed876e4ffc5ddf52fa41b0c822c67347b55597	linguistics/books/DSS-2-Samuel-Linguistics.txt	2876613	6082	a71d878705d7890e2ef0395d6b1ca5a92af0fe4a06a0c43b94710946a9eee163	PARTLY_RECONSTRUCTED	40	37	34	1	2	37	1	1	1	0	0	0	0
L1597882-R001	biblical_book	2Sam	19	25		4Q51	1606703	f140	2	1597882				books/DSS-2-Samuel.txt	1951217	4598	2008837-2008854	18	1	eb17deddd3e46d3eec2b9029636c1796f99f68bbda9a066045855725b6f71023	linguistics/books/DSS-2-Samuel-Linguistics.txt	2882695	7502	0893db69c70d9882c3089ab5107e9429f196ddf9adcfcd2a4a811ac76d8c9e47	PARTLY_RECONSTRUCTED	48	43	40	1	2	43	1	0	1	0	0	0	0
L1597883-R001	biblical_book	2Sam	19	27		4Q51	1606703	f141	1	1597883				books/DSS-2-Samuel.txt	1955815	4553	2008855-2008870	16	1	9340ff350b1e380f70cd41efb48d26cc59a0d03403d6645d712a57f7785e3a13	linguistics/books/DSS-2-Samuel-Linguistics.txt	2890197	6937	c0a07cdce1bbea90824a3197f34072acc30307542afbc0c1a92d891a489bd337	PARTLY_RECONSTRUCTED	50	45	39	2	4	43	2	0	0	0	0	0	0
L1597884-R001	biblical_book	2Sam	19	27		4Q51	1606703	f141	2	1597884				books/DSS-2-Samuel.txt	1960368	3186	2008871-2008881	11	0	86863ecc338953696c7ef3b530a4a6753dbc209169abf0b91d3dbff40771c22f	linguistics/books/DSS-2-Samuel-Linguistics.txt	2897134	4842	9ec9fa88358ee2078a0bde1415e69a8dbd941fbbaafc803030b930e8a0a19e6f	ALL_LETTER_SLOTS_RECONSTRUCTED	33	28	28	0	0	33	0	0	1	0	0	0	0
L1597884-R002	biblical_book	2Sam	19	28		4Q51	1606703	f141	2	1597884				books/DSS-2-Samuel.txt	1963554	3021	2008882-2008889	8	1	9f2af3687b68eba9259c9d2d4c6744ae0c05452d0c55f43b05348a2c35a20bd4	linguistics/books/DSS-2-Samuel-Linguistics.txt	2901976	3633	d032e44593a6a7904bf494a0b12ea752888a9c8bf676736011d42a01f77c3ef4	PARTLY_RECONSTRUCTED	22	20	14	3	3	15	3	0	0	0	0	0	0
L1597885-R001	biblical_book	2Sam	19	28		4Q51	1606703	f141	3	1597885				books/DSS-2-Samuel.txt	1966575	3009	2008890-2008901	12	0	9bd7358859f89598b8abe28905f98b86b918948359d4a244530c4144f2c43541	linguistics/books/DSS-2-Samuel-Linguistics.txt	2905609	5199	1c579a009525334dbdf0e4d645825620a481924d3b851a286c2c85bb88da3534	ALL_LETTER_SLOTS_RECONSTRUCTED	30	27	27	0	0	30	0	0	1	0	0	0	0
L1597885-R002	biblical_book	2Sam	19	29		4Q51	1606703	f141	3	1597885				books/DSS-2-Samuel.txt	1969584	3086	2008902-2008910	9	1	4a452e1baa60e19008befe24f8c329972b98cd3ac096295e4b87ef86e4b057e3	linguistics/books/DSS-2-Samuel-Linguistics.txt	2910808	3986	23232c2b9400440f88a6b4a26b063f360369658892c8646c85c15e7e0d07a014	PARTLY_RECONSTRUCTED	24	21	17	2	2	17	2	0	1	0	0	0	0
L1597886-R001	biblical_book	2Sam	19	38		4Q51	1606703	f142	1	1597886				books/DSS-2-Samuel.txt	1972670	2044	2008911-2008913	3	1	8ba7b9860fa31f5cb01976c035ce27a15b50f5d7c8fccf1ab9ab50b0565d8242	linguistics/books/DSS-2-Samuel-Linguistics.txt	2914794	1582	a6a9097bf1ea2cfeac51203b9f2d28de0633899ac7f1c7a4a31180a526c39fa6	PARTLY_RECONSTRUCTED	8	6	3	1	2	5	1	1	1	0	0	0	0
L1597887-R001	biblical_book	2Sam	19	38		4Q51	1606703	f142	2	1597887				books/DSS-2-Samuel.txt	1974714	4389	2008914-2008928	15	1	3719f25196e5415b51f00b5cfe3202c0fbdd9c697958b2631c89ff4c7eb4e1bd	linguistics/books/DSS-2-Samuel-Linguistics.txt	2916376	6423	15cfb649589bf875c9d26b5ddf5212580ce015233ad072d056d6139bdf99c70f	PARTLY_RECONSTRUCTED	43	38	34	2	2	38	2	0	0	0	0	0	0
L1597888-R001	biblical_book	2Sam	19	38		4Q51	1606703	f142	3	1597888				books/DSS-2-Samuel.txt	1979103	4209	2008929-2008943	15	1	d0d166e411f04cf182c5e18189cf947b384698be000614b38e05e159531cdb88	linguistics/books/DSS-2-Samuel-Linguistics.txt	2922799	6425	3e5ce51373a4223674d83513931142f01e072485ac57ba44f63ad35c1ccc2085	PARTLY_RECONSTRUCTED	43	38	36	2	0	39	2	0	1	0	0	0	0
L1597889-R001	biblical_book	2Sam	20	1		4Q51	1606703	f143	1	1597889				books/DSS-2-Samuel.txt	1983312	4831	2008944-2008962	19	1	d2885049a779deb0245b943542be258ecfc7c757c7e50e5aeec9bef1fe6d7308	linguistics/books/DSS-2-Samuel-Linguistics.txt	2929224	8106	e084a395af8ce0801b47b35aebd7315e155b991137a26fe002b319467b4d441a	PARTLY_RECONSTRUCTED	55	50	47	3	0	50	3	0	1	0	0	0	0
L1597890-R001	biblical_book	2Sam	20	2		4Q51	1606703	f143	2	1597890				books/DSS-2-Samuel.txt	1988143	3696	2008963-2008974	12	2	f3dada635392b81e0410d3527ef034bb9e118bca8f019eeb1d068d2e7415d5ff	linguistics/books/DSS-2-Samuel-Linguistics.txt	2937330	5398	5c1cb70eb81d555c50953d697d8a69937ee3589407bdb6181491467f48ad1faa	PARTLY_RECONSTRUCTED	36	36	33	0	3	33	0	0	0	0	0	0	0
L1597891-R001	biblical_book	2Sam	20	2		4Q51	1606703	f143	3	1597891				books/DSS-2-Samuel.txt	1991839	3777	2008975-2008987	13	1	c22e2474866b4696b22c0e83b366da15907258b0caa27c153c8de7552b960073	linguistics/books/DSS-2-Samuel-Linguistics.txt	2942728	5738	1148309c19a6fdf88057751ff6da7a438f782e7257cbe3507c8a42eee4dacdca	PARTLY_RECONSTRUCTED	38	35	32	1	2	35	1	0	1	0	0	0	0
L1597891-R002	biblical_book	2Sam	20	4		4Q51	1606703	f143	3	1597891				books/DSS-2-Samuel.txt	1995616	2145	2008988-2008992	5	1	91389e488335b53dd93d7e9ce1b692a611e1acf6b75f9fe25564508192126c16	linguistics/books/DSS-2-Samuel-Linguistics.txt	2948466	2349	108bc9eb355e9991a98bde2dc4d2378ff43c673b96ffe0ddac9150986d026b30	ALL_LETTER_SLOTS_RECONSTRUCTED	11	11	11	0	0	11	0	0	0	0	0	0	0
L1597892-R001	biblical_book	2Sam	20	4		4Q51	1606703	f143	4	1597892				books/DSS-2-Samuel.txt	1997761	3786	2008993-2009005	13	1	04410ad13224a8d47abe772b6b47343d4b0003543c005835da20a8bdb334eecf	linguistics/books/DSS-2-Samuel-Linguistics.txt	2950815	5728	cf6ce17b14ce61ab8c12627a08603e149b6b805493c339455ce0f80c29f45af1	PARTLY_RECONSTRUCTED	42	39	35	2	2	36	2	0	1	0	0	0	0
L1597893-R001	biblical_book	2Sam	20	9		4Q51	1606703	f144_146a_b	1	1597893				books/DSS-2-Samuel.txt	2001547	3183	2009006-2009015	10	1	808a7beb12257e0e7bf5013ec4765d36d5bad6d680dd68a8d9a6e97fb0c097b5	linguistics/books/DSS-2-Samuel-Linguistics.txt	2956543	4450	e7bdc16d48116034407b53d64ae05e152c26a1ff5a1b974789ad60eecfd39753	PARTLY_RECONSTRUCTED	28	25	23	2	0	26	2	1	1	0	0	0	0
L1597894-R001	biblical_book	2Sam	20	9		4Q51	1606703	f144_146a_b	2	1597894				books/DSS-2-Samuel.txt	2004730	3137	2009016-2009026	11	0	a49fefe6bb11f66eaeaaa6abfed4bd6ad2511c2313c5ba4e83f35fe0ed5baa18	linguistics/books/DSS-2-Samuel-Linguistics.txt	2960993	4810	0dffda2b84f58502eff0b47baddb790c1ee349372b05f3423b95c1ba19cf5edf	PARTLY_RECONSTRUCTED	31	27	13	3	11	16	3	0	1	0	0	0	0
L1597894-R002	biblical_book	2Sam	20	10		4Q51	1606703	f144_146a_b	2	1597894				books/DSS-2-Samuel.txt	2007867	2802	2009027-2009035	9	1	331b80ddf64224cca0f80688e2bdccd01bb72746495692623582c2a3f5e7fe91	linguistics/books/DSS-2-Samuel-Linguistics.txt	2965803	4021	335743228901d55d930e8f9f36a4c6ac710d3e1f4d8c81e2846f3479782fff1a	PARTLY_RECONSTRUCTED	21	21	17	0	4	17	0	0	0	0	0	0	0
L1597895-R001	biblical_book	2Sam	20	10		4Q51	1606703	f144_146a_b	3	1597895				books/DSS-2-Samuel.txt	2010669	5180	2009036-2009056	21	1	78bec3f5647fb87612e9321bcb272e4bed615379b29953dec348f0f86e869069	linguistics/books/DSS-2-Samuel-Linguistics.txt	2969824	8873	f88775594ae01bd099d96f5da91f4476f1781b6ec9730108892ac33bbdf7da9f	PARTLY_RECONSTRUCTED	60	55	33	3	19	35	3	0	0	0	0	0	0
L1597896-R001	biblical_book	2Sam	20	10		4Q51	1606703	f144_146a_b	4	1597896				books/DSS-2-Samuel.txt	2015849	2502	2009057-2009063	7	0	813b3fdec925c635b5d34224ce360aac7ded9f238ea328156b9a7c5fb237e25d	linguistics/books/DSS-2-Samuel-Linguistics.txt	2978697	3296	74e990351b27f1f83c583b42672337a8cb196e7ca4caee74e3469ef159ebd7df	PARTLY_RECONSTRUCTED	24	21	4	2	15	6	2	0	1	0	0	0	0
L1597896-R002	biblical_book	2Sam	20	11		4Q51	1606703	f144_146a_b	4	1597896				books/DSS-2-Samuel.txt	2018351	2979	2009064-2009073	10	1	42457821e4c344593675b610b1e1f864cdfd1e1b0c1d0b5f9f4dc0747b879235	linguistics/books/DSS-2-Samuel-Linguistics.txt	2981993	4456	9dedbb6dc019d3c3acde542cef8b107a5782571a12d9318fbd2fa5fd9df7657b	PARTLY_RECONSTRUCTED	27	27	26	0	1	26	0	0	0	0	0	0	0
L1597897-R001	biblical_book	2Sam	20	11		4Q51	1606703	f144_146a_b	5	1597897				books/DSS-2-Samuel.txt	2021330	3170	2009074-2009085	12	0	f5b4b1706da20c01b8633b859504baa20a44f6382711c2627a05bb64e5da17cc	linguistics/books/DSS-2-Samuel-Linguistics.txt	2986449	5236	eee86bfa05e1c85c07fd54500ea27a8a3084f8bf3bc69e06c8f59111f8c03708	PARTLY_RECONSTRUCTED	31	29	13	3	13	15	3	0	1	0	0	0	0
L1597897-R002	biblical_book	2Sam	20	12		4Q51	1606703	f144_146a_b	5	1597897				books/DSS-2-Samuel.txt	2024500	3050	2009086-2009094	9	1	260eecc0e2c2483e1b77bcf25b26e04238bfabc1b4b384bc97ca32168767c507	linguistics/books/DSS-2-Samuel-Linguistics.txt	2991685	4121	71a0f858bd4eebb4540d3c07431feeceb74289a2930d42bad7c86a5341ae226e	PARTLY_RECONSTRUCTED	23	23	15	6	2	15	6	0	0	0	0	0	0
L1597898-R001	biblical_book	2Sam	20	12		4Q51	1606703	f144_146a_b	6	1597898				books/DSS-2-Samuel.txt	2027550	4775	2009095-2009115	21	1	7b660486a82070ecb784a45f730795c8b16537923d18ca0c5b568998b6c5953a	linguistics/books/DSS-2-Samuel-Linguistics.txt	2995806	8730	4bb31922246b27857333ab3d422785759dd3bb6d34d96f2eb7ef93818b503276	PARTLY_RECONSTRUCTED	48	48	25	3	20	25	3	0	0	0	0	0	0
L1597899-R001	biblical_book	2Sam	20	12		4Q51	1606703	f144_146a_b	7	1597899				books/DSS-2-Samuel.txt	2032325	3357	2009116-2009127	12	0	999630becc6429178cebaa485addd16da271bd767aa45def018e10da447295ad	linguistics/books/DSS-2-Samuel-Linguistics.txt	3004536	5166	ef451d8e80976910a135ec21ff85d80312bed3b53b704bbb6dc6d28ba62b6c1b	PARTLY_RECONSTRUCTED	32	28	12	2	14	15	2	0	1	0	0	0	0
L1597899-R002	biblical_book	2Sam	20	13		4Q51	1606703	f144_146a_b	7	1597899				books/DSS-2-Samuel.txt	2035682	2699	2009128-2009135	8	1	3545b8028f3e9bff3e5d2ecd2c77fdcbaae69e47b5483a6e0f37b7ffea3dc350	linguistics/books/DSS-2-Samuel-Linguistics.txt	3009702	3673	38e89ceb4f235f5cee7d74a5207ba8438328c18a1779ecad7515c125b2b7bd0c	PARTLY_RECONSTRUCTED	20	20	18	2	0	18	2	0	0	0	0	0	0
L1597900-R001	biblical_book	2Sam	20	13		4Q51	1606703	f144_146a_b	8	1597900				books/DSS-2-Samuel.txt	2038381	3270	2009136-2009148	13	0	59fd388df5b056146b79028443566c375216021e72fac13af9bef4810bb8c681	linguistics/books/DSS-2-Samuel-Linguistics.txt	3013375	5673	d7e59146fe1d41928b64e34231448dd1471b0f8b61eb8eb242c26e25cf8ccbe9	PARTLY_RECONSTRUCTED	37	35	19	2	14	21	2	0	1	0	0	0	0
L1597900-R002	biblical_book	2Sam	20	14		4Q51	1606703	f144_146a_b	8	1597900				books/DSS-2-Samuel.txt	2041651	2198	2009149-2009153	5	1	8201b3763b018acb1e53f7b14e659c2ac8b92f43d3f5bf0b249e86bf51892c17	linguistics/books/DSS-2-Samuel-Linguistics.txt	3019048	2404	5b5ad21a915a7a0d673a3e7228eea9c6933bb2683977d739094847fd13c0e76d	ALL_LETTER_SLOTS_RECONSTRUCTED	14	14	14	0	0	14	0	0	0	0	0	0	0
L1597901-R001	biblical_book	2Sam	20	14		4Q51	1606703	f144_146a_b	9	1597901				books/DSS-2-Samuel.txt	2043849	2927	2009154-2009160	7	1	701374bab7fb9c160f6e51422ba9c9e274d3a37e3245f5ddaf13994e0a771c98	linguistics/books/DSS-2-Samuel-Linguistics.txt	3021452	3311	fceadcfdb5e5fad6fef08901db1e0fbf2f7e712169ffe7563582be4fba425396	PARTLY_RECONSTRUCTED	22	17	12	2	3	14	2	1	2	0	0	0	0
L1597902-R001	biblical_book	2Sam	20	19		4Q51	1606703	f147_148	1	1597902				books/DSS-2-Samuel.txt	2046776	1700	2009161-2009163	3	0	871a6e875acde352e587266fabb2fc0bf63851f6846bd542f0ea18d77efa73e4	linguistics/books/DSS-2-Samuel-Linguistics.txt	3024763	1685	3830ac16efdae4b182ea2b7450cccfc3fbfd963894e05bb335f0915163899004	PARTLY_RECONSTRUCTED	12	10	9	1	0	11	1	0	1	0	0	0	0
L1597902-R002	biblical_book	2Sam	20	20		4Q51	1606703	f147_148	1	1597902				books/DSS-2-Samuel.txt	2048476	3350	2009164-2009176	13	0	ef93335ba17edd4359e701a2fc4bb4bb93cf30e4291a5c311fafc40ff4b11c88	linguistics/books/DSS-2-Samuel-Linguistics.txt	3026448	5573	b5fc5c61ceb7727814f7639a3ae4467193bec5eb4626dfbf7a946bdcb6cc8116	ALL_LETTER_SLOTS_RECONSTRUCTED	38	34	34	0	0	38	0	0	1	0	0	0	0
L1597902-R003	biblical_book	2Sam	20	21		4Q51	1606703	f147_148	1	1597902				books/DSS-2-Samuel.txt	2051826	1730	2009177-2009178	2	1	b9573d94b2c19d2bf504ea41b90bdf5bea1a8c2f71fb08f6e7577f6679c674d7	linguistics/books/DSS-2-Samuel-Linguistics.txt	3032021	1186	98d53a8868c83d910a0d97a9ee584b1fdecc95ca6dae28fe405b8698853e9835	ALL_LETTER_SLOTS_RECONSTRUCTED	4	4	4	0	0	4	0	0	0	0	0	0	0
L1597903-R001	biblical_book	2Sam	20	21		4Q51	1606703	f147_148	2	1597903				books/DSS-2-Samuel.txt	2053556	4391	2009179-2009196	18	1	eaaeeb4ad1138f212a7ecd8b3afb4ad2debebf74a723fd04f6d5cd72f0cb6b72	linguistics/books/DSS-2-Samuel-Linguistics.txt	3033207	7763	39cc43be4a96e9a0ed039f224f7403cacf998f1a3b730754fb483dffc885a265	PARTLY_RECONSTRUCTED	49	47	41	1	5	43	1	0	0	0	0	0	0
L1597904-R001	biblical_book	2Sam	20	21		4Q51	1606703	f147_148	3	1597904				books/DSS-2-Samuel.txt	2057947	4970	2009197-2009215	19	1	e92fc18ee0e9eca9254b214c6d25e3294e8f6323c5a242206a15c40e75f0943e	linguistics/books/DSS-2-Samuel-Linguistics.txt	3040970	8055	6ca3a7ee24679d1aaf678c8a6810c2fa4c42a5a5f5500464270b3388a263a763	PARTLY_RECONSTRUCTED	53	49	44	5	0	47	5	0	0	0	0	0	0
L1597905-R001	biblical_book	2Sam	20	21		4Q51	1606703	f147_148	4	1597905				books/DSS-2-Samuel.txt	2062917	1733	2009216-2009219	4	0	c6d3352ed61b677d0e2a591d2a4bc2674cc445b9480015415cd0d28b2eaf05e0	linguistics/books/DSS-2-Samuel-Linguistics.txt	3049025	1983	ef7656d800c0e0dfe9086d5c1d3f09175570eb956117a14358714e310d269685	ALL_LETTER_SLOTS_RECONSTRUCTED	10	8	8	0	0	10	0	0	1	0	0	0	0
L1597905-R002	biblical_book	2Sam	20	22		4Q51	1606703	f147_148	4	1597905				books/DSS-2-Samuel.txt	2064650	3886	2009220-2009235	16	1	f209ffff9a58e66946fa91398da4a4f402e198b70c5c1375fadf828cbfa4ec07	linguistics/books/DSS-2-Samuel-Linguistics.txt	3051008	6694	08a1bfdc6d628ac616389cf1137bcf7d8dea4c0c8d02c08127f883257768fec7	ALL_LETTER_SLOTS_RECONSTRUCTED	38	37	37	0	0	38	0	0	0	0	0	0	0
L1597906-R001	biblical_book	2Sam	20	22		4Q51	1606703	f147_148	5	1597906				books/DSS-2-Samuel.txt	2068536	4275	2009236-2009254	19	1	a348d27f8d68179257c411c307b76ec0363ce58a848519acacccf060492ee271	linguistics/books/DSS-2-Samuel-Linguistics.txt	3057702	8026	caf26e21e8d199e5a7017d608ae470932e64422f0de327255405215949a3f5b8	ALL_LETTER_SLOTS_RECONSTRUCTED	51	51	51	0	0	51	0	0	0	0	0	0	0
L1597907-R001	biblical_book	2Sam	20	22		4Q51	1606703	f147_148	6	1597907				books/DSS-2-Samuel.txt	2072811	3705	2009255-2009269	15	0	cccb0a30a3ab1837d8c654cc487b9d5e4f1aaf9aabfc8581eea760070a44c0b7	linguistics/books/DSS-2-Samuel-Linguistics.txt	3065728	6443	eb5935aa9f0a11a9cec28dbe11f9e0e1351cbdf6340613803ebbab3ed479cd10	PARTLY_RECONSTRUCTED	38	35	31	2	2	34	2	0	1	0	0	0	0
L1597907-R002	biblical_book	2Sam	20	23		4Q51	1606703	f147_148	6	1597907				books/DSS-2-Samuel.txt	2076516	2314	2009270-2009275	6	1	4307ef68ede5394e4d2533399571b048939186cd375f565487c20781f93ff2e9	linguistics/books/DSS-2-Samuel-Linguistics.txt	3072171	2776	86c88e2e2fe874f611912ddc4b07119848c59c929f0f515b0bf63132d73dbeff	ALL_LETTER_SLOTS_RECONSTRUCTED	14	14	14	0	0	14	0	0	0	0	0	0	0
L1597908-R001	biblical_book	2Sam	20	23		4Q51	1606703	f147_148	7	1597908				books/DSS-2-Samuel.txt	2078830	2889	2009276-2009287	12	0	0681fc90aa4f6097310de6e4931cebc453fd3d57910aa1dbcd53b5d369387edf	linguistics/books/DSS-2-Samuel-Linguistics.txt	3074947	5309	d9596c96ab91d6bc54054a2958359e04502467c23ec879b9642de9d4f8eb5db0	PARTLY_RECONSTRUCTED	30	28	23	1	4	23	1	0	1	0	0	0	0
L1597908-R002	biblical_book	2Sam	20	24		4Q51	1606703	f147_148	7	1597908				books/DSS-2-Samuel.txt	2081719	2790	2009288-2009296	9	1	b7969010585b093a0b5f216fcbbe23fd8a4fa3541a15d2780ff807777d2150f1	linguistics/books/DSS-2-Samuel-Linguistics.txt	3080256	4049	8acb0afec194aeeaaceeb343848d8b016e94786a3536ad94e97391ac75fd38de	PARTLY_RECONSTRUCTED	22	22	20	0	2	20	0	0	0	0	0	0	0
L1597909-R001	biblical_book	2Sam	20	24		4Q51	1606703	f147_148	8	1597909				books/DSS-2-Samuel.txt	2084509	1586	2009297-2009299	3	0	97b2b7e0c404061aed1fc46a52adf2248d5a6a65d40c7cbfa879c032bdcc34e1	linguistics/books/DSS-2-Samuel-Linguistics.txt	3084305	1527	6ec4f50a7c66cbfaaab54849024ee4e51220632bb36000d37652bd16d6a76b56	ALL_LETTER_SLOTS_RECONSTRUCTED	8	6	6	0	0	8	0	0	1	0	0	0	0
L1597909-R002	biblical_book	2Sam	20	25		4Q51	1606703	f147_148	8	1597909				books/DSS-2-Samuel.txt	2086095	2548	2009300-2009308	9	0	c92ddb0023c94b375a9d9b3fe8fe2af83024240ba990b8d9898a7dc333adbf3d	linguistics/books/DSS-2-Samuel-Linguistics.txt	3085832	4087	bc45b9368d01a9b970ab046487d9913a44a72ba425a7a42fddd1f6d817063afe	PARTLY_RECONSTRUCTED	28	26	19	1	6	19	1	0	1	0	0	0	0
L1597909-R003	biblical_book	2Sam	20	26		4Q51	1606703	f147_148	8	1597909				books/DSS-2-Samuel.txt	2088643	2504	2009309-2009315	7	1	6a58080a0e20aa40ffc4cb3363c9f9bd3f6af88945ba6fee938c4f4d87733819	linguistics/books/DSS-2-Samuel-Linguistics.txt	3089919	3266	3cb4eef80db24a0a3587e4919ab4873adee4c450e49f52ac5b5404f97c36bf01	ALL_LETTER_SLOTS_RECONSTRUCTED	20	20	20	0	0	20	0	0	0	0	0	0	0
L1597910-R001	biblical_book	2Sam	20	26		4Q51	1606703	f147_148	9	1597910				books/DSS-2-Samuel.txt	2091147	1576	2009316-2009318	3	0	30aa06391e08116cb949b79ad78cfbf57854a8414e6fb038ee471b074a6f8d09	linguistics/books/DSS-2-Samuel-Linguistics.txt	3093185	1551	f7d7ef7896df207ff206b80a32fda2402680a51ed83bec6633296136391e1a3d	ALL_LETTER_SLOTS_RECONSTRUCTED	7	5	5	0	0	7	0	0	1	0	0	0	0
L1597910-R002	biblical_book	2Sam	21	1		4Q51	1606703	f147_148	9	1597910				books/DSS-2-Samuel.txt	2092723	3614	2009319-2009329	11	2	c676b1b4fa481ee35368b944123f5e09bd53977090f44f788aca51730f2d183e	linguistics/books/DSS-2-Samuel-Linguistics.txt	3094736	4945	eebd32ce8d549642f031e771abc5153e9672c17b63f0aaa4a2fcf143140377e3	PARTLY_RECONSTRUCTED	32	32	26	1	5	26	1	0	0	0	0	0	0
L1597911-R001	biblical_book	2Sam	21	1		4Q51	1606703	f147_148	10	1597911				books/DSS-2-Samuel.txt	2096337	3431	2009330-2009339	10	2	61ff3471d19a3c310dfb982c5805df14388cb44e7646f0c612b70cc432cc2af6	linguistics/books/DSS-2-Samuel-Linguistics.txt	3099681	4447	c72e7313bca4289adc22630acc07eccf2a9704d7e754c8f65f37fe2d0fd1dc34	PARTLY_RECONSTRUCTED	29	29	27	0	2	27	0	0	0	0	0	0	0
L1597912-R001	biblical_book	2Sam	21	1		4Q51	1606703	f147_148	11	1597912				books/DSS-2-Samuel.txt	2099768	3506	2009340-2009351	12	1	6e943cac8d164a1a94cca1727b5b4e518974291fc39032169d32b83d96d62550	linguistics/books/DSS-2-Samuel-Linguistics.txt	3104128	5314	9177db7c1a0f5f4aab0d357663fb72b3063b3e84bc4016a05b8bbbc489dfb131	PARTLY_RECONSTRUCTED	37	34	32	1	1	35	1	0	1	0	0	0	0
L1597913-R001	biblical_book	2Sam	21	3		4Q51	1606703	f149+151	1	1597913				books/DSS-2-Samuel.txt	2103274	4181	2009352-2009367	16	1	a821613ee93883146080ad15a5fd160f69fe9465357b35c457f908c1f700a27b	linguistics/books/DSS-2-Samuel-Linguistics.txt	3109442	6823	bc6251f0695cd366547c8b9c6864a39d6729b5301aa87f2beb921a93e019e0b9	PARTLY_RECONSTRUCTED	45	42	38	3	1	41	3	1	1	0	0	0	0
L1597914-R001	biblical_book	2Sam	21	3		4Q51	1606703	f149+151	2	1597914				books/DSS-2-Samuel.txt	2107455	1763	2009368-2009371	4	0	45679e69c66ab6a8349b772e935fe871344db293b252c1ad17e693c4c0c3eb24	linguistics/books/DSS-2-Samuel-Linguistics.txt	3116265	1997	eba3294ed99b2e77948ef03a306e7dfb62f87e76a949b1f67e9168be19251a98	ALL_LETTER_SLOTS_RECONSTRUCTED	12	10	10	0	0	12	0	0	1	0	0	0	0
L1597914-R002	biblical_book	2Sam	21	4		4Q51	1606703	f149+151	2	1597914				books/DSS-2-Samuel.txt	2109218	3883	2009372-2009385	14	1	1d8890eca84ef246471a6a4b1099235ebcfc0dba25eedf18582fbaef1ff30c81	linguistics/books/DSS-2-Samuel-Linguistics.txt	3118262	6067	646377ff163f93a42ad6fd240913d45f7175db48bffdea86024f00f525e29939	PARTLY_RECONSTRUCTED	40	38	36	1	1	38	1	0	0	0	0	0	0
L1597915-R001	biblical_book	2Sam	21	4		4Q51	1606703	f149+151	3	1597915				books/DSS-2-Samuel.txt	2113101	4724	2009386-2009403	18	1	1d86ef4c05beabfe49973b54b1551ef0630b64b3cefbe9e8f42e4c0ffa2ed573	linguistics/books/DSS-2-Samuel-Linguistics.txt	3124329	7688	250b723f07fa52cf3b1cbb46d09e3e986b1eae0ce10e03cbb2244340e8b4e0f4	PARTLY_RECONSTRUCTED	55	50	45	3	2	48	3	0	1	0	0	0	0
L1597916-R001	biblical_book	2Sam	21	5		4Q51	1606703	f149+151	4	1597916				books/DSS-2-Samuel.txt	2117825	4664	2009404-2009421	18	1	d52275ec59639c4fa1555a2b1d8a8ea7643291be3cb7e3e19460d7315e20662f	linguistics/books/DSS-2-Samuel-Linguistics.txt	3132017	7597	e17aed42608158d43dbaf2f860603c1604cc123e8e13d65634ca26d92ad36f05	PARTLY_RECONSTRUCTED	55	52	47	1	4	50	1	0	0	0	0	0	0
L1597917-R001	biblical_book	2Sam	21	5		4Q51	1606703	f149+151	5	1597917				books/DSS-2-Samuel.txt	2122489	1948	2009422-2009426	5	0	5092e21242afd95c656753e0b2a2f5fc4676afc28eece26c8d0630c0731a95ec	linguistics/books/DSS-2-Samuel-Linguistics.txt	3139614	2469	e51da8ea8950b08059464d3f6803d18dee98d9040122d0e8d514d00b717041f6	PARTLY_RECONSTRUCTED	15	13	12	1	0	12	1	0	1	0	0	0	0
L1597917-R002	biblical_book	2Sam	21	6		4Q51	1606703	f149+151	5	1597917				books/DSS-2-Samuel.txt	2124437	3830	2009427-2009439	13	1	37402d4fe69739e39d9cb58dbff9ce905b16c82890558a62a099f2cc8ff0b098	linguistics/books/DSS-2-Samuel-Linguistics.txt	3142083	5673	268083536f0885a3daaac514ef517001f69d3c7e2fd737b6e1910c76aabc4fe7	PARTLY_RECONSTRUCTED	43	40	33	1	6	35	1	0	0	0	0	0	0
L1597918-R001	biblical_book	2Sam	21	6		4Q51	1606703	f149+151	6	1597918				books/DSS-2-Samuel.txt	2128267	3772	2009440-2009451	12	2	dec7f09319e9ae3347babb1832880c9e67da10d8ceee6a1eadfd6c732d97640d	linguistics/books/DSS-2-Samuel-Linguistics.txt	3147756	5189	f97250459c9663f1fc4796f0ae8598afbdd93de5269404a93d70643661bcdb59	ALL_LETTER_SLOTS_RECONSTRUCTED	35	30	30	0	0	33	0	1	2	0	0	0	0
L1597919-R001	biblical_book	2Sam	21	8		4Q51	1606703	f152	1	1597919				books/DSS-2-Samuel.txt	2132039	3849	2009452-2009466	15	1	2088df0e6b2b2fa394b5e8f7f4ad55096403e54c08976144b556ba1092649907	linguistics/books/DSS-2-Samuel-Linguistics.txt	3152945	6599	a7ff835940626761d79c4d3d0074592cd8fe8db5bd60be6420f50bfeb74451c3	PARTLY_RECONSTRUCTED	45	45	40	2	3	40	2	0	0	0	0	0	0
L1597920-R001	biblical_book	2Sam	21	8		4Q51	1606703	f152	2	1597920				books/DSS-2-Samuel.txt	2135888	2530	2009467-2009475	9	0	0c520303bea513d256907dd0092427afbdeeaebc47f2ffc2554eff793e2da3b2	linguistics/books/DSS-2-Samuel-Linguistics.txt	3159544	4164	504e01e9df9d7e8715b2fe922cc2693a10bc5f45d61f582e0ca60c35db1e1c2e	ALL_LETTER_SLOTS_RECONSTRUCTED	29	27	27	0	0	29	0	0	1	0	0	0	0
L1597920-R002	biblical_book	2Sam	21	9		4Q51	1606703	f152	2	1597920				books/DSS-2-Samuel.txt	2138418	2825	2009476-2009483	8	1	f3144bf198699b6786a8aa31dca34f93577870677c9f608a88ad57686e1fc8e3	linguistics/books/DSS-2-Samuel-Linguistics.txt	3163708	3541	d8b539b149611450f22832d1b89e612093df2bb9668caad978ada72b82ba5efc	PARTLY_RECONSTRUCTED	21	16	12	1	3	15	1	1	2	0	0	0	0
L1597921-R001	biblical_book	2Sam	21	12		4Q51	1606703	f153	1	1597921				books/DSS-2-Samuel.txt	2141243	1951	2009484-2009486	3	1	c405a13a75a73f466ca340f4b66aaf666de0d2d5fc9d7e9f90dfaafcb3d5fa7f	linguistics/books/DSS-2-Samuel-Linguistics.txt	3167249	1499	e3063ac506a93b881105170856cba3e1e9261aa80fba483cd5f1d0da5c33cbc3	NO_LETTER_SLOTS	6	0	0	0	0	5	1	2	3	0	0	0	0
L1597922-R001	biblical_book	2Sam	21	12		4Q51	1606703	f153	2	1597922				books/DSS-2-Samuel.txt	2143194	4298	2009487-2009503	17	1	20c454cc22abfb18f9a8b7dcdbe44394c63c8c8c216238b5a18ddf063cb6252d	linguistics/books/DSS-2-Samuel-Linguistics.txt	3168748	7529	cb9176e6547fb8fb6d72b7e71792d7880cfaca71bc31d99cb7f3ffcdd13069cd	PARTLY_RECONSTRUCTED	53	51	47	0	4	49	0	0	0	0	0	0	0
L1597923-R001	biblical_book	2Sam	21	12		4Q51	1606703	f153	3	1597923				books/DSS-2-Samuel.txt	2147492	4038	2009504-2009517	14	1	977d775c2143408254d5a51a5f812eba4cc39999df5b46dc1efc6f701f15b9d2	linguistics/books/DSS-2-Samuel-Linguistics.txt	3176277	6299	6dd4e247bb91f7060b3a0b82550df179348b369bfcb969ed204ba30fea325af4	PARTLY_RECONSTRUCTED	47	43	38	1	4	40	1	0	1	0	0	0	0
L1597925-R001	biblical_book	2Sam	21	15		4Q51	1606703	f154	2	1597925				books/DSS-2-Samuel.txt	2151530	3856	2009518-2009531	14	1	9692a86b3b0ee5a699cbbe6dc9b26fac28398d8910953dbfe34d8c1b406a7fc6	linguistics/books/DSS-2-Samuel-Linguistics.txt	3182576	6253	df83ac94595e1c37348e49f6e1722c1b9962c1dc6627954826b863a606a0a5e5	PARTLY_RECONSTRUCTED	46	44	36	1	7	36	1	0	0	0	0	0	0
L1597926-R001	biblical_book	2Sam	21	15		4Q51	1606703	f154	3	1597926				books/DSS-2-Samuel.txt	2155386	2367	2009532-2009539	8	0	9530622a956775da954aff384aac40485fedba609ee93693a7b29e4c70878033	linguistics/books/DSS-2-Samuel-Linguistics.txt	3188829	3653	b82099bd6da2f613870b4496113227ab97d415657f2eca6c2f0a3a27bbe4fd80	ALL_LETTER_SLOTS_RECONSTRUCTED	25	23	23	0	0	25	0	0	1	0	0	0	0
L1597926-R002	biblical_book	2Sam	21	16		4Q51	1606703	f154	3	1597926				books/DSS-2-Samuel.txt	2157753	2676	2009540-2009547	8	1	a71efc3b26b0e2a724eede3e956ceb06a728dd4837e55bfaffe5c4408990f017	linguistics/books/DSS-2-Samuel-Linguistics.txt	3192482	3696	f45a285868f31fcf3f0f6626c9c181bac061a9ac7beb4c5d36ec321d892b7401	PARTLY_RECONSTRUCTED	21	21	16	1	4	16	1	0	0	0	0	0	0
L1597927-R001	biblical_book	2Sam	21	16		4Q51	1606703	f154	4	1597927				books/DSS-2-Samuel.txt	2160429	3779	2009548-2009561	14	1	7e919a74bfe66999ed2b85607a00c63fa75ff3ef9fe933bd72cef7adf8844a85	linguistics/books/DSS-2-Samuel-Linguistics.txt	3196178	6293	9bbc9532291aebd33e5e86226f697c6e4ac8e19c026673dd9f71c74492bc193a	PARTLY_RECONSTRUCTED	46	45	36	1	8	37	1	0	0	0	0	0	0
L1597928-R001	biblical_book	2Sam	21	16		4Q51	1606703	f154	5	1597928				books/DSS-2-Samuel.txt	2164208	1882	2009562-2009566	5	0	89f30f1e7d1921b82b9a29024c4cd1fa8221bf13e44d2ce81e74f70e5a1e05c6	linguistics/books/DSS-2-Samuel-Linguistics.txt	3202471	2354	669bc666ee9ca473ec74c78af6bba33039da2b7520c24c016a37af07ed432520	ALL_LETTER_SLOTS_RECONSTRUCTED	13	11	11	0	0	13	0	0	1	0	0	0	0
L1597928-R002	biblical_book	2Sam	21	17		4Q51	1606703	f154	5	1597928				books/DSS-2-Samuel.txt	2166090	3776	2009567-2009580	14	1	021031692a3c1ee81a40e7438fa43c369be354109f0ba7ae3c2693d2c0658413	linguistics/books/DSS-2-Samuel-Linguistics.txt	3204825	6065	2b61b54b22bf0928735f62619f5b771fb24c2193e4a33c8269b4aa7e73b44992	PARTLY_RECONSTRUCTED	41	37	35	0	2	36	0	0	1	0	0	0	0
L1597929-R001	biblical_book	2Sam	22	17		4Q51	1606703	f155_158	1	1597929				books/DSS-2-Samuel.txt	2169866	2437	2009581-2009585	5	1	19cd650b6c0b32f7e006b747288de4445ee5e3905605ea60a08be9ebe2d7938d	linguistics/books/DSS-2-Samuel-Linguistics.txt	3210890	2419	594143a2c021a754e5634a64faed27b1f9eb6357e6be5c6d9151bc0f464bd176	PARTLY_RECONSTRUCTED	17	14	12	0	2	15	0	1	1	0	0	0	0
L1597930-R001	biblical_book	2Sam	22	17		4Q51	1606703	f155_158	2	1597930				books/DSS-2-Samuel.txt	2172303	2049	2009586-2009590	5	0	3399cfb884d04fb2e0e28b884441df62b09a8728ba3ad32287556240924f72e7	linguistics/books/DSS-2-Samuel-Linguistics.txt	3213309	2380	876ce105d89ef58ace50a3efe6abb22b2179e4a7568d58ad9882f095a0ac6d46	ALL_LETTER_SLOTS_RECONSTRUCTED	16	13	13	0	0	16	0	0	1	0	0	0	0
L1597930-R002	biblical_book	2Sam	22	18		4Q51	1606703	f155_158	2	1597930				books/DSS-2-Samuel.txt	2174352	3231	2009591-2009600	10	0	0f9d5edcc0c19a7cce0c6eaf50bca483d5da52ff38eaf4e7fe6396a99147e6e6	linguistics/books/DSS-2-Samuel-Linguistics.txt	3215689	4413	800117d4276dacc22eb1a729fb4660b2ca0d0026ab28a8fee7796687fd9c840e	ALL_LETTER_SLOTS_RECONSTRUCTED	36	30	30	0	0	36	0	0	1	0	0	0	0
L1597930-R003	biblical_book	2Sam	22	19		4Q51	1606703	f155_158	2	1597930				books/DSS-2-Samuel.txt	2177583	2146	2009601-2009603	3	1	98706ceeb68a6cf6cf6316098561db6f7cf78d4d58e8873fa5f65272cf09d889	linguistics/books/DSS-2-Samuel-Linguistics.txt	3220102	1645	b5be36e6e85d8b5dca972f3b4b0559d3f8a2fd110d33ec8287305ad42005ff2a	PARTLY_RECONSTRUCTED	12	11	8	1	2	9	1	0	0	0	0	0	0
L1597931-R001	biblical_book	2Sam	22	19		4Q51	1606703	f155_158	3	1597931				books/DSS-2-Samuel.txt	2179729	2464	2009604-2009610	7	0	e707322665b57c5e1ebb450f00b2a2448cfcfc3790ef72a89d810b4506f497c8	linguistics/books/DSS-2-Samuel-Linguistics.txt	3221747	3181	1d9ce5222fc9dadc4084be783542d5de4e273799b22eea7f61797b12c218c985	ALL_LETTER_SLOTS_RECONSTRUCTED	22	18	18	0	0	22	0	0	1	0	0	0	0
L1597931-R002	biblical_book	2Sam	22	20		4Q51	1606703	f155_158	3	1597931				books/DSS-2-Samuel.txt	2182193	2926	2009611-2009619	9	0	178540ef5fdf533bef18bcf9f1ee1ce74ce5618e69ae69f7238ef9de38195d09	linguistics/books/DSS-2-Samuel-Linguistics.txt	3224928	4007	4157c6698fc61db197a2fb91023a8121337724886d38923ef3f6edfafcbbf770	ALL_LETTER_SLOTS_RECONSTRUCTED	31	26	26	0	0	31	0	0	1	0	0	0	0
L1597931-R003	biblical_book	2Sam	22	21		4Q51	1606703	f155_158	3	1597931				books/DSS-2-Samuel.txt	2185119	2118	2009620-2009621	2	1	21454e6c0e966030470945030f115a13b43e67414e3e7ea4f19575c3bf741040	linguistics/books/DSS-2-Samuel-Linguistics.txt	3228935	1263	4747abb015d0c4fb227392e906ecc4ea5b9a8f320189ed71c675f003eaf968c2	PARTLY_RECONSTRUCTED	11	10	8	2	0	9	2	0	0	0	0	0	0
L1597932-R001	biblical_book	2Sam	22	21		4Q51	1606703	f155_158	4	1597932				books/DSS-2-Samuel.txt	2187237	2710	2009622-2009629	8	0	2cae8ff35fbd4d698d29959c9ac852c53aeedbf35df966d4dbab34063fd0220a	linguistics/books/DSS-2-Samuel-Linguistics.txt	3230198	3575	290ac78ca2bfb4a530f534d8afc8ac219143edd58a9a6dbdd8cd8ef1cc37e14f	ALL_LETTER_SLOTS_RECONSTRUCTED	23	18	18	0	0	23	0	0	1	0	0	0	0
L1597932-R002	biblical_book	2Sam	22	22		4Q51	1606703	f155_158	4	1597932				books/DSS-2-Samuel.txt	2189947	3298	2009630-2009640	11	1	4909a686717512da0f5f126799529ed438bcc4777e3c13a9e04d98678f7943cc	linguistics/books/DSS-2-Samuel-Linguistics.txt	3233773	4895	5855c027835fd35d1390b6e7c98813d961be840ed5cc60ed57457d262661a0ee	ALL_LETTER_SLOTS_RECONSTRUCTED	36	33	33	0	0	34	0	0	1	0	0	0	0
L1597933-R001	biblical_book	2Sam	22	23		4Q51	1606703	f155_158	5	1597933				books/DSS-2-Samuel.txt	2193245	3373	2009641-2009651	11	0	4f66fa90da50a7be7c85b4935ae74e60afb1766d60d9e237e91083523c40f8bb	linguistics/books/DSS-2-Samuel-Linguistics.txt	3238668	4876	a89c8a5d207ef2d2f0ed3469afc8edbc1fc6786a34c1638601cabab8e4ddd14a	ALL_LETTER_SLOTS_RECONSTRUCTED	38	32	32	0	0	38	0	0	1	0	0	0	0
L1597933-R002	biblical_book	2Sam	22	24		4Q51	1606703	f155_158	5	1597933				books/DSS-2-Samuel.txt	2196618	2592	2009652-2009657	6	1	ee23c5f27c3a082ac929354f3e7adc37055b06d82b70d3dce33f89b284a91aaa	linguistics/books/DSS-2-Samuel-Linguistics.txt	3243544	2855	d5c14c97f0b920c3803564b69f8557a7921c6e2059810509de077def0c2447c7	PARTLY_RECONSTRUCTED	19	18	15	1	2	16	1	0	0	0	0	0	0
L1597934-R001	biblical_book	2Sam	22	24		4Q51	1606703	f155_158	6	1597934				books/DSS-2-Samuel.txt	2199210	1707	2009658-2009660	3	0	a255845ca471dd77899da589251076f726060ffd2f5cd1f184a184f5b1d6b7e8	linguistics/books/DSS-2-Samuel-Linguistics.txt	3246399	1552	b98bbb370108ea080793fa7e0b44d2c28686e103776d0effe1d1381b3b51d39e	ALL_LETTER_SLOTS_RECONSTRUCTED	8	5	5	0	0	8	0	0	1	0	0	0	0
L1597934-R002	biblical_book	2Sam	22	25		4Q51	1606703	f155_158	6	1597934				books/DSS-2-Samuel.txt	2200917	3572	2009661-2009673	13	0	58d0bb0f08358dcf84f15880f1452789932c4ceb8faf1a1ccab755d42cb7aa0c	linguistics/books/DSS-2-Samuel-Linguistics.txt	3247951	5573	c0eb7b34537385c4000230e28479edffdcd1a34af0c45d35a26ccb5abd60dc9d	ALL_LETTER_SLOTS_RECONSTRUCTED	37	31	31	0	0	37	0	0	1	0	0	0	0
L1597934-R003	biblical_book	2Sam	22	26		4Q51	1606703	f155_158	6	1597934				books/DSS-2-Samuel.txt	2204489	2262	2009674-2009678	5	1	8f3e35f26ec3ee144cbdb99c511847e919aefdf8ce45c3aa0cc11ffbfb099d4f	linguistics/books/DSS-2-Samuel-Linguistics.txt	3253524	2414	d8af04f89c7a8d0a7f56e45d7387bc0ba0ae86eb65acb2761487fd73c04b6ebe	PARTLY_RECONSTRUCTED	14	14	7	2	5	7	2	0	0	0	0	0	0
L1597935-R001	biblical_book	2Sam	22	26		4Q51	1606703	f155_158	7	1597935				books/DSS-2-Samuel.txt	2206751	1775	2009679-2009682	4	0	10301e6d9bf2f4d2fa63858926eeaae719f252a682f6f3aac250dc86153b8524	linguistics/books/DSS-2-Samuel-Linguistics.txt	3255938	2047	422e3083f2dad0c42507cf82d598c281d45089fbd1669b1a904fecfca0269682	ALL_LETTER_SLOTS_RECONSTRUCTED	13	11	11	0	0	13	0	0	1	0	0	0	0
L1597935-R002	biblical_book	2Sam	22	27		4Q51	1606703	f155_158	7	1597935				books/DSS-2-Samuel.txt	2208526	2507	2009683-2009690	8	0	3448ab7c8dd8247ba2f08e7e4de481e455f3eb0c7a74936891e861758f5673ca	linguistics/books/DSS-2-Samuel-Linguistics.txt	3257985	3576	ed25f80cf6ff400323928f12a800754c572bf2afe5a49feeb64f41246d552ce3	PARTLY_RECONSTRUCTED	22	20	16	1	3	18	1	0	1	0	0	0	0
L1597935-R003	biblical_book	2Sam	22	28		4Q51	1606703	f155_158	7	1597935				books/DSS-2-Samuel.txt	2211033	2095	2009691-2009694	4	1	a599d9906b1857f46e8022b31b908d67226750432c16bd2ac6b6f9604321e9be	linguistics/books/DSS-2-Samuel-Linguistics.txt	3261561	2034	4b506efa990acd7bc19e9856894bb01eebf68c76aa8e1f8775acc804e6fcc010	PARTLY_RECONSTRUCTED	10	10	9	1	0	9	1	0	0	0	0	0	0
L1597936-R001	biblical_book	2Sam	22	28		4Q51	1606703	f155_158	8	1597936				books/DSS-2-Samuel.txt	2213128	2250	2009695-2009701	7	0	02f86d331aff1ad7c25886d31976ba69523668ece43ff1d7aa2a01cc20b12b2a	linguistics/books/DSS-2-Samuel-Linguistics.txt	3263595	3195	13527572a2d71defa15fa9d8bde5617739d6c8031551a6c3bd8066839ae76943	ALL_LETTER_SLOTS_RECONSTRUCTED	24	22	22	0	0	24	0	0	1	0	0	0	0
L1597936-R002	biblical_book	2Sam	22	29		4Q51	1606703	f155_158	8	1597936				books/DSS-2-Samuel.txt	2215378	3109	2009702-2009709	8	1	4e8d6b09377ba2d443de4fa660feead5a6ef55cf8c0822a7fb620f2e2c36e5bf	linguistics/books/DSS-2-Samuel-Linguistics.txt	3266790	3739	adcadee5882f06f715fc0f30d3697c8a02e2cb7ea04a933e4602e27a8e83d82a	ALL_LETTER_SLOTS_RECONSTRUCTED	31	28	28	0	0	31	0	0	0	0	0	0	0
L1597937-R001	biblical_book	2Sam	22	29		4Q51	1606703	f155_158	9	1597937				books/DSS-2-Samuel.txt	2218487	1717	2009710-2009712	3	0	1704d05e6d5e123820169d694f83981de57d845f7a8303a8e9301832935d813f	linguistics/books/DSS-2-Samuel-Linguistics.txt	3270529	1570	c7ed1c196f748661210dfc59672c13101d2bd5b1418cc5da5b45374c078a062b	ALL_LETTER_SLOTS_RECONSTRUCTED	9	6	6	0	0	9	0	0	1	0	0	0	0
L1597937-R002	biblical_book	2Sam	22	30		4Q51	1606703	f155_158	9	1597937				books/DSS-2-Samuel.txt	2220204	3140	2009713-2009722	10	0	55fc029bc3a4c2789525b81f93fe117ee499b10269ceca4adbac1607e1a2889d	linguistics/books/DSS-2-Samuel-Linguistics.txt	3272099	4505	d53c786b9537299f76ce3298a9f2e2d997cf8ae732b5bf2d700a14f5ee11a6c6	PARTLY_RECONSTRUCTED	31	27	23	2	2	27	2	0	1	0	0	0	0
L1597937-R003	biblical_book	2Sam	22	31		4Q51	1606703	f155_158	9	1597937				books/DSS-2-Samuel.txt	2223344	2175	2009723-2009726	4	1	d3a0dcb1549c546f87b4f882292c185607dc084927ecad9d62bf6307771140a5	linguistics/books/DSS-2-Samuel-Linguistics.txt	3276604	2054	a8d6236cbaeba477a7703142fe2b703ccbf0d673334a8787c98f43bc9d320cd7	ALL_LETTER_SLOTS_RECONSTRUCTED	12	11	11	0	0	12	0	0	0	0	0	0	0
L1597938-R001	biblical_book	2Sam	22	31		4Q51	1606703	f155_158	10	1597938				books/DSS-2-Samuel.txt	2225519	2850	2009727-2009736	10	0	fdb0b31fff22090e98379922b250b37f63dae1e0546796fface150b04d137b05	linguistics/books/DSS-2-Samuel-Linguistics.txt	3278658	4444	eb5684297404e1b4ee772d61223fa35247f502636122e4e074ead4357326425f	PARTLY_RECONSTRUCTED	32	29	22	0	7	25	0	0	1	0	0	0	0
L1597938-R002	biblical_book	2Sam	22	32		4Q51	1606703	f155_158	10	1597938				books/DSS-2-Samuel.txt	2228369	2627	2009737-2009744	8	1	cc2cc84cf2d5c2ff6d541ebf2bddadc4d703dd05b32d6ff6311f58f3146d0be3	linguistics/books/DSS-2-Samuel-Linguistics.txt	3283102	3638	23cd0439e4742546ca40819634fc70da3849981b651695fb2db82277d0417b0d	ALL_LETTER_SLOTS_RECONSTRUCTED	20	20	20	0	0	20	0	0	0	0	0	0	0
L1597939-R001	biblical_book	2Sam	22	32		4Q51	1606703	f155_158	11	1597939				books/DSS-2-Samuel.txt	2230996	1781	2009745-2009747	3	0	6c36730e5dd4f40119b5d1219893f8841010c13048f492f6e9cae2535f54e522	linguistics/books/DSS-2-Samuel-Linguistics.txt	3286740	1667	5153cfb6c18ffc3175cd9b02e0f8cc162af323ac66eec11581e3bd754b28e3af	ALL_LETTER_SLOTS_RECONSTRUCTED	13	10	10	0	0	13	0	0	1	0	0	0	0
L1597939-R002	biblical_book	2Sam	22	33		4Q51	1606703	f155_158	11	1597939				books/DSS-2-Samuel.txt	2232777	2853	2009748-2009756	9	0	a5496a5c1c68a467a610a0bf84b6d739810056fa4fc53c87aca9810484a4c4ce	linguistics/books/DSS-2-Samuel-Linguistics.txt	3288407	4035	3e7ac1fd602b13b0d9522898b4b941adadbe2f2f7f0f2e7037ee8078e1a2da91	PARTLY_RECONSTRUCTED	28	24	15	1	8	18	1	0	1	0	0	0	0
L1597939-R003	biblical_book	2Sam	22	34		4Q51	1606703	f155_158	11	1597939				books/DSS-2-Samuel.txt	2235630	2478	2009757-2009762	6	1	9b375f926ec1fe27b064c21f686caf7637bdb6b43d5f577231b634efdb085561	linguistics/books/DSS-2-Samuel-Linguistics.txt	3292442	2866	5031da3b3d1282d9fafc2f85df42aeddd0d6fc96f227104f213dbe115878572c	ALL_LETTER_SLOTS_RECONSTRUCTED	18	17	17	0	0	18	0	0	0	0	0	0	0
L1597940-R001	biblical_book	2Sam	22	34		4Q51	1606703	f155_158	12	1597940				books/DSS-2-Samuel.txt	2238108	1974	2009763-2009765	3	0	201ee8e9601d307ea013b5bee44118302f391843d474a14ffca9db1557a0781b	linguistics/books/DSS-2-Samuel-Linguistics.txt	3295308	1642	0500509906aff93bdd6f3683ef4c437b7313a7891166754dd4bd649d22d0e5e1	PARTLY_RECONSTRUCTED	15	11	1	1	9	1	1	0	1	0	0	0	0
L1597940-R002	biblical_book	2Sam	22	35		4Q51	1606703	f155_158	12	1597940				books/DSS-2-Samuel.txt	2240082	3091	2009766-2009775	10	0	e708153073da36a1d38fbf55e65cf2449cbb7b26c55b512be4453b958e5cc55a	linguistics/books/DSS-2-Samuel-Linguistics.txt	3296950	4560	44ce50916f0be9bbeafa201d8ec45fc918b8d8d6adcb102e1f2bf9145714206d	PARTLY_RECONSTRUCTED	34	30	16	2	12	19	2	0	1	0	0	0	0
L1597940-R003	biblical_book	2Sam	22	36		4Q51	1606703	f155_158	12	1597940				books/DSS-2-Samuel.txt	2243173	2148	2009776-2009779	4	1	38b4b55c72d0a1e34ac6c22df2d103b37001c7e8a3ac6930fe37acb621807198	linguistics/books/DSS-2-Samuel-Linguistics.txt	3301510	1981	7242df6358ce3c50acf9e55a671e5b121df3a6fa32549290eec27583585c207b	ALL_LETTER_SLOTS_RECONSTRUCTED	10	9	9	0	0	10	0	0	0	0	0	0	0
L1597941-R001	biblical_book	2Sam	22	36		4Q51	1606703	f155_158	13	1597941				books/DSS-2-Samuel.txt	2245321	2236	2009780-2009784	5	0	25203dd73bdcc22e5cf3d1deb7ca733cfde74b8a1612f7f2b44cdec394789bbf	linguistics/books/DSS-2-Samuel-Linguistics.txt	3303491	2460	853067674778d93d805b947da3ce0c9e6304c6b987579cc5469feebd4e8ff20d	NO_LETTER_RECONSTRUCTION_MARKED	20	15	0	0	15	0	0	0	1	0	0	0	0
L1597941-R002	biblical_book	2Sam	22	37		4Q51	1606703	f155_158	13	1597941				books/DSS-2-Samuel.txt	2247557	3482	2009785-2009795	11	0	d88a3028375de30b738e5f580fd315ceaeb8f6205e9842d427439f23a18200f5	linguistics/books/DSS-2-Samuel-Linguistics.txt	3305951	4850	b446c8bf6a81dd97ce649ef5255f20dfdd74be71eed26a6f6525ae13a60781ef	PARTLY_RECONSTRUCTED	36	31	18	2	8	22	2	0	1	0	13	0	0
L1597941-R003	biblical_book	2Sam	22	38		4Q51	1606703	f155_158	13	1597941				books/DSS-2-Samuel.txt	2251039	1916	2009796-2009797	2	1	a3563a9a6da6313181f202ff5ad128d40673fb947b431609d9aa470a41ee84ab	linguistics/books/DSS-2-Samuel-Linguistics.txt	3310801	1254	78f27fdac0c175f41fe55665583f026972f4763d3433bab64b569bacd8a65581	ALL_LETTER_SLOTS_RECONSTRUCTED	10	9	9	0	0	10	0	0	0	0	0	0	0
L1597942-R001	biblical_book	2Sam	22	38		4Q51	1606703	f155_158	14	1597942				books/DSS-2-Samuel.txt	2252955	2618	2009798-2009805	8	0	a7456e4ed1332de497a6d7b721394b3eeda05d88676ea628720d0fafa481e830	linguistics/books/DSS-2-Samuel-Linguistics.txt	3312055	3578	bb133d36c47ccb7397ba0bd608da84bbb1033acbb7757c52274a5ad1fbbdfb84	NO_LETTER_RECONSTRUCTION_MARKED	26	22	0	2	20	0	2	0	1	0	0	0	0
L1597942-R002	biblical_book	2Sam	22	39		4Q51	1606703	f155_158	14	1597942				books/DSS-2-Samuel.txt	2255573	3290	2009806-2009814	9	1	bbd4d8997a9cbb6cb976e659c7eb19f2666e59053cb05725f4f3ecaa0809126a	linguistics/books/DSS-2-Samuel-Linguistics.txt	3315633	4026	1e4e662094940373641d73f28af66f5b55f2ec84017b7f0acdcd5d11416344ac	PARTLY_RECONSTRUCTED	32	27	24	0	3	27	0	0	1	0	0	0	0
L1597943-R001	biblical_book	2Sam	22	40		4Q51	1606703	f155_158	15	1597943				books/DSS-2-Samuel.txt	2258863	3073	2009815-2009824	10	0	e2d1a01edf679d65e88b9eda8ec5368eee7aa4c7b90c28c5eecc65582e1af6f2	linguistics/books/DSS-2-Samuel-Linguistics.txt	3319659	4480	53969f4829f0aed34c9ea81bd9b7f90d15bbc369283c48aa709d3b75df0356b4	PARTLY_RECONSTRUCTED	34	29	4	2	23	7	2	0	1	0	0	0	0
L1597943-R002	biblical_book	2Sam	22	41		4Q51	1606703	f155_158	15	1597943				books/DSS-2-Samuel.txt	2261936	2772	2009825-2009830	6	1	7074088c9a4bca0b43a9deb7be4beec11c4b188218a6a9b6951f3b0e9ad23bbf	linguistics/books/DSS-2-Samuel-Linguistics.txt	3324139	2848	48764b93d29b55ad90b2e7bbb9ab1b4d6f3de71fcb3924c8812a2fef8d1a576a	ALL_LETTER_SLOTS_RECONSTRUCTED	23	20	20	0	0	23	0	0	0	0	0	0	0
L1597944-R001	biblical_book	2Sam	22	41		4Q51	1606703	f155_158	16	1597944				books/DSS-2-Samuel.txt	2264708	1638	2009831-2009832	2	0	6200c0ae16e7e8d3719a0a44e68368b7e3f6e761493adb0b5cc3cca16aa22e12	linguistics/books/DSS-2-Samuel-Linguistics.txt	3326987	1189	11b1c712e41739a165c464c6d93afc37e8b3df78c6b5165e318e2f5feb021ab5	PARTLY_RECONSTRUCTED	9	6	1	1	4	3	1	0	1	0	0	0	0
L1597944-R002	biblical_book	2Sam	22	42		4Q51	1606703	f155_158	16	1597944				books/DSS-2-Samuel.txt	2266346	2917	2009833-2009842	10	0	a295b9fb1a19f10d2bb4ab615be7f3a245b56df174e993881066b07565b8b6db	linguistics/books/DSS-2-Samuel-Linguistics.txt	3328176	4394	a1d4b4fe46370a62e00e75571a4b63567aafbcfd3b83615d8690fa73bdc35668	PARTLY_RECONSTRUCTED	30	27	11	3	13	14	3	0	1	0	0	0	0
L1597944-R003	biblical_book	2Sam	22	43		4Q51	1606703	f155_158	16	1597944				books/DSS-2-Samuel.txt	2269263	2303	2009843-2009847	5	1	f3e0a9be1d28f56492a393136324b54a7b15e40589d527722bfb19d04b55145d	linguistics/books/DSS-2-Samuel-Linguistics.txt	3332570	2388	ed5936dcb27aeb337c1760931664807a651f093cb2df48e1f3aecf5c2c9851ba	ALL_LETTER_SLOTS_RECONSTRUCTED	13	12	12	0	0	13	0	0	0	0	0	0	0
L1597945-R001	biblical_book	2Sam	22	43		4Q51	1606703	f155_158	17	1597945				books/DSS-2-Samuel.txt	2271566	2540	2009848-2009854	7	0	4dcf7c1a9bcb70760096a731f9198273c499f0ac133902d391ea441854fd7cec	linguistics/books/DSS-2-Samuel-Linguistics.txt	3334958	3262	07a3f14747ee74b41c8413123150d6b61e85e6d44255430d036bb84d82fd0195	PARTLY_RECONSTRUCTED	23	20	2	2	16	2	2	0	1	0	0	0	0
L1597945-R002	biblical_book	2Sam	22	44		4Q51	1606703	f155_158	17	1597945				books/DSS-2-Samuel.txt	2274106	2988	2009855-2009862	8	1	934c32e4ad81dee1cfbd8672e28efbb2a626c029882c21a673ca2309a013e3ed	linguistics/books/DSS-2-Samuel-Linguistics.txt	3338220	3631	1777e1a0d6d800b98343478b523c9b04d6b20bc1b1cad60eed765e70ad3ec6c0	PARTLY_RECONSTRUCTED	28	26	21	1	4	22	1	0	0	0	0	0	0
L1597946-R001	biblical_book	2Sam	22	44		4Q51	1606703	f155_158	18	1597946				books/DSS-2-Samuel.txt	2277094	2233	2009863-2009868	6	0	c512ed57edb1870ad420b25c98e09724a19750215ddfd2cb9236d49731e29563	linguistics/books/DSS-2-Samuel-Linguistics.txt	3341851	2814	876c6dc0f8ce6d4bc862ceef9fd457900d873d4476934eb43c239824c280740b	PARTLY_RECONSTRUCTED	23	20	1	0	19	1	0	0	1	0	0	0	0
L1597946-R002	biblical_book	2Sam	22	45		4Q51	1606703	f155_158	18	1597946				books/DSS-2-Samuel.txt	2279327	2259	2009869-2009874	6	0	80d7884fc5e7d091492302a4f52562d60e3c25d9dcafb890417225d4d9f251c0	linguistics/books/DSS-2-Samuel-Linguistics.txt	3344665	2749	ec4f8eb7ac7aaecf75491ecc0361a50dbc9b08b75d0cba0713f9d095ac043650	PARTLY_RECONSTRUCTED	17	14	11	1	2	14	1	0	1	0	0	0	0
L1597946-R003	biblical_book	2Sam	22	46		4Q51	1606703	f155_158	18	1597946				books/DSS-2-Samuel.txt	2281586	2200	2009875-2009878	4	1	c2c68f37c188e06b95901af03954fd76f287900c925b072867cf2b48e4695796	linguistics/books/DSS-2-Samuel-Linguistics.txt	3347414	2024	dbc42e6ec8a6b32b5664006ae53e7e108d04f49b2c142f9461fcbfa6921c4ffe	ALL_LETTER_SLOTS_RECONSTRUCTED	14	13	13	0	0	14	0	0	0	0	0	0	0
L1597947-R001	biblical_book	2Sam	22	46		4Q51	1606703	f155_158	19	1597947				books/DSS-2-Samuel.txt	2283786	1988	2009879-2009883	5	0	5e440cc06685753fac2140245e1108179a28d063b7c3ebe047ebd775650476fa	linguistics/books/DSS-2-Samuel-Linguistics.txt	3349438	2411	be5b6e7768d9f66e461811ac393f7aedaa964aebe2b131ae79376f3cc6631e6f	NO_LETTER_RECONSTRUCTION_MARKED	17	14	0	0	14	0	0	0	1	0	0	0	0
L1597947-R002	biblical_book	2Sam	22	47		4Q51	1606703	f155_158	19	1597947				books/DSS-2-Samuel.txt	2285774	2962	2009884-2009893	10	0	3cfdaf1a7d8c03235f9173aa6be39b7eb78bf1860407c458058f23e9271b8d7b	linguistics/books/DSS-2-Samuel-Linguistics.txt	3351849	4448	347055a625e8855f188d3188a50e331d5bb505575f447463036d6f18bf69c0eb	PARTLY_RECONSTRUCTED	33	29	21	0	8	25	0	0	1	0	0	0	0
L1597947-R003	biblical_book	2Sam	22	48		4Q51	1606703	f155_158	19	1597947				books/DSS-2-Samuel.txt	2288736	1713	2009894-2009895	2	1	e05bc4741c49c50c7a2872be87ab88bc35456745d14668845e4ca18ea019b93d	linguistics/books/DSS-2-Samuel-Linguistics.txt	3356297	1155	a3736c40a4da0ecceb7d6480b02d9686b1e91130ebc523f729f39191171f7c8e	ALL_LETTER_SLOTS_RECONSTRUCTED	3	3	3	0	0	3	0	0	0	0	0	0	0
L1597948-R001	biblical_book	2Sam	22	48		4Q51	1606703	f155_158	20	1597948				books/DSS-2-Samuel.txt	2290449	2628	2009896-2009903	8	0	45afbff4e332b44218d0dc922c735a7e74db7729fff298dd0d549ec8a6e53c2a	linguistics/books/DSS-2-Samuel-Linguistics.txt	3357452	3637	ebcfa0d8f286fd9ea61740733a7768d4470aaf07f0e3fab14a0923ecd704bdfc	PARTLY_RECONSTRUCTED	28	24	1	1	22	3	1	0	1	0	0	0	0
L1597948-R002	biblical_book	2Sam	22	49		4Q51	1606703	f155_158	20	1597948				books/DSS-2-Samuel.txt	2293077	3189	2009904-2009911	8	1	4255bea75e2a06e538c2de6cff98bc4f9225199145f7ee8ae56eebd88edaa173	linguistics/books/DSS-2-Samuel-Linguistics.txt	3361089	3631	1272b36d0f0ee936be6c7b1b2e3526e9f99c3dafc24b564d11ccac3b2cafa3b0	ALL_LETTER_SLOTS_RECONSTRUCTED	29	25	25	0	0	29	0	0	0	0	0	0	0
L1597949-R001	biblical_book	2Sam	22	49		4Q51	1606703	f155_158	21	1597949				books/DSS-2-Samuel.txt	2296266	2124	2009912-2009916	5	0	347d071754275c6aa7ca931184b25a4a42ce8ef66a1e90913b548dd9560f6cb6	linguistics/books/DSS-2-Samuel-Linguistics.txt	3364720	2399	e51876a3731c7e6afa20d7e39a1fe82bb931faa1cd52f5e94a6eb0820e497d40	PARTLY_RECONSTRUCTED	17	14	3	1	10	3	1	0	1	0	0	0	0
L1597949-R002	biblical_book	2Sam	22	50		4Q51	1606703	f155_158	21	1597949				books/DSS-2-Samuel.txt	2298390	3074	2009917-2009927	11	0	bfdb2676e62fc067e22f11a531c749ef8c39b6faae3b715f3e97127fc8d63b62	linguistics/books/DSS-2-Samuel-Linguistics.txt	3367119	4780	52debc41b65ac469f780132e6ccc5b550194d2e4b76dc4e47b383e3c087719bb	PARTLY_RECONSTRUCTED	31	27	19	2	6	22	2	0	1	0	0	0	0
L1597949-R003	biblical_book	2Sam	22	51		4Q51	1606703	f155_158	21	1597949				books/DSS-2-Samuel.txt	2301464	1610	2009928	1	1	cdeca41ee6c08b29f341717dabe0e9c9002284fc152e27827de238dcc0c32fdb	linguistics/books/DSS-2-Samuel-Linguistics.txt	3371899	816	1349f1f07a844f0a22c8897b27a47200ca2b01b1b6925fb862f4b3d051bfd490	ALL_LETTER_SLOTS_RECONSTRUCTED	5	5	5	0	0	5	0	0	0	0	0	0	0
L1597950-R001	biblical_book	2Sam	22	51		4Q51	1606703	f155_158	22	1597950				books/DSS-2-Samuel.txt	2303074	4575	2009929-2009943	15	2	c92ea2ed7cbb6edd32c8c7c245fc27991e12f81af50b82f35f169d1f3f4a7f23	linguistics/books/DSS-2-Samuel-Linguistics.txt	3372715	6518	cbc9b2f069828714f3fa752d2a5795fdfb2cfa7626df18aaeb08db761616a201	PARTLY_RECONSTRUCTED	45	40	15	1	24	18	1	0	1	0	0	0	0
L1597951-R001	biblical_book	2Sam	23	1		4Q51	1606703	f155_158	23	1597951				books/DSS-2-Samuel.txt	2307649	3771	2009944-2009955	12	2	9fc292badd092169fb4655fd48f12692e0762fad8409395d83cd7b28c49a0faf	linguistics/books/DSS-2-Samuel-Linguistics.txt	3379233	5400	f445c772f6e5d919273139c78af6190d8f72ea57f816d4ef9b2b46bbc9d40f05	PARTLY_RECONSTRUCTED	36	36	20	3	13	20	3	0	0	0	0	0	0
L1597952-R001	biblical_book	2Sam	23	1		4Q51	1606703	f155_158	24	1597952				books/DSS-2-Samuel.txt	2311420	3240	2009956-2009967	12	0	57a364e47ef184678584da1ca03ddaf52f33268be9044f774a88628306f21bc1	linguistics/books/DSS-2-Samuel-Linguistics.txt	3384633	5469	267b50cf8acc6495328560227b23a8e9d4dc62546c42542b6a9c08a3d6e66277	PARTLY_RECONSTRUCTED	40	38	20	2	16	22	2	0	1	0	0	0	0
L1597952-R002	biblical_book	2Sam	23	2		4Q51	1606703	f155_158	24	1597952				books/DSS-2-Samuel.txt	2314660	1761	2009968-2009969	2	1	b2c7c9a053f5a3513252f74020ccf4438e9e34a6b3094a665c7494bcba5b1310	linguistics/books/DSS-2-Samuel-Linguistics.txt	3390102	1231	0472547764a0756908cb04b6883421379cf5185f4d617db01328cc4315911c4d	ALL_LETTER_SLOTS_RECONSTRUCTED	7	7	7	0	0	7	0	0	0	0	0	0	0
L1597953-R001	biblical_book	2Sam	23	2		4Q51	1606703	f155_158	25	1597953				books/DSS-2-Samuel.txt	2316421	2553	2009970-2009976	7	0	1a02f49891906871b197b3dd1b2fadec5963c87e205cb678935eeac5a349a6b0	linguistics/books/DSS-2-Samuel-Linguistics.txt	3391333	3209	1c023c8ecf3c321c8be2c275979644a5015461f8c016ca0ce65eeb5d5857c390	PARTLY_RECONSTRUCTED	22	17	1	1	15	3	1	0	1	0	0	0	0
L1597953-R002	biblical_book	2Sam	23	3		4Q51	1606703	f155_158	25	1597953				books/DSS-2-Samuel.txt	2318974	2848	2009977-2009984	8	1	37339bb0ac7f91eb0d19f090f8ac2835d7cfeed2edd7e2c2ec613ce6808c9da4	linguistics/books/DSS-2-Samuel-Linguistics.txt	3394542	3809	349455faf14e237cb622539aa35d9592147a5d663cd78dc03ee80eaaec44342e	ALL_LETTER_SLOTS_RECONSTRUCTED	29	28	28	0	0	29	0	0	0	0	0	0	0
L1597954-R001	biblical_book	2Sam	23	3		4Q51	1606703	f155_158	26	1597954				books/DSS-2-Samuel.txt	2321822	2416	2009985-2009992	8	0	9c409b62323ddd52fd5f0d36c68e78690a5ba54424306a29baeb782aaa9f053c	linguistics/books/DSS-2-Samuel-Linguistics.txt	3398351	3711	28c20cbdccc9e1de41b90c7d1d946c0d1126428b2c582bc44cd43a3286a86822	PARTLY_RECONSTRUCTED	24	22	14	2	6	16	2	0	1	0	0	0	0
L1597954-R002	biblical_book	2Sam	23	4		4Q51	1606703	f155_158	26	1597954				books/DSS-2-Samuel.txt	2324238	2510	2009993-2009999	7	1	e0d67eca40798918c7da594e459f59ea7af36345b90a718edb0dbca4612b14b5	linguistics/books/DSS-2-Samuel-Linguistics.txt	3402062	3275	7f8c6c8f3152032afbdfb50709249ea27497cb9a5129b0276cdaacc65b9d8e26	ALL_LETTER_SLOTS_RECONSTRUCTED	20	20	20	0	0	20	0	0	0	0	0	0	0
L1597955-R001	biblical_book	2Sam	23	4		4Q51	1606703	f155_158	27	1597955				books/DSS-2-Samuel.txt	2326748	2731	2010000-2010009	10	0	849c76963f16809211cf468e1a37770649a2c808bb4ca754e2a24ea3160e78e9	linguistics/books/DSS-2-Samuel-Linguistics.txt	3405337	4373	a7513b88285667e4d0ed6d0922a6156e75917a901d12821db40e6e5afcbd2589	PARTLY_RECONSTRUCTED	22	20	16	2	2	18	2	0	1	0	0	0	0
L1597955-R002	biblical_book	2Sam	23	5		4Q51	1606703	f155_158	27	1597955				books/DSS-2-Samuel.txt	2329479	2941	2010010-2010018	9	1	b7ec6b659e9e1f5143b345ad24c475cbacc3c92aa9c1a9f97a2d98168d70196e	linguistics/books/DSS-2-Samuel-Linguistics.txt	3409710	4086	4eada0de8435153810e5f68388804933677846ef3fa95cfd9ad4d57e85a7f083	ALL_LETTER_SLOTS_RECONSTRUCTED	25	24	24	0	0	25	0	0	0	0	0	0	0
L1597956-R001	biblical_book	2Sam	23	5		4Q51	1606703	f155_158	28	1597956				books/DSS-2-Samuel.txt	2332420	4471	2010019-2010035	17	1	1a741c6303d2bd1914707c43ee9ae89bd8c5edd3b8ed26fecbe5b20120c405f0	linguistics/books/DSS-2-Samuel-Linguistics.txt	3413796	7178	f3b57622a5a0c56bcac642d5c14387e9f9b7d0f3a674e820d3797078b52e629b	PARTLY_RECONSTRUCTED	49	45	39	4	2	41	4	0	1	0	0	0	0
L1597957-R001	biblical_book	2Sam	23	6		4Q51	1606703	f155_158	29	1597957				books/DSS-2-Samuel.txt	2336891	3862	2010036-2010047	12	2	5a83bb30b5b6f82d4c644beec875393fd934d3664abe61cd8119929a7e6d06c0	linguistics/books/DSS-2-Samuel-Linguistics.txt	3420974	5200	bf870705c6f41e8125c3682b920cf8f8baa9ef353a303e8dcd0d2c60b318a52d	PARTLY_RECONSTRUCTED	32	29	24	1	4	25	1	0	1	0	0	0	0
L1597958-R001	biblical_book	2Sam	23	14		4Q51	1606703	f159_161	1	1597958				books/DSS-2-Samuel.txt	2340753	3594	2010048-2010060	13	1	0d6a92b8cc6ed5e8c43df03ada6535b439942d7bcf13016562f869d097964553	linguistics/books/DSS-2-Samuel-Linguistics.txt	3426174	5729	79d884d6f29466bcb14492760f7881b9e2cb8e1c12d0213a16e47cecfdb871c9	PARTLY_RECONSTRUCTED	35	31	26	1	4	28	1	1	2	0	0	0	0
L1597959-R001	biblical_book	2Sam	23	15		4Q51	1606703	f159_161	2	1597959				books/DSS-2-Samuel.txt	2344347	4174	2010061-2010076	16	1	fbf503d23c32f8daf33de1f2fcb8bdb15bbc5bf89b9c7f2f2c5be3ad773b37a0	linguistics/books/DSS-2-Samuel-Linguistics.txt	3431903	6897	0b59f9807530f94a46d07adef22041a4238e1872eb246a33af97069cebe341f6	PARTLY_RECONSTRUCTED	45	42	36	3	3	36	3	0	1	0	0	0	0
L1597960-R001	biblical_book	2Sam	23	16		4Q51	1606703	f159_161	3	1597960				books/DSS-2-Samuel.txt	2348521	3912	2010077-2010091	15	1	657d471fd011c717a23c7b3b9c16da898ce6624570d30f5fa16a0e0a5a123225	linguistics/books/DSS-2-Samuel-Linguistics.txt	3438800	6692	76c682ec833b61b76564c6c234bfaebe77d0dfcacb329e88514c338d15c520c7	PARTLY_RECONSTRUCTED	48	48	42	1	5	42	1	0	0	0	0	0	0
L1597961-R001	biblical_book	2Sam	23	16		4Q51	1606703	f159_161	4	1597961				books/DSS-2-Samuel.txt	2352433	4839	2010092-2010111	20	1	512ed59eee6e9a599057dd0745e8a8b038025e24639e099dcff2efd802ef4528	linguistics/books/DSS-2-Samuel-Linguistics.txt	3445492	8327	04d43ccf87ae0ccec33cf4e2ced00c3a88d27bdbc258705ee52d613c00783c92	PARTLY_RECONSTRUCTED	51	47	44	2	1	46	2	0	1	0	0	0	0
L1597962-R001	biblical_book	2Sam	23	21		4Q51	1606703	f162	1	1597962				books/DSS-2-Samuel.txt	2357272	4607	2010112-2010132	21	1	32ff928f26c7f4cd756b39cb4b3bb76857da3e5e10c5baf4be89d9839bf7a001	linguistics/books/DSS-2-Samuel-Linguistics.txt	3453819	8801	71257355d0be988c3eb50f80cdb3203621db977fd4ceccea23bc704607a0b0b0	PARTLY_RECONSTRUCTED	51	50	47	1	2	48	1	0	0	0	0	0	0
L1597963-R001	biblical_book	2Sam	23	21		4Q51	1606703	f162	2	1597963				books/DSS-2-Samuel.txt	2361879	2452	2010133-2010139	7	0	c13cc00db0d2a6f13fa40c265d536bc0968104eca5647cc56bbdbe9fff610318	linguistics/books/DSS-2-Samuel-Linguistics.txt	3462620	3182	4db2fe7437849e33f6166380d626b6d80b263a5adfc272bd3ae729ffe2c9916d	ALL_LETTER_SLOTS_RECONSTRUCTED	22	18	18	0	0	22	0	0	1	0	0	0	0
L1597963-R002	biblical_book	2Sam	23	22		4Q51	1606703	f162	2	1597963				books/DSS-2-Samuel.txt	2364331	3723	2010140-2010152	13	1	6c6145a1c65beb5790c03468652a7263ae1bb9b20c43fe0182390a79bc99ecd7	linguistics/books/DSS-2-Samuel-Linguistics.txt	3465802	5778	88b5a33d0d4e85b6685d21890c40ad78cdd5c3db8a3509799fc2db610c08ded6	PARTLY_RECONSTRUCTED	39	36	31	2	3	32	2	0	1	0	0	0	0
L1597964-R001	biblical_book	2Sam	23	38		4Q51	1606703	f163	1	1597964				books/DSS-2-Samuel.txt	2368054	1951	2010153-2010155	3	1	edb11136e810fdb2e3647b0314e53e3ed869eb1667da636fb480d642855dc0ac	linguistics/books/DSS-2-Samuel-Linguistics.txt	3471580	1499	6d88e7ab0db0d5d24deabb78699819f028e18053279fe5a9b6da309c033cb243	NO_LETTER_SLOTS	6	0	0	0	0	5	1	2	3	0	0	0	0
L1597965-R001	biblical_book	2Sam	23	38		4Q51	1606703	f163	2	1597965				books/DSS-2-Samuel.txt	2370005	2465	2010156-2010163	8	0	cb905e94f8765371a71424e88175c52df7a70d3ff1d9e2abc7dab21c358ad448	linguistics/books/DSS-2-Samuel-Linguistics.txt	3473079	3604	c29477dac02096d14e0836e900da86cfbbccbf6e739f861c24a4efc880b718b2	PARTLY_RECONSTRUCTED	21	17	13	1	3	17	1	1	2	0	0	0	0
L1597965-R002	biblical_book	2Sam	23	39		4Q51	1606703	f163	2	1597965				books/DSS-2-Samuel.txt	2372470	1595	2010164	1	1	0faac1614a9dfc76416d0524e96424f1744b5ef754e601fab774df5bbdead477	linguistics/books/DSS-2-Samuel-Linguistics.txt	3476683	870	21b3ba24793f1e42b5148432a5e351d49598bc68b08f6ed9b59d9aa558d48de2	ALL_LETTER_SLOTS_RECONSTRUCTED	5	5	5	0	0	5	0	0	0	0	0	0	0
L1597966-R001	biblical_book	2Sam	23	39		4Q51	1606703	f163	3	1597966				books/DSS-2-Samuel.txt	2374065	2797	2010165-2010172	8	1	82740b50f52ae86eddd02c57d9311348b521a15d0203c38296d435443ce2d4ea	linguistics/books/DSS-2-Samuel-Linguistics.txt	3477553	3584	b2be8a9d4e1f422b92f719b35195d9c9e966e0b27e85328bdc9cf4dd4c7fda4e	PARTLY_RECONSTRUCTED	21	17	14	1	2	16	1	1	2	0	0	0	0
L1597967-R001	biblical_book	2Sam	24	16		4Q51	1606703	f164_165	1	1597967				books/DSS-2-Samuel.txt	2376862	5139	2010173-2010191	19	1	f884f2a1ae8951d1d86e3b7928d9f8a8cbb83017264cf69cae227cccb45ceaee	linguistics/books/DSS-2-Samuel-Linguistics.txt	3481137	8252	c30b42c63fa4601a8d9dab8b62d715d156d5dcf0ab50d1de7e6504d74403b393	PARTLY_RECONSTRUCTED	53	52	30	8	14	31	8	0	0	0	0	0	0
L1597968-R001	biblical_book	2Sam	24	16		4Q51	1606703	f164_165	2	1597968				books/DSS-2-Samuel.txt	2382001	5305	2010192-2010211	20	1	59e16c28c6897c8e11323bcf887201ed1d5523c7a3db163208dc153687fc48da	linguistics/books/DSS-2-Samuel-Linguistics.txt	3489389	8587	02d4459ad4c18a61caefb99069dcff5512101929e367e15f8dbbd5fac4151fe1	PARTLY_RECONSTRUCTED	61	58	30	7	21	31	7	0	0	0	0	0	0
L1597969-R001	biblical_book	2Sam	24	16		4Q51	1606703	f164_165	3	1597969				books/DSS-2-Samuel.txt	2387306	3428	2010212-2010223	12	0	56be47a8b42c70c2e28ff8dee0610d8f9c9a3efd99cc220e2b594d08fd9088ba	linguistics/books/DSS-2-Samuel-Linguistics.txt	3497976	5334	f03fc7076a6c8ef0ead922da13d4a5e4da5c4ba94e4491837501c78a72982867	PARTLY_RECONSTRUCTED	41	38	27	4	7	27	4	0	1	0	0	0	0
L1597969-R002	biblical_book	2Sam	24	17		4Q51	1606703	f164_165	3	1597969				books/DSS-2-Samuel.txt	2390734	2687	2010224-2010230	7	1	794ba98ddbdac09468bfe645ccd335ef69a24ef0d869b22f843e2c1e017b0e08	linguistics/books/DSS-2-Samuel-Linguistics.txt	3503310	3243	12b5d9daacd7ab96a4ab9fadcf700b495c0e8eb27bb9083f94f4a6848cee6d75	PARTLY_RECONSTRUCTED	21	20	2	1	17	2	1	0	0	0	0	0	0
L1597970-R001	biblical_book	2Sam	24	17		4Q51	1606703	f164_165	4	1597970				books/DSS-2-Samuel.txt	2393421	5165	2010231-2010252	22	1	0b4a58ffa1c99fdb7adae83abae3edddbe8a62faa9221fc351279b2f88db9d7a	linguistics/books/DSS-2-Samuel-Linguistics.txt	3506553	9271	f33609f925b654ff8f7b159c6ec8b9471037ba901078e77f0f5209293297bc6c	PARTLY_RECONSTRUCTED	55	55	34	7	14	34	7	0	0	0	0	0	0
L1597971-R001	biblical_book	2Sam	24	17		4Q51	1606703	f164_165	5	1597971				books/DSS-2-Samuel.txt	2398586	2845	2010253-2010261	9	0	c42a9b5dfcb825654c8f53770084164ce6571badc28829785f7cf97acec32d39	linguistics/books/DSS-2-Samuel-Linguistics.txt	3515824	3946	f368d6352e3aaf63e6d6bd90990265ad8c27e205c829e5648b437e9bc15ba34b	ALL_LETTER_SLOTS_RECONSTRUCTED	24	19	19	0	0	24	0	0	1	0	0	0	0
L1597971-R002	biblical_book	2Sam	24	18		4Q51	1606703	f164_165	5	1597971				books/DSS-2-Samuel.txt	2401431	3805	2010262-2010277	16	1	1c89366a8b028005e006601b3a2a82212043610f2d59e079dc79945e6d980cc2	linguistics/books/DSS-2-Samuel-Linguistics.txt	3519770	6738	5c37a78ca38422aa89f1bfcba9628fe890afe708e825fe4e5ee95b58fbc74532	PARTLY_RECONSTRUCTED	38	38	24	2	12	24	2	0	0	0	0	0	0
L1597972-R001	biblical_book	2Sam	24	18		4Q51	1606703	f164_165	6	1597972				books/DSS-2-Samuel.txt	2405236	2190	2010278-2010284	7	0	bee0d1f1b80b5ce9d14e7ec7400402022789007010b187a5e28b41670bedea40	linguistics/books/DSS-2-Samuel-Linguistics.txt	3526508	3320	e342d1df7271f143183eb99c49469cdabdf081d030c57f44a06e8a7fcda88028	ALL_LETTER_SLOTS_RECONSTRUCTED	19	17	17	0	0	19	0	0	1	0	0	0	0
L1597972-R002	biblical_book	2Sam	24	19		4Q51	1606703	f164_165	6	1597972				books/DSS-2-Samuel.txt	2407426	2764	2010285-2010295	11	0	1b0684883019af00c995a645b76280a462f3e9d23f3c8b161e601c1ca038739c	linguistics/books/DSS-2-Samuel-Linguistics.txt	3529828	4786	8d71568ecb1128896c523fd68deacdf98aeb3f4011f49ca3c3b7f8e10d0b19cb	PARTLY_RECONSTRUCTED	27	25	16	0	9	16	0	0	1	0	0	0	0
L1597972-R003	biblical_book	2Sam	24	20		4Q51	1606703	f164_165	6	1597972				books/DSS-2-Samuel.txt	2410190	2242	2010296-2010300	5	1	b5e1932257fec12244f24e68f93faf654054841a113b16a3e00bab9044e6465f	linguistics/books/DSS-2-Samuel-Linguistics.txt	3534614	2445	a0718c837883a3415d22d48404a9af45a5ac9bce651edbe4b12f5a3da9c41767	PARTLY_RECONSTRUCTED	13	13	8	2	3	8	2	0	0	0	0	0	0
L1597973-R001	biblical_book	2Sam	24	20		4Q51	1606703	f164_165	7	1597973				books/DSS-2-Samuel.txt	2412432	4847	2010301-2010320	20	1	e84028d6534ec736b247971019541062f021906508159b67499e11fa4b4f1e5b	linguistics/books/DSS-2-Samuel-Linguistics.txt	3537059	8599	55240219f8c247ccb7999c97adeca237bc67e1cb86bde4f44e1240efe7f4faef	PARTLY_RECONSTRUCTED	60	58	42	3	13	44	3	0	0	0	0	0	0
L1597974-R001	biblical_book	2Sam	24	20		4Q51	1606703	f164_165	8	1597974				books/DSS-2-Samuel.txt	2417279	4903	2010321-2010338	18	1	1f7418a10574f4d434e59b9b152333a6977029113ebbefeb5b1b7aab6ae9b358	linguistics/books/DSS-2-Samuel-Linguistics.txt	3545658	7795	055a7416360f1af9620d234bf20d1f8afc9d5e45b0ee1feb47809463f7d4c076	PARTLY_RECONSTRUCTED	59	56	41	4	11	44	4	0	0	0	0	0	0
L1597975-R001	biblical_book	2Sam	24	20		4Q51	1606703	f164_165	9	1597975				books/DSS-2-Samuel.txt	2422182	2770	2010339-2010346	8	0	b57995aded2343d3db35b4cf73a6c7ee3155c8c2b91c9eed8dcb926a1b20da3c	linguistics/books/DSS-2-Samuel-Linguistics.txt	3553453	3614	b4c2ec204cd41997726005b8d51eb3cb4554c6751466451d82539a4ffa92f33a	PARTLY_RECONSTRUCTED	25	21	17	1	3	21	1	0	1	0	0	0	0
L1597975-R002	biblical_book	2Sam	24	21		4Q51	1606703	f164_165	9	1597975				books/DSS-2-Samuel.txt	2424952	3486	2010347-2010358	12	1	40e87a957c53f041f0530041d254ec0866b29c50fd86eac58e29fe25e7917561	linguistics/books/DSS-2-Samuel-Linguistics.txt	3557067	5340	5e7b1893d8861c769f0c01315058ccef2af00db67c925ab0be08625d1e2bb76d	PARTLY_RECONSTRUCTED	32	31	29	2	0	30	2	0	0	0	0	0	0
L1597976-R001	biblical_book	2Sam	24	21		4Q51	1606703	f164_165	10	1597976				books/DSS-2-Samuel.txt	2428438	5066	2010359-2010380	22	1	d5ea0d7f18ba5ca265eb1105d29238705cdaf2c9e0ea576c2fcea8e46e51519a	linguistics/books/DSS-2-Samuel-Linguistics.txt	3562407	9264	152057a9e32a6811ba67cd699297520b0434ae7556895701f281e532792369ef	PARTLY_RECONSTRUCTED	57	55	50	3	2	52	3	0	0	0	0	0	0
L1597977-R001	biblical_book	2Sam	24	21		4Q51	1606703	f164_165	11	1597977				books/DSS-2-Samuel.txt	2433504	1558	2010381-2010383	3	0	f4082ddcefc0a3b7d5be36c5bf977ed5c2f3c615b34d73595ce8b171b23e276c	linguistics/books/DSS-2-Samuel-Linguistics.txt	3571671	1496	4ba62f0de80b09f1fb09e5e0e39fc93b8a69bc75d0db8715165c6ab399924e46	ALL_LETTER_SLOTS_RECONSTRUCTED	5	3	3	0	0	5	0	0	1	0	0	0	0
L1597977-R002	biblical_book	2Sam	24	22		4Q51	1606703	f164_165	11	1597977				books/DSS-2-Samuel.txt	2435062	2671	2010384-2010390	7	1	fd868131fad8c79f0277a328e72c549448cee35a2654c5067e88d4c7cd42af2f	linguistics/books/DSS-2-Samuel-Linguistics.txt	3573167	3203	bedf6610287baae136c74b75deda337d91b6094e9569599692e4dd2f1de48814	PARTLY_RECONSTRUCTED	19	15	14	1	0	16	1	1	2	0	0	0	0
L1598192-R001	biblical_book	2Sam	14	7		4Q53	1606707	f2_5i	1	1598192				books/DSS-2-Samuel.txt	2437783	3608	2012541-2012554	14	0	749da588e6dee04f90ce173518dd818c86925b963ce970cc2f09b61ca63d4f5a	linguistics/books/DSS-2-Samuel-Linguistics.txt	3576420	6090	f770a8600bd8322e384fbe2261fd4a49fad2a1558a9f73ed1f0cc6d78fda25bb	PARTLY_RECONSTRUCTED	39	36	19	3	14	21	3	0	1	0	0	0	0
L1598192-R002	biblical_book	2Sam	14	8		4Q53	1606707	f2_5i	1	1598192				books/DSS-2-Samuel.txt	2441391	1729	2012555-2012556	2	1	e76266382249e1e7c2c953f6c436fc51b735ef119354661c80c6133d26c19596	linguistics/books/DSS-2-Samuel-Linguistics.txt	3582510	1180	2fc83851989d97faa0870ac87104d57fe3cb2db5419cd8c24534e46ca3f323af	ALL_LETTER_SLOTS_RECONSTRUCTED	6	6	6	0	0	6	0	0	0	0	0	0	0
L1598193-R001	biblical_book	2Sam	14	8		4Q53	1606707	f2_5i	2	1598193				books/DSS-2-Samuel.txt	2443120	3910	2012557-2012571	15	0	edaf16d6ba9adb27bbc210291d3694d9d4e9c4907528495372af2d3a395dd787	linguistics/books/DSS-2-Samuel-Linguistics.txt	3583690	6397	0678d301e8a51cf6c1310d016a547005faa767d3782b3c850016ef2284b65ebc	PARTLY_RECONSTRUCTED	39	35	19	5	11	22	5	0	1	0	0	0	0
L1598193-R002	biblical_book	2Sam	14	9		4Q53	1606707	f2_5i	2	1598193				books/DSS-2-Samuel.txt	2447030	2013	2012572-2012575	4	1	32b3cc9cf102e07b5fafedbae867eb44a281c00db45f65f91a14f0b35d62874e	linguistics/books/DSS-2-Samuel-Linguistics.txt	3590087	1975	27718ab3bc8ddd191da6ea2fa9038d935d215999e4a145532502407b818dc224	ALL_LETTER_SLOTS_RECONSTRUCTED	10	10	10	0	0	10	0	0	0	0	0	0	0
L1598194-R001	biblical_book	2Sam	14	9		4Q53	1606707	f2_5i	3	1598194				books/DSS-2-Samuel.txt	2449043	4464	2012576-2012593	18	1	eb48671bdcb8e3d4c8942011ccc3e48174c43aabd1648be311d121083c9d0d9e	linguistics/books/DSS-2-Samuel-Linguistics.txt	3592062	7630	58c618489f824ca6aac949c2e40acd948f8f1a52722b2fee0eedb0ba6419a12e	PARTLY_RECONSTRUCTED	47	44	32	1	11	33	1	0	0	0	0	0	0
L1598195-R001	biblical_book	2Sam	14	9		4Q53	1606707	f2_5i	4	1598195				books/DSS-2-Samuel.txt	2453507	2128	2012594-2012598	5	0	b1a0df3161a79cb2f3735c1988960bed14fee9dc11f2201fd44c3c2717e8c060	linguistics/books/DSS-2-Samuel-Linguistics.txt	3599692	2463	261cd1dacf93abee5f2fe974959bc32a64525662bfeae9bb35e8cb9e7b2f4475	PARTLY_RECONSTRUCTED	16	13	9	2	2	9	2	0	1	0	0	0	0
L1598195-R002	biblical_book	2Sam	14	10		4Q53	1606707	f2_5i	4	1598195				books/DSS-2-Samuel.txt	2455635	3697	2012599-2012610	12	1	b804211752e2629028650ee675838b5520b69257d93617088174e6f11a04fdfa	linguistics/books/DSS-2-Samuel-Linguistics.txt	3602155	5159	d1863065f5d6b0fd454b27329a38b71f0f016e10d8c24a878b344ad9ba2a5a74	PARTLY_RECONSTRUCTED	36	33	25	1	7	28	1	0	0	0	0	0	0
L1598196-R001	biblical_book	2Sam	14	10		4Q53	1606707	f2_5i	5	1598196				books/DSS-2-Samuel.txt	2459332	2246	2012611-2012616	6	0	74f38cc834646460891a91316ae6fc8f6631a74d23a8dd6319543fff3ed59edf	linguistics/books/DSS-2-Samuel-Linguistics.txt	3607314	2767	560d7d02f7d5ad8083ae42a41178a31f4584e9e82666938bae74982ca1ab651b	PARTLY_RECONSTRUCTED	19	16	8	2	5	8	2	0	1	0	1	0	0
L1598196-R002	biblical_book	2Sam	14	11		4Q53	1606707	f2_5i	5	1598196				books/DSS-2-Samuel.txt	2461578	3571	2012617-2012627	11	1	7092170419b90ad7d008e978a7e9420be308bb32f14adf7f19de7d9bb7f14d1e	linguistics/books/DSS-2-Samuel-Linguistics.txt	3610081	4925	50765d7f95fdb05eecc8f8f5748e906f003b6a9527c8c0e4984f2320ff00190a	PARTLY_RECONSTRUCTED	37	36	29	2	4	30	2	0	0	0	1	0	0
L1598197-R001	biblical_book	2Sam	14	11		4Q53	1606707	f2_5i	6	1598197				books/DSS-2-Samuel.txt	2465149	4637	2012628-2012645	18	1	1f65c46585a7dfec22004e98f11fba0e7420c7948bc0f17815a8b4b8d1c59495	linguistics/books/DSS-2-Samuel-Linguistics.txt	3615006	7634	276876a4400640ebde686cd6108e317276977a62fa6b0e1ed8f1e6edf0f03adf	PARTLY_RECONSTRUCTED	51	50	35	4	11	36	4	0	0	0	0	0	0
L1598198-R001	biblical_book	2Sam	14	11		4Q53	1606707	f2_5i	7	1598198				books/DSS-2-Samuel.txt	2469786	1864	2012646-2012648	3	0	c18fa970ad7d25ce83c25a18aac6eac7db2fa1f9a2ae7329b11f8d6052e27a2a	linguistics/books/DSS-2-Samuel-Linguistics.txt	3622640	1594	71b7aa5672cba233dc2a29446d9ca4fdb784045142ad5ca5cc1e8096bd21220c	ALL_LETTER_SLOTS_RECONSTRUCTED	11	7	7	0	0	11	0	0	1	0	0	0	0
L1598198-R002	biblical_book	2Sam	14	12		4Q53	1606707	f2_5i	7	1598198				books/DSS-2-Samuel.txt	2471650	4002	2012649-2012660	12	1	345a5be750a67e650127fa85e12e128052da2db6b670da6ed9fad0bf898682b2	linguistics/books/DSS-2-Samuel-Linguistics.txt	3624234	5379	ce60514e74710c5ef5ce0c1ad69892a59ddab8e7faed4ae9980bbbb1a7577e9e	PARTLY_RECONSTRUCTED	38	36	24	8	4	24	8	0	0	0	0	0	0
L1598199-R001	biblical_book	2Sam	14	12		4Q53	1606707	f2_5i	8	1598199				books/DSS-2-Samuel.txt	2475652	1749	2012661-2012664	4	0	0c6e4c449210306497c9b026383e5dd41d4cce79c5cf9e814a800dca0b3e75a9	linguistics/books/DSS-2-Samuel-Linguistics.txt	3629613	1945	02379f57df2848afff671e6890a3c35c04b9419f45bce3364463481dfefa6a9e	ALL_LETTER_SLOTS_RECONSTRUCTED	12	10	10	0	0	12	0	0	1	0	0	0	0
L1598199-R002	biblical_book	2Sam	14	13		4Q53	1606707	f2_5i	8	1598199				books/DSS-2-Samuel.txt	2477401	3464	2012665-2012675	11	1	1b210b6cf98ac8371e8022ac0ca6f3d36ccfc81e41d8ce1cb9fc9fc9b14dff40	linguistics/books/DSS-2-Samuel-Linguistics.txt	3631558	4887	f46c48d401e318eae876a4417083f553a2a15514c43a2e2e19fea4d9fb859a40	PARTLY_RECONSTRUCTED	33	33	23	4	6	23	4	0	0	0	0	0	0
L1598200-R001	biblical_book	2Sam	14	13		4Q53	1606707	f2_5i	9	1598200				books/DSS-2-Samuel.txt	2480865	3948	2012676-2012694	19	0	16d5d3387c39b5ac6b6f5dda2fd5b8f4edee93dc122f4f1759eb1702fc818daf	linguistics/books/DSS-2-Samuel-Linguistics.txt	3636445	7917	9c1e01700f7798b942659c19a093a08536ebb7cce801b0be0695fd0edead9340	PARTLY_RECONSTRUCTED	42	39	38	1	0	38	1	0	1	0	0	0	0
L1598200-R002	biblical_book	2Sam	14	14		4Q53	1606707	f2_5i	9	1598200				books/DSS-2-Samuel.txt	2484813	2030	2012695-2012697	3	1	922d478a3fc4ddbe659b37c74e63f4934207b939458c6c42889c72e3d9ded8ec	linguistics/books/DSS-2-Samuel-Linguistics.txt	3644362	1636	9a90b16c9eacfd8abc2f916356e5e88eeb4b30d50236c25ebcf0c85e9681835f	PARTLY_RECONSTRUCTED	10	10	5	2	3	5	2	0	0	0	0	0	0
L1598201-R001	biblical_book	2Sam	14	14		4Q53	1606707	f2_5i	10	1598201				books/DSS-2-Samuel.txt	2486843	3244	2012698-2012708	11	1	7a62d93e4895d021be8c92d75e691898bb95d33370f8c14867c1168704d19c58	linguistics/books/DSS-2-Samuel-Linguistics.txt	3645998	4808	d40b7bcff1d5b7e761b0fad455e32a1301d63b02c3a52b75fa3788fa48840f8e	PARTLY_RECONSTRUCTED	32	29	26	0	3	29	0	1	1	0	0	0	0
L1598202-R001	biblical_book	2Sam	14	14		4Q53	1606707	f2_5i	11	1598202				books/DSS-2-Samuel.txt	2490087	1439	2012709-2012710	2	0	cbae586f4edb45945fee3c766dda7a75ab45bea1d0290658afd1e89ad3176c14	linguistics/books/DSS-2-Samuel-Linguistics.txt	3650806	1099	ecb9a3a401e62c010d38b1e6fa17411f81d6e0a5fd92fb450ecd1a08579b1b1d	NO_LETTER_SLOTS	4	0	0	0	0	4	0	1	2	0	0	0	0
L1598202-R002	biblical_book	2Sam	14	15		4Q53	1606707	f2_5i	11	1598202				books/DSS-2-Samuel.txt	2491526	2778	2012711-2012717	7	1	0ba01faee3fb51ac65b743408a9ad9126adebe0d42a7917d293084ab4f7a53f7	linguistics/books/DSS-2-Samuel-Linguistics.txt	3651905	3237	d5f37ad7f4abd4fb227937fe57cf8dfc4363120f8202976f8c915ea423fc6fbd	PARTLY_RECONSTRUCTED	20	19	13	3	3	13	3	0	0	0	0	0	0
L1598203-R001	biblical_book	2Sam	14	15		4Q53	1606707	f2_5i	12	1598203				books/DSS-2-Samuel.txt	2494304	4268	2012718-2012734	17	1	d4e83c03d0a80b9854da133925589dcea1852ebe6ae8219e45cde387ad92fdd6	linguistics/books/DSS-2-Samuel-Linguistics.txt	3655142	7217	55386d0d573edf6649aaf11f5c238b397c047772a46b03960088a9d89a1eb7b9	PARTLY_RECONSTRUCTED	48	46	41	0	5	43	0	0	0	0	0	0	0
L1598204-R001	biblical_book	2Sam	14	15		4Q53	1606707	f2_5i	13	1598204				books/DSS-2-Samuel.txt	2498572	2492	2012735-2012742	8	0	5cc86ecb9e6d3945fe57c7c3761edf0ce1be2e802ac1185d7dda75cbc33ffe25	linguistics/books/DSS-2-Samuel-Linguistics.txt	3662359	3648	e48b4ebb77fbf744353d297a28a915d7447e8c7d00fcb5cb3ea51e14b10ed6bb	ALL_LETTER_SLOTS_RECONSTRUCTED	24	21	21	0	0	24	0	0	1	0	0	0	0
L1598204-R002	biblical_book	2Sam	14	16		4Q53	1606707	f2_5i	13	1598204				books/DSS-2-Samuel.txt	2501064	2736	2012743-2012750	8	1	5d5a18cc11a2e72ec67ea28cb66ed020f88f1354ab772c20cc9b3ed9f02802ee	linguistics/books/DSS-2-Samuel-Linguistics.txt	3666007	3617	c1280d7ac06b041424d100f10ec918c5ee9c50512e8e9a875983ebd85ce4e6e7	PARTLY_RECONSTRUCTED	23	22	18	0	4	18	0	0	0	0	0	0	0
L1598205-R001	biblical_book	2Sam	14	16		4Q53	1606707	f2_5i	14	1598205				books/DSS-2-Samuel.txt	2503800	3909	2012751-2012767	17	0	83946259eb7e754dc373a36a8f8a6f5ec889856a87c42adab31e19c8f02a843c	linguistics/books/DSS-2-Samuel-Linguistics.txt	3669624	7179	347d9bb93b13b70d5ff877f89a4ed4f670323922a5dcb96c2d5fb7a6a326a15f	ALL_LETTER_SLOTS_RECONSTRUCTED	46	42	42	0	0	46	0	0	1	0	0	0	0
L1598205-R002	biblical_book	2Sam	14	17		4Q53	1606707	f2_5i	14	1598205				books/DSS-2-Samuel.txt	2507709	1775	2012768-2012769	2	1	da4f101e800f2f924be83e095c6b2a18c0f2545079803deae88e668af9b7610e	linguistics/books/DSS-2-Samuel-Linguistics.txt	3676803	1186	656542eac865cc2d5aa52fba957d37a3e139db9c249eae98358b108d9beb389c	PARTLY_RECONSTRUCTED	6	6	4	0	2	4	0	0	0	0	0	0	0
L1598206-R001	biblical_book	2Sam	14	17		4Q53	1606707	f2_5i	15	1598206				books/DSS-2-Samuel.txt	2509484	4309	2012770-2012786	17	1	a1cb85bf2e0f460ee8722b783eea985c0823a43e57b5d3346e8dfbf74bfcc0c5	linguistics/books/DSS-2-Samuel-Linguistics.txt	3677989	7438	efac0e8a24f6be95a574943fc414b1a129fb1507d8363f2d2159d90755bc4339	PARTLY_RECONSTRUCTED	51	49	44	1	4	45	1	0	0	0	0	0	0
L1598207-R001	biblical_book	2Sam	14	17		4Q53	1606707	f2_5i	16	1598207				books/DSS-2-Samuel.txt	2513793	3676	2012787-2012801	15	0	b7c50785506c3998d85514c92ea8973ea027b7bd8940b3434b7feea7de26ce62	linguistics/books/DSS-2-Samuel-Linguistics.txt	3685427	6323	17053ff6637bfb5f032228bf9ba29fd834d81e12fd63c773349f14ddfbea94ed	PARTLY_RECONSTRUCTED	40	36	35	1	0	39	1	0	1	0	0	0	0
L1598207-R002	biblical_book	2Sam	14	18		4Q53	1606707	f2_5i	16	1598207				books/DSS-2-Samuel.txt	2517469	2390	2012802-2012808	7	1	6d8c1e625248ab0d99a4597a5403d57e4de564656529c7ebae0020aaaebe8b88	linguistics/books/DSS-2-Samuel-Linguistics.txt	3691750	3156	7cc51ee7590d44ca023882c529a48faba822b8ba00a69197827e016cc1686fdb	PARTLY_RECONSTRUCTED	14	14	8	0	6	8	0	0	0	0	0	0	0
L1598208-R001	biblical_book	2Sam	14	18		4Q53	1606707	f2_5i	17	1598208				books/DSS-2-Samuel.txt	2519859	3917	2012809-2012821	13	1	67bcf79f8794162d603c0b8a9a397de6d7d8bea9dc10fe96814b549ade18cd55	linguistics/books/DSS-2-Samuel-Linguistics.txt	3694906	5783	5599482e8807ea5576bbbe3902792c2f78a3c6e39a665efc5ae1c26a0792d757	PARTLY_RECONSTRUCTED	47	45	37	2	6	38	2	0	0	0	0	0	0
L1598209-R001	biblical_book	2Sam	14	18		4Q53	1606707	f2_5i	18	1598209				books/DSS-2-Samuel.txt	2523776	2911	2012822-2012831	10	0	44bf6d50f372fff0d42fbf8ea01a1e8cb25d2a88a91a2e78d098130da0c774eb	linguistics/books/DSS-2-Samuel-Linguistics.txt	3700689	4401	40bcb82cb02869afbdea114bec7a16a7ae7353a7ed54d2f0a1259157297af7a9	PARTLY_RECONSTRUCTED	28	25	22	1	2	25	1	0	1	0	0	0	0
L1598209-R002	biblical_book	2Sam	14	19		4Q53	1606707	f2_5i	18	1598209				books/DSS-2-Samuel.txt	2526687	3251	2012832-2012841	10	1	e7f289216de3604de251a43968edd949b3546af121267d92c32f0d7a5f5a5158	linguistics/books/DSS-2-Samuel-Linguistics.txt	3705090	4415	dbb4e5efe9c45c42d3a50833aad9f73087144a61b63ba8010ff303b62af7d289	PARTLY_RECONSTRUCTED	25	24	14	5	5	14	5	0	0	0	0	0	0
L1598210-R001	biblical_book	2Sam	14	19		4Q53	1606707	f2_5i	19	1598210				books/DSS-2-Samuel.txt	2529938	4968	2012842-2012861	20	1	2a2802b00269b9fba105f891e4a9b5ac19e7ce0342fc6eb1339002c810e69d99	linguistics/books/DSS-2-Samuel-Linguistics.txt	3709505	8456	18ae52d473a80dc0c9c7c5d898778809d414667f53a532a97f395e932762577d	PARTLY_RECONSTRUCTED	57	54	35	2	17	38	2	0	1	0	0	0	1
L1598211-R001	biblical_book	2Sam	14	19		4Q53	1606707	f2_5i	20	1598211				books/DSS-2-Samuel.txt	2534906	4843	2012862-2012878	17	1	5547e784c2bb319c0d6fa343d415a7d2e190a84e7671401aa13032f10c1a4106	linguistics/books/DSS-2-Samuel-Linguistics.txt	3717961	7399	2efb52687a434fc333bd80ddc71c145d03ac83dcede4902f32ab456e79d1fc16	PARTLY_RECONSTRUCTED	53	49	34	6	9	37	6	0	1	0	0	0	0
L1598212-R001	biblical_book	2Sam	14	19		4Q53	1606707	f2_5i	21	1598212				books/DSS-2-Samuel.txt	2539749	2480	2012879-2012886	8	0	ea90c38fa7e3d6979d09003e90cad205887e8a3038c519dd3f97f4d0d5403c27	linguistics/books/DSS-2-Samuel-Linguistics.txt	3725360	3578	bdaafbcc4f790fca2fdfbf87ac1ba134f7143f36388b73f114d9bb7e7094d432	ALL_LETTER_SLOTS_RECONSTRUCTED	23	20	20	0	0	23	0	0	1	0	0	0	0
L1598212-R002	biblical_book	2Sam	14	20		4Q53	1606707	f2_5i	21	1598212				books/DSS-2-Samuel.txt	2542229	3481	2012887-2012897	11	1	9b84c6f0cad9d1befdc759a5ac109950af0987f130a1397452a070fee1d717b3	linguistics/books/DSS-2-Samuel-Linguistics.txt	3728938	4939	aac845e01555850b19bc75d9ac0a5a2c7eb7d20ed37d5187ffb5f4a45aed1e4a	PARTLY_RECONSTRUCTED	31	30	19	3	8	19	3	0	0	0	0	0	0
L1598213-R001	biblical_book	2Sam	14	20		4Q53	1606707	f2_5i	22	1598213				books/DSS-2-Samuel.txt	2545710	4276	2012898-2012916	19	0	90a41f661820bb2cc42e62d80cbaf6c941677e300345b4ce7afe4f5025b1487d	linguistics/books/DSS-2-Samuel-Linguistics.txt	3733877	8067	92f327618f4d7238508b6799b71d7b9362da7ce502d73a5e32ce20e50ae5b28b	PARTLY_RECONSTRUCTED	48	45	33	5	7	34	5	0	1	0	0	0	0
L1598213-R002	biblical_book	2Sam	14	21		4Q53	1606707	f2_5i	22	1598213				books/DSS-2-Samuel.txt	2549986	1773	2012917-2012918	2	1	dab3c44698ad95e41fd4ceb847c9d5d9aecbc19928ac15d35f5154250480736d	linguistics/books/DSS-2-Samuel-Linguistics.txt	3741944	1191	2cb253b93a820475d56c18517dac2a19411287c9bbd3ac14dc11906c7969ae9d	PARTLY_RECONSTRUCTED	6	6	3	0	3	3	0	0	0	0	0	0	0
L1598214-R001	biblical_book	2Sam	14	21		4Q53	1606707	f2_5i	23	1598214				books/DSS-2-Samuel.txt	2551759	4769	2012919-2012940	22	1	a501745c784050d7f62b675a4fd379ecfce08143a1cd886214d8193571d13c9e	linguistics/books/DSS-2-Samuel-Linguistics.txt	3743135	9172	a418406e42ee132074946a76c6ecf4da4ebe27c0bf14b17ff20c1dc26e80bb0b	PARTLY_RECONSTRUCTED	52	50	28	1	21	28	1	0	1	0	0	0	0
L1598215-R001	biblical_book	2Sam	14	22		4Q53	1606707	f5ii_7i	1	1598215				books/DSS-2-Samuel.txt	2556528	4412	2012941-2012956	16	1	76b37312d21cdb49798d068f39d27c54a15022d187c83d8d67cd8709c2631d84	linguistics/books/DSS-2-Samuel-Linguistics.txt	3752307	6939	6615c8da4c233d30c04dd1326c1b1166568a08f133adbf4a3ee6a06d3004a4d2	PARTLY_RECONSTRUCTED	48	46	41	4	1	43	4	0	0	0	0	0	0
L1598216-R001	biblical_book	2Sam	14	22		4Q53	1606707	f5ii_7i	2	1598216				books/DSS-2-Samuel.txt	2560940	4656	2012957-2012972	16	1	aec2c2b9b28487a57b330940e1eb40b94ff7aa0052d16de81f622da73a808f0e	linguistics/books/DSS-2-Samuel-Linguistics.txt	3759246	6992	3355a57896e25efde5696689484b92345c3382bc65f9545a94f22dcc0141a48c	PARTLY_RECONSTRUCTED	51	48	29	6	13	31	6	0	0	0	1	0	0
L1598217-R001	biblical_book	2Sam	14	22		4Q53	1606707	f5ii_7i	3	1598217				books/DSS-2-Samuel.txt	2565596	1844	2012973-2012976	4	0	e2f19ee9bc1a968f3679a83a5b0cc09e3ab4709b4e2463e90e346246a5deb2fa	linguistics/books/DSS-2-Samuel-Linguistics.txt	3766238	2001	1a19298616419d3a842cd5fb45d19b9cbd12867753670de46cc0eadb3735e593	NO_LETTER_RECONSTRUCTION_MARKED	13	10	0	0	10	0	0	0	1	0	0	0	0
L1598217-R002	biblical_book	2Sam	14	23		4Q53	1606707	f5ii_7i	3	1598217				books/DSS-2-Samuel.txt	2567440	3146	2012977-2012987	11	0	580a37db3c39c0895574ac86398712002ca63538bdd45e9f2c6531e124a81183	linguistics/books/DSS-2-Samuel-Linguistics.txt	3768239	4998	71c649cb26b5b5dd0d05d41cf7283fba70bd703fca00797322406ca5ac8b8eac	PARTLY_RECONSTRUCTED	34	31	22	2	7	25	2	0	1	0	0	0	0
L1598217-R003	biblical_book	2Sam	14	24		4Q53	1606707	f5ii_7i	3	1598217				books/DSS-2-Samuel.txt	2570586	1737	2012988-2012989	2	1	e6e4e5d8048006807f2b62f40486f21800542a0c7c4dc58d60d9040a26aa0e10	linguistics/books/DSS-2-Samuel-Linguistics.txt	3773237	1188	d1076b5d20754750da96f536dd67fe8b8040fc931f95e98d01f285b3a31c6bbb	ALL_LETTER_SLOTS_RECONSTRUCTED	6	6	6	0	0	6	0	0	0	0	0	0	0
L1598218-R001	biblical_book	2Sam	14	24		4Q53	1606707	f5ii_7i	4	1598218				books/DSS-2-Samuel.txt	2572323	4408	2012990-2013005	16	1	13249e8bbae18980274f8e3a7cafea0538ca39eb46f56e07c30bad10a16a3acc	linguistics/books/DSS-2-Samuel-Linguistics.txt	3774425	6986	73f0cb9c196d3c2cc210505e8622f7c850869ba5553a1f2a45e1c78cbe6ff12a	PARTLY_RECONSTRUCTED	49	46	24	2	20	25	2	0	0	0	0	0	0
L1598219-R001	biblical_book	2Sam	14	24		4Q53	1606707	f5ii_7i	5	1598219				books/DSS-2-Samuel.txt	2576731	1845	2013006-2013010	5	0	35d8c31c8df6853ec46eacfe0f5f831a826132efacfc3648a25f0e725568bfea	linguistics/books/DSS-2-Samuel-Linguistics.txt	3781411	2332	ef03f6d6f3d09d9f2c37f7705717f8d5a56db3ba2237aec3676d9a5cc5083388	NO_LETTER_RECONSTRUCTION_MARKED	12	10	0	1	9	0	1	0	1	0	0	0	0
L1598219-R002	biblical_book	2Sam	14	25		4Q53	1606707	f5ii_7i	5	1598219				books/DSS-2-Samuel.txt	2578576	3390	2013011-2013021	11	1	64bcb51ba3426f7f9377cb0196e58fb1b888eb70696a57732fee287c5fa527c4	linguistics/books/DSS-2-Samuel-Linguistics.txt	3783743	5002	438d5deb4b9e20957492af6eeae7c4c5db6f066b6c5ca676db1a6f918dde27a0	PARTLY_RECONSTRUCTED	36	35	27	1	7	28	1	0	0	0	0	0	0
L1598220-R001	biblical_book	2Sam	14	25		4Q53	1606707	f5ii_7i	6	1598220				books/DSS-2-Samuel.txt	2581966	3654	2013022-2013033	12	0	fceff5b9cad297a313be59a8dbd263a7066abed50072d431b73bfc6888c48673	linguistics/books/DSS-2-Samuel-Linguistics.txt	3788745	5272	6c61c5953c364f30da28f7923dc4b1a79574c53063bb208df4d6730d35cda9a9	PARTLY_RECONSTRUCTED	39	33	12	4	17	15	4	0	1	0	0	0	0
L1598220-R002	biblical_book	2Sam	14	26		4Q53	1606707	f5ii_7i	6	1598220				books/DSS-2-Samuel.txt	2585620	2428	2013034-2013038	5	1	23046e721c06ef2f8f13732d4646641006d01adacfa16a14f9ee2b034a3fdb2d	linguistics/books/DSS-2-Samuel-Linguistics.txt	3794017	2391	ce46f47a5bf759d26a3fc492a59753290307f60230f965628ce3e4f71ac73cbe	ALL_LETTER_SLOTS_RECONSTRUCTED	14	12	12	0	0	14	0	0	0	0	0	0	0
L1598221-R001	biblical_book	2Sam	14	26		4Q53	1606707	f5ii_7i	7	1598221				books/DSS-2-Samuel.txt	2588048	4444	2013039-2013056	18	1	f86ae46859d29aff1b84c39fc91a28cdff31e2a5b7ef59d2b01b6ac85f80ae69	linguistics/books/DSS-2-Samuel-Linguistics.txt	3796408	7626	78d09e20f9f13914869cdb6947772a232433df01182897e9b1b099e918b4dce9	PARTLY_RECONSTRUCTED	49	47	26	1	20	28	1	0	0	0	0	0	0
L1598222-R001	biblical_book	2Sam	14	26		4Q53	1606707	f5ii_7i	8	1598222				books/DSS-2-Samuel.txt	2592492	2628	2013057-2013064	8	0	0fe7b5d449e95824a268474edd7d7b6e7f89a3c33563e487e304ddf3bf1756c6	linguistics/books/DSS-2-Samuel-Linguistics.txt	3804034	3661	c464efe54b0a822ffd41405539efcb83bedcb9077be1f193efb51612c4434de0	PARTLY_RECONSTRUCTED	25	22	3	3	16	5	3	0	1	0	0	0	0
L1598222-R002	biblical_book	2Sam	14	27		4Q53	1606707	f5ii_7i	8	1598222				books/DSS-2-Samuel.txt	2595120	2661	2013065-2013072	8	1	9c6008964b68193f30ae28e19cd28fa1e324d6dcdd7e3de4e30e10ae5a5a16c2	linguistics/books/DSS-2-Samuel-Linguistics.txt	3807695	3684	d385e847e2bae5dd42bbb6a3ce55df88bc7d85d36b5662c1f76e6217d6361209	ALL_LETTER_SLOTS_RECONSTRUCTED	25	25	25	0	0	25	0	0	0	0	0	0	0
L1598223-R001	biblical_book	2Sam	14	27		4Q53	1606707	f5ii_7i	9	1598223				books/DSS-2-Samuel.txt	2597781	3401	2013073-2013084	12	0	fda8afe7d5375c8b3aea09af109bc0c953aea3ffc3a5a79a1bec5487e1e75fa0	linguistics/books/DSS-2-Samuel-Linguistics.txt	3811379	5336	a5016501c9bc3ca45700b0a897eefcf347b05283c49e96b276a960f04cbdfa30	PARTLY_RECONSTRUCTED	38	34	17	4	13	20	4	0	1	0	0	0	0
L1598223-R002	biblical_book	2Sam	14	28		4Q53	1606707	f5ii_7i	9	1598223				books/DSS-2-Samuel.txt	2601182	1906	2013085-2013087	3	1	9e8bc05a0223d84d1a9675721c83fc0da781d1b60a251677a56b78f38fd5a67e	linguistics/books/DSS-2-Samuel-Linguistics.txt	3816715	1665	14a1e46c117179da6188a6b20f1dfcf1467f76b1139d8f34480a183895e62229	ALL_LETTER_SLOTS_RECONSTRUCTED	10	10	10	0	0	10	0	0	0	0	0	0	0
L1598224-R001	biblical_book	2Sam	14	28		4Q53	1606707	f5ii_7i	10	1598224				books/DSS-2-Samuel.txt	2603088	2908	2013088-2013098	11	0	4030a5f8893acdbf8c0b58984a079eaf18a252bc3ad009f46789352534601b17	linguistics/books/DSS-2-Samuel-Linguistics.txt	3818380	4923	428783286b6bab7fa1debfd79ed9373a1d9c509e0f6350a89344f7f534b0fd6b	PARTLY_RECONSTRUCTED	32	30	15	1	14	17	1	0	1	0	0	0	0
L1598224-R002	biblical_book	2Sam	14	29		4Q53	1606707	f5ii_7i	10	1598224				books/DSS-2-Samuel.txt	2605996	2430	2013099-2013103	5	1	df625c5b15935b037e4a22734ff13b29b4d404d0b351cdab0b4b10eb5cb7e0b5	linguistics/books/DSS-2-Samuel-Linguistics.txt	3823303	2522	6973225cadce4361566a5fce3a195da61d0d7368b860ad998aa607fe1ff23aec	PARTLY_RECONSTRUCTED	17	17	8	1	8	8	1	0	0	0	0	0	0
L1598225-R001	biblical_book	2Sam	14	29		4Q53	1606707	f5ii_7i	11	1598225				books/DSS-2-Samuel.txt	2608426	4582	2013104-2013120	17	1	30d9087598ad0b5f7c075bb3a29becd86ead1f2e5cf68975076ad238fd8d3023	linguistics/books/DSS-2-Samuel-Linguistics.txt	3825825	7195	47c7e0017f783d43be56f29d7c78d0b0ec9aa941062d51e756db6d8ad97d680b	PARTLY_RECONSTRUCTED	49	46	20	3	23	22	3	0	0	0	0	0	0
L1598226-R001	biblical_book	2Sam	14	29		4Q53	1606707	f5ii_7i	12	1598226				books/DSS-2-Samuel.txt	2613008	2189	2013121-2013126	6	0	e0088d15f133776154312405b34b991535f47e9b9f8b7a321baba4f5fbadfa44	linguistics/books/DSS-2-Samuel-Linguistics.txt	3833020	2723	b828046119ede1657d6ba7bada27a79d03a2066d980ae6364c1b6f52622ed556	PARTLY_RECONSTRUCTED	13	11	5	5	1	5	5	0	1	0	0	0	0
L1598226-R002	biblical_book	2Sam	14	30		4Q53	1606707	f5ii_7i	12	1598226				books/DSS-2-Samuel.txt	2615197	3730	2013127-2013138	12	1	f2f3ba4bd945fa543c13bf0c91981c27eaca2d0ac900977f98caf63dffef8da5	linguistics/books/DSS-2-Samuel-Linguistics.txt	3835743	5301	f5c38c64a8fce88e668c27ea3df96630541c8c0305aa0dc5bece9344b747e7cf	PARTLY_RECONSTRUCTED	38	35	15	1	17	16	1	0	0	0	2	0	0
L1598227-R001	biblical_book	2Sam	14	30		4Q53	1606707	f5ii_7i	13	1598227				books/DSS-2-Samuel.txt	2618927	4216	2013139-2013153	15	1	62812e36f9c5cd03dc42d73ae13a4a71744fffa3f33eec944165e2196d56a5a7	linguistics/books/DSS-2-Samuel-Linguistics.txt	3841044	6579	02a9f3e909f6c181d3b1a5a3410cc0ced17260c55f6f9580c79174707acc08c1	PARTLY_RECONSTRUCTED	45	44	23	4	17	23	4	0	0	0	0	0	0
L1598228-R001	biblical_book	2Sam	14	30		4Q53	1606707	f5ii_7i	14	1598228				books/DSS-2-Samuel.txt	2623143	3989	2013154-2013165	12	1	a82bb4683423615508441e2b7fde7fb917df4a2a60e678ba39005fd426f2b25d	linguistics/books/DSS-2-Samuel-Linguistics.txt	3847623	5500	4288162ee5b9db777d14820c3676ffccc8510e6134354c97cfcbfeca8b4ad610	PARTLY_RECONSTRUCTED	52	50	26	2	22	27	2	0	0	0	0	0	0
L1598229-R001	biblical_book	2Sam	14	30		4Q53	1606707	f5ii_7i	15	1598229				books/DSS-2-Samuel.txt	2627132	2033	2013166-2013171	6	0	09d59b04196fce9dd9ffbe9fcd79edd1a2b7f48ea7f91510d109d02b7413e7fc	linguistics/books/DSS-2-Samuel-Linguistics.txt	3853123	2757	6e479f1a59ffaf6c03791cc80ebcefa17fd0088a2715af6851d8af4c34882c35	PARTLY_RECONSTRUCTED	12	10	1	3	6	1	3	0	1	0	0	0	0
L1598229-R002	biblical_book	2Sam	14	31		4Q53	1606707	f5ii_7i	15	1598229				books/DSS-2-Samuel.txt	2629165	3289	2013172-2013182	11	1	7576699dabc72776739b03431623cdd0c4a4223cd62040a2e504eef59b9f4931	linguistics/books/DSS-2-Samuel-Linguistics.txt	3855880	4898	8cfff5bfdcd2ec6984a67a381825a5cf371767a625bcfbf2f15a9cc14742414e	PARTLY_RECONSTRUCTED	34	33	17	0	16	17	0	0	0	0	0	0	0
L1598230-R001	biblical_book	2Sam	14	31		4Q53	1606707	f5ii_7i	16	1598230				books/DSS-2-Samuel.txt	2632454	3398	2013183-2013194	12	0	b3161955d4ebfd7a9ed79d81d1c461510275494c3ff23bb749666c9ffd534771	linguistics/books/DSS-2-Samuel-Linguistics.txt	3860778	5246	08e1596951a57b12c8c95112d482541d292de3358cdd4d3428ec4442d13465f8	PARTLY_RECONSTRUCTED	38	32	13	0	19	16	0	0	1	0	0	0	0
L1598230-R002	biblical_book	2Sam	14	32		4Q53	1606707	f5ii_7i	16	1598230				books/DSS-2-Samuel.txt	2635852	1998	2013195-2013197	3	1	685e07923f83ac4bef67cdb4a40a052a2e06adc35f1beb8a5afa27b31dbc9696	linguistics/books/DSS-2-Samuel-Linguistics.txt	3866024	1696	be108f24fd19d48e197b29f57bbc82f2caaeaeb559e8c625f0a1426c4199876a	NO_LETTER_RECONSTRUCTION_MARKED	12	12	0	2	10	0	2	0	0	0	0	0	0
L1598231-R001	biblical_book	2Sam	14	32		4Q53	1606707	f5ii_7i	17	1598231				books/DSS-2-Samuel.txt	2637850	4002	2013198-2013209	12	1	d7fa15482460960534b77b1d301731d0c8d8857ec4e0c6eb091bf36c68b539ac	linguistics/books/DSS-2-Samuel-Linguistics.txt	3867720	5408	91ac9ab27dc0dd9a5ba19738d101839f300d681b1c1d40c5fd271155cd1cd17b	PARTLY_RECONSTRUCTED	44	42	14	4	23	14	5	0	0	0	0	1	0
L1598232-R001	biblical_book	2Sam	14	32		4Q53	1606707	f5ii_7i	18	1598232				books/DSS-2-Samuel.txt	2641852	4432	2013210-2013226	17	1	e0bb56ae0282743670ca25908ea1427eb12e7fd439f7e92fbaef35f9c545afef	linguistics/books/DSS-2-Samuel-Linguistics.txt	3873128	7328	5169d4a7edbb570fa0d7b9c1221e4f940824a09ca8d542fef0150f36ce4d101d	PARTLY_RECONSTRUCTED	45	44	17	6	21	18	6	0	0	0	1	0	0
L1598233-R001	biblical_book	2Sam	14	32		4Q53	1606707	f5ii_7i	19	1598233				books/DSS-2-Samuel.txt	2646284	3138	2013227-2013238	12	0	23c6de1ba639d798b221844478ddaec5f00fbbdd10303a865a562c5212ec3db9	linguistics/books/DSS-2-Samuel-Linguistics.txt	3880456	5149	e627b97436b8165650fe076227b64dbb1b98ab28131b0484f508d1897d6314c6	PARTLY_RECONSTRUCTED	30	26	6	1	19	9	1	0	1	0	0	0	0
L1598233-R002	biblical_book	2Sam	14	33		4Q53	1606707	f5ii_7i	19	1598233				books/DSS-2-Samuel.txt	2649422	2625	2013239-2013246	8	1	ecdbbda87a442cb6b79d7a8a0dd1e55577e378395ea591a9136b16005e282e92	linguistics/books/DSS-2-Samuel-Linguistics.txt	3885605	3577	d8aa5318dab24a363c65009414abc72b2bc7583e29dc9e8cdcf8832768085ba2	PARTLY_RECONSTRUCTED	19	19	14	0	5	14	0	0	0	0	0	0	0
L1598234-R001	biblical_book	2Sam	14	33		4Q53	1606707	f5ii_7i	20	1598234				books/DSS-2-Samuel.txt	2652047	4329	2013247-2013265	19	1	e5181ac1f55b9dc0cef54fc4ea9749319179e23f0ed71b40439705cac734e1ef	linguistics/books/DSS-2-Samuel-Linguistics.txt	3889182	8012	9dc0ea7860ab6e508cd158aaba6077ec47d6e491921674b81be94e9cc232dbbc	PARTLY_RECONSTRUCTED	51	48	27	0	21	27	0	0	1	0	0	0	0
L1598235-R001	biblical_book	2Sam	15	1		4Q53	1606707	f5ii_7i	21	1598235				books/DSS-2-Samuel.txt	2656376	4423	2013266-2013283	18	0	2ca06a0a8ac2bebb6c20f6f6e2f15a8fc76eb74d7cace55480c3b861221568f5	linguistics/books/DSS-2-Samuel-Linguistics.txt	3897194	7826	60f1f6af05838376c2af02c352d41c8060757a760d543734b4b4e4d751d47d7e	PARTLY_RECONSTRUCTED	57	53	28	1	7	29	1	0	1	0	45	0	0
L1598235-R002	biblical_book	2Sam	15	2		4Q53	1606707	f5ii_7i	21	1598235				books/DSS-2-Samuel.txt	2660799	3498	2013284-2013297	14	1	5c209e6aad55a0a9f1e83ea3db1ca655833b9a0c7af71880ef62137f8757a4f4	linguistics/books/DSS-2-Samuel-Linguistics.txt	3905020	6041	399cbfa33e95b67f7800944b11fe2735c40082be172a069688c4adf3630002f1	PARTLY_RECONSTRUCTED	37	37	25	0	12	25	0	0	0	0	0	0	0
L1598236-R001	biblical_book	2Sam	15	2		4Q53	1606707	f5ii_7i	22	1598236				books/DSS-2-Samuel.txt	2664297	3832	2013298-2013310	13	1	1d0e54a6c6ec37afc61ffb2d1b5c1b66ef4fae708e8875a8e234da7a3f90673f	linguistics/books/DSS-2-Samuel-Linguistics.txt	3911061	5648	d0e8aac01558bd86a2d49c4dac5884c0bb0f2caf300cfb2876c93cdbb7193d90	PARTLY_RECONSTRUCTED	37	33	17	2	14	21	2	1	1	0	0	0	0
L1598237-R001	biblical_book	2Sam	15	2		4Q53	1606707	f5ii_7i	23	1598237				books/DSS-2-Samuel.txt	2668129	3906	2013311-2013327	17	1	c0ab0850a4d2487266f787be0e792533f7e915fea5d92adeee9eae0db40a9cc7	linguistics/books/DSS-2-Samuel-Linguistics.txt	3916709	7193	22d0be59c28e03669ad1e1ded0fa3698e8b94221d550ca0046862f0fe792114e	PARTLY_RECONSTRUCTED	40	40	23	0	17	23	0	0	0	0	0	0	0
L1598238-R001	biblical_book	2Sam	15	2		4Q53	1606707	f5ii_7i	24	1598238				books/DSS-2-Samuel.txt	2672035	1551	2013328-2013329	2	0	62b659dff8c4be4de7d9f7a8ed2785e7b4ba094633fb51dfdb33afb229303066	linguistics/books/DSS-2-Samuel-Linguistics.txt	3923902	1189	035aa625cbd2c51702bc5605ee1f306ceebedfe3f10c12e71ca10f7e6471ae99	PARTLY_RECONSTRUCTED	8	5	3	0	2	3	0	0	1	0	0	0	0
L1598238-R002	biblical_book	2Sam	15	3		4Q53	1606707	f5ii_7i	24	1598238				books/DSS-2-Samuel.txt	2673586	3602	2013330-2013340	11	1	d2bff5431862e961677ebf9b0bf74f5102b84b6e3d21daa8967188a4c60929f7	linguistics/books/DSS-2-Samuel-Linguistics.txt	3925091	5019	f96b02725c2ec28327219e8fce8bf0e04669a5c5c09692d7cc8e5fcdde7c438e	PARTLY_RECONSTRUCTED	45	43	26	0	15	27	0	0	0	0	1	1	0
L1598239-R001	biblical_book	2Sam	15	3		4Q53	1606707	f5ii_7i	25	1598239				books/DSS-2-Samuel.txt	2677188	2249	2013341-2013347	7	0	3b91f6fafd87e2b317aa346cf6cf7e859535dd310646384f202d391ac0d79afa	linguistics/books/DSS-2-Samuel-Linguistics.txt	3930110	3123	991cd704201f5cd91fb030d746104cca8a1369de035bd247e265c2896891286e	PARTLY_RECONSTRUCTED	16	13	2	0	11	2	0	0	1	0	0	0	0
L1598239-R002	biblical_book	2Sam	15	4		4Q53	1606707	f5ii_7i	25	1598239				books/DSS-2-Samuel.txt	2679437	3474	2013348-2013357	10	1	bb7f37bbcd74fa29f949d88e11a5208059ce41d71b7bb3471873ec9d38d05c52	linguistics/books/DSS-2-Samuel-Linguistics.txt	3933233	4524	573140c4ba1aafc17d71654c55c4f0b405d9222de25b940f9f402f1fe263c22a	PARTLY_RECONSTRUCTED	33	31	19	4	8	20	4	0	0	0	0	0	0
L1598240-R001	biblical_book	2Sam	15	4		4Q53	1606707	f7ii_11	1	1598240				books/DSS-2-Samuel.txt	2682911	3141	2013358-2013368	11	0	f55199010ab0374dc7bcdc26be3ac6e536699172bd7327600a8d9d717feffcd4	linguistics/books/DSS-2-Samuel-Linguistics.txt	3937757	4838	641530f5cc1b9905a81c48a29dd09b7e041a8683cacf9709010a08a87081e94d	PARTLY_RECONSTRUCTED	37	33	25	1	7	28	1	0	1	0	0	0	0
L1598240-R002	biblical_book	2Sam	15	5		4Q53	1606707	f7ii_11	1	1598240				books/DSS-2-Samuel.txt	2686052	2005	2013369-2013372	4	1	8b8b46159c6af06f01b740f7ac1e3f6535b827f016a759984fb02b08703b90f6	linguistics/books/DSS-2-Samuel-Linguistics.txt	3942595	1952	07ea00624273e4f50f76aa9df7d7d6b28ae906869f1dc0af413a5722ef187e8c	ALL_LETTER_SLOTS_RECONSTRUCTED	9	9	9	0	0	9	0	0	0	0	0	0	0
L1598241-R001	biblical_book	2Sam	15	5		4Q53	1606707	f7ii_11	2	1598241				books/DSS-2-Samuel.txt	2688057	3947	2013373-2013387	15	0	67055c0ef7a4df673ca1911524bc2040653853fb79b6b2835fb0047f3352d5a4	linguistics/books/DSS-2-Samuel-Linguistics.txt	3944547	6283	bb2f5206e4ab6153b85c0096b381dc3ebc24e83987894c76ea1f40cfb21eb15b	PARTLY_RECONSTRUCTED	45	39	35	0	4	41	0	0	1	0	0	0	0
L1598241-R002	biblical_book	2Sam	15	6		4Q53	1606707	f7ii_11	2	1598241				books/DSS-2-Samuel.txt	2692004	1715	2013388-2013389	2	1	7c7558a4af2c7afebd23ed97af7f328ea442f29c885a1979e07f0971d4cc53ea	linguistics/books/DSS-2-Samuel-Linguistics.txt	3950830	1171	eb5be944075294c5845820e2f8fa35d803c32ebef7ed20f4cb38f4598fc1939d	ALL_LETTER_SLOTS_RECONSTRUCTED	4	4	4	0	0	4	0	0	0	0	0	0	0
L1598242-R001	biblical_book	2Sam	15	6		4Q53	1606707	f7ii_11	3	1598242				books/DSS-2-Samuel.txt	2693719	4213	2013390-2013406	17	1	83e8fa3beeb2b19daf83f74d1eb1247917046e0cef1866ed2a15171557241243	linguistics/books/DSS-2-Samuel-Linguistics.txt	3952001	7352	5a5aefae8bcac6fdb83a8ffa389467e0f89d5b818495785fab6a8d0eedf06fa9	PARTLY_RECONSTRUCTED	45	45	41	3	1	41	3	0	0	0	0	0	0
L1598243-R001	biblical_book	2Sam	15	6		4Q53	1606707	f7ii_11	4	1598243				books/DSS-2-Samuel.txt	2697932	2101	2013407-2013412	6	0	d94421cd0b12cdbfb6b3b5555f77be5239d2703a8e669f7a3758eeefd28e1401	linguistics/books/DSS-2-Samuel-Linguistics.txt	3959353	2910	e772f1537fae4c48db619f9aab1e0c8d51a89b412d919bb0a2c67a689302ab64	ALL_LETTER_SLOTS_RECONSTRUCTED	21	19	19	0	0	21	0	0	1	0	0	0	0
L1598243-R002	biblical_book	2Sam	15	7		4Q53	1606707	f7ii_11	4	1598243				books/DSS-2-Samuel.txt	2700033	2804	2013413-2013421	9	1	aa8d225b8794dabc5897b93306c0ccc3c259db9ead69231fe3c1cfc78a5b6ee4	linguistics/books/DSS-2-Samuel-Linguistics.txt	3962263	4101	16c770e207fcd42ebf7992779d10ab336752afa8d8f95435038efdb5b13cf3b6	ALL_LETTER_SLOTS_RECONSTRUCTED	27	27	27	0	0	27	0	0	0	0	0	0	0
L1598244-R001	biblical_book	2Sam	15	7		4Q53	1606707	f7ii_11	5	1598244				books/DSS-2-Samuel.txt	2702837	3993	2013422-2013437	16	1	a5915794e8acc64c0045f4d8d53ddd3d7e322e0ff288ccd2c31a7532f0ffe3d9	linguistics/books/DSS-2-Samuel-Linguistics.txt	3966364	6815	e81ecbc6a12be2b3f173b65b44618340d5fe4d1caac79cf5ce86cb367eb1f00c	ALL_LETTER_SLOTS_RECONSTRUCTED	45	42	42	0	0	43	0	0	1	0	0	0	0
L1598245-R001	biblical_book	2Sam	15	8		4Q53	1606707	f7ii_11	6	1598245				books/DSS-2-Samuel.txt	2706830	4355	2013438-2013452	15	1	0d17412ce5eb9a7a71a62e5d1627c171c6e7b92351f7daa3e9eebd08b71d7c36	linguistics/books/DSS-2-Samuel-Linguistics.txt	3973179	6567	169cfc14227ae20538942a343b9abb2ac726dea45ed506b1c5aba95dc17fdd1e	PARTLY_RECONSTRUCTED	47	44	32	3	9	34	3	0	0	0	1	0	0
L1598246-R001	biblical_book	2Sam	15	8		4Q53	1606707	f7ii_11	7	1598246				books/DSS-2-Samuel.txt	2711185	2261	2013453-2013459	7	0	d3fd96fd8000907af6134cb23bb5135f40bee7ef2fee11858133304c1613a3f5	linguistics/books/DSS-2-Samuel-Linguistics.txt	3979746	3267	fdd1d354d08ba3bf55c03153d12559a7c134d7fd6027b5b48b900c9b3fd211e4	PARTLY_RECONSTRUCTED	24	22	15	0	7	15	0	0	1	0	0	0	0
L1598246-R002	biblical_book	2Sam	15	9		4Q53	1606707	f7ii_11	7	1598246				books/DSS-2-Samuel.txt	2713446	2989	2013460-2013469	10	1	c4fce3bfac3d0e6d58c8819953306843dda05e9db21680d2e3f422b7c9ecd237	linguistics/books/DSS-2-Samuel-Linguistics.txt	3983013	4357	5d7c5ff2605e587db0c590f7f9326c7e49480c1f4f785e0af485f5c544f937cc	PARTLY_RECONSTRUCTED	26	25	16	0	9	16	0	0	0	0	0	0	0
L1598247-R001	biblical_book	2Sam	15	9		4Q53	1606707	f7ii_11	8	1598247				books/DSS-2-Samuel.txt	2716435	1856	2013470-2013473	4	0	495ecc478748fe8b49ce25564be0154e35a77ba3eabd45f1c12081b10bf323ca	linguistics/books/DSS-2-Samuel-Linguistics.txt	3987370	2002	2b975376057dc4c9b2157d4ec96ba2b773e642d442dd21ac0b569e82cf7ada1b	PARTLY_RECONSTRUCTED	13	10	6	0	4	9	0	0	1	0	0	0	0
L1598247-R002	biblical_book	2Sam	15	10		4Q53	1606707	f7ii_11	8	1598247				books/DSS-2-Samuel.txt	2718291	3153	2013474-2013484	11	1	180e1946ffd510625dcab1c697a5754c20b37d474c12720fb74648e5ec3af041	linguistics/books/DSS-2-Samuel-Linguistics.txt	3989372	5057	309ebc9256694f6ecc6c746581fd86e30e1cd4ba30731ff7d180ed185393e83b	PARTLY_RECONSTRUCTED	36	36	24	0	12	24	0	0	0	0	0	0	0
L1598248-R001	biblical_book	2Sam	15	10		4Q53	1606707	f7ii_11	9	1598248				books/DSS-2-Samuel.txt	2721444	3371	2013485-2013497	13	0	1d537643b27a73fae05bd74f1952eac136ad159854347ad37515513358374434	linguistics/books/DSS-2-Samuel-Linguistics.txt	3994429	5740	2287e579ae591f67aa805821f719e03b36bd2203428f96c79c77b163778f1038	PARTLY_RECONSTRUCTED	41	38	31	1	6	34	1	0	1	0	0	0	0
L1598248-R002	biblical_book	2Sam	15	11		4Q53	1606707	f7ii_11	9	1598248				books/DSS-2-Samuel.txt	2724815	1892	2013498-2013500	3	1	edd3606c15b7ab8c1a370e7c4b2086c79e969c123912e1bab7cd4e133eeef3ed	linguistics/books/DSS-2-Samuel-Linguistics.txt	4000169	1656	cd1634b3b419e6c5bbca8f7406bdcccc53dcf6b96067256d2796aa52e6fd4e3f	ALL_LETTER_SLOTS_RECONSTRUCTED	9	9	9	0	0	9	0	0	0	0	0	0	0
L1598249-R001	biblical_book	2Sam	15	11		4Q53	1606707	f7ii_11	10	1598249				books/DSS-2-Samuel.txt	2726707	3791	2013501-2013513	13	1	4f6983630cbe3a8825b1c26e23a6f71e44df0b3184080d77df854fae1257e867	linguistics/books/DSS-2-Samuel-Linguistics.txt	4001825	5794	2d760233e56ed5ed37382773ebf72c8bbd20087ce30f246419648c35e1e5a78b	PARTLY_RECONSTRUCTED	46	45	32	2	11	33	2	0	0	0	0	0	0
L1598250-R001	biblical_book	2Sam	15	11		4Q53	1606707	f7ii_11	11	1598250				books/DSS-2-Samuel.txt	2730498	1596	2013514-2013516	3	0	c916bdfaebff89672530552860bf1e3ff2a865be2c44533c339a748ace377be2	linguistics/books/DSS-2-Samuel-Linguistics.txt	4007619	1574	3e50ed594416c1e2bb01c1b5f2b99e20c7c930e4ec5daf30e84bf04b48b84f85	ALL_LETTER_SLOTS_RECONSTRUCTED	8	6	6	0	0	8	0	0	1	0	0	0	0
L1598250-R002	biblical_book	2Sam	15	12		4Q53	1606707	f7ii_11	11	1598250				books/DSS-2-Samuel.txt	2732094	4169	2013517-2013530	14	1	38e5d2a98cae3971efa06b55e1da2ec7206fb13c60be42273d2b2763e5e330e2	linguistics/books/DSS-2-Samuel-Linguistics.txt	4009193	6244	6f48676584c797ec419463c8a2a97e1516aa9cf0a0066815d8c2cd2648c5d4a6	PARTLY_RECONSTRUCTED	44	43	30	4	8	31	4	0	0	0	5	0	0
L1598251-R001	biblical_book	2Sam	15	12		4Q53	1606707	f7ii_11	12	1598251				books/DSS-2-Samuel.txt	2736263	4646	2013531-2013549	19	1	4ea70252fc008bdd4bd8978d1e63768707a19f6a7565e9ee7d438465afc2a79a	linguistics/books/DSS-2-Samuel-Linguistics.txt	4015437	7964	b56a1cc1f607c034afd1d6c6bb7a3811dce61024eb87e59e943e522fa5b3c64a	PARTLY_RECONSTRUCTED	47	44	39	3	2	40	3	0	1	0	0	0	0
L1598252-R001	biblical_book	2Sam	15	13		4Q53	1606707	f7ii_11	13	1598252				books/DSS-2-Samuel.txt	2740909	3880	2013550-2013564	15	1	6fdd64b8d561d157686fd87829b7cf07028789258d247579aad39db11a2ddf3d	linguistics/books/DSS-2-Samuel-Linguistics.txt	4023401	6537	09044fcafb611fc66fd7192e61dfeb2bd0ce07c644f3fd5f96c1193aadb71c8c	PARTLY_RECONSTRUCTED	46	44	38	2	4	38	2	0	1	0	0	0	0
L1598253-R001	biblical_book	2Sam	15	14		4Q53	1606707	f7ii_11	14	1598253				books/DSS-2-Samuel.txt	2744789	3754	2013565-2013577	13	1	47bcb122e502580f8357a02a740a40b306076252f5c10301d7999e79a1f03457	linguistics/books/DSS-2-Samuel-Linguistics.txt	4029938	5796	e73ab8f3685b9606db112656956aadd35cdc3c27191732791a6d37b1e62b1036	PARTLY_RECONSTRUCTED	44	42	35	1	6	37	1	0	0	0	0	0	0
L1598254-R001	biblical_book	2Sam	15	14		4Q53	1606707	f7ii_11	15	1598254				books/DSS-2-Samuel.txt	2748543	3685	2013578-2013590	13	1	6f26bd2e35a683acd48509249f250e5d45fafd7d0ab71a30fec46593aa49274a	linguistics/books/DSS-2-Samuel-Linguistics.txt	4035734	5787	2fb63874cc7cf660f239e43ed203ce132762f2e5e561031e0f673b11f5931ded	PARTLY_RECONSTRUCTED	43	41	35	0	6	36	0	0	0	0	0	0	0
L1598255-R001	biblical_book	2Sam	15	14		4Q53	1606707	f7ii_11	16	1598255				books/DSS-2-Samuel.txt	2752228	3281	2013591-2013604	14	0	db7b66fbe99c117d6938348d456ac65cb1165cd12ed7d00756ae219e87c6112d	linguistics/books/DSS-2-Samuel-Linguistics.txt	4041521	5865	c329bc2fc594c93baab792a48e5433b47aa36b2ebd1ef3c950b9a12b301b6615	PARTLY_RECONSTRUCTED	33	30	25	0	5	28	0	0	1	0	0	0	0
L1598255-R002	biblical_book	2Sam	15	15		4Q53	1606707	f7ii_11	16	1598255				books/DSS-2-Samuel.txt	2755509	1919	2013605-2013607	3	1	d20bf0bc658b4fdeae2290a311316e05fd50480c5801a34fb00cf1fb0afb876b	linguistics/books/DSS-2-Samuel-Linguistics.txt	4047386	1626	36ccd2ef7ac3969d3f37306c37e7ee28296f4dafd48bff889e8071e1944ad480	ALL_LETTER_SLOTS_RECONSTRUCTED	11	11	11	0	0	11	0	0	0	0	0	0	0
L1598256-R001	biblical_book	2Sam	15	15		4Q53	1606707	f7ii_11	17	1598256				books/DSS-2-Samuel.txt	2757428	2238	2013608-2013612	5	1	02b09f6d43983b870200f199dfea1b283e35d57e381b01ea3c5646faa03fbc65	linguistics/books/DSS-2-Samuel-Linguistics.txt	4049012	2293	af806febb5cb92661a9c762ad16598e5fcdcf009031d81d1656eecc7d232835b	PARTLY_RECONSTRUCTED	10	6	1	1	4	3	1	1	2	0	0	0	0
L1604022-R001	biblical_book	2Sam	23	7		11Q5	1606836	26	25	1604022				books/DSS-2-Samuel.txt	2759716	2667	2086622-2086628	7	1	61dd4483231b6b4d23a59afcfbe49412b434edd39a17e5d25e1d93b4cdd1988b	linguistics/books/DSS-2-Samuel-Linguistics.txt	4051355	3202	651cdacc51edf66c9e30ba6aed9e79f3d19e67f632cdf99a9d51f42acb2f6f40	ALL_LETTER_SLOTS_RECONSTRUCTED	22	19	19	0	0	22	0	1	1	0	0	0	0
L1604023-R001	biblical_book	2Sam	23	7		11Q5	1606836	27	1	1604023				books/DSS-2-Samuel.txt	2762383	3696	2086629-2086639	11	2	5d4ef595920d670755ec806925b85850fc2360f335066883c0652a8ce74e90fa	linguistics/books/DSS-2-Samuel-Linguistics.txt	4054557	4784	dadfda5b674555e420d616a527021ee49f39d712237b0d76c766b79082911c61	NO_LETTER_RECONSTRUCTION_MARKED	29	27	0	2	23	0	2	0	1	0	0	2	0
