record_id	kind	book	chapter	verse	halfverse	scroll	scroll_node	fragment	line	line_node	intl	language	script	file	byte_offset	byte_length	word_nodes	word_count	standalone_sign_count	sha256	linguistics_file	linguistics_byte_offset	linguistics_byte_length	linguistics_sha256	letter_reconstruction	sign_slots	letter_slots	reconstructed_letter_slots	uncertain_letter_slots	unmarked_letter_slots	reconstructed_sign_slots	uncertain_sign_slots	missing_sign_slots	empty_sign_slots	vacat_sign_slots	corrected_sign_slots	removed_sign_slots	alternative_sign_slots
L1600111-R001	biblical_book	Amos	1	1		4Q78	1606737	f18_20	17	1600111				books/DSS-Amos.txt	734	2153	2039332-2039335	4	1	5c7a401f23bd718ab2aa8a9fd15cb0371e4c0d411d476018899530fea72d7980	linguistics/books/DSS-Amos-Linguistics.txt	2143	1840	0f664d8b5b5c1726e63dd2d88a5be8c4c41b002794b1230eb2b692e77620c5c4	NO_LETTER_SLOTS	10	0	0	0	0	5	3	2	4	0	0	0	0
L1600112-R001	biblical_book	Amos	2	11		4Q78	1606737	f21_23	1	1600112				books/DSS-Amos.txt	2887	3181	2039336-2039347	12	0	23e7aaa72d5b473dbf16d59d1cd5640315e894eb6d1694dcb49501a7396efcb4	linguistics/books/DSS-Amos-Linguistics.txt	3983	5186	08ef21e36b5caf00ca0ec38076035a701510002848bb2ab5437c2dd80ac0fb06	PARTLY_RECONSTRUCTED	34	30	26	3	1	30	3	1	2	0	0	0	0
L1600112-R002	biblical_book	Amos	2	12		4Q78	1606737	f21_23	1	1600112				books/DSS-Amos.txt	6068	2907	2039348-2039357	10	1	9d55b6245fa3c62274ef82033dda55119133987dee2ecc1d80c5759bf3fe6529	linguistics/books/DSS-Amos-Linguistics.txt	9169	4333	cbf6f24e89c3304bef2451fde5d30568edcb194c07af890f16d172293e0cf773	ALL_LETTER_SLOTS_RECONSTRUCTED	26	26	26	0	0	26	0	0	0	0	0	0	0
L1600113-R001	biblical_book	Amos	2	12		4Q78	1606737	f21_23	2	1600113				books/DSS-Amos.txt	8975	2209	2039358-2039363	6	0	51a3c4cfdd52a7f522c2a175555d0910b3c92b99d4a144e23c0e9dfb5ccb5f50	linguistics/books/DSS-Amos-Linguistics.txt	13502	2755	3f5d5f1b82a51998b00bde2468ae11d33eaee1f643f633e2b43a7bd380532980	PARTLY_RECONSTRUCTED	21	19	16	2	1	18	2	0	1	0	0	0	0
L1600113-R002	biblical_book	Amos	2	13		4Q78	1606737	f21_23	2	1600113				books/DSS-Amos.txt	11184	4032	2039364-2039376	13	2	3eb929dd3a06a935dc8fa82ed5a1faefeca575abe00d8c05c022aae8bd18d708	linguistics/books/DSS-Amos-Linguistics.txt	16257	5661	1beade01aad9b9eb94962ce38d1a55439c81275c69f143b9dcc8d57efb366a3b	PARTLY_RECONSTRUCTED	41	39	29	1	9	31	1	0	0	0	0	0	0
L1600114-R001	biblical_book	Amos	2	13		4Q78	1606737	f21_23	3	1600114				books/DSS-Amos.txt	15216	1558	2039377-2039378	2	0	99594957a82f08061d1c154835e7121068590ef78aec70db62ede760bd0260f7	linguistics/books/DSS-Amos-Linguistics.txt	21918	1176	d9a6c8050b27b8ea92a14ad15e37e2d51ab93ea8a988fcda1de494476cb2fdc9	PARTLY_RECONSTRUCTED	6	4	2	2	0	2	2	0	1	0	0	0	0
L1600114-R002	biblical_book	Amos	2	14		4Q78	1606737	f21_23	3	1600114				books/DSS-Amos.txt	16774	4009	2039379-2039394	16	0	09093b22ef44ba56c87968a4c1f697190c7be3d7c3fa2ed8a4884a493575009b	linguistics/books/DSS-Amos-Linguistics.txt	23094	6759	c7e7bdbeaf3c1825ba87e5f77c371b5139167f96216c632c3a92e007c6c05132	PARTLY_RECONSTRUCTED	46	42	14	3	25	16	3	0	1	0	0	0	0
L1600114-R003	biblical_book	Amos	2	15		4Q78	1606737	f21_23	3	1600114				books/DSS-Amos.txt	20783	3008	2039395-2039404	10	1	07b65ef5000aca441f7aa6f388183a4728221d88ade914705ef38b4e882ade71	linguistics/books/DSS-Amos-Linguistics.txt	29853	4277	3b0991212f42dca71ff4b295c893370ad3f4d33c479dd0489283c47c57bd7de7	ALL_LETTER_SLOTS_RECONSTRUCTED	24	23	23	0	0	24	0	0	0	0	0	0	0
L1600115-R001	biblical_book	Amos	2	15		4Q78	1606737	f21_23	4	1600115				books/DSS-Amos.txt	23791	2885	2039405-2039414	10	0	0f51352ea9c5f5e493eb9b25ec0cf0af472f84557e97385dae75c086caddf119	linguistics/books/DSS-Amos-Linguistics.txt	34130	4334	30d35105fca0590b0151ace97f4f5414d8c7ea2a12cc1bfc1cb4dc2ef9236013	PARTLY_RECONSTRUCTED	30	27	16	2	9	16	2	0	1	0	0	0	0
L1600115-R002	biblical_book	Amos	2	16		4Q78	1606737	f21_23	4	1600115				books/DSS-Amos.txt	26676	4069	2039415-2039428	14	1	2196283248f4fa849a6f9ad1d2b8e9e1fc29bb74daa2eaad13d64a7b529ee604	linguistics/books/DSS-Amos-Linguistics.txt	38464	5993	38f717a935656a2e28c70cf239e201f152dbcdb57c09b4eba88659c44735e717	PARTLY_RECONSTRUCTED	41	38	14	9	15	16	9	0	1	0	0	0	0
L1600116-R001	biblical_book	Amos	3	1		4Q78	1606737	f21_23	5	1600116				books/DSS-Amos.txt	30745	4761	2039429-2039448	20	0	9f20ff4d36007588dfc722e120d1e71f7a182350e244337b6f5c9ed943dac589	linguistics/books/DSS-Amos-Linguistics.txt	44457	8489	f62fdd8a26eaf87c3600c48c7cbfd3923e6e3dd4fdba8a18e5eba7a83b92cd04	PARTLY_RECONSTRUCTED	63	55	25	4	26	31	5	2	3	0	2	0	0
L1600116-R002	biblical_book	Amos	3	2		4Q78	1606737	f21_23	5	1600116				books/DSS-Amos.txt	35506	1567	2039449	1	1	643c377afb55ab0675b9824cf56aace5d312183812b92f4d4e8ba359a4b1387e	linguistics/books/DSS-Amos-Linguistics.txt	52946	776	50a45b4f03637a051491d8f34c83e9dc03f500923296e61b523e4f6985a128bb	ALL_LETTER_SLOTS_RECONSTRUCTED	2	2	2	0	0	2	0	0	0	0	0	0	0
L1600117-R001	biblical_book	Amos	3	2		4Q78	1606737	f21_23	6	1600117				books/DSS-Amos.txt	37073	4209	2039450-2039464	15	0	641abf7d27f0e7b4b967174f29fd6fa2fa8d08352e6b2d9d8f1931ddaf496872	linguistics/books/DSS-Amos-Linguistics.txt	53722	6543	af58fd48a83aef84fbabec67bb1c32968bc37d74b742f5fac910b6836d518eb5	PARTLY_RECONSTRUCTED	58	53	29	4	20	33	4	0	1	0	0	0	0
L1600117-R002	biblical_book	Amos	3	3		4Q78	1606737	f21_23	6	1600117				books/DSS-Amos.txt	41282	1885	2039465-2039467	3	1	cac83572085b92aa0bc390502593d5c05752d5b7efa6a9f0492a793a462a3734	linguistics/books/DSS-Amos-Linguistics.txt	60265	1609	a7a892a870d59f850d0febc4f75b77386a61151a58588e7492b9bbfd88917072	ALL_LETTER_SLOTS_RECONSTRUCTED	9	9	9	0	0	9	0	0	0	0	0	0	0
L1600118-R001	biblical_book	Amos	3	3		4Q78	1606737	f21_23	7	1600118				books/DSS-Amos.txt	43167	1932	2039468-2039472	5	0	6e5feab66dbcb7ac3b8b2ceefc90afe1fb09bdd23720cea70fb1218a443f8a30	linguistics/books/DSS-Amos-Linguistics.txt	61874	2444	53d709cdfffef3d1928a1eb5d5f8b5323ff0bf6df78046bd2a0861d0dc6ab7e1	ALL_LETTER_SLOTS_RECONSTRUCTED	17	15	15	0	0	17	0	0	1	0	0	0	0
L1600118-R002	biblical_book	Amos	3	4		4Q78	1606737	f21_23	7	1600118				books/DSS-Amos.txt	45099	4921	2039473-2039491	19	0	1d4bb907d01083a835ec71fa921d830eee890982d20d99a788e96fdcd3e9f4b7	linguistics/books/DSS-Amos-Linguistics.txt	64318	8081	8367d9f12b35b582f4b898c4fc7f2b95f0135d06e367187e37cfb562e5cbbb72	PARTLY_RECONSTRUCTED	55	50	22	10	18	24	10	0	1	0	0	0	0
L1600118-R003	biblical_book	Amos	3	5		4Q78	1606737	f21_23	7	1600118				books/DSS-Amos.txt	50020	1875	2039492-2039494	3	1	0e5aded9e131f7c413f2dadff44d46ede4114ccf0157bf695d90f73557a281e8	linguistics/books/DSS-Amos-Linguistics.txt	72399	1600	12e4ff1e16d27edc2b484726d6b935e73221ea6b0cc4a446bfdd1085995e7a37	ALL_LETTER_SLOTS_RECONSTRUCTED	8	8	8	0	0	8	0	0	0	0	0	0	0
L1600119-R001	biblical_book	Amos	3	5		4Q78	1606737	f21_23	8	1600119				books/DSS-Amos.txt	51895	4250	2039495-2039513	19	0	4752b4fb4915cb60adf201c7257914b9ba8e94f20462514079bfd9c4850362c8	linguistics/books/DSS-Amos-Linguistics.txt	73999	7863	01a2d12bae39defbf30557b061f0ceacfa36e7cbff76e822a838e5329755e2b7	PARTLY_RECONSTRUCTED	48	45	25	5	15	25	5	0	1	0	0	0	0
L1600119-R002	biblical_book	Amos	3	6		4Q78	1606737	f21_23	8	1600119				books/DSS-Amos.txt	56145	2893	2039514-2039522	9	1	416258e6501cdfb8461d1e181f35e98e0cc879b26c4a1577c9b14a15a56b9e8e	linguistics/books/DSS-Amos-Linguistics.txt	81862	3942	f48cd71965696eb2a0bfe9719137d1f26d96b2c338bbad4cf46f9f5633b415be	PARTLY_RECONSTRUCTED	24	24	21	2	1	21	2	0	0	0	0	0	0
L1600120-R001	biblical_book	Amos	3	6		4Q78	1606737	f21_23	9	1600120				books/DSS-Amos.txt	59038	2618	2039523-2039532	10	0	a6660e5a5c60c1a1d4c0bfc3fc7a749514fdcf9de850ab14a7684672292ad0bf	linguistics/books/DSS-Amos-Linguistics.txt	85804	4259	6e33e30a42af7b81c81bf7d261fa6fb32dcf8ca348334ec1185618c38663022b	ALL_LETTER_SLOTS_RECONSTRUCTED	25	23	23	0	0	25	0	0	1	0	0	0	0
L1600120-R002	biblical_book	Amos	3	7		4Q78	1606737	f21_23	9	1600120				books/DSS-Amos.txt	61656	4271	2039533-2039547	15	1	9368847583c0987ab57db1da3f8d9880d348cf94712de0efd4687fdcaeeb2bea	linguistics/books/DSS-Amos-Linguistics.txt	90063	6440	2fe3f6d3f61168556286db4377550541e61d4aeb1c77d5a68a39453707687993	PARTLY_RECONSTRUCTED	49	45	40	5	0	44	5	0	1	0	0	0	0
L1600121-R001	biblical_book	Amos	3	8		4Q78	1606737	f24_29+48	1	1600121				books/DSS-Amos.txt	65927	3043	2039548-2039559	12	0	f79766675ff78a6bad26115af78257618ce87379372fc6b338ec31da299248be	linguistics/books/DSS-Amos-Linguistics.txt	96503	5197	e85108a82c9480e6f267c6b8daa0498bc27b17fab212e7f4d17abdc6ce5e4ea6	PARTLY_RECONSTRUCTED	37	35	28	0	7	30	0	0	1	0	0	0	0
L1600121-R002	biblical_book	Amos	3	9		4Q78	1606737	f24_29+48	1	1600121				books/DSS-Amos.txt	68970	2994	2039560-2039569	10	1	ee07be0622c334c6ea00d56aeb53b9045c451ad12c5c439a5ca05172c43f9690	linguistics/books/DSS-Amos-Linguistics.txt	101700	4538	90febccfbc91047fab93693db3acc89962b7fe5280e2ea28d3d828c9369377d0	ALL_LETTER_SLOTS_RECONSTRUCTED	33	33	33	0	0	33	0	0	0	0	0	0	0
L1600122-R001	biblical_book	Amos	3	9		4Q78	1606737	f24_29+48	2	1600122				books/DSS-Amos.txt	71964	4400	2039570-2039587	18	0	95a0f2b2c536d95e57b7154bd4e4b06d1d782369f69439d430502fe3001a21e9	linguistics/books/DSS-Amos-Linguistics.txt	106238	7774	58949e2bbfbd91c488258f355f28f96b69f3673ef5eac3f6c59a414a6bbf08cb	PARTLY_RECONSTRUCTED	59	55	43	3	9	47	3	0	1	0	0	0	0
L1600122-R002	biblical_book	Amos	3	10		4Q78	1606737	f24_29+48	2	1600122				books/DSS-Amos.txt	76364	2210	2039588-2039592	5	1	290cb3674aa4118b30c9c1abb54908c0595c3e7f343a27cab576ba3fa8ad4b6a	linguistics/books/DSS-Amos-Linguistics.txt	114012	2419	c565137660b1c9c644fbb368f8fe6cbe1e8f298c44e3876c4f1c2f6301389217	ALL_LETTER_SLOTS_RECONSTRUCTED	15	15	15	0	0	15	0	0	0	0	0	0	0
L1600123-R001	biblical_book	Amos	3	10		4Q78	1606737	f24_29+48	3	1600123				books/DSS-Amos.txt	78574	3096	2039593-2039602	10	0	cf3933ec3110d300c53fd834e03626444164a44f5518b55ad84572181587a5c9	linguistics/books/DSS-Amos-Linguistics.txt	116431	4450	2686ca96128da702c051366572993c0854c74fa1128a58e488f9ab9d3cfa1876	PARTLY_RECONSTRUCTED	36	33	13	6	14	15	7	0	1	0	0	0	0
L1600123-R002	biblical_book	Amos	3	11		4Q78	1606737	f24_29+48	3	1600123				books/DSS-Amos.txt	81670	3061	2039603-2039613	11	1	8f136ff55df2c16ccab5865ec5c055117bbf130b07974ad125e5ff6821624ea2	linguistics/books/DSS-Amos-Linguistics.txt	120881	4766	26dfb45075708246ab8c446ab5759014e88a6896ec46241cf30a19e8b04da0e0	ALL_LETTER_SLOTS_RECONSTRUCTED	27	27	27	0	0	27	0	0	0	0	0	0	0
L1600124-R001	biblical_book	Amos	3	11		4Q78	1606737	f24_29+48	4	1600124				books/DSS-Amos.txt	84731	3218	2039614-2039621	8	0	3cc6521d7a6ca124fade97c57eca6842cbf4917923608869f709c0d7d14da8b0	linguistics/books/DSS-Amos-Linguistics.txt	125647	3646	e47aa24c1e89e3ab387e59bad0abe9d65966e6f988b02da69ab6123c5f0a22b4	PARTLY_RECONSTRUCTED	33	26	11	5	10	12	6	0	2	0	0	0	0
L1600124-R002	biblical_book	Amos	3	12		4Q78	1606737	f24_29+48	4	1600124				books/DSS-Amos.txt	87949	3802	2039622-2039634	13	2	b21340eb8675328a097482a9b5c9fa72b93dd40ad191a4d96bf8b9c41f328b1b	linguistics/books/DSS-Amos-Linguistics.txt	129293	5555	01a2b101be43bacda844002dc49f13000db0ab5ca199906d969462b2a1ba0af2	PARTLY_RECONSTRUCTED	32	32	31	1	0	31	1	0	0	0	0	0	0
L1600125-R001	biblical_book	Amos	3	12		4Q78	1606737	f24_29+48	5	1600125				books/DSS-Amos.txt	91751	4836	2039635-2039654	20	1	e80d59a8db86ef7ddb932007de62df4abfb00bb832d9583ac35b466b932e485c	linguistics/books/DSS-Amos-Linguistics.txt	134848	8613	f497e114b2bc92bae69b7de44d066ebc734d44972f82fd4c1c31e8fd90574d41	PARTLY_RECONSTRUCTED	60	58	43	6	9	45	6	0	1	0	0	0	0
L1600126-R001	biblical_book	Amos	3	13		4Q78	1606737	f24_29+48	6	1600126				books/DSS-Amos.txt	96587	3648	2039655-2039667	13	0	612390635807f7b778e756866a5ea89bb2c818af2a23020f9c77272319fedad6	linguistics/books/DSS-Amos-Linguistics.txt	143461	5758	9c5dcd97e47cfd98716dcc87acac93246e070a17b9a4f802dbe11acb9fb4052d	PARTLY_RECONSTRUCTED	45	43	34	5	4	36	5	0	1	0	0	0	0
L1600126-R002	biblical_book	Amos	3	14		4Q78	1606737	f24_29+48	6	1600126				books/DSS-Amos.txt	100235	1985	2039668-2039670	3	1	c9ec9efe7ec65c79b94224edc5524139ec57bebb17fd70c69a4def066c01a53e	linguistics/books/DSS-Amos-Linguistics.txt	149219	1500	f8d5fb72b6f637142194f9288511c64f55c9e6d41ace489ae747650d4eeba151	NO_LETTER_SLOTS	7	0	0	0	0	5	2	2	3	0	0	0	0
L1600127-R001	biblical_book	Amos	3	14		4Q78	1606737	f24_29+48	7	1600127				books/DSS-Amos.txt	102220	2460	2039671-2039678	8	0	b31ec7dcfb6e0ac65f45db0a49359facf0ede19cc5b6c0d2d1198446b4cc46b3	linguistics/books/DSS-Amos-Linguistics.txt	150719	3410	56890a591c5f4685441d203656a1e85eeef819f23cc1287d036ebc62e6d0580d	PARTLY_RECONSTRUCTED	17	9	7	2	0	14	3	2	4	0	0	0	0
L1600127-R002	biblical_book	Amos	3	15		4Q78	1606737	f24_29+48	7	1600127				books/DSS-Amos.txt	104680	3253	2039679-2039690	12	1	2d092f500eadf9e5201efbc44820219ebec89e7539e54b74f85455d48c10810d	linguistics/books/DSS-Amos-Linguistics.txt	154129	5189	3eb5a3678f812d14fbba114ee01289b3920437c7f659b12647a6da3d6e0cea3b	PARTLY_RECONSTRUCTED	30	30	25	1	4	25	1	0	0	0	0	0	0
L1600128-R001	biblical_book	Amos	3	15		4Q78	1606737	f24_29+48	8	1600128				books/DSS-Amos.txt	107933	2530	2039691-2039699	9	0	3fc5fa1c0a426378fa00d8a97b50753073dd793d6ad9abc395f612764df36025	linguistics/books/DSS-Amos-Linguistics.txt	159318	3930	60b2dec943886f87459bb56f3ce595ab4cbac7789561bf153f3298886134dbce	PARTLY_RECONSTRUCTED	24	22	21	1	0	21	1	0	1	0	0	0	0
L1600128-R002	biblical_book	Amos	4	1		4Q78	1606737	f24_29+48	8	1600128				books/DSS-Amos.txt	110463	2850	2039700-2039705	6	2	9f28d39d92da24d6ecc34518614d6a453b74518fe0238ed4ac7fd3771698b090	linguistics/books/DSS-Amos-Linguistics.txt	163248	2783	6daff3b30b36181a9a1f1534aefaa745d366e8a6969d15ac75e7c2d2177a7912	PARTLY_RECONSTRUCTED	15	15	3	2	10	3	2	0	0	0	0	0	0
L1600129-R001	biblical_book	Amos	4	1		4Q78	1606737	f24_29+48	9	1600129				books/DSS-Amos.txt	113313	5111	2039706-2039725	20	1	5f7369ada73ffd657be8f6b9c803364298fcdb0a27c0a128b53c0763a1b0bc78	linguistics/books/DSS-Amos-Linguistics.txt	166031	8453	48cfec7a03eebe02fdb576c0966eaec4942b54b7029cf504a461b936ce517236	PARTLY_RECONSTRUCTED	69	66	48	4	14	51	4	0	1	0	0	0	0
L1600130-R001	biblical_book	Amos	4	2		4Q78	1606737	f24_29+48	10	1600130				books/DSS-Amos.txt	118424	5230	2039726-2039745	20	1	99a9e869446f6ecf2792b50db5945a5abc9f56dc212e25e334f52f48cf979dc9	linguistics/books/DSS-Amos-Linguistics.txt	174484	8527	f41392ccd301e99a6b469a22f8761dd6c0ecb8ad7e9b8276e4db951a7dda98ca	PARTLY_RECONSTRUCTED	70	65	46	2	17	49	2	0	1	0	0	0	0
L1600131-R001	biblical_book	Amos	6	13		4Q78	1606737	f30_33	1	1600131				books/DSS-Amos.txt	123654	3263	2039746-2039756	11	0	a7c0efae9bddc0bb5e4b28db32670ac7985f1e8123b8337309e333d1722d793c	linguistics/books/DSS-Amos-Linguistics.txt	183011	4816	20fbdfef82985cf3d8ae4c62301e6fcfafc304d968d62953f3b157cd3f370edf	PARTLY_RECONSTRUCTED	36	32	28	3	1	32	3	0	1	0	0	0	0
L1600131-R002	biblical_book	Amos	6	14		4Q78	1606737	f30_33	1	1600131				books/DSS-Amos.txt	126917	2694	2039757-2039762	6	1	defa81cd55ea0eaf9b85bb199274a0da30bc7141a681e0dbfc14f39fd18a637f	linguistics/books/DSS-Amos-Linguistics.txt	187827	2964	1bb3d87312846fcb39e7e27d035c13d49f5c566fac8651535909873483361dd7	ALL_LETTER_SLOTS_RECONSTRUCTED	25	23	23	0	0	25	0	0	0	0	0	0	0
L1600132-R001	biblical_book	Amos	6	14		4Q78	1606737	f30_33	2	1600132				books/DSS-Amos.txt	129611	4285	2039763-2039780	18	1	fa6d7b95aad0d5eb8b67b0524b05cd217ac1fb95de3d61f6872c2a4119876991	linguistics/books/DSS-Amos-Linguistics.txt	190791	7581	f47660661cad3ae279f5f66d4374ec26793c78322c19948ec1888c8f00f9aafc	PARTLY_RECONSTRUCTED	51	48	40	0	8	43	0	0	1	0	0	0	0
L1600133-R001	biblical_book	Amos	7	1		4Q78	1606737	f30_33	3	1600133				books/DSS-Amos.txt	133896	4416	2039781-2039798	18	1	6407bf96998aa321e7abfe24f7ed3b212f56fe9d40779e66c1cbfb9fa8de3d3b	linguistics/books/DSS-Amos-Linguistics.txt	198372	7726	b319ede5fbefdf1c9104e94d71dca886b9a6b87a264a45623f02fefe008dfb6b	PARTLY_RECONSTRUCTED	55	54	45	2	7	45	2	0	0	0	0	0	0
L1600134-R001	biblical_book	Amos	7	1		4Q78	1606737	f30_33	4	1600134				books/DSS-Amos.txt	138312	1542	2039799-2039801	3	0	7342b26546c19d461e2e03def7fddbdeb0318f23e97a0b399cac0f23b1e29be7	linguistics/books/DSS-Amos-Linguistics.txt	206098	1513	9c82ef944ea95eba2b3931697a0d920156c819f59ac4f34863d5daa2e6067b58	NO_LETTER_RECONSTRUCTION_MARKED	6	4	0	1	3	0	1	0	1	0	0	0	0
L1600134-R002	biblical_book	Amos	7	2		4Q78	1606737	f30_33	4	1600134				books/DSS-Amos.txt	139854	4140	2039802-2039819	18	1	cc9ec3cb34c4d54871f44528f134c477a1ef659eeddeb981d2b21661d0de2dc7	linguistics/books/DSS-Amos-Linguistics.txt	207611	7467	08576b6119bffb330187cf8bde6cf347fd7fb8589f3d4495ba3851ece3fc9db3	PARTLY_RECONSTRUCTED	46	46	39	1	6	39	1	0	0	0	0	0	0
L1600135-R001	biblical_book	Amos	7	2		4Q78	1606737	f30_33	5	1600135				books/DSS-Amos.txt	143994	1890	2039820-2039824	5	0	65e4cf77e1f5a3c636d00dfa6974c33a8ed8e11bcbeb56c271cd2ac4cccd539f	linguistics/books/DSS-Amos-Linguistics.txt	215078	2394	923520e0a641bbf308d088846909ff0107130f31c60fef9d053c7b781e0d0e85	PARTLY_RECONSTRUCTED	16	14	3	0	11	5	0	0	1	0	0	0	0
L1600135-R002	biblical_book	Amos	7	3		4Q78	1606737	f30_33	5	1600135				books/DSS-Amos.txt	145884	2857	2039825-2039833	9	1	a3bf504394a60e0056351925667ad6ab9393fff0ff0aafb2de878978a102cd47	linguistics/books/DSS-Amos-Linguistics.txt	217472	3893	e8919ebe9980c46851fbd420e250cee7fd54d6dc8b648a0599eba4e85aaec7fb	ALL_LETTER_SLOTS_RECONSTRUCTED	27	25	25	0	0	27	0	0	1	0	0	0	0
L1600136-R001	biblical_book	Amos	7	4		4Q78	1606737	f30_33	6	1600136				books/DSS-Amos.txt	148741	5354	2039834-2039857	24	1	d726dde17a3f95702b265b2e217821c40024286fba3650b488e23780122efc71	linguistics/books/DSS-Amos-Linguistics.txt	221365	9895	30cdff4d0c3dd4259b4ef02f378aadb00bd8c3c270ade2074e2e38c9a1fbc12f	PARTLY_RECONSTRUCTED	66	63	48	3	12	50	3	0	1	0	0	0	0
L1600137-R001	biblical_book	Amos	7	5		4Q78	1606737	f30_33	7	1600137				books/DSS-Amos.txt	154095	2258	2039858-2039861	4	1	7101e95bdd95ed5943cede0fa4da174f2bdf015ca613a7625a1d1838b3369925	linguistics/books/DSS-Amos-Linguistics.txt	231260	1882	4b8bbf775de71aaef6f0aec89d106e2a99e8b79d28110ced6f72cb6ac5c11211	NO_LETTER_SLOTS	11	0	0	0	0	5	5	1	4	0	2	0	0
L1600137-R002	biblical_book	Amos	7	6		4Q78	1606737	f30_33	7	1600137				books/DSS-Amos.txt	156353	2664	2039862-2039869	8	1	0d15a2124869604fa5de354f9db0e4730c274713bba9203350e782aa859cd1d8	linguistics/books/DSS-Amos-Linguistics.txt	233142	3544	b7082bf7f9d7bec22f838547943dd14240065f8dce2ef1b07a199e85f02801df	ALL_LETTER_SLOTS_RECONSTRUCTED	23	23	23	0	0	23	0	0	0	0	0	0	0
L1600138-R001	biblical_book	Amos	7	6		4Q78	1606737	f30_33	8	1600138				books/DSS-Amos.txt	159017	1767	2039870-2039873	4	0	1407d1dcf9e392376c6443572cef94eec9399aabeda6aa1006fae7044db11ff7	linguistics/books/DSS-Amos-Linguistics.txt	236686	1977	84f4870e3d3b64110903a9ef102a19136f954aeef338e024938e5e15083d7e3e	ALL_LETTER_SLOTS_RECONSTRUCTED	13	11	11	0	0	13	0	0	1	0	0	0	0
L1600138-R002	biblical_book	Amos	7	7		4Q78	1606737	f30_33	8	1600138				books/DSS-Amos.txt	160784	3543	2039874-2039887	14	0	a73674c003f9913d823720b6f28b79793fe43f38775c4c0284507e08e6f1b9cd	linguistics/books/DSS-Amos-Linguistics.txt	238663	5992	169918cc9a3878e9b1fd458862376b06ba1fbe2b0f6a1f73af81d1b2113ee35d	PARTLY_RECONSTRUCTED	39	35	30	2	3	33	2	0	1	0	0	0	0
L1600138-R003	biblical_book	Amos	7	8		4Q78	1606737	f30_33	8	1600138				books/DSS-Amos.txt	164327	2185	2039888-2039891	4	1	eab15d4d49a23d663bc0d356c624fe13bbe86fc7c1ef2ad650163542f893e2fb	linguistics/books/DSS-Amos-Linguistics.txt	244655	1973	27671da9b9bb40d35aca125aba0a1a4b11765f642d065ce14094186d2f31bed4	ALL_LETTER_SLOTS_RECONSTRUCTED	14	13	13	0	0	14	0	0	0	0	0	0	0
L1600139-R001	biblical_book	Amos	7	8		4Q78	1606737	f30_33	9	1600139				books/DSS-Amos.txt	166512	3972	2039892-2039906	15	1	1c5bec50ef4ea3c514557388b749b135357c2a6b474059741750d38f5745670d	linguistics/books/DSS-Amos-Linguistics.txt	246628	6448	d059ee012ff4d3bbe1920406c6f99ce3679411426106d2f013316a651c09f08c	PARTLY_RECONSTRUCTED	44	40	33	3	4	35	4	1	2	0	0	0	0
L1600140-R001	biblical_book	Amos	7	8		4Q78	1606737	f30_33	10	1600140				books/DSS-Amos.txt	170484	1441	2039907-2039908	2	0	b8975e19a8071d00ed7c496a0537669f88db7aab3d799c8df7629c53df713c57	linguistics/books/DSS-Amos-Linguistics.txt	253076	1083	2d36e2d96782b1f584aecf4d881168994214439dbe2a03f72a6427ac0ee341bf	NO_LETTER_SLOTS	4	0	0	0	0	4	0	1	2	0	0	0	0
L1600140-R002	biblical_book	Amos	7	9		4Q78	1606737	f30_33	10	1600140				books/DSS-Amos.txt	171925	3374	2039909-2039920	12	1	2bc567dc2eb733c17253f85fc1be076b8bd384ed5bc2c64870c3797229f04a79	linguistics/books/DSS-Amos-Linguistics.txt	254159	5381	fbc1292178dbe5b25a4dde91f60d14679dcb548946516655788329e66c04cc91	PARTLY_RECONSTRUCTED	39	39	35	4	0	35	4	0	0	0	0	0	0
L1600141-R001	biblical_book	Amos	7	9		4Q78	1606737	f30_33	11	1600141				books/DSS-Amos.txt	175299	1737	2039921-2039924	4	0	b5a399942eef375d500cd1309ba1dd957c755fe225094040fa39709d5e31ad88	linguistics/books/DSS-Amos-Linguistics.txt	259540	1988	602da673fab7951a076c297c3edba63c4914122eb674d6b0cb7b77f6e0d96a04	ALL_LETTER_SLOTS_RECONSTRUCTED	11	9	9	0	0	11	0	0	1	0	0	0	0
L1600141-R002	biblical_book	Amos	7	10		4Q78	1606737	f30_33	11	1600141				books/DSS-Amos.txt	177036	3906	2039925-2039939	15	1	f1fe7ec5af6d1026844f8233e3a5e7d751c5cfd0e40fff8dee5de63e1c4c3871	linguistics/books/DSS-Amos-Linguistics.txt	261528	6633	73f310daa06a1f3391f6ded3f2234fe1f8ca2072bbab7bb014e8ec4dc9c25edb	ALL_LETTER_SLOTS_RECONSTRUCTED	49	48	48	0	0	49	0	0	0	0	0	0	0
L1600142-R001	biblical_book	Amos	7	10		4Q78	1606737	f30_33	12	1600142				books/DSS-Amos.txt	180942	3373	2039940-2039953	14	0	593cdd466401bade33ac81589550cca141df1a9e65e270f4f3cd5e94c63df2c4	linguistics/books/DSS-Amos-Linguistics.txt	268161	5993	26b65845fb78d375b206da7d04a5279b99d3f1c1a225469e5454642ebd982251	ALL_LETTER_SLOTS_RECONSTRUCTED	39	36	36	0	0	39	0	0	1	0	0	0	0
L1600142-R002	biblical_book	Amos	7	11		4Q78	1606737	f30_33	12	1600142				books/DSS-Amos.txt	184315	1588	2039954	1	1	1547b11533269e162974004d3eb098628e417e9b0f7baf5287cb0089f6d9e7c1	linguistics/books/DSS-Amos-Linguistics.txt	274154	745	c8f7ee58a93f3a89adb44d66eeada670c5a909787ae99238925ce9b0b8b32ebb	NO_LETTER_SLOTS	2	0	0	0	0	2	0	1	1	0	0	0	0
L1600143-R001	biblical_book	Amos	7	11		4Q78	1606737	f30_33	13	1600143				books/DSS-Amos.txt	185903	1443	2039955-2039956	2	0	6acf5c71fb8dd16ff87684516cf76e6c715f2ed3b7b877f3cf89fa69868e4819	linguistics/books/DSS-Amos-Linguistics.txt	274899	1087	ace96fb8499cb930263447d332d8c673bff2952693578f7e07813c18f0bf0964	NO_LETTER_SLOTS	4	0	0	0	0	4	0	1	2	0	0	0	0
L1600143-R002	biblical_book	Amos	7	12		4Q78	1606737	f30_33	13	1600143				books/DSS-Amos.txt	187346	2554	2039957-2039962	6	1	0de6984f14e70889c2c7246315208a5dd27bebd7115bf59e69c36f8989ce3d3d	linguistics/books/DSS-Amos-Linguistics.txt	275986	2889	365b16e85a2482e7c7b807d4496b81e85f8936ba370cae0c44093a50ae410f00	PARTLY_RECONSTRUCTED	19	19	15	2	2	15	2	0	0	0	0	0	0
L1600144-R001	biblical_book	Amos	7	12		4Q78	1606737	f30_33	14	1600144				books/DSS-Amos.txt	189900	3345	2039963-2039976	14	0	58ecee5a432ff0a8ad45175f562c0e11411aeb8cfda8de17449b47f2593e8eea	linguistics/books/DSS-Amos-Linguistics.txt	278875	5890	cd648b43a147ecefad611b2622502c1c5232c1841ef3f3832e59d2fa4bc3c812	ALL_LETTER_SLOTS_RECONSTRUCTED	36	33	33	0	0	36	0	0	1	0	0	0	0
L1600144-R002	biblical_book	Amos	7	13		4Q78	1606737	f30_33	14	1600144				books/DSS-Amos.txt	193245	2803	2039977-2039984	8	1	8b3ed0476e460aec617363e182437c8d37e2f882772d2cbba6346d94b3e9ff45	linguistics/books/DSS-Amos-Linguistics.txt	284765	3572	23a49e741fdb3ec94bdbdefc51945f1f96c52e67a94784da7754c92ac2904156	PARTLY_RECONSTRUCTED	22	22	13	3	6	13	3	0	0	0	0	0	0
L1600145-R001	biblical_book	Amos	7	13		4Q78	1606737	f30_33	15	1600145				books/DSS-Amos.txt	196048	2516	2039985-2039993	9	0	ed8c952f3f8432ba6a7d1279ac38288e80dd295e73bb12fb79dfaa7140a4cba6	linguistics/books/DSS-Amos-Linguistics.txt	288337	4080	c91c43457d144c4f425bd101e4c4bf0de54b59c806e4407ade6cf1ef6040048d	ALL_LETTER_SLOTS_RECONSTRUCTED	26	24	24	0	0	26	0	0	1	0	0	0	0
L1600145-R002	biblical_book	Amos	7	14		4Q78	1606737	f30_33	15	1600145				books/DSS-Amos.txt	198564	3259	2039994-2040005	12	1	24ba5c84fa6ae09665a6ce3bdcb3b0b0db83e71ff7237f6b8c0c11aeda636c9e	linguistics/books/DSS-Amos-Linguistics.txt	292417	5248	e071e29b122b88aa8a57f18886208e6d0b9143b4441971e0b4a43b1ed3c020b8	PARTLY_RECONSTRUCTED	33	33	15	0	18	15	0	0	0	0	0	0	0
L1600146-R001	biblical_book	Amos	7	14		4Q78	1606737	f30_33	16	1600146				books/DSS-Amos.txt	201823	2909	2040006-2040015	10	0	5ba8f7b440d08d768fd1829882de11181f1268c5ab473d2828f65eb0f17e817f	linguistics/books/DSS-Amos-Linguistics.txt	297665	4536	34596491ed8df04b001eb93b08a1d8e907ca70e27a0bfa4faf0480025e8d25b3	PARTLY_RECONSTRUCTED	33	31	25	4	2	25	4	0	1	0	0	0	0
L1600146-R002	biblical_book	Amos	7	15		4Q78	1606737	f30_33	16	1600146				books/DSS-Amos.txt	204732	3384	2040016-2040026	11	1	55bb1d7244cfa6b2e3d3640437a1093139723f0cdff11000434b96690a25e8c1	linguistics/books/DSS-Amos-Linguistics.txt	302201	4751	500bcfb4b9eb09bc6a74246a333aab138ed407b6ceab6e369b90ffc24644ca95	PARTLY_RECONSTRUCTED	33	31	24	1	6	25	1	0	0	0	0	0	0
L1600147-R001	biblical_book	Amos	7	15		4Q78	1606737	f30_33	17	1600147				books/DSS-Amos.txt	208116	2202	2040027-2040032	6	0	ebc57fe1f4e7c9e0f07abc635e38191cb559243853c04500ed31cc348da16e9a	linguistics/books/DSS-Amos-Linguistics.txt	306952	2785	c5c70374325292d57bbfe5d0caaf7d249d86dac3d1e1bb586fa298f64b8dc95a	ALL_LETTER_SLOTS_RECONSTRUCTED	19	16	16	0	0	19	0	0	1	0	0	0	0
L1600147-R002	biblical_book	Amos	7	16		4Q78	1606737	f30_33	17	1600147				books/DSS-Amos.txt	210318	3020	2040033-2040041	9	1	2bdd142ca02987b1ee6720765580288ab5beed6e2df70bc3c0d9d1864ec76d75	linguistics/books/DSS-Amos-Linguistics.txt	309737	3868	9e54092ce0b0d071b322c33212e629d9339068aef6e8e5f0b768a921ca9dbcc6	PARTLY_RECONSTRUCTED	23	14	9	1	4	14	3	2	4	0	0	0	0
L1600467-R001	biblical_book	Amos	1	3		4Q82	1606741	f30g+40b_43b+44	1	1600467				books/DSS-Amos.txt	213388	3297	2043986-2043996	11	1	4f014c52fcb9ca54e2f0574bd86806a4e28fba8688e67b0177ee3aa9540ddeac	linguistics/books/DSS-Amos-Linguistics.txt	313655	4935	c3d40e977b5cc93ce4f39f111f18cdf7ee683ac10adc53d38bb5b8986276562c	PARTLY_RECONSTRUCTED	33	33	28	2	3	28	2	0	0	0	0	0	0
L1600468-R001	biblical_book	Amos	1	3		4Q82	1606741	f30g+40b_43b+44	2	1600468				books/DSS-Amos.txt	216685	3161	2043997-2044007	11	0	0fcabf60fcc051992c7c34378e2c0a7444c7ab3f3121cd69c1daf3318afadd77	linguistics/books/DSS-Amos-Linguistics.txt	318590	4849	c259e04e3f670b25618f4964f55692161959564ae1fd8f71e7ed7c7ea6526f43	PARTLY_RECONSTRUCTED	34	30	23	1	6	25	1	0	1	0	0	0	0
L1600468-R002	biblical_book	Amos	1	4		4Q82	1606741	f30g+40b_43b+44	2	1600468				books/DSS-Amos.txt	219846	1858	2044008-2044009	2	1	65bfcad07ff340a7125c3f29b0dc3f20a04a2a4ee2eab52e8123d34fc31e4398	linguistics/books/DSS-Amos-Linguistics.txt	323439	1202	848548271332264bd6fbf83e3a24b420aea14b18103c4c5b8c62c78b9f05745c	PARTLY_RECONSTRUCTED	6	6	3	1	2	3	1	0	0	0	0	0	0
L1600469-R001	biblical_book	Amos	1	4		4Q82	1606741	f30g+40b_43b+44	3	1600469				books/DSS-Amos.txt	221704	2735	2044010-2044019	10	0	271916edee503f4a353e934f48932c7ff8f928ebe5fca9d9ea6aee8057950176	linguistics/books/DSS-Amos-Linguistics.txt	324641	4449	54e6d82a1102b6511acd18cbd5549096c8328e245495eb66aedd1137cdc1f730	PARTLY_RECONSTRUCTED	28	26	23	2	1	25	2	0	1	0	0	0	0
L1600469-R002	biblical_book	Amos	1	5		4Q82	1606741	f30g+40b_43b+44	3	1600469				books/DSS-Amos.txt	224439	2032	2044020-2044022	3	1	3ac09fe5ce996ca1eb4621f1c5d16c4882e6d120f5971ee8b46027fd393b4885	linguistics/books/DSS-Amos-Linguistics.txt	329090	1662	58be8e34f5646e34064689ccf4fbde236bc9f8a7b6b105ac4d089485236d83dc	PARTLY_RECONSTRUCTED	10	10	2	1	7	2	1	0	0	0	0	0	0
L1600470-R001	biblical_book	Amos	1	5		4Q82	1606741	f30g+40b_43b+44	4	1600470				books/DSS-Amos.txt	226471	3818	2044023-2044035	13	1	1276d58b0fa622ebfaa987c696362896186441ea0a172d30a04a3dd125a6c384	linguistics/books/DSS-Amos-Linguistics.txt	330752	5773	802365205c9a473678051ff09222f2de58b3ac71bddb7ca71341f27d12df4e11	PARTLY_RECONSTRUCTED	38	37	23	9	5	24	9	0	1	0	0	0	0
L1600471-R001	biblical_book	Amos	1	5		4Q82	1606741	f30g+40b_43b+44	5	1600471				books/DSS-Amos.txt	230289	2548	2044036-2044043	8	0	f0fc140d965f14ea3dec06e1d9816b797cf97009fff6dd167832189d0e8666cf	linguistics/books/DSS-Amos-Linguistics.txt	336525	3563	905a185221f5b7988788c685c5819191b0595d74fe62059d3cebb111ec2eb1d8	PARTLY_RECONSTRUCTED	23	20	18	2	0	19	2	0	1	0	0	0	0
L1600471-R002	biblical_book	Amos	1	6		4Q82	1606741	f30g+40b_43b+44	5	1600471				books/DSS-Amos.txt	232837	2888	2044044-2044050	7	2	160c67d39d118bb02a7de98b60399f796017dd9c1d23403db496572cdd08afe0	linguistics/books/DSS-Amos-Linguistics.txt	340088	3275	6b64b36c6d6772aab6546996c14bd77dde5e4f4d68336f88a9907e2874e06f10	ALL_LETTER_SLOTS_RECONSTRUCTED	22	22	22	0	0	22	0	0	0	0	0	0	0
L1600472-R001	biblical_book	Amos	1	6		4Q82	1606741	f30g+40b_43b+44	6	1600472				books/DSS-Amos.txt	235725	3766	2044051-2044061	11	1	082aab9494264d6aee00e72f8e1b1b0b33be79d153b5fe60ac8feadc910be299	linguistics/books/DSS-Amos-Linguistics.txt	343363	4978	39254c4774ba3b1688cf52453ffa21fd636512bab54e31e9be97234b5aa93ec7	PARTLY_RECONSTRUCTED	41	39	33	4	2	34	4	0	0	0	0	0	0
L1600473-R001	biblical_book	Amos	1	6		4Q82	1606741	f30g+40b_43b+44	7	1600473				books/DSS-Amos.txt	239491	1680	2044062-2044064	3	0	6242b66f3159e442c40fb3f9feec9e0f961e018990285e3c5342a43bc4b25f1f	linguistics/books/DSS-Amos-Linguistics.txt	348341	1542	b24d3c4dc425dd2c292f1ec0e5641eab6b4c24d2dc98176288244f2c26957cf7	NO_LETTER_RECONSTRUCTION_MARKED	6	3	0	1	2	2	2	0	1	0	0	0	0
L1600473-R002	biblical_book	Amos	1	7		4Q82	1606741	f30g+40b_43b+44	7	1600473				books/DSS-Amos.txt	241171	3037	2044065-2044071	7	2	9e8abc2f1ea7b5ce9bb2178f649dbaeda07e091d3f4525ef15aa4ea66b043a69	linguistics/books/DSS-Amos-Linguistics.txt	349883	3190	70771e0fcc69f3f0e5dd02ce0ec0b6f9b92908eb81e6f1f5635554239c8e044e	PARTLY_RECONSTRUCTED	18	16	9	2	5	11	2	1	1	0	0	0	0
L1600474-R001	biblical_book	Amos	1	7		4Q82	1606741	f30g+40b_43b+44	8	1600474				books/DSS-Amos.txt	244208	1715	2044072-2044074	3	0	13cd48bb975eceeea1db8a38897c2de750809724664a4336be83ec34f73fad36	linguistics/books/DSS-Amos-Linguistics.txt	353073	1503	aa220c705214e507fe5e2e660560c0bdba28a652042099959dc41f3bf1fdf50e	NO_LETTER_RECONSTRUCTION_MARKED	8	1	0	1	0	4	4	1	2	0	0	0	0
L1600474-R002	biblical_book	Amos	1	8		4Q82	1606741	f30g+40b_43b+44	8	1600474				books/DSS-Amos.txt	245923	2180	2044075-2044078	4	1	ab7bdbcd87cc820873f88cbf9331bedcf963af5270f6dc950a2faa1f0e84adf5	linguistics/books/DSS-Amos-Linguistics.txt	354576	1856	d93ef7dba06d3467c93e48f55abdb6db09c2b5d0b11d27c9a4ac7bdbc690ecf6	NO_LETTER_SLOTS	10	0	0	0	0	5	3	2	4	0	0	0	0
L1600475-R001	biblical_book	Amos	1	9		4Q82	1606741	f30g+40b_43b+44	13	1600475				books/DSS-Amos.txt	248103	1750	2044079-2044081	3	0	8324dc9dd74de2f611cb2779c4455fa52c2cd03656bad5b55d755c1c87e6b34c	linguistics/books/DSS-Amos-Linguistics.txt	356432	1622	80c0f92584d8a1321bd37de962eb9125d489fb8b797c7fb58c9caafb7ee857c7	PARTLY_RECONSTRUCTED	10	8	5	3	0	5	3	0	1	0	0	0	0
L1600475-R002	biblical_book	Amos	1	10		4Q82	1606741	f30g+40b_43b+44	13	1600475				books/DSS-Amos.txt	249853	3217	2044082-2044091	10	1	d185601eeacb606d65c9fd67aa928dcdc82bfb8bfc302b1af359ed2745d0a74a	linguistics/books/DSS-Amos-Linguistics.txt	358054	4427	5f87f291708838b3396cd84f8fe43fb92c39e27ba89aa161942d6fffd1bb277e	PARTLY_RECONSTRUCTED	30	27	23	4	0	26	4	0	1	0	0	0	0
L1600476-R001	biblical_book	Amos	1	11		4Q82	1606741	f30g+40b_43b+44	14	1600476				books/DSS-Amos.txt	253070	3415	2044092-2044100	9	2	50fd79118966a6e719e4baa3d3bca6550032dacc984dbd5e329638f552d7f9db	linguistics/books/DSS-Amos-Linguistics.txt	362481	4079	b493f76e2df7563dd951a34425dba1cc6b5841f40968a5716b54596e30a60162	PARTLY_RECONSTRUCTED	26	26	17	4	5	17	4	0	0	0	0	0	0
L1600477-R001	biblical_book	Amos	1	11		4Q82	1606741	f30g+40b_43b+44	15	1600477				books/DSS-Amos.txt	256485	4285	2044101-2044111	11	1	7e541defa42143a814af9a392a371f2d3f567d553abace0e5c960b5c4629405c	linguistics/books/DSS-Amos-Linguistics.txt	366560	5029	1fee88ad77d775dc853cac343139e2dea46e1465eeb0fe80c96060aeddd6124c	PARTLY_RECONSTRUCTED	41	37	19	13	5	21	13	0	0	0	0	0	0
L1600478-R001	biblical_book	Amos	1	11		4Q82	1606741	f30g+40b_43b+44	16	1600478				books/DSS-Amos.txt	260770	3190	2044112-2044121	10	0	5927d7c728290993a0d3c52d6faad5259a4f893febbbcbedcdfc22e77ca57aaf	linguistics/books/DSS-Amos-Linguistics.txt	371589	4376	c1045173bb08ebedc7e32314904c459bdbf86cc2f75a0dce53a3ad6d691177d5	PARTLY_RECONSTRUCTED	29	24	13	5	6	16	5	0	1	0	0	0	0
L1600478-R002	biblical_book	Amos	1	12		4Q82	1606741	f30g+40b_43b+44	16	1600478				books/DSS-Amos.txt	263960	2201	2044122-2044126	5	1	9c8f2005df33225ba2135ba2580a9685cc69ff8b0ea286668b4b307ff697fb42	linguistics/books/DSS-Amos-Linguistics.txt	375965	2418	129f5b4b5bac6224fbc10cbca7e046a550a0210bacf517e4f142bacfa963985f	ALL_LETTER_SLOTS_RECONSTRUCTED	13	13	13	0	0	13	0	0	0	0	0	0	0
L1600479-R001	biblical_book	Amos	1	12		4Q82	1606741	f30g+40b_43b+44	17	1600479				books/DSS-Amos.txt	266161	2046	2044127-2044131	5	0	7797548469f22b89e681e319a0fec3a27d31abd4547de000ba2e4500cad51ce9	linguistics/books/DSS-Amos-Linguistics.txt	378383	2489	427752b9d03266e8adfadaae3b6ecedbd12271ed9b73cdafa1dd199c1ef4a703	PARTLY_RECONSTRUCTED	18	16	8	1	7	8	1	0	1	0	0	0	0
L1600479-R002	biblical_book	Amos	1	13		4Q82	1606741	f30g+40b_43b+44	17	1600479				books/DSS-Amos.txt	268207	2095	2044132-2044133	2	2	75b70a1ec70e86f650583661253be4342f52d60a61ad6fa17859572496dbe2d1	linguistics/books/DSS-Amos-Linguistics.txt	380872	1202	f7d5acbefad39111d14adb53edacd5a0d8675115cca407d6653335ab566e3e42	ALL_LETTER_SLOTS_RECONSTRUCTED	5	5	5	0	0	5	0	0	0	0	0	0	0
L1600480-R001	biblical_book	Amos	1	13		4Q82	1606741	f30g+40b_43b+44	18	1600480				books/DSS-Amos.txt	270302	3866	2044134-2044145	12	1	eae5d6b01b83539e76bba05c0e9faf6c4c599f004e2484a47ed036250a05a0fa	linguistics/books/DSS-Amos-Linguistics.txt	382074	5416	ba76eac427a2847edd4bff7bcc2763a6359f4ca9eef3bbf846137b2c40024058	PARTLY_RECONSTRUCTED	43	42	33	7	2	34	7	0	0	0	0	0	0
L1600481-R001	biblical_book	Amos	1	13		4Q82	1606741	f30g+40b_43b+44	19	1600481				books/DSS-Amos.txt	274168	3171	2044146-2044154	9	0	c4b390304062d596e1ad0c56b84bf982825dc51c1288758d36f136f5be11e8fa	linguistics/books/DSS-Amos-Linguistics.txt	387490	4161	646f1c68733c3233db35ac40e9ee2db71dddf9f1e1cd91d9d8ebb2c579b45e0e	PARTLY_RECONSTRUCTED	33	29	22	6	1	26	6	0	1	0	0	0	0
L1600481-R002	biblical_book	Amos	1	14		4Q82	1606741	f30g+40b_43b+44	19	1600481				books/DSS-Amos.txt	277339	1897	2044155-2044157	3	1	6d8682a93a50fba0dde4c89fbad73238a5ac9fd7ed09f3a9f41564794bc8f1d0	linguistics/books/DSS-Amos-Linguistics.txt	391651	1583	dddcbf775c3c24bab1bbd0c4cd81c012f3d02fea876bc59045823937fd0ea3b6	ALL_LETTER_SLOTS_RECONSTRUCTED	7	7	7	0	0	7	0	0	0	0	0	0	0
L1600482-R001	biblical_book	Amos	1	14		4Q82	1606741	f30g+40b_43b+44	20	1600482				books/DSS-Amos.txt	279236	3123	2044158-2044167	10	1	fa6c54e5d094f12b8f22066115581a9f25189d0044e411c59a1bd80ed57538ca	linguistics/books/DSS-Amos-Linguistics.txt	393234	4542	1b7060692a6613f54e9fb3569f368871073ed340457306f97821873614645cf4	ALL_LETTER_SLOTS_RECONSTRUCTED	32	31	31	0	0	32	0	0	0	0	0	0	0
L1600483-R001	biblical_book	Amos	1	14		4Q82	1606741	f30g+40b_43b+44	21	1600483				books/DSS-Amos.txt	282359	2403	2044168-2044175	8	0	993c70543a41bef532de0b00eb462c3ba793bee61d67f390f5b2e6b95910db3a	linguistics/books/DSS-Amos-Linguistics.txt	397776	3601	50ae5d9a6b14e6f3d94baca8e36cec17604a39738243323ed505840dfe205407	PARTLY_RECONSTRUCTED	20	18	12	1	4	14	1	0	1	0	1	0	0
L1600483-R002	biblical_book	Amos	1	15		4Q82	1606741	f30g+40b_43b+44	21	1600483				books/DSS-Amos.txt	284762	2332	2044176-2044180	5	1	d7fde540625fbdd00ccf9a1807727ddfb8b42187bbcdf5c90438f2e6486082c8	linguistics/books/DSS-Amos-Linguistics.txt	401377	2435	8609411fe1b5e6ae3ce190d141bdadecedb20b2c3a36a64bd9452b412b88c03e	ALL_LETTER_SLOTS_RECONSTRUCTED	14	13	13	0	0	14	0	0	0	0	0	0	0
L1600484-R001	biblical_book	Amos	1	15		4Q82	1606741	f30g+40b_43b+44	22	1600484				books/DSS-Amos.txt	287094	3094	2044181-2044187	7	2	c9477fdc558b2181a10b62878a37fd7d3339f00ebbf978eea8f2c6bf5896122b	linguistics/books/DSS-Amos-Linguistics.txt	403812	3201	badacb411e60d43d89a9d1be05aa60d942221c4e12febc4adf9a9b4e0c5bc437	PARTLY_RECONSTRUCTED	22	19	15	1	3	18	1	0	1	0	0	0	0
L1600485-R001	biblical_book	Amos	2	1		4Q82	1606741	f30g+40b_43b+44	23	1600485				books/DSS-Amos.txt	290188	3225	2044188-2044198	11	1	e8f75c43774402f4838cdb862ae82ed716d2afc22584d184acd0aa737206d608	linguistics/books/DSS-Amos-Linguistics.txt	407013	4849	85381ecd177befa9c5b3b615742f56dfa51e32532425680f156872c21c98ee05	PARTLY_RECONSTRUCTED	33	31	30	1	0	30	1	0	1	0	0	0	0
L1600486-R001	biblical_book	Amos	2	7		4Q82	1606741	f43a	5	1600486				books/DSS-Amos.txt	293413	3991	2044199-2044214	16	1	4306dff7505445a15c71debe573b1133aa7d1a77814f38f025f072644a65cb0d	linguistics/books/DSS-Amos-Linguistics.txt	411862	6749	71dc945d748aac7227745c92aa979a751038bdba22eb2a04141a883fa79a9648	PARTLY_RECONSTRUCTED	44	43	40	0	3	41	0	0	0	0	0	0	0
L1600487-R001	biblical_book	Amos	2	7		4Q82	1606741	f43a	6	1600487				books/DSS-Amos.txt	297404	2474	2044215-2044222	8	0	3eef293799e8f3aeebe29eb13cb38245a170cb02e5b5b9af600ed3a88f4cc42d	linguistics/books/DSS-Amos-Linguistics.txt	418611	3587	0c5a5e5dd7cf6667fe2e55f2972af79b88c612c4f40b1f64e80bd5266e0a6dcb	ALL_LETTER_SLOTS_RECONSTRUCTED	23	20	20	0	0	23	0	0	1	0	0	0	0
L1600487-R002	biblical_book	Amos	2	8		4Q82	1606741	f43a	6	1600487				books/DSS-Amos.txt	299878	2329	2044223-2044227	5	1	0a6b0c60429cc5b4634d2bbd42a5c2b330b545e9920b446b6848f07bf18dd601	linguistics/books/DSS-Amos-Linguistics.txt	422198	2422	095daa10732641fe0dbadb22ff7bfb67a5a0b3489a35d7c21c60a4d0b1d86ce8	PARTLY_RECONSTRUCTED	16	16	11	0	4	11	0	0	0	0	1	0	0
L1600488-R001	biblical_book	Amos	2	8		4Q82	1606741	f43a	7	1600488				books/DSS-Amos.txt	302207	2848	2044228-2044237	10	0	19b7d5c8ca575bb46c54df54e78365617146527ec328fb3b20b0f480da2f37dd	linguistics/books/DSS-Amos-Linguistics.txt	424620	4520	174a1e320457f65d093762fdaaee7608b90035ea34ab7e5123aa051731a91888	PARTLY_RECONSTRUCTED	35	32	30	2	0	32	2	0	1	0	0	0	0
L1600488-R002	biblical_book	Amos	2	9		4Q82	1606741	f43a	7	1600488				books/DSS-Amos.txt	305055	1714	2044238-2044239	2	1	2a0263ea1d02b3b8be5c45fa0b280fef7b3fa0eeb2ba7e1d86a511cb6a7821b9	linguistics/books/DSS-Amos-Linguistics.txt	429140	1193	0ea5f153a2f6f36cb1b71ba9224fbcd35d916613baeb48259aedd58d0ee312b0	ALL_LETTER_SLOTS_RECONSTRUCTED	5	5	5	0	0	5	0	0	0	0	0	0	0
L1600489-R001	biblical_book	Amos	2	9		4Q82	1606741	f43a	8	1600489				books/DSS-Amos.txt	306769	4121	2044240-2044254	15	1	4d9dc58b19484c00fb0f07c6d3727b9bb4116b49620ecc28a1794468b3e275c2	linguistics/books/DSS-Amos-Linguistics.txt	430333	6467	1a4b4d6b5a477d674ee139871bc04e0c46ca2779c78d739c495a92b786bcef99	PARTLY_RECONSTRUCTED	46	42	40	1	1	42	1	0	1	0	0	0	0
L1600490-R001	biblical_book	Amos	2	15		4Q82	1606741	f45_46	1	1600490				books/DSS-Amos.txt	310890	3800	2044255-2044268	14	0	169f0714635377ada40ceeaba439a35bee018a353f4a68ee2f6fc69aee55d286	linguistics/books/DSS-Amos-Linguistics.txt	436800	5915	1172f2d2b290a9ff2dc44896dbd1a54811f96bc9d30dec4482c55b80c2ae5d86	PARTLY_RECONSTRUCTED	40	36	30	3	3	34	3	0	1	0	0	0	0
L1600490-R002	biblical_book	Amos	2	16		4Q82	1606741	f45_46	1	1600490				books/DSS-Amos.txt	314690	1722	2044269-2044270	2	1	dea388cc7cffcafe2c16b3df0383fe80e585ae56cdca20568ca53ecea0383058	linguistics/books/DSS-Amos-Linguistics.txt	442715	1193	3fe64d02d92e97575c6564947cc6c82e667c6d5490c25a8274780b9d2fa8a4b5	ALL_LETTER_SLOTS_RECONSTRUCTED	5	5	5	0	0	5	0	0	0	0	0	0	0
L1600491-R001	biblical_book	Amos	2	16		4Q82	1606741	f45_46	2	1600491				books/DSS-Amos.txt	316412	4216	2044271-2044282	12	2	4975f9fd56dd73c58de637a35aeddbba7095ce1644ac0d5fa779b8a7902a2c69	linguistics/books/DSS-Amos-Linguistics.txt	443908	5221	dbfae0c1a71f2099e8f579e46f9228c459a0bfc471e036c018b0798724987436	PARTLY_RECONSTRUCTED	36	33	24	5	4	27	5	0	1	0	0	0	0
L1600492-R001	biblical_book	Amos	3	1		4Q82	1606741	f45_46	3	1600492				books/DSS-Amos.txt	320628	3287	2044283-2044291	9	2	716f6c951723cfbf49ceb564f9cac891d6a9ab9c6db3076c828d8a5e2a3366ce	linguistics/books/DSS-Amos-Linguistics.txt	449129	3944	3f35f434e9781d5460732c3a31b7525a5d693eece060763cd75aaf02497dfcf5	PARTLY_RECONSTRUCTED	23	23	20	1	2	20	1	0	0	0	0	0	0
L1600493-R001	biblical_book	Amos	3	1		4Q82	1606741	f45_46	4	1600493				books/DSS-Amos.txt	323915	3637	2044292-2044303	12	1	cb4f2f9e87527ee9c9ebb53ae25d4a03407bb555ed6703e917567e74f292d61a	linguistics/books/DSS-Amos-Linguistics.txt	453073	5449	76b2f4a064d5de8fd97318f1bf51f726b5510a695d0d0c25e1ff95ce8e804773	PARTLY_RECONSTRUCTED	42	41	34	2	5	35	2	0	0	0	0	0	0
L1600494-R001	biblical_book	Amos	3	1		4Q82	1606741	f45_46	5	1600494				books/DSS-Amos.txt	327552	1558	2044304-2044306	3	0	55445176841c4bb7179db0ae5d294348c148cb03b7a88c08f0449354a9f63861	linguistics/books/DSS-Amos-Linguistics.txt	458522	1497	20b42231765263c50d47ad77a672774691a324acc24d560276c901d39c19797e	ALL_LETTER_SLOTS_RECONSTRUCTED	6	4	4	0	0	6	0	0	1	0	0	0	0
L1600494-R002	biblical_book	Amos	3	2		4Q82	1606741	f45_46	5	1600494				books/DSS-Amos.txt	329110	3273	2044307-2044317	11	1	2111c9307627d39f307e2f3cfd2bfb5304530ccc773abcfaa2a53ed0cfea56aa	linguistics/books/DSS-Amos-Linguistics.txt	460019	4881	1f0c7006a9914794889c1a7ddca9a339f36541639e665bf0abc7f42fcbbacb71	PARTLY_RECONSTRUCTED	35	34	30	1	3	31	1	0	0	0	0	0	0
L1600495-R001	biblical_book	Amos	3	2		4Q82	1606741	f45_46	6	1600495				books/DSS-Amos.txt	332383	2857	2044318-2044323	6	1	1f369b6d3363f5b07397ac567993c77cd02569a952b04615773a98b1ebc617ee	linguistics/books/DSS-Amos-Linguistics.txt	464900	2756	947a94ccda088b6e175797ac1014eb39291181de04a827f7afdfbc0657a6e146	PARTLY_RECONSTRUCTED	23	17	13	2	2	18	2	1	2	0	0	0	0
L1600496-R001	biblical_book	Amos	4	4		4Q82	1606741	f47ai_48	13	1600496				books/DSS-Amos.txt	335240	2598	2044324-2044329	6	0	ecd54e3a96a7d63c4a1c53c5d1affa6d977f5b2974c4ec2068a79ccddfd3d7d9	linguistics/books/DSS-Amos-Linguistics.txt	467656	2901	915ec137c6882f64b2a201155d8763fe1bfcfb5de3ec6f24a03159e1dd907154	PARTLY_RECONSTRUCTED	27	23	21	2	0	25	2	0	1	0	0	0	0
L1600496-R002	biblical_book	Amos	4	5		4Q82	1606741	f47ai_48	13	1600496				books/DSS-Amos.txt	337838	2599	2044330-2044336	7	1	11e58a1c3298735da5d671cb4f7ed0286e9e0c87d65938fb3628656ef5205915	linguistics/books/DSS-Amos-Linguistics.txt	470557	3189	20110cbb8d0d2e20931734eb521fac8e4e487cc1ca7abd3ec9eea681c316a233	PARTLY_RECONSTRUCTED	17	17	14	3	0	14	3	0	0	0	0	0	0
L1600497-R001	biblical_book	Amos	4	5		4Q82	1606741	f47ai_48	14	1600497				books/DSS-Amos.txt	340437	2970	2044337-2044347	11	0	136e60b2da2d31b7095af208198b75ef296e7ed05c4e7090c5a5306b820fefda	linguistics/books/DSS-Amos-Linguistics.txt	473746	4960	6474c8222cb523c51ed4f1068a2a228c16f2731eb09bad3894cd07a739240926	PARTLY_RECONSTRUCTED	41	39	36	0	3	38	0	0	1	0	0	0	0
L1600497-R002	biblical_book	Amos	4	6		4Q82	1606741	f47ai_48	14	1600497				books/DSS-Amos.txt	343407	1709	2044348-2044349	2	1	53ba471991c67542b97d9c28c974d49222d1b5b98fa4f0cdd1b9e008ac8508d9	linguistics/books/DSS-Amos-Linguistics.txt	478706	1156	c97d4ddd6eafba5739ebacd8f13bf67ddca3f6d050e55e11cd359938e28f92aa	ALL_LETTER_SLOTS_RECONSTRUCTED	3	3	3	0	0	3	0	0	0	0	0	0	0
L1600498-R001	biblical_book	Amos	4	6		4Q82	1606741	f47ai_48	15	1600498				books/DSS-Amos.txt	345116	4366	2044350-2044363	14	1	b29a1877549d4a898e3b6db0cd7f5af718d4b1823840b4487bb47d5b330285ac	linguistics/books/DSS-Amos-Linguistics.txt	479862	6184	ea0918a578bad1fa7dc86508e344099a7910ff38d615aeab34dfc53bd59e7231	PARTLY_RECONSTRUCTED	52	49	37	6	6	39	6	0	0	0	0	0	0
L1600499-R001	biblical_book	Amos	4	6		4Q82	1606741	f47ai_48	16	1600499				books/DSS-Amos.txt	349482	2377	2044364-2044370	7	0	6c9781b941ed5c1e6707a067a5a3aa50887f4c6e7b80a14e865e6c16807880b3	linguistics/books/DSS-Amos-Linguistics.txt	486046	3117	15bf8c3a23ede1d9394693a55b8763f9f33f5c02388545ecce99eb4ac137932e	PARTLY_RECONSTRUCTED	20	17	12	2	3	15	2	0	1	0	0	0	0
L1600499-R002	biblical_book	Amos	4	7		4Q82	1606741	f47ai_48	16	1600499				books/DSS-Amos.txt	351859	3177	2044371-2044380	10	1	66e43346f76b670e21dcc019ec879f35188c37033f56011c5791d5089fcdbf69	linguistics/books/DSS-Amos-Linguistics.txt	489163	4382	079aac4c5f0827a4b6ad9ff79b379e7d38d459f08f991a77b7a6ebf9a280b849	PARTLY_RECONSTRUCTED	26	25	22	3	0	23	3	0	0	0	0	0	0
L1600500-R001	biblical_book	Amos	4	7		4Q82	1606741	f47ai_48	17	1600500				books/DSS-Amos.txt	355036	3621	2044381-2044394	14	1	213e29d3b6cb800018af5a7dc1a0b4d4207b919bd704e13c19ac17c9cd3542f0	linguistics/books/DSS-Amos-Linguistics.txt	493545	6027	8000c8c0f7a7ee4d7f0947ae75bc09936f078e01a53acb6fb2b5e597939ab6f3	PARTLY_RECONSTRUCTED	41	41	33	2	6	33	2	0	0	0	0	0	0
L1600501-R001	biblical_book	Amos	4	7		4Q82	1606741	f47ai_48	18	1600501				books/DSS-Amos.txt	358657	3272	2044395-2044406	12	0	35d136bb8d685f527ccd1db6a53119f664258b1b5da0373450b664590fbf50b8	linguistics/books/DSS-Amos-Linguistics.txt	499572	5260	7b37159cf280d8a2de519f059499e1dcb51460939931b00824694f7b0c039b21	PARTLY_RECONSTRUCTED	42	39	32	1	6	35	1	0	1	0	0	0	0
L1600501-R002	biblical_book	Amos	4	8		4Q82	1606741	f47ai_48	18	1600501				books/DSS-Amos.txt	361929	1706	2044407-2044408	2	1	d11a80831c35c4ed51b03372556dd82e16ee0d3f2770c812f327467462426318	linguistics/books/DSS-Amos-Linguistics.txt	504832	1160	839ade9b2021b2f68c49cce23cc9c66fd35461b844b1d30478c30bdcfc383d4f	NO_LETTER_RECONSTRUCTION_MARKED	4	4	0	0	4	0	0	0	0	0	0	0	0
L1600502-R001	biblical_book	Amos	4	8		4Q82	1606741	f47ai_48	19	1600502				books/DSS-Amos.txt	363635	3258	2044409-2044422	14	0	8162af413a164f46f7759318644dd9f2d5f12fa2ce09b53d3ce3126e19850042	linguistics/books/DSS-Amos-Linguistics.txt	505992	5985	196c83de15a8643991e9d7b6f4363698c8f86f0f0cec22a2fb735a3cda04f27e	PARTLY_RECONSTRUCTED	38	38	30	2	6	30	2	0	0	0	0	0	0
L1600503-R001	biblical_book	Amos	4	8		4Q82	1606741	f47ai_48	20	1600503				books/DSS-Amos.txt	366893	2204	2044423-2044427	5	0	43d7bdc210661345dfa4959479972d1d925f12e24a0023d8c3dabd95ce504a62	linguistics/books/DSS-Amos-Linguistics.txt	511977	2381	b826a8a8b340d579561b0f8070da283df6fc883ff2b683a5d85c0e68f60773b4	PARTLY_RECONSTRUCTED	17	14	9	2	3	11	2	0	1	0	0	0	0
L1600503-R002	biblical_book	Amos	4	9		4Q82	1606741	f47ai_48	20	1600503				books/DSS-Amos.txt	369097	3156	2044428-2044436	9	1	c6330356f45a2d8437e92bca8615cb0db4194eb2dbf2850d423f169bf2c79d5b	linguistics/books/DSS-Amos-Linguistics.txt	514358	4190	50c26df20b9e37197b480d191601c5f22abfb0c79edbb793981fea31a37c6073	ALL_LETTER_SLOTS_RECONSTRUCTED	36	34	34	0	0	36	0	0	0	0	0	0	0
L1600504-R001	biblical_book	Amos	4	9		4Q82	1606741	f47ai_48	21	1600504				books/DSS-Amos.txt	372253	4422	2044437-2044452	16	1	2c272050b2e9e674367b1bcf37f94176e00eb0f5b1737bfa38ef2781436ae5a0	linguistics/books/DSS-Amos-Linguistics.txt	518548	6780	297ee2658a60c3d93e4589057000af0714b18246c0c18ab4ee3a2355642e02dc	PARTLY_RECONSTRUCTED	51	46	41	1	4	45	1	0	1	0	0	0	0
L1600505-R001	biblical_book	Amos	5	1		4Q82	1606741	f49	1	1600505				books/DSS-Amos.txt	376675	3945	2044453-2044466	14	1	e5421b8ab16cfbc6f5bf7bc3c0136e17d5021d9c99e6b5eccdd3658500eb8786	linguistics/books/DSS-Amos-Linguistics.txt	525328	6078	36ede13da506cbc28d3a2b5b7be9bf9e6da1fd10dd150e788e0bb974ea5adc6e	PARTLY_RECONSTRUCTED	43	40	37	3	0	40	3	0	1	0	0	0	0
L1600506-R001	biblical_book	Amos	5	2		4Q82	1606741	f49	2	1600506				books/DSS-Amos.txt	380620	3798	2044467-2044478	12	1	d56b16b624d5821df0c6da05c8c816a7c052e22d996d4c259d79343a4783b178	linguistics/books/DSS-Amos-Linguistics.txt	531406	5380	39b640875eac789b1528446c4ca11299f385a15edcb34a0d948b20a9f8d223e4	PARTLY_RECONSTRUCTED	48	43	39	1	3	44	1	0	2	0	0	0	0
L1600507-R001	biblical_book	Amos	5	9		4Q82	1606741	f47aii+50	8	1600507				books/DSS-Amos.txt	384418	2605	2044479-2044487	9	0	67943fc2be6919b63db3ff820302624ad2c6e25dddc6f36a0019bdedb1620ad9	linguistics/books/DSS-Amos-Linguistics.txt	536786	3921	b7993ca9e69aa5391611393b1008523f7d2aa4347466fc8df8730cc10a92fb16	PARTLY_RECONSTRUCTED	21	19	12	7	0	14	7	0	1	0	0	0	0
L1600507-R002	biblical_book	Amos	5	10		4Q82	1606741	f47aii+50	8	1600507				books/DSS-Amos.txt	387023	2858	2044488-2044496	9	1	87cd60ec912237b40b7b2c2b50df0abd2b8ef80cd136b3b57569c6ab390c3c4d	linguistics/books/DSS-Amos-Linguistics.txt	540707	3969	474bacee0266f732a60fa7be0e5a9b6436c75fd05a392787c0f54b96aaeeed49	ALL_LETTER_SLOTS_RECONSTRUCTED	28	26	26	0	0	28	0	0	1	0	0	0	0
L1600508-R001	biblical_book	Amos	5	11		4Q82	1606741	f47aii+50	9	1600508				books/DSS-Amos.txt	389881	3408	2044497-2044506	10	2	e6ce3897d6875cda838b53703ed55d7b9915c49598eb65bb44711ff6a0a63ada	linguistics/books/DSS-Amos-Linguistics.txt	544676	4406	5166c9a3683e18fe279c4ad93e4d92234b95f8ba07282bfe848491a1d48c5bf5	ALL_LETTER_SLOTS_RECONSTRUCTED	28	27	27	0	0	28	0	0	0	0	0	0	0
L1600509-R001	biblical_book	Amos	5	11		4Q82	1606741	f47aii+50	10	1600509				books/DSS-Amos.txt	393289	4213	2044507-2044520	14	1	01ae5395f1beb238779696a887c9e283994629f05cc4e9af96e5240005c04246	linguistics/books/DSS-Amos-Linguistics.txt	549082	6102	ce6169077c887d391c3c206991d2097497c1d1a183fea288c21b02c963ac7d1a	PARTLY_RECONSTRUCTED	49	46	34	6	6	36	6	0	1	0	0	0	0
L1600510-R001	biblical_book	Amos	5	11		4Q82	1606741	f47aii+50	11	1600510				books/DSS-Amos.txt	397502	1639	2044521-2044522	2	0	a1cbc851b5ca8b5b326f948d0a410e4b2445f6ca24a766d346eaee0947e2b859	linguistics/books/DSS-Amos-Linguistics.txt	555184	1188	0194338fb329caf3c37724bb907336848327ef9607686fbe18d29ab9984f1db0	NO_LETTER_RECONSTRUCTION_MARKED	10	2	0	0	2	0	5	0	1	0	0	0	0
L1600510-R002	biblical_book	Amos	5	12		4Q82	1606741	f47aii+50	11	1600510				books/DSS-Amos.txt	399141	3415	2044523-2044531	9	1	82d189ee1c89d9b4ad41fd6b86ae5bad19eb4e63935947d4cd9d582d0478b871	linguistics/books/DSS-Amos-Linguistics.txt	556372	4243	05f53dab1cbee4cfcf23630b6bc7b1bea67abb93d581eb84eab8ae41749c5516	PARTLY_RECONSTRUCTED	40	38	31	5	2	33	5	0	0	0	0	0	0
L1600511-R001	biblical_book	Amos	5	12		4Q82	1606741	f47aii+50	12	1600511				books/DSS-Amos.txt	402556	2498	2044532-2044539	8	0	2e4048be427483ed04f67ab28472184409e5fdfdc0b97deb81b59f9df9fb8ac5	linguistics/books/DSS-Amos-Linguistics.txt	560615	3632	653dd5901d3be8222bc27272b94cece00f49bd264e562403a1fb1c09a05e16f6	PARTLY_RECONSTRUCTED	24	22	13	3	6	15	3	0	1	0	0	0	0
L1600511-R002	biblical_book	Amos	5	13		4Q82	1606741	f47aii+50	12	1600511				books/DSS-Amos.txt	405054	3169	2044540-2044551	12	1	b0c5b3b84986ee0be3e305f5da06054aeea564174043f9f6d9328b69492b6a7e	linguistics/books/DSS-Amos-Linguistics.txt	564247	5038	d20b11beea87c26fa2e55e480cc109bd181bec5a6574c3dff1df25a67408408b	ALL_LETTER_SLOTS_RECONSTRUCTED	26	26	26	0	0	26	0	0	0	0	0	0	0
L1600512-R001	biblical_book	Amos	5	13		4Q82	1606741	f47aii+50	13	1600512				books/DSS-Amos.txt	408223	1486	2044552-2044553	2	0	2d70015543d56412f5637b162eef123d8cd5fdad56b3f68b730e297f87ad2232	linguistics/books/DSS-Amos-Linguistics.txt	569285	1138	e07067d47b8d37639c44d1c41f8e129e8f9fb5953b9cd1d6ad0dc1f65157e079	NO_LETTER_RECONSTRUCTION_MARKED	5	3	0	1	2	0	1	0	1	0	0	0	0
L1600512-R002	biblical_book	Amos	5	14		4Q82	1606741	f47aii+50	13	1600512				books/DSS-Amos.txt	409709	3960	2044554-2044567	14	1	db6ddf59d13e18b92d72b429469e8bf5c1fdfc1903776ca806ed3b087f48d58a	linguistics/books/DSS-Amos-Linguistics.txt	570423	6080	9002a4843ee36514f8652f4df70b1737ad1168a103e80049ca7bfe02556122ae	PARTLY_RECONSTRUCTED	44	43	36	2	5	37	2	0	0	0	0	0	0
L1600513-R001	biblical_book	Amos	5	14		4Q82	1606741	f47aii+50	14	1600513				books/DSS-Amos.txt	413669	1893	2044568-2044571	4	0	3b7ce2ca0e543be3eab1d26cbe834c0e01045d9fb7bcf84def05bcba287aee0b	linguistics/books/DSS-Amos-Linguistics.txt	576503	1950	9ef57dfd193ecbf939b4521512acd24d4aebe9eb0f6ea86a3abd272ceb5f5aca	NO_LETTER_RECONSTRUCTION_MARKED	11	9	0	2	7	0	2	0	1	0	0	0	0
L1600513-R002	biblical_book	Amos	5	15		4Q82	1606741	f47aii+50	14	1600513				books/DSS-Amos.txt	415562	3392	2044572-2044582	11	1	15696f67d449110c83a5c8a337f351ae2594b70b59154e86528b3b7883920273	linguistics/books/DSS-Amos-Linguistics.txt	578453	4869	9b148df4ca438cbbd6247aae69d7e29a2dd1f91bb516e0f616b811317593362d	PARTLY_RECONSTRUCTED	34	34	26	5	3	26	5	0	0	0	0	0	0
L1600514-R001	biblical_book	Amos	5	15		4Q82	1606741	f47aii+50	15	1600514				books/DSS-Amos.txt	418954	3502	2044583-2044589	7	2	bef4be56fbd1153e805441d47bb12afb02332e91753183c3e07f70edff54b66e	linguistics/books/DSS-Amos-Linguistics.txt	583322	3376	1ef11b33396ae3ef0480e7815753295d2933571069f2250577f069371b4e28b8	PARTLY_RECONSTRUCTED	31	28	7	4	17	9	4	0	1	0	0	0	0
L1600515-R001	biblical_book	Amos	5	16		4Q82	1606741	f47aii+50	16	1600515				books/DSS-Amos.txt	422456	4351	2044590-2044605	16	1	639e0346dd8473cd720812898f2c74b24af54cbed67455927fa8f62b0285f982	linguistics/books/DSS-Amos-Linguistics.txt	586698	6944	f1933437d669263d5f162585cd891047e03e7fa24ac7e71b81fc78d034419fe6	PARTLY_RECONSTRUCTED	47	47	28	6	13	28	6	0	0	0	0	0	0
L1600516-R001	biblical_book	Amos	5	16		4Q82	1606741	f47aii+50	17	1600516				books/DSS-Amos.txt	426807	3428	2044606-2044619	14	0	498c59dfb9d56d612830b17fde0fd95568981c7c6762b050559a22e4209ebf6a	linguistics/books/DSS-Amos-Linguistics.txt	593642	5977	08e768c6caa034b47f904853804911e23c8522807740fdea29a61ee5785f118d	PARTLY_RECONSTRUCTED	40	38	22	2	14	24	2	0	1	0	0	0	0
L1600516-R002	biblical_book	Amos	5	17		4Q82	1606741	f47aii+50	17	1600516				books/DSS-Amos.txt	430235	2014	2044620-2044623	4	1	d478ffd79200fc476dd2413dd017320e183d5956c1a1e4a0d972efd4eb2880fd	linguistics/books/DSS-Amos-Linguistics.txt	599619	1968	084b0af3e3ec10c45316b1e132ca939488743054d45aab6a99e245585352546b	ALL_LETTER_SLOTS_RECONSTRUCTED	9	9	9	0	0	9	0	0	0	0	0	0	0
L1600517-R001	biblical_book	Amos	5	17		4Q82	1606741	f47aii+50	18	1600517				books/DSS-Amos.txt	432249	2623	2044624-2044631	8	0	bbd84460164d5317e10bc0a67bf3c9596c30b5332dd36a97eb39f53ea3f6bfc0	linguistics/books/DSS-Amos-Linguistics.txt	601587	3649	93fb1294bf6f0da4d4cb4389c6c7827d312db19b121f228dc1e60b3ab16952fb	PARTLY_RECONSTRUCTED	25	22	8	5	9	10	5	0	1	0	0	0	0
L1600517-R002	biblical_book	Amos	5	18		4Q82	1606741	f47aii+50	18	1600517				books/DSS-Amos.txt	434872	2449	2044632-2044635	4	2	d1d2efc9f0f233e109c03080e62b3429860c0eb468dd6fbf02d4335c45e4fcc9	linguistics/books/DSS-Amos-Linguistics.txt	605236	1974	0c1c587145e95af276ea5886e640dad3c47256279e264d72103b0f853fc4b27e	ALL_LETTER_SLOTS_RECONSTRUCTED	12	12	12	0	0	12	0	0	0	0	0	0	0
L1600518-R001	biblical_book	Amos	5	18		4Q82	1606741	f47aii+50	19	1600518				books/DSS-Amos.txt	437321	3710	2044636-2044648	13	1	9afb70ca2f705a69538974780bb67a156c01fb3bf16d101f3a08d2bf9dfe4727	linguistics/books/DSS-Amos-Linguistics.txt	607210	5568	63087a7f40079cf6fceea7e4e35417f573764d5e01a3a31fb563fd24fe397e95	PARTLY_RECONSTRUCTED	38	35	31	2	2	34	2	0	1	0	0	0	0
L1600519-R001	biblical_book	Amos	6	1		4Q82	1606741	f47b+51_58	1	1600519				books/DSS-Amos.txt	441031	2750	2044649-2044657	9	0	e52e5d4bb7b420cd15a4e70d4210b0f3ad89e2b7ba7e75b8b59ac99d16b08d19	linguistics/books/DSS-Amos-Linguistics.txt	612778	4045	638ad98bd3a85c58dedaf768dce98dac558785416982686a921730d6cea947a4	PARTLY_RECONSTRUCTED	28	25	18	1	6	21	1	0	1	0	0	0	0
L1600519-R002	biblical_book	Amos	6	2		4Q82	1606741	f47b+51_58	1	1600519				books/DSS-Amos.txt	443781	2056	2044658-2044661	4	1	d096058727ebeb898486142756fb2becea5d7d6110eec4df8863af33153f66cb	linguistics/books/DSS-Amos-Linguistics.txt	616823	2019	d75f07df07b6c7e0ced9007b39b632cfa013a6932bd85c006cc5bab31adde9f4	ALL_LETTER_SLOTS_RECONSTRUCTED	12	12	12	0	0	12	0	0	0	0	0	0	0
L1600520-R001	biblical_book	Amos	6	2		4Q82	1606741	f47b+51_58	2	1600520				books/DSS-Amos.txt	445837	3325	2044662-2044672	11	1	395efb622735934136616437a46404dba69e2c7ed774d54ce6b4861e5af40e08	linguistics/books/DSS-Amos-Linguistics.txt	618842	4844	58eafaa7f14fa80400e113b48fdd5d3a8e3f8a00f6c0952c60ef5750b445156c	PARTLY_RECONSTRUCTED	33	26	19	1	6	23	4	1	3	0	0	0	0
L1600521-R001	biblical_book	Amos	6	2		4Q82	1606741	f47b+51_58	3	1600521				books/DSS-Amos.txt	449162	3278	2044673-2044682	10	0	526c63461b03d76b7d0d267d8b90234e40a853e64818d6d18e1ffdc45c74280d	linguistics/books/DSS-Amos-Linguistics.txt	623686	4474	b0d357ac4bc65857b809e1db5a71dd57b7623839524b2fe992f23b030d7c19b1	PARTLY_RECONSTRUCTED	30	26	12	6	8	15	6	0	1	0	0	0	0
L1600521-R002	biblical_book	Amos	6	3		4Q82	1606741	f47b+51_58	3	1600521				books/DSS-Amos.txt	452440	1742	2044683-2044684	2	1	f74f1db483ede23111af4af81f117ffcf586f5afcd15956a64a52a0e9af53d6e	linguistics/books/DSS-Amos-Linguistics.txt	628160	1171	edfcbb6f106da5da1bfacd4386fe4c54e7724d35583e580943470bfe812150c7	ALL_LETTER_SLOTS_RECONSTRUCTED	6	6	6	0	0	6	0	0	0	0	0	0	0
L1600522-R001	biblical_book	Amos	6	3		4Q82	1606741	f47b+51_58	4	1600522				books/DSS-Amos.txt	454182	2788	2044685-2044693	9	0	c569725f9d53a17aa62702e6deb04f0cbfd6e3f3fb167fc5f976f998f5f3759a	linguistics/books/DSS-Amos-Linguistics.txt	629331	3817	61e728b076502c0e108a6777efa384d60cbdb5e98649521884ad656fb89120c8	PARTLY_RECONSTRUCTED	24	13	6	2	5	13	5	2	4	0	0	0	0
L1600522-R002	biblical_book	Amos	6	4		4Q82	1606741	f47b+51_58	4	1600522				books/DSS-Amos.txt	456970	2201	2044694-2044698	5	1	220a68caca3ef98b8360f585f62d57f67b9463794a8692c57f7878045c587c4e	linguistics/books/DSS-Amos-Linguistics.txt	633148	2378	3b7555b54e84e6823bb7db911e1976991a4ad68e4ef003b4cdc7a01d3442107f	ALL_LETTER_SLOTS_RECONSTRUCTED	14	14	14	0	0	14	0	0	0	0	0	0	0
L1600523-R001	biblical_book	Amos	6	4		4Q82	1606741	f47b+51_58	5	1600523				books/DSS-Amos.txt	459171	3855	2044699-2044711	13	1	fec15ecf62918eddf4b1b1252efea4fe4f50bd08eccd5e9f82c506cc143d831c	linguistics/books/DSS-Amos-Linguistics.txt	635526	5660	3df0692145d3263bcad2750de3ed506ab6f926163594d5ca5b63f5970b58db86	PARTLY_RECONSTRUCTED	40	38	33	3	2	35	3	0	1	0	0	0	0
L1600524-R001	biblical_book	Amos	6	4		4Q82	1606741	f47b+51_58	6	1600524				books/DSS-Amos.txt	463026	1451	2044712-2044713	2	0	c96973b697019759ec6f128c0655116668fa967f38f4b2d36facf969512fe0b1	linguistics/books/DSS-Amos-Linguistics.txt	641186	1188	b5af1d811f2a9080e299c092fdb782b41bedc4ad993a71e2b2a2c8eae4f7e669	ALL_LETTER_SLOTS_RECONSTRUCTED	6	4	4	0	0	6	0	0	1	0	0	0	0
L1600524-R002	biblical_book	Amos	6	5		4Q82	1606741	f47b+51_58	6	1600524				books/DSS-Amos.txt	464477	3541	2044714-2044726	13	1	470cf08303a589921a37bc4c05faf118dab2f7d6f1658c7b051ff9c0ebb3fec2	linguistics/books/DSS-Amos-Linguistics.txt	642374	5482	68eefdf6a5765672d6372de5f95931f2841759a1a6c482d864aabc2ec05d6925	ALL_LETTER_SLOTS_RECONSTRUCTED	35	32	32	0	0	35	0	0	1	0	0	0	0
L1600525-R001	biblical_book	Amos	6	6		4Q82	1606741	f47b+51_58	7	1600525				books/DSS-Amos.txt	468018	3671	2044727-2044738	12	1	4602e09b6b266e175fb9d4ca07437f9ab2f1c9de47e236c373c0ab0728c49169	linguistics/books/DSS-Amos-Linguistics.txt	647856	5273	0f658b0f1194dd3fb17c203905ddbaa4a4f02feef2dfd46995cc84678f45a73e	PARTLY_RECONSTRUCTED	37	37	31	5	1	31	5	0	0	0	0	0	0
L1600526-R001	biblical_book	Amos	6	6		4Q82	1606741	f47b+51_58	8	1600526				books/DSS-Amos.txt	471689	1753	2044739-2044742	4	0	40f957e04cd780445bbd982da44ff54dd8d728946a8ff630ef7e6b9c2ce1187f	linguistics/books/DSS-Amos-Linguistics.txt	653129	1969	0f4e23c02de1b02feb935774c7360753506af04a3a6d670d7b497e5015422fb3	ALL_LETTER_SLOTS_RECONSTRUCTED	11	9	9	0	0	11	0	0	1	0	0	0	0
L1600526-R002	biblical_book	Amos	6	7		4Q82	1606741	f47b+51_58	8	1600526				books/DSS-Amos.txt	473442	2917	2044743-2044752	10	1	91616470d96972505977ba6edaac7f981e6322c38a3b36ba112dd67b3347f43c	linguistics/books/DSS-Amos-Linguistics.txt	655098	4367	ece1072a555372d645e0681b5f95261b0b399a6df99a2270dbb894d1f529f3ba	ALL_LETTER_SLOTS_RECONSTRUCTED	25	25	25	0	0	25	0	0	0	0	0	0	0
L1600527-R001	biblical_book	Amos	6	7		4Q82	1606741	f47b+51_58	9	1600527				books/DSS-Amos.txt	476359	1460	2044753-2044754	2	0	28f95096bc6772b008635904372b855ae6c2d4270306136af197deba719ae18d	linguistics/books/DSS-Amos-Linguistics.txt	659465	1200	14bd4799537e18e1956f16aa2fac48df6f6a0edaafff4995e162d1971b2704f3	ALL_LETTER_SLOTS_RECONSTRUCTED	8	6	6	0	0	6	0	0	1	0	0	0	0
L1600527-R002	biblical_book	Amos	6	8		4Q82	1606741	f47b+51_58	9	1600527				books/DSS-Amos.txt	477819	3249	2044755-2044762	8	1	4ecc20d8cda0f522390fe175f6bb51a9a70e2d1a6097cca4778855cbf506b673	linguistics/books/DSS-Amos-Linguistics.txt	660665	3797	f318bad7e7bc40acfea288006074cd6004a388ad2042ccdb69892f7997090d3b	PARTLY_RECONSTRUCTED	31	29	15	7	7	16	7	0	1	0	0	0	0
L1600528-R001	biblical_book	Amos	6	8		4Q82	1606741	f47b+51_58	10	1600528				books/DSS-Amos.txt	481068	3395	2044763-2044769	7	1	d07b6e67d3b91d8698763a221f915b6e10989b9b3d9a4f281e0a6fe5b95f10a6	linguistics/books/DSS-Amos-Linguistics.txt	664462	3420	54bd6f8accec7ccf1fc0ee3108206afa128dfbeec89552579e6941c971a3739e	PARTLY_RECONSTRUCTED	28	26	9	10	7	11	10	1	1	0	0	0	0
L1600529-R001	biblical_book	Amos	6	8		4Q82	1606741	f47b+51_58	11	1600529				books/DSS-Amos.txt	484463	3183	2044770-2044779	10	0	d4298bd7597a96bea506a696042f7b69578dd158aea14f284136663ba4b895ae	linguistics/books/DSS-Amos-Linguistics.txt	667882	4392	81215de73e28db6956d72fcb32d2d9fd4045a964a93370706c1c026cf8232ee0	PARTLY_RECONSTRUCTED	34	28	15	4	9	21	4	1	2	0	0	0	0
L1600529-R002	biblical_book	Amos	6	9		4Q82	1606741	f47b+51_58	11	1600529				books/DSS-Amos.txt	487646	1725	2044780-2044781	2	1	2492b9303395515b1534f643d4940d768b23612cdc0f35bfd28dce296a63685b	linguistics/books/DSS-Amos-Linguistics.txt	672274	1158	cd0918fe6ec1c768a2f4e9be6822a9d8ee6a032e50c4b208b5b3f6562bd424f9	ALL_LETTER_SLOTS_RECONSTRUCTED	4	4	4	0	0	4	0	0	0	0	0	0	0
L1600530-R001	biblical_book	Amos	6	9		4Q82	1606741	f47b+51_58	12	1600530				books/DSS-Amos.txt	489371	2998	2044782-2044791	10	0	aba48d2788faec133fcb17f293f62b3bc0425f6e2121115661cb6572e85f434a	linguistics/books/DSS-Amos-Linguistics.txt	673432	4430	07a9bb1d4597ec230f29801b5a661b48eec6eed3b5976fdae157622314c50ac7	PARTLY_RECONSTRUCTED	29	27	14	8	5	16	8	0	1	0	0	0	0
L1600530-R002	biblical_book	Amos	6	10		4Q82	1606741	f47b+51_58	12	1600530				books/DSS-Amos.txt	492369	2599	2044792-2044796	5	1	ed407bd3e251ec18cd8ef106487e4394458942c7f06cfc4e1467adc6a1d44c56	linguistics/books/DSS-Amos-Linguistics.txt	677862	2405	c30c1eaf72d969edeb9478928cd2f11d9ea7befbd0c5b7fec23cd36d557dd9d7	ALL_LETTER_SLOTS_RECONSTRUCTED	18	15	15	0	0	18	0	0	0	0	0	0	0
L1600531-R001	biblical_book	Amos	6	10		4Q82	1606741	f47b+51_58	13	1600531				books/DSS-Amos.txt	494968	3895	2044797-2044812	16	1	11c7d1c8f868e95622fce852aa9381fdba1ae4012f28e5eaf7fd8c0dd599bb55	linguistics/books/DSS-Amos-Linguistics.txt	680267	6755	d28191dc571d3a622855cee146f7d98dd2437c88b7e963b1291f43a600fdcf78	PARTLY_RECONSTRUCTED	39	39	27	3	9	27	3	0	0	0	0	0	0
L1600532-R001	biblical_book	Amos	6	10		4Q82	1606741	f47b+51_58	14	1600532				books/DSS-Amos.txt	498863	4106	2044813-2044827	15	1	f8c5266037a3c0e7858523c471e3c04bcefef8dd6a57a3d93d4d871d21f27197	linguistics/books/DSS-Amos-Linguistics.txt	687022	6241	ee839d1d7eb1c2545138b6f936c80c946cf72f6e0e122feb43823165eb9b6e3a	PARTLY_RECONSTRUCTED	36	33	26	6	1	27	6	0	1	0	0	0	0
L1600533-R001	biblical_book	Amos	6	11		4Q82	1606741	f47b+51_58	15	1600533				books/DSS-Amos.txt	502969	3922	2044828-2044841	14	1	78d46fb4785de67b8577d4938e6285e16f77faf7c66190c7a41d3b018e111f68	linguistics/books/DSS-Amos-Linguistics.txt	693263	6066	f4b8e8fe1cfe11daca2604771201610a74ccfd90219bac6f7a7ff576244e169e	PARTLY_RECONSTRUCTED	37	37	25	7	5	25	7	0	0	0	0	0	0
L1600534-R001	biblical_book	Amos	6	11		4Q82	1606741	f47b+51_58	16	1600534				books/DSS-Amos.txt	506891	1747	2044842-2044845	4	0	c6c47cfe7882c15925250a63374c6c441c49c570a9ef416ba683c3662590cf68	linguistics/books/DSS-Amos-Linguistics.txt	699329	1973	0b612de079f47c1d3f037573faf3bcacff0a5ef78b5035c9a60ee51ad33ad27b	ALL_LETTER_SLOTS_RECONSTRUCTED	11	9	9	0	0	11	0	0	1	0	0	0	0
L1600534-R002	biblical_book	Amos	6	12		4Q82	1606741	f47b+51_58	16	1600534				books/DSS-Amos.txt	508638	3189	2044846-2044854	9	1	ce35f05e82922e1c1f215a07586e068cf78851f13e3a1316f10dd688b7e52725	linguistics/books/DSS-Amos-Linguistics.txt	701302	4040	16c585e5e5a4b2b8f1dd145127815150ee877ae687f585087d2b4a156c7ae435	PARTLY_RECONSTRUCTED	29	28	13	3	12	14	3	0	0	0	0	0	0
L1600535-R001	biblical_book	Amos	6	12		4Q82	1606741	f47b+51_58	17	1600535				books/DSS-Amos.txt	511827	3309	2044855-2044865	11	0	fbd61971b4e2a69de4e9d13b7febb2085fe922209d7cfba8455d1b46effca76a	linguistics/books/DSS-Amos-Linguistics.txt	705342	4881	72880ef14dda2e06ae02732b267795aa5965b4ebc45ce7b19027fc7e182cf570	PARTLY_RECONSTRUCTED	32	28	12	6	10	16	6	0	3	0	0	0	0
L1600535-R002	biblical_book	Amos	6	13		4Q82	1606741	f47b+51_58	17	1600535				books/DSS-Amos.txt	515136	1821	2044866-2044867	2	1	18764d6e434a0aa5436aa838c62ca5b15d4a935b2802d9b84af816055b5fdae1	linguistics/books/DSS-Amos-Linguistics.txt	710223	1220	ffa3f3b497a483d8e55e54138f6c43eebd14f061dade82227c820810203b3805	PARTLY_RECONSTRUCTED	6	6	4	2	0	4	2	0	0	0	0	0	0
L1600536-R001	biblical_book	Amos	6	13		4Q82	1606741	f47b+51_58	18	1600536				books/DSS-Amos.txt	516957	3830	2044868-2044880	13	1	291d912386b9586eafee0f86458fb02bc1491a4dbf824f332a8d6837cab110f8	linguistics/books/DSS-Amos-Linguistics.txt	711443	5586	eeb62c3692838eb429cab8c5d4bc90eb2082c33018e72ba3af30eb94d69a59f6	PARTLY_RECONSTRUCTED	39	35	27	4	4	30	4	0	1	0	0	0	0
L1600537-R001	biblical_book	Amos	6	14		4Q82	1606741	f47b+51_58	19	1600537				books/DSS-Amos.txt	520787	2241	2044881-2044884	4	1	b557ea522771fd974107e1fe4e1415dc54c80f3b39ff7b80cda707c66a40724f	linguistics/books/DSS-Amos-Linguistics.txt	717029	1906	9dd81afd1abd4d02ec73486f0e4137eacefb9a8cbc66b6f2ad5ac3bcd7b0b950	NO_LETTER_RECONSTRUCTION_MARKED	10	1	0	1	0	5	5	2	3	0	0	0	0
L1600538-R001	biblical_book	Amos	6	14		4Q82	1606741	f47b+51_58	20	1600538				books/DSS-Amos.txt	523028	3346	2044885-2044894	10	1	c51f2e27d2cbadf9d6cd45746cb84715b2f0e6535a0409e2754e837d46ccb35f	linguistics/books/DSS-Amos-Linguistics.txt	718935	4452	fb234c4032edef532aec60ba2e38c27531383e0086d7f0a68bdcc6dc9f948671	PARTLY_RECONSTRUCTED	32	29	20	3	6	23	3	1	1	0	0	0	0
L1600539-R001	biblical_book	Amos	6	14		4Q82	1606741	f47b+51_58	21	1600539				books/DSS-Amos.txt	526374	2444	2044895-2044903	9	0	99c085e9124e0c82a5e32328e279c0239ac59495515304a6945136b7ea56ff21	linguistics/books/DSS-Amos-Linguistics.txt	723387	3915	c760b9e3ef7ff8ac632eebe388fa96eeec6a69dc1c0008fa62c6787ccbd7711d	ALL_LETTER_SLOTS_RECONSTRUCTED	20	18	18	0	0	20	0	0	1	0	0	0	0
L1600539-R002	biblical_book	Amos	7	1		4Q82	1606741	f47b+51_58	21	1600539				books/DSS-Amos.txt	528818	2417	2044904-2044907	4	1	bc43babd0ec32e6622582d7561fea010b8b94289d4a1aaf2fec27af5b50273f3	linguistics/books/DSS-Amos-Linguistics.txt	727302	2100	520e586b3bb9b3b1127f0ee382864ca494d1f18eb3265d8a8fa9ddc66898b7de	PARTLY_RECONSTRUCTED	17	16	11	3	2	11	3	0	0	0	0	0	0
L1600540-R001	biblical_book	Amos	7	1		4Q82	1606741	f47b+51_58	22	1600540				books/DSS-Amos.txt	531235	3484	2044908-2044920	13	1	3f185024453aef12c388cbaae5bb711e517f1055dff46c5844fada71ad9e9148	linguistics/books/DSS-Amos-Linguistics.txt	729402	5593	5027f25afc5a8a4614065e1583cde8de4092a9ce79782bb710142824e85dcb51	PARTLY_RECONSTRUCTED	33	31	28	1	2	28	1	0	1	0	0	0	0
L1600541-R001	biblical_book	Amos	7	7		4Q82	1606741	f52b_54b+56b+59_64	1	1600541				books/DSS-Amos.txt	534719	3795	2044921-2044934	14	0	262eb126b0da44bb15e8a798de32fa634fb7aa1d32cf9471d100d21d399068d7	linguistics/books/DSS-Amos-Linguistics.txt	734995	6067	ee44aad6d8a9538e5f801be9c2595ad8bd861e0410f4563df2d46f55843c1127	PARTLY_RECONSTRUCTED	40	36	21	7	8	22	7	0	1	0	0	0	0
L1600541-R002	biblical_book	Amos	7	8		4Q82	1606741	f52b_54b+56b+59_64	1	1600541				books/DSS-Amos.txt	538514	2413	2044935-2044938	4	1	85d1ed1dec84f501773caa3adcef6fbb3aecc090b5519ce9343c15adf5f16837	linguistics/books/DSS-Amos-Linguistics.txt	741062	2079	50e307a58992e46ba9c42a29c7e5c0643dbea7585b42027812931b9220089bca	PARTLY_RECONSTRUCTED	14	14	6	4	4	6	4	0	0	0	0	0	0
L1600542-R001	biblical_book	Amos	7	8		4Q82	1606741	f52b_54b+56b+59_64	2	1600542				books/DSS-Amos.txt	540927	4549	2044939-2044954	16	1	2a52cc2c28f4fe57eb96bb134d7f390aec9a655c1384e6bc558edbce08e9cab6	linguistics/books/DSS-Amos-Linguistics.txt	743141	6896	2c3548aa3aa970a3dda11a0b119ac812e840e2115fdf69201700d519512d6dc6	PARTLY_RECONSTRUCTED	47	45	19	4	22	20	4	0	0	0	0	0	0
L1600543-R001	biblical_book	Amos	7	8		4Q82	1606741	f52b_54b+56b+59_64	3	1600543				books/DSS-Amos.txt	545476	2702	2044955-2044962	8	0	7c93add8dd2346c10b62ae16ce5bbb6390a33c70e2402b3cf774a930dff4398a	linguistics/books/DSS-Amos-Linguistics.txt	750037	3639	f12931b3636b066a05eb77ac9948a30f75e7958f738884a893d242d0a732a8a1	PARTLY_RECONSTRUCTED	29	25	22	1	2	23	1	0	1	0	0	0	0
L1600543-R002	biblical_book	Amos	7	9		4Q82	1606741	f52b_54b+56b+59_64	3	1600543				books/DSS-Amos.txt	548178	2973	2044963-2044969	7	1	ea2abdb666d7fcf94f99ec0f3e874b39980d68fd0426737f5076bcda88b65e33	linguistics/books/DSS-Amos-Linguistics.txt	753676	3415	f89566e3ae6777fa9f27f87f5fa89baa4e4817c5ced4d66264b48579610a0f66	PARTLY_RECONSTRUCTED	24	24	7	4	13	7	4	0	0	0	0	0	0
L1600544-R001	biblical_book	Amos	7	9		4Q82	1606741	f52b_54b+56b+59_64	4	1600544				books/DSS-Amos.txt	551151	2608	2044970-2044978	9	0	b82abb95d4cab1e07ca6372c1766af811f7ea8ee346b1329b2c721a669b4b664	linguistics/books/DSS-Amos-Linguistics.txt	757091	3968	f9013f6b0e5a16d085538b74231d4502a958821fa505b5b2c0f6eb12fd4b34f8	ALL_LETTER_SLOTS_RECONSTRUCTED	26	20	20	0	0	25	1	1	3	0	0	0	0
L1600544-R002	biblical_book	Amos	7	10		4Q82	1606741	f52b_54b+56b+59_64	4	1600544				books/DSS-Amos.txt	553759	2092	2044979-2044982	4	1	06e72b645cac9ce68245bc926e0ad447a7460d54418802a66929df845a685470	linguistics/books/DSS-Amos-Linguistics.txt	761059	2077	6a5fa81610dea7e70ba690afc3acfc06d1be351e34bdc8a981644a2d6bebd301	ALL_LETTER_SLOTS_RECONSTRUCTED	13	13	13	0	0	13	0	0	0	0	0	0	0
L1600545-R001	biblical_book	Amos	7	10		4Q82	1606741	f52b_54b+56b+59_64	5	1600545				books/DSS-Amos.txt	555851	3983	2044983-2044996	14	1	f4c9d2f0de52493dd796a2000d078606b01a9f07300e50482bf3c4db4c75c1df	linguistics/books/DSS-Amos-Linguistics.txt	763136	6245	79022401334d55f577171d84db11a4d5091c30e8e790369f85d42574b0be0dcf	PARTLY_RECONSTRUCTED	43	42	33	3	6	34	3	0	0	0	0	0	0
L1600546-R001	biblical_book	Amos	7	10		4Q82	1606741	f52b_54b+56b+59_64	6	1600546				books/DSS-Amos.txt	559834	3315	2044997-2045007	11	0	44d9ea73c3dcfca6f5f87ff3ce4b46ab3038b002fe3e7033ae72a2c00388c6b2	linguistics/books/DSS-Amos-Linguistics.txt	769381	4843	ce39553643af781997aea149dd3277d2d5dacc198c0babd356378417ed08877d	PARTLY_RECONSTRUCTED	33	30	21	5	4	24	5	0	1	0	0	0	0
L1600546-R002	biblical_book	Amos	7	11		4Q82	1606741	f52b_54b+56b+59_64	6	1600546				books/DSS-Amos.txt	563149	2362	2045008-2045013	6	1	8b637a2f678f2899118a4c7abb78414d624b2655e007611c02acef95d78d19d7	linguistics/books/DSS-Amos-Linguistics.txt	774224	2820	b69e9453268b218d05cec18202821540ec7dda91f30382930d93526c465b1245	ALL_LETTER_SLOTS_RECONSTRUCTED	15	15	15	0	0	15	0	0	0	0	0	0	0
L1600547-R001	biblical_book	Amos	7	11		4Q82	1606741	f52b_54b+56b+59_64	7	1600547				books/DSS-Amos.txt	565511	2982	2045014-2045023	10	0	9b49fc4b92e16c3a5b8c4cb0f0d22484ae17bde7fc824b550c7c97f6593591af	linguistics/books/DSS-Amos-Linguistics.txt	777044	4535	d8321bbebf416bde45c2979ccfac1de1769158e8353d9eb9e857da565ce10b08	PARTLY_RECONSTRUCTED	33	30	25	2	3	28	2	0	1	0	0	0	0
L1600547-R002	biblical_book	Amos	7	12		4Q82	1606741	f52b_54b+56b+59_64	7	1600547				books/DSS-Amos.txt	568493	2247	2045024-2045028	5	1	b6f4c3137532977acf749800dd06fa4d25bc87347859e1df889e33747c4cdf88	linguistics/books/DSS-Amos-Linguistics.txt	781579	2472	01d032438528ee2fe64e1ee2be17c898fd74443d5c98fcd3e224dab6dd9e3a9c	ALL_LETTER_SLOTS_RECONSTRUCTED	16	16	16	0	0	16	0	0	0	0	0	0	0
L1600548-R001	biblical_book	Amos	7	12		4Q82	1606741	f52b_54b+56b+59_64	8	1600548				books/DSS-Amos.txt	570740	3871	2045029-2045043	15	1	a16e5786c96c9f202f691d6d5402a59a65fd0cf36743b4b8de72ce2412038a2f	linguistics/books/DSS-Amos-Linguistics.txt	784051	6366	e0f09e16b889329362346381bf4ca4a5fe34f628b9521f858de8c2dc877ac92e	PARTLY_RECONSTRUCTED	40	37	34	2	1	34	2	0	1	0	0	0	0
L1600549-R001	biblical_book	Amos	7	13		4Q82	1606741	f52b_54b+56b+59_64	9	1600549				books/DSS-Amos.txt	574611	4060	2045044-2045060	17	1	f40c8e76c497c3c368776e7955c3367b70014822d7e7f23c0bdbbbf39bc18267	linguistics/books/DSS-Amos-Linguistics.txt	790417	7254	adac6496af5e1a08742fc770dfa75323ca40478c3ee1f4c377346c0f9db4aa91	ALL_LETTER_SLOTS_RECONSTRUCTED	47	45	45	0	0	45	0	0	1	0	0	0	0
L1600550-R001	biblical_book	Amos	7	14		4Q82	1606741	f52b_54b+56b+59_64	10	1600550				books/DSS-Amos.txt	578671	3224	2045061-2045071	11	1	606addf4d1a1c3eacf31f33af190f8ea814279f1456666d89729a4effeb8ac0a	linguistics/books/DSS-Amos-Linguistics.txt	797671	4734	acccd17255e3b9ffdd25bddb10737fb530d95e04b7c16463d72a7a4fbf68b411	ALL_LETTER_SLOTS_RECONSTRUCTED	28	22	22	0	0	27	1	2	3	0	0	0	0
L1600551-R001	biblical_book	Amos	7	14		4Q82	1606741	f52b_54b+56b+59_64	11	1600551				books/DSS-Amos.txt	581895	3416	2045072-2045085	14	0	89bb6b4f62c22316244b97f4b891faa4aa5652c4ffdc28792c7deab1f4222f4e	linguistics/books/DSS-Amos-Linguistics.txt	802405	6154	e6447cc4d405aaf08119208af39f12da3665357189b83ac9422deb284af11f33	PARTLY_RECONSTRUCTED	45	40	28	0	12	31	2	0	2	0	0	0	0
L1600551-R002	biblical_book	Amos	7	15		4Q82	1606741	f52b_54b+56b+59_64	11	1600551				books/DSS-Amos.txt	585311	1910	2045086-2045087	2	1	9c15e7bf35c031b9b406990453d4410549090007c800eeb2414ca2ee531bd49b	linguistics/books/DSS-Amos-Linguistics.txt	808559	1203	eeff1539a54c20b2a64d2cff4479d394edba45e4704693bab09ead72f0e7e170	ALL_LETTER_SLOTS_RECONSTRUCTED	7	6	6	0	0	7	0	0	0	0	0	0	0
L1600552-R001	biblical_book	Amos	7	15		4Q82	1606741	f52b_54b+56b+59_64	12	1600552				books/DSS-Amos.txt	587221	4188	2045088-2045101	14	1	759d261332cd606c06162ecf1e8c43f3fb78643e6f0c3e9d80e345d0a81accbe	linguistics/books/DSS-Amos-Linguistics.txt	809762	6024	852494000675e29fd4c42603a9dcc6560dc98b34c1bb9be7c5db2fbc15ccc0ff	PARTLY_RECONSTRUCTED	42	39	24	6	9	27	6	0	1	0	0	0	0
L1600553-R001	biblical_book	Amos	7	16		4Q82	1606741	f52b_54b+56b+59_64	13	1600553				books/DSS-Amos.txt	591409	4367	2045102-2045119	18	1	0870ebc24d125bb70d70d9a43d9cf098fd97e6c2c536fcabbdec6dc35274b81a	linguistics/books/DSS-Amos-Linguistics.txt	815786	7687	4725ee673a53b114cc4859945f8d87af1a242dc801142180612029404f992a2a	PARTLY_RECONSTRUCTED	51	49	41	3	5	43	3	0	1	0	0	0	0
L1600554-R001	biblical_book	Amos	7	17		4Q82	1606741	f52b_54b+56b+59_64	14	1600554				books/DSS-Amos.txt	595776	4371	2045120-2045135	16	1	d2d7caea3ec19c6ed83bca44734bbf57866721998bdad21e758b49648db50e01	linguistics/books/DSS-Amos-Linguistics.txt	823473	6850	ebc638a470a9551837daf517c0c8ac87593d4efbccd399b46432b2e8a5f9a9ba	PARTLY_RECONSTRUCTED	47	44	35	1	8	38	1	0	0	0	0	0	0
L1600555-R001	biblical_book	Amos	7	17		4Q82	1606741	f52b_54b+56b+59_64	15	1600555				books/DSS-Amos.txt	600147	3643	2045136-2045146	11	1	96ad6aae6102d172214962f9c164c181d20af61a199ab248e67ed9721e949fcc	linguistics/books/DSS-Amos-Linguistics.txt	830323	4957	15fbf7e4231e7a2e315c5e620af36cb255925f07a7e7941fce9379b4ac85707b	PARTLY_RECONSTRUCTED	34	33	18	7	8	18	7	0	0	0	0	0	0
L1600556-R001	biblical_book	Amos	7	17		4Q82	1606741	f52b_54b+56b+59_64	16	1600556				books/DSS-Amos.txt	603790	3616	2045147-2045155	9	3	dffd631c861e80259aaefe1dc91e255eed0d0a035b28ad6e1886a4447743773e	linguistics/books/DSS-Amos-Linguistics.txt	835280	4048	fd5aa463669c6a2eca01a144e87a8e6fd01dc1387bde25dddb81d3f2a98948b3	PARTLY_RECONSTRUCTED	28	25	13	0	12	13	0	0	1	0	0	0	0
L1600557-R001	biblical_book	Amos	8	1		4Q82	1606741	f52b_54b+56b+59_64	17	1600557				books/DSS-Amos.txt	607406	2793	2045156-2045164	9	0	b4e65adf3eebaabf7a93816a266ab188c7aa1eef167e04c9e9fd7033e6938a90	linguistics/books/DSS-Amos-Linguistics.txt	839328	4088	64823425135ad768780fb074f1283ee2e445be6506ec043edef9220e3a33ebab	PARTLY_RECONSTRUCTED	30	27	14	2	11	15	2	0	1	0	0	0	0
L1600557-R002	biblical_book	Amos	8	2		4Q82	1606741	f52b_54b+56b+59_64	17	1600557				books/DSS-Amos.txt	610199	2485	2045165-2045170	6	1	6bb0665bba373d6d3ef6b93100b0eab93e20b428dfa9d6260f9b90aa5a677bae	linguistics/books/DSS-Amos-Linguistics.txt	843416	2825	4ccae3d29398fecb81e7f5657b8665633456e7d44389c64df9c5d44c1ef4d493	PARTLY_RECONSTRUCTED	17	17	13	1	3	13	1	0	0	0	0	0	0
L1600558-R001	biblical_book	Amos	8	2		4Q82	1606741	f52b_54b+56b+59_64	18	1600558				books/DSS-Amos.txt	612684	4379	2045171-2045186	16	1	18b18f101642949d3d46299293af1dd2e770ff1cd127fe99e62665926fa1913d	linguistics/books/DSS-Amos-Linguistics.txt	846241	6853	cdb78d21c8723e43a2f38957f3fa2588a5593f3f288f0a8b0606c83d94c9a363	PARTLY_RECONSTRUCTED	47	45	34	5	6	35	5	0	0	0	0	0	0
L1600559-R001	biblical_book	Amos	8	2		4Q82	1606741	f52b_54b+56b+59_64	19	1600559				books/DSS-Amos.txt	617063	1894	2045187-2045190	4	0	3a754d8bb26f629a42bbeb31f764d173c902be28c4bd20df3f5d65eacce7b2e9	linguistics/books/DSS-Amos-Linguistics.txt	853094	1947	178623cd6d44b787bb2eed38d011cd3c2476372836f6ebb64edfa679a5b0762c	ALL_LETTER_SLOTS_RECONSTRUCTED	12	9	9	0	0	12	0	0	1	0	0	0	0
L1600559-R002	biblical_book	Amos	8	3		4Q82	1606741	f52b_54b+56b+59_64	19	1600559				books/DSS-Amos.txt	618957	3568	2045191-2045201	11	1	4bc2ebb457e0db7624ea1d3df0c1f1c2d6d19e1c7f8d2dbc4bef03e88fec9be4	linguistics/books/DSS-Amos-Linguistics.txt	855041	4933	4cc1fac9e7fe21dc53bdc8eaa264dfb67b311424c91f35728d246035baf424e9	PARTLY_RECONSTRUCTED	35	31	23	7	1	23	11	0	0	0	0	0	0
L1600560-R001	biblical_book	Amos	8	3		4Q82	1606741	f52b_54b+56b+59_64	20	1600560				books/DSS-Amos.txt	622525	3574	2045202-2045211	10	1	564b02b440c1c7d1e38923835b1b33e3a7ee99879a511f3cd3c26109243ba5d1	linguistics/books/DSS-Amos-Linguistics.txt	859974	4348	6e57a3b62d8fa4b5bb8ad7c4c1f85c496179ef3e926aebf09c06b0972625ae63	PARTLY_RECONSTRUCTED	25	21	10	11	0	14	11	1	2	0	0	0	0
L1600561-R001	biblical_book	Amos	8	4		4Q82	1606741	f52b_54b+56b+59_64	21	1600561				books/DSS-Amos.txt	626099	3730	2045212-2045224	13	1	ec36669f83608f8f6b6c9a97f60bfe88b540fa5065af32fa52fd5ced9d8d2397	linguistics/books/DSS-Amos-Linguistics.txt	864322	5489	38ec0eab290cfb8c824ef55d89f2d4250a033e87cc4103847a264ce1aae3d7c5	PARTLY_RECONSTRUCTED	37	31	24	3	4	30	3	2	3	0	0	0	0
L1600562-R001	biblical_book	Amos	8	5		4Q82	1606741	f52b_54b+56b+59_64	22	1600562				books/DSS-Amos.txt	629829	3891	2045225-2045240	16	1	a3d97f364cbd79d60965056001d833c552604de7d451e5cce8e7789c335f2b4e	linguistics/books/DSS-Amos-Linguistics.txt	869811	6692	8a78c86fbc5c0a2506b9b8f261ef447df2a5b783ba15b63c395ba9662a1b5d23	PARTLY_RECONSTRUCTED	39	37	32	1	4	32	1	0	1	0	0	0	0
L1600563-R001	biblical_book	Amos	8	11		4Q82	1606741	f65_68	1	1600563				books/DSS-Amos.txt	633720	4090	2045241-2045258	18	1	41eaf9777d37b301109583a270622d4755bab9f2f3c6fd8ee268cb1f16b66a84	linguistics/books/DSS-Amos-Linguistics.txt	876503	7487	ce9af1cd7d87da7b382104eb883946cf5c61342feed03f4706a69179059c8fff	PARTLY_RECONSTRUCTED	42	42	32	2	8	32	2	0	0	0	0	0	0
L1600564-R001	biblical_book	Amos	8	11		4Q82	1606741	f65_68	2	1600564				books/DSS-Amos.txt	637810	1759	2045259-2045262	4	0	cf0aec504ee66215af36a3c21134a816c15fa78ebaf7eb2f75a91d74b169c00b	linguistics/books/DSS-Amos-Linguistics.txt	883990	1958	d84e68025d0f4446b943bc181655c673cfe0c7f3ce05bfc15651d49af48ff392	ALL_LETTER_SLOTS_RECONSTRUCTED	12	10	10	0	0	12	0	0	1	0	0	0	0
L1600564-R002	biblical_book	Amos	8	12		4Q82	1606741	f65_68	2	1600564				books/DSS-Amos.txt	639569	3646	2045263-2045275	13	1	d5540c460738e03f0d77ba32d7ae64366cd8866829793f0c1e7a415f83630c07	linguistics/books/DSS-Amos-Linguistics.txt	885948	5537	1095619e566ca5da13fe105d9450ba03ae241b181c75843cc36a1f5e7ddaa874	PARTLY_RECONSTRUCTED	31	30	15	5	10	16	5	0	1	0	0	0	0
L1600565-R001	biblical_book	Amos	8	12		4Q82	1606741	f65_68	3	1600565				books/DSS-Amos.txt	643215	2484	2045276-2045284	9	0	cfcbc2a6487015f86c1c51f3943921606e4a5a2fa06fe7aa0a130c417c4d8496	linguistics/books/DSS-Amos-Linguistics.txt	891485	3888	c018d65a36d954cf4cd1049c2c4b008d91b93c9c07cd5fbf9e94c493ff86bfd7	ALL_LETTER_SLOTS_RECONSTRUCTED	24	22	22	0	0	24	0	0	1	0	0	0	0
L1600565-R002	biblical_book	Amos	8	13		4Q82	1606741	f65_68	3	1600565				books/DSS-Amos.txt	645699	2383	2045285-2045289	5	1	c497ac82e3f19ccf9d5adb00e146946f3a9ffab9337fd0cc4f8bbbc26a11adc3	linguistics/books/DSS-Amos-Linguistics.txt	895373	2401	a4e55d7f4b96fca4e0e161e41d5ba7bda0c7d93349622b6278f5cf8b95f3d993	PARTLY_RECONSTRUCTED	15	15	4	3	8	4	3	0	0	0	0	0	0
L1600566-R001	biblical_book	Amos	8	13		4Q82	1606741	f65_68	4	1600566				books/DSS-Amos.txt	648082	2590	2045290-2045299	10	0	7d4eb9111ab2212a277bd4a46ded520ddf5d407dc782035da2ed60349e8a0b3d	linguistics/books/DSS-Amos-Linguistics.txt	897774	4322	5999adbc36f1cb722c2b0a1357e873f4d10576f281f2b8d00277747079240829	ALL_LETTER_SLOTS_RECONSTRUCTED	25	23	23	0	0	25	0	0	1	0	0	0	0
L1600566-R002	biblical_book	Amos	8	14		4Q82	1606741	f65_68	4	1600566				books/DSS-Amos.txt	650672	2344	2045300-2045304	5	1	0caaa5f4bc0cc1aed084864a079dcdd969b1a84d554ed1d8d3e06a4e4048b188	linguistics/books/DSS-Amos-Linguistics.txt	902096	2481	2f57a89ad8b61def8e074db13217b9e400129a1650fffd686097d22e63dc4bf7	PARTLY_RECONSTRUCTED	17	17	13	2	2	13	2	0	0	0	0	0	0
L1600567-R001	biblical_book	Amos	8	14		4Q82	1606741	f65_68	5	1600567				books/DSS-Amos.txt	653016	3862	2045305-2045319	15	1	c7dd23340cdd7b17823604abb86aa31fe06d5735332967f3a1821f797d8a1191	linguistics/books/DSS-Amos-Linguistics.txt	904577	6423	5c99a3ab61c6d806c8bc7f33dac16b4a12f53566e9902d75dd481721682804b7	PARTLY_RECONSTRUCTED	41	40	36	1	3	37	1	0	0	0	0	0	0
L1600568-R001	biblical_book	Amos	8	14		4Q82	1606741	f65_68	6	1600568				books/DSS-Amos.txt	656878	1435	2045320-2045321	2	0	1a24d38bb95acf18f38df84f6a4b49a258d4353b414a7531163f37475a2bee34	linguistics/books/DSS-Amos-Linguistics.txt	911000	1134	2eeab915930a87f2019f0bfef3ef3b546d861deac3b6471067c5fb93bd445018	ALL_LETTER_SLOTS_RECONSTRUCTED	5	3	3	0	0	5	0	0	1	0	0	0	0
L1600568-R002	biblical_book	Amos	9	1		4Q82	1606741	f65_68	6	1600568				books/DSS-Amos.txt	658313	2252	2045322-2045324	3	2	e692bebf47fe9a264caf1442b32d53e2d76007264594875e694a8b8fc1c689c4	linguistics/books/DSS-Amos-Linguistics.txt	912134	1639	4a9775f0c3cd02935cf8946323af67dd81c998f3db0af0440808a66e462b1d08	ALL_LETTER_SLOTS_RECONSTRUCTED	12	12	12	0	0	12	0	0	0	0	0	0	0
L1600569-R001	biblical_book	Amos	9	1		4Q82	1606741	f65_68	7	1600569				books/DSS-Amos.txt	660565	4151	2045325-2045339	15	1	3a143d84b05a7ed355d450439233a09675b2997952e27747085e201d0cd5ca74	linguistics/books/DSS-Amos-Linguistics.txt	913773	6394	50a60e2edc3010d7d4d914de9caa75dd77c760e2a483f2bc61a9a321c4f934e1	PARTLY_RECONSTRUCTED	39	38	29	7	2	30	7	0	0	0	0	0	0
L1600570-R001	biblical_book	Amos	9	1		4Q82	1606741	f65_68	8	1600570				books/DSS-Amos.txt	664716	4339	2045340-2045355	16	1	229fe4fdb1d5f3ecf7bd5113602b586026deb51dc1f2ea2df67367df519e40f3	linguistics/books/DSS-Amos-Linguistics.txt	920167	6688	1c805cc57d089f25c91e0f2446ba82c519a768189f4fae539b5d3fb20ccdcdf0	PARTLY_RECONSTRUCTED	45	40	36	2	2	38	2	0	1	0	0	0	0
L1600571-R001	biblical_book	Amos	9	5		4Q82	1606741	f69	1	1600571				books/DSS-Amos.txt	669055	4432	2045356-2045373	18	1	0c353c9d57766e7d7962d8cbb88ccca09b87acc099cb00f219ba7086e696af2f	linguistics/books/DSS-Amos-Linguistics.txt	926855	7441	2455804cfe2349e77bafcc939ed562d5f3910d686f579ad0a7ca14818e26142e	PARTLY_RECONSTRUCTED	47	45	42	2	1	44	2	0	0	0	0	0	0
L1600572-R001	biblical_book	Amos	9	5		4Q82	1606741	f69	2	1600572				books/DSS-Amos.txt	673487	1729	2045374-2045377	4	0	dadedaaa0ab73a3d0425eb4eccef3f5e4dba3ed2dd749c139f05bde4215493ba	linguistics/books/DSS-Amos-Linguistics.txt	934296	1990	c4f6cd12d430b71d77f6fc8691bf9d40bfd05e9a9e4d1b3aeb48c53091f00141	ALL_LETTER_SLOTS_RECONSTRUCTED	11	9	9	0	0	11	0	0	1	0	0	0	0
L1600572-R002	biblical_book	Amos	9	6		4Q82	1606741	f69	2	1600572				books/DSS-Amos.txt	675216	3238	2045378-2045386	9	1	bb52ffeb5a087c71a9ca56b9f7bca1cc68be79976dc40d3e669b62c2a3361d78	linguistics/books/DSS-Amos-Linguistics.txt	936286	4103	a8a6f14cba7df482384d94beb0acaaf5139d59d9d3dd829e85708472e1f6a479	PARTLY_RECONSTRUCTED	30	28	22	3	3	23	3	0	0	0	0	0	0
L1600573-R001	biblical_book	Amos	9	6		4Q82	1606741	f69	3	1600573				books/DSS-Amos.txt	678454	4232	2045387-2045402	16	1	7180d78fbaae72d627e883a656e2f5fd8dc3c00b01186078d0eab6b780f375f7	linguistics/books/DSS-Amos-Linguistics.txt	940389	6607	ff3d4290f16810fb22914a0295623bbb40ee483207842b3f3399e924a8eec281	PARTLY_RECONSTRUCTED	41	36	29	1	6	34	1	0	1	0	0	0	0
L1600574-R001	biblical_book	Amos	9	14		4Q82	1606741	f70_75	1	1600574				books/DSS-Amos.txt	682686	3261	2045403-2045412	10	1	dc2e0a97849bdc1dd5eab5e1ce0cbf4800849543a3db6b9bc61a703697b17aa6	linguistics/books/DSS-Amos-Linguistics.txt	946996	4438	538af8340a8671451a3fc888dbc78fd23d12d04ce0277d1560041fb2d4851bf9	PARTLY_RECONSTRUCTED	30	27	24	3	0	27	3	1	1	0	0	0	0
L1600575-R001	biblical_book	Amos	9	14		4Q82	1606741	f70_75	2	1600575				books/DSS-Amos.txt	685947	5071	2045413-2045430	18	1	e4d942dc7370689e9b0c582587820bb7afa36d570027409e6ffe03447bb37751	linguistics/books/DSS-Amos-Linguistics.txt	951434	7678	4dabdb390c1f7062c5f35ff5e8ebfaadbf0f7cd26276a97e615c952e15c3196f	PARTLY_RECONSTRUCTED	55	50	33	12	5	38	12	0	2	0	0	0	0
L1600576-R001	biblical_book	Amos	9	15		4Q82	1606741	f70_75	3	1600576				books/DSS-Amos.txt	691018	4341	2045431-2045444	14	1	3163a9c3c620894d548ad07e641cbe45c36945c774186e5dfe998a5b06bd9dbc	linguistics/books/DSS-Amos-Linguistics.txt	959112	6095	97c78384c27161329bebc3b393ca00c5b2d2f279bc09cca3c19ad8aec818173c	PARTLY_RECONSTRUCTED	48	44	25	2	17	27	2	0	0	0	0	0	0
L1600577-R001	biblical_book	Amos	9	15		4Q82	1606741	f70_75	4	1600577				books/DSS-Amos.txt	695359	2920	2045445-2045448	4	3	986c93e3071c82fcfeef55f400d812d5f7772cb1accaf407c88fc42297673ac5	linguistics/books/DSS-Amos-Linguistics.txt	965207	2032	fc9635a729ec919699576f33af9fbf625f01501940cf6917a20ffb97864d830c	PARTLY_RECONSTRUCTED	17	14	1	1	12	3	1	0	1	0	0	0	0
L1602774-R001	biblical_book	Amos	1	2		5Q4	1606817	f1_7	1	1602774				books/DSS-Amos.txt	698328	2869	2072965-2072973	9	1	d87c19152ad711bf6feff5cdea601f46238f75cedbc1d4825c8a9f8c1dc90cc2	linguistics/books/DSS-Amos-Linguistics.txt	967288	4058	73066bdbe40628f0d1f06e0b8f6e694fbd8fc6389020382503aed197c8cb7fc5	PARTLY_RECONSTRUCTED	26	26	23	0	3	23	0	0	0	0	0	0	0
L1602775-R001	biblical_book	Amos	1	2		5Q4	1606817	f1_7	2	1602775				books/DSS-Amos.txt	701197	3587	2072974-2072984	11	1	dfe94cf012127372012117113123114d2c328f4cdd4f4cd3dd41f21c21083b1b	linguistics/books/DSS-Amos-Linguistics.txt	971346	4727	c78812b93a5b25a33d725196f18989805b3aef20ececb6c3e280b15173d9547d	PARTLY_RECONSTRUCTED	30	27	14	5	8	16	5	1	1	0	0	0	0
L1602776-R001	biblical_book	Amos	1	2		5Q4	1606817	f1_7	3	1602776				books/DSS-Amos.txt	704784	1857	2072985-2072988	4	0	f64d518d62ebe25a8d1fa570e49312bf09f6abb8dd218917d43ffc2583a94412	linguistics/books/DSS-Amos-Linguistics.txt	976073	1977	b6c26258efa2f2bff486dae48e1291f448d3f092d862a1f8b770549934057759	PARTLY_RECONSTRUCTED	10	8	3	1	4	3	1	0	1	0	0	0	0
L1602776-R002	biblical_book	Amos	1	3		5Q4	1606817	f1_7	3	1602776				books/DSS-Amos.txt	706641	2189	2072989-2072993	5	1	977dd0203883b57433154806fe8dfefa62803aaf7c064e4dc76d0798440dd698	linguistics/books/DSS-Amos-Linguistics.txt	978050	2407	128826463a9e261005892bbba8b15f487157f21a32c2f68ddbbbd4c60f716db0	PARTLY_RECONSTRUCTED	15	15	8	0	7	8	0	0	0	0	0	0	0
L1602777-R001	biblical_book	Amos	1	3		5Q4	1606817	f1_7	4	1602777				books/DSS-Amos.txt	708830	3179	2072994-2073002	9	1	329f5cc593a50e6e1e2350afad95c9f9058b61793302e49b5baa9d6b2a47086d	linguistics/books/DSS-Amos-Linguistics.txt	980457	4148	5423f909f3b4684d82a62de6e80680d805d958f0e9d28e28d0ea7c2f02cce44f	PARTLY_RECONSTRUCTED	33	31	27	1	3	29	1	0	0	0	0	0	0
L1602778-R001	biblical_book	Amos	1	3		5Q4	1606817	f1_7	5	1602778				books/DSS-Amos.txt	712009	2757	2073003-2073011	9	0	bef3cba35dc4aecd92300f268be24c02f1b4735110b58ba26bdaa0b6eac07ffd	linguistics/books/DSS-Amos-Linguistics.txt	984605	4007	28da059791a85d6e87f7381353603ee83d8b56d17ac1e2fc6e54ff55765ad479	PARTLY_RECONSTRUCTED	24	22	15	3	4	17	3	0	1	0	0	0	0
L1602778-R002	biblical_book	Amos	1	4		5Q4	1606817	f1_7	5	1602778				books/DSS-Amos.txt	714766	2150	2073012-2073016	5	1	e0695a6fa2997aaae5d3dbcb1ac8ff4d6c93445168d5998b08045f08b25220df	linguistics/books/DSS-Amos-Linguistics.txt	988612	2361	93e1f830789f3695dd55d2130d710103fd1888c033bccb274d8bd8d0f3d965f5	ALL_LETTER_SLOTS_RECONSTRUCTED	12	12	12	0	0	12	0	0	0	0	0	0	0
L1602779-R001	biblical_book	Amos	1	4		5Q4	1606817	f1_7	6	1602779				books/DSS-Amos.txt	716916	2367	2073017-2073023	7	0	eb943ab05b61b219c055aaeb6bd4e8541e6dd5d0eaa41da31240ad853f4ccf77	linguistics/books/DSS-Amos-Linguistics.txt	990973	3228	74023782969ff051e2b962691bedc2fcb01e4d44c69234025121a66aa153e0dc	PARTLY_RECONSTRUCTED	22	20	13	2	5	13	2	0	1	0	0	0	0
L1602779-R002	biblical_book	Amos	1	5		5Q4	1606817	f1_7	6	1602779				books/DSS-Amos.txt	719283	1895	2073024-2073026	3	1	10ee9a02386b720c7e2a93294e73d0e963036103e41ae77778f9c38f1d176ed4	linguistics/books/DSS-Amos-Linguistics.txt	994201	1627	e0892966925285ddcdb9918ad2b630f2c1a02e2b784e02694850294b5b0f2f87	ALL_LETTER_SLOTS_RECONSTRUCTED	10	10	10	0	0	10	0	0	0	0	0	0	0
L1602780-R001	biblical_book	Amos	1	5		5Q4	1606817	f1_7	7	1602780				books/DSS-Amos.txt	721178	3405	2073027-2073038	12	1	dae499e6f69290df4e6b9ccd66cd4d13b21297b7d6b81b790e7e66ce3bcb1eb2	linguistics/books/DSS-Amos-Linguistics.txt	995828	5189	ef52f07c06ea409f4b67ced19c227ceb89c1fa5bf2e3d3256f731c308c3b9dac	PARTLY_RECONSTRUCTED	34	30	24	2	4	26	2	1	2	0	0	0	0
L1604536-R001	biblical_book	Amos	1	5		Mur88	1606848	3	19	1604536				books/DSS-Amos.txt	724634	3977	2092058-2092072	15	1	ab801b9f07e49fe67c71dcf7b5b9ffa7344414eb0b2ffb50f22823961c7b0cb5	linguistics/books/DSS-Amos-Linguistics.txt	1001068	6358	5caae41e07426b5a854d3e1cc94e05ac5e852e709a349cbd543cf1ed10728c0b	PARTLY_RECONSTRUCTED	41	38	33	5	0	36	5	0	1	0	0	0	0
L1604538-R001	biblical_book	Amos	1	6		Mur88	1606848	3	21	1604538				books/DSS-Amos.txt	728611	3547	2092073-2092084	12	1	a1b3728e39181e3c63ecbe37120dc04f6c3a5a80205a81a9babcede41c8ebfe0	linguistics/books/DSS-Amos-Linguistics.txt	1007426	5302	d5b504b935c0bc793fced4e11d9281352dffeeafabccf29bc0082b297258a0ea	PARTLY_RECONSTRUCTED	39	38	33	3	2	34	3	0	0	0	0	0	0
L1604539-R001	biblical_book	Amos	1	6		Mur88	1606848	3	22	1604539				books/DSS-Amos.txt	732158	2739	2092085-2092093	9	0	3748f3a82410e806cdb2bb1557903b3e370d6f28d60791c7ed662fe0cb0814b2	linguistics/books/DSS-Amos-Linguistics.txt	1012728	4012	b689de24bf6d9e41ea8115ffac1b78625848454b2c8fbb975920bbc1ea86ac0d	PARTLY_RECONSTRUCTED	30	27	20	1	6	22	1	0	1	0	0	0	0
L1604539-R002	biblical_book	Amos	1	7		Mur88	1606848	3	22	1604539				books/DSS-Amos.txt	734897	2160	2092094-2092098	5	1	4a6babec9695279549106d6a81e507504e6cfe86852dafff77a78680a996fc31	linguistics/books/DSS-Amos-Linguistics.txt	1016740	2366	6eca030719a83641622794c98b309c816362fb421f58ac7996d731cc93e30484	ALL_LETTER_SLOTS_RECONSTRUCTED	13	13	13	0	0	13	0	0	0	0	0	0	0
L1604540-R001	biblical_book	Amos	1	7		Mur88	1606848	3	23	1604540				books/DSS-Amos.txt	737057	2152	2092099-2092103	5	0	687313140e7046797bb3e3f25d62b11b571a525b6ec479e2308c8945b866a4c1	linguistics/books/DSS-Amos-Linguistics.txt	1019106	2422	8ffa5e380deb4d2712336de74154a48409c7bdbfd73298f4433017b8d29c2b4b	PARTLY_RECONSTRUCTED	18	15	9	1	5	12	1	0	1	0	0	0	0
L1604540-R002	biblical_book	Amos	1	8		Mur88	1606848	3	23	1604540				books/DSS-Amos.txt	739209	2635	2092104-2092111	8	1	26a0dd2cde4079ac55c00effb144e03bd2996d4a8168285e56254e709c82c11c	linguistics/books/DSS-Amos-Linguistics.txt	1021528	3600	559256913c66f1e663657b3f1af6529d0f6984eee63225e742cb729d468e56b1	ALL_LETTER_SLOTS_RECONSTRUCTED	24	24	24	0	0	24	0	0	0	0	0	0	0
L1604541-R001	biblical_book	Amos	1	8		Mur88	1606848	3	24	1604541				books/DSS-Amos.txt	741844	3586	2092112-2092122	11	1	ffcf8c07759f5bf43b764180732a36446bec216f741804027a70e276b1432f2d	linguistics/books/DSS-Amos-Linguistics.txt	1025128	5086	b356c4c69120a47f9dc7171dc0a85374412658536f66c9a821a6ce753c6abcbb	PARTLY_RECONSTRUCTED	42	41	34	5	2	35	5	0	0	0	0	0	0
L1604542-R001	biblical_book	Amos	1	8		Mur88	1606848	3	25	1604542				books/DSS-Amos.txt	745430	2394	2092123-2092126	4	1	5fdc2ee5eb9340bf677eb680d23de8c44f70cd7f99fa24d06a1ed324fb71dede	linguistics/books/DSS-Amos-Linguistics.txt	1030214	2005	824958dba4f612cb03d8e23766bf469f8025710a221b53d52d28a1eed4751416	PARTLY_RECONSTRUCTED	13	11	1	6	4	3	6	0	1	0	0	0	0
L1604543-R001	biblical_book	Amos	1	9		Mur88	1606848	3	26	1604543				books/DSS-Amos.txt	747824	3878	2092127-2092139	13	1	f0491f97b91267d89e8283157b7bd1b7dc5119b2965a6648b57fe609faafff1b	linguistics/books/DSS-Amos-Linguistics.txt	1032219	5674	452f3326d45eb592e9ca70be9d8484ba983e11ea4c335ca486928c8c08127391	PARTLY_RECONSTRUCTED	40	39	32	4	3	33	4	0	0	0	0	0	0
L1604544-R001	biblical_book	Amos	1	9		Mur88	1606848	3	27	1604544				books/DSS-Amos.txt	751702	3245	2092140-2092150	11	0	7297660e2fc6931ca39a6b6cbe2b1ae610349f2e868080e6411c5e72c6236d86	linguistics/books/DSS-Amos-Linguistics.txt	1037893	4855	6ce1f9ed2efdbdfc27019f712eee609e81d61c3b8c62db34f93d2af03a0bedc5	PARTLY_RECONSTRUCTED	37	34	26	6	2	28	6	0	1	0	0	0	0
L1604544-R002	biblical_book	Amos	1	10		Mur88	1606848	3	27	1604544				books/DSS-Amos.txt	754947	1868	2092151-2092153	3	1	c0ee8eec487eea33bf41dd64917879c70cc87d3c9b1a91e12b67d084c3997636	linguistics/books/DSS-Amos-Linguistics.txt	1042748	1568	3af5ffcd3ff9b30637335db7c396fab32724f12359791944c1adc83046bc15c5	ALL_LETTER_SLOTS_RECONSTRUCTED	8	8	8	0	0	8	0	0	0	0	0	0	0
L1604545-R001	biblical_book	Amos	1	10		Mur88	1606848	3	28	1604545				books/DSS-Amos.txt	756815	2759	2092154-2092160	7	1	12ff2b5c912723cc81c045c1bd9e8248df45bceb2587ec39b3c42727deb988de	linguistics/books/DSS-Amos-Linguistics.txt	1044316	3196	5ecc1c26d891dc73595b6c327acb93ba41c3475fd7f660efb1736e12f987e7da	PARTLY_RECONSTRUCTED	22	19	12	2	5	15	2	0	1	0	0	0	0
L1604546-R001	biblical_book	Amos	1	11		Mur88	1606848	3	29	1604546				books/DSS-Amos.txt	759574	3295	2092161-2092170	10	2	fc1b8b21331f0b0654055ecaae4b4273da9f2ef2f0702b5e123004c29a20da0f	linguistics/books/DSS-Amos-Linguistics.txt	1047512	4486	af68ebb518b1f21c092f863be4244d83e330dd25d547f936208c3b83ed266390	ALL_LETTER_SLOTS_RECONSTRUCTED	31	31	31	0	0	31	0	0	0	0	0	0	0
L1604547-R001	biblical_book	Amos	1	11		Mur88	1606848	3	30	1604547				books/DSS-Amos.txt	762869	4220	2092171-2092184	14	1	08bb318f2c630a110f6d88c231e2f4be00815cf13eb3964ee250c101d5f273ea	linguistics/books/DSS-Amos-Linguistics.txt	1051998	5981	32ae24122a4f66ddf8f41569ba3648022c2aa9432b24422a13c23aad4146b528	PARTLY_RECONSTRUCTED	43	39	33	3	3	36	3	0	0	0	0	0	0
L1604548-R001	biblical_book	Amos	1	11		Mur88	1606848	3	31	1604548				books/DSS-Amos.txt	767089	2571	2092185-2092190	6	0	2435001997ce16c7104e03e9119a1e6545073fdb85230ccb58c408606ac3a2e1	linguistics/books/DSS-Amos-Linguistics.txt	1057979	2801	eed68d6f1b42e2b9c3565cfc23b2c0f0b60e948394c79403be5e2d99b4dc5453	PARTLY_RECONSTRUCTED	21	16	5	3	8	8	3	0	1	0	0	0	0
L1604548-R002	biblical_book	Amos	1	12		Mur88	1606848	3	31	1604548				books/DSS-Amos.txt	769660	2637	2092191-2092198	8	1	b446d235de9068284d24272ad85f7833383250a6f52014bd47c5f6f69f7eca8f	linguistics/books/DSS-Amos-Linguistics.txt	1060780	3636	f4d364c8acc6b9d284158897d681f7cfd497b9e2c36fa53067459dcb42615256	ALL_LETTER_SLOTS_RECONSTRUCTED	24	24	24	0	0	24	0	0	0	0	0	0	0
L1604549-R001	biblical_book	Amos	1	12		Mur88	1606848	3	32	1604549				books/DSS-Amos.txt	772297	2239	2092199-2092200	2	2	fb604414a29eb8c140be3d3ed185c83f173194453adcf51c76347eac9ed37dda	linguistics/books/DSS-Amos-Linguistics.txt	1064416	1205	6fb57f2ede78b0fed0318a613d22f827093202753d5eb37836f0b97adf7bb031	PARTLY_RECONSTRUCTED	6	4	1	2	1	1	2	0	1	0	0	0	0
L1604550-R001	biblical_book	Amos	1	13		Mur88	1606848	3	33	1604550				books/DSS-Amos.txt	774536	3759	2092201-2092213	13	1	852b8b986077ae4c660a3bba28e6084803bfbb8c9f740448bb2146047f515982	linguistics/books/DSS-Amos-Linguistics.txt	1065621	5745	bf2e5da1a44ede71424403774f4b8175cc97274d58b7d1b96ab9d1b24eab8e5c	PARTLY_RECONSTRUCTED	43	42	28	5	9	29	5	0	0	0	0	0	0
L1604551-R001	biblical_book	Amos	1	13		Mur88	1606848	3	34	1604551				books/DSS-Amos.txt	778295	3090	2092214-2092223	10	0	d5302f0f5d9a27956fd08d7d9710ac60d64d7a17c34c4c687047ccc963047bcf	linguistics/books/DSS-Amos-Linguistics.txt	1071366	4507	c3180b82e44b85ce0d8a05153ebe4daaca0f97dce4a13e55709693f6607dd2da	PARTLY_RECONSTRUCTED	35	31	19	5	7	22	5	0	1	0	0	0	0
L1604551-R002	biblical_book	Amos	1	14		Mur88	1606848	3	34	1604551				books/DSS-Amos.txt	781385	1858	2092224-2092226	3	1	4447f8312c51c1158466dd3b9457b1a676a9084fe496c6559f7b039fa1416951	linguistics/books/DSS-Amos-Linguistics.txt	1075873	1557	4e21dc91205bf7b400edad901815ceabd7750e35e307c768cec71bf5a315d119	ALL_LETTER_SLOTS_RECONSTRUCTED	7	7	7	0	0	7	0	0	0	0	0	0	0
L1604552-R001	biblical_book	Amos	1	14		Mur88	1606848	3	35	1604552				books/DSS-Amos.txt	783243	3696	2092227-2092239	13	1	224f0c6816da9434dc4816b912fc7efc636640daa799b982ec404ca893143897	linguistics/books/DSS-Amos-Linguistics.txt	1077430	5780	6bf089e71ffa8fc7f68fa19bd7fa713d287efd90794762eed8502cfddf1fcec0	PARTLY_RECONSTRUCTED	41	40	30	3	7	31	3	0	0	0	0	0	0
L1604553-R001	biblical_book	Amos	1	14		Mur88	1606848	3	36	1604553				books/DSS-Amos.txt	786939	1882	2092240-2092243	4	0	200ab3ab49810067c186265853d4421c89a623ae826512befe73642a20f2ab24	linguistics/books/DSS-Amos-Linguistics.txt	1083210	1972	c4cc60af8ae436dee611061c7e7a91248507cdae6f6d61845ac8f22e74c0f9d2	PARTLY_RECONSTRUCTED	10	8	1	2	5	1	2	0	1	0	0	0	0
L1604553-R002	biblical_book	Amos	1	15		Mur88	1606848	3	36	1604553				books/DSS-Amos.txt	788821	3753	2092244-2092255	12	1	ec85e646df481e4b8a8d237ecb5d5363f5f0bfb94875453b5cc858ed734fa3f7	linguistics/books/DSS-Amos-Linguistics.txt	1085182	5226	cf845a76a6bb8180225d8b353e6581359fb7cb75408a485bd64e094e7df0ce77	PARTLY_RECONSTRUCTED	36	32	23	5	4	26	5	0	1	0	0	0	0
L1604555-R001	biblical_book	Amos	2	1		Mur88	1606848	3	38	1604555				books/DSS-Amos.txt	792574	3514	2092256-2092267	12	1	f5d5306685ae181680dc8964baddb2dadb0122625ec3447a5073ea9676372d93	linguistics/books/DSS-Amos-Linguistics.txt	1090408	5307	7743ed66f545cc6f39fecbb5a90992b413415a3f53420d89c14b7482fd959258	PARTLY_RECONSTRUCTED	40	39	30	0	9	31	0	0	0	0	0	0	0
L1604556-R001	biblical_book	Amos	2	1		Mur88	1606848	3	39	1604556				books/DSS-Amos.txt	796088	3148	2092268-2092276	9	1	67f80f6599e48756a744aa976c90142ba3c8caaf0a747e8e38b571374f609c7c	linguistics/books/DSS-Amos-Linguistics.txt	1095715	3965	fac8dbcc556b35b3433c7a6e571586794c230e68da584bde0d353693dcaf7e2a	PARTLY_RECONSTRUCTED	27	22	19	1	2	24	1	1	2	0	0	0	0
L1604560-R001	biblical_book	Amos	7	3		Mur88	1606848	7	1	1604560				books/DSS-Amos.txt	799236	2696	2092285-2092294	10	0	db92457e4508ac7a89a558d06ac2cceec524337144d0b2904a16e9d80606dad8	linguistics/books/DSS-Amos-Linguistics.txt	1099680	4247	4eba89b11f08f48ef1e0441c4b5d711a4adbd6aa7079a979362b6a8cefe68809	PARTLY_RECONSTRUCTED	29	25	11	0	14	13	0	1	2	0	0	0	0
L1604562-R001	biblical_book	Amos	7	4		Mur88	1606848	7	3	1604562				books/DSS-Amos.txt	801932	3839	2092295-2092309	15	1	2a6d18a1f1c926d5d891b3d9d39011bb4f10cb73566e913f45549138bac9c924	linguistics/books/DSS-Amos-Linguistics.txt	1103927	6374	6e3c2ade7d8bab56146fdc65fbe04602719eefbf3e6a88b75ddcf1e73ae15b41	PARTLY_RECONSTRUCTED	42	41	34	0	7	35	0	0	0	0	0	0	0
L1604563-R001	biblical_book	Amos	7	4		Mur88	1606848	7	4	1604563				books/DSS-Amos.txt	805771	2454	2092310-2092318	9	0	5213b28fdc28776ed0859cd50e7b5a1f82d75a787638374be6259bdb3da92861	linguistics/books/DSS-Amos-Linguistics.txt	1110301	3869	1490951f9b758e54533cff7ab2f550d161903149732e537ef191dab98efbdd59	ALL_LETTER_SLOTS_RECONSTRUCTED	22	20	20	0	0	22	0	0	1	0	0	0	0
L1604563-R002	biblical_book	Amos	7	5		Mur88	1606848	7	4	1604563				books/DSS-Amos.txt	808225	2438	2092319-2092324	6	1	51c0022cf7224ee4339cd51091b496ffd12bbb5c216c130016a973485c1ad9d1	linguistics/books/DSS-Amos-Linguistics.txt	1114170	2796	678ecf2cbbe9f40510e575e04da697e799bfa731281566d52b465db8b0286516	PARTLY_RECONSTRUCTED	17	17	14	2	1	14	2	0	0	0	0	0	0
L1604564-R001	biblical_book	Amos	7	5		Mur88	1606848	7	5	1604564				books/DSS-Amos.txt	810663	2204	2092325-2092331	7	0	d0d83f35460325600ed160cbf0d28b1f69f814a07f556a6c5fe5489ca71b820a	linguistics/books/DSS-Amos-Linguistics.txt	1116966	3158	b4c7221bceb466ab5b5249af83f6c2556d01825378d98c8e32dc115eab6bd4d3	ALL_LETTER_SLOTS_RECONSTRUCTED	20	18	18	0	0	20	0	0	1	0	0	0	0
L1604564-R002	biblical_book	Amos	7	6		Mur88	1606848	7	5	1604564				books/DSS-Amos.txt	812867	2815	2092332-2092339	8	1	b139cad6a1862544f93756d2c8cc8926a06a0f22b3a11d88ef59690eeaed70ad	linguistics/books/DSS-Amos-Linguistics.txt	1120124	3562	3903b66e6bb55894f0419dfb8026b498d2c0fc894a215a18d8d47e5efcc7fa48	PARTLY_RECONSTRUCTED	23	23	13	3	7	13	3	0	0	0	0	0	0
L1604565-R001	biblical_book	Amos	7	6		Mur88	1606848	7	6	1604565				books/DSS-Amos.txt	815682	2401	2092340-2092343	4	2	bd3e2b4347a62d21173db72027418aa249524497fbe4f4fa991e3a047bed2de4	linguistics/books/DSS-Amos-Linguistics.txt	1123686	1969	75e03e0c8d1884f3bd377a884b6a440a5727e650496862522bc7afdd2486a668	ALL_LETTER_SLOTS_RECONSTRUCTED	13	11	11	0	0	13	0	0	1	0	0	0	0
L1604566-R001	biblical_book	Amos	7	7		Mur88	1606848	7	7	1604566				books/DSS-Amos.txt	818083	3248	2092344-2092355	12	0	cf495c85f8fc065cd33bc7fcb5d9fd61ad8e5285f2cd9c826a16819b4b4b86c8	linguistics/books/DSS-Amos-Linguistics.txt	1125655	4984	2ea9d06526044a391d4cb1058e1d56edab42f26b1a78bc4befeef23e5c0de2a3	ALL_LETTER_SLOTS_RECONSTRUCTED	29	19	19	0	0	28	1	2	4	0	0	0	0
L1604566-R002	biblical_book	Amos	7	8		Mur88	1606848	7	7	1604566				books/DSS-Amos.txt	821331	2399	2092356-2092360	5	1	cc672b7f1639c86c700ae530666bebf0c3756fe671196baafb0328081de1eb88	linguistics/books/DSS-Amos-Linguistics.txt	1130639	2362	32185229c41e2027ad92d21a2c2fe22d2513cd9b611e1cd528ab97b4ee9c31d8	PARTLY_RECONSTRUCTED	15	14	10	2	2	10	2	0	0	0	0	0	0
L1604567-R001	biblical_book	Amos	7	8		Mur88	1606848	7	8	1604567				books/DSS-Amos.txt	823730	3795	2092361-2092374	14	1	7e9ba72c9b2ca97807ad9be564fea3c59894cad323d9105c4cd371e885f87fb2	linguistics/books/DSS-Amos-Linguistics.txt	1133001	6100	6de88f8ebf10b1710307fb8d83dc230c3fad3da69278427497dbee6c949beb48	PARTLY_RECONSTRUCTED	40	39	25	4	10	26	4	0	0	0	0	0	0
L1604568-R001	biblical_book	Amos	7	8		Mur88	1606848	7	9	1604568				books/DSS-Amos.txt	827525	2917	2092375-2092382	8	0	7aace4415e3f064bf9d486bfb14b5c429f35774eeb49d8cf2b7543551364b9fb	linguistics/books/DSS-Amos-Linguistics.txt	1139101	3626	32f7714713420f33c4232a3297304f3011706073c3de4a8f46b73e159c530f3f	PARTLY_RECONSTRUCTED	28	24	12	5	7	15	5	0	1	0	0	0	0
L1604568-R002	biblical_book	Amos	7	9		Mur88	1606848	7	9	1604568				books/DSS-Amos.txt	830442	2206	2092383-2092386	4	1	1f096107d6e92148486b2b596c51e2f0c5129aef1309ff52412c7e750f952d7b	linguistics/books/DSS-Amos-Linguistics.txt	1142727	2040	98a927c7a9a086d32cd7f522733d9b781f464e823e0023ff9c827ddc2e42e0ac	PARTLY_RECONSTRUCTED	13	13	5	2	6	5	2	0	0	0	0	0	0
L1604569-R001	biblical_book	Amos	7	9		Mur88	1606848	7	10	1604569				books/DSS-Amos.txt	832648	3838	2092387-2092398	12	1	66b48a981e53a5516ab9c9c62c79e5ad07f405732ebc5106f2d63a56de663604	linguistics/books/DSS-Amos-Linguistics.txt	1144767	5363	5c921fa7aa5311e97c10d1a99d7fc693f4e279d13a3adb0e0fbeb73d22ab1aae	PARTLY_RECONSTRUCTED	37	35	13	10	12	13	10	0	1	0	0	0	0
L1604570-R001	biblical_book	Amos	7	10		Mur88	1606848	7	11	1604570				books/DSS-Amos.txt	836486	3671	2092399-2092408	10	2	2edb863cbcdd262573706889b56db6fbfbaa807dd4a67bc6f64145666d149d88	linguistics/books/DSS-Amos-Linguistics.txt	1150130	4665	87b07e4d334319ed588c2477c6a322548044b7ccfa5b3cc1078ed35b83a4cf04	PARTLY_RECONSTRUCTED	33	33	9	6	17	9	6	0	0	0	1	0	0
L1604571-R001	biblical_book	Amos	7	10		Mur88	1606848	7	12	1604571				books/DSS-Amos.txt	840157	3904	2092409-2092421	13	1	b96fe0d2352913b594ba38f9385cd663463c4e128ea42b2afd26b8d156af36fc	linguistics/books/DSS-Amos-Linguistics.txt	1154795	5697	a76a03ee959eda4c1108a8eb4dcd76922c624c85f3b4ec237ce5db84ed5503dc	PARTLY_RECONSTRUCTED	38	37	10	6	21	11	6	0	0	0	0	0	0
L1604572-R001	biblical_book	Amos	7	10		Mur88	1606848	7	13	1604572				books/DSS-Amos.txt	844061	2370	2092422-2092427	6	0	f470ce6675e2d04e18f405f962a1188846394232aa4e2d398c0911c667666f5f	linguistics/books/DSS-Amos-Linguistics.txt	1160492	2748	fd799b3da4bda197353ca9f8678b250c4bb3e0c3b7ea90b72628caf235849f52	PARTLY_RECONSTRUCTED	17	14	8	4	2	8	4	0	1	0	0	0	0
L1604572-R002	biblical_book	Amos	7	11		Mur88	1606848	7	13	1604572				books/DSS-Amos.txt	846431	2779	2092428-2092435	8	1	539d13825d898666150e1bc4d980d208cceeb72b31b3eac841414cf525cf6a7d	linguistics/books/DSS-Amos-Linguistics.txt	1163240	3680	75acbe60a5d66b1d6d53238bedaf52c74457f403a4af760a9d42038df5bbe37d	PARTLY_RECONSTRUCTED	24	24	1	2	21	1	2	0	0	0	0	0	0
L1604573-R001	biblical_book	Amos	7	11		Mur88	1606848	7	14	1604573				books/DSS-Amos.txt	849210	3118	2092436-2092443	8	2	b41e6b3c82648a714926d3d4bc479ae44b8ab0aadfe6f8c23027bc5dae73b39f	linguistics/books/DSS-Amos-Linguistics.txt	1166920	3623	03c37eacbbc4737c5515237a5dd33068322452d6143874b1d02fd917cf93b549	PARTLY_RECONSTRUCTED	24	21	7	2	12	7	2	0	1	0	0	0	0
L1604575-R001	biblical_book	Amos	7	12		Mur88	1606848	7	16	1604575				books/DSS-Amos.txt	852328	4143	2092444-2092457	14	1	5fc7ef570cc766046cbf06179947272baac88e64c610b79613c72665399160ca	linguistics/books/DSS-Amos-Linguistics.txt	1170543	6138	cbf9e620907248a03637728a8ce75d014177f40cd4836a93710b74817fbe869b	PARTLY_RECONSTRUCTED	41	40	12	6	22	12	6	0	0	0	1	0	0
L1604576-R001	biblical_book	Amos	7	12		Mur88	1606848	7	17	1604576				books/DSS-Amos.txt	856471	2241	2092458-2092463	6	0	b88212d1f153f59ebe3f7f49f9b78bfd88418c2c0eb9c68589ab05080c03ec44	linguistics/books/DSS-Amos-Linguistics.txt	1176681	2724	20f749d77c4a38974a9c30beafd06369e896e6b3b144f55ee45469ce72dd3cb9	PARTLY_RECONSTRUCTED	14	12	3	6	3	3	6	0	1	0	0	0	0
L1604576-R002	biblical_book	Amos	7	13		Mur88	1606848	7	17	1604576				books/DSS-Amos.txt	858712	3345	2092464-2092473	10	1	c76d48e4ff4f3948d55804dea4dc3608d5f254043ebb6e43d2baab20b7622288	linguistics/books/DSS-Amos-Linguistics.txt	1179405	4431	f04e6ca3c087e4123fb7e7e9833b17ec9fd4b97ac3793ad60ed11e1ad73b6c9c	PARTLY_RECONSTRUCTED	27	27	4	6	17	4	6	0	0	0	3	0	0
L1604577-R001	biblical_book	Amos	7	13		Mur88	1606848	7	18	1604577				books/DSS-Amos.txt	862057	2383	2092474-2092480	7	0	812170cb3e22826433fe1011f10f3f1ef9a212d479b3fad6abd8e72f7572596f	linguistics/books/DSS-Amos-Linguistics.txt	1183836	3246	e85f54ba9c82aa89371d21e8a6ee17a3dfef9547d014261ab1ecea209c3d6dc9	PARTLY_RECONSTRUCTED	20	18	11	3	4	13	3	0	1	0	0	0	0
L1604577-R002	biblical_book	Amos	7	14		Mur88	1606848	7	18	1604577				books/DSS-Amos.txt	864440	2976	2092481-2092487	7	1	cb14fa5e8caba060243ca2bde521c243d67d1f838f284dbb8df5fe33ccecfc68	linguistics/books/DSS-Amos-Linguistics.txt	1187082	3299	6fac9acd24117dfb1bb0e1185e1ceda493b5011f16abf972969331b99d2b07af	PARTLY_RECONSTRUCTED	20	20	9	11	0	9	11	0	0	0	0	0	0
L1604578-R001	biblical_book	Amos	7	14		Mur88	1606848	7	19	1604578				books/DSS-Amos.txt	867416	3992	2092488-2092500	13	1	b1393baad7f691987776c1086771a73ddc9b1c018932ae2ffd977ca8a29ad1a8	linguistics/books/DSS-Amos-Linguistics.txt	1190381	5782	96c4f6828c0b995fa3f87310697e9d759c5a890f5c267a9c7d67217a5f5ffd34	PARTLY_RECONSTRUCTED	38	38	26	9	3	26	9	0	0	0	0	0	0
L1604579-R001	biblical_book	Amos	7	14		Mur88	1606848	7	20	1604579				books/DSS-Amos.txt	871408	1492	2092501-2092502	2	0	4e4e91327d4ae1e31f1a1800b72f707664ed4bf8a67e5e69c20986a2277e121d	linguistics/books/DSS-Amos-Linguistics.txt	1196163	1177	743b2778cc3731abea4c8802cf70d5ad8bd4a800f5bc7abeff41930b31462b84	NO_LETTER_RECONSTRUCTION_MARKED	7	5	0	1	4	0	1	0	1	0	0	0	0
L1604579-R002	biblical_book	Amos	7	15		Mur88	1606848	7	20	1604579				books/DSS-Amos.txt	872900	3834	2092503-2092514	12	1	f4a66acfe7dc34c53bc924e79fbe76bbeae8d49ed59e2d7dce2e46a886f6746e	linguistics/books/DSS-Amos-Linguistics.txt	1197340	5160	a63069b8df60439523eef15e60b6ece20bc11ea44b0943269756c6a7e64bdbf8	PARTLY_RECONSTRUCTED	35	33	16	7	10	17	7	0	0	0	0	0	0
L1604580-R001	biblical_book	Amos	7	15		Mur88	1606848	7	21	1604580				books/DSS-Amos.txt	876734	1984	2092515-2092519	5	0	926b9c610810d32d3838c546e81e2cc7f6714e75a99c14cf85127404afe6bb4f	linguistics/books/DSS-Amos-Linguistics.txt	1202500	2389	98a23ab3d00336a2377096705d78b5589169e93f102ddbe5e69d3ff56487896d	NO_LETTER_RECONSTRUCTION_MARKED	17	14	0	0	14	0	0	0	1	0	0	0	0
L1604580-R002	biblical_book	Amos	7	16		Mur88	1606848	7	21	1604580				books/DSS-Amos.txt	878718	2466	2092520-2092526	7	1	5c37dda25a69a258264b7d38015bdbd7a76b10f39be16079dcffea2b56df9eb2	linguistics/books/DSS-Amos-Linguistics.txt	1204889	3225	995949cb9e0109ec531ac96dc6b04e942bd380d744ec0a90cac839e69b863183	PARTLY_RECONSTRUCTED	20	20	13	0	7	13	0	0	0	0	0	0	0
L1604581-R001	biblical_book	Amos	7	16		Mur88	1606848	7	22	1604581				books/DSS-Amos.txt	881184	3018	2092527-2092537	11	0	911952c3394b3bdfd10773a51502085b906935d5bf9ece42ab6c2b29fd18ac2e	linguistics/books/DSS-Amos-Linguistics.txt	1208114	4838	bcea2cd816510a021be16cbe6db0b9431832efe3b24c518b9a6a2eb0df7eb771	PARTLY_RECONSTRUCTED	32	30	8	4	18	10	4	0	1	0	0	0	0
L1604581-R002	biblical_book	Amos	7	17		Mur88	1606848	7	22	1604581				books/DSS-Amos.txt	884202	1988	2092538-2092541	4	1	fcf2ec26ef4d87dc242fc5c59e9f8f486f014b0337dbd719dff00699d70223d7	linguistics/books/DSS-Amos-Linguistics.txt	1212952	1932	2de3712f2b1fde85f0f5073cd425eb37558adb1ab382581f7ae89bbac3dcc6b8	ALL_LETTER_SLOTS_RECONSTRUCTED	8	8	8	0	0	8	0	0	0	0	0	0	0
L1604582-R001	biblical_book	Amos	7	17		Mur88	1606848	7	23	1604582				books/DSS-Amos.txt	886190	4715	2092542-2092555	14	1	2afb14793865af04640610b77fe6ddd45cc561c85f52c942f3e814ae6cd6ecc7	linguistics/books/DSS-Amos-Linguistics.txt	1214884	6115	deade66ca5fecb82c0fc61c621bd886af23bddb89bd7cdd117859805cca16fc9	PARTLY_RECONSTRUCTED	46	42	16	13	13	18	13	0	0	0	0	0	0
L1604583-R001	biblical_book	Amos	7	17		Mur88	1606848	7	24	1604583				books/DSS-Amos.txt	890905	3348	2092556-2092567	12	1	2d7a80e0ea09223cfc4fa0fb374d82077c354cb865896d072107cd1698e8096a	linguistics/books/DSS-Amos-Linguistics.txt	1220999	5313	7ae3b5021bc7b905f72bafc2728dce1485869fabeaf914491a2b4302026e9772	PARTLY_RECONSTRUCTED	35	35	29	2	4	29	2	0	0	0	0	0	0
L1604584-R001	biblical_book	Amos	7	17		Mur88	1606848	7	25	1604584				books/DSS-Amos.txt	894253	2980	2092568-2092572	5	3	3417db666255ab1940a88bfd91412f34cf35cb73c4915191acbcc9f80bba0382	linguistics/books/DSS-Amos-Linguistics.txt	1226312	2358	2b69964228f6e6a2e3cf20e4fb1695a84c8120a4495ab99c0c27968fcb38f35a	ALL_LETTER_SLOTS_RECONSTRUCTED	15	12	12	0	0	15	0	0	1	0	0	0	0
L1604585-R001	biblical_book	Amos	8	1		Mur88	1606848	7	26	1604585				books/DSS-Amos.txt	897233	2665	2092573-2092581	9	0	1e5ee6c127939b5e90d145118e735d8007e6be29d258562c43641c1fdd82291f	linguistics/books/DSS-Amos-Linguistics.txt	1228670	4032	fc94f79d96c98403fd4d0d54e04ea32b9592983e61376523641dcafde86aa580	ALL_LETTER_SLOTS_RECONSTRUCTED	29	26	26	0	0	29	0	0	1	0	0	0	0
L1604585-R002	biblical_book	Amos	8	2		Mur88	1606848	7	26	1604585				books/DSS-Amos.txt	899898	2170	2092582-2092586	5	1	bbaae360e2278282617581f8da4e1fdcf516c00972b045a20c33d0e6e53e7f43	linguistics/books/DSS-Amos-Linguistics.txt	1232702	2354	ee639f0e245528054a1cfe5d0802436f548f461d04c4de1c71bd9241d59344ff	ALL_LETTER_SLOTS_RECONSTRUCTED	13	13	13	0	0	13	0	0	0	0	0	0	0
L1604586-R001	biblical_book	Amos	8	2		Mur88	1606848	7	27	1604586				books/DSS-Amos.txt	902068	3794	2092587-2092600	14	1	1e74ebb34eb040a7e6cff80367fc742a83948d1e53bf2c9c17dd3b79896b36b0	linguistics/books/DSS-Amos-Linguistics.txt	1235056	5944	a108d6e2303218cfe3d726a126ad5279839a6346d051dacf63839af7fd10f11b	ALL_LETTER_SLOTS_RECONSTRUCTED	39	30	30	0	0	36	3	2	3	0	0	0	0
L1604587-R001	biblical_book	Amos	8	2		Mur88	1606848	7	28	1604587				books/DSS-Amos.txt	905862	2184	2092601-2092606	6	0	e3cb17fd4347bb1029c4f2deb095b9b90ebe635a937f7b71c1e3b9802c62e9fc	linguistics/books/DSS-Amos-Linguistics.txt	1241000	2715	cc7d2d10cfbc8bb7b4e8108a0f7621566443a4fb1d147a2d99283256b647da28	ALL_LETTER_SLOTS_RECONSTRUCTED	19	16	16	0	0	19	0	0	1	0	0	0	0
L1604587-R002	biblical_book	Amos	8	3		Mur88	1606848	7	28	1604587				books/DSS-Amos.txt	908046	2833	2092607-2092615	9	1	2d8dfa502ec845c02c007c5bd71b25170f8633efc3caafa82ed79c2e6311e0a2	linguistics/books/DSS-Amos-Linguistics.txt	1243715	4011	e70737067924b90a05eb2818a5ce89f69dbfcef8db55d9b20be046ca9d3cab3e	PARTLY_RECONSTRUCTED	27	27	26	0	1	26	0	0	0	0	0	0	0
L1604588-R001	biblical_book	Amos	8	3		Mur88	1606848	7	29	1604588				books/DSS-Amos.txt	910879	2803	2092616-2092626	11	0	03f2da5b66ccb7ccabe7645ff1f5a7f32cb092ed17a419602b78e007199c23dd	linguistics/books/DSS-Amos-Linguistics.txt	1247726	4731	2b7b408f552c05fc561bd2d8ef0abf728cf8881b79f50e7f6a8da7003732004f	PARTLY_RECONSTRUCTED	30	28	19	0	9	19	0	0	1	0	0	0	0
L1604588-R002	biblical_book	Amos	8	4		Mur88	1606848	7	29	1604588				books/DSS-Amos.txt	913682	2050	2092627-2092630	4	1	d7caff73249dfa23bf2311f2a65eac52e32f87c9f33246493f6cd51652968f12	linguistics/books/DSS-Amos-Linguistics.txt	1252457	1957	7e51170414c613a09a7829c853e58df1835b3599f256cf9a42ddf8382c44b7d9	ALL_LETTER_SLOTS_RECONSTRUCTED	13	13	13	0	0	13	0	0	0	0	0	0	0
L1604589-R001	biblical_book	Amos	8	4		Mur88	1606848	7	30	1604589				books/DSS-Amos.txt	915732	2297	2092631-2092637	7	0	2e015418820f2718e7fb81d4fe102e33791b184f56a33f04c491095f9590e9ac	linguistics/books/DSS-Amos-Linguistics.txt	1254414	3172	c269bba6b9ae0771925bcf8f7de5396a7a59b47954aaca5face8f9ac51757e12	PARTLY_RECONSTRUCTED	20	18	11	3	4	11	3	0	1	0	0	0	0
L1604589-R002	biblical_book	Amos	8	5		Mur88	1606848	7	30	1604589				books/DSS-Amos.txt	918029	2657	2092638-2092645	8	1	d4633a5aad05430bb9d7876494d1a6ecb7b2843526f3d463dee24ad880d48535	linguistics/books/DSS-Amos-Linguistics.txt	1257586	3562	170fdb3419611583f30a70467ce365c6245f65ce4bd77ba93aeb01009315f120	PARTLY_RECONSTRUCTED	22	22	17	1	4	17	1	0	0	0	0	0	0
L1604590-R001	biblical_book	Amos	8	5		Mur88	1606848	7	31	1604590				books/DSS-Amos.txt	920686	4231	2092646-2092662	17	1	b39d2fe8c23a2ae097d2cfda164e97ad9dbc8524b447d03a65422458be3be00a	linguistics/books/DSS-Amos-Linguistics.txt	1261148	7098	ed675297ff31ee01525506cc4f435bd004874af510dc32ce4767c2027dd699e7	PARTLY_RECONSTRUCTED	41	41	30	9	2	30	9	0	0	0	0	0	0
L1604591-R001	biblical_book	Amos	8	5		Mur88	1606848	7	32	1604591				books/DSS-Amos.txt	924917	1635	2092663-2092665	3	0	8d10adf0b5e8e3e4ea4b40da7dce21bd4612058e080f58deaa92ec9caea62724	linguistics/books/DSS-Amos-Linguistics.txt	1268246	1666	206566702598905d61241a24e3c20714a0a8e033993ff720cdaf0b1fd276e420	PARTLY_RECONSTRUCTED	11	9	8	0	1	8	0	0	1	0	0	0	0
L1604591-R002	biblical_book	Amos	8	6		Mur88	1606848	7	32	1604591				books/DSS-Amos.txt	926552	3234	2092666-2092677	12	1	4f18c4468bc62447a7e1c23ac27558a27fe25f46f6a721ba655f541e65b28e20	linguistics/books/DSS-Amos-Linguistics.txt	1269912	5214	d9fbd14e8c22406e2ddc6066594cc22aedcfde0fbf61ac99279de29a24d7262e	PARTLY_RECONSTRUCTED	33	33	23	1	9	23	1	0	0	0	0	0	0
L1604592-R001	biblical_book	Amos	8	6		Mur88	1606848	7	33	1604592				books/DSS-Amos.txt	929786	1592	2092678-2092680	3	0	58eb9be740f17160c1863ccae302b8b5b92311e6609e708961e47d6b7a826d3f	linguistics/books/DSS-Amos-Linguistics.txt	1275126	1546	0eff63183be61184a57f5fb3f154811cd943d0c222ded81d9c88b839fc70251f	ALL_LETTER_SLOTS_RECONSTRUCTED	9	7	7	0	0	9	0	0	1	0	0	0	0
L1604592-R002	biblical_book	Amos	8	7		Mur88	1606848	7	33	1604592				books/DSS-Amos.txt	931378	3102	2092681-2092689	9	1	b44ab0632399d36c984516b95b68f0a86de3963037bd0b50352050554abbebe6	linguistics/books/DSS-Amos-Linguistics.txt	1276672	4055	7eec61d26c2659d3b02cb6a59674e07f2bc0db6562b1bbed61bc22657247e14b	PARTLY_RECONSTRUCTED	27	27	22	3	2	22	3	0	0	0	0	0	0
L1604593-R001	biblical_book	Amos	8	7		Mur88	1606848	7	34	1604593				books/DSS-Amos.txt	934480	1743	2092690-2092692	3	0	e172d9cd98f35805c06aeb57d03e2897069613d1085e407bcfe69afa6c5802ce	linguistics/books/DSS-Amos-Linguistics.txt	1280727	1581	ef858a2417c3634259d3e74ec42e0d9479b55b4f66dba5a1aade8507f31ab9ef	ALL_LETTER_SLOTS_RECONSTRUCTED	11	8	8	0	0	11	0	0	1	0	0	0	0
L1604593-R002	biblical_book	Amos	8	8		Mur88	1606848	7	34	1604593				books/DSS-Amos.txt	936223	1978	2092693-2092695	3	1	270460b54f5253a2ff10986d85183a8d90dbbc6428708178cda4d5c23581027c	linguistics/books/DSS-Amos-Linguistics.txt	1282308	1491	fe7fe86085140b716b3837d1a64905d33c06433489935b253f56f5b72e7aa4ed	NO_LETTER_SLOTS	8	0	0	0	0	5	3	2	3	0	0	0	0
L1604594-R001	biblical_book	Amos	8	11		Mur88	1606848	8	1	1604594				books/DSS-Amos.txt	938201	4976	2092696-2092715	20	1	b0dfff59122a45fcfdf85f8f77a526c23ab33688bbe5a6f47e821f654f3e1744	linguistics/books/DSS-Amos-Linguistics.txt	1283799	8386	0063cb506f807142f8c837fbfc33dd20530ec032f41f0f291a7e59c2b73335f6	PARTLY_RECONSTRUCTED	49	49	6	11	28	6	11	0	0	0	14	0	0
L1604595-R001	biblical_book	Amos	8	11		Mur88	1606848	8	2	1604595				books/DSS-Amos.txt	943177	1825	2092716-2092719	4	0	57a8a16403c4b05a045db06b4696a160075e35c23833f2ecb24420c5849fed47	linguistics/books/DSS-Amos-Linguistics.txt	1292185	1960	8ceadf1dc049a36320305f316ed92652c5e250f19bc66806460d0e2de4d60b73	PARTLY_RECONSTRUCTED	12	10	4	1	5	4	1	0	1	0	0	0	0
L1604595-R002	biblical_book	Amos	8	12		Mur88	1606848	8	2	1604595				books/DSS-Amos.txt	945002	3335	2092720-2092732	13	1	658d9b2cf84236ffcb2871f7763ed3949fba42ece46027dddd2dc1315d39b733	linguistics/books/DSS-Amos-Linguistics.txt	1294145	5499	5ac82c4dc658b915326730ca75b214fb3a240dfe3ec96fc1bd7a4d9c7b1d8302	PARTLY_RECONSTRUCTED	30	30	1	2	27	1	2	0	0	0	0	0	0
L1604596-R001	biblical_book	Amos	8	12		Mur88	1606848	8	3	1604596				books/DSS-Amos.txt	948337	2829	2092733-2092741	9	0	72c82da437dd82831b3fd9314a41cb44c8787bd6d15c678c9dc75354f2389793	linguistics/books/DSS-Amos-Linguistics.txt	1299644	3915	612d043daf4a654d08b4a1c727bd80a4fb7505cad754c101ec817299fccc8a44	PARTLY_RECONSTRUCTED	23	21	3	6	12	3	6	0	1	0	0	0	0
L1604596-R002	biblical_book	Amos	8	13		Mur88	1606848	8	3	1604596				books/DSS-Amos.txt	951166	2139	2092742-2092746	5	1	e69e14f0a9eb48a36fa8c473b6319c5a786cf504a68dfaef493dd52fb3267f60	linguistics/books/DSS-Amos-Linguistics.txt	1303559	2355	251dda76887eee9850fa2bbc29c6289053cde36ed9cee007e422d66afaa8b27f	NO_LETTER_RECONSTRUCTION_MARKED	15	15	0	0	15	0	0	0	0	0	0	0	0
L1604597-R001	biblical_book	Amos	8	13		Mur88	1606848	8	4	1604597				books/DSS-Amos.txt	953305	2720	2092747-2092756	10	0	3627c93855dfc056636f80cd41c09951e415068b945a9be4a7b4d329f955854e	linguistics/books/DSS-Amos-Linguistics.txt	1305914	4329	3ba5860745083047597ce37ca1e8bbb3b009e3564f8494454702306ef82a6559	NO_LETTER_RECONSTRUCTION_MARKED	25	23	0	5	18	0	5	0	1	0	0	0	0
L1604597-R002	biblical_book	Amos	8	14		Mur88	1606848	8	4	1604597				books/DSS-Amos.txt	956025	2159	2092757-2092761	5	1	6ad9a56bb23c5c8f61375843817f7c9c5f272ed58de76e7fe484255082a33612	linguistics/books/DSS-Amos-Linguistics.txt	1310243	2449	cb5c2071d9a84c44941ffd84edeb3a104679239bcf249ce4ad47af00ee097f7c	NO_LETTER_RECONSTRUCTION_MARKED	17	17	0	0	17	0	0	0	0	0	0	0	0
L1604598-R001	biblical_book	Amos	8	14		Mur88	1606848	8	5	1604598				books/DSS-Amos.txt	958184	4076	2092762-2092778	17	1	b5cc53e37059fcf9f5854da7fb0ec0c3be743f32bb9612d428ccb465680f1e07	linguistics/books/DSS-Amos-Linguistics.txt	1312692	7140	ad213c1de6fbd87efb85f5be75ab4f08ad7f4ab9403afff1919e3b408e48c1d7	PARTLY_RECONSTRUCTED	45	42	1	1	40	1	1	0	1	0	0	0	0
L1604600-R001	biblical_book	Amos	9	1		Mur88	1606848	8	7	1604600				books/DSS-Amos.txt	962260	4246	2092779-2092792	14	1	cb9851986edf7582b3b33800ab76c809eaa71a586b2842d63cc6d81b401c5082	linguistics/books/DSS-Amos-Linguistics.txt	1319832	6130	25a6413ceb6fdd94b4ce99a3adee6694c318494f62057633221157d82774afa2	PARTLY_RECONSTRUCTED	40	40	6	10	24	6	10	0	0	0	0	0	0
L1604601-R001	biblical_book	Amos	9	1		Mur88	1606848	8	8	1604601				books/DSS-Amos.txt	966506	4219	2092793-2092805	13	1	6f811122ba4ea77e53501f58f6d0328f7abb5ce9db5024baddfe9f6130dfb6b8	linguistics/books/DSS-Amos-Linguistics.txt	1325962	5595	ebeca7889a6fa7f8f52977aa4f648be0fa51a5101fee4d8decfdcced08fe602c	PARTLY_RECONSTRUCTED	37	34	1	12	21	1	12	0	0	0	0	0	0
L1604602-R001	biblical_book	Amos	9	1		Mur88	1606848	8	9	1604602				books/DSS-Amos.txt	970725	3086	2092806-2092814	9	0	b728d2380269577944772440addc6fa4dc76f9fd2eddee2bae02c6e590285f66	linguistics/books/DSS-Amos-Linguistics.txt	1331557	3915	4024533958563bd9474ae111d02f7ce0170cc37d516f05c08d9ecd5aa5d0110d	PARTLY_RECONSTRUCTED	27	23	2	5	16	2	5	0	1	0	0	0	0
L1604602-R002	biblical_book	Amos	9	2		Mur88	1606848	8	9	1604602				books/DSS-Amos.txt	973811	1999	2092815-2092818	4	1	7f4a8749e2749086f5d46693632ed53af5bec069640c9e3a1e3eb43d253f48aa	linguistics/books/DSS-Amos-Linguistics.txt	1335472	1975	d2f801e06126c8532b59962d1d93825525164666ec329ab3335d1e4b727e4332	NO_LETTER_RECONSTRUCTION_MARKED	12	12	0	0	12	0	0	0	0	0	0	0	0
L1604603-R001	biblical_book	Amos	9	2		Mur88	1606848	8	10	1604603				books/DSS-Amos.txt	975810	3557	2092819-2092831	13	0	2da386178ca2f6ebe35a23241b51a36569067494422e981eebf4d98ce239ff58	linguistics/books/DSS-Amos-Linguistics.txt	1337447	5446	4903285c31f1651f2b7f44941d326b2d1fb46faaed6891ece76c9909b4700702	NO_LETTER_RECONSTRUCTION_MARKED	36	31	0	4	27	0	4	0	1	0	0	0	0
L1604603-R002	biblical_book	Amos	9	3		Mur88	1606848	8	10	1604603				books/DSS-Amos.txt	979367	1694	2092832-2092833	2	1	71648820cac35315cebe63bf611a1e4752dc3c97b273c07e086002ee4ac7e860	linguistics/books/DSS-Amos-Linguistics.txt	1342893	1131	48d4db0d1408c59ac4f4254957a49817959e741f6df7b0232b23ae527b157f52	NO_LETTER_RECONSTRUCTION_MARKED	3	3	0	2	1	0	2	0	0	0	0	0	0
L1604604-R001	biblical_book	Amos	9	3		Mur88	1606848	8	11	1604604				books/DSS-Amos.txt	981061	3825	2092834-2092846	13	1	28b7a64be040f7ebeb57ffb53d3094e289b938244df4e3c96cc40b80304434c6	linguistics/books/DSS-Amos-Linguistics.txt	1344024	5564	62597739a578d8b33827f1692e64244216e526f9f8c3b38a2a12e50b896e77b1	PARTLY_RECONSTRUCTED	37	36	2	5	29	2	5	0	0	0	0	0	0
L1604605-R001	biblical_book	Amos	9	3		Mur88	1606848	8	12	1604605				books/DSS-Amos.txt	984886	3975	2092847-2092862	16	0	950b6e4541a6d7ca613a61a1f3278bfe9ea7a06a6277672cf4f89915eba6006b	linguistics/books/DSS-Amos-Linguistics.txt	1349588	6666	e2dc052da6e0ce65d8ca67cfeed0e3e17f0b618ca16f83fc5d6fd6b4e08a1691	NO_LETTER_RECONSTRUCTION_MARKED	38	34	0	10	24	0	10	0	1	0	0	0	0
L1604605-R002	biblical_book	Amos	9	4		Mur88	1606848	8	12	1604605				books/DSS-Amos.txt	988861	1673	2092863-2092864	2	1	b33d2b279739508354df5551ebb031caf500cfede149962f8c896c6357ad08b0	linguistics/books/DSS-Amos-Linguistics.txt	1356254	1123	390569b914ff06e1151da7880534ea7d3090285f800a04202597556dbb8c7017	NO_LETTER_RECONSTRUCTION_MARKED	3	3	0	0	3	0	0	0	0	0	0	0	0
L1604606-R001	biblical_book	Amos	9	4		Mur88	1606848	8	13	1604606				books/DSS-Amos.txt	990534	3961	2092865-2092878	14	1	d13bb5dd749fa250569f08338d83c6c1e96638a4e9f22403785cddc6c4d31ba9	linguistics/books/DSS-Amos-Linguistics.txt	1357377	5953	00e693a142bbabeea2dedeab2f81012290f843819ecbd4e40550bac098ecd317	PARTLY_RECONSTRUCTED	39	37	6	8	23	7	8	0	0	0	0	0	0
L1604607-R001	biblical_book	Amos	9	4		Mur88	1606848	8	14	1604607				books/DSS-Amos.txt	994495	3386	2092879-2092889	11	0	3e5f5a0e99c1b9ce156bc43ce02e75b579fb3d3eee555d9adfc5e3efa4ba6b33	linguistics/books/DSS-Amos-Linguistics.txt	1363330	4698	3931817a922046986cd8f51392f308377d9941cf771b4abf04fe198469b8a627	PARTLY_RECONSTRUCTED	30	26	2	5	19	2	5	0	1	0	0	0	0
L1604607-R002	biblical_book	Amos	9	5		Mur88	1606848	8	14	1604607				books/DSS-Amos.txt	997881	2140	2092890-2092894	5	1	1dc87ddefecbffc7574604ec606d9ac30d78009e54ad30f1eb3c93bf0d74e2d0	linguistics/books/DSS-Amos-Linguistics.txt	1368028	2378	1296c6a45e4fa1aa48a4213095e257ed97a836fc0baf31fb8850763929af18d0	NO_LETTER_RECONSTRUCTION_MARKED	15	15	0	0	15	0	0	0	0	0	0	0	0
L1604608-R001	biblical_book	Amos	9	5		Mur88	1606848	8	15	1604608				books/DSS-Amos.txt	1000021	4278	2092895-2092910	16	1	4a26f5a4f7e0807e3eae5ce588fa1fcb87160cff3334a8e6f3678574860fceaa	linguistics/books/DSS-Amos-Linguistics.txt	1370406	6682	afc7954ce8fa23eb90f9384bfb99954d5334022ba9776f5df9b2803db770e8d8	PARTLY_RECONSTRUCTED	40	38	5	6	27	5	6	0	0	0	0	0	0
L1604609-R001	biblical_book	Amos	9	5		Mur88	1606848	8	16	1604609				books/DSS-Amos.txt	1004299	2059	2092911-2092916	6	0	69dc65ac3480b8d288b82b5eb64641a1dceaec7fdc34ecde3240a424c57458d3	linguistics/books/DSS-Amos-Linguistics.txt	1377088	2770	4430b274041309ff7a28ead74b33111041a928c53580324cced5f81e93356377	NO_LETTER_RECONSTRUCTION_MARKED	16	14	0	3	11	0	3	0	1	0	0	0	0
L1604609-R002	biblical_book	Amos	9	6		Mur88	1606848	8	16	1604609				books/DSS-Amos.txt	1006358	2983	2092917-2092924	8	1	ee3692e685c6212d1db3c129f57b834f96e2cab53e17ed155799327b9a0fe193	linguistics/books/DSS-Amos-Linguistics.txt	1379858	3664	9add4582c36de4e1777c6e6df30a89d7d5b05755e78776d56d07b55f7a200b99	PARTLY_RECONSTRUCTED	26	24	2	1	21	2	1	0	0	0	0	0	0
L1604610-R001	biblical_book	Amos	9	6		Mur88	1606848	8	17	1604610				books/DSS-Amos.txt	1009341	4398	2092925-2092939	15	1	c3eb9baf98cba0d807cdb7e8774c25ad0f4368126094acf49829e0569588e7c0	linguistics/books/DSS-Amos-Linguistics.txt	1383522	6344	6c74bf1e48c30032f447fda9d56cdbc87fbb961653d7946ff19550965f646ecb	PARTLY_RECONSTRUCTED	38	36	9	8	19	9	8	0	0	0	0	0	0
L1604611-R001	biblical_book	Amos	9	6		Mur88	1606848	8	18	1604611				books/DSS-Amos.txt	1013739	2178	2092940-2092941	2	2	89881755645c6dae583cfa56517fd43e62b978029356aabb837feab5c36f7aec	linguistics/books/DSS-Amos-Linguistics.txt	1389866	1128	3c91cac6ecff427c6cea8155860075c364d5c5ff87eb83942492724d16a77ca5	NO_LETTER_RECONSTRUCTION_MARKED	6	3	0	1	2	0	1	0	1	0	0	0	0
L1604612-R001	biblical_book	Amos	9	7		Mur88	1606848	8	19	1604612				books/DSS-Amos.txt	1015917	3636	2092942-2092954	13	1	38b74a2069e14b027da6773fba6f2ab80343deee32a5112c9bd51efad16c9597	linguistics/books/DSS-Amos-Linguistics.txt	1390994	5648	fff5494630b55e08d1befe4d80e62b5c389b6466d76c3d1d20146fa95fd018a8	PARTLY_RECONSTRUCTED	38	37	18	2	17	19	2	0	0	0	0	0	0
L1604613-R001	biblical_book	Amos	9	7		Mur88	1606848	8	20	1604613				books/DSS-Amos.txt	1019553	3206	2092955-2092964	10	1	2587d4a6da6491798b8b250653a9a09e3383a8968c9bcca8db29f516ffc0e8ff	linguistics/books/DSS-Amos-Linguistics.txt	1396642	4721	58741840ddee4a4eabe57a6912990060c27461c1192cf64a8c307edbfee5a7d9	PARTLY_RECONSTRUCTED	36	36	27	3	6	27	3	0	0	0	0	0	0
L1604614-R001	biblical_book	Amos	9	7		Mur88	1606848	8	21	1604614				books/DSS-Amos.txt	1022759	1834	2092965-2092969	5	0	dc3fee65f3bce10b32250ec3976bf81cc9500c2faac219bae2e0f5ac74a03c7d	linguistics/books/DSS-Amos-Linguistics.txt	1401363	2293	2aa2c1866d23f2134b82aff4c0ec71c62e288e9766e8651ef9e4a9cd9fdaec53	ALL_LETTER_SLOTS_RECONSTRUCTED	10	8	8	0	0	10	0	0	1	0	0	0	0
L1604614-R002	biblical_book	Amos	9	8		Mur88	1606848	8	21	1604614				books/DSS-Amos.txt	1024593	2706	2092970-2092977	8	1	a0a6f09f8879c3a64eadd1d33b79c28ec8e0604d47d952a86777347e696580f1	linguistics/books/DSS-Amos-Linguistics.txt	1403656	3705	8e02148468c541022b1a3902ab635ab06470458eea9e4d675ad14359a7ea91bc	PARTLY_RECONSTRUCTED	26	26	24	0	2	24	0	0	0	0	0	0	0
L1604615-R001	biblical_book	Amos	9	8		Mur88	1606848	8	22	1604615				books/DSS-Amos.txt	1027299	3650	2092978-2092989	12	1	9b41e5c52c0fc3caca4c7cc2934a81d5273d3170e8207b6abe10fc678eae5fc4	linguistics/books/DSS-Amos-Linguistics.txt	1407361	5220	147d98fc239f1a5bf83c830aed2789995eddedc38656e34ab1787813206af3e2	PARTLY_RECONSTRUCTED	34	33	25	2	5	26	2	0	0	0	1	0	0
L1604616-R001	biblical_book	Amos	9	8		Mur88	1606848	8	23	1604616				books/DSS-Amos.txt	1030949	2236	2092990-2092996	7	0	575744b87f17d70d6d0ae83f18cbbc0a200d66f2f930aa6b16c909bc2e47cfb1	linguistics/books/DSS-Amos-Linguistics.txt	1412581	3216	c333d32f71c14a02e247af67dc8a721540dc2341895df9ec5c2c12009ce3f9ba	ALL_LETTER_SLOTS_RECONSTRUCTED	23	21	21	0	0	23	0	0	1	0	0	0	0
L1604616-R002	biblical_book	Amos	9	9		Mur88	1606848	8	23	1604616				books/DSS-Amos.txt	1033185	2029	2092997-2093000	4	1	4b5d33d534209767da3a0d4f20bf3c7dff7545fe9266adcd19b0720c6547640c	linguistics/books/DSS-Amos-Linguistics.txt	1415797	2050	a3e3d4b6f6dcefd280fdc773acce6cdfa21e856a93adca3cedbcdacbc0edddc3	PARTLY_RECONSTRUCTED	13	13	5	0	8	5	0	0	0	0	0	0	0
L1604617-R001	biblical_book	Amos	9	9		Mur88	1606848	8	24	1604617				books/DSS-Amos.txt	1035214	3734	2093001-2093014	14	1	343c9d8819dbc53cb7c4c37a19c80133b517182918201031f4a9dd30f0be32f8	linguistics/books/DSS-Amos-Linguistics.txt	1417847	6062	465d9bc79f937dc34b8404969f7f5876e9b56e535834f116cdab73da882011ef	PARTLY_RECONSTRUCTED	38	38	32	2	4	32	2	0	0	0	0	0	0
L1604618-R001	biblical_book	Amos	9	9		Mur88	1606848	8	25	1604618				books/DSS-Amos.txt	1038948	2031	2093015-2093020	6	0	eb60bb296eac8884307150ac42612f1235ab7c7a0a3d9b8bcc08c39687a6110c	linguistics/books/DSS-Amos-Linguistics.txt	1423909	2725	83733487e1478f3bb85e8f4f1f3685f8b9baaaba7d805bf8493206eb1da67fad	ALL_LETTER_SLOTS_RECONSTRUCTED	16	14	14	0	0	16	0	0	1	0	0	0	0
L1604618-R002	biblical_book	Amos	9	10		Mur88	1606848	8	25	1604618				books/DSS-Amos.txt	1040979	2845	2093021-2093028	8	1	ba9d216057bbdba16d083594e742c66b3f5bab4eb5e84cd1e7264d9a84441bd1	linguistics/books/DSS-Amos-Linguistics.txt	1426634	3595	3097250820c1f171f1983d9104c47206fa721d02f3245f4f46cec3ac7cf1ccbe	PARTLY_RECONSTRUCTED	25	24	15	1	8	15	1	0	0	0	0	0	0
L1604619-R001	biblical_book	Amos	9	10		Mur88	1606848	8	26	1604619				books/DSS-Amos.txt	1043824	2492	2093029-2093036	8	0	f9c78dcc7ff77cf15acb0220204bd522696af77408e10bd674b79522ca2430c9	linguistics/books/DSS-Amos-Linguistics.txt	1430229	3534	8b577a2c68489bedc381a4ec598613867288e29d0a764f859fe075a2f96ed630	ALL_LETTER_SLOTS_RECONSTRUCTED	25	22	22	0	0	25	0	0	1	0	0	0	0
L1604619-R002	biblical_book	Amos	9	11		Mur88	1606848	8	26	1604619				books/DSS-Amos.txt	1046316	2314	2093037-2093042	6	1	d3e0d4e6119f8d52aef40a81335855a5a402d67b9ed34690bb4aeb5d8f0d95b1	linguistics/books/DSS-Amos-Linguistics.txt	1433763	2729	c1f7d5d5e761e2385784d6cae181c351987b018d32ccd12b5a2ddeaf83300ae8	PARTLY_RECONSTRUCTED	14	14	7	0	7	7	0	0	0	0	0	0	0
L1604620-R001	biblical_book	Amos	9	11		Mur88	1606848	8	27	1604620				books/DSS-Amos.txt	1048630	3676	2093043-2093053	11	1	87667ab3e0e7909c7670d55b4162e4dabf2972bfbc514602d7c1112e66de49d6	linguistics/books/DSS-Amos-Linguistics.txt	1436492	4920	e87c8ac8f027a490123fce12c65bdf4e9b7b4014c24e16a64768e2cc27638262	PARTLY_RECONSTRUCTED	39	37	31	2	4	32	2	0	0	0	0	0	0
L1604621-R001	biblical_book	Amos	9	11		Mur88	1606848	8	28	1604621				books/DSS-Amos.txt	1052306	2164	2093054-2093059	6	0	0fbe18b86785b0cc0749e81fd960a9997e8614944250a84687b7d3024bc41bc4	linguistics/books/DSS-Amos-Linguistics.txt	1441412	2738	e0fbd23307248960e254b856e5ce68554f76e7551208f9aeab686176dd418828	ALL_LETTER_SLOTS_RECONSTRUCTED	18	15	15	0	0	18	0	0	1	0	0	0	0
L1604621-R002	biblical_book	Amos	9	12		Mur88	1606848	8	28	1604621				books/DSS-Amos.txt	1054470	2292	2093060-2093064	5	1	ec0ffbcc2fa2daa2db3a4ee5f3455c5b16ab48a37d8a7778ab9d7164e19f35f6	linguistics/books/DSS-Amos-Linguistics.txt	1444150	2532	e249ce047a8a5687135093ca847c2b9ebdd29e1a8c57ffbc8e6e78cebc379de7	PARTLY_RECONSTRUCTED	20	20	7	2	11	7	2	0	0	0	0	0	0
L1604622-R001	biblical_book	Amos	9	12		Mur88	1606848	8	29	1604622				books/DSS-Amos.txt	1056762	3668	2093065-2093077	13	1	05020e24b0c7c5fba10a298e8300a3ffe6e2966d60cb38edbcce3085270a243a	linguistics/books/DSS-Amos-Linguistics.txt	1446682	5540	5982cffe467e03d9a907cb9714127f6105d3e1cc451099e4d9bde41680af589e	PARTLY_RECONSTRUCTED	40	36	23	0	13	25	0	0	1	0	0	0	0
L1604624-R001	biblical_book	Amos	9	13		Mur88	1606848	8	31	1604624				books/DSS-Amos.txt	1060430	3709	2093078-2093090	13	1	4014389f50c11e9f0a217d4e14f3691f04280553235de8df3c87fd6292becda3	linguistics/books/DSS-Amos-Linguistics.txt	1452222	5637	77ebe2b77dcf4e1b8f8e7e79420735cf57bd33d8ef0cfe3bea8c6d846525e507	PARTLY_RECONSTRUCTED	39	39	27	4	8	27	4	0	0	0	0	0	0
L1604625-R001	biblical_book	Amos	9	13		Mur88	1606848	8	32	1604625				books/DSS-Amos.txt	1064139	4044	2093091-2093105	15	1	05c91be7ba4841998c6e08ae1e9a3cb6581353b0cd81aaed08276bae711a5817	linguistics/books/DSS-Amos-Linguistics.txt	1457859	6330	811a47793519fbc2ea06623a4f11352a655b665f9f55b43a879102779a79a6c2	PARTLY_RECONSTRUCTED	42	40	34	3	3	34	3	0	1	0	0	0	0
L1604626-R001	biblical_book	Amos	9	14		Mur88	1606848	8	33	1604626				books/DSS-Amos.txt	1068183	3436	2093106-2093115	10	1	d396faf0e339980a19e801465d0de0a06c3e648676d71934d8e6c4cc7dd80822	linguistics/books/DSS-Amos-Linguistics.txt	1464189	4518	beac1217b6662f94a20ef48996b05037d274a0eeb5f2ece5fe17b7673f4e2d3f	PARTLY_RECONSTRUCTED	33	32	26	6	3	27	6	0	0	0	0	0	0
L1604627-R001	biblical_book	Amos	9	14		Mur88	1606848	8	34	1604627				books/DSS-Amos.txt	1071619	3869	2093116-2093129	14	1	dfb8cdafd9b729abfa2ac09a7ca9fe57aca304bd27f70faf06efac70843ed788	linguistics/books/DSS-Amos-Linguistics.txt	1468707	6021	29a6ccff2c6a9b392d924bf33f0faf4626938aef5fd794675d5a7ca7014dbaac	PARTLY_RECONSTRUCTED	39	38	19	8	11	19	8	0	0	0	0	0	0
L1604628-R001	biblical_book	Amos	9	14		Mur88	1606848	8	35	1604628				books/DSS-Amos.txt	1075488	1735	2093130-2093132	3	0	00a905d9318e7c267f0f0e5ba95e199b6028430c4807662b2371ac734e55d4f2	linguistics/books/DSS-Amos-Linguistics.txt	1474728	1561	15c5cee4e6b3850035fa4fc027e8bfc4bf9de217bc0e22a0bab15da785883456	ALL_LETTER_SLOTS_RECONSTRUCTED	10	7	7	0	0	10	0	0	1	0	0	0	0
L1604628-R002	biblical_book	Amos	9	15		Mur88	1606848	8	35	1604628				books/DSS-Amos.txt	1077223	3901	2093133-2093143	11	1	f6bd7818317d2a38eb2fc7b4058a790ed5ed4ac93dca75c340855d3979c1fb45	linguistics/books/DSS-Amos-Linguistics.txt	1476289	4905	a2987477ac3be1ee4b4de9e143c23d9e0a1cd656c3dd7fd55ed789060a600714	PARTLY_RECONSTRUCTED	36	33	20	8	5	22	8	0	0	0	0	0	0
L1604629-R001	biblical_book	Amos	9	15		Mur88	1606848	8	36	1604629				books/DSS-Amos.txt	1081124	3010	2093144-2093150	7	1	5442d681ee07f46fc7c36203fe57a91b8020ae23f2bc6577e7f50294a849f5ec	linguistics/books/DSS-Amos-Linguistics.txt	1481194	3240	eccda397f31f5e3535077c33842998104ba8ba672aac0b1a87a4ca126be2eb7f	PARTLY_RECONSTRUCTED	26	22	18	4	0	19	4	0	1	0	0	0	0
