record_id	kind	book	chapter	verse	halfverse	scroll	scroll_node	fragment	line	line_node	intl	language	script	file	byte_offset	byte_length	word_nodes	word_count	standalone_sign_count	sha256	linguistics_file	linguistics_byte_offset	linguistics_byte_length	linguistics_sha256	letter_reconstruction	sign_slots	letter_slots	reconstructed_letter_slots	uncertain_letter_slots	unmarked_letter_slots	reconstructed_sign_slots	uncertain_sign_slots	missing_sign_slots	empty_sign_slots	vacat_sign_slots	corrected_sign_slots	removed_sign_slots	alternative_sign_slots
L1592401-R001	biblical_book	Dan	1	10		1Q71	1606620	f1i	1	1592401				books/DSS-Daniel.txt	734	2707	1929376-1929384	9	0	5e1d09c584ac01169b28f3e7b1d77a7c3a71cc1a2451bf7553cd1dd3d417e33a	linguistics/books/DSS-Daniel-Linguistics.txt	2143	3933	e2136d4bd2b738f805edf674afeeebc3d3fd76cfd03f1ec94f7c253e4ccf1833	PARTLY_RECONSTRUCTED	26	22	15	0	7	16	0	0	1	0	0	0	0
L1592401-R002	biblical_book	Dan	1	11		1Q71	1606620	f1i	1	1592401				books/DSS-Daniel.txt	3441	1994	1929385-1929388	4	1	f352da69ab9c99a649d9cfa43738b9bc584a451895a9c6a14bc0061e5bc3383e	linguistics/books/DSS-Daniel-Linguistics.txt	6076	2021	5e060af7fceb25fae9fd2bf44d6d1541478328069f2c23c76ccec0afe7e25660	NO_LETTER_RECONSTRUCTION_MARKED	12	12	0	0	12	0	0	0	0	0	0	0	0
L1592402-R001	biblical_book	Dan	1	11		1Q71	1606620	f1i	2	1592402				books/DSS-Daniel.txt	5435	2918	1929389-1929398	10	1	f28e5e73ad6efe7aa2d3125efa321fb77b45e2b0bf7a0f39f8f209d69bda7650	linguistics/books/DSS-Daniel-Linguistics.txt	8097	4542	41ff6d3f744a68586383dcbf01ea980dcff95b3432a617549758e6c5a3ddcb22	PARTLY_RECONSTRUCTED	32	32	13	0	19	13	0	0	0	0	0	0	0
L1592403-R001	biblical_book	Dan	1	11		1Q71	1606620	f1i	3	1592403				books/DSS-Daniel.txt	8353	1744	1929399-1929402	4	0	9b72b9f02c8bb92b5cab89b74277c619106b66ef05efe5c4cc77fd54461a1dc0	linguistics/books/DSS-Daniel-Linguistics.txt	12639	2028	c42ebfd4c0a2a35831a38bb857a029b3620bf090945272b02e81f714c976f447	ALL_LETTER_SLOTS_RECONSTRUCTED	13	11	11	0	0	13	0	0	1	0	0	0	0
L1592403-R002	biblical_book	Dan	1	12		1Q71	1606620	f1i	3	1592403				books/DSS-Daniel.txt	10097	2840	1929403-1929410	8	1	fd5a2648c05b88bb75780efab014394e558b6f7906ab89c58184adc50925aa36	linguistics/books/DSS-Daniel-Linguistics.txt	14667	3637	6c17d8fa83c67b3d5ad4b7d76b0fabd33000703ca421dc984af95b0955ce7b0f	PARTLY_RECONSTRUCTED	25	24	4	2	18	4	2	0	0	0	0	0	0
L1592404-R001	biblical_book	Dan	1	12		1Q71	1606620	f1i	4	1592404				books/DSS-Daniel.txt	12937	2823	1929411-1929421	11	0	9e988681a68c508c84aa296a5822536f7cb38f44c7f1359869e1abe43566515d	linguistics/books/DSS-Daniel-Linguistics.txt	18304	4660	61a7404984dbc3126a02bd4319413be08fe53139c264fb19099f4db32feccccd	PARTLY_RECONSTRUCTED	29	26	21	0	5	22	0	0	1	0	0	0	0
L1592404-R002	biblical_book	Dan	1	13		1Q71	1606620	f1i	4	1592404				books/DSS-Daniel.txt	15760	2436	1929422-1929426	5	1	158a5aad77accb06e8a9e3eaf544b02272d952ff7abc6c9a6a177c6035669a9e	linguistics/books/DSS-Daniel-Linguistics.txt	22964	2426	dbc322a2b84e081de203bde3caef4e40c70d2be43467e98108937888e547ac43	NO_LETTER_RECONSTRUCTION_MARKED	18	16	0	1	15	0	1	0	0	0	0	0	0
L1592405-R001	biblical_book	Dan	1	13		1Q71	1606620	f1i	5	1592405				books/DSS-Daniel.txt	18196	3635	1929427-1929441	15	1	216676ae0122d23347d080f9b6e3c87a057bf829d670b42c6b07043d8a23e649	linguistics/books/DSS-Daniel-Linguistics.txt	25390	6299	1d155df397c13d48b9abbf2593acc0d0871b6fd0b4691d66741bb3e10a4b078a	PARTLY_RECONSTRUCTED	36	36	19	2	15	19	2	0	0	0	0	0	0
L1592406-R001	biblical_book	Dan	1	13		1Q71	1606620	f1i	6	1592406				books/DSS-Daniel.txt	21831	1872	1929442-1929445	4	0	a7db676e976264c74f52a459115ad14c6abca071ea9d09b95e29c0b74f8d1989	linguistics/books/DSS-Daniel-Linguistics.txt	31689	1950	903b9f0c22b22386faf3ad9466e4a179408f644648d976c499f10517d74380dc	ALL_LETTER_SLOTS_RECONSTRUCTED	13	10	10	0	0	13	0	0	1	0	0	0	0
L1592406-R002	biblical_book	Dan	1	14		1Q71	1606620	f1i	6	1592406				books/DSS-Daniel.txt	23703	3205	1929446-1929455	10	1	4b390e73bdbde4015fe9267fa2b5c74f081c6adb8d0baa3b73971b99b570be33	linguistics/books/DSS-Daniel-Linguistics.txt	33639	4284	af8b99ea1e8075b7f7c270cbf638327ce4b14536655b9009871dac327bef7a0b	PARTLY_RECONSTRUCTED	26	24	6	3	15	6	3	0	0	0	0	0	0
L1592407-R001	biblical_book	Dan	1	14		1Q71	1606620	f1i	7	1592407				books/DSS-Daniel.txt	26908	1433	1929456-1929457	2	0	06fbbda46ebb740586e679a5a958ac204d0dcf6849a78b11ae221c7da0d411b9	linguistics/books/DSS-Daniel-Linguistics.txt	37923	1175	22e4fd00081fc362a21bdb2987353a8e27aecf1f2bf12ae3c9c0ccddfb464bdb	ALL_LETTER_SLOTS_RECONSTRUCTED	6	4	4	0	0	6	0	0	1	0	0	0	0
L1592407-R002	biblical_book	Dan	1	15		1Q71	1606620	f1i	7	1592407				books/DSS-Daniel.txt	28341	3087	1929458-1929467	10	1	bdf5d3721755a55844ad54c2bcdda669cd9b434e91ef4bfc4ba792a57c51c7e2	linguistics/books/DSS-Daniel-Linguistics.txt	39098	4495	bb0c67077baa9707672207042f2aa18a2a47af21e066ced577ad6b83d7309b43	PARTLY_RECONSTRUCTED	33	32	19	0	13	19	0	0	0	0	0	0	0
L1592408-R001	biblical_book	Dan	1	15		1Q71	1606620	f1i	8	1592408				books/DSS-Daniel.txt	31428	2912	1929468-1929479	12	0	358f095de70e5bed957a2ef9fe1acce95af73745a2e250ca5f1a79ee5c1b9501	linguistics/books/DSS-Daniel-Linguistics.txt	43593	5083	0f3b4745a2bb1d79da37f9a0de615fe65375f34b136711ae65ed1b7b8f9f3ec4	PARTLY_RECONSTRUCTED	31	29	27	0	2	27	0	0	1	0	0	0	0
L1592408-R002	biblical_book	Dan	1	16		1Q71	1606620	f1i	8	1592408				books/DSS-Daniel.txt	34340	1970	1929480-1929483	4	1	23c986bf46c372429cb67e2532242a4df3379499efa06e3d865b5219946e85ab	linguistics/books/DSS-Daniel-Linguistics.txt	48676	1946	f9c8a914f5066bddd214cad8b5180340557f2e300c6658e85c26eda61bf6ea71	NO_LETTER_RECONSTRUCTION_MARKED	9	9	0	1	8	0	1	0	0	0	0	0	0
L1592409-R001	biblical_book	Dan	1	16		1Q71	1606620	f1i	9	1592409				books/DSS-Daniel.txt	36310	3539	1929484-1929494	11	1	21ee2a071db3594c5845b0742abf72df7919aca1412eb89d2e8ddfc729c9cfe8	linguistics/books/DSS-Daniel-Linguistics.txt	50622	4834	4ca5a9e5427c3c4d8ed2d3e3bc818416bbb6d90104c451004fe16bc967ab1ec1	PARTLY_RECONSTRUCTED	37	32	24	1	7	26	1	0	1	0	0	0	0
L1592410-R001	biblical_book	Dan	1	17		1Q71	1606620	f1i	10	1592410				books/DSS-Daniel.txt	39849	3883	1929495-1929508	14	1	bc40f246dad21e86c2339f493bfa913f319c3a2b95529ebb71f8c1a172bebd8b	linguistics/books/DSS-Daniel-Linguistics.txt	55456	5985	8dcf4255c1cb5031fa52b27b088db966d28fae1a38b63e6f9afa175cc13bf891	PARTLY_RECONSTRUCTED	41	37	34	1	2	36	1	0	1	0	0	0	0
L1592411-R001	biblical_book	Dan	2	2		1Q71	1606620	f1ii	1	1592411				books/DSS-Daniel.txt	43732	3321	1929509-1929520	12	1	1654d4db6105c793459719a8dcb5ec19e085383665c9b8f32f684933043e4aeb	linguistics/books/DSS-Daniel-Linguistics.txt	61441	5227	f0fc3aa78075239794c7db49c0e7828bb1ac36b9013760f2024cbc216f5f71de	PARTLY_RECONSTRUCTED	37	36	25	0	11	26	0	0	0	0	0	0	0
L1592412-R001	biblical_book	Dan	2	2		1Q71	1606620	f1ii	2	1592412				books/DSS-Daniel.txt	47053	1513	1929521-1929523	3	0	3e75ebbe268d176d0e80134036b6e77779c07f0bf503c74b2a5177c8c14e63a0	linguistics/books/DSS-Daniel-Linguistics.txt	66668	1502	841774ac6ec0f0a1b5089c84a590ea853eeee48ffbf5a0f8b546d2dd740dbd46	NO_LETTER_RECONSTRUCTION_MARKED	6	4	0	0	4	0	0	0	1	0	0	0	0
L1592412-R002	biblical_book	Dan	2	3		1Q71	1606620	f1ii	2	1592412				books/DSS-Daniel.txt	48566	3156	1929524-1929533	10	1	b074d869ec53f83fb37306c4b932c7355e8678a550cc253c5c1fbd621de3a748	linguistics/books/DSS-Daniel-Linguistics.txt	68170	4387	5cc186099b82f6fda7bc941437b2fc235c9dca2353507aa0205197c87489e2c5	PARTLY_RECONSTRUCTED	32	30	21	1	8	22	1	0	0	0	0	0	0
L1592413-R001	biblical_book	Dan	2	3		1Q71	1606620	f1ii	3	1592413				books/DSS-Daniel.txt	51722	1925	1929534-1929539	6	0	a322a2c2425253214b95f2dee15e999361b19d6108cdf473dc1b84c845335f20	linguistics/books/DSS-Daniel-Linguistics.txt	72557	2659	4a2f6f81f85334447fb3498240f5b6eb810d34baa0579b5ddf5cb58c9a3191c1	NO_LETTER_RECONSTRUCTION_MARKED	13	11	0	0	11	0	0	0	1	0	0	0	0
L1592413-R002	biblical_book	Dan	2	4		1Q71	1606620	f1ii	3	1592413				books/DSS-Daniel.txt	53647	2519	1929540-1929546	7	1	04a1fd2abe226fb6a05473d3c91e6c25679326989afb243f55d5739a24ffb5bf	linguistics/books/DSS-Daniel-Linguistics.txt	75216	3259	278e764b2c1d6ad9e2025d36cbdd84f2d68de88aaf023bd8f5215511062ff6e1	PARTLY_RECONSTRUCTED	21	21	15	1	5	15	1	0	0	0	0	0	0
L1592414-R001	biblical_book	Dan	2	4		1Q71	1606620	f1ii	4	1592414		a		books/DSS-Daniel.txt	56166	3594	1929547-1929556	10	2	cbd0ad7e5a61a5955b163d233b18cfbdca9901cd07db580b293e9217a7d84504	linguistics/books/DSS-Daniel-Linguistics.txt	78475	4304	8f738448c8d0e00bad1144a4ce973360573345fc32a66912c76e9366ac1a89c9	PARTLY_RECONSTRUCTED	27	26	15	0	11	16	0	0	0	0	0	0	0
L1592415-R001	biblical_book	Dan	2	4		1Q71	1606620	f1ii	5	1592415		a		books/DSS-Daniel.txt	59760	1705	1929557-1929560	4	0	17a64bc5c66bdd9ae63f400a0974085db65f44c2e9b0f724533a5e91deb6a253	linguistics/books/DSS-Daniel-Linguistics.txt	82779	1934	b75086df7950a6de9b80d87105a6ae7253b07249c77e8a1b9c8aa2ada9ca0510	NO_LETTER_RECONSTRUCTION_MARKED	9	9	0	0	9	0	0	0	0	0	0	0	0
L1592415-R002	biblical_book	Dan	2	4		1Q71	1606620	f1ii	5	1592415				books/DSS-Daniel.txt	61465	1226	1929561	1	0	d5cc66424d1a8e3ca06f01b565826f3d60758dc791a1521b31f91ebcf173bcb0	linguistics/books/DSS-Daniel-Linguistics.txt	84713	718	395c07685e344880274086be1c003d041ff1e241adb1998b9fd967106e008b89	NO_LETTER_SLOTS	2	0	0	0	0	0	0	0	1	0	0	0	0
L1592415-R003	biblical_book	Dan	2	5		1Q71	1606620	f1ii	5	1592415		a		books/DSS-Daniel.txt	62691	3336	1929562-1929572	11	1	7fa0ca55d537eddf33902b4f25be8ca42dbce28048ccfe98f73951db8ce90516	linguistics/books/DSS-Daniel-Linguistics.txt	85431	4677	4fcef481034d456749593bcb6ad5992de671d0546def21c6d6b8143b6e5c5406	PARTLY_RECONSTRUCTED	25	24	17	0	7	18	0	0	0	0	0	0	0
L1592416-R001	biblical_book	Dan	2	5		1Q71	1606620	f1ii	6	1592416		a		books/DSS-Daniel.txt	66027	3549	1929573-1929582	10	1	10074723dac8da3f67a5769bda27bcfe34221bd1cec6d07f0b61e83160db6b4f	linguistics/books/DSS-Daniel-Linguistics.txt	90108	4447	ebda2f3f53ea3c93ac6cec8ba062779a6ecbeae738a494df152d46e9885ae332	PARTLY_RECONSTRUCTED	35	33	19	0	14	21	0	0	0	0	0	0	0
L1592417-R001	biblical_book	Dan	2	5		1Q71	1606620	f1ii	7	1592417		a		books/DSS-Daniel.txt	69576	2173	1929583-1929587	5	0	55ccc05120682181359758be85142335e285bd1ad03a39fec6fa9a8404ba4a62	linguistics/books/DSS-Daniel-Linguistics.txt	94555	2481	62c4b6b44e7603fb473d8a2be8df9e1e1a8d346007bf96f371c305347c518708	PARTLY_RECONSTRUCTED	25	24	10	0	14	10	0	0	0	0	0	0	0
L1592417-R002	biblical_book	Dan	2	5		1Q71	1606620	f1ii	7	1592417				books/DSS-Daniel.txt	71749	1242	1929588	1	0	3f1753b861d921c2e5b98c521b19998eed68c836cbc02d5a133ba4844538b757	linguistics/books/DSS-Daniel-Linguistics.txt	97036	718	68990eed133f14c9b460110e66df9ac1506289a06a0ffd89e931036d5fd1be0f	NO_LETTER_SLOTS	2	0	0	0	0	2	0	0	1	0	0	0	0
L1592417-R003	biblical_book	Dan	2	6		1Q71	1606620	f1ii	7	1592417		a		books/DSS-Daniel.txt	72991	2544	1929589-1929594	6	1	00601f05fd979b328dc9bfdeafaa7a1f1eeb6040957014a6c05bff641037dea6	linguistics/books/DSS-Daniel-Linguistics.txt	97754	2699	4a138682e6a3216f3c669ee430e75aa1581d7104f28462b50e1ccfddecaf3df6	ALL_LETTER_SLOTS_RECONSTRUCTED	13	12	12	0	0	13	0	0	0	0	0	0	0
L1592418-R001	biblical_book	Dan	2	6		1Q71	1606620	f1ii	8	1592418		a		books/DSS-Daniel.txt	75535	3199	1929595-1929604	10	0	2428b9b95b5223497f5792b4ad655d107bda4dce5c56ff11c27301de7e3203db	linguistics/books/DSS-Daniel-Linguistics.txt	100453	4578	4862cc1fac51a9a598cccd618221122d066a8d6a4b737b90a69e517dbab3ebb5	PARTLY_RECONSTRUCTED	36	35	31	2	2	32	2	0	0	0	0	0	0
L1592418-R002	biblical_book	Dan	2	6		1Q71	1606620	f1ii	8	1592418				books/DSS-Daniel.txt	78734	1553	1929605	1	1	a7353434ee7a358567d81acbb9f94fe48cccc1e0dbf58d7cfe344ae8c6560e0e	linguistics/books/DSS-Daniel-Linguistics.txt	105031	718	f293548f98124a83823ae501102129aa9d0dc157105adb330da7d554e4535245	NO_LETTER_SLOTS	2	0	0	0	0	0	0	0	1	0	0	0	0
L1592419-R001	biblical_book	Dan	3	22		1Q72	1606621	f1_2	1	1592419		a		books/DSS-Daniel.txt	80337	2656	1929606-1929613	8	0	29557dab4ecedc9f158bf435607def3970132e6828438f9ebdadd3153e1a7357	linguistics/books/DSS-Daniel-Linguistics.txt	105799	3617	a5659a8f321c30a085a9f5d5b90efbe1f2dbe1bd85d4165d0ad4b0fe6ea0cf44	PARTLY_RECONSTRUCTED	21	21	17	2	2	17	2	0	0	0	0	0	0
L1592419-R002	biblical_book	Dan	3	22		1Q72	1606621	f1_2	1	1592419				books/DSS-Daniel.txt	82993	1244	1929614	1	0	9fef56c0420dd4e42655fce65eea0c268aa3bf2fc424a92334f88cd8598ab4ce	linguistics/books/DSS-Daniel-Linguistics.txt	109416	721	4e3a94d0c06117a70c2e81c4175c8bcb0dd774ebf5a0cb941bf57abac36095fd	NO_LETTER_SLOTS	2	0	0	0	0	2	0	0	1	0	0	0	0
L1592419-R003	biblical_book	Dan	3	23		1Q72	1606621	f1_2	1	1592419		a		books/DSS-Daniel.txt	84237	3806	1929615-1929627	13	1	05f0f76bc0764bc23b107605d7d96aad1e2dfeb44820c7a91358f72bd2dce984	linguistics/books/DSS-Daniel-Linguistics.txt	110137	5703	1a51c6403b113c5a4f97c97cebc1d508b480fa53d2df2dfe751f2104d7c463dd	ALL_LETTER_SLOTS_RECONSTRUCTED	39	38	38	0	0	39	0	0	0	0	0	0	0
L1592420-R001	biblical_book	Dan	3	23		1Q72	1606621	f1_2	2	1592420		a		books/DSS-Daniel.txt	88043	2374	1929628-1929633	6	0	dcb973041f8168e150830fc75e6658298fc9ea5f71a5eae57259469ccdfeda8d	linguistics/books/DSS-Daniel-Linguistics.txt	115840	2805	0a018a6493770161b0b971e6a7196a04b6d7377fd2b1c6f86ea38c192b81d4c3	PARTLY_RECONSTRUCTED	19	19	13	2	4	13	2	0	0	0	0	0	0
L1592420-R002	biblical_book	Dan	3	23		1Q72	1606621	f1_2	2	1592420				books/DSS-Daniel.txt	90417	1244	1929634	1	0	c4c98f2a163133a0a2b5e1872a80441887ae6fc72ca6a847e2a30a06787aa186	linguistics/books/DSS-Daniel-Linguistics.txt	118645	721	c90e446c4f2080bf81746be5575ff296ea0629ab4412e390c7dfa1cf434704a8	NO_LETTER_SLOTS	2	0	0	0	0	2	0	0	1	0	0	0	0
L1592420-R003	biblical_book	Dan	3	24		1Q72	1606621	f1_2	2	1592420		a		books/DSS-Daniel.txt	91661	1978	1929635	1	2	b119ca3d21e03c3649dfb25d3f044b72dbf23940eba700daab21888918215aae	linguistics/books/DSS-Daniel-Linguistics.txt	119366	828	78140431ed73a1416d2263217d8e3fa8c9d8bb741eb811a45eee7514149a0ead	ALL_LETTER_SLOTS_RECONSTRUCTED	4	4	4	0	0	4	0	0	0	0	0	0	0
L1592421-R001	biblical_book	Dan	3	24		1Q72	1606621	f1_2	3	1592421		a		books/DSS-Daniel.txt	93639	4967	1929636-1929653	18	1	b57e3017efa7bd40d71c35a3fb5a466e9e90484d056c083d1a7d098d995b31ed	linguistics/books/DSS-Daniel-Linguistics.txt	120194	7772	35f3d6b71854025fceb3164706b6d68ba2ba214b2ee4e3ddbf1761f2526ae4e9	PARTLY_RECONSTRUCTED	58	57	46	2	9	47	2	0	0	0	0	0	0
L1592422-R001	biblical_book	Dan	3	24		1Q72	1606621	f1_2	4	1592422		a		books/DSS-Daniel.txt	98606	3507	1929654-1929667	14	0	1b6a9fcfb5e17ad25c9d08ecdb0a1aca8e49f061fa995edd87ec64cb4d481b75	linguistics/books/DSS-Daniel-Linguistics.txt	127966	5909	d6c88abf84abe7520ecfc242b61838a95b1cde593a395e10d85de622bfc0d229	PARTLY_RECONSTRUCTED	37	37	13	1	23	13	1	0	0	0	0	0	0
L1592422-R002	biblical_book	Dan	3	24		1Q72	1606621	f1_2	4	1592422				books/DSS-Daniel.txt	102113	1244	1929668	1	0	bbf5b4cb51d3642955ad9a883ef64c7b21223b8fcd469641ededa7bfaccc3c1b	linguistics/books/DSS-Daniel-Linguistics.txt	133875	721	a1d5e69a4c44c8f3b9e859a92e8efb4f7c545387349fd1303005b9854b5651b6	NO_LETTER_SLOTS	2	0	0	0	0	2	0	0	1	0	0	0	0
L1592422-R003	biblical_book	Dan	3	25		1Q72	1606621	f1_2	4	1592422		a		books/DSS-Daniel.txt	103357	2456	1929669-1929672	4	2	689496698f18f68e4c6ee2fd1addbbe50a79029ac22710bfb7059e9f391aa113	linguistics/books/DSS-Daniel-Linguistics.txt	134596	1925	94eccdee47d66491b8e13c9111ed245568be4ba2b6ce048ac24bc8b2f16d26a8	ALL_LETTER_SLOTS_RECONSTRUCTED	9	9	9	0	0	9	0	0	0	0	0	0	0
L1592423-R001	biblical_book	Dan	3	25		1Q72	1606621	f1_2	5	1592423		a		books/DSS-Daniel.txt	105813	4817	1929673-1929689	17	1	eea63391155efac71a270eb82a198340066801da29d193835df85baa7642bca8	linguistics/books/DSS-Daniel-Linguistics.txt	136521	7270	f47029354f9763255907dcbc55e994a9cb2ff8640bbfd21e28f0d9f4a2d558c0	PARTLY_RECONSTRUCTED	54	52	36	1	15	38	1	0	0	0	0	0	0
L1592424-R001	biblical_book	Dan	3	25		1Q72	1606621	f1_2	6	1592424		a		books/DSS-Daniel.txt	110630	2616	1929690-1929696	7	0	78c71cf3731f977eb606eeebdbf251131048ac6a5a4558a5e4c9f5baf59bf84a	linguistics/books/DSS-Daniel-Linguistics.txt	143791	3208	6da219305a4856e413930ff5c765bfc4277e65cc5b6b33d2824e66c62b2f470d	PARTLY_RECONSTRUCTED	19	19	5	2	12	5	2	0	0	0	0	0	0
L1592424-R002	biblical_book	Dan	3	25		1Q72	1606621	f1_2	6	1592424				books/DSS-Daniel.txt	113246	1244	1929697	1	0	f150b40f6616aa5025e4e1053e68a654cf5c163834f032df6341eabdf14822b5	linguistics/books/DSS-Daniel-Linguistics.txt	146999	721	d7ebdc332b8e852e38eed54481d48d62050dceed28c245878a938276863b72d3	NO_LETTER_SLOTS	2	0	0	0	0	2	0	0	1	0	0	0	0
L1592424-R003	biblical_book	Dan	3	26		1Q72	1606621	f1_2	6	1592424		a		books/DSS-Daniel.txt	114490	3467	1929698-1929709	12	1	4387b9a6af5932208b4dcb3c5e4f3629d455341c6c55934a8f6975d066d32473	linguistics/books/DSS-Daniel-Linguistics.txt	147720	5335	9ca987f38b628e6455eebffb374d5e4ac7b61779ee157aaa79b61c0063995e20	ALL_LETTER_SLOTS_RECONSTRUCTED	36	36	36	0	0	36	0	0	0	0	0	0	0
L1592425-R001	biblical_book	Dan	3	26		1Q72	1606621	f1_2	7	1592425		a		books/DSS-Daniel.txt	117957	4619	1929710-1929725	16	1	330864582cfb27438dcd5b9c051b4c38c8a7070d57d3e9cd707d9a4ded09fff5	linguistics/books/DSS-Daniel-Linguistics.txt	153055	6825	a0a2c22cbf40a6e33a6ef504c8d26aebde6d31447e362f4a0363d60d42d71205	PARTLY_RECONSTRUCTED	43	42	32	2	8	33	2	0	0	0	0	0	0
L1592426-R001	biblical_book	Dan	3	26		1Q72	1606621	f1_2	8	1592426		a		books/DSS-Daniel.txt	122576	3251	1929726-1929737	12	0	6ba64b793f659e53e9444ca471bde51401c765ae9590922cbc1c2ec0e355fd07	linguistics/books/DSS-Daniel-Linguistics.txt	159880	5279	0d5657eff4e6d302f2a311f929e37c0d59c05907a53c0f1cf67754cda6557c3e	PARTLY_RECONSTRUCTED	34	34	21	1	12	21	1	0	0	0	0	0	0
L1592426-R002	biblical_book	Dan	3	26		1Q72	1606621	f1_2	8	1592426				books/DSS-Daniel.txt	125827	1244	1929738	1	0	5c759b01134eefa4e12a19c5310286a57d45ac3f87c8382bb2a76171714c3841	linguistics/books/DSS-Daniel-Linguistics.txt	165159	721	ab9f5b5f72fd5b2c5662d95260bd196df40e9eb8d167d2cd199f9d708e3e94a1	NO_LETTER_SLOTS	2	0	0	0	0	2	0	0	1	0	0	0	0
L1592426-R003	biblical_book	Dan	3	27		1Q72	1606621	f1_2	8	1592426		a		books/DSS-Daniel.txt	127071	2477	1929739-1929744	6	1	1118169bc3ea0bfdbaa49198de482d8ee8b3a64a366fdd32c635ad46a1c67f67	linguistics/books/DSS-Daniel-Linguistics.txt	165880	2893	74ff7d13b506ecd411ade6cb7ae95b9092197d2a4dd1cc5018f48a4ea675bc14	ALL_LETTER_SLOTS_RECONSTRUCTED	22	22	22	0	0	22	0	0	0	0	0	0	0
L1592427-R001	biblical_book	Dan	3	27		1Q72	1606621	f1_2	9	1592427		a		books/DSS-Daniel.txt	129548	5647	1929745-1929766	22	1	f387a1130ba6787085803a55b48febe2680c6d136f2f169ac23a3baf42407f3d	linguistics/books/DSS-Daniel-Linguistics.txt	168773	9165	006fa90a6c77936b4d37cbf1d3742af32bc0464496ac8fb99cc694249ea0029e	PARTLY_RECONSTRUCTED	59	57	43	4	10	45	4	0	0	0	0	0	0
L1592428-R001	biblical_book	Dan	3	27		1Q72	1606621	f1_2	10	1592428		a		books/DSS-Daniel.txt	135195	3596	1929767-1929778	12	0	f52b73f29e378e0e3461c57ad2659e8ebab9e493f52bace297bdf13106c9941d	linguistics/books/DSS-Daniel-Linguistics.txt	177938	5209	94d4d796d3dad304519bafe780ff00136effd7d821462ef1994216cf7132f3d9	PARTLY_RECONSTRUCTED	39	37	20	0	17	21	0	0	0	0	0	0	0
L1592428-R002	biblical_book	Dan	3	27		1Q72	1606621	f1_2	10	1592428				books/DSS-Daniel.txt	138791	1953	1929779	1	2	58a14356208924ce0d5449a4277eca7ab2902cde5efdd6f40bf1ac987e8feb40	linguistics/books/DSS-Daniel-Linguistics.txt	183147	723	5a72abc2ec021c360b1cee78dec969db48af13305750c191c0ebafcd54032796	NO_LETTER_SLOTS	2	0	0	0	0	2	0	0	1	0	0	0	0
L1592429-R001	biblical_book	Dan	3	28		1Q72	1606621	f1_2	11	1592429		a		books/DSS-Daniel.txt	140744	4845	1929780-1929795	16	2	72ee1714257504d324a3448ad17da8240fc556ceb49b08e9c41357354f045adb	linguistics/books/DSS-Daniel-Linguistics.txt	183870	7097	a6635867edffa8767200e2bfc7608f093f500b14544a3621e1f81379cad86a92	PARTLY_RECONSTRUCTED	54	52	44	0	8	46	0	0	0	0	0	0	0
L1592430-R001	biblical_book	Dan	3	28		1Q72	1606621	f1_2	12	1592430		a		books/DSS-Daniel.txt	145589	5155	1929796-1929813	18	1	0e89545a7fc86f6362118fff324b97e27c965c8e29ec56d444688f7a8d8b0599	linguistics/books/DSS-Daniel-Linguistics.txt	190967	7627	f9f7bf059c13724979d544e7d1c9069e6fefc25d2ab8fa55b3a0fa0fd6d87080	PARTLY_RECONSTRUCTED	61	58	40	0	18	43	0	0	0	0	0	0	0
L1592431-R001	biblical_book	Dan	3	28		1Q72	1606621	f1_2	13	1592431		a		books/DSS-Daniel.txt	150744	2763	1929814-1929822	9	0	b72170a2021330685c29e22073aa137e17192c5f48e30bd96f5153db334255e9	linguistics/books/DSS-Daniel-Linguistics.txt	198594	3963	83b580d683588818c86054a03e4d789c1a66eff0076c0206a4e2f1e46c7987a3	PARTLY_RECONSTRUCTED	26	25	22	0	3	23	0	0	0	0	0	0	0
L1592431-R002	biblical_book	Dan	3	28		1Q72	1606621	f1_2	13	1592431				books/DSS-Daniel.txt	153507	1246	1929823	1	0	f2bbd06a19780ed4ef4e9337c6f1eddeb2c035cfaae5d07a25ee6e65fcfe5acb	linguistics/books/DSS-Daniel-Linguistics.txt	202557	723	c8722c39fea76a6af8c65d4f723b0226da27ebfa5b4688c07bc9249fa41eee11	NO_LETTER_SLOTS	2	0	0	0	0	2	0	0	1	0	0	0	0
L1592431-R003	biblical_book	Dan	3	29		1Q72	1606621	f1_2	13	1592431		a		books/DSS-Daniel.txt	154753	3547	1929824-1929833	10	1	c3b60396ddead3d08c076ff1932f9eed0280dc67ef941b6a8558235cc1e14eb0	linguistics/books/DSS-Daniel-Linguistics.txt	203280	4374	efe1739afdc0c207764071010aa495f5a0429c2a054d652b521b54ea71b82544	PARTLY_RECONSTRUCTED	27	26	10	2	14	11	2	0	0	0	0	0	0
L1592432-R001	biblical_book	Dan	3	29		1Q72	1606621	f1_2	14	1592432		a		books/DSS-Daniel.txt	158300	4842	1929834-1929849	16	1	ad28b5c08408f6a600e8935021b8203cf26b1da32ea873fb2ad9b9c21b8f6474	linguistics/books/DSS-Daniel-Linguistics.txt	207654	7038	77ae2373a0ece9024620aa6848d1023d4c8abf7eb3e8ac5a198b48d34123763d	PARTLY_RECONSTRUCTED	55	52	37	2	13	38	3	0	0	0	0	0	0
L1592433-R001	biblical_book	Dan	3	29		1Q72	1606621	f1_2	15	1592433		a		books/DSS-Daniel.txt	163142	3307	1929850-1929862	13	0	040bf9fb98b18c195ffd4dde6ac2f01f5334e6658ffce18065d11dc2a2c2066d	linguistics/books/DSS-Daniel-Linguistics.txt	214692	5676	8ea398e9aacd5ccc62c537954c952927219b375be9afc228450148a8b6c3f285	PARTLY_RECONSTRUCTED	39	39	31	0	8	31	0	0	0	0	0	0	0
L1592433-R002	biblical_book	Dan	3	29		1Q72	1606621	f1_2	15	1592433				books/DSS-Daniel.txt	166449	1230	1929863	1	0	3755df6b1f0103ee592a48eed1a9431384356a6f7eab7c4ad26efc33660123dd	linguistics/books/DSS-Daniel-Linguistics.txt	220368	723	b6f0c2ab14340dac078f30ea3fb9948aaaa62dada561b36b814c1373be948618	NO_LETTER_SLOTS	2	0	0	0	0	0	0	0	1	0	0	0	0
L1592433-R003	biblical_book	Dan	3	30		1Q72	1606621	f1_2	15	1592433		a		books/DSS-Daniel.txt	167679	2126	1929864-1929867	4	1	09af04360aa40453c2406581f81fe5e66591699498ffcf4c78b020ce07fd5920	linguistics/books/DSS-Daniel-Linguistics.txt	221091	1987	3326d3b9d80d4cd096e8c4bd37128b0a283f2bb88e4fb12dc4dc43ffb04cf5fd	PARTLY_RECONSTRUCTED	9	9	6	0	3	6	0	0	0	0	0	0	0
L1592434-R001	biblical_book	Dan	3	30		1Q72	1606621	f1_2	16	1592434		a		books/DSS-Daniel.txt	169805	3014	1929868-1929878	11	0	278e75c39adc793dc3a0be4cecfdc2e3b04ff3516e967bf6d1aeaa622648c865	linguistics/books/DSS-Daniel-Linguistics.txt	223078	4870	4f4d397183a5bce33b757ee57a8bd61145f70773ec0f300f2889617d1eb238f6	ALL_LETTER_SLOTS_RECONSTRUCTED	31	29	29	0	0	31	0	1	1	0	0	0	0
L1592434-R002	biblical_book	Dan	3	30		1Q72	1606621	f1_2	16	1592434				books/DSS-Daniel.txt	172819	1558	1929879	1	1	3f699dca8d4680f81ef02a9fe0c7a482615de9a5e86215c5d1d3aa50979d44e0	linguistics/books/DSS-Daniel-Linguistics.txt	227948	723	bec5a656422c6430027a088d3e7d3679cc34adeb0c5055e7542152c20a5b9f74	NO_LETTER_SLOTS	2	0	0	0	0	0	0	0	1	0	0	0	0
L1601844-R001	biblical_book	Dan	1	16		4Q112	1606779	f1i+2	1	1601844				books/DSS-Daniel.txt	174428	3835	2057809-2057820	12	1	8018364af28d9ff9d776c54b7440afd5eadceffd3c56a6e583d8f15969b9057e	linguistics/books/DSS-Daniel-Linguistics.txt	228722	5279	63ee2e38ac2affd6ccbc7a481db87fdf2f113aab497fe8fd956599529f087702	PARTLY_RECONSTRUCTED	35	31	17	7	7	19	7	1	1	0	0	0	0
L1601845-R001	biblical_book	Dan	1	16		4Q112	1606779	f1i+2	2	1601845				books/DSS-Daniel.txt	178263	2033	2057821-2057825	5	0	744a289d7c0957965f7b8b211c53ace85155fddc2017733f54f9c76015e389ca	linguistics/books/DSS-Daniel-Linguistics.txt	234001	2381	a1807305f2aeb1b8c19567c2fa2212c20611c542dabe3ebcaf0a41ed89dc6af7	ALL_LETTER_SLOTS_RECONSTRUCTED	16	13	13	0	0	16	0	0	1	0	0	0	0
L1601845-R002	biblical_book	Dan	1	17		4Q112	1606779	f1i+2	2	1601845				books/DSS-Daniel.txt	180296	3984	2057826-2057838	13	1	1b4c2d083ea931532e87f1aab21523a0492b27b3f05310d94db50ddcf1c3afc8	linguistics/books/DSS-Daniel-Linguistics.txt	236382	5674	2578cf4fee7c66737edd2be01afe3c977a673864e63d532aa986fe2e4c51f2f7	PARTLY_RECONSTRUCTED	39	37	25	5	7	26	5	0	0	0	0	0	0
L1601846-R001	biblical_book	Dan	1	17		4Q112	1606779	f1i+2	3	1601846				books/DSS-Daniel.txt	184280	3198	2057839-2057852	14	0	64a43e40b4eb849555c7a021bddfb4bf3405c14b69b4ff170c9b4261dcfb577e	linguistics/books/DSS-Daniel-Linguistics.txt	242056	5985	2154419ff84864271c718c162b7bee0cfaf4dad3f8578448f75650a46fda94c1	ALL_LETTER_SLOTS_RECONSTRUCTED	36	34	34	0	0	36	0	0	1	0	0	0	0
L1601846-R002	biblical_book	Dan	1	18		4Q112	1606779	f1i+2	3	1601846				books/DSS-Daniel.txt	187478	2676	2057853-2057858	6	2	c18afadc6d745af9f65cc77dbe25e185bc82cbc747ce3d60dfe8a277a18dbce8	linguistics/books/DSS-Daniel-Linguistics.txt	248041	2711	6c8c11ae236e6cfd96f27ca4b64171f6a00dd1548f503757d07f2cfa6aebade6	PARTLY_RECONSTRUCTED	11	11	6	2	3	6	2	0	0	0	0	0	0
L1601847-R001	biblical_book	Dan	1	18		4Q112	1606779	f1i+2	4	1601847				books/DSS-Daniel.txt	190154	3827	2057859-2057873	15	0	fbe42bff08c59d5516486a06ef97064284d0a8ff658bb3f350c9e955216f75db	linguistics/books/DSS-Daniel-Linguistics.txt	250752	6509	a7091386249099cafbd950a492cf39a98a2a388840ade65656b694fd88933991	PARTLY_RECONSTRUCTED	47	43	35	1	7	39	1	0	1	0	0	0	0
L1601847-R002	biblical_book	Dan	1	19		4Q112	1606779	f1i+2	4	1601847				books/DSS-Daniel.txt	193981	1720	2057874-2057875	2	1	dc62e26cba0ced32a0469c7198f2b0547224361ce71e8ac2ee33b88740f9a61a	linguistics/books/DSS-Daniel-Linguistics.txt	257261	1168	9b6ccf71a6f02cedd2f12c7b9ec941f0f08ab314e878e557d39b900e6826aecc	ALL_LETTER_SLOTS_RECONSTRUCTED	5	5	5	0	0	5	0	0	0	0	0	0	0
L1601848-R001	biblical_book	Dan	1	19		4Q112	1606779	f1i+2	5	1601848				books/DSS-Daniel.txt	195701	4542	2057876-2057892	17	1	3ac3d1ca17c55e33e0f486844ed0325ab2980c7eac4cf80aa86ce81d075d6bfb	linguistics/books/DSS-Daniel-Linguistics.txt	258429	7365	ace43fa294b868aace46a8764062e5a60969b0e35a9706c8b9377bbf0783bb0c	PARTLY_RECONSTRUCTED	49	47	40	5	2	42	5	0	0	0	0	0	0
L1601849-R001	biblical_book	Dan	1	19		4Q112	1606779	f1i+2	6	1601849				books/DSS-Daniel.txt	200243	1706	2057893-2057896	4	0	973fbe15e005e0a11bee64014053c858807a7acb3305ee587c071ecfd4040c10	linguistics/books/DSS-Daniel-Linguistics.txt	265794	1878	24c6700b47f5f98c9825b9993c26b6f9e77a0531c1ad10ef1a7c1cb6e99d104b	PARTLY_RECONSTRUCTED	8	4	1	0	3	3	0	1	2	0	0	0	0
L1601849-R002	biblical_book	Dan	1	20		4Q112	1606779	f1i+2	6	1601849				books/DSS-Daniel.txt	201949	2341	2057897-2057901	5	1	cd9c7e207f56af62d0c536654d63297649c474b6c6d13b71121d1c181d589135	linguistics/books/DSS-Daniel-Linguistics.txt	267672	2480	50b7f84bc3d8ab2d9616722e6147b3a02feacd500aefca113a8f3b1a6dff994b	PARTLY_RECONSTRUCTED	14	14	5	2	7	5	2	0	0	0	0	0	0
L1601850-R001	biblical_book	Dan	1	20		4Q112	1606779	f1i+2	7	1601850				books/DSS-Daniel.txt	204290	3952	2057902-2057915	14	1	c46e54948a52ea17095492fe3bc67e7e126d48255b2bea2a60d5935b4ec6ef61	linguistics/books/DSS-Daniel-Linguistics.txt	270152	5983	cec3164506741fb81b8e11c681e8ececfe6a3c8e57ba6d8e0b900d05d8d4d051	PARTLY_RECONSTRUCTED	41	37	25	3	9	29	3	1	1	0	0	0	0
L1601851-R001	biblical_book	Dan	1	20		4Q112	1606779	f1i+2	8	1601851				books/DSS-Daniel.txt	208242	3741	2057916-2057927	12	1	0d54484a87140f29802d7c6d193e99eef71ffa37f92570821c045204f06020f3	linguistics/books/DSS-Daniel-Linguistics.txt	276135	5177	7314d20c4c1e059fda5ef5744dc139d938027ae55d4f6219da7073da021b4735	PARTLY_RECONSTRUCTED	37	25	18	1	6	24	4	2	4	0	0	0	0
L1601852-R001	biblical_book	Dan	2	9		4Q112	1606779	f1ii	1	1601852		a		books/DSS-Daniel.txt	211983	4268	2057928-2057941	14	1	02764430f1e5579d52d0c088a96fc9f2668484cdc3201b083f3202537663534d	linguistics/books/DSS-Daniel-Linguistics.txt	281312	6053	65fca2578c07d485ae0a5e0768585d7be1dd6b9f6388c3ca0bd8bc11f58047b1	PARTLY_RECONSTRUCTED	44	43	39	3	1	40	3	0	0	0	0	0	0
L1601853-R001	biblical_book	Dan	2	9		4Q112	1606779	f1ii	2	1601853		a		books/DSS-Daniel.txt	216251	3428	2057942-2057951	10	0	9857990e9a704e9f9e446e70d9393dc2f7130e3f449128df91e12651d84722c4	linguistics/books/DSS-Daniel-Linguistics.txt	287365	4407	9af9871a33e27b7c9c9cbd2c0055f910499cd76b97db980706ba84846144394f	PARTLY_RECONSTRUCTED	34	31	28	1	2	31	1	0	0	0	0	0	0
L1601853-R002	biblical_book	Dan	2	9		4Q112	1606779	f1ii	2	1601853				books/DSS-Daniel.txt	219679	1246	2057952	1	0	351d184758a08340b16f90fae57477e22289a318ce244ee9574552b0e26431ac	linguistics/books/DSS-Daniel-Linguistics.txt	291772	721	1d183d68150180201da06389b5d46a6f4518aee1183df44fb898a7e7f6116b1f	NO_LETTER_SLOTS	2	0	0	0	0	2	0	0	1	0	0	0	0
L1601853-R003	biblical_book	Dan	2	10		4Q112	1606779	f1ii	2	1601853				books/DSS-Daniel.txt	220925	1580	2057953	1	1	42e245ff29eb29ac09d796f4b26883d59711501823d46034ba390d1388360aa7	linguistics/books/DSS-Daniel-Linguistics.txt	292493	740	64eccb028549e675aee96ffcd4f0da42d84064a4bd62767ebb283367c46a7085	NO_LETTER_SLOTS	2	0	0	0	0	2	0	1	1	0	0	0	0
L1601854-R001	biblical_book	Dan	2	10		4Q112	1606779	f1ii	3	1601854		a		books/DSS-Daniel.txt	222505	1248	2057954	1	0	bf94726db1c537fca2398c172ddc6fec9ff2e490e4d2f263cd23834cb23d6629	linguistics/books/DSS-Daniel-Linguistics.txt	293233	757	efe883642272a3a72adb5ad30105b21eeb9acc5e75c3a66e1ecd952f2a3238e3	NO_LETTER_RECONSTRUCTION_MARKED	1	1	0	1	0	0	1	0	0	0	0	0	0
L1601854-R002	biblical_book	Dan	2	10		4Q112	1606779	f1ii	3	1601854				books/DSS-Daniel.txt	223753	1251	2057955	1	0	ee7a968c76badb971e101921bcd0f7403109f57c9d0f3678db507d03011afa89	linguistics/books/DSS-Daniel-Linguistics.txt	293990	740	c435cde4e7c8fe6eddfc79d61bdfd791ecb2aaa8b46649ac0f8a3f6100f1d920	NO_LETTER_SLOTS	2	0	0	0	0	2	0	1	1	0	0	0	0
L1601854-R003	biblical_book	Dan	2	10		4Q112	1606779	f1ii	3	1601854		a		books/DSS-Daniel.txt	225004	2790	2057956-2057963	8	1	ad02d679122d26ed915e1a81e36c6da95c689490429665949f120dff898305d0	linguistics/books/DSS-Daniel-Linguistics.txt	294730	3599	c8be935dfa91d72e18d7bf4451c09999f4112efd8dc68a5fadb1777079be9572	ALL_LETTER_SLOTS_RECONSTRUCTED	22	22	22	0	0	22	0	0	0	0	0	0	0
L1601855-R001	biblical_book	Dan	2	10		4Q112	1606779	f1ii	4	1601855		a		books/DSS-Daniel.txt	227794	4021	2057964-2057977	14	1	4e2286c5370266cd34a431a1c7b7fb077604e50b9bc8d2329b2ab0d49ffcebac	linguistics/books/DSS-Daniel-Linguistics.txt	298329	6011	59f08da8b293fb678d0edd63713fbe3e6fb2dbc0a7f9e24d3bbaa6a75fa0bb15	PARTLY_RECONSTRUCTED	38	38	34	2	2	34	2	0	0	0	0	0	0
L1601856-R001	biblical_book	Dan	2	10		4Q112	1606779	f1ii	5	1601856		a		books/DSS-Daniel.txt	231815	3065	2057978-2057989	12	0	002c391515f6ec077abc2234e7b21abf6984587d67422fdcb7d8c8655afa0715	linguistics/books/DSS-Daniel-Linguistics.txt	304340	5196	6141ce168d6be19cf4ac5f705dbed178357cee2663f490a02f1f10643b6eb3a9	PARTLY_RECONSTRUCTED	28	28	25	0	3	25	0	0	0	0	0	0	0
L1601856-R002	biblical_book	Dan	2	10		4Q112	1606779	f1ii	5	1601856				books/DSS-Daniel.txt	234880	1248	2057990	1	0	046842d656cb98ac780c093b6dd7c4affbf539290417999f9ede64fd3d5a27a8	linguistics/books/DSS-Daniel-Linguistics.txt	309536	724	84d29595975c65ad75869902f8375f73c1ef3654a5d284c5272ecad489bad12f	NO_LETTER_SLOTS	2	0	0	0	0	2	0	0	1	0	0	0	0
L1601856-R003	biblical_book	Dan	2	11		4Q112	1606779	f1ii	5	1601856		a		books/DSS-Daniel.txt	236128	1891	2057991-2057993	3	1	962ed2a3d2de8a68aba473d112b558a4a6297a8cca6dec85a840bc22267def22	linguistics/books/DSS-Daniel-Linguistics.txt	310260	1534	bade1c314fc6f8ffbc2cbb762ec3f9581d42731c9a5c0a0edf12290accadf401	ALL_LETTER_SLOTS_RECONSTRUCTED	5	5	5	0	0	5	0	0	0	0	0	0	0
L1601857-R001	biblical_book	Dan	2	11		4Q112	1606779	f1ii	6	1601857		a		books/DSS-Daniel.txt	238019	4236	2057994-2058008	15	1	aaacedac5f5573d57beff6015bf31a714074a8201653404b5ccfaac7905701c4	linguistics/books/DSS-Daniel-Linguistics.txt	311794	6482	fb6b9fc4749f583bffa856a8dca752bf9fdebac64edc46a832a94e54570e2ce4	PARTLY_RECONSTRUCTED	43	42	39	1	2	40	1	0	0	0	0	0	0
L1601858-R001	biblical_book	Dan	2	11		4Q112	1606779	f1ii	7	1601858		a		books/DSS-Daniel.txt	242255	3244	2058009-2058017	9	0	188f659bb4af58e88cba400779ac40a55208ddf5a76f144aa387750001c80f03	linguistics/books/DSS-Daniel-Linguistics.txt	318276	4047	383b0b9acbb8a2c2e437ae075d11676cf901097cea8eca6c1492428d033a9672	PARTLY_RECONSTRUCTED	31	27	25	1	1	29	1	1	1	0	0	0	0
L1601858-R002	biblical_book	Dan	2	11		4Q112	1606779	f1ii	7	1601858				books/DSS-Daniel.txt	245499	1561	2058018	1	1	355e44b697591a8da17791e7ddc12a5d4c1e734d3dad6264bd3d893becbc7311	linguistics/books/DSS-Daniel-Linguistics.txt	322323	724	31844aa860395692f3a83de464f3a14b6541206a30847fa79e27c57980ed000e	NO_LETTER_SLOTS	2	0	0	0	0	0	0	0	1	0	0	0	0
L1601859-R001	biblical_book	Dan	2	19		4Q112	1606779	f3i+17	1	1601859		a		books/DSS-Daniel.txt	247060	1800	2058019-2058022	4	0	b2bfdadfd6aeafcb62268a6eef644ff4625ea5b1de6788f0498262b925210c12	linguistics/books/DSS-Daniel-Linguistics.txt	323047	1972	d8d4c92b2813dc8e391a4e976018904e79609210f3b6f70249cd564bc4a57f56	NO_LETTER_RECONSTRUCTION_MARKED	8	8	0	1	7	0	1	0	0	0	0	0	0
L1601859-R002	biblical_book	Dan	2	19		4Q112	1606779	f3i+17	1	1601859				books/DSS-Daniel.txt	248860	1236	2058023	1	0	a197b7a1c5ba23716c08a2f89f1f0fa672b4fe3e750ac90b9b574029afd734d2	linguistics/books/DSS-Daniel-Linguistics.txt	325019	728	4b58f613e8e1955c07664ef77e3bb1571311bfa568a2fd8fc1980d3df89c62f8	NO_LETTER_SLOTS	2	0	0	0	0	0	0	0	1	0	0	0	0
L1601859-R003	biblical_book	Dan	2	20		4Q112	1606779	f3i+17	1	1601859		a		books/DSS-Daniel.txt	250096	5260	2058024-2058043	20	1	80e3c3df904fb42e514eb2adf216b11ab92405aaddee62d4b3627bbf87f1bdab	linguistics/books/DSS-Daniel-Linguistics.txt	325747	8269	a04dd8376406503edc886e8dc8eca357a889da42f063f4641e1a82e5ea81b75f	PARTLY_RECONSTRUCTED	48	47	5	5	37	5	5	0	0	0	0	0	0
L1601860-R001	biblical_book	Dan	2	20		4Q112	1606779	f3i+17	2	1601860		a		books/DSS-Daniel.txt	255356	2603	2058044-2058051	8	0	1fcb49e3e9b3b521418f62c41abc9a9575a4404c1d768c58bb9fd76c2470ef29	linguistics/books/DSS-Daniel-Linguistics.txt	334016	3578	db3373eb756c713c88b0963b4444cf85b4ab386a28c9c89c5bf2233cbfb1af75	PARTLY_RECONSTRUCTED	19	18	2	2	14	2	2	0	0	0	0	0	0
L1601860-R002	biblical_book	Dan	2	20		4Q112	1606779	f3i+17	2	1601860				books/DSS-Daniel.txt	257959	1252	2058052	1	0	40a73f143e208d20d3a0414e0c5e5f18c70503b8bfe02ef95fc043709e4cfccf	linguistics/books/DSS-Daniel-Linguistics.txt	337594	728	b0b89381bb4d380e6d3486bd690a47d3e92fea4bd3c4e89a59ba6c5f06dae044	NO_LETTER_SLOTS	2	0	0	0	0	2	0	0	1	0	0	0	0
L1601860-R003	biblical_book	Dan	2	21		4Q112	1606779	f3i+17	2	1601860		a		books/DSS-Daniel.txt	259211	3924	2058053-2058065	13	1	e5d5bf0db6e45367b97e23b0918c5a8f9491f0e39d0650bd4c6833a554ee6ad3	linguistics/books/DSS-Daniel-Linguistics.txt	338322	5618	021b13f18dc20b57e1912bc61327e5eae23a8222b58484ea60b1f30a43c6b819	PARTLY_RECONSTRUCTED	40	40	3	3	34	3	3	0	0	0	0	0	0
L1601861-R001	biblical_book	Dan	2	21		4Q112	1606779	f3i+17	3	1601861		a		books/DSS-Daniel.txt	263135	3573	2058066-2058076	11	0	7c9189b373265c818cd9dcc38b66686a43f3cf09a65fe7ca2062ab0e70c954f2	linguistics/books/DSS-Daniel-Linguistics.txt	343940	4851	28a069136cb4535572098eaf1ab1c8efb47724d1cf9d00e6c4f0a581dd1e8daa	PARTLY_RECONSTRUCTED	30	30	1	9	20	1	9	0	0	0	0	0	0
L1601861-R002	biblical_book	Dan	2	21		4Q112	1606779	f3i+17	3	1601861				books/DSS-Daniel.txt	266708	1236	2058077	1	0	97ca7a1462b787f33868ed0b6717e3a9981290cfb4ca70f41d2586fa7200327f	linguistics/books/DSS-Daniel-Linguistics.txt	348791	728	13c5f838a1d553630e01e6fb96b52991d1b24a55f41df4f064dfb7fe5b034c69	NO_LETTER_SLOTS	2	0	0	0	0	0	0	0	1	0	0	0	0
L1601861-R003	biblical_book	Dan	2	22		4Q112	1606779	f3i+17	3	1601861		a		books/DSS-Daniel.txt	267944	3453	2058078-2058087	10	1	8463432198a22ecc73d64009c2cd20bc070b43a82dbf8807db27df4a5261f7c3	linguistics/books/DSS-Daniel-Linguistics.txt	349519	4307	10e895d5ea84a9deeb1daa6053d6aa2002c4ff467d675911a6816d38b90cba76	NO_LETTER_RECONSTRUCTION_MARKED	25	25	0	4	21	0	4	0	0	0	0	0	0
L1601862-R001	biblical_book	Dan	2	22		4Q112	1606779	f3i+17	4	1601862		a		books/DSS-Daniel.txt	271397	3031	2058088-2058095	8	0	328edf008b2a7181d8ce215d9b43d037597ef6068e1c3c9c310d74b16ccda09d	linguistics/books/DSS-Daniel-Linguistics.txt	353826	3563	a90924207d976d00d208523620e957bd0ede80d94bfd22be8d70ada29a6eeda2	PARTLY_RECONSTRUCTED	19	18	4	5	9	5	5	0	0	0	0	0	0
L1601862-R002	biblical_book	Dan	2	22		4Q112	1606779	f3i+17	4	1601862				books/DSS-Daniel.txt	274428	1252	2058096	1	0	2f899a0846e7b86883cbd65c86e9a6606320afbad20d74ca0c791616efd3b835	linguistics/books/DSS-Daniel-Linguistics.txt	357389	728	23cabb9368882fee25b28336fdce607a781640a03425784bf654ca71b63063a0	NO_LETTER_SLOTS	2	0	0	0	0	2	0	0	1	0	0	0	0
L1601862-R003	biblical_book	Dan	2	23		4Q112	1606779	f3i+17	4	1601862		a		books/DSS-Daniel.txt	275680	3988	2058097-2058107	11	1	c59273a3a5b108985dc8c1e11603485cca6d4f4dbd9ce2036d25c6ec87d4fd57	linguistics/books/DSS-Daniel-Linguistics.txt	358117	4799	b5e6f27d8bedd16c470b422a495ac6a5614d7eb8467dc19b88ec380edca1b48b	PARTLY_RECONSTRUCTED	33	31	3	5	23	3	5	0	0	0	0	0	0
L1601863-R001	biblical_book	Dan	2	23		4Q112	1606779	f3i+17	5	1601863		a		books/DSS-Daniel.txt	279668	5343	2058108-2058123	16	0	49f2dbd86c3abc98ba4ad3977635600246e309c31ce87416ff1c364cbe3755e7	linguistics/books/DSS-Daniel-Linguistics.txt	362916	6901	04fe4dc97593238289e53bc79e1d52b28ef7d79fb735284e5061756e557e5b21	PARTLY_RECONSTRUCTED	55	47	20	7	20	24	9	1	1	0	0	0	0
L1601863-R002	biblical_book	Dan	2	23		4Q112	1606779	f3i+17	5	1601863				books/DSS-Daniel.txt	285011	1252	2058124	1	0	e46b27fb04842627464ec4bb683c4ad164c7421c3ecf31e723e7a50b93bac3f3	linguistics/books/DSS-Daniel-Linguistics.txt	369817	728	8078ed0700f2621f7da0700f4069556fa76eab3e207ee3fd2fcc93f5588e60a9	NO_LETTER_SLOTS	2	0	0	0	0	2	0	0	1	0	0	0	0
L1601863-R003	biblical_book	Dan	2	24		4Q112	1606779	f3i+17	5	1601863		a		books/DSS-Daniel.txt	286263	2037	2058125-2058127	3	1	dd865f3b184afa54779d2768f0bec9991692f1b468a974d1bb936590538d8083	linguistics/books/DSS-Daniel-Linguistics.txt	370545	1485	e90e69ab0fb4dac0401c35ba1665c88ff9809be2018114fc2b36070b816f674c	NO_LETTER_RECONSTRUCTION_MARKED	5	1	0	1	0	4	1	2	2	0	0	0	0
L1601864-R001	biblical_book	Dan	2	24		4Q112	1606779	f3i+17	6	1601864		a		books/DSS-Daniel.txt	288300	5754	2058128-2058148	21	1	b19d6aee39cc2c5c174afbc1082800978cdc6d92d58b23eff73b77799253bbfc	linguistics/books/DSS-Daniel-Linguistics.txt	372030	8970	634fd9a7cc586ba3e19c3e65c84165452de228d982d36cd86ccd1e49f0ac52be	PARTLY_RECONSTRUCTED	59	58	23	11	24	24	11	0	0	0	0	0	0
L1601865-R001	biblical_book	Dan	2	24		4Q112	1606779	f3i+17	7	1601865		a		books/DSS-Daniel.txt	294054	3746	2058149-2058159	11	0	97b1465492597b7d9ba2e684b13830b6cc44569087cbfe1dc70ae26b6c07fd87	linguistics/books/DSS-Daniel-Linguistics.txt	381000	4862	65bb5e82ca57d225e489f2fe0682703d143a8284e1141401388b23c39936b103	PARTLY_RECONSTRUCTED	34	32	10	3	18	10	3	0	0	0	1	0	0
L1601865-R002	biblical_book	Dan	2	24		4Q112	1606779	f3i+17	7	1601865				books/DSS-Daniel.txt	297800	1236	2058160	1	0	039223c9ba98f4a1bb31d95037f399c9821ccfa3827b7bed3818d0471eb60504	linguistics/books/DSS-Daniel-Linguistics.txt	385862	728	a746de689e3862f2b7585a2111895d2e03da9369a59b81f34dbeb9f7d53e93e3	NO_LETTER_SLOTS	2	0	0	0	0	0	0	0	1	0	0	0	0
L1601865-R003	biblical_book	Dan	2	25		4Q112	1606779	f3i+17	7	1601865		a		books/DSS-Daniel.txt	299036	2820	2058161-2058167	7	1	ce65423144cf00b3d044f9911a4b851c06000731ee66c67e64e309e34b17adac	linguistics/books/DSS-Daniel-Linguistics.txt	386590	3386	850218102c8798e683725adff17d83bd5c0b1e551f280d1412c02b3c3842990b	PARTLY_RECONSTRUCTED	26	26	14	1	11	14	1	0	0	0	0	0	0
L1601866-R001	biblical_book	Dan	2	25		4Q112	1606779	f3i+17	8	1601866		a		books/DSS-Daniel.txt	301856	5710	2058168-2058190	23	1	6875e286de1ae9737578484fbb85982f87d9347db82524b64fe6b5a0ca4b924a	linguistics/books/DSS-Daniel-Linguistics.txt	389976	9557	e94941c296cd6b33eaff3aaa7abb503d3050aee67a61a1d9f26a4bb716478124	PARTLY_RECONSTRUCTED	55	54	18	5	31	18	5	0	0	0	0	0	0
L1601867-R001	biblical_book	Dan	2	25		4Q112	1606779	f3i+17	9	1601867		a		books/DSS-Daniel.txt	307566	1282	2058191	1	0	e511e8948e68ad6539cfcf967387503292a9c04ff5eed8743dc4da7038d4153f	linguistics/books/DSS-Daniel-Linguistics.txt	399533	804	bac6cd54b3aede445a138dded51aee2605bf7ba7d57a9f5d9423e2f09c598631	NO_LETTER_RECONSTRUCTION_MARKED	5	5	0	0	5	0	0	0	0	0	0	0	0
L1601867-R002	biblical_book	Dan	2	25		4Q112	1606779	f3i+17	9	1601867				books/DSS-Daniel.txt	308848	1252	2058192	1	0	848f09a5a602734c681bc099b3d53b6f80a800d760ed979faeea5d7a87b32039	linguistics/books/DSS-Daniel-Linguistics.txt	400337	728	a3b04ac161a440ba6b9f4707d0c44bac7273301a91f89d27401bf7545c98f8e6	NO_LETTER_SLOTS	2	0	0	0	0	2	0	0	1	0	0	0	0
L1601867-R003	biblical_book	Dan	2	26		4Q112	1606779	f3i+17	9	1601867		a		books/DSS-Daniel.txt	310100	4515	2058193-2058207	15	1	a9f54a821c096740fb2ea8fb69415243c3656bb0cf87763451b7b45e739f2b22	linguistics/books/DSS-Daniel-Linguistics.txt	401065	6563	808f95b961ba5a019bccd26c0e433f97c1630c57e53b14d4cf5bc0d81712a255	PARTLY_RECONSTRUCTED	49	46	13	1	32	14	1	0	0	0	0	0	0
L1601868-R001	biblical_book	Dan	2	26		4Q112	1606779	f3i+17	10	1601868		a		books/DSS-Daniel.txt	314615	2312	2058208-2058213	6	0	f1f1745b944bcc8e3e7825721c5990b236e6c342e6f908b0d78fc6f0a3713d3c	linguistics/books/DSS-Daniel-Linguistics.txt	407628	2787	3a712454ba6c06dffb263347fc44bafb1b5651910147d8a9fa096e31e079fdf8	PARTLY_RECONSTRUCTED	16	15	2	1	12	2	1	0	0	0	0	0	0
L1601868-R002	biblical_book	Dan	2	26		4Q112	1606779	f3i+17	10	1601868				books/DSS-Daniel.txt	316927	1238	2058214	1	0	587eae986ecc5ccdbbecb1f20a39597e7f84d805539fa3a734a68483e4d7b767	linguistics/books/DSS-Daniel-Linguistics.txt	410415	730	88eeaf9fe972a5c61e6369a5613df22faff03a5768f1714a7276befb3b659347	NO_LETTER_SLOTS	2	0	0	0	0	0	0	0	1	0	0	0	0
L1601868-R003	biblical_book	Dan	2	27		4Q112	1606779	f3i+17	10	1601868		a		books/DSS-Daniel.txt	318165	4006	2058215-2058228	14	1	bbe85e3f925a75a595f54cc66255c293a45c80f89bc599bf1e7268581f61c0b5	linguistics/books/DSS-Daniel-Linguistics.txt	411145	5992	4c63842a2bf3f446c0a535ad6d4309704c47cf3a9d3982d27cd5552d4c28bd93	PARTLY_RECONSTRUCTED	33	33	10	6	17	10	6	0	0	0	0	0	0
L1601869-R001	biblical_book	Dan	2	27		4Q112	1606779	f3i+17	11	1601869		a		books/DSS-Daniel.txt	322171	2924	2058229-2058238	10	0	dc03ebc4f3dfb13ac12b87d7c84036f197aa1dc9a240adefcb60b7df72bc6d20	linguistics/books/DSS-Daniel-Linguistics.txt	417137	4522	c665a3a7ce3cc0c576538a0bedfa89485bf64ffb888fb37afc35f0a187171558	NO_LETTER_RECONSTRUCTION_MARKED	38	38	0	1	37	0	1	0	0	0	0	0	0
L1601869-R002	biblical_book	Dan	2	27		4Q112	1606779	f3i+17	11	1601869				books/DSS-Daniel.txt	325095	1238	2058239	1	0	3ef15fc12c83b6453bd059f15415914e3db244f68361ff5d8997ba9951ca7ef5	linguistics/books/DSS-Daniel-Linguistics.txt	421659	730	f3c8a8da678cc3f207c0958d5be0f4ae58f9972dbcd8df1ba97f1bd4e56f01a6	NO_LETTER_SLOTS	2	0	0	0	0	0	0	0	1	0	0	0	0
L1601869-R003	biblical_book	Dan	2	28		4Q112	1606779	f3i+17	11	1601869		a		books/DSS-Daniel.txt	326333	2672	2058240-2058246	7	1	c1c89378fde190d7b5b365c91e157b451f9fa825dc2daf879b59c72f4cfc7003	linguistics/books/DSS-Daniel-Linguistics.txt	422389	3246	a3cb398a60405ebb886f80b4896e553aa4339f4005a0f6ab7f989727e6e9c11c	PARTLY_RECONSTRUCTED	18	18	17	0	1	17	0	0	0	0	0	0	0
L1601870-R001	biblical_book	Dan	2	28		4Q112	1606779	f3i+17	12	1601870		a		books/DSS-Daniel.txt	329005	4992	2058247-2058266	20	1	3c127a76a4d49f45e2cc12965b9de073bed098706488fac47933faafb31c5af1	linguistics/books/DSS-Daniel-Linguistics.txt	425635	8438	98808f5873187fefd8c90ea41a933813dca9e6cb7cecc0ebd2f60683de2ea47c	PARTLY_RECONSTRUCTED	60	59	16	0	43	17	0	0	0	0	0	0	0
L1601871-R001	biblical_book	Dan	2	28		4Q112	1606779	f3i+17	13	1601871		a		books/DSS-Daniel.txt	333997	1939	2058267-2058270	4	0	d9ca56fe90e4fc00037680fd8c3f6fe0304963cfd8c9a277a0ed8fe1a77059f2	linguistics/books/DSS-Daniel-Linguistics.txt	434073	2063	c922bfed3670cbcf56ad01c5fb983a9039c6c72a0447e826510e657bdb9f2c9f	NO_LETTER_RECONSTRUCTION_MARKED	14	13	0	0	13	0	0	0	0	0	0	0	0
L1601871-R002	biblical_book	Dan	2	28		4Q112	1606779	f3i+17	13	1601871				books/DSS-Daniel.txt	335936	1238	2058271	1	0	d6448d928a051ad3dc9b0367ea9db4042b841c53e6be1747b4b9eec8d2cf4cea	linguistics/books/DSS-Daniel-Linguistics.txt	436136	730	37c09a24e9e74c749cb090a6f3d0b62572289511ecf8af94e941f0809c5263c8	NO_LETTER_SLOTS	2	0	0	0	0	0	0	0	1	0	0	0	0
L1601871-R003	biblical_book	Dan	2	29		4Q112	1606779	f3i+17	13	1601871		a		books/DSS-Daniel.txt	337174	3893	2058272-2058283	12	1	9be6113778965883452cfbf079ce17cd27c6a95212bfb8ef06988cf58f18d9f0	linguistics/books/DSS-Daniel-Linguistics.txt	436866	5412	5bdf5bcab881cf02d71940a247e75a1058f7ef515a81b801a6a097ac5b6d1864	PARTLY_RECONSTRUCTED	42	40	10	1	29	10	1	0	0	0	0	0	0
L1601872-R001	biblical_book	Dan	2	29		4Q112	1606779	f3i+17	14	1601872		a		books/DSS-Daniel.txt	341067	2551	2058284-2058291	8	0	a6c39431d74b0fbfdc2995b99bf9d70b78a3704a861d007b6d6f914b62e1e82e	linguistics/books/DSS-Daniel-Linguistics.txt	442278	3517	15e807da28f9e8372623165dc84edc3f1798ee3181c512b1205101798c8d8150	NO_LETTER_RECONSTRUCTION_MARKED	22	21	0	0	21	0	0	0	0	0	0	0	0
L1601872-R002	biblical_book	Dan	2	29		4Q112	1606779	f3i+17	14	1601872				books/DSS-Daniel.txt	343618	1238	2058292	1	0	05832a556a6cdb058096140c07a57c2db0984f4bf359a109cd73b6bbc24739f2	linguistics/books/DSS-Daniel-Linguistics.txt	445795	730	47fa9cdc0c5ef81bd091df4f73397456550d6e940f355110841408fb231b8fd0	NO_LETTER_SLOTS	2	0	0	0	0	0	0	0	1	0	0	0	0
L1601872-R003	biblical_book	Dan	2	30		4Q112	1606779	f3i+17	14	1601872		a		books/DSS-Daniel.txt	344856	3784	2058293-2058305	13	1	3a2e5a850783f026816e217a0dedabbede79d63906dfc81afca63091387ea402	linguistics/books/DSS-Daniel-Linguistics.txt	446525	5561	ca93b98f6419e13540ff8657c5f9996dd6252f88fc7255368e4c58987a35817d	PARTLY_RECONSTRUCTED	33	32	8	1	23	8	1	0	0	0	0	0	0
L1601873-R001	biblical_book	Dan	2	30		4Q112	1606779	f3i+17	15	1601873		a		books/DSS-Daniel.txt	348640	4503	2058306-2058324	19	0	87dd77d608618c679c635758d50e9b0a4df4a7aa1dab42a214a28732e3325e65	linguistics/books/DSS-Daniel-Linguistics.txt	452086	8014	5fc8d20ffc21cfeb041cc4fb555e3a76f389a8225cc594a3e326ce78ab60f12c	PARTLY_RECONSTRUCTED	54	52	4	0	48	4	0	0	0	0	0	0	0
L1601873-R002	biblical_book	Dan	2	30		4Q112	1606779	f3i+17	15	1601873				books/DSS-Daniel.txt	353143	1570	2058325	1	1	80d500e81adf8a7596ab171b13998cd5963fda472f7c4c719571aed454030bfb	linguistics/books/DSS-Daniel-Linguistics.txt	460100	730	c8d908539bc31304b8fdd5a61d810c11a3fc86cde365bb38f4588f55fe582188	NO_LETTER_SLOTS	2	0	0	0	0	0	0	0	1	0	0	0	0
L1601874-R001	biblical_book	Dan	2	31		4Q112	1606779	f3i+17	16	1601874		a		books/DSS-Daniel.txt	354713	4425	2058326-2058342	17	1	9c3c97c1b95209c5fd56c2441e77df838a17d1ac79f6c91bc95b925b417faafb	linguistics/books/DSS-Daniel-Linguistics.txt	460830	7268	a1f0c2c19d4ba2802fefd7155f7971a2821fe5b3c93e855359770daedd0135ca	PARTLY_RECONSTRUCTED	47	46	1	0	45	1	0	0	0	0	0	0	0
L1601875-R001	biblical_book	Dan	2	31		4Q112	1606779	f3i+17	17	1601875		a		books/DSS-Daniel.txt	359138	2514	2058343-2058348	6	0	7eb9c9003a6cb1f695c6900a6b0460e42b47f6a943cc77e373b1e48f6c69d2fb	linguistics/books/DSS-Daniel-Linguistics.txt	468098	2802	fe48bb076b15a62fb390363eb571cfaf2f9c6762cc003996140fd947e7d80be2	PARTLY_RECONSTRUCTED	18	16	1	0	15	1	0	0	0	0	0	0	0
L1601875-R002	biblical_book	Dan	2	31		4Q112	1606779	f3i+17	17	1601875				books/DSS-Daniel.txt	361652	1238	2058349	1	0	b701a5afcd369249e8808b560b373e459a1b8b9d33879721ed3c0305f902a211	linguistics/books/DSS-Daniel-Linguistics.txt	470900	730	02baf35ddaaba580be68592de5643261215a53a534d0acd1c940dfa7a655e68e	NO_LETTER_SLOTS	2	0	0	0	0	0	0	0	1	0	0	0	0
L1601875-R003	biblical_book	Dan	2	32		4Q112	1606779	f3i+17	17	1601875		a		books/DSS-Daniel.txt	362890	3806	2058350-2058360	11	1	3d40ce693b61f5dea4b09f71895d533838868c6c76034d35e6faa8fd6b40b787	linguistics/books/DSS-Daniel-Linguistics.txt	471630	4837	600a5c2b70fe11017dd23e983552b7b0945f40b72f560cc81b2b61dd65805521	NO_LETTER_RECONSTRUCTION_MARKED	34	31	0	1	30	0	1	0	0	0	0	0	0
L1601876-R001	biblical_book	Dan	2	32		4Q112	1606779	f3i+17	18	1601876		a		books/DSS-Daniel.txt	366696	2428	2058361-2058366	6	0	42865355b44c0ca8664a3adc1830adfd600c9d68395aba41c7226ad268175f7c	linguistics/books/DSS-Daniel-Linguistics.txt	476467	2881	6004251bdb604d6dc13f2c01cd46fbb59f236893efcfbbf637d95d79d1c142e4	NO_LETTER_RECONSTRUCTION_MARKED	21	19	0	0	19	0	0	0	0	0	0	0	0
L1601876-R002	biblical_book	Dan	2	32		4Q112	1606779	f3i+17	18	1601876				books/DSS-Daniel.txt	369124	1238	2058367	1	0	d6e8a6b2293caa1c446bc1c44a0cb612f24644634ac60cb54ac5db3b38a19503	linguistics/books/DSS-Daniel-Linguistics.txt	479348	730	67904218782db84e1acb789c523954c7af7f61c590f7b1c0f02f6770fe804188	NO_LETTER_SLOTS	2	0	0	0	0	0	0	0	1	0	0	0	0
L1601876-R003	biblical_book	Dan	2	33		4Q112	1606779	f3i+17	18	1601876		a		books/DSS-Daniel.txt	370362	3658	2058368-2058376	9	1	901825ced93488bdc755ec38fc3b339f28b09d16a007a1f61257f1fc238833f6	linguistics/books/DSS-Daniel-Linguistics.txt	480078	4158	dfe88725bb19f1980f5c00dc97667ad983f3073e64df28adc05455fbe1d65248	NO_LETTER_RECONSTRUCTION_MARKED	38	34	0	0	34	0	0	0	0	0	0	0	0
L1601877-R001	biblical_book	Dan	2	33		4Q112	1606779	f3ii_6	1	1601877		a		books/DSS-Daniel.txt	374020	1257	2058377	1	0	2e766272b0d58d714685eb2b65f05270e3c5d71a1f5c47373a667310eeaa5d34	linguistics/books/DSS-Daniel-Linguistics.txt	484236	796	2613dca619e2245ea3b041796320ce5d465a506e5fb7a86a0786a630c2a50ac5	NO_LETTER_RECONSTRUCTION_MARKED	3	3	0	0	3	0	0	0	0	0	0	0	0
L1601877-R002	biblical_book	Dan	2	33		4Q112	1606779	f3ii_6	1	1601877				books/DSS-Daniel.txt	375277	1236	2058378	1	0	83576c0e1882390b5209338f175452d88ef61459b55d27376208a83e9dfd1afc	linguistics/books/DSS-Daniel-Linguistics.txt	485032	728	d0a5c8b49206bae0d1d9b17dc048ec2c8457d4b8936d632fd08446fe49e4b2d2	NO_LETTER_SLOTS	2	0	0	0	0	0	0	0	1	0	0	0	0
L1601877-R003	biblical_book	Dan	2	34		4Q112	1606779	f3ii_6	1	1601877		a		books/DSS-Daniel.txt	376513	4877	2058379-2058397	19	1	346ee6fc6819d6953a96d1a1202e7c9c7f9bfe2f55a9e1f566e3e7f59dc73970	linguistics/books/DSS-Daniel-Linguistics.txt	485760	7913	4e474f5f49e85ad8cf5f0e4ed0fcf86075ea4d9bf739765fab5eb468abd3862b	PARTLY_RECONSTRUCTED	52	51	39	0	12	40	0	0	0	0	0	0	0
L1601878-R001	biblical_book	Dan	2	34		4Q112	1606779	f3ii_6	2	1601878		a		books/DSS-Daniel.txt	381390	2038	2058398-2058403	6	0	3347c975fd57c8bc3794fec945a8fa9c7f5ddc64530a0b47d4557eb293a81a94	linguistics/books/DSS-Daniel-Linguistics.txt	493673	2741	fcbeea4520c8b5bf1cc9cce395b2eb25293a5e61964edd2a1892b609965d1a23	NO_LETTER_RECONSTRUCTION_MARKED	14	14	0	0	14	0	0	0	0	0	0	0	0
L1601878-R002	biblical_book	Dan	2	34		4Q112	1606779	f3ii_6	2	1601878				books/DSS-Daniel.txt	383428	1236	2058404	1	0	960c5461e170a74253322f28d063461963f186154a2e3bf2ab1f5aa9f00c900e	linguistics/books/DSS-Daniel-Linguistics.txt	496414	728	6b06e25fc64a2ce667e8fb97e76a3400fcb7745ac33faeadbfa49fb979325408	NO_LETTER_SLOTS	2	0	0	0	0	0	0	0	1	0	0	0	0
L1601878-R003	biblical_book	Dan	2	35		4Q112	1606779	f3ii_6	2	1601878		a		books/DSS-Daniel.txt	384664	4076	2058405-2058420	16	1	b38d4882447be46d212ecce6c0cf4e49b54cfa57fdde8145de166e6a8522aaa2	linguistics/books/DSS-Daniel-Linguistics.txt	497142	6681	fe945ccc47a58c13534bb0ed97322f8da12fb07d9d534b8fbf7b8abf9af95cac	PARTLY_RECONSTRUCTED	34	34	31	0	3	31	0	0	0	0	0	0	0
L1601879-R001	biblical_book	Dan	2	35		4Q112	1606779	f3ii_6	3	1601879		a		books/DSS-Daniel.txt	388740	5625	2058421-2058442	22	1	809b40d93695a1768bb28b5c5d9b00b4ac044b2617d4a851a8851d3bff51fc85	linguistics/books/DSS-Daniel-Linguistics.txt	503823	9075	b6eff47f5215d6c5c44eb0a93d42cc20853e8086e26a263c61bc9c8f13f8b4fd	PARTLY_RECONSTRUCTED	53	52	39	4	9	40	4	0	0	0	0	0	0
L1601880-R001	biblical_book	Dan	2	35		4Q112	1606779	f3ii_6	4	1601880		a		books/DSS-Daniel.txt	394365	3730	2058443-2058455	13	0	6612a5de94b6bf9f2e0071451d377b8b42b5ead8af2f44338f562ab8b9827762	linguistics/books/DSS-Daniel-Linguistics.txt	512898	5478	de074d8b8d4416ea3859ea611f1e3d06f544cadb569df17a50a27db5714c942f	PARTLY_RECONSTRUCTED	27	27	18	8	1	18	8	0	0	0	0	0	0
L1601880-R002	biblical_book	Dan	2	35		4Q112	1606779	f3ii_6	4	1601880				books/DSS-Daniel.txt	398095	1252	2058456	1	0	f8b8ee235d7b15f1cf8fb731b4060c0740190e5c904dcff151d44f657ecd02e5	linguistics/books/DSS-Daniel-Linguistics.txt	518376	728	06588c00b2ced58b5318fe251ea2480e180a75f9e7b86dc9297a190e556937e7	NO_LETTER_SLOTS	2	0	0	0	0	2	0	0	1	0	0	0	0
L1601880-R003	biblical_book	Dan	2	36		4Q112	1606779	f3ii_6	4	1601880		a		books/DSS-Daniel.txt	399347	2781	2058457-2058465	9	0	944c61ce89e08d5dbd283b2a5b7992aa8d18d2ba7e1c5fa5a472a71507959e64	linguistics/books/DSS-Daniel-Linguistics.txt	519104	4010	a10d88aa5bb6e5499e79197d6c7f312af3ae3a13f1f5667992b1906ea4403a96	ALL_LETTER_SLOTS_RECONSTRUCTED	24	23	23	0	0	24	0	0	0	0	0	0	0
L1601880-R004	biblical_book	Dan	2	36		4Q112	1606779	f3ii_6	4	1601880				books/DSS-Daniel.txt	402128	1567	2058466	1	1	aa449f430f36e758ca1f74b61bcf96a2763219c2865d1a2331ef29c8f0823268	linguistics/books/DSS-Daniel-Linguistics.txt	523114	728	3e8126ff9fa996e88faba1002b1714d3354bd0e3f6731ab6b4182050f99f0f79	NO_LETTER_SLOTS	2	0	0	0	0	0	0	0	1	0	0	0	0
L1601881-R001	biblical_book	Dan	2	37		4Q112	1606779	f3ii_6	5	1601881		a		books/DSS-Daniel.txt	403695	4832	2058467-2058488	22	0	54b61ee97b978715d1651b76c15b3c79eef2a2859f0be57e42ff017599116d8a	linguistics/books/DSS-Daniel-Linguistics.txt	523842	9090	1e994b0b3925be6c3b013151898d034d6e018d1b82cebc6196b44c7cddd9d28b	PARTLY_RECONSTRUCTED	50	49	39	0	10	40	0	0	0	0	0	0	0
L1601881-R002	biblical_book	Dan	2	37		4Q112	1606779	f3ii_6	5	1601881				books/DSS-Daniel.txt	408527	1252	2058489	1	0	958db8c0ef31910e76f731bbd9abaeaf911f1160f57c0fd9fee9150b48179421	linguistics/books/DSS-Daniel-Linguistics.txt	532932	728	da921fb5a4f593cc7b135003a1b550e7bc454f662366cb647222e046f3ae3e9f	NO_LETTER_SLOTS	2	0	0	0	0	2	0	0	1	0	0	0	0
L1601881-R003	biblical_book	Dan	2	38		4Q112	1606779	f3ii_6	5	1601881		a		books/DSS-Daniel.txt	409779	2052	2058490-2058493	4	1	a8a6a61782e4f9b7d07933bbeeddcc228a790a4c00d073071891df6cd0ec51b9	linguistics/books/DSS-Daniel-Linguistics.txt	533660	1916	a0cb6402dca3ecf4fbfa7cf5dfbacc39a5f37fbda9b3535f28a7b878513b5d5e	ALL_LETTER_SLOTS_RECONSTRUCTED	6	6	6	0	0	6	0	0	0	0	0	0	0
L1601882-R001	biblical_book	Dan	2	38		4Q112	1606779	f3ii_6	6	1601882		a		books/DSS-Daniel.txt	411831	5896	2058494-2058515	22	1	919c9d280d9058c4761ea8ab197de65b035021557ae23b106e3b6331dc86d463	linguistics/books/DSS-Daniel-Linguistics.txt	535576	9155	27e6dfcd505748b3e81fa3c7d40840cfd12df9a3730e80338bb5fdd6e9215ba9	PARTLY_RECONSTRUCTED	59	56	47	6	3	50	6	0	0	0	0	0	0
L1601883-R001	biblical_book	Dan	2	38		4Q112	1606779	f3ii_6	7	1601883		a		books/DSS-Daniel.txt	417727	1586	2058516-2058518	3	0	1cbcef956ea04774bf5382c1814190bcd0c2e0ba36735d8af8dcbbbe6839e2ba	linguistics/books/DSS-Daniel-Linguistics.txt	544731	1568	52a3327193f5477c6a6fc9ccceeaf90d876ecfcab7f62db90f574df483e84501	ALL_LETTER_SLOTS_RECONSTRUCTED	6	6	6	0	0	6	0	0	0	0	0	0	0
L1601883-R002	biblical_book	Dan	2	38		4Q112	1606779	f3ii_6	7	1601883				books/DSS-Daniel.txt	419313	1252	2058519	1	0	501810c39d35e69da5151ab6781fb7efa68494afbcd4872a8a7ea18cf12d9491	linguistics/books/DSS-Daniel-Linguistics.txt	546299	728	16c63861aa1281bd4cb671b2512c2d86c316666dcf44f2c8e774891d533462af	NO_LETTER_SLOTS	2	0	0	0	0	2	0	0	1	0	0	0	0
L1601883-R003	biblical_book	Dan	2	39		4Q112	1606779	f3ii_6	7	1601883		a		books/DSS-Daniel.txt	420565	5028	2058520-2058535	16	1	33039f1d75934f4a03f37a0e62d37a1095fa2ef61f0a77966caeb682bfc8e960	linguistics/books/DSS-Daniel-Linguistics.txt	547027	6996	d58dad68e78fc05af74aa89a77f588336f2e2029429b6e127c021cf2fb768e19	PARTLY_RECONSTRUCTED	49	47	40	5	2	42	5	0	0	0	0	0	0
L1601884-R001	biblical_book	Dan	2	39		4Q112	1606779	f3ii_6	8	1601884		a		books/DSS-Daniel.txt	425593	1920	2058536-2058540	5	0	f105a4485bda3e5ba4a97f07765eb7d8a7082e11e34c128816c18ff95811dd53	linguistics/books/DSS-Daniel-Linguistics.txt	554023	2338	6b90622197bfd8ed4e88d06d62fba8189f6f439022cf94fec70124bbbc2a5527	ALL_LETTER_SLOTS_RECONSTRUCTED	11	11	11	0	0	11	0	0	0	0	0	0	0
L1601884-R002	biblical_book	Dan	2	39		4Q112	1606779	f3ii_6	8	1601884				books/DSS-Daniel.txt	427513	1252	2058541	1	0	5c1fa7bda0b90d1c75cb6b06ebe1e3a54edcfc69815f4527c2217597e0481b07	linguistics/books/DSS-Daniel-Linguistics.txt	556361	728	690a6ac6ff12331eb19b50a1e213ad6b75dfbedb1531e214de36c8930d732312	NO_LETTER_SLOTS	2	0	0	0	0	2	0	0	1	0	0	0	0
L1601884-R003	biblical_book	Dan	2	40		4Q112	1606779	f3ii_6	8	1601884		a		books/DSS-Daniel.txt	428765	4176	2058542-2058556	15	1	d275d19772a4030ff3f30d9d05b82da72d784c50188ea40c8f73776431f63dee	linguistics/books/DSS-Daniel-Linguistics.txt	557089	6563	176417a4f283c5440863e97f85e2cf8244055404488079fb7d832d12c18ad53d	PARTLY_RECONSTRUCTED	46	46	44	1	1	44	1	0	0	0	0	0	0
L1601885-R001	biblical_book	Dan	2	40		4Q112	1606779	f3ii_6	9	1601885		a		books/DSS-Daniel.txt	432941	4160	2058557-2058572	16	0	4a79d69e8260ca8f698f97885c4240308b8d7e42c790fbc25519caacd2729315	linguistics/books/DSS-Daniel-Linguistics.txt	563652	6684	43d6b59001c50899bf30919a6e7be145f3b8ed3064112a0bce2ed28ec8333a04	PARTLY_RECONSTRUCTED	35	35	22	5	8	22	5	0	0	0	0	0	0
L1601885-R002	biblical_book	Dan	2	40		4Q112	1606779	f3ii_6	9	1601885				books/DSS-Daniel.txt	437101	1236	2058573	1	0	1e416102974086484dda5ef3a6fd72889eb625255579a6ae229a2ae45269b101	linguistics/books/DSS-Daniel-Linguistics.txt	570336	728	87b193ae6fa0f9bcf4543edc40536287b7ad774677279ba2fc2874c01e1b6c9b	NO_LETTER_SLOTS	2	0	0	0	0	0	0	0	1	0	0	0	0
L1601885-R003	biblical_book	Dan	2	41		4Q112	1606779	f3ii_6	9	1601885		a		books/DSS-Daniel.txt	438337	3192	2058574-2058582	9	1	c7c2c61fee008479ed1c86bc60e80cf59e3f5beffe9d66c85d655e11ffabe858	linguistics/books/DSS-Daniel-Linguistics.txt	571064	3962	70d2cc3b29a2712904c1957759221c727cb12c41c29081c5ed75fbb5e2a57c11	PARTLY_RECONSTRUCTED	26	25	21	1	3	22	1	0	0	0	0	0	0
L1601886-R001	biblical_book	Dan	2	41		4Q112	1606779	f3ii_6	10	1601886		a		books/DSS-Daniel.txt	441529	5333	2058583-2058601	19	1	94d5c7bc00af78b506c8ab5fb752c1df54818b6e500864443f990ffb049b6727	linguistics/books/DSS-Daniel-Linguistics.txt	575026	8174	f0d4173d267fbdb4f1a1f514e8a5c4ad0328aaf9d0ec572d71d0a75bfa9f2e77	PARTLY_RECONSTRUCTED	58	56	30	4	22	31	4	0	0	0	0	0	0
L1601887-R001	biblical_book	Dan	2	41		4Q112	1606779	f3ii_6	11	1601887		a		books/DSS-Daniel.txt	446862	2698	2058602-2058610	9	0	9a3d000ecf305e6888a1aff80cb6e6464f2bd5b621bbad513bd659a075094181	linguistics/books/DSS-Daniel-Linguistics.txt	583200	3992	031f95942a32914ceb03fc3c421ed903f1106732bfbaa387b8fcd9850b6bc66b	PARTLY_RECONSTRUCTED	24	24	15	2	7	15	2	0	0	0	0	0	0
L1601887-R002	biblical_book	Dan	2	41		4Q112	1606779	f3ii_6	11	1601887				books/DSS-Daniel.txt	449560	1254	2058611	1	0	cab5e0ec0d6f3ad941ae6d84052fe266fe8448d47ce0b9281125bc937f8ed273	linguistics/books/DSS-Daniel-Linguistics.txt	587192	730	d74b59731aaf915cfc54ae23aba7a82737b0bdd9c1ea29c306f41dc777c2d8b3	NO_LETTER_SLOTS	2	0	0	0	0	2	0	0	1	0	0	0	0
L1601887-R003	biblical_book	Dan	2	42		4Q112	1606779	f3ii_6	11	1601887		a		books/DSS-Daniel.txt	450814	3468	2058612-2058620	9	1	9f24ee5b56621778eb9adb759bf9d76824480dca00f1687acdc8a373b0acd9a3	linguistics/books/DSS-Daniel-Linguistics.txt	587922	4078	3b909a1525d95176efd5bf7676b4a3cfb6bccfdc5c98deedf46eaa20ec51b6b0	PARTLY_RECONSTRUCTED	30	28	16	1	11	17	1	0	0	0	0	0	0
L1601888-R001	biblical_book	Dan	2	42		4Q112	1606779	f3ii_6	12	1601888		a		books/DSS-Daniel.txt	454282	3273	2058621-2058630	10	0	f35c09626a1a5cd8b7356e3d446bcf8f25c0ac944e1c00fa08f782d73d840916	linguistics/books/DSS-Daniel-Linguistics.txt	592000	4460	d26bb3bd67f0120959683b5f5de3977f8c8efcaf72d1f14093a3c8f7d6f20971	PARTLY_RECONSTRUCTED	34	33	25	2	6	26	2	0	0	0	0	0	0
L1601888-R002	biblical_book	Dan	2	42		4Q112	1606779	f3ii_6	12	1601888				books/DSS-Daniel.txt	457555	1238	2058631	1	0	f926fc4d6c29286d4a452107e8f79abed9aad664af30b4b52df68305a28a1f73	linguistics/books/DSS-Daniel-Linguistics.txt	596460	730	a8934db518501b67e7de81352fde44242a3a850a9e3a82d2cd05a8f0187a6975	NO_LETTER_SLOTS	2	0	0	0	0	0	0	0	1	0	0	0	0
L1601888-R003	biblical_book	Dan	2	43		4Q112	1606779	f3ii_6	12	1601888		a		books/DSS-Daniel.txt	458793	2728	2058632-2058639	8	1	54bdb6c128acddfbaec7236285322dba33164c1deea43af0ef0907cc854d4b35	linguistics/books/DSS-Daniel-Linguistics.txt	597190	3569	5ba629e819b0ca2f25c6af453cc7b7054663db266a8a2027a9bd408fdf893cd4	PARTLY_RECONSTRUCTED	20	20	8	0	12	8	0	0	0	0	0	0	0
L1601889-R001	biblical_book	Dan	2	43		4Q112	1606779	f3ii_6	13	1601889		a		books/DSS-Daniel.txt	461521	5549	2058640-2058660	21	1	637f297209df9a157d33784bb636c49224e4869d9c53f7fc9076784d627b8b80	linguistics/books/DSS-Daniel-Linguistics.txt	600759	8831	523c3882c97be938188aa2ed647860403c7c44b8a7d5226daf358042cc87194a	PARTLY_RECONSTRUCTED	60	60	32	6	22	32	6	0	0	0	0	0	0
L1601890-R001	biblical_book	Dan	2	43		4Q112	1606779	f3ii_6	14	1601890		a		books/DSS-Daniel.txt	467070	1588	2058661-2058663	3	0	f4c86adad29c33f08b47a7a770c428befbeebf39edcbcd439051905c6fc05331	linguistics/books/DSS-Daniel-Linguistics.txt	609590	1546	5345019823be8068eaafac6aaea402465080a5d9196c0b8566cb31ae0ee99d84	ALL_LETTER_SLOTS_RECONSTRUCTED	6	6	6	0	0	6	0	0	0	0	0	0	0
L1601890-R002	biblical_book	Dan	2	43		4Q112	1606779	f3ii_6	14	1601890				books/DSS-Daniel.txt	468658	1254	2058664	1	0	e40251a316f861c49bd212d07a09ae8e93c440373f717dfe03c1823a7a60949d	linguistics/books/DSS-Daniel-Linguistics.txt	611136	730	8fb47069c4fa069fdd2018ea9442e9945183bfce20b262faa26ab9a97d68a9ed	NO_LETTER_SLOTS	2	0	0	0	0	2	0	0	1	0	0	0	0
L1601890-R003	biblical_book	Dan	2	44		4Q112	1606779	f3ii_6	14	1601890		a		books/DSS-Daniel.txt	469912	4989	2058665-2058681	17	1	f2431bf005fe39c25b44ea57e02840ed1b98e92c8b919978b67068b6a7dcadda	linguistics/books/DSS-Daniel-Linguistics.txt	611866	7324	17ec80a3ae9f849c202e5c567904f6f7bc8281de32beaa5c543ab9b190c3bf7f	PARTLY_RECONSTRUCTED	52	50	26	3	21	27	3	0	1	0	0	0	0
L1601891-R001	biblical_book	Dan	2	44		4Q112	1606779	f3ii_6	15	1601891		a		books/DSS-Daniel.txt	474901	4782	2058682-2058699	18	0	a9fc1782085700588d5a6458f0beaef43cdae680d408dee6868db12d2fe640ed	linguistics/books/DSS-Daniel-Linguistics.txt	619190	7487	20d0e493641f20eb64c3e5e0007434f1d327d75e12ece36d1771c9e536b81d52	PARTLY_RECONSTRUCTED	48	40	31	4	5	36	7	2	3	0	0	0	0
L1601891-R002	biblical_book	Dan	2	44		4Q112	1606779	f3ii_6	15	1601891				books/DSS-Daniel.txt	479683	1570	2058700	1	1	b8736aae737c7db29965b57f3feea3adea30731b850af5724b40967d3c1a0210	linguistics/books/DSS-Daniel-Linguistics.txt	626677	730	e60bf8296bce075371935cee8786260ecb34d1b2ab330b25e9500dc9bcc0df3f	NO_LETTER_SLOTS	2	0	0	0	0	0	0	0	1	0	0	0	0
L1601892-R001	biblical_book	Dan	2	45		4Q112	1606779	f3ii_6	16	1601892		a		books/DSS-Daniel.txt	481253	4711	2058701-2058719	19	1	1f35cadda01ecf447e930bb18239e95165b127a60c3b73065c962f1ef25181bc	linguistics/books/DSS-Daniel-Linguistics.txt	627407	7943	c3667a3a9a79edf1caa7e98ca6805a4bf9b0ba957c6b5ba953ebdd9980821fe5	PARTLY_RECONSTRUCTED	50	50	42	2	6	42	2	0	0	0	0	0	0
L1601893-R001	biblical_book	Dan	2	45		4Q112	1606779	f3ii_6	17	1601893		a		books/DSS-Daniel.txt	485964	5121	2058720-2058741	22	1	1788bceed70f54b215421181788b45d62c06ea4af9478b1eb632c9018d27dc06	linguistics/books/DSS-Daniel-Linguistics.txt	635350	9109	94dffd52faaae8a3279c3fe10e76d7fc29d172074d31e662e14364f31d795250	PARTLY_RECONSTRUCTED	51	51	41	1	9	41	1	0	0	0	0	0	0
L1601894-R001	biblical_book	Dan	2	45		4Q112	1606779	f3ii_6	18	1601894		a		books/DSS-Daniel.txt	491085	1803	2058742-2058744	3	0	b760e2a768883f845e4e955eaf91db6059a7036b341c2d382cfb7c55d098d422	linguistics/books/DSS-Daniel-Linguistics.txt	644459	1615	6e2863ff61f9ee81976a842ccab541c3d1a678c833e602707f4752beb10d59db	ALL_LETTER_SLOTS_RECONSTRUCTED	11	10	10	0	0	11	0	0	0	0	0	0	0
L1601894-R002	biblical_book	Dan	2	45		4Q112	1606779	f3ii_6	18	1601894				books/DSS-Daniel.txt	492888	1254	2058745	1	0	b3ef0014b22a1a51319fb91eb3a83739d0bdac3426026ffefabe88d3ed11544c	linguistics/books/DSS-Daniel-Linguistics.txt	646074	730	3f43c2f5bbf67691dc89f49971938a922a4c450c7cad553a820aac137d7c360a	NO_LETTER_SLOTS	2	0	0	0	0	2	0	0	1	0	0	0	0
L1601894-R003	biblical_book	Dan	2	46		4Q112	1606779	f3ii_6	18	1601894		a		books/DSS-Daniel.txt	494142	3766	2058746-2058756	11	1	78129a82695ab6b0f19743ce5e6edd22623f7f1676df3e9796cf4e2b772c82d2	linguistics/books/DSS-Daniel-Linguistics.txt	646804	5052	3ac0b6b5dc8ed0c0721e4a37de2e6eaa612d1780e5f726d450ec335b3644b50e	PARTLY_RECONSTRUCTED	38	37	30	2	5	31	2	0	0	0	0	0	0
L1601894-R004	biblical_book	Dan	2	46		4Q112	1606779	f3ii_6	18	1601894				books/DSS-Daniel.txt	497908	1570	2058757	1	1	a6318fde2a332b879636797f83d565214edaba3d988d0ffb9a76e51bf63bcea8	linguistics/books/DSS-Daniel-Linguistics.txt	651856	730	dcd81d380c633d80331c00ab1284206d9eac976a0f78e917d82d9f8c17a29a2b	NO_LETTER_SLOTS	2	0	0	0	0	0	0	0	1	0	0	0	0
L1601895-R001	biblical_book	Dan	2	47		4Q112	1606779	f7	1	1601895		a		books/DSS-Daniel.txt	499478	3865	2058758-2058770	13	1	eaab9d8cc1c8b374c858b7356ad4e1d76e16b8219de8bb2064f558e2f647f0ae	linguistics/books/DSS-Daniel-Linguistics.txt	652586	5586	3a68076db542db0f70ae2eb9729ed5d9660cd39d22335c76d6e8ca4ff8fd92aa	ALL_LETTER_SLOTS_RECONSTRUCTED	36	33	33	0	0	36	0	1	1	0	0	0	0
L1601896-R001	biblical_book	Dan	2	47		4Q112	1606779	f7	2	1601896		a		books/DSS-Daniel.txt	503343	3719	2058771-2058785	15	0	f5bad8663a2d2ef5198758bcc4a6b45f7f98a2900160087dd570f4cbcd7c2726	linguistics/books/DSS-Daniel-Linguistics.txt	658172	6379	3dcd93a3f426bbd0beae9a7c981b03070b2ab78dde9a7389eab424c6bb115542	PARTLY_RECONSTRUCTED	42	42	37	1	4	37	1	0	0	0	0	0	0
L1601896-R002	biblical_book	Dan	2	47		4Q112	1606779	f7	2	1601896				books/DSS-Daniel.txt	507062	1244	2058786	1	0	e8d7f9a1e743764b05cbabc1f96dd21ed29261796c5f69a94c50dbafea8dcafb	linguistics/books/DSS-Daniel-Linguistics.txt	664551	720	5c8df49ca7d1fd5741f9abb368cab6a15630f10c2e7e687cb3d5dd0881f9b400	NO_LETTER_SLOTS	2	0	0	0	0	2	0	0	1	0	0	0	0
L1601896-R003	biblical_book	Dan	2	48		4Q112	1606779	f7	2	1601896		a		books/DSS-Daniel.txt	508306	1597	2058787	1	1	ef9120419b703e28adc402d7598dc161cf81b3df68c3448a60800a64d0490804	linguistics/books/DSS-Daniel-Linguistics.txt	665271	827	a7bea9fbf8a97546b447b457fe8e96ab5c2a2cc0755ca740e14265e3deac712f	ALL_LETTER_SLOTS_RECONSTRUCTED	4	4	4	0	0	4	0	0	0	0	0	0	0
L1601897-R001	biblical_book	Dan	2	48		4Q112	1606779	f7	3	1601897		a		books/DSS-Daniel.txt	509903	4382	2058788-2058802	15	1	66abbf9dc475bd82a79340f27af54c72dc969891d07f4359c127983b2458b907	linguistics/books/DSS-Daniel-Linguistics.txt	666098	6455	eb2061858189cd725cf09fef8e1e89dd2e80b54c544968e8c87f725af42e124b	PARTLY_RECONSTRUCTED	45	43	35	1	7	36	1	0	0	0	0	0	0
L1601898-R001	biblical_book	Dan	2	48		4Q112	1606779	f7	4	1601898		a		books/DSS-Daniel.txt	514285	2795	2058803-2058811	9	0	4f0b97a66fd03a7ec69191694fbce153b4f23490d30a858628afac697eac8690	linguistics/books/DSS-Daniel-Linguistics.txt	672553	4104	d6c1b5f8c75508e42e818a81ec94939fe2f5acf992a03d34b4d5cd838e9426ca	PARTLY_RECONSTRUCTED	28	28	14	1	13	14	1	0	0	0	0	0	0
L1601898-R002	biblical_book	Dan	2	48		4Q112	1606779	f7	4	1601898				books/DSS-Daniel.txt	517080	1228	2058812	1	0	c0d74ad11d00a7f94941fb6a62ec0ecdc5985c4906f413a068b710c89e19e62b	linguistics/books/DSS-Daniel-Linguistics.txt	676657	720	ebae07a98abd4f2ff4daa8fd7c7e9cac3ced14ecb2ec591f15d76bb380f6c45c	NO_LETTER_SLOTS	2	0	0	0	0	0	0	0	1	0	0	0	0
L1601898-R003	biblical_book	Dan	2	49		4Q112	1606779	f7	4	1601898		a		books/DSS-Daniel.txt	518308	2164	2058813-2058816	4	1	c965310d6254294e88750959459e611daeb1c9eff3488c29195c689923d905f7	linguistics/books/DSS-Daniel-Linguistics.txt	677377	2027	64c4e551c9b127e2a26055a168798deceafdf5e883fdd0372f13cae7f3dd4f2d	PARTLY_RECONSTRUCTED	11	11	4	1	6	4	1	0	0	0	0	0	0
L1601899-R001	biblical_book	Dan	2	49		4Q112	1606779	f7	5	1601899		a		books/DSS-Daniel.txt	520472	4496	2058817-2058834	18	1	1de4dca8a60857475655edc10d2e0b11e7eacfd05d3f4d99a8226b981ca8cfac	linguistics/books/DSS-Daniel-Linguistics.txt	679404	7761	60e061f7b686b9c4e29a211ec603db62839cdd421cac7d935cad9801d7a5bbdc	PARTLY_RECONSTRUCTED	48	48	24	1	23	24	1	0	0	0	0	0	0
L1601900-R001	biblical_book	Dan	2	49		4Q112	1606779	f7	6	1601900		a		books/DSS-Daniel.txt	524968	1733	2058835-2058838	4	0	d71292461023bb4691a85d7d2d772235d10f443a89cef7b0880c162b5c47ab23	linguistics/books/DSS-Daniel-Linguistics.txt	687165	1958	4d1c87169e7ec20e51c2ca5ae852d81881c25f88b42c0cac299cdbe17be3d4c3	ALL_LETTER_SLOTS_RECONSTRUCTED	8	8	8	0	0	8	0	0	0	0	0	0	0
L1601900-R002	biblical_book	Dan	2	49		4Q112	1606779	f7	6	1601900				books/DSS-Daniel.txt	526701	2205	2058839	1	3	8bb0b45fa336cf4fba874fabafb8712587998ddbfc9e1a96e92ad2051eecc4d6	linguistics/books/DSS-Daniel-Linguistics.txt	689123	720	1894a5ad97c89d91a9dc4311564cab2790a33d63d1efbbf6011371bd57539213	NO_LETTER_SLOTS	2	0	0	0	0	2	0	0	1	0	0	0	0
L1601901-R001	biblical_book	Dan	3	1		4Q112	1606779	f7	7	1601901		a		books/DSS-Daniel.txt	528906	4088	2058840-2058852	13	1	eccf1d6a45c28fd068f7f8d3cf4afe786938c0e26e9fd866c501a991e184c159	linguistics/books/DSS-Daniel-Linguistics.txt	689843	5916	b63ac6626b3c4568a90c8bb48403539944448c9f4d3f811fe319782fc91cdd9f	PARTLY_RECONSTRUCTED	47	45	19	1	25	19	1	0	0	0	0	0	0
L1601902-R001	biblical_book	Dan	3	1		4Q112	1606779	f7	8	1601902		a		books/DSS-Daniel.txt	532994	2628	2058853-2058859	7	0	f39655d8b57ec5f73236894b0f752541e80d703b14c517dbb8c226a11c046e6b	linguistics/books/DSS-Daniel-Linguistics.txt	695759	3342	108b70fad10aa5d7cb2d9bfa77a1f9792334dd30e8c778fa12c0642cfb0dbbef	PARTLY_RECONSTRUCTED	24	23	14	1	8	15	1	0	0	0	0	0	0
L1601902-R002	biblical_book	Dan	3	1		4Q112	1606779	f7	8	1601902				books/DSS-Daniel.txt	535622	1226	2058860	1	0	0c6f6815fd6826e459991d7257c081c89748e6b3fc1a2a085beaa575d0b12a10	linguistics/books/DSS-Daniel-Linguistics.txt	699101	717	0e1a083f066624bd286643146564a33efbec9076b0a078231406f7b084f6600e	NO_LETTER_SLOTS	2	0	0	0	0	0	0	0	1	0	0	0	0
L1601902-R003	biblical_book	Dan	3	2		4Q112	1606779	f7	8	1601902		a		books/DSS-Daniel.txt	536848	2922	2058861-2058865	5	2	204c6159ad55a348b36f81f9c98e96f385f06ab5bde35c686ca33c049c662bcd	linguistics/books/DSS-Daniel-Linguistics.txt	699818	2504	98943038708584f2778934fc8cbf03fbf5cfc16b09064655ffe514c0bb5b5fe1	NO_LETTER_RECONSTRUCTION_MARKED	15	15	0	2	12	0	2	0	0	0	1	0	0
L1601903-R001	biblical_book	Dan	3	2		4Q112	1606779	f7	9	1601903		a		books/DSS-Daniel.txt	539770	3031	2058866-2058874	9	0	fdebbbee906203edffe44797d8293dc95c20dceaa875dc1de1ff182cb5654ddd	linguistics/books/DSS-Daniel-Linguistics.txt	702322	3913	6adfacac76d2e96667b3fcb65106681051754d5eda63ebf011c3cff29d690abf	PARTLY_RECONSTRUCTED	24	16	11	2	3	17	4	3	3	0	0	0	0
L1601903-R002	biblical_book	Dan	3	2		4Q112	1606779	f7	9	1601903				books/DSS-Daniel.txt	542801	1553	2058875	1	1	018a0a1cf16cdda7238fec9c506e71ae4edc10c6aa9a3ee3f3a3e078ced69409	linguistics/books/DSS-Daniel-Linguistics.txt	706235	717	65066a7a971da7f49243ce6e4e4193fc49d2347607305e61ac237841c76175ce	NO_LETTER_SLOTS	2	0	0	0	0	0	0	0	1	0	0	0	0
L1601904-R001	biblical_book	Dan	4	29		4Q112	1606779	f8	17	1601904		a		books/DSS-Daniel.txt	544354	3878	2058876-2058887	12	2	30d78a76a64eb7ca4e268f4140207fa950133a599766f375233711feebf80c52	linguistics/books/DSS-Daniel-Linguistics.txt	706952	5143	9340354925a109c7569ce9cf074de40637eddfa3fa1224f16eec4d91d48236e0	PARTLY_RECONSTRUCTED	26	26	19	5	2	19	5	0	0	0	0	0	0
L1601905-R001	biblical_book	Dan	4	29		4Q112	1606779	f8	18	1601905		a		books/DSS-Daniel.txt	548232	1648	2058888-2058889	2	0	bddbd0ca2e7ac2ea8f55ea64ab43490eb8d7d78599cff20926cdb5dbe6aa5af2	linguistics/books/DSS-Daniel-Linguistics.txt	712095	1211	e83b9c14febf4ac1a69e23973f4be7b04848c7e3f6e3885eaf25fbcd642299db	ALL_LETTER_SLOTS_RECONSTRUCTED	10	9	9	0	0	10	0	0	0	0	0	0	0
L1601905-R002	biblical_book	Dan	4	29		4Q112	1606779	f8	18	1601905				books/DSS-Daniel.txt	549880	1246	2058890	1	0	f3ff5b12f53ebbbf7b78bfb0b6f7122d87508b8323b37c94e811f85aa767fb20	linguistics/books/DSS-Daniel-Linguistics.txt	713306	722	f2d4b08d7f6c75eb7e5717b1fab2ab42439f8a1a8788f6aa6e1edeac2adb1fa2	NO_LETTER_SLOTS	2	0	0	0	0	2	0	0	1	0	0	0	0
L1601905-R003	biblical_book	Dan	4	30		4Q112	1606779	f8	18	1601905		a		books/DSS-Daniel.txt	551126	3889	2058891-2058906	16	0	41fea7d612a436ed2906a8ce228af8f46356bc028a1d1679a4aaa63a09d6504e	linguistics/books/DSS-Daniel-Linguistics.txt	714028	6760	bb40ac068c24a7cbddd3539ac5179ca02637343e9c1813becad6808c9e033f0c	PARTLY_RECONSTRUCTED	40	39	35	0	4	36	0	0	0	0	0	0	0
L1601905-R004	biblical_book	Dan	4	30		4Q112	1606779	f8	18	1601905				books/DSS-Daniel.txt	555015	1558	2058907	1	1	59bcff7c0f9260fd082c3b46cdb00dcb0498e2de7ba6a8acbd46d0e6fa97e9cf	linguistics/books/DSS-Daniel-Linguistics.txt	720788	722	fd9747209530dd397d901573a37fece861e0c16678a5715e3fb6a8e5918a78cf	NO_LETTER_SLOTS	2	0	0	0	0	0	0	0	1	0	0	0	0
L1601906-R001	biblical_book	Dan	5	5		4Q112	1606779	f9	14	1601906		a		books/DSS-Daniel.txt	556573	4738	2058908-2058923	16	1	d543838990d7e8cc306462f9db0b999b3ce2834091a1f1835c682968f7a36d9b	linguistics/books/DSS-Daniel-Linguistics.txt	721510	6767	de9fa92b56c64d4e0085dd91e56f62a1d1263b42aeae5c65b1a0a7ec511f0440	PARTLY_RECONSTRUCTED	42	39	34	4	1	37	4	1	1	0	0	0	0
L1601907-R001	biblical_book	Dan	5	5		4Q112	1606779	f9	15	1601907		a		books/DSS-Daniel.txt	561311	4237	2058924-2058941	18	0	67387c122c19ff80a142e9610737a4bb76f0672a1742789548a6f86c119c32c6	linguistics/books/DSS-Daniel-Linguistics.txt	728277	7428	ee1ce5d0c4c5b7cb43ed5c0059312ad3c525faa7bea594bf95c655d8c5fc5f5a	PARTLY_RECONSTRUCTED	39	39	29	2	8	29	2	0	0	0	0	0	0
L1601907-R002	biblical_book	Dan	5	5		4Q112	1606779	f9	15	1601907				books/DSS-Daniel.txt	565548	1244	2058942	1	0	0cc2977564a3410b769168fb95ffbd167fd5d77743ed312584fd174112b20042	linguistics/books/DSS-Daniel-Linguistics.txt	735705	719	73dd5c8db80e5f5ee149b1307cf91f48b556df073176bba0f97fecbb3cc07e8d	NO_LETTER_SLOTS	2	0	0	0	0	2	0	0	1	0	0	0	0
L1601907-R003	biblical_book	Dan	5	6		4Q112	1606779	f9	15	1601907		a		books/DSS-Daniel.txt	566792	1926	2058943-2058945	3	1	2cb046d726009cc73421e5c46ef550f43d84cba422401306d0c558aa5b8ee617	linguistics/books/DSS-Daniel-Linguistics.txt	736424	1605	9c94b5f44c0d3d7fca60abc8f79db2918a83da84272070efdbd9d31a8f69803f	ALL_LETTER_SLOTS_RECONSTRUCTED	8	8	8	0	0	8	0	0	0	0	0	0	0
L1601908-R001	biblical_book	Dan	5	6		4Q112	1606779	f9	16	1601908		a		books/DSS-Daniel.txt	568718	5260	2058946-2058957	12	1	7527defa6ce5e38c43a665d6907b14e2ca66865de99b004bb474449e60ca1e53	linguistics/books/DSS-Daniel-Linguistics.txt	738029	5513	321e1425872487c2cdd1b1643850ae448bc8407a53d9a9a6fa147fddabb2c2a6	PARTLY_RECONSTRUCTED	55	49	25	10	14	28	10	0	0	0	0	0	0
L1601909-R001	biblical_book	Dan	5	6		4Q112	1606779	f9	17	1601909		a		books/DSS-Daniel.txt	573978	1588	2058958-2058960	3	0	5d00914b2e6db0758a70b5ba0896ef13b4e6803e7d3249968fc44a4c50152703	linguistics/books/DSS-Daniel-Linguistics.txt	743542	1543	107220d8948438a264f3f87c9f1ffd3bbcfb9273e81d8188aa3755e774412731	ALL_LETTER_SLOTS_RECONSTRUCTED	7	7	7	0	0	7	0	0	0	0	0	0	0
L1601909-R002	biblical_book	Dan	5	6		4Q112	1606779	f9	17	1601909				books/DSS-Daniel.txt	575566	1244	2058961	1	0	49e859979bc903a1a5d9927c7678be63a8342c87c26fe04866a821ade036970c	linguistics/books/DSS-Daniel-Linguistics.txt	745085	719	ab8443abba45f3a3ceb8d32228e0442cb138df6920ae06572232278fe0e8c8f1	NO_LETTER_SLOTS	2	0	0	0	0	2	0	0	1	0	0	0	0
L1601909-R003	biblical_book	Dan	5	7		4Q112	1606779	f9	17	1601909		a		books/DSS-Daniel.txt	576810	4903	2058962-2058981	20	1	821c6984bb9d218f7ebaf6016907ed184d27142e4a99676d6803b7fc4d86ea84	linguistics/books/DSS-Daniel-Linguistics.txt	745804	8227	be700199832595c403efd0bd3d35a74dbfb03202e531881f9f888420bf250e18	PARTLY_RECONSTRUCTED	47	47	23	3	21	23	3	0	0	0	0	0	0
L1601910-R001	biblical_book	Dan	5	7		4Q112	1606779	f9	18	1601910		a		books/DSS-Daniel.txt	581713	5420	2058982-2059002	21	0	5666ff99c4ca75c4bfde0862c5cd704171afc5110991a3428139c1d48663a912	linguistics/books/DSS-Daniel-Linguistics.txt	754031	8911	98d3b4f7afd5dafe4c0a1e99242be4513bde9aef9763a80caa006519d121e326	PARTLY_RECONSTRUCTED	61	59	38	3	18	39	3	0	0	0	0	0	0
L1601910-R002	biblical_book	Dan	5	7		4Q112	1606779	f9	18	1601910				books/DSS-Daniel.txt	587133	1556	2059003	1	1	cf0485266b77726e78d29eedae30c4681e035a0ec73bd0684cfea0e1e74468fa	linguistics/books/DSS-Daniel-Linguistics.txt	762942	719	97a9595d1847e6dd87c220637103550d96729553389f3f8ce03ee2143a388a59	NO_LETTER_SLOTS	2	0	0	0	0	0	0	0	1	0	0	0	0
L1601911-R001	biblical_book	Dan	5	12		4Q112	1606779	f10_11	1	1601911		a		books/DSS-Daniel.txt	588689	3674	2059004-2059015	12	1	487eb32fe3d4d5045707d1cfee2f3a7ad924cdc138bd7aa1dda5265a8faef906	linguistics/books/DSS-Daniel-Linguistics.txt	763661	5562	9ab3d832c79ca713085084b1a623e1cfedb724c49aefdff50c1d0217d22c19be	PARTLY_RECONSTRUCTED	45	45	34	1	10	34	1	0	0	0	0	0	0
L1601912-R001	biblical_book	Dan	5	12		4Q112	1606779	f10_11	2	1601912		a		books/DSS-Daniel.txt	592363	4151	2059016-2059028	13	1	f8f5abb056c52808959e80a656fb89628c438ec845897e2f4eabea5fea464ab4	linguistics/books/DSS-Daniel-Linguistics.txt	769223	5794	4dd92b6dcf4c38634cd5fc469e0c661652d7dbf4608c42df11271bc7d1daada9	PARTLY_RECONSTRUCTED	43	41	29	1	11	30	1	0	0	0	0	0	0
L1601913-R001	biblical_book	Dan	5	12		4Q112	1606779	f10_11	3	1601913		a		books/DSS-Daniel.txt	596514	3099	2059029-2059038	10	0	bb9b39a5f51e86cf78b1c75d925361dc3f674cd32ceede8fdd3da33829028fc3	linguistics/books/DSS-Daniel-Linguistics.txt	775017	4493	f4b7b6c19a34f375cf5f5d189153671bae1697b747bea3f4ec60a848d25610f1	PARTLY_RECONSTRUCTED	33	32	23	2	7	24	2	0	0	0	0	0	0
L1601913-R002	biblical_book	Dan	5	12		4Q112	1606779	f10_11	3	1601913				books/DSS-Daniel.txt	599613	1252	2059039	1	0	ab7464f9b554f6a205fd49e171fccc6a5916d43aed521ae5f263c14533b83928	linguistics/books/DSS-Daniel-Linguistics.txt	779510	728	7472daac9b380ef0c881160fee1ac2c64614f2b4933978ae6211497eec22f71a	NO_LETTER_SLOTS	2	0	0	0	0	2	0	0	1	0	0	0	0
L1601913-R003	biblical_book	Dan	5	13		4Q112	1606779	f10_11	3	1601913		a		books/DSS-Daniel.txt	600865	1762	2059040-2059041	2	1	cd552d948abeca24a72f3e24e3cb10ff4b9f1a6b389fcfa1b96fd509df3c755d	linguistics/books/DSS-Daniel-Linguistics.txt	780238	1209	adc061e14ccd87aa13542b56c29a7c9686587ec73eaf663618422a3e2c323419	ALL_LETTER_SLOTS_RECONSTRUCTED	5	5	5	0	0	5	0	0	0	0	0	0	0
L1601914-R001	biblical_book	Dan	5	13		4Q112	1606779	f10_11	4	1601914		a		books/DSS-Daniel.txt	602627	4423	2059042-2059055	14	1	a0d107c1087a3e9b89e474b5d074e9badb29516180aeb81d59673bcfaa1f23fc	linguistics/books/DSS-Daniel-Linguistics.txt	781447	6198	f04adea43e1eeab40dc09eeaa84e1c56b7edbe7900aa2ffe6e2820eab1146a1d	PARTLY_RECONSTRUCTED	39	38	26	7	5	27	7	0	1	0	0	0	0
L1601915-R001	biblical_book	Dan	5	13		4Q112	1606779	f10_11	5	1601915		a		books/DSS-Daniel.txt	607050	4050	2059056-2059070	15	0	24660037bfdbcd021d57c2db167ac99b66725c807e7ca1d3cffe3fdfdf436582	linguistics/books/DSS-Daniel-Linguistics.txt	787645	6507	b506904d19cdd96d935bfaac82dbadae309dd14f5f2895da9c0de3aea1d53b51	PARTLY_RECONSTRUCTED	43	42	31	1	10	32	1	0	0	0	0	0	0
L1601915-R002	biblical_book	Dan	5	13		4Q112	1606779	f10_11	5	1601915				books/DSS-Daniel.txt	611100	1583	2059071	1	1	591d34c920cddc97c3ef906883e05603cde74ba5c34fe119306c21ddc118f9b1	linguistics/books/DSS-Daniel-Linguistics.txt	794152	728	913669d5a46c00e06da090e0c9744e27150639685573bc62a2e4aac55ac2dd5f	NO_LETTER_SLOTS	2	0	0	0	0	2	0	0	1	0	0	0	0
L1601916-R001	biblical_book	Dan	5	14		4Q112	1606779	f10_11	6	1601916		a		books/DSS-Daniel.txt	612683	3503	2059072-2059082	11	0	60fdd006cd1535ac2e1e28bc63a506dc42ab8bdff92f1bee7f75b3b7fb4442fb	linguistics/books/DSS-Daniel-Linguistics.txt	794880	4936	aa175b40ab6dce3cf04094a3ca0dd9b32528f5b7ac0c74e67509f736bc7ee6ea	PARTLY_RECONSTRUCTED	36	34	33	1	0	35	1	0	0	0	0	0	0
L1601916-R002	biblical_book	Dan	5	14		4Q112	1606779	f10_11	6	1601916				books/DSS-Daniel.txt	616186	1567	2059083	1	1	f0218387277c9d999fc9fec7847b84852db6de4b0d33828a94afe8d04ceade97	linguistics/books/DSS-Daniel-Linguistics.txt	799816	728	5a8de5c9262d7b72d28e370bad3ea13cb3ce05bb8d426ffcf0c56bd63096d59a	NO_LETTER_SLOTS	2	0	0	0	0	0	0	0	1	0	0	0	0
L1601917-R001	biblical_book	Dan	5	16		4Q112	1606779	f12	1	1601917		a		books/DSS-Daniel.txt	617753	5277	2059084-2059100	17	1	b9aa6c53a9c526e83dd65fc87886a2736ea621c4c52eadedc18936d9e9311dc8	linguistics/books/DSS-Daniel-Linguistics.txt	800544	7358	0c040e56376c9647626115e2355498ccda3367ef10fe26fe20171299afdf7eac	PARTLY_RECONSTRUCTED	51	48	16	7	25	17	7	0	0	0	0	0	0
L1601918-R001	biblical_book	Dan	5	16		4Q112	1606779	f12	2	1601918		a		books/DSS-Daniel.txt	623030	1736	2059101-2059104	4	0	3ec0f18a9f2de25f92d0bfcb45f1ade214d84881da87201c3ab478b8d82d33ec	linguistics/books/DSS-Daniel-Linguistics.txt	807902	1968	d4b38866379d510a3e9db2a5fef09aa8ba35682667d8781b2cabea20f46ebb18	NO_LETTER_RECONSTRUCTION_MARKED	11	11	0	0	11	0	0	0	0	0	0	0	0
L1601918-R002	biblical_book	Dan	5	16		4Q112	1606779	f12	2	1601918				books/DSS-Daniel.txt	624766	1230	2059105	1	0	6fc0c8b2603687a2459afdc5de63f90df772cf19e039f3046ec4a286ceb8dbf2	linguistics/books/DSS-Daniel-Linguistics.txt	809870	722	24aba84fc42a54a5a6e427c8025e511e4e0d22f079d6a4cccaca432a2bf24c80	NO_LETTER_SLOTS	2	0	0	0	0	0	0	0	1	0	0	0	0
L1601918-R003	biblical_book	Dan	5	17		4Q112	1606779	f12	2	1601918		a		books/DSS-Daniel.txt	625996	4592	2059106-2059117	12	1	2cde8162cd9462ce640be89955b73ddd6221e56cc27aac13d3b27ee4b3bc185e	linguistics/books/DSS-Daniel-Linguistics.txt	810592	5392	443778b2c2f33824775635279551f31f9d411b43b4d52c4b8a563ce1de0a8879	PARTLY_RECONSTRUCTED	38	36	11	7	18	12	7	0	0	0	0	0	0
L1601919-R001	biblical_book	Dan	5	17		4Q112	1606779	f12	3	1601919		a		books/DSS-Daniel.txt	630588	4681	2059118-2059132	15	0	d4d06c73d4c4289f2e7c40d32c760aafa26c262ca3ab0d8e03a8966ba3d93cda	linguistics/books/DSS-Daniel-Linguistics.txt	815984	6504	40572852a4c4ccc97cb761f020340fbf29572271b8b597933ebfcadd939049cf	PARTLY_RECONSTRUCTED	45	42	6	6	30	7	6	0	0	0	0	0	0
L1601919-R002	biblical_book	Dan	5	17		4Q112	1606779	f12	3	1601919				books/DSS-Daniel.txt	635269	1246	2059133	1	0	47da8ef2464e4846db25efcab4587e7c34695a6cf0c89f26c298a51214ea7b47	linguistics/books/DSS-Daniel-Linguistics.txt	822488	722	b751b391b4dc60bcf80c84f1f3f3928557451f88835a8ebd76e891a4282a52e8	NO_LETTER_SLOTS	2	0	0	0	0	2	0	0	1	0	0	0	0
L1601919-R003	biblical_book	Dan	5	18		4Q112	1606779	f12	3	1601919		a		books/DSS-Daniel.txt	636515	1918	2059134-2059136	3	1	b32ee40db43c318c5b6a62a2c8c52e29c83724aed95b680de94f4302febcb399	linguistics/books/DSS-Daniel-Linguistics.txt	823210	1599	816463d3d99d6aff206578817aaf13acfd60a11b46031584231c2ad2758247a8	ALL_LETTER_SLOTS_RECONSTRUCTED	7	7	7	0	0	7	0	0	0	0	0	0	0
L1601920-R001	biblical_book	Dan	5	18		4Q112	1606779	f12	4	1601920		a		books/DSS-Daniel.txt	638433	4568	2059137-2059155	19	0	3bf7ecf264f65dc50346ae2eea4dbe10064f94ccff2e3454b01e5179d3c55f8e	linguistics/books/DSS-Daniel-Linguistics.txt	824809	7960	97301e281f9271e72c860c56ee81d91c02c68910657f0decfa74345884cc90b2	PARTLY_RECONSTRUCTED	46	45	25	2	18	26	2	0	0	0	0	0	0
L1601920-R002	biblical_book	Dan	5	18		4Q112	1606779	f12	4	1601920				books/DSS-Daniel.txt	643001	1246	2059156	1	0	5d972cead1c1176449341a40c47f049ab5c0f903e576f66af1e34a43bd9ad676	linguistics/books/DSS-Daniel-Linguistics.txt	832769	722	4057dccb032153aae151bbc9c65e423e188b9c624b2b88bc521830012cb277ea	NO_LETTER_SLOTS	2	0	0	0	0	2	0	0	1	0	0	0	0
L1601920-R003	biblical_book	Dan	5	19		4Q112	1606779	f12	4	1601920		a		books/DSS-Daniel.txt	644247	1733	2059157-2059158	2	1	b26096a8335bca5fc4ebc1cb205f7927a612e40a6e027f913e5dc343cd517af3	linguistics/books/DSS-Daniel-Linguistics.txt	833491	1133	8f7e6e602955f338787bd6724f1f1831ad2c2b9ea27a1f2d10962f2a0c813d5c	ALL_LETTER_SLOTS_RECONSTRUCTED	3	3	3	0	0	3	0	0	0	0	0	0	0
L1601921-R001	biblical_book	Dan	5	19		4Q112	1606779	f12	5	1601921		a		books/DSS-Daniel.txt	645980	5145	2059159-2059177	19	1	eb3f5a21123698e3898ec7a356b9eff020b8095b33e8c4cd0b529369f6d78047	linguistics/books/DSS-Daniel-Linguistics.txt	834624	7886	7a113852189ae38eb225302c7270e26030045898149f429eb9d68fd42f1c974b	PARTLY_RECONSTRUCTED	53	51	46	2	3	48	2	0	0	0	0	0	0
L1601922-R001	biblical_book	Dan	5	19		4Q112	1606779	f12	6	1601922		a		books/DSS-Daniel.txt	651125	4085	2059178-2059194	17	0	70a6a13dd73d69a04a553986dcb8cd2a39c097c4af8c9514bd8978a7d936f72d	linguistics/books/DSS-Daniel-Linguistics.txt	842510	7090	b7407dfbab51fed1645ea090ea61c599d1670c2758136460f91f022a17931127	PARTLY_RECONSTRUCTED	45	45	43	2	0	43	2	0	0	0	0	0	0
L1601922-R002	biblical_book	Dan	5	19		4Q112	1606779	f12	6	1601922				books/DSS-Daniel.txt	655210	1558	2059195	1	1	7fabc63aeed5da68cd59eba7b8b9332519546a6b9db1064c4a92588cb19c94f3	linguistics/books/DSS-Daniel-Linguistics.txt	849600	722	0374aff1685996c88fc7919f2b03c079da89a8c79c72055d333ac8d81d3bccb8	NO_LETTER_SLOTS	2	0	0	0	0	0	0	0	1	0	0	0	0
L1601923-R001	biblical_book	Dan	7	5		4Q112	1606779	f13	1	1601923		a		books/DSS-Daniel.txt	656768	4943	2059196-2059214	19	1	d9933adde5e7d8b089c8683fa0c7d55824b2e0a3be413658306cab8970804da1	linguistics/books/DSS-Daniel-Linguistics.txt	850322	8029	59d1d090a4e826d10b382dcb488dd21ba458a3c035921265916337a41a918d3c	PARTLY_RECONSTRUCTED	52	51	46	2	3	47	2	0	0	0	0	0	0
L1601924-R001	biblical_book	Dan	7	5		4Q112	1606779	f13	2	1601924		a		books/DSS-Daniel.txt	661711	3087	2059215-2059223	9	0	cbc12118ba9f72a7de69a6a634d1a25a2f268d6b760936a7227d64dd1158e298	linguistics/books/DSS-Daniel-Linguistics.txt	858351	4023	55de5c1a669475e57940b941de11ddd821d1b6bb3d370c08490b76f02c208dbd	PARTLY_RECONSTRUCTED	31	29	22	1	6	24	1	0	0	0	0	0	0
L1601924-R002	biblical_book	Dan	7	5		4Q112	1606779	f13	2	1601924				books/DSS-Daniel.txt	664798	1228	2059224	1	0	f75b163a02f12fca00a47b5fac2f4bcd161f34bf84dcc51a905126db5f113907	linguistics/books/DSS-Daniel-Linguistics.txt	862374	719	6955f0996ff12d9cd20bba48f2334c9e62b786c86c792486c026dea82dbd2cb1	NO_LETTER_SLOTS	2	0	0	0	0	0	0	0	1	0	0	0	0
L1601924-R003	biblical_book	Dan	7	6		4Q112	1606779	f13	2	1601924		a		books/DSS-Daniel.txt	666026	2655	2059225-2059231	7	1	8430253c32d737de17951e215c4f233a3059af6ad44ee9fdf99ec5d81f4f766b	linguistics/books/DSS-Daniel-Linguistics.txt	863093	3278	4c7066d4edc8d325769ff51d85b0e3e476061b561bfc169898be1693ac5cd283	ALL_LETTER_SLOTS_RECONSTRUCTED	22	22	22	0	0	22	0	0	0	0	0	0	0
L1601925-R001	biblical_book	Dan	7	6		4Q112	1606779	f13	3	1601925		a		books/DSS-Daniel.txt	668681	5215	2059232-2059250	19	1	6985583e3a8c6530ce021dc3a1880aeb9fc12933adb2654aad8ff422efc04924	linguistics/books/DSS-Daniel-Linguistics.txt	866371	8027	6f39d305cbb69938e89c7940c0c36a4d452a7d18fafa4735fc6610ed8d0960e7	PARTLY_RECONSTRUCTED	55	53	43	2	8	44	2	0	0	0	0	0	0
L1601926-R001	biblical_book	Dan	7	6		4Q112	1606779	f13	4	1601926		a		books/DSS-Daniel.txt	673896	1413	2059251	1	0	dd7f31e783d941141c1e854500d9155612503b7ccb927d852590312f9e4a98d5	linguistics/books/DSS-Daniel-Linguistics.txt	874398	759	7c4a92cb3dbebdd9073359b2dddee686e69bc2295f21fe502cc509a6d7336493	ALL_LETTER_SLOTS_RECONSTRUCTED	3	2	2	0	0	3	0	0	0	0	0	0	0
L1601926-R002	biblical_book	Dan	7	6		4Q112	1606779	f13	4	1601926				books/DSS-Daniel.txt	675309	1244	2059252	1	0	b57f009e65810c1a6bb22eaa4e7f7e456b79c811a38dcfd42a45ad333edfd350	linguistics/books/DSS-Daniel-Linguistics.txt	875157	719	bde2b31850ab2dc50b134ee0500c083721adf7231ff59cd4e2dddc6b0e2b9b7b	NO_LETTER_SLOTS	2	0	0	0	0	2	0	0	1	0	0	0	0
L1601926-R003	biblical_book	Dan	7	7		4Q112	1606779	f13	4	1601926		a		books/DSS-Daniel.txt	676553	3560	2059253-2059265	13	0	53804cf14e1118ebc743e53c6cfff8149b30d1a99808a0af892acda8293eb16d	linguistics/books/DSS-Daniel-Linguistics.txt	875876	5789	c81537fb86c4172f9810eb255c29f535de213095adcd9544add19c1b8edb2cbf	PARTLY_RECONSTRUCTED	43	43	40	3	0	40	3	0	0	0	0	0	0
L1601926-R004	biblical_book	Dan	7	7		4Q112	1606779	f13	4	1601926				books/DSS-Daniel.txt	680113	1556	2059266	1	1	3e0897db99924374c8a86dcf7db835831a1c290b0cccfd267f508159a83e1394	linguistics/books/DSS-Daniel-Linguistics.txt	881665	719	1d940c65b2b7aa0b216f253de985b7e7692ba356c797c18e57a770dbf10c2764	NO_LETTER_SLOTS	2	0	0	0	0	0	0	0	1	0	0	0	0
L1601927-R001	biblical_book	Dan	7	25		4Q112	1606779	f14	5	1601927		a		books/DSS-Daniel.txt	681669	3807	2059267-2059279	13	0	5bf044a9e76a79b6ac0c2c0008faf69ab670d161172ba613b77e80842f595910	linguistics/books/DSS-Daniel-Linguistics.txt	882384	5648	aa0606d36e99872c015f2e1bc64c5b5a77ed6b8d406df6ae224864c31b7a54b6	PARTLY_RECONSTRUCTED	38	37	25	4	8	26	4	0	0	0	0	0	0
L1601927-R002	biblical_book	Dan	7	25		4Q112	1606779	f14	5	1601927				books/DSS-Daniel.txt	685476	1230	2059280	1	0	be98fec6b260df66663b5d9a4eb6e6ba0d9234fc179cc17282388c781a79f965	linguistics/books/DSS-Daniel-Linguistics.txt	888032	722	6de1b53829eb6a14134407b9d180bbe5e86c6c6589c9a29f0addeb99db80e252	NO_LETTER_SLOTS	2	0	0	0	0	0	0	0	1	0	0	0	0
L1601927-R003	biblical_book	Dan	7	26		4Q112	1606779	f14	5	1601927		a		books/DSS-Daniel.txt	686706	2195	2059281-2059284	4	1	7ce6b3045368bf3a3a22a3e99eaa0c253503b57957fff9b1b148d3ea68b266ee	linguistics/books/DSS-Daniel-Linguistics.txt	888754	1932	8f958a978d42cf345042bd2b9a0742a5b4c3c7428d91dfea778f6b55387cdb18	PARTLY_RECONSTRUCTED	8	8	5	1	2	5	1	0	0	0	0	0	0
L1601928-R001	biblical_book	Dan	7	26		4Q112	1606779	f14	6	1601928		a		books/DSS-Daniel.txt	688901	3411	2059285-2059295	11	0	293205a079fb6e4763242e9279fd232825b387262409514fbf909a195bc836bb	linguistics/books/DSS-Daniel-Linguistics.txt	890686	4744	3499ed2c816313185ab8db5c3fd0b155116fdede22ca466eaafd0b7a638aca12	PARTLY_RECONSTRUCTED	32	31	25	2	4	26	2	0	0	0	0	0	0
L1601928-R002	biblical_book	Dan	7	26		4Q112	1606779	f14	6	1601928				books/DSS-Daniel.txt	692312	1230	2059296	1	0	b6c7aeed3d2501d3be14c566c42c51d4d4455a32bcc11b8aa322f28697508258	linguistics/books/DSS-Daniel-Linguistics.txt	895430	722	197e9828d040502eb519c4abfb0d48d3ff508714d61879764186f454b2fd8c41	NO_LETTER_SLOTS	2	0	0	0	0	0	0	0	1	0	0	0	0
L1601928-R003	biblical_book	Dan	7	27		4Q112	1606779	f14	6	1601928		a		books/DSS-Daniel.txt	693542	2597	2059297-2059302	6	1	90b780af755fab51fbcefcf86475ba593c82a57153ec3eabc4e418f3b67e4c24	linguistics/books/DSS-Daniel-Linguistics.txt	896152	2742	a095e87ea17fa4d740b337962bca676aa7678417b9beb82b5c7ce8f43e9419da	PARTLY_RECONSTRUCTED	13	13	3	2	8	3	2	0	0	0	0	0	0
L1601929-R001	biblical_book	Dan	7	27		4Q112	1606779	f14	7	1601929		a		books/DSS-Daniel.txt	696139	4328	2059303-2059316	14	1	e688b7e0107cf46500d8ebcf6fc479b2df1d562a03ded8fa5cc03b0f2d028424	linguistics/books/DSS-Daniel-Linguistics.txt	898894	6149	6eb5900d80fd1449242231901f5e27bf163d97ebe1b6fcbcef943a9710a1ccd8	PARTLY_RECONSTRUCTED	43	43	24	5	14	24	5	0	0	0	0	0	0
L1601930-R001	biblical_book	Dan	7	27		4Q112	1606779	f14	8	1601930		a		books/DSS-Daniel.txt	700467	3731	2059317-2059327	11	0	fa25a5dc8eb6e335e86c7258968056b6e0405e2a3f1d3a2bcb32e7bb6e4c32da	linguistics/books/DSS-Daniel-Linguistics.txt	905043	4921	9282e7cc821a0624c2226dc17f80aab60e6dbd305906fed9f0c118a673ab407d	PARTLY_RECONSTRUCTED	41	39	23	5	11	25	5	0	0	0	0	0	0
L1601930-R002	biblical_book	Dan	7	27		4Q112	1606779	f14	8	1601930				books/DSS-Daniel.txt	704198	1230	2059328	1	0	625b60cefe8ea7cc89b74a52863d16d8a6b2c071e1f26b85f7fb22f89bc9e9e7	linguistics/books/DSS-Daniel-Linguistics.txt	909964	722	3dd512cf2e3baa544bece45a6dd999b6567cd5a5780e5c17c42300ba3817b7d5	NO_LETTER_SLOTS	2	0	0	0	0	0	0	0	1	0	0	0	0
L1601930-R003	biblical_book	Dan	7	28		4Q112	1606779	f14	8	1601930		a		books/DSS-Daniel.txt	705428	2546	2059329-2059333	5	1	88d7310db1d40faea4739d47d76aaeef5dfc9135348e78deaa69a749f69722a9	linguistics/books/DSS-Daniel-Linguistics.txt	910686	2352	3c3f0be300cc0451b66a29fa0f8f183f5c40de5cfbfd303151d7bc78e481beef	PARTLY_RECONSTRUCTED	10	10	2	5	3	2	5	0	0	0	0	0	0
L1601931-R001	biblical_book	Dan	7	28		4Q112	1606779	f14	9	1601931		a		books/DSS-Daniel.txt	707974	4198	2059334-2059344	11	1	3311d0720a77206cad730c527f3cf70bc38be4bfea12f6f3e1715ce1a8589cca	linguistics/books/DSS-Daniel-Linguistics.txt	913038	5054	ed23e01986e07269153910c7b633d873190d08168b6ce3d80b2e296c7a011723	PARTLY_RECONSTRUCTED	47	43	23	1	19	24	1	0	0	0	0	0	0
L1601932-R001	biblical_book	Dan	7	28		4Q112	1606779	f14	10	1601932		a		books/DSS-Daniel.txt	712172	2242	2059345-2059350	6	0	baee7d9a66a2754eb7d4a3c75241e90d9d2df3b7bc51243b6a23bfdf5ff43ee5	linguistics/books/DSS-Daniel-Linguistics.txt	918092	2717	b699de46da6508b8a0da8c943f34bd95b5b929a8ec9e30e740809c9432972ffd	ALL_LETTER_SLOTS_RECONSTRUCTED	14	13	13	0	0	14	0	0	0	0	0	0	0
L1601932-R002	biblical_book	Dan	7	28		4Q112	1606779	f14	10	1601932				books/DSS-Daniel.txt	714414	1896	2059351	1	2	83ce55247fad77794cc6a1c9b0c7022c5165fc2bcd3a32aa44a0c49c4fae7251	linguistics/books/DSS-Daniel-Linguistics.txt	920809	724	49bab07c5f7f47d489b33187fa668092fdd0d6ffa9075eea6eed291ee1593f21	NO_LETTER_SLOTS	2	0	0	0	0	2	0	0	1	0	0	0	0
L1601933-R001	biblical_book	Dan	8	1		4Q112	1606779	f14	11	1601933				books/DSS-Daniel.txt	716310	4238	2059352-2059366	15	1	d79eb88367d03930aedbcb0171ef5d2c673e75abe5fca6a9cfcd666bbeece98e	linguistics/books/DSS-Daniel-Linguistics.txt	921533	6749	b79cf649e5aeeefcd6d83f6e1c85d19ff2a65cbcb2277ea11e1f63e34405ed8b	PARTLY_RECONSTRUCTED	51	50	24	3	17	24	3	0	0	0	0	7	0
L1601934-R001	biblical_book	Dan	8	1		4Q112	1606779	f14	12	1601934				books/DSS-Daniel.txt	720548	2309	2059367-2059373	7	0	81ffe48b7142857dfb9c0d7a44c0cfd3fb31ed836f9e06733eec16cb525b2614	linguistics/books/DSS-Daniel-Linguistics.txt	928282	3145	38907dbcffa521c30cd7ef68da61d48bf33dcf193f08a3682e7c30f2879e7269	ALL_LETTER_SLOTS_RECONSTRUCTED	20	17	17	0	0	20	0	0	1	0	0	0	0
L1601934-R002	biblical_book	Dan	8	2		4Q112	1606779	f14	12	1601934				books/DSS-Daniel.txt	722857	3457	2059374-2059387	14	1	8acb0ea05ab1b02729f4b1c2e49f17ec98a40c01b313ffeb1dc29496a57b2c99	linguistics/books/DSS-Daniel-Linguistics.txt	931427	5938	123bbd55e14d0edf95a68e1e752bdc716a2f1b2477353b6aa3d287f4e3f30d36	NO_LETTER_RECONSTRUCTION_MARKED	34	33	0	0	33	0	0	0	0	0	0	0	0
L1601935-R001	biblical_book	Dan	8	2		4Q112	1606779	f14	13	1601935				books/DSS-Daniel.txt	726314	3458	2059388-2059403	16	0	c40c1a936d023f20e7c773ae003cde6a4c45a731407253d38d288a1f230508b1	linguistics/books/DSS-Daniel-Linguistics.txt	937365	6815	eca49f79c7e52e7ad98504e7e7d47fbea507c11768cfb9ea085c1f8c50a85dac	PARTLY_RECONSTRUCTED	45	43	19	0	24	19	0	0	1	0	0	0	0
L1601935-R002	biblical_book	Dan	8	3		4Q112	1606779	f14	13	1601935				books/DSS-Daniel.txt	729772	1960	2059404-2059406	3	1	ea0c4fbf976200104ed25d34e992b5e0f7db06e659f37352083a912c442df9ef	linguistics/books/DSS-Daniel-Linguistics.txt	944180	1577	0ca52f85d2fe1efdfd33bd5745758b8c7aa1d26fd18b7411ad778e03845fa762	NO_LETTER_RECONSTRUCTION_MARKED	9	8	0	0	8	0	0	0	0	0	0	0	0
L1601936-R001	biblical_book	Dan	8	3		4Q112	1606779	f14	14	1601936				books/DSS-Daniel.txt	731732	3963	2059407-2059422	16	1	592585c06071f0d3274586303b571513dfd4a6cffb67c0a55a1cb359b7ad9100	linguistics/books/DSS-Daniel-Linguistics.txt	945757	6806	c9399b938f04b36720eeecbcb6058e0b8b4d673b6e93a0d19990f4a11d7be7be	PARTLY_RECONSTRUCTED	44	43	17	1	25	17	1	0	0	0	0	0	0
L1601937-R001	biblical_book	Dan	8	3		4Q112	1606779	f14	15	1601937				books/DSS-Daniel.txt	735695	4126	2059423-2059440	18	1	6f052d5411f399b4016651d32c590c075c760ad101d8dee83f3131fddaac369b	linguistics/books/DSS-Daniel-Linguistics.txt	952563	7541	1feca157ef5dcd451242a8ea6b528f652b2779c4dc498917e63b8b7b204a3d46	PARTLY_RECONSTRUCTED	46	44	16	0	27	16	0	0	1	0	1	0	0
L1601938-R001	biblical_book	Dan	8	4		4Q112	1606779	f14	16	1601938				books/DSS-Daniel.txt	739821	4241	2059441-2059456	16	1	7be8a5380e1e645665c5063e510e37b3e7ac1e5dff47bb37ecff8825e77230a9	linguistics/books/DSS-Daniel-Linguistics.txt	960104	6802	18f9d6541098b874bc1f55a11ec0cbefb3f016705d5d1a5abaed292679569329	PARTLY_RECONSTRUCTED	48	44	16	0	28	16	0	0	0	0	0	0	0
L1601939-R001	biblical_book	Dan	8	4		4Q112	1606779	f14	17	1601939				books/DSS-Daniel.txt	744062	3781	2059457-2059471	15	0	7b2f0eb39acaa0b7594b90a16b0fdf98f5d433e9eca7595a5706f969ef00429f	linguistics/books/DSS-Daniel-Linguistics.txt	966906	6306	807253c425426c273d0e47152f1c70aba3253925329444c486bf9d7287c7c89d	PARTLY_RECONSTRUCTED	43	38	21	1	16	23	1	0	1	0	0	0	0
L1601939-R002	biblical_book	Dan	8	5		4Q112	1606779	f14	17	1601939				books/DSS-Daniel.txt	747843	1855	2059472-2059474	3	1	193a58a9f49a727275eea704f9481831dda4b92246879829134f0cf7828f2617	linguistics/books/DSS-Daniel-Linguistics.txt	973212	1582	4fffa0308d868f0edbe9188bca61e49df262a901bdda40efd58e0e14890683ee	NO_LETTER_RECONSTRUCTION_MARKED	9	9	0	0	9	0	0	0	0	0	0	0	0
L1601940-R001	biblical_book	Dan	8	5		4Q112	1606779	f14	18	1601940				books/DSS-Daniel.txt	749698	4536	2059475-2059495	21	1	c9ea43b81f34178e358069d71a8494c0b4a19672bcc4c84f1f3966c4e2534427	linguistics/books/DSS-Daniel-Linguistics.txt	974794	8654	3d8d919966713496824fbc1f0a18912d01df7229278dcb4f81f4f566753a617e	PARTLY_RECONSTRUCTED	50	48	17	2	29	17	2	0	1	0	0	0	0
L1601941-R001	biblical_book	Dan	10	16		4Q112	1606779	f15	15	1601941				books/DSS-Daniel.txt	754234	4077	2059496-2059509	14	0	ae54dcdb0b0d926996043f4b76b6d75151e2a280c1d4f449c0899da91691915b	linguistics/books/DSS-Daniel-Linguistics.txt	983448	5986	4c3a41c1c5fe2dba03672992cd1592b37840135971ba226f9dd8239b443aae6f	PARTLY_RECONSTRUCTED	44	34	27	2	5	36	3	1	3	0	0	0	0
L1601941-R002	biblical_book	Dan	10	17		4Q112	1606779	f15	15	1601941				books/DSS-Daniel.txt	758311	2033	2059510-2059513	4	1	3c68c460f44ea2cbfe202fc34687d66f0c03d704c6e047e0ad5f4d8412d0a9e8	linguistics/books/DSS-Daniel-Linguistics.txt	989434	1991	09a147d505d3a648069cc7d4ef74c7cadb30132bcb5d60bb044b134123434132	ALL_LETTER_SLOTS_RECONSTRUCTED	11	11	11	0	0	11	0	0	0	0	0	0	0
L1601942-R001	biblical_book	Dan	10	17		4Q112	1606779	f15	16	1601942				books/DSS-Daniel.txt	760344	5249	2059514-2059534	21	1	845152487fbbe6dfdd3376f3fa65475877147defda352b9c211d6f5e82b1cb8d	linguistics/books/DSS-Daniel-Linguistics.txt	991425	8759	aa12a20b746622149ca9deb65449b84e0700fb3c579faa94af80f6563d0a49ca	PARTLY_RECONSTRUCTED	56	50	33	2	15	37	2	0	1	0	0	0	0
L1601943-R001	biblical_book	Dan	10	18		4Q112	1606779	f15	17	1601943				books/DSS-Daniel.txt	765593	3147	2059535-2059545	11	0	4eaaa0c340ba37c1195e23e4431078a1f1c1505f3dc73d48c16f9aa47c42b80b	linguistics/books/DSS-Daniel-Linguistics.txt	1000184	4713	a0b90d5c7ef78ba3413c63c948346bcf19a9e499767d1e0c5de8f6478e640b08	PARTLY_RECONSTRUCTED	29	25	20	2	3	21	2	0	1	0	0	0	0
L1601943-R002	biblical_book	Dan	10	19		4Q112	1606779	f15	17	1601943				books/DSS-Daniel.txt	768740	3221	2059546-2059554	9	1	876a725a60d7f8dd8f8a25c3f69c1cddba97ab102a6fad9c728f4cdcb3f3a334	linguistics/books/DSS-Daniel-Linguistics.txt	1004897	4035	047bcee94bfc904dfa07936037859f036fba0e06bb4f5fd05c7ba729ccf267be	PARTLY_RECONSTRUCTED	27	26	1	5	20	1	5	0	0	0	0	0	0
L1601944-R001	biblical_book	Dan	10	19		4Q112	1606779	f15	18	1601944				books/DSS-Daniel.txt	771961	3870	2059555-2059569	15	0	bdd3cf907768ba60e1e3d835aebcf880fc7fca9ad4e097b29c4e03f0f6964a90	linguistics/books/DSS-Daniel-Linguistics.txt	1008932	6369	8c0e0d78c76898cd236b9a8e7f6913f7ee1e320b768d264686f97c724abdf32b	PARTLY_RECONSTRUCTED	48	42	23	1	18	25	1	0	1	0	0	0	0
L1601944-R002	biblical_book	Dan	10	20		4Q112	1606779	f15	18	1601944				books/DSS-Daniel.txt	775831	2142	2059570-2059574	5	1	6c8cd3a9098bba62d89581412182815475373502b7fd841ca3d7538c7146868c	linguistics/books/DSS-Daniel-Linguistics.txt	1015301	2280	b839b8bbfaf524cba75afc7865a19728439693b3152bfb81ee3be61114bbb9d3	NO_LETTER_RECONSTRUCTION_MARKED	12	10	0	0	10	0	0	0	1	0	0	0	0
L1601945-R001	biblical_book	Dan	11	13		4Q112	1606779	f16	15	1601945				books/DSS-Daniel.txt	777973	4853	2059575-2059595	21	1	a030b10499112efff600113e08c84399ceaffdc643113d72b7c0a6a14fd3f4fb	linguistics/books/DSS-Daniel-Linguistics.txt	1017581	8697	79845db53d57e5d6aaf60c5a9e77f265c2746d346478c4ea1e43e7e8ddf5e877	PARTLY_RECONSTRUCTED	53	51	45	4	2	47	4	1	1	0	0	0	0
L1601946-R001	biblical_book	Dan	11	13		4Q112	1606779	f16	16	1601946				books/DSS-Daniel.txt	782826	2287	2059596-2059603	8	0	bc6f1351cd24bb30d87f5a076cf7216af5a62c2b70d8b6e670ac0cf694b9c834	linguistics/books/DSS-Daniel-Linguistics.txt	1026278	3539	455801e4237e324d476fbe4b086bfb425bc0c4cba50ca8bee5e598277fa956ba	ALL_LETTER_SLOTS_RECONSTRUCTED	18	16	16	0	0	18	0	0	1	0	0	0	0
L1601946-R002	biblical_book	Dan	11	14		4Q112	1606779	f16	16	1601946				books/DSS-Daniel.txt	785113	3892	2059604-2059618	15	1	3c4c2abf8bd7b09fe36586285ad4db0fe1e9921f17e49237b28b865d15078cdc	linguistics/books/DSS-Daniel-Linguistics.txt	1029817	6349	628eda891b7cb68a8256e4c9ef23ac818bbce8c5e732d4d7184a69489fd03a69	PARTLY_RECONSTRUCTED	40	39	25	3	11	26	3	0	0	0	0	0	0
L1601947-R001	biblical_book	Dan	11	14		4Q112	1606779	f16	17	1601947				books/DSS-Daniel.txt	789005	2222	2059619-2059625	7	0	6ec8c58ab38a5f9783218aa7b32265b866506962c8e76edb0053e85629df29d9	linguistics/books/DSS-Daniel-Linguistics.txt	1036166	3163	9e9e6c8238dd7624c756b45f3e12f495b9230ce64f9e2c0fbc4e4adcad99fa01	ALL_LETTER_SLOTS_RECONSTRUCTED	23	21	21	0	0	23	0	0	1	0	0	0	0
L1601947-R002	biblical_book	Dan	11	15		4Q112	1606779	f16	17	1601947				books/DSS-Daniel.txt	791227	3488	2059626-2059637	12	1	680e1414de7a80cddda27c900a232b2375bbcb5fbc84b4db4f08404eee7eb4e7	linguistics/books/DSS-Daniel-Linguistics.txt	1039329	5262	78e6580ac6eac90b7ec825288213d984e255602160db92a0d05c23dbaa1647f2	PARTLY_RECONSTRUCTED	34	34	18	3	13	18	3	0	0	0	0	0	0
L1601948-R001	biblical_book	Dan	11	15		4Q112	1606779	f16	18	1601948				books/DSS-Daniel.txt	794715	3537	2059638-2059652	15	0	f91d4c358c992089cfabe67582eb44672507b44ce8d9a4ec40e5265902212f4d	linguistics/books/DSS-Daniel-Linguistics.txt	1044591	6339	ecf6e537daa97241d8164d410378026f09303b800f275da46d6be44b783713d6	PARTLY_RECONSTRUCTED	39	36	20	2	14	20	2	0	1	0	0	0	0
L1601948-R002	biblical_book	Dan	11	16		4Q112	1606779	f16	18	1601948				books/DSS-Daniel.txt	798252	3098	2059653-2059661	9	1	b2fda4ee908e1746597e6dfeb8dca1d4f429c9e46718275208146609cb85f66b	linguistics/books/DSS-Daniel-Linguistics.txt	1050930	3862	b4300bae39668d33b2d820427a142064084c915614f8835f84db72b91bb7fa61	PARTLY_RECONSTRUCTED	23	17	15	1	1	19	1	1	2	0	0	0	0
L1601951-R001	biblical_book	Dan	5	10		4Q113	1606780	f1_4	1	1601951		a		books/DSS-Daniel.txt	801401	4078	2059671-2059682	12	1	1223cb209a1fa3e90aeed82c835577634039ec94fd8fdeea411c68daa36c7ef3	linguistics/books/DSS-Daniel-Linguistics.txt	1054843	5234	d73eaf44a25bb59d7be1325e4fc0e07083aae57eff6c4d35c86fa2449882a8ca	PARTLY_RECONSTRUCTED	41	38	23	1	14	26	1	0	0	0	0	0	0
L1601952-R001	biblical_book	Dan	5	10		4Q113	1606780	f1_4	2	1601952		a		books/DSS-Daniel.txt	805479	1548	2059683-2059684	2	0	ef41c496c43501c9d73d7f90496d4b09083f021bea6021867854e26f979bd2b5	linguistics/books/DSS-Daniel-Linguistics.txt	1060077	1208	e46bbfd44da3c0b5d50e384b6ee00e1a83b18b249c531a7bb3ec641ae46ffe22	PARTLY_RECONSTRUCTED	7	7	5	2	0	5	2	0	0	0	0	0	0
L1601952-R002	biblical_book	Dan	5	10		4Q113	1606780	f1_4	2	1601952				books/DSS-Daniel.txt	807027	1232	2059685	1	0	1c964a9d7dbff5d631aec6535a49e6ea3da9b09edc4c3e05227d02ecb34bf86c	linguistics/books/DSS-Daniel-Linguistics.txt	1061285	724	080565bb4c3ba9b3f7dc9f97042e38398ac9590f959abe7081c5c3fc51eaaa20	NO_LETTER_SLOTS	2	0	0	0	0	0	0	0	1	0	0	0	0
L1601952-R003	biblical_book	Dan	5	11		4Q113	1606780	f1_4	2	1601952		a		books/DSS-Daniel.txt	808259	3550	2059686-2059694	9	1	0fd2889a40c68ba76b4b9ea97ce32c4d7932d96eef5322f6f8ffd4171e5cd39b	linguistics/books/DSS-Daniel-Linguistics.txt	1062009	4214	57eb0fdfa386ac287c139267c5ec47514bb991b0aa59279a69a6ca4cde134d12	PARTLY_RECONSTRUCTED	35	33	25	1	7	27	1	0	0	0	0	0	0
L1601953-R001	biblical_book	Dan	5	11		4Q113	1606780	f1_4	3	1601953		a		books/DSS-Daniel.txt	811809	3815	2059695-2059706	12	1	dca8642a011832f9ef0bf52ed9c2f8161596adf055e6146d48543e21fb77652b	linguistics/books/DSS-Daniel-Linguistics.txt	1066223	5366	0bf9fd9661368e26f984817afa445a42ca4e6fc7a409b5a99c03c2daf5014f0a	PARTLY_RECONSTRUCTED	39	38	30	1	7	30	1	0	0	0	0	0	0
L1601954-R001	biblical_book	Dan	5	11		4Q113	1606780	f1_4	4	1601954		a		books/DSS-Daniel.txt	815624	3527	2059707-2059715	9	1	412e08c350a4d7f4af0529250bfcdde2d9b7bceef1878046ec6373d514f47a57	linguistics/books/DSS-Daniel-Linguistics.txt	1071589	4184	a641725e534e0764f72d62f164cf5364d282fc201c1d50110df577c50bb13e48	PARTLY_RECONSTRUCTED	34	32	31	1	0	33	1	0	0	0	0	0	0
L1601955-R001	biblical_book	Dan	5	11		4Q113	1606780	f1_4	5	1601955		a		books/DSS-Daniel.txt	819151	2738	2059716-2059722	7	0	26a72daf61528b0cedbcf795926183ca40d7dc5301aaaabb66643d7263a1c447	linguistics/books/DSS-Daniel-Linguistics.txt	1075773	3312	549d77996abb3b7e79406d0eac980bd28ef599b202a1df6ac1cce47fd8c14f69	ALL_LETTER_SLOTS_RECONSTRUCTED	31	29	29	0	0	31	0	0	0	0	0	0	0
L1601955-R002	biblical_book	Dan	5	11		4Q113	1606780	f1_4	5	1601955				books/DSS-Daniel.txt	821889	1248	2059723	1	0	50c7a75b1893d39313bac760c39b4a051e052cd35b44648639691fd0bfcfd464	linguistics/books/DSS-Daniel-Linguistics.txt	1079085	724	6109b725b722afd94f206150fa38c3ae57032ac748182cdd89b58739702aea52	NO_LETTER_SLOTS	2	0	0	0	0	2	0	0	1	0	0	0	0
L1601955-R003	biblical_book	Dan	5	12		4Q113	1606780	f1_4	5	1601955		a		books/DSS-Daniel.txt	823137	1965	2059724-2059726	3	1	04de97eccc3049d8b48f304546e575c8968418ad6d28a1e6e771e45bde6a64a2	linguistics/books/DSS-Daniel-Linguistics.txt	1079809	1626	4edefea13525b9e9bb12453fdf2b1f82d2ee673f333e26ff842eec1a706de5df	ALL_LETTER_SLOTS_RECONSTRUCTED	10	10	10	0	0	10	0	0	0	0	0	0	0
L1601956-R001	biblical_book	Dan	5	12		4Q113	1606780	f1_4	6	1601956		a		books/DSS-Daniel.txt	825102	3226	2059727-2059736	10	1	f495b724a9f864d8f8d9824015560ef6800f43a5523506c86bd753ab77517db6	linguistics/books/DSS-Daniel-Linguistics.txt	1081435	4677	5e5e83b0c76180431cb96808f7ec94718c746230654bc704493264385c610f68	ALL_LETTER_SLOTS_RECONSTRUCTED	37	37	37	0	0	37	0	0	0	0	0	0	0
L1601957-R001	biblical_book	Dan	5	12		4Q113	1606780	f1_4	7	1601957		a		books/DSS-Daniel.txt	828328	3995	2059737-2059748	12	1	a89ce4b62074889897c7667dccb93a48e373a5524ad262ccf8f3e1851e83a6d9	linguistics/books/DSS-Daniel-Linguistics.txt	1086112	5260	0b4d5b7dcb701c10a7e9742d5b2ca0c54f79d6eaac6af5bd435ebccff75ce6c3	PARTLY_RECONSTRUCTED	37	35	30	2	3	32	2	0	0	0	0	0	0
L1601958-R001	biblical_book	Dan	5	12		4Q113	1606780	f1_4	8	1601958		a		books/DSS-Daniel.txt	832323	2732	2059749-2059756	8	0	be90faa49d0fa8d6422fe5b3e313a9cd6e788c301248c77a6f2b1452a30e3cb8	linguistics/books/DSS-Daniel-Linguistics.txt	1091372	3804	8237d8d5ca8d812fe501e7a4da727a38905febcbbf88d8191464ab1127f559d7	PARTLY_RECONSTRUCTED	29	29	25	1	3	25	1	0	0	0	0	0	0
L1601958-R002	biblical_book	Dan	5	12		4Q113	1606780	f1_4	8	1601958				books/DSS-Daniel.txt	835055	1248	2059757	1	0	f4d56e6c33c61d195f28f4a43d3c6e44bcd79f68709f7bff1c966db0a4e8df73	linguistics/books/DSS-Daniel-Linguistics.txt	1095176	724	ac19447a0c5baf02148a2ebc88c2c772e9cb4a059e314af7571e63c215c0e5c2	NO_LETTER_SLOTS	2	0	0	0	0	2	0	0	1	0	0	0	0
L1601958-R003	biblical_book	Dan	5	13		4Q113	1606780	f1_4	8	1601958		a		books/DSS-Daniel.txt	836303	1619	2059758	1	1	dc57accfc5433e0e9c1d9b8e4c1e6a6bffaf86a7e637c831d112791ebc5ae1ef	linguistics/books/DSS-Daniel-Linguistics.txt	1095900	739	0f0198d592b41c4fa3ee5a0d8619c8b5342b89d73c29fa64d7a2e292087aff20	NO_LETTER_SLOTS	2	0	0	0	0	2	0	1	1	0	0	0	0
L1601959-R001	biblical_book	Dan	5	13		4Q113	1606780	f1_4	9	1601959		a		books/DSS-Daniel.txt	837922	1619	2059759	1	1	4d6ddda7c97208474b93e439ec469ad219b3044e69d89dce7aa8650bc619f504	linguistics/books/DSS-Daniel-Linguistics.txt	1096639	739	4779eef4e0fd80f63b9e0c25b94fac7af1aa8c8c588dee588041472b27c17e05	NO_LETTER_SLOTS	2	0	0	0	0	2	0	1	1	0	0	0	0
L1601960-R001	biblical_book	Dan	5	13		4Q113	1606780	f1_4	10	1601960		a		books/DSS-Daniel.txt	839541	1292	2059760	1	0	4de895006394b001cab8cb6be29b72bb486af163c363f548bd466fa30e4e872f	linguistics/books/DSS-Daniel-Linguistics.txt	1097378	741	82cddf26b2145515588241fb6ce089d1c2a50fa8b62890edf82de12cb65d9e57	NO_LETTER_SLOTS	2	0	0	0	0	2	0	1	1	0	0	0	0
L1601960-R002	biblical_book	Dan	5	13		4Q113	1606780	f1_4	10	1601960				books/DSS-Daniel.txt	840833	1250	2059761	1	0	8d8a8002fc0e3ad21b51ff50eabb89f05605e851e3f7f161482d326e727ac837	linguistics/books/DSS-Daniel-Linguistics.txt	1098119	726	a669ea7dfd1cff7eff2003e4f8f66ff5f468e32f54e4a8ddb1f569373e8f2c81	NO_LETTER_SLOTS	2	0	0	0	0	2	0	0	1	0	0	0	0
L1601960-R003	biblical_book	Dan	5	14		4Q113	1606780	f1_4	10	1601960		a		books/DSS-Daniel.txt	842083	2117	2059762-2059764	3	1	23cd6b896268cc892642e6875e184d5fd1fc8c3a08314c133e85be93e9c3f01b	linguistics/books/DSS-Daniel-Linguistics.txt	1098845	1576	2753b01e4441465bd676cb18bb2f2607c24f89ab9a9d3856a05827a6106cdf34	ALL_LETTER_SLOTS_RECONSTRUCTED	10	9	9	0	0	10	0	0	0	0	0	0	0
L1601961-R001	biblical_book	Dan	5	14		4Q113	1606780	f1_4	11	1601961		a		books/DSS-Daniel.txt	844200	3868	2059765-2059776	12	1	fde64ad2ecdf37ef466da5ef833645d811f47dc4e0ad07425f96dc8ae873d28b	linguistics/books/DSS-Daniel-Linguistics.txt	1100421	5428	da0d53b0f2e1e056d4db3eb783684f819a6c22fdcc913f1b29e6fc2ee0dec869	PARTLY_RECONSTRUCTED	42	41	38	1	2	39	1	0	0	0	0	0	0
L1601962-R001	biblical_book	Dan	5	14		4Q113	1606780	f1_4	12	1601962		a		books/DSS-Daniel.txt	848068	1419	2059777	1	0	74d67f367aa37126aa4d5d8ab091c73f6261cc448c3199bab67f78f4b89f48d0	linguistics/books/DSS-Daniel-Linguistics.txt	1105849	776	668710bcd862ea343909c7819a65f09a65349fd252634de6460c3067bd75a696	ALL_LETTER_SLOTS_RECONSTRUCTED	3	2	2	0	0	3	0	0	0	0	0	0	0
L1601962-R002	biblical_book	Dan	5	14		4Q113	1606780	f1_4	12	1601962				books/DSS-Daniel.txt	849487	1250	2059778	1	0	69bbc45af4e6beed2298e477d592b52958c2021529355aa725d4e4808a844b46	linguistics/books/DSS-Daniel-Linguistics.txt	1106625	726	94f8720053bff2f6a5f7fd6f4aed18674435d690851f2f5b5f1a285334968969	NO_LETTER_SLOTS	2	0	0	0	0	2	0	0	1	0	0	0	0
L1601962-R003	biblical_book	Dan	5	15		4Q113	1606780	f1_4	12	1601962		a		books/DSS-Daniel.txt	850737	3689	2059779-2059790	12	1	48b6e543b218f06138f40bcdb5825d7fb468307d5f256272e2b406e5d3ff2d54	linguistics/books/DSS-Daniel-Linguistics.txt	1107351	5220	b15243b12ae7a5213fd43fb4eb0b85dada45a1ee301df9f2c2a96aa3f1e05040	PARTLY_RECONSTRUCTED	33	32	29	1	2	29	1	0	0	0	0	0	0
L1601963-R001	biblical_book	Dan	5	15		4Q113	1606780	f1_4	13	1601963		a		books/DSS-Daniel.txt	854426	3674	2059791-2059801	11	1	3498bc90814aad7c18f13d315ce76af8aa09471fca0d9600c07acabc80202beb	linguistics/books/DSS-Daniel-Linguistics.txt	1112571	4791	781281a3238aee893aa2cd75f57efa9baa877f980a46f937045f0076bfa8002c	ALL_LETTER_SLOTS_RECONSTRUCTED	35	33	33	0	0	35	0	0	0	0	0	0	0
L1601964-R001	biblical_book	Dan	5	15		4Q113	1606780	f1_4	14	1601964		a		books/DSS-Daniel.txt	858100	1439	2059802-2059803	2	0	976f78cf791976f036f233a5c7e04286b2b123b545c6af484291558badc92dce	linguistics/books/DSS-Daniel-Linguistics.txt	1117362	1172	8a0e0f36b17b747a3a4d444c353f98399af202ba10c25ae28fe817373452508e	ALL_LETTER_SLOTS_RECONSTRUCTED	6	6	6	0	0	6	0	0	0	0	0	0	0
L1601964-R002	biblical_book	Dan	5	15		4Q113	1606780	f1_4	14	1601964				books/DSS-Daniel.txt	859539	1250	2059804	1	0	f8c28dab428a3e519e623919f9508a3e31723f1d884fad9e6674aaa56637d96d	linguistics/books/DSS-Daniel-Linguistics.txt	1118534	726	86081beb1f8544578ce63a44980122afb9fda80ad3dfa29ba6ed1a40e4931b7f	NO_LETTER_SLOTS	2	0	0	0	0	2	0	0	1	0	0	0	0
L1601964-R003	biblical_book	Dan	5	16		4Q113	1606780	f1_4	14	1601964		a		books/DSS-Daniel.txt	860789	3659	2059805-2059815	11	1	6bf39b33bcdb8c3b5360192d8ba855e3de394cddea42fd785ae02db48f7d1d6e	linguistics/books/DSS-Daniel-Linguistics.txt	1119260	4834	bb16ab2762d514537fb635567ded7bd7e57b9ddd32eb26f03a8da19d0f109eeb	PARTLY_RECONSTRUCTED	36	35	28	1	6	28	1	0	0	0	0	0	0
L1601965-R001	biblical_book	Dan	5	16		4Q113	1606780	f1_4	15	1601965		a		books/DSS-Daniel.txt	864448	4541	2059816-2059830	15	1	0f66845891bfdb228bbf7362856a6cbf6c5f1484ca034c02a3ecc6c9cf23d439	linguistics/books/DSS-Daniel-Linguistics.txt	1124094	6428	7ef21ac8c5212da0acd742a106cc38566174002fa72fab52dafc76f696b90405	PARTLY_RECONSTRUCTED	44	42	31	2	9	33	2	0	0	0	0	0	0
L1601966-R001	biblical_book	Dan	5	16		4Q113	1606780	f1_4	16	1601966		a		books/DSS-Daniel.txt	868989	2470	2059831-2059837	7	0	6af4c06d5883f32ba61dcf760775d0956f82334529ead9a3e26c54a8da7bfadd	linguistics/books/DSS-Daniel-Linguistics.txt	1130522	3115	49b359c31ac40408c5cef7a9f8a3f89bd485c8046f1a4e4ea24e768d19f56652	ALL_LETTER_SLOTS_RECONSTRUCTED	19	11	11	0	0	16	3	2	3	0	0	0	0
L1601966-R002	biblical_book	Dan	5	16		4Q113	1606780	f1_4	16	1601966				books/DSS-Daniel.txt	871459	1564	2059838	1	1	416076d373f76815bfc2cd1947b61f455112b517d00d4731b165af44b798a7ac	linguistics/books/DSS-Daniel-Linguistics.txt	1133637	726	7187c5c9303d039de59eede3aab797df02f90f71a857fb916e58e4d1077c2193	NO_LETTER_SLOTS	2	0	0	0	0	0	0	0	1	0	0	0	0
L1601967-R001	biblical_book	Dan	5	19		4Q113	1606780	f5_6	1	1601967		a		books/DSS-Daniel.txt	873023	4729	2059839-2059854	16	1	919bc7a8573cc95c1af7e1337fb357aaaa795b0c9a77c3f3885d4da2aa1e76fb	linguistics/books/DSS-Daniel-Linguistics.txt	1134363	6788	4f60049ab1983ddc811ca6091b0ce34eb33990a8901ce43a561da4a32ae6ff07	PARTLY_RECONSTRUCTED	49	48	41	5	2	42	5	0	0	0	0	0	0
L1601968-R001	biblical_book	Dan	5	19		4Q113	1606780	f5_6	2	1601968		a		books/DSS-Daniel.txt	877752	2012	2059855-2059859	5	0	c6f23b8b9c23a2bca08621b11219d0a5ef7d7a0508650b2e790832387f8b3294	linguistics/books/DSS-Daniel-Linguistics.txt	1141151	2347	533b2ba96e5877f20f95a4e5ad5c9dfc565e42519cea210904d913a609d21d55	PARTLY_RECONSTRUCTED	12	12	11	1	0	11	1	0	0	0	0	0	0
L1601968-R002	biblical_book	Dan	5	19		4Q113	1606780	f5_6	2	1601968				books/DSS-Daniel.txt	879764	1221	2059860	1	0	6b2e2ac3d407119837f01511b4e8ab78b3f4241418eccb6281814b76418016b2	linguistics/books/DSS-Daniel-Linguistics.txt	1143498	752	ba7372804803dec7bc0dc8ef8e9d7485ccf31f4e1e4027560bab2ca3baed0331	NO_LETTER_SLOTS	5	0	0	0	0	0	0	0	0	0	0	0	0
L1601968-R003	biblical_book	Dan	5	19		4Q113	1606780	f5_6	2	1601968		a		books/DSS-Daniel.txt	880985	2387	2059861-2059867	7	0	3b8a0a86a9e057b9a39a96c5a11518545b7fe49b3305bfda39992029e9a014ac	linguistics/books/DSS-Daniel-Linguistics.txt	1144250	3170	7174ca2c1d7d37af22085879d1d6d11db67835114a72c4fbf5cf879f7b53707b	PARTLY_RECONSTRUCTED	22	22	19	0	3	19	0	0	0	0	0	0	0
L1601968-R004	biblical_book	Dan	5	19		4Q113	1606780	f5_6	2	1601968				books/DSS-Daniel.txt	883372	1248	2059868	1	0	313ecdc8d89fdf587bdf13139d63c06a2915471e6e4db160f1e919e25d855b2d	linguistics/books/DSS-Daniel-Linguistics.txt	1147420	724	49a44698dc011f50822f5c8dc1738113bf473174eb959ad80ddf768a1afdca35	NO_LETTER_SLOTS	2	0	0	0	0	2	0	0	1	0	0	0	0
L1601968-R005	biblical_book	Dan	5	20		4Q113	1606780	f5_6	2	1601968		a		books/DSS-Daniel.txt	884620	1881	2059869-2059871	3	1	19a9780d5e16daef2498b19f6f6100ffb75bdcf5c6b9ce7e1662d5b972b076c2	linguistics/books/DSS-Daniel-Linguistics.txt	1148144	1521	2853230bc0407afd800c8f140776463f4d3055a81514e59ac4d7cfa7364d4765	ALL_LETTER_SLOTS_RECONSTRUCTED	4	4	4	0	0	4	0	0	0	0	0	0	0
L1601969-R001	biblical_book	Dan	5	20		4Q113	1606780	f5_6	3	1601969		a		books/DSS-Daniel.txt	886501	4469	2059872-2059884	13	1	fd25af104740d4523687cda46e0766e17f7cab6d1b88cb64015c3cfe815bd0a4	linguistics/books/DSS-Daniel-Linguistics.txt	1149665	5723	a818059ef6fd38a21ed6b780d58ba06876775e53732a9940926ce1d902f6bd8e	PARTLY_RECONSTRUCTED	45	41	37	3	1	41	3	0	0	0	0	0	0
L1601970-R001	biblical_book	Dan	5	20		4Q113	1606780	f5_6	4	1601970		a		books/DSS-Daniel.txt	890970	1638	2059885-2059886	2	0	50f832895ab251a09437f01adbd7732cc6963e9514851c07db90111c7153274a	linguistics/books/DSS-Daniel-Linguistics.txt	1155388	1198	4ef5c21239ffab43cfb75e53987153e9beb42b1782148765597d6a7a49691002	ALL_LETTER_SLOTS_RECONSTRUCTED	9	8	8	0	0	9	0	0	0	0	0	0	0
L1601970-R002	biblical_book	Dan	5	20		4Q113	1606780	f5_6	4	1601970				books/DSS-Daniel.txt	892608	1248	2059887	1	0	544bb5a9b40a09d12f175b4ecc3932d1993f577153a7830b5f0bc307f42bba4e	linguistics/books/DSS-Daniel-Linguistics.txt	1156586	724	4d817fb9ec4a177ebfa5ebfdbdebfd58d70c690890a7f4f978d76eecc02fb197	NO_LETTER_SLOTS	2	0	0	0	0	2	0	0	1	0	0	0	0
L1601970-R003	biblical_book	Dan	5	21		4Q113	1606780	f5_6	4	1601970		a		books/DSS-Daniel.txt	893856	3592	2059888-2059899	12	1	b297976eefbfa05fc2a3026d4c2e26241102e018edd31790441dbfa8256c42dc	linguistics/books/DSS-Daniel-Linguistics.txt	1157310	5090	525722993f2c4ffacba152b4389c0ee351dc24f72731d905befb73edbcdf826e	ALL_LETTER_SLOTS_RECONSTRUCTED	30	29	29	0	0	30	0	0	0	0	0	0	0
L1601971-R001	biblical_book	Dan	5	21		4Q113	1606780	f5_6	5	1601971		a		books/DSS-Daniel.txt	897448	4814	2059900-2059916	17	1	10b5213379a662866cac0ed875f607dd531dcb33553f69197b532d660050c87f	linguistics/books/DSS-Daniel-Linguistics.txt	1162400	7170	0060ca61f313b3e9bc146aa78d88f2d3726f20d55cb5768fdfe9a4a718afc899	ALL_LETTER_SLOTS_RECONSTRUCTED	50	47	47	0	0	50	0	0	0	0	0	0	0
L1601972-R001	biblical_book	Dan	5	21		4Q113	1606780	f5_6	6	1601972		a		books/DSS-Daniel.txt	902262	4550	2059917-2059935	19	1	aee98ca607fde926f9dc5120864676e58eb8bc14b6dfab639e7ef1b454060606	linguistics/books/DSS-Daniel-Linguistics.txt	1169570	7904	72544a9cd0456edf07c4a44f476fc9d4cc3b738f245bffc38d920030c7b565d5	PARTLY_RECONSTRUCTED	46	46	32	0	14	32	0	0	0	0	0	0	0
L1601973-R001	biblical_book	Dan	5	21		4Q113	1606780	f5_6	7	1601973		a		books/DSS-Daniel.txt	906812	1445	2059936	1	0	a7572d9826844e5c1e30b7d9ca39c3069959cd296a8708bc111ac6e14ef02a87	linguistics/books/DSS-Daniel-Linguistics.txt	1177474	791	d3642dccb8a38c1e1bc4ec651d9c9931e9d6aaf6fd64483c0fa7b7d765477527	ALL_LETTER_SLOTS_RECONSTRUCTED	5	4	4	0	0	5	0	0	0	0	0	0	0
L1601973-R002	biblical_book	Dan	5	21		4Q113	1606780	f5_6	7	1601973				books/DSS-Daniel.txt	908257	1248	2059937	1	0	238738b9ccc0bc7b24d15a9cd44d97cd42078cf5f34c52d63edf19bf379ed305	linguistics/books/DSS-Daniel-Linguistics.txt	1178265	724	fdddf789f9c40a532c980d455eb754a57f7fab70e76818cf4d6aa8f2dcf8738a	NO_LETTER_SLOTS	2	0	0	0	0	2	0	0	1	0	0	0	0
L1601973-R003	biblical_book	Dan	5	22		4Q113	1606780	f5_6	7	1601973		a		books/DSS-Daniel.txt	909505	3450	2059938-2059947	10	0	9b76980295c3ef4a3838ac5a8830903ac996a7be12b041cd2614b0c0584fcf1f	linguistics/books/DSS-Daniel-Linguistics.txt	1178989	4601	f2c21d9750f43685979d8dd351bb057aaea0e4f70fff4c026701023143a76556	PARTLY_RECONSTRUCTED	36	34	32	1	1	34	1	0	0	0	0	0	0
L1601973-R004	biblical_book	Dan	5	22		4Q113	1606780	f5_6	7	1601973				books/DSS-Daniel.txt	912955	1561	2059948	1	1	3b03c46ff70e10f6979b1e60ed11c045f9e2cd82b9877471b79124c391eedbd3	linguistics/books/DSS-Daniel-Linguistics.txt	1183590	724	69f87585d9560059e6c316b583407bbecd636ee37ada3ab90022342d9d84641c	NO_LETTER_SLOTS	2	0	0	0	0	0	0	0	1	0	0	0	0
L1601974-R001	biblical_book	Dan	6	8		4Q113	1606780	f7i	12	1601974		a		books/DSS-Daniel.txt	914516	4385	2059949-2059964	16	1	d39323219816cef6436bf60ad33aa0a032be01fef77842c80ed17b081f788e64	linguistics/books/DSS-Daniel-Linguistics.txt	1184314	6671	94549dd151daa47de8471852e03693834a660102c229680f13e17cd13f7bac52	PARTLY_RECONSTRUCTED	37	37	32	4	1	32	4	0	0	0	0	0	0
L1601975-R001	biblical_book	Dan	6	8		4Q113	1606780	f7i	13	1601975		a		books/DSS-Daniel.txt	918901	3806	2059965-2059977	13	1	a0cd865b083826f7ff4888508f0c6270f967f979041bbc6a15db6f0f7689e4eb	linguistics/books/DSS-Daniel-Linguistics.txt	1190985	5645	f2242e8ac8df4497d9b461f2dc6ac940ea82a85d48af0966e67bdaec3c0fc2b8	PARTLY_RECONSTRUCTED	37	36	32	0	4	33	0	0	0	0	0	0	0
L1601976-R001	biblical_book	Dan	6	8		4Q113	1606780	f7i	14	1601976		a		books/DSS-Daniel.txt	922707	1944	2059978-2059982	5	0	558e49fc2bfe9e56b86240613f52f4b9bf0b48cf4f9e2dbd8df94462d5247e22	linguistics/books/DSS-Daniel-Linguistics.txt	1196630	2366	029bade3bbed496569a34621f4903ddbbd58f0ce97e5d290fb9efc941371eacd	ALL_LETTER_SLOTS_RECONSTRUCTED	14	14	14	0	0	14	0	0	0	0	0	0	0
L1601976-R002	biblical_book	Dan	6	8		4Q113	1606780	f7i	14	1601976				books/DSS-Daniel.txt	924651	1246	2059983	1	0	6f536f65f2f2da912e884fdc3b03c9103c52cc8da7ec314b69c18764650fbdf3	linguistics/books/DSS-Daniel-Linguistics.txt	1198996	721	ab06024add6a722a61ec6e2c97c5b12cceefbcd0fbf1ef711d53625b9a8e7bba	NO_LETTER_SLOTS	2	0	0	0	0	2	0	0	1	0	0	0	0
L1601976-R003	biblical_book	Dan	6	9		4Q113	1606780	f7i	14	1601976		a		books/DSS-Daniel.txt	925897	2917	2059984-2059991	8	1	8e2e0dda5fb3aab20a365ef30961e8954d740028addd0f4b37d8f102219a4aef	linguistics/books/DSS-Daniel-Linguistics.txt	1199717	3556	919b991eeb9a373214e5cdc2502377bdf6a5a9a69b0fb92196ace46d320c19f7	PARTLY_RECONSTRUCTED	21	21	15	0	5	15	0	0	0	0	1	0	0
L1601977-R001	biblical_book	Dan	6	9		4Q113	1606780	f7i	15	1601977		a		books/DSS-Daniel.txt	928814	3468	2059992-2060005	14	0	3bba9326781cfcfb952c76147fd7df8d5f438d30f5968824e3f0291ff2667189	linguistics/books/DSS-Daniel-Linguistics.txt	1203273	5888	0fdd642e75b8a8f17fd47e6ab2f1ab44d834fbbace10906b7bcdec6b382de676	PARTLY_RECONSTRUCTED	32	32	31	0	1	31	0	0	0	0	0	0	0
L1601977-R002	biblical_book	Dan	6	9		4Q113	1606780	f7i	15	1601977				books/DSS-Daniel.txt	932282	1230	2060006	1	0	87cd11a83c7d27e474bfa139918a1429c73f6bc71ce30348b5395e99a0b33f3a	linguistics/books/DSS-Daniel-Linguistics.txt	1209161	721	9906c7d8d4b552c3a8e5030fb23656fa2572c4a1091bcbb55f010f481123c8d7	NO_LETTER_SLOTS	2	0	0	0	0	0	0	0	1	0	0	0	0
L1601977-R003	biblical_book	Dan	6	10		4Q113	1606780	f7i	15	1601977		a		books/DSS-Daniel.txt	933512	1602	2060007	1	1	10f3e3dac70c30138bf7e6008bb620c73d2a6f399b0164b83e89d5ff19457e24	linguistics/books/DSS-Daniel-Linguistics.txt	1209882	813	4caea68ce3dea9cf0b1f3aeaaba35c79b70ddb2eb42edbe08200ab6eb865bc7a	NO_LETTER_RECONSTRUCTION_MARKED	5	5	0	0	5	0	0	0	0	0	0	0	0
L1601978-R001	biblical_book	Dan	6	10		4Q113	1606780	f7i	16	1601978		a		books/DSS-Daniel.txt	935114	2752	2060008-2060017	10	0	7524a7a0acd18c03c1d94caff94fd9c523522065d4bd2dd0e98f1daf8f781e3c	linguistics/books/DSS-Daniel-Linguistics.txt	1210695	4407	257bbb33f293f0e680753a3c431172362ddf2e36259343f8dc474e1f72204d6f	ALL_LETTER_SLOTS_RECONSTRUCTED	24	24	24	0	0	24	0	0	0	0	0	0	0
L1601978-R002	biblical_book	Dan	6	10		4Q113	1606780	f7i	16	1601978				books/DSS-Daniel.txt	937866	1248	2060018	1	0	1e139e718e1913f24df330ff312e69efe3884b3708b04a206a17e0732e05711a	linguistics/books/DSS-Daniel-Linguistics.txt	1215102	724	ac1e680cba557eb8ae8986154fbd47ca8c0663daaa881bf6081a0ebbbcef0c3a	NO_LETTER_SLOTS	2	0	0	0	0	2	0	0	1	0	0	0	0
L1601978-R003	biblical_book	Dan	6	11		4Q113	1606780	f7i	16	1601978		a		books/DSS-Daniel.txt	939114	2484	2060019-2060024	6	1	ae4adb38bb6733fffa2a3245bd2c60b8a403c821658af314cab5c093e35957e7	linguistics/books/DSS-Daniel-Linguistics.txt	1215826	2806	ed828c773c7f1527a2b4a94c8811b92042ddcc2e1f9bde94ac1e76cafa01df3f	PARTLY_RECONSTRUCTED	14	14	11	1	2	11	1	0	0	0	0	0	0
L1601979-R001	biblical_book	Dan	6	11		4Q113	1606780	f7i	17	1601979		a		books/DSS-Daniel.txt	941598	4133	2060025-2060037	13	1	9a88a3e349cb1029665a8e7500441eda4295481e12cac7634df2c6b69fe71811	linguistics/books/DSS-Daniel-Linguistics.txt	1218632	5565	9ed28b0fc2d83f0f704d3f4d8a059f2f5675ccd069769d0a99b22526d274b954	PARTLY_RECONSTRUCTED	38	33	28	1	4	30	1	0	0	0	0	0	3
L1601980-R001	biblical_book	Dan	6	11		4Q113	1606780	f7i	18	1601980		a		books/DSS-Daniel.txt	945731	3985	2060038-2060051	14	1	e0c96cc5259daba63ee0642c039b8b89bb5969d08bbe9022a6ba7d67b1ed1573	linguistics/books/DSS-Daniel-Linguistics.txt	1224197	6105	71d0fd971a91eb56ab8ad16bc97e997aa71282de8aff7f255ff8f05547682d79	PARTLY_RECONSTRUCTED	44	43	36	0	7	36	0	0	0	0	0	0	0
L1601981-R001	biblical_book	Dan	6	11		4Q113	1606780	f7i	19	1601981		a		books/DSS-Daniel.txt	949716	3249	2060052-2060062	11	0	395c61d9ee4344511e6a4f585d8d83bca66e0103f00d40059b07c5b42708e3d2	linguistics/books/DSS-Daniel-Linguistics.txt	1230302	4880	ba3f72c990fa65359c578cca5f7ccdaab911d42428ae1d22636b7ae551727d33	PARTLY_RECONSTRUCTED	35	34	30	0	4	31	0	0	0	0	0	0	0
L1601981-R002	biblical_book	Dan	6	11		4Q113	1606780	f7i	19	1601981				books/DSS-Daniel.txt	952965	1232	2060063	1	0	902e5730d30f4af40bb7fd11bb98a44db33cd0256a29b25d67b934df078f960d	linguistics/books/DSS-Daniel-Linguistics.txt	1235182	724	23542571b1fa002fb21f5fd75ed814d3c31295b531353924bed44ade619d8049	NO_LETTER_SLOTS	2	0	0	0	0	0	0	0	1	0	0	0	0
L1601981-R003	biblical_book	Dan	6	12		4Q113	1606780	f7i	19	1601981		a		books/DSS-Daniel.txt	954197	1661	2060064	1	1	ec28f1da77b04259aece7162583cdaf521b2431c312bb364cb9d1d41561567d1	linguistics/books/DSS-Daniel-Linguistics.txt	1235906	836	ddde57221d0b767030d9e74aec7c6bf06dace32d56a1fd5e9448946c12628bec	PARTLY_RECONSTRUCTED	4	4	3	0	1	3	0	0	0	0	0	0	0
L1601982-R001	biblical_book	Dan	6	12		4Q113	1606780	f7i	20	1601982		a		books/DSS-Daniel.txt	955858	3780	2060065-2060076	12	1	292e28e4e6d8d1dd82b8bc1b0a871c4ca3172bf1d48946944419ad34ef8cd22a	linguistics/books/DSS-Daniel-Linguistics.txt	1236742	5323	9f88b1f1ac5d2b12e1b5822ce59adae7de55544f9694e3d9214fb3465ff50f5f	PARTLY_RECONSTRUCTED	37	37	30	5	2	30	5	0	0	0	0	0	0
L1601983-R001	biblical_book	Dan	6	12		4Q113	1606780	f7i	21	1601983		a		books/DSS-Daniel.txt	959638	1445	2060077	1	0	ca96b29c13e1e565df3995969292833842d1b6f19e354d00b9db872bd0924319	linguistics/books/DSS-Daniel-Linguistics.txt	1242065	823	eadd1128a18a780e529b4f9297fe865f992a19ebd626883732e83644004b046e	ALL_LETTER_SLOTS_RECONSTRUCTED	5	4	4	0	0	5	0	0	0	0	0	0	0
L1601983-R002	biblical_book	Dan	6	12		4Q113	1606780	f7i	21	1601983				books/DSS-Daniel.txt	961083	1248	2060078	1	0	26e9e30891ac53475275a5b41450dd8db10650cf9863cf5065cfcecdfff5d4d2	linguistics/books/DSS-Daniel-Linguistics.txt	1242888	724	eff29863aa7f27c5175123f962db55f0573798b27e6fd9e3aa2831bf5e93f854	NO_LETTER_SLOTS	2	0	0	0	0	2	0	0	1	0	0	0	0
L1601983-R003	biblical_book	Dan	6	13		4Q113	1606780	f7i	21	1601983		a		books/DSS-Daniel.txt	962331	3676	2060079-2060091	13	1	0b4e492aadf07f2c8dc3cd25fbb1cefdc3481a07af53d548ab1d744a64c2cd3f	linguistics/books/DSS-Daniel-Linguistics.txt	1243612	5557	eb293986d00cc2e731dbb562e3e6140cc86c4fa259999949b7450f31cce7648c	PARTLY_RECONSTRUCTED	33	33	27	2	4	27	2	0	0	0	0	0	0
L1601984-R001	biblical_book	Dan	6	13		4Q113	1606780	f7i	22	1601984		a		books/DSS-Daniel.txt	966007	4073	2060092-2060106	15	1	9a8ced43504ecef358a7a34b901862b8df19889e7bb068b0c5d040ed10d58d6c	linguistics/books/DSS-Daniel-Linguistics.txt	1249169	6341	7a645e67d6bbddda8bf4f58d0085c77c8ce168467eb7437f07326011a7c4b77c	PARTLY_RECONSTRUCTED	37	37	28	0	9	28	0	0	0	0	0	0	0
L1601985-R001	biblical_book	Dan	6	13		4Q113	1606780	f7ii_8	1	1601985		a		books/DSS-Daniel.txt	970080	3528	2060107-2060117	11	1	0a1155a4be1874f5e8f60e243f2621e20030af8248e75913c3d17dc1401ce0e2	linguistics/books/DSS-Daniel-Linguistics.txt	1255510	4874	ce078c951c3c02d6c490370e20a3d667d5eda123dc9745e07911f8a9cee2574c	ALL_LETTER_SLOTS_RECONSTRUCTED	36	35	35	0	0	36	0	0	0	0	0	0	0
L1601986-R001	biblical_book	Dan	6	13		4Q113	1606780	f7ii_8	2	1601986		a		books/DSS-Daniel.txt	973608	3791	2060118-2060130	13	1	e0dedd5c06e51161f51fb4739d5be9609b61e847142de59c308bac77b6965f42	linguistics/books/DSS-Daniel-Linguistics.txt	1260384	5578	8ba6c89752982591509a971cfcf09bbddde93b284bc137b2085c1d8183eea0bd	PARTLY_RECONSTRUCTED	30	30	27	2	1	27	2	0	0	0	0	0	0
L1601987-R001	biblical_book	Dan	6	13		4Q113	1606780	f7ii_8	3	1601987		a		books/DSS-Daniel.txt	977399	1616	2060131-2060133	3	0	99a30ba390acf267e6a5fe2cb6c773237db6b5e0da79b318ee91480e15034bf0	linguistics/books/DSS-Daniel-Linguistics.txt	1265962	1567	d2b5f68d0283f3dfad0600e2e9a689dd99d1311f4360ebf44e948713e8699b6c	ALL_LETTER_SLOTS_RECONSTRUCTED	8	8	8	0	0	8	0	0	0	0	0	0	0
L1601987-R002	biblical_book	Dan	6	13		4Q113	1606780	f7ii_8	3	1601987				books/DSS-Daniel.txt	979015	1252	2060134	1	0	dca1c262f8bd36fcc2fd6e26bc2de3396ea8d8685bf3b2fad291768745069c6b	linguistics/books/DSS-Daniel-Linguistics.txt	1267529	728	ce05465cdfc5a02ae432d4279d3a1b72c9cdd76cf1d598bc808e033d3b591559	NO_LETTER_SLOTS	2	0	0	0	0	2	0	0	1	0	0	0	0
L1601987-R003	biblical_book	Dan	6	14		4Q113	1606780	f7ii_8	3	1601987		a		books/DSS-Daniel.txt	980267	2200	2060135-2060140	6	0	aea4da4688b0704dead05da109c7651925bde4dd72961cbd36757abeb1547969	linguistics/books/DSS-Daniel-Linguistics.txt	1268257	2827	61c189a19027166973e6a162d3eea960f1175405e987eb44a554fdb01e7b3bfa	PARTLY_RECONSTRUCTED	18	18	9	1	8	9	1	0	0	0	0	0	0
L1601987-R004	biblical_book	Dan	6	14		4Q113	1606780	f7ii_8	3	1601987				books/DSS-Daniel.txt	982467	1225	2060141	1	0	0c3e88b3ea456529828af8dd831638298d7731d4bf115d66de8b18167861cb65	linguistics/books/DSS-Daniel-Linguistics.txt	1271084	756	26b5a3fd420ed050eab5f403c9d71c2c9a9233aa2cb1d45f45c950536fe2a4ce	NO_LETTER_SLOTS	5	0	0	0	0	0	0	0	0	0	0	0	0
L1601987-R005	biblical_book	Dan	6	14		4Q113	1606780	f7ii_8	3	1601987		a		books/DSS-Daniel.txt	983692	1922	2060142-2060144	3	1	e62a9778c8f6704976240cabd5c82acd78881bfc19fffac9df37ec7f2135bcbd	linguistics/books/DSS-Daniel-Linguistics.txt	1271840	1569	654aa8f41c4185db49dcc8deb43f305ba92eaca8c2d9c6cef4c5722112d86ff8	ALL_LETTER_SLOTS_RECONSTRUCTED	6	6	6	0	0	6	0	0	0	0	0	0	0
L1601988-R001	biblical_book	Dan	6	14		4Q113	1606780	f7ii_8	4	1601988		a		books/DSS-Daniel.txt	985614	2701	2060145-2060153	9	0	965dd170a8ff4a7ff9187618dcdf2fd0434ff196266e67a073fb1acd215d428e	linguistics/books/DSS-Daniel-Linguistics.txt	1273409	4078	f3fe96dbac45c371faa1b6c58d425426c0b7c91c084f3b0fad1d37f7d2d06a46	PARTLY_RECONSTRUCTED	25	25	20	0	5	20	0	0	0	0	0	0	0
L1601988-R002	biblical_book	Dan	6	14		4Q113	1606780	f7ii_8	4	1601988				books/DSS-Daniel.txt	988315	1265	2060154	1	0	34015f2cca2d7e8f1a2e251c4e078824d3010417ef1494a7f7080e9d740cd834	linguistics/books/DSS-Daniel-Linguistics.txt	1277487	788	34ddc76fc55cc6f80faf91abc82944a8e72f35f419d6b2d142ade6faddd896d3	NO_LETTER_SLOTS	9	0	0	0	0	0	0	0	0	0	0	0	0
L1601988-R003	biblical_book	Dan	6	14		4Q113	1606780	f7ii_8	4	1601988		a		books/DSS-Daniel.txt	989580	2263	2060155-2060158	4	1	f2350db67a2bda52668aa370bea5c4220b67d588c8976b1313925330ecae4909	linguistics/books/DSS-Daniel-Linguistics.txt	1278275	1974	49a376a02ff3f387d06b3b48896a271ed80c653374540c18dd450eb26fe58f1f	PARTLY_RECONSTRUCTED	11	10	8	0	2	9	0	0	0	0	0	0	0
L1601989-R001	biblical_book	Dan	6	14		4Q113	1606780	f7ii_8	5	1601989		a		books/DSS-Daniel.txt	991843	4545	2060159-2060171	13	2	f906ce926377de046f13d24e2af00737d54fb12aca2d2a9b673d45edfbdcc90d	linguistics/books/DSS-Daniel-Linguistics.txt	1280249	5554	6d13a34e7be97c60ca8570e85b30c33a9e3fe39ac98ffd9c0a8942ce44a735e2	PARTLY_RECONSTRUCTED	32	32	9	8	15	9	8	0	0	0	0	0	0
L1601990-R001	biblical_book	Dan	6	14		4Q113	1606780	f7ii_8	6	1601990		a		books/DSS-Daniel.txt	996388	1629	2060172-2060173	2	0	323590acd7fdcb621a0a20679a73e3660008f9c7db8605bcbc3d21ffc61ea4aa	linguistics/books/DSS-Daniel-Linguistics.txt	1285803	1245	2640d407cfd26a3bf1dde7aab304df3b753e7777334fb8126ed0c3e45abe08de	PARTLY_RECONSTRUCTED	9	8	7	1	0	7	1	0	0	0	0	0	0
L1601990-R002	biblical_book	Dan	6	14		4Q113	1606780	f7ii_8	6	1601990				books/DSS-Daniel.txt	998017	1236	2060174	1	0	afd65400fc0f25b716c21bae7a0729d97599c69d5be4283c761f65943fa7ad08	linguistics/books/DSS-Daniel-Linguistics.txt	1287048	728	00bf6c5e87609e0cd5bc68f3ef3ec44889d8a5fbdb06566f1f37c4cefea1f95f	NO_LETTER_SLOTS	2	0	0	0	0	0	0	0	1	0	0	0	0
L1601990-R003	biblical_book	Dan	6	15		4Q113	1606780	f7ii_8	6	1601990		a		books/DSS-Daniel.txt	999253	3354	2060175-2060184	10	1	fc21e2bd151a97c1394c305f8fbf3311f5d6575a7ad706634cc161c3627411d5	linguistics/books/DSS-Daniel-Linguistics.txt	1287776	4436	7b3817f5862611bb4513bc333ea34e0c3acbc017c1afaa265fdf663d546f6e85	PARTLY_RECONSTRUCTED	25	25	3	2	20	3	2	0	0	0	0	0	0
L1601991-R001	biblical_book	Dan	6	15		4Q113	1606780	f7ii_8	7	1601991		a		books/DSS-Daniel.txt	1002607	4700	2060185-2060198	14	1	2df916b736c1591c175ccd725e06ae589e17b971ef1ae1ac39812d8adf6dd0b5	linguistics/books/DSS-Daniel-Linguistics.txt	1292212	6023	eebebe798079231970a7d14c0e842740c5534bc1e529677edbe7e478fb05905d	PARTLY_RECONSTRUCTED	40	37	11	3	23	12	4	0	0	0	0	0	0
L1601992-R001	biblical_book	Dan	6	15		4Q113	1606780	f7ii_8	8	1601992		a		books/DSS-Daniel.txt	1007307	2045	2060199-2060201	3	0	80e93d295f18f40dad20e37008394071a7a06eb12a69d9d6e4174d049923ca76	linguistics/books/DSS-Daniel-Linguistics.txt	1298235	1627	cdf3f2f4bb25c18ede45ada1c62547eb8a132ed56efc6b02c4202587e124ec37	PARTLY_RECONSTRUCTED	13	12	8	2	2	8	2	0	0	0	0	0	0
L1601992-R002	biblical_book	Dan	6	15		4Q113	1606780	f7ii_8	8	1601992				books/DSS-Daniel.txt	1009352	1236	2060202	1	0	c97cab3d349193271b6d36da5ac9941abeb38987a49dc38fd6219bc0994dbe31	linguistics/books/DSS-Daniel-Linguistics.txt	1299862	728	e0ef09c29549b21bd44242610dcb2ef06a8be83637f63a3aa93d5ee0dffea166	NO_LETTER_SLOTS	2	0	0	0	0	0	0	0	1	0	0	0	0
L1601992-R003	biblical_book	Dan	6	16		4Q113	1606780	f7ii_8	8	1601992		a		books/DSS-Daniel.txt	1010588	3516	2060203-2060211	9	1	11cd0463abe6c9539be294f1b2fbf0f3dfa00edc87f7a61195e8d9cb185b7783	linguistics/books/DSS-Daniel-Linguistics.txt	1300590	4076	6e838c7cfbcdf2e404182485899c961ebc21fe272f32005719a36f5885febc81	PARTLY_RECONSTRUCTED	24	24	4	7	13	4	7	0	0	0	0	0	0
L1601993-R001	biblical_book	Dan	6	16		4Q113	1606780	f7ii_8	9	1601993		a		books/DSS-Daniel.txt	1014104	4517	2060212-2060228	17	1	c64f0fd099456ea6c93b11b3ed2ce9d1c6ba163ca7ae5ff4562f041dc56cff38	linguistics/books/DSS-Daniel-Linguistics.txt	1304666	7117	d33135e5e9de5ebb74fcad79871aa13b17e0bf7da48efce72f662e00cb4d0bde	PARTLY_RECONSTRUCTED	37	37	26	4	7	26	4	0	0	0	0	0	0
L1601994-R001	biblical_book	Dan	6	16		4Q113	1606780	f7ii_8	10	1601994		a		books/DSS-Daniel.txt	1018621	2682	2060229-2060237	9	0	932332c622c505b77c815743a630c3dc5cdd12578b65fbc61f8ad56b95ff03d1	linguistics/books/DSS-Daniel-Linguistics.txt	1311783	3947	a655b38b6c9e8c74466e5c2f274c973c9ba14687b09270e646458607d0eaafa0	PARTLY_RECONSTRUCTED	23	23	15	1	7	15	1	0	0	0	0	0	0
L1601994-R002	biblical_book	Dan	6	16		4Q113	1606780	f7ii_8	10	1601994				books/DSS-Daniel.txt	1021303	1254	2060238	1	0	d2c6a37503cc51021b06e79745c1573a23b6d0db8d2c27e00d3e8a48cdfbba5e	linguistics/books/DSS-Daniel-Linguistics.txt	1315730	730	3654c2498106c1915892a135ae861cf8cdde4c8b5ed3dadfca70aeae7c68b976	NO_LETTER_SLOTS	2	0	0	0	0	2	0	0	1	0	0	0	0
L1601994-R003	biblical_book	Dan	6	17		4Q113	1606780	f7ii_8	10	1601994		a		books/DSS-Daniel.txt	1022557	2604	2060239-2060245	7	1	10bf1e8d8c44f7a60fa6584e7061d97382f9aae2a8c48d5531124be598222e60	linguistics/books/DSS-Daniel-Linguistics.txt	1316460	3169	ffe6265e4844272c23d53f8d46000dd9c75a61efcb482a8c8932278b3a31e515	ALL_LETTER_SLOTS_RECONSTRUCTED	18	18	18	0	0	18	0	0	0	0	0	0	0
L1601995-R001	biblical_book	Dan	6	17		4Q113	1606780	f7ii_8	11	1601995		a		books/DSS-Daniel.txt	1025161	4960	2060246-2060263	18	1	aaf4c6c018787e0d43170bf639cd186e928ac378ed7816748499243b0eb7d891	linguistics/books/DSS-Daniel-Linguistics.txt	1319629	7615	0cb4730a77ac33f4a84b30420b47d84fdc1d7087206f43d83f42d985343d671b	PARTLY_RECONSTRUCTED	44	43	26	5	12	27	5	0	0	0	0	0	0
L1601996-R001	biblical_book	Dan	6	17		4Q113	1606780	f7ii_8	12	1601996		a		books/DSS-Daniel.txt	1030121	3004	2060264-2060272	9	0	2057b865c9b6747a6b20cd3145780a7b2271d02fdb0bb3dbaa7f93bc7c94622b	linguistics/books/DSS-Daniel-Linguistics.txt	1327244	4054	77947c03128c723ba91a1a851a6360913f2e2557d107aa54371c58860c4b254b	PARTLY_RECONSTRUCTED	29	27	7	1	19	8	1	0	0	0	0	0	0
L1601996-R002	biblical_book	Dan	6	17		4Q113	1606780	f7ii_8	12	1601996				books/DSS-Daniel.txt	1033125	1254	2060273	1	0	64be3321a5709959101310a7b6c688707f058dd4dcd71794d1243970c478fac4	linguistics/books/DSS-Daniel-Linguistics.txt	1331298	730	537c10f2ca9585a2e9d727a431da28593632f5596092a1ebbf645732b06a1e92	NO_LETTER_SLOTS	2	0	0	0	0	2	0	0	1	0	0	0	0
L1601996-R003	biblical_book	Dan	6	18		4Q113	1606780	f7ii_8	12	1601996		a		books/DSS-Daniel.txt	1034379	2129	2060274-2060277	4	1	5592dc9f3b6723199a82746944ebdbfd1494b1af7eb3c98c23e62eb4be397eea	linguistics/books/DSS-Daniel-Linguistics.txt	1332028	1970	70bfdea6380a922f64292ce8f6920c870527010131e7649ff1058d90fe7ca0ea	ALL_LETTER_SLOTS_RECONSTRUCTED	12	12	12	0	0	12	0	0	0	0	0	0	0
L1601997-R001	biblical_book	Dan	6	18		4Q113	1606780	f7ii_8	13	1601997		a		books/DSS-Daniel.txt	1036508	4693	2060278-2060294	17	1	4c20d2fbf5058e67d011fab4fb9bebeeb146f321bd61a65f550be51eb43ede16	linguistics/books/DSS-Daniel-Linguistics.txt	1333998	7109	4462821ec91d487a8ddae1354c23e48da9291d70e404a94c6e88817d34650dd3	PARTLY_RECONSTRUCTED	43	41	22	2	17	24	2	0	0	0	0	0	0
L1601998-R001	biblical_book	Dan	6	18		4Q113	1606780	f7ii_8	14	1601998		a		books/DSS-Daniel.txt	1041201	1932	2060295-2060299	5	0	b30839beaab7e124c55ca7b1b9f509fd73a2cf5433e66ba95696f3503903763f	linguistics/books/DSS-Daniel-Linguistics.txt	1341107	2453	d062538099493d83bdb0309d6946ab54cea222e11e5ae8f97cd23d4db28542ee	NO_LETTER_RECONSTRUCTION_MARKED	15	15	0	0	15	0	0	0	0	0	0	0	0
L1601998-R002	biblical_book	Dan	6	18		4Q113	1606780	f7ii_8	14	1601998				books/DSS-Daniel.txt	1043133	2858	2060300	1	5	adba630878c9168828a2a136897bf01b79238b1ef052ac1283024fda16cb51b8	linguistics/books/DSS-Daniel-Linguistics.txt	1343560	730	453484b145bb5bc859de3e6f722e53e182d2e985bae5c10bf5a6658e17c7c0fe	NO_LETTER_SLOTS	2	0	0	0	0	0	0	0	1	0	0	0	0
L1601999-R001	biblical_book	Dan	6	19		4Q113	1606780	f7ii_8	15	1601999				books/DSS-Daniel.txt	1045991	1207	2060301	1	0	91dedb930cdb4277791a54d5346ec3fc1e143da980c47e3bcc83f569cf2f4972	linguistics/books/DSS-Daniel-Linguistics.txt	1344290	745	e508de98ebb7fa8d74d8509f852ba8662230a6c3cbc803d56575710a6536aa87	NO_LETTER_SLOTS	3	0	0	0	0	0	0	0	0	0	0	0	0
L1601999-R002	biblical_book	Dan	6	19		4Q113	1606780	f7ii_8	15	1601999		a		books/DSS-Daniel.txt	1047198	4482	2060302-2060317	16	1	bf6554c9b5381fb25d870bc7d03edc55ca84a0bc3cc7b1b809044461ded29f53	linguistics/books/DSS-Daniel-Linguistics.txt	1345035	6796	cd3119cc6baff0d3b7ec814d19ea4fe90c16893cc8d8ffef0315dd6e6d5a22b9	PARTLY_RECONSTRUCTED	42	41	9	2	30	9	2	0	0	0	0	0	0
L1602000-R001	biblical_book	Dan	6	19		4Q113	1606780	f7ii_8	16	1602000		a		books/DSS-Daniel.txt	1051680	2092	2060318-2060321	4	0	5d0e30c866f8f2c28bad7df1d7529f4f8c07af5573ca189da24508f69db5db63	linguistics/books/DSS-Daniel-Linguistics.txt	1351831	1999	a4b77cbee66c2fbb7293977da6bb9f1fde05e116cafb17d7c26dfc01dd030219	NO_LETTER_RECONSTRUCTION_MARKED	15	13	0	0	13	0	0	0	0	0	0	0	0
L1602000-R002	biblical_book	Dan	6	19		4Q113	1606780	f7ii_8	16	1602000				books/DSS-Daniel.txt	1053772	1238	2060322	1	0	405ba1f7d451c7965dfa4b6ccd9fab04ce4fbee797e8b19fbb978b64013381b1	linguistics/books/DSS-Daniel-Linguistics.txt	1353830	730	a47137687d7ee8ccf91dc5a1021310caea3844c518c31eb961fc995178090b8c	NO_LETTER_SLOTS	2	0	0	0	0	0	0	0	1	0	0	0	0
L1602000-R003	biblical_book	Dan	6	20		4Q113	1606780	f7ii_8	16	1602000		a		books/DSS-Daniel.txt	1055010	3698	2060323-2060335	13	1	909905ee703aa802a490be08e1ee7a5b7eaed4e1b3b068435f127bf399571dd5	linguistics/books/DSS-Daniel-Linguistics.txt	1354560	5571	426533cd24d621db0d3dc08000e55f8e39c4d68ea69f48f3beb0e06dd69bed86	PARTLY_RECONSTRUCTED	29	29	9	1	19	9	1	0	0	0	0	0	0
L1602001-R001	biblical_book	Dan	6	20		4Q113	1606780	f7ii_8	17	1602001		a		books/DSS-Daniel.txt	1058708	2188	2060336-2060342	7	0	ccb57eee61450fe5d4b22915c003fe82c999738000d2722f44478a5f6e38cd06	linguistics/books/DSS-Daniel-Linguistics.txt	1360131	3113	bb170c9262b73c07e184f78725da0c00283973185936a44fdc82e55955b9463a	NO_LETTER_RECONSTRUCTION_MARKED	15	15	0	0	15	0	0	0	0	0	0	0	0
L1602001-R002	biblical_book	Dan	6	20		4Q113	1606780	f7ii_8	17	1602001				books/DSS-Daniel.txt	1060896	1238	2060343	1	0	28d70ad465ab6efb36f85e1bd05d16efc878e6cf7f9b499d93d019805815c457	linguistics/books/DSS-Daniel-Linguistics.txt	1363244	730	4123eaae95ad83236b3bc45e91acbf9fa9a71b6a8fb90035f8f68964af0572a0	NO_LETTER_SLOTS	2	0	0	0	0	0	0	0	1	0	0	0	0
L1602001-R003	biblical_book	Dan	6	21		4Q113	1606780	f7ii_8	17	1602001		a		books/DSS-Daniel.txt	1062134	3485	2060344-2060354	11	1	a162e8fd25003ee9f72bb7a52fd04fa45ea22f03b8e98928776ed4f9fb5e701b	linguistics/books/DSS-Daniel-Linguistics.txt	1363974	4732	92c2362f5558454f45bf9072426a3afac9cb75084eb3b057bae7207229b75a59	PARTLY_RECONSTRUCTED	25	24	7	1	16	8	1	0	0	0	0	0	0
L1602002-R001	biblical_book	Dan	6	21		4Q113	1606780	f7ii_8	18	1602002		a		books/DSS-Daniel.txt	1065619	4309	2060355-2060370	16	1	29fce5f1107c3d4d26e5ab88eacf52822ceaa62aa28d4a17ad342efdd2fffedd	linguistics/books/DSS-Daniel-Linguistics.txt	1368706	6854	4b2c189fbe7409f4b83358d7f3bfa70eabaea8dbd1c4ca3b2b68b00d8b610023	PARTLY_RECONSTRUCTED	43	42	19	1	22	19	1	0	0	0	0	0	0
L1602003-R001	biblical_book	Dan	6	21		4Q113	1606780	f7ii_8	19	1602003				books/DSS-Daniel.txt	1069928	1207	2060371	1	0	4e7e0b82e2bc71b21ef8d6bbe4d065953b29bf316bc1a4f2ee6d88ad6065ace1	linguistics/books/DSS-Daniel-Linguistics.txt	1375560	742	aa84308f05c1bb9501085a1120baed0093dfbb0015466772b21f5a85207f5ff7	NO_LETTER_SLOTS	3	0	0	0	0	0	0	0	0	0	0	0	0
L1602003-R002	biblical_book	Dan	6	21		4Q113	1606780	f7ii_8	19	1602003		a		books/DSS-Daniel.txt	1071135	4436	2060372-2060384	13	1	70530a244f5585dc3ab52bf6b421f3dc318174a236189800248c2b787b46b127	linguistics/books/DSS-Daniel-Linguistics.txt	1376302	5623	91a4236a1e6cba84e08dfd9608fe990d81b63bd0e3ccc4ce06111b3e8e27871a	PARTLY_RECONSTRUCTED	37	35	26	5	4	28	5	0	0	0	0	0	0
L1602003-R003	biblical_book	Dan	6	21		4Q113	1606780	f7ii_8	19	1602003				books/DSS-Daniel.txt	1075571	1570	2060385	1	1	2e4e8867683f2a01dc9274429ce2dba5fc31c003b9b2b62fe43a4f42ba857324	linguistics/books/DSS-Daniel-Linguistics.txt	1381925	730	5abe8d50c8233cbfe693ff0ca3a3b433a12cb5ad6dec1ccbfe75f4e1f8f612ff	NO_LETTER_SLOTS	2	0	0	0	0	0	0	0	1	0	0	0	0
L1602004-R001	biblical_book	Dan	6	22		4Q113	1606780	f7ii_8	20	1602004		a		books/DSS-Daniel.txt	1077141	3279	2060386-2060395	10	1	add867b50c06c4d343388fc79d401c3a06ac69fbd15f7507b6ac2a869f5ee9b8	linguistics/books/DSS-Daniel-Linguistics.txt	1382655	4427	97576adeb4f66cb9d0281a1047e614e131df1814fe4fa0d9691617fbf9b31283	PARTLY_RECONSTRUCTED	29	27	25	0	2	27	0	1	1	0	0	0	0
L1602005-R001	biblical_book	Dan	6	22		4Q113	1606780	f7ii_8	21	1602005		a		books/DSS-Daniel.txt	1080420	1628	2060396	1	1	bebc56711002a5abe7b84357ad8694ff2f2da6e3a85b0020ce2448d64e2dcbd2	linguistics/books/DSS-Daniel-Linguistics.txt	1387082	745	ddf6ea3b8fecc7b7af748d57076938139b4ee80666f4994a9299cd5865183097	NO_LETTER_SLOTS	2	0	0	0	0	2	0	1	1	0	0	0	0
L1602006-R001	biblical_book	Dan	6	22		4Q113	1606780	f7ii_8	22	1602006		a		books/DSS-Daniel.txt	1082048	1296	2060397	1	0	930677d8f3d0ea87519cf5cc5a0aa5d2354c883b92157f4be9742acae6b5a222	linguistics/books/DSS-Daniel-Linguistics.txt	1387827	745	62f8863548464c0b63dda3415a0525549ccd4dcced8444e0e3c1296c70e09444	NO_LETTER_SLOTS	2	0	0	0	0	2	0	1	1	0	0	0	0
L1602006-R002	biblical_book	Dan	6	22		4Q113	1606780	f7ii_8	22	1602006				books/DSS-Daniel.txt	1083344	1570	2060398	1	1	e07c562180a76496094ec1db2c0271b0963c436c82f2fa48faeda3acd73b7c80	linguistics/books/DSS-Daniel-Linguistics.txt	1388572	730	f455781672c7c170721bad910fa60f464d52cead22616a64ce9c423bf5dc201d	NO_LETTER_SLOTS	2	0	0	0	0	0	0	0	1	0	0	0	0
L1602007-R001	biblical_book	Dan	6	27		4Q113	1606780	f9_11	11	1602007		a		books/DSS-Daniel.txt	1084914	3691	2060399-2060409	11	1	4cb4d3baa9ecb878a658f9c225d016cbb9b70fec4cd12dab827793ad17b03b1e	linguistics/books/DSS-Daniel-Linguistics.txt	1389302	4817	d02228f904dd405fd8210be64b825680ca3a1d6e66e7763a6bce7689a718e812	PARTLY_RECONSTRUCTED	32	31	17	2	12	18	2	0	0	0	0	0	0
L1602008-R001	biblical_book	Dan	6	27		4Q113	1606780	f9_11	12	1602008		a		books/DSS-Daniel.txt	1088605	2051	2060410-2060414	5	0	f61e516ef61a142e519c7bcf2c5ca5b12c6eb014a06ceb986715346f1a37a595	linguistics/books/DSS-Daniel-Linguistics.txt	1394119	2365	4f6aa282e4bcc02ec81319e1a33ab9ad80700cf3463e02554bb78ea0833de7d8	PARTLY_RECONSTRUCTED	13	12	1	0	11	1	0	0	0	0	0	0	0
L1602008-R002	biblical_book	Dan	6	27		4Q113	1606780	f9_11	12	1602008				books/DSS-Daniel.txt	1090656	1236	2060415	1	0	ba61f62caa60c016cb2efe7aea9704f07a46ebfebda00d2a891a9765d4cc5cdb	linguistics/books/DSS-Daniel-Linguistics.txt	1396484	728	8f5bf62e4dd632e5ad355138f500585603b0d68ad22fcf8860fbb0ffe3e3c7fd	NO_LETTER_SLOTS	2	0	0	0	0	0	0	0	1	0	0	0	0
L1602008-R003	biblical_book	Dan	6	28		4Q113	1606780	f9_11	12	1602008		a		books/DSS-Daniel.txt	1091892	2710	2060416-2060422	7	1	d4b19a83456cb944af6cc5741ceece8ff1d89327789d4c44527189f9fc737a1c	linguistics/books/DSS-Daniel-Linguistics.txt	1397212	3106	0f33100da6ff3876d292ce968bd53575d5e5492cf09a09de562525be7f941cbe	ALL_LETTER_SLOTS_RECONSTRUCTED	18	14	14	0	0	16	1	1	2	0	0	0	0
L1602009-R001	biblical_book	Dan	6	28		4Q113	1606780	f9_11	13	1602009		a		books/DSS-Daniel.txt	1094602	3858	2060423-2060437	15	0	0eb27b7d3e6512624bef52136f20237794ea34a7b51a0def24057723bda236ae	linguistics/books/DSS-Daniel-Linguistics.txt	1400318	6375	98b6fbe73bd17fc417dae76cd201eba4746e253af175a42d0c48dfcdbbafcbcc	PARTLY_RECONSTRUCTED	33	33	27	4	2	27	4	0	0	0	0	0	0
L1602009-R002	biblical_book	Dan	6	28		4Q113	1606780	f9_11	13	1602009				books/DSS-Daniel.txt	1098460	1567	2060438	1	1	16e6b1ad44c1764bd441c86ab2c6ca2b70b4c9a064e047908a6fa5978de3b72c	linguistics/books/DSS-Daniel-Linguistics.txt	1406693	728	1efe63faed8448cae45439241c4bd69b41e2bf25e800c575fa968fd4fba60b3f	NO_LETTER_SLOTS	2	0	0	0	0	0	0	0	1	0	0	0	0
L1602010-R001	biblical_book	Dan	6	29		4Q113	1606780	f9_11	14	1602010		a		books/DSS-Daniel.txt	1100027	2898	2060439-2060448	10	0	11bd8726199baae31526d3bd37f87fab28d3f8034a6a3ddb48eb61816a6ff1e0	linguistics/books/DSS-Daniel-Linguistics.txt	1407421	4598	61e57d0134ce66185cf02c4198246ed0c31c2f7373fbf3cb9cc76a38161865ee	PARTLY_RECONSTRUCTED	31	31	24	1	6	24	1	0	0	0	0	0	0
L1602010-R002	biblical_book	Dan	6	29		4Q113	1606780	f9_11	14	1602010				books/DSS-Daniel.txt	1102925	1225	2060449	1	0	8b2f78d0b65338d9cb3ca31f8a63828a8b0f69221c3f4ac5bbf0b91109549eb6	linguistics/books/DSS-Daniel-Linguistics.txt	1412019	756	84d3e6879c1ebfae722ae6b0f96eaf87fb3384d5d5622ea915b3fe79f545170b	NO_LETTER_SLOTS	5	0	0	0	0	0	0	0	0	0	0	0	0
L1602010-R003	biblical_book	Dan	6	29		4Q113	1606780	f9_11	14	1602010		a		books/DSS-Daniel.txt	1104150	1919	2060450	1	2	5442cfcd70ae38d98cba03363dcc50ba88cfd03ce52dcfe852b0e44f6c36316a	linguistics/books/DSS-Daniel-Linguistics.txt	1412775	830	aadbdf9ce076f52ece3fd9c05861d3dcee2ba45ef293ae92a892997fe95a1864	NO_LETTER_RECONSTRUCTION_MARKED	4	4	0	0	4	0	0	0	0	0	0	0	0
L1602011-R001	biblical_book	Dan	6	29		4Q113	1606780	f9_11	15	1602011		a		books/DSS-Daniel.txt	1106069	1431	2060451-2060452	2	0	a36b21d4325c957cad8e7b2385d82a0d0301f910bc0b2c661eab618044527551	linguistics/books/DSS-Daniel-Linguistics.txt	1413605	1203	539ea5bce9173607e8f501ca0e378f9ae46ab5a3abddd6d2b8c5d59a9a359043	ALL_LETTER_SLOTS_RECONSTRUCTED	5	5	5	0	0	5	0	0	0	0	0	0	0
L1602011-R002	biblical_book	Dan	6	29		4Q113	1606780	f9_11	15	1602011				books/DSS-Daniel.txt	1107500	1779	2060453-2060454	2	1	f07f1f0638b4caed5173dadb1c63a49c963564b3c7a4b012ff2abad1617b31fe	linguistics/books/DSS-Daniel-Linguistics.txt	1414808	1083	129731accf09cc4a45681b445b969eef69150846bf7b3e088a6e30c3af83964b	NO_LETTER_SLOTS	5	0	0	0	0	2	0	0	1	0	0	0	0
L1602011-R003	biblical_book	Dan	7	1		4Q113	1606780	f9_11	15	1602011		a		books/DSS-Daniel.txt	1109279	2249	2060455-2060457	3	2	7d3e6e17da4be6be418e1c9d1418344697ad1f96cac19835d147d5ea9fcd3adb	linguistics/books/DSS-Daniel-Linguistics.txt	1415891	1569	f417575de78935eeaf57c1a905c55d6847f492e943f78712e8cae373e884d12e	ALL_LETTER_SLOTS_RECONSTRUCTED	7	7	7	0	0	7	0	0	0	0	0	0	0
L1602012-R001	biblical_book	Dan	7	1		4Q113	1606780	f9_11	16	1602012		a		books/DSS-Daniel.txt	1111528	2662	2060458-2060464	7	0	fce6264c688f8e5ee471af2852340fafb968aa682de0fa7ee9e16e88f337ca4b	linguistics/books/DSS-Daniel-Linguistics.txt	1417460	3421	55cc8ac449db391cef90e584d6f224f84a1aaa0f0ff901d93120d91d5a419615	PARTLY_RECONSTRUCTED	24	24	15	3	6	15	3	0	0	0	0	0	0
L1602012-R002	biblical_book	Dan	7	1		4Q113	1606780	f9_11	16	1602012				books/DSS-Daniel.txt	1114190	1223	2060465	1	0	b923f9edf66a8938cb44da62c3cd59b9eb61294dee21d3314761d15be7d7311e	linguistics/books/DSS-Daniel-Linguistics.txt	1420881	753	19ab1f100bd94644e4cc190129ab84f69a96f2890a3032e1eda7aa122b9fc5e3	NO_LETTER_SLOTS	5	0	0	0	0	0	0	0	0	0	0	0	0
L1602012-R003	biblical_book	Dan	7	1		4Q113	1606780	f9_11	16	1602012		a		books/DSS-Daniel.txt	1115413	2123	2060466-2060468	3	1	1ed94115577d0303720076bc771096a46e3c5ed65132ca0b52d6be0e77033705	linguistics/books/DSS-Daniel-Linguistics.txt	1421634	1602	1615555aa3b46895ca7a60ac9ef2f929fc2fa3ad578f6fa0f5b269131267d4fe	ALL_LETTER_SLOTS_RECONSTRUCTED	10	9	9	0	0	10	0	0	0	0	0	0	0
L1602013-R001	biblical_book	Dan	7	1		4Q113	1606780	f9_11	17	1602013		a		books/DSS-Daniel.txt	1117536	2440	2060469-2060475	7	0	222af34b09d5768024021f8b10dcdc5fe79028d69df5b7fc1e88963cae73ac3c	linguistics/books/DSS-Daniel-Linguistics.txt	1423236	3224	ef876fe1bff401819981e5d027fefb11d20b28f62de5e6bdc95dd57b76cb4541	PARTLY_RECONSTRUCTED	20	19	15	0	4	16	0	0	0	0	0	0	0
L1602013-R002	biblical_book	Dan	7	1		4Q113	1606780	f9_11	17	1602013				books/DSS-Daniel.txt	1119976	1213	2060476	1	0	8130b701682263a99e7bbdcf8d190b9c8b82989e6ff749ea2fb058b2c4c04c7b	linguistics/books/DSS-Daniel-Linguistics.txt	1426460	745	9724a082fc81af37f460cbd17a9eb77042f1314a189db9e8d3efb2e25b1d6fa9	NO_LETTER_SLOTS	4	0	0	0	0	0	0	0	0	0	0	0	0
L1602013-R003	biblical_book	Dan	7	1		4Q113	1606780	f9_11	17	1602013		a		books/DSS-Daniel.txt	1121189	1638	2060477-2060479	3	0	d67480f193057db108178cdaee932d322a588ffd4c3a6fbd62589966642fc5ff	linguistics/books/DSS-Daniel-Linguistics.txt	1427205	1615	0334159fc3a63b3c891914c423916de979f07076364bd1c9417afaf16489e50d	ALL_LETTER_SLOTS_RECONSTRUCTED	10	10	10	0	0	10	0	0	0	0	0	0	0
L1602013-R004	biblical_book	Dan	7	1		4Q113	1606780	f9_11	17	1602013				books/DSS-Daniel.txt	1122827	1581	2060480	1	1	fdfc666e824c9c27fb393df88be6715845a71468b91d46f94d495c1c23d29b02	linguistics/books/DSS-Daniel-Linguistics.txt	1428820	725	a95d00aea8a8e65d8064f5a2532e81a4ade70c5ffaf2cbe309cc50b973289a70	NO_LETTER_SLOTS	2	0	0	0	0	2	0	0	1	0	0	0	0
L1602014-R001	biblical_book	Dan	7	2		4Q113	1606780	f9_11	18	1602014		a		books/DSS-Daniel.txt	1124408	3947	2060481-2060493	13	1	1a012d401e7d64f73f121646b07a78cb10addabef435e5d46fb163df8ebce2e3	linguistics/books/DSS-Daniel-Linguistics.txt	1429545	5623	0a0deb13135b27e86b2e5ce39770655cd67fc9dcba79367a8f73e05b50d03e8e	PARTLY_RECONSTRUCTED	36	35	30	2	3	30	2	0	0	0	0	0	0
L1602015-R001	biblical_book	Dan	7	2		4Q113	1606780	f9_11	19	1602015		a		books/DSS-Daniel.txt	1128355	2928	2060494-2060503	10	0	591ef1b35b32e5e37bf41d3d5cfe56f3a2f7fe24dcd373eca9a591bd1122b659	linguistics/books/DSS-Daniel-Linguistics.txt	1435168	4342	4450f08081c0ff0e386496621368f0de13a0bbe803c0bfae6c835aaea844ff7c	PARTLY_RECONSTRUCTED	24	24	22	2	0	22	2	0	0	0	0	0	0
L1602015-R002	biblical_book	Dan	7	2		4Q113	1606780	f9_11	19	1602015				books/DSS-Daniel.txt	1131283	1250	2060504	1	0	e49de96a6be2cbc1cb1fa14947435d03f1b28aa62ed482d3c0c3bce65cd9cb74	linguistics/books/DSS-Daniel-Linguistics.txt	1439510	725	78d3ef0fda70bf123804d7af7569cc2294bdd6312d10a1a62adcb53b9efeeb63	NO_LETTER_SLOTS	2	0	0	0	0	2	0	0	1	0	0	0	0
L1602015-R003	biblical_book	Dan	7	3		4Q113	1606780	f9_11	19	1602015		a		books/DSS-Daniel.txt	1132533	1854	2060505-2060506	2	1	41dfeb4885b64f55fd8f4e22048a5640efd6b733b3ca8028be57b99679e93181	linguistics/books/DSS-Daniel-Linguistics.txt	1440235	1233	6cfabf5f8d1573b5ae07ba6eb71f7cd505deb93c8280eb3fe59233b5c6b6b781	PARTLY_RECONSTRUCTED	5	5	3	2	0	3	2	0	0	0	0	0	0
L1602016-R001	biblical_book	Dan	7	3		4Q113	1606780	f9_11	20	1602016		a		books/DSS-Daniel.txt	1134387	2951	2060507-2060516	10	0	c5cefb281e5a97941d96ceaf33762cc8d71180025e0fc736e921ff2327fbc72b	linguistics/books/DSS-Daniel-Linguistics.txt	1441468	4340	ca0ffb3db69d221d9e83c97eb2e2db9cac2cb9330d17624e8e8c9281bcf5260d	PARTLY_RECONSTRUCTED	28	28	20	1	7	20	1	0	0	0	0	0	0
L1602016-R002	biblical_book	Dan	7	3		4Q113	1606780	f9_11	20	1602016				books/DSS-Daniel.txt	1137338	1234	2060517	1	0	b0931edae3c9fe9ffa745903d6b701d39401eb448469815106b50c5ddd142d4e	linguistics/books/DSS-Daniel-Linguistics.txt	1445808	725	8b91d2d3ddbe5e56fc7def7360edc8ff19e0813f82df96134e30578485ef4b50	NO_LETTER_SLOTS	2	0	0	0	0	0	0	0	1	0	0	0	0
L1602016-R003	biblical_book	Dan	7	4		4Q113	1606780	f9_11	20	1602016		a		books/DSS-Daniel.txt	1138572	1916	2060518-2060519	2	1	393e309cd55112105b3665f223d594c5e78312be46bd20cbc6414d5e28c372f3	linguistics/books/DSS-Daniel-Linguistics.txt	1446533	1200	0d1a1b7f22e7650b4f104bcc55bc232383dec1660277f6050f3e1232a91ad929	NO_LETTER_RECONSTRUCTION_MARKED	6	6	0	1	5	0	1	0	0	0	0	0	0
L1602017-R001	biblical_book	Dan	7	4		4Q113	1606780	f9_11	21	1602017		a		books/DSS-Daniel.txt	1140488	2108	2060520-2060525	6	0	c82d816b2aae8398318b0da9c7dcd6c21c5208b181a6abd0818f3c9648fa3ad5	linguistics/books/DSS-Daniel-Linguistics.txt	1447733	2797	71184313353b26006e90696074fee9abfe56a5383724ed0a4fb30dad0ed7a022	ALL_LETTER_SLOTS_RECONSTRUCTED	15	15	15	0	0	15	0	0	0	0	0	0	0
L1602017-R002	biblical_book	Dan	7	4		4Q113	1606780	f9_11	21	1602017				books/DSS-Daniel.txt	1142596	1233	2060526	1	0	2eec455adaf66b86351345bfddd85c89472d7d6e1652eef7b9aae13af00480a0	linguistics/books/DSS-Daniel-Linguistics.txt	1450530	761	127253d32e97962947c4d6ecb92a13fdfa97d2be113066928a99ea7bfb7d5538	NO_LETTER_SLOTS	6	0	0	0	0	0	0	0	0	0	0	0	0
L1602017-R003	biblical_book	Dan	7	4		4Q113	1606780	f9_11	21	1602017		a		books/DSS-Daniel.txt	1143829	2631	2060527-2060531	5	1	23a31b3920f0c0aab4c9e16f7843dc446b84f1b709d787e4267b738675c10b8e	linguistics/books/DSS-Daniel-Linguistics.txt	1451291	2361	cfc554e354fcde5aaa97e12e450f30fd4b7ee67a083a16cce60baff62c352f81	PARTLY_RECONSTRUCTED	14	13	1	2	10	1	2	0	0	0	0	0	0
L1602018-R001	biblical_book	Dan	7	4		4Q113	1606780	f9_11	22	1602018		a		books/DSS-Daniel.txt	1146460	3408	2060532-2060543	12	0	4affeef05f222ccd15a0c9ff0a15bc107f953ed543e31b350e21f6eef6d52413	linguistics/books/DSS-Daniel-Linguistics.txt	1453652	5142	d32ed9690a99ae08df367c1bbc24df0c32b738f60b76689b3bfadfffeee5a13d	PARTLY_RECONSTRUCTED	34	33	16	1	16	17	1	0	0	0	0	0	0
L1602018-R002	biblical_book	Dan	7	4		4Q113	1606780	f9_11	22	1602018				books/DSS-Daniel.txt	1149868	1565	2060544	1	1	640ab64f2164a4f49290705af301ef9ef9bb69ed2b0af7e885e1e54fed98905b	linguistics/books/DSS-Daniel-Linguistics.txt	1458794	725	f1ade1a9fb77ae5b5b526c83cbc5e1549b353e19ddf6208e17b69bf2f86786c9	NO_LETTER_SLOTS	2	0	0	0	0	0	0	0	1	0	0	0	0
L1602019-R001	biblical_book	Dan	7	5		4Q113	1606780	f12_13	3	1602019		a		books/DSS-Daniel.txt	1151433	1904	2060545-2060547	3	0	b7a4e87ab136063725d03edf70fc8318fed1c0bb75d9eda0a3f75249efce12cc	linguistics/books/DSS-Daniel-Linguistics.txt	1459519	1692	d7a640290485349565e42a8363dfaa376465c59f1c409975ad95bc5987d41180	PARTLY_RECONSTRUCTED	12	12	7	2	3	7	2	0	0	0	0	0	0
L1602019-R002	biblical_book	Dan	7	5		4Q113	1606780	f12_13	3	1602019				books/DSS-Daniel.txt	1153337	1963	2060548	1	2	16ae4bcbb2b0d7eea8a65ddbf919bb147d3188542f6b145023699a931d2e0159	linguistics/books/DSS-Daniel-Linguistics.txt	1461211	725	a4ae7923c45011dc19321beaeebbde4bc4174acf5a8f0d485dd9e5fc71d94790	NO_LETTER_SLOTS	2	0	0	0	0	2	0	0	1	0	0	0	0
L1602020-R001	biblical_book	Dan	7	6		4Q113	1606780	f12_13	4	1602020		a		books/DSS-Daniel.txt	1155300	1464	2060549-2060550	2	0	4749bef36d0c68ea7f09f0c24d962876a9526d9f489c087d0d71af9fd313b30b	linguistics/books/DSS-Daniel-Linguistics.txt	1461936	1253	204a4ea9d10505d85beba988c1166749c989f7a4c983d19d9b6cc37d9dfd2d46	ALL_LETTER_SLOTS_RECONSTRUCTED	7	7	7	0	0	7	0	0	0	0	0	0	0
L1602020-R002	biblical_book	Dan	7	6		4Q113	1606780	f12_13	4	1602020				books/DSS-Daniel.txt	1156764	1223	2060551	1	0	2b10949dbfa56275daae16219cf5da0630727f428ac948c5207af798d749c861	linguistics/books/DSS-Daniel-Linguistics.txt	1463189	753	5d45231074cd8f5f29ffef545e05e110f8c7ab51f5346632fe819bb9891a7001	NO_LETTER_SLOTS	5	0	0	0	0	0	0	0	0	0	0	0	0
L1602020-R003	biblical_book	Dan	7	6		4Q113	1606780	f12_13	4	1602020		a		books/DSS-Daniel.txt	1157987	4195	2060552-2060564	13	1	a172feb77c22cace3abba09e6d044d82af7e6ece15401c7b2c0eca2532781261	linguistics/books/DSS-Daniel-Linguistics.txt	1463942	5648	c4625f4fbe2de3c95eaa617138d08e7acf0f0b9251ac6c0daf5e070e8d5a1346	PARTLY_RECONSTRUCTED	36	35	27	4	4	28	4	0	0	0	0	0	0
L1602021-R001	biblical_book	Dan	7	6		4Q113	1606780	f12_13	5	1602021		a		books/DSS-Daniel.txt	1162182	1789	2060565-2060567	3	0	2fdd3670a1efe702e5375ed7dbd283f153929662aeed5c9eb8c955d5a1deeefd	linguistics/books/DSS-Daniel-Linguistics.txt	1469590	1486	33b5e83655e403eedfe92cc231325fa230b523aff54c4e838d57ed6aa0a57c6a	NO_LETTER_RECONSTRUCTION_MARKED	6	1	0	1	0	4	2	2	2	0	0	0	0
L1602021-R002	biblical_book	Dan	7	6		4Q113	1606780	f12_13	5	1602021				books/DSS-Daniel.txt	1163971	1565	2060568	1	1	8df9cf05a17356e6d7f0cd8e44f7ab5fa45409fabc2d1076b19680c71d9fcdb4	linguistics/books/DSS-Daniel-Linguistics.txt	1471076	725	13302ad1bb3123c43f3e0cfcc48ed69272c60869e23de31c891d75e633fa2b9a	NO_LETTER_SLOTS	2	0	0	0	0	0	0	0	1	0	0	0	0
L1602022-R001	biblical_book	Dan	7	11		4Q113	1606780	f14	1	1602022		a		books/DSS-Daniel.txt	1165536	1934	2060569	1	2	704c0d895cf1432d69ce566806ef1fe821d4c3201ef74f5fe8fba30e5108ed61	linguistics/books/DSS-Daniel-Linguistics.txt	1471801	737	02432162572180ace1bcc8352f5fa89776620c09ce1f0cc781804e2fa2c5f5d3	NO_LETTER_SLOTS	2	0	0	0	0	2	0	1	1	0	0	0	0
L1602023-R001	biblical_book	Dan	7	11		4Q113	1606780	f14	2	1602023		a		books/DSS-Daniel.txt	1167470	2026	2060570-2060572	3	1	62c4a04ff9e033ba0ab8d1011d6a05bdc96e9199c9f79766d38ffdf4d84a173d	linguistics/books/DSS-Daniel-Linguistics.txt	1472538	1513	2c5d0c4e0cacad1af3808afe443f5a8dbe3f538d352342dfeebddbd6ed1d4b8c	NO_LETTER_RECONSTRUCTION_MARKED	6	3	0	0	3	2	1	1	1	0	0	0	0
L1602024-R001	biblical_book	Dan	7	11		4Q113	1606780	f14	3	1602024		a		books/DSS-Daniel.txt	1169496	1533	2060573-2060574	2	0	b34be9560400ca4b816d63ea59e4ae837d8bcc404cac9147860f292feb277679	linguistics/books/DSS-Daniel-Linguistics.txt	1474051	1126	dfb4d2d601b11c3d7d33c50a6325c0a4e95ca689af3790a553e8ef62bef07ec2	NO_LETTER_SLOTS	5	0	0	0	0	3	2	1	2	0	0	0	0
L1602024-R002	biblical_book	Dan	7	11		4Q113	1606780	f14	3	1602024				books/DSS-Daniel.txt	1171029	1558	2060575	1	1	1a7ae4ef3428f9e6286678a6d35a4036493a73c78f73c282fb578022c0dac415	linguistics/books/DSS-Daniel-Linguistics.txt	1475177	722	401b00ab91b47a1d669cac8d25611510444f4907312d9a15e2d531b81782821c	NO_LETTER_SLOTS	2	0	0	0	0	0	0	0	1	0	0	0	0
L1602025-R001	biblical_book	Dan	7	25		4Q113	1606780	f15	18	1602025		a		books/DSS-Daniel.txt	1172587	1740	2060576-2060578	3	0	4383c4db16a3fb878419beb8437c0561affa46b53ce7ea9c27a83c93b5026bb1	linguistics/books/DSS-Daniel-Linguistics.txt	1475899	1484	6f734cd61341ed11fd39b311848a5d0f3d8540a5bf10600f52efa6473d782f35	NO_LETTER_SLOTS	6	0	0	0	0	5	1	2	3	0	0	0	0
L1602025-R002	biblical_book	Dan	7	25		4Q113	1606780	f15	18	1602025				books/DSS-Daniel.txt	1174327	1248	2060579	1	0	3304983331f89a07bb0b7988e87833a1ab6638b7204f6b8a039d71e19a9eaf03	linguistics/books/DSS-Daniel-Linguistics.txt	1477383	724	2a04c896e47df8e1991fbf5b0604f4fef7a00b3cf820653e8554910a81b80a5b	NO_LETTER_SLOTS	2	0	0	0	0	2	0	0	1	0	0	0	0
L1602025-R003	biblical_book	Dan	7	26		4Q113	1606780	f15	18	1602025		a		books/DSS-Daniel.txt	1175575	3126	2060580-2060588	9	1	9d08f33707dfb6a1928952d4b8e93b4c792457725069596ba3771bf10ac84097	linguistics/books/DSS-Daniel-Linguistics.txt	1478107	3961	7a3ea1a1ae73b1a0e0566ccea37648cc78d214c4a1a5ab36d2e5b2c5f5485cec	ALL_LETTER_SLOTS_RECONSTRUCTED	27	26	26	0	0	27	0	0	0	0	0	0	0
L1602026-R001	biblical_book	Dan	7	26		4Q113	1606780	f15	19	1602026		a		books/DSS-Daniel.txt	1178701	2059	2060589-2060594	6	0	5e724bab54bc13c99a53a085780491debc2dc0663b7d21333adf7f70ac6fbcd8	linguistics/books/DSS-Daniel-Linguistics.txt	1482068	2688	5f872481d47ece0613b056a8a454fd0afd72564ad94f922306c0ffc28cb18ff2	PARTLY_RECONSTRUCTED	13	13	12	0	1	12	0	0	0	0	0	0	0
L1602026-R002	biblical_book	Dan	7	26		4Q113	1606780	f15	19	1602026				books/DSS-Daniel.txt	1180760	1232	2060595	1	0	7248077a2a15508845e007e60c8968b22325fa186b1133cdbeeb45c13c3be353	linguistics/books/DSS-Daniel-Linguistics.txt	1484756	724	80c99c8153bbecf82e89c67fdfe987ceb2653733cc9719bb0c47f212c561a828	NO_LETTER_SLOTS	2	0	0	0	0	0	0	0	1	0	0	0	0
L1602026-R003	biblical_book	Dan	7	27		4Q113	1606780	f15	19	1602026		a		books/DSS-Daniel.txt	1181992	3661	2060596-2060607	12	1	012e37709a3e79c266b39a4f4c8af907a535ca4908baee665838b52e9ebe52c5	linguistics/books/DSS-Daniel-Linguistics.txt	1485480	5204	00e2f8d3d59ac50a1bf9d9d1ffb73dac34452ed63c214742b4d6385d2119d342	PARTLY_RECONSTRUCTED	30	30	28	1	1	28	1	0	0	0	0	0	0
L1602027-R001	biblical_book	Dan	7	27		4Q113	1606780	f15	20	1602027		a		books/DSS-Daniel.txt	1185653	4360	2060608-2060620	13	1	22bd23984879bf99e02436e41f291eebb0f74ed582527a09a9f50446975b5c16	linguistics/books/DSS-Daniel-Linguistics.txt	1490684	5778	f431dbffd9d9a5c5359673eb3d5f10a2738b06c6daa31012e8b83d21f813a5ed	PARTLY_RECONSTRUCTED	44	43	31	3	9	32	3	0	0	0	0	0	0
L1602028-R001	biblical_book	Dan	7	27		4Q113	1606780	f15	21	1602028		a		books/DSS-Daniel.txt	1190013	2636	2060621-2060626	6	0	5fb1dc0843a0db3e71cdf8a34ab1a4195f51d535d83d0f4e92d4d8564cea31ac	linguistics/books/DSS-Daniel-Linguistics.txt	1496462	2822	3d0b12e82be5aaf15a72186678510219ece8c8f43d8cb405620457fd3b7fd82d	PARTLY_RECONSTRUCTED	23	22	13	2	7	14	2	0	0	0	0	0	0
L1602028-R002	biblical_book	Dan	7	27		4Q113	1606780	f15	21	1602028				books/DSS-Daniel.txt	1192649	1248	2060627	1	0	35e73927240d55a6fd9f590eb711cf95b9983dc8de2465d3705a078b969138da	linguistics/books/DSS-Daniel-Linguistics.txt	1499284	724	d232954ab8400b011f309e9674ec0eb87a7b1ad14a0c2c78b953fb1417216251	NO_LETTER_SLOTS	2	0	0	0	0	2	0	0	1	0	0	0	0
L1602028-R003	biblical_book	Dan	7	28		4Q113	1606780	f15	21	1602028		a		books/DSS-Daniel.txt	1193897	2707	2060628-2060634	7	1	fc622b79b204cb27a0b3cf647b4b1fe8e85d47b5294066800aa78645d3c2770e	linguistics/books/DSS-Daniel-Linguistics.txt	1500008	3117	1b8495cb3b0cc01fa25b24df7f3abda54072ce8d6e05e961b2f2809a6252ac8d	PARTLY_RECONSTRUCTED	14	14	10	2	2	10	2	0	0	0	0	0	0
L1602029-R001	biblical_book	Dan	7	28		4Q113	1606780	f15	22	1602029		a		books/DSS-Daniel.txt	1196604	4698	2060635-2060649	15	0	17a790e26a4dc48100a12165bc9b6eb3264adac7fd91bf840dfed9357f13721d	linguistics/books/DSS-Daniel-Linguistics.txt	1503125	6620	49842c0aed2b241ac663e3ec5beccb71149a66a9c5dbeddde286b0c179d75070	PARTLY_RECONSTRUCTED	57	52	47	1	4	52	1	0	0	0	0	0	0
L1602029-R002	biblical_book	Dan	7	28		4Q113	1606780	f15	22	1602029				books/DSS-Daniel.txt	1201302	1561	2060650	1	1	47502026725c262d6afbe648f0c277a43e62230363a4fbd86fa3d06e1868fa9a	linguistics/books/DSS-Daniel-Linguistics.txt	1509745	724	d28e50440cacc4ff2f7ed8a18006b765241cffaf110b187247fd72f82d4fdc59	NO_LETTER_SLOTS	2	0	0	0	0	0	0	0	1	0	0	0	0
L1602031-R001	biblical_book	Dan	8	1		4Q113	1606780	f16_18i+19	3	1602031				books/DSS-Daniel.txt	1202863	3926	2060651-2060664	14	1	cd18ce14ee449196bd0534dd87fcdc6c26e32d445e682bd24e2b9f032cc0d78e	linguistics/books/DSS-Daniel-Linguistics.txt	1510469	6315	7b9fd87fa24ee04f14913be225a1396706ba4bc65856e156e18432c81aac0563	PARTLY_RECONSTRUCTED	48	47	41	1	5	42	1	0	0	0	0	0	0
L1602032-R001	biblical_book	Dan	8	1		4Q113	1606780	f16_18i+19	4	1602032				books/DSS-Daniel.txt	1206789	2156	2060665-2060670	6	0	106d629d9bc0f28050bc81ed10748af455ba901c89b83098f821de339985c06a	linguistics/books/DSS-Daniel-Linguistics.txt	1516784	2737	1fc0667956c6a89122384d497cf5521597213926d510e6a00d8ce75e88e296db	ALL_LETTER_SLOTS_RECONSTRUCTED	16	13	13	0	0	16	0	0	1	0	0	0	0
L1602032-R002	biblical_book	Dan	8	2		4Q113	1606780	f16_18i+19	4	1602032				books/DSS-Daniel.txt	1208945	3930	2060671-2060685	15	1	604a1863663bc15fc0ce28eaf03f3b7406a2bd4f63a870cfe11e1fca9880b1e4	linguistics/books/DSS-Daniel-Linguistics.txt	1519521	6404	5f8d334781a80828ec87dd8a39dd9aa682cceb06d5789a30314d9fcdd954dc95	PARTLY_RECONSTRUCTED	38	37	24	4	9	25	4	0	0	0	0	0	0
L1602033-R001	biblical_book	Dan	8	2		4Q113	1606780	f16_18i+19	5	1602033				books/DSS-Daniel.txt	1212875	3670	2060686-2060700	15	0	9f99b74935c1dd69031cc05aecd9bf5dffb51ed7a0738babbba109a80e43c7c6	linguistics/books/DSS-Daniel-Linguistics.txt	1525925	6445	31ecb9e2518eff5fe84cdd20147c9565e9ce31c07e8de8e372fd51846832f6d2	PARTLY_RECONSTRUCTED	42	40	27	4	9	27	4	0	1	0	0	0	0
L1602033-R002	biblical_book	Dan	8	3		4Q113	1606780	f16_18i+19	5	1602033				books/DSS-Daniel.txt	1216545	2060	2060701-2060703	3	1	032f2f61459e31fdca3453a613716a223e789ec4c2177ecab3b5502ae9e718c5	linguistics/books/DSS-Daniel-Linguistics.txt	1532370	1605	b646e28625bd25791a976c4467a77bbe111bf3b552b627c6944e1e697beb340f	NO_LETTER_RECONSTRUCTION_MARKED	10	9	0	1	8	0	1	0	0	0	0	0	0
L1602034-R001	biblical_book	Dan	8	3		4Q113	1606780	f16_18i+19	6	1602034				books/DSS-Daniel.txt	1218605	4329	2060704-2060719	16	1	71861399e746eb2e16dea861644e1a09af7ef04a03c056ae855794466d8252dc	linguistics/books/DSS-Daniel-Linguistics.txt	1533975	6876	f4b98fedb8f22cabb9cb64ddfc794189ec809080ab51cfe2a747bfc6fef1d79e	PARTLY_RECONSTRUCTED	45	44	22	7	15	22	7	0	0	0	0	0	0
L1602035-R001	biblical_book	Dan	8	3		4Q113	1606780	f16_18i+19	7	1602035				books/DSS-Daniel.txt	1222934	4547	2060720-2060737	18	1	402f8d53b960bae63a393f240c6921394b14f84ea8458e7d48fe663a5d61be9b	linguistics/books/DSS-Daniel-Linguistics.txt	1540851	7577	ec738c7c8bfb71c860e97d26a69006cdd60f87b07242909c4df948d7514d4a2c	PARTLY_RECONSTRUCTED	46	44	26	5	13	26	5	0	1	0	0	0	0
L1602036-R001	biblical_book	Dan	8	4		4Q113	1606780	f16_18i+19	8	1602036				books/DSS-Daniel.txt	1227481	3961	2060738-2060751	14	1	51de9c314b95d1c3e4deca43270682b44ac3a871dd3f0e2eba3e39a0500c986f	linguistics/books/DSS-Daniel-Linguistics.txt	1548428	6018	ec481ab2c6e81837e488ab2b31bdbe1094b87dad7fa2999fe95d9397e0ca5821	PARTLY_RECONSTRUCTED	43	40	30	0	10	32	0	0	0	0	0	0	0
L1602037-R001	biblical_book	Dan	8	4		4Q113	1606780	f16_18i+19	9	1602037				books/DSS-Daniel.txt	1231442	3776	2060752-2060766	15	0	c4054bf1922af29c5fe62042cbb2d58a13406404167bf4adc56acf2a4fcab874	linguistics/books/DSS-Daniel-Linguistics.txt	1554446	6290	78eeec740a378fc9ab19f3a32ac0fe84bd10fa2b30e0caff3ad0b32df957672a	PARTLY_RECONSTRUCTED	41	36	32	1	3	35	1	0	1	0	0	0	0
L1602037-R002	biblical_book	Dan	8	5		4Q113	1606780	f16_18i+19	9	1602037				books/DSS-Daniel.txt	1235218	2142	2060767-2060769	3	1	971d7359ba2c8f2f6dfdcd96c417c6d6a6f35aa53d329d4ad0957c42d22da9a4	linguistics/books/DSS-Daniel-Linguistics.txt	1560736	1624	61bf1f6c8cd7fdc72c65085faa7c2ccfe52149b186ef0a14d2f06f86388e2898	PARTLY_RECONSTRUCTED	9	9	1	4	4	1	4	0	0	0	0	0	0
L1602038-R001	biblical_book	Dan	8	5		4Q113	1606780	f16_18i+19	10	1602038				books/DSS-Daniel.txt	1237360	4104	2060770-2060787	18	1	70e4c11ad46f6c675b0714a966a5e62fb95a5916cc6371bf0d028774a4941c9f	linguistics/books/DSS-Daniel-Linguistics.txt	1562360	7556	13bde1c1f7cf954c8580af385a487ace2f0ed12b008c6e540d12dbd7abafcdeb	PARTLY_RECONSTRUCTED	45	45	40	1	4	40	1	0	0	0	0	0	0
L1602039-R001	biblical_book	Dan	8	5		4Q113	1606780	f16_18i+19	11	1602039				books/DSS-Daniel.txt	1241464	2769	2060788-2060797	10	0	cfbbbce98aa92cc5ecf5070d5fe6534e7ec22ae260e75be81fbee1e1305a0870	linguistics/books/DSS-Daniel-Linguistics.txt	1569916	4393	44993eeb0b7db5e9bedee56965a3189115bfc9ea3af6fc0933aab82bfc50afd4	ALL_LETTER_SLOTS_RECONSTRUCTED	28	25	25	0	0	28	0	0	1	0	0	0	0
L1602039-R002	biblical_book	Dan	8	6		4Q113	1606780	f16_18i+19	11	1602039				books/DSS-Daniel.txt	1244233	2759	2060798-2060805	8	1	6d9010fdcfc2c90af8614e7e3945a59648fca22dba01451f2f7061d2d6e929ef	linguistics/books/DSS-Daniel-Linguistics.txt	1574309	3552	66debac6cad45ff235d8eb838789d36a4182d3a3603789267ea653a0bc5a70e3	PARTLY_RECONSTRUCTED	19	19	7	2	10	7	2	0	0	0	0	0	0
L1602040-R001	biblical_book	Dan	8	6		4Q113	1606780	f16_18i+19	12	1602040				books/DSS-Daniel.txt	1246992	3455	2060806-2060819	14	0	2c26f98bb4f15571594a3c49b5685493d19d42629ae269612fcd7b8d5c7a2312	linguistics/books/DSS-Daniel-Linguistics.txt	1577861	5915	a1eb5d45f680cf20bf1f155d0bfd0f271b0b6979a0c6df5a99b33b8fe9e25608	PARTLY_RECONSTRUCTED	38	34	31	1	2	32	1	0	1	0	0	0	0
L1602040-R002	biblical_book	Dan	8	7		4Q113	1606780	f16_18i+19	12	1602040				books/DSS-Daniel.txt	1250447	2153	2060820-2060822	3	1	e72dccf2b57da26eb702fdafb33514a03daf60f710b28052d389460025a672e9	linguistics/books/DSS-Daniel-Linguistics.txt	1583776	1623	bb8416a673eb53a5f497a3487346b8ecf4cbcca3d9c3ae24a68b4a9b655f5f37	PARTLY_RECONSTRUCTED	13	12	1	1	10	1	1	0	0	0	0	0	0
L1602041-R001	biblical_book	Dan	8	7		4Q113	1606780	f16_18i+19	13	1602041				books/DSS-Daniel.txt	1252600	4502	2060823-2060841	19	1	df4b45d1378f17ddbc1424e52b43ea18dc500681292bf25f09b94a8d90797201	linguistics/books/DSS-Daniel-Linguistics.txt	1585399	7935	df31670ecf7c85a9432fd88c8af750dc033e93c8e5a073442133650b01ae759d	PARTLY_RECONSTRUCTED	50	48	40	1	7	41	1	0	0	0	0	0	0
L1602042-R001	biblical_book	Dan	8	7		4Q113	1606780	f16_18i+19	14	1602042				books/DSS-Daniel.txt	1257102	4324	2060842-2060855	14	1	b292ac2aeb3eccbfb2f9754cc70cc8a4018ac148939095b4fa31468ef09cacff	linguistics/books/DSS-Daniel-Linguistics.txt	1593334	6009	c36776f49f137ee052f14689d0b3c2b8a27da4e3599bc72b9675ffbb3be219ba	PARTLY_RECONSTRUCTED	43	39	30	4	4	33	4	0	0	0	1	0	0
L1602043-R001	biblical_book	Dan	8	7		4Q113	1606780	f16_18i+19	15	1602043				books/DSS-Daniel.txt	1261426	2303	2060856-2060862	7	0	e44565493c6dfcf950b4df8128b8b6139033e6215c26459c96e30d5a373dd30d	linguistics/books/DSS-Daniel-Linguistics.txt	1599343	3102	a47a4f06040e889104bfcae6b782b22166a18ecc8ee1e3323226c3e8ada93d34	ALL_LETTER_SLOTS_RECONSTRUCTED	18	15	15	0	0	18	0	0	1	0	0	0	0
L1602043-R002	biblical_book	Dan	8	8		4Q113	1606780	f16_18i+19	15	1602043				books/DSS-Daniel.txt	1263729	2847	2060863-2060870	8	1	3a7ba89a6e6850e4047dc5f8a78d641d2f1d51d866e1274ef7985c27b90acb5e	linguistics/books/DSS-Daniel-Linguistics.txt	1602445	3545	4e5ef2da52fd98e72eb9273196edefa33da830337c23a69da88e0207545e0e9c	PARTLY_RECONSTRUCTED	23	21	15	2	4	15	2	0	1	0	0	0	0
L1602044-R001	biblical_book	Dan	8	13		4Q113	1606780	f18ii	1	1602044				books/DSS-Daniel.txt	1266576	4069	2060871-2060885	15	1	dd58668f3a0ee75629ac7c22a1855b445e71ce833dd5240e9e58019e2f94049c	linguistics/books/DSS-Daniel-Linguistics.txt	1605990	6442	3047b3ace4c1bf362f3b74662f4f4a9972d0b247a1004747a420edb9b6e1be68	PARTLY_RECONSTRUCTED	37	37	25	7	5	25	7	0	0	0	0	0	0
L1602045-R001	biblical_book	Dan	8	13		4Q113	1606780	f18ii	2	1602045				books/DSS-Daniel.txt	1270645	1982	2060886-2060891	6	0	f6374c9cd6c14c4767ec3e26d5da68ad6d8e1f200387e9324b2897e4b517a76f	linguistics/books/DSS-Daniel-Linguistics.txt	1612432	2743	3279560db65e8e788166da3f07b99ea412b3dcc155453896a215c61492754001	NO_LETTER_RECONSTRUCTION_MARKED	15	13	0	0	13	2	0	0	1	0	0	0	0
L1602045-R002	biblical_book	Dan	8	14		4Q113	1606780	f18ii	2	1602045				books/DSS-Daniel.txt	1272627	3086	2060892-2060901	10	1	2c66c72406434ad584fbd1912370d33834634676f8662a412578d615bc896519	linguistics/books/DSS-Daniel-Linguistics.txt	1615175	4463	1d2cb58b1617dec7e9fb3679361e7327051fc8853d871f53240f33aa2be20d3e	ALL_LETTER_SLOTS_RECONSTRUCTED	30	29	29	0	0	30	0	0	0	0	0	0	0
L1602046-R001	biblical_book	Dan	8	14		4Q113	1606780	f18ii	3	1602046				books/DSS-Daniel.txt	1275713	2663	2060902-2060905	4	3	75ae428300d670e8e6ce30d581cf565c18329375c8fbb291ffb47e57a1b6a6e7	linguistics/books/DSS-Daniel-Linguistics.txt	1619638	1923	32567e6f59db37aa974efe1244318f8b4b4f4f3c335662de9859fa5212e74d63	NO_LETTER_RECONSTRUCTION_MARKED	11	9	0	0	9	0	0	0	1	0	0	0	0
L1602047-R001	biblical_book	Dan	8	15		4Q113	1606780	f18ii	4	1602047				books/DSS-Daniel.txt	1278376	4573	2060906-2060922	17	1	afac8bcb2ffdfb1021caab6ae39b5e770508c287336b1bd0aea4f3463a7e7f54	linguistics/books/DSS-Daniel-Linguistics.txt	1621561	7319	f51934e06313ef7e4c92dc4587359376bf854a146460fdf06cb9ae644aa2150b	PARTLY_RECONSTRUCTED	49	47	34	4	9	35	4	0	0	0	0	0	0
L1602048-R001	biblical_book	Dan	8	15		4Q113	1606780	f18ii	5	1602048				books/DSS-Daniel.txt	1282949	1683	2060923-2060926	4	0	b7eb02bff076c3fffec0ab86eca826e9b51280c06ad565b965ab8bcbfad41934	linguistics/books/DSS-Daniel-Linguistics.txt	1628880	1977	a9b25db15795a751734e04ed1e262f89ab63f95edbb6d2c4066f1b726e618396	NO_LETTER_RECONSTRUCTION_MARKED	10	8	0	0	8	0	0	0	1	0	0	0	0
L1602048-R002	biblical_book	Dan	8	16		4Q113	1606780	f18ii	5	1602048				books/DSS-Daniel.txt	1284632	3314	2060927-2060938	12	1	7cac6932348a6bf82176f10cc489d74090adc70cb4eb544ff5bf601e990275a3	linguistics/books/DSS-Daniel-Linguistics.txt	1630857	5324	2c2a33b73f2927a792d2dd8d3deff7459f43262f1b559a2473cac90ddf572db3	PARTLY_RECONSTRUCTED	37	37	34	0	3	34	0	0	0	0	0	0	0
L1602049-R001	biblical_book	Dan	8	16		4Q113	1606780	f18ii	6	1602049				books/DSS-Daniel.txt	1287946	2529	2060939-2060945	7	1	16db89e9f9a0d8fb19bd98fcc0998f3fbf634e3146a95567cd48139fa5753c34	linguistics/books/DSS-Daniel-Linguistics.txt	1636181	3083	4fbc3108ccee2d07f70de8d46574793860944d71159d2ae9fb948d123e5b2c3b	PARTLY_RECONSTRUCTED	15	11	5	1	5	7	1	1	2	0	0	0	0
L1602053-R001	biblical_book	Dan	10	5		4Q114	1606781	1	1	1602053				books/DSS-Daniel.txt	1290526	3418	2060956-2060966	11	1	08fe8256dbfd0b1fec7781c4dad401f07709ab2579c2d1006da0969483245564	linguistics/books/DSS-Daniel-Linguistics.txt	1639315	4824	3226a59ba1b243cc9df20d504db0315b46b79ecb76774b4bc131d8b2dbddc2fe	PARTLY_RECONSTRUCTED	32	27	13	2	12	15	3	1	2	0	0	0	0
L1602054-R001	biblical_book	Dan	10	5		4Q114	1606781	1	2	1602054				books/DSS-Daniel.txt	1293944	1760	2060967-2060970	4	0	3825f8f9c4980f591ff9f76134298508698812fe0048e530a95f34b8c63b81a1	linguistics/books/DSS-Daniel-Linguistics.txt	1644139	1961	185600a76ec19311c97d8a0b39b3540487d48b26c21001799b6f016e049a0f54	PARTLY_RECONSTRUCTED	10	8	6	1	1	8	1	0	1	0	0	0	0
L1602054-R002	biblical_book	Dan	10	6		4Q114	1606781	1	2	1602054				books/DSS-Daniel.txt	1295704	3170	2060971-2060979	9	1	0268f60b0d76b872abdaef70d730d043d1471d36edb56f2d4eef0aa1b2e7a150	linguistics/books/DSS-Daniel-Linguistics.txt	1646100	4193	573c5edf563c120c560b3bb23893f109741c3c0f80144df9048bc962de33610f	PARTLY_RECONSTRUCTED	28	26	5	5	16	5	5	0	0	0	0	0	0
L1602055-R001	biblical_book	Dan	10	6		4Q114	1606781	1	3	1602055				books/DSS-Daniel.txt	1298874	3862	2060980-2060991	12	1	89d3cae7f6c2f0c736706d15e553a7f97bc1f31dacb85577f1cd13dd6ce22d38	linguistics/books/DSS-Daniel-Linguistics.txt	1650293	5428	542d9cc2cf483e40e73cb1451e8d645daa436f0648e73dbb8bb5ee5e52e38f44	PARTLY_RECONSTRUCTED	39	36	3	7	26	4	7	0	0	0	0	0	0
L1602056-R001	biblical_book	Dan	10	6		4Q114	1606781	1	4	1602056				books/DSS-Daniel.txt	1302736	2381	2060992-2060999	8	0	1b0f895e4ed06cf7fa292ccb0ca247ef9855a643d33b3c46256710a9be5c3463	linguistics/books/DSS-Daniel-Linguistics.txt	1655721	3551	9ea1e10ee2836ce6657f3209bbe372975fb6ee254a7e36b1e1c03240564e3f3b	NO_LETTER_RECONSTRUCTION_MARKED	22	19	0	1	18	0	1	0	1	0	0	0	0
L1602056-R002	biblical_book	Dan	10	7		4Q114	1606781	1	4	1602056				books/DSS-Daniel.txt	1305117	2593	2061000-2061005	6	1	bc3dfa00953836e8554fa3b86c4bc381b49766e1e7eeff9cacd8bce9df09550e	linguistics/books/DSS-Daniel-Linguistics.txt	1659272	2867	42b146769312ac8929ab59dbc047dd2fd5807943991b9432760c00b3d87e42db	PARTLY_RECONSTRUCTED	19	18	1	2	15	1	2	0	0	0	0	0	0
L1602057-R001	biblical_book	Dan	10	7		4Q114	1606781	1	5	1602057				books/DSS-Daniel.txt	1307710	3495	2061006-2061019	14	1	4410a7f48d17f65c8d56dbf10aea9c52a55b380c712f6d4cf799ba1011af0f5f	linguistics/books/DSS-Daniel-Linguistics.txt	1662139	5921	609d2bf9300d388e428b4852f730e4b3f03a29d884da1d39b59699a7a0059274	NO_LETTER_RECONSTRUCTION_MARKED	36	35	0	0	35	0	0	0	0	0	0	0	0
L1602058-R001	biblical_book	Dan	10	7		4Q114	1606781	1	6	1602058				books/DSS-Daniel.txt	1311205	3278	2061020-2061029	10	1	1fd3b1bbf4709db98e5edddf0e44ef997a577b0b090df299faaa165ef875cc04	linguistics/books/DSS-Daniel-Linguistics.txt	1668060	4467	d0b325e30f6e6d13b241b77220e1b62cc2a030682a5cc1daf2cbe1544786dd0b	PARTLY_RECONSTRUCTED	35	32	1	4	27	1	4	0	1	0	0	0	0
L1602059-R001	biblical_book	Dan	10	8		4Q114	1606781	1	7	1602059				books/DSS-Daniel.txt	1314483	3879	2061030-2061043	14	1	dff15e685d2f9e030707dacb6c36c9cd97c87d457bd5cae76ff9fd8dcf596b23	linguistics/books/DSS-Daniel-Linguistics.txt	1672527	5934	442f93fcedb619e9c4cacd8835cd8672ed6e85ba984ba4985a36b4e63956277d	PARTLY_RECONSTRUCTED	35	34	2	6	26	2	6	0	0	0	0	0	0
L1602060-R001	biblical_book	Dan	10	8		4Q114	1606781	1	8	1602060				books/DSS-Daniel.txt	1318362	3629	2061044-2061056	13	1	f758368fffab0b36939dba49db7541dd9e9001ab5bd509a0577500ebb7c02d9a	linguistics/books/DSS-Daniel-Linguistics.txt	1678461	5527	f58a1bbeffa61e21686e63ccdb7b6a607dee844710d48caaa1583fdd192f3dc7	PARTLY_RECONSTRUCTED	35	32	1	1	30	1	1	0	0	0	0	0	0
L1602061-R001	biblical_book	Dan	10	8		4Q114	1606781	1	9	1602061				books/DSS-Daniel.txt	1321991	1590	2061057-2061059	3	0	e4d9dfafec41a9b22639f08a0cf78f7a58a12cb05892ca52fc08fb89fe8fc16c	linguistics/books/DSS-Daniel-Linguistics.txt	1683988	1548	95f3b91580293c2cac1dfbff5c1ecdd1750d55bfdbd1e6cf98be20d17eb5c18b	ALL_LETTER_SLOTS_RECONSTRUCTED	9	7	7	0	0	9	0	0	1	0	0	0	0
L1602061-R002	biblical_book	Dan	10	9		4Q114	1606781	1	9	1602061				books/DSS-Daniel.txt	1323581	3276	2061060-2061068	9	1	7e6918f25ee2256e42888d7886c0a321b48026bac6cbf3d9e3fa32cbcc77d4c1	linguistics/books/DSS-Daniel-Linguistics.txt	1685536	3998	18cfe867753e05fb5e2ab91da75046e375486e5595669b34d79d52b490220448	PARTLY_RECONSTRUCTED	25	23	17	5	1	19	5	0	0	0	0	0	0
L1602062-R001	biblical_book	Dan	10	9		4Q114	1606781	1	10	1602062				books/DSS-Daniel.txt	1326857	3812	2061069-2061080	12	1	779949513675120611190664c98d5d215d9330b07420d9bc8a3f49e0a0d6c872	linguistics/books/DSS-Daniel-Linguistics.txt	1689534	5258	273a323af106c3ae63de6cc6f4b5a68643f69638e451a32a5a309a58fade1299	ALL_LETTER_SLOTS_RECONSTRUCTED	40	34	34	0	0	38	0	0	1	0	0	0	0
L1602063-R001	biblical_book	Dan	10	11		4Q114	1606781	1	11	1602063				books/DSS-Daniel.txt	1330669	2213	2061081-2061084	4	1	9748cbe0a1e3ae925d11c1fd0a9d9940c2d7fd08164dd259bbfab46a91898584	linguistics/books/DSS-Daniel-Linguistics.txt	1694792	1929	6f3d34261ca3dc4dafcaed097774ef57a2c2b592222efb2b5fe6ee6966d3ef73	PARTLY_RECONSTRUCTED	11	8	1	1	6	3	1	1	1	0	0	0	0
L1602064-R001	biblical_book	Dan	10	11		4Q114	1606781	1	12	1602064				books/DSS-Daniel.txt	1332882	3256	2061085-2061094	10	1	6e8d771d85bf082e747b02f7b8583c25c756b92dc1f64a8a57e6ef4896ebeb90	linguistics/books/DSS-Daniel-Linguistics.txt	1696721	4649	9d93cf41e53e4b379a43182d6ab57ecb3b90f8f40c81997b83e8e6271df2e096	PARTLY_RECONSTRUCTED	37	36	27	2	7	27	2	0	0	0	0	0	0
L1602065-R001	biblical_book	Dan	10	11		4Q114	1606781	1	13	1602065				books/DSS-Daniel.txt	1336138	3855	2061095-2061107	13	1	b225fdd186f55965544e705e05583980cdb7f3b81303784b856c4f84f33d6709	linguistics/books/DSS-Daniel-Linguistics.txt	1701370	5589	34e5df0fc368d086b357f271602bce1be9d21a8661591223409334faaf1bf7d6	PARTLY_RECONSTRUCTED	39	35	29	1	5	31	1	0	0	0	0	0	0
L1602066-R001	biblical_book	Dan	10	11		4Q114	1606781	1	14	1602066				books/DSS-Daniel.txt	1339993	2178	2061108-2061114	7	0	1513965d3edafba94f36dc7479775df382d7e838e4de2f072867d74b66abf728	linguistics/books/DSS-Daniel-Linguistics.txt	1706959	3096	292eeaa84e7d58839c9ea23a5d7e2c2148ffabf5c7ca89bd8965a5898248c88d	ALL_LETTER_SLOTS_RECONSTRUCTED	19	17	17	0	0	19	0	0	1	0	0	0	0
L1602066-R002	biblical_book	Dan	10	12		4Q114	1606781	1	14	1602066				books/DSS-Daniel.txt	1342171	3045	2061115-2061121	7	1	8d2917e03879a5aca92ebfc44227b9cb8e61e1c805afea8aebf03d700852b035	linguistics/books/DSS-Daniel-Linguistics.txt	1710055	3326	6d8110ee3fbe362d32b541feda2addfd88735b10f46c8fdb72ecb1c85433db12	PARTLY_RECONSTRUCTED	22	21	6	7	9	6	7	0	0	0	0	0	0
L1602067-R001	biblical_book	Dan	10	12		4Q114	1606781	1	15	1602067				books/DSS-Daniel.txt	1345216	4427	2061122-2061138	17	1	a8f2224ff1ae3d2b555e31e2abd0d8a36f8c3cd53809bc5a8b3efb9c954d0303	linguistics/books/DSS-Daniel-Linguistics.txt	1713381	7216	42e60c115ecd95857115fa048240305dfe9af040358b4fc33d9ba8f72b468fdb	PARTLY_RECONSTRUCTED	48	46	9	4	33	9	4	0	0	0	0	0	0
L1602068-R001	biblical_book	Dan	10	12		4Q114	1606781	1	16	1602068				books/DSS-Daniel.txt	1349643	2720	2061139-2061146	8	0	54752e3e7a413c9383ae22f530474930592f897850315f28f26c59fc13e821f5	linguistics/books/DSS-Daniel-Linguistics.txt	1720597	3651	aef117a4bc451dd3f3c8536dde06d5228069b626f44c49a61eb33cce8be0b574	PARTLY_RECONSTRUCTED	28	24	7	1	16	7	1	0	1	0	0	0	0
L1602068-R002	biblical_book	Dan	10	13		4Q114	1606781	1	16	1602068				books/DSS-Daniel.txt	1352363	2218	2061147-2061151	5	1	18f94fe7b796acf838bf44851cef8c20c439c05970ab3398115b1349f4d6d68e	linguistics/books/DSS-Daniel-Linguistics.txt	1724248	2457	3718bff9546a7aa5b102f9dcbe0af9c3f20672331b42e7fc59f73c618c2083d3	PARTLY_RECONSTRUCTED	15	15	2	0	13	2	0	0	0	0	0	0	0
L1602069-R001	biblical_book	Dan	10	13		4Q114	1606781	2	1	1602069				books/DSS-Daniel.txt	1354581	3321	2061152-2061163	12	1	20285e6e31d592405e181f628e8d974dfe24e60bc7312e67a5ccd0e8c7c2da6e	linguistics/books/DSS-Daniel-Linguistics.txt	1726705	5293	c4df54909d53a171a2cc67856b44fecc86717cbdfddfc9f5574cfe7246e49176	PARTLY_RECONSTRUCTED	35	34	29	0	5	29	0	0	0	0	0	0	0
L1602070-R001	biblical_book	Dan	10	13		4Q114	1606781	2	2	1602070				books/DSS-Daniel.txt	1357902	3290	2061164-2061176	13	0	397fc21ed6b691f8d9bf3f1c53a7a2ff8cc8b74c08ca3f2d94265296386086d7	linguistics/books/DSS-Daniel-Linguistics.txt	1731998	5626	2c72dd9fc73311a9e0bbdb7eff805b6c3b788d6a4100ae7f237e9574dc6df8a7	PARTLY_RECONSTRUCTED	40	37	33	0	4	36	0	0	1	0	0	0	0
L1602070-R002	biblical_book	Dan	10	14		4Q114	1606781	2	2	1602070				books/DSS-Daniel.txt	1361192	1710	2061177-2061178	2	1	fd71ae436d9afe324a3a6b8ce54442186521c6150edba7b6498ae47e9b9df6bf	linguistics/books/DSS-Daniel-Linguistics.txt	1737624	1162	14ab0290e90a59712d3e2605da48144547b8beda2777949f1a7e8ffd27a92f69	ALL_LETTER_SLOTS_RECONSTRUCTED	5	5	5	0	0	5	0	0	0	0	0	0	0
L1602071-R001	biblical_book	Dan	10	14		4Q114	1606781	2	3	1602071				books/DSS-Daniel.txt	1362902	4221	2061179-2061195	17	1	b982a862e181e90c8e0074a0fd20127fe3073d441b39016271304d46ee156592	linguistics/books/DSS-Daniel-Linguistics.txt	1738786	7153	95d888607df9382680fd52c848718f2678cb93da4a4c761f1d0e9677bdcea55d	PARTLY_RECONSTRUCTED	48	44	38	1	5	39	1	0	1	0	0	0	0
L1602072-R001	biblical_book	Dan	10	15		4Q114	1606781	2	4	1602072				books/DSS-Daniel.txt	1367123	3765	2061196-2061209	14	0	7973d2fd70d4e32ba9ee9ed59c4acc9d18786833dfebca6484e24233cb621f53	linguistics/books/DSS-Daniel-Linguistics.txt	1745939	5992	7dcd829d8a560910c3fe034c67d932e0324abff9a500ac023573b2d42312f973	PARTLY_RECONSTRUCTED	43	37	33	0	4	39	0	0	1	0	0	0	0
L1602072-R002	biblical_book	Dan	10	16		4Q114	1606781	2	4	1602072				books/DSS-Daniel.txt	1370888	1700	2061210-2061211	2	1	1c5aa4b0783987c37b88599c53a79e05a643abf8b3b00bfb9ad932082ea79b7a	linguistics/books/DSS-Daniel-Linguistics.txt	1751931	1179	2498d9e9280a4af5df284c002da376248dedd2bc8e535a8d345df8db8541a3d3	ALL_LETTER_SLOTS_RECONSTRUCTED	4	4	4	0	0	4	0	0	0	0	0	0	0
L1602073-R001	biblical_book	Dan	10	16		4Q114	1606781	2	5	1602073				books/DSS-Daniel.txt	1372588	3930	2061212-2061225	14	1	59cf6c008e718736ef8b33ef53ce8cc741403b83627da44ca696cc5cb478bc26	linguistics/books/DSS-Daniel-Linguistics.txt	1753110	6040	55dd5725ccc89a28450701256fcd484dc8925a06c4d8c63445718feb520cc97d	PARTLY_RECONSTRUCTED	40	38	33	2	3	35	2	0	0	0	0	0	0
L1602074-R001	biblical_book	Dan	10	16		4Q114	1606781	2	6	1602074				books/DSS-Daniel.txt	1376518	4272	2061226-2061240	15	1	4c67cc6bd279cefad244ffa9ce53d422dee2f4bec01e1afeb51a713ee5d58741	linguistics/books/DSS-Daniel-Linguistics.txt	1759150	6372	508281181c72bc20a6a5e1786c033d230ed9bb48db86ae6cec31c67f259f59b5	PARTLY_RECONSTRUCTED	46	40	38	1	1	42	1	0	1	0	0	0	0
L1602075-R001	biblical_book	Dan	10	20		4Q114	1606781	2	12	1602075				books/DSS-Daniel.txt	1380790	1603	2061241-2061243	3	0	b2d66d27dafa8238a6fb901abf27323b82239100c91e251bd2b6986383db13ea	linguistics/books/DSS-Daniel-Linguistics.txt	1765522	1465	2c2f6dc68a1227c81687d15375f4a1e8f56e99f6fb46d4d5e4aeb5da4e77cecb	NO_LETTER_SLOTS	6	0	0	0	0	4	1	1	3	0	0	0	0
L1602075-R002	biblical_book	Dan	10	21		4Q114	1606781	2	12	1602075				books/DSS-Daniel.txt	1382393	2885	2061244-2061252	9	1	438c36a2b4b8b44c260530a7199d600616978f23aa9b15d549efe5a3b65d26b9	linguistics/books/DSS-Daniel-Linguistics.txt	1766987	3962	45b940cc8e336c994ee648a8622b1f8c1da88006bff4367f0807c4562d216a39	ALL_LETTER_SLOTS_RECONSTRUCTED	24	23	23	0	0	24	0	0	0	0	0	0	0
L1602076-R001	biblical_book	Dan	10	21		4Q114	1606781	2	13	1602076				books/DSS-Daniel.txt	1385278	3539	2061253-2061264	12	0	41df199c9ec204ed208973fac05204d5d0202edb94594398471076ffbfcf6fff	linguistics/books/DSS-Daniel-Linguistics.txt	1770949	5224	fc610c65b879043185768a6041cce5efabb8f32648e67700de85f5a8e4c1419f	PARTLY_RECONSTRUCTED	38	29	12	6	11	16	8	1	3	0	0	0	0
L1602076-R002	biblical_book	Dan	11	1		4Q114	1606781	2	13	1602076				books/DSS-Daniel.txt	1388817	1706	2061265-2061266	2	1	454f02365b3f5fa6a94bf47c0d5876dd59b7e1091690f277d05e8c041fd8a3bf	linguistics/books/DSS-Daniel-Linguistics.txt	1776173	1175	7cbdf5e34a41e38fc953ec06243a014ae55e5ef2bccae6e39a1f90fd94938543	ALL_LETTER_SLOTS_RECONSTRUCTED	4	4	4	0	0	4	0	0	0	0	0	0	0
L1602077-R001	biblical_book	Dan	11	1		4Q114	1606781	2	14	1602077				books/DSS-Daniel.txt	1390523	3305	2061267-2061281	15	0	4fb5797d24b14d284cbb650d814ef65691d1fa62e1657e54a6a8943ed4087c4f	linguistics/books/DSS-Daniel-Linguistics.txt	1777348	6288	60e4411b1b2f72c61f3a0f01216133052f7e68bc1c669104c9f407e6fc17ac29	NO_LETTER_RECONSTRUCTION_MARKED	38	35	0	0	35	0	0	0	1	0	0	0	0
L1602077-R002	biblical_book	Dan	11	2		4Q114	1606781	2	14	1602077				books/DSS-Daniel.txt	1393828	1753	2061282-2061283	2	1	46efba00cd47679d391ec6531ea0032e9fb0f6a1916181f7074b78241f0055de	linguistics/books/DSS-Daniel-Linguistics.txt	1783636	1170	d170c32e06472c2da52b62d178d3b726e24bde15f2192e9228aedd46710fa24e	NO_LETTER_RECONSTRUCTION_MARKED	4	4	0	1	3	0	1	0	0	0	0	0	0
L1602078-R001	biblical_book	Dan	11	2		4Q114	1606781	2	15	1602078				books/DSS-Daniel.txt	1395581	3683	2061284-2061296	13	1	8a76e4a54a48b1e0c7f245ad34550c5473dbf833e6bcdf6d5626a4c2aadb3dae	linguistics/books/DSS-Daniel-Linguistics.txt	1784806	5701	0dfb457c7640327f837b689663fc275ff8200cfd8c6df85bd715a7df24c2ec42	NO_LETTER_RECONSTRUCTION_MARKED	42	41	0	2	39	0	2	0	0	0	0	0	0
L1602079-R001	biblical_book	Dan	11	2		4Q114	1606781	2	16	1602079				books/DSS-Daniel.txt	1399264	4334	2061297-2061312	16	1	70e95295052b66bd588ad4a6c3ba2a614cfab6b4de6fc81d7305de6720d449cd	linguistics/books/DSS-Daniel-Linguistics.txt	1790507	6861	ec8bf635606cb760a760f8188de93a984e5ae893e3e87a4c47484461d2a8518b	PARTLY_RECONSTRUCTED	47	43	2	7	34	2	7	0	1	0	0	0	0
L1602080-R001	biblical_book	Dan	11	13		4Q114	1606781	3	12	1602080				books/DSS-Daniel.txt	1403598	2168	2061313-2061318	6	0	0e7bff684f78706c278a562cc57c9d3210a17e2a5ea1f9bd841e8210d9d06467	linguistics/books/DSS-Daniel-Linguistics.txt	1797368	2761	c61b94d52e30ac73854db989de90b9360a7f363b5be1908bc32e1de661036d5f	PARTLY_RECONSTRUCTED	14	12	4	3	5	6	3	0	1	0	0	0	0
L1602080-R002	biblical_book	Dan	11	14		4Q114	1606781	3	12	1602080				books/DSS-Daniel.txt	1405766	3774	2061319-2061333	15	1	2ac002b54592e8b3c58f277d2173fa4a86a38a1f325d8ce337ad9ecd8f9f73bf	linguistics/books/DSS-Daniel-Linguistics.txt	1800129	6322	90c3903d4a9ed8313e21854f575ff327b060afe82df88e4ae489647443d86697	ALL_LETTER_SLOTS_RECONSTRUCTED	40	39	39	0	0	40	0	0	0	0	0	0	0
L1602081-R001	biblical_book	Dan	11	14		4Q114	1606781	3	13	1602081				books/DSS-Daniel.txt	1409540	2526	2061334-2061340	7	0	8e0f1a9a8824abeb0b8e85835a36feba82fa8e178255b39be5dbf7bebad28561	linguistics/books/DSS-Daniel-Linguistics.txt	1806451	3195	c2b91a6c6d44e46f26a955b9e381be3698d708711b62dd4d786d8dab887e21f5	PARTLY_RECONSTRUCTED	23	21	9	5	7	11	5	0	1	0	0	0	0
L1602081-R002	biblical_book	Dan	11	15		4Q114	1606781	3	13	1602081				books/DSS-Daniel.txt	1412066	3864	2061341-2061351	11	2	2947d405276e7aff8dce8c7fe19ac45ac8664e1c90add6821f77e676135e55e2	linguistics/books/DSS-Daniel-Linguistics.txt	1809646	4790	352301b544b4890cfdbe685e6ed6b30b5e27b74ddf940ded5d6eee1b0d5b3f3f	PARTLY_RECONSTRUCTED	29	27	6	8	13	8	8	0	2	0	0	0	0
L1602082-R001	biblical_book	Dan	11	15		4Q114	1606781	3	14	1602082				books/DSS-Daniel.txt	1415930	4100	2061352-2061367	16	0	a8dbafbd7813c3606c338630afa6d2b7f3c7ba3baf8f1dcf586c2188fc75e25a	linguistics/books/DSS-Daniel-Linguistics.txt	1814436	6846	70a439507dd79f9bb23bfc5298e6fb865430d32083564d07b9278e86015b1b31	PARTLY_RECONSTRUCTED	45	42	5	7	30	5	7	0	1	0	0	0	0
L1602082-R002	biblical_book	Dan	11	16		4Q114	1606781	3	14	1602082				books/DSS-Daniel.txt	1420030	2345	2061368-2061372	5	1	2c6a3978964d53f42693331c1ff6121caa9658c75b51e11c76e58d0a7273dce0	linguistics/books/DSS-Daniel-Linguistics.txt	1821282	2334	61e7eadaea77b7e6161a81ba921f6deb7fddc8354b8776163870f6083a0cb01b	PARTLY_RECONSTRUCTED	12	11	1	2	8	1	2	0	0	0	0	0	0
L1602083-R001	biblical_book	Dan	11	16		4Q114	1606781	3	15	1602083				books/DSS-Daniel.txt	1422375	4603	2061373-2061390	18	0	f8f1f654dbd29e2efea4e89ed6927871414f587b04477360a23f099f765c35b4	linguistics/books/DSS-Daniel-Linguistics.txt	1823616	7546	58b2bbf17bbe3955293b29e8503572ad5ab966170f1159cbb05da01da4dc9fc2	PARTLY_RECONSTRUCTED	44	38	3	10	25	4	10	0	2	0	0	0	0
L1602083-R002	biblical_book	Dan	11	17		4Q114	1606781	3	15	1602083				books/DSS-Daniel.txt	1426978	2621	2061391-2061398	8	1	473e331afc0a17db1fec3f1d024e09a721dbf0d97ad8a3d828edf7fced4e7ccb	linguistics/books/DSS-Daniel-Linguistics.txt	1831162	3520	c369ac2e977f5c1eab9a792b0ce5e5dfb3c0a7f03082b9b2c64cc5a46ed7dc37	NO_LETTER_RECONSTRUCTION_MARKED	18	17	0	0	17	0	0	0	0	0	0	0	0
L1602084-R001	biblical_book	Dan	11	17		4Q114	1606781	3	16	1602084				books/DSS-Daniel.txt	1429599	5427	2061399-2061418	20	1	1b2efd50f47a4016f5b51f7b77f4d66307c3e532f7050dbf49211886f56a0ba4	linguistics/books/DSS-Daniel-Linguistics.txt	1834682	8258	bc598d40f444ce6b433a205de44f5bb95603676440196fdee652327c2610dd2e	PARTLY_RECONSTRUCTED	59	49	1	9	39	1	13	0	1	0	0	0	0
L1602085-R001	biblical_book	Dan	11	25		4Q114	1606781	4	13	1602085				books/DSS-Daniel.txt	1435026	2180	2061419-2061423	5	0	b270b246787284ee7372a1e0502a6b85aa47e94b8b62eb8dbc9efc30cde2f926	linguistics/books/DSS-Daniel-Linguistics.txt	1842940	2451	f2ea0522fc46162e032af399b59c38bae41e738c0ee6b444c0e1c84d6c53935f	PARTLY_RECONSTRUCTED	20	17	14	1	2	15	1	0	1	0	0	0	0
L1602085-R002	biblical_book	Dan	11	26		4Q114	1606781	4	13	1602085				books/DSS-Daniel.txt	1437206	2910	2061424-2061430	7	1	4d675c9bb3fb48ff04eb1db7a52feaa2184a6972478027835752f0fd2e631a5e	linguistics/books/DSS-Daniel-Linguistics.txt	1845391	3222	24deb063ab8255719455443d28d05455c24d2a757c29e985f9371c96ab570c70	PARTLY_RECONSTRUCTED	25	22	21	1	0	24	1	0	0	0	0	0	0
L1602086-R001	biblical_book	Dan	11	26		4Q114	1606781	4	14	1602086				books/DSS-Daniel.txt	1440116	2521	2061431-2061436	6	0	330652bbb6541aaf434e746828212abc8be18ff07b6b0c11fca0a1525f6a2401	linguistics/books/DSS-Daniel-Linguistics.txt	1848613	2814	8702114feb6974335d8ebe6b2487fdad6a11ccc106ea8c1ee2bf5d109ab1a26a	PARTLY_RECONSTRUCTED	20	18	2	7	9	4	7	0	1	0	0	0	0
L1602086-R002	biblical_book	Dan	11	27		4Q114	1606781	4	14	1602086				books/DSS-Daniel.txt	1442637	2462	2061437-2061441	5	1	afa35e15ac8af7dfc09e34f1a047c525bdfdc60dd98dd4f73713d5754c7695cd	linguistics/books/DSS-Daniel-Linguistics.txt	1851427	2462	04512917ac1264b5ed84678b5c8a9e013dbfd6b289e38625b6776fd3a1f68490	ALL_LETTER_SLOTS_RECONSTRUCTED	18	16	16	0	0	18	0	0	0	0	0	0	0
L1602087-R001	biblical_book	Dan	11	27		4Q114	1606781	4	15	1602087				books/DSS-Daniel.txt	1445099	3597	2061442-2061455	14	1	02e0a063d48a2acea72aa94692889453bd3d9df45b3862093f7bc30a16961a74	linguistics/books/DSS-Daniel-Linguistics.txt	1853889	5986	37ecaa5e5004cc33b280c833c04c53482313007e520306f9b1b647f7a35447c7	PARTLY_RECONSTRUCTED	36	36	19	2	15	19	2	0	0	0	0	0	0
L1602088-R001	biblical_book	Dan	11	27		4Q114	1606781	4	16	1602088				books/DSS-Daniel.txt	1448696	1733	2061456-2061458	3	0	d48364e36c7ae4f80b18f80ae0c75af9abf6c8abdd1c212378e1d2064e975e79	linguistics/books/DSS-Daniel-Linguistics.txt	1859875	1554	508886774a97f35b721aee2d8b81f6dcb3309e915be1e954f5797c4c3e4bf7db	PARTLY_RECONSTRUCTED	7	5	1	3	0	1	3	0	1	0	7	0	0
L1602088-R002	biblical_book	Dan	11	28		4Q114	1606781	4	16	1602088				books/DSS-Daniel.txt	1450429	4366	2061459-2061476	18	0	34cfa14dc50806aca7ebff17d2bdc3edcfdeb35c79f2d3ade8c425dc3783248c	linguistics/books/DSS-Daniel-Linguistics.txt	1861429	7605	c9ab08a981a9f9e07d24f59d61612f732be32fc920a5f98c1a338b79338f7e7d	PARTLY_RECONSTRUCTED	48	43	31	1	11	36	1	0	1	0	24	0	0
L1602088-R003	biblical_book	Dan	11	29		4Q114	1606781	4	16	1602088				books/DSS-Daniel.txt	1454795	2152	2061477-2061481	5	1	e38e9c0e2a8652323999d82fa1c801e7f7f111fa5bc0f6aac4b45c43c89c03d0	linguistics/books/DSS-Daniel-Linguistics.txt	1869034	2350	366747e941b231ef3b1b02300fa27364df7a70cb1550123da65ae2c1353e16d2	ALL_LETTER_SLOTS_RECONSTRUCTED	12	12	12	0	0	12	0	0	0	0	0	0	0
L1602089-R001	biblical_book	Dan	11	29		4Q114	1606781	4	17	1602089				books/DSS-Daniel.txt	1456947	3254	2061482-2061493	12	1	30383e8e20faf4ad28da2bc4991a8cacf319040b1dacaa24716e0a0a012d92c6	linguistics/books/DSS-Daniel-Linguistics.txt	1871384	5099	b0069c73e3d0ea6d5a959ab0b24428d72413a4cd35cb0082c06d865e42e1ca10	PARTLY_RECONSTRUCTED	28	24	16	2	6	18	2	1	2	0	0	0	0
L1602090-R001	biblical_book	Dan	3	8		4Q115	1606782	f1	1	1602090		a		books/DSS-Daniel.txt	1460252	3505	2061494-2061500	7	0	1780dfc44315a71dda4fcf135b6c2b7e941236a6e5ef740eae1ddf77533b5b5a	linguistics/books/DSS-Daniel-Linguistics.txt	1876534	3233	01f1216f838885d6d01e80756b41b79b0c7bf88addb516d1450a237714d7554a	PARTLY_RECONSTRUCTED	22	15	2	11	2	8	12	2	3	0	0	0	0
L1602090-R002	biblical_book	Dan	3	8		4Q115	1606782	f1	1	1602090				books/DSS-Daniel.txt	1463757	1242	2061501	1	0	3f30af55266e5ce558ddbd88a763d6245ac93f3180354e0bbec4ead2c8a07147	linguistics/books/DSS-Daniel-Linguistics.txt	1879767	717	1250339bb2066f5d675d4838d00b1b2ffee9b49a9e3e2c7fa65e406bc16e1269	NO_LETTER_SLOTS	2	0	0	0	0	2	0	0	1	0	0	0	0
L1602090-R003	biblical_book	Dan	3	9		4Q115	1606782	f1	1	1602090		a		books/DSS-Daniel.txt	1464999	2307	2061502-2061506	5	1	db98bdaa139b091c08807703c1b2985e02a058a4fe38a811be8d80680b28a6ab	linguistics/books/DSS-Daniel-Linguistics.txt	1880484	2493	f00f82e88f273dc283238eff314f5e7a81802438c492bdfb3e5f61277a2edfc7	ALL_LETTER_SLOTS_RECONSTRUCTED	18	18	18	0	0	18	0	0	0	0	0	0	0
L1602091-R001	biblical_book	Dan	3	9		4Q115	1606782	f1	2	1602091		a		books/DSS-Daniel.txt	1467306	2355	2061507-2061513	7	0	d8290f37aabfe55020ca257dcb2082f459ae7405cd304bdc321e5c38a3b93ba5	linguistics/books/DSS-Daniel-Linguistics.txt	1882977	3144	bb620002b2c88be19fa5b24ac4d62f2153c35a7760a187859c40ae2d49ced2b6	PARTLY_RECONSTRUCTED	17	17	14	3	0	14	3	0	0	0	0	0	0
L1602091-R002	biblical_book	Dan	3	9		4Q115	1606782	f1	2	1602091				books/DSS-Daniel.txt	1469661	1226	2061514	1	0	7e12ac280c54d9ea89c8afb80379674517696bc8b5e6aa1d2275dfc2748f4eda	linguistics/books/DSS-Daniel-Linguistics.txt	1886121	717	945283abdf24c3bc6155635c742c4f34593bcdc3b36885a60a525fcad9446665	NO_LETTER_SLOTS	2	0	0	0	0	0	0	0	1	0	0	0	0
L1602091-R003	biblical_book	Dan	3	10		4Q115	1606782	f1	2	1602091		a		books/DSS-Daniel.txt	1470887	3303	2061515-2061522	8	1	e304dc9b8186fbba64d6af2eb99c710bfe7a485db9c262ad89328451fa82e470	linguistics/books/DSS-Daniel-Linguistics.txt	1886838	3673	5509a81e572598dd9fe5bb4f3b924e611a48e8404db66eb36ddf65bcb2eec703	PARTLY_RECONSTRUCTED	20	20	7	12	1	7	12	0	0	0	0	0	0
L1602092-R001	biblical_book	Dan	3	10		4Q115	1606782	f1	3	1602092		a		books/DSS-Daniel.txt	1474190	3103	2061523-2061531	9	0	e0df247978685b4337b1f9596b29f89acddd5aa4c354aa232acaef5374dc9df5	linguistics/books/DSS-Daniel-Linguistics.txt	1890511	3820	22e42ca85fc44b92b5b436cf9632600848c649dbdd51ce084ddaf9cc141415e9	NO_LETTER_RECONSTRUCTION_MARKED	24	1	0	1	0	8	14	2	8	0	0	0	0
L1602092-R002	biblical_book	Dan	3	10		4Q115	1606782	f1	3	1602092				books/DSS-Daniel.txt	1477293	1555	2061532	1	1	cfeedc3891fa10d3017e7ac922b84bf830dfa45c05174372e25801d64e9dcb12	linguistics/books/DSS-Daniel-Linguistics.txt	1894331	720	9e3b8f9b3362778ff2d7963011cd870d91607c819eacfd6b365a2fd6a455865f	NO_LETTER_SLOTS	2	0	0	0	0	0	0	0	1	0	0	0	0
L1602098-R001	biblical_book	Dan	3	23		4Q115	1606782	f2ii	1	1602098		a		books/DSS-Daniel.txt	1478848	3389	2061545-2061557	13	0	c17ed75675dacb2159db22dee5b52e4cf83eebd841eed3ac9ca0964bbcd096b1	linguistics/books/DSS-Daniel-Linguistics.txt	1895051	5630	12c8c3112445451797b6658e27e9e7cea4fefc27e5b903dd6e3e5f204ddc8d74	PARTLY_RECONSTRUCTED	37	37	19	4	14	19	4	0	0	0	0	0	0
L1602098-R002	biblical_book	Dan	3	23		4Q115	1606782	f2ii	1	1602098				books/DSS-Daniel.txt	1482237	1960	2061558	1	2	e7eb5e60d736fd57777bfefb7138deb627cda5123bc250cc8f843c22d7f59b85	linguistics/books/DSS-Daniel-Linguistics.txt	1900681	724	055e4a14cc6bc6ddf63eb8329b290aabeba22f007ca6c9d051984814bf1e3b42	NO_LETTER_SLOTS	2	0	0	0	0	2	0	0	1	0	0	0	0
L1602099-R001	biblical_book	Dan	3	24		4Q115	1606782	f2ii	2	1602099		a		books/DSS-Daniel.txt	1484197	4537	2061559-2061572	14	1	c9145d4699fd4ce40aebfab7e324f85d2ef878dbb72d8a4b4dbed6a4118550e8	linguistics/books/DSS-Daniel-Linguistics.txt	1901405	6231	1cffc1248aea1822113fa6d3c565b5347dbe019949601d1e7e422bc34801d98d	PARTLY_RECONSTRUCTED	46	42	20	7	15	21	8	0	0	0	0	0	0
L1602100-R001	biblical_book	Dan	3	24		4Q115	1606782	f2ii	3	1602100		a		books/DSS-Daniel.txt	1488734	3415	2061573-2061583	11	1	3cbdc328e79363abfbf87c2c28daab3356ee5b182cd17b38a27c2f13aedda995	linguistics/books/DSS-Daniel-Linguistics.txt	1907636	4771	1ab8fd00dbe5d824e5019c05ff6b9c6c5a31b951067118fd2530c4448b74738d	PARTLY_RECONSTRUCTED	32	30	2	5	23	4	5	1	1	0	0	0	0
L1602101-R001	biblical_book	Dan	3	24		4Q115	1606782	f2ii	4	1602101		a		books/DSS-Daniel.txt	1492149	2818	2061584-2061592	9	0	6d81a10a369e5de4f328a5541a56fab70e40fc928d0008b9c961c0e5124694fe	linguistics/books/DSS-Daniel-Linguistics.txt	1912407	3965	53626a1431cb58283e017daf37160077526b134652891c2ce7f444ce12640e76	NO_LETTER_RECONSTRUCTION_MARKED	24	24	0	4	20	0	4	0	0	0	0	0	0
L1602101-R002	biblical_book	Dan	3	24		4Q115	1606782	f2ii	4	1602101				books/DSS-Daniel.txt	1494967	1232	2061593	1	0	618b322f378bacd9c4db61f03e3a2eee4e471a8b2145c985473acdf938f97662	linguistics/books/DSS-Daniel-Linguistics.txt	1916372	724	3eda603d4b908a9f226770a12dcfdb7aa54b63288655035af921808c9bbdd4c6	NO_LETTER_SLOTS	2	0	0	0	0	0	0	0	1	0	0	0	0
L1602101-R003	biblical_book	Dan	3	25		4Q115	1606782	f2ii	4	1602101		a		books/DSS-Daniel.txt	1496199	3066	2061594-2061597	4	2	af0b1f6ca8cbbe2d948878c2a6f998fb51228bfb19244eff281fcb9c2dd16eec	linguistics/books/DSS-Daniel-Linguistics.txt	1917096	2159	03ba815b6de6674c4d965ba5b038e0bace434b5bff2c725beeb4e1400068c9d8	PARTLY_RECONSTRUCTED	14	14	5	8	1	5	8	0	0	0	0	0	0
L1602102-R001	biblical_book	Dan	3	25		4Q115	1606782	f2ii	5	1602102		a		books/DSS-Daniel.txt	1499265	4232	2061598-2061607	10	1	6d52179a5c549fa39f1958cf6b16a2dc35091e29b332d6feef3627375a71d017	linguistics/books/DSS-Daniel-Linguistics.txt	1919255	4582	0eeff97e349e8e457cc33ab9d036e5d97c6344ca2b801f144d05de8d5f81b3d7	NO_LETTER_RECONSTRUCTION_MARKED	38	26	0	19	7	2	26	1	3	0	0	0	0
L1602103-R001	biblical_book	Dan	3	25		4Q115	1606782	f2ii	6	1602103		a		books/DSS-Daniel.txt	1503497	2039	2061608-2061611	4	0	4831ad5e1238e14a6cd7b3045a6803db099d79667da68e27f8336ab2b3144ee4	linguistics/books/DSS-Daniel-Linguistics.txt	1923837	1938	0ab0877bb4e98f0ccf8ade3973756a7bc701e0d3339a55cbd641644213a0019d	NO_LETTER_SLOTS	15	0	0	0	0	3	10	1	4	0	0	0	0
L1602103-R002	biblical_book	Dan	3	25		4Q115	1606782	f2ii	6	1602103				books/DSS-Daniel.txt	1505536	1561	2061612	1	1	899521d40e4d60ad31324ea56eaab89687abe7e29333a21c53ae07ce77dd175d	linguistics/books/DSS-Daniel-Linguistics.txt	1925775	724	acf864006725a2a7df9329bf7aa21dda9a95412195ccd532a59cc0529694bfed	NO_LETTER_SLOTS	2	0	0	0	0	0	0	0	1	0	0	0	0
L1602104-R001	biblical_book	Dan	4	5		4Q115	1606782	f3_7	1	1602104		a		books/DSS-Daniel.txt	1507097	2784	2061613-2061617	5	1	3a959ecf13ea1a81ff6ea2f5c430fb856fe97b6d6f606ae29fa150ca827fa003	linguistics/books/DSS-Daniel-Linguistics.txt	1926499	2469	c58ff9154aad2cc10eca3a6d06a78a578f45b1e793bdbbee48ec62f66b1d1cdb	PARTLY_RECONSTRUCTED	20	10	5	5	0	10	9	2	3	0	0	0	0
L1602105-R001	biblical_book	Dan	4	5		4Q115	1606782	f3_7	2	1602105		a		books/DSS-Daniel.txt	1509881	3423	2061618-2061628	11	0	f1fcce67983746d1ae8420d7854523c8cd0beb5a4efc6380e829c932c04ad729	linguistics/books/DSS-Daniel-Linguistics.txt	1928968	4848	68aec8e0016d6684fa70d0defc750e80de5026c39ab3ba4f2bdcce36c65f66e2	PARTLY_RECONSTRUCTED	36	34	33	1	0	35	1	0	0	0	0	0	0
L1602105-R002	biblical_book	Dan	4	5		4Q115	1606782	f3_7	2	1602105				books/DSS-Daniel.txt	1513304	1230	2061629	1	0	d8060a877d87d076ef55d18d7d895108ebf4ddb051dda4fa8c477cc060d3e7a8	linguistics/books/DSS-Daniel-Linguistics.txt	1933816	721	6f39b7a4c0c86b9cc63e832bcf4187a11b2d2387d6b61bd7bbb664d71f174a66	NO_LETTER_SLOTS	2	0	0	0	0	0	0	0	1	0	0	0	0
L1602105-R003	biblical_book	Dan	4	6		4Q115	1606782	f3_7	2	1602105		a		books/DSS-Daniel.txt	1514534	1862	2061630-2061631	2	1	df7a7a08db168ec33df49f8ec37fdf593964165a8f7cb4c9fb5e40d6145b6ee2	linguistics/books/DSS-Daniel-Linguistics.txt	1934537	1311	f37b5eb9f8168f3d88a9192ff63db1a3db15ddffe74408588d64120d3204ab97	PARTLY_RECONSTRUCTED	9	9	3	0	6	3	0	0	0	0	0	0	0
L1602106-R001	biblical_book	Dan	4	6		4Q115	1606782	f3_7	3	1602106		a		books/DSS-Daniel.txt	1516396	4902	2061632-2061648	17	1	830c84d26c6bdedcfa672a559c8291305498aaa89aa8a510286b663e8a4980e2	linguistics/books/DSS-Daniel-Linguistics.txt	1935848	7260	31f3833ea83e925e9ad4ac9401c196e46f90242cd49151439bd4415818648d04	PARTLY_RECONSTRUCTED	51	49	40	3	6	41	3	0	0	0	0	0	0
L1602107-R001	biblical_book	Dan	4	6		4Q115	1606782	f3_7	4	1602107		a		books/DSS-Daniel.txt	1521298	2481	2061649-2061654	6	0	753ba2b89fad4dbc285346e9e2c9925fd9fa2641cf728f0c325dad5648d32474	linguistics/books/DSS-Daniel-Linguistics.txt	1943108	2816	9af4523c5343ad78b212165ccd168f5960d6d1870f1c66d3d8f63d4776f759f6	ALL_LETTER_SLOTS_RECONSTRUCTED	20	18	18	0	0	20	0	0	0	0	0	0	0
L1602107-R002	biblical_book	Dan	4	6		4Q115	1606782	f3_7	4	1602107				books/DSS-Daniel.txt	1523779	1246	2061655	1	0	05fa73439c132853cf1752f253343b00955d1a57a92b8fc6f5b2ec3513a0f6ff	linguistics/books/DSS-Daniel-Linguistics.txt	1945924	721	b415248bea45e5cfac49df9181f2a2d8fe64e645ea073bced57a76be05d158f4	NO_LETTER_SLOTS	2	0	0	0	0	2	0	0	1	0	0	0	0
L1602107-R003	biblical_book	Dan	4	7		4Q115	1606782	f3_7	4	1602107		a		books/DSS-Daniel.txt	1525025	2242	2061656-2061657	2	2	037288605601aa683c06c1d766d5d829b9ee130cec6c0f804cc2d0ce93ee4a4d	linguistics/books/DSS-Daniel-Linguistics.txt	1946645	1136	a97211ee118d6e1042ac09260cc2ec60d5d024899a1c1fe10858469224373798	NO_LETTER_RECONSTRUCTION_MARKED	6	1	0	1	0	2	4	1	1	0	0	0	0
L1602108-R001	biblical_book	Dan	4	7		4Q115	1606782	f3_7	5	1602108		a		books/DSS-Daniel.txt	1527267	1288	2061658	1	0	70ba43afcc341f6c3481481134ce4a7010ae281c3783875db771e97cf8410430	linguistics/books/DSS-Daniel-Linguistics.txt	1947781	736	244f35748648506a873089deef0edea2e16d6697a2e6379eaade5cfcf6dde3a2	NO_LETTER_SLOTS	2	0	0	0	0	2	0	1	1	0	0	0	0
L1602108-R002	biblical_book	Dan	4	7		4Q115	1606782	f3_7	5	1602108				books/DSS-Daniel.txt	1528555	1246	2061659	1	0	4153e5cca3a069d8336c99b669c9c04004f2502b4f5795d1a673cad609386472	linguistics/books/DSS-Daniel-Linguistics.txt	1948517	721	018d0b129d74d503bcf5e4847ad5f912ffde0d2c5dc74e7a3492187da7dacb03	NO_LETTER_SLOTS	2	0	0	0	0	2	0	0	1	0	0	0	0
L1602108-R003	biblical_book	Dan	4	8		4Q115	1606782	f3_7	5	1602108		a		books/DSS-Daniel.txt	1529801	2174	2061660-2061662	3	1	acb3ed9c7fbd4e62c91eaf41bd97ebe707ff8e81cc355afe8af0e34ee3378da6	linguistics/books/DSS-Daniel-Linguistics.txt	1949238	1588	a90183966550fb52c1b75f171d5a52b2f7ffdb5737f250b4ac348a6848891e42	PARTLY_RECONSTRUCTED	8	8	2	3	3	2	3	0	0	0	0	0	0
L1602109-R001	biblical_book	Dan	4	8		4Q115	1606782	f3_7	6	1602109		a		books/DSS-Daniel.txt	1531975	3887	2061663-2061677	15	0	1b3d0ef6af187ea139d812606a13679541e1bb2f4e882082fe466f5b0ec2a83f	linguistics/books/DSS-Daniel-Linguistics.txt	1950826	6238	0892e0302ef17829e63d3573652d366321700b81c821f37ff58d55f81bc33295	ALL_LETTER_SLOTS_RECONSTRUCTED	36	34	34	0	0	36	0	0	0	0	0	0	0
L1602109-R002	biblical_book	Dan	4	8		4Q115	1606782	f3_7	6	1602109				books/DSS-Daniel.txt	1535862	1246	2061678	1	0	55846a73fc38770b1816fa246b5fb3803453faa9a73d0536ad82650a348772a7	linguistics/books/DSS-Daniel-Linguistics.txt	1957064	721	7486cc99957539efe17cc2b11199c4db8fa4fefec1ec6c8c1249e6a5d74d3980	NO_LETTER_SLOTS	2	0	0	0	0	2	0	0	1	0	0	0	0
L1602109-R003	biblical_book	Dan	4	9		4Q115	1606782	f3_7	6	1602109		a		books/DSS-Daniel.txt	1537108	2822	2061679-2061682	4	1	d6960f4f0797de8459a5d143c02aaa312219ab477421b63fba9fff599287b5f9	linguistics/books/DSS-Daniel-Linguistics.txt	1957785	2072	f87aad19345edd57f04f6963e0e395daf4dda3157fc2897e0b1289edf6f43ace	PARTLY_RECONSTRUCTED	15	13	5	8	0	6	8	0	0	0	0	0	0
L1602110-R001	biblical_book	Dan	4	9		4Q115	1606782	f3_7	7	1602110		a		books/DSS-Daniel.txt	1539930	4010	2061683-2061695	13	1	1155894596b9330280b20e6ebaa4b371a1483fe55f03230f0fa22a8c324dbd47	linguistics/books/DSS-Daniel-Linguistics.txt	1959857	5544	7791afdc9534e9d3f3e570129fcd730ab56068d8a01e1acb7b340caa5067bec8	ALL_LETTER_SLOTS_RECONSTRUCTED	36	32	32	0	0	36	0	1	1	0	0	0	0
L1602111-R001	biblical_book	Dan	4	11		4Q115	1606782	f3_7	11	1602111		a		books/DSS-Daniel.txt	1543940	1684	2061696	1	1	fa2e92677e0ce88adc4556f3f809f06dd005c43820bf719af478225476b3ce36	linguistics/books/DSS-Daniel-Linguistics.txt	1965401	771	50c3869ea6ec410f775fb63221c10a810892d46d1c506460b3480b4e9f8f6106	NO_LETTER_SLOTS	3	0	0	0	0	0	2	0	1	0	0	0	0
L1602111-R002	biblical_book	Dan	4	11		4Q115	1606782	f3_7	11	1602111				books/DSS-Daniel.txt	1545624	1250	2061697	1	0	3c9d2683b900194e3c954cc59d4bdfe1ec27fed6bdd4901f6b3a7b1728bf91e8	linguistics/books/DSS-Daniel-Linguistics.txt	1966172	726	259f9c45156cb1884c6409dd81723cf88b8351765d088b35fbee8db9f9f4d68f	NO_LETTER_SLOTS	2	0	0	0	0	2	0	0	1	0	0	0	0
L1602111-R003	biblical_book	Dan	4	12		4Q115	1606782	f3_7	11	1602111		a		books/DSS-Daniel.txt	1546874	6139	2061698-2061713	16	2	d4d5b83786c229d012e88fceab19d0a1f4ebcb09faed5f920eec7359c44bd2c5	linguistics/books/DSS-Daniel-Linguistics.txt	1966898	6972	88a2adf73aa3f88cf2d7a81163a49de381847f64e339e4a2aa63e54349f02174	PARTLY_RECONSTRUCTED	43	34	2	31	1	4	37	0	3	0	0	0	0
L1602112-R001	biblical_book	Dan	4	12		4Q115	1606782	f3_7	12	1602112		a		books/DSS-Daniel.txt	1553013	4763	2061714-2061730	17	0	4b06494c4cf8b29fedc2b88a9a482a6b7cd2b04708ea0239612139749cc118b1	linguistics/books/DSS-Daniel-Linguistics.txt	1973870	7145	4415a6e49d2f3c63ea29d369e9369ab628d21f54ffda03bd61e81514a2b7e41d	PARTLY_RECONSTRUCTED	40	37	4	11	22	4	13	0	0	0	0	1	0
L1602112-R002	biblical_book	Dan	4	12		4Q115	1606782	f3_7	12	1602112				books/DSS-Daniel.txt	1557776	1234	2061731	1	0	5c00eca2439a185499b872c04fc2e89713f4a3d4f8146e8d50f30b129fd63248	linguistics/books/DSS-Daniel-Linguistics.txt	1981015	726	49a652f016fa3bf954567d812777547ef8256c885c186c9c21aa9f07e5657514	NO_LETTER_SLOTS	2	0	0	0	0	0	0	0	1	0	0	0	0
L1602112-R003	biblical_book	Dan	4	13		4Q115	1606782	f3_7	12	1602112		a		books/DSS-Daniel.txt	1559010	1918	2061732	1	1	076617dc7c628566e2b4a8da640acc33c90390d68d035ab90b4575d68e45859f	linguistics/books/DSS-Daniel-Linguistics.txt	1981741	823	69469b0e4513d6dc872d34c979e9d40d64787064dbe2d1a618590d3f8e4f577d	PARTLY_RECONSTRUCTED	5	4	2	1	1	3	1	0	0	0	0	0	0
L1602113-R001	biblical_book	Dan	4	13		4Q115	1606782	f3_7	13	1602113		a		books/DSS-Daniel.txt	1560928	5484	2061733-2061746	14	2	f843315969b2a7ccdd1ec262572a314cc85fe1afacff21e6e29f0e186a1cea35	linguistics/books/DSS-Daniel-Linguistics.txt	1982564	6097	bead342ec263a91a735e564151269d2eec469f5cb7f95fa332fba13cfc930ff8	PARTLY_RECONSTRUCTED	45	44	15	14	15	15	14	0	0	0	0	0	0
L1602114-R001	biblical_book	Dan	4	13		4Q115	1606782	f3_7	14	1602114		a		books/DSS-Daniel.txt	1566412	1465	2061747	1	0	72887908aa11e3d497b204cb84b80ca96beba87206ccbe80678058b433c902d3	linguistics/books/DSS-Daniel-Linguistics.txt	1988661	802	f7dd9d63e00f9cd403281bbb20a3ecb684a7d008bf6f8e8790974bd658de4666	ALL_LETTER_SLOTS_RECONSTRUCTED	6	5	5	0	0	6	0	0	0	0	0	0	0
L1602114-R002	biblical_book	Dan	4	13		4Q115	1606782	f3_7	14	1602114				books/DSS-Daniel.txt	1567877	1250	2061748	1	0	ad5a26e941c09b0d21dba1931835cbbd3efcbbf91df7bfcb85bad138aaaaaed3	linguistics/books/DSS-Daniel-Linguistics.txt	1989463	726	79dee9e7ff3113ea2d1705e679ee2b74cbb1c48eb84051aa146d3014706cc01f	NO_LETTER_SLOTS	2	0	0	0	0	2	0	0	1	0	0	0	0
L1602114-R003	biblical_book	Dan	4	14		4Q115	1606782	f3_7	14	1602114		a		books/DSS-Daniel.txt	1569127	4605	2061749-2061761	13	1	c97b0d8293c66b593977254b610a71fa60e24ad62489b402d2dace73e4105c98	linguistics/books/DSS-Daniel-Linguistics.txt	1990189	5800	9c1c10e82523b7b4033b1fcab6b00afdd550601be764861d1cc3e67aea760722	PARTLY_RECONSTRUCTED	39	37	13	16	8	15	16	1	1	0	0	0	0
L1602115-R001	biblical_book	Dan	4	14		4Q115	1606782	f3_7	15	1602115		a		books/DSS-Daniel.txt	1573732	5193	2061762-2061779	18	1	40a6f3910d57d1589a316c4b9a6de5f67117e3230cf49fbc9b3394761fe2156e	linguistics/books/DSS-Daniel-Linguistics.txt	1995989	7572	bf21fdc06349ad9bd95fbd7705052bd0d98cfc53aa92558cde0ade281f6aea35	PARTLY_RECONSTRUCTED	48	47	37	8	2	38	8	0	0	0	0	0	0
L1602116-R001	biblical_book	Dan	4	14		4Q115	1606782	f3_7	16	1602116		a		books/DSS-Daniel.txt	1578925	2159	2061780-2061784	5	0	9e12834df4cec86b1fefd509cfe713b14ec9c265594dca7b7008f56758aeb1ef	linguistics/books/DSS-Daniel-Linguistics.txt	2003561	2412	92f4a4e47c8729d661b75fa495cf482b0c45dec2f220fe81781f403361c4c490	ALL_LETTER_SLOTS_RECONSTRUCTED	18	17	17	0	0	18	0	0	0	0	0	0	0
L1602116-R002	biblical_book	Dan	4	14		4Q115	1606782	f3_7	16	1602116				books/DSS-Daniel.txt	1581084	1250	2061785	1	0	97c16bc50318aac867c50c97779d0e18a7341b7e5129c47d1c5853d4b4dfb813	linguistics/books/DSS-Daniel-Linguistics.txt	2005973	726	ecea0c422bc0044bd2dd05635e8149ab631d877b46a2f8841563a458eb895fe8	NO_LETTER_SLOTS	2	0	0	0	0	2	0	0	1	0	0	0	0
L1602116-R003	biblical_book	Dan	4	15		4Q115	1606782	f3_7	16	1602116		a		books/DSS-Daniel.txt	1582334	3032	2061786-2061793	8	1	f76a1572a15c7c485d70a336b83ba4374c59f893496d0cf525879302e14b1d1c	linguistics/books/DSS-Daniel-Linguistics.txt	2006699	3793	9cf464652d07539e44990076f09bc93082482e38f6c31fabbfb1758423930824	ALL_LETTER_SLOTS_RECONSTRUCTED	28	26	26	0	0	28	0	0	0	0	0	0	0
L1602117-R001	biblical_book	Dan	4	15		4Q115	1606782	f3_7	17	1602117		a		books/DSS-Daniel.txt	1585366	4914	2061794-2061808	15	1	24f7af1464dbc182d36eb32f3748e6a1973c49f3b829b6639fa6bdb913215bf3	linguistics/books/DSS-Daniel-Linguistics.txt	2010492	6694	a5d7a682e9e37c5480b45f1ee2666334fc1a102653ac9732a84bab4233222720	PARTLY_RECONSTRUCTED	50	49	36	11	2	37	11	0	0	0	0	0	0
L1602118-R001	biblical_book	Dan	4	15		4Q115	1606782	f3_7	18	1602118		a		books/DSS-Daniel.txt	1590280	3535	2061809-2061818	10	0	908acc7b7df0ef3db9eff18bbb1153dad28a9ace82b9d9b890db798a091acebc	linguistics/books/DSS-Daniel-Linguistics.txt	2017186	4537	5b8012309c08e16ec9eca173d05fdb643275fc0e730090f4509b90cc991e1b20	PARTLY_RECONSTRUCTED	35	33	18	4	11	20	4	0	0	0	0	0	0
L1602118-R002	biblical_book	Dan	4	15		4Q115	1606782	f3_7	18	1602118				books/DSS-Daniel.txt	1593815	1250	2061819	1	0	1267bf69dd2a035145d875e5752c31174dc98a489e74609a2437c5a16c04db32	linguistics/books/DSS-Daniel-Linguistics.txt	2021723	726	3f3e380a35496235d4be2e5171046e060cee440fec0c5504f5d00fcf2cf98cbd	NO_LETTER_SLOTS	2	0	0	0	0	2	0	0	1	0	0	0	0
L1602118-R003	biblical_book	Dan	4	16		4Q115	1606782	f3_7	18	1602118		a		books/DSS-Daniel.txt	1595065	1993	2061820	1	2	9638b561702a8d201e41d9d3bd5079ae26b72b0563f6bd997d07472b41e0351b	linguistics/books/DSS-Daniel-Linguistics.txt	2022449	833	eddf4a9481be466cf6dacdd3938bf0061e97b373fca215d9c794d115e789a2b6	ALL_LETTER_SLOTS_RECONSTRUCTED	4	4	4	0	0	4	0	0	0	0	0	0	0
L1602119-R001	biblical_book	Dan	4	16		4Q115	1606782	f3_7	19	1602119		a		books/DSS-Daniel.txt	1597058	3044	2061821-2061827	7	0	06b4a057579f0597caa5ac5a15e69b5b2fc3ecec7e570b432b40b10308d5d296	linguistics/books/DSS-Daniel-Linguistics.txt	2023282	3424	804083ac502091a1390341246a8c17e5a5b8bec671c701d107be18b679434896	PARTLY_RECONSTRUCTED	29	23	14	7	2	17	9	1	2	0	0	0	0
L1602119-R002	biblical_book	Dan	4	16		4Q115	1606782	f3_7	19	1602119				books/DSS-Daniel.txt	1600102	1564	2061828	1	1	a58bdf676c4ce3128d60a1078a1c8dc8513a53d739af85974ee5e7f173a4e189	linguistics/books/DSS-Daniel-Linguistics.txt	2026706	726	1bce59285c1a423640e69bc10c198ccf5671f0665fac3cd79832005a68433880	NO_LETTER_SLOTS	2	0	0	0	0	0	0	0	1	0	0	0	0
L1602120-R001	biblical_book	Dan	7	15		4Q115	1606782	f8_9	1	1602120		a		books/DSS-Daniel.txt	1601666	3852	2061829-2061836	8	1	6b2d93d64df1a9343dedf0be89d96f0fd97dd2b805c0e2fa8c5e055a9065817d	linguistics/books/DSS-Daniel-Linguistics.txt	2027432	3810	b2fa24e16af518395129c913897ad2eac226b66dda5b4a5701107631dc6d2c6d	PARTLY_RECONSTRUCTED	28	25	14	11	0	16	11	1	1	0	0	0	0
L1602121-R001	biblical_book	Dan	7	15		4Q115	1606782	f8_9	2	1602121		a		books/DSS-Daniel.txt	1605518	2181	2061837-2061840	4	0	0283f1a93d05d2c980b4c39d73dfc1a1c34290d696916fbee90ec707471f61ae	linguistics/books/DSS-Daniel-Linguistics.txt	2031242	2037	fe235aef858d587f4f9945a1bb26471a8b16ab15834086ba0112470891c2f5bc	ALL_LETTER_SLOTS_RECONSTRUCTED	18	16	16	0	0	18	0	0	0	0	0	0	0
L1602121-R002	biblical_book	Dan	7	15		4Q115	1606782	f8_9	2	1602121				books/DSS-Daniel.txt	1607699	1248	2061841	1	0	35c1b22a2984806ec804c1ad4e5d6a4a8f69ec81f9f77bedea3f4fdc7cb7a2c1	linguistics/books/DSS-Daniel-Linguistics.txt	2033279	724	19f2d3b46b9afaa5877c85ba571ed0e96b93eaa1e1bc0a19161111f515f89e59	NO_LETTER_SLOTS	2	0	0	0	0	2	0	0	1	0	0	0	0
L1602121-R003	biblical_book	Dan	7	16		4Q115	1606782	f8_9	2	1602121		a		books/DSS-Daniel.txt	1608947	3024	2061842-2061849	8	1	232762c2085bed9e8a8834db8e2e665f4821f6938437e4a064b16adb494304bf	linguistics/books/DSS-Daniel-Linguistics.txt	2034003	3560	e7dbee33e47bf4a5409797722936cfa2204a338b82016819200cbb7ee5c04d5d	PARTLY_RECONSTRUCTED	21	21	10	4	7	10	4	0	0	0	0	0	0
L1602122-R001	biblical_book	Dan	7	16		4Q115	1606782	f8_9	3	1602122		a		books/DSS-Daniel.txt	1611971	4046	2061850-2061862	13	0	3ca7c1c8bae1e30e689f5cbcc63ec6f112fc65f737eb9ad036d83733e13b5e7f	linguistics/books/DSS-Daniel-Linguistics.txt	2037563	5582	76dfe4262e26c63d86e8362e883b9a13915d32917f03b0d12937f8c6b22042dc	PARTLY_RECONSTRUCTED	39	36	27	3	6	29	3	0	0	0	0	0	0
L1602122-R002	biblical_book	Dan	7	16		4Q115	1606782	f8_9	3	1602122				books/DSS-Daniel.txt	1616017	1577	2061863	1	1	a80106e4b70e4e539a8903f0f0663efc394d5882eb41a9d89ced81b8997d996f	linguistics/books/DSS-Daniel-Linguistics.txt	2043145	724	bcb97b0aa4a2379fb7be25cd5f350529f5f1c85f6c77ecbd4329b861afed6630	NO_LETTER_SLOTS	2	0	0	0	0	2	0	0	1	0	0	0	0
L1602123-R001	biblical_book	Dan	7	17		4Q115	1606782	f8_9	4	1602123		a		books/DSS-Daniel.txt	1617594	3549	2061864-2061874	11	1	fc7afe1a024ba41f83e472f7ff324e86fc28b6fc64437e15b68bd29108f015d9	linguistics/books/DSS-Daniel-Linguistics.txt	2043869	5021	232c709343a4f5366e5a0e1af66f8d70f0ffa0545d877a37879b565e2d033438	PARTLY_RECONSTRUCTED	40	40	29	2	9	29	2	0	0	0	0	0	0
L1602124-R001	biblical_book	Dan	7	17		4Q115	1606782	f8_9	5	1602124		a		books/DSS-Daniel.txt	1621143	1582	2061875-2061877	3	0	db874efb019aa749b4e9452b4f8197034957d848e75d22b9036097d792f8cd8a	linguistics/books/DSS-Daniel-Linguistics.txt	2048890	1542	6a1abcaf6ac2469c34224381e516571894262ff19be80d6a608817d63de31ad5	ALL_LETTER_SLOTS_RECONSTRUCTED	6	6	6	0	0	6	0	0	0	0	0	0	0
L1602124-R002	biblical_book	Dan	7	17		4Q115	1606782	f8_9	5	1602124				books/DSS-Daniel.txt	1622725	1248	2061878	1	0	66979b8275ae4cb1c529ec6cb69b959b3176453a1685b6c80f9cf1165bc5ed39	linguistics/books/DSS-Daniel-Linguistics.txt	2050432	724	c8a2b581cb61241e5c4be9956fba81818aedfe256c5ee8cde65fa177baaa03ea	NO_LETTER_SLOTS	2	0	0	0	0	2	0	0	1	0	0	0	0
L1602124-R003	biblical_book	Dan	7	18		4Q115	1606782	f8_9	5	1602124		a		books/DSS-Daniel.txt	1623973	3691	2061879-2061889	11	1	aeec9c8ad80e6f8697f235c45f52dd69df0479b834a13b0bba7d69f851ff90db	linguistics/books/DSS-Daniel-Linguistics.txt	2051156	4906	6dcc9aeac82e6ac565db5ecd9f71ede1e4dfc4fa55bb217a9852195cac11cfb2	PARTLY_RECONSTRUCTED	40	40	27	2	11	27	2	0	0	0	0	0	0
L1602125-R001	biblical_book	Dan	7	18		4Q115	1606782	f8_9	6	1602125		a		books/DSS-Daniel.txt	1627664	2295	2061890-2061896	7	0	8cbc4ee7321f49255950dd3b68edf5d77515f9155751e848e5f8f137b3626a8b	linguistics/books/DSS-Daniel-Linguistics.txt	2056062	3100	43b598d9ddd7622b846092c647fa4f5fa6a94f31e8147a4deef76aab05d77e28	PARTLY_RECONSTRUCTED	15	15	12	0	3	12	0	0	0	0	0	0	0
L1602125-R002	biblical_book	Dan	7	18		4Q115	1606782	f8_9	6	1602125				books/DSS-Daniel.txt	1629959	1232	2061897	1	0	f2a414aa1a0dbc3ac7df75ee769363fa2cff2dfc3dd31025978a22a19c4e66b9	linguistics/books/DSS-Daniel-Linguistics.txt	2059162	724	455986d094965398b8f0a0cc158b0fecedd6b1a00239c035b585b5cc0634c292	NO_LETTER_SLOTS	2	0	0	0	0	0	0	0	1	0	0	0	0
L1602125-R003	biblical_book	Dan	7	19		4Q115	1606782	f8_9	6	1602125		a		books/DSS-Daniel.txt	1631191	2645	2061898-2061901	4	2	0ec0f95556c385f6a296a71a4b958a3291faafa22db951b224f1c4af3621599b	linguistics/books/DSS-Daniel-Linguistics.txt	2059886	2044	17f7690d4e0a78a546f757ee7d037cb988556b2446f86b3a79ccdf66db70491a	PARTLY_RECONSTRUCTED	13	13	9	4	0	9	4	0	0	0	0	0	0
L1602126-R001	biblical_book	Dan	7	19		4Q115	1606782	f8_9	7	1602126		a		books/DSS-Daniel.txt	1633836	4306	2061902-2061913	12	1	db2d4b4d554a4bd9e3c1a9a8a204f9ad8efc871270dadb56bccf4938f9cd81ff	linguistics/books/DSS-Daniel-Linguistics.txt	2061930	5351	5112fa64c57d3799bef6418c2e9b921be40a5e15abd2c06d115f183bce0551ca	PARTLY_RECONSTRUCTED	40	39	25	10	4	25	10	0	0	0	0	0	0
L1602127-R001	biblical_book	Dan	7	19		4Q115	1606782	f8_9	8	1602127		a		books/DSS-Daniel.txt	1638142	4643	2061914-2061927	14	1	0d2c87d88a29b9fa1d53b73f4653e8fd571f1dae025f7ec037d6a6e88c0493db	linguistics/books/DSS-Daniel-Linguistics.txt	2067281	6039	70d3bba7c071cc8cf541b456c763a746cced8e241781122e6c603073b815a595	PARTLY_RECONSTRUCTED	44	37	32	4	1	34	7	0	1	0	0	0	0
L1602128-R001	biblical_book	Dan	7	19		4Q115	1606782	f8_9	9	1602128		a		books/DSS-Daniel.txt	1642785	1274	2061928	1	0	7b84aaee136f31b864d65850c96010bbfd49660576609cdc68d722e70a95a12a	linguistics/books/DSS-Daniel-Linguistics.txt	2073320	791	a0f58ae6170514aee7b0e38e6cc9385e88d282bea74091e809f0090603bc8b76	ALL_LETTER_SLOTS_RECONSTRUCTED	4	4	4	0	0	4	0	0	0	0	0	0	0
L1602128-R002	biblical_book	Dan	7	19		4Q115	1606782	f8_9	9	1602128				books/DSS-Daniel.txt	1644059	1248	2061929	1	0	2c2b7518abd52cf3dd5ad7398a72eb488d8f6842e8970d001b45bf6e7852ef23	linguistics/books/DSS-Daniel-Linguistics.txt	2074111	724	259c04bde908bf9b318fbddbb9521a04a42be7068e495e4c2a9eb4cf2b7622aa	NO_LETTER_SLOTS	2	0	0	0	0	2	0	0	1	0	0	0	0
L1602128-R003	biblical_book	Dan	7	20		4Q115	1606782	f8_9	9	1602128		a		books/DSS-Daniel.txt	1645307	4164	2061930-2061944	15	1	eeaeb5900d87dd5859cc683e50f71c612bcecb57d07ee81fb7c646a8f4e76956	linguistics/books/DSS-Daniel-Linguistics.txt	2074835	6302	b78c5d57b24b3eb9740d6d4ad0cbe8a7d7d38e368e817075742d233dd2029de5	ALL_LETTER_SLOTS_RECONSTRUCTED	37	35	35	0	0	36	1	0	0	0	0	0	0
L1602129-R001	biblical_book	Dan	7	20		4Q115	1606782	f8_9	10	1602129		a		books/DSS-Daniel.txt	1649471	4558	2061945-2061959	15	1	31e562b3a38ff0e1fe41ac7e8ee6483b68ff6b2b9857f06f407a482d6361eeea	linguistics/books/DSS-Daniel-Linguistics.txt	2081137	6389	ef02b3f6cc91bcca1642658632d4f5bcc95deecfda0160bba50fed0a3a9a3b3b	PARTLY_RECONSTRUCTED	43	36	35	1	0	38	3	0	2	0	0	0	0
L1602130-R001	biblical_book	Dan	7	20		4Q115	1606782	f8_9	11	1602130		a		books/DSS-Daniel.txt	1654029	1797	2061960-2061962	3	0	15bda6d95a17e067a73f58821ce78cd37b427ba9d859540d0de6683a3d111673	linguistics/books/DSS-Daniel-Linguistics.txt	2087526	1609	0bed2560cffe7fb96144625ce732dfa06eb8e8e779f243d3266f38456012139d	ALL_LETTER_SLOTS_RECONSTRUCTED	10	9	9	0	0	10	0	0	0	0	0	0	0
L1602130-R002	biblical_book	Dan	7	20		4Q115	1606782	f8_9	11	1602130				books/DSS-Daniel.txt	1655826	1250	2061963	1	0	f95f22cffad7b8da27e434d67431f4b05dd6d33b52d155544066613549fc774a	linguistics/books/DSS-Daniel-Linguistics.txt	2089135	726	63710c343bc05560946758e976ec797bcd23dcac400d05ce3cb3eab8b81c9768	NO_LETTER_SLOTS	2	0	0	0	0	2	0	0	1	0	0	0	0
L1602130-R003	biblical_book	Dan	7	21		4Q115	1606782	f8_9	11	1602130		a		books/DSS-Daniel.txt	1657076	3430	2061964-2061972	9	2	46758e2f0b8db8b48576298322b7f04665b656a60de25dab3834f81a7f253713	linguistics/books/DSS-Daniel-Linguistics.txt	2089861	3994	cdc2dee123b9016e2bebf174495ee5445c7c3d658ff157a037c6a7b60e1a27f1	PARTLY_RECONSTRUCTED	24	24	19	3	2	19	3	0	0	0	0	0	0
L1602131-R001	biblical_book	Dan	7	21		4Q115	1606782	f8_9	12	1602131		a		books/DSS-Daniel.txt	1660506	1994	2061973-2061976	4	0	4a5a84975052646fa3dd0e9670a7cb24f7b16f24f082d4eba1f93133bb6aedb6	linguistics/books/DSS-Daniel-Linguistics.txt	2093855	2018	69c2e9e3b6b79cbd162a1cf49e12547eb4c1b18c1d6ab5165440e8b817e8ad3e	ALL_LETTER_SLOTS_RECONSTRUCTED	16	15	15	0	0	16	0	0	0	0	0	0	0
L1602131-R002	biblical_book	Dan	7	21		4Q115	1606782	f8_9	12	1602131				books/DSS-Daniel.txt	1662500	1250	2061977	1	0	b04a7dcb9bea429c0bb39913201442e1a3a9849129873209216d8afee55048c5	linguistics/books/DSS-Daniel-Linguistics.txt	2095873	726	92975556bb197d9f76856f395ae6737e1bbeb84dc92591c2c477ab790b5b7688	NO_LETTER_SLOTS	2	0	0	0	0	2	0	0	1	0	0	0	0
L1602131-R003	biblical_book	Dan	7	22		4Q115	1606782	f8_9	12	1602131		a		books/DSS-Daniel.txt	1663750	3244	2061978-2061987	10	1	df51ef55ee9db6fcc2cf218a3deb8c9ca8df2ce1518c4f1448573886640c835d	linguistics/books/DSS-Daniel-Linguistics.txt	2096599	4317	0f1e0969c018091d844f720da9274472fa01d5d65cb8cb7ecac59b5b5df71e2d	PARTLY_RECONSTRUCTED	24	24	20	2	2	20	2	0	0	0	0	0	0
L1602132-R001	biblical_book	Dan	7	22		4Q115	1606782	f8_9	13	1602132		a		books/DSS-Daniel.txt	1666994	3342	2061988-2061999	12	0	04f8da596c93520fcc582de164a634c2ec0dcfcfbf7df0b0c59bcdbceedb5cc6	linguistics/books/DSS-Daniel-Linguistics.txt	2100916	5279	f6c00bc17d5a929c9e5f5d29832f25af9d97cf70103659e8d938767b1530ec61	PARTLY_RECONSTRUCTED	39	39	35	1	3	35	1	0	0	0	0	0	0
L1602132-R002	biblical_book	Dan	7	22		4Q115	1606782	f8_9	13	1602132				books/DSS-Daniel.txt	1670336	1564	2062000	1	1	0fbb649cd0e77ec76f2c5d83576d52b53899d80fb86db29a250562f1ace4761d	linguistics/books/DSS-Daniel-Linguistics.txt	2106195	726	5c800addec55c4171bba760576c44defeb69aed10064f19011b5a904eb5f58f4	NO_LETTER_SLOTS	2	0	0	0	0	0	0	0	1	0	0	0	0
L1602133-R001	biblical_book	Dan	7	23		4Q115	1606782	f8_9	14	1602133		a		books/DSS-Daniel.txt	1671900	3320	2062001-2062012	12	0	f9017551a6d24b70ca3c24b0aa329e98463ca01467ff659023ab50fe56dcc421	linguistics/books/DSS-Daniel-Linguistics.txt	2106921	5284	91c10aea8d82281966697493ec30e63a008813e54b3755208e5755eab52f4fbe	PARTLY_RECONSTRUCTED	35	35	30	3	2	30	3	0	0	0	0	0	0
L1602133-R002	biblical_book	Dan	7	23		4Q115	1606782	f8_9	14	1602133				books/DSS-Daniel.txt	1675220	1887	2062013	1	2	d389ee3754808a77dd3a973830e82162cdd9e81cb3d9930332c8e5cc3d3e7af8	linguistics/books/DSS-Daniel-Linguistics.txt	2112205	726	1ad93cd25bf0f623bea12a936833e4895db8de8336bb6071e08f65af8a922541	NO_LETTER_SLOTS	2	0	0	0	0	0	0	0	1	0	0	0	0
L1602149-R001	biblical_book	Dan	9	12		4Q116	1606783	f1_6	1	1602149				books/DSS-Daniel.txt	1677158	2579	2062100-2062105	6	1	2acf3f6a0e8a17906f3fc0118292a4dc6defb2d02e821d3132f53f09c6dd58fd	linguistics/books/DSS-Daniel-Linguistics.txt	2112982	2935	c4424d4fcd35150a1dabaddc556d55b8325684339792a29c1c4c3a06f7d297b7	PARTLY_RECONSTRUCTED	21	21	17	3	1	17	3	0	0	0	0	0	0
L1602150-R001	biblical_book	Dan	9	12		4Q116	1606783	f1_6	2	1602150				books/DSS-Daniel.txt	1679737	2703	2062106-2062114	9	0	673d9fdefc6d0e39d7aeb9eeabda70b1094982202ced44838566ca771d78e032	linguistics/books/DSS-Daniel-Linguistics.txt	2115917	4068	7c425b6ac20ce67efc084fa5e286767ad16b5206b0674803cbdc423f91172882	PARTLY_RECONSTRUCTED	26	24	18	3	3	18	3	0	1	0	0	0	0
L1602150-R002	biblical_book	Dan	9	13		4Q116	1606783	f1_6	2	1602150				books/DSS-Daniel.txt	1682440	1689	2062115-2062116	2	1	3e3d88948021ab439fce7264278b937c8666e388167374afa6fbe43fbcbe32d2	linguistics/books/DSS-Daniel-Linguistics.txt	2119985	1171	c2901296a27e5b095d93afa5bcd4b781fea9b2d033887744600632f4de65b743	NO_LETTER_RECONSTRUCTION_MARKED	4	4	0	0	4	0	0	0	0	0	0	0	0
L1602151-R001	biblical_book	Dan	9	13		4Q116	1606783	f1_6	3	1602151				books/DSS-Daniel.txt	1684129	2640	2062117-2062124	8	1	99f1d81ffbd5b12a2523b8e7c4ebb078589234d0ee4a8ec3672a96061dae8cf7	linguistics/books/DSS-Daniel-Linguistics.txt	2121156	3618	4b2a10f526f9edd6fc91af06b8f02bff471741f16b50260a850d7b1a838e72bc	PARTLY_RECONSTRUCTED	22	22	17	1	4	17	1	0	0	0	0	0	0
L1602152-R001	biblical_book	Dan	9	13		4Q116	1606783	f1_6	4	1602152				books/DSS-Daniel.txt	1686769	3133	2062125-2062133	9	1	fc097847ed138299b4d47ebbce14b9a6d143730ce37a2add165f6667b429e041	linguistics/books/DSS-Daniel-Linguistics.txt	2124774	3988	b462481721ffb64ac86763d578564e904902671d8d9d464b641823a6a3db9440	PARTLY_RECONSTRUCTED	27	26	22	4	0	23	4	0	0	0	0	0	0
L1602153-R001	biblical_book	Dan	9	13		4Q116	1606783	f1_6	5	1602153				books/DSS-Daniel.txt	1689902	3304	2062134-2062143	10	1	5a29d31b56d00fab1bcd435008357c5f86994b004b17e4c486ce5fa8743aa1d8	linguistics/books/DSS-Daniel-Linguistics.txt	2128762	4423	3938b8e0111f3d7826d1ced913eb614e622d4f72d299408d7808c085ea24127f	PARTLY_RECONSTRUCTED	32	29	23	0	6	25	0	0	0	0	0	0	0
L1602154-R001	biblical_book	Dan	9	13		4Q116	1606783	f1_6	6	1602154				books/DSS-Daniel.txt	1693206	1441	2062144-2062145	2	0	9abef9af05b1fe7e5e547389cec6236dd4179bafd0f4bcc076f407a24f0cfc9e	linguistics/books/DSS-Daniel-Linguistics.txt	2133185	1137	46ab1e7b593cc3b9e4f014924a1130b7b4242b494ed03a6d21dd83366b315486	ALL_LETTER_SLOTS_RECONSTRUCTED	6	4	4	0	0	6	0	0	1	0	0	0	0
L1602154-R002	biblical_book	Dan	9	14		4Q116	1606783	f1_6	6	1602154				books/DSS-Daniel.txt	1694647	2856	2062146-2062153	8	1	a647d80a1d7fc8c701f49e50f4207ead6217799e4e0a7daba3a5cc109ebd645c	linguistics/books/DSS-Daniel-Linguistics.txt	2134322	3546	d6b0dd8c236094c55e43f3b30c457665b106b02ff840d9717243530031375f70	PARTLY_RECONSTRUCTED	22	21	16	2	3	16	2	0	0	0	0	0	0
L1602155-R001	biblical_book	Dan	9	14		4Q116	1606783	f1_6	7	1602155				books/DSS-Daniel.txt	1697503	3224	2062154-2062160	7	2	431deecf889ca2ac6ce9a1289220c68a69441b471ad0d7170baa264e89501811	linguistics/books/DSS-Daniel-Linguistics.txt	2137868	3336	ef1f3bb54b54a3a391a5c43742af1b5a187c7aad50a492081af11dcb79e2e6a7	PARTLY_RECONSTRUCTED	28	26	25	1	0	27	1	0	0	0	0	0	0
L1602156-R001	biblical_book	Dan	9	14		4Q116	1606783	f1_6	8	1602156				books/DSS-Daniel.txt	1700727	2918	2062161-2062168	8	1	bb2481ee5b9ed623c0c4607407a073bf173840d263841d94261622627d92c289	linguistics/books/DSS-Daniel-Linguistics.txt	2141204	3639	28e138644c3b72f20bf17e7638aa3a8ce82c0093ed3f02e466dd9238cd0568a5	ALL_LETTER_SLOTS_RECONSTRUCTED	26	24	24	0	0	26	0	0	0	0	0	0	0
L1602157-R001	biblical_book	Dan	9	14		4Q116	1606783	f1_6	9	1602157				books/DSS-Daniel.txt	1703645	1750	2062169-2062170	2	1	db85ab0fbbb2aa89769b9d9ce3d30b006d41e21344a53dea1e18b08bea078a96	linguistics/books/DSS-Daniel-Linguistics.txt	2144843	1083	a837beadccf145f4674bcefd86581b72702cbcb83ceb71316c5f001cfb7f6c1e	NO_LETTER_SLOTS	4	0	0	0	0	2	0	1	2	0	0	0	0
L1602158-R001	biblical_book	Dan	9	15		4Q116	1606783	f3ii+7	1	1602158				books/DSS-Daniel.txt	1705395	3203	2062171-2062180	10	1	dd4d3885d652121e512d5716d8e238564b39b01deb42d2313fa6c93cb203e181	linguistics/books/DSS-Daniel-Linguistics.txt	2145926	4419	a198689ebee2a32a2a32bbbb0b568b81463788faa01ff0e7ab2461ad009e7238	ALL_LETTER_SLOTS_RECONSTRUCTED	29	27	27	0	0	29	0	0	0	0	0	0	0
L1602159-R001	biblical_book	Dan	9	15		4Q116	1606783	f3ii+7	2	1602159				books/DSS-Daniel.txt	1708598	2312	2062181-2062188	8	0	44d38de7602d7c98b62234d6cc2239849433b8849b57c69dd7d6b6cfe18daf17	linguistics/books/DSS-Daniel-Linguistics.txt	2150345	3491	3266ae14791f8352da29855ca6016a7d353df1faeaaa35b08953fbbfdfa2cd10	PARTLY_RECONSTRUCTED	21	19	17	0	2	19	0	0	1	0	0	0	0
L1602159-R002	biblical_book	Dan	9	16		4Q116	1606783	f3ii+7	2	1602159				books/DSS-Daniel.txt	1710910	2206	2062189-2062192	4	1	ed1d86db091e77fb7a3582f7fc67f1578571585f9e9475bf21face8473f2eaec	linguistics/books/DSS-Daniel-Linguistics.txt	2153836	2078	9a4924bc779aa42a19f57131994ef7fbcef5c1a38c8931de294daef7f5915585	ALL_LETTER_SLOTS_RECONSTRUCTED	15	14	14	0	0	15	0	0	0	0	0	0	0
L1602160-R001	biblical_book	Dan	9	16		4Q116	1606783	f3ii+7	3	1602160				books/DSS-Daniel.txt	1713116	3318	2062193-2062201	9	1	1932a7e05bad7d064f1ce5273b90aba9d3d26ab64582e0864a0462120daaa84c	linguistics/books/DSS-Daniel-Linguistics.txt	2155914	4115	416e790c80ee4aea02bcc1c202c4716c607d8f335ac039e54444c349ece440c4	PARTLY_RECONSTRUCTED	33	30	26	1	3	29	1	0	0	0	0	0	0
L1602161-R001	biblical_book	Dan	9	16		4Q116	1606783	f3ii+7	4	1602161				books/DSS-Daniel.txt	1716434	3284	2062202-2062210	9	1	2dc23e428f43fd45daf52e59969621ddabdf90a0b9e6d40f3b531c127cb7f956	linguistics/books/DSS-Daniel-Linguistics.txt	2160029	4164	edad9aa8ad75407b8332b375d79ee7cde9484b23e83d30d61218b8013447966d	ALL_LETTER_SLOTS_RECONSTRUCTED	36	33	33	0	0	36	0	0	0	0	0	0	0
L1602162-R001	biblical_book	Dan	9	16		4Q116	1606783	f3ii+7	5	1602162				books/DSS-Daniel.txt	1719718	2958	2062211-2062218	8	1	e1ba01d8dcd0d71f40ca4e12c9e7957dfaacb505588ed757acb0a7a01c61224d	linguistics/books/DSS-Daniel-Linguistics.txt	2164193	3565	73b134a48c8bdc0d767e031f5f63d1606b4d140b2536e7c3c57e09fcfb14503d	ALL_LETTER_SLOTS_RECONSTRUCTED	26	22	22	0	0	26	0	0	1	0	0	0	0
L1602163-R001	biblical_book	Dan	9	17		4Q116	1606783	f3ii+7	6	1602163				books/DSS-Daniel.txt	1722676	3164	2062219-2062227	9	1	8919ba9b5ed79a658f361973fdbf489c3acf49fdede76038c30822064dd15031	linguistics/books/DSS-Daniel-Linguistics.txt	2167758	4114	292d9b2b4ed9f7c8642d3868dfc830b5392d404353934f0b7ab1a2a6614fa6f8	PARTLY_RECONSTRUCTED	29	27	24	3	0	26	3	0	0	0	0	0	0
L1602164-R001	biblical_book	Dan	9	17		4Q116	1606783	f3ii+7	7	1602164				books/DSS-Daniel.txt	1725840	3395	2062228-2062236	9	1	ed1a2732211b0b5aae8ce4fd970fe0ce0b49bad872ad50600a863f3f5adfc404	linguistics/books/DSS-Daniel-Linguistics.txt	2171872	4206	0e66adba95ca3607874966a4305524284eeb7d093167f91889c50b3632e8aea4	PARTLY_RECONSTRUCTED	35	32	27	3	2	30	3	0	0	0	0	0	0
L1602165-R001	biblical_book	Dan	9	17		4Q116	1606783	f3ii+7	8	1602165				books/DSS-Daniel.txt	1729235	1779	2062237-2062238	2	1	c279498a7a38d6f887a91bf2c846e3d33f6c2ef03fe0f7d594f53b2acab9449b	linguistics/books/DSS-Daniel-Linguistics.txt	2176078	1192	3f6e98bd69b574817c78e3eab9d3a6da879870ba1e9a0fcd96cfdee6e9fa5b8e	ALL_LETTER_SLOTS_RECONSTRUCTED	6	4	4	0	0	6	0	1	1	0	0	0	0
L1602166-R001	biblical_book	Dan	9	17		4Q116	1606783	f3ii+7	9	1602166				books/DSS-Daniel.txt	1731014	1756	2062239-2062240	2	1	9ee649113beb2492c333e48b762822a3502f9a5dead45adecca5609becd4a2f6	linguistics/books/DSS-Daniel-Linguistics.txt	2177270	1087	8a95f64a6df43e03aced6bf75ad4367294304dd6ec525a6b1a0542e9e93db3d8	NO_LETTER_SLOTS	4	0	0	0	0	2	0	1	2	0	0	0	0
L1603060-R001	biblical_book	Dan	8	20		6Q7	1606827	f1	1	1603060				books/DSS-Daniel.txt	1732819	3060	2075267-2075278	12	0	f69dba750c3167ccd6b5dce1be102d41f9d724d55d3bee4cee73c0ad1f25f2f4	linguistics/books/DSS-Daniel-Linguistics.txt	2178406	5213	3cecf6d2ef9dbecbdd81aebeeb475536c2d4053a038ef8017c464ad522784edc	PARTLY_RECONSTRUCTED	33	31	29	2	0	31	2	0	1	0	0	0	0
L1603060-R002	biblical_book	Dan	8	21		6Q7	1606827	f1	1	1603060				books/DSS-Daniel.txt	1735879	1830	2075279-2075281	3	1	6de82cad076a1d3ecd7aba8293e8b9c9c4e42a4cbb9c093d11767f55d9751921	linguistics/books/DSS-Daniel-Linguistics.txt	2183619	1537	481d2cb1e3f6a15bad5de10ba71bc69f7349c7419c2c54adb26057909a00b36d	ALL_LETTER_SLOTS_RECONSTRUCTED	6	6	6	0	0	6	0	0	0	0	0	0	0
L1603061-R001	biblical_book	Dan	8	21		6Q7	1606827	f1	2	1603061				books/DSS-Daniel.txt	1737709	3475	2075282-2075293	12	1	e120dffd1521b9c50c1b9c94613a128dfb98ecd047b57bf801fc83a5fe2516d3	linguistics/books/DSS-Daniel-Linguistics.txt	2185156	5291	c444b7dccf3333754e0aaa070a90270028a2698b2824be394898fbb34f353cf1	PARTLY_RECONSTRUCTED	34	33	27	2	4	28	2	0	0	0	0	0	0
L1603062-R001	biblical_book	Dan	8	21		6Q7	1606827	f1	3	1603062				books/DSS-Daniel.txt	1741184	2593	2075294-2075300	7	1	3ef6644eb12fb145e3bc345693e6355efa459a7ac2c90752c4e2bea4d16c0e9e	linguistics/books/DSS-Daniel-Linguistics.txt	2190447	3097	15146ab89dd9c7623d784423fe8f635222e4cf6aefd8e0e44d16631117da5136	PARTLY_RECONSTRUCTED	17	13	12	0	1	14	0	1	2	0	0	0	0
L1603063-R001	biblical_book	Dan	10	8		6Q7	1606827	f2_5	1	1603063				books/DSS-Daniel.txt	1743777	4006	2075301-2075316	16	1	0ecea959d7ca7e64c0fe6322273fcf794269d28203fe6b3e5250291a94507e24	linguistics/books/DSS-Daniel-Linguistics.txt	2193544	6692	82d69be370fea129731faf4b1560616f1e5106256ce7c8b729c93c8ded5ff9a0	PARTLY_RECONSTRUCTED	39	38	36	2	0	37	2	0	0	0	0	0	0
L1603064-R001	biblical_book	Dan	10	8		6Q7	1606827	f2_5	2	1603064				books/DSS-Daniel.txt	1747783	3865	2075317-2075330	14	0	678f755d21bce85943f9054c2fb536cacea3d430ff475009b2886386327209a9	linguistics/books/DSS-Daniel-Linguistics.txt	2200236	5970	cf6dce636c68e9ee1725953c7267cd02df9642351220426c83f521ffa72ac2f0	PARTLY_RECONSTRUCTED	41	36	31	3	2	36	3	0	1	0	0	0	0
L1603064-R002	biblical_book	Dan	10	9		6Q7	1606827	f2_5	2	1603064				books/DSS-Daniel.txt	1751648	1711	2075331-2075332	2	1	1d9ee95f8c9c14c64cb2534de164f77a022b293d61144d76b81f0dcd3a2c3e16	linguistics/books/DSS-Daniel-Linguistics.txt	2206206	1163	a6e6fa6c67c97d87460a3f907188147dc871a37014125a3963d03decb363911b	ALL_LETTER_SLOTS_RECONSTRUCTED	5	5	5	0	0	5	0	0	0	0	0	0	0
L1603065-R001	biblical_book	Dan	10	9		6Q7	1606827	f2_5	3	1603065				books/DSS-Daniel.txt	1753359	4006	2075333-2075346	14	1	87fd730f4f2e0a5b06240a5636fccf7c2694cae1e7d286bba879a6af19bec4c1	linguistics/books/DSS-Daniel-Linguistics.txt	2207369	6056	adc3ea32200307847772f9de802139b4b54f15a5993d00c4e07c8982f36aeb1b	PARTLY_RECONSTRUCTED	44	41	33	1	7	35	1	0	0	0	0	0	0
L1603066-R001	biblical_book	Dan	10	9		6Q7	1606827	f2_5	4	1603066				books/DSS-Daniel.txt	1757365	2269	2075347-2075351	5	0	7479ed721c36989e2d46d72f9ed7558cd21a0e18dbbc8c5b735f979050659923	linguistics/books/DSS-Daniel-Linguistics.txt	2213425	2401	120f7f0ae7a185857288b50ece59959f2f6bc9c3ae55b2c4448ef648ef440942	ALL_LETTER_SLOTS_RECONSTRUCTED	16	11	11	0	0	16	0	0	1	0	0	0	0
L1603066-R002	biblical_book	Dan	10	10		6Q7	1606827	f2_5	4	1603066				books/DSS-Daniel.txt	1759634	3635	2075352-2075362	11	1	499ca6931dc3a9c2fbf9a248599fb57a0dae9c0b0cbbe333a861e3274b507824	linguistics/books/DSS-Daniel-Linguistics.txt	2215826	4802	979f978a6464d16abbb2646bdf8483df071119377c2f7ef7e58e7658029478c7	PARTLY_RECONSTRUCTED	33	30	19	2	9	20	2	0	0	0	0	0	0
L1603067-R001	biblical_book	Dan	10	10		6Q7	1606827	f2_5	5	1603067				books/DSS-Daniel.txt	1763269	1560	2075363-2075364	2	0	4360713591cbcb94698a885aeef9f6b3c9902947125b13e4e20b87eb8d07ef5d	linguistics/books/DSS-Daniel-Linguistics.txt	2220628	1134	acf19c4258d1f888eeb9d321488faf0870d0393d4d0be6e5665848d83dd8bc7b	ALL_LETTER_SLOTS_RECONSTRUCTED	6	3	3	0	0	6	0	0	1	0	0	0	0
L1603067-R002	biblical_book	Dan	10	11		6Q7	1606827	f2_5	5	1603067				books/DSS-Daniel.txt	1764829	3162	2075365-2075373	9	1	779f9d0c20f9544a90ceb27918ec0bb520a29cbbc6da7d0b36ad32792448b8fc	linguistics/books/DSS-Daniel-Linguistics.txt	2221762	4152	03a2cee29e01bc604cd21f9e00791d675c0abf1588a9df99fad26714d365828f	PARTLY_RECONSTRUCTED	30	29	19	2	8	20	2	0	0	0	0	0	0
L1603068-R001	biblical_book	Dan	10	11		6Q7	1606827	f2_5	6	1603068				books/DSS-Daniel.txt	1767991	3554	2075374-2075384	11	1	7c97bbfd5776f07e497c5037a2a39d20ac6c905eb9d99261b0b49c69970096c3	linguistics/books/DSS-Daniel-Linguistics.txt	2225914	4926	b7036cc3a534bb03def5d3fdf68bcc3077fe8c0373bbaa943b8b9830c069aa51	PARTLY_RECONSTRUCTED	36	34	26	3	5	27	3	0	0	0	0	0	0
L1603069-R001	biblical_book	Dan	10	11		6Q7	1606827	f2_5	7	1603069				books/DSS-Daniel.txt	1771545	3679	2075385-2075397	13	0	b1a7b7e8a893b3c56b0754c5f880d5876df39c1715ce7bf8877d0f24f167272f	linguistics/books/DSS-Daniel-Linguistics.txt	2230840	5506	51489c997cf2c994312cf489d1259baac567433dfd79b3ac9791f6d2ea76d08b	PARTLY_RECONSTRUCTED	37	32	18	5	9	21	5	0	1	0	0	0	0
L1603069-R002	biblical_book	Dan	10	12		6Q7	1606827	f2_5	7	1603069				books/DSS-Daniel.txt	1775224	1999	2075398-2075400	3	1	5069c7ff0da87fbe1156f69f1a3d5823d56a983fc2ad882a8b17476134464fc1	linguistics/books/DSS-Daniel-Linguistics.txt	2236346	1563	d0efa78adc302b29c9caf8ba28e0d89ab27a49931c25956bc7374c48e4754aa4	ALL_LETTER_SLOTS_RECONSTRUCTED	9	8	8	0	0	9	0	0	0	0	0	0	0
L1603070-R001	biblical_book	Dan	10	12		6Q7	1606827	f2_5	8	1603070				books/DSS-Daniel.txt	1777223	3670	2075401-2075413	13	1	2c9403cfc2019e450f622888543c088982d66d83afd01f6aa5b083651695d96f	linguistics/books/DSS-Daniel-Linguistics.txt	2237909	5670	0487cc68c5aedb629b2ab209e94f3b056f24eb31128d9df565f5fe09d19fff1b	PARTLY_RECONSTRUCTED	36	35	17	3	15	18	3	0	0	0	0	0	0
L1603071-R001	biblical_book	Dan	10	12		6Q7	1606827	f2_5	9	1603071				books/DSS-Daniel.txt	1780893	4458	2075414-2075429	16	1	d7a570d62b6770d4792004fda6a2e17dfed2484e60fbaac98701fe26291ee23c	linguistics/books/DSS-Daniel-Linguistics.txt	2243579	6888	26443102089b61a06903f7304aa1cad1b54da89a62c0762b435113b2c4873cd9	PARTLY_RECONSTRUCTED	51	46	25	3	18	26	3	0	1	0	0	0	0
L1603072-R001	biblical_book	Dan	10	13		6Q7	1606827	f2_5	10	1603072				books/DSS-Daniel.txt	1785351	3353	2075430-2075440	11	1	71b494e192093b382537c304f3b04299f1f97972211522fb22fa72b31be31150	linguistics/books/DSS-Daniel-Linguistics.txt	2250467	4929	9882811fc64ccd1a3199e2c78090d697c40f2130c857503dfd580c0bb4acffb4	PARTLY_RECONSTRUCTED	32	31	19	1	11	19	1	0	0	0	0	0	0
L1603073-R001	biblical_book	Dan	10	13		6Q7	1606827	f2_5	11	1603073				books/DSS-Daniel.txt	1788704	3571	2075441-2075453	13	1	b70146ee5369132fd2551d4e4dab9f1bdb9990bbd78c4ceb2f2fc342ad45f6bc	linguistics/books/DSS-Daniel-Linguistics.txt	2255396	5647	b48f2ed7bf7bc1688d383755fdb9bc1a71bfa08bc36166d83e236989b9d0f391	PARTLY_RECONSTRUCTED	38	37	32	0	5	33	0	0	0	0	0	0	0
L1603074-R001	biblical_book	Dan	10	13		6Q7	1606827	f2_5	12	1603074				books/DSS-Daniel.txt	1792275	2180	2075454-2075459	6	0	f3ac94e28cb0105676af46015c0d6c3c068f286ba7fd385a2aaeee1f8ec94aa7	linguistics/books/DSS-Daniel-Linguistics.txt	2261043	2869	f0b94838c42190f4c7703f3cf71bc1587b4e96c82ac6346060d091dff1e6191d	PARTLY_RECONSTRUCTED	21	19	12	1	6	12	1	0	1	0	0	0	0
L1603074-R002	biblical_book	Dan	10	14		6Q7	1606827	f2_5	12	1603074				books/DSS-Daniel.txt	1794455	2649	2075460-2075465	6	1	da80cb07a88e69f60613dfe66b54ab6b91eaa7c70017a363f11f8dfd696fc68c	linguistics/books/DSS-Daniel-Linguistics.txt	2263912	2797	29edd959d3ed59af08cd9a6598541ebfcf767159cf922249ef413f29c3a12bf9	PARTLY_RECONSTRUCTED	17	16	13	3	0	14	3	0	0	0	0	0	0
L1603075-R001	biblical_book	Dan	10	14		6Q7	1606827	f2_5	13	1603075				books/DSS-Daniel.txt	1797104	3325	2075466-2075478	13	0	43318e39b1604650ee27a76de4a942ff338d0ac9910ebeccffacda2d92c9d2dd	linguistics/books/DSS-Daniel-Linguistics.txt	2266709	5562	7c8f825fcbd4f572a4b87fc37d8dea29269f4aec1d3c68630a361aef706c54a2	PARTLY_RECONSTRUCTED	36	33	12	1	20	15	1	0	1	0	0	0	0
L1603075-R002	biblical_book	Dan	10	15		6Q7	1606827	f2_5	13	1603075				books/DSS-Daniel.txt	1800429	1972	2075479-2075481	3	1	be5802fd34068ea967ef5c9457d69d19cb007590211ae8ac829d6663c1ce366d	linguistics/books/DSS-Daniel-Linguistics.txt	2272271	1557	d451d9b281d7b6d6492a151ccfe2f4254b3fb095367a789c5312f672cfa49da2	ALL_LETTER_SLOTS_RECONSTRUCTED	7	6	6	0	0	7	0	0	0	0	0	0	0
L1603076-R001	biblical_book	Dan	10	15		6Q7	1606827	f2_5	14	1603076				books/DSS-Daniel.txt	1802401	3184	2075482-2075492	11	0	0093074570c5e6b3dd48c950423ba630da0860fabcc1aab7c33ebf32744e37b7	linguistics/books/DSS-Daniel-Linguistics.txt	2273828	4816	e9aa838bd7e05bf17f87f019d480ab6074a71d3472ed440dfc9c228022295fef	PARTLY_RECONSTRUCTED	36	31	17	3	11	20	3	0	1	0	0	0	0
L1603076-R002	biblical_book	Dan	10	16		6Q7	1606827	f2_5	14	1603076				books/DSS-Daniel.txt	1805585	1706	2075493-2075494	2	1	fdf03f6dc424edf0b2f143df66230aeca6ea22bd4f6e8264d6f1131c61488cda	linguistics/books/DSS-Daniel-Linguistics.txt	2278644	1183	529a7c93f9303a5222feadb78b368aff2b85f2653fff7b6513bc1ed8f271b97b	ALL_LETTER_SLOTS_RECONSTRUCTED	4	4	4	0	0	4	0	0	0	0	0	0	0
L1603077-R001	biblical_book	Dan	10	16		6Q7	1606827	f2_5	15	1603077				books/DSS-Daniel.txt	1807291	3854	2075495-2075508	14	1	461696e5c11ef2be09d80f26e5039daaf9d627134b1d99217b932a8c9144f11e	linguistics/books/DSS-Daniel-Linguistics.txt	2279827	6041	ba80104ab8ca4ae827b2f8ac656d041d69bff0fb536af3a3f1e3b69f49b6ac6d	PARTLY_RECONSTRUCTED	40	38	30	0	8	31	0	0	0	0	0	0	0
L1603078-R001	biblical_book	Dan	10	16		6Q7	1606827	f2_5	16	1603078				books/DSS-Daniel.txt	1811145	4477	2075509-2075524	16	1	f6dee7e4ff0f97687243d409f8d5eaa8f9ce01207ff3500b03780544506186c2	linguistics/books/DSS-Daniel-Linguistics.txt	2285868	6810	f48c23a35e4cfd48dd139a4cb41c8cbc58ae27e8403d19870da2043d63e92918	PARTLY_RECONSTRUCTED	48	42	38	2	2	41	2	0	1	0	0	0	0
L1603079-R001	biblical_book	Dan	11	33		6Q7	1606827	f6_7	1	1603079				books/DSS-Daniel.txt	1815622	3542	2075525-2075541	17	0	67457bad293f4fa9f273d66927242c969ea634b03677f2e7ef87c4cdd6f2acb6	linguistics/books/DSS-Daniel-Linguistics.txt	2292678	7041	c80481ef7c859dd7dd07372b03d10c1b32ce3555900380f59935df5ab1b5acfb	PARTLY_RECONSTRUCTED	37	35	30	1	4	32	1	0	1	0	0	0	0
L1603079-R002	biblical_book	Dan	11	34		6Q7	1606827	f6_7	1	1603079				books/DSS-Daniel.txt	1819164	1979	2075542-2075544	3	1	756fc55d8e065ba630a7c413a2c8fb63ba44512ea53d29fc6e2f9405dc044f67	linguistics/books/DSS-Daniel-Linguistics.txt	2299719	1560	7c05378289a4481e2f69985c16c53f6c9c65ac77ed731d8927d01d3d5db9eceb	ALL_LETTER_SLOTS_RECONSTRUCTED	8	7	7	0	0	8	0	0	0	0	0	0	0
L1603080-R001	biblical_book	Dan	11	34		6Q7	1606827	f6_7	2	1603080				books/DSS-Daniel.txt	1821143	2940	2075545-2075554	10	0	ef411c36b8810566201c0d71aec971e3b62c43cb52a1587fa182c7d25fb9843d	linguistics/books/DSS-Daniel-Linguistics.txt	2301279	4516	f02986a8b8a9309d521326824a75753094f15c69b918a61f7e3d52639bd4f42a	PARTLY_RECONSTRUCTED	36	33	29	1	3	31	1	0	1	0	0	0	0
L1603080-R002	biblical_book	Dan	11	35		6Q7	1606827	f6_7	2	1603080				books/DSS-Daniel.txt	1824083	2192	2075555-2075559	5	1	a82a28d614ece2702069260f25f2b3c727bb9809e7ed977b6b89270c02587059	linguistics/books/DSS-Daniel-Linguistics.txt	2305795	2360	2e812357d7982b1bb94068966b87286949fb9779241e63d6023cd83ba29c0b1a	ALL_LETTER_SLOTS_RECONSTRUCTED	16	16	16	0	0	16	0	0	0	0	0	0	0
L1603081-R001	biblical_book	Dan	11	35		6Q7	1606827	f6_7	3	1603081				books/DSS-Daniel.txt	1826275	3676	2075560-2075576	17	0	2f6b378f568f68c5610b7bd72b7d918cbfbebd621c766f870a2be19fde9bb497	linguistics/books/DSS-Daniel-Linguistics.txt	2308155	6967	9f11acd7068a4842c24dfc9a6b3b4742abefd4fb498e3ad30d6836c46367f1ec	PARTLY_RECONSTRUCTED	37	34	30	0	4	33	0	0	1	0	0	0	0
L1603081-R002	biblical_book	Dan	11	36		6Q7	1606827	f6_7	3	1603081				books/DSS-Daniel.txt	1829951	2138	2075577-2075580	4	1	8cc39d380fa82b505a2760beb337a78c0de7d836e245fc62995af7dedc8f31af	linguistics/books/DSS-Daniel-Linguistics.txt	2315122	1986	6d57eaaadf71ab562f137c1c93e9ab44fdf8b13fc71fb8cff96a592ac03fc797	ALL_LETTER_SLOTS_RECONSTRUCTED	11	10	10	0	0	11	0	0	0	0	0	0	0
L1603082-R001	biblical_book	Dan	11	36		6Q7	1606827	f6_7	4	1603082				books/DSS-Daniel.txt	1832089	3674	2075581-2075595	15	1	b8fff853c97bb73d10b2c8d2fe977d789afcfcc36d4257b635b10aaccdfff99c	linguistics/books/DSS-Daniel-Linguistics.txt	2317108	6334	6c3bb6e67becde63f2be4a6adead7a5e3a26421a6f17bd1e057cf1887f43ec74	PARTLY_RECONSTRUCTED	42	42	38	0	4	38	0	0	0	0	0	0	0
L1603083-R001	biblical_book	Dan	11	36		6Q7	1606827	f6_7	5	1603083				books/DSS-Daniel.txt	1835763	2528	2075596-2075604	9	0	ca91db8e464fc3f5855ac65655150853678d9af663fe9f312ceeb8f42b993fc2	linguistics/books/DSS-Daniel-Linguistics.txt	2323442	3957	bfda64fc1127710b4b9835ad64db6ffbd5bef06dca451c22c9a244f00c71694c	ALL_LETTER_SLOTS_RECONSTRUCTED	28	26	26	0	0	28	0	0	1	0	0	0	0
L1603083-R002	biblical_book	Dan	11	37		6Q7	1606827	f6_7	5	1603083				books/DSS-Daniel.txt	1838291	2478	2075605-2075610	6	1	1e748d0a71523e29c63f912eb6c46444949569de0b72fa4b2283b43faa6a99d5	linguistics/books/DSS-Daniel-Linguistics.txt	2327399	2806	74862982dca00ae9a6bde2c7591b0197a1b2f7981e5f637d20ce910c3b5fef13	ALL_LETTER_SLOTS_RECONSTRUCTED	19	18	18	0	0	19	0	0	0	0	0	0	0
L1603084-R001	biblical_book	Dan	11	37		6Q7	1606827	f6_7	6	1603084				books/DSS-Daniel.txt	1840769	3695	2075611-2075625	15	1	a8a5eeb53d4bedf8a7aa9527c30b2fc21a4fab6ef6f524eec8ab0daa508587a6	linguistics/books/DSS-Daniel-Linguistics.txt	2330205	6375	dc86c3a7aa3633337953bae0e2330e93afeaa3b2ffd33734dab4697b9f0104d1	ALL_LETTER_SLOTS_RECONSTRUCTED	39	37	37	0	0	37	0	0	1	0	0	0	0
L1603085-R001	biblical_book	Dan	11	38		6Q7	1606827	f6_7	7	1603085				books/DSS-Daniel.txt	1844464	4172	2075626-2075640	15	1	1df624122ae899b0548e48571670ecfc70dc1d8835bc94506de42e9b4d51b48d	linguistics/books/DSS-Daniel-Linguistics.txt	2336580	6479	4c68b656577881c2c62eb70d035d25f39dafe16a52a897a2fa35e5799461b93a	PARTLY_RECONSTRUCTED	47	44	40	1	3	43	1	0	0	0	0	0	0
L1603086-R001	biblical_book	Dan	11	38		6Q7	1606827	f6_7	8	1603086				books/DSS-Daniel.txt	1848636	3554	2075641-2075654	14	1	326390b9aace51c4e12862e8d40b29d601d57927c614165a7ee658ce29ce490d	linguistics/books/DSS-Daniel-Linguistics.txt	2343059	5849	f08aac618566dbb35c9de391060e38b32dce2d603d691cd52dccd2d45bf4f7c0	PARTLY_RECONSTRUCTED	29	25	21	2	2	23	2	1	2	0	0	0	0
L1603087-R001	biblical_book	Dan	8	16		6Q7	1606827	f8	1	1603087				books/DSS-Daniel.txt	1852190	1655	2075655-2075657	3	0	0774b6f9ca1e16b4980ec9a2b48a1ce9992b8901707b03fd802c68cf420475e6	linguistics/books/DSS-Daniel-Linguistics.txt	2348908	1531	920abc81e137b552279f20ed436f5de808e1c0d4fa801bc6792a2e3883242a34	PARTLY_RECONSTRUCTED	7	5	2	1	2	4	1	0	1	0	0	0	0
L1603087-R002	biblical_book	Dan	8	17		6Q7	1606827	f8	1	1603087				books/DSS-Daniel.txt	1853845	4159	2075658-2075672	15	1	ae113297fa1c770dcbb858051e7a77aa43afebbb28674b9a580163a50d72179a	linguistics/books/DSS-Daniel-Linguistics.txt	2350439	6339	5b243efdad45ef6214192c03bd0bcbd1685892bc27d4e6abc9ae39cf52c94a3f	ALL_LETTER_SLOTS_RECONSTRUCTED	43	39	39	0	0	43	0	0	0	0	0	0	0
L1603088-R001	biblical_book	Dan	8	17		6Q7	1606827	f8	2	1603088				books/DSS-Daniel.txt	1858004	3124	2075673-2075683	11	1	b55a2fd5784aa607a62d0fcca23967450c2b7b83d50f910006720ded44d78ee4	linguistics/books/DSS-Daniel-Linguistics.txt	2356778	4630	a04b3ea883532ea52dc65d833ea9c669f0246e917fb116064037cbd9c56b5643	PARTLY_RECONSTRUCTED	24	20	18	2	0	20	2	1	2	0	0	0	0
