record_id	kind	book	chapter	verse	halfverse	scroll	scroll_node	fragment	line	line_node	intl	language	script	file	byte_offset	byte_length	word_nodes	word_count	standalone_sign_count	sha256	linguistics_file	linguistics_byte_offset	linguistics_byte_length	linguistics_sha256	letter_reconstruction	sign_slots	letter_slots	reconstructed_letter_slots	uncertain_letter_slots	unmarked_letter_slots	reconstructed_sign_slots	uncertain_sign_slots	missing_sign_slots	empty_sign_slots	vacat_sign_slots	corrected_sign_slots	removed_sign_slots	alternative_sign_slots
L1575897-R001	biblical_book	Gen	1	27		4Q483	1606388	f1	1	1575897				books/DSS-Genesis.txt	735	3065	1802285-1802295	11	0	9fb997c12a5ccf54644d54379076320a10481e2656e7bc2beee09a5e9d061990	linguistics/books/DSS-Genesis-Linguistics.txt	2144	4852	a5637b4484d633b9e4ca1c34a45d3ea6f9568c10dc6131af628bf9079e9ae822	ALL_LETTER_SLOTS_RECONSTRUCTED	36	32	32	0	0	36	0	0	1	0	0	0	0
L1575897-R002	biblical_book	Gen	1	28		4Q483	1606388	f1	1	1575897				books/DSS-Genesis.txt	3800	1972	1802296-1802298	3	1	2fdde217371655a7938b7ee443a87180941bdd3fc3637bbbbffce6adcf2f9eeb	linguistics/books/DSS-Genesis-Linguistics.txt	6996	1577	c5581528a1e0a94eba9509d7c67d872812b3ade53f2bd76b7eaed9ac59397c22	PARTLY_RECONSTRUCTED	10	9	8	0	1	9	0	0	0	0	0	0	0
L1575898-R001	biblical_book	Gen	1	28		4Q483	1606388	f1	2	1575898				books/DSS-Genesis.txt	5772	3915	1802299-1802313	15	1	47e12bf4e9235c02424f360bdb8c97eda2dbdedd364ef79ef3e3db7392bd5e2a	linguistics/books/DSS-Genesis-Linguistics.txt	8573	6431	07cfd7292302c64bc97a36f02377a40a07628e902bf5408ce7fe1e29842a9626	PARTLY_RECONSTRUCTED	48	46	40	0	6	41	0	0	0	0	0	0	0
L1575899-R001	biblical_book	Gen	1	28		4Q483	1606388	f1	3	1575899				books/DSS-Genesis.txt	9687	4381	1802314-1802334	21	1	1a7fef0ee2d08660f1361d900b439c6574fe2b1c3f1784ec1fe565b9589f0fef	linguistics/books/DSS-Genesis-Linguistics.txt	15004	8538	d23181022ba2f4114c188274a228e8815cb176c5241f2a455b34c79123ecded7	PARTLY_RECONSTRUCTED	43	41	36	0	5	36	0	0	1	0	0	0	0
L1575900-R001	biblical_book	Gen	1	9		4Q483	1606388	f2	1	1575900				books/DSS-Genesis.txt	14068	3332	1802335-1802349	15	0	75a68b4ed48043955262555284d3a424860124ec02093e721f8a59f07f2547e8	linguistics/books/DSS-Genesis-Linguistics.txt	23542	6330	d84454dc35f134d4c48df56667943067d8f754f40de5e88380aa2fdb2831628f	PARTLY_RECONSTRUCTED	36	34	32	0	2	34	0	0	1	0	0	0	0
L1575900-R002	biblical_book	Gen	1	10		4Q483	1606388	f2	1	1575900				books/DSS-Genesis.txt	17400	1707	1802350-1802351	2	1	6c42d245d7be04dbaa7d757dd25353b19af2da3be47d5afe2b4e167e63b932dc	linguistics/books/DSS-Genesis-Linguistics.txt	29872	1162	2393c9e508fe9a9fa7f39b9b7be108b541075e909888b39da6f6d66f12a44bdf	ALL_LETTER_SLOTS_RECONSTRUCTED	5	5	5	0	0	5	0	0	0	0	0	0	0
L1575901-R001	biblical_book	Gen	1	10		4Q483	1606388	f2	2	1575901				books/DSS-Genesis.txt	19107	3726	1802352-1802366	15	1	05509cebe44ae500ca68c98e4175150a3b5894169a8464284e4e25b9b700ef1d	linguistics/books/DSS-Genesis-Linguistics.txt	31034	6464	781bc658ff9566d4bf6193dc94a10e970e6e3c941d60e36985dda44c041a30aa	PARTLY_RECONSTRUCTED	43	41	39	0	2	39	0	0	1	0	0	0	0
L1589604-R001	biblical_book	Gen	1	18		1Q1	1606606	f1	1	1589604				books/DSS-Genesis.txt	22882	2057	1889878-1889883	6	0	7e957e2a42700e5778edc8ed760af5f6c0fb6b1d18b679a6ed37edab55ed7590	linguistics/books/DSS-Genesis-Linguistics.txt	37547	2743	d0a5da09bb056dd41879a1db2e809df6451e2d01d280977e3437ca314e1030f8	PARTLY_RECONSTRUCTED	16	14	9	0	5	11	0	0	1	0	0	0	0
L1589604-R002	biblical_book	Gen	1	19		1Q1	1606606	f1	1	1589604				books/DSS-Genesis.txt	24939	2451	1889884-1889892	9	0	7b3e951b74945d3bc3383565396dce3e6919a4008d7d699e17e59ab6e8bc37c9	linguistics/books/DSS-Genesis-Linguistics.txt	40290	3937	504afdcbceb7f26faaa96b0f910a4392f03347498a1d3d9a44eb1a875699b73d	ALL_LETTER_SLOTS_RECONSTRUCTED	24	22	22	0	0	24	0	0	1	0	0	0	0
L1589604-R003	biblical_book	Gen	1	20		1Q1	1606606	f1	1	1589604				books/DSS-Genesis.txt	27390	1701	1889893-1889894	2	1	1a69941ab4471b1bb54708c1c46a5833d5b641854c3d7685e18de24c2695a00e	linguistics/books/DSS-Genesis-Linguistics.txt	44227	1150	bbd287835d61bfc8f8908b88f857bc06164a27ae7a20cc81f512daaa439c79bf	ALL_LETTER_SLOTS_RECONSTRUCTED	5	5	5	0	0	5	0	0	0	0	0	0	0
L1589605-R001	biblical_book	Gen	1	20		1Q1	1606606	f1	2	1589605				books/DSS-Genesis.txt	29091	4442	1889895-1889913	19	1	b306887c4155239d38be50398baa7d1bd8c675b120f9270a9c86ca06c161b926	linguistics/books/DSS-Genesis-Linguistics.txt	45377	7996	5b8addda75f9f4e151a9cc9b2a0149b6678f377a99bc8b43a4de5aec49f862bd	PARTLY_RECONSTRUCTED	55	53	43	1	9	45	1	0	1	0	0	0	0
L1589606-R001	biblical_book	Gen	1	21		1Q1	1606606	f1	3	1589606				books/DSS-Genesis.txt	33533	4603	1889914-1889934	21	1	d54c3862ca054015df9213b340e9250c0afccb3ad2d9be031766acfb17aa85db	linguistics/books/DSS-Genesis-Linguistics.txt	53373	8646	1a44b07c8911594ef300071177caa6bdbcc30348e746ae4dca8c511159ae3fae	PARTLY_RECONSTRUCTED	54	52	51	0	1	51	0	0	1	0	0	0	0
L1589607-R001	biblical_book	Gen	3	11		1Q1	1606606	f2	1	1589607				books/DSS-Genesis.txt	38136	4664	1889935-1889952	18	1	f22be049b854456a09817fa73be280ffff187271c45c1094313ea2308c313fad	linguistics/books/DSS-Genesis-Linguistics.txt	62019	7536	505f2fe853cc3f9d915e33ead7d6a4094bc3d148ecc1c336874f75b72790ea29	PARTLY_RECONSTRUCTED	52	49	44	2	3	47	2	0	0	0	0	0	0
L1589608-R001	biblical_book	Gen	3	11		1Q1	1606606	f2	2	1589608				books/DSS-Genesis.txt	42800	1429	1889953-1889954	2	0	ad4ee2c32c322dccb49902a5d9207e7d00379840891fc722373d866f2e1fb2bc	linguistics/books/DSS-Genesis-Linguistics.txt	69555	1119	fc24d37b52e19465abfe395b0a43366be74489beab7f2ea0876e28c89cce6dbb	ALL_LETTER_SLOTS_RECONSTRUCTED	6	4	4	0	0	6	0	0	1	0	0	0	0
L1589608-R002	biblical_book	Gen	3	12		1Q1	1606606	f2	2	1589608				books/DSS-Genesis.txt	44229	4141	1889955-1889972	18	0	0995e0e65df42f13d17d7f5f3ab55ab6698f9b3bec7d4a5b57a7e38d7ae4667c	linguistics/books/DSS-Genesis-Linguistics.txt	70674	7371	5dfe09cf4829521e6c40c197778aa5b684bc3e693d4f17d7f455be2771a06f60	PARTLY_RECONSTRUCTED	46	42	30	3	9	33	3	0	1	0	0	0	0
L1589608-R003	biblical_book	Gen	3	13		1Q1	1606606	f2	2	1589608				books/DSS-Genesis.txt	48370	1701	1889973-1889974	2	1	ad453175639abe072cfdad201dbe1d72681867b57b2c1b84c72be1f5765f0586	linguistics/books/DSS-Genesis-Linguistics.txt	78045	1152	1a7f268bc7b907b7032e04103e24fddf071e9b34a1b5bd298a935ff07bb1e4af	ALL_LETTER_SLOTS_RECONSTRUCTED	5	5	5	0	0	5	0	0	0	0	0	0	0
L1589609-R001	biblical_book	Gen	3	13		1Q1	1606606	f2	3	1589609				books/DSS-Genesis.txt	50071	3899	1889975-1889991	17	0	c91dc17d2e76e2de73c24884c29d2fbe95b04f0a0253080e9ca3736a8c96000d	linguistics/books/DSS-Genesis-Linguistics.txt	79197	7122	b63386ba650fbda169c7037fe0df7da30834eab62b7dec3f601d080ee240cbc9	PARTLY_RECONSTRUCTED	48	45	32	1	12	35	1	0	1	0	0	0	0
L1589609-R002	biblical_book	Gen	3	14		1Q1	1606606	f2	3	1589609				books/DSS-Genesis.txt	53970	1864	1889992-1889994	3	1	2c1d59bf710acc63a0e64fc42abf19b2a63c9ad109b0c4aaf92479682a0827d8	linguistics/books/DSS-Genesis-Linguistics.txt	86319	1559	cb8a708e6733cd5cab1fbf517100a402231213475217810e65a3a4a12091420b	ALL_LETTER_SLOTS_RECONSTRUCTED	9	9	9	0	0	9	0	0	0	0	0	0	0
L1589610-R001	biblical_book	Gen	3	14		1Q1	1606606	f2	4	1589610				books/DSS-Genesis.txt	55834	4545	1889995-1890014	20	1	d962daaabc680cefbbd339590ef12eb0baac33a575b6d010f6f4870d0d509a64	linguistics/books/DSS-Genesis-Linguistics.txt	87878	8355	f28672fe77f37398a51ffb15191a0e8b0fa7e8c96434369acbe0f3efd643fcd4	PARTLY_RECONSTRUCTED	50	50	40	2	8	40	2	0	0	0	0	0	0
L1589611-R001	biblical_book	Gen	3	14		1Q1	1606606	f2	5	1589611				books/DSS-Genesis.txt	60379	3112	1890015-1890023	9	1	9e3f5e9132a655092b2800a75c4766256a04a8557ba33cb27a4bcd158bfc6049	linguistics/books/DSS-Genesis-Linguistics.txt	96233	3970	40c11a7fae4f45a347c9a7e45133acbf2eac2bedc8d6136433ebe9619d48a2e2	PARTLY_RECONSTRUCTED	29	25	20	0	5	24	0	0	1	0	0	0	0
L1589612-R001	biblical_book	Gen	22	13		1Q1	1606606	f3	1	1589612				books/DSS-Genesis.txt	63491	4532	1890024-1890040	17	1	d79ace9a63452f21f87e316287242ca039f2e7f0df76d6963b70e6d20b06c5b6	linguistics/books/DSS-Genesis-Linguistics.txt	100203	7114	9cae9873eda61e9d0654ef8b592e376617c32e4633d7b6a7b33daec850627665	PARTLY_RECONSTRUCTED	46	41	35	2	4	40	2	0	1	0	0	0	0
L1589613-R001	biblical_book	Gen	22	14		1Q1	1606606	f3	2	1589613				books/DSS-Genesis.txt	68023	3999	1890041-1890057	17	1	229b4c6958d826d0fb775fc7643fbda0a3b26a68f0a7fe43a29571fc772b1131	linguistics/books/DSS-Genesis-Linguistics.txt	107317	7129	7c4073f04df27c077718c237b129f1b80f12b4beab1dadc3668a510d116943c2	PARTLY_RECONSTRUCTED	45	45	36	0	9	36	0	0	0	0	0	0	0
L1589614-R001	biblical_book	Gen	22	14		1Q1	1606606	f3	3	1589614				books/DSS-Genesis.txt	72022	1596	1890058-1890060	3	0	0ca06094b391d57530377a3ed4dd04d41b0551b0cca30cb21d8cd9c7fc588b38	linguistics/books/DSS-Genesis-Linguistics.txt	114446	1535	7f7c0fe101ee012f677e6147f5d636b4e4ceb20d6383cb4d660f5964306dd43b	ALL_LETTER_SLOTS_RECONSTRUCTED	10	8	8	0	0	10	0	0	1	0	0	0	0
L1589614-R002	biblical_book	Gen	22	15		1Q1	1606606	f3	3	1589614				books/DSS-Genesis.txt	73618	3178	1890061-1890071	11	1	a1bbd54120e45c5b26d970dd3e3dc2c83a63e873284dc9a5bdce3e5ac7388bed	linguistics/books/DSS-Genesis-Linguistics.txt	115981	4822	75a6d7eddeb4bfdb8fd223d06731cd7eb96fb58b15d0a457438193e4f306ff05	PARTLY_RECONSTRUCTED	33	31	19	0	12	21	0	0	1	0	0	0	0
L1589615-R001	biblical_book	Gen	23	17		1Q1	1606606	f4	1	1589615				books/DSS-Genesis.txt	76796	2460	1890072-1890077	6	1	e9070326d796f5a3e0ed99b1a736796266dc7618bd6cd697150c6dff36df584c	linguistics/books/DSS-Genesis-Linguistics.txt	120803	2809	c4e252be42c9114e194012f76e586096617526df6b4419fa00100ed3ebf802e7	PARTLY_RECONSTRUCTED	17	15	11	1	3	13	1	1	1	0	0	0	0
L1589616-R001	biblical_book	Gen	23	17		1Q1	1606606	f4	2	1589616				books/DSS-Genesis.txt	79256	4056	1890078-1890094	17	1	4d51f8164f0e50e48622b3fc3e5067ce91c81cb72fd2d4d4cfcfdc9209aa9f6f	linguistics/books/DSS-Genesis-Linguistics.txt	123612	7180	9dd27d0345dfd30140d981e2e5ae5075137ecf5360e9d71e89d5752440cf683c	PARTLY_RECONSTRUCTED	40	39	32	1	6	33	1	0	0	0	0	0	0
L1589617-R001	biblical_book	Gen	23	17		1Q1	1606606	f4	3	1589617				books/DSS-Genesis.txt	83312	2608	1890095-1890103	9	0	3235b391e6da6c4fffc6992ee369c8994a3b497027d90f01e96fdf429deca8c4	linguistics/books/DSS-Genesis-Linguistics.txt	130792	4011	ca6855279058a1320e888611121c64c317d4fe4ee30f4c78ef29c596fe38b706	PARTLY_RECONSTRUCTED	25	22	19	0	3	20	0	0	1	0	0	0	0
L1589617-R002	biblical_book	Gen	23	18		1Q1	1606606	f4	3	1589617				books/DSS-Genesis.txt	85920	2568	1890104-1890111	8	1	883e48fb924ed838e9f1ab7e4af2fc9eeb991e1a96395f9982c4c0718719aac9	linguistics/books/DSS-Genesis-Linguistics.txt	134803	3593	c03c334dd4e5951e0a47d7e48a0b0f63dc26b0645d5c4026d04f1d21e51e0082	PARTLY_RECONSTRUCTED	21	21	15	0	6	15	0	0	0	0	0	0	0
L1589618-R001	biblical_book	Gen	23	18		1Q1	1606606	f4	4	1589618				books/DSS-Genesis.txt	88488	2147	1890112-1890117	6	0	ace1de07f472740a0542a4a30c7315ad6bdb83cfb0727c76bd673a54be7546fb	linguistics/books/DSS-Genesis-Linguistics.txt	138396	2727	acc09c88b7db3dc4562270491d484a76348c1eb343de5a6668ae14dcafd3f2ef	ALL_LETTER_SLOTS_RECONSTRUCTED	17	14	14	0	0	17	0	0	1	0	0	0	0
L1589618-R002	biblical_book	Gen	23	19		1Q1	1606606	f4	4	1589618				books/DSS-Genesis.txt	90635	2806	1890118-1890125	8	1	f9f90f32a274a0e6ad8efcc7c8d02c71b6bc21b28d6ff30082b7bf37ca0828f7	linguistics/books/DSS-Genesis-Linguistics.txt	141123	3692	0cdaab65d7aee4e487b2515ed5ce81efcebf1ac6e380369179496eff6ade063c	PARTLY_RECONSTRUCTED	25	24	19	0	5	20	0	0	0	0	0	0	0
L1589619-R001	biblical_book	Gen	23	19		1Q1	1606606	f4	5	1589619				books/DSS-Genesis.txt	93441	3646	1890126-1890139	14	1	a13573b07c4296cb621ccaf1306f78682beb4d94afce095dbfa73b7e2a8b3eaa	linguistics/books/DSS-Genesis-Linguistics.txt	144815	6227	25977d3f20feebd2fd7424a25e8c4307f07b8f8332272747bd734f8976b02fc8	PARTLY_RECONSTRUCTED	42	40	33	2	5	35	2	0	1	0	0	0	0
L1589620-R001	biblical_book	Gen	24	22		1Q1	1606606	f5	1	1589620				books/DSS-Genesis.txt	97087	4490	1890140-1890158	19	1	13e48dfeacf6ffba8047ed0f30acee5ee6d3993be7c1c2ade76419e4ff761f59	linguistics/books/DSS-Genesis-Linguistics.txt	151042	7993	ad422c1f122cbaddafb2a14ee7e27146cc77f79734e90de46f27d4ad1e29370d	PARTLY_RECONSTRUCTED	49	48	46	1	1	47	1	0	0	0	0	0	0
L1589621-R001	biblical_book	Gen	24	22		1Q1	1606606	f5	2	1589621				books/DSS-Genesis.txt	101577	2475	1890159-1890165	7	0	59801d02464f04507c3d14917fa61380d962d2fd86e9b7fdef178233ea79da0c	linguistics/books/DSS-Genesis-Linguistics.txt	159035	3309	141cd74b3813bc2317e2117884c93846e9f2f41de5a1691b58da9a4a7ba683c9	PARTLY_RECONSTRUCTED	28	24	19	0	5	22	0	0	1	0	0	0	0
L1589621-R002	biblical_book	Gen	24	23		1Q1	1606606	f5	2	1589621				books/DSS-Genesis.txt	104052	3138	1890166-1890176	11	1	83c207ce531381cb205c59235bfff4b8661cc7b40e91c91bbf367fb70c90a140	linguistics/books/DSS-Genesis-Linguistics.txt	162344	4707	f0412e26add18e51b8fcbaf278159d9cff08eac274f04b9ad6f65d8af95cb056	ALL_LETTER_SLOTS_RECONSTRUCTED	27	26	26	0	0	27	0	0	0	0	0	0	0
L1589622-R001	biblical_book	Gen	24	23		1Q1	1606606	f5	3	1589622				books/DSS-Genesis.txt	107190	2286	1890177-1890182	6	0	e0f9a342abb7a430116223f3aea9a018b563ec86ca6fce82e523323f75ecb234	linguistics/books/DSS-Genesis-Linguistics.txt	167051	2707	db8566fc74781e5ffde8a4bbe1b9d31d4c1e6e53083543bbc43d266554c158b3	ALL_LETTER_SLOTS_RECONSTRUCTED	19	15	15	0	0	19	0	0	1	0	0	0	0
L1589622-R002	biblical_book	Gen	24	24		1Q1	1606606	f5	3	1589622				books/DSS-Genesis.txt	109476	2736	1890183-1890188	6	1	2e56a4df37df7eeeb9a53061d98be5a38e323bbaff530540e334f36b2928d009	linguistics/books/DSS-Genesis-Linguistics.txt	169758	2802	f1129cdce77d58e6bb6d130bab8d8a5224f2308d0deea4b92d5ee27e890c2cc8	PARTLY_RECONSTRUCTED	19	16	12	1	3	13	1	0	1	0	0	0	0
L1592435-R001	biblical_book	Gen	19	27		2Q1	1606622	f1	0	1592435				books/DSS-Genesis.txt	112261	2334	1929880-1929885	6	1	1a4a9bb05ae12448b6b692bb15032bbbc91e9a526ef8ec9e3266fb406dc7032d	linguistics/books/DSS-Genesis-Linguistics.txt	172609	2804	2bad5ac5242b0c2fa86bfdeadabaa5d454cf65f55b8ebda3ee23ac0d1f95cd72	ALL_LETTER_SLOTS_RECONSTRUCTED	16	14	14	0	0	16	0	1	1	0	0	0	0
L1592436-R001	biblical_book	Gen	19	27		2Q1	1606622	f1	1	1592436				books/DSS-Genesis.txt	114595	2744	1929886-1929893	8	1	e7718dee74cc7032e27e02775fbaa08c00f10abf32b3ed28657aa08cbe58d2c4	linguistics/books/DSS-Genesis-Linguistics.txt	175413	3592	44fa1479cb2edbe209fb2efa33875eaaa7c4d21cf3300944319391d1048f1e1d	PARTLY_RECONSTRUCTED	20	20	14	2	4	14	2	0	0	0	0	0	0
L1592437-R001	biblical_book	Gen	19	27		2Q1	1606622	f1	2	1592437				books/DSS-Genesis.txt	117339	1431	1929894-1929895	2	0	c6f5bcebec953b5adee00fc81f5cecdb0dd2c4e222eccea310950f45a7eb69ff	linguistics/books/DSS-Genesis-Linguistics.txt	179005	1134	ad154ff5c91ef7c8e43710c547a1762b1fc74626a64fd99f1f78258173d96d16	ALL_LETTER_SLOTS_RECONSTRUCTED	6	4	4	0	0	6	0	0	1	0	0	0	0
L1592437-R002	biblical_book	Gen	19	28		2Q1	1606622	f1	2	1592437				books/DSS-Genesis.txt	118770	2683	1929896-1929903	8	1	2c99546a3296457e039f826276375ecd6dfc20906ec62014a3030045c56d4899	linguistics/books/DSS-Genesis-Linguistics.txt	180139	3566	25fd9596c9249ecce3e534469c7666de537d61539e235464f65a1aeee7db3476	PARTLY_RECONSTRUCTED	20	18	11	1	6	11	1	0	1	0	0	0	0
L1592438-R001	biblical_book	Gen	36	6		2Q1	1606622	f2i	0	1592438				books/DSS-Genesis.txt	121453	3024	1929904-1929912	9	1	c2e9c93927544e3aa6b960f24053d0c84511adb4bf4ce63326521db9ba0bec03	linguistics/books/DSS-Genesis-Linguistics.txt	183705	3926	2acef680966a161deea93a2b5bdb4003115364f99d328d87926387a7739b4094	ALL_LETTER_SLOTS_RECONSTRUCTED	24	20	20	0	0	24	0	1	1	0	0	0	0
L1592439-R001	biblical_book	Gen	36	6		2Q1	1606622	f2i	1	1592439				books/DSS-Genesis.txt	124477	3535	1929913-1929923	11	1	51b117337649aca4333b4c00e8364f5d549454749818a13c4112532eae1ff9fa	linguistics/books/DSS-Genesis-Linguistics.txt	187631	4827	d7a8826e1ec39f933ca211236fe573c1f7fb278a6c2d14d2e2a9caa3e24d5bab	PARTLY_RECONSTRUCTED	33	30	23	2	5	25	2	0	0	0	0	0	0
L1592440-R001	biblical_book	Gen	36	6		2Q1	1606622	f2i	2	1592440				books/DSS-Genesis.txt	128012	3451	1929924-1929935	12	1	50413b2978867e6e4fe796dba64f3ebc6f43c4a29b91d45a19c7adba1f33b5f2	linguistics/books/DSS-Genesis-Linguistics.txt	192458	5234	6b413bbbcda51454780d3f0f99c73ce596297fcf16a6efcafa95d94652efded5	PARTLY_RECONSTRUCTED	32	30	26	4	0	28	4	0	0	0	0	0	0
L1592441-R001	biblical_book	Gen	36	6		2Q1	1606622	f2i	3	1592441				books/DSS-Genesis.txt	131463	3066	1929936-1929945	10	1	7cb150d83e5fd196dea68fc3db33a2987ebd8e16fc2be9222667b10578edec94	linguistics/books/DSS-Genesis-Linguistics.txt	197692	4401	a6a8f4e738bb69057bc3e915a1a00f09a7f48984f758340fb6802adf5a9a7153	ALL_LETTER_SLOTS_RECONSTRUCTED	28	25	25	0	0	28	0	0	1	0	0	0	0
L1592442-R001	biblical_book	Gen	36	35		2Q1	1606622	f2ii	0	1592442				books/DSS-Genesis.txt	134529	3206	1929946-1929956	11	1	78d31bea8e551230a5881e29b9003bcbcdecfc32795bbfd98ecfccb22bf02ce2	linguistics/books/DSS-Genesis-Linguistics.txt	202093	4918	cb4112f3d845f43be48e9b4213fbecff002894ee15294e6a62fe94bcc922fd0e	ALL_LETTER_SLOTS_RECONSTRUCTED	32	31	31	0	0	32	0	0	0	0	0	0	0
L1592443-R001	biblical_book	Gen	36	35		2Q1	1606622	f2ii	1	1592443				books/DSS-Genesis.txt	137735	2058	1929957-1929961	5	0	2bd523d3eea3f5152fd101eadd3634fac0d2cb07f0a4f22f349fe5299a353c1a	linguistics/books/DSS-Genesis-Linguistics.txt	207011	2366	4a6d0988ae7d27ae3362e4f6045c139bea654caf93c10fb3398678a741fdb0af	PARTLY_RECONSTRUCTED	14	11	10	1	0	13	1	0	1	0	0	0	0
L1592443-R002	biblical_book	Gen	36	36		2Q1	1606622	f2ii	1	1592443				books/DSS-Genesis.txt	139793	2445	1929962-1929967	6	1	f38401dea62032557ecfed09b1760677475daccf0afdecacfe448291d98bdcc7	linguistics/books/DSS-Genesis-Linguistics.txt	209377	2798	61a91c3bf1ba5b4809d9a4dd9e18f4fae13197bc3709c6e57598202c4e005eb5	ALL_LETTER_SLOTS_RECONSTRUCTED	18	17	17	0	0	18	0	0	0	0	0	0	0
L1592444-R001	biblical_book	Gen	36	36		2Q1	1606622	f2ii	2	1592444				books/DSS-Genesis.txt	142238	1759	1929968-1929971	4	0	7bdf8ee9033b3030b60f55b63ff3ee2d1acbfed2fafe565982b91317e8923826	linguistics/books/DSS-Genesis-Linguistics.txt	212175	2032	071e2af6caafa06a203dbbb30a52ed4857325c8686726865f9e04f18c96c023f	PARTLY_RECONSTRUCTED	12	10	3	0	7	5	0	0	1	0	0	0	0
L1592444-R002	biblical_book	Gen	36	37		2Q1	1606622	f2ii	2	1592444				books/DSS-Genesis.txt	143997	2455	1929972-1929977	6	1	81cebdd32181a9eb7df7bae4516fbd2dc6a2a7ea87a7e74c59d4fa73dbf3ab77	linguistics/books/DSS-Genesis-Linguistics.txt	214207	2827	9a5655351a0cd17d9cf7fd2083cf1ce5ddc594be14a4359da37c35026b2927d1	ALL_LETTER_SLOTS_RECONSTRUCTED	19	18	18	0	0	19	0	0	0	0	0	0	0
L1592445-R001	biblical_book	Gen	36	37		2Q1	1606622	f2ii	3	1592445				books/DSS-Genesis.txt	146452	2115	1929978-1929983	6	0	9b7b32aec97c62eeb16c61b386319e825d94baf211b72448c110b87b9f76c8d5	linguistics/books/DSS-Genesis-Linguistics.txt	217034	2794	ace0bf7aa9990b172920d4ae60dc9e802a90178f23af3a75c0d0bfc330cf748a	PARTLY_RECONSTRUCTED	16	14	12	1	1	14	1	0	1	0	0	0	0
L1592445-R002	biblical_book	Gen	36	38		2Q1	1606622	f2ii	3	1592445				books/DSS-Genesis.txt	148567	1741	1929984-1929985	2	1	c458cf6f1ed754c7df375f8d36c17b76c796fe18c35bef81598949561548d01b	linguistics/books/DSS-Genesis-Linguistics.txt	219828	1083	a84f7b366d2a9f6fd4b4fc155d23c9a7173f5418039b23408d0994a0be315127	NO_LETTER_SLOTS	4	0	0	0	0	2	0	1	2	0	0	0	0
L1592783-R001	biblical_book	Gen	22	14		4Q1	1606642	f1	1	1592783				books/DSS-Genesis.txt	150357	4622	1934093-1934111	19	1	2d2084972d697ff1f7687746ec10724ba3df7330808f67e0a3b5747bf3c2c9ed	linguistics/books/DSS-Genesis-Linguistics.txt	220960	8009	77ca1480d4b6575e3658e2af44628c9390d3ba114e389196a904a95479519810	PARTLY_RECONSTRUCTED	54	52	40	3	9	42	3	0	1	0	0	0	0
L1592784-R001	biblical_book	Gen	27	38		4Q1	1606642	f2	1	1592784				books/DSS-Genesis.txt	154979	2924	1934112-1934121	10	0	6d66593a17da373874b4ac432ed565026798312c8a9f84214773fc7e022cbf50	linguistics/books/DSS-Genesis-Linguistics.txt	228969	4315	a1e228c6b3ce4c5ba6957149475795ba5eb6979b2c309d5dce08903de385a3b6	PARTLY_RECONSTRUCTED	26	22	20	1	1	22	1	0	1	0	0	0	0
L1592784-R002	biblical_book	Gen	27	39		4Q1	1606642	f2	1	1592784				books/DSS-Genesis.txt	157903	2926	1934122-1934129	8	1	112c47e5d008b76a2a9ef88c2bcf668b42f1ab706ad43210f1ee2dcc4fcb37ee	linguistics/books/DSS-Genesis-Linguistics.txt	233284	3629	304adb7eaa67d135c4d33dec80bdabc8447b010c6ea038c03d295cd5a4d788b8	PARTLY_RECONSTRUCTED	26	24	19	1	4	21	1	0	0	0	0	0	0
L1592785-R001	biblical_book	Gen	27	39		4Q1	1606642	f2	2	1592785				books/DSS-Genesis.txt	160829	3623	1934130-1934143	14	1	5f4ab98e5d4d1104ab11fcd865ae2824d3bf134e79bdc348ffddc3192f72ba34	linguistics/books/DSS-Genesis-Linguistics.txt	236913	5880	6dbc629811324cc9a1fb1810914bf87ba1705bd84621a1598f4f69b0c1cc5fca	PARTLY_RECONSTRUCTED	33	30	29	1	0	32	1	0	1	0	0	0	0
L1592786-R001	biblical_book	Gen	27	42		4Q1	1606642	f3	1	1592786				books/DSS-Genesis.txt	164452	4065	1934144-1934159	16	1	f9a5bb95474a7769ddd065358a09b2d92879e38beb4b20a127b57282283f7867	linguistics/books/DSS-Genesis-Linguistics.txt	242793	6815	b11a4b4e2408478a7523a568abf0562a0cce2a5884f9060c48fba01b6add5905	PARTLY_RECONSTRUCTED	41	40	35	5	0	36	5	0	0	0	0	0	0
L1592787-R001	biblical_book	Gen	27	42		4Q1	1606642	f3	2	1592787				books/DSS-Genesis.txt	168517	4484	1934160-1934173	14	1	29b4812ef6382b0fc3f4fb25e29bfd883a8bb84d441be39697a956c6101ffd39	linguistics/books/DSS-Genesis-Linguistics.txt	249608	5974	c46f7ef4a736c35fb48fa60987f6b004f95218b32be04b6031a2f1568265fc39	PARTLY_RECONSTRUCTED	45	38	29	2	5	35	2	0	1	0	3	0	0
L1592787-R002	biblical_book	Gen	27	43		4Q1	1606642	f3	2	1592787				books/DSS-Genesis.txt	173001	2132	1934174-1934177	4	1	638579edd3c9419c609237bd9caca7c3f0402799509beba0e4869f79de08ff20	linguistics/books/DSS-Genesis-Linguistics.txt	255582	1985	1f6086e5b6d25ca141322e548e44a497665d25b50502cdbfc50bb1d82c630954	ALL_LETTER_SLOTS_RECONSTRUCTED	11	10	10	0	0	11	0	0	0	0	0	0	0
L1592788-R001	biblical_book	Gen	27	43		4Q1	1606642	f3	3	1592788				books/DSS-Genesis.txt	175133	3758	1934178-1934188	11	1	eeed152e3d7b5e5e5de8627577cc64e0dbd13f7617d2590a39c4d989fa88d73c	linguistics/books/DSS-Genesis-Linguistics.txt	257567	4743	0995fd3b825d2914b4247d7d70495059caa1dc93db5df44e17a06c03475feeb8	PARTLY_RECONSTRUCTED	31	25	20	5	0	25	5	0	1	0	0	0	0
L1592789-R001	biblical_book	Gen	34	16		4Q1	1606642	f4	1	1592789				books/DSS-Genesis.txt	178891	2113	1934189-1934192	4	1	0d24338d6774cfd1b4ad0fcf25ac58b7df0957d31bcc91f3f3bb3ee6fa5b0a49	linguistics/books/DSS-Genesis-Linguistics.txt	262310	1834	713aa10b42a07eefd2c3a4759d4669e7cde8c9cf2e3a2a503dfb5b72d2324da6	NO_LETTER_SLOTS	9	0	0	0	0	5	2	2	4	0	0	0	0
L1592790-R001	biblical_book	Gen	34	17		4Q1	1606642	f4	2	1592790				books/DSS-Genesis.txt	181004	3626	1934193-1934206	14	0	d2c3aa892dac7eba9d11c52fe18e84fc3d5a01476882de9a978798af5ded1338	linguistics/books/DSS-Genesis-Linguistics.txt	264144	5893	deaac0945934eaf5bfe8d94cf94902decb94bf1a90f8fafd2ed5c1fc891a631e	PARTLY_RECONSTRUCTED	42	38	31	4	3	35	4	0	1	0	0	0	0
L1592790-R002	biblical_book	Gen	34	18		4Q1	1606642	f4	2	1592790				books/DSS-Genesis.txt	184630	2036	1934207-1934209	3	1	ff2fbd1d8ff9929469c7cdb90c58227e0be6efad296a11cceb31e20d83d98b9d	linguistics/books/DSS-Genesis-Linguistics.txt	270037	1622	01e47f2e60aca57cf2121b1f491a25d7e100f3cfb6f529fe3dc19a4ba0ddedf5	ALL_LETTER_SLOTS_RECONSTRUCTED	13	12	12	0	0	13	0	0	0	0	0	0	0
L1592791-R001	biblical_book	Gen	34	18		4Q1	1606642	f4	3	1592791				books/DSS-Genesis.txt	186666	2708	1934210-1934219	10	0	3736b06c7b9d26239a39af6d4c525a2850688d244d0fe5fbfe36877338258565	linguistics/books/DSS-Genesis-Linguistics.txt	271659	4411	ff777fd01436b31e221e777a96f6da2878341f65aad61d3cd1a516f7c028594c	PARTLY_RECONSTRUCTED	26	24	17	2	5	17	2	0	1	0	0	0	0
L1592791-R002	biblical_book	Gen	34	19		4Q1	1606642	f4	3	1592791				books/DSS-Genesis.txt	189374	3064	1934220-1934230	11	1	cf72813194fd342f9b3e6eb960b12fed015e6e77d6750dbcaefefd50c2c79fa9	linguistics/books/DSS-Genesis-Linguistics.txt	276070	4697	2746e92e97662708b1cf14650bc4da242efc4add96ecb29a638d197e39cec0b5	PARTLY_RECONSTRUCTED	24	24	19	1	4	19	1	0	0	0	0	0	0
L1592792-R001	biblical_book	Gen	34	19		4Q1	1606642	f4	4	1592792				books/DSS-Genesis.txt	192438	2980	1934231-1934241	11	0	3394c04126ec470c47a46152f504b7f229ff7b1fa1576b50106b18aec665c527	linguistics/books/DSS-Genesis-Linguistics.txt	280767	4746	45e269eb994fa04b8dead44193ba5d7442146fe5c2540dd8bd6275ef3c4e9eaa	PARTLY_RECONSTRUCTED	28	25	10	2	13	12	2	0	1	0	0	0	0
L1592792-R002	biblical_book	Gen	34	20		4Q1	1606642	f4	4	1592792				books/DSS-Genesis.txt	195418	2715	1934242-1934249	8	1	c72b93bcf6e71b04ebaee29d4c84bfe47f45da68ea406bd12a2cb9f63b9fde7b	linguistics/books/DSS-Genesis-Linguistics.txt	285513	3598	60e637aa14628ee154f8412f5fc4f71e9712462c55b82f9bdb7407068f9091ae	ALL_LETTER_SLOTS_RECONSTRUCTED	21	20	20	0	0	21	0	0	0	0	0	0	0
L1592793-R001	biblical_book	Gen	34	20		4Q1	1606642	f4	5	1592793				books/DSS-Genesis.txt	198133	2769	1934250-1934258	9	0	b229cde37a93c5e0ded08bdf299d66db3f8cb91b7bc2a88af847e7db9b0a63ef	linguistics/books/DSS-Genesis-Linguistics.txt	289111	3956	f6d6e9e7585d7829191e93ccb092c94c0cf41d2c757691679b43362402d571e7	PARTLY_RECONSTRUCTED	28	24	15	1	8	18	1	0	1	0	0	0	0
L1592793-R002	biblical_book	Gen	34	21		4Q1	1606642	f4	5	1592793				books/DSS-Genesis.txt	200902	2896	1934259-1934267	9	1	bb75b3eb57c748ba27da075825e29b6d0a059f674bfcff08e5153a890e0e853b	linguistics/books/DSS-Genesis-Linguistics.txt	293067	3966	472eb202f855853a9630c05ccad107b615f762a68b339160e4e98dcddeaceb86	ALL_LETTER_SLOTS_RECONSTRUCTED	27	26	26	0	0	27	0	0	0	0	0	0	0
L1592794-R001	biblical_book	Gen	34	21		4Q1	1606642	f4	6	1592794				books/DSS-Genesis.txt	203798	4972	1934268-1934287	20	1	86e85a982e2334efb7ceb1df8e9e278ae0e2f83beb72c6c5bcf81b9d3c62ea10	linguistics/books/DSS-Genesis-Linguistics.txt	297033	8371	ac5974cfe9061989e1a6b70aeebc86489e0fd985b85b10f17f5c1d5321bf1216	PARTLY_RECONSTRUCTED	58	52	51	1	0	55	1	0	1	0	0	0	0
L1592795-R001	biblical_book	Gen	35	17		4Q1	1606642	f5	1	1592795				books/DSS-Genesis.txt	208770	4464	1934288-1934306	19	0	066e172cf1a7cfb1be6bdbc968c1d3b67b461bb7c6ac3889f0c3848e93ff1bca	linguistics/books/DSS-Genesis-Linguistics.txt	305404	7825	365a09dbf24c58c81a4e976ddd8a4b1a5a99993c001d9babeedef7e41d55b529	PARTLY_RECONSTRUCTED	51	45	42	3	0	48	3	0	1	0	0	0	0
L1592795-R002	biblical_book	Gen	35	18		4Q1	1606642	f5	1	1592795				books/DSS-Genesis.txt	213234	1970	1934307-1934310	4	1	0fa820b2ba3fd0f4b2c6a692d5354b8b4707e77f848e60108565fa67cae55942	linguistics/books/DSS-Genesis-Linguistics.txt	313229	1929	bc94d70a858cd887d140c5de7fd33683045f1ab67276c5242c7ac2b34fc2ddce	ALL_LETTER_SLOTS_RECONSTRUCTED	8	8	8	0	0	8	0	0	0	0	0	0	0
L1592796-R001	biblical_book	Gen	35	18		4Q1	1606642	f5	2	1592796				books/DSS-Genesis.txt	215204	3838	1934311-1934324	14	0	33b6436cfc51f22b2d1e51d124c01d9eb4cf623cc7abad2e42489206f53a42c6	linguistics/books/DSS-Genesis-Linguistics.txt	315158	6046	e719d914dc39ade00f626d76c3c9670a419280f411d0f1c41dc7ec77eae48e67	PARTLY_RECONSTRUCTED	45	39	35	1	3	40	1	0	1	0	0	0	0
L1592796-R002	biblical_book	Gen	35	19		4Q1	1606642	f5	2	1592796				books/DSS-Genesis.txt	219042	1846	1934325-1934327	3	1	5ed69f7df07d6915f5627082cabaf1b58e54ea9fdc719a6a2853122bac466a21	linguistics/books/DSS-Genesis-Linguistics.txt	321204	1568	9d07195dc4878eeeb17fb573fa2f1e86343a6c719793cff2a1714b974ac83a37	ALL_LETTER_SLOTS_RECONSTRUCTED	7	7	7	0	0	7	0	0	0	0	0	0	0
L1592797-R001	biblical_book	Gen	35	19		4Q1	1606642	f5	3	1592797				books/DSS-Genesis.txt	220888	2664	1934328-1934336	9	0	aada1b00192c03d607a64c4fd47c0e09ceca3440dd698e10eb0ec2f60d41b255	linguistics/books/DSS-Genesis-Linguistics.txt	322772	4036	ab959585bcd3a4ff3a95c2b94247bf7df44160c497bc0951e4bed21e5fd5111a	PARTLY_RECONSTRUCTED	26	23	12	2	9	12	2	0	1	0	0	0	0
L1592797-R002	biblical_book	Gen	35	20		4Q1	1606642	f5	3	1592797				books/DSS-Genesis.txt	223552	2602	1934337-1934343	7	1	f337d64017890a8aedb8a40b446c622f4c7f7db03f9be8fa54679be01a8bb232	linguistics/books/DSS-Genesis-Linguistics.txt	326808	3329	6aad8702af6c5d392bd1136d1959a77e6e7c8eb31fd771eec596fe4f6007dac5	PARTLY_RECONSTRUCTED	23	22	18	0	4	19	0	0	0	0	0	0	0
L1592798-R001	biblical_book	Gen	35	20		4Q1	1606642	f5	4	1592798				books/DSS-Genesis.txt	226154	2171	1934344-1934350	7	0	39851e8373639a185f855b01079c5ed8cdd513316420c783f2bb63f103f78534	linguistics/books/DSS-Genesis-Linguistics.txt	330137	3224	b7d9ab567cac6f4fb8951b136e3936ebe300bbff1dae672333bd31468b823950	ALL_LETTER_SLOTS_RECONSTRUCTED	19	17	17	0	0	19	0	0	1	0	0	0	0
L1592798-R002	biblical_book	Gen	35	21		4Q1	1606642	f5	4	1592798				books/DSS-Genesis.txt	228325	3681	1934351-1934362	12	1	b9d91f2237486d960964110dd2eb20d6c47a51698e4f80a7e25717e56bb7e7b2	linguistics/books/DSS-Genesis-Linguistics.txt	333361	5291	f587108e4c0f2c83dd9f3649665ceafd3355e7992e500ae59c364044c807269f	PARTLY_RECONSTRUCTED	32	29	7	5	16	9	5	0	1	0	5	0	0
L1592799-R001	biblical_book	Gen	35	22		4Q1	1606642	f5	5	1592799				books/DSS-Genesis.txt	232006	5217	1934363-1934383	21	2	1c763ab224a6b179768bbb85d41e849775c5fc0c965664d02f33a5633c3aad1f	linguistics/books/DSS-Genesis-Linguistics.txt	338652	9005	4b7fde59b80f53ae6f05f1e3e188e8c11e444c5ba8c1ea1e52ca749183cfab06	PARTLY_RECONSTRUCTED	61	60	39	3	18	39	3	0	0	0	0	0	0
L1592800-R001	biblical_book	Gen	35	22		4Q1	1606642	f5	6	1592800				books/DSS-Genesis.txt	237223	2223	1934384-1934390	7	0	40b6129f5a38bea97bed16315e9e866b91a9b63ab4b6190e1bffe4ced97da8a4	linguistics/books/DSS-Genesis-Linguistics.txt	347657	3236	6c3bbb5613e0ab9a66021891e4b358e9d3c6fb29858f3b9c6a7ee69629d283a6	PARTLY_RECONSTRUCTED	21	19	15	1	3	15	1	0	1	0	0	0	0
L1592800-R002	biblical_book	Gen	35	23		4Q1	1606642	f5	6	1592800				books/DSS-Genesis.txt	239446	3622	1934391-1934402	12	1	eef1908b68f066ac00eb93441cde4c0572abe848f9dc71a4aaed99d176b94137	linguistics/books/DSS-Genesis-Linguistics.txt	350893	5546	4d272523365392ef32e994ba41d891a64da6e8a9c68ba4a73bd38cffab77fdbf	PARTLY_RECONSTRUCTED	40	40	18	5	17	18	5	0	0	0	0	0	0
L1592801-R001	biblical_book	Gen	35	23		4Q1	1606642	f5	7	1592801				books/DSS-Genesis.txt	243068	1565	1934403-1934405	3	0	c5d557c7c98a8cd6dd9b6fcaa48459a9a095c363cd6f3bf44888097ec61f06bd	linguistics/books/DSS-Genesis-Linguistics.txt	356439	1580	1ec1bf9e785d72d07f05272beda0e8e3a607f688a8e33689e5d32d90c56266ad	ALL_LETTER_SLOTS_RECONSTRUCTED	8	6	6	0	0	8	0	0	1	0	0	0	0
L1592801-R002	biblical_book	Gen	35	24		4Q1	1606642	f5	7	1592801				books/DSS-Genesis.txt	244633	2087	1934406-1934411	6	0	d61017c8cf57f6f0aea917e4893cdc356fb6114a718ec6f71f8c00f00dad04b9	linguistics/books/DSS-Genesis-Linguistics.txt	358019	2854	bcc04a5a916d29087eeb1197bea923971b51a325f90053be55ad145ac6dab352	PARTLY_RECONSTRUCTED	18	16	10	2	4	10	2	0	1	0	0	0	0
L1592801-R003	biblical_book	Gen	35	25		4Q1	1606642	f5	7	1592801				books/DSS-Genesis.txt	246720	2274	1934412-1934419	8	0	a348beaea90482d9d874fdaabe22889bc6799d71c6ebf77856ceeb310a676e3b	linguistics/books/DSS-Genesis-Linguistics.txt	360873	3707	8354d6a49d14d6a78178c03ff0fad2d27e2c48aca9203405ad99602ce26450bc	NO_LETTER_RECONSTRUCTION_MARKED	24	22	0	0	22	0	0	0	1	0	0	0	0
L1592801-R004	biblical_book	Gen	35	26		4Q1	1606642	f5	7	1592801				books/DSS-Genesis.txt	248994	2032	1934420-1934422	3	1	abb77c73a4144579b48d49090493e5cdba5b8c29d3c0b7bda5f76b75d7621d6b	linguistics/books/DSS-Genesis-Linguistics.txt	364580	1716	9f596d2abdf94446dc44c61195da6da53f294867de799584eb10eacd86ef52a2	PARTLY_RECONSTRUCTED	11	11	5	3	3	5	3	0	0	0	0	0	0
L1592802-R001	biblical_book	Gen	35	26		4Q1	1606642	f5	8	1592802				books/DSS-Genesis.txt	251026	3408	1934423-1934436	14	0	693045ec3009fc86560e4f214b417383203309ec32c28a1d61d63fc583cfd0cd	linguistics/books/DSS-Genesis-Linguistics.txt	366296	6083	4d5812f4b14dbfb93530f717f6d50501f5342efa9fa41b238474611679491221	PARTLY_RECONSTRUCTED	38	35	24	2	9	24	2	0	1	0	0	0	0
L1592802-R002	biblical_book	Gen	35	27		4Q1	1606642	f5	8	1592802				books/DSS-Genesis.txt	254434	2703	1934437-1934443	7	1	4e05e7433df19d87d44917a5d5a07c5ef9c3bc4e6a02a47f6c8362bade0699af	linguistics/books/DSS-Genesis-Linguistics.txt	372379	3290	7be83d9ae286ddd81c66bab51441d096b2feb963d634fc338550f56e7960f276	PARTLY_RECONSTRUCTED	23	22	6	2	14	7	2	0	0	0	0	0	0
L1592803-R001	biblical_book	Gen	35	27		4Q1	1606642	f5	9	1592803				books/DSS-Genesis.txt	257137	3174	1934444-1934455	12	0	86f506bcaff35b71898015a1ed37ecdc2e2403b3ff03c9715dfe214249180ec2	linguistics/books/DSS-Genesis-Linguistics.txt	375669	5410	43de4cb7eb8dc0ca622aacc6d0114e9eb75b0a1ffa4ea698fea7265e4758840f	PARTLY_RECONSTRUCTED	36	34	23	5	6	23	5	0	1	0	0	0	0
L1592803-R002	biblical_book	Gen	35	28		4Q1	1606642	f5	9	1592803				books/DSS-Genesis.txt	260311	2644	1934456-1934463	8	1	5a9a3f3e6c2eefa83c740c55c7ed759ca238ed72a7159dd5879b4f11266d4972	linguistics/books/DSS-Genesis-Linguistics.txt	381079	3688	69a072ceaae480e46d65080a87b81be4e778edc3c194a31349f9f676ab7c9678	PARTLY_RECONSTRUCTED	24	24	8	1	15	8	1	0	0	0	0	0	0
L1592804-R001	biblical_book	Gen	35	28		4Q1	1606642	f5	10	1592804				books/DSS-Genesis.txt	262955	1423	1934464-1934465	2	0	24d27a82cd54dfdc45755c3ad3b3450e7cacb5271e3e6d734b979e617d9b4b85	linguistics/books/DSS-Genesis-Linguistics.txt	384767	1142	d6a15f9db09c74db3b22dd784452b0f7761bfecda4c14ea9c817a36afe2e382b	ALL_LETTER_SLOTS_RECONSTRUCTED	5	3	3	0	0	5	0	0	1	0	0	0	0
L1592804-R002	biblical_book	Gen	35	29		4Q1	1606642	f5	10	1592804				books/DSS-Genesis.txt	264378	5037	1934466-1934486	21	1	7f52cef1550386b9901a428647fac174ff55dc407fcfe0544075d295437b3c7d	linguistics/books/DSS-Genesis-Linguistics.txt	385909	8747	5c2ba4eeae9dff800f55a6b6cc67b48c2fb4c72a3b90afb8009451ba2053233d	PARTLY_RECONSTRUCTED	61	56	36	1	19	40	1	0	1	0	0	0	0
L1592806-R001	biblical_book	Gen	36	1		4Q1	1606642	f5	12	1592806				books/DSS-Genesis.txt	269415	2191	1934487-1934493	7	0	41455246955b6a8f51174da919a7f2e1dea2c6691a5663d229382556ea38bc2c	linguistics/books/DSS-Genesis-Linguistics.txt	394656	3256	75a6cdfcd33cdd909e2cafadbcbcc4b40fef612098bb203de00f4f8f682412bb	ALL_LETTER_SLOTS_RECONSTRUCTED	21	19	19	0	0	21	0	0	1	0	0	0	0
L1592806-R002	biblical_book	Gen	36	2		4Q1	1606642	f5	12	1592806				books/DSS-Genesis.txt	271606	3970	1934494-1934508	15	1	b55bde741c8c2f790e7acb9b44c82f4b5676b860aa9d40c4c2fa0bccb6a62721	linguistics/books/DSS-Genesis-Linguistics.txt	397912	6480	40328b7670c7d4258125efc40be0824c876ff1d5a496ffae2e5daf0edc596255	PARTLY_RECONSTRUCTED	40	39	21	3	15	22	3	0	0	0	0	0	0
L1592807-R001	biblical_book	Gen	36	2		4Q1	1606642	f5	13	1592807				books/DSS-Genesis.txt	275576	2354	1934509-1934516	8	0	4c7028294fb4e62602306464255e23a0789bf4127bb0670f7341eae4bb745bb9	linguistics/books/DSS-Genesis-Linguistics.txt	404392	3702	a411a3d3c42acf18ffeb63dd84c767157e08db45ba6fcf33b650ac84845af9d5	ALL_LETTER_SLOTS_RECONSTRUCTED	25	23	23	0	0	25	0	0	1	0	0	0	0
L1592807-R002	biblical_book	Gen	36	3		4Q1	1606642	f5	13	1592807				books/DSS-Genesis.txt	277930	2400	1934517-1934524	8	0	09f2c8961d51beb9e11d264407fa35058e6da0fe416648ddf4d4e01b9eddf20f	linguistics/books/DSS-Genesis-Linguistics.txt	408094	3735	14213447df024085dc762c5a83188b8ef1507ab3c21cf82cdd7b84365746ba23	PARTLY_RECONSTRUCTED	26	24	7	1	16	9	1	0	1	0	0	0	0
L1592807-R003	biblical_book	Gen	36	4		4Q1	1606642	f5	13	1592807				books/DSS-Genesis.txt	280330	2271	1934525-1934530	6	1	23a79547c59216cf4efc625fd3be5eff4479f1c21cb432e7f51932879969bf90	linguistics/books/DSS-Genesis-Linguistics.txt	411829	2729	3929d0fb6ac76364aa1878d042da13d693e399573489c626cf9e114ac0cdf675	ALL_LETTER_SLOTS_RECONSTRUCTED	13	13	13	0	0	13	0	0	0	0	0	0	0
L1592808-R001	biblical_book	Gen	36	4		4Q1	1606642	f5	14	1592808				books/DSS-Genesis.txt	282601	2249	1934531-1934537	7	0	c5e695bc0e8102049768c5fef47fcb4403b10c0a86c840e2cc48070252797f69	linguistics/books/DSS-Genesis-Linguistics.txt	414558	3270	0f55aab162af529dc0f0764d85d0995a61a5777fbb3fdeda3617ff77c464ecbc	PARTLY_RECONSTRUCTED	23	21	20	1	0	20	1	0	1	0	0	0	0
L1592808-R002	biblical_book	Gen	36	5		4Q1	1606642	f5	14	1592808				books/DSS-Genesis.txt	284850	3465	1934538-1934550	13	1	03195557ac9d10dfec839bb24f34b3382934ba9fd56bb05b9b58049e940c03a4	linguistics/books/DSS-Genesis-Linguistics.txt	417828	5708	6ab9857e4cf97a97a5419a55b6b20cc32305c2166a190df984c90f9916adbc34	PARTLY_RECONSTRUCTED	36	36	20	2	14	20	2	0	0	0	0	0	0
L1592809-R001	biblical_book	Gen	36	5		4Q1	1606642	f5	15	1592809				books/DSS-Genesis.txt	288315	2558	1934551-1934558	8	0	3890f81ea2c0bbd95355ba99bdf17012f55b76b3df9e07a0b38d5bd4fc49a923	linguistics/books/DSS-Genesis-Linguistics.txt	423536	3609	1602dd2f7469484bfc2407ee606ab3968247f2077ee1d598cdadb7217e06cf3d	PARTLY_RECONSTRUCTED	23	20	16	2	2	17	2	0	1	0	0	0	0
L1592809-R002	biblical_book	Gen	36	6		4Q1	1606642	f5	15	1592809				books/DSS-Genesis.txt	290873	4613	1934559-1934576	18	1	c6e2a68d7b285f009d6bd17c687c10bc64dc13d9f903c1b977cb901cca00bfac	linguistics/books/DSS-Genesis-Linguistics.txt	427145	7562	18340c22b9c4d92c0839d3ebe4daf19551927526148dc427a459f30741e68f64	PARTLY_RECONSTRUCTED	49	45	23	4	18	25	4	0	0	0	0	0	0
L1592810-R001	biblical_book	Gen	36	6		4Q1	1606642	f5	16	1592810				books/DSS-Genesis.txt	295486	5602	1934577-1934599	23	1	ce608450396207a502acaaf2953d5dec3b725bbc8fb5b5747322d00300221331	linguistics/books/DSS-Genesis-Linguistics.txt	434707	9734	f4f66505862f49d2a80b91f2640d577fb7384a6fe2dacd5e02d69cc5f6012569	PARTLY_RECONSTRUCTED	66	60	43	5	12	48	5	0	1	0	0	0	0
L1592811-R001	biblical_book	Gen	36	7		4Q1	1606642	f5	17	1592811				books/DSS-Genesis.txt	301088	5252	1934600-1934618	19	1	2b39615a004ff65dc8702f7608bf161b971d681bf7b6a1803ee47fbf6b8ecc93	linguistics/books/DSS-Genesis-Linguistics.txt	444441	8134	7cbfb12778780ccc1b7005ef0577243867806c6a50df04f25808fe40bfee5fa1	PARTLY_RECONSTRUCTED	60	54	35	7	12	41	7	0	1	0	0	0	0
L1592812-R001	biblical_book	Gen	36	8		4Q1	1606642	f5	18	1592812				books/DSS-Genesis.txt	306340	2949	1934619-1934628	10	0	4b5e9796c2eca472d541aabeec5ae8d193fcb7e1e49cc25a41bf8e94b33e6fd3	linguistics/books/DSS-Genesis-Linguistics.txt	452575	4402	474ed1033e7b39a63a9e74f37307df64dda7e2d3fed543b6de12ae3d83356105	PARTLY_RECONSTRUCTED	26	24	18	4	2	20	4	0	1	0	0	0	0
L1592812-R002	biblical_book	Gen	36	9		4Q1	1606642	f5	18	1592812				books/DSS-Genesis.txt	309289	2735	1934629-1934638	10	0	61779d1e145e5f57c29d2c3299b26b0289ad7e7fe4705e5f56a10950da24d37d	linguistics/books/DSS-Genesis-Linguistics.txt	456977	4456	e7972345fccb248a8c3bc76b513f596486c022ec43ea2bf24a01399f5775d483	PARTLY_RECONSTRUCTED	28	26	15	2	9	17	2	0	1	0	0	0	0
L1592812-R003	biblical_book	Gen	36	10		4Q1	1606642	f5	18	1592812				books/DSS-Genesis.txt	312024	2045	1934639-1934642	4	1	9960069fe6384699f22aef17d511a0c188a9edb2870d8756c135627c5060e640	linguistics/books/DSS-Genesis-Linguistics.txt	461433	2036	1eeb225375f5ac6096f3d24b28a741cf99303672e91333fe7102501e443fc144	ALL_LETTER_SLOTS_RECONSTRUCTED	13	13	13	0	0	13	0	0	0	0	0	0	0
L1592813-R001	biblical_book	Gen	36	10		4Q1	1606642	f5	19	1592813				books/DSS-Genesis.txt	314069	2930	1934643-1934653	11	0	fc7034b85b9adeaa1470d2da4e829c486c5697300a6dfc6948edea69cc892662	linguistics/books/DSS-Genesis-Linguistics.txt	463469	5023	0904de5382030b1b92f136ec8fe399ce7b2eb4be9d85bffb3e01e530241942f4	PARTLY_RECONSTRUCTED	35	33	23	2	8	25	2	0	1	0	0	0	0
L1592813-R002	biblical_book	Gen	36	11		4Q1	1606642	f5	19	1592813				books/DSS-Genesis.txt	316999	2515	1934654-1934660	7	1	2a0ac6a25b060f96fdf979bc0caf7f0d829b1ccb6ea8ca804ff030b1b3322607	linguistics/books/DSS-Genesis-Linguistics.txt	468492	3321	38f61fa92a4402ddc3f5d253f189f5f1dc320604200461585000fc7ab53b35d4	ALL_LETTER_SLOTS_RECONSTRUCTED	24	24	24	0	0	24	0	0	0	0	0	0	0
L1592814-R001	biblical_book	Gen	36	11		4Q1	1606642	f5	20	1592814				books/DSS-Genesis.txt	319514	1836	1934661-1934665	5	0	22120760933410dc325175b1a48fa4a250dbd1894dc946cc817560f0f80ec1e4	linguistics/books/DSS-Genesis-Linguistics.txt	471813	2349	74f833a7373e7cffd7834337f82760218cc1b0c8c90e853e322109b645a8f85e	ALL_LETTER_SLOTS_RECONSTRUCTED	11	9	9	0	0	11	0	0	1	0	0	0	0
L1592814-R002	biblical_book	Gen	36	12		4Q1	1606642	f5	20	1592814				books/DSS-Genesis.txt	321350	4207	1934666-1934682	17	1	808bea040e7253c8c78c9bf366afa82f88b4e960936eb9dbbcf93b0a74e97639	linguistics/books/DSS-Genesis-Linguistics.txt	474162	7428	c04b869c946f53eea3b6af4cda7ff0c35891991bb7648d7f36d7d61302447d73	PARTLY_RECONSTRUCTED	50	50	34	4	12	34	4	0	0	0	0	0	0
L1592815-R001	biblical_book	Gen	36	12		4Q1	1606642	f5	21	1592815				books/DSS-Genesis.txt	325557	1576	1934683-1934685	3	0	e38d863d9c44d47dcf2fdd62a75854e848b2a39c8fce7cf72e5ed671acfe837a	linguistics/books/DSS-Genesis-Linguistics.txt	481590	1568	c3695eb6eb221ac6d13dd43a5c29c86204a788271983623d17382c4ceea55bf2	ALL_LETTER_SLOTS_RECONSTRUCTED	8	6	6	0	0	8	0	0	1	0	0	0	0
L1592815-R002	biblical_book	Gen	36	13		4Q1	1606642	f5	21	1592815				books/DSS-Genesis.txt	327133	4218	1934686-1934702	17	1	c0f278a78e9f03ed64cd92fb285f5916903309c576fbc842a500897baec960cc	linguistics/books/DSS-Genesis-Linguistics.txt	483158	7389	d64d3368b54f1ca3a76f1839dfa999ecc4e2b7360de786acf206bdfadde67e93	PARTLY_RECONSTRUCTED	47	45	38	3	4	40	3	0	1	0	0	0	0
L1592816-R001	biblical_book	Gen	36	19		4Q1	1606642	f6	1	1592816				books/DSS-Genesis.txt	331351	2811	1934703-1934711	9	0	7e0a6c89a8eeeba059a32867776c28ab6f52db54b3b29b85f7d2e99b67cfc668	linguistics/books/DSS-Genesis-Linguistics.txt	490547	4115	99cacc3af78f70eca058e360bfc8b5d0352d6ef813151c41a8ae1aefa63d7b6d	PARTLY_RECONSTRUCTED	30	27	22	3	2	24	3	0	1	0	0	0	0
L1592816-R002	biblical_book	Gen	36	20		4Q1	1606642	f6	1	1592816				books/DSS-Genesis.txt	334162	2606	1934712-1934719	8	1	30b96f01a2aa22ce0fec22f7f3de082928c37ccdfd6e667641c35a84efb5b567	linguistics/books/DSS-Genesis-Linguistics.txt	494662	3631	75be0e17e3e3cf253bcdaeeb7d406a68bfee66984e29f8fd60cc3d4792fea199	ALL_LETTER_SLOTS_RECONSTRUCTED	22	22	22	0	0	22	0	0	0	0	0	0	0
L1592817-R001	biblical_book	Gen	36	20		4Q1	1606642	f6	2	1592817				books/DSS-Genesis.txt	336768	2296	1934720-1934727	8	0	e6f57368a1662f3e1b007b076fd965051d62c56eb98b860ec632ca14670fdab1	linguistics/books/DSS-Genesis-Linguistics.txt	498293	3575	5025fdeb93ee54d30c2dd69ebbd9dc72366df98bf00e15b9af905949535cb77e	ALL_LETTER_SLOTS_RECONSTRUCTED	21	19	19	0	0	21	0	0	1	0	0	0	0
L1592817-R002	biblical_book	Gen	36	21		4Q1	1606642	f6	2	1592817				books/DSS-Genesis.txt	339064	3545	1934728-1934741	14	1	26e2ff641f9dc5f80103dd1fa99a26c31048d8aee0bea0768ee5028b16595093	linguistics/books/DSS-Genesis-Linguistics.txt	501868	6133	0f5b38043b2e2b3dc31f3187ef97ee5d2107c2dfc84623e0846b46ae21cb8a42	PARTLY_RECONSTRUCTED	37	37	32	0	5	32	0	0	0	0	0	0	0
L1592818-R001	biblical_book	Gen	36	21		4Q1	1606642	f6	3	1592818				books/DSS-Genesis.txt	342609	1431	1934742-1934743	2	0	88966c512013a783477fe5ad5de517d8b7059eb5cf8494004793e930e63f9406	linguistics/books/DSS-Genesis-Linguistics.txt	508001	1164	c03efd9d0b64d69b26dceeedad965da3b79006205fc5e394331e219ab5643906	ALL_LETTER_SLOTS_RECONSTRUCTED	6	4	4	0	0	6	0	0	1	0	0	0	0
L1592818-R002	biblical_book	Gen	36	22		4Q1	1606642	f6	3	1592818				books/DSS-Genesis.txt	344040	3001	1934744-1934755	12	0	d6089744f7825bf4568bd9418d45862a8f6d3ca20ec1c4065bdd0a6c78f66a65	linguistics/books/DSS-Genesis-Linguistics.txt	509165	5255	7f49080b4f38cb0194c0884ea9733af254bb00892bfcfb8912f53280557110a2	PARTLY_RECONSTRUCTED	35	33	29	0	4	31	0	0	1	0	0	0	0
L1592818-R003	biblical_book	Gen	36	23		4Q1	1606642	f6	3	1592818				books/DSS-Genesis.txt	347041	2463	1934756-1934762	7	1	659a40ab90581af61eed762dfe63052455dd888e168af444be028b7c3a73c873	linguistics/books/DSS-Genesis-Linguistics.txt	514420	3273	e59cba30dd1cf311f14d42fab55c077b706130f1e1d18189d3756d35b58bf33a	ALL_LETTER_SLOTS_RECONSTRUCTED	20	20	20	0	0	20	0	0	0	0	0	0	0
L1592819-R001	biblical_book	Gen	36	23		4Q1	1606642	f6	4	1592819				books/DSS-Genesis.txt	349504	1999	1934763-1934768	6	0	50788a5138a6c33c9b623fda904ba88d36b8497492aeeb38b59812a3f97546f0	linguistics/books/DSS-Genesis-Linguistics.txt	517693	2749	6050d57933c602d041511b04b48047bfdc60ae554356f311c6b85cbeb1f9385c	ALL_LETTER_SLOTS_RECONSTRUCTED	15	13	13	0	0	15	0	0	1	0	0	0	0
L1592819-R002	biblical_book	Gen	36	24		4Q1	1606642	f6	4	1592819				books/DSS-Genesis.txt	351503	3711	1934769-1934783	15	1	c1de907fed4de21eaccb7fe618e6f5163cdd775dd456c405be7c45e8774bea10	linguistics/books/DSS-Genesis-Linguistics.txt	520442	6449	bf4dd48972ba8d8f45aeac8f4df144142146a8abf80858c4663a58e622b247ab	PARTLY_RECONSTRUCTED	38	38	23	2	13	23	2	0	0	0	0	0	0
L1592820-R001	biblical_book	Gen	36	24		4Q1	1606642	f6	5	1592820				books/DSS-Genesis.txt	355214	2975	1934784-1934794	11	0	18eac498bb73074e5277fb53d9f69583ac2766b81456737aef1a2a0f88ae54d0	linguistics/books/DSS-Genesis-Linguistics.txt	526891	4819	09a7ebc600dae1913c9510b12ff5d11b1271480f13469a476d4a48c5ff4f2480	PARTLY_RECONSTRUCTED	32	28	18	1	9	19	1	0	1	0	0	0	0
L1592820-R002	biblical_book	Gen	36	25		4Q1	1606642	f6	5	1592820				books/DSS-Genesis.txt	358189	2988	1934795-1934804	10	1	5e3989c7818dadcbf7ae51ffcd6bb84398091f6d18378b482d14f29e193aada1	linguistics/books/DSS-Genesis-Linguistics.txt	531710	4504	ebaea6b609a4ce984e041d8b4558055aeda7ead116a19c9ef55ba5dbcc8dc5ec	PARTLY_RECONSTRUCTED	28	26	24	1	1	26	1	0	1	0	0	0	0
L1592821-R001	biblical_book	Gen	36	26		4Q1	1606642	f6	6	1592821				books/DSS-Genesis.txt	361177	3111	1934805-1934816	12	0	a2d32f9b84cd752fff03211d9462f02bc57b2389bb6075c97b474f9cd842cdf7	linguistics/books/DSS-Genesis-Linguistics.txt	536214	5287	6903c509f9445c95338aa33c4f00f672c05b2529c1a68da43436ad682878f02c	PARTLY_RECONSTRUCTED	31	29	24	4	1	24	4	0	1	0	0	0	0
L1592821-R002	biblical_book	Gen	36	27		4Q1	1606642	f6	6	1592821				books/DSS-Genesis.txt	364288	2876	1934817-1934825	9	1	106d4d1c0a15f0dca0fe0674a2b40d195086ca6ab9bdf51ede3889ea9bbf5a6e	linguistics/books/DSS-Genesis-Linguistics.txt	541501	4020	83b1ec8c21d04d47c28d512f84a36a30847623c2c4592e741ca85a9b8ac9592f	PARTLY_RECONSTRUCTED	24	22	18	1	3	20	1	0	1	0	0	0	0
L1592822-R001	biblical_book	Gen	37	5		4Q1	1606642	f7	1	1592822				books/DSS-Genesis.txt	367164	3835	1934826-1934840	15	0	e813341111d6f1a456137816693545f285a7d91b2ba2420588255c5662e86d00	linguistics/books/DSS-Genesis-Linguistics.txt	545521	6277	30a214f493d01aba727f9a1b91d38026c2f39aa1d3a204e0bff7b3ee9f6969f9	PARTLY_RECONSTRUCTED	43	37	29	5	3	35	5	1	2	0	0	0	0
L1592822-R002	biblical_book	Gen	37	6		4Q1	1606642	f7	1	1592822				books/DSS-Genesis.txt	370999	1701	1934841-1934842	2	1	ffab5e6eaf1bc21bb1e948c2d2bc9925afdf760415860ba0c667d7fd2c7b8d38	linguistics/books/DSS-Genesis-Linguistics.txt	551798	1156	0d6209b610b610c86b952e2a001dc96bc2c885d832f752f27755ae5d511dc822	ALL_LETTER_SLOTS_RECONSTRUCTED	5	5	5	0	0	5	0	0	0	0	0	0	0
L1592823-R001	biblical_book	Gen	37	6		4Q1	1606642	f7	2	1592823				books/DSS-Genesis.txt	372700	2805	1934843-1934852	10	0	e13cf5bbfe2260aef03c31835e9335d01ca48a98158240b91718e9a31de6349c	linguistics/books/DSS-Genesis-Linguistics.txt	552954	4321	14999478a85c502da85979b15a110cf9fb7307a905663566a716489900707c30	PARTLY_RECONSTRUCTED	30	27	21	1	5	24	1	0	1	0	0	0	0
L1592823-R002	biblical_book	Gen	37	7		4Q1	1606642	f7	2	1592823				books/DSS-Genesis.txt	375505	1565	1934853	1	1	752db095b278d91bca1daef5b3c43d14ba2f3f659aa5ebfce760e1d6d351a15b	linguistics/books/DSS-Genesis-Linguistics.txt	557275	732	54f886d59c7d2981b903bdcbdec1a77b940be3869ffe12ef48eae5a7ab027ae4	NO_LETTER_SLOTS	2	0	0	0	0	2	0	1	1	0	0	0	0
L1592824-R001	biblical_book	Gen	37	7		4Q1	1606642	f7	3	1592824				books/DSS-Genesis.txt	377070	2091	1934854-1934857	4	1	e9236340f2fce370056f199adf72c73ca2baf6bc9ac79d9b089cf1bcfa373890	linguistics/books/DSS-Genesis-Linguistics.txt	558007	1820	aa72356e005032182e8e84694c73a42f3915f6bb928b08d77fce72047d64ceb8	NO_LETTER_SLOTS	8	0	0	0	0	5	1	2	4	0	0	0	0
L1592825-R001	biblical_book	Gen	37	22		4Q1	1606642	f8	1	1592825				books/DSS-Genesis.txt	379161	4826	1934858-1934875	18	1	b8735a58af820f16cdf83dae5a4859d9d78b7eaec9cda33bce75e6a0f8318e82	linguistics/books/DSS-Genesis-Linguistics.txt	559827	7575	af9b46568951ae99bde9be0297ef3fb29acaf98eedd3563dbfff2fc346e557de	PARTLY_RECONSTRUCTED	54	47	45	2	0	52	2	0	1	0	0	0	0
L1592826-R001	biblical_book	Gen	37	23		4Q1	1606642	f8	2	1592826				books/DSS-Genesis.txt	383987	4536	1934876-1934894	19	1	1ce7a064f85809e7f565835ecfefabb03ae7acf90b1547543e12a397c3ec2c75	linguistics/books/DSS-Genesis-Linguistics.txt	567402	8097	47110ab2eb3132de6294d4c71c7915b1d81e83f999be0b761ade7f1c1c515136	PARTLY_RECONSTRUCTED	56	54	47	0	7	49	0	0	0	0	0	0	0
L1592827-R001	biblical_book	Gen	37	23		4Q1	1606642	f8	3	1592827				books/DSS-Genesis.txt	388523	1517	1934895-1934896	2	0	593e4c148bb109fa5c3846b6a1c1da8848987ab3ddb50f216f40752af9ed2f38	linguistics/books/DSS-Genesis-Linguistics.txt	575499	1132	1194d807cc04cec280074cadb52eee8c19471b733943cb439add8e2859fdbb0a	NO_LETTER_RECONSTRUCTION_MARKED	7	4	0	0	4	0	0	0	1	0	0	0	0
L1592827-R002	biblical_book	Gen	37	24		4Q1	1606642	f8	3	1592827				books/DSS-Genesis.txt	390040	3943	1934897-1934911	15	0	3af512424086738067fd70681baa5ad29dcb8a6cb64a199c57c247fe631568eb	linguistics/books/DSS-Genesis-Linguistics.txt	576631	6268	7dcf15abb31e9f0e88addbc23a862404e8a1641ad2f2bfe795976b7bfffe7a54	PARTLY_RECONSTRUCTED	40	34	28	2	4	33	2	0	1	0	0	0	0
L1592827-R003	biblical_book	Gen	37	25		4Q1	1606642	f8	3	1592827				books/DSS-Genesis.txt	393983	2137	1934912-1934916	5	1	a83e1f33cd1075c492bff357f6e8f1e66dfd41c58b7ceff4dee2da3b14da6cf3	linguistics/books/DSS-Genesis-Linguistics.txt	582899	2342	e88bae12efb960824f90b48d962aa15477bdd35fca44c8d912e1b3c397f37d8b	ALL_LETTER_SLOTS_RECONSTRUCTED	12	12	12	0	0	12	0	0	0	0	0	0	0
L1592828-R001	biblical_book	Gen	37	25		4Q1	1606642	f8	4	1592828				books/DSS-Genesis.txt	396120	4041	1934917-1934931	15	1	7c55b236f96e2fc17cf26aef6178fa4785cf883243c280865a51d89e59deb9c9	linguistics/books/DSS-Genesis-Linguistics.txt	585241	6649	4e9d0cb37904af1294318d273fdb6cc6c6f3c041056918f637b4a1c57dbe1985	PARTLY_RECONSTRUCTED	54	52	41	1	10	42	1	0	0	0	0	0	0
L1592829-R001	biblical_book	Gen	37	25		4Q1	1606642	f8	5	1592829				books/DSS-Genesis.txt	400161	2916	1934932-1934941	10	0	9b7dddaa9d7d37a13c971bc634132a0ebbf0f8ca1354371a10a412fe6600f6f1	linguistics/books/DSS-Genesis-Linguistics.txt	591890	4432	e05ab94db57208ac47da321ec341b2a590bd81004711f73e7aca1237fefa758b	PARTLY_RECONSTRUCTED	32	29	21	2	6	24	2	0	1	0	0	0	0
L1592829-R002	biblical_book	Gen	37	26		4Q1	1606642	f8	5	1592829				books/DSS-Genesis.txt	403077	2611	1934942-1934948	7	1	b7e1472ae9bfbab314b86455ef4e839558d19ea8ef7a6850da0b419630dd4f90	linguistics/books/DSS-Genesis-Linguistics.txt	596322	3248	12ddb810de5d7ec35eaf48e23fae0d83ba5b6cbfcdade362399feefc5e29c340	ALL_LETTER_SLOTS_RECONSTRUCTED	22	21	21	0	0	22	0	0	0	0	0	0	0
L1592830-R001	biblical_book	Gen	37	26		4Q1	1606642	f8	6	1592830				books/DSS-Genesis.txt	405688	2728	1934949-1934957	9	0	fcf3e64e7f29898ca0673843ab926feeb4947926b17399cfa2a01487050d2a0c	linguistics/books/DSS-Genesis-Linguistics.txt	599570	3935	b2b11f2d28ced8aa198d2d8fb7bb0c136b19772f526ff65b8d25b3c1b17d0ef9	PARTLY_RECONSTRUCTED	28	24	18	0	6	22	0	0	1	0	0	0	0
L1592830-R002	biblical_book	Gen	37	27		4Q1	1606642	f8	6	1592830				books/DSS-Genesis.txt	408416	3471	1934958-1934968	11	1	cdd85602e666a7d19e0ecdff83705bc40a98fa494edc57fb13112a7cc61922f2	linguistics/books/DSS-Genesis-Linguistics.txt	603505	4840	8f5c6f694ece5d73d41d4df579cd1b5543fa8104585fdf7d7798c255e992b997	ALL_LETTER_SLOTS_RECONSTRUCTED	36	33	33	0	0	36	0	0	0	0	0	0	0
L1592831-R001	biblical_book	Gen	37	27		4Q1	1606642	f8	7	1592831				books/DSS-Genesis.txt	411887	3051	1934969-1934975	7	1	c6deca5299ac7d562a18d614662247a0eb5aabb39fb7d56d139639e9741d11fe	linguistics/books/DSS-Genesis-Linguistics.txt	608345	3201	c0f4864e5bf121eb8d1a7875a3958a46ae8daa2bc6f0a420b1422b8dfe28d1bc	PARTLY_RECONSTRUCTED	28	23	21	1	1	26	1	0	1	0	0	0	0
L1592832-R001	biblical_book	Gen	39	11		4Q1	1606642	f9	1	1592832				books/DSS-Genesis.txt	414938	5189	1934976-1935000	25	1	cf122ad3c47fb9f07dd9ccfea428d7619b1f42f9945adcdd74463cbac22eae1f	linguistics/books/DSS-Genesis-Linguistics.txt	611546	10208	642a4d7cda1ff85509f75d0ae724b6404bf6d82e9e289a51ef098efdd47a6d02	PARTLY_RECONSTRUCTED	58	54	25	0	29	27	0	0	1	0	0	0	0
L1592833-R001	biblical_book	Gen	39	12		4Q1	1606642	f9	2	1592833				books/DSS-Genesis.txt	420127	5238	1935001-1935020	20	1	d39ed6b53b1f7167aeea08b3f3afa45008c987fb301781a9236287683f7063f0	linguistics/books/DSS-Genesis-Linguistics.txt	621754	8282	a65314b3dd5440ca1e79d353242c189f7839ce1e012b0059e39ca2e149a4f3fa	PARTLY_RECONSTRUCTED	58	49	18	2	29	23	2	0	1	0	0	0	0
L1592834-R001	biblical_book	Gen	39	13		4Q1	1606642	f9	3	1592834				books/DSS-Genesis.txt	425365	3739	1935021-1935034	14	0	eb7e2bed619d8aee2bd030a1faf07cab8782b54b3540b4c1e1fab302bc83ea6a	linguistics/books/DSS-Genesis-Linguistics.txt	630036	5898	a35f9c30bd393b10dc3f0a747df30af48191b0e931da84916d0061930979e7a8	PARTLY_RECONSTRUCTED	38	32	14	3	15	15	3	0	1	0	0	0	0
L1592834-R002	biblical_book	Gen	39	14		4Q1	1606642	f9	3	1592834				books/DSS-Genesis.txt	429104	2620	1935035-1935041	7	1	af774bae93e9a661268526b525a59632167a1b74e23f7cc48be1d05b99bc5dfe	linguistics/books/DSS-Genesis-Linguistics.txt	635934	3173	6e089339fff8182a1ead7e68b7db2127e3fcf6d6b8bf7b033a0b1d4321476c99	PARTLY_RECONSTRUCTED	20	19	1	1	17	1	1	0	0	0	0	0	0
L1592835-R001	biblical_book	Gen	39	14		4Q1	1606642	f9	4	1592835				books/DSS-Genesis.txt	431724	5020	1935042-1935061	20	1	0a7b0664c8a876a410480ab7fbd24242ddf7ad643053409bed7ae81cedc769b1	linguistics/books/DSS-Genesis-Linguistics.txt	639107	8312	1079e2729daaf616dbf741f9a8caa5f98e167696ce56d8433f2918ceb8dfe76a	PARTLY_RECONSTRUCTED	57	52	16	2	34	17	2	0	0	0	0	0	0
L1592836-R001	biblical_book	Gen	39	14		4Q1	1606642	f9	5	1592836				books/DSS-Genesis.txt	436744	1431	1935062-1935063	2	0	496559658be43408078e1e3de7a7a53b7a2ba9d6348391001070b03ee643f21e	linguistics/books/DSS-Genesis-Linguistics.txt	647419	1170	c71b40fcf9e66c974db12637bec938352285262f69e252955b9ecdd837b5c29f	ALL_LETTER_SLOTS_RECONSTRUCTED	6	4	4	0	0	6	0	0	1	0	0	0	0
L1592836-R002	biblical_book	Gen	39	15		4Q1	1606642	f9	5	1592836				books/DSS-Genesis.txt	438175	5160	1935064-1935083	20	1	66d505e7fb0502f859ee540c053b79d2ea179b32d314e3d3e493fc5b9654596a	linguistics/books/DSS-Genesis-Linguistics.txt	648589	8331	63aac70f050ec7f35d93a32fcdb70f2a0658f0149eb22f80a4344065ca08aec2	PARTLY_RECONSTRUCTED	59	52	16	3	33	20	3	0	1	0	0	0	0
L1592837-R001	biblical_book	Gen	39	16		4Q1	1606642	f9	6	1592837				books/DSS-Genesis.txt	443335	3142	1935084-1935093	10	0	ebff6c6b7b58f176f15becbb3a00306b8398a6dd723a86da4449cbfc83a99810	linguistics/books/DSS-Genesis-Linguistics.txt	656920	4463	8cc910969ee41093d7e503589b1a902fda17f3b67c15c9c6d1a74486c0ac5d23	PARTLY_RECONSTRUCTED	34	28	11	2	15	12	2	0	1	0	0	0	0
L1592837-R002	biblical_book	Gen	39	17		4Q1	1606642	f9	6	1592837				books/DSS-Genesis.txt	446477	2862	1935094-1935102	9	1	544fcefa907b18ea9e11de90a46d4a66cc1dd33d2247a7e4c6afd830e7db66af	linguistics/books/DSS-Genesis-Linguistics.txt	661383	3961	9d173052236d22a70395cb79eb27c9f0b4598f6bce3d4af7538fa8d0b14cf15c	PARTLY_RECONSTRUCTED	24	23	8	1	14	8	1	0	0	0	0	0	0
L1592838-R001	biblical_book	Gen	39	17		4Q1	1606642	f9	7	1592838				books/DSS-Genesis.txt	449339	3350	1935103-1935115	13	0	5492fafd2d361fe0c6ec3f11a5ad8b192b586800e4ebd6ae729afe4023e0755d	linguistics/books/DSS-Genesis-Linguistics.txt	665344	5481	f67727faf34313c7fd6df0d5d55a52ce2ffba2511b71b055f79ef00428c70821	PARTLY_RECONSTRUCTED	35	30	11	0	19	12	0	0	1	0	0	0	0
L1592838-R002	biblical_book	Gen	39	18		4Q1	1606642	f9	7	1592838				books/DSS-Genesis.txt	452689	2669	1935116-1935122	7	1	0408404a1cffdb405fc2d55fea7fa4988cade5216dc69bc4abd7ceda3038d1fb	linguistics/books/DSS-Genesis-Linguistics.txt	670825	3167	526a862b99eba63e49708d6e55b3aaf2d399ea25bfd8c3e92ac4183b4326cdac	PARTLY_RECONSTRUCTED	21	19	9	1	9	10	1	0	0	0	0	0	0
L1592839-R001	biblical_book	Gen	39	18		4Q1	1606642	f9	8	1592839				books/DSS-Genesis.txt	455358	2832	1935123-1935131	9	0	dc7a51f38cf573a123bae9107f082d825ee536685d17b2c21a6aefd8bf35bb50	linguistics/books/DSS-Genesis-Linguistics.txt	673992	3956	1a58f26049ea8a06c95f32906209a6fd80b91a764c5bc012f6b91c6ec0e2361a	PARTLY_RECONSTRUCTED	27	22	12	1	9	13	1	0	1	0	0	0	0
L1592839-R002	biblical_book	Gen	39	19		4Q1	1606642	f9	8	1592839				books/DSS-Genesis.txt	458190	2930	1935132-1935140	9	1	218a8b47a0fdf71a0e0cabce41127e343206d32ff0bc7b7e8b4e1b4d862e9eba	linguistics/books/DSS-Genesis-Linguistics.txt	677948	4068	d8a232ace8608c7244a8c9f2371384153f38bbf0ee0be330fbb6b36928091df8	PARTLY_RECONSTRUCTED	28	26	4	0	22	4	0	0	0	0	0	0	0
L1592840-R001	biblical_book	Gen	39	19		4Q1	1606642	f9	9	1592840				books/DSS-Genesis.txt	461120	3773	1935141-1935155	15	0	75ca551d934f34c2692a74006325e11070b727484e7e4b37fed0ee1eaac484ca	linguistics/books/DSS-Genesis-Linguistics.txt	682016	6330	07dd77cd02c3a7e67a1997231521252534137ea837c157e2de9d2b1cf8de5d83	PARTLY_RECONSTRUCTED	44	38	15	0	23	16	0	0	1	0	0	0	0
L1592840-R002	biblical_book	Gen	39	20		4Q1	1606642	f9	9	1592840				books/DSS-Genesis.txt	464893	2056	1935156-1935159	4	1	02a1e4f73531ded7223c623905020e565665b26ce311ff4751c3c3d1394d2ce8	linguistics/books/DSS-Genesis-Linguistics.txt	688346	2021	93a98ae916016ff5e4cb558a613bc8793b6de18fabd7438284cb1389f71639d7	PARTLY_RECONSTRUCTED	12	12	3	1	8	3	1	0	0	0	0	0	0
L1592841-R001	biblical_book	Gen	39	20		4Q1	1606642	f9	10	1592841				books/DSS-Genesis.txt	466949	4503	1935160-1935177	18	1	4972e82e1f7313ad92ae52a6aa61bd11ebe8b35e801d4eb8273bc6eb7bc8096f	linguistics/books/DSS-Genesis-Linguistics.txt	690367	7622	4a63f7ff221a5eebf87b9d6e17dcecee5df94dda3443593cd77a9a8a7141d27d	PARTLY_RECONSTRUCTED	52	50	17	2	31	19	2	0	0	0	0	0	0
L1592842-R001	biblical_book	Gen	39	20		4Q1	1606642	f9	11	1592842				books/DSS-Genesis.txt	471452	1547	1935178-1935180	3	0	9ab219046de791c1bd0dfcf167fa7093650ed33938b4e67a28688b37a2e1bc00	linguistics/books/DSS-Genesis-Linguistics.txt	697989	1500	0adbd19e8b734d0dd18c2ced182f151e3ea1d716334fdbd0be319de22edb7a03	ALL_LETTER_SLOTS_RECONSTRUCTED	6	4	4	0	0	6	0	0	1	0	0	0	0
L1592842-R002	biblical_book	Gen	39	21		4Q1	1606642	f9	11	1592842				books/DSS-Genesis.txt	472999	4328	1935181-1935199	19	0	149e385e60a48d0f35eb3af498e6502aaf47be7b4bf99287609cee58e99adf8e	linguistics/books/DSS-Genesis-Linguistics.txt	699489	7883	e54379791ef436990cfc1d42d324844070b5d847ebd4395c125d178d23a374ee	PARTLY_RECONSTRUCTED	49	45	10	4	31	12	4	0	1	0	0	0	0
L1592842-R003	biblical_book	Gen	39	22		4Q1	1606642	f9	11	1592842				books/DSS-Genesis.txt	477327	1696	1935200-1935201	2	1	702173a3d015f24ab3b1469f4777b4563deb1e942a87c6b879e24d8a8972d825	linguistics/books/DSS-Genesis-Linguistics.txt	707372	1148	1bf0a56cf094bc65b44a927b26582427a6af5f85e5246ea9c030eaf0627e16ca	ALL_LETTER_SLOTS_RECONSTRUCTED	4	4	4	0	0	4	0	0	0	0	0	0	0
L1592843-R001	biblical_book	Gen	39	22		4Q1	1606642	f9	12	1592843				books/DSS-Genesis.txt	479023	4443	1935202-1935222	21	1	cdf2506667c39e0005945b7c3f40118e02b32c629aac82458e99a4f1377bfa02	linguistics/books/DSS-Genesis-Linguistics.txt	708520	8753	1c7e2f01236d5763a5a677a3d3a470eec04e03e096c23813b206ffa434eef3ac	PARTLY_RECONSTRUCTED	49	49	23	2	24	23	2	0	0	0	0	0	0
L1592844-R001	biblical_book	Gen	39	22		4Q1	1606642	f9	13	1592844				books/DSS-Genesis.txt	483466	1876	1935223-1935227	5	0	214122cc602c6f7389f9cc1d77ea5206f288ed2408809d4a91fbd4f5807dfb68	linguistics/books/DSS-Genesis-Linguistics.txt	717273	2320	dab52fc89d21abba56db211fc2c1f7986fc37d3ec7b5bda4d822a4fa17aaf63d	ALL_LETTER_SLOTS_RECONSTRUCTED	13	11	11	0	0	13	0	0	1	0	0	0	0
L1592844-R002	biblical_book	Gen	39	23		4Q1	1606642	f9	13	1592844				books/DSS-Genesis.txt	485342	4009	1935228-1935242	15	1	ca195395b51d96a21d5ea044c73884ebc83180e30e4827e66db45545857f6f79	linguistics/books/DSS-Genesis-Linguistics.txt	719593	6441	cbc1ab154ac0d28805614feee45d7971e14ee81ff20e61a52970638f2ac4e023	PARTLY_RECONSTRUCTED	41	39	16	2	21	18	2	0	0	0	0	0	0
L1592845-R001	biblical_book	Gen	39	23		4Q1	1606642	f9	14	1592845				books/DSS-Genesis.txt	489351	3275	1935243-1935249	7	3	0d1890fc68c94708e8e81a49fbbf3f2fe8aaf39cbc7b6eaed7adc322e72cbe73	linguistics/books/DSS-Genesis-Linguistics.txt	726034	3159	5823951744a545de4f8a623db2aeb347f9f85950fa53262747164884e2a356ea	PARTLY_RECONSTRUCTED	21	19	8	1	10	8	1	0	1	0	0	0	0
L1592846-R001	biblical_book	Gen	40	1		4Q1	1606642	f9	15	1592846				books/DSS-Genesis.txt	492626	5177	1935250-1935269	20	1	69a5da2bf6ed5c6517854e516b284e038afac89888ed4ddd96547b0fb354f6c8	linguistics/books/DSS-Genesis-Linguistics.txt	729193	8535	97e6e4a0a0beba3b3018048532687485afc4aa4e76e49cedcddf753dd6b73c19	PARTLY_RECONSTRUCTED	57	54	38	12	4	41	12	0	1	0	0	0	0
L1592847-R001	biblical_book	Gen	45	23		4Q1	1606642	f10	1	1592847				books/DSS-Genesis.txt	497803	4460	1935270-1935287	18	1	7c4ed741aacd81228d33596011f4edc69ac0abebd36f7a1f180aa01772fd4605	linguistics/books/DSS-Genesis-Linguistics.txt	737728	7626	d710c49641cb2c802ef418c3908dc2b4c0ffa5eb3724c55f3c6ab45c405bed6a	PARTLY_RECONSTRUCTED	50	47	42	2	3	45	2	0	1	0	0	0	0
L1592848-R001	biblical_book	Gen	47	13		4Q1	1606642	f11	1	1592848				books/DSS-Genesis.txt	502263	2307	1935288-1935295	8	0	f9d67dd6f825bdfe1630eb4505ed664e74fabb9994633936f63b38518b7022e5	linguistics/books/DSS-Genesis-Linguistics.txt	745354	3565	7a1692aaa5f6a26c57c6b808218976d2cfde583ccfbaea662611ff900ae9d775	PARTLY_RECONSTRUCTED	18	16	15	1	0	15	1	0	1	0	0	0	0
L1592848-R002	biblical_book	Gen	47	14		4Q1	1606642	f11	1	1592848				books/DSS-Genesis.txt	504570	3273	1935296-1935307	12	1	df52f203c50aa73e5a6918dc7db532d6638a79bd78caf4d9b9a23b78dd098c5c	linguistics/books/DSS-Genesis-Linguistics.txt	748919	5207	3b0ec2d712e1f98f573cf4701ea0891df0a11608a4f0564e995ef8a4e63a9834	PARTLY_RECONSTRUCTED	31	31	27	1	3	27	1	0	0	0	0	0	0
L1592849-R001	biblical_book	Gen	47	14		4Q1	1606642	f11	2	1592849				books/DSS-Genesis.txt	507843	4337	1935308-1935325	18	1	0a7a2ddf5aea180b87a2d4b7cfec74da763b1f1cd3ef7ebd22f7e59dfbdc1c2f	linguistics/books/DSS-Genesis-Linguistics.txt	754126	7665	04b1aea259e52a06bb84ec438c9fd854a67324c36675763f7a1bfbada302839b	PARTLY_RECONSTRUCTED	48	45	43	1	1	46	1	0	1	0	0	0	0
L1592850-R001	biblical_book	Gen	48	2		4Q1	1606642	f12	1	1592850				books/DSS-Genesis.txt	512180	4169	1935326-1935341	16	1	2e8578ac31f05f55069aa9be9709a8b8f9f7f7375199237529d038c1e177a097	linguistics/books/DSS-Genesis-Linguistics.txt	761791	6849	a82235f412ec8e555650eb2e4646ae9a51038e72e3bb2ac9276258887b1a211f	PARTLY_RECONSTRUCTED	47	45	42	1	2	44	1	0	0	0	0	0	0
L1592851-R001	biblical_book	Gen	48	2		4Q1	1606642	f12	2	1592851				books/DSS-Genesis.txt	516349	1688	1935342-1935345	4	0	f19ec2464f2731477b06b858683eeeff23c0d7d4e1de9572bbc814c0e4661d96	linguistics/books/DSS-Genesis-Linguistics.txt	768640	1898	1c540b24a6b6191ac1604f27cc5c2f1765586cb8210ebbcebe8b331cfeb61ffa	ALL_LETTER_SLOTS_RECONSTRUCTED	8	6	6	0	0	8	0	0	1	0	0	0	0
L1592851-R002	biblical_book	Gen	48	3		4Q1	1606642	f12	2	1592851				books/DSS-Genesis.txt	518037	3574	1935346-1935358	13	1	4f91b9d8741336624f4227cad3f6f84a639046fc193e3206fa6dfc67db61ba41	linguistics/books/DSS-Genesis-Linguistics.txt	770538	5627	ae0ae44e3d43d9b54de57f5d4ed01f294c0a4cf851b4bb991d349a7701ba1d92	PARTLY_RECONSTRUCTED	36	35	32	1	2	33	1	0	0	0	0	0	0
L1592852-R001	biblical_book	Gen	48	3		4Q1	1606642	f12	3	1592852				books/DSS-Genesis.txt	521611	2004	1935359-1935363	5	0	a9acea196700919bb6e202e37d1a3033ea51a3c01c8a98efff404251e39ea2e4	linguistics/books/DSS-Genesis-Linguistics.txt	776165	2364	a7ae4836f605f4abd922c10b40e821ff205efff739fa78f7481b4956e2540a2a	ALL_LETTER_SLOTS_RECONSTRUCTED	15	12	12	0	0	15	0	0	1	0	0	0	0
L1592852-R002	biblical_book	Gen	48	4		4Q1	1606642	f12	3	1592852				books/DSS-Genesis.txt	523615	4003	1935364-1935375	12	1	17f252d1a36c1b3adff0a5121ea7dc8220897c95ec6ec709b144618554c48649	linguistics/books/DSS-Genesis-Linguistics.txt	778529	5162	2025337eba75336573f2c86a2ca5c32f0e0cf5850654f8e087b0f3e5a994e465	PARTLY_RECONSTRUCTED	40	33	29	3	1	33	3	0	1	0	0	0	0
L1592853-R001	biblical_book	Gen	48	15		4Q1	1606642	f13	1	1592853				books/DSS-Genesis.txt	527618	4101	1935376-1935389	14	1	ee96299396f4d00bf6464222be8e2789f7e2a2ad8623fd0c0dd2e8cd40ff0318	linguistics/books/DSS-Genesis-Linguistics.txt	783691	6220	a45548595196cc1d48c536266426f9d5a42af2b3bd66af4d86d3c004a7dc69de	PARTLY_RECONSTRUCTED	47	45	34	5	6	35	5	0	0	0	0	0	0
L1592854-R001	biblical_book	Gen	48	15		4Q1	1606642	f13	2	1592854				books/DSS-Genesis.txt	531719	2937	1935390-1935400	11	0	f716e2ff78a06d77901cb8e26b86c18be153ff77673c68c694740a82d403f6bf	linguistics/books/DSS-Genesis-Linguistics.txt	789911	4600	026d39073590306cd274a91304b0a51c85733579b5372cee634626cf00075337	ALL_LETTER_SLOTS_RECONSTRUCTED	25	21	21	0	0	25	0	0	1	0	0	0	0
L1592854-R002	biblical_book	Gen	48	16		4Q1	1606642	f13	2	1592854				books/DSS-Genesis.txt	534656	2940	1935401-1935409	9	1	6a1895387dcf9d4a8620b958df183e78b46b483cc9251dabd4ff5ed0238e7aba	linguistics/books/DSS-Genesis-Linguistics.txt	794511	3970	22e20d5396d4151a6c334e4ad06264f26ebc5fa21b28fd50467e4ee907e23039	PARTLY_RECONSTRUCTED	22	21	9	5	7	9	5	0	0	0	0	0	0
L1592855-R001	biblical_book	Gen	48	16		4Q1	1606642	f13	3	1592855				books/DSS-Genesis.txt	537596	4605	1935410-1935428	19	1	8ff66b45f70c1ff3fe691e0a98c09767201bd126e34efb0aceea55d88a65addb	linguistics/books/DSS-Genesis-Linguistics.txt	798481	7934	d91fd54a191a61f65fda481ae1b83f4a94ea86bb934467628092a588a14b331c	PARTLY_RECONSTRUCTED	51	48	41	0	7	44	0	0	0	0	0	0	0
L1592856-R001	biblical_book	Gen	48	16		4Q1	1606642	f13	4	1592856				books/DSS-Genesis.txt	542201	1547	1935429-1935431	3	0	cb93dd593389a2398b1be13aef3672d014ea30cf46825a8e2e9b4e08ceef3a18	linguistics/books/DSS-Genesis-Linguistics.txt	806415	1508	83099d3e5e383ebf79cd4a2b93bdf8bf9fdae715c70e24db2667d1e9dfbc7146	ALL_LETTER_SLOTS_RECONSTRUCTED	6	4	4	0	0	6	0	0	1	0	0	0	0
L1592856-R002	biblical_book	Gen	48	17		4Q1	1606642	f13	4	1592856				books/DSS-Genesis.txt	543748	4449	1935432-1935447	16	1	0d091b97ff5a5a1ed549aedefcb9dd3e6f43332f506be8e0e0a7d49885ee1c45	linguistics/books/DSS-Genesis-Linguistics.txt	807923	6883	68781a8a1f4ec56a373511faab4568194d46eb2f07b206b2042b174d387c3e54	PARTLY_RECONSTRUCTED	50	45	32	3	10	34	3	0	1	0	0	0	0
L1592857-R001	biblical_book	Gen	48	18		4Q1	1606642	f14	1	1592857				books/DSS-Genesis.txt	548197	2557	1935448-1935454	7	0	670a20c58e4474ca039efd8c9f3cfac72627945e915c77e38971eb4faca0ab19	linguistics/books/DSS-Genesis-Linguistics.txt	814806	3202	45c7075bdfad10369c9da26a0b3ac1afdf67352e4cdd2c17443437c1cd0fbe42	PARTLY_RECONSTRUCTED	22	18	14	2	2	17	2	0	1	0	0	0	0
L1592857-R002	biblical_book	Gen	48	19		4Q1	1606642	f14	1	1592857				books/DSS-Genesis.txt	550754	3060	1935455-1935463	9	1	f2c89d314ad53b1ace9377dd9fa62122a702f14818e5c2f5fb86fc1de7f47a0d	linguistics/books/DSS-Genesis-Linguistics.txt	818008	3995	5528f4f2a748e418eb3891c74dbe221078b2b50451612f0ecc0ff30b18788ebb	ALL_LETTER_SLOTS_RECONSTRUCTED	31	29	29	0	0	31	0	0	0	0	0	0	0
L1592858-R001	biblical_book	Gen	48	19		4Q1	1606642	f14	2	1592858				books/DSS-Genesis.txt	553814	4676	1935464-1935481	18	1	ed5346b6c6a056395f6784b8e2db3c404f1258e94c71ca119ae57169c89f3e35	linguistics/books/DSS-Genesis-Linguistics.txt	822003	7571	38a147f23640dbde38f50e3711038219d21b6009e15610c9491136944ec3b0a5	PARTLY_RECONSTRUCTED	53	50	43	4	3	46	4	0	0	0	0	0	0
L1592859-R001	biblical_book	Gen	48	19		4Q1	1606642	f14	3	1592859				books/DSS-Genesis.txt	558490	1750	1935482-1935485	4	0	19cb92096fd2d9a5cf9bd1dd113c5fb7a25e5370d7bbf4dd8d0c19733e81553d	linguistics/books/DSS-Genesis-Linguistics.txt	829574	1940	c9aa699779a144b0b45f4b5234b7ebf6cf58caac5b6e81fd9c0ce080723f4438	PARTLY_RECONSTRUCTED	10	8	7	1	0	7	1	0	1	0	0	0	0
L1592859-R002	biblical_book	Gen	48	20		4Q1	1606642	f14	3	1592859				books/DSS-Genesis.txt	560240	3886	1935486-1935499	14	1	ba89fc24f3fc00dfb2106821a00495deda03ea9d10d364be28c5112ca8700812	linguistics/books/DSS-Genesis-Linguistics.txt	831514	6010	e91894262589ebd4d883e8341e6dae11ee92006ea66ea9404a3a26f676fb30a5	PARTLY_RECONSTRUCTED	41	38	26	2	10	28	2	0	0	0	0	0	0
L1592860-R001	biblical_book	Gen	48	20		4Q1	1606642	f14	4	1592860				books/DSS-Genesis.txt	564126	3628	1935500-1935513	14	0	53e1bf5cd2166208547c99bc0142fc8e8c765ee7b2348efb4dc8a9f3889f3c3f	linguistics/books/DSS-Genesis-Linguistics.txt	837524	6229	cb3abba73d2711b471471d789751c55ca9c222bb6788786a343a31eaf904be16	PARTLY_RECONSTRUCTED	38	36	14	12	10	14	12	0	1	0	0	0	0
L1592860-R002	biblical_book	Gen	48	21		4Q1	1606642	f14	4	1592860				books/DSS-Genesis.txt	567754	1980	1935514-1935516	3	1	ac51bd613c27ae6d85a4c671ee45a83616406ab983a1180abfdc921be1e82a92	linguistics/books/DSS-Genesis-Linguistics.txt	843753	1655	6d0cb73225144f52cc55c3edd1fca07a2327072ca404240ee5dbe8568e2e44e8	PARTLY_RECONSTRUCTED	10	10	7	1	2	7	1	0	0	0	0	0	0
L1592861-R001	biblical_book	Gen	48	21		4Q1	1606642	f14	5	1592861				books/DSS-Genesis.txt	569734	4307	1935517-1935530	14	1	e096aa50ff7fb12fa08c9b46115afa86acb84b9fb16ecd774f99f98fdc339581	linguistics/books/DSS-Genesis-Linguistics.txt	845408	6171	c8a582dab3b19618347095aa40522110fa1a281a1ad8a0d85713715a5c204795	PARTLY_RECONSTRUCTED	44	42	22	7	13	22	7	0	0	0	0	0	0
L1592862-R001	biblical_book	Gen	48	21		4Q1	1606642	f14	6	1592862				books/DSS-Genesis.txt	574041	1589	1935531-1935532	2	0	9edbbcd1087a35de68643e4738361adf635dc24019801678eb42f8f8fa8f5079	linguistics/books/DSS-Genesis-Linguistics.txt	851579	1152	669040c8a962d861af80486e81bc6ffe11a0d0af25a71159cd3c8d9b2a391c07	ALL_LETTER_SLOTS_RECONSTRUCTED	9	6	6	0	0	9	0	0	1	0	0	0	0
L1592862-R002	biblical_book	Gen	48	22		4Q1	1606642	f14	6	1592862				books/DSS-Genesis.txt	575630	4019	1935533-1935547	15	1	34b1fd48bca0e36387b0dd8084adf395440cf8d33e75a237d0fdf3ee37e27191	linguistics/books/DSS-Genesis-Linguistics.txt	852731	6383	55cdcce9e2bd6e41fc14e1214ebae5ee557dd63e9fdff2164c0d6afd52a2e9a6	PARTLY_RECONSTRUCTED	42	38	32	2	4	34	2	0	1	0	0	0	0
L1592863-R001	biblical_book	Gen	49	1		4Q1	1606642	f15_16	1	1592863				books/DSS-Genesis.txt	579649	4024	1935548-1935561	14	1	946e44b4aa42a9b06f585f370e6e5841a244e1a3a10274388bd10b678e46d07b	linguistics/books/DSS-Genesis-Linguistics.txt	859114	6054	48755ace10b1b8c0d1879da0410d500ee25da6c7b65a39172f69313bb6d241a3	PARTLY_RECONSTRUCTED	47	44	41	3	0	43	3	0	0	0	0	0	0
L1592864-R001	biblical_book	Gen	49	1		4Q1	1606642	f15_16	2	1592864				books/DSS-Genesis.txt	583673	1561	1935562-1935564	3	0	9a4bcb76b1cc8d7b396cc2b766a6fb7c2d9a396e65e37112ea0ac9abdef10ffd	linguistics/books/DSS-Genesis-Linguistics.txt	865168	1510	7a43d9d5317bac28ccf5d4b720318058f9760f87c8b55ce480793c383b70d81a	ALL_LETTER_SLOTS_RECONSTRUCTED	7	5	5	0	0	7	0	0	1	0	0	0	0
L1592864-R002	biblical_book	Gen	49	2		4Q1	1606642	f15_16	2	1592864				books/DSS-Genesis.txt	585234	2939	1935565-1935575	11	0	fc53faf3913bdfab89fa672160d82faf54e12af9b6ea709c273931a9319f3b4c	linguistics/books/DSS-Genesis-Linguistics.txt	866678	4825	3041bd78238f94abed4d8290be33be164485df4597e1805dee13702479b71f57	PARTLY_RECONSTRUCTED	37	34	29	0	5	31	0	0	1	0	0	0	0
L1592864-R003	biblical_book	Gen	49	3		4Q1	1606642	f15_16	2	1592864				books/DSS-Genesis.txt	588173	1591	1935576	1	1	6d247907b224fa62fc19cc4a1b4a120613934a6efbcc3d3a9d94d0cf2244f3f5	linguistics/books/DSS-Genesis-Linguistics.txt	871503	858	6c2a24f06a6c8c683f3835ca6c1aa75b9273f0bb4b5dcb63fb04b20f6170b293	ALL_LETTER_SLOTS_RECONSTRUCTED	5	5	5	0	0	5	0	0	0	0	0	0	0
L1592865-R001	biblical_book	Gen	49	3		4Q1	1606642	f15_16	3	1592865				books/DSS-Genesis.txt	589764	3357	1935577-1935588	12	0	7e326f5810827b9054fb015919486267953ee6a21d78f3a0c1619e2d02ff9417	linguistics/books/DSS-Genesis-Linguistics.txt	872361	5279	840c80508a386584bdc882c513792fa69e98452bd448c15fcaa65823a561e676	PARTLY_RECONSTRUCTED	37	32	28	1	3	32	1	0	1	0	0	0	0
L1592865-R002	biblical_book	Gen	49	4		4Q1	1606642	f15_16	3	1592865				books/DSS-Genesis.txt	593121	2367	1935589-1935593	5	1	fb1a3537180940a26a603c5a871971da70db3557d85b97e3b1df8c6735c4b328	linguistics/books/DSS-Genesis-Linguistics.txt	877640	2419	3af781fe56cacbc130776e3558e8a5ee8b0a9a051659b4cc53ed420a7356a96a	PARTLY_RECONSTRUCTED	13	13	10	4	0	10	4	0	0	0	0	0	0
L1592866-R001	biblical_book	Gen	49	4		4Q1	1606642	f15_16	4	1592866				books/DSS-Genesis.txt	595488	2910	1935594-1935602	9	0	89c5a87088b65268535941dc4c03cf73a6a3ee44f02b0e276970e3ebf4a8cd1c	linguistics/books/DSS-Genesis-Linguistics.txt	880059	4067	4b6abdfdb1376938a961ccd8db2e9f0c2aca3dbec41dfbba8b4033ab8c5f4976	PARTLY_RECONSTRUCTED	33	29	23	1	5	27	1	0	1	0	0	0	0
L1592866-R002	biblical_book	Gen	49	5		4Q1	1606642	f15_16	4	1592866				books/DSS-Genesis.txt	598398	2043	1935603-1935606	4	1	9585aa2234c5f766b4ec153149c139ed3be8bd6518debca11880ef73cef44a23	linguistics/books/DSS-Genesis-Linguistics.txt	884126	2048	2e1911899917ff482d6482d6aef03075da503997b9802c50949523acb50ac526	ALL_LETTER_SLOTS_RECONSTRUCTED	13	13	13	0	0	13	0	0	0	0	0	0	0
L1592867-R001	biblical_book	Gen	49	5		4Q1	1606642	f15_16	5	1592867				books/DSS-Genesis.txt	600441	2353	1935607-1935610	4	1	4c83a06fbe7db8f151b1b912952541d36721aa3a3ba3714204af576bb9ad0645	linguistics/books/DSS-Genesis-Linguistics.txt	886174	2052	ab19355a35b37632741fe092ec1cdbe076ae05ac61de49b2280e029fdb306a2f	PARTLY_RECONSTRUCTED	16	13	12	1	0	15	1	0	1	0	0	0	0
L1593033-R001	biblical_book	Gen	1	1		4Q2	1606643	f1i	1	1593033				books/DSS-Genesis.txt	602843	2880	1937736-1937747	12	0	807cf2c70512261e5c5a751c9f702687705796d3029574a337f8acc588cf142c	linguistics/books/DSS-Genesis-Linguistics.txt	888275	5135	b1aa75693cc5ca4eec21cc027673badbee06e331758929c410fcf80282391b1d	PARTLY_RECONSTRUCTED	30	28	15	0	13	17	0	0	1	0	0	0	0
L1593033-R002	biblical_book	Gen	1	2		4Q2	1606643	f1i	1	1593033				books/DSS-Genesis.txt	605723	1983	1937748-1937751	4	1	25cb8c35e8cdfd96ce77113200d37de8b5182167134fadfc39e8573aaaac4516	linguistics/books/DSS-Genesis-Linguistics.txt	893410	1941	c2356aad801c044a29f9bdd266a138c27b96367ad881f1a3dd69815002d9d34e	PARTLY_RECONSTRUCTED	9	9	5	1	3	5	1	0	0	0	0	0	0
L1593034-R001	biblical_book	Gen	1	2		4Q2	1606643	f1i	2	1593034				books/DSS-Genesis.txt	607706	4079	1937752-1937768	17	1	eaca8c9ba18882d5d25feb1dc41b40e6ae3b5d1a1e122e850281119d957bdbdd	linguistics/books/DSS-Genesis-Linguistics.txt	895351	7245	da966a398c6d4f815d54f0191c260af36d7df84446e8b05078fc6527610e76a8	PARTLY_RECONSTRUCTED	45	43	25	1	17	27	1	0	1	0	0	0	0
L1593035-R001	biblical_book	Gen	1	3		4Q2	1606643	f1i	3	1593035				books/DSS-Genesis.txt	611785	2420	1937769-1937777	9	0	f34a47be5d9b683ce2ec8aebca6f60fc10d3a0f70353f524a09bc5aa5b1711e2	linguistics/books/DSS-Genesis-Linguistics.txt	902596	3937	e8194b912f743fda7d5f29832f688b999a78c7aed72d0215044d812ac13ff447	PARTLY_RECONSTRUCTED	25	23	7	0	16	9	0	0	1	0	0	0	0
L1593035-R002	biblical_book	Gen	1	4		4Q2	1606643	f1i	3	1593035				books/DSS-Genesis.txt	614205	2630	1937778-1937785	8	1	fb6492e85cf60bbead3042dea9f67f8729b162dc8af14f3a9c09e0d65c5e8ea4	linguistics/books/DSS-Genesis-Linguistics.txt	906533	3578	437b4cde3378dc688d2dac0039673d4d5154571b9bb76bcce9a365b6ac42137e	PARTLY_RECONSTRUCTED	20	20	16	1	3	16	1	0	0	0	0	0	0
L1593036-R001	biblical_book	Gen	1	4		4Q2	1606643	f1i	4	1593036				books/DSS-Genesis.txt	616835	2663	1937786-1937796	11	0	60ee8ddf99361da55557a93ca180868e656a3da3fe722569ea4a8253eebf2f9f	linguistics/books/DSS-Genesis-Linguistics.txt	910111	4721	9aad7209479febafbbf21b0fb88b9455d4cad9651e6cbf395bf978cd878b4bd9	PARTLY_RECONSTRUCTED	27	25	8	0	17	10	0	0	1	0	0	0	0
L1593036-R002	biblical_book	Gen	1	5		4Q2	1606643	f1i	4	1593036				books/DSS-Genesis.txt	619498	2851	1937797-1937805	9	1	23a1d7710a4dc2e094f5a073053cd2b7e247c0cb5cef0f5fbc8ed520870bed28	linguistics/books/DSS-Genesis-Linguistics.txt	914832	3969	0fef3b35bc003df5503f0aa54979d86975412c550bb35c89ac4eb7ceee77b7a0	PARTLY_RECONSTRUCTED	22	22	15	1	6	15	1	0	0	0	0	0	0
L1593037-R001	biblical_book	Gen	1	5		4Q2	1606643	f1i	5	1593037				books/DSS-Genesis.txt	622349	3777	1937806-1937816	11	3	7b86081e872729c8656bdaf44d680deeccebb5cb92531aee14c418f44be39236	linguistics/books/DSS-Genesis-Linguistics.txt	918801	4771	d1ea9c7bab8aa2efeb0a45b49f9fe2ea4b86f45ca53821a3ccd4b353d3e81aa8	PARTLY_RECONSTRUCTED	29	27	17	0	10	19	0	0	1	0	0	0	0
L1593038-R001	biblical_book	Gen	1	6		4Q2	1606643	f1i	6	1593038				books/DSS-Genesis.txt	626126	3989	1937817-1937833	17	0	815f88511d8ef9653efca3ef86912e685ef618068e6c70c0352a5c27d544c9da	linguistics/books/DSS-Genesis-Linguistics.txt	923572	7210	85a01e2d27cb9ccc3805acec278c58fdc0e303faefebec9a8580baa69f47da2a	PARTLY_RECONSTRUCTED	46	44	33	4	7	35	4	0	1	0	0	0	0
L1593038-R002	biblical_book	Gen	1	7		4Q2	1606643	f1i	6	1593038				books/DSS-Genesis.txt	630115	1692	1937834-1937835	2	1	fa605bdb0968d991972fbb0e1ab371799dacabfbfaea84dc6ee777af9cbf6f96	linguistics/books/DSS-Genesis-Linguistics.txt	930782	1152	ff3b2c8a760bdef515d44fcc988dd6279d620d983e28559acca4b46fde09ddda	ALL_LETTER_SLOTS_RECONSTRUCTED	4	4	4	0	0	4	0	0	0	0	0	0	0
L1593039-R001	biblical_book	Gen	1	7		4Q2	1606643	f1i	7	1593039				books/DSS-Genesis.txt	631807	4269	1937836-1937853	18	1	1fb5994e6fcbdc6a2c4d0929d1b39aec44149c0d5da698316720ea97dd23a5bb	linguistics/books/DSS-Genesis-Linguistics.txt	931934	7638	3c9725504f31d8d3e18198f2c902edfdcb7d8f09b337b50632ee824f84370bea	PARTLY_RECONSTRUCTED	44	44	26	3	15	26	3	0	0	0	0	0	0
L1593040-R001	biblical_book	Gen	1	7		4Q2	1606643	f1i	8	1593040				books/DSS-Genesis.txt	636076	2390	1937854-1937862	9	0	509f71e0a31914637c20c3eff5e848d3e4b9266d00a9aa525f5e98d314dbea56	linguistics/books/DSS-Genesis-Linguistics.txt	939572	3866	53e42ae9df0b9e7b8a1da7434e023b4bcc818368998080621add6479095d9eb3	NO_LETTER_RECONSTRUCTION_MARKED	19	17	0	1	16	0	1	0	1	0	0	0	0
L1593040-R002	biblical_book	Gen	1	8		4Q2	1606643	f1i	8	1593040				books/DSS-Genesis.txt	638466	2767	1937863-1937871	9	1	3873788c29d31cfd7116e014dca0934b279d9218bfc757613f47005160eb0ed4	linguistics/books/DSS-Genesis-Linguistics.txt	943438	4058	e1c399959ef3a5b78c7258c42e9dec6a1190f1982326c8a343f82bfab584e84a	PARTLY_RECONSTRUCTED	26	26	9	0	17	9	0	0	0	0	0	0	0
L1593041-R001	biblical_book	Gen	1	8		4Q2	1606643	f1i	9	1593041				books/DSS-Genesis.txt	641233	3041	1937872-1937877	6	3	d0afab13659871a764df17289beb3f396d0a52209e1a48ab6aaf9b5627f1cb83	linguistics/books/DSS-Genesis-Linguistics.txt	947496	2747	4fc8bb94a7c9a96562b2bdfe525006392bd858bb97482ccc9442f6f5893c0f92	PARTLY_RECONSTRUCTED	15	13	1	2	10	1	2	0	1	0	0	0	0
L1593042-R001	biblical_book	Gen	1	9		4Q2	1606643	f1i	10	1593042				books/DSS-Genesis.txt	644274	3997	1937878-1937894	17	1	0cba075da853f461380ebe6e093e9d7e2ee1221b09a7e0a696d645d80026016a	linguistics/books/DSS-Genesis-Linguistics.txt	950243	7245	d728f1bc92faf897c0562764945708baa440a65cd998cc0f4b5e6e4bb1598412	PARTLY_RECONSTRUCTED	46	46	2	3	41	2	3	0	0	0	0	0	0
L1593043-R001	biblical_book	Gen	1	9		4Q2	1606643	f1i	11	1593043				books/DSS-Genesis.txt	648271	1647	1937895-1937898	4	0	510507c9965c8ef1b78f53efb395b406cdaa1df09a8e66c52e474c659fcd4ee2	linguistics/books/DSS-Genesis-Linguistics.txt	957488	1879	b8506fed4a978a9bbdfc3417f1af45e652bbcd29dc9959897d33cb835921ebd5	NO_LETTER_RECONSTRUCTION_MARKED	8	6	0	0	6	0	0	0	1	0	0	0	0
L1593043-R002	biblical_book	Gen	1	10		4Q2	1606643	f1i	11	1593043				books/DSS-Genesis.txt	649918	3565	1937899-1937913	15	1	0abe5a9e3b7f20df0768838b3364a470ea49b40059d30f2bb3e6550a2d5ed64d	linguistics/books/DSS-Genesis-Linguistics.txt	959367	6393	bc66dcb7c4ff0363c607f590da2ccfa3c29d8e7cf715e142ac9784f34ad6ad65	NO_LETTER_RECONSTRUCTION_MARKED	39	39	0	1	38	0	1	0	0	0	0	0	0
L1593044-R001	biblical_book	Gen	1	10		4Q2	1606643	f1i	12	1593044				books/DSS-Genesis.txt	653483	1769	1937914-1937917	4	0	a6b79cb0e887e798de350a0c34e95b796c7db9988206446e1c32c122ac386d67	linguistics/books/DSS-Genesis-Linguistics.txt	965760	1993	69b205f975a80e83c06ee6d038934a3d64e0fdc51dd66045ca49a3d80410abd2	NO_LETTER_RECONSTRUCTION_MARKED	12	10	0	1	9	0	1	0	1	0	0	0	0
L1593044-R002	biblical_book	Gen	1	11		4Q2	1606643	f1i	12	1593044				books/DSS-Genesis.txt	655252	3338	1937918-1937928	11	1	78204d6eb2e7ce71143254aff7903505fbc7036858474b19c2be0db0a98e68f7	linguistics/books/DSS-Genesis-Linguistics.txt	967753	4911	6305140bb492d59b652cb049d1ef9710c5f962d94ca9bc5da3086591aa7a959a	NO_LETTER_RECONSTRUCTION_MARKED	34	34	0	12	22	0	12	0	0	0	0	0	0
L1593045-R001	biblical_book	Gen	1	11		4Q2	1606643	f1i	13	1593045				books/DSS-Genesis.txt	658590	4074	1937929-1937943	15	0	6bb74a82280fa96cbc138306ded2d98f40a4bd5d02038729029a7a7f44d7d143	linguistics/books/DSS-Genesis-Linguistics.txt	972664	6389	b5d0403c0091cdac43fce6211c39b1888b5e10586a921a6f6712a8c1dd9485e6	NO_LETTER_RECONSTRUCTION_MARKED	40	35	0	16	19	0	16	0	1	0	0	0	0
L1593045-R002	biblical_book	Gen	1	12		4Q2	1606643	f1i	13	1593045				books/DSS-Genesis.txt	662664	2345	1937944-1937948	5	1	0a057789d556f86685a5ba6150894b1cc5ed8f2556d60dee084371e8116c7812	linguistics/books/DSS-Genesis-Linguistics.txt	979053	2382	deeff8520f297609e18d45284c0d46b1cb2f10fb0af5342a86f98bcab8b2847a	PARTLY_RECONSTRUCTED	12	12	1	3	8	1	3	0	0	0	0	0	0
L1593046-R001	biblical_book	Gen	1	12		4Q2	1606643	f1i	14	1593046				books/DSS-Genesis.txt	665009	4685	1937949-1937964	16	1	f3701cebaf03dcfe9f5145b8b4207f0bdf7bff51291b1d08422f90de80213043	linguistics/books/DSS-Genesis-Linguistics.txt	981435	6845	f50640a1b798497e17e4dbc1e3cda2691037f23d56ca97e26873cbebd5f64cd2	PARTLY_RECONSTRUCTED	49	45	13	13	19	14	13	0	0	0	0	0	0
L1593047-R001	biblical_book	Gen	1	12		4Q2	1606643	f1i	15	1593047				books/DSS-Genesis.txt	669694	1955	1937965-1937968	4	0	5bab0114c5638f523566fa4b5164fac7ef7157bc09d6fd6012658c7eba1e1c1e	linguistics/books/DSS-Genesis-Linguistics.txt	988280	2002	8c57b9529eb4319dcc13a0a846939a60f893bd20e0749c52810f052e6f60908b	NO_LETTER_RECONSTRUCTION_MARKED	12	10	0	3	7	0	3	0	1	0	0	0	0
L1593047-R002	biblical_book	Gen	1	13		4Q2	1606643	f1i	15	1593047				books/DSS-Genesis.txt	671649	3056	1937969-1937977	9	2	4773af2795f3bdbbceedea674baa3edd497fb3420fb5a521a4b8bd53393485e7	linguistics/books/DSS-Genesis-Linguistics.txt	990282	3989	eb460f79664eb256ff8143560cee1921d445765ca21e7b2a8782684f5156dae7	PARTLY_RECONSTRUCTED	24	22	6	1	15	6	1	0	1	0	0	0	0
L1593048-R001	biblical_book	Gen	1	14		4Q2	1606643	f1i	16	1593048				books/DSS-Genesis.txt	674705	4020	1937978-1937993	16	1	f56c954b0e0cac9cef451e55f21b9b5afc7b68a2a07d44c65b51123383dec55d	linguistics/books/DSS-Genesis-Linguistics.txt	994271	6895	f48b68f181ab6a9e4c1d9e4ad76dde3bc6b439b3f3152e63482e0bef300bc901	PARTLY_RECONSTRUCTED	44	44	4	6	34	4	6	0	0	0	0	0	0
L1593049-R001	biblical_book	Gen	1	14		4Q2	1606643	f1i	17	1593049				books/DSS-Genesis.txt	678725	3582	1937994-1938008	15	0	72400743b6a4bfc9b2b9934929f933b9ff485c058097459c4215d749d0bfe4e7	linguistics/books/DSS-Genesis-Linguistics.txt	1001166	6267	96b7211ff198f09b44c94ee4da0a2be65f4432dc97d1a84115bcebe77f190659	PARTLY_RECONSTRUCTED	34	32	14	12	6	14	12	0	1	0	0	0	0
L1593049-R002	biblical_book	Gen	1	15		4Q2	1606643	f1i	17	1593049				books/DSS-Genesis.txt	682307	2571	1938009-1938014	6	1	c123894e204094109dfdfb3b9fe620bb96e12f7c128e8ab149e159e213ffd6cb	linguistics/books/DSS-Genesis-Linguistics.txt	1007433	2807	b47ab257f2e360ace219e7ea267b3f6eb10b88722d62dd72a4dde790721a549f	NO_LETTER_RECONSTRUCTION_MARKED	14	14	0	11	3	0	11	0	0	0	0	0	0
L1593050-R001	biblical_book	Gen	1	15		4Q2	1606643	f1i	18	1593050				books/DSS-Genesis.txt	684878	3007	1938015-1938025	11	0	96b8b264054857f3e15f1668f01240699f49f2f11a834d6ba3da5e7f72173113	linguistics/books/DSS-Genesis-Linguistics.txt	1010240	4668	02cf0dbd1e173f531a3c9c813e87a4fd33f877bdf3f64188b8a37815cbc3f9f1	PARTLY_RECONSTRUCTED	24	22	7	6	9	9	6	0	1	0	0	0	0
L1593050-R002	biblical_book	Gen	1	16		4Q2	1606643	f1i	18	1593050				books/DSS-Genesis.txt	687885	2573	1938026-1938032	7	1	05ea7843cb2155b7012b6db98e28fe99c0b78c3ad5452b64a0d41084aed5a829	linguistics/books/DSS-Genesis-Linguistics.txt	1014908	3262	8f3213741391f9ced596b88938ec32a54826132bb4fca37d8de0618faea279a4	PARTLY_RECONSTRUCTED	19	19	14	2	3	14	2	0	0	0	0	0	0
L1593051-R001	biblical_book	Gen	1	16		4Q2	1606643	f1i	19	1593051				books/DSS-Genesis.txt	690458	4387	1938033-1938051	19	1	68a8ba92a12e7834cccc8840cfdb6ee21919061271c4439135948ce7d3749bfa	linguistics/books/DSS-Genesis-Linguistics.txt	1018170	8004	140a77ccfaff82c955fad78d72570444bc748a5ab10987b3b3255b799664c5cb	PARTLY_RECONSTRUCTED	45	45	16	9	19	16	9	0	0	0	1	0	0
L1593052-R001	biblical_book	Gen	1	16		4Q2	1606643	f1i	20	1593052				books/DSS-Genesis.txt	694845	2072	1938052-1938058	7	0	5b46d2934d30d9f2877fdfd00274863910ce52efab81c4303ec0bd34625b91ee	linguistics/books/DSS-Genesis-Linguistics.txt	1026174	3103	c620e85967eeb52598e2bcf9d3fdf61b2cbb7e2ca1a1c7045c41e2900a4c093c	NO_LETTER_RECONSTRUCTION_MARKED	17	15	0	0	15	0	0	0	1	0	0	0	0
L1593052-R002	biblical_book	Gen	1	17		4Q2	1606643	f1i	20	1593052				books/DSS-Genesis.txt	696917	3119	1938059-1938068	10	1	1ce666cea172768ad4a73aa5b358a5b9207396ae458b61a8cab807e9dd0e4a28	linguistics/books/DSS-Genesis-Linguistics.txt	1029277	4430	0dfd539d29fd04e675a3412078a5ec3003feef40050c766e59b9794a624c647e	PARTLY_RECONSTRUCTED	28	27	14	2	11	15	2	0	0	0	0	0	0
L1593053-R001	biblical_book	Gen	1	17		4Q2	1606643	f1i	21	1593053				books/DSS-Genesis.txt	700036	1724	1938069-1938072	4	0	b30c3d673bc02414ef1e1ef85a527abf51b30eaf0ac0cce2b939fba4b9a378e2	linguistics/books/DSS-Genesis-Linguistics.txt	1033707	1898	d01af14b6ffe393b2a2eb43f79f928daee6463a4ee8bc5854eb2641a44681f59	NO_LETTER_RECONSTRUCTION_MARKED	8	6	0	2	4	0	2	0	1	0	0	0	0
L1593053-R002	biblical_book	Gen	1	18		4Q2	1606643	f1i	21	1593053				books/DSS-Genesis.txt	701760	4469	1938073-1938092	20	1	3e1d40a1402bd51eb17100689ef387bed89430c2e36e40ca838662574810d6e0	linguistics/books/DSS-Genesis-Linguistics.txt	1035605	8252	91acfa2ffe6d57c93c09c52ebef78f1a8cbff3743bb9c2e07960ead236782069	PARTLY_RECONSTRUCTED	41	41	9	8	24	9	8	0	0	0	0	0	0
L1593054-R001	biblical_book	Gen	1	18		4Q2	1606643	f1i	22	1593054				books/DSS-Genesis.txt	706229	1701	1938093-1938096	4	0	46e593dd64432556e583ee413a0728c4aa8e73033243fd68789003ddceb238e6	linguistics/books/DSS-Genesis-Linguistics.txt	1043857	1989	9ca71832f7b28d5e25763e0954ca848c24decbdab1566d9efe55aca19dfb5778	NO_LETTER_RECONSTRUCTION_MARKED	12	10	0	0	10	0	0	0	1	0	0	0	0
L1593054-R002	biblical_book	Gen	1	19		4Q2	1606643	f1i	22	1593054				books/DSS-Genesis.txt	707930	3338	1938097-1938105	9	2	294fe48763900df1139c2a04901af8a492a48e2f667c28e69c95fa83b6a878f0	linguistics/books/DSS-Genesis-Linguistics.txt	1045846	3989	72fdbec0832e8156a0c471607aca0777d6ccfa0b0d3a7c83373f80a8cf01a6a9	NO_LETTER_RECONSTRUCTION_MARKED	24	22	0	4	18	0	4	0	1	0	0	0	0
L1593055-R001	biblical_book	Gen	1	20		4Q2	1606643	f1i	23	1593055				books/DSS-Genesis.txt	711268	4162	1938106-1938120	15	1	8321c7e5523f908960693920fe1d515a840869cda4f6d7ed12e8d31e8d172540	linguistics/books/DSS-Genesis-Linguistics.txt	1049835	6447	aa5af3713c432b482896fd6bfe5d762da441a61e7f9e61cc0129a3d2ca00e249	NO_LETTER_RECONSTRUCTION_MARKED	43	43	0	10	33	0	10	0	0	0	0	0	0
L1593056-R001	biblical_book	Gen	1	20		4Q2	1606643	f1i	24	1593056				books/DSS-Genesis.txt	715430	1964	1938121-1938126	6	0	9428619737bf49a2eacf248c3a16854e2e80a992605b1052cdddb50025cb6e9e	linguistics/books/DSS-Genesis-Linguistics.txt	1056282	2787	6eee0583531647e43d3fd634624119edfc9e30acfd5a771f7a7029cd6a4c4f31	NO_LETTER_RECONSTRUCTION_MARKED	16	14	0	0	14	0	0	0	1	0	0	0	0
L1593056-R002	biblical_book	Gen	1	21		4Q2	1606643	f1i	24	1593056				books/DSS-Genesis.txt	717394	2915	1938127-1938136	10	1	28675e0d74049f45e5fb3ff97b1896698c5b1cb6124e328b8ff3c27d8a17f57e	linguistics/books/DSS-Genesis-Linguistics.txt	1059069	4424	b3543035220570bf782bdca947753517b16f62cb20b0733cb92edba2fca7f069	NO_LETTER_RECONSTRUCTION_MARKED	27	27	0	3	24	0	3	0	0	0	0	0	0
L1593057-R001	biblical_book	Gen	1	21		4Q2	1606643	f1i	25	1593057				books/DSS-Genesis.txt	720309	4147	1938137-1938153	17	1	8ed867e08d0454a90be63b8542310a9f436a4a0e8a122861882f5a1720a28ba4	linguistics/books/DSS-Genesis-Linguistics.txt	1063493	7105	c8b987f041d41f0a801aca7a3ca84e91dfae449359dd74490ecbd7e02821e921	PARTLY_RECONSTRUCTED	43	42	3	4	35	3	4	0	0	0	0	0	0
L1593058-R001	biblical_book	Gen	1	21		4Q2	1606643	f1i	26	1593058				books/DSS-Genesis.txt	724456	2483	1938154-1938161	8	0	d4fc065806474e019d0c0864496b010d0aa54acb03c629fdb1873f38b39620a3	linguistics/books/DSS-Genesis-Linguistics.txt	1070598	3551	f80ee8c5cc32c365dc9a831520d0f99392ad6fed9382c349f38bbed86296c0d0	NO_LETTER_RECONSTRUCTION_MARKED	23	20	0	1	19	0	1	0	1	0	0	0	0
L1593058-R002	biblical_book	Gen	1	22		4Q2	1606643	f1i	26	1593058				books/DSS-Genesis.txt	726939	3309	1938162-1938172	11	1	d1aac2b8caa455f0987f0b58822f57beca2cdb3e33d3fd7d5422d0aa6fc6b8a6	linguistics/books/DSS-Genesis-Linguistics.txt	1074149	4774	3cc8be5373afa8b2cea8004629038197dd7d2dda5958762e09d88bc87c858e45	PARTLY_RECONSTRUCTED	30	29	13	4	12	13	4	0	0	0	0	0	0
L1593059-R001	biblical_book	Gen	1	22		4Q2	1606643	f1i	27	1593059				books/DSS-Genesis.txt	730248	2870	1938173-1938184	12	0	b5cb315ec50d6e497bf4425a11323f2933984ae709bc45efb0b8c314b6c006c7	linguistics/books/DSS-Genesis-Linguistics.txt	1078923	5011	ab127dbe85f34736d1b1635d6097290c4b49c984dc6ed09dfca3e36006811626	NO_LETTER_RECONSTRUCTION_MARKED	25	23	0	4	19	0	4	0	1	0	0	0	0
L1593059-R002	biblical_book	Gen	1	23		4Q2	1606643	f1i	27	1593059				books/DSS-Genesis.txt	733118	2828	1938185-1938193	9	1	14dcf404b726b36886694e5ccabce1f598d4350c2dba0f61902086f38c645068	linguistics/books/DSS-Genesis-Linguistics.txt	1083934	3981	22f59b0ebb55a0a747245ff40b652716b38b13559ca800997659074a0c2c98f3	PARTLY_RECONSTRUCTED	24	22	20	1	1	22	1	0	1	0	0	0	0
L1593061-R001	biblical_book	Gen	1	24		4Q2	1606643	f1i	29	1593061				books/DSS-Genesis.txt	735946	4087	1938194-1938209	16	1	d64ee3d9bd760e4f221116b4077aa1c95f6f7bd44f4ec676836cf52fa91055b1	linguistics/books/DSS-Genesis-Linguistics.txt	1087915	6878	ba70fd39bf27d890f83b6ef4cd0f9bb1c2de77fc3578485d1a2f9e0746275b2a	PARTLY_RECONSTRUCTED	46	45	31	2	12	32	2	0	0	0	0	0	0
L1593062-R001	biblical_book	Gen	1	24		4Q2	1606643	f1i	30	1593062				books/DSS-Genesis.txt	740033	2068	1938210-1938215	6	0	9845ec39242b8fd10024157f6f37a5e05a9b7b0be69b541fc61373bc5f57f2fd	linguistics/books/DSS-Genesis-Linguistics.txt	1094793	2670	10b27946b88d39548fd2c3c6f77eb9da0ad2d8f8064a5245df6633dbc3835708	PARTLY_RECONSTRUCTED	14	11	6	0	5	8	0	0	1	0	0	0	0
L1593062-R002	biblical_book	Gen	1	25		4Q2	1606643	f1i	30	1593062				books/DSS-Genesis.txt	742101	4121	1938216-1938231	16	1	c5d3b19c305908d1280cb00bfd3fa7d8541a1a168dffd15d8f7a9637f9efba23	linguistics/books/DSS-Genesis-Linguistics.txt	1097463	6722	c1c7e16732f991dfbd4b1337210fcb29bb6da997f77dca0651e0056a300cf922	PARTLY_RECONSTRUCTED	40	36	33	2	1	37	2	1	1	0	0	0	0
L1593063-R001	biblical_book	Gen	1	25		4Q2	1606643	f2	1	1593063				books/DSS-Genesis.txt	746222	2796	1938232-1938241	10	0	1759842c9d74d7bc20e37435b3d8a3ce4bcd47f104808d49068f769db7d13279	linguistics/books/DSS-Genesis-Linguistics.txt	1104185	4375	8646e6bd50fba09df8f152188f2a14ee7fe190b0160c085c3fcbe506bdc0ac8a	PARTLY_RECONSTRUCTED	28	25	24	1	0	27	1	0	1	0	0	0	0
L1593063-R002	biblical_book	Gen	1	26		4Q2	1606643	f2	1	1593063				books/DSS-Genesis.txt	749018	2627	1938242-1938248	7	1	f2a78b950f38b0dc049f866e36f3a9360c4d781efe085b99ab1cdf02abe1b82e	linguistics/books/DSS-Genesis-Linguistics.txt	1108560	3275	6b737777571302bfae354fb462282b14be6d4acd718057553af61faf56f48a46	ALL_LETTER_SLOTS_RECONSTRUCTED	24	23	23	0	0	24	0	0	0	0	0	0	0
L1593064-R001	biblical_book	Gen	1	26		4Q2	1606643	f2	2	1593064				books/DSS-Genesis.txt	751645	5321	1938249-1938274	26	1	2bf897a280fd9249d74a45b44ab5493f162e5876f79dc22018a6efb10b9c4198	linguistics/books/DSS-Genesis-Linguistics.txt	1111835	10554	9e404cf8c493804b10544a3edc684a9bc4d83fc5917ee2786c3d8652f4acb536	PARTLY_RECONSTRUCTED	52	51	44	4	3	45	4	0	0	0	0	0	0
L1593065-R001	biblical_book	Gen	1	26		4Q2	1606643	f2	3	1593065				books/DSS-Genesis.txt	756966	1967	1938275-1938280	6	0	16e3ca0cae8ca042565b369020cc6a2929ef94b2e40c995dc175ba144fee02c1	linguistics/books/DSS-Genesis-Linguistics.txt	1122389	2650	5c066d32c6a3178efb574fd11e489b97e5a09aaba19e52d3e847b70aa361c839	ALL_LETTER_SLOTS_RECONSTRUCTED	12	10	10	0	0	12	0	0	1	0	0	0	0
L1593065-R002	biblical_book	Gen	1	27		4Q2	1606643	f2	3	1593065				books/DSS-Genesis.txt	758933	3777	1938281-1938293	13	1	f41d38968b380f2278ea81798fa07e66bb069935f8cfcc55b9debc8d8b594332	linguistics/books/DSS-Genesis-Linguistics.txt	1125039	5685	ea1bd9d83b502eb37cfd1d631ae80715deddbf0892980dad226dc846930ec726	PARTLY_RECONSTRUCTED	38	36	26	4	6	28	4	0	0	0	0	0	0
L1593066-R001	biblical_book	Gen	1	27		4Q2	1606643	f2	4	1593066				books/DSS-Genesis.txt	762710	2161	1938294-1938299	6	0	2afb3679ec8bb17e973db0a8747fd43a0afddc5289672c6befa5f310bc9658ff	linguistics/books/DSS-Genesis-Linguistics.txt	1130724	2765	988c14a0e881d77a1684074673801c5f85f887764822509482e8f4b4cab5be0b	PARTLY_RECONSTRUCTED	17	14	12	1	1	12	1	0	1	0	0	0	0
L1593066-R002	biblical_book	Gen	1	28		4Q2	1606643	f2	4	1593066				books/DSS-Genesis.txt	764871	3396	1938300-1938310	11	1	37ca85f5a669c0339acba5b2be228194a616cca2a8897a2a9aa9d26dc6b1475e	linguistics/books/DSS-Genesis-Linguistics.txt	1133489	4839	516ecce2105868af2f342e3d25d1bef24e694e12abc2a5096e65d9e5dd793436	PARTLY_RECONSTRUCTED	35	33	28	2	3	30	2	0	0	0	0	0	0
L1593067-R001	biblical_book	Gen	1	28		4Q2	1606643	f2	5	1593067				books/DSS-Genesis.txt	768267	2125	1938311-1938314	4	1	4a2c119b85b9a06c37c83a9d04be61d104866acf21cebcdf3c8fddd2a68a5465	linguistics/books/DSS-Genesis-Linguistics.txt	1138328	1836	a37721834c75e13a128ea4b3ae4802460659de56d5f820abfa1ffe39171537aa	NO_LETTER_SLOTS	10	0	0	0	0	5	3	2	4	0	0	0	0
L1593068-R001	biblical_book	Gen	2	14		4Q2	1606643	f1ii	1	1593068				books/DSS-Genesis.txt	770392	4061	1938315-1938330	16	1	a09a742d30d323366afbeaf5797e8433ad613adc57d33a52825f8c4d39b1b435	linguistics/books/DSS-Genesis-Linguistics.txt	1140164	6886	484d35d555bfce3b5d2549643e626cb33912b7bc8713cbec9a05c6df06303c91	PARTLY_RECONSTRUCTED	44	42	24	3	15	26	3	0	1	0	0	0	0
L1593069-R001	biblical_book	Gen	2	15		4Q2	1606643	f1ii	2	1593069				books/DSS-Genesis.txt	774453	4780	1938331-1938348	18	1	85c8e3bf316a525b82796e24d319873253bdf44dbcf3b3fad886809a0569740f	linguistics/books/DSS-Genesis-Linguistics.txt	1147050	7568	2a9ff53839b02c05536ba3135afcf94b46998ba384341efc3998f05027d7f484	PARTLY_RECONSTRUCTED	47	42	6	16	20	6	16	0	1	0	0	0	0
L1593070-R001	biblical_book	Gen	2	16		4Q2	1606643	f1ii	3	1593070				books/DSS-Genesis.txt	779233	3991	1938349-1938365	17	0	27078bbd04e4add00d757f91e7d1328aacbaff57bb219598509262d34bed4951	linguistics/books/DSS-Genesis-Linguistics.txt	1154618	7090	3a499279fd7536bc878d016560a45ed9af86b6ccd679db01decd5ceb9c82bb09	PARTLY_RECONSTRUCTED	40	38	6	10	22	6	10	0	1	0	0	0	0
L1593070-R002	biblical_book	Gen	2	17		4Q2	1606643	f1ii	3	1593070				books/DSS-Genesis.txt	783224	1869	1938366-1938368	3	1	016a79db404703310130ade4f5f73d601a411e2ce852dc03869bfba90d59881f	linguistics/books/DSS-Genesis-Linguistics.txt	1161708	1512	2401f7d5fdf985cae9b87038af97f0444801774a7b44fea0ce2f2f2d3946a34b	NO_LETTER_RECONSTRUCTION_MARKED	4	4	0	2	2	0	2	0	0	0	0	0	0
L1593071-R001	biblical_book	Gen	2	17		4Q2	1606643	f1ii	4	1593071				books/DSS-Genesis.txt	785093	4619	1938369-1938384	16	0	5cc283b7c8cb80426c6dfbaad516ae84026580c52ba0a2758e310a865bb2063c	linguistics/books/DSS-Genesis-Linguistics.txt	1163220	6797	99e3c13eb59cca41dea25bb1f4456fa931f0ae6af86ea2f51f48d4c730d8698d	PARTLY_RECONSTRUCTED	46	41	10	20	11	11	20	0	1	0	0	0	0
L1593071-R002	biblical_book	Gen	2	18		4Q2	1606643	f1ii	4	1593071				books/DSS-Genesis.txt	789712	1832	1938385-1938386	2	1	d5c5fbe306d19669887a32c88d1c8f36d489975bc47528473e39cd2ecab7f1dd	linguistics/books/DSS-Genesis-Linguistics.txt	1170017	1181	ed49e1a8e7810c49ae83018d9d8ebcf67deda8bcdb24077673d56531efbd8b3c	PARTLY_RECONSTRUCTED	5	5	1	3	1	1	3	0	0	0	0	0	0
L1593072-R001	biblical_book	Gen	2	18		4Q2	1606643	f1ii	5	1593072				books/DSS-Genesis.txt	791544	3774	1938387-1938401	15	0	de6a5e1c58d724f621153cb5c25dbe829be1f10abb83ee7e60751baede03743f	linguistics/books/DSS-Genesis-Linguistics.txt	1171198	6413	4a03536920c9be2189b5c6b24ca41b669b80d9141cada517236fdcc994a42f03	PARTLY_RECONSTRUCTED	45	40	11	4	25	11	4	0	1	0	0	0	0
L1593072-R002	biblical_book	Gen	2	19		4Q2	1606643	f1ii	5	1593072				books/DSS-Genesis.txt	795318	1805	1938402-1938403	2	1	aacad6b13181a2fca66f22a02dadbcb6d9947cdbcf593d16bd567b2ad32863a4	linguistics/books/DSS-Genesis-Linguistics.txt	1177611	1157	778bed5c15e0aaee1edd3659cc9ba74cce62b2e9c6147117757637d4dc3e7875	NO_LETTER_RECONSTRUCTION_MARKED	4	4	0	1	3	0	1	0	0	0	0	0	0
L1593073-R001	biblical_book	Gen	2	19		4Q2	1606643	f1ii	6	1593073				books/DSS-Genesis.txt	797123	4066	1938404-1938420	17	1	f4131530eff692be85cd7cb68924c157aecdd5e6a60398ac218a082d3252869e	linguistics/books/DSS-Genesis-Linguistics.txt	1178768	7213	b83b3e0f0d2e09ae3e4b27873df5aecbf4d0d350a6b36c61dfbfafb3cdbb3400	PARTLY_RECONSTRUCTED	42	42	26	4	12	26	4	0	0	0	0	0	0
L1593074-R001	biblical_book	Gen	2	19		4Q2	1606643	f1ii	7	1593074				books/DSS-Genesis.txt	801189	4823	1938421-1938440	20	1	cc18a9604336e4476239417fd6561c530a0f514d1c7bae3f66590e3524a39bcc	linguistics/books/DSS-Genesis-Linguistics.txt	1185981	8239	e130d9fab43b45d8fd96da3ec2c9fb9e795bf4ebfbd84f06d4a9bef60c419663	PARTLY_RECONSTRUCTED	52	47	40	6	1	45	6	0	1	0	0	0	0
L1593075-R001	biblical_book	Gen	4	1		4Q2	1606643	f3i	1	1593075				books/DSS-Genesis.txt	806012	1572	1938441-1938443	3	0	b5e98c9c626793e3ef25dbb03a68bff81555f57a9b93023a8755ffd474454175	linguistics/books/DSS-Genesis-Linguistics.txt	1194220	1517	fef8d886233ac1fef2560b228b5991e989ec7d68e6c2c177bc154ddbdc3f6f36	ALL_LETTER_SLOTS_RECONSTRUCTED	8	6	6	0	0	8	0	0	1	0	0	0	0
L1593075-R002	biblical_book	Gen	4	2		4Q2	1606643	f3i	1	1593075				books/DSS-Genesis.txt	807584	3581	1938444-1938455	12	1	6e8372348d685bd6d9f21a93fce7fd86d0ee701c2850793287510677fbebb235	linguistics/books/DSS-Genesis-Linguistics.txt	1195737	5120	5660735785c6f25accc81a2c7223c918b2f3016a8389cdf20ba263a2cc614e4d	PARTLY_RECONSTRUCTED	30	29	14	5	10	14	5	0	0	0	0	0	0
L1593076-R001	biblical_book	Gen	4	2		4Q2	1606643	f3i	2	1593076				books/DSS-Genesis.txt	811165	2191	1938456-1938462	7	0	a7476d949eb51f47bbfe3c975f2ae6818ce33209eac107355911e35fb9b1fbd5	linguistics/books/DSS-Genesis-Linguistics.txt	1200857	3165	8063a9b4b427b90a5d883f93906c2caa686b3eaa34ab9706da524e21e5dcf571	PARTLY_RECONSTRUCTED	19	17	9	1	7	9	1	0	1	0	0	0	0
L1593076-R002	biblical_book	Gen	4	3		4Q2	1606643	f3i	2	1593076				books/DSS-Genesis.txt	813356	2753	1938463-1938470	8	1	9c3989877d5a7956c752b701b95cc049ec67b573657f10c408c518c8c9b6e643	linguistics/books/DSS-Genesis-Linguistics.txt	1204022	3531	91d1221c648b08a9af7874d4df466674be539babeed2904c7edfafa591c36ed8	PARTLY_RECONSTRUCTED	18	18	5	3	10	5	3	0	0	0	0	0	0
L1593077-R001	biblical_book	Gen	4	3		4Q2	1606643	f3i	3	1593077				books/DSS-Genesis.txt	816109	2240	1938471-1938478	8	0	f14ebea9d8773bcdf662ce07f0b90a2fef9fca7703ee038059469dfd0b36932a	linguistics/books/DSS-Genesis-Linguistics.txt	1207553	3550	61e1ceed18bd592d643672143d23c7f653554485c5d1239131c5456bec8147d2	PARTLY_RECONSTRUCTED	20	18	9	0	9	9	0	0	1	0	0	0	0
L1593077-R002	biblical_book	Gen	4	4		4Q2	1606643	f3i	3	1593077				books/DSS-Genesis.txt	818349	2706	1938479-1938485	7	1	876edd769a6bb9061216155621bf5747a5929cc13c09f5d75f3a6289fffcc395	linguistics/books/DSS-Genesis-Linguistics.txt	1211103	3209	bf87b47e9f4ebe192c6c578a7086bfb6c0f76f53ac46a4d8e7447fb6d9f4b356	PARTLY_RECONSTRUCTED	19	19	4	4	11	4	4	0	0	0	0	0	0
L1593078-R001	biblical_book	Gen	4	4		4Q2	1606643	f3i	4	1593078				books/DSS-Genesis.txt	821055	3340	1938486-1938498	13	0	e645d0d4e10a5daea5012c23b775d2e5cc1a788ec3883aa93f24bb2e4606c191	linguistics/books/DSS-Genesis-Linguistics.txt	1214312	5511	9410bdcaaec5cb78dcd50389837136d07d560d7142df38f159c32ab79df9d3a4	PARTLY_RECONSTRUCTED	37	32	12	0	20	14	0	0	1	0	0	0	0
L1593078-R002	biblical_book	Gen	4	5		4Q2	1606643	f3i	4	1593078				books/DSS-Genesis.txt	824395	2189	1938499-1938503	5	1	1a9fad86dfb84378a115e4aab29593c4c0e22f798b1867181a2814d88402edea	linguistics/books/DSS-Genesis-Linguistics.txt	1219823	2305	c8352bfd53c6e749ec84509d482494772eb02a18a311f53665533c45c41d410e	PARTLY_RECONSTRUCTED	9	9	4	1	4	4	1	0	0	0	0	0	0
L1593079-R001	biblical_book	Gen	4	5		4Q2	1606643	f3i	5	1593079				books/DSS-Genesis.txt	826584	3141	1938504-1938515	12	0	09b2d4fb9119cf4861fedcb7585bb3f81a929318025198c8ce17734d250bd51e	linguistics/books/DSS-Genesis-Linguistics.txt	1222128	5149	a985f25910643c2a2fd7b74c5ffa39883a31f6a7e28e10d22b7691bd85333a3d	PARTLY_RECONSTRUCTED	34	30	11	1	18	12	1	0	1	0	0	0	0
L1593079-R002	biblical_book	Gen	4	6		4Q2	1606643	f3i	5	1593079				books/DSS-Genesis.txt	829725	2302	1938516-1938520	5	1	902ac685be0162659c40a181c1bd79b033bd7ef5e7ff45ae4ff489220a1fe654	linguistics/books/DSS-Genesis-Linguistics.txt	1227277	2381	d0b32517e8bb3699a7e768542eb3a67062bd97e1e8b02c1f88e2b1c7ab14984c	PARTLY_RECONSTRUCTED	14	14	9	3	2	9	3	0	0	0	0	0	0
L1593080-R001	biblical_book	Gen	4	6		4Q2	1606643	f3i	6	1593080				books/DSS-Genesis.txt	832027	2571	1938521-1938528	8	0	5f8c02ca891c89acd2430cb79cfbc157f3abb29c3870a73e25b2e0b02d55ed98	linguistics/books/DSS-Genesis-Linguistics.txt	1229658	3563	5219d6a0aa472040a66b5e87ae87ad72881851ccda23f5a55458436c3025e1d5	PARTLY_RECONSTRUCTED	24	20	13	0	7	14	0	0	1	0	0	0	0
L1593080-R002	biblical_book	Gen	4	7		4Q2	1606643	f3i	6	1593080				books/DSS-Genesis.txt	834598	2790	1938529-1938535	7	1	bf845785c1664aaf3238b21e42939eca568fc42fd42302408d3534e361840f12	linguistics/books/DSS-Genesis-Linguistics.txt	1233221	3112	091c4c1514582e31ec62af4e2881432802629a0254552e4a54aba18538227934	PARTLY_RECONSTRUCTED	17	17	3	7	7	3	7	0	0	0	0	0	0
L1593081-R001	biblical_book	Gen	4	7		4Q2	1606643	f3i	7	1593081				books/DSS-Genesis.txt	837388	3934	1938536-1938547	12	1	1ca24c4dbef267630850526ce6fe761f2d45cad119d142f7e0f4841ca045bad4	linguistics/books/DSS-Genesis-Linguistics.txt	1236333	5317	ac5f453bdf89448c72095004f39d8ad7c8e4aaa1e9cc4b96a8bd95641576bbca	PARTLY_RECONSTRUCTED	39	37	22	7	8	22	7	0	0	0	0	0	0
L1593082-R001	biblical_book	Gen	4	7		4Q2	1606643	f3i	8	1593082				books/DSS-Genesis.txt	841322	1531	1938548-1938549	2	0	6f3acf29cd8eda082f5ecac10cc621a41c267245e52635bec66284e31ea79e12	linguistics/books/DSS-Genesis-Linguistics.txt	1241650	1108	7b6407f374430d904ecc7079050237ea1f2b5fdb8227a95c34b977d42d19b0b7	ALL_LETTER_SLOTS_RECONSTRUCTED	5	2	2	0	0	5	0	0	1	0	0	0	0
L1593082-R002	biblical_book	Gen	4	8		4Q2	1606643	f3i	8	1593082				books/DSS-Genesis.txt	842853	4041	1938550-1938563	14	1	19e7e4ca12a791b170cc00b42907d5f6c5a954fbb543fcfa1cb408665470a995	linguistics/books/DSS-Genesis-Linguistics.txt	1242758	5941	003ceadcef797d5025e189c2078a36f833797aead7accfe00e6bbfba8f695802	PARTLY_RECONSTRUCTED	37	35	15	5	15	15	5	0	0	0	0	0	0
L1593083-R001	biblical_book	Gen	4	8		4Q2	1606643	f3i	9	1593083				books/DSS-Genesis.txt	846894	2407	1938564-1938570	7	0	e99e0aa770ec44cb6a3dffda9613792b64225c9edcbbbbfb7a77d1c2f19ee3bf	linguistics/books/DSS-Genesis-Linguistics.txt	1248699	3147	367419a3532185c81e7739f72c56f22e9ce251c7c5573092cacb80f2a832ff7f	PARTLY_RECONSTRUCTED	23	19	17	0	2	18	0	0	1	0	0	0	0
L1593083-R002	biblical_book	Gen	4	9		4Q2	1606643	f3i	9	1593083				books/DSS-Genesis.txt	849301	2612	1938571-1938577	7	1	e4a2d54b7ee932b2ac642fdedd2836ca56fbd195f6d21775a5051aa3a8f11ef5	linguistics/books/DSS-Genesis-Linguistics.txt	1251846	3170	f87f621032a4162e24293ec800114f678636486d5eb2a076205b25eb9c8a9371	NO_LETTER_RECONSTRUCTION_MARKED	19	19	0	3	16	0	3	0	0	0	0	0	0
L1593084-R001	biblical_book	Gen	4	9		4Q2	1606643	f3i	10	1593084				books/DSS-Genesis.txt	851913	2964	1938578-1938587	10	0	490a36abc620428dae0f28921d334fc51ea15747ab9cddf3960796c4b5f59e80	linguistics/books/DSS-Genesis-Linguistics.txt	1255016	4354	a6e3070996457bb3de2bdf3bb84daf763b6cd5c156bfdb1d009359d0734a77f6	PARTLY_RECONSTRUCTED	31	27	19	5	3	22	5	0	1	0	0	0	0
L1593084-R002	biblical_book	Gen	4	10		4Q2	1606643	f3i	10	1593084				books/DSS-Genesis.txt	854877	2033	1938588-1938590	3	1	4ae3ebd56257b8e26233455084dbe24d1226f39c47e420dec3cb9404cbbab72f	linguistics/books/DSS-Genesis-Linguistics.txt	1259370	1566	c4defd7996a27c7db2ea4d8de172af27aed2f575ce8324610ed27d6e4e3f4032	PARTLY_RECONSTRUCTED	7	7	3	4	0	3	4	0	0	0	0	0	0
L1593085-R001	biblical_book	Gen	4	10		4Q2	1606643	f3i	11	1593085				books/DSS-Genesis.txt	856910	3569	1938591-1938601	11	1	b9b893a9b7e8d5638b6dd7ff8304baed6670db8f4c16549a4edd5646c3059374	linguistics/books/DSS-Genesis-Linguistics.txt	1260936	4747	5077a9cb0e4a39e8ecf6a083065db130670474bbc1b0286991e92b377d783239	PARTLY_RECONSTRUCTED	35	29	18	3	8	23	3	1	2	0	0	0	0
L1593086-R001	biblical_book	Gen	4	11		4Q2	1606643	f3i	12	1593086				books/DSS-Genesis.txt	860479	3653	1938602-1938615	14	1	2909a45d779cf8759cc41039431a8da493cd11cd69d64dfc44f6b7705d03058d	linguistics/books/DSS-Genesis-Linguistics.txt	1265683	5944	9bbdaa47ba5b297dbca80562f706cad92c7d4d1de6bce61465da19b5645ef8a5	PARTLY_RECONSTRUCTED	37	34	30	4	0	31	4	0	1	0	0	0	0
L1593087-R001	biblical_book	Gen	5	13		4Q2	1606643	f3ii	1	1593087				books/DSS-Genesis.txt	864132	3561	1938616-1938627	12	1	c285a04bd3dc9591709d53a2e08b0d7800e26092f33c12c566acc220e5e7b929	linguistics/books/DSS-Genesis-Linguistics.txt	1271627	5506	87eea8cfa64a60892869a6d3ec346acdab4d41164f6f672dccb121e1c0dfdeb3	PARTLY_RECONSTRUCTED	46	43	39	1	3	42	1	1	1	0	0	0	0
L1593088-R001	biblical_book	Gen	5	13		4Q2	1606643	f3ii	2	1593088				books/DSS-Genesis.txt	867693	2097	1938628-1938631	4	1	0767f23fbd4ee4050a896d4572023e9dc17b45d3792d095bbd55d895bd43773c	linguistics/books/DSS-Genesis-Linguistics.txt	1277133	1824	cc4afc4814f8e0435b8b2f14b8efbd2066cf39810e2a06ceb5e8f5f74b751361	NO_LETTER_SLOTS	8	0	0	0	0	5	1	2	4	0	0	0	0
L1593092-R001	biblical_book	Gen	40	11		4Q3	1606644	f1i	1	1593092				books/DSS-Genesis.txt	869839	1752	1938642-1938643	2	1	c81c654b56a7f343cf79077311d99c3c6406f0aee07e2beda55993144eac2afa	linguistics/books/DSS-Genesis-Linguistics.txt	1279006	1119	46a09aab5f87aa9099c469df76f84ee067e9b6e7f3758de8190324a9cd82ac4d	NO_LETTER_SLOTS	4	0	0	0	0	3	1	1	2	0	0	0	0
L1593093-R001	biblical_book	Gen	40	11		4Q3	1606644	f1i	2	1593093				books/DSS-Genesis.txt	871591	1429	1938644-1938645	2	0	b418dcf9b2bacb29946dede8cbe2719033e9ecf1fb91404556da062af95c12e7	linguistics/books/DSS-Genesis-Linguistics.txt	1280125	1081	1afdb65bf924b19e0be1c57a4fd4975ee75cb09a3b509fd9491c17e028074043	NO_LETTER_SLOTS	4	0	0	0	0	4	0	1	2	0	0	0	0
L1593093-R002	biblical_book	Gen	40	12		4Q3	1606644	f1i	2	1593093				books/DSS-Genesis.txt	873020	2264	1938646-1938650	5	1	e7946151da7baf5527d526d93279e596390a6362ac9a1d6bc46ec6e4fb2857d7	linguistics/books/DSS-Genesis-Linguistics.txt	1281206	2357	41bc3562186a004cb16e1bf9f18a4b46317d6a9a73f0b61a3a5a79fd9c1c3347	PARTLY_RECONSTRUCTED	14	13	11	0	2	12	0	0	0	0	0	0	0
L1593094-R001	biblical_book	Gen	40	12		4Q3	1606644	f1i	3	1593094				books/DSS-Genesis.txt	875284	2505	1938651-1938658	8	0	71fee02cb476096404dda3bd0c43e9f76e3bb30b3d5b199a3f9518dbba7cef16	linguistics/books/DSS-Genesis-Linguistics.txt	1283563	3688	1fe4e9e12cc35e899f29041f2946f7b768bd2b02a5ae3d336574d9c11df5c08d	ALL_LETTER_SLOTS_RECONSTRUCTED	28	25	25	0	0	28	0	0	1	0	0	0	0
L1593094-R002	biblical_book	Gen	40	13		4Q3	1606644	f1i	3	1593094				books/DSS-Genesis.txt	877789	2545	1938659-1938665	7	1	b1d3ea21938f2b1f2c929450fd8f1ba63e967bbd1e561a5dcc69a7c326a9ef11	linguistics/books/DSS-Genesis-Linguistics.txt	1287251	3216	1774b32f024ec90ebf35642161f078ac02d6c95eb899e0b83ea050f5d40ae050	PARTLY_RECONSTRUCTED	21	19	14	1	4	14	1	0	1	0	0	0	0
L1593095-R001	biblical_book	Gen	40	18		4Q3	1606644	f1ii	1	1593095				books/DSS-Genesis.txt	880334	3319	1938666-1938676	11	1	21bcda4b2c70ac1da7a9ac3e1e197186ad3d37197ed8237a7333350e99b48fe0	linguistics/books/DSS-Genesis-Linguistics.txt	1290467	4879	b4941871816d669cad6fc78f77a92de2365a9f2b675c7dde2e120a2e78633aef	PARTLY_RECONSTRUCTED	34	33	31	1	1	32	1	0	0	0	0	0	0
L1593096-R001	biblical_book	Gen	40	18		4Q3	1606644	f1ii	2	1593096				books/DSS-Genesis.txt	883653	1578	1938677-1938679	3	0	6e7fe36430613e723727465d33f3f216834c0fa93b6288f52ffad1ce6edcf625	linguistics/books/DSS-Genesis-Linguistics.txt	1295346	1530	1a48078cde37c7dcb315c4970f91fd5e85d927bc8cbc4df9ee57e225d49d3c34	ALL_LETTER_SLOTS_RECONSTRUCTED	8	6	6	0	0	8	0	0	1	0	0	0	0
L1593096-R002	biblical_book	Gen	40	19		4Q3	1606644	f1ii	2	1593096				books/DSS-Genesis.txt	885231	3954	1938680-1938693	14	1	eddab34b129bf7719337518a1f7fa77724ff9fa6cfe12b2cfc628525cb6e3246	linguistics/books/DSS-Genesis-Linguistics.txt	1296876	6047	b1d3eae58a0a5fc92751494de763d80e0488a6250567037ce209c89e7a9d4ae0	PARTLY_RECONSTRUCTED	43	40	38	1	1	41	1	0	0	0	0	0	0
L1593097-R001	biblical_book	Gen	40	19		4Q3	1606644	f1ii	3	1593097				books/DSS-Genesis.txt	889185	2825	1938694-1938703	10	0	6578f2ceb5479334c4689ca60518c32cf00177ecbf80f20645f2bd7f1d80782c	linguistics/books/DSS-Genesis-Linguistics.txt	1302923	4260	70fb525e042f8cc74e825bde6c55fc2ed77f1bcfa4fa36e73d171c3cbab7edbe	ALL_LETTER_SLOTS_RECONSTRUCTED	25	21	21	0	0	25	0	0	1	0	0	0	0
L1593097-R002	biblical_book	Gen	40	20		4Q3	1606644	f1ii	3	1593097				books/DSS-Genesis.txt	892010	2952	1938704-1938713	10	1	3bde1ced47f4c8342f591e1d11a75e0f376bff638915719781f39684a1b0dcbe	linguistics/books/DSS-Genesis-Linguistics.txt	1307183	4441	c73f64910a20e52faed6bfb1d456309479ee639d9e1f27f2c60f71df92b0b940	PARTLY_RECONSTRUCTED	27	27	23	1	3	23	1	0	0	0	0	0	0
L1593098-R001	biblical_book	Gen	40	20		4Q3	1606644	f1ii	4	1593098				books/DSS-Genesis.txt	894962	3906	1938714-1938729	16	1	0469a5e03331cfbc33cc85f3ad568221998c2e5fdb835e683bcf06d3bc63cd97	linguistics/books/DSS-Genesis-Linguistics.txt	1311624	6763	1e1f4f2884a54cf56f4677213d56213e2bb91c44ee43a8b683ed9c18b1412913	PARTLY_RECONSTRUCTED	40	39	38	0	1	39	0	0	0	0	0	0	0
L1593099-R001	biblical_book	Gen	40	20		4Q3	1606644	f1ii	5	1593099				books/DSS-Genesis.txt	898868	2285	1938730-1938736	7	0	bda5c38bd18240c8fb83e9999e769d4aaf7952f3687e4fd27918bf3d2f09c166	linguistics/books/DSS-Genesis-Linguistics.txt	1318387	3134	41c1a724febe9f2f0daca67f97ef332869716a251ec76e6361bd4bfa676013cd	ALL_LETTER_SLOTS_RECONSTRUCTED	19	16	16	0	0	19	0	0	1	0	0	0	0
L1593099-R002	biblical_book	Gen	40	21		4Q3	1606644	f1ii	5	1593099				books/DSS-Genesis.txt	901153	3436	1938737-1938749	13	1	8841b562e58fac2124a50325b38eabde8492df5f082e4ba406a0449ad13bfe1c	linguistics/books/DSS-Genesis-Linguistics.txt	1321521	5535	fea4317ccad65db16b72e0691236b84681ebbc852a50935fddd4a2ca679b2156	ALL_LETTER_SLOTS_RECONSTRUCTED	32	31	31	0	0	32	0	0	0	0	0	0	0
L1593100-R001	biblical_book	Gen	40	21		4Q3	1606644	f1ii	6	1593100				books/DSS-Genesis.txt	904589	1578	1938750-1938752	3	0	46efaa6b7a6a6b2def1ab96ef7f5dd90671bbf4ac24c5ef157746b1bb51fe531	linguistics/books/DSS-Genesis-Linguistics.txt	1327056	1576	3dd0626f8f1df6baa5e474eff4cdb51ef65d3798956879967686ed78bf4ee0ce	ALL_LETTER_SLOTS_RECONSTRUCTED	8	6	6	0	0	8	0	0	1	0	0	0	0
L1593100-R002	biblical_book	Gen	40	22		4Q3	1606644	f1ii	6	1593100				books/DSS-Genesis.txt	906167	2997	1938753-1938764	12	0	99c0930ff9b7889b4c597be223c9647f270271d52547f21919c20d4f8bc13d6e	linguistics/books/DSS-Genesis-Linguistics.txt	1328632	5041	62860a0b45af4582cb141967a2f8aca86d4d8da8c67b931e2a7315be5a0f31ea	ALL_LETTER_SLOTS_RECONSTRUCTED	30	27	27	0	0	30	0	0	1	0	0	0	0
L1593100-R003	biblical_book	Gen	40	23		4Q3	1606644	f1ii	6	1593100				books/DSS-Genesis.txt	909164	2260	1938765-1938770	6	1	603f3539ae19b695bb4866f285fa2f03a362f6fd435e99fcfdfe94bf51aee33b	linguistics/books/DSS-Genesis-Linguistics.txt	1333673	2738	c005df8dd3de293f5c3093797af44cebca098d88ef70b74577db3c752da46ccc	PARTLY_RECONSTRUCTED	14	14	8	0	6	8	0	0	0	0	0	0	0
L1593101-R001	biblical_book	Gen	40	23		4Q3	1606644	f1ii	7	1593101				books/DSS-Genesis.txt	911424	2025	1938771-1938775	5	0	1961e8b943789a2bafe0d9ccd1761fbd4175d89b4101dd17b7a4435d56555309	linguistics/books/DSS-Genesis-Linguistics.txt	1336411	2351	787c00b3bd76c436bd2db99da81711f720415451481aa562d2a0576c9cff30b9	ALL_LETTER_SLOTS_RECONSTRUCTED	16	13	13	0	0	16	0	0	1	0	0	0	0
L1593101-R002	biblical_book	Gen	41	1		4Q3	1606644	f1ii	7	1593101				books/DSS-Genesis.txt	913449	3497	1938776-1938788	13	1	b4a4dff58f423f238f00d363de46520a34a50d5149c5377c672328deed6fe884	linguistics/books/DSS-Genesis-Linguistics.txt	1338762	5586	aee977f73d23ee1bbbd09c53d3e555d1342d7fd3b5e093ab9a5f9db669c92b01	PARTLY_RECONSTRUCTED	33	33	23	5	5	23	5	0	0	0	0	0	0
L1593102-R001	biblical_book	Gen	41	1		4Q3	1606644	f1ii	8	1593102				books/DSS-Genesis.txt	916946	1547	1938789-1938791	3	0	0485295cc19ca3bc831c5ffc9bcec1a089a8505af4da8cf453b7e1e69d26534a	linguistics/books/DSS-Genesis-Linguistics.txt	1344348	1508	db778cf4b09a4b90bb10ccd3d6bcb2ab6344b49e3ca7b83cafa3471698cdb835	ALL_LETTER_SLOTS_RECONSTRUCTED	6	4	4	0	0	6	0	0	1	0	0	0	0
L1593102-R002	biblical_book	Gen	41	2		4Q3	1606644	f1ii	8	1593102				books/DSS-Genesis.txt	918493	3974	1938792-1938806	15	1	8c9e68bb471b376179f3a7ebf7ea629ce8b40b6a3c1d0a85292e4e282be5c339	linguistics/books/DSS-Genesis-Linguistics.txt	1345856	6549	3a07e9f4f0eddf73ddbd7d32e06345a51c3a5cc3ffb23c152e2ebc4079c56fc5	PARTLY_RECONSTRUCTED	45	45	28	5	12	28	5	0	0	0	0	0	0
L1593103-R001	biblical_book	Gen	41	2		4Q3	1606644	f1ii	9	1593103				books/DSS-Genesis.txt	922467	1547	1938807-1938809	3	0	e0269a06b1a5d90f79b4db7e8dca6ad17feacf905bfbc0633ff504a182b2fa68	linguistics/books/DSS-Genesis-Linguistics.txt	1352405	1516	5c666487f267d13cec46196bbdbe5ebb7451c2839e82a52fe5a159b5bfc4c523	ALL_LETTER_SLOTS_RECONSTRUCTED	6	4	4	0	0	6	0	0	1	0	0	0	0
L1593103-R002	biblical_book	Gen	41	3		4Q3	1606644	f1ii	9	1593103				books/DSS-Genesis.txt	924014	3382	1938810-1938821	12	1	b923bf9646e45fae598fe5723323a14ebd651f8e414ec1e7cffa0154dc7e8741	linguistics/books/DSS-Genesis-Linguistics.txt	1353921	5341	30b5393c4a1d9ae82ba2b8743adfa89259b756a3d6eeefe44f334bfe21f53961	PARTLY_RECONSTRUCTED	41	40	28	0	12	29	0	0	0	0	0	0	0
L1593104-R001	biblical_book	Gen	41	3		4Q3	1606644	f1ii	10	1593104				books/DSS-Genesis.txt	927396	3135	1938822-1938834	13	0	a7f43fec63e2ff12139b832938a34069b9e19d23252b6a5e95ca13915a561ae4	linguistics/books/DSS-Genesis-Linguistics.txt	1359262	5545	2f103a6b5f2bc41b07d70aac8fde1b4053053a396dc1759657814256c73fe36d	PARTLY_RECONSTRUCTED	34	32	29	1	2	29	1	0	1	0	0	0	0
L1593104-R002	biblical_book	Gen	41	4		4Q3	1606644	f1ii	10	1593104				books/DSS-Genesis.txt	930531	2717	1938835-1938839	5	2	1bddea50b56166e765d46484cf2e0da2ee1f583b9c78f8f951ea387295b9267b	linguistics/books/DSS-Genesis-Linguistics.txt	1364807	2396	4da1c851c63d2937e32fe6ef54585953b5dfee773b2efbf08f277e003f807192	NO_LETTER_RECONSTRUCTION_MARKED	16	16	0	3	13	0	3	0	0	0	0	0	0
L1593105-R001	biblical_book	Gen	41	4		4Q3	1606644	f1ii	11	1593105				books/DSS-Genesis.txt	933248	4682	1938840-1938857	18	2	a228d9dc58c6c17e09b0074ba85ffe37d52988f44aa8252dbd50077807b0a406	linguistics/books/DSS-Genesis-Linguistics.txt	1367203	7590	f9e2ff792dba4ce46786a0306edb07e9e268dca62a29312c008029d6b2414db7	PARTLY_RECONSTRUCTED	45	45	22	6	17	22	6	0	0	0	0	0	0
L1593106-R001	biblical_book	Gen	41	4		4Q3	1606644	f1ii	12	1593106				books/DSS-Genesis.txt	937930	1435	1938858-1938859	2	0	2d4eb596b34bb7a0a58a60fe147e1054e61b535be03c8a7af3c5649319d9e630	linguistics/books/DSS-Genesis-Linguistics.txt	1374793	1182	47cba245fd23f05d1a5e35d41c68d6774f83b27684fb5cb378292dd297c4fba8	ALL_LETTER_SLOTS_RECONSTRUCTED	6	4	4	0	0	6	0	0	1	0	0	0	0
L1593106-R002	biblical_book	Gen	41	5		4Q3	1606644	f1ii	12	1593106				books/DSS-Genesis.txt	939365	3881	1938860-1938873	14	2	337c76e8042d465f39465efeb72678467ba2c5c4d03bac3380a89c32a3d98904	linguistics/books/DSS-Genesis-Linguistics.txt	1375975	6131	0521c6fbd4097c3731bdb36521a4a14f386e0a1b90ad832c3d07ccfdaa9624b8	PARTLY_RECONSTRUCTED	43	43	21	1	21	21	1	0	0	0	0	0	0
L1593107-R001	biblical_book	Gen	41	5		4Q3	1606644	f1ii	13	1593107				books/DSS-Genesis.txt	943246	1559	1938874-1938876	3	0	b30d7a4a8804a2fd6765dfdfeffdccb697d297580741c6bc1da962fe34bf7bdb	linguistics/books/DSS-Genesis-Linguistics.txt	1382106	1512	0f499f62080f0c4a87aedeea4722bf35ab924cc1790a3ff8b4172e9a3de10961	ALL_LETTER_SLOTS_RECONSTRUCTED	7	5	5	0	0	7	0	0	1	0	0	0	0
L1593107-R002	biblical_book	Gen	41	6		4Q3	1606644	f1ii	13	1593107				books/DSS-Genesis.txt	944805	3339	1938877-1938887	11	0	3ec1d369ae4d1003fce1093bc5923cc8062dff85272a6e895448dd854ce721d0	linguistics/books/DSS-Genesis-Linguistics.txt	1383618	4936	0c3e32250284a7a785b6b3da2672b1d3cb569aa14bbad405d55f3318aff0a6b6	PARTLY_RECONSTRUCTED	40	37	12	4	21	12	4	0	1	0	0	0	0
L1593107-R003	biblical_book	Gen	41	7		4Q3	1606644	f1ii	13	1593107				books/DSS-Genesis.txt	948144	1702	1938888-1938889	2	1	5a5f3eabe6cb845e8e87f5307cae714e14b8c281917f29699f7d9cae6ae115c8	linguistics/books/DSS-Genesis-Linguistics.txt	1388554	1165	54f59c651fb25da21b428401a24945a8c36bca4d217eaddaf2c484aae31f4155	NO_LETTER_RECONSTRUCTION_MARKED	6	6	0	0	6	0	0	0	0	0	0	0	0
L1593108-R001	biblical_book	Gen	41	7		4Q3	1606644	f1ii	14	1593108				books/DSS-Genesis.txt	949846	4214	1938890-1938907	18	1	1a27e442e64a46b86cc831860a7fc2ff91170c3cd57830659b6bb54241b9de5a	linguistics/books/DSS-Genesis-Linguistics.txt	1389719	7547	42439de29e6cf6ee9c9ac46a4cf8010ec96649d50538cc3267c439ffe74bf586	PARTLY_RECONSTRUCTED	47	47	10	4	33	10	4	0	0	0	0	0	0
L1593109-R001	biblical_book	Gen	41	7		4Q3	1606644	f1ii	15	1593109				books/DSS-Genesis.txt	954060	1995	1938908-1938912	5	0	a9b2fb0171065f78f2a01c3781c429bd2c3e0b0f7e982acf201c793d7e38efa6	linguistics/books/DSS-Genesis-Linguistics.txt	1397266	2430	25dd88028cb7529ef7ff218af9c66d5d83c10db5374be58d79e9337353d9bea0	PARTLY_RECONSTRUCTED	14	12	4	3	5	4	3	0	1	0	0	0	0
L1593109-R002	biblical_book	Gen	41	8		4Q3	1606644	f1ii	15	1593109				books/DSS-Genesis.txt	956055	3819	1938913-1938927	15	1	1adbc6b0c7579783bc89e60faca642d2eda74a158d7d567405df7e9d8b2fdda4	linguistics/books/DSS-Genesis-Linguistics.txt	1399696	6433	9469939578513e7d436f300eb6e3aead1976a9492d90a3393c5268f7d852417e	NO_LETTER_RECONSTRUCTION_MARKED	42	41	0	2	39	0	2	0	0	0	0	0	0
L1593110-R001	biblical_book	Gen	41	8		4Q3	1606644	f1ii	16	1593110				books/DSS-Genesis.txt	959874	4097	1938928-1938944	17	0	af13accfde4b1fc349348373ea700664387e611394951109e986db4d12e96dce	linguistics/books/DSS-Genesis-Linguistics.txt	1406129	7169	dc247d05bcbd43cdeb8e2d665f3eb7f1d16762749a3558ff11c4addcfa9775af	NO_LETTER_RECONSTRUCTION_MARKED	49	43	0	3	40	0	3	0	1	0	0	0	0
L1593110-R002	biblical_book	Gen	41	9		4Q3	1606644	f1ii	16	1593110				books/DSS-Genesis.txt	963971	1891	1938945-1938947	3	1	1100d8cbe5866881e874f2e2a8b582919ab36259606406c53a18ec7c272fb38a	linguistics/books/DSS-Genesis-Linguistics.txt	1413298	1548	3d81986103e8bc5393ed9cbdc5435e38503030930b97d78adbe2358b1f1572ca	NO_LETTER_RECONSTRUCTION_MARKED	7	7	0	1	6	0	1	0	0	0	0	0	0
L1593111-R001	biblical_book	Gen	41	9		4Q3	1606644	f1ii	17	1593111				books/DSS-Genesis.txt	965862	3160	1938948-1938960	13	0	e94e3ae56ac0d67816df71bd7e1bbbfff035752a18aeba7b3c1a8d9830bbdb57	linguistics/books/DSS-Genesis-Linguistics.txt	1414846	5582	9b08638d66be3422bd0ca1d4095e1453e5c803257e87f981a6fa3a48e94bf9ce	NO_LETTER_RECONSTRUCTION_MARKED	37	34	0	0	18	0	0	0	1	0	19	0	0
L1593111-R002	biblical_book	Gen	41	10		4Q3	1606644	f1ii	17	1593111				books/DSS-Genesis.txt	969022	3530	1938961-1938973	13	1	4d9a972924d05b520f85d413845a8f459f6a28e1ea01ed414547c9090b0ec560	linguistics/books/DSS-Genesis-Linguistics.txt	1420428	5680	3ec7048e2681fb626729fba11c4ae24a6b667bd6109ddeadbb24e4288554ae39	NO_LETTER_RECONSTRUCTION_MARKED	39	37	0	0	30	0	0	0	0	0	7	0	0
L1593112-R001	biblical_book	Gen	41	10		4Q3	1606644	f1ii	18	1593112				books/DSS-Genesis.txt	972552	2282	1938974-1938980	7	0	09a769bcffca174936129022e0a5628773cc669b15ee1d60caf29625345c9b31	linguistics/books/DSS-Genesis-Linguistics.txt	1426108	3056	f2831a989dab2d875c7f909a66a0b37bf2e766441d2d790f11ffe483f6d343ed	PARTLY_RECONSTRUCTED	16	13	1	1	11	1	1	0	1	0	0	0	0
L1593112-R002	biblical_book	Gen	41	11		4Q3	1606644	f1ii	18	1593112				books/DSS-Genesis.txt	974834	2748	1938981-1938987	7	2	a249fa5fd68efe6c106c8f2062239592c623e1d40efba967849af0445d87d516	linguistics/books/DSS-Genesis-Linguistics.txt	1429164	3176	789fa64b0c3e688dd6298c510fefff1bf52ee84d720cf99f76f27a590321cec0	NO_LETTER_RECONSTRUCTION_MARKED	19	17	0	0	17	0	0	0	1	0	0	0	0
L1593113-R001	biblical_book	Gen	1	18		4Q4	1606645	f1	1	1593113				books/DSS-Genesis.txt	977631	4081	1938988-1939006	19	0	7471254d47c2e82fbd881aa41343adfd78338b9cabbeb4cc1da045fcd4b1d192	linguistics/books/DSS-Genesis-Linguistics.txt	1432389	7924	4e991727a544dcaae95a214ce6d538e61ef4f98debddda9b7e96896089662df5	PARTLY_RECONSTRUCTED	45	43	18	5	20	18	5	0	1	0	0	0	0
L1593113-R002	biblical_book	Gen	1	19		4Q4	1606645	f1	1	1593113				books/DSS-Genesis.txt	981712	2254	1939007-1939011	5	1	88043a67ae6193c97e5a22148665f04c9a84bfda423fbe644571de61cfc5ff3a	linguistics/books/DSS-Genesis-Linguistics.txt	1440313	2350	265a6a50685200baee00d67052c4c02d6815bff7a0358e8cf895c02d85c1be23	PARTLY_RECONSTRUCTED	11	11	2	1	8	2	1	0	0	0	0	0	0
L1593114-R001	biblical_book	Gen	1	19		4Q4	1606645	f1	2	1593114				books/DSS-Genesis.txt	983966	1749	1939012-1939015	4	0	b20fb04109f68c54612c3c59466185f5908d4406ca339c643de244bb4f98870d	linguistics/books/DSS-Genesis-Linguistics.txt	1442663	2020	f08aacac280347d433701009cd0558a896c57ce4991af5363ff6061cc24d535d	ALL_LETTER_SLOTS_RECONSTRUCTED	13	11	11	0	0	13	0	0	1	0	0	0	0
L1593114-R002	biblical_book	Gen	1	20		4Q4	1606645	f1	2	1593114				books/DSS-Genesis.txt	985715	3177	1939016-1939022	7	2	145ea2678dbbac8fa87286be610c609086d1a82f888b82392ede76f92e66a26f	linguistics/books/DSS-Genesis-Linguistics.txt	1444683	3256	9f5a307e79c523b427983729758b783b12e473c1ac2ba43f43ca33e3a5c49eca	PARTLY_RECONSTRUCTED	22	22	2	5	15	2	5	0	0	0	0	0	0
L1593115-R001	biblical_book	Gen	1	20		4Q4	1606645	f1	3	1593115				books/DSS-Genesis.txt	988892	3262	1939023-1939036	14	0	0f1d0a272b83cc75e4833eb2899cc55400a9f048539541af00730d316b05d05d	linguistics/books/DSS-Genesis-Linguistics.txt	1447939	5980	d02fdd320ab95e177b2da901549e9991e35cbc241d203c51b283946a1e16a9c7	PARTLY_RECONSTRUCTED	37	35	16	2	17	18	2	0	1	0	0	0	0
L1593115-R002	biblical_book	Gen	1	21		4Q4	1606645	f1	3	1593115				books/DSS-Genesis.txt	992154	2473	1939037-1939042	6	1	ef1e9c0483beda23253d547f63c355ca62a69e4ffe5aebdca141aae8d4eb12ca	linguistics/books/DSS-Genesis-Linguistics.txt	1453919	2865	8c267081c088f45008be3aa307ce2286a04782afc5c2b36f777f84172722072e	PARTLY_RECONSTRUCTED	19	19	4	2	13	4	2	0	0	0	0	0	0
L1593116-R001	biblical_book	Gen	1	21		4Q4	1606645	f1	4	1593116				books/DSS-Genesis.txt	994627	4627	1939043-1939061	19	1	aaeba32c6cca2b0d06de6ff2ce43808178f16c4880a59c690574ec79a7d3c0af	linguistics/books/DSS-Genesis-Linguistics.txt	1456784	7871	6f46f5356a83f5b5d3807e4545c0bc09da35b2358a3c78bd65f0c5f6ac02c4f7	PARTLY_RECONSTRUCTED	47	46	18	4	24	18	4	0	0	0	0	0	0
L1593117-R001	biblical_book	Gen	1	21		4Q4	1606645	f1	5	1593117				books/DSS-Genesis.txt	999254	2951	1939062-1939071	10	0	fc0708571cf6457c1e8a4359e0f44b3a6de25bb46c9d8a8a2163eb92ad38b3c6	linguistics/books/DSS-Genesis-Linguistics.txt	1464655	4404	db669553e52b7af406fbf05c917ef429b0fd3f88903947fcdbfa1186814f3120	PARTLY_RECONSTRUCTED	29	26	23	3	0	26	3	0	1	0	0	0	0
L1593117-R002	biblical_book	Gen	1	22		4Q4	1606645	f1	5	1593117				books/DSS-Genesis.txt	1002205	3217	1939072-1939080	9	1	343190f64b149ca925d2855669f68e9eda35cd5abd881cd863370d357a02ef5e	linguistics/books/DSS-Genesis-Linguistics.txt	1469059	4033	a413646400818bdbb4547e5538ee34cc502ceebdea6c4fa3294489511eda2c07	PARTLY_RECONSTRUCTED	26	25	3	5	16	3	5	0	0	0	1	0	0
L1593118-R001	biblical_book	Gen	1	22		4Q4	1606645	f1	6	1593118				books/DSS-Genesis.txt	1005422	3068	1939081-1939094	14	0	51be1d3a39a5f76a3af19f02441d12b636fd19d5249cda225465583df61cc9a5	linguistics/books/DSS-Genesis-Linguistics.txt	1473092	5773	9dfb540672494a7bc953f6a749d1b8ef453806cfd6ffe56297fc77b9219be812	PARTLY_RECONSTRUCTED	30	28	25	0	3	25	0	0	1	0	0	0	0
L1593118-R002	biblical_book	Gen	1	23		4Q4	1606645	f1	6	1593118				books/DSS-Genesis.txt	1008490	2925	1939095-1939103	9	1	83acd2ad38f36ee7fb7160da154061c982137ce022042623678335aac54f1dff	linguistics/books/DSS-Genesis-Linguistics.txt	1478865	4014	7718256aa27ebfaaefec0d4e9ccc698960989e074c407c1556ac0566f9bce50b	PARTLY_RECONSTRUCTED	24	22	2	3	17	2	3	0	1	0	0	0	0
L1593119-R001	biblical_book	Gen	1	24		4Q4	1606645	f1	7	1593119				books/DSS-Genesis.txt	1011415	3849	1939104-1939116	13	1	1b397440f42ff1344ce4c6921b19fa52da0b6b6654f835a96fbdfb57c7f77692	linguistics/books/DSS-Genesis-Linguistics.txt	1482879	5718	ba18912e824b018ba3cacaf00bdb4df2aff31593938fa3d2000173c4e007080d	PARTLY_RECONSTRUCTED	38	37	17	7	13	17	7	0	0	0	0	0	0
L1593120-R001	biblical_book	Gen	1	24		4Q4	1606645	f1	8	1593120				books/DSS-Genesis.txt	1015264	2546	1939117-1939125	9	0	3b0df00cc3ab3f782ac1b7ba65cef74654091e00010a67c636fe050575f8c598	linguistics/books/DSS-Genesis-Linguistics.txt	1488597	3890	fd36a4cae56c1c452b87ca057a6ce05121c9994e77b9518bbc76f1a661833364	ALL_LETTER_SLOTS_RECONSTRUCTED	22	19	19	0	0	22	0	0	1	0	0	0	0
L1593120-R002	biblical_book	Gen	1	25		4Q4	1606645	f1	8	1593120				books/DSS-Genesis.txt	1017810	3748	1939126-1939138	13	1	10342114b1baa2314c466bc623e1f0a98a3bed5e8a3c951af1b5da3f2d42b51c	linguistics/books/DSS-Genesis-Linguistics.txt	1492487	5617	3577684e95d016402b20ac6c6811d2ff9d84e04f747d398491f432392522942a	PARTLY_RECONSTRUCTED	32	31	12	8	11	12	8	0	0	0	0	0	0
L1593121-R001	biblical_book	Gen	1	25		4Q4	1606645	f1	9	1593121				books/DSS-Genesis.txt	1021558	4456	1939139-1939154	16	2	1d945083259c1bc59c581adbf0124029d8b9105ae22d471729b46e85ec1099dc	linguistics/books/DSS-Genesis-Linguistics.txt	1498104	6724	e1f808a312c7924982211db4052630b8b0f1292f0467aa1c7a5673057bea6856	PARTLY_RECONSTRUCTED	42	38	32	3	3	34	3	0	1	0	0	0	0
L1593122-R001	biblical_book	Gen	1	26		4Q4	1606645	f1	10	1593122				books/DSS-Genesis.txt	1026014	4829	1939155-1939174	20	1	666c34a7404775a0286c648a4f032ebdf867eeafdec724d6feaccbe8ee002259	linguistics/books/DSS-Genesis-Linguistics.txt	1504828	8422	fb8ca5200f378c0ce33619d8c06129bc22283ef315258538ef69eddbe90a359b	PARTLY_RECONSTRUCTED	54	52	32	4	16	34	4	0	0	0	0	0	0
L1593123-R001	biblical_book	Gen	1	26		4Q4	1606645	f1	11	1593123				books/DSS-Genesis.txt	1030843	3850	1939175-1939193	19	0	385a2e6ec5cd33f2a1c8d86e36bdc090286c035b23b19d836cc87b02dda2cbd0	linguistics/books/DSS-Genesis-Linguistics.txt	1513250	7694	b02e746b0b1a9a2ac7811a8a7911c5cb3c4cdee6a413d872312f5cdf601fd71b	PARTLY_RECONSTRUCTED	34	32	28	2	2	28	2	0	1	0	0	0	0
L1593123-R002	biblical_book	Gen	1	27		4Q4	1606645	f1	11	1593123				books/DSS-Genesis.txt	1034693	2633	1939194-1939200	7	1	d4deed00c89a64c38cec3462951deb68926664254a31bd7ccc6dc8585e4f43cc	linguistics/books/DSS-Genesis-Linguistics.txt	1520944	3152	5fd3438fc2f1f56d889cca506e4c9dfd59d6ed516004c698e111a0e0fdf6d3bb	NO_LETTER_RECONSTRUCTION_MARKED	18	16	0	5	11	0	5	0	1	0	0	0	0
L1593124-R001	biblical_book	Gen	36	43		4Q5	1606646	f1	1	1593124				books/DSS-Genesis.txt	1037375	3767	1939201-1939212	12	1	81c0dcb5035e268a9d5e9ccf21edb2d06e50a5e522abc7950314a5f10ca9c509	linguistics/books/DSS-Genesis-Linguistics.txt	1524145	5652	97897353b8d499341b414f71265d911efa0c6c6063bf52ed747f0a4b7811c9c7	PARTLY_RECONSTRUCTED	47	45	37	2	6	39	2	0	0	0	0	0	0
L1593125-R001	biblical_book	Gen	36	43		4Q5	1606646	f1	2	1593125				books/DSS-Genesis.txt	1041142	2640	1939213-1939217	5	2	858e8504b7e82573c47084a41896b63d72e91f24d4754bb85dbbe3dad2736d76	linguistics/books/DSS-Genesis-Linguistics.txt	1529797	2388	3e1b7c8c8b8641fdbd0cdb7edd4552c35824780e6228a64585bc85f722642872	PARTLY_RECONSTRUCTED	15	13	3	1	9	5	1	0	1	0	0	0	0
L1593126-R001	biblical_book	Gen	36	43		4Q5	1606646	f1	3	1593126				books/DSS-Genesis.txt	1043782	2230	1939218-1939220	3	2	4cc877a9aa7b229e3d1869e39cb7b3989bb64d8881de0735e7bcd9ff1d746e2e	linguistics/books/DSS-Genesis-Linguistics.txt	1532185	1439	a5d72b3b0cd83cf06025028b9b30e16b24fd81be30ed1ac371e2d0cd37f8f7a9	NO_LETTER_SLOTS	6	0	0	0	0	4	0	2	3	0	0	0	0
L1593127-R001	biblical_book	Gen	37	1		4Q5	1606646	f1	4	1593127				books/DSS-Genesis.txt	1046012	3044	1939221-1939231	11	0	01ca2b9a5edd445c288d21fb3a2175ae33c6402bb5f1e60aeca78cc3833e7fae	linguistics/books/DSS-Genesis-Linguistics.txt	1533624	4847	d54037737b4841724de7a2167eb13001e6bd65d27a0b90c2fbcdde374e9af511	PARTLY_RECONSTRUCTED	32	29	13	2	14	15	2	0	1	0	0	0	0
L1593127-R002	biblical_book	Gen	37	2		4Q5	1606646	f1	4	1593127				books/DSS-Genesis.txt	1049056	2213	1939232-1939236	5	1	0c5ce380deb2d0368d35ae801472f4f1f843905166e7409c25ffa4e62fcc8db4	linguistics/books/DSS-Genesis-Linguistics.txt	1538471	2558	1e05919e30a59841d48efc4e58a4e7b7e95876771e0ab49bae4fd57b5f3c96f2	ALL_LETTER_SLOTS_RECONSTRUCTED	18	18	18	0	0	18	0	0	0	0	0	0	0
L1593128-R001	biblical_book	Gen	37	2		4Q5	1606646	f1	5	1593128				books/DSS-Genesis.txt	1051269	4389	1939237-1939253	17	1	cbd35abd1025e014c23417177a2bc4a240fdac1db636e9d167f82137d7fc7ecd	linguistics/books/DSS-Genesis-Linguistics.txt	1541029	7301	bef787c6380f6401c71cd2c78902cd776a20d83cf33c511eb4b810340a945d4d	PARTLY_RECONSTRUCTED	46	45	31	6	8	31	6	0	0	0	0	0	0
L1593129-R001	biblical_book	Gen	37	2		4Q5	1606646	f1	6	1593129				books/DSS-Genesis.txt	1055658	4137	1939254-1939266	13	1	3020c93e2c75c91be5018a92a735b41ddff238e01ed02f9419259fbba50e719e	linguistics/books/DSS-Genesis-Linguistics.txt	1548330	5695	95f0b3eb6c713ba3ff4ac1b95c7318df158940aff23395c44635c2aa7dfe88ad	PARTLY_RECONSTRUCTED	43	38	30	3	5	34	3	0	1	0	0	0	0
L1593130-R001	biblical_book	Gen	37	27		4Q5	1606646	f2_3	1	1593130				books/DSS-Genesis.txt	1059795	4958	1939267-1939284	18	0	cd3c871bb4796d8fcaa7cd485adaf99b4d62ea89d730eca90791f4a3ed921e2d	linguistics/books/DSS-Genesis-Linguistics.txt	1554025	7711	410d90b1919cbf1cafe6c97853503011f87f54dc82394e8dcc5da7d512bab11d	PARTLY_RECONSTRUCTED	64	56	43	6	7	49	6	0	1	0	0	0	0
L1593130-R002	biblical_book	Gen	37	28		4Q5	1606646	f2_3	1	1593130				books/DSS-Genesis.txt	1064753	1719	1939285-1939286	2	1	aa65faac49bc9adc45ec60cadd785548bb1cf99a447deec34f1d18126471d723	linguistics/books/DSS-Genesis-Linguistics.txt	1561736	1172	1325efb86a8d5a92f6e738ce2732f0a99765e6a27bf5e40c31f880b192666e76	ALL_LETTER_SLOTS_RECONSTRUCTED	6	6	6	0	0	6	0	0	0	0	0	0	0
L1593131-R001	biblical_book	Gen	37	28		4Q5	1606646	f2_3	2	1593131				books/DSS-Genesis.txt	1066472	5227	1939287-1939306	20	2	76b47dad9f96edc88cb076ed636ea005ec506d600368f95fd1518325447349c9	linguistics/books/DSS-Genesis-Linguistics.txt	1562908	8655	dac3a9045db0d699166ee259500cd5143a7111b0eda0044f769e901ace8c2f03	PARTLY_RECONSTRUCTED	66	66	48	6	12	48	6	0	0	0	0	0	0
L1593132-R001	biblical_book	Gen	37	28		4Q5	1606646	f2_3	3	1593132				books/DSS-Genesis.txt	1071699	2523	1939307-1939313	7	0	8983d9bae6d5d8a90cff123224c8b1b136c811517d02a0897a1b4c9a5d7d99d7	linguistics/books/DSS-Genesis-Linguistics.txt	1571563	3270	0db51ebdfdcd2e46d2f8f6ec5bc6f01751f970b3dfd00fedff866f7450e87717	PARTLY_RECONSTRUCTED	24	21	17	2	2	20	2	0	1	0	0	0	0
L1593132-R002	biblical_book	Gen	37	29		4Q5	1606646	f2_3	3	1593132				books/DSS-Genesis.txt	1074222	4123	1939314-1939330	17	1	2da4e6469a6663f48c384cbf50f83f0d928594f8fcf5eb0804fe565adcecdea8	linguistics/books/DSS-Genesis-Linguistics.txt	1574833	7199	535df264c339acfdcead37b01ace66907f7c9dfe80394e9df25637bb4f0ca904	PARTLY_RECONSTRUCTED	45	42	37	1	4	40	1	0	1	0	0	0	0
L1593133-R001	biblical_book	Gen	37	30		4Q5	1606646	f2_3	4	1593133				books/DSS-Genesis.txt	1078345	4201	1939331-1939345	15	1	82214d7370aa6bb00e5d8e1f717b04d1ea575661cdd4b6b0bf3a6d69552ae86a	linguistics/books/DSS-Genesis-Linguistics.txt	1582032	6314	525c7418f92cb571362089206073cabe292b0dfbb54c43bc75abaa2d97527f41	PARTLY_RECONSTRUCTED	41	36	32	2	2	37	2	0	1	0	0	0	0
L1593134-R001	biblical_book	Gen	40	18		4Q5	1606646	f4i_5	1	1593134				books/DSS-Genesis.txt	1082546	3547	1939346-1939359	14	0	f6940b5e74250e3d12a5d9e5979d7eef5fc160f3dd5fda2821ac3b6ada0efbf7	linguistics/books/DSS-Genesis-Linguistics.txt	1588346	6038	c298efb534e72a8ad4e7eb650e4049c4343465f42d339df083d31ab44eaad40a	PARTLY_RECONSTRUCTED	42	39	36	2	1	39	2	0	1	0	0	0	0
L1593134-R002	biblical_book	Gen	40	19		4Q5	1606646	f4i_5	1	1593134				books/DSS-Genesis.txt	1086093	1865	1939360-1939362	3	1	9c72081d593d28602e734e9efe5b9161e47e02e238fa5ab2ed35f5d30259f005	linguistics/books/DSS-Genesis-Linguistics.txt	1594384	1595	4e8830dae92261b32f49f9c588fe901628bb6785316d6011e6dd19e31340d9a2	ALL_LETTER_SLOTS_RECONSTRUCTED	8	8	8	0	0	8	0	0	0	0	0	0	0
L1593135-R001	biblical_book	Gen	40	19		4Q5	1606646	f4i_5	2	1593135				books/DSS-Genesis.txt	1087958	4383	1939363-1939379	17	1	70fb9d4b7b01d26a8da02f5ff10aab730606df0d023c2e0145953c70bb2cdf6d	linguistics/books/DSS-Genesis-Linguistics.txt	1595979	7155	38a77ce920352557d669b0016351935b1a949201a97ddeefd33f4c4bf4a2b94b	PARTLY_RECONSTRUCTED	46	43	33	2	8	35	2	0	0	0	0	0	0
L1593136-R001	biblical_book	Gen	40	19		4Q5	1606646	f4i_5	3	1593136				books/DSS-Genesis.txt	1092341	2108	1939380-1939384	5	0	cdd10c243d269b050eec6846a8d0273dfaebf9665c7f17d36d09470e1c46ade3	linguistics/books/DSS-Genesis-Linguistics.txt	1603134	2282	382bc5ff42c63b6d04462cebda0d957d0a62a619d6c9cdebdebb44fce05bed1c	ALL_LETTER_SLOTS_RECONSTRUCTED	14	4	4	0	0	11	2	2	4	0	0	0	0
L1593136-R002	biblical_book	Gen	40	20		4Q5	1606646	f4i_5	3	1593136				books/DSS-Genesis.txt	1094449	3289	1939385-1939396	12	1	14226c4183e06ee53c42db88f19611c67928f639e673cc1153ed9067a12c0e75	linguistics/books/DSS-Genesis-Linguistics.txt	1605416	5235	0d7cacee71f30a11eda787de11cba22bf412cb86bd7979ff6e451f75023fdba1	PARTLY_RECONSTRUCTED	31	31	19	0	12	19	0	0	0	0	0	0	0
L1593137-R001	biblical_book	Gen	40	20		4Q5	1606646	f4i_5	4	1593137				books/DSS-Genesis.txt	1097738	5044	1939397-1939415	19	2	5b3986653e54e39012f83d77b6fa22644435892f2c473ff76b39b73cdcaef232	linguistics/books/DSS-Genesis-Linguistics.txt	1610651	8012	b7a28047ff91756b82c756244dee3f9f9e450d5624ed73ab3c164c9608eaa108	PARTLY_RECONSTRUCTED	47	46	23	6	17	24	6	0	0	0	0	0	0
L1593138-R001	biblical_book	Gen	40	20		4Q5	1606646	f4i_5	5	1593138				books/DSS-Genesis.txt	1102782	1533	1939416-1939417	2	0	c95b4ee0eda7247ed08b5097e426b004e99a1b291cab413c6470a7a86fc30ac7	linguistics/books/DSS-Genesis-Linguistics.txt	1618663	1168	159e67d14fabbfc09b5e751615c5275a48098757d0ab6426a69f2325bd702978	NO_LETTER_RECONSTRUCTION_MARKED	8	5	0	0	5	0	0	0	1	0	0	0	0
L1593138-R002	biblical_book	Gen	40	21		4Q5	1606646	f4i_5	5	1593138				books/DSS-Genesis.txt	1104315	3716	1939418-1939433	16	0	694db5fb65346e6110e3f9fa22b0bf8e52e80732e357ed2e749f0e8ece0bb79d	linguistics/books/DSS-Genesis-Linguistics.txt	1619831	6743	5b86a396fa7728af014d68bce9c45e275f6a31e03e371ee3024e0eeb770cebf0	PARTLY_RECONSTRUCTED	40	37	26	1	10	29	1	0	1	0	0	0	0
L1593138-R003	biblical_book	Gen	40	22		4Q5	1606646	f4i_5	5	1593138				books/DSS-Genesis.txt	1108031	1829	1939434-1939436	3	1	cb50b144c30a02048cc34302fa33e3dea21b7e22e595e6c9104d37445ddd3ff2	linguistics/books/DSS-Genesis-Linguistics.txt	1626574	1530	e36450a9a1efa97f4a3b7829dd148b784bd76920d3bdec7f52a3fbb7bcb16299	NO_LETTER_RECONSTRUCTION_MARKED	5	5	0	1	4	0	1	0	0	0	0	0	0
L1593139-R001	biblical_book	Gen	40	22		4Q5	1606646	f4i_5	6	1593139				books/DSS-Genesis.txt	1109860	2593	1939437-1939445	9	0	6664c4468167f9baa634210efe5ce5939784dfde16e07595825a56ac5392947a	linguistics/books/DSS-Genesis-Linguistics.txt	1628104	3905	66e7e42d56ab5220bcec664c4f00abd955d6596bde1a6543b67b525740256715	ALL_LETTER_SLOTS_RECONSTRUCTED	25	22	22	0	0	25	0	0	1	0	0	0	0
L1593139-R002	biblical_book	Gen	40	23		4Q5	1606646	f4i_5	6	1593139				books/DSS-Genesis.txt	1112453	3328	1939446-1939456	11	1	c94d24d45e4c7a2eab9125b4e237876973afe37fbab5b460d426061292effddc	linguistics/books/DSS-Genesis-Linguistics.txt	1632009	4739	12ccded7376149c9d0a0cb5d9fab9638dc3c70e430c315d2e5a552d04d486874	PARTLY_RECONSTRUCTED	30	27	10	3	14	10	3	0	1	0	0	0	0
L1593141-R001	biblical_book	Gen	41	1		4Q5	1606646	f4i_5	8	1593141				books/DSS-Genesis.txt	1115781	3412	1939457-1939472	16	0	d99cccac40046de46878a7e4824ae07ab6f7935e813b0ff6391edde05d597815	linguistics/books/DSS-Genesis-Linguistics.txt	1636748	6704	82176b95de6e7c2d0db02b3b6ca916939cf990c1ccbacd02053eaa69cc84e338	PARTLY_RECONSTRUCTED	40	38	24	1	13	24	1	0	1	0	0	0	0
L1593141-R002	biblical_book	Gen	41	2		4Q5	1606646	f4i_5	8	1593141				books/DSS-Genesis.txt	1119193	2084	1939473-1939477	5	1	588c88a85d7f5178a77ade578404e91801fcf67ef9c6fdc6bf5bec38cbe9c4c4	linguistics/books/DSS-Genesis-Linguistics.txt	1643452	2339	82dd9b4d3e392caf79bf261a0f064c0dc746c28e4e3703f9d387a3ded2877302	NO_LETTER_RECONSTRUCTION_MARKED	10	10	0	0	10	0	0	0	0	0	0	0	0
L1593142-R001	biblical_book	Gen	41	2		4Q5	1606646	f4i_5	9	1593142				books/DSS-Genesis.txt	1121277	3297	1939478-1939490	13	0	3fbbe9f272ee52dba28e163d4b2fe740b1587ecb8fe5427f8ea8df946fa80a0f	linguistics/books/DSS-Genesis-Linguistics.txt	1645791	5720	733c157dfa1204baee7c9931e8be804b2aa3052f2f2d5b01e84d001d0c21a8b4	PARTLY_RECONSTRUCTED	40	38	29	4	5	31	4	0	1	0	0	0	0
L1593142-R002	biblical_book	Gen	41	3		4Q5	1606646	f4i_5	9	1593142				books/DSS-Genesis.txt	1124574	2100	1939491-1939494	4	1	900b8da7b798e52083fe5200386e027c2980214718d4e1eba41927f47ffdbd76	linguistics/books/DSS-Genesis-Linguistics.txt	1651511	2054	9fbb9db1a06182b13e5497cf80b517a954638ffed1c8cbdbf63c2619079666cc	PARTLY_RECONSTRUCTED	11	11	2	1	8	2	1	0	0	0	0	0	0
L1593143-R001	biblical_book	Gen	41	3		4Q5	1606646	f4i_5	10	1593143				books/DSS-Genesis.txt	1126674	3845	1939495-1939508	14	1	f9fa5edde200799d6f75d066eb7ba15f994f21288d6c206b2ab13dfd9e61ec52	linguistics/books/DSS-Genesis-Linguistics.txt	1653565	6109	b23ed95cf259a3217eb068aad38b38ac1831a3a988e8a84da60e99834c7855ed	PARTLY_RECONSTRUCTED	48	47	33	2	12	34	2	0	0	0	0	0	0
L1593144-R001	biblical_book	Gen	41	3		4Q5	1606646	f4i_5	11	1593144				books/DSS-Genesis.txt	1130519	2138	1939509-1939515	7	0	a475efe68d2250d1366a6d776f94822cdb3914aaea94e32c6d55453fc015d807	linguistics/books/DSS-Genesis-Linguistics.txt	1659674	3120	09f414890af8707746b6637887d9b1a53d12c5ca80bd44bf3f63757539ef0c80	ALL_LETTER_SLOTS_RECONSTRUCTED	16	14	14	0	0	16	0	0	1	0	0	0	0
L1593144-R002	biblical_book	Gen	41	4		4Q5	1606646	f4i_5	11	1593144				books/DSS-Genesis.txt	1132657	3180	1939516-1939526	11	1	5d433b82f47bd0ba2a7dea7dbd4891caf5663c6d3b6d1e7681b7fe4f58f55fe5	linguistics/books/DSS-Genesis-Linguistics.txt	1662794	4757	580ef55fb696df79fee685f7eea4804b4cd17992803bc8c2726c67e433447b5c	PARTLY_RECONSTRUCTED	30	30	15	2	13	15	2	0	0	0	0	0	0
L1593145-R001	biblical_book	Gen	41	4		4Q5	1606646	f4i_5	12	1593145				books/DSS-Genesis.txt	1135837	3204	1939527-1939540	14	0	b38874a8255ef56ad864fca8bfecc31a620aceef2bdf47826289344b8c572233	linguistics/books/DSS-Genesis-Linguistics.txt	1667551	5980	daf08b7e1383c78e1215c1239b1177485b0dcaed4fb917036c5fb537c84f596b	PARTLY_RECONSTRUCTED	36	34	29	1	4	29	1	0	1	0	0	0	0
L1593145-R002	biblical_book	Gen	41	5		4Q5	1606646	f4i_5	12	1593145				books/DSS-Genesis.txt	1139041	2462	1939541-1939547	7	1	e6ef94bed3dd5bee09c68b21b4200b6a8f104d4c07461826614684b7e75897e5	linguistics/books/DSS-Genesis-Linguistics.txt	1673531	3169	b8c440ff02ffe202f916e0b1679780b93eb34965196d52b96a92c9aa693dafb1	PARTLY_RECONSTRUCTED	18	18	4	1	13	4	1	0	0	0	0	0	0
L1593146-R001	biblical_book	Gen	41	5		4Q5	1606646	f4i_5	13	1593146				books/DSS-Genesis.txt	1141503	2668	1939548-1939557	10	0	4dbe9d42276a18721d3812b801c66c61f29250433b0d29bcf545dd3ae5b81863	linguistics/books/DSS-Genesis-Linguistics.txt	1676700	4483	beb060ab30ff368fef55888699205e9b4ffcf626e3c577ea9af91effb89136a9	ALL_LETTER_SLOTS_RECONSTRUCTED	32	30	30	0	0	32	0	0	1	0	0	0	0
L1593146-R002	biblical_book	Gen	41	6		4Q5	1606646	f4i_5	13	1593146				books/DSS-Genesis.txt	1144171	2631	1939558-1939564	7	1	257f1f9627dadb43f7b835c15d03ad4f0a8bc225e4ee3680cf40448b9a469c04	linguistics/books/DSS-Genesis-Linguistics.txt	1681183	3301	bd77f8916c5854cac7a032cc4bee89894d8ea1ae8aabb99bb09928b19f69621f	PARTLY_RECONSTRUCTED	22	22	9	1	12	9	1	0	0	0	0	0	0
L1593147-R001	biblical_book	Gen	41	6		4Q5	1606646	f4i_5	14	1593147				books/DSS-Genesis.txt	1146802	1770	1939565-1939567	3	0	4452ab25c8c7a658a090848dcf9ccb5192feac0693e96e5481e238c10753544a	linguistics/books/DSS-Genesis-Linguistics.txt	1684484	1590	0f4c2188a71028dbc65000df8b2fa06918cb030f505b7b538f0518eac3e2c448	ALL_LETTER_SLOTS_RECONSTRUCTED	14	11	11	0	0	14	0	0	1	0	0	0	0
L1593147-R002	biblical_book	Gen	41	7		4Q5	1606646	f4i_5	14	1593147				books/DSS-Genesis.txt	1148572	3831	1939568-1939582	15	1	0b52e79b7d42c9ef6bc88209e1904b72cc11d1ae3c8616f0a4b77e1d0c2760df	linguistics/books/DSS-Genesis-Linguistics.txt	1686074	6414	f71ad777170696b278370537a7717363d4d7bb4d438a0d95d464d200b382b7b6	PARTLY_RECONSTRUCTED	43	43	35	1	7	35	1	0	0	0	0	0	0
L1593148-R001	biblical_book	Gen	41	7		4Q5	1606646	f4i_5	15	1593148				books/DSS-Genesis.txt	1152403	2590	1939583-1939592	10	0	a69354d16ca33594a72ea3e57a793faa223cb3b9b7712d48a5615e99b73c1280	linguistics/books/DSS-Genesis-Linguistics.txt	1692488	4341	da3ddcd771e36ae33021c827df78631f88cfaf669f9657abd4c364662011f25e	ALL_LETTER_SLOTS_RECONSTRUCTED	26	24	24	0	0	26	0	0	1	0	0	0	0
L1593148-R002	biblical_book	Gen	41	8		4Q5	1606646	f4i_5	15	1593148				books/DSS-Genesis.txt	1154993	3417	1939593-1939604	12	1	644baecfcdde98959697d1dbfd40e43e4c56e21b121f0189cab4c264a6d1da52	linguistics/books/DSS-Genesis-Linguistics.txt	1696829	5079	4b6fa3823660950c820f158da2b5157f1c83969fd4c64b01ad786be6f426e133	PARTLY_RECONSTRUCTED	30	27	26	1	0	27	1	0	1	0	0	0	0
L1593149-R001	biblical_book	Gen	41	34		4Q5	1606646	f4ii+6	1	1593149				books/DSS-Genesis.txt	1158410	2105	1939605-1939608	4	1	2f43515f9bb535e7bd4a69f961c51b0366e53fd1813643206f4fe7b6868346b7	linguistics/books/DSS-Genesis-Linguistics.txt	1701908	1834	f094c7688185b48ce95ab83998dc73d3fa05ec565aba51695c1a31fc3cb8a06d	NO_LETTER_SLOTS	8	0	0	0	0	5	1	2	4	0	0	0	0
L1593150-R001	biblical_book	Gen	41	35		4Q5	1606646	f4ii+6	2	1593150				books/DSS-Genesis.txt	1160515	3617	1939609-1939622	14	1	f01fb94bd90fc74fd84b5b75a923a6c5d4e2761de25fbd7cb198cd5f6fd61aaa	linguistics/books/DSS-Genesis-Linguistics.txt	1703742	5977	6538fa115e24af29ae0d1299f66a604b568de9c050335202d9de050760b83598	PARTLY_RECONSTRUCTED	36	34	29	1	4	31	1	0	1	0	0	0	0
L1593151-R001	biblical_book	Gen	41	36		4Q5	1606646	f4ii+6	3	1593151				books/DSS-Genesis.txt	1164132	3607	1939623-1939637	15	1	2ab08163829588dc9232aa6253dcf521b33dfe15f2c63f5263e9d522988ab112	linguistics/books/DSS-Genesis-Linguistics.txt	1709719	6400	e97c60ed615fe7ea65ba72fa9967b9f21b523c3ae34755dc4cde72fe547f69b4	PARTLY_RECONSTRUCTED	37	37	25	0	12	25	0	0	0	0	0	0	0
L1593152-R001	biblical_book	Gen	41	36		4Q5	1606646	f4ii+6	4	1593152				books/DSS-Genesis.txt	1167739	2794	1939638-1939648	11	0	a9a8827941d1b86dd3630248d83f8875436d6b3183e30591f642930d346bd58c	linguistics/books/DSS-Genesis-Linguistics.txt	1716119	4760	d9607948cdbd24aa9c9c3bc7be6f7c1c70357f05a6a7200a67ec402b39a35673	PARTLY_RECONSTRUCTED	26	24	9	2	13	11	2	0	1	0	0	0	0
L1593152-R002	biblical_book	Gen	41	37		4Q5	1606646	f4ii+6	4	1593152				books/DSS-Genesis.txt	1170533	2446	1939649-1939655	7	1	e2e3a494d6f41447b52ed992e105d0c17fa30af6b70b6e4c23faef6c5cac066b	linguistics/books/DSS-Genesis-Linguistics.txt	1720879	3202	342a05f6b76441b1d6105846daa810c150f677034dd250e972cc7e276b041d66	ALL_LETTER_SLOTS_RECONSTRUCTED	18	18	18	0	0	18	0	0	0	0	0	0	0
L1593153-R001	biblical_book	Gen	41	37		4Q5	1606646	f4ii+6	5	1593153				books/DSS-Genesis.txt	1172979	2119	1939656-1939661	6	0	ef345a80bafb4ff0589e4e324d9e3cadcec68bc6f6df0a702506029437f68590	linguistics/books/DSS-Genesis-Linguistics.txt	1724081	2732	4851842bf952cbd31f01f433fad2601ecc3ade8f44c70489d9ba9d1a99c0418c	PARTLY_RECONSTRUCTED	16	13	12	0	1	15	0	0	1	0	0	0	0
L1593153-R002	biblical_book	Gen	41	38		4Q5	1606646	f4ii+6	5	1593153				books/DSS-Genesis.txt	1175098	3123	1939662-1939671	10	1	1a07f0e43d858f344d01a9d2144eddf459c78fe76a24d82fb9f811157ca1223e	linguistics/books/DSS-Genesis-Linguistics.txt	1726813	4408	010e6e4c85947ace9401e02cf2f08b8a2b625a36943bd2f082406f2396b7a2e5	PARTLY_RECONSTRUCTED	28	27	17	1	9	18	1	0	0	0	0	0	0
L1593154-R001	biblical_book	Gen	41	38		4Q5	1606646	f4ii+6	6	1593154				books/DSS-Genesis.txt	1178221	2024	1939672-1939676	5	0	e8527db302827f06aeeb33988b541387aac1b0f69834da1eee00cb80de5b6f42	linguistics/books/DSS-Genesis-Linguistics.txt	1731221	2426	b804150c784c3e166c7869ed893cc3b4fba18fba03ceb58fba2e68ff84c76fd4	ALL_LETTER_SLOTS_RECONSTRUCTED	16	13	13	0	0	16	0	0	1	0	0	0	0
L1593154-R002	biblical_book	Gen	41	39		4Q5	1606646	f4ii+6	6	1593154				books/DSS-Genesis.txt	1180245	3049	1939677-1939685	9	1	ca07ff020a27500368edf512b76aa39c3c3ffe2720673a32e78e2d279d585a7f	linguistics/books/DSS-Genesis-Linguistics.txt	1733647	4176	48933756c81ce1ea057aeb27fdd253d586bd0ecec0ed76d5a59da0a509728329	PARTLY_RECONSTRUCTED	34	33	32	1	0	33	1	0	0	0	0	0	0
L1593155-R001	biblical_book	Gen	41	39		4Q5	1606646	f4ii+6	7	1593155				books/DSS-Genesis.txt	1183294	2604	1939686-1939694	9	0	cda65cbd4a3e725295ff5c9c3917c654e0db212186f219e723d6d2d4b3768abd	linguistics/books/DSS-Genesis-Linguistics.txt	1737823	3950	b34e4ea87f4bdfb011e82f9c3686cbeb7db03d631f5a7ec6972c08aea3731d21	ALL_LETTER_SLOTS_RECONSTRUCTED	25	22	22	0	0	25	0	0	1	0	0	0	0
L1593155-R002	biblical_book	Gen	41	40		4Q5	1606646	f4ii+6	7	1593155				books/DSS-Genesis.txt	1185898	2732	1939695-1939701	7	1	917a0e7b77278c225d1f3eaf6655ffbd0cbe83205693e182d94e1e3893499e5b	linguistics/books/DSS-Genesis-Linguistics.txt	1741773	3216	9f0726c9b81658cf823a938ac5818cc9edc3a7598b81a63f75e9914942a2a76f	ALL_LETTER_SLOTS_RECONSTRUCTED	21	19	19	0	0	21	0	0	0	0	0	0	0
L1593156-R001	biblical_book	Gen	41	40		4Q5	1606646	f4ii+6	8	1593156				books/DSS-Genesis.txt	1188630	2817	1939702-1939710	9	0	73ff23378c5ab7c66b276d1c5227b7c96a787d45e5b9c24ed4891726e2e3b7c2	linguistics/books/DSS-Genesis-Linguistics.txt	1744989	3927	cfff0425b223415b2a80a2999b8a79d6214ea90da8791d689eb46f20859d163b	PARTLY_RECONSTRUCTED	25	21	19	1	1	23	1	0	1	0	0	0	0
L1593156-R002	biblical_book	Gen	41	41		4Q5	1606646	f4ii+6	8	1593156				books/DSS-Genesis.txt	1191447	2341	1939711-1939716	6	1	912afe5aa9c743a74881f92122923ce0e71566fedf0c7db45fabd1d1802fa3ae	linguistics/books/DSS-Genesis-Linguistics.txt	1748916	2836	abbe5e62294e8cc832b6344eb139c5e1786936ea55c9b699082e1c05a63cfb07	ALL_LETTER_SLOTS_RECONSTRUCTED	18	18	18	0	0	18	0	0	0	0	0	0	0
L1593157-R001	biblical_book	Gen	41	41		4Q5	1606646	f4ii+6	9	1593157				books/DSS-Genesis.txt	1193788	2376	1939717-1939723	7	0	916e5d5cd191cb675610d3d0db82c1b66d49bf249a685c09b4ffac8036d6264f	linguistics/books/DSS-Genesis-Linguistics.txt	1751752	3227	28033be464922755aa37e5c2d3e7149b77b8186114d700726fe723de32bed3ed	PARTLY_RECONSTRUCTED	22	19	17	0	2	20	0	0	1	0	0	0	0
L1593157-R002	biblical_book	Gen	41	42		4Q5	1606646	f4ii+6	9	1593157				books/DSS-Genesis.txt	1196164	2866	1939724-1939731	8	1	a766aefeb001e1215d473e0091e059c40de8c00204726c406221cf9ce6dec1d6	linguistics/books/DSS-Genesis-Linguistics.txt	1754979	3643	c7e99d3fdc82cf54897810240910fbad8439cfd8399afbd14243ac1a252fb425	ALL_LETTER_SLOTS_RECONSTRUCTED	23	21	21	0	0	23	0	0	0	0	0	0	0
L1593158-R001	biblical_book	Gen	41	42		4Q5	1606646	f4ii+6	10	1593158				books/DSS-Genesis.txt	1199030	3981	1939732-1939747	16	1	2858acbaa59cf99ebe9c836ab7835b6fda54601a0ec8e3420c1b0f0862888ef9	linguistics/books/DSS-Genesis-Linguistics.txt	1758622	6769	23b0e8379d175340a30d9bfcfd62f4b927818322be45dec2f7191ea10f529f2d	PARTLY_RECONSTRUCTED	42	40	34	0	6	35	0	0	0	0	0	0	0
L1593159-R001	biblical_book	Gen	41	42		4Q5	1606646	f4ii+6	11	1593159				books/DSS-Genesis.txt	1203011	1818	1939748-1939750	3	0	bad69a20e0e6ee806f40e441a8265f1a78e0e2211aad37f88e155b147fd31a7f	linguistics/books/DSS-Genesis-Linguistics.txt	1765391	1589	b600e0231c66615ba1b4abe1a477fdd437d2a359e6f38442114c8ca0abacaf54	PARTLY_RECONSTRUCTED	10	7	2	1	4	5	1	0	1	0	0	0	0
L1593159-R002	biblical_book	Gen	41	43		4Q5	1606646	f4ii+6	11	1593159				books/DSS-Genesis.txt	1204829	3720	1939751-1939763	13	1	3858f1c26f1a1e2c40dbbef18a15c55a6402bc647d56055fb43bf6a96f9ead1e	linguistics/books/DSS-Genesis-Linguistics.txt	1766980	5639	5450eb013e1889323bf85c8784e156f709561ec2eb2a6c69a9b98c0e59e04e97	ALL_LETTER_SLOTS_RECONSTRUCTED	38	35	35	0	0	38	0	0	0	0	0	0	0
L1593160-R001	biblical_book	Gen	41	43		4Q5	1606646	f4ii+6	12	1593160				books/DSS-Genesis.txt	1208549	2938	1939764-1939772	9	1	ad693711c59f1c2c85c6e5bff055c22044284ba8112e96563290f6cfa976f3ea	linguistics/books/DSS-Genesis-Linguistics.txt	1772619	4051	0b50dd0b5fa5abd5122d58d617df39682122e1a2984ec85d9952b6108316048a	PARTLY_RECONSTRUCTED	27	24	20	0	4	23	0	0	1	0	0	0	0
L1593161-R001	biblical_book	Gen	41	44		4Q5	1606646	f4ii+6	13	1593161				books/DSS-Genesis.txt	1211487	3809	1939773-1939786	14	1	3201419b8a160391f943f805eb6ca09ff0f2ec1804c78b56ebd0b03f522d3cc2	linguistics/books/DSS-Genesis-Linguistics.txt	1776670	6183	d0ee85ace564654ddc0a797be4b815cb02f68ef5015701e27394f7d95ff4a15d	PARTLY_RECONSTRUCTED	45	43	38	0	5	40	0	0	0	0	0	0	0
L1593162-R001	biblical_book	Gen	41	44		4Q5	1606646	f4ii+6	14	1593162				books/DSS-Genesis.txt	1215296	2739	1939787-1939794	8	1	13ba1561e3cc1f6f92e4a58b7269d442865d82fb3606b043d3869cb382a547b1	linguistics/books/DSS-Genesis-Linguistics.txt	1782853	3590	5abfbe1fd30adf371ae07e5a746956076c43961058b46820cdbcd01dfa664816	PARTLY_RECONSTRUCTED	21	18	15	0	3	18	0	0	1	0	0	0	0
L1593163-R001	biblical_book	Gen	42	17		4Q5	1606646	f7	1	1593163				books/DSS-Genesis.txt	1218035	2364	1939795-1939800	6	0	12b5c4dae99c14c3cd45be42946d6caf9e36abed64dcb39208e6185f2309946a	linguistics/books/DSS-Genesis-Linguistics.txt	1786443	2824	7757fe5b591a00100b6aba0b1eb05b2fab1b2513ee9cf1a31c806ae93992a058	PARTLY_RECONSTRUCTED	20	17	13	2	2	16	2	0	1	0	0	0	0
L1593163-R002	biblical_book	Gen	42	18		4Q5	1606646	f7	1	1593163				books/DSS-Genesis.txt	1220399	2896	1939801-1939809	9	1	fe887a90ad457d7813f2173e46a8de1361cfc853359a97976a5bb38a761f95ab	linguistics/books/DSS-Genesis-Linguistics.txt	1789267	4007	6f2cb0faaec7b910e962b25634c8435180828d4b02ef51ac799a50ae8930bdd9	ALL_LETTER_SLOTS_RECONSTRUCTED	27	26	26	0	0	27	0	0	0	0	0	0	0
L1593164-R001	biblical_book	Gen	42	18		4Q5	1606646	f7	2	1593164				books/DSS-Genesis.txt	1223295	2601	1939810-1939818	9	0	bea33a2215da8f6e6957ffbcdbbb3938279f8e18ad68e6e9072154cc650d8d11	linguistics/books/DSS-Genesis-Linguistics.txt	1793274	3962	bc16b17400f79787da211ac25d6c7b68eeb9cef7b9952db289b4ed0ff79e1573	PARTLY_RECONSTRUCTED	23	21	18	1	2	20	1	0	1	0	0	0	0
L1593164-R002	biblical_book	Gen	42	19		4Q5	1606646	f7	2	1593164				books/DSS-Genesis.txt	1225896	2504	1939819-1939824	6	1	815dba3b58b256512860a98ebdc94b7a81b728d63d1559443f1ff8688fcaf4dd	linguistics/books/DSS-Genesis-Linguistics.txt	1797236	2845	9632353ed454e466a57226c1a74da4e102900d42a6ff462164d7030913ddb80e	ALL_LETTER_SLOTS_RECONSTRUCTED	22	21	21	0	0	22	0	0	0	0	0	0	0
L1593165-R001	biblical_book	Gen	42	19		4Q5	1606646	f7	3	1593165				books/DSS-Genesis.txt	1228400	3473	1939825-1939835	11	1	59528312077128c40fcb15f237332ea75fce1819270bf4c88f0070d1d0974965	linguistics/books/DSS-Genesis-Linguistics.txt	1800081	4950	ac394bb313a697ed2974f35d46d819e0a1922dc41ebecb3c8f6de13e9372744b	PARTLY_RECONSTRUCTED	39	35	34	0	1	38	0	0	1	0	0	0	0
L1593166-R001	biblical_book	Gen	43	8		4Q5	1606646	f8	1	1593166				books/DSS-Genesis.txt	1231873	3011	1939836-1939847	12	0	60de9aee3435a5785079c4c68c78cecb0e030ee8ad18eabdd06af96d2eaa450e	linguistics/books/DSS-Genesis-Linguistics.txt	1805031	5179	be155ed8571467d5af24b945c66a15f1871ac45f2fe2567cb66b2e89da70b90b	PARTLY_RECONSTRUCTED	33	30	6	1	23	6	1	0	1	0	0	0	0
L1593166-R002	biblical_book	Gen	43	9		4Q5	1606646	f8	1	1593166				books/DSS-Genesis.txt	1234884	2673	1939848-1939853	6	1	358b884bd2910b8c005d8a0e7492f3e198e52daff9666334f680c8465fb88d1c	linguistics/books/DSS-Genesis-Linguistics.txt	1810210	2856	20c32f91ec676b9deff7ae3f0d6c9bccbf3452f2a4f873b80a2e6503eeaf9efe	PARTLY_RECONSTRUCTED	24	21	7	0	14	8	0	0	0	0	0	0	0
L1593167-R001	biblical_book	Gen	43	9		4Q5	1606646	f8	2	1593167				books/DSS-Genesis.txt	1237557	4116	1939854-1939868	15	0	ba76b59ee487765f674a4d856bd320d19bd53783a8ca6215600844307900c83a	linguistics/books/DSS-Genesis-Linguistics.txt	1813066	6328	85dbd9943654552c19feac06923dc7995ef8d4fbfc8fc2bfd39c055011aba991	PARTLY_RECONSTRUCTED	49	42	13	2	27	15	2	0	1	0	0	0	0
L1593167-R002	biblical_book	Gen	43	10		4Q5	1606646	f8	2	1593167				books/DSS-Genesis.txt	1241673	1551	1939869	1	1	a216f7476af27aaee8f738823a6d5ef91d53bf9f7bc69182ad3601bcac1ee6ff	linguistics/books/DSS-Genesis-Linguistics.txt	1819394	779	35320cc5b0274aa98a538e99621d62b11befafb27a48fa15d751a114aefc3cac	ALL_LETTER_SLOTS_RECONSTRUCTED	2	2	2	0	0	2	0	0	0	0	0	0	0
L1593168-R001	biblical_book	Gen	43	10		4Q5	1606646	f8	3	1593168				books/DSS-Genesis.txt	1243224	3355	1939870-1939877	8	3	7da9f1062c6fcfa14c2799d4981743334b181a037fa20802ea1e8ae4f16b4a3f	linguistics/books/DSS-Genesis-Linguistics.txt	1820173	3689	132a7b8029c4732242710a2017f8be7a2f59a04519c6c95b10f3bf532253b57d	PARTLY_RECONSTRUCTED	30	28	9	0	19	9	0	0	1	0	0	0	0
L1593169-R001	biblical_book	Gen	43	11		4Q5	1606646	f8	4	1593169				books/DSS-Genesis.txt	1246579	4188	1939878-1939892	15	1	8830da011bde389b1f195fb63f4f6aa716516c981ebf180693b21f152fb1bd18	linguistics/books/DSS-Genesis-Linguistics.txt	1823862	6544	3e5d95e61213f80b50540104c83064d87d0e18584a6df4d7402ec4f37880f011	PARTLY_RECONSTRUCTED	48	46	21	3	22	22	3	0	0	0	0	0	0
L1593170-R001	biblical_book	Gen	43	11		4Q5	1606646	f8	5	1593170				books/DSS-Genesis.txt	1250767	4165	1939893-1939908	16	1	f46fd3fb72c5568d323d7553de3f0bdc1f2ece5b2af19273eae91bb2583655dd	linguistics/books/DSS-Genesis-Linguistics.txt	1830406	6938	43acd3c3527db3928a34cfcfaed43f614e481ea5c692f877ec48ce3a18b7aa0b	PARTLY_RECONSTRUCTED	47	46	40	2	4	41	2	0	0	0	0	0	0
L1593171-R001	biblical_book	Gen	43	11		4Q5	1606646	f8	6	1593171				books/DSS-Genesis.txt	1254932	1565	1939909-1939911	3	0	e661bc4a9153526321988e72ddf30127c21a4e583ff1d9d2ab74cbf3c260e4ce	linguistics/books/DSS-Genesis-Linguistics.txt	1837344	1528	eb765e791db58d6d534d5832be00b8aaf67c67fb09df6b3c32d4c962a1c8f679	ALL_LETTER_SLOTS_RECONSTRUCTED	8	6	6	0	0	8	0	0	1	0	0	0	0
L1593171-R002	biblical_book	Gen	43	12		4Q5	1606646	f8	6	1593171				books/DSS-Genesis.txt	1256497	4054	1939912-1939926	15	1	43c386ff9aef0d3838878e9d630f02212b96daa633ad32df3c0139ea138c4702	linguistics/books/DSS-Genesis-Linguistics.txt	1838872	6427	4ed10a0d653a76b325f12ee8622097edff08d1f3d77abe501638deaf251f1a94	PARTLY_RECONSTRUCTED	41	39	26	3	10	27	3	0	0	0	0	0	0
L1593172-R001	biblical_book	Gen	43	12		4Q5	1606646	f8	7	1593172				books/DSS-Genesis.txt	1260551	2347	1939927-1939933	7	0	91647252c1378418d5ea39a7a3728c5d6c09e368644fd36425809680316ed58d	linguistics/books/DSS-Genesis-Linguistics.txt	1845299	3239	08a047f96ebdfdeaeb8427657c82e9e1ac2d9364580a6e6f304d43f9f54f6b08	ALL_LETTER_SLOTS_RECONSTRUCTED	24	21	21	0	0	24	0	0	1	0	0	0	0
L1593172-R002	biblical_book	Gen	43	13		4Q5	1606646	f8	7	1593172				books/DSS-Genesis.txt	1262898	3211	1939934-1939944	11	1	23596cf4f343fd9598270ee56d4d3dd1fa6a095b54b20efd8b75e6677300a517	linguistics/books/DSS-Genesis-Linguistics.txt	1848538	4636	36ac97f22be00b107cacfc41475e92c04c8b42a548222ddf73cd0974b2d0cf5d	PARTLY_RECONSTRUCTED	29	26	18	1	7	20	1	0	1	0	0	0	0
L1593173-R001	biblical_book	Gen	43	14		4Q5	1606646	f8	8	1593173				books/DSS-Genesis.txt	1266109	4287	1939945-1939960	16	1	e5e7e7f5d6b5cd75a7ae4f9757ab9ee95ef7e4aa1e9a8e7ef237500421dddc83	linguistics/books/DSS-Genesis-Linguistics.txt	1853174	6791	f6b98ef7ef9145d41eec7270174748aba83fb8d7561c8f7abe629cdf577e2384	PARTLY_RECONSTRUCTED	45	42	38	1	3	41	1	0	0	0	0	0	0
L1593174-R001	biblical_book	Gen	43	14		4Q5	1606646	f8	9	1593174				books/DSS-Genesis.txt	1270396	3110	1939961-1939970	10	1	c004e24e834e2e523c110a9600c08f03570a96ec0e139b9d218f92c62eafa652	linguistics/books/DSS-Genesis-Linguistics.txt	1859965	4421	57107fa87af4e4d798d82997461dc91fb61798e58551e7005e7461bcf0874d50	PARTLY_RECONSTRUCTED	29	27	24	1	2	26	1	0	1	0	0	0	0
L1593175-R001	biblical_book	Gen	49	6		4Q5	1606646	f9	1	1593175				books/DSS-Genesis.txt	1273506	4892	1939971-1939988	18	1	311dc5ec73c8a8a602254ed0a113e1ce77632c42260801f4ca58bf253aecbed2	linguistics/books/DSS-Genesis-Linguistics.txt	1864386	7610	37646ba7292b5252ff8e7676da6f5b40d4ca2d1e6e148ea0961ee84364d9ee4e	PARTLY_RECONSTRUCTED	52	46	44	2	0	50	2	0	0	0	0	0	0
L1593176-R001	biblical_book	Gen	49	6		4Q5	1606646	f9	2	1593176				books/DSS-Genesis.txt	1278398	1582	1939989-1939991	3	0	fac59ab6c3a29f07be3d67150cc7c30191f9d192fd2d8135ba1310adb475fddd	linguistics/books/DSS-Genesis-Linguistics.txt	1871996	1538	db4a1a1408a1132d3c203d0fd117a6aa9dda95e74be1ff0b7e21f7e49d20573e	ALL_LETTER_SLOTS_RECONSTRUCTED	9	7	7	0	0	9	0	0	1	0	0	0	0
L1593176-R002	biblical_book	Gen	49	7		4Q5	1606646	f9	2	1593176				books/DSS-Genesis.txt	1279980	4185	1939992-1940005	14	1	7b055ad8c57fdbef38b18e27f0c40958dfdb9612165a202305b5122d3e749354	linguistics/books/DSS-Genesis-Linguistics.txt	1873534	6089	b534c4836f968a3a88f662113cd40803050f935c78d471fe3f5248f32eb48859	PARTLY_RECONSTRUCTED	50	39	37	0	2	40	6	0	1	0	0	6	0
L1593177-R001	biblical_book	Gen	49	7		4Q5	1606646	f9	3	1593177				books/DSS-Genesis.txt	1284165	1563	1940006-1940008	3	0	281662353b524b9b48d8a6e15403c7782b9cb731c0483ab39074e27d7f133051	linguistics/books/DSS-Genesis-Linguistics.txt	1879623	1578	11a69416a728ddc1efce0fcdb4031cf288acf4f0f0fe2ff10a4bf9692841fb1f	ALL_LETTER_SLOTS_RECONSTRUCTED	8	6	6	0	0	8	0	0	1	0	0	0	0
L1593177-R002	biblical_book	Gen	49	8		4Q5	1606646	f9	3	1593177				books/DSS-Genesis.txt	1285728	4354	1940009-1940021	13	1	731922223d2b2b63a7f11e43057057bfe3d2e983b5694956aefeb4b470f9528d	linguistics/books/DSS-Genesis-Linguistics.txt	1881201	5726	dea037e7de3fe856035adc396d758bea60e7b6dcd0cc95ecdbbd75ecab6c7a57	PARTLY_RECONSTRUCTED	53	45	37	1	7	44	1	0	1	0	0	0	0
L1593180-R001	biblical_book	Gen	33	19		4Q6	1606647	f1a	1	1593180				books/DSS-Genesis.txt	1290131	1847	1940031-1940035	5	0	9cd6cf87cb1165a127c60e3f9fa58c888d0419a0a3b1a5124a39c890c15a1541	linguistics/books/DSS-Genesis-Linguistics.txt	1886976	2417	5362ca76675221b0222799a33bfc0b2ac45f369a7bb4e67d9db71f666101cca0	PARTLY_RECONSTRUCTED	14	12	7	0	5	7	0	0	1	0	0	0	0
L1593180-R002	biblical_book	Gen	33	20		4Q6	1606647	f1a	1	1593180				books/DSS-Genesis.txt	1291978	2682	1940036-1940041	6	1	748372571ed10d130f475b4ae391f1a082ae0e4e410f178b37085553310cd73b	linguistics/books/DSS-Genesis-Linguistics.txt	1889393	2838	4ca54ccc1304b3a26daebe07a2f08252b09f05072d01ec6f3f0c64b346ee1b34	PARTLY_RECONSTRUCTED	15	15	2	10	3	2	10	0	0	0	0	0	0
L1593181-R001	biblical_book	Gen	33	20		4Q6	1606647	f1a	2	1593181				books/DSS-Genesis.txt	1294660	2038	1940042-1940046	5	0	570b50ce230c7812121383dcececf575217319f87e44fc2a59bc7203d0f3edb8	linguistics/books/DSS-Genesis-Linguistics.txt	1892231	2445	197ba62bc2ee8e7b671bba8d1eaa1220c493ad5c577720161e8d92e547b70a83	PARTLY_RECONSTRUCTED	16	13	2	1	10	3	1	0	1	0	0	0	0
L1593181-R002	biblical_book	Gen	34	1		4Q6	1606647	f1a	2	1593181				books/DSS-Genesis.txt	1296698	2339	1940047-1940052	6	1	e933843e287f16cbb36a992abdb2e86d0a41189176b4d19a77654641bd956b6c	linguistics/books/DSS-Genesis-Linguistics.txt	1894676	2822	4b2b9e31eacaf105f3a841297d263987c4fbab0865f87d877eb9c7eb1b1c7249	PARTLY_RECONSTRUCTED	16	16	3	1	12	3	1	0	0	0	0	0	0
L1593182-R001	biblical_book	Gen	34	1		4Q6	1606647	f1a	3	1593182				books/DSS-Genesis.txt	1299037	2667	1940053-1940062	10	0	41dcccc0fab5b31bc8f41438b5e498a35cc03ff6b211f39e3dadf52028346c6f	linguistics/books/DSS-Genesis-Linguistics.txt	1897498	4335	5e616ca941ee2cfebee1018703c5029921fb6bcb8d7de262f0b70ebe8f1088e4	PARTLY_RECONSTRUCTED	25	23	3	1	19	3	1	0	1	0	0	0	0
L1593182-R002	biblical_book	Gen	34	2		4Q6	1606647	f1a	3	1593182				books/DSS-Genesis.txt	1301704	2188	1940063-1940066	4	1	9e5cbfd2ce94bea21cc7362006d4c071df3740daabfdc37d2c9eaf84b95e50a9	linguistics/books/DSS-Genesis-Linguistics.txt	1901833	1904	eeb3310317047c83e699767cd0a9f3d6c4cbc33392822fc9a0e79e83ce0c8997	PARTLY_RECONSTRUCTED	10	7	3	1	3	4	1	0	1	0	0	0	0
L1593183-R001	biblical_book	Gen	48	1		4Q6	1606647	f1	1	1593183				books/DSS-Genesis.txt	1303892	3693	1940067-1940080	14	1	96a131fa963f9212d7167f66c5815dc5a59f0bf511536500101ebfff0642ac4b	linguistics/books/DSS-Genesis-Linguistics.txt	1903737	5987	96c167273ebaf70f838b6c4c6d91d48107994c904e226409b793e6cf75012781	PARTLY_RECONSTRUCTED	39	38	17	1	20	18	1	0	0	0	0	0	1
L1593184-R001	biblical_book	Gen	48	1		4Q6	1606647	f1	2	1593184				books/DSS-Genesis.txt	1307585	3332	1940081-1940092	12	0	4ea219c29991015007bf0af4151965d9a3f1b032a3003fbc8cbc09f99fcce147	linguistics/books/DSS-Genesis-Linguistics.txt	1909724	5247	cb1a9300698a3daaca0381dfc5798f61517f9fe8f83e2adda1e9036ef7b7d721	PARTLY_RECONSTRUCTED	34	30	13	3	14	16	3	0	1	0	0	0	0
L1593184-R002	biblical_book	Gen	48	2		4Q6	1606647	f1	2	1593184				books/DSS-Genesis.txt	1310917	1691	1940093-1940094	2	1	9af86c72820239445b75d41bf65ba2e268cf04688033333adb6ce7c7d7fa4703	linguistics/books/DSS-Genesis-Linguistics.txt	1914971	1144	816023beecaa7ed0eea40fa0d1861c05aa47600a23ea1cd77347689249855cf6	ALL_LETTER_SLOTS_RECONSTRUCTED	4	4	4	0	0	4	0	0	0	0	0	0	0
L1593185-R001	biblical_book	Gen	48	2		4Q6	1606647	f1	3	1593185				books/DSS-Genesis.txt	1312608	3675	1940095-1940105	11	1	c54fee98101ccad9660c2c83d55ff6d01f3f517cc948a3840f9acc2465a91df9	linguistics/books/DSS-Genesis-Linguistics.txt	1916115	4883	27ac3b593f0110ba93db7c9d59e89bfe21b9ddc453c086464410a915ff215993	PARTLY_RECONSTRUCTED	34	32	14	11	7	14	11	0	0	0	0	0	0
L1593186-R001	biblical_book	Gen	48	2		4Q6	1606647	f1	4	1593186				books/DSS-Genesis.txt	1316283	2227	1940106-1940112	7	0	209baef3d64b1585519bf95bc2853f776c3926aaf1260a906676e8a35a3cf3d7	linguistics/books/DSS-Genesis-Linguistics.txt	1920998	3151	40dad08e7959536210f64aa06bec5ea968c7a7e71f3139b458de23e84f1b9b0c	PARTLY_RECONSTRUCTED	17	15	8	1	6	10	1	0	1	0	0	0	0
L1593186-R002	biblical_book	Gen	48	3		4Q6	1606647	f1	4	1593186				books/DSS-Genesis.txt	1318510	2369	1940113-1940118	6	1	2c94aeb0125efa4e4db96900759bcef9cfec55857cd04f9b12109c9021b84052	linguistics/books/DSS-Genesis-Linguistics.txt	1924149	2813	d71f4fcd16d5ab489a50ed7a04fa881e3746b74c22ca9b928f2593685b21f1c5	PARTLY_RECONSTRUCTED	17	17	16	1	0	16	1	0	0	0	0	0	0
L1593187-R001	biblical_book	Gen	48	3		4Q6	1606647	f1	5	1593187				books/DSS-Genesis.txt	1320879	3564	1940119-1940130	12	0	820c0abff4c3bd370238499b92ea32c8ce6f5a139798055a08986828f9a5a23f	linguistics/books/DSS-Genesis-Linguistics.txt	1926962	5228	ca8320c98b8425331b1a93402b48035789993e133b22dd9bfb4b136d589de0c7	PARTLY_RECONSTRUCTED	36	31	13	4	14	18	4	0	1	0	0	0	1
L1593187-R002	biblical_book	Gen	48	4		4Q6	1606647	f1	5	1593187				books/DSS-Genesis.txt	1324443	1701	1940131-1940132	2	1	42089375498f9cb4eb90dfa1a8029fb956f611be83f0ce67b2dc4d8bb883d118	linguistics/books/DSS-Genesis-Linguistics.txt	1932190	1156	f0062ece1daeeae1434bdfb6b1c7c15946ac6dbd7e6523803f293a2bae8b13b5	ALL_LETTER_SLOTS_RECONSTRUCTED	5	5	5	0	0	5	0	0	0	0	0	0	0
L1593188-R001	biblical_book	Gen	48	4		4Q6	1606647	f1	6	1593188				books/DSS-Genesis.txt	1326144	3979	1940133-1940144	12	1	8c4997e5a43fbdd741d0cbbc9c7ce380faf5a95e37cabd6ef464e708b4e9f166	linguistics/books/DSS-Genesis-Linguistics.txt	1933346	5228	14ce03713e2f04dee2ac0c03a02f075537ea0b7cf5d38e7b499e27050ff93def	PARTLY_RECONSTRUCTED	42	37	31	2	4	35	2	0	0	0	0	0	0
L1593189-R001	biblical_book	Gen	48	4		4Q6	1606647	f1	7	1593189				books/DSS-Genesis.txt	1330123	3438	1940145-1940155	11	1	26b25a39729dcd53bab6b1ea4816aa257c7836ca16e6a7855aee84234834f344	linguistics/books/DSS-Genesis-Linguistics.txt	1938574	4772	f2f5a0432a651af3bfca9e76b965761fb68ab87d63b50e149848491122beffeb	PARTLY_RECONSTRUCTED	32	28	22	2	4	26	2	0	1	0	0	0	0
L1593190-R001	biblical_book	Gen	48	5		4Q6	1606647	f1	8	1593190				books/DSS-Genesis.txt	1333561	3708	1940156-1940166	11	1	c6e489355fc8f6885dd5330cbfbd8fb067cd4bdb4bcd114740b61ab1c6d53e54	linguistics/books/DSS-Genesis-Linguistics.txt	1943346	4903	ea8c13176910bee1190a24632fa4d01c759c81fcce49f71c1f0cd10f4f9de76e	PARTLY_RECONSTRUCTED	33	31	14	6	11	16	6	0	0	0	0	0	0
L1593191-R001	biblical_book	Gen	48	5		4Q6	1606647	f1	9	1593191				books/DSS-Genesis.txt	1337269	3603	1940167-1940176	10	1	9e2b067ebd85aea8c9b23d03678128bb907a5f09cafd42be988abb2e7afa09eb	linguistics/books/DSS-Genesis-Linguistics.txt	1948249	4643	da445f86ac17e1214f5d15a1cf46edebae3c852ef4bdcaa6b0c2350929fe3ca5	PARTLY_RECONSTRUCTED	38	34	16	4	14	18	4	0	0	0	0	0	0
L1593192-R001	biblical_book	Gen	48	5		4Q6	1606647	f1	10	1593192				books/DSS-Genesis.txt	1340872	2208	1940177-1940182	6	0	2455710f16109ad593251a5c7fa4b43ef872cae9a5d0b8af7e9ce08edda56bfd	linguistics/books/DSS-Genesis-Linguistics.txt	1952892	2738	44c3264ca3339475a606df551683a98b4e7f236f67722e144d7c98b820b58403	PARTLY_RECONSTRUCTED	16	13	3	2	8	3	2	0	1	0	0	0	1
L1593192-R002	biblical_book	Gen	48	6		4Q6	1606647	f1	10	1593192				books/DSS-Genesis.txt	1343080	2512	1940183-1940187	5	1	c570a03960e3771528fcf29e94caa77dac355698c882946d5fea46d4837009e3	linguistics/books/DSS-Genesis-Linguistics.txt	1955630	2511	59eca8e193c70e3554644220f36849684a2798453cd22f93b0f35dc4dc3390b0	PARTLY_RECONSTRUCTED	21	20	4	4	12	4	4	0	0	0	0	0	0
L1593193-R001	biblical_book	Gen	48	6		4Q6	1606647	f1	11	1593193				books/DSS-Genesis.txt	1345592	2924	1940188-1940196	9	0	0026b786c133471b60c3f08a61d87e029c1b3a04e37a49943d03052f7e6e5bb4	linguistics/books/DSS-Genesis-Linguistics.txt	1958141	3988	56eae9944f19186a4c5f957e5dab82592bb946d65111bf235f196ca7d32023f5	PARTLY_RECONSTRUCTED	31	26	3	2	21	4	2	0	1	0	0	0	0
L1593193-R002	biblical_book	Gen	48	7		4Q6	1606647	f1	11	1593193				books/DSS-Genesis.txt	1348516	1676	1940197-1940198	2	1	e532235f279111250ab4dbf0f80fe6d2b1c3eb295878282a329832f1e630f75b	linguistics/books/DSS-Genesis-Linguistics.txt	1962129	1163	d06bdb10d12bd8972b3c108608f602e28e5ba3655fe6c110656d00f5c875e1e2	NO_LETTER_RECONSTRUCTION_MARKED	4	4	0	0	4	0	0	0	0	0	0	0	0
L1593194-R001	biblical_book	Gen	48	7		4Q6	1606647	f1	12	1593194				books/DSS-Genesis.txt	1350192	3953	1940199-1940212	14	1	d5fc81c3d40e714813ed484d0ae02d34e9fbfab458626955d860218abec2b7fe	linguistics/books/DSS-Genesis-Linguistics.txt	1963292	6093	ab2b6d442d44e398420e762dfe09bf2211c033b88e08429e9354db3508e44f47	PARTLY_RECONSTRUCTED	36	34	3	6	25	3	6	0	0	0	0	0	0
L1593195-R001	biblical_book	Gen	48	7		4Q6	1606647	f1	13	1593195				books/DSS-Genesis.txt	1354145	2888	1940213-1940221	9	0	f0ecb2b57755f7cb7b2e193e797b580810564ffdaef60441cfe5888b15ee0277	linguistics/books/DSS-Genesis-Linguistics.txt	1969385	4104	cd18177e0606412cc5e0ac91c78030b9cad179fbd303660b81cd9d4a49352d2c	NO_LETTER_RECONSTRUCTION_MARKED	30	26	0	6	20	0	6	0	1	0	0	0	0
L1593195-R002	biblical_book	Gen	48	8		4Q6	1606647	f1	13	1593195				books/DSS-Genesis.txt	1357033	1676	1940222-1940223	2	1	46270d92ab0984c95eedec7ba5645f16351369271c134cd4c5bc15c743f010ae	linguistics/books/DSS-Genesis-Linguistics.txt	1973489	1142	d3329a7d46049715fc964ba15edda4555d2ba9c52d710dad9be3f5eaf78621ed	NO_LETTER_RECONSTRUCTION_MARKED	4	4	0	0	4	0	0	0	0	0	0	0	0
L1593196-R001	biblical_book	Gen	48	8		4Q6	1606647	f1	14	1593196				books/DSS-Genesis.txt	1358709	2606	1940224-1940232	9	0	ec65401b9699e8d95ac7163c10bf1081c3e96c26dd2b1cce6eca3908c552fe70	linguistics/books/DSS-Genesis-Linguistics.txt	1974631	4026	f5ffc5e77f318b066d7315f96cf6107e042e94e5bc06a5983ca1c2e336f78fff	NO_LETTER_RECONSTRUCTION_MARKED	26	24	0	3	21	0	3	0	1	0	0	0	0
L1593196-R002	biblical_book	Gen	48	9		4Q6	1606647	f1	14	1593196				books/DSS-Genesis.txt	1361315	2173	1940233-1940236	4	1	6398ccf7ae26ac6f39c087f714fe9d65480045a2eeb9c3ac135218215bed62e3	linguistics/books/DSS-Genesis-Linguistics.txt	1978657	2001	436c35e32b36aa27689ee12d68f949c372fd75a8ce0b5452806aaf870f5586c9	NO_LETTER_RECONSTRUCTION_MARKED	13	12	0	1	11	0	1	0	0	0	0	0	0
L1593197-R001	biblical_book	Gen	48	9		4Q6	1606647	f1	15	1593197				books/DSS-Genesis.txt	1363488	4183	1940237-1940251	15	1	ddcd431ec025293c4f4f89d18f15a3a2936597b884cbe4f0c29d70477b7dc1fb	linguistics/books/DSS-Genesis-Linguistics.txt	1980658	6299	c36afe0e939f1b283e0a8263a1206d4cfcf3a5ad5badfda066e34ea9964f0891	NO_LETTER_RECONSTRUCTION_MARKED	43	37	0	4	33	0	4	0	1	0	0	0	0
L1593198-R001	biblical_book	Gen	48	10		4Q6	1606647	f1	16	1593198				books/DSS-Genesis.txt	1367671	3659	1940252-1940264	13	1	3b9d98bfc70c23f2846e1c717fa2aacd80d1fd5e025fee8a18129fe01cb232af	linguistics/books/DSS-Genesis-Linguistics.txt	1986957	5659	581968ef533619c19609c5927d0a73ead591814fdbfedcffa3397668e623f9f6	NO_LETTER_RECONSTRUCTION_MARKED	38	37	0	6	31	0	6	0	0	0	0	0	0
L1593199-R001	biblical_book	Gen	48	10		4Q6	1606647	f1	17	1593199				books/DSS-Genesis.txt	1371330	2695	1940265-1940272	8	0	092e08ba19e29a6c01b5fa8d3e209e8055e93b5d86adc5afced8f7d84f10add3	linguistics/books/DSS-Genesis-Linguistics.txt	1992616	3456	646d3bca50f590c3d9b07105010d3915043794d1741c1ce60358f272b37ccd1b	NO_LETTER_RECONSTRUCTION_MARKED	24	19	0	2	17	0	2	0	1	0	0	0	0
L1593199-R002	biblical_book	Gen	48	11		4Q6	1606647	f1	17	1593199				books/DSS-Genesis.txt	1374025	2402	1940273-1940278	6	1	8817cdf8be13388c7c3ca3be3c7a089d4bd656c8a2061172cc1429a21baa0e71	linguistics/books/DSS-Genesis-Linguistics.txt	1996072	2814	19686badfb80372cb25f49509a8f180e3ad9be11a47edfcb05eea7f3e05f45fc	NO_LETTER_RECONSTRUCTION_MARKED	18	16	0	3	13	0	3	0	1	0	0	0	0
L1593200-R001	biblical_book	Gen	1	1		4Q7	1606648	f1	1	1593200				books/DSS-Genesis.txt	1376476	2956	1940279-1940290	12	0	3a896eee0c4657d007bffe96c3743bbdee40a8ac21214b4a28230f3d9a407d87	linguistics/books/DSS-Genesis-Linguistics.txt	1998935	5146	389902e5b5b19872cdfe2378c21f0ff31bad01d031c6840a08dc04e60adf037b	PARTLY_RECONSTRUCTED	30	28	5	2	21	5	2	0	1	0	0	0	0
L1593200-R002	biblical_book	Gen	1	2		4Q7	1606648	f1	1	1593200				books/DSS-Genesis.txt	1379432	2692	1940291-1940299	9	1	6546232a7efe383c0a4a10200fc9c2dad7d38e36166285bb3463f948449ee8a2	linguistics/books/DSS-Genesis-Linguistics.txt	2004081	3931	871f3a33363a23b8143de27fb1afaf5c9c3934b227db3d8e3b91df21fdab30f9	ALL_LETTER_SLOTS_RECONSTRUCTED	20	20	20	0	0	20	0	0	0	0	0	0	0
L1593201-R001	biblical_book	Gen	1	2		4Q7	1606648	f1	2	1593201				books/DSS-Genesis.txt	1382124	2990	1940300-1940311	12	0	d81a39e02515ab02e760a0173975b6147c78e2569b538c3fd1cec315490a9042	linguistics/books/DSS-Genesis-Linguistics.txt	2008012	5254	b0d9cbe0ed63b678d650f351b1e7dcf70c89f6eb36ea245e4021096eb3f1a75f	PARTLY_RECONSTRUCTED	34	32	7	2	23	9	2	0	1	0	0	0	0
L1593201-R002	biblical_book	Gen	1	3		4Q7	1606648	f1	2	1593201				books/DSS-Genesis.txt	1385114	2182	1940312-1940316	5	1	77c53829f3ff7c29f909161bf862f8e651ac684d0f1e8d91f4eab86acdda4da4	linguistics/books/DSS-Genesis-Linguistics.txt	2013266	2421	c70c733eaa0b60b8113114f8db0bb8c9c3ab5a0a9448f2fabd09165e8fde5be0	ALL_LETTER_SLOTS_RECONSTRUCTED	16	16	16	0	0	16	0	0	0	0	0	0	0
L1593202-R001	biblical_book	Gen	1	3		4Q7	1606648	f1	3	1593202				books/DSS-Genesis.txt	1387296	1694	1940317-1940320	4	0	f31b881e3e884f5b7926485957b3068a5511b8a9eaeaf72618ef74f276a973f1	linguistics/books/DSS-Genesis-Linguistics.txt	2015687	1890	f93a04f00c221fa140f708dca5af46b85e82f3f8cbccbbfb8f6a52a2d72e7060	ALL_LETTER_SLOTS_RECONSTRUCTED	9	7	7	0	0	9	0	0	1	0	0	0	0
L1593202-R002	biblical_book	Gen	1	4		4Q7	1606648	f1	3	1593202				books/DSS-Genesis.txt	1388990	4421	1940321-1940339	19	1	87718a3bcfb33f660cc2eb2c228331a4e2a664f0542dbd62ebb80383da57c288	linguistics/books/DSS-Genesis-Linguistics.txt	2017577	7929	c3b184d602442c68057503ed1421feb4cc26c8afa85b0e611b2eb0e40d47f653	PARTLY_RECONSTRUCTED	47	45	19	3	23	19	3	0	1	0	0	0	0
L1593203-R001	biblical_book	Gen	1	5		4Q7	1606648	f1	4	1593203				books/DSS-Genesis.txt	1393411	4185	1940340-1940356	17	2	d098eafcc38be779b0c467d5c52358e6477ae0f8210385d70545eb46ec9b11fa	linguistics/books/DSS-Genesis-Linguistics.txt	2025506	7198	6e485a0a8f4fd7401249b1a9cbf66888acd5074ea8410aca59fcd439ea7f1b28	PARTLY_RECONSTRUCTED	44	44	19	0	25	19	0	0	0	0	0	0	0
L1593204-R001	biblical_book	Gen	1	5		4Q7	1606648	f1	5	1593204				books/DSS-Genesis.txt	1397596	2486	1940357-1940359	3	3	db0515f9ce9722bf0b937ceae32c6606a6bbec2bfe7b34fbc09862861d99526b	linguistics/books/DSS-Genesis-Linguistics.txt	2032704	1536	6832d396f89f62384dbca6882bdcdb210fcfac30a9c98af1ea428de4fb24bbb6	NO_LETTER_RECONSTRUCTION_MARKED	8	6	0	0	6	0	0	0	1	0	0	0	0
L1593205-R001	biblical_book	Gen	1	6		4Q7	1606648	f1	6	1593205				books/DSS-Genesis.txt	1400082	3664	1940360-1940376	17	0	644a0deb393b965aedbb2ded99432798f1aec21e87a39bab7417f3849a31c209	linguistics/books/DSS-Genesis-Linguistics.txt	2034240	7171	abc038c49f7b726d6a5c047177e030084df8a464f141859bd481f0adde3dd10d	PARTLY_RECONSTRUCTED	46	44	13	1	30	15	1	0	1	0	0	0	0
L1593205-R002	biblical_book	Gen	1	7		4Q7	1606648	f1	6	1593205				books/DSS-Genesis.txt	1403746	1689	1940377-1940378	2	1	b56dead058928774073c522391bd89b0b2d970c09b85f8431c7d8f166b66fe5b	linguistics/books/DSS-Genesis-Linguistics.txt	2041411	1150	ce048d1dc221af5a2a8f97450f5881c0d38e30b3825c08ef31b8e95a92279745	ALL_LETTER_SLOTS_RECONSTRUCTED	4	4	4	0	0	4	0	0	0	0	0	0	0
L1593206-R001	biblical_book	Gen	1	7		4Q7	1606648	f1	7	1593206				books/DSS-Genesis.txt	1405435	4122	1940379-1940397	19	1	1ae5f545633bf9979c888898afd20cbe9fb4a585ff83fd15e14dae3a085cd8af	linguistics/books/DSS-Genesis-Linguistics.txt	2042561	8006	1c04e56ddae8d342c0dae2f25efc8d020ee0cb84ffd7d0faef9a47030bf11dfc	PARTLY_RECONSTRUCTED	47	47	17	0	30	17	0	0	0	0	0	0	0
L1593207-R001	biblical_book	Gen	1	7		4Q7	1606648	f1	8	1593207				books/DSS-Genesis.txt	1409557	2172	1940398-1940405	8	0	a47d5fb1bfd55bf87839a6866c3b09df170297f932ba64f2c822797aaad89c90	linguistics/books/DSS-Genesis-Linguistics.txt	2050567	3444	e0d4306199bbb0f384879084dd1d832436f5a61261fb96e6533300f2d05c3d38	NO_LETTER_RECONSTRUCTION_MARKED	16	14	0	0	14	0	0	0	1	0	0	0	0
L1593207-R002	biblical_book	Gen	1	8		4Q7	1606648	f1	8	1593207				books/DSS-Genesis.txt	1411729	3208	1940406-1940417	12	1	9248e39096cd5d4aecefff83c64f861476cef1f61bd4cf5f83a3fe9699e98c46	linguistics/books/DSS-Genesis-Linguistics.txt	2054011	5254	03da2913efeea14df8c81633e963ca5b2d8da22e643f401dc4c278d2ab7cbf10	PARTLY_RECONSTRUCTED	33	33	17	1	15	17	1	0	0	0	0	0	0
L1593208-R001	biblical_book	Gen	1	8		4Q7	1606648	f1	9	1593208				books/DSS-Genesis.txt	1414937	2486	1940418-1940420	3	3	9205483df0aa40a215a3f8f5542551c8fe73f2d782746af1153db75a722219e7	linguistics/books/DSS-Genesis-Linguistics.txt	2059265	1534	3aad65731a79fbde4834c124d39a90b3e81e41b0a3036c29f08ff4122b7f0db6	NO_LETTER_RECONSTRUCTION_MARKED	8	6	0	0	6	0	0	0	1	0	0	0	0
L1593209-R001	biblical_book	Gen	1	9		4Q7	1606648	f1	10	1593209				books/DSS-Genesis.txt	1417423	3556	1940421-1940435	15	1	937c244aa4ae2d4ab2abded999ffd9235aecc42aed93e60ee598341b9c9e4cc7	linguistics/books/DSS-Genesis-Linguistics.txt	2060799	6416	ae1f1735fdd4a72b6b4923eb21eb68a564ffd8b4b3a82e08c158c6da7d6452dc	PARTLY_RECONSTRUCTED	41	41	14	0	27	14	0	0	0	0	0	0	0
L1593210-R001	biblical_book	Gen	1	9		4Q7	1606648	f1	11	1593210				books/DSS-Genesis.txt	1420979	2170	1940436-1940441	6	0	b0470a2da33a71de5d464e07b251ad6c0e205a96963420c43a65dceed544048c	linguistics/books/DSS-Genesis-Linguistics.txt	2067215	2733	e23ed98b42414e119b7fcb0f2809d53be6b98941dd63e159363926bdec8e7edf	PARTLY_RECONSTRUCTED	13	11	5	6	0	5	6	0	1	0	0	0	0
L1593210-R002	biblical_book	Gen	1	10		4Q7	1606648	f1	11	1593210				books/DSS-Genesis.txt	1423149	3389	1940442-1940453	12	1	00003cc9a02129625ed086c50a8bba4f359288122d9b6829d4d38833b007d4ff	linguistics/books/DSS-Genesis-Linguistics.txt	2069948	5246	68273159389372cc596284a1ba788145bd623766d2aca995c1870f4957bf19a7	PARTLY_RECONSTRUCTED	31	31	15	4	12	15	4	0	0	0	0	0	0
L1593211-R001	biblical_book	Gen	1	10		4Q7	1606648	f1	12	1593211				books/DSS-Genesis.txt	1426538	2146	1940454-1940460	7	0	4a4e5dba096c4975964e22c87572952da8f2e082649c8ece2b8e983a963a34d6	linguistics/books/DSS-Genesis-Linguistics.txt	2075194	3166	6bf4d1c9757a9cd80453087b698863d5e3930ae61ed5b047d4429eebcd7aa76c	PARTLY_RECONSTRUCTED	20	18	13	0	5	13	0	0	1	0	0	0	0
L1593211-R002	biblical_book	Gen	1	11		4Q7	1606648	f1	12	1593211				books/DSS-Genesis.txt	1428684	3225	1940461-1940469	9	2	1bbb571fecfd020f8204579c439918208dd34edb1bb4d0e42fcc3af18cd01803	linguistics/books/DSS-Genesis-Linguistics.txt	2078360	3947	ef2fd6271378aa25ebd3144cca2e77ac43320cab54f8d2926dfcf830426696bc	PARTLY_RECONSTRUCTED	25	21	17	1	3	19	1	1	2	0	0	0	0
L1593212-R001	biblical_book	Gen	1	13		4Q7	1606648	f2	1	1593212				books/DSS-Genesis.txt	1431909	2680	1940470-1940476	7	1	64463913b17c7f522f7111caa654e5bf0dafe527c8591479e96c28fa75d991aa	linguistics/books/DSS-Genesis-Linguistics.txt	2082307	3155	d01c33c28e3cbb2db66d72536c335528ec6c48ba0b9cf6ecc23bd227d69997a1	NO_LETTER_RECONSTRUCTION_MARKED	18	14	0	5	9	2	5	1	2	0	0	0	0
L1593213-R001	biblical_book	Gen	1	14		4Q7	1606648	f2	2	1593213				books/DSS-Genesis.txt	1434589	3600	1940477-1940490	14	1	7726ddbe163b2225531bdc933ee45428223a5f0867cbba84a0c8976c380012a6	linguistics/books/DSS-Genesis-Linguistics.txt	2085462	6086	1f37cf8b7ea0ffd1442588eb42a628892effd9084d45edc681789ed5a181e3ec	PARTLY_RECONSTRUCTED	41	41	19	1	16	19	1	0	0	0	5	0	0
L1593214-R001	biblical_book	Gen	1	14		4Q7	1606648	f2	3	1593214				books/DSS-Genesis.txt	1438189	3462	1940491-1940506	16	0	751a59eb4fcfd055f33f100a43b9d6ca58e185b51c245244d43989f1c4bc36df	linguistics/books/DSS-Genesis-Linguistics.txt	2091548	6636	2daa336811e9b584dfb94e7973c37a3ce4f8584039f19c8a5b40aee633aae457	PARTLY_RECONSTRUCTED	38	36	9	3	24	11	3	0	1	0	0	0	0
L1593214-R002	biblical_book	Gen	1	15		4Q7	1606648	f2	3	1593214				books/DSS-Genesis.txt	1441651	1992	1940507-1940510	4	1	944291b68f2d1cfc447f1cd26a4e5d9bfe75c93466e8d06b3cffca017820e321	linguistics/books/DSS-Genesis-Linguistics.txt	2098184	1953	eb34ba4f9b6c326b88f704149638438882a5261528a147dea19211bf552a57b4	ALL_LETTER_SLOTS_RECONSTRUCTED	10	10	10	0	0	10	0	0	0	0	0	0	0
L1593215-R001	biblical_book	Gen	1	15		4Q7	1606648	f2	4	1593215				books/DSS-Genesis.txt	1443643	2937	1940511-1940523	13	0	7863d25d3be6414e9af09c0a3f3ecf7bb998dd1e65d98ea559faece015128b45	linguistics/books/DSS-Genesis-Linguistics.txt	2100137	5460	7d47a06a3ddbf6539aa72bc8937f5221b5981666aaaf6bfebb0fb8ef403d0c11	PARTLY_RECONSTRUCTED	29	27	1	1	25	3	1	0	1	0	0	0	0
L1593215-R002	biblical_book	Gen	1	16		4Q7	1606648	f2	4	1593215				books/DSS-Genesis.txt	1446580	1864	1940524-1940526	3	1	b922fa8fdd853c0944e197f9236946eb74ec1388fe7a0ee0a45c243b2dc161ad	linguistics/books/DSS-Genesis-Linguistics.txt	2105597	1619	cc0ccd14ab2a9474d3b5ef5838052111a08681ec9fbfc7c1554063b4933b9d5c	ALL_LETTER_SLOTS_RECONSTRUCTED	9	9	9	0	0	9	0	0	0	0	0	0	0
L1593216-R001	biblical_book	Gen	1	16		4Q7	1606648	f2	5	1593216				books/DSS-Genesis.txt	1448444	4119	1940527-1940543	17	1	973e03088a5edda2c329a4a44036643ac43b90a105587297ff930302f8a3f326	linguistics/books/DSS-Genesis-Linguistics.txt	2107216	7215	ed5f3f9e5befce5b59e94d8c936954dd41ef85b6ca578886af82bbd3e9bf76bb	PARTLY_RECONSTRUCTED	42	42	18	4	20	18	4	0	0	0	0	0	0
L1593217-R001	biblical_book	Gen	1	16		4Q7	1606648	f2	6	1593217				books/DSS-Genesis.txt	1452563	3314	1940544-1940556	13	0	e4bb0ba7a0b7ba21f12fa4238a858e239ef0d7d7c7b8aa10d439d6a01edf3733	linguistics/books/DSS-Genesis-Linguistics.txt	2114431	5557	50560a7a4d277a63e19be195fac15eb313ff8e8126ff0e94147c1d86337dbd4e	PARTLY_RECONSTRUCTED	33	31	5	4	22	7	4	0	1	0	0	0	0
L1593217-R002	biblical_book	Gen	1	17		4Q7	1606648	f2	6	1593217				books/DSS-Genesis.txt	1455877	2150	1940557-1940560	4	1	2fbd4d8abab65937d04fdfffc3831005c3b5fa953c33e0891011daa87a8d8ce7	linguistics/books/DSS-Genesis-Linguistics.txt	2119988	2011	a328847e4c3fba571dda9d9caf08504a663cf4f382c223f7b0c2fcd3b38fd8fd	ALL_LETTER_SLOTS_RECONSTRUCTED	13	12	12	0	0	13	0	0	0	0	0	0	0
L1593218-R001	biblical_book	Gen	1	17		4Q7	1606648	f2	7	1593218				books/DSS-Genesis.txt	1458027	2516	1940561-1940570	10	0	95e5ec407b71645c0529006a84b89ac73d3c0f655c3865f6c31abac48e4be55d	linguistics/books/DSS-Genesis-Linguistics.txt	2121999	4310	3376c253b116f56773ed1ecca00941a4228989e507487faf63f44c9fe47c5ea1	PARTLY_RECONSTRUCTED	23	21	9	1	11	9	1	0	1	0	0	0	0
L1593218-R002	biblical_book	Gen	1	18		4Q7	1606648	f2	7	1593218				books/DSS-Genesis.txt	1460543	2923	1940571-1940581	11	1	505404b2ceaca6eca9bfc3840e448243a2f5bf25897415ab07d6dd30f57f548b	linguistics/books/DSS-Genesis-Linguistics.txt	2126309	4663	83dcd8a7f3c2a1bc0fc4f15cc05480435d203ab5c3810874de22da8ea98a11ad	PARTLY_RECONSTRUCTED	23	23	16	1	6	16	1	0	0	0	0	0	0
L1593219-R001	biblical_book	Gen	1	18		4Q7	1606648	f2	8	1593219				books/DSS-Genesis.txt	1463466	3094	1940582-1940594	13	0	3d3d22bc2688afa3b3bcc0827748790cb9fa03105c481d1facf03082af0a20d7	linguistics/books/DSS-Genesis-Linguistics.txt	2130972	5546	ebe7ccee3b834dd55113c8364765452851a46fbfc01fa0aef5c8d2355c36d061	PARTLY_RECONSTRUCTED	31	29	9	1	19	9	1	0	1	0	0	0	0
L1593219-R002	biblical_book	Gen	1	19		4Q7	1606648	f2	8	1593219				books/DSS-Genesis.txt	1466560	2283	1940595-1940600	6	1	78d4677bb0765edd63debe72622019e7f820f9417c82a917ea178ac3a966a67d	linguistics/books/DSS-Genesis-Linguistics.txt	2136518	2764	8e0b755f3e012ffbd18c3518afeec800ef1d7391322171e6eb06d8e76a1839a9	ALL_LETTER_SLOTS_RECONSTRUCTED	14	14	14	0	0	14	0	0	0	0	0	0	0
L1593220-R001	biblical_book	Gen	1	19		4Q7	1606648	f2	9	1593220				books/DSS-Genesis.txt	1468843	2634	1940601-1940603	3	3	3b1382b4beddc145cd13f3a4d8ca2244344cfe7ef39649ad88ae058127361aa5	linguistics/books/DSS-Genesis-Linguistics.txt	2139282	1601	035b737cf71d95c3d3c8c05f804d55fa78b0a4233a67dbc8ffc2c61aa281f0c5	PARTLY_RECONSTRUCTED	10	8	6	1	1	6	1	0	1	0	0	0	0
L1593221-R001	biblical_book	Gen	1	20		4Q7	1606648	f2	10	1593221				books/DSS-Genesis.txt	1471477	3872	1940604-1940618	15	1	ceb9842f91c6dd391ab1134f1c792d01c02f65c7193227c13757c85da13c7703	linguistics/books/DSS-Genesis-Linguistics.txt	2140883	6438	57d38fe4146b41992bd95cf9df806cac218759d5fa55004ca6a7300e1553ddb4	PARTLY_RECONSTRUCTED	43	43	27	3	13	27	3	0	0	0	0	0	0
L1593222-R001	biblical_book	Gen	1	20		4Q7	1606648	f2	11	1593222				books/DSS-Genesis.txt	1475349	2018	1940619-1940624	6	0	9bde1126dec70e0cf59d4a64910ce48c0771c0359ea890020d8bd1cca9d241fa	linguistics/books/DSS-Genesis-Linguistics.txt	2147321	2790	f0a0295c3a46f8e9989cf3241cc452b0d13ab72524efa47d4113d0c730429dc8	ALL_LETTER_SLOTS_RECONSTRUCTED	16	14	14	0	0	16	0	0	1	0	0	0	0
L1593222-R002	biblical_book	Gen	1	21		4Q7	1606648	f2	11	1593222				books/DSS-Genesis.txt	1477367	2848	1940625-1940634	10	1	7dcb07edd7f58fc353e2df4c406dd1f06f06fb7b5a0ce05d60e1008df059c009	linguistics/books/DSS-Genesis-Linguistics.txt	2150111	4426	ad76afd70257cd736a441783d29323ad1f24f613e4b56760701a031bca64b441	PARTLY_RECONSTRUCTED	28	28	9	0	19	9	0	0	0	0	0	0	0
L1593223-R001	biblical_book	Gen	1	21		4Q7	1606648	f2	12	1593223				books/DSS-Genesis.txt	1480215	4188	1940635-1940651	17	1	bd57fd8bbcda99d50ad032d488abf94166455e106fe9f7372c91ca51cdf6be79	linguistics/books/DSS-Genesis-Linguistics.txt	2154537	7117	5d238a3994843d53702631be55f9a5752a90af5b35128b4369adc92c4ffa27b8	PARTLY_RECONSTRUCTED	44	43	26	3	14	27	3	0	0	0	0	0	0
L1593224-R001	biblical_book	Gen	1	21		4Q7	1606648	f2	13	1593224				books/DSS-Genesis.txt	1484403	2410	1940652-1940659	8	0	16c7c3e103abbe7597e933e254876423e2d5c5c4008d29fac7d74241c582e0a2	linguistics/books/DSS-Genesis-Linguistics.txt	2161654	3553	bd19b4a06f155febecee30fc3b996d948df0e1ba33c7f975eb689d35bcb6eb80	PARTLY_RECONSTRUCTED	23	20	10	0	10	11	0	0	1	0	0	0	0
L1593224-R002	biblical_book	Gen	1	22		4Q7	1606648	f2	13	1593224				books/DSS-Genesis.txt	1486813	2969	1940660-1940668	9	1	b14ba3ec6e965f365cb7ddefa0311010f9d9db851f99e52174c1c1a953c8abe1	linguistics/books/DSS-Genesis-Linguistics.txt	2165207	3976	101b2eb234188e8964179540f32ce5440b949d5600ccddc178f5989a6ff349e8	PARTLY_RECONSTRUCTED	25	24	20	1	3	21	1	0	0	0	0	0	0
L1593225-R001	biblical_book	Gen	1	22		4Q7	1606648	f2	14	1593225				books/DSS-Genesis.txt	1489782	3611	1940669-1940682	14	1	f14033a36ae27bfeafc39cb199ac40a130883ca55bbcc0fdcf2a87eda15accc8	linguistics/books/DSS-Genesis-Linguistics.txt	2169183	5803	26b10fa4f487ec906f1f2a8363bf69434a10a2a66158def6dde9ae610f525135	PARTLY_RECONSTRUCTED	31	29	18	4	7	20	4	0	1	0	0	0	0
L1593226-R001	biblical_book	Gen	2	6		4Q7	1606648	f3	1	1593226				books/DSS-Genesis.txt	1493393	1579	1940683-1940685	3	0	e95ae669443a8db9ee645419cb766f2d9a9bacb933c5aa5a20b85e1f58788fef	linguistics/books/DSS-Genesis-Linguistics.txt	2174986	1452	f728c5bda4b29ce46a336db4500202bc607daf69ffb5b915e87ccaff8c7cd1f3	NO_LETTER_SLOTS	6	0	0	0	0	3	1	1	3	0	0	0	0
L1593226-R002	biblical_book	Gen	2	7		4Q7	1606648	f3	1	1593226				books/DSS-Genesis.txt	1494972	3529	1940686-1940698	13	1	468b3ab61bab7b3887a34e65a65afe4c514cb37304f54f65894cf09f5c470d25	linguistics/books/DSS-Genesis-Linguistics.txt	2176438	5503	f9c08a49d96099b81af51643f7a930592424a8f9f7e9dc4cf82c6135fa4b5060	PARTLY_RECONSTRUCTED	34	30	24	0	5	26	0	1	2	0	1	0	0
L1593227-R001	biblical_book	Gen	1	8		4Q8a	1606649	f1	1	1593227				books/DSS-Genesis.txt	1498551	1907	1940699-1940701	3	1	83e634ec7fdfff3cafca8e9457b48a57fbca0bb6e6dc34230fa186940c8f0e8e	linguistics/books/DSS-Genesis-Linguistics.txt	2181991	1438	c9eef07db486bfb2e1b0f5ee8779375c10adc211de65e78c89e7a523d21e7985	NO_LETTER_RECONSTRUCTION_MARKED	5	1	0	1	0	4	1	1	2	0	0	0	0
L1593228-R001	biblical_book	Gen	1	9		4Q8a	1606649	f1	2	1593228				books/DSS-Genesis.txt	1500458	3077	1940702-1940712	11	1	2620f29ea6d3152505f44787459ea7c01dd4f70070f773e4880299c1eb58cabc	linguistics/books/DSS-Genesis-Linguistics.txt	2183429	4799	f7f3c7259b02b46070e6e330e64fec7e3b07923c268827004a7e9094582971d4	PARTLY_RECONSTRUCTED	29	29	24	1	4	24	1	0	0	0	0	0	0
L1593229-R001	biblical_book	Gen	1	9		4Q8a	1606649	f1	3	1593229				books/DSS-Genesis.txt	1503535	2564	1940713-1940722	10	0	d82d4a771375ddfd7ea63a4fa4546966caf6099e233e9c5d5d65304fbcff23e3	linguistics/books/DSS-Genesis-Linguistics.txt	2188228	4334	c9109d9edb5217a77f31c279a906acc549b8e1aeb835e7baeeb361c22d3e9577	PARTLY_RECONSTRUCTED	25	23	19	0	4	21	0	0	1	0	0	0	0
L1593229-R002	biblical_book	Gen	1	10		4Q8a	1606649	f1	3	1593229				books/DSS-Genesis.txt	1506099	1881	1940723-1940725	3	1	1c0ec61f59d0d0433c5889b9e1736bb1d2043d37d26470b8b123ad569a2a6858	linguistics/books/DSS-Genesis-Linguistics.txt	2192562	1623	1018ca81c4bd55f5307ed61b79572eeff87bf0134189edd64b192b6d0426d2ed	ALL_LETTER_SLOTS_RECONSTRUCTED	10	10	10	0	0	10	0	0	0	0	0	0	0
L1593230-R001	biblical_book	Gen	1	10		4Q8a	1606649	f1	4	1593230				books/DSS-Genesis.txt	1507980	3538	1940726-1940739	14	1	42ecbfc6a9b40ebb9f279e3382f54040bd534949458bc034cbbe184551876a90	linguistics/books/DSS-Genesis-Linguistics.txt	2194185	5962	7cab086e8173c088f97cb9830069b0b7caaa8cea11c786ef8cbc58359eba2fd0	PARTLY_RECONSTRUCTED	36	34	29	1	4	31	1	0	1	0	0	0	0
L1593231-R001	biblical_book	Gen	2	17		4Q8b	1606650	f1	1	1593231				books/DSS-Genesis.txt	1511568	2561	1940740-1940746	7	0	f21754b38bc2733e11d7b5fb4ea1e7fa35862de6e26a68a28b9bc8cda45b4c37	linguistics/books/DSS-Genesis-Linguistics.txt	2200197	3151	16d7860183203bbea7d9883df8bec8f78cbdaa8303a9c649a1ecd410ab9d8594	PARTLY_RECONSTRUCTED	23	19	14	1	4	18	1	0	1	0	0	0	0
L1593231-R002	biblical_book	Gen	2	18		4Q8b	1606650	f1	1	1593231				books/DSS-Genesis.txt	1514129	2340	1940747-1940752	6	1	7961b04ec5210cb00ae31afc7c4b3be5a54d8f3182cd8e59ebec583ea6de07df	linguistics/books/DSS-Genesis-Linguistics.txt	2203348	2822	406270149a6459e5ddfdd5048db1667b32f15500b5ce36c35e95aab30236fc3e	ALL_LETTER_SLOTS_RECONSTRUCTED	19	19	19	0	0	19	0	0	0	0	0	0	0
L1593232-R001	biblical_book	Gen	2	18		4Q8b	1606650	f1	2	1593232				books/DSS-Genesis.txt	1516469	3504	1940753-1940763	11	1	98c718d7c41f162ba5b51d0d962ca99fab97a6d16ac87c9cdb9c528949a663bf	linguistics/books/DSS-Genesis-Linguistics.txt	2206170	4737	15012e3e50860371aeffa283606ae10d12ca322537d54754a7a95a5e16076542	PARTLY_RECONSTRUCTED	31	26	22	1	3	27	1	0	1	0	0	0	0
L1593233-R001	biblical_book	Gen	12	4		4Q8c	1606651	f1	1	1593233				books/DSS-Genesis.txt	1520023	2411	1940764-1940769	6	1	673fc4fc21c7bbe590d6f5b46d33e92ec7c35cea2a1e5cea0581665df4da883a	linguistics/books/DSS-Genesis-Linguistics.txt	2210957	2692	fbdcc245fb967465fba0bd467de1dccd490cbc8bce269adc12840c1e044ff32a	NO_LETTER_RECONSTRUCTION_MARKED	15	7	0	0	7	5	1	2	4	0	0	0	0
L1593234-R001	biblical_book	Gen	12	5		4Q8c	1606651	f1	2	1593234				books/DSS-Genesis.txt	1522434	2374	1940770-1940775	6	1	65dd48144e654dcfb56bc901dc3007100d3654e575b020c95c930d0d1d26ae65	linguistics/books/DSS-Genesis-Linguistics.txt	2213649	2622	1651c39569e45375d135a3f559fb84fda4b1daad85ed59c40ec4ba1c6b1a0a01	NO_LETTER_RECONSTRUCTION_MARKED	12	4	0	0	4	5	1	2	4	0	0	0	0
L1593235-R001	biblical_book	Gen	1	1		4Q8d	1606652	f1	1	1593235				books/DSS-Genesis.txt	1524858	1589	1940776-1940778	3	0	fcb0cb9c4fe30acfb3fed61f883e11a1de1a3499e0684794a4913391d660d967	linguistics/books/DSS-Genesis-Linguistics.txt	2216321	1537	50478cd04f338fc2eeee09b5d0ff6b3f03e477fdcbf9b5adfc7f41418fed8f84	NO_LETTER_RECONSTRUCTION_MARKED	7	5	0	1	4	0	1	0	1	0	0	0	0
L1593236-R001	biblical_book	Gen	41	15		4Q9	1606653	f1	1	1593236				books/DSS-Genesis.txt	1526496	4012	1940779-1940794	16	0	c6ec87822d0b8824fc582916ec7cc01dac8b67a5d8bce7a5dc3cec245d7233fd	linguistics/books/DSS-Genesis-Linguistics.txt	2217907	6748	6a8895f7d66cd54783ae9af1d1e7a6e5d8939cfc3ee5277f39cebef08d0c28f7	PARTLY_RECONSTRUCTED	47	42	40	2	0	45	2	0	1	0	0	0	0
L1593236-R002	biblical_book	Gen	41	16		4Q9	1606653	f1	1	1593236				books/DSS-Genesis.txt	1530508	1856	1940795-1940797	3	1	bc660d396ae025cd4ea460455f93135d6c62880a8d5718cc9d8bcaa923e5b08b	linguistics/books/DSS-Genesis-Linguistics.txt	2224655	1587	4039cad0a2703e0aa3c7e960287ea82612a3bf4905b6913a91bcdb427e566a11	ALL_LETTER_SLOTS_RECONSTRUCTED	8	8	8	0	0	8	0	0	0	0	0	0	0
L1593237-R001	biblical_book	Gen	41	16		4Q9	1606653	f1	2	1593237				books/DSS-Genesis.txt	1532364	3293	1940798-1940809	12	0	330dc428d9a16a987040efe89e27f39b66d2c2b3a8d4cac3eed906c3e89578d5	linguistics/books/DSS-Genesis-Linguistics.txt	2226242	5418	c6605f613d35d182b6da15bc99d3125d1632bf66841fdd41bf414167f5c7b51f	PARTLY_RECONSTRUCTED	39	36	22	2	12	25	2	0	1	0	2	0	0
L1593237-R002	biblical_book	Gen	41	17		4Q9	1606653	f1	2	1593237				books/DSS-Genesis.txt	1535657	1866	1940810-1940812	3	1	7e1b857da4d53968a1b44b3260ce4f5cff751f8799443739902b0585278b33b6	linguistics/books/DSS-Genesis-Linguistics.txt	2231660	1618	b66cd9f1ebb73d6d2fc87dddecee449b2070f5ad30b3fd31cb073d3c93e4227a	ALL_LETTER_SLOTS_RECONSTRUCTED	9	9	9	0	0	9	0	0	0	0	0	0	0
L1593238-R001	biblical_book	Gen	41	17		4Q9	1606653	f1	3	1593238				books/DSS-Genesis.txt	1537523	3014	1940813-1940823	11	0	43a87d5c730b7c3dddbc297aa1b96e12f9157ebb4f9e9701fa5d9d9f45ce5895	linguistics/books/DSS-Genesis-Linguistics.txt	2233278	4793	73568e51207611b731b128d4e330c5621a258437c6e6fcbe018dd25816f0a564	PARTLY_RECONSTRUCTED	31	27	17	0	10	19	0	0	1	0	0	0	0
L1593238-R002	biblical_book	Gen	41	18		4Q9	1606653	f1	3	1593238				books/DSS-Genesis.txt	1540537	2678	1940824-1940831	8	1	5d18c3c10a807022cbf119af2cbb52cba18e4d6095af341b5df4c721190aecbf	linguistics/books/DSS-Genesis-Linguistics.txt	2238071	3624	b2a1e8daacca03094b1e637e1fbf45bd9c1c0389bdddd17d6d8aaaa2b07dcb6a	PARTLY_RECONSTRUCTED	20	20	17	1	2	17	1	0	0	0	0	0	0
L1593239-R001	biblical_book	Gen	41	18		4Q9	1606653	f1	4	1593239				books/DSS-Genesis.txt	1543215	3352	1940832-1940841	10	1	72f8880985bb1bb0593befc2fe044754e515e6cdcf53cc225dc8e14299e8325c	linguistics/books/DSS-Genesis-Linguistics.txt	2241695	4471	5d7d9ab2958631c92d85ad6e739fb3aa2923de4ff33696e8c2bd9f09d7f0e05e	PARTLY_RECONSTRUCTED	29	27	17	10	0	19	10	0	1	0	0	0	0
L1593240-R001	biblical_book	Gen	41	23		4Q9	1606653	f2i	1	1593240				books/DSS-Genesis.txt	1546567	2957	1940842-1940849	8	1	401575b776d25ba04d7aa63e0c5f664db93e47fea3fd829033c45b605ea0a914	linguistics/books/DSS-Genesis-Linguistics.txt	2246166	3669	67533362f609e74ed81defbe3c0326267730d3742a5d5aabf342dee0df81bed2	PARTLY_RECONSTRUCTED	24	21	17	2	2	19	3	1	1	0	0	0	0
L1593241-R001	biblical_book	Gen	41	23		4Q9	1606653	f2i	2	1593241				books/DSS-Genesis.txt	1549524	2102	1940850-1940854	5	0	fc2b4f96049892bb7dcb4e168446da57644bc4caf022ab4c0ec83eaaab5b82c5	linguistics/books/DSS-Genesis-Linguistics.txt	2249835	2444	0a91b033e98d699a0eb7145ef5559ff1631916a3dbd414149beb6cf1b880905c	ALL_LETTER_SLOTS_RECONSTRUCTED	23	20	20	0	0	23	0	0	1	0	0	0	0
L1593241-R002	biblical_book	Gen	41	24		4Q9	1606653	f2i	2	1593241				books/DSS-Genesis.txt	1551626	3013	1940855-1940861	7	1	9b27a6215055fe92f7bb50f24ecbd97c893ed9a4ac01a9698105195d10d4583b	linguistics/books/DSS-Genesis-Linguistics.txt	2252279	3254	2b05498cb554e193bff89b44de0d089b3a00bb8906acd142d6e03aefb2da7ca5	PARTLY_RECONSTRUCTED	20	20	9	5	5	9	5	0	0	0	3	0	0
L1593242-R001	biblical_book	Gen	41	24		4Q9	1606653	f2i	3	1593242				books/DSS-Genesis.txt	1554639	2634	1940862-1940867	6	1	d5eb073a0b0795437533fd105808094ff0a67fcf8a970f43681fa975205829af	linguistics/books/DSS-Genesis-Linguistics.txt	2255533	2857	e661d697070730538d2d10e1e617b6153d136bf8f045e973178edae1e852be1c	PARTLY_RECONSTRUCTED	17	17	6	5	6	6	5	0	0	0	0	0	0
L1593243-R001	biblical_book	Gen	41	24		4Q9	1606653	f2i	4	1593243				books/DSS-Genesis.txt	1557273	2663	1940868-1940877	10	0	477d5f6f2e48f600a7d7f84d2f7599c661e927d4b3395422ca3e7b26e3ceaad6	linguistics/books/DSS-Genesis-Linguistics.txt	2258390	4294	06a533aa93975194c2a4b5f4a2fa9ac2ed19d574ead705306a28031970829120	PARTLY_RECONSTRUCTED	26	23	21	0	2	21	0	0	1	0	0	0	0
L1593243-R002	biblical_book	Gen	41	25		4Q9	1606653	f2i	4	1593243				books/DSS-Genesis.txt	1559936	2024	1940878-1940881	4	1	2e1ce615416e3f721af9ae619ce0c251f6616606e9398b160194bc87484a3926	linguistics/books/DSS-Genesis-Linguistics.txt	2262684	1982	a99a64604625276bd64282cc3a2754cbedb1f9dadedaf333d235c58cde37bc0f	PARTLY_RECONSTRUCTED	11	11	1	0	10	1	0	0	0	0	0	0	0
L1593244-R001	biblical_book	Gen	41	25		4Q9	1606653	f2i	5	1593244				books/DSS-Genesis.txt	1561960	3072	1940882-1940891	10	1	04584c8b1ac725d2bbdcd649f475e16586eee6f52cf135acfd59ef654adf5bce	linguistics/books/DSS-Genesis-Linguistics.txt	2264666	4615	f83402493ef489a007b866259ca56873f7bbd959ca2d43a7ba5e5ca8814d524a	PARTLY_RECONSTRUCTED	32	32	24	2	6	24	2	0	0	0	0	0	0
L1593245-R001	biblical_book	Gen	41	25		4Q9	1606653	f2i	6	1593245				books/DSS-Genesis.txt	1565032	1722	1940892-1940895	4	0	77e9afc06810fa7ccccedfb779fc77dfa0eb455e0561f6fdf5d642aa4d549b5e	linguistics/books/DSS-Genesis-Linguistics.txt	2269281	1954	b307cfa251d7a06a580f1dccae0dd1955a8ffa29eb0903d75b4f7cfb9acfbbf1	ALL_LETTER_SLOTS_RECONSTRUCTED	11	9	9	0	0	11	0	0	1	0	0	0	0
L1593245-R002	biblical_book	Gen	41	26		4Q9	1606653	f2i	6	1593245				books/DSS-Genesis.txt	1566754	2591	1940896-1940902	7	1	9235090c796643c0e2b8cda737edd4961bcbc24841ff3e382b6685118dd40ec1	linguistics/books/DSS-Genesis-Linguistics.txt	2271235	3313	1ae98b949ba0ffcf4aa28c6bc905ee0137a3d34265a1f40dbcc01aecf32b72ed	PARTLY_RECONSTRUCTED	20	20	13	2	5	13	2	0	0	0	0	0	0
L1593246-R001	biblical_book	Gen	41	26		4Q9	1606653	f2i	7	1593246				books/DSS-Genesis.txt	1569345	3108	1940903-1940913	11	1	c8cd2d1403417dc13b07763e4cf29b0a70275998292d279232b88e8c70b94c29	linguistics/books/DSS-Genesis-Linguistics.txt	2274548	4933	845c625d59f1509db1e81e88726ad8c62791aa1ba8e69d8b5e2d8403abdf10a8	PARTLY_RECONSTRUCTED	31	31	27	1	3	27	1	0	0	0	0	0	0
L1593247-R001	biblical_book	Gen	41	26		4Q9	1606653	f2i	8	1593247				books/DSS-Genesis.txt	1572453	1423	1940914-1940915	2	0	6e31628a2dda798a17fdcc2e44b5e09cd4abd531decbffe25bdd066c94535df1	linguistics/books/DSS-Genesis-Linguistics.txt	2279481	1131	6f23f470eb25f4d1a797b173e5a58712fd57220fe3d5ca2c3dc02e73841634e7	ALL_LETTER_SLOTS_RECONSTRUCTED	5	3	3	0	0	5	0	0	1	0	0	0	0
L1593247-R002	biblical_book	Gen	41	27		4Q9	1606653	f2i	8	1593247				books/DSS-Genesis.txt	1573876	3905	1940916-1940930	15	1	145dcb5e07a959b3f3ed5a48db53d12edfca43d31edcaac891b50f500054ceca	linguistics/books/DSS-Genesis-Linguistics.txt	2280612	6395	ca3249cdb374753f3c3a294f2b8da2ea7af4d8e9d59dcc81d9abf12dedc854d7	PARTLY_RECONSTRUCTED	40	39	36	2	1	37	2	0	0	0	0	0	0
L1593248-R001	biblical_book	Gen	41	27		4Q9	1606653	f2i	9	1593248				books/DSS-Genesis.txt	1577781	3885	1940931-1940946	16	1	9cf39ff2c81170ad2376097d672b8e14b6c96bdcc00484e785274372ac3162b5	linguistics/books/DSS-Genesis-Linguistics.txt	2287007	6761	0624ebbe79d9056cc19978f7da2849588551303929d75de68314f82d85e31b5a	ALL_LETTER_SLOTS_RECONSTRUCTED	44	38	38	0	0	41	1	1	3	0	0	0	0
L1593249-R001	biblical_book	Gen	41	29		4Q9	1606653	f3_4	1	1593249				books/DSS-Genesis.txt	1581666	1788	1940947-1940948	2	1	93ff654e7e862cc2eb666069f923944d2c38bd2c5e77a5c49bd1265cb90a0033	linguistics/books/DSS-Genesis-Linguistics.txt	2293768	1137	80c1e7a027de6ad258bdda2f1b027f7f3e82dbbc2aa3b41154082e2c6ce0450b	NO_LETTER_SLOTS	6	0	0	0	0	3	3	1	2	0	0	0	0
L1593250-R001	biblical_book	Gen	41	29		4Q9	1606653	f3_4	2	1593250				books/DSS-Genesis.txt	1583454	2445	1940949-1940956	8	0	6834cedff2a92a91b10165188b3464d41ee27554509a5ae92789b739f4dcb1d9	linguistics/books/DSS-Genesis-Linguistics.txt	2294905	3672	1d70f663450301244c035784ff9d0d6dc6bdf249eeab1093767fb699474f3cbe	PARTLY_RECONSTRUCTED	24	22	19	1	2	19	1	0	1	0	0	0	0
L1593250-R002	biblical_book	Gen	41	30		4Q9	1606653	f3_4	2	1593250				books/DSS-Genesis.txt	1585899	2214	1940957-1940961	5	1	4a40df79388d5b7e960409d4064fb400359deec159f99af425ab7bbcb58c8839	linguistics/books/DSS-Genesis-Linguistics.txt	2298577	2434	525938252e085d0a7a2bc7d7af10bd1a5e613ac99788f662c92c754f7940a587	PARTLY_RECONSTRUCTED	14	14	6	1	7	6	1	0	0	0	0	0	0
L1593251-R001	biblical_book	Gen	41	30		4Q9	1606653	f3_4	3	1593251				books/DSS-Genesis.txt	1588113	3558	1940962-1940974	13	1	c5ce0d6b2c1cc9d1ddad9d7b98a609332fe4c82e6fe0ba9d733d3024bc34b100	linguistics/books/DSS-Genesis-Linguistics.txt	2301011	5624	140037b3d6a87ff9c1d211286906033baefd858922d465592a6bbc3cc36a1094	PARTLY_RECONSTRUCTED	35	34	19	2	13	20	2	0	0	0	0	0	0
L1593252-R001	biblical_book	Gen	41	30		4Q9	1606653	f3_4	4	1593252				books/DSS-Genesis.txt	1591671	1692	1940975-1940978	4	0	079a0ffc18ef4f055e472c199b4ca6599df307fe90431c8cf1df5a28ea91dbcb	linguistics/books/DSS-Genesis-Linguistics.txt	2306635	1899	ef35c2987abf0676b482d6f22a583b0e967469d69ab250b14eb1d3af34861cf3	ALL_LETTER_SLOTS_RECONSTRUCTED	8	6	6	0	0	8	0	0	1	0	0	0	0
L1593252-R002	biblical_book	Gen	41	31		4Q9	1606653	f3_4	4	1593252				books/DSS-Genesis.txt	1593363	3317	1940979-1940991	13	1	94e75ef59b324c699fea8361c9f899cf20d319092713a0c17ec9fc1de3e0cc99	linguistics/books/DSS-Genesis-Linguistics.txt	2308534	5490	30d8c1d4c99f64d9a0a1144ef783806af4142566923506326ed056d955bbc918	PARTLY_RECONSTRUCTED	27	27	11	2	14	11	2	0	0	0	0	0	0
L1593253-R001	biblical_book	Gen	41	31		4Q9	1606653	f3_4	5	1593253				books/DSS-Genesis.txt	1596680	2268	1940992-1940998	7	0	64fc1ba90d53e9e65f6614d0e8b71a74c545746b99eb7a1c90e1c80f07893da2	linguistics/books/DSS-Genesis-Linguistics.txt	2314024	3200	100d43b7330568575db4a3ea9c34397f703e1e58204cac5452aee3b819baa07f	PARTLY_RECONSTRUCTED	19	17	15	1	1	15	1	0	1	0	0	0	0
L1593253-R002	biblical_book	Gen	41	32		4Q9	1606653	f3_4	5	1593253				books/DSS-Genesis.txt	1598948	2766	1940999-1941005	7	1	da2f65a9076fb794352d10a6d2b9884d82dc3131f395ae060b2ea5fb1ecbc0d4	linguistics/books/DSS-Genesis-Linguistics.txt	2317224	3255	e3daed0b6082c4df2f680e759c764250da71fabafd4dcd42ce14765d1fc1018d	PARTLY_RECONSTRUCTED	19	19	1	8	10	1	8	0	0	0	0	0	0
L1593254-R001	biblical_book	Gen	41	32		4Q9	1606653	f3_4	6	1593254				books/DSS-Genesis.txt	1601714	3693	1941006-1941018	13	1	f41c32ac8d0640231fa3cb76c9bfb05f001371756a95b0c1ceb6531ca51bada7	linguistics/books/DSS-Genesis-Linguistics.txt	2320479	5671	dd950571954ac78641efd2db712f1ced4b7c8b846d394af11b3f2e99b24f81b4	PARTLY_RECONSTRUCTED	35	35	21	6	8	21	6	0	0	0	0	0	0
L1593255-R001	biblical_book	Gen	41	32		4Q9	1606653	f3_4	7	1593255				books/DSS-Genesis.txt	1605407	1688	1941019-1941021	3	0	a099cbf9ed69cc484d604943651ae31fcaf72d802d5bdcde9e4729394e9efcdc	linguistics/books/DSS-Genesis-Linguistics.txt	2326150	1523	5a2d9280a84563dae36a2b05db7622acd82906d19e7d3099ffb90523d6e4b521	ALL_LETTER_SLOTS_RECONSTRUCTED	8	5	5	0	0	8	0	0	1	0	0	0	0
L1593255-R002	biblical_book	Gen	41	33		4Q9	1606653	f3_4	7	1593255				books/DSS-Genesis.txt	1607095	3385	1941022-1941032	11	1	2b80946a7c787a76a94750c69f9efede7d949894e96dfc8bef40c47420a9afa9	linguistics/books/DSS-Genesis-Linguistics.txt	2327673	4843	e3b63624a8e786df3e164fcb3ccd6161544a08c3d9228246c86cea914a3eae1c	PARTLY_RECONSTRUCTED	32	31	18	5	8	19	5	0	0	0	0	0	0
L1593256-R001	biblical_book	Gen	41	33		4Q9	1606653	f3_4	8	1593256				books/DSS-Genesis.txt	1610480	1600	1941033-1941035	3	0	72236cf6aec84b8347cee7836458dc568b5941936003456f03e995a53058697c	linguistics/books/DSS-Genesis-Linguistics.txt	2332516	1626	42562e75610825e8dfcb1731ba31e56151710213ff01870322baf50220d0b770	ALL_LETTER_SLOTS_RECONSTRUCTED	10	8	8	0	0	10	0	0	1	0	0	0	0
L1593256-R002	biblical_book	Gen	41	34		4Q9	1606653	f3_4	8	1593256				books/DSS-Genesis.txt	1612080	2748	1941036-1941043	8	1	0d468a381570103cd2d18091656f2e9181ddaf5827abbd73cd327bc99b9a33d7	linguistics/books/DSS-Genesis-Linguistics.txt	2334142	3676	c4b98febbf65a4e86863115388637c88405f713325f50527fc941fa612cb6876	PARTLY_RECONSTRUCTED	23	20	7	5	8	9	6	0	0	0	0	0	0
L1593257-R001	biblical_book	Gen	41	34		4Q9	1606653	f3_4	9	1593257				books/DSS-Genesis.txt	1614828	3131	1941044-1941054	11	0	f91949f04f5c4c2c0b8548b6c62994a9147865b6e9d9b115db8398ef51d09395	linguistics/books/DSS-Genesis-Linguistics.txt	2337818	4828	e794758b64c006049f888fdd4d6275d94f153957718a5455e3a85237525c0eb6	PARTLY_RECONSTRUCTED	27	25	14	5	6	16	5	0	1	0	0	0	0
L1593257-R002	biblical_book	Gen	41	35		4Q9	1606653	f3_4	9	1593257				books/DSS-Genesis.txt	1617959	1957	1941055-1941057	3	1	d250e3ce5e2551c59f1fb3fcd3abaf4c88d57ecba656a7712aa310c11e3d449a	linguistics/books/DSS-Genesis-Linguistics.txt	2342646	1560	79f1e717ba658570cd1224d3a799ae2a5f34ff970993e41e4af28f22bd445a9f	PARTLY_RECONSTRUCTED	8	8	4	1	3	4	1	0	0	0	0	0	0
L1593258-R001	biblical_book	Gen	41	35		4Q9	1606653	f3_4	10	1593258				books/DSS-Genesis.txt	1619916	3882	1941058-1941071	14	1	7217c6847e4985f82f0ed37201785ac5d8bbf97169d3194e58d1e2823540825c	linguistics/books/DSS-Genesis-Linguistics.txt	2344206	5993	ba8684a85d0efc7a8138c0be3ddaf75ae5f3ccbcbae1bd6a477b1bdfa198b3c3	PARTLY_RECONSTRUCTED	34	34	18	9	7	18	9	0	0	0	0	0	0
L1593259-R001	biblical_book	Gen	41	35		4Q9	1606653	f3_4	11	1593259				books/DSS-Genesis.txt	1623798	2254	1941072-1941078	7	0	9f9923136badcbadfbe709b676044ac62608406f2df2b0265d0032a7c3b89dd2	linguistics/books/DSS-Genesis-Linguistics.txt	2350199	3111	a011befb0534ea689106bdf1d3864dc51a9e185a251f5573d8bda1a51f5416ef	ALL_LETTER_SLOTS_RECONSTRUCTED	17	9	9	0	0	14	2	1	4	0	0	0	0
L1593259-R002	biblical_book	Gen	41	36		4Q9	1606653	f3_4	11	1593259				books/DSS-Genesis.txt	1626052	2581	1941079-1941083	5	2	63514241926275d84e990dcb8091fbb956bb4f0c5e0519681e8c3bd998d42a08	linguistics/books/DSS-Genesis-Linguistics.txt	2353310	2248	dcc12580dbe364064aab62fb247be6f3dbe13848db2dcf1d649432208c64946f	NO_LETTER_RECONSTRUCTION_MARKED	9	1	0	1	0	4	3	1	4	0	0	0	0
L1593260-R001	biblical_book	Gen	41	38		4Q9	1606653	f2ii	1	1593260				books/DSS-Genesis.txt	1628633	2757	1941084-1941091	8	0	f820bf2101c6277fd45de6b3a4a033b7f650ab0a1c246bee47ac96ad5e43f0d7	linguistics/books/DSS-Genesis-Linguistics.txt	2355558	3638	5373e59b7c6d8add948a631ab67196aa7f69d39a1a9148c0b51f21b80eb93fec	PARTLY_RECONSTRUCTED	22	19	11	5	3	14	5	0	1	0	0	0	0
L1593260-R002	biblical_book	Gen	41	39		4Q9	1606653	f2ii	1	1593260				books/DSS-Genesis.txt	1631390	2182	1941092-1941096	5	1	2e9b8821f0be564c06509c16c687887eee315f0035a78cdeaa4ce836171dddc9	linguistics/books/DSS-Genesis-Linguistics.txt	2359196	2435	9cb61b13793877c1e18c0d4a44bd6795e25ba8223c9ff68a90065dc8b4190729	ALL_LETTER_SLOTS_RECONSTRUCTED	15	15	15	0	0	15	0	0	0	0	0	0	0
L1593261-R001	biblical_book	Gen	41	39		4Q9	1606653	f2ii	2	1593261				books/DSS-Genesis.txt	1633572	3479	1941097-1941107	11	1	a724cd84d6949c14a6be49695aeb2711d6592f120591057ff070e5f33493e2b7	linguistics/books/DSS-Genesis-Linguistics.txt	2361631	4908	dedc03ccc9e8c069994b82895d3669bbd9c8bd93485941ef4215ff2a12e5bcb2	PARTLY_RECONSTRUCTED	37	36	23	2	11	24	2	0	0	0	0	0	0
L1593262-R001	biblical_book	Gen	41	39		4Q9	1606653	f2ii	3	1593262				books/DSS-Genesis.txt	1637051	1521	1941108-1941109	2	0	45369712eb5dcf9bc30538dec0e832de2553348a39a58a91a90f9247ff870f11	linguistics/books/DSS-Genesis-Linguistics.txt	2366539	1163	8ab6f26fdbe10901d4b1f09ee16e8cc67394152506efea2eae975fcfbdaabc90	NO_LETTER_RECONSTRUCTION_MARKED	7	4	0	0	4	0	0	0	1	0	0	0	0
L1593262-R002	biblical_book	Gen	41	40		4Q9	1606653	f2ii	3	1593262				books/DSS-Genesis.txt	1638572	3492	1941110-1941120	11	1	f8a10281bf2c96ed964212073b2cc97e8209623f35b992433ebe3dba580cf228	linguistics/books/DSS-Genesis-Linguistics.txt	2367702	4809	544b0eb41ff927ca573069e50e3a2123eb476d916042f52c92f130e934ef1e51	PARTLY_RECONSTRUCTED	32	29	20	1	8	23	1	0	0	0	0	0	0
L1593263-R001	biblical_book	Gen	41	40		4Q9	1606653	f2ii	4	1593263				books/DSS-Genesis.txt	1642064	1933	1941121-1941125	5	0	a188ff00c22b7fc565574f542e8806f1869d3640696160db34547413f4df7658	linguistics/books/DSS-Genesis-Linguistics.txt	2372511	2327	bbc365e35c8debb84f64137b10f961338884d8a3e6395c301733fbe912b2e50b	NO_LETTER_RECONSTRUCTION_MARKED	14	11	0	0	11	0	0	0	1	0	0	0	0
L1593263-R002	biblical_book	Gen	41	41		4Q9	1606653	f2ii	4	1593263				books/DSS-Genesis.txt	1643997	2661	1941126-1941132	7	1	328c16bc45ff20476b4ef6c2581e2d8760b4a30360c2d3747722ca8267068b2b	linguistics/books/DSS-Genesis-Linguistics.txt	2374838	3257	49116af79b4f2d560af53cf0f9c54d8d253117c01262c6c3fe784a9fb68af6b9	PARTLY_RECONSTRUCTED	22	22	18	2	2	18	2	0	0	0	0	0	0
L1593264-R001	biblical_book	Gen	41	41		4Q9	1606653	f2ii	5	1593264				books/DSS-Genesis.txt	1646658	2399	1941133-1941138	6	0	cea07ff914387a1485ab7a4a7edc8ac141a0414e267b143997149a28a44a8e49	linguistics/books/DSS-Genesis-Linguistics.txt	2378095	2852	bd58675425d3d79c7e3ab65b982ca7328558df384a6738a18f00ecccd68d6620	PARTLY_RECONSTRUCTED	18	15	4	6	5	6	6	0	1	0	0	0	0
L1593264-R002	biblical_book	Gen	41	42		4Q9	1606653	f2ii	5	1593264				books/DSS-Genesis.txt	1649057	2578	1941139-1941145	7	1	a9f6434bd2dca7de7abce8a56c77e29895caffc8aefeebbe68b7728509c1a36b	linguistics/books/DSS-Genesis-Linguistics.txt	2380947	3233	90dc4723f1291d9d38264ce0ac1b51c268572d7fc23cda9ce209363e10bd3649	ALL_LETTER_SLOTS_RECONSTRUCTED	19	18	18	0	0	19	0	0	0	0	0	0	0
L1593265-R001	biblical_book	Gen	41	42		4Q9	1606653	f2ii	6	1593265				books/DSS-Genesis.txt	1651635	4055	1941146-1941159	14	1	a4051cc8253b13580aa6cc696a06e45d70faff7015ab4d0f3780a3b9a435c479	linguistics/books/DSS-Genesis-Linguistics.txt	2384180	6005	daac535b4651f113518da50a8a59de840b119e10941c41b960db10337001e77d	PARTLY_RECONSTRUCTED	39	36	30	5	1	32	5	0	0	0	0	0	0
L1593266-R001	biblical_book	Gen	41	42		4Q9	1606653	f2ii	7	1593266				books/DSS-Genesis.txt	1655690	2227	1941160-1941165	6	0	f079ff16c91af0579e05a0f9d33963d6a7c63e4a8b96285a727d451f0b3c0808	linguistics/books/DSS-Genesis-Linguistics.txt	2390185	2795	1ce7a112ee165959c5a89c4c1279e48d65ba6034f57f3625d2e8606217b63140	PARTLY_RECONSTRUCTED	17	14	11	3	0	14	3	0	1	0	0	0	0
L1593266-R002	biblical_book	Gen	41	43		4Q9	1606653	f2ii	7	1593266				books/DSS-Genesis.txt	1657917	2579	1941166-1941172	7	1	4bd59deae4d260c75e6a98ecc1748e8628ff4546cba9c3e859bfaff409e6b67b	linguistics/books/DSS-Genesis-Linguistics.txt	2392980	3238	bca425048f2aaff1deb230abff28692f4ad4bea20b9c7a10f0c220b68be05424	ALL_LETTER_SLOTS_RECONSTRUCTED	20	19	19	0	0	20	0	0	0	0	0	0	0
L1593267-R001	biblical_book	Gen	41	43		4Q9	1606653	f2ii	8	1593267				books/DSS-Genesis.txt	1660496	3836	1941173-1941185	13	1	4420e2aef16b3f13b5bcd305d241aea29be25ef0fa7f6cd8d8bdbc7d261737c1	linguistics/books/DSS-Genesis-Linguistics.txt	2396218	5635	c14bdaee601d69016a3909d5f27edf4e1808dfb41a518caff5ae1e169f33139d	PARTLY_RECONSTRUCTED	38	35	31	3	1	33	3	0	0	0	0	0	0
L1593268-R001	biblical_book	Gen	41	43		4Q9	1606653	f2ii	9	1593268				books/DSS-Genesis.txt	1664332	2291	1941186-1941190	5	1	08ed14fc7877905a87c42c0331a52294f74537adf24dad2a1dedab9aa1281fff	linguistics/books/DSS-Genesis-Linguistics.txt	2401853	2298	f9d2bcfed228deec4bc8142c6cc76e5d68cb013aa5e050c4a4930db5525afeef	ALL_LETTER_SLOTS_RECONSTRUCTED	13	5	5	0	0	10	1	1	4	0	0	0	0
L1593269-R001	biblical_book	Gen	42	15		4Q9	1606653	f5	1	1593269				books/DSS-Genesis.txt	1666623	2626	1941191-1941199	9	0	bbb256492d20b14c47acc669e69e5dc549c7ce0a9bddc06b9aec14e3c7cf3563	linguistics/books/DSS-Genesis-Linguistics.txt	2404151	3929	fb14ddfccbc5e2388f43ebe989518d5d09b9fe125df1ee1270347dec4bd62d5f	PARTLY_RECONSTRUCTED	22	19	16	2	1	19	2	0	1	0	0	0	0
L1593269-R002	biblical_book	Gen	42	16		4Q9	1606653	f5	1	1593269				books/DSS-Genesis.txt	1669249	3024	1941200-1941208	9	1	5d680177ffaf0785cbf4ef434208985d35d86748d612f3977b9fc267dce354bf	linguistics/books/DSS-Genesis-Linguistics.txt	2408080	3972	d6b14c15e96ea92a996fc5d0bccefded08f859bdfbeec2b910504de77909fc14	ALL_LETTER_SLOTS_RECONSTRUCTED	27	25	25	0	0	27	0	0	0	0	0	0	0
L1593270-R001	biblical_book	Gen	42	16		4Q9	1606653	f5	2	1593270				books/DSS-Genesis.txt	1672273	3984	1941209-1941222	14	1	3e492ef7fe5d4b6ca827e9cc806ca0cb8080cecee47648efd3f26c4d21ea3f08	linguistics/books/DSS-Genesis-Linguistics.txt	2412052	6068	fbed3555adb3901144a1ee85c3e7dfce37d11605336fa6bec36d8ec9a026e20f	PARTLY_RECONSTRUCTED	46	44	37	2	5	39	2	0	0	0	0	0	0
L1593271-R001	biblical_book	Gen	42	16		4Q9	1606653	f5	3	1593271				books/DSS-Genesis.txt	1676257	1421	1941223-1941224	2	0	8de1e602cd2d400c6fc7353434da11241b931bf5c43105ae53508fcc06a39da5	linguistics/books/DSS-Genesis-Linguistics.txt	2418120	1145	747ea7f0364dc04fd9267047ab7bd0f11dd0efd5fe0ce55e3ea2c5f04c73faf2	ALL_LETTER_SLOTS_RECONSTRUCTED	5	3	3	0	0	5	0	0	1	0	0	0	0
L1593271-R002	biblical_book	Gen	42	17		4Q9	1606653	f5	3	1593271				books/DSS-Genesis.txt	1677678	2653	1941225-1941232	8	0	2db799d5f92afe53005718132d272f2d9b807b88acf629e08842db9ed7fc1794	linguistics/books/DSS-Genesis-Linguistics.txt	2419265	3629	2aecfd309d7a63b881bd92ab6eea7ea608368fad8206626286aa8181ca55ebdb	PARTLY_RECONSTRUCTED	25	22	13	4	5	13	4	0	1	0	0	0	0
L1593271-R003	biblical_book	Gen	42	18		4Q9	1606653	f5	3	1593271				books/DSS-Genesis.txt	1680331	2148	1941233-1941236	4	1	70b1506f48fec1f7d15b401c183a3841b2ff9ba39a810fbf43134f9f4399ca55	linguistics/books/DSS-Genesis-Linguistics.txt	2422894	2005	da47a3f48bbfff2cb4db6dfcb5a4e269a58bf55a8c5135d934d5b05b98f3771b	PARTLY_RECONSTRUCTED	14	13	8	0	5	9	0	0	0	0	0	0	0
L1593272-R001	biblical_book	Gen	42	18		4Q9	1606653	f5	4	1593272				books/DSS-Genesis.txt	1682479	3714	1941237-1941250	14	0	5f665f4a17570c56485be45090e55b6f3fccf63cae664a0eac1efe59a9d61aea	linguistics/books/DSS-Genesis-Linguistics.txt	2424899	6011	e56d3d583a519d14ee76816970fa629b6d38769ecbf04b9f6f0f27ca8b983a74	PARTLY_RECONSTRUCTED	35	33	12	6	15	14	6	0	1	0	0	0	0
L1593272-R002	biblical_book	Gen	42	19		4Q9	1606653	f5	4	1593272				books/DSS-Genesis.txt	1686193	1722	1941251-1941252	2	1	8f6d2a40f746dfc7d29aeee64160c84c91e873b730dfd95d82bc3f19a1c8e407	linguistics/books/DSS-Genesis-Linguistics.txt	2430910	1178	24f5f21d6accfce0d5d6ac914f3b2f827133f938d607382899d6498672119494	ALL_LETTER_SLOTS_RECONSTRUCTED	6	6	6	0	0	6	0	0	0	0	0	0	0
L1593273-R001	biblical_book	Gen	42	19		4Q9	1606653	f5	5	1593273				books/DSS-Genesis.txt	1687915	3986	1941253-1941265	13	1	f09834c9e31aa010954979d99d6065c2f77e70d9453cd70ad8d98c55f5560458	linguistics/books/DSS-Genesis-Linguistics.txt	2432088	5764	8dc3807239bb8450e3f7096ce0bb43edb527e7c61b0cf70bff5db2a36e0774d2	PARTLY_RECONSTRUCTED	43	41	21	6	14	22	6	0	0	0	0	0	0
L1593274-R001	biblical_book	Gen	42	19		4Q9	1606653	f5	6	1593274				books/DSS-Genesis.txt	1691901	1851	1941266-1941268	3	0	78cbffcf919099a7bc888aa33bd07eafcf84782a12cf9d5c236492c200df5c09	linguistics/books/DSS-Genesis-Linguistics.txt	2437852	1671	c152d8bd5bd7390d53664566fe29a54690aacf9271a0967828fefcaffbd3ee32	PARTLY_RECONSTRUCTED	13	10	4	2	4	4	3	0	1	0	0	0	0
L1593274-R002	biblical_book	Gen	42	20		4Q9	1606653	f5	6	1593274				books/DSS-Genesis.txt	1693752	3622	1941269-1941278	10	1	269f8d8437653dac398496fae7f45801e5f04e59c0736af8a3799a4d304728e6	linguistics/books/DSS-Genesis-Linguistics.txt	2439523	4458	7ae32641752a80454b586acb133000016075de026f8f5eb70e84b97520617b9f	PARTLY_RECONSTRUCTED	35	32	15	5	12	16	5	0	0	0	0	0	0
L1593275-R001	biblical_book	Gen	42	20		4Q9	1606653	f5	7	1593275				books/DSS-Genesis.txt	1697374	2302	1941279-1941285	7	0	c9c0321a870e637a86de91ce0d6c52c863291c64009d77dcaacf26f406f7866e	linguistics/books/DSS-Genesis-Linguistics.txt	2443981	3112	45fc56e542d4b6350b309e76d4ea1632204e728ade4d4360ff3ea2c7cb58fbe6	PARTLY_RECONSTRUCTED	17	15	4	3	8	4	3	0	1	0	0	0	0
L1593275-R002	biblical_book	Gen	42	21		4Q9	1606653	f5	7	1593275				books/DSS-Genesis.txt	1699676	3064	1941286-1941292	7	1	6a1898e7f0d0139f1143a11646bec1cecb07c3ff723c9f9497e3334ebe24b9a3	linguistics/books/DSS-Genesis-Linguistics.txt	2447093	3264	e3dd5c9ac076a7642bbdfd041def5a1a040d31c2833b942efc64a9841c81d3e5	PARTLY_RECONSTRUCTED	24	23	5	6	12	5	6	0	0	0	0	0	0
L1593276-R001	biblical_book	Gen	42	21		4Q9	1606653	f5	8	1593276				books/DSS-Genesis.txt	1702740	4494	1941293-1941305	13	1	11669a4fc2e7c1246ac4ae011d6da26e05ebeddc606c2237e56025e813ba52b6	linguistics/books/DSS-Genesis-Linguistics.txt	2450357	5853	5e1e38b59f33a08ed04bcc50fac30f74ccd59e0e706852a5557f8218a19db5f1	PARTLY_RECONSTRUCTED	51	47	19	9	19	20	9	0	0	0	0	0	0
L1593277-R001	biblical_book	Gen	42	21		4Q9	1606653	f5	9	1593277				books/DSS-Genesis.txt	1707234	2929	1941306-1941314	9	0	de18a933f162d7a683dd84bfbbbfcf67eb90e25b5d5d23d26a719c188aaeeff3	linguistics/books/DSS-Genesis-Linguistics.txt	2456210	3921	16b824716b20265419764710a14af2f0d8c027b9ab986d3b2e69169cd81d1459	PARTLY_RECONSTRUCTED	23	20	5	7	8	5	7	0	1	0	0	0	0
L1593277-R002	biblical_book	Gen	42	22		4Q9	1606653	f5	9	1593277				books/DSS-Genesis.txt	1710163	2792	1941315-1941322	8	1	6ffbc1fce155e9b03dd7176e0efbda9cc4607f0e3a82494963758170b62b1179	linguistics/books/DSS-Genesis-Linguistics.txt	2460131	3585	423df38de292659d252c1ab262f76e3524c839e3526e05cce786eb6e7803f05b	PARTLY_RECONSTRUCTED	21	20	14	1	5	14	1	0	0	0	0	0	0
L1593278-R001	biblical_book	Gen	42	22		4Q9	1606653	f5	10	1593278				books/DSS-Genesis.txt	1712955	4302	1941323-1941338	16	1	80a9ee2eb6a1e22182bec017a37e48ef308755b425d1eb7fc71ab445c543f3cf	linguistics/books/DSS-Genesis-Linguistics.txt	2463716	6757	9d418e6341143a006eb77ffd5ead854af45f897e314bbc0c14bc3a247e079c3d	PARTLY_RECONSTRUCTED	46	42	31	3	8	32	3	0	1	0	0	0	0
L1593279-R001	biblical_book	Gen	42	37		4Q9	1606653	f6	1	1593279				books/DSS-Genesis.txt	1717257	1966	1941339-1941341	3	1	39a3390be8cc469d34dd8dd0187d2c03f2dd41d9349ff2bd6186c963fc87ccc1	linguistics/books/DSS-Genesis-Linguistics.txt	2470473	1498	7165b9daa7a78da8263f562d75b289c1f31a5bdaf104bdae5b46afb16d376806	NO_LETTER_SLOTS	8	0	0	0	0	5	3	2	3	0	0	0	0
L1593280-R001	biblical_book	Gen	42	37		4Q9	1606653	f6	2	1593280				books/DSS-Genesis.txt	1719223	1243	1941342	1	0	714595294b3b8b20d7eb61dabb63566ab7fbde68570b13ffcf8bbf4ffd2ae116	linguistics/books/DSS-Genesis-Linguistics.txt	2471971	735	a936382eb4b8bc1f8244aabbffb2ff54bf24ece78d56f9225103c70db7161cc5	NO_LETTER_SLOTS	2	0	0	0	0	2	0	1	1	0	0	0	0
L1593280-R002	biblical_book	Gen	42	38		4Q9	1606653	f6	2	1593280				books/DSS-Genesis.txt	1720466	1685	1941343-1941344	2	1	cfac05555350a4b65c73c81e0dc9dc7206ccf17feb83c39630341a7de9527a7d	linguistics/books/DSS-Genesis-Linguistics.txt	2472706	1155	7cd9777de981cf5cf4211c1d1aebe1fc858083b5e79386bb4386b4168f339ef8	NO_LETTER_RECONSTRUCTION_MARKED	5	5	0	0	5	0	0	0	0	0	0	0	0
L1593281-R001	biblical_book	Gen	42	38		4Q9	1606653	f6+14	3	1593281				books/DSS-Genesis.txt	1722151	4784	1941345-1941361	17	1	f0a217ef591613e9b913bbd6e5dc4db5295d496aacfe1dfea6fa85906dc5c1f5	linguistics/books/DSS-Genesis-Linguistics.txt	2473861	7239	aa4522f7033d26a287e067481c3f4bb4565cb8b4e4ffd9639783df7929a3b309	PARTLY_RECONSTRUCTED	51	46	30	5	11	35	5	0	0	0	0	0	0
L1593282-R001	biblical_book	Gen	42	38		4Q9	1606653	f6+14	4	1593282				books/DSS-Genesis.txt	1726935	3344	1941362-1941372	11	0	d7253f8939643a98b790db2e8658be8a10d7a8f565de7d58cc0849dca736de67	linguistics/books/DSS-Genesis-Linguistics.txt	2481100	4855	caed63e29b240c8117513bcb6326a75c3690c5f360d0973fb18b6488e3a0633b	PARTLY_RECONSTRUCTED	37	32	26	4	2	28	4	0	1	0	0	0	0
L1593282-R002	biblical_book	Gen	43	1		4Q9	1606653	f6+14	4	1593282				books/DSS-Genesis.txt	1730279	2567	1941373-1941379	7	1	3078175b05c904809a1c4f1f883f6ea159a06eb9ebccb3545898e10007b8977a	linguistics/books/DSS-Genesis-Linguistics.txt	2485955	3097	7e1b9c0c245f8d485ae0406abeea17cd907057995a45eee964123068c6f2775d	NO_LETTER_RECONSTRUCTION_MARKED	14	12	0	3	9	0	3	0	1	0	0	0	0
L1593283-R001	biblical_book	Gen	43	2		4Q9	1606653	f6+14	5	1593283				books/DSS-Genesis.txt	1732846	4017	1941380-1941396	17	1	f808594418c28472fba0c28eb826a860a2c793267cce525fd11aa303f38bb63b	linguistics/books/DSS-Genesis-Linguistics.txt	2489052	7116	f1cd064c85e4687006c74aff8078151b87a5e2d215c6468d52153037a59cfe6f	PARTLY_RECONSTRUCTED	42	40	31	2	7	31	2	0	1	0	0	0	0
L1593284-R001	biblical_book	Gen	43	5		4Q9	1606653	f7_8	1	1593284				books/DSS-Genesis.txt	1736863	4179	1941397-1941410	14	1	d35ffc121274ae9acbbb68780a5d0337bb0265b2276c98df1abef92aa980e007	linguistics/books/DSS-Genesis-Linguistics.txt	2496168	6131	7387686f13b29e40c34e0250a4e310a8b651be417c6849d60ca8915b6d191bec	PARTLY_RECONSTRUCTED	49	45	40	1	4	44	1	0	0	0	0	0	0
L1593285-R001	biblical_book	Gen	43	5		4Q9	1606653	f7_8	2	1593285				books/DSS-Genesis.txt	1741042	1569	1941411-1941412	2	0	a5bfbd456d7b4f1e58e95d7c6081d4071e096f78461dfe768e04fff9aaf95441	linguistics/books/DSS-Genesis-Linguistics.txt	2502299	1140	b2a5abcb1bd373ac6c9f650564b041f2480aa7d2e675dd5bf6c8478c3c2a126f	ALL_LETTER_SLOTS_RECONSTRUCTED	7	4	4	0	0	7	0	0	1	0	0	0	0
L1593285-R002	biblical_book	Gen	43	6		4Q9	1606653	f7_8	2	1593285				books/DSS-Genesis.txt	1742611	4094	1941413-1941427	15	1	3c2d9b125172b41322de1f780d33abc3fb6088064e54211232867e3e6474a0f5	linguistics/books/DSS-Genesis-Linguistics.txt	2503439	6335	91ccdb73c7df869212a4703f7f8992ee6e8fcbb1fda4f498d9b14f5b81cf6a65	PARTLY_RECONSTRUCTED	42	38	24	4	10	25	4	0	1	0	0	0	0
L1593286-R001	biblical_book	Gen	43	7		4Q9	1606653	f7_8	3	1593286				books/DSS-Genesis.txt	1746705	4560	1941428-1941445	18	1	ab6ae949b55f1690f8ede20e565f2df83fa97db017c38116e89086151a305bb4	linguistics/books/DSS-Genesis-Linguistics.txt	2509774	7479	ad692d9b4b2d272561d173650bb770d00126961b94d93cf2af36f68235e41770	PARTLY_RECONSTRUCTED	50	47	32	2	13	34	2	0	0	0	0	0	0
L1593287-R001	biblical_book	Gen	43	7		4Q9	1606653	f7_8	4	1593287				books/DSS-Genesis.txt	1751265	4119	1941446-1941461	16	1	146e6fc2088bb3e8eb77913e860d11b39ec9604e8240e65e6d1f053216523248	linguistics/books/DSS-Genesis-Linguistics.txt	2517253	6696	46f7ba536f283889098678d8111db4ef7a92663534a15e00fe0d2df26b43fe1a	PARTLY_RECONSTRUCTED	41	39	31	3	5	33	3	0	0	0	0	0	0
L1593288-R001	biblical_book	Gen	43	7		4Q9	1606653	f7_8	5	1593288				books/DSS-Genesis.txt	1755384	1909	1941462-1941465	4	0	d12ab8ae22e5563958ac7a2923508b78ebe841715363d0979819b8bd051389b1	linguistics/books/DSS-Genesis-Linguistics.txt	2523949	1955	43f9a67d5f2aaa3e46898270d1d91a3371137d51d34148f55d8b66d748684924	ALL_LETTER_SLOTS_RECONSTRUCTED	16	13	13	0	0	16	0	0	1	0	0	0	0
L1593288-R002	biblical_book	Gen	43	8		4Q9	1606653	f7_8	5	1593288				books/DSS-Genesis.txt	1757293	2999	1941466-1941473	8	1	92c389cc5e0aa9f6654521363fa009ee60de15a23ae6acb10fd43ea33a874b98	linguistics/books/DSS-Genesis-Linguistics.txt	2525904	3682	009a972984bee7ca66e49d5fefb79a03f1b8c5659c691f98240315bc2ab76861	PARTLY_RECONSTRUCTED	29	25	23	2	0	24	2	0	1	0	0	0	0
L1593289-R001	biblical_book	Gen	45	13		4Q9	1606653	f9i_10	1	1593289				books/DSS-Genesis.txt	1760292	2083	1941474-1941475	2	2	4a806076432e8dc631965cf24ab985d2d20ecadf978be7e85ce29c7141a6881d	linguistics/books/DSS-Genesis-Linguistics.txt	2529586	1130	c7e6962b4a98689c0bfa4619851a7547923626183ff3508a09b34eabfbcd04b0	NO_LETTER_SLOTS	4	0	0	0	0	3	1	1	2	0	0	0	0
L1593290-R001	biblical_book	Gen	45	13		4Q9	1606653	f9i_10	2	1593290				books/DSS-Genesis.txt	1762375	2023	1941476-1941478	3	1	f0822e5c6b7f4b6b719fb44dd4e0a108e7aa2b9f09939123bac914514f867ff1	linguistics/books/DSS-Genesis-Linguistics.txt	2530716	1488	c10a47a78d627735c45440f2cdd72e2c24eaf6e9f26e400dcb6309217ed303d9	NO_LETTER_SLOTS	9	0	0	0	0	4	4	1	3	0	0	0	0
L1593290-R002	biblical_book	Gen	45	14		4Q9	1606653	f9i_10	2	1593290				books/DSS-Genesis.txt	1764398	2444	1941479-1941483	5	1	0a2316d83644464b36bfbd03a8c6df299541a2392de608855ab72bffe32101ca	linguistics/books/DSS-Genesis-Linguistics.txt	2532204	2528	ff8bf1993acba900eb3f471de85079c43e66668ca84c81711e02f793e1bd5e01	PARTLY_RECONSTRUCTED	19	17	5	2	10	5	2	0	0	0	0	0	0
L1593291-R001	biblical_book	Gen	45	14		4Q9	1606653	f9i_10	3	1593291				books/DSS-Genesis.txt	1766842	3160	1941484-1941492	9	0	cdcbfd5317153a3dc3347e4b673f4ba9841f8162abc0c52e55d23990e4a0fbae	linguistics/books/DSS-Genesis-Linguistics.txt	2534732	4113	ff98ea9649660d6bdc0ddb6c8147d27b4ea6104a5f7d27ebc7ab0544e08a33b5	PARTLY_RECONSTRUCTED	32	26	19	4	3	23	4	0	1	0	0	0	0
L1593291-R002	biblical_book	Gen	45	15		4Q9	1606653	f9i_10	3	1593291				books/DSS-Genesis.txt	1770002	3127	1941493-1941500	8	1	314ebdc3e4d9c925790972f56fb4b3bec80a04ae74175938747aab239a8c751a	linguistics/books/DSS-Genesis-Linguistics.txt	2538845	3579	af1167d9cf2b204f77fd37138155498756d701f2699901086196a8ad270eb419	PARTLY_RECONSTRUCTED	23	21	15	5	1	17	5	0	0	0	0	0	0
L1593292-R001	biblical_book	Gen	45	15		4Q9	1606653	f9i_10	4	1593292				books/DSS-Genesis.txt	1773129	2150	1941501-1941503	3	2	0bbc294e4725839a2d25cb4b2b766cfe47d11815464d61ad1b7bc10e9fc1fd17	linguistics/books/DSS-Genesis-Linguistics.txt	2542424	1573	e1293a866351c192fe9c9e3844bda00b6cdb37c1c65f24952fddf8b52d75295c	NO_LETTER_RECONSTRUCTION_MARKED	7	7	0	0	7	0	0	0	0	0	0	0	0
L1593293-R001	biblical_book	Gen	45	15		4Q9	1606653	f9i_10	5	1593293				books/DSS-Genesis.txt	1775279	2010	1941504-1941507	4	0	02b4315b43d699a53f520877621d6b8342085a4d0ffe936340a568a47caf8471	linguistics/books/DSS-Genesis-Linguistics.txt	2543997	1970	157255345e5fd506057f178de275f93e79ae6ec616a3ded0722cec71de990876	PARTLY_RECONSTRUCTED	15	11	2	0	9	5	0	0	1	0	0	0	0
L1593293-R002	biblical_book	Gen	45	16		4Q9	1606653	f9i_10	5	1593293				books/DSS-Genesis.txt	1777289	3400	1941508-1941518	11	1	cb5cb685369a707ba17a76e10b679aaeb5f968c4c20a4aac4499005e93b9215a	linguistics/books/DSS-Genesis-Linguistics.txt	2545967	4879	baea03550320c2d3cd6cd9a94d3ba925439c5d6d329b1353a71df3d3131368d2	PARTLY_RECONSTRUCTED	29	29	18	6	5	18	6	0	0	0	0	0	0
L1593294-R001	biblical_book	Gen	45	16		4Q9	1606653	f9i_10	6	1593294				books/DSS-Genesis.txt	1780689	2988	1941519-1941528	10	0	26e67ad33ae53050ba9039326839bff0390c00b44334885661be1c8087e758a5	linguistics/books/DSS-Genesis-Linguistics.txt	2550846	4405	2bf6239b2912d59ff557af9d23d7b6b01d9027a9d4927045ba52784512fecd94	PARTLY_RECONSTRUCTED	28	25	6	5	14	6	5	0	1	0	0	0	0
L1593294-R002	biblical_book	Gen	45	17		4Q9	1606653	f9i_10	6	1593294				books/DSS-Genesis.txt	1783677	2646	1941529-1941534	6	1	5cc73aefbd4b8795c1b77966e5894237eb5f1412488b58ed59288ea757e7c748	linguistics/books/DSS-Genesis-Linguistics.txt	2555251	2884	15ff3dac91067120a9b0e6613e1caf06d022ffb99a9ed78a3358efc96169f17f	PARTLY_RECONSTRUCTED	18	18	11	6	1	11	6	0	0	0	0	0	0
L1593295-R001	biblical_book	Gen	45	17		4Q9	1606653	f9i_10	7	1593295				books/DSS-Genesis.txt	1786323	4242	1941535-1941547	13	1	8e53f0e974fd07cc6d68bebd33d94e8f7e27698a881e6b521f552bbdd52ce976	linguistics/books/DSS-Genesis-Linguistics.txt	2558135	5719	604caa21a605cf239aaa210e4c719663dc0ebd817dee327622f01e08ca61d7ce	PARTLY_RECONSTRUCTED	44	38	15	7	16	18	8	0	1	0	0	0	0
L1593296-R001	biblical_book	Gen	45	18		4Q9	1606653	f9i_10	8	1593296				books/DSS-Genesis.txt	1790565	4565	1941548-1941562	15	1	1d830f8c1d7944d2c990628f53af250c38599f2335d37d5709c8415c55921606	linguistics/books/DSS-Genesis-Linguistics.txt	2563854	6384	074861213f31c3f7955f6caae553f99ffa2f710e3ecca9d4e5d78e154db0626b	PARTLY_RECONSTRUCTED	43	39	19	7	13	20	7	0	0	0	0	0	0
L1593297-R001	biblical_book	Gen	45	18		4Q9	1606653	f9i_10	9	1593297				books/DSS-Genesis.txt	1795130	2570	1941563-1941571	9	0	cb1bff2e2edc041de65617c3335906f36539faa21c38b4632641862cdcb40e7f	linguistics/books/DSS-Genesis-Linguistics.txt	2570238	4023	8cac393537a680042b4ab8ee6980684517c576c6698b2b08cbe9235659e6551b	PARTLY_RECONSTRUCTED	24	22	13	2	7	15	2	0	1	0	0	0	0
L1593297-R002	biblical_book	Gen	45	19		4Q9	1606653	f9i_10	9	1593297				books/DSS-Genesis.txt	1797700	2688	1941572-1941578	7	1	c5c5b134a5d81502c540a4effe75c32150729e35b9aff8669e820e7cc8ad766e	linguistics/books/DSS-Genesis-Linguistics.txt	2574261	3197	0c4509e73a8714c511252874987e48c0aa6c0bf0c539fb9dd1cb45176307ec5a	PARTLY_RECONSTRUCTED	22	21	19	2	0	20	2	0	0	0	0	0	0
L1593298-R001	biblical_book	Gen	45	19		4Q9	1606653	f9i_10	10	1593298				books/DSS-Genesis.txt	1800388	4455	1941579-1941594	16	1	16feaa2c3b6ae14818c6b29fa86aa471312d59f528a96e9f66354df205f445ac	linguistics/books/DSS-Genesis-Linguistics.txt	2577458	6822	af841185693ba8862165cfdb2786061ad5bfe31cb0220382e044b8a8b5fc3cc9	PARTLY_RECONSTRUCTED	49	44	39	2	3	43	2	0	1	0	0	0	0
L1593299-R001	biblical_book	Gen	45	20		4Q9	1606653	f9i_10	11	1593299				books/DSS-Genesis.txt	1804843	2917	1941595-1941602	8	1	0291e1d5cf4bc0739eaad3ab7bc9fee26c5fc75dac83434ca10c0d0c250318ab	linguistics/books/DSS-Genesis-Linguistics.txt	2584280	3628	9ad3e1394ace4c235f5a811b27497811c8a6b2a5e56b4d32afa60263a4a372b0	ALL_LETTER_SLOTS_RECONSTRUCTED	25	23	23	0	0	25	0	0	0	0	0	0	0
L1593300-R001	biblical_book	Gen	45	20		4Q9	1606653	f9i_10	12	1593300				books/DSS-Genesis.txt	1807760	2274	1941603-1941608	6	0	62fe8310bb4321b12f5b3518829a9f7be316e9a195d5d64f0f835f8b10f23f4b	linguistics/books/DSS-Genesis-Linguistics.txt	2587908	2823	9604c3561064b1dd3f66f0941b048b318c267f1e75280f62921090c0e6923304	PARTLY_RECONSTRUCTED	19	16	12	1	3	15	1	0	1	0	0	0	0
L1593300-R002	biblical_book	Gen	45	21		4Q9	1606653	f9i_10	12	1593300				books/DSS-Genesis.txt	1810034	2750	1941609-1941616	8	1	1334410e46eea681a3bda3cf8e2cafd2c11e8b1fd9c4dd96df8e3c6c06fef00d	linguistics/books/DSS-Genesis-Linguistics.txt	2590731	3617	868058efb912551a4d074fdb6467c5f76d74698c331e8bc0ad93db15c0640f7c	ALL_LETTER_SLOTS_RECONSTRUCTED	23	22	22	0	0	23	0	0	0	0	0	0	0
L1593301-R001	biblical_book	Gen	45	21		4Q9	1606653	f9i_10	13	1593301				books/DSS-Genesis.txt	1812784	3109	1941617-1941628	12	0	173ba19c5980f23377f4758d3b88159e43bcd64524b0c1d82368aa1ae1a86ffd	linguistics/books/DSS-Genesis-Linguistics.txt	2594348	5257	d7c0980f795cd7d0029f21d380c5ba58890c5024bdc22c62e8bf50bff0165123	PARTLY_RECONSTRUCTED	34	31	27	1	3	30	1	0	1	0	0	0	0
L1593301-R002	biblical_book	Gen	45	22		4Q9	1606653	f9i_10	13	1593301				books/DSS-Genesis.txt	1815893	1990	1941629-1941631	3	1	bc1aebfce6e32fbee6c11bdeb1c7a4479a8fdc3fd6f3cf3a89d4422b5a700276	linguistics/books/DSS-Genesis-Linguistics.txt	2599605	1560	e02ee716e5dbb7d31d3ca04299be149473fdb1ff23523e30c429619aacc0db7e	ALL_LETTER_SLOTS_RECONSTRUCTED	8	7	7	0	0	8	0	0	0	0	0	0	0
L1593302-R001	biblical_book	Gen	45	22		4Q9	1606653	f9i_10	14	1593302				books/DSS-Genesis.txt	1817883	3871	1941632-1941647	16	1	6d955402a3fd3523cd9fac7c1d30928665111c759f9c846f3497828414f713e7	linguistics/books/DSS-Genesis-Linguistics.txt	2601165	7007	e3eab78a95a3a6c15db21358dc1f781192c5588a844e4bce373c67bb97537cab	PARTLY_RECONSTRUCTED	47	45	44	1	0	46	1	0	1	0	0	0	0
L1593303-R001	biblical_book	Gen	45	25		4Q9	1606653	f9ii	1	1593303				books/DSS-Genesis.txt	1821754	1780	1941648-1941649	2	1	651e3b3e3801154e4d801bafa1bf2c9834ddfd84f76981bf528c6bfae36c013b	linguistics/books/DSS-Genesis-Linguistics.txt	2608172	1134	958afa399973c05af7e37fdd8c0e6b1261d10e3f1e8bf23bf01476c0eab60d37	NO_LETTER_SLOTS	5	0	0	0	0	3	2	1	2	0	0	0	0
L1593304-R001	biblical_book	Gen	45	25		4Q9	1606653	f9ii	2	1593304				books/DSS-Genesis.txt	1823534	1610	1941650-1941652	3	0	a3e4a66066df67ddba592ac2a46f0ba39b136590ad3ab3e910de6d8bc1b99946	linguistics/books/DSS-Genesis-Linguistics.txt	2609306	1470	61f8027a618cbfa8979566bf7db0a87183ae456608e798a6006e9586ee826a86	NO_LETTER_SLOTS	6	0	0	0	0	5	1	1	3	0	0	0	0
L1593304-R002	biblical_book	Gen	45	26		4Q9	1606653	f9ii	2	1593304				books/DSS-Genesis.txt	1825144	1709	1941653-1941654	2	1	1934520d28d450ff76183a71a48707caf6e9013979415470b2d815a3b77c15dd	linguistics/books/DSS-Genesis-Linguistics.txt	2610776	1160	3f477f7f9adc21798c4334c1baf60bc9e409c31c9bd0e446c25c37636599c6e4	ALL_LETTER_SLOTS_RECONSTRUCTED	5	5	5	0	0	5	0	0	0	0	0	0	0
L1593305-R001	biblical_book	Gen	45	26		4Q9	1606653	f9ii	3	1593305				books/DSS-Genesis.txt	1826853	4304	1941655-1941672	18	1	4ed8de2026e2a80eb64f62a0f361e591c1177792f6d18e92b809f1bb61de5238	linguistics/books/DSS-Genesis-Linguistics.txt	2611936	7591	7b3afc4b2132761e16d58826da7d65e5034a0a6d4dfb7c9813b037352d96b8f9	PARTLY_RECONSTRUCTED	46	44	42	2	0	43	2	0	0	0	0	0	0
L1593306-R001	biblical_book	Gen	45	26		4Q9	1606653	f9ii	4	1593306				books/DSS-Genesis.txt	1831157	1916	1941673-1941676	4	0	bc743f4bdd9b5126df66586c13bc5f432bab19a0f53e918ca0c1884806cf8450	linguistics/books/DSS-Genesis-Linguistics.txt	2619527	1928	bc065c16c96a990fccc33e7df46a09c1e7778e9b445093d2960fb0099ec8b44e	PARTLY_RECONSTRUCTED	13	10	7	1	2	10	1	0	1	0	0	0	0
L1593306-R002	biblical_book	Gen	45	27		4Q9	1606653	f9ii	4	1593306				books/DSS-Genesis.txt	1833073	3233	1941677-1941686	10	1	027444c7be933d093a1bd532725b58d256f7c97b2090cfb91cca7f0900cd3021	linguistics/books/DSS-Genesis-Linguistics.txt	2621455	4457	56e870f99202ce3976123d5cd0f8eedf404f9490d1c34ff784ad156fd04d4946	ALL_LETTER_SLOTS_RECONSTRUCTED	34	32	32	0	0	34	0	0	0	0	0	0	0
L1593307-R001	biblical_book	Gen	45	27		4Q9	1606653	f9ii	5	1593307				books/DSS-Genesis.txt	1836306	4324	1941687-1941703	17	1	e7b26726df5abcff16043adb5034613896ff8d8f8f4c22ca8c86e657890b62ad	linguistics/books/DSS-Genesis-Linguistics.txt	2625912	7207	d741264cde6b047d1441ded65db27594f8c9ed5ecb483d551cdc6dc028545f1a	PARTLY_RECONSTRUCTED	49	45	42	2	1	46	2	0	1	0	0	0	0
L1593308-R001	biblical_book	Gen	45	28		4Q9	1606653	f9ii	6	1593308				books/DSS-Genesis.txt	1840630	4101	1941704-1941718	15	1	5935417d64d65142c7688f392b94e0c42125004db30de6c876737bccd3429a8b	linguistics/books/DSS-Genesis-Linguistics.txt	2633119	6453	2a21789e2e76add5469f02458a77876a96c59c0026bee73c060a8531fe9f0500	PARTLY_RECONSTRUCTED	46	42	39	2	1	43	2	0	1	0	0	0	0
L1593319-R001	biblical_book	Gen	1	9		4Q10	1606654	f1	1	1593319				books/DSS-Genesis.txt	1844781	2334	1941763-1941770	8	0	ec7327327175a2cbc374d6eb9ca32e5633bda0f2baa1b2b085cf27af88703023	linguistics/books/DSS-Genesis-Linguistics.txt	2639622	3470	3aedd683ca90ddbce31b2e7aa26e6d9466a74db84494cdabc0dccda09e8399d2	PARTLY_RECONSTRUCTED	17	15	8	1	6	10	1	0	1	0	0	0	0
L1593319-R002	biblical_book	Gen	1	10		4Q10	1606654	f1	1	1593319				books/DSS-Genesis.txt	1847115	2476	1941771-1941777	7	1	bd601fa3f6a5dcac27407fddf2eac2956ddcc939cf8aa7cb2f08eb1fdb3ba7ea	linguistics/books/DSS-Genesis-Linguistics.txt	2643092	3202	e49e71f57d34c9132b19db9f9a8ebe67b6169c7ca15bf01f841f98f156ab2363	ALL_LETTER_SLOTS_RECONSTRUCTED	20	18	18	0	0	18	0	0	1	0	0	0	0
L1593320-R001	biblical_book	Gen	1	13		4Q10	1606654	f2	1	1593320				books/DSS-Genesis.txt	1849591	2505	1941778	1	4	4c024a68fa3ec436668fb02006305b52952c653fd870d0cd3d98c47fe1fc9b9f	linguistics/books/DSS-Genesis-Linguistics.txt	2646294	756	f39c1ce718d69849f05cc21c4112465dfa92b804b31c0f6091340d0faf25938b	NO_LETTER_SLOTS	2	0	0	0	0	1	1	0	1	0	0	0	0
L1593321-R001	biblical_book	Gen	1	14		4Q10	1606654	f2	2	1593321				books/DSS-Genesis.txt	1852096	3366	1941779-1941790	12	1	f4436e1df8df9dbb900a724df969324a1962b903140faea9d5f132513f62dabe	linguistics/books/DSS-Genesis-Linguistics.txt	2647050	5319	c8d91bb42d15ce42c3e453aa9330953f13fe8931fc44f45d8236c69d8bea6fc1	PARTLY_RECONSTRUCTED	37	37	11	2	24	11	2	0	0	0	0	0	0
L1593322-R001	biblical_book	Gen	1	14		4Q10	1606654	f2	3	1593322				books/DSS-Genesis.txt	1855462	4419	1941791-1941810	20	1	07ddb81a201609e6da14f6b1f7dbc36ea673147b9260fefbc6a75abf14a63a6a	linguistics/books/DSS-Genesis-Linguistics.txt	2652369	8154	cebe15b2b993d1b50f43cf715b4f7526fb30b0fd6d673d126cf26a874672c019	PARTLY_RECONSTRUCTED	43	41	9	6	26	11	6	0	1	0	0	0	0
L1593323-R001	biblical_book	Gen	1	15		4Q10	1606654	f2	4	1593323				books/DSS-Genesis.txt	1859881	3889	1941811-1941827	17	0	4fd6e21e45a078d908bdc9809cbe7d58f4e32622f545840708471961d71532ce	linguistics/books/DSS-Genesis-Linguistics.txt	2660523	7087	796b4fe2308509028ba9d6c446c5265991e8cac0c4ec8f2877488eb777d34fe5	PARTLY_RECONSTRUCTED	39	37	6	10	21	6	10	0	1	0	0	0	0
L1593323-R002	biblical_book	Gen	1	16		4Q10	1606654	f2	4	1593323				books/DSS-Genesis.txt	1863770	1917	1941828-1941830	3	1	f7abb536d11d3ae14760685d3c4424e6dbe5dce47c86cee4f71dd3d94de51a2e	linguistics/books/DSS-Genesis-Linguistics.txt	2667610	1516	421bbafc247394e98d6138b4843fd96c50bb31ace232945173fffddb63d7edd9	PARTLY_RECONSTRUCTED	6	4	2	2	0	2	2	0	1	0	0	0	0
L1593324-R001	biblical_book	Gen	1	26		4Q10	1606654	f3	1	1593324				books/DSS-Genesis.txt	1865687	1792	1941831-1941832	2	1	f1de107a0698cc01bc3d024699fe854a97c410618e1e2846a019be6d67189f63	linguistics/books/DSS-Genesis-Linguistics.txt	2669126	1099	00c2a31223152d3e2275ef65e62f5eed8d7e30ce71c467f8cbe4133a22e78d1b	NO_LETTER_SLOTS	4	0	0	0	0	2	1	0	2	0	0	0	0
L1593324-R002	biblical_book	Gen	1	27		4Q10	1606654	f3	1	1593324				books/DSS-Genesis.txt	1867479	1704	1941833-1941834	2	1	872304d1886e56502325543513bfaf96b65f18e93c3577ed1393aaf8a2c4d6fa	linguistics/books/DSS-Genesis-Linguistics.txt	2670225	1158	3c892e8fa7d0d210f32f2ef03a509228ce6c5dc44a17be146cc3420a41c0d25a	ALL_LETTER_SLOTS_RECONSTRUCTED	5	5	5	0	0	5	0	0	0	0	0	0	0
L1593325-R001	biblical_book	Gen	1	27		4Q10	1606654	f3	2	1593325				books/DSS-Genesis.txt	1869183	3274	1941835-1941845	11	1	572db18c49c11c97d1042eb12591eb8f8d7f11285c25a95d8e49fd4adfb7ac1e	linguistics/books/DSS-Genesis-Linguistics.txt	2671383	4917	6505c37f5aadb8e6d2b33d03a7093817fba31e7dc0227c87b26a425dd139c102	PARTLY_RECONSTRUCTED	35	28	24	0	4	25	5	0	1	0	0	5	0
L1593326-R001	biblical_book	Gen	1	27		4Q10	1606654	f3	3	1593326				books/DSS-Genesis.txt	1872457	2582	1941846-1941852	7	0	d24d79e0887c0af8b7275e5ef440c6e3c8df9dcf0fa9ff207f09084298724e5e	linguistics/books/DSS-Genesis-Linguistics.txt	2676300	3181	ce8fbc0de18855cd291f92e8dc447c7c3eca5b43a1ee7ff2373aee7c836a2f4e	PARTLY_RECONSTRUCTED	21	17	10	2	5	14	2	0	1	0	0	0	0
L1593326-R002	biblical_book	Gen	1	28		4Q10	1606654	f3	3	1593326				books/DSS-Genesis.txt	1875039	2732	1941853-1941859	7	1	fadc1237cdd10f82218a26bafd777b90f27d49dc4278f7f38b04a7deca4431de	linguistics/books/DSS-Genesis-Linguistics.txt	2679481	3195	e9529c17ea92a45bd5d58d434e021ab0eea52d12e75a3f8d4d1ff079ba051a8d	ALL_LETTER_SLOTS_RECONSTRUCTED	23	21	21	0	0	23	0	0	0	0	0	0	0
L1593327-R001	biblical_book	Gen	1	28		4Q10	1606654	f3	4	1593327				books/DSS-Genesis.txt	1877771	4176	1941860-1941877	18	1	fe40568e284ae8ccb9cc43db03ecd936466c090822d7cb7fed101d8efb574cbd	linguistics/books/DSS-Genesis-Linguistics.txt	2682676	7409	e365c9dcaed4954099574433ea884863ab63938cccf6167f8f8668a097ec7a85	PARTLY_RECONSTRUCTED	42	39	36	0	3	37	0	0	1	0	0	0	0
L1593328-R001	biblical_book	Gen	2	1		4Q10	1606654	f4	1	1593328				books/DSS-Genesis.txt	1881947	3048	1941878-1941889	12	0	6bbefdf4bda6109f4c32b16c4d429a58f91459bf530f11d80fd9ddca2d01ae75	linguistics/books/DSS-Genesis-Linguistics.txt	2690085	4998	878aa1f375a9d580763b056c663454c3c9a9503d858ebbd7ca3d7bb911eae4c2	PARTLY_RECONSTRUCTED	27	22	17	2	3	22	2	1	2	0	0	0	0
L1593328-R002	biblical_book	Gen	2	2		4Q10	1606654	f4	1	1593328				books/DSS-Genesis.txt	1884995	1692	1941890-1941891	2	1	57e20a9346061e22db997779fb3c84d6623ba8b783c29669544eb7310eb3b86f	linguistics/books/DSS-Genesis-Linguistics.txt	2695083	1145	8cd4dbe4a08c693ea6408ebfcaa18094f1fc8a949e25a3e1cacdd8627253208e	ALL_LETTER_SLOTS_RECONSTRUCTED	4	4	4	0	0	4	0	0	0	0	0	0	0
L1593329-R001	biblical_book	Gen	2	2		4Q10	1606654	f4	2	1593329				books/DSS-Genesis.txt	1886687	3708	1941892-1941905	14	1	4800e9c1327309bb44c9cb0da79d40dcde462b4591f6cd17d639f2e00ff23413	linguistics/books/DSS-Genesis-Linguistics.txt	2696228	6143	cc28661671e7b11d750e02d60071f691a8c9cb59a0570b1db01d3497019b46c7	PARTLY_RECONSTRUCTED	43	42	38	2	2	38	2	0	0	0	0	0	0
L1593330-R001	biblical_book	Gen	2	2		4Q10	1606654	f4	3	1593330				books/DSS-Genesis.txt	1890395	2155	1941906-1941911	6	0	d3236df789a96542d44f5d8e916740b8426cda7eb62d218df4fa404e212b5b36	linguistics/books/DSS-Genesis-Linguistics.txt	2702371	2778	4810907ab54c0eadfa094852a5b6a834771cbbf1b98dd523f717b58878171c4a	ALL_LETTER_SLOTS_RECONSTRUCTED	18	15	15	0	0	18	0	0	1	0	0	0	0
L1593330-R002	biblical_book	Gen	2	3		4Q10	1606654	f4	3	1593330				books/DSS-Genesis.txt	1892550	2696	1941912-1941918	7	1	c31fa0bb42bcc18b10a4f4ae96cf84a54cda81c99db1715efd55bf2fd21f29c6	linguistics/books/DSS-Genesis-Linguistics.txt	2705149	3254	e225dc7047bc636c2f5564b7f376bdfffb6d17f65f41d3753daa366c46bccc1a	PARTLY_RECONSTRUCTED	21	21	16	2	3	16	2	0	0	0	0	0	0
L1593331-R001	biblical_book	Gen	2	3		4Q10	1606654	f4	4	1593331				books/DSS-Genesis.txt	1895246	4100	1941919-1941933	15	1	4065e56c1b995889acbd778e6aa2373b64416ef6e68682bf9437304e443f9d56	linguistics/books/DSS-Genesis-Linguistics.txt	2708403	6398	22627d99b93851e1d553027ad14b665451f1aaad15039ba3b2569e98dbab3ecd	PARTLY_RECONSTRUCTED	45	40	33	1	6	37	1	0	1	0	0	0	0
L1593332-R001	biblical_book	Gen	3	1		4Q10	1606654	f5	1	1593332				books/DSS-Genesis.txt	1899346	3293	1941934-1941945	12	1	4ba31a1c069d98c31815c36297495286f230b50808705672cec46af58cef0647	linguistics/books/DSS-Genesis-Linguistics.txt	2714801	5172	c61a0979d34859255ec49b9194ea71852036ec8fc109e250a1ee5911d4aab4af	PARTLY_RECONSTRUCTED	28	28	24	4	0	24	4	0	0	0	0	0	0
L1593333-R001	biblical_book	Gen	3	1		4Q10	1606654	f5	2	1593333				books/DSS-Genesis.txt	1902639	3435	1941946-1941958	13	1	d7764cba0132d4e0ee2a0f02a5d998337c709ec7a1b10f23bee48dd6fccc0a2c	linguistics/books/DSS-Genesis-Linguistics.txt	2719973	5613	044ee44e3661d1964ec232427048344ba66fb4a346beb595710f9c42801e83eb	PARTLY_RECONSTRUCTED	35	35	25	2	8	25	2	0	0	0	0	0	0
L1593334-R001	biblical_book	Gen	3	1		4Q10	1606654	f5	3	1593334				books/DSS-Genesis.txt	1906074	2085	1941959-1941965	7	0	2052d3f974a51deea4f0d8c6d4736d5363abed6395f312519dbc74d64d504c41	linguistics/books/DSS-Genesis-Linguistics.txt	2725586	3043	4b766edf08d4bcef6f4e1a8659ac052655626311a9c0ee4ff6e03f7ec8242469	PARTLY_RECONSTRUCTED	15	13	10	0	3	10	0	0	1	0	0	0	0
L1593334-R002	biblical_book	Gen	3	2		4Q10	1606654	f5	3	1593334				books/DSS-Genesis.txt	1908159	2897	1941966-1941975	10	1	c4f61f64eb630f2c3f97b97c1079b30d14b12847135648f32e177913f5771748	linguistics/books/DSS-Genesis-Linguistics.txt	2728629	4251	25fd852446696d5aad82b492019368846eb1e18d95ae4a6c9ecd80c713adb128	PARTLY_RECONSTRUCTED	21	19	5	1	13	5	1	0	1	0	0	0	0
L1593335-R001	biblical_book	Gen	50	26		4Q11	1606655	f1	1	1593335				books/DSS-Genesis.txt	1911106	2322	1941976-1941978	3	2	b813c6a3f415da4a85a36c1540c85aa421a70e88d413179d839b4cd9f946434e	linguistics/books/DSS-Genesis-Linguistics.txt	2732930	1588	44c1a71551d23b38993c47d54f352d717910428a93553c57a860f932c89edfe4	PARTLY_RECONSTRUCTED	8	6	4	2	0	6	2	0	1	0	0	0	0
L1593338-R001	biblical_book	Gen	50	26		4Q11	1606655	f1	4	1593338				books/DSS-Genesis.txt	1913428	2179	1941979	1	3	93a3a1ebc0f4db25264c18fbed747fe0e1856a2ee2cc94caa35500c464926650	linguistics/books/DSS-Genesis-Linguistics.txt	2734518	721	4881a809a92014a09c41aa1470f93c1817bcea2783b558a9be72335294333246	NO_LETTER_SLOTS	2	0	0	0	0	0	0	0	1	0	0	0	0
L1593636-R001	biblical_book	Gen	26	21		4Q12	1606656	f1	1	1593636				books/DSS-Genesis.txt	1915657	2160	1945604-1945607	4	1	8417e22a4cb58cb1dc5065e4976d36c9764fbf13d20f956df4523d7ca9def94a	linguistics/books/DSS-Genesis-Linguistics.txt	2735289	1972	be31e79e9befbbd90222a1dcc385f81e64a4fc0a095db255f1f1a36425e7d6a7	PARTLY_RECONSTRUCTED	11	9	5	1	3	7	1	1	1	0	0	0	0
L1593637-R001	biblical_book	Gen	26	21		4Q12	1606656	f1	2	1593637				books/DSS-Genesis.txt	1917817	2902	1945608-1945617	10	0	a47d1f86367516f139c70efe4cda8356b5b22464a25f300e2d120931e4fd6aa4	linguistics/books/DSS-Genesis-Linguistics.txt	2737261	4391	5aab17d49bd08ad395d90b6add1b53c43031d22b61dd8a67d0d76437d424a809	ALL_LETTER_SLOTS_RECONSTRUCTED	32	28	28	0	0	32	0	0	1	0	0	0	0
L1593637-R002	biblical_book	Gen	26	22		4Q12	1606656	f1	2	1593637				books/DSS-Genesis.txt	1920719	3240	1945618-1945628	11	1	39d9ae4b96ee59ba19fbe2435be6782ca1f878bd9431d49d5d6a5f33ca200202	linguistics/books/DSS-Genesis-Linguistics.txt	2741652	4783	a056bd3bee545e055d3f04f926daaf43c4cb084535bdc2be00d0bf7c809e63dc	PARTLY_RECONSTRUCTED	28	28	17	3	8	17	3	0	0	0	0	0	0
L1593638-R001	biblical_book	Gen	26	22		4Q12	1606656	f1	3	1593638				books/DSS-Genesis.txt	1923959	4084	1945629-1945645	17	0	28513bff6fd55f17203ee0eadba3cb4af1f867914cc6421c3b9c8e572d454f00	linguistics/books/DSS-Genesis-Linguistics.txt	2746435	7197	3e12f9897749b1bebd7e17e69082c85115f7c0802cebb19fc2c3db486801e2c6	ALL_LETTER_SLOTS_RECONSTRUCTED	54	49	49	0	0	54	0	0	1	0	0	0	0
L1593638-R002	biblical_book	Gen	26	23		4Q12	1606656	f1	3	1593638				books/DSS-Genesis.txt	1928043	2539	1945646-1945651	6	2	c4fcfdd7788fde9166c43ca6aad04b3578fd3e04f027aba28070202525fad0da	linguistics/books/DSS-Genesis-Linguistics.txt	2753632	2751	d846752a0c6ec5a4df669e5420f41583639936963b2aecf2fa5c5ee407e3f832	NO_LETTER_RECONSTRUCTION_MARKED	11	11	0	1	10	0	1	0	0	0	0	0	0
L1593639-R001	biblical_book	Gen	26	23		4Q12	1606656	f1	4	1593639				books/DSS-Genesis.txt	1930582	1413	1945652-1945653	2	0	784d8f69e1b50a415e460c3bc4e1cb6b8fb3a1400f56a29388120a063b36e833	linguistics/books/DSS-Genesis-Linguistics.txt	2756383	1085	8d4a461ae08dd7640e74c92ee022671dab45987041f3d585df756e82cc25ebc4	ALL_LETTER_SLOTS_RECONSTRUCTED	4	2	2	0	0	4	0	0	1	0	0	0	0
L1593639-R002	biblical_book	Gen	26	24		4Q12	1606656	f1	4	1593639				books/DSS-Genesis.txt	1931995	4554	1945654-1945669	16	2	4faf0c49cb0d8dd3370f9c63d32fecb254b9917ef88106a11afb4dd808504a5b	linguistics/books/DSS-Genesis-Linguistics.txt	2757468	6932	43bbe44b7f779223a86b83d51ac89addf057bc376a77be9140bd8a0ddf728f1f	PARTLY_RECONSTRUCTED	51	49	37	2	10	38	2	0	0	0	0	0	0
L1593640-R001	biblical_book	Gen	26	24		4Q12	1606656	f1	5	1593640				books/DSS-Genesis.txt	1936549	3793	1945670-1945683	14	0	4d538c68029df0f3e89df841c1453fe73875483ca8f4777d38eaa4c6476abaa6	linguistics/books/DSS-Genesis-Linguistics.txt	2764400	6133	31c06a2ff8e450702ae26910b09bbeba3ca37388613291f38204ec41630dc08b	ALL_LETTER_SLOTS_RECONSTRUCTED	49	43	43	0	0	49	0	0	1	0	0	0	0
L1593640-R002	biblical_book	Gen	26	25		4Q12	1606656	f1	5	1593640				books/DSS-Genesis.txt	1940342	3393	1945684-1945694	11	2	80bf3459f55c5af074355ebd1e8373fec580ed580c38546d65b5227d1d4f8dbe	linguistics/books/DSS-Genesis-Linguistics.txt	2770533	4735	00a31c040d6cb33c93874ca943cc293a3ae7f5ccce71b6585c6be301b571d5ac	PARTLY_RECONSTRUCTED	26	26	17	1	8	17	1	0	0	0	0	0	0
L1593641-R001	biblical_book	Gen	26	25		4Q12	1606656	f1	6	1593641				books/DSS-Genesis.txt	1943735	2618	1945695-1945703	9	0	a33def6719e40811a9f46e321b3a8ae6e765be9840778223215c49a6b32a80ed	linguistics/books/DSS-Genesis-Linguistics.txt	2775268	4005	c09d4637366ac1eb9de2e06d304718edce9195c30670a05a3b10cfc6dca34745	ALL_LETTER_SLOTS_RECONSTRUCTED	27	24	24	0	0	27	0	0	1	0	0	0	0
L1593641-R002	biblical_book	Gen	26	26		4Q12	1606656	f1	6	1593641				books/DSS-Genesis.txt	1946353	3657	1945704-1945714	11	2	85b1af2c1e860280abd672b6ed7ec138b55c2e6245aeba72ce7762df68d7fdaa	linguistics/books/DSS-Genesis-Linguistics.txt	2779273	4959	9871d436c5d24a1ea73a3d713f2b4d89189a64f6a7e30fc904ea7510586dfd51	PARTLY_RECONSTRUCTED	35	33	24	0	9	25	0	0	0	0	0	0	0
L1593642-R001	biblical_book	Gen	26	26		4Q12	1606656	f1	7	1593642				books/DSS-Genesis.txt	1950010	1705	1945715-1945717	3	0	0f6c4b5ea1d8f72d29ea60d7b054ca5c441031e860857b0176e6d38f6de38f83	linguistics/books/DSS-Genesis-Linguistics.txt	2784232	1538	351946e96c32da905879d2a9b9fe26a359d71bb132e2fd3fb9922a810e087b2e	ALL_LETTER_SLOTS_RECONSTRUCTED	9	6	6	0	0	9	0	0	1	0	0	0	0
L1593642-R002	biblical_book	Gen	26	27		4Q12	1606656	f1	7	1593642				books/DSS-Genesis.txt	1951715	4327	1945718-1945733	16	0	a42c63c847e8381a6a1af1f8e8a63fa0206280ce4d63e47fa1fe396b39844233	linguistics/books/DSS-Genesis-Linguistics.txt	2785770	6850	48d9b0b20324539b8f499e646cade7a0b0a71db0e0b32656983d2c9d0057784b	PARTLY_RECONSTRUCTED	56	49	47	2	0	51	2	0	1	0	0	0	0
L1593642-R003	biblical_book	Gen	26	28		4Q12	1606656	f1	7	1593642				books/DSS-Genesis.txt	1956042	1970	1945734-1945735	2	2	496535eb931d037227d4ec7bf2731744daa66d0493f3339ef9a7c34d636c08f9	linguistics/books/DSS-Genesis-Linguistics.txt	2792620	1138	7dc81977a54c2fb758c81714af234ffbc22da1e461c978c54d9df983c47b5924	NO_LETTER_RECONSTRUCTION_MARKED	2	2	0	0	2	0	0	0	0	0	0	0	0
L1593643-R001	biblical_book	Gen	26	28		4Q12	1606656	f1	8	1593643				books/DSS-Genesis.txt	1958012	2086	1945736-1945739	4	1	bf69ab383c9814f5634bac0fc8477019353ac1f861bab15dca499fdf1188122d	linguistics/books/DSS-Genesis-Linguistics.txt	2793758	1869	5130acd13098f272a154a8c0486d2c23eeede5fd181c218e029ebe10001a15ca	ALL_LETTER_SLOTS_RECONSTRUCTED	12	8	8	0	0	10	0	1	2	0	0	0	0
L1593644-R001	biblical_book	Gen	50	15		4Q12a	1606657	f1	1	1593644				books/DSS-Genesis.txt	1960149	3813	1945740-1945752	13	1	81950903324091b17bdcc4c603c0b242caddc9f2ce4f7c11d6db2bd8da98b85c	linguistics/books/DSS-Genesis-Linguistics.txt	2795678	5650	6260d20b99dafb95ba0e182cfab9f2cbc148ac68f11ca131178c600e1fde9ff5	PARTLY_RECONSTRUCTED	45	42	34	0	8	37	0	0	0	0	0	0	0
L1593645-R001	biblical_book	Gen	50	15		4Q12a	1606657	f1	2	1593645				books/DSS-Genesis.txt	1963962	2535	1945753-1945760	8	0	5a5e8e78448d62155e47f9f7838f76a42996fab79dc7e5e749e760f2bc51a189	linguistics/books/DSS-Genesis-Linguistics.txt	2801328	3545	d649b83e7dc1e72d6374743dfbf15159035c6e011591460767947806b3552fee	PARTLY_RECONSTRUCTED	22	19	11	1	7	14	1	0	1	0	0	0	0
L1593645-R002	biblical_book	Gen	50	16		4Q12a	1606657	f1	2	1593645				books/DSS-Genesis.txt	1966497	2748	1945761-1945768	8	1	6150fee203ee345e09d2db0b97fd21971e0f7203d77a3e0cdf6be0538c18263b	linguistics/books/DSS-Genesis-Linguistics.txt	2804873	3499	7ce540cf44f5c43d73b6823537645dd537011a65334015db8af93a7ddcd0f4e2	ALL_LETTER_SLOTS_RECONSTRUCTED	22	19	19	0	0	20	0	0	1	0	0	0	0
L1602724-R001	biblical_book	Gen	1	29		4Q483	1606812	f1	4	1602724				books/DSS-Genesis.txt	1969296	3601	2071910-2071921	12	1	6de2700f47b3f95ecb4af36447498268eb89676cfba873abc28fe60748e41497	linguistics/books/DSS-Genesis-Linguistics.txt	2808423	5336	23ed980124f35d44af675363c2a57e1d3308a17d4271a9f1307080fa1d7f0a0f	PARTLY_RECONSTRUCTED	41	40	37	0	3	38	0	0	0	0	0	0	0
L1602725-R001	biblical_book	Gen	1	29		4Q483	1606812	f1	5	1602725				books/DSS-Genesis.txt	1972897	2503	2071922-2071928	7	1	c69b06cb4e3da4980b2c8572750192d01f025491fe41a2ff1ea8e817acd3f5e0	linguistics/books/DSS-Genesis-Linguistics.txt	2813759	3080	0051c54b60b2f7dc4822155952053aaefecf0172e7995bc82f87d22655034f90	ALL_LETTER_SLOTS_RECONSTRUCTED	16	12	12	0	0	14	0	1	2	0	0	0	0
L1602726-R001	biblical_book	Gen	34	7		4Q576	1606813	f1	1	1602726				books/DSS-Genesis.txt	1975451	3785	2071929-2071942	14	1	f78b01cf3df10db81ce8d186392c8056c1e278efafda318cba0b730c66e4fb60	linguistics/books/DSS-Genesis-Linguistics.txt	2816890	5924	44be3c38070a95f8150b01dbc3271f8e5f03e2dc708d187410864153dbb53cdf	PARTLY_RECONSTRUCTED	38	35	34	1	0	37	1	1	1	0	0	0	0
L1602727-R001	biblical_book	Gen	34	7		4Q576	1606813	f1	2	1602727				books/DSS-Genesis.txt	1979236	4071	2071943-2071961	19	0	86e9d665808e45253f47a75596d35446c05aa594f40eaa0ef266fa286ccb8578	linguistics/books/DSS-Genesis-Linguistics.txt	2822814	7997	30396f9820de47262d08a111a2e4b302352238c07e6a4636a965a7ab8cef3f2c	PARTLY_RECONSTRUCTED	49	46	44	0	2	47	0	0	1	0	0	0	0
L1602727-R002	biblical_book	Gen	34	8		4Q576	1606813	f1	2	1602727				books/DSS-Genesis.txt	1983307	2601	2071962-2071968	7	1	393c70544810027288b499b529c1d9cea658e4296dd314bc9b6eb050cf8196ec	linguistics/books/DSS-Genesis-Linguistics.txt	2830811	3208	2184c13e8244bd7cf85bde83f63afc3f94733c98a7a36dbe7846d148046cb3fa	ALL_LETTER_SLOTS_RECONSTRUCTED	20	19	19	0	0	20	0	0	0	0	0	0	0
L1602728-R001	biblical_book	Gen	34	8		4Q576	1606813	f1	3	1602728				books/DSS-Genesis.txt	1985908	3587	2071969-2071980	12	0	f92f0a03dfc7101d94cc446def5ffad215b0c11312608cdd97fccafa21842f60	linguistics/books/DSS-Genesis-Linguistics.txt	2834019	5148	8fbe60b84a44c3f629de78f779a95b6a0ddd8066e31860755e60415d6509559f	ALL_LETTER_SLOTS_RECONSTRUCTED	37	30	30	0	0	37	0	0	1	0	0	0	0
L1602728-R002	biblical_book	Gen	34	9		4Q576	1606813	f1	3	1602728				books/DSS-Genesis.txt	1989495	3678	2071981-2071990	10	1	fc52be1ee9e2bba2cae771b8606cafc58ba1bcd07b657c8f502915933803fffa	linguistics/books/DSS-Genesis-Linguistics.txt	2839167	4446	3e1a42a198a8b5575542a624ffa852284be4466f23667cc38ec024e4032d4ebd	PARTLY_RECONSTRUCTED	41	37	32	1	4	36	1	0	0	0	0	0	0
L1602729-R001	biblical_book	Gen	34	9		4Q576	1606813	f1	4	1602729				books/DSS-Genesis.txt	1993173	1558	2071991-2071992	2	0	fac24ba71a5c8022194da405e8940bbae120074a1620e4243ffa7940f6c10b04	linguistics/books/DSS-Genesis-Linguistics.txt	2843613	1115	6636a8f2e121ab0a98132ca550f219014b3b9e2aba8d3df075824c5c63d5def0	ALL_LETTER_SLOTS_RECONSTRUCTED	6	3	3	0	0	6	0	0	1	0	0	0	0
L1602729-R002	biblical_book	Gen	34	10		4Q576	1606813	f1	4	1602729				books/DSS-Genesis.txt	1994731	4146	2071993-2072008	16	0	560cced45323eaffd7ed7cb0b220e88f38d0703b8284ccc63af21c0f2462d144	linguistics/books/DSS-Genesis-Linguistics.txt	2844728	6699	bfbf5c8079f3f3a7d84361cc9e89d5f1210c46658cab227eb98946199c0a9d89	PARTLY_RECONSTRUCTED	47	41	37	1	3	43	1	0	1	0	0	0	0
L1602729-R003	biblical_book	Gen	34	11		4Q576	1606813	f1	4	1602729				books/DSS-Genesis.txt	1998877	1746	2072009-2072010	2	1	731fca66c9bff3ed290370767ea9c61e53c6c0d95ea055917fcb9534b45729b0	linguistics/books/DSS-Genesis-Linguistics.txt	2851427	1085	3dba80f2ba460d48f41bc21863c7d90fd58fa30169258b68bb2717c2f3d9f1e6	NO_LETTER_SLOTS	4	0	0	0	0	2	0	1	2	0	0	0	0
L1602730-R001	biblical_book	Gen	50	3		4Q576	1606813	f2	1	1602730				books/DSS-Genesis.txt	2000623	4626	2072011-2072028	18	1	50f975e0dc826905927ffc041b8ad21f2a88f50053d05539af896eb18e90d3d9	linguistics/books/DSS-Genesis-Linguistics.txt	2852512	7775	84405ae15bad3fd11afbf81261a9692b6135abd68a4dd9fb92859ac1b451597c	PARTLY_RECONSTRUCTED	60	56	52	1	3	56	1	0	1	0	0	0	0
L1602878-R001	biblical_book	Gen	6	12		6Q1	1606821	f1	1	1602878				books/DSS-Genesis.txt	2005298	2237	2073744-2073746	3	2	b39d949f48f54dede9dad270e9ba3640cbd244908486884f18b018ed051f9336	linguistics/books/DSS-Genesis-Linguistics.txt	2860336	1437	625527976c56c38199e66b14d15cebbe9068c1637b9b37b77c6904350509cea9	NO_LETTER_SLOTS	6	0	0	0	0	4	0	2	3	0	0	0	0
L1602879-R001	biblical_book	Gen	6	13		6Q1	1606821	f1	2	1602879				books/DSS-Genesis.txt	2007535	5262	2073747-2073768	22	1	6e3a51b3120365831fadba2e43ec5f3fd6bba5ea373f9d1aba3796042d74763c	linguistics/books/DSS-Genesis-Linguistics.txt	2861773	9253	55dfb97a02edd2823dab0fec0433b8e1ad31acb47d4c498c3e00f8002fee4825	PARTLY_RECONSTRUCTED	62	58	54	0	4	57	0	0	0	0	0	0	0
L1602880-R001	biblical_book	Gen	6	13		6Q1	1606821	f1	3	1602880				books/DSS-Genesis.txt	2012797	1548	2073769-2073771	3	0	12e137fcd051cc07f288ee26a4a7de8f04e7c28e552f5c6d0a5bcb3dcf4cd174	linguistics/books/DSS-Genesis-Linguistics.txt	2871026	1504	00e0c00770ada8ecf1aa8151837c2147f4f646c5e05eb1bc9b9ebd6e8c31ba1d	ALL_LETTER_SLOTS_RECONSTRUCTED	6	4	4	0	0	6	0	0	1	0	0	0	0
L1602880-R002	biblical_book	Gen	6	14		6Q1	1606821	f1	3	1602880				books/DSS-Genesis.txt	2014345	4524	2073772-2073792	21	0	a710f9e3b3c4d9f0ef856c7dd22883984af7c47011091cf557e67502207ba9e6	linguistics/books/DSS-Genesis-Linguistics.txt	2872530	8685	1819215efc5e12960d1a92ab50a48cae509eddbf010d2c616642ffcaca99f256	PARTLY_RECONSTRUCTED	53	49	43	0	6	47	0	0	1	0	0	0	0
L1602880-R003	biblical_book	Gen	6	15		6Q1	1606821	f1	3	1602880				books/DSS-Genesis.txt	2018869	1685	2073793-2073794	2	1	670629cfc51e6b71453c55ff2a5fa8de42bedc8e87b5d8a2272f6b3d90bfe64a	linguistics/books/DSS-Genesis-Linguistics.txt	2881215	1130	a45baac808ae7178c297d9fc5087bd879b8e1a96845891a27e2dabd14f72a341	ALL_LETTER_SLOTS_RECONSTRUCTED	3	3	3	0	0	3	0	0	0	0	0	0	0
L1602881-R001	biblical_book	Gen	6	15		6Q1	1606821	f1	4	1602881				books/DSS-Genesis.txt	2020554	4315	2073795-2073811	17	0	65385143ecbeb8389fb4d1edc4d72239fbfcbf7dd682f424fe46e0ab6d0dafa8	linguistics/books/DSS-Genesis-Linguistics.txt	2882345	7521	e38c25d23b3296afa3ac57613d5b309784991db041a93170134213a5b34cd8cb	PARTLY_RECONSTRUCTED	58	53	49	0	4	54	0	0	1	0	0	0	0
L1602881-R002	biblical_book	Gen	6	16		6Q1	1606821	f1	4	1602881				books/DSS-Genesis.txt	2024869	1735	2073812-2073813	2	1	8170afaba2dc249f50ee348d631fd4dfebd0694039a165a5a8a7a2617d5ca602	linguistics/books/DSS-Genesis-Linguistics.txt	2889866	1203	7bddf885cd0fecfa04712d8d42780fd7d1b93f8a41901b073f41e698f4248324	ALL_LETTER_SLOTS_RECONSTRUCTED	7	7	7	0	0	7	0	0	0	0	0	0	0
L1602882-R001	biblical_book	Gen	6	16		6Q1	1606821	f1	5	1602882				books/DSS-Genesis.txt	2026604	4997	2073814-2073835	22	0	a807a86c6c17d9b95da073133d32f4ba6ad9f64ac077b1f6ee20d57993374814	linguistics/books/DSS-Genesis-Linguistics.txt	2891069	9226	4595f98a2b8edd2d8009a54440643bfee5691dbaf45c42b1495359250d523974	PARTLY_RECONSTRUCTED	61	56	48	3	5	53	3	0	1	0	0	0	0
L1602882-R002	biblical_book	Gen	6	17		6Q1	1606821	f1	5	1602882				books/DSS-Genesis.txt	2031601	1999	2073836-2073838	3	1	dda13e949b1844d31de29b62ee2dd6d1d640337f149f6847df653b392e15bbd8	linguistics/books/DSS-Genesis-Linguistics.txt	2900295	1613	b97de44d0966997617a3e9c4359d104c26afebd49d7e332e4a9e784a3a23260a	ALL_LETTER_SLOTS_RECONSTRUCTED	9	8	8	0	0	9	0	0	0	0	0	0	0
L1602883-R001	biblical_book	Gen	6	17		6Q1	1606821	f1	6	1602883				books/DSS-Genesis.txt	2033600	4477	2073839-2073858	20	1	fc354f79f639eb42cc4770b6d1a6ddaa797ee3063c850d4a257ec0ba19998dcd	linguistics/books/DSS-Genesis-Linguistics.txt	2901908	8421	a812847c5b22bf82a9b7e2c72971461f00ee8350b5a0468888b53ff9f940bc5a	PARTLY_RECONSTRUCTED	51	50	42	0	8	43	0	0	0	0	0	0	0
L1602884-R001	biblical_book	Gen	6	17		6Q1	1606821	f1	7	1602884				books/DSS-Genesis.txt	2038077	2017	2073859-2073864	6	0	4d010837f34dc5d6962b1dcb8aed03bc63559dfdfae40b6d364d1603c71268ca	linguistics/books/DSS-Genesis-Linguistics.txt	2910329	2733	6d63df3204fd03a065ddf746203f9b27c35e1142ec1966caaa35227756cb9fed	ALL_LETTER_SLOTS_RECONSTRUCTED	15	13	13	0	0	15	0	0	1	0	0	0	0
L1602884-R002	biblical_book	Gen	6	18		6Q1	1606821	f1	7	1602884				books/DSS-Genesis.txt	2040094	4793	2073865-2073882	18	1	21cba474cf896e1973bb1c262d2b5def21aeba0a62a4b6504b71c75416892eec	linguistics/books/DSS-Genesis-Linguistics.txt	2913062	7623	460572220bc9bd96cfd93987afa15075e9024081f79e820347354de8e9acb84a	PARTLY_RECONSTRUCTED	52	47	35	2	10	38	2	0	0	0	0	0	0
L1602885-R001	biblical_book	Gen	6	18		6Q1	1606821	f1	8	1602885				books/DSS-Genesis.txt	2044887	1554	2073883-2073884	2	0	8c4cdc05e6ea1c2e99122555e3fc9cefbdd0253438cb9680364caf74b3cb5669	linguistics/books/DSS-Genesis-Linguistics.txt	2920685	1129	482fea54871e84d87c61aae884dbb6210327bf3a271623ffb9872926f18bfe91	ALL_LETTER_SLOTS_RECONSTRUCTED	6	3	3	0	0	6	0	0	1	0	0	0	0
L1602885-R002	biblical_book	Gen	6	19		6Q1	1606821	f1	8	1602885				books/DSS-Genesis.txt	2046441	4594	2073885-2073905	21	1	b4bde14fb0920e61a526203f2d4469ec80d394d7c5d153009563f4d7aa3df93a	linguistics/books/DSS-Genesis-Linguistics.txt	2921814	8694	0f345e56aad3c58615feb04cab71489a9aa8a0ba8f7b2dfe7b580df3eec8e1ca	PARTLY_RECONSTRUCTED	48	47	42	0	5	42	0	0	0	0	0	0	0
L1602886-R001	biblical_book	Gen	6	19		6Q1	1606821	f1	9	1602886				books/DSS-Genesis.txt	2051035	1433	2073906-2073907	2	0	d65a8e431959ca29f37feb8a3f210549e70ed8e12f69cafce6b00a1c87768272	linguistics/books/DSS-Genesis-Linguistics.txt	2930508	1127	c50ebeba20290262ec3c056ff5c110521fe7487684925c809ec0736498fe8509	ALL_LETTER_SLOTS_RECONSTRUCTED	6	4	4	0	0	6	0	0	1	0	0	0	0
L1602886-R002	biblical_book	Gen	6	20		6Q1	1606821	f1	9	1602886				books/DSS-Genesis.txt	2052468	5333	2073908-2073930	23	1	25d4904d9878f53f54a66c7ff2eeb0db9e8d54c3aae44373fa376df028a03ee8	linguistics/books/DSS-Genesis-Linguistics.txt	2931635	9507	7f57efd4f2d21af5b12c293556fc23b0bc13ada21cd4ca2af3bd6ab440460186	PARTLY_RECONSTRUCTED	61	57	49	0	8	52	0	0	0	0	0	0	0
L1602887-R001	biblical_book	Gen	6	20		6Q1	1606821	f1	10	1602887				books/DSS-Genesis.txt	2057801	1570	2073931-2073933	3	0	f19a534153248736cdf074dc48b7112371c11d6e2ec3e674adc15a086890b1fc	linguistics/books/DSS-Genesis-Linguistics.txt	2941142	1513	b8aeb5296c5c33b197a9227481290a650e8e4a91b4b6161dacb66299072922b8	ALL_LETTER_SLOTS_RECONSTRUCTED	8	6	6	0	0	8	0	0	1	0	0	0	0
L1602887-R002	biblical_book	Gen	6	21		6Q1	1606821	f1	10	1602887				books/DSS-Genesis.txt	2059371	4931	2073934-2073953	20	1	b3552804337997c046a6996e6ae9117a1b12093d670a3daf562975b5daa5adee	linguistics/books/DSS-Genesis-Linguistics.txt	2942655	8218	e83e62701b5f2643e094929a5c042a0ae70a7614c6d63348b4877f1b1ad96da2	PARTLY_RECONSTRUCTED	52	46	39	1	6	43	1	0	1	0	0	0	0
L1603097-R001	biblical_book	Gen	13	1		8Q1	1606828	f1a	1	1603097				books/DSS-Genesis.txt	2064351	4262	2075711-2075728	18	0	2976c2c0302e1b7b31e9c4bb61da8c74427f5384e0934604858e29255821c602	linguistics/books/DSS-Genesis-Linguistics.txt	2950922	7556	ff09e230387fd6fcdbbf16b633522aa09f93401acff4096b6161d165fd708a12	PARTLY_RECONSTRUCTED	48	42	36	0	6	42	0	0	1	0	0	0	0
L1603097-R002	biblical_book	Gen	13	2		8Q1	1606828	f1a	1	1603097				books/DSS-Genesis.txt	2068613	1863	2075729-2075731	3	1	4213e0fc12ed7837d5f579eb6f7cd60c35126a4e2fbf2f7bb3cb392743dae964	linguistics/books/DSS-Genesis-Linguistics.txt	2958478	1618	a44d1b50ac944d7449bb0424c0d0ecaba7ad0df89d1c28a8568ff90ff8a879f6	ALL_LETTER_SLOTS_RECONSTRUCTED	8	8	8	0	0	8	0	0	0	0	0	0	0
L1603098-R001	biblical_book	Gen	13	2		8Q1	1606828	f1a	2	1603098				books/DSS-Genesis.txt	2070476	2517	2075732-2075740	9	0	73a6485f1c166101b862362c2322b5bb09263e210ec25d06add04f5a56ad12b2	linguistics/books/DSS-Genesis-Linguistics.txt	2960096	3936	6c3121200d3592b67585ce4801a6c3d911e83cf8a6d2c80b0d650d0b568118c5	PARTLY_RECONSTRUCTED	19	17	9	2	6	11	2	0	1	0	0	0	0
L1603098-R002	biblical_book	Gen	13	3		8Q1	1606828	f1a	2	1603098				books/DSS-Genesis.txt	2072993	3574	2075741-2075754	14	1	ca26745621993d6ed671a0c4fb0c97695f27dc15b05ffb96a65bd1b380b37349	linguistics/books/DSS-Genesis-Linguistics.txt	2964032	5924	96cd5f57be37b9ad17d88e223e9d88fbbd9f5e9df35a39683ebdda10aaad8dc2	ALL_LETTER_SLOTS_RECONSTRUCTED	33	32	32	0	0	33	0	0	0	0	0	0	0
L1603099-R001	biblical_book	Gen	13	3		8Q1	1606828	f1a	3	1603099				books/DSS-Genesis.txt	2076567	3613	2075755-2075767	13	1	103dafb891d2eb225e5d08ca2a9ee4780d5660a9284973dc78aa661db21dc6cc	linguistics/books/DSS-Genesis-Linguistics.txt	2969956	5575	9d59fd847a041cb709923b81c2d885ea2249ff61e42c02fe2a9e314645de1114	PARTLY_RECONSTRUCTED	32	29	28	1	0	31	1	0	1	0	0	0	0
L1603100-R001	biblical_book	Gen	17	12		8Q1	1606828	f1+4	0	1603100				books/DSS-Genesis.txt	2080180	2802	2075768-2075775	8	1	282904d215a93f3836c08592d252e6b7edd8025e8dcbef6f2a12e07cc185c90d	linguistics/books/DSS-Genesis-Linguistics.txt	2975531	3584	0b00ab8250d242f35e5d0ed505f924cd2b19ed140dd0a5814ead4bf5f38f24dd	ALL_LETTER_SLOTS_RECONSTRUCTED	23	20	20	0	0	23	0	1	1	0	0	0	0
L1603101-R001	biblical_book	Gen	17	12		8Q1	1606828	f1+4	1	1603101				books/DSS-Genesis.txt	2082982	4144	2075776-2075793	18	0	0766ee1a4043dbc385094a120f0863673a872ea6081257f479df0fcb90a9d21b	linguistics/books/DSS-Genesis-Linguistics.txt	2979115	7673	50e9e450362206ce204821b71706bb26c2ded397ff9573f64728ee88f19f1433	PARTLY_RECONSTRUCTED	50	46	45	1	0	49	1	0	1	0	0	0	0
L1603101-R002	biblical_book	Gen	17	13		8Q1	1606828	f1+4	1	1603101				books/DSS-Genesis.txt	2087126	2508	2075794-2075799	6	1	a20affb24c6ce41793c41b35551244a53fd4dcdf5d90296b028b8b0921b42622	linguistics/books/DSS-Genesis-Linguistics.txt	2986788	2911	9d3dffa2a8d9711d4fc18e863e885a171144e218e017a205bf6953e3b459a8e2	ALL_LETTER_SLOTS_RECONSTRUCTED	22	21	21	0	0	22	0	0	0	0	0	0	0
L1603102-R001	biblical_book	Gen	17	13		8Q1	1606828	f1+4	2	1603102				books/DSS-Genesis.txt	2089634	3098	2075800-2075809	10	0	67ad2f9847ddca06b003902edd1953ff53dd0040be8117a16a896c9cf6980a0e	linguistics/books/DSS-Genesis-Linguistics.txt	2989699	4470	f985b63181564ecae5a5d4cbc45a27d9379365e89285ab973fcfcb75239aa3be	PARTLY_RECONSTRUCTED	34	29	28	0	1	33	0	0	1	0	0	0	0
L1603102-R002	biblical_book	Gen	17	14		8Q1	1606828	f1+4	2	1603102				books/DSS-Genesis.txt	2092732	3514	2075810-2075822	13	1	2cd44ad7bc0f9fce38541663b36051491b96fd50582a2218b67d966258f688cb	linguistics/books/DSS-Genesis-Linguistics.txt	2994169	5646	91605564ebd33fd2725bfd7e6d2ea01fcc240d3d273a24254064e304b3db137d	ALL_LETTER_SLOTS_RECONSTRUCTED	37	36	36	0	0	37	0	0	0	0	0	0	0
L1603103-R001	biblical_book	Gen	17	14		8Q1	1606828	f1+4	3	1603103				books/DSS-Genesis.txt	2096246	2585	2075823-2075830	8	0	f8fe50cfb0c1b283c28553af241ea089f3124933f40d2b49d400ecb73c9979ea	linguistics/books/DSS-Genesis-Linguistics.txt	2999815	3536	14acfc338d207e42acbc9628176a05b74f0b4e80b41bf07f8204d65b60ead6f6	ALL_LETTER_SLOTS_RECONSTRUCTED	23	19	19	0	0	23	0	0	1	0	0	0	0
L1603103-R002	biblical_book	Gen	17	15		8Q1	1606828	f1+4	3	1603103				books/DSS-Genesis.txt	2098831	3192	2075831-2075838	8	2	e2491c2aef070ba4fa48e29fd54fedfca637d3ae4300b6a83fae808e2af17f7c	linguistics/books/DSS-Genesis-Linguistics.txt	3003351	3739	2322a9ed89c6352f318896d968452efc2b32baf3642e6a0d2271444e807cf47d	ALL_LETTER_SLOTS_RECONSTRUCTED	27	26	26	0	0	27	0	0	0	0	0	0	0
L1603104-R001	biblical_book	Gen	17	15		8Q1	1606828	f1+4	4	1603104				books/DSS-Genesis.txt	2102023	2665	2075839-2075846	8	0	599c618a4204a4f2e8b4a1905d54abcb35edee8373bebbd4b195969be6577f54	linguistics/books/DSS-Genesis-Linguistics.txt	3007090	3594	48fc636c7edd4de7ba7124e69ca75afc2305e62ebc444b1ce78a5a511ed80ba3	PARTLY_RECONSTRUCTED	24	20	19	1	0	23	1	0	1	0	0	0	0
L1603104-R002	biblical_book	Gen	17	16		8Q1	1606828	f1+4	4	1603104				books/DSS-Genesis.txt	2104688	4352	2075847-2075862	16	1	c81e9a52a13c35c3e248c39b277179bb4eebe95ff3903aa3f6cfcee29680cf87	linguistics/books/DSS-Genesis-Linguistics.txt	3010684	6779	50aa98872f40db45adce0c57b14543f0beec39bccb54526846d10caba492ad5b	ALL_LETTER_SLOTS_RECONSTRUCTED	49	45	45	0	0	49	0	0	0	0	0	0	0
L1603105-R001	biblical_book	Gen	17	16		8Q1	1606828	f1+4	5	1603105				books/DSS-Genesis.txt	2109040	1945	2075863-2075866	4	0	1be239cbe02e2995c2a38fb781e3c5b7e8d2e59b249d03ae3b2358fe9025c0c9	linguistics/books/DSS-Genesis-Linguistics.txt	3017463	1946	b36d94b2a85ec9772de2b62d5a8a4cce9b15373d1ee9ee7dad45d24eb99f5a56	PARTLY_RECONSTRUCTED	15	12	11	0	1	14	0	0	1	0	0	0	0
L1603105-R002	biblical_book	Gen	17	17		8Q1	1606828	f1+4	5	1603105				books/DSS-Genesis.txt	2110985	4880	2075867-2075888	22	1	fade4267183c7fbb86e5a2a03592f2faf99a417d813dabdd2b2b37ca3e6a97c6	linguistics/books/DSS-Genesis-Linguistics.txt	3019409	9125	5cbd3f6911c3c5b66ab7f03ef99016480e94a4f33b61302d31583ec96ae16492	ALL_LETTER_SLOTS_RECONSTRUCTED	54	52	52	0	0	54	0	0	0	0	0	0	0
L1603106-R001	biblical_book	Gen	17	17		8Q1	1606828	f1+4	6	1603106				books/DSS-Genesis.txt	2115865	1763	2075889-2075892	4	0	c7a39e24249be4f42463ebd5bcf0b611ffef97383ee081d6f0c4e77e4f8db04f	linguistics/books/DSS-Genesis-Linguistics.txt	3028534	2019	b341a1e70bcec453f16465daca0c222de306463188b294e96bb6392f37d2f4f1	ALL_LETTER_SLOTS_RECONSTRUCTED	13	11	11	0	0	13	0	0	1	0	0	0	0
L1603106-R002	biblical_book	Gen	17	18		8Q1	1606828	f1+4	6	1603106				books/DSS-Genesis.txt	2117628	3093	2075893-2075904	12	0	813704e45b710a8096b65e352362e66cb9e0e67385c49478edd3b838817ebe20	linguistics/books/DSS-Genesis-Linguistics.txt	3030553	5305	fb4616ab9793f5edfd6ebdd79fd842743634b7b857b7da9d9b5e3372586f5db1	PARTLY_RECONSTRUCTED	38	35	30	0	5	33	0	0	1	0	0	0	0
L1603106-R003	biblical_book	Gen	17	19		8Q1	1606828	f1+4	6	1603106				books/DSS-Genesis.txt	2120721	2047	2075905-2075908	4	1	e643d1ad0b09057fd0427f585ef9e4c3c63fe8432701745b1f1ebe4cd9f58a72	linguistics/books/DSS-Genesis-Linguistics.txt	3035858	2048	0242fa927356fa5161d287d7e832aceb30184ade662d68711bc844d8028c467d	ALL_LETTER_SLOTS_RECONSTRUCTED	13	13	13	0	0	13	0	0	0	0	0	0	0
L1603107-R001	biblical_book	Gen	17	19		8Q1	1606828	f1+4	7	1603107				books/DSS-Genesis.txt	2122768	5784	2075909-2075930	22	1	0edf65a26699f179f70704989ba22a5085fc10ecb0fbb004075599dd318c2fbe	linguistics/books/DSS-Genesis-Linguistics.txt	3037906	9349	c9ce7aff7f8753d1443cc62ff36bcbccd6aa27821c5da8b13b2872abceed4ee5	PARTLY_RECONSTRUCTED	73	64	61	0	3	70	0	0	1	0	0	0	0
L1603108-R001	biblical_book	Gen	18	20		8Q1	1606828	f2_3	1	1603108				books/DSS-Genesis.txt	2128552	3727	2075931-2075944	14	1	25c103d36d07e53338184d882c435b1a09d5140afbd2b4c39c22ecbdfccbb635	linguistics/books/DSS-Genesis-Linguistics.txt	3047255	6085	faeab72d4997c566f7c92d818df2a2d3786e40ba76d83df108ff47a60ad1aa9c	PARTLY_RECONSTRUCTED	41	38	37	1	0	40	1	1	1	0	0	0	0
L1603109-R001	biblical_book	Gen	18	20		8Q1	1606828	f2_3	2	1603109				books/DSS-Genesis.txt	2132279	1429	2075945-2075946	2	0	cf4c0985056e74e3443404f475d5a407e3c313dd1fc1a0cd8b57567d65485b4f	linguistics/books/DSS-Genesis-Linguistics.txt	3053340	1142	fb8ce0d5854698cf4b33f9c9ba4e89018b37ca228afa629c354453261912e0f0	ALL_LETTER_SLOTS_RECONSTRUCTED	5	3	3	0	0	5	0	0	1	0	0	0	0
L1603109-R002	biblical_book	Gen	18	21		8Q1	1606828	f2_3	2	1603109				books/DSS-Genesis.txt	2133708	4018	2075947-2075963	17	0	7ecd5dcf0b7232f6d8a67b54c3be8648806f31d2a90385a42d4a7ea2241cf080	linguistics/books/DSS-Genesis-Linguistics.txt	3054482	7095	b1e1778798ddb3e5075b79ff18f273ee5473858204ae0ed3ee1852c1851d871f	PARTLY_RECONSTRUCTED	44	40	32	2	6	35	2	0	1	0	0	0	0
L1603109-R003	biblical_book	Gen	18	22		8Q1	1606828	f2_3	2	1603109				books/DSS-Genesis.txt	2137726	1983	2075964-2075967	4	1	21cf54a90d207549a72115c774de3463fb3206d6cd609d6ed5d3a521a1b77249	linguistics/books/DSS-Genesis-Linguistics.txt	3061577	1924	b0e8c46a3e1ca3d2f0ed1685fa93575eee6e0342e77853880c5dac7a61a30db0	ALL_LETTER_SLOTS_RECONSTRUCTED	8	8	8	0	0	8	0	0	0	0	0	0	0
L1603110-R001	biblical_book	Gen	18	22		8Q1	1606828	f2_3	3	1603110				books/DSS-Genesis.txt	2139709	3425	2075968-2075980	13	0	b095a86152a2c11c6a50568cda5e764c2c52df486764848631c536841b66a6b7	linguistics/books/DSS-Genesis-Linguistics.txt	3063501	5622	eb52421bb10e8cea77e4f2ef942aa2f59b761db4eb55f153243df4eaa4a0a55a	PARTLY_RECONSTRUCTED	41	37	32	1	4	36	1	0	1	0	0	0	0
L1603110-R002	biblical_book	Gen	18	23		8Q1	1606828	f2_3	3	1603110				books/DSS-Genesis.txt	2143134	2607	2075981-2075988	8	1	6b9b9f13251907d306c1517b6d8b33ebe0875c28cd58a22462e18e2d5aa60cf8	linguistics/books/DSS-Genesis-Linguistics.txt	3069123	3576	a60846c266bedd9ccfb2c63df85c784561876ea05b077af58d997c724d18935f	ALL_LETTER_SLOTS_RECONSTRUCTED	21	21	21	0	0	21	0	0	0	0	0	0	0
L1603111-R001	biblical_book	Gen	18	23		8Q1	1606828	f2_3	4	1603111				books/DSS-Genesis.txt	2145741	1741	2075989-2075992	4	0	3cba7143784fd379da4d8ca163d048a26c5f0d48f20f9bd9c981190783eca890	linguistics/books/DSS-Genesis-Linguistics.txt	3072699	1971	9f4cece0a29fce3e37290a85ccad547c06d45582efaf1f9db050ecd001b558b7	ALL_LETTER_SLOTS_RECONSTRUCTED	11	9	9	0	0	11	0	0	1	0	0	0	0
L1603111-R002	biblical_book	Gen	18	24		8Q1	1606828	f2_3	4	1603111				books/DSS-Genesis.txt	2147482	4016	2075993-2076009	17	1	f060054e754f1fccb0b34560612e8f99b41dbe96adb157dd4349c9678fc82b9c	linguistics/books/DSS-Genesis-Linguistics.txt	3074670	7315	f7e1c484f41530bae58cf662c3255739bb60adcd1858f686622a7a34aaae52ba	PARTLY_RECONSTRUCTED	46	46	44	1	1	44	1	0	0	0	0	0	0
L1603112-R001	biblical_book	Gen	18	24		8Q1	1606828	f2_3	5	1603112				books/DSS-Genesis.txt	2151498	2329	2076010-2076016	7	0	0ef0144d2981cafa2281b1a2250c7644e35a912c4a3dfb0942aa0650489e2d7c	linguistics/books/DSS-Genesis-Linguistics.txt	3081985	3249	44dd56f9370ea3280f5e9c6d6dff794e7bb49d52695d0c5bf8e453329f4fd2d9	ALL_LETTER_SLOTS_RECONSTRUCTED	22	19	19	0	0	22	0	0	1	0	0	0	0
L1603112-R002	biblical_book	Gen	18	25		8Q1	1606828	f2_3	5	1603112				books/DSS-Genesis.txt	2153827	4364	2076017-2076034	18	1	cdaae955b07e75564f70cfa960689e2117c8a529ebbc3a35426b64d62e83b64b	linguistics/books/DSS-Genesis-Linguistics.txt	3085234	7555	5b31e89f89cfe65811b8bd51e71a07c3abd39be7f9ba38c156de7b158d23e5bf	PARTLY_RECONSTRUCTED	44	42	36	0	5	38	0	0	0	0	6	0	0
L1603113-R001	biblical_book	Gen	18	25		8Q1	1606828	f2_3	6	1603113				books/DSS-Genesis.txt	2158191	4123	2076035-2076050	16	1	2330f7816ac4c689e228ee8f54567da52ca25dc1e08f9df302bdf633147299af	linguistics/books/DSS-Genesis-Linguistics.txt	3092789	6758	d1bcf98f0a811ff23e373b2dc0c060b6009cee115d5888f1937eeb2f89d74b87	PARTLY_RECONSTRUCTED	41	35	30	0	5	34	0	1	2	0	0	0	0
L1604273-R001	biblical_book	Gen	32	4		Mur1	1606844	f1i	1	1604273				books/DSS-Genesis.txt	2162364	3160	2090000-2090008	9	1	dea81e7ecbd7a8dcfefebbafdc83df850080a003f16d765824c6b11e1f19505f	linguistics/books/DSS-Genesis-Linguistics.txt	3099597	4113	8ca08d9b063d10f6d535c6bfcfb2d943abc54220845f44dfe56cb52ebd0b6645	PARTLY_RECONSTRUCTED	31	29	9	4	16	9	4	0	0	0	0	0	0
L1604274-R001	biblical_book	Gen	32	4		Mur1	1606844	f1i	2	1604274				books/DSS-Genesis.txt	2165524	2057	2090009-2090013	5	0	174f48785c6db88272de188106659fa4c948ff0fce7e80b1f49daf9d0993a670	linguistics/books/DSS-Genesis-Linguistics.txt	3103710	2468	fe3368049001649e1f1f08c26f7195123b9e7cc2a9611188aec7caae7b488c56	ALL_LETTER_SLOTS_RECONSTRUCTED	18	15	15	0	0	18	0	0	1	0	0	0	0
L1604274-R002	biblical_book	Gen	32	5		Mur1	1606844	f1i	2	1604274				books/DSS-Genesis.txt	2167581	2585	2090014-2090019	6	1	193ffc21457f7161bb321489278584b533e63cb2a1f8f2a84ea95f209433fa5a	linguistics/books/DSS-Genesis-Linguistics.txt	3106178	2712	0287c86b9e997e93a99c60959965066bbd6614ba90164f65d49b1742ae055eca	PARTLY_RECONSTRUCTED	14	11	3	5	3	3	5	0	1	0	0	0	0
L1604275-R001	biblical_book	Gen	32	30		Mur1	1606844	f1ii_2i	1	1604275				books/DSS-Genesis.txt	2170166	3092	2090020-2090028	9	1	8c6d1d421902da927ebaef27440951f1583b8294850875e8acaa4a73012a9b92	linguistics/books/DSS-Genesis-Linguistics.txt	3108890	4072	e2819d7875607d886af78fc8f282ce82dcbfc3fdff6c9cbc17c3e3a3085c69fc	PARTLY_RECONSTRUCTED	29	27	9	4	14	9	4	0	0	0	0	0	0
L1604276-R001	biblical_book	Gen	32	30		Mur1	1606844	f1ii_2i	2	1604276				books/DSS-Genesis.txt	2173258	2793	2090029-2090037	9	0	bf52ff4218d420267cc8e72de642ce25a6b4408bb799cff0e80097922a38bc55	linguistics/books/DSS-Genesis-Linguistics.txt	3112962	3899	78685fbdba24ff40c45dcc9f283e4459c939be9d03009a69fdd379b3baed728c	PARTLY_RECONSTRUCTED	24	20	18	2	0	22	2	0	1	0	0	0	0
L1604276-R002	biblical_book	Gen	32	31		Mur1	1606844	f1ii_2i	2	1604276				books/DSS-Genesis.txt	2176051	1725	2090038-2090039	2	1	4ddfd7ebf3b9084577c8d51eaa42113db48ae4611586dde40756f19a5472bbad	linguistics/books/DSS-Genesis-Linguistics.txt	3116861	1174	efa835d51507c944d6ed89f6b586b922b86cec35853cbd45182104f2e12a2ce9	ALL_LETTER_SLOTS_RECONSTRUCTED	5	5	5	0	0	5	0	0	0	0	0	0	0
L1604277-R001	biblical_book	Gen	32	31		Mur1	1606844	f1ii_2i	3	1604277				books/DSS-Genesis.txt	2177776	2714	2090040-2090047	8	1	45c95ffc86c42aa753522f9513c2ce0853b9f527e4af1a73b120cde933b977f8	linguistics/books/DSS-Genesis-Linguistics.txt	3118035	3804	7506e1c16e6e3486dd4cd01ea2eaa2598b526de24f81c685607a9fe06c780686	ALL_LETTER_SLOTS_RECONSTRUCTED	28	28	28	0	0	28	0	0	0	0	0	0	0
L1604278-R001	biblical_book	Gen	32	31		Mur1	1606844	f1ii_2i	4	1604278				books/DSS-Genesis.txt	2180490	2347	2090048-2090054	7	0	01722658036574175e04addeb4352b8f4f7509137213e20bb21782d88147924e	linguistics/books/DSS-Genesis-Linguistics.txt	3121839	3212	996f21d888ddacf23ce1317f8e7e9fc10992b9e9cd0cc2508ba41bb79f5d675f	ALL_LETTER_SLOTS_RECONSTRUCTED	22	19	19	0	0	22	0	0	1	0	0	0	0
L1604278-R002	biblical_book	Gen	32	32		Mur1	1606844	f1ii_2i	4	1604278				books/DSS-Genesis.txt	2182837	2277	2090055-2090059	5	1	d29e31d23ea70ebaf47823f4ab4f898d5681a1baeb61f3f492276f8c9223f9df	linguistics/books/DSS-Genesis-Linguistics.txt	3125051	2337	988c6bdb517694fa14677f3232350f33888c37ac355c411aa444699c3e79198a	ALL_LETTER_SLOTS_RECONSTRUCTED	12	11	11	0	0	12	0	0	0	0	0	0	0
L1604279-R001	biblical_book	Gen	32	32		Mur1	1606844	f1ii_2i	5	1604279				books/DSS-Genesis.txt	2185114	3249	2090060-2090070	11	1	c1015670d5b05f3b825a96df01df598c2564825ae6093a3f645af5ee17fe8d48	linguistics/books/DSS-Genesis-Linguistics.txt	3127388	4819	0345e1b2feae691233f1bf2db4f6fde246dba95ac1ede5531a5f2124af232abb	ALL_LETTER_SLOTS_RECONSTRUCTED	30	27	27	0	0	30	0	0	1	0	0	0	0
L1604280-R001	biblical_book	Gen	32	33		Mur1	1606844	f1ii_2i	6	1604280				books/DSS-Genesis.txt	2188363	3270	2090071-2090080	10	1	e558463652c9264bba2342db49b2031a13410d8ba45ddab138be602268761ece	linguistics/books/DSS-Genesis-Linguistics.txt	3132207	4521	d9f374a53e29d829a6425e60a67eaa9826cfe379c7dadd96b8dcd794bb68bf92	PARTLY_RECONSTRUCTED	28	28	12	8	8	12	8	0	0	0	0	0	0
L1604281-R001	biblical_book	Gen	32	33		Mur1	1606844	f1ii_2i	7	1604281				books/DSS-Genesis.txt	2191633	3327	2090081-2090094	14	1	3ff621a640d71a81d49e2a2c2f3627038d3add1668f92c4f1213cca23a916b40	linguistics/books/DSS-Genesis-Linguistics.txt	3136728	5857	672a8ea1c879ed62c39c160f4b13c96ff0b29222f188b783f5137075453e190b	NO_LETTER_RECONSTRUCTION_MARKED	28	28	0	0	28	0	0	0	0	0	0	0	0
L1604282-R001	biblical_book	Gen	32	33		Mur1	1606844	f1ii_2i	8	1604282				books/DSS-Genesis.txt	2194960	2188	2090095-2090101	7	0	9e0dc2580352c60ddfc91b587c416dece93c607809882cc3091cdcdc4693ef89	linguistics/books/DSS-Genesis-Linguistics.txt	3142585	3188	ba92a1f0b29a0b9667abcc7dad06acb04130682d8cbbb74ec93088ed70070fa4	PARTLY_RECONSTRUCTED	17	15	13	0	2	13	0	0	1	0	0	0	0
L1604282-R002	biblical_book	Gen	33	1		Mur1	1606844	f1ii_2i	8	1604282				books/DSS-Genesis.txt	2197148	2301	2090102-2090106	5	1	e51b9967127763cb4ae9ec6094015f8f551084249826260f102d7e455504227c	linguistics/books/DSS-Genesis-Linguistics.txt	3145773	2381	bbda039d33c94dd252915bee42566d85ea2a356b40e1bdcc23a058c1dc561bda	NO_LETTER_RECONSTRUCTION_MARKED	16	13	0	0	13	0	0	0	1	0	0	0	0
L1604283-R001	biblical_book	Gen	34	5		Mur1	1606844	f2ii	3	1604283				books/DSS-Genesis.txt	2199449	3731	2090107-2090118	12	1	5498341e508c4be7befcc57df28c6567d884bc8ef1124caebca3459a87eafa8f	linguistics/books/DSS-Genesis-Linguistics.txt	3148154	5269	2da3bf9dd3ebd6a1136f745246ab77737dfe99c46b2fa17eb3b2b3ddcd26c887	PARTLY_RECONSTRUCTED	36	33	28	1	4	31	1	0	0	0	0	0	0
L1604284-R001	biblical_book	Gen	34	5		Mur1	1606844	f2ii	4	1604284				books/DSS-Genesis.txt	2203180	1560	2090119-2090120	2	0	e2a72105ede5620cdcf424850d5aaefc325724c886ab5574abaeb5bc32a35b91	linguistics/books/DSS-Genesis-Linguistics.txt	3153423	1139	a1641791df92a24a7bee1a135cd4e2e5dfb46274d8e68a94cf1880fac7051c21	ALL_LETTER_SLOTS_RECONSTRUCTED	6	3	3	0	0	6	0	0	1	0	0	0	0
L1604284-R002	biblical_book	Gen	34	6		Mur1	1606844	f2ii	4	1604284				books/DSS-Genesis.txt	2204740	2852	2090121-2090129	9	1	b5d184049b60f21bf940e336936aeb813a3c262b81842711c4a568ca7ed6ea8b	linguistics/books/DSS-Genesis-Linguistics.txt	3154562	4020	3009acf263da4a2b3e16c6978722318a9344f40fb5e59455f5c91df1b1054039	PARTLY_RECONSTRUCTED	24	24	10	1	13	10	1	0	0	0	0	0	0
L1604285-R001	biblical_book	Gen	34	6		Mur1	1606844	f2ii	5	1604285				books/DSS-Genesis.txt	2207592	1538	2090130-2090131	2	0	4f29e56086f922002e12c5d3f6b5ffec5f2cc745a4cd2ea8ca5b411b4ec9512f	linguistics/books/DSS-Genesis-Linguistics.txt	3158582	1138	d9abc12c91df49a8d626f7d428e2c1b91191c7a8304fec7d51586ff01e650e30	NO_LETTER_RECONSTRUCTION_MARKED	6	3	0	2	1	0	2	0	1	0	0	0	0
L1604285-R002	biblical_book	Gen	34	7		Mur1	1606844	f2ii	5	1604285				books/DSS-Genesis.txt	2209130	2790	2090132-2090140	9	1	6d5b74662402e9932b430fca2f56de88259979b994683862285c6ecd9d7ee6e2	linguistics/books/DSS-Genesis-Linguistics.txt	3159720	3960	a3364d15f97c37e20edcb8116c3e92e34d85a7b5178fee11d6e675d8e1cfb612	NO_LETTER_RECONSTRUCTION_MARKED	23	22	0	0	22	0	0	0	0	0	0	0	0
L1604286-R001	biblical_book	Gen	34	7		Mur1	1606844	f2ii	6	1604286				books/DSS-Genesis.txt	2211920	2979	2090141-2090150	10	1	6f86927938fd2c7d84796158927b0c897b18deec0b1585c62b50794745f7993e	linguistics/books/DSS-Genesis-Linguistics.txt	3163680	4386	edb1c1117d0dc07612d249881874bf9468b3a45494c28ba1e311ebaae3f7a339	NO_LETTER_RECONSTRUCTION_MARKED	30	29	0	0	29	0	0	0	0	0	0	0	0
L1604287-R001	biblical_book	Gen	34	7		Mur1	1606844	f2ii	7	1604287				books/DSS-Genesis.txt	2214899	3201	2090151-2090161	11	1	d2b1f06b3c2f8029e31d3f27053571c5768c32ab3833f92673a0dd8b895956b5	linguistics/books/DSS-Genesis-Linguistics.txt	3168066	4838	1b98be82bc44f14956112554d32ec520b9ce2da8f3b1b3eaeb4b0118ca3857a0	NO_LETTER_RECONSTRUCTION_MARKED	26	26	0	8	18	0	8	0	0	0	0	0	0
L1604288-R001	biblical_book	Gen	34	7		Mur1	1606844	f2ii	8	1604288				books/DSS-Genesis.txt	2218100	1577	2090162-2090163	2	0	b43f50fa92aacccc000dd1ce661d6c960cc88f559e76c2a9c6a97d1c232ecb13	linguistics/books/DSS-Genesis-Linguistics.txt	3172904	1157	738108586992071f6d250009aa23fab865d6e35c7512b663ec73947a13a97338	NO_LETTER_RECONSTRUCTION_MARKED	6	4	0	4	0	0	4	0	1	0	0	0	0
L1604288-R002	biblical_book	Gen	34	8		Mur1	1606844	f2ii	8	1604288				books/DSS-Genesis.txt	2219677	1747	2090164-2090165	2	1	ef75f425888a6fb505f8e6c44341d5833d596fdb235b33ae9043799a352d91e9	linguistics/books/DSS-Genesis-Linguistics.txt	3174061	1083	dbacf75da10cdef4dd909279fc8a3ed4088466ebcb802b85123787d572dc8d33	NO_LETTER_SLOTS	4	0	0	0	0	2	0	1	2	0	0	0	0
L1604289-R001	biblical_book	Gen	34	30		Mur1	1606844	f2iii_3	1	1604289				books/DSS-Genesis.txt	2221424	3543	2090166-2090177	12	1	4f1cfd77d889db9ea163294392ddf5cf112503102ae5a120689eba555a626617	linguistics/books/DSS-Genesis-Linguistics.txt	3175144	5378	63eef29dec09f4a05bd6af910b2ea2be66f089f6210764a5ce9e7bcd663308f3	PARTLY_RECONSTRUCTED	33	32	6	3	23	7	3	0	0	0	0	0	0
L1604290-R001	biblical_book	Gen	34	30		Mur1	1606844	f2iii_3	2	1604290				books/DSS-Genesis.txt	2224967	2509	2090178-2090185	8	0	0ef4877e6310c3065a939c2d827d85655b2454e103a03d9f0d55a14ce936e738	linguistics/books/DSS-Genesis-Linguistics.txt	3180522	3574	892cf2cd80d471ae4835580fe04eeba38a818365ffe85023c90be8ab50c5f387	NO_LETTER_RECONSTRUCTION_MARKED	25	21	0	0	21	0	0	0	1	0	0	0	0
L1604290-R002	biblical_book	Gen	34	31		Mur1	1606844	f2iii_3	2	1604290				books/DSS-Genesis.txt	2227476	2253	2090186-2090190	5	1	a3373c911ee3cb689ffdb4f21428f16ca8cc20d6e76640840934959bd2128f5c	linguistics/books/DSS-Genesis-Linguistics.txt	3184096	2358	e5d07301f90724a3424546ee8d3b06d6308d1590324a6f0ed98c99d17730951d	PARTLY_RECONSTRUCTED	12	12	9	1	2	9	1	0	0	0	0	0	0
L1604291-R001	biblical_book	Gen	34	31		Mur1	1606844	f2iii_3	3	1604291				books/DSS-Genesis.txt	2229729	2968	2090191-2090194	4	3	5dc7514d81e48fc3b40bad59cae76f3d98ae5bfcd688352f3092695898b5dabd	linguistics/books/DSS-Genesis-Linguistics.txt	3186454	2011	a2355a930689642f88ca2ee342c7e3d0f09cb710b4aa3b592c7ec5a0ff30b5c6	NO_LETTER_RECONSTRUCTION_MARKED	15	12	0	0	11	0	0	0	1	0	1	0	0
L1604292-R001	biblical_book	Gen	35	1		Mur1	1606844	f2iii_3	4	1604292				books/DSS-Genesis.txt	2232697	2853	2090195-2090203	9	1	1c77c8c1d1406daba959f242a41eadcc4de298da69ddf9caa34d1e06c11aa735	linguistics/books/DSS-Genesis-Linguistics.txt	3188465	4079	f0331b00b7061d2d1851ae80964a4f19f7654bc1b088218642e4abfa2e406d7c	PARTLY_RECONSTRUCTED	27	27	15	1	11	15	1	0	0	0	0	0	0
L1604293-R001	biblical_book	Gen	35	1		Mur1	1606844	f2iii_3	5	1604293				books/DSS-Genesis.txt	2235550	2977	2090204-2090214	11	1	7aa4a63095bf1d1778e52783e85d02156529d1ed12314db1334b53f70dad3b66	linguistics/books/DSS-Genesis-Linguistics.txt	3192544	4690	dbb6782ad5107b10f322ff1e75c2a48e6a811b6da497312713759fe1dd00fec0	PARTLY_RECONSTRUCTED	23	23	18	0	5	18	0	0	0	0	0	0	0
L1604294-R001	biblical_book	Gen	35	1		Mur1	1606844	f2iii_3	6	1604294				books/DSS-Genesis.txt	2238527	3159	2090215-2090222	8	1	263b7113b2d4a42971632f77a9490aeaa25e139fd300af89631fce1cb894a77c	linguistics/books/DSS-Genesis-Linguistics.txt	3197234	3582	3ee29a402f512d5f38f816a8dbda5213aea3af0c66f3f35c584c62614df3e1a7	PARTLY_RECONSTRUCTED	25	20	19	0	1	24	0	0	1	0	0	0	0
L1604295-R001	biblical_book	Gen	35	4		Mur1	1606844	f2iii_3	12	1604295				books/DSS-Genesis.txt	2241686	3738	2090223-2090234	12	1	2ea834a696b9a9820a2824967cd7d8273352347861c79d7a6cd70e54e1ad6225	linguistics/books/DSS-Genesis-Linguistics.txt	3200816	5227	d0028349c4ccf350bbf3b512e3693d20372c28881d9b982143f165123d52e674	PARTLY_RECONSTRUCTED	29	28	20	6	2	21	6	0	0	0	0	0	0
L1604296-R001	biblical_book	Gen	35	4		Mur1	1606844	f2iii_3	13	1604296				books/DSS-Genesis.txt	2245424	3217	2090235-2090242	8	1	d3d8e94100b40bdaec8168d5d9dfb2419ac982dcfdaa94af0c1e06833004ad7c	linguistics/books/DSS-Genesis-Linguistics.txt	3206043	3729	1fed7ca8472f552545d051ca58cbd3f8a256610da8c9e86389354b2c399d070e	PARTLY_RECONSTRUCTED	27	25	9	4	12	10	4	0	0	0	0	0	0
L1604297-R001	biblical_book	Gen	35	4		Mur1	1606844	f2iii_3	14	1604297				books/DSS-Genesis.txt	2248641	2165	2090243-2090248	6	0	8645f339e0ff266b7ade1d19fdde368ba372b95c5414a349b01a6f56fdc00299	linguistics/books/DSS-Genesis-Linguistics.txt	3209772	2768	25efacaa08a9d2ad144719648376d256336edf79c89031e436963a237b8f3693	PARTLY_RECONSTRUCTED	14	12	3	2	7	3	2	0	1	0	0	0	0
L1604297-R002	biblical_book	Gen	35	5		Mur1	1606844	f2iii_3	14	1604297				books/DSS-Genesis.txt	2250806	2308	2090249-2090253	5	1	df3e28128c6bf44a944c9e10e16ac9e5fc947c161f58614df5c2919494355185	linguistics/books/DSS-Genesis-Linguistics.txt	3212540	2365	1256afa373e4d6b87418c65aee0c612f4f57233110c43441d09493f2e91c3f3f	NO_LETTER_RECONSTRUCTION_MARKED	12	12	0	3	9	0	3	0	0	0	0	0	0
L1604298-R001	biblical_book	Gen	35	5		Mur1	1606844	f2iii_3	15	1604298				books/DSS-Genesis.txt	2253114	2989	2090254-2090262	9	1	75644e5f0cc40680f0228f93ad580d285d3363cc64997f56487de7ba90ee3b4a	linguistics/books/DSS-Genesis-Linguistics.txt	3214905	4090	7a688c5d1e1d165b5e0987929c91bf9596e15501bd9e7bd301078cc6da830738	ALL_LETTER_SLOTS_RECONSTRUCTED	31	30	30	0	0	31	0	0	0	0	0	0	0
L1604299-R001	biblical_book	Gen	35	5		Mur1	1606844	f2iii_3	16	1604299				books/DSS-Genesis.txt	2256103	1771	2090263-2090266	4	0	d86b3ac5060c108e66c71057d7eb70268c61bd20a60b3229a6373ffa3afe1108	linguistics/books/DSS-Genesis-Linguistics.txt	3218995	2008	b2a3b2431ac0820194ee5efdc02d3611df00fc716983356508e31bd24957f167	ALL_LETTER_SLOTS_RECONSTRUCTED	13	11	11	0	0	13	0	0	1	0	0	0	0
L1604299-R002	biblical_book	Gen	35	6		Mur1	1606844	f2iii_3	16	1604299				books/DSS-Genesis.txt	2257874	2616	2090267-2090273	7	1	ce8d2916e204d4a5c7321748f75d7caf35d4a016f2136990d551b6a9eb09f7e1	linguistics/books/DSS-Genesis-Linguistics.txt	3221003	3249	6c3ae35b58a03ef91ed3a387775fd140506adfed0fb91648c4821d689322021e	ALL_LETTER_SLOTS_RECONSTRUCTED	20	19	19	0	0	20	0	0	0	0	0	0	0
L1604300-R001	biblical_book	Gen	35	6		Mur1	1606844	f2iii_3	17	1604300				books/DSS-Genesis.txt	2260490	3000	2090274-2090283	10	1	dc38160006ef162e10e3d32a4b19f10cd69b39e751086bbbe04e9f378171a688	linguistics/books/DSS-Genesis-Linguistics.txt	3224252	4404	1d9d7eefe00aa6bf9228db83bbafe8e7fefabcb43b39cc084cf3b84da362badd	PARTLY_RECONSTRUCTED	24	24	12	2	10	12	2	0	0	0	0	0	0
L1604301-R001	biblical_book	Gen	35	6		Mur1	1606844	f2iii_3	18	1604301				books/DSS-Genesis.txt	2263490	1568	2090284-2090285	2	0	030734d2e7bc19e7a42fcc98eba306fb12f316b3e51f15c7911e798f87faa46c	linguistics/books/DSS-Genesis-Linguistics.txt	3228656	1135	aa0b400d3b79e756bcdedbeead070755b6e3edc7a5a1205c81a97542bc047150	ALL_LETTER_SLOTS_RECONSTRUCTED	6	3	3	0	0	6	0	0	1	0	0	0	0
L1604301-R002	biblical_book	Gen	35	7		Mur1	1606844	f2iii_3	18	1604301				books/DSS-Genesis.txt	2265058	3256	2090286-2090297	12	1	3ac2120c767e1b6104b4c39a5edb9f565b954534827b10ec5a8a18bfd889dc93	linguistics/books/DSS-Genesis-Linguistics.txt	3229791	5133	b03e78813c0b98dd0f8d67a663fa68818f33d0c19ee3ac4f512b9e62d4ec5316	PARTLY_RECONSTRUCTED	29	27	15	2	10	15	2	0	1	0	0	0	0
L1605156-R001	biblical_book	Gen	33	18		Murx	1606849	f1	1	1605156				books/DSS-Genesis.txt	2268364	1821	2099731-2099734	4	0	68d1938ceb81a9861a0ad68f6e3591247eadf77d70742789fc80daa1832a3bd6	linguistics/books/DSS-Genesis-Linguistics.txt	3234974	1938	3c3f01ca02eb99a493b8094f13a8bedd9b5ef52c23f43fc60c0aaa657ae84a56	PARTLY_RECONSTRUCTED	9	7	5	2	0	7	2	0	1	0	0	0	0
L1605156-R002	biblical_book	Gen	33	19		Murx	1606849	f1	1	1605156				books/DSS-Genesis.txt	2270185	2449	2099735-2099741	7	1	9204ef65c20f88955889170f7e3ce2553aa1af045213da879dd25e518a30e16c	linguistics/books/DSS-Genesis-Linguistics.txt	3236912	3195	a8d1c27c5d098eab30b75eab8af6f804661df8121af5079d84718b3da41ca200	ALL_LETTER_SLOTS_RECONSTRUCTED	17	17	17	0	0	17	0	0	0	0	0	0	0
L1605157-R001	biblical_book	Gen	33	19		Murx	1606849	f1	2	1605157				books/DSS-Genesis.txt	2272634	2908	2099742-2099750	9	1	78428709fd1cfd030f216b5f226f542dd0772160f487ca8934b7bca7e4bcbc80	linguistics/books/DSS-Genesis-Linguistics.txt	3240107	4042	b0c3025dba3ac1eb064d5bd3fe2b3a236949b73fa3fb07f2efdea4fd49a5101c	PARTLY_RECONSTRUCTED	26	25	22	0	3	23	0	0	0	0	0	0	0
L1605158-R001	biblical_book	Gen	33	19		Murx	1606849	f1	3	1605158				books/DSS-Genesis.txt	2275542	1765	2099751-2099754	4	0	005df7882b367a1472b8e5f626dcd7747aac2389d5861b20cedda250a1a0a765	linguistics/books/DSS-Genesis-Linguistics.txt	3244149	1994	58c22faf6fdef1683ce9af0300a1b386b9cea00850578a135498bf81fee36db7	PARTLY_RECONSTRUCTED	11	9	4	1	4	6	1	0	1	0	0	0	0
L1605158-R002	biblical_book	Gen	33	20		Murx	1606849	f1	3	1605158				books/DSS-Genesis.txt	2277307	2572	2099755-2099761	7	1	f92d0e93d34d633393f55122dfd23d52a210194fe96b73a0e6c5ba3884c8d917	linguistics/books/DSS-Genesis-Linguistics.txt	3246143	3176	11d7ec5e0c99ead21d8a3a0ebcf207bc8a528e3c2e43c3bd2f23c97dc06fb022	ALL_LETTER_SLOTS_RECONSTRUCTED	18	17	17	0	0	18	0	0	0	0	0	0	0
L1605159-R001	biblical_book	Gen	33	20		Murx	1606849	f1	4	1605159				books/DSS-Genesis.txt	2279879	1778	2099762-2099765	4	0	3a7a14d22e4853b9a3731d17348d8e82b476721d593e03c5c127a5cfb9b28a9d	linguistics/books/DSS-Genesis-Linguistics.txt	3249319	2059	da0d8f48bb3bd846ff99018ef8a98665f2cb103479297477073c211593842abb	PARTLY_RECONSTRUCTED	13	11	4	0	7	6	0	0	1	0	0	0	0
L1605159-R002	biblical_book	Gen	34	1		Murx	1606849	f1	4	1605159				books/DSS-Genesis.txt	2281657	2322	2099766-2099771	6	1	dc89504c43d58267b88eb360d47457e2872724c9a9701940340d0d84b9cedbac	linguistics/books/DSS-Genesis-Linguistics.txt	3251378	2818	ffbdc56940d7545c72cbc61b660d18dec401eca04d666ec9731aec6c6a0d638c	ALL_LETTER_SLOTS_RECONSTRUCTED	16	16	16	0	0	16	0	0	0	0	0	0	0
L1605160-R001	biblical_book	Gen	34	1		Murx	1606849	f1	5	1605160				books/DSS-Genesis.txt	2283979	2630	2099772-2099781	10	0	b9f225e7d9cf01cd360b0bf15c21f50fa86ae8b45afbccdcab599c89ae34a2e7	linguistics/books/DSS-Genesis-Linguistics.txt	3254196	4296	a436b0673323f8a132cb5a96d094ebe2882c139bf84a3c68343546ec373ef5b2	PARTLY_RECONSTRUCTED	25	23	14	1	8	16	1	0	1	0	0	0	0
L1605160-R002	biblical_book	Gen	34	2		Murx	1606849	f1	5	1605160				books/DSS-Genesis.txt	2286609	1698	2099782-2099783	2	1	6c43b7bdd87c3f38d6632b74f4b77effb69ee010f30fb1fdfff319f232e7aafb	linguistics/books/DSS-Genesis-Linguistics.txt	3258492	1149	bb28dfae20329119133704c7000f667b848196efde6cf47cc34b194360aefedb	ALL_LETTER_SLOTS_RECONSTRUCTED	4	4	4	0	0	4	0	0	0	0	0	0	0
L1605161-R001	biblical_book	Gen	34	2		Murx	1606849	f1	6	1605161				books/DSS-Genesis.txt	2288307	3075	2099784-2099792	9	1	550266ee2bee0fae277199b782eda393a989595df360eee21b2b073059ff6632	linguistics/books/DSS-Genesis-Linguistics.txt	3259641	4093	cb181929ba2d265527cf8d69926307dc2c0097b7b9b9beec8123ce91f2a5ec98	PARTLY_RECONSTRUCTED	25	24	19	4	1	19	4	0	0	0	0	0	0
L1605162-R001	biblical_book	Gen	34	2		Murx	1606849	f1	7	1605162				books/DSS-Genesis.txt	2291382	2839	2099793-2099801	9	0	9b5b2abf421591316fdf0963ca3c0f681fa91496f069c68857ec3929b462ba8f	linguistics/books/DSS-Genesis-Linguistics.txt	3263734	3874	1186ac56b875b921278e6f8eb5c6d62157e6cb964c884eddeea8027bd831b06f	PARTLY_RECONSTRUCTED	25	20	19	1	0	24	1	0	1	0	0	0	0
L1605162-R002	biblical_book	Gen	34	3		Murx	1606849	f1	7	1605162				books/DSS-Genesis.txt	2294221	1708	2099802-2099803	2	1	29b8d0eb340ee7293e49313446e09be7d2d5d6bdc909419536ab8214752bfcdc	linguistics/books/DSS-Genesis-Linguistics.txt	3267608	1154	d8b544456fe2a91270a95b6ce4fc0440aaf29820874cd0425bbacd896c31f976	ALL_LETTER_SLOTS_RECONSTRUCTED	5	5	5	0	0	5	0	0	0	0	0	0	0
L1605163-R001	biblical_book	Gen	34	3		Murx	1606849	f1	8	1605163				books/DSS-Genesis.txt	2295929	3245	2099804-2099814	11	1	506fed34102ed5d8bd359cd7140879c9a97924e006ed2ff3553234c1f4cb4fe9	linguistics/books/DSS-Genesis-Linguistics.txt	3268762	4793	79bf56d6fef1c2e4b45bc3c8a4fffd7e6cc84b017e195c4be55c2e12de94280c	PARTLY_RECONSTRUCTED	29	26	25	0	1	28	0	0	1	0	0	0	0
L1605164-R001	biblical_book	Gen	35	5		Sdeir1	1606850	f1i	3	1605164				books/DSS-Genesis.txt	2299226	2699	2099815-2099823	9	0	44214ce61cf0507848a337006eead38254796ee76202b01a9ad160faf043871b	linguistics/books/DSS-Genesis-Linguistics.txt	3273607	4059	4f3f94156ecbfb440a7de1da122649a8f8df7292f38fd8fffb7399856a6f50a3	ALL_LETTER_SLOTS_RECONSTRUCTED	32	29	29	0	0	32	0	0	1	0	0	0	0
L1605164-R002	biblical_book	Gen	35	6		Sdeir1	1606850	f1i	3	1605164				books/DSS-Genesis.txt	2301925	1905	2099824-2099826	3	1	764903e432105048b51ba7dc88d1ff00cf44ec62b1b98f3cc095b92189365a47	linguistics/books/DSS-Genesis-Linguistics.txt	3277666	1596	8d7c3eb6457ca61b9a43775f0d10020d88652814902b2c8e5a99b356bf90dcc5	PARTLY_RECONSTRUCTED	8	8	5	0	3	5	0	0	0	0	0	0	0
L1605165-R001	biblical_book	Gen	35	6		Sdeir1	1606850	f1i	4	1605165				books/DSS-Genesis.txt	2303830	3673	2099827-2099840	14	1	a589ea99390db6c0dd49619c6c6d59e89805e92ac629e0df5d290c244c341c7f	linguistics/books/DSS-Genesis-Linguistics.txt	3279262	6041	41580e7ce6819d530820b495b52c8ca953d85702d781099c37cd8cb060327ad1	PARTLY_RECONSTRUCTED	36	35	31	1	3	32	1	0	0	0	0	0	0
L1605166-R001	biblical_book	Gen	35	6		Sdeir1	1606850	f1i	5	1605166				books/DSS-Genesis.txt	2307503	1562	2099841-2099842	2	0	4f8a05719ec833f4c5d3cd98ced917a8b249865619f5dc86f370c8262bced775	linguistics/books/DSS-Genesis-Linguistics.txt	3285303	1129	fba54ae8122ffa977bffa1184ab7f581a0a987acf0aa69fb4cd0d06b79d261c3	ALL_LETTER_SLOTS_RECONSTRUCTED	6	3	3	0	0	6	0	0	1	0	0	0	0
L1605166-R002	biblical_book	Gen	35	7		Sdeir1	1606850	f1i	5	1605166				books/DSS-Genesis.txt	2309065	3365	2099843-2099855	13	1	8f68509be06de5b3295618a00504dd76ccd28fb845259d8154438796fe2fdf96	linguistics/books/DSS-Genesis-Linguistics.txt	3286432	5574	10b1283cab7bd441d5d819d3b311e9c9e9f17830a1db2d20522bf2e79341e946	PARTLY_RECONSTRUCTED	31	31	26	1	4	26	1	0	0	0	0	0	0
L1605167-R001	biblical_book	Gen	35	7		Sdeir1	1606850	f1i	6	1605167				books/DSS-Genesis.txt	2312430	3039	2099856-2099865	10	0	7572c3f9469c19a53ecacd085083dccf2ee75da767d70018ce4035632d0e7da8	linguistics/books/DSS-Genesis-Linguistics.txt	3292006	4396	95c77f175399dbe22e9cb32bb585ab8a99563fdc758c09b20911d252068ff614	ALL_LETTER_SLOTS_RECONSTRUCTED	32	27	27	0	0	32	0	0	1	0	0	0	0
L1605167-R002	biblical_book	Gen	35	8		Sdeir1	1606850	f1i	6	1605167				books/DSS-Genesis.txt	2315469	1913	2099866-2099868	3	1	d9cdd9236de80387cd55d574d12ef881669375c8fe570fbe889a194d45969ae2	linguistics/books/DSS-Genesis-Linguistics.txt	3296402	1630	3ab8da00180f3ca0ce4c71b2b39519f7314a910ac1181192d90ae5953ed84f2f	PARTLY_RECONSTRUCTED	8	8	6	0	2	6	0	0	0	0	0	0	0
L1605168-R001	biblical_book	Gen	35	8		Sdeir1	1606850	f1i	7	1605168				books/DSS-Genesis.txt	2317382	3193	2099869-2099880	12	1	fbfbeb5e3c24f9ab7098e343e1b875adafa29295efd4bf51f151243a69b303fe	linguistics/books/DSS-Genesis-Linguistics.txt	3298032	5247	65810d721d51200bc023132c045132675cc5d008e979fb56bfab3fc48a86a594	PARTLY_RECONSTRUCTED	32	32	27	0	5	27	0	0	0	0	0	0	0
L1605169-R001	biblical_book	Gen	35	8		Sdeir1	1606850	f1i	8	1605169				books/DSS-Genesis.txt	2320575	2834	2099881-2099886	6	2	cc124086a2b9fcf6595d360e317b61c261246fb20782b837f24421d79a4b54db	linguistics/books/DSS-Genesis-Linguistics.txt	3303279	2810	7d8e665b779cd1fd2ea95640cae65b6ebe16d5e88376bb26bd838939cd69fa3a	ALL_LETTER_SLOTS_RECONSTRUCTED	19	16	16	0	0	19	0	0	1	0	0	0	0
L1605170-R001	biblical_book	Gen	35	9		Sdeir1	1606850	f1i	9	1605170				books/DSS-Genesis.txt	2323409	3796	2099887-2099900	14	1	e6f2c31b98a46232020a7adf142b8af32990bdf4f968eba2f5c6f0a756588f4e	linguistics/books/DSS-Genesis-Linguistics.txt	3306089	6099	6cc2c99b79da75caeb034c3cb57a3782716d2df6196d55883ad19795798c5f6c	PARTLY_RECONSTRUCTED	41	34	33	1	0	34	6	0	1	0	0	5	0
L1605171-R001	biblical_book	Gen	35	9		Sdeir1	1606850	f1i	10	1605171				books/DSS-Genesis.txt	2327205	1564	2099901-2099902	2	0	48e88ce7860ffcfc195aa0b0e51d59500bc01f6ccaa8974e42d74c2179322906	linguistics/books/DSS-Genesis-Linguistics.txt	3312188	1137	fbd056a8398cfe4f893c55aeb2f6b5be28efc817c8da97855b07b94964f28c60	ALL_LETTER_SLOTS_RECONSTRUCTED	6	3	3	0	0	6	0	0	1	0	0	0	0
L1605171-R002	biblical_book	Gen	35	10		Sdeir1	1606850	f1i	10	1605171				books/DSS-Genesis.txt	2328769	3424	2099903-2099912	10	1	ee29f9a37fb68870b4c4757a9bc564358850410155802e698a246f0af21dbcd9	linguistics/books/DSS-Genesis-Linguistics.txt	3313325	4435	3e64813e84792933c30b32d38a70107890620f905be6de21ee2a95c9ed0d0abd	PARTLY_RECONSTRUCTED	33	28	26	2	0	28	2	0	1	0	0	0	0
L1605172-R001	biblical_book	Gen	35	24		Sdeir1	1606850	f1i	29	1605172				books/DSS-Genesis.txt	2332193	1765	2099913-2099916	4	0	50a9e3ff15b051b1e73c7e5feafe480e6e9b4c57f4fa3a0f64c9905c021be119	linguistics/books/DSS-Genesis-Linguistics.txt	3317760	1983	ddb2337a172e75f988a95cd636d000df11896a995afe2baaa360d2697b15e5c5	ALL_LETTER_SLOTS_RECONSTRUCTED	11	6	6	0	0	8	2	0	2	0	0	0	0
L1605172-R002	biblical_book	Gen	35	25		Sdeir1	1606850	f1i	29	1605172				books/DSS-Genesis.txt	2333958	2489	2099917-2099925	9	0	df791cde04828f68bde9cc314ffb27abd786a17b43d8526b10fef9ff6d3cae58	linguistics/books/DSS-Genesis-Linguistics.txt	3319743	4095	cb3895d5d5c34774e4da34b28773d13836efcb5889ad2003c3232d0f0af658ad	ALL_LETTER_SLOTS_RECONSTRUCTED	25	23	23	0	0	25	0	0	1	0	0	0	0
L1605172-R003	biblical_book	Gen	35	26		Sdeir1	1606850	f1i	29	1605172				books/DSS-Genesis.txt	2336447	1712	2099926-2099927	2	1	7ce581be36a537b464b26c3a65ba74c8da27f087512c72ad28130ce92f3de909	linguistics/books/DSS-Genesis-Linguistics.txt	3323838	1167	a65a039a820f575aea65669835d6091f31f3dd0ee4bc1f64c2176bdb478995c8	ALL_LETTER_SLOTS_RECONSTRUCTED	4	4	4	0	0	4	0	0	0	0	0	0	0
L1605173-R001	biblical_book	Gen	35	26		Sdeir1	1606850	f1i	30	1605173				books/DSS-Genesis.txt	2338159	3085	2099928-2099937	10	1	09d472f3c3ddaa4c46c1b4ab4accbb8459b758ca798c65554a833ef9e4d96864	linguistics/books/DSS-Genesis-Linguistics.txt	3325005	4607	b880a1d6fd845fa768d0cb8949c7b21fda304a4639e3e2955b20dc3c14eac011	PARTLY_RECONSTRUCTED	30	30	27	1	2	27	1	0	0	0	0	0	0
L1605174-R001	biblical_book	Gen	35	26		Sdeir1	1606850	f1i	31	1605174				books/DSS-Genesis.txt	2341244	2124	2099938-2099943	6	0	75beeb5619848c644cc6162b3f625e53f4218120f736dc81a17853835b8b1c27	linguistics/books/DSS-Genesis-Linguistics.txt	3329612	2763	73810fa39d38690ec80a912cc62f53f67af6267e01f681503ece588f9bc638b1	PARTLY_RECONSTRUCTED	15	12	9	0	3	12	0	0	1	0	0	0	0
L1605174-R002	biblical_book	Gen	35	27		Sdeir1	1606850	f1i	31	1605174				books/DSS-Genesis.txt	2343368	2487	2099944-2099949	6	1	ac191c94a592d41fa516ec6a2658abda3f72cd666de7a6a3c2b81ccfd403c79e	linguistics/books/DSS-Genesis-Linguistics.txt	3332375	2837	effc4119d9835fe0a7f1c957bd3b8f83dde16cc4636dda0a6348dd32c35e2715	ALL_LETTER_SLOTS_RECONSTRUCTED	19	18	18	0	0	19	0	0	0	0	0	0	0
L1605175-R001	biblical_book	Gen	35	27		Sdeir1	1606850	f1i	32	1605175				books/DSS-Genesis.txt	2345855	2880	2099950-2099958	9	1	2a77c1575f2756dbe29cc41b145de769b64154ee4732a5aca43b43a8b61e0087	linguistics/books/DSS-Genesis-Linguistics.txt	3335212	4222	6b91b540d74e9f926648d8b70dc2b4e79d5f152383deec6d9a379db7763b6ba0	PARTLY_RECONSTRUCTED	28	28	23	1	4	23	1	0	0	0	0	0	0
L1605176-R001	biblical_book	Gen	35	27		Sdeir1	1606850	f1i	33	1605176				books/DSS-Genesis.txt	2348735	1871	2099959-2099962	4	0	cb71ac6dd7ad4279f85fcbaf8c57a8a9526854257e1769b5f0d00dde8a4d9985	linguistics/books/DSS-Genesis-Linguistics.txt	3339434	2039	9e11c66fd4cb8ed07389ae94a1070802e6f0ba64c2ebca07ce5fed8e6ef77022	PARTLY_RECONSTRUCTED	12	10	2	3	5	4	3	0	1	0	0	0	0
L1605176-R002	biblical_book	Gen	35	28		Sdeir1	1606850	f1i	33	1605176				books/DSS-Genesis.txt	2350606	2656	2099963-2099970	8	1	de0342bae4938088c958ba5e3e65f60f00dcc16004be9f6fccdf0402cf6a7e22	linguistics/books/DSS-Genesis-Linguistics.txt	3341473	3697	d46ea5d111be5df44557dd9f1377d2f1023851bf8c6b3dcb0498f5e89f75add6	ALL_LETTER_SLOTS_RECONSTRUCTED	24	24	24	0	0	24	0	0	0	0	0	0	0
L1605177-R001	biblical_book	Gen	35	28		Sdeir1	1606850	f1i	34	1605177				books/DSS-Genesis.txt	2353262	1408	2099971-2099972	2	0	33702e586a803d21b34a29424f1e978fc16810ed9d1bff9443edcde7ffdd06a5	linguistics/books/DSS-Genesis-Linguistics.txt	3345170	1147	a4f6ea91011bcb0ff4080559c5d8b04b92c0acbcb341fa3c5c68dae83b796856	NO_LETTER_RECONSTRUCTION_MARKED	5	3	0	0	3	0	0	0	1	0	0	0	0
L1605177-R002	biblical_book	Gen	35	29		Sdeir1	1606850	f1i	34	1605177				books/DSS-Genesis.txt	2354670	3432	2099973-2099984	12	1	f8d3a70bc6cef3d37d7e9381c64a63f3ad37ada34f87aab0ab4333c6c3c4b620	linguistics/books/DSS-Genesis-Linguistics.txt	3346317	5165	4f2c1df3ee18bfd360ebcfa021c5e6af06fc0b29c8d93cc3dcef5c14213a737c	PARTLY_RECONSTRUCTED	32	31	24	1	6	25	1	0	0	0	0	0	0
L1605178-R001	biblical_book	Gen	35	29		Sdeir1	1606850	f1i	35	1605178				books/DSS-Genesis.txt	2358102	3648	2099985-2099993	9	2	85b3f40b6e7c2109d68b4836388271d825a7dffbeb41bcefeb30a5e812944ba5	linguistics/books/DSS-Genesis-Linguistics.txt	3351482	4010	3f5ced19ba8769471d41b4fd37d695cb61540f21797ba3c3429dece30170215c	PARTLY_RECONSTRUCTED	29	25	17	2	6	21	2	0	1	0	0	0	0
L1605179-R001	biblical_book	Gen	36	1		Sdeir1	1606850	f1i	36	1605179				books/DSS-Genesis.txt	2361750	2258	2099994-2100000	7	0	cfed3fbe1aef283f6c72dacc82a80feb74c550743ee0fb617079d76b340f7451	linguistics/books/DSS-Genesis-Linguistics.txt	3355492	3275	9f0c79fdbcc680649e9367ddd6b14e164205f0d8064911d992ff447689387bc5	PARTLY_RECONSTRUCTED	21	19	15	1	3	17	1	0	1	0	0	0	0
L1605179-R002	biblical_book	Gen	36	2		Sdeir1	1606850	f1i	36	1605179				books/DSS-Genesis.txt	2364008	2185	2100001-2100004	4	1	036b195dd234b1d694b0deb3f678bf43b4bbb8acd84acdf784e023a80c570d66	linguistics/books/DSS-Genesis-Linguistics.txt	3358767	2032	468b34f9c167d238d5f47ef500017337c66225a97b9b26b6e6b7f302cfa928d7	ALL_LETTER_SLOTS_RECONSTRUCTED	13	12	12	0	0	13	0	0	0	0	0	0	0
L1605180-R001	biblical_book	Gen	36	2		Sdeir1	1606850	f1i	37	1605180				books/DSS-Genesis.txt	2366193	3466	2100005-2100017	13	1	ce1f99c49f4a029bf5432c53d314fe30737da36aabe519693efcd4de3b2022ff	linguistics/books/DSS-Genesis-Linguistics.txt	3360799	5718	41ca2e03988e55384d2af47c36afa52b4b66d4d820058d3e8bec57b2ce33cb61	PARTLY_RECONSTRUCTED	37	35	33	1	1	33	1	0	1	0	0	0	0
L1605181-R001	biblical_book	Gen	36	5		Sdeir1	1606850	f1ii+3	1	1605181				books/DSS-Genesis.txt	2369659	3152	2100018-2100028	11	1	4ddd8d72e9e75858e47d5f229b6032d8468c154dc213624a4ad8537421a9e662	linguistics/books/DSS-Genesis-Linguistics.txt	3366517	4862	0c1a697f0cd9700bd65cb192a3e69bb788a974ebf483139c9cc15e3e5c6fdd84	PARTLY_RECONSTRUCTED	29	29	28	1	0	28	1	0	0	0	0	0	0
L1605182-R001	biblical_book	Gen	36	5		Sdeir1	1606850	f1ii+3	2	1605182				books/DSS-Genesis.txt	2372811	2038	2100029-2100033	5	0	4fd993466ff4b7b111c01ec058210e9a459975e4da05396b7448d3567fff1762	linguistics/books/DSS-Genesis-Linguistics.txt	3371379	2383	ecbdd52f0df04d087a72e9ffa8fe3492981929dc0f120cc517df91bcf03355f1	PARTLY_RECONSTRUCTED	13	10	3	2	5	4	2	0	1	0	0	0	0
L1605182-R002	biblical_book	Gen	36	6		Sdeir1	1606850	f1ii+3	2	1605182				books/DSS-Genesis.txt	2374849	2955	2100034-2100041	8	1	7ebcbab946f0768581c653b7a4cac86aa2197bd20426c7a9b369e1d690954e92	linguistics/books/DSS-Genesis-Linguistics.txt	3373762	3597	2c7c7e3e477f4c91c9d6aecf93cd7cdfe1f4429108db2b0acabfc4992b7faf4d	PARTLY_RECONSTRUCTED	22	20	9	1	10	11	1	0	0	0	0	0	0
L1605183-R001	biblical_book	Gen	36	6		Sdeir1	1606850	f1ii+3	3	1605183				books/DSS-Genesis.txt	2377804	3457	2100042-2100052	11	1	85ebf6ab9820713c90e7ec3b3c82d273e9acca403295814e826bfc54aac2d415	linguistics/books/DSS-Genesis-Linguistics.txt	3377359	4848	fd5e103a2395ad81f1f5787e7e838871e8c599a7252e5e7afe8046f8023cd8d2	PARTLY_RECONSTRUCTED	33	30	6	2	22	7	2	0	0	0	0	0	0
L1605184-R001	biblical_book	Gen	36	6		Sdeir1	1606850	f1ii+3	4	1605184				books/DSS-Genesis.txt	2381261	3466	2100053-2100064	12	1	e259d16fe5f4cfa08db35defb3066fc8f68df06c27c80fd0eaa1b74345e3dc71	linguistics/books/DSS-Genesis-Linguistics.txt	3382207	5252	b438d6020e772cdb2ad956673c56101a0675418e029a0e90bf9a7b4592466865	PARTLY_RECONSTRUCTED	32	30	7	3	20	7	3	0	0	0	0	0	0
L1605185-R001	biblical_book	Gen	36	6		Sdeir1	1606850	f1ii+3	5	1605185				books/DSS-Genesis.txt	2384727	2706	2100065-2100074	10	0	61e1f3b6bffdb25f45eaf02492f2545bc91ab9eb82dbfb0b63c8557a74c9eb2e	linguistics/books/DSS-Genesis-Linguistics.txt	3387459	4423	495e0b1edf91224ffdd39dc5bd064a68430fd10bb504c5fb95a56a7931322947	PARTLY_RECONSTRUCTED	28	25	4	0	21	7	0	0	1	0	0	0	0
L1605185-R002	biblical_book	Gen	36	7		Sdeir1	1606850	f1ii+3	5	1605185				books/DSS-Genesis.txt	2387433	1736	2100075-2100076	2	1	d875b774305b81995ff0ab62b597149eda533e180db3016eb7e127e8268b9875	linguistics/books/DSS-Genesis-Linguistics.txt	3391882	1188	15519470bc97cd4a44e9f161ce574cda2b38d64b3a7dc3c04c392a474aebe032	ALL_LETTER_SLOTS_RECONSTRUCTED	5	5	5	0	0	5	0	0	0	0	0	0	0
L1605186-R001	biblical_book	Gen	36	7		Sdeir1	1606850	f1ii+3	6	1605186				books/DSS-Genesis.txt	2389169	3326	2100077-2100086	10	1	2d38a34c80e53da878b499d57d5ea70c53a70bae65d1e705536466a0a80841d1	linguistics/books/DSS-Genesis-Linguistics.txt	3393070	4544	836648d4fb27147e91a8da132ad617d9e7f5cf390828b205ba37635365bcf507	PARTLY_RECONSTRUCTED	34	32	10	2	20	11	2	0	0	0	0	0	0
L1605187-R001	biblical_book	Gen	36	7		Sdeir1	1606850	f1ii+3	7	1605187				books/DSS-Genesis.txt	2392495	2361	2100087-2100093	7	0	910a9a6e7f3d3c1edacc83f88b723acce455b85d531596512db4da8d558087c7	linguistics/books/DSS-Genesis-Linguistics.txt	3397614	3183	6b8c1bb036682c8d48478dd3774e9000756f8c69bbfb3fc8da6c223c6a1549ae	NO_LETTER_RECONSTRUCTION_MARKED	21	17	0	0	17	0	0	0	1	0	0	0	0
L1605187-R002	biblical_book	Gen	36	8		Sdeir1	1606850	f1ii+3	7	1605187				books/DSS-Genesis.txt	2394856	2207	2100094-2100098	5	1	1f17c6309ac9093b5bf553143cf244f7ac60250c1ad487e5e6a379f7f3b2bfd4	linguistics/books/DSS-Genesis-Linguistics.txt	3400797	2349	fe6d3dcc4786f46a687e11d8ee8de42f0b3d0288289b8e728dc0eb532af002cf	PARTLY_RECONSTRUCTED	10	10	8	2	0	8	2	0	0	0	0	0	0
L1605188-R001	biblical_book	Gen	36	8		Sdeir1	1606850	f1ii+3	8	1605188				books/DSS-Genesis.txt	2397063	1877	2100099-2100103	5	0	4df5215498f4cf5f055e809f0a455ac1eac688f46816560c12fa094200ca6aea	linguistics/books/DSS-Genesis-Linguistics.txt	3403146	2439	c49bcaabd955513c99f1b3e4bdd93a1d28405941e33efb81d26b74ffa430d476	NO_LETTER_RECONSTRUCTION_MARKED	16	14	0	0	14	0	0	0	1	0	0	0	0
L1605188-R002	biblical_book	Gen	36	9		Sdeir1	1606850	f1ii+3	8	1605188				books/DSS-Genesis.txt	2398940	2313	2100104-2100108	5	1	6ff53d2a043213fd0992cd6239680fa60be4a24a947339a1b03a6270c9ccf7fe	linguistics/books/DSS-Genesis-Linguistics.txt	3405585	2491	472f87219a9e354506ab8d5c1a2e5b5de3c279ffc4ac5af55140f4a97bfe6fee	PARTLY_RECONSTRUCTED	15	15	10	2	3	10	2	0	0	0	0	0	0
L1605189-R001	biblical_book	Gen	36	9		Sdeir1	1606850	f1ii+3	9	1605189				books/DSS-Genesis.txt	2401253	1837	2100109-2100113	5	0	9dee6bf450ce3a5df4456f0b497659f99a5dfbad2b2c31117847d8f8660124ab	linguistics/books/DSS-Genesis-Linguistics.txt	3408076	2377	24046565a49c7bd31b971e647109ecb0d45374b41e0c846849ebc98a2108ccc1	NO_LETTER_RECONSTRUCTION_MARKED	13	11	0	0	11	0	0	0	1	0	0	0	0
L1605189-R002	biblical_book	Gen	36	10		Sdeir1	1606850	f1ii+3	9	1605189				books/DSS-Genesis.txt	2403090	2350	2100114-2100118	5	1	953559c82de4ffcb40c3bf400dadd790c3b77843eb4737a0611b038d356c5598	linguistics/books/DSS-Genesis-Linguistics.txt	3410453	2525	c5fdbc3bf7e50a9721f26e6d80880a8dbc30a1896eac195b1864f1ba7fcd0203	PARTLY_RECONSTRUCTED	18	18	12	1	5	12	1	0	0	0	0	0	0
L1605190-R001	biblical_book	Gen	36	10		Sdeir1	1606850	f1ii+3	10	1605190				books/DSS-Genesis.txt	2405440	2985	2100119-2100128	10	1	e831757f18a40b39848726f43e217aac871d2cee99dab3ee740b249cb185e642	linguistics/books/DSS-Genesis-Linguistics.txt	3412978	4568	4d0284c4b9375a176028984c94da228a817a4367aae495c108a704d011bf5c1a	PARTLY_RECONSTRUCTED	30	28	12	0	16	14	0	0	1	0	0	0	0
L1605191-R001	biblical_book	Gen	36	11		Sdeir1	1606850	f1ii+3	11	1605191				books/DSS-Genesis.txt	2408425	3318	2100129-2100140	12	1	cdba312b2d7c823e7f4d63147267e551392b46edd1645816e58f2ea09447f54e	linguistics/books/DSS-Genesis-Linguistics.txt	3417546	5318	7b870afbdc7c1f0d518e7a86ee49beb9a86756d8725a7afe0e5124218e508ce0	PARTLY_RECONSTRUCTED	35	33	12	1	20	14	1	0	1	0	0	0	0
L1605192-R001	biblical_book	Gen	36	12		Sdeir1	1606850	f1ii+3	12	1605192				books/DSS-Genesis.txt	2411743	3166	2100141-2100150	10	1	5aaa390589f2d3e0141030e16e8cd559c67afadf23daf78e8a4c7bc201839988	linguistics/books/DSS-Genesis-Linguistics.txt	3422864	4529	d3454fce3e7864a0194a3321ae654f8df93ffe7ed79095fa0004eccdcf1a13de	PARTLY_RECONSTRUCTED	29	29	12	3	14	12	3	0	0	0	0	0	0
L1605193-R001	biblical_book	Gen	36	12		Sdeir1	1606850	f1ii+3	13	1605193				books/DSS-Genesis.txt	2414909	3383	2100151-2100160	10	1	9202118c09e8fdebf6b01939b72292be6205d40b95fa9f0eb2fe7ca3fe931e3e	linguistics/books/DSS-Genesis-Linguistics.txt	3427393	4555	fcdfb9040408ea8cb4a387d9a454530f9ead6416db57e33e4371ae5502b3685b	PARTLY_RECONSTRUCTED	29	27	22	5	0	24	5	0	1	0	0	0	0
L1605194-R001	biblical_book	Gen	36	13		Sdeir1	1606850	f1ii+3	14	1605194				books/DSS-Genesis.txt	2418292	3345	2100161-2100172	12	1	5ab162192946e5fc861b07ee4b138acead4ddc212b0a87d1e2c8483627fe3b92	linguistics/books/DSS-Genesis-Linguistics.txt	3431948	5362	9536d0a9b83e3b051c49584fd131add955d32a0f87766dd3c3eaf7fae0120f2e	PARTLY_RECONSTRUCTED	32	32	29	1	2	29	1	0	0	0	0	0	0
L1605195-R001	biblical_book	Gen	36	13		Sdeir1	1606850	f1ii+3	15	1605195				books/DSS-Genesis.txt	2421637	1920	2100173-2100177	5	0	0aedb398120ef0adb6fdbb03363118691db44a364d34501e26d797d0b8832e34	linguistics/books/DSS-Genesis-Linguistics.txt	3437310	2446	ec206b06d6defdcf008b127314640871dd09b5e3587212cab2cce4b133602149	ALL_LETTER_SLOTS_RECONSTRUCTED	15	13	13	0	0	15	0	0	1	0	0	0	0
L1605195-R002	biblical_book	Gen	36	14		Sdeir1	1606850	f1ii+3	15	1605195				books/DSS-Genesis.txt	2423557	2365	2100178-2100182	5	1	a234ff24af57a349dfb9334de3b9c03402995e2d21044134bfd87d4a5a4ef4fa	linguistics/books/DSS-Genesis-Linguistics.txt	3439756	2550	c4bcd71fa66a157f30dd166a84f535c715f9e5ec447d352ae4c53837864d7ce2	PARTLY_RECONSTRUCTED	17	17	10	4	3	10	4	0	0	0	0	0	0
L1605196-R001	biblical_book	Gen	36	14		Sdeir1	1606850	f1ii+3	16	1605196				books/DSS-Genesis.txt	2425922	3072	2100183-2100193	11	1	fa8ea35683267d97e8be2688bbe2243846f723d4e24259d24753901821243384	linguistics/books/DSS-Genesis-Linguistics.txt	3442306	4878	43df5d3b4fe8992b7c15630acd44a5d1212049ccee10b37927bd9860d3666a55	PARTLY_RECONSTRUCTED	28	28	22	0	6	22	0	0	0	0	0	0	0
L1605197-R001	biblical_book	Gen	36	14		Sdeir1	1606850	f1ii+3	17	1605197				books/DSS-Genesis.txt	2428994	2339	2100194-2100201	8	0	17d2b5d749ebbb85b8a60264798f81f0fad10f84f003d2a9a749b7131526c21b	linguistics/books/DSS-Genesis-Linguistics.txt	3447184	3571	3a3077125e87858a69b38773cc423dd54953533bfc6fd5cf09a76038e88d3267	PARTLY_RECONSTRUCTED	19	17	13	1	3	13	1	0	1	0	0	0	0
L1605197-R002	biblical_book	Gen	36	15		Sdeir1	1606850	f1ii+3	17	1605197				books/DSS-Genesis.txt	2431333	2321	2100202-2100205	4	1	2ba98cef18d2d484964c745a2c011b26b2d2fde8fd3de14869b9d0f04d2d9d2b	linguistics/books/DSS-Genesis-Linguistics.txt	3450755	2124	f56cb33dd014ddc89101c932f2d2e6ed3f2ac2ca22fdc2576111dbcb778e8a0f	PARTLY_RECONSTRUCTED	14	14	7	3	4	7	3	0	0	0	0	0	0
L1605198-R001	biblical_book	Gen	36	15		Sdeir1	1606850	f1ii+3	18	1605198				books/DSS-Genesis.txt	2433654	3170	2100206-2100214	9	1	57484bd6e5e73deb0ae207c59c7aa1d044259223cd1da04f9cc8f4d9f926449d	linguistics/books/DSS-Genesis-Linguistics.txt	3452879	4384	e34fbe16af5e743232096ba7a09eacaaf7204fc5157e52589b6ab3727008cfce	PARTLY_RECONSTRUCTED	35	35	20	4	11	20	4	0	0	0	0	0	0
L1605199-R001	biblical_book	Gen	36	15		Sdeir1	1606850	f1ii+3	19	1605199				books/DSS-Genesis.txt	2436824	1765	2100215-2100218	4	0	790070d4306e54fcc9ffa0c14324d6ae5f5d25960f1ec6b3cc227059adc815b1	linguistics/books/DSS-Genesis-Linguistics.txt	3457263	2026	80f272fb077a22f2a278c261718b7ae3d987201d9da7832486db2380f4106067	ALL_LETTER_SLOTS_RECONSTRUCTED	12	10	10	0	0	12	0	0	1	0	0	0	0
L1605199-R002	biblical_book	Gen	36	16		Sdeir1	1606850	f1ii+3	19	1605199				books/DSS-Genesis.txt	2438589	2522	2100219-2100223	5	1	9dc81e5f2a7d86b0d727f046bc9c9f5d39341d8fe1e87dfaeb93de334d1c0d95	linguistics/books/DSS-Genesis-Linguistics.txt	3459289	2654	974d00f18544e9ec5c7e90432d9f5499f9bf27e7dd257647fb30e2c90b86fe5e	PARTLY_RECONSTRUCTED	19	19	3	3	13	3	3	0	0	0	0	0	0
L1605200-R001	biblical_book	Gen	36	16		Sdeir1	1606850	f1ii+3	20	1605200				books/DSS-Genesis.txt	2441111	3071	2100224-2100232	9	1	2687f4a5f6999ce187c2f816322dc84ee3821d0721e7258f37308c8ee73acf09	linguistics/books/DSS-Genesis-Linguistics.txt	3461943	4302	7b46b91a0c4da2af9f2dde958ec387deb3c95b2253c9c268455b97315c7f68e0	PARTLY_RECONSTRUCTED	31	31	18	3	10	18	3	0	0	0	0	0	0
L1605201-R001	biblical_book	Gen	36	16		Sdeir1	1606850	f1ii+3	21	1605201				books/DSS-Genesis.txt	2444182	1441	2100233-2100234	2	0	4dc1ba619a420236810443fa72dfd49e5295da3814f72f1605357af7f791b830	linguistics/books/DSS-Genesis-Linguistics.txt	3466245	1160	2fde5894779ce5692389a039adac9d66ac36abb246d2b2da8f9061a9e88b2d79	ALL_LETTER_SLOTS_RECONSTRUCTED	5	3	3	0	0	5	0	0	1	0	0	0	0
L1605201-R002	biblical_book	Gen	36	17		Sdeir1	1606850	f1ii+3	21	1605201				books/DSS-Genesis.txt	2445623	3366	2100235-2100244	10	1	d75a5ca50881dad9b45e3f72b5ead0e0071e1d5e5cb57291ed1a49d214feada3	linguistics/books/DSS-Genesis-Linguistics.txt	3467405	4580	f3594866c82e5ef8a07ced20ec6fffe9d7fc6e515ba955ec6a7e44ed259366a6	PARTLY_RECONSTRUCTED	30	28	19	4	5	19	4	0	1	0	0	0	0
L1605458-R001	biblical_book	Gen	46	7		Mas1	1606858	f1	1	1605458				books/DSS-Genesis.txt	2449039	3677	2103285-2103294	10	2	e709f89961552937120ceb5af85ff055c7798cbc8fb52ab36e681c620f13eb2f	linguistics/books/DSS-Genesis-Linguistics.txt	3472035	4434	d3651dd19e09b2ad580929803dfe94526dedc94cc59af0788fbbc3d3c0844377	PARTLY_RECONSTRUCTED	34	29	24	0	5	27	0	0	1	0	0	0	0
L1605459-R001	biblical_book	Gen	46	8		Mas1	1606858	f1	2	1605459				books/DSS-Genesis.txt	2452716	3007	2103295-2103304	10	1	e7b5a13386f6a0acbd4cab4f0255733b12f8f75c9284547fba9d7984251182d3	linguistics/books/DSS-Genesis-Linguistics.txt	3476469	4567	19d70e4ccb9f52f612a8b9a0d727e6d6e8c90e91ccb74bfddd83b96bae3fca84	PARTLY_RECONSTRUCTED	33	33	25	0	8	25	0	0	0	0	0	0	0
L1605460-R001	biblical_book	Gen	46	8		Mas1	1606858	f1	3	1605460				books/DSS-Genesis.txt	2455723	2103	2103305-2103309	5	0	27094f283140cfb2074b8c702e5471065462f965428f7a736bd596fd99e54e45	linguistics/books/DSS-Genesis-Linguistics.txt	3481036	2492	966cc761bba91314b0afe29220ae656deb65014e6d4031cd0766eedf7ced1caf	ALL_LETTER_SLOTS_RECONSTRUCTED	22	19	19	0	0	22	0	0	1	0	0	0	0
L1605460-R002	biblical_book	Gen	46	9		Mas1	1606858	f1	3	1605460				books/DSS-Genesis.txt	2457826	2075	2103310-2103313	4	1	a4ac3768b8ca2f080b3b7d4d0c2e094ac31c88c6c2d558c16718563931fe53b9	linguistics/books/DSS-Genesis-Linguistics.txt	3483528	2087	f08cf59c8a024027c4b109c480682784032e02833600c75a500a45b65ce80727	PARTLY_RECONSTRUCTED	13	13	2	1	10	2	1	0	0	0	0	0	0
L1605461-R001	biblical_book	Gen	46	9		Mas1	1606858	f1	4	1605461				books/DSS-Genesis.txt	2459901	2154	2103314-2103320	7	0	0f885859181f487650017109de8d63e5b51638a548e8ad66f301117ae7881c0f	linguistics/books/DSS-Genesis-Linguistics.txt	3485615	3209	3402874febd61dc88009ac40fcdb9aa6573832e90388eb845c232c36aa8a76c3	ALL_LETTER_SLOTS_RECONSTRUCTED	18	16	16	0	0	18	0	0	1	0	0	0	0
L1605461-R002	biblical_book	Gen	46	10		Mas1	1606858	f1	4	1605461				books/DSS-Genesis.txt	2462055	2441	2103321-2103326	6	1	75336a13c6924f0a6777a2cc08ac5d1235421e5ea184f60e5273f2728286be01	linguistics/books/DSS-Genesis-Linguistics.txt	3488824	2912	a1d44cf2a6942221d62c7627dcf79b86d9d0d22a4fe3ed19d5bc5aa47f294a35	PARTLY_RECONSTRUCTED	19	19	11	1	7	11	1	0	0	0	0	0	0
L1605462-R001	biblical_book	Gen	46	10		Mas1	1606858	f1	5	1605462				books/DSS-Genesis.txt	2464496	2892	2103327-2103338	12	0	23bb95be329934b804424effa52f06ca5b540c978d79d296d03d2cab7394fc8d	linguistics/books/DSS-Genesis-Linguistics.txt	3491736	5179	e4d30bfccc215ef986c26f52cd6d1858f472b159ee583bf2a6f0eaf67142660b	ALL_LETTER_SLOTS_RECONSTRUCTED	31	29	29	0	0	31	0	0	1	0	0	0	0
L1605462-R002	biblical_book	Gen	46	11		Mas1	1606858	f1	5	1605462				books/DSS-Genesis.txt	2467388	1793	2103339-2103342	4	0	1afe84c729938fa9b972fb86228d0aed70aea9e2590ce88565dc7570d9180c91	linguistics/books/DSS-Genesis-Linguistics.txt	3496915	1928	4009fddf9044ea37d45244ceb1db8a873d7dd4460534a63d91e6b86c5a7e572e	NO_LETTER_RECONSTRUCTION_MARKED	9	7	0	2	5	0	2	0	1	0	0	0	0
