record_id	kind	book	chapter	verse	halfverse	scroll	scroll_node	fragment	line	line_node	intl	language	script	file	byte_offset	byte_length	word_nodes	word_count	standalone_sign_count	sha256	linguistics_file	linguistics_byte_offset	linguistics_byte_length	linguistics_sha256	letter_reconstruction	sign_slots	letter_slots	reconstructed_letter_slots	uncertain_letter_slots	unmarked_letter_slots	reconstructed_sign_slots	uncertain_sign_slots	missing_sign_slots	empty_sign_slots	vacat_sign_slots	corrected_sign_slots	removed_sign_slots	alternative_sign_slots
L1600029-R001	biblical_book	Hos	2	13		4Q78	1606737	f1_2	1	1600029				books/DSS-Hosea.txt	734	3756	2037864-2037876	13	0	e704579039ae50c7040ab3b04640ff5a8b4328af9a3ef040b2e9f6a21ab1ffd7	linguistics/books/DSS-Hosea-Linguistics.txt	2143	5573	60aeb661d100dfbfdee0b5252818f36334f1a47383b9310468c48f9b8344200e	PARTLY_RECONSTRUCTED	42	33	32	1	0	38	1	1	2	0	0	0	0
L1600029-R002	biblical_book	Hos	2	14		4Q78	1606737	f1_2	1	1600029				books/DSS-Hosea.txt	4490	1729	2037877-2037878	2	1	acd4acac7d6b28c4f63a60bfc5fc095672f911b2e852abae0d8f32660c9d38b1	linguistics/books/DSS-Hosea-Linguistics.txt	7716	1178	7ec57c0e94eac9d95b2c53e899469ca31014acd5473394a27019432e8129a19a	ALL_LETTER_SLOTS_RECONSTRUCTED	6	6	6	0	0	6	0	0	0	0	0	0	0
L1600030-R001	biblical_book	Hos	2	14		4Q78	1606737	f1_2	2	1600030				books/DSS-Hosea.txt	6219	4847	2037879-2037894	16	1	163302bf4ec6f7534a12ba456c1dfbbd99573815720c53ff8dc9550b0d09b52e	linguistics/books/DSS-Hosea-Linguistics.txt	8894	6936	c0ea1b262d993df86fb160ebf53f2eef7b552471b46f2abc5857ca42e328c1d3	PARTLY_RECONSTRUCTED	56	50	34	2	14	37	2	0	0	0	0	0	0
L1600031-R001	biblical_book	Hos	2	14		4Q78	1606737	f1_2	3	1600031				books/DSS-Hosea.txt	11066	2144	2037895-2037900	6	0	ea2dc8d7ae2491d4248dad8258960219a2aa3a2693eeda572b67696a09950c77	linguistics/books/DSS-Hosea-Linguistics.txt	15830	2718	6ea02e04c23ecc826daa3a5bf6f96af9b3c8311bc87ac6b4302531b6445abeff	ALL_LETTER_SLOTS_RECONSTRUCTED	16	13	13	0	0	16	0	0	1	0	0	0	0
L1600031-R002	biblical_book	Hos	2	15		4Q78	1606737	f1_2	3	1600031				books/DSS-Hosea.txt	13210	4305	2037901-2037915	15	1	67a691b4a631838919637de17e641e56dddfa87285f27bfebf0f0739f9fd3bfe	linguistics/books/DSS-Hosea-Linguistics.txt	18548	6445	b4ee7a8257dcc16fbc9758a3b83743463a4d75c5e482a11846484372da4d1b50	PARTLY_RECONSTRUCTED	50	46	28	1	17	30	1	0	0	0	0	0	0
L1600032-R001	biblical_book	Hos	2	15		4Q78	1606737	f1_2	4	1600032				books/DSS-Hosea.txt	17515	3900	2037916-2037925	10	3	a1120fb4e5779db9e233a022b5c519ec8a5a9af8b9710d4d64478eec04c5d62f	linguistics/books/DSS-Hosea-Linguistics.txt	24993	4339	2d170d4bd9a5d36eff35f142386e293f754d7a88984266a63e989e6a679470a9	ALL_LETTER_SLOTS_RECONSTRUCTED	33	29	29	0	0	33	0	0	1	0	0	0	0
L1600033-R001	biblical_book	Hos	3	2		4Q78	1606737	f3	1	1600033				books/DSS-Hosea.txt	21415	2956	2037926-2037936	11	0	7fd58887c2ce2c468736f1b6546caedbf263ab7a4ef254ca79fd64e27007d2d2	linguistics/books/DSS-Hosea-Linguistics.txt	29332	4845	df6fc737dd4cf84233b83bfadfbf4e7d0a5350189ef9b6f6a030796929604cb3	PARTLY_RECONSTRUCTED	31	29	23	2	4	25	2	0	1	0	0	0	0
L1600033-R002	biblical_book	Hos	3	3		4Q78	1606737	f3	1	1600033				books/DSS-Hosea.txt	24371	2759	2037937-2037943	7	1	c12beeff10011953b9dad953322063439555b5a839af3b5bfa7a73d02e3bb59f	linguistics/books/DSS-Hosea-Linguistics.txt	34177	3157	cf8975b8d62aa555e60201b2f7e89cee3598ed7df9b9c6069b631808d3b3795e	ALL_LETTER_SLOTS_RECONSTRUCTED	24	22	22	0	0	24	0	0	0	0	0	0	0
L1600034-R001	biblical_book	Hos	3	3		4Q78	1606737	f3	2	1600034				books/DSS-Hosea.txt	27130	3019	2037944-2037955	12	0	118aa0e8667d77c847b0cebdc63235eea9938cecf69037523ef41427af5e92fd	linguistics/books/DSS-Hosea-Linguistics.txt	37334	5006	547a0fdada404ca338617b17994a1758b89f8be3a3f8eb33267117252ce471b4	ALL_LETTER_SLOTS_RECONSTRUCTED	30	27	27	0	0	30	0	0	1	0	0	0	0
L1600034-R002	biblical_book	Hos	3	4		4Q78	1606737	f3	2	1600034				books/DSS-Hosea.txt	30149	3037	2037956-2037964	9	1	bd8455dc7d68e455ca267497851ef5a5ffdaa9143d28e8b6d15d53f7a4cf47b2	linguistics/books/DSS-Hosea-Linguistics.txt	42340	4084	a0902849fb873601173c13f6e8757b72f62787c9c4b15b16977bb77a32fdac0a	PARTLY_RECONSTRUCTED	30	28	20	2	6	20	2	0	1	0	0	0	0
L1600035-R001	biblical_book	Hos	4	1		4Q78	1606737	f4_7	1	1600035				books/DSS-Hosea.txt	33186	2306	2037965-2037971	7	0	ceb1276a877db2374ba03731a47bb55003b904fedd597380269128b48c343b93	linguistics/books/DSS-Hosea-Linguistics.txt	46424	3212	2c795388b9a031f62ae68fa1cc379c16bd7dcbf5008bdd334624236e8c362a58	PARTLY_RECONSTRUCTED	19	17	13	1	3	13	1	0	1	0	0	0	0
L1600035-R002	biblical_book	Hos	4	2		4Q78	1606737	f4_7	1	1600035				books/DSS-Hosea.txt	35492	3523	2037972-2037987	16	0	874bb7cbef9887bbb95b7e09440f6de0250ba363f386896c7611806479534707	linguistics/books/DSS-Hosea-Linguistics.txt	49636	6595	257eeffaca8579ed510d6fa23fb2f2386fc91887f706952ee848ec539a1bf3af	PARTLY_RECONSTRUCTED	40	38	37	1	0	39	1	0	1	0	0	0	0
L1600035-R003	biblical_book	Hos	4	3		4Q78	1606737	f4_7	1	1600035				books/DSS-Hosea.txt	39015	1712	2037988-2037989	2	1	3621bce7cb16046db7e2da09061739d65ce77345144472e5733124dbd444150c	linguistics/books/DSS-Hosea-Linguistics.txt	56231	1164	686bce961b62b9312e3002c044f03293baa47525b08bcd603c4f15b8b37e6322	ALL_LETTER_SLOTS_RECONSTRUCTED	4	4	4	0	0	4	0	0	0	0	0	0	0
L1600036-R001	biblical_book	Hos	4	3		4Q78	1606737	f4_7	2	1600036				books/DSS-Hosea.txt	40727	4851	2037990-2038013	24	0	a8a754ad25875f3f1b8b2fbdebf0d571d45f9b10dc1b050829910e3401b8ea12	linguistics/books/DSS-Hosea-Linguistics.txt	57395	9725	ae1211fddd51806050ab7a22469cff5686f56dbf712a7ebba586ba179c3f9303	PARTLY_RECONSTRUCTED	57	54	48	1	5	50	1	0	1	0	0	0	0
L1600036-R002	biblical_book	Hos	4	4		4Q78	1606737	f4_7	2	1600036				books/DSS-Hosea.txt	45578	1722	2038014-2038015	2	1	1cafe32e06bf05460b7085b0fd30d4b886f30fa048afa49ee74e2d13e1e69237	linguistics/books/DSS-Hosea-Linguistics.txt	67120	1173	81e2318630030cdc396e08924ac726ac59aa2edda04a736e1f6deb598d438185	ALL_LETTER_SLOTS_RECONSTRUCTED	5	5	5	0	0	5	0	0	0	0	0	0	0
L1600037-R001	biblical_book	Hos	4	4		4Q78	1606737	f4_7	3	1600037				books/DSS-Hosea.txt	47300	3218	2038016-2038027	12	0	6f036c283ccb52f9c1171b8c4294303735e7eff1f0283d607950d9cb866061b8	linguistics/books/DSS-Hosea-Linguistics.txt	68293	5058	c68bae2c78e4d20d10d5847f49527c0f6967472b0d07fa2ef34e062ba9b670e8	PARTLY_RECONSTRUCTED	32	29	21	4	4	23	4	0	1	0	0	0	0
L1600037-R002	biblical_book	Hos	4	5		4Q78	1606737	f4_7	3	1600037				books/DSS-Hosea.txt	50518	3338	2038028-2038039	12	1	520bf524aafb6515cce2d05ac6912f3cc45fa6b0df435ba75fa423f69b250a6a	linguistics/books/DSS-Hosea-Linguistics.txt	73351	5133	a4cd2ae5fd7f30a6d988f79184c67825a7794628df3dfec34d27128ca270c1ef	ALL_LETTER_SLOTS_RECONSTRUCTED	33	32	32	0	0	33	0	0	0	0	0	0	0
L1600038-R001	biblical_book	Hos	4	5		4Q78	1606737	f4_7	4	1600038				books/DSS-Hosea.txt	53856	1558	2038040-2038041	2	0	29b7193a759703563e3bf2a957557659df094b1c0e63d14fe5e0683cb39c6c7d	linguistics/books/DSS-Hosea-Linguistics.txt	78484	1118	e54118bea6cfe895c063b067b5302355a73c1faf0561a90a65e6b7aea812d9ff	ALL_LETTER_SLOTS_RECONSTRUCTED	6	3	3	0	0	6	0	0	1	0	0	0	0
L1600038-R002	biblical_book	Hos	4	6		4Q78	1606737	f4_7	4	1600038				books/DSS-Hosea.txt	55414	4663	2038042-2038060	19	1	904680f9260ec893bab84915a25546f36809fccd89b7c4b2923bc7a9b557e33c	linguistics/books/DSS-Hosea-Linguistics.txt	79602	7972	e4ecd7d9dc78a7621720909716d1f1abe56d6a2f5329ab4d5b963e03e0c99532	PARTLY_RECONSTRUCTED	53	50	41	1	8	44	1	0	0	0	0	0	0
L1600039-R001	biblical_book	Hos	4	6		4Q78	1606737	f4_7	5	1600039				books/DSS-Hosea.txt	60077	2343	2038061-2038066	6	0	2cd3f1c92155bb40ac43e5da471465e9c71c0d121753fe7b778664affae6514f	linguistics/books/DSS-Hosea-Linguistics.txt	87574	2837	577030272032fc66e0b361dcd9bb7fd3d2fe4e2bec6f7ba3668ca7e19e7f81c6	ALL_LETTER_SLOTS_RECONSTRUCTED	22	18	18	0	0	22	0	0	1	0	0	0	0
L1600039-R002	biblical_book	Hos	4	7		4Q78	1606737	f4_7	5	1600039				books/DSS-Hosea.txt	62420	3077	2038067-2038076	10	0	72a1fb3e1e6096d52bbb814581896285f22a2bdc04082a06ba759dccc24673a2	linguistics/books/DSS-Hosea-Linguistics.txt	90411	4388	d8efb48a8ccf2f8c629b89c043c9e97e4f5da5f87232e7dc9c0789fb0d52e192	PARTLY_RECONSTRUCTED	32	27	16	2	9	20	2	0	1	0	0	0	0
L1600039-R003	biblical_book	Hos	4	8		4Q78	1606737	f4_7	5	1600039				books/DSS-Hosea.txt	65497	2052	2038077-2038079	3	1	ff610c3e5ac8c6f0956769a163e8894acc219878572440c4bf0528e75c29351c	linguistics/books/DSS-Hosea-Linguistics.txt	94799	1626	11860fea7491000c12c23d0bd76daeab0d5e1d63ba5e64bd6c0018b4c0112097	ALL_LETTER_SLOTS_RECONSTRUCTED	13	12	12	0	0	13	0	0	0	0	0	0	0
L1600040-R001	biblical_book	Hos	4	8		4Q78	1606737	f4_7	6	1600040				books/DSS-Hosea.txt	67549	2303	2038080-2038085	6	0	b05f216ce42eb867de0103720c510eb7a2a81c3cfdcc0db73f217b36fbe75743	linguistics/books/DSS-Hosea-Linguistics.txt	96425	2729	349a7f04851d507c77a7a78421d35a03ecda606443a6f84a842486e0996207a9	ALL_LETTER_SLOTS_RECONSTRUCTED	19	15	15	0	0	19	0	0	1	0	0	0	0
L1600040-R002	biblical_book	Hos	4	9		4Q78	1606737	f4_7	6	1600040				books/DSS-Hosea.txt	69852	3988	2038086-2038100	15	0	11fecfec24c36acecca0f6f705966e8b716f65f5842b8c4deafc7e917e3a005d	linguistics/books/DSS-Hosea-Linguistics.txt	99154	6319	25a0e2f22a84635b1e658827b76a7d8bfc6ca32270b9acc4dc5295bd3e8cdfe1	PARTLY_RECONSTRUCTED	46	40	32	1	7	38	1	0	1	0	0	0	0
L1600040-R003	biblical_book	Hos	4	10		4Q78	1606737	f4_7	6	1600040				books/DSS-Hosea.txt	73840	1714	2038101-2038102	2	1	85381e6703166c53a25faab3f325cbf818e03d9c88cd3a3e47caf21a6033cf45	linguistics/books/DSS-Hosea-Linguistics.txt	105473	1160	3ae3261b87c6a52d6269fa3cfb9a485dcea40f66c945441e5a61ad5ee6942e3b	ALL_LETTER_SLOTS_RECONSTRUCTED	5	5	5	0	0	5	0	0	0	0	0	0	0
L1600041-R001	biblical_book	Hos	4	10		4Q78	1606737	f4_7	7	1600041				books/DSS-Hosea.txt	75554	3274	2038103-2038116	14	0	d746377e1c94e9a443789997f404cc0791389a4d107088978949b2b7e321cee9	linguistics/books/DSS-Hosea-Linguistics.txt	106633	5861	3698d054b70b9491406cc3d4abb7804478710b7f839df286d343ac6781d323f2	PARTLY_RECONSTRUCTED	39	37	35	0	2	35	0	0	1	0	0	0	0
L1600041-R002	biblical_book	Hos	4	11		4Q78	1606737	f4_7	7	1600041				books/DSS-Hosea.txt	78828	2306	2038117-2038124	8	0	69d95190f0e01d12e6df9745af37f583000e7df4b94f6858818522eaf4d497ab	linguistics/books/DSS-Hosea-Linguistics.txt	112494	3546	ade3a4684ba7e6a3bc0a427f3fe8078bd633a749ba42b394a4e0335ae858791a	PARTLY_RECONSTRUCTED	21	19	15	0	4	17	0	0	1	0	0	0	0
L1600041-R003	biblical_book	Hos	4	12		4Q78	1606737	f4_7	7	1600041				books/DSS-Hosea.txt	81134	1702	2038125	1	1	eb79b3a652dfb3c19df0296f5f42bd0a7a689fb07c8d901fc497a55a73bb5964	linguistics/books/DSS-Hosea-Linguistics.txt	116040	780	7d39c9cb37a0b6fa8a10f6de7eec10cc6c043696b1571b729aae61dab698df39	ALL_LETTER_SLOTS_RECONSTRUCTED	4	3	3	0	0	4	0	0	0	0	0	0	0
L1600042-R001	biblical_book	Hos	4	12		4Q78	1606737	f4_7	8	1600042				books/DSS-Hosea.txt	82836	4394	2038126-2038142	17	0	fb07bd4152bbab4b166d243adf2144ec4b1a6d32d5f810b3f70ceef6b744ef8b	linguistics/books/DSS-Hosea-Linguistics.txt	116820	7282	4e2a2dbdd54cf5874f6835b512fb733506399e183a1cff4270dbad59c316743d	PARTLY_RECONSTRUCTED	57	51	50	1	0	56	1	0	1	0	0	0	0
L1600042-R002	biblical_book	Hos	4	13		4Q78	1606737	f4_7	8	1600042				books/DSS-Hosea.txt	87230	2257	2038143-2038147	5	1	3f86fc9bf518eea1b1d5d59c7059693a8f9117cb1ffb5eedf3aba42f80f9cc8a	linguistics/books/DSS-Hosea-Linguistics.txt	124102	2377	86c2c0b945669f66a15b7fca53d22f4b84bb3da117404ebb89ad0337a41628a7	PARTLY_RECONSTRUCTED	16	16	12	1	3	12	1	0	0	0	0	0	0
L1600043-R001	biblical_book	Hos	4	13		4Q78	1606737	f4_7	9	1600043				books/DSS-Hosea.txt	89487	4953	2038148-2038167	20	1	281afd697ea00a622e0a255dc5a91ddad5f0a4ace4e97b74db563f05bd818887	linguistics/books/DSS-Hosea-Linguistics.txt	126479	8572	b269c34b10daec6a522e12e46459662a78611959e05b4dfbc4e7859a6fe45d31	PARTLY_RECONSTRUCTED	68	65	57	0	8	59	0	0	0	0	0	0	0
L1600044-R001	biblical_book	Hos	4	13		4Q78	1606737	f4_7	10	1600044				books/DSS-Hosea.txt	94440	1461	2038168-2038169	2	0	e6576d608cd2590ff8a06d7fbed3f354d2c0b9f8787ef0919cbfd4ff23a176ad	linguistics/books/DSS-Hosea-Linguistics.txt	135051	1149	cfe12274d91aa795f73c457f2656afe5a399b5e596c747e2e0ba67663c6b58eb	ALL_LETTER_SLOTS_RECONSTRUCTED	8	6	6	0	0	8	0	0	1	0	0	0	0
L1600044-R002	biblical_book	Hos	4	14		4Q78	1606737	f4_7	10	1600044				books/DSS-Hosea.txt	95901	4395	2038170-2038186	17	1	4fcf532bcf52d3fc74c3f0aa364a88691f0ca49355080367d0d5829e75a6fe82	linguistics/books/DSS-Hosea-Linguistics.txt	136200	7244	968dd11271f68ba0ad51884d219e7eb11fdd3c4debb96859184db7e21c60d177	ALL_LETTER_SLOTS_RECONSTRUCTED	60	58	58	0	0	60	0	0	0	0	0	0	0
L1600045-R001	biblical_book	Hos	4	14		4Q78	1606737	f4_7	11	1600045				books/DSS-Hosea.txt	100296	2771	2038187-2038197	11	0	b4dff01bbea7ef0ad3fcd8b04c2a2b6332d65377bcae207c0413bf1af0300851	linguistics/books/DSS-Hosea-Linguistics.txt	143444	4630	92897c283df4449cfcc680fa1becddc5479c176e2a5b07624928a7699f176a86	ALL_LETTER_SLOTS_RECONSTRUCTED	29	27	27	0	0	29	0	0	1	0	0	0	0
L1600045-R002	biblical_book	Hos	4	15		4Q78	1606737	f4_7	11	1600045				books/DSS-Hosea.txt	103067	3871	2038198-2038211	14	1	b98ca495da5b124272af62a4ebadedd5363e2f78a159a07c7a042428d6dddb9c	linguistics/books/DSS-Hosea-Linguistics.txt	148074	6157	28d95c976ab73a1d774be9d9cfdb39bdf5ed60c1a55a3029a139020340c4d901	PARTLY_RECONSTRUCTED	43	43	33	3	7	33	3	0	0	0	0	0	0
L1600046-R001	biblical_book	Hos	4	15		4Q78	1606737	f4_7	12	1600046				books/DSS-Hosea.txt	106938	2345	2038212-2038219	8	0	656bd460e4869968135f9645200f93fcc8f17c692da030970af7ceca49096c65	linguistics/books/DSS-Hosea-Linguistics.txt	154231	3529	e2e2651b31d1e7e94ee6fb30abe06929f1347ec541132918bbea8cedc2821afe	ALL_LETTER_SLOTS_RECONSTRUCTED	22	20	20	0	0	22	0	0	1	0	0	0	0
L1600046-R002	biblical_book	Hos	4	16		4Q78	1606737	f4_7	12	1600046				books/DSS-Hosea.txt	109283	3739	2038220-2038233	14	0	afdbb78029f72a1b8ca77f020f0fe3401b140f283fdc85796a5a4e8d781a9864	linguistics/books/DSS-Hosea-Linguistics.txt	157760	6135	4377cf640d1b6622e762fdc8eb3b57adbe89e7dad5bda3fbaaea2dd08b5d1f46	PARTLY_RECONSTRUCTED	42	39	28	3	8	31	3	0	1	0	0	1	0
L1600046-R003	biblical_book	Hos	4	17		4Q78	1606737	f4_7	12	1600046				books/DSS-Hosea.txt	113022	1584	2038234	1	1	67cf4015fee6d88f341cf14954da24eea44c657c9a1278423610364023fa3507	linguistics/books/DSS-Hosea-Linguistics.txt	163895	795	08bd73347a9c818c2724e04d9bc7105881016e85a0dc9f4d5c752c4056391dfa	ALL_LETTER_SLOTS_RECONSTRUCTED	4	4	4	0	0	4	0	0	0	0	0	0	0
L1600047-R001	biblical_book	Hos	4	17		4Q78	1606737	f4_7	13	1600047				books/DSS-Hosea.txt	114606	2053	2038235-2038239	5	0	3de40a4b92af420fc9d482bd91b1283d9d529551a9f7a5652b45a720ea61a719	linguistics/books/DSS-Hosea-Linguistics.txt	164690	2414	c98e7511eaf4f4af2bd51b95ebcaf898c2f95dc95bd2414be9773d9d3583b632	ALL_LETTER_SLOTS_RECONSTRUCTED	18	15	15	0	0	18	0	0	1	0	0	0	0
L1600047-R002	biblical_book	Hos	4	18		4Q78	1606737	f4_7	13	1600047				books/DSS-Hosea.txt	116659	2987	2038240-2038248	9	0	539379bbc801cf4f77b6df1202d7f4c3a0e6c610f2db484ed853917567a606a5	linguistics/books/DSS-Hosea-Linguistics.txt	167104	4072	7f681d8b903da297f85d68b7fbc6c4b2ba87eb5efaef2cadace34cfa260f5777	PARTLY_RECONSTRUCTED	34	30	26	1	2	27	1	0	1	0	1	0	0
L1600047-R003	biblical_book	Hos	4	19		4Q78	1606737	f4_7	13	1600047				books/DSS-Hosea.txt	119646	2456	2038249-2038253	5	1	e642f54e44c5a1d5b7e5059f02d0877fb1489afadadfa04f4924c859a84d3012	linguistics/books/DSS-Hosea-Linguistics.txt	171176	2442	7453ffe9d533d14e7a00c580ff49208e6cdbcae84d5018a4cec75e9c70917871	PARTLY_RECONSTRUCTED	18	16	13	0	3	15	0	0	0	0	0	0	0
L1600048-R001	biblical_book	Hos	4	19		4Q78	1606737	f4_7	14	1600048				books/DSS-Hosea.txt	122102	2011	2038254-2038258	5	0	e5ce6465cdf6ea60447d3b4c83711fa04a166840e7a50c454b86aa562296edfe	linguistics/books/DSS-Hosea-Linguistics.txt	173618	2335	63f2ddacbe89838b598678d3592c73d9361885fe6c94704a98adba62f93849b8	ALL_LETTER_SLOTS_RECONSTRUCTED	15	12	12	0	0	15	0	0	1	0	0	0	0
L1600048-R002	biblical_book	Hos	5	1		4Q78	1606737	f4_7	14	1600048				books/DSS-Hosea.txt	124113	4501	2038259-2038276	18	1	5a85361023277bc7f5086d0df3c0b10ffa94b778034ef39e3b3467818075fbc7	linguistics/books/DSS-Hosea-Linguistics.txt	175953	7633	298410c6b3b1262dda2db7fbb78a5ef6bbe01eff948e052f271b9234895af096	PARTLY_RECONSTRUCTED	55	52	47	3	2	48	3	0	1	0	0	0	0
L1600049-R001	biblical_book	Hos	7	11		4Q78	1606737	f44	1	1600049				books/DSS-Hosea.txt	128614	1795	2038277-2038280	4	0	aa5734c1cddb4e7609b1e1d1811b63ba0b4cce837fe8476e04ba2dac980f5a21	linguistics/books/DSS-Hosea-Linguistics.txt	183586	1820	e099da0800339a122b22a9adcf6951811a20a171df2647ad22a923a65c90b448	NO_LETTER_SLOTS	8	0	0	0	0	7	1	2	4	0	0	0	0
L1600049-R002	biblical_book	Hos	7	12		4Q78	1606737	f44	1	1600049				books/DSS-Hosea.txt	130409	1374	2038281-2038282	2	0	47b3500b49bf58554e74b73351320830c2b5cdef88269aa940589c0c2eca6e56	linguistics/books/DSS-Hosea-Linguistics.txt	185406	1170	9dff18e2e3691730d1ce2532f01f229a904b16cc6c8c0645ebfccf48a5cef0b7	ALL_LETTER_SLOTS_RECONSTRUCTED	4	4	4	0	0	4	0	0	0	0	0	0	0
L1600050-R001	biblical_book	Hos	7	12		4Q78	1606737	f44	2	1600050				books/DSS-Hosea.txt	131783	3953	2038286-2038298	13	0	a9d69ac3d78eded86e6e29999c7189dc27723aae902bae41a1e3b682bd5a46eb	linguistics/books/DSS-Hosea-Linguistics.txt	186576	5595	fda266640806ee234dd9b0d80d1ac17b964a993b4d1bb773c3529bc3e8364f4f	PARTLY_RECONSTRUCTED	49	38	35	0	3	45	1	1	3	0	0	0	0
L1600050-R002	biblical_book	Hos	7	13		4Q78	1606737	f44	2	1600050				books/DSS-Hosea.txt	135736	1849	2038299-2038302	4	0	4d7a7bfa76b8d463992072bbcd82c183034b6706097396dafd2ccc68cfd60192	linguistics/books/DSS-Hosea-Linguistics.txt	192171	1977	4d71716e2f9e67baee2417cf0613efb9085e3f898c9a1b956c5265a40f3544c2	ALL_LETTER_SLOTS_RECONSTRUCTED	13	12	12	0	0	13	0	0	0	0	0	0	0
L1600051-R001	biblical_book	Hos	7	13		4Q78	1606737	f44	3	1600051				books/DSS-Hosea.txt	137585	4340	2038307-2038322	16	0	951d666ab5c5e2f587c11eef64d48b603de6441000cfbf76a99a4e820e6b82c9	linguistics/books/DSS-Hosea-Linguistics.txt	194148	6726	60bc8e1c7e354515c2c4e9a000790914ad908025e95997971e148341569f1870	PARTLY_RECONSTRUCTED	51	42	38	2	2	47	2	1	2	0	0	0	0
L1600052-R001	biblical_book	Hos	13	3		4Q78	1606737	f8	1	1600052				books/DSS-Hosea.txt	141925	1865	2038328-2038329	2	1	443c6f63d2c12ff7a23d20ff8f37ab84f0e3a0f4595d8510ee2e9488e5889ef4	linguistics/books/DSS-Hosea-Linguistics.txt	200874	1126	1a3c783fb11ecc7550ae3c50dc8e63661dc939747596d5ff36d367fbe0626c4a	NO_LETTER_RECONSTRUCTION_MARKED	5	2	0	1	1	2	2	1	1	0	0	0	0
L1600053-R001	biblical_book	Hos	13	3		4Q78	1606737	f8	2	1600053				books/DSS-Hosea.txt	143790	1245	2038330	1	0	32c8f82dfd4cd8652713a2b6bb9d35d64f6dcd253fc064c1c7660c90d70aba58	linguistics/books/DSS-Hosea-Linguistics.txt	202000	733	ca1e3e3b8a9191e82dda4d39e83431d64a4727db6bd1e050c2286ef061db5084	NO_LETTER_SLOTS	2	0	0	0	0	2	0	1	1	0	0	0	0
L1600053-R002	biblical_book	Hos	13	4		4Q78	1606737	f8	2	1600053				books/DSS-Hosea.txt	145035	2497	2038331-2038335	5	1	baf74f8c96cd6d82c2b4af45f0d738a7f0d13a9a0681e616707bb59572a5e64c	linguistics/books/DSS-Hosea-Linguistics.txt	202733	2574	d2e8940a87c3df6af1696639f52f876b50c18d8cebff8a4436db0513ae76866d	PARTLY_RECONSTRUCTED	24	23	15	1	7	16	1	0	0	0	0	0	0
L1600054-R001	biblical_book	Hos	13	4		4Q78	1606737	f8	3	1600054				books/DSS-Hosea.txt	147532	5261	2038336-2038355	20	1	c97e25551661510cbdb5144ff2a691ae4aa1a80b570b8c1c6d84215550e21ec6	linguistics/books/DSS-Hosea-Linguistics.txt	205307	8447	ca5aa835ff10567bb229f8f755d4cf19d63111bd6cf8e1c64ad03df1dde2c605	PARTLY_RECONSTRUCTED	73	68	55	1	12	59	1	0	0	0	0	0	0
L1600055-R001	biblical_book	Hos	13	4		4Q78	1606737	f8	4	1600055				books/DSS-Hosea.txt	152793	3407	2038356-2038368	13	0	aa233d0b2889b95425793129800bde554c6c08be71350958fc729de4ae0ccab2	linguistics/books/DSS-Hosea-Linguistics.txt	213754	5734	84920f02e1584f3b5b0a4a836481bf10d014e2e0462a028974055e1187c04924	ALL_LETTER_SLOTS_RECONSTRUCTED	44	40	40	0	0	44	0	0	1	0	0	0	0
L1600055-R002	biblical_book	Hos	13	5		4Q78	1606737	f8	4	1600055				books/DSS-Hosea.txt	156200	2875	2038369-2038376	8	1	3bd5faa420a446599d98e9cbe3ebdc2799fcb58425988ec15f3097b7dfc5feb5	linguistics/books/DSS-Hosea-Linguistics.txt	219488	3713	a9b9afa2eafaa93aac14e844bf6b019e30f6ba389f7cd3bdaf76aa49855080df	PARTLY_RECONSTRUCTED	28	25	16	1	8	17	1	0	1	0	0	0	0
L1600056-R001	biblical_book	Hos	13	6		4Q78	1606737	f8	5	1600056				books/DSS-Hosea.txt	159075	3371	2038377-2038388	12	0	8fe62c86f4b0c37f7fcbeeee6dbe6242aaeb3cfdd12367a3b3fba66bc651cc58	linguistics/books/DSS-Hosea-Linguistics.txt	223201	5152	2b488294d293558f3674c9d47df2fd71148130bfeebb19a1033ac321e7f30747	ALL_LETTER_SLOTS_RECONSTRUCTED	40	35	35	0	0	40	0	0	1	0	0	0	0
L1600056-R002	biblical_book	Hos	13	7		4Q78	1606737	f8	5	1600056				books/DSS-Hosea.txt	162446	2878	2038389-2038397	9	1	4a675d916bca95b73a7501e8b080723b44ca78bd3d85681e5c72fcaf921e2ea4	linguistics/books/DSS-Hosea-Linguistics.txt	228353	4001	a4b4f9a30670152b7bf6e619f6a324f4f1e8b81271eebdddc2fcae9b4445d066	PARTLY_RECONSTRUCTED	25	24	15	1	8	16	1	0	0	0	0	0	0
L1600057-R001	biblical_book	Hos	13	7		4Q78	1606737	f8	6	1600057				books/DSS-Hosea.txt	165324	1435	2038398-2038399	2	0	d580e1aed4ba277a5de2b5abe9b0efab201878756f7d68561ed16405a5facdb9	linguistics/books/DSS-Hosea-Linguistics.txt	232354	1140	6dba26c3f30e9f844998f1c4353547059cc97299df828ee69fde1e2821dda41b	ALL_LETTER_SLOTS_RECONSTRUCTED	6	4	4	0	0	6	0	0	1	0	0	0	0
L1600057-R002	biblical_book	Hos	13	8		4Q78	1606737	f8	6	1600057				books/DSS-Hosea.txt	166759	4943	2038400-2038419	20	1	22fbec644a7c790a3ff6d5dbe987979cafb81eec7e9b8d28caad7b801393d645	linguistics/books/DSS-Hosea-Linguistics.txt	233494	8359	1a9ce5b79a63e26aca6f4f49aba6f16d6e3fcf561a8807fff1e4c1e9aaa68b30	PARTLY_RECONSTRUCTED	60	54	45	1	8	48	1	0	1	0	0	0	0
L1600058-R001	biblical_book	Hos	13	9		4Q78	1606737	f8	7	1600058				books/DSS-Hosea.txt	171702	2615	2038420-2038426	7	0	ffe598a4055e3e9e727c36d38dee2f504222d616a68038d938b432aacd4a165f	linguistics/books/DSS-Hosea-Linguistics.txt	241853	3231	d1b5a0135a959d7cb08015209e76c80ca713fdf1dd83c787b8757dd46153d94f	ALL_LETTER_SLOTS_RECONSTRUCTED	25	20	20	0	0	25	0	0	1	0	0	0	0
L1600058-R002	biblical_book	Hos	13	10		4Q78	1606737	f8	7	1600058				books/DSS-Hosea.txt	174317	3981	2038427-2038438	12	1	904e254b2d06effbeee0143f77f148381ba341706d060b12e62d8b73df36d6c7	linguistics/books/DSS-Hosea-Linguistics.txt	245084	5313	b9befb639677690e116b06fafe53918774f29086b55db2f0d3845741c20db146	PARTLY_RECONSTRUCTED	46	40	36	4	0	39	4	0	1	0	1	0	0
L1600059-R001	biblical_book	Hos	13	15		4Q78	1606737	f9	1	1600059				books/DSS-Hosea.txt	178298	4588	2038439-2038456	18	1	156e13392630eb62497ea49c1daa45b2f86b277f0149b7c50b0d2cb4b97e5336	linguistics/books/DSS-Hosea-Linguistics.txt	250397	7812	c16107d325a812ee1e60c481478460e1c925159945631c960b029a0b6b9dc0ed	PARTLY_RECONSTRUCTED	64	62	56	1	5	58	1	0	0	0	0	0	0
L1600060-R001	biblical_book	Hos	13	15		4Q78	1606737	f9	2	1600060				books/DSS-Hosea.txt	182886	1739	2038457-2038460	4	0	efd5513eaf2418e4478b15dcfbfeb9dc836cdfdd883b3a4e8201527725442a37	linguistics/books/DSS-Hosea-Linguistics.txt	258209	1991	7fa95eadb58c10a492b25e0f1e21ecec92685c957541de4bfef8fbd2c531d615	ALL_LETTER_SLOTS_RECONSTRUCTED	11	9	9	0	0	11	0	0	1	0	0	0	0
L1600060-R002	biblical_book	Hos	14	1		4Q78	1606737	f9	2	1600060				books/DSS-Hosea.txt	184625	4004	2038461-2038473	13	1	95cfd2e970a12b760c72e6637bced3e1a201553edc5c5b2d7537f9dee7d9b669	linguistics/books/DSS-Hosea-Linguistics.txt	260200	5842	6969694cfc87a6b67df203fadcdd02e2b7a26fab9bcd1dea86f44bfa8708ebdc	PARTLY_RECONSTRUCTED	52	49	39	2	8	41	2	0	0	0	0	0	0
L1600061-R001	biblical_book	Hos	14	1		4Q78	1606737	f9	3	1600061				books/DSS-Hosea.txt	188629	2403	2038474-2038475	2	3	972d558e34aa469d8e5f05c0508fb2750dc42bffdb6232fc4170b71e53969c42	linguistics/books/DSS-Hosea-Linguistics.txt	266042	1135	92956b6adf26b13a21afea99d9975c6582fd5500d50582d8281b360f7fa98cf4	ALL_LETTER_SLOTS_RECONSTRUCTED	7	5	5	0	0	7	0	0	1	0	0	0	0
L1600062-R001	biblical_book	Hos	14	2		4Q78	1606737	f9	4	1600062				books/DSS-Hosea.txt	191032	3093	2038476-2038485	10	0	78bbec373b58289e335f329ea296cd248c5a9c978562370cc864a6211873de4b	linguistics/books/DSS-Hosea-Linguistics.txt	267177	4483	f97fe6c856c3337c655501cee76ead104fc8318bb445dd7c8a7cea10677a3838	ALL_LETTER_SLOTS_RECONSTRUCTED	36	31	31	0	0	36	0	0	1	0	0	0	0
L1600062-R002	biblical_book	Hos	14	3		4Q78	1606737	f9	4	1600062				books/DSS-Hosea.txt	194125	3005	2038486-2038493	8	1	93e7c601ccf0613319abbe90a5f46daff2a3ed2a6efc25acc0b5a682bee5be88	linguistics/books/DSS-Hosea-Linguistics.txt	271660	3646	f64a7bd0f7b5618f9a9da19f3ef1a9787fee91e343ac5c27ec2bb05be27d5029	PARTLY_RECONSTRUCTED	30	29	13	2	14	13	2	0	0	0	1	0	0
L1600063-R001	biblical_book	Hos	14	3		4Q78	1606737	f9	5	1600063				books/DSS-Hosea.txt	197130	3310	2038494-2038505	12	0	2c1c173e6f5028e12a26b21d2b41f2974bd8dd458001b84e58b34a1f03fc65e9	linguistics/books/DSS-Hosea-Linguistics.txt	275306	5144	feff9151a0b74622c853a37b4b0a41f95a6d25d8ce85adaaf1d6b67dfd16edc1	PARTLY_RECONSTRUCTED	38	34	25	1	8	26	1	0	1	0	0	0	0
L1600063-R002	biblical_book	Hos	14	4		4Q78	1606737	f9	5	1600063				books/DSS-Hosea.txt	200440	2739	2038506-2038512	7	1	f8ff8fddf98c4524b944ec652ac35f1e4f669eb6bca8bd290e3392370737c9fe	linguistics/books/DSS-Hosea-Linguistics.txt	280450	3273	b86c82a8d99ed18ba4906bf5656be9336571b4769f29fd13ecfe21f9db1885cc	PARTLY_RECONSTRUCTED	27	26	18	1	7	19	1	0	0	0	0	0	0
L1600064-R001	biblical_book	Hos	14	4		4Q78	1606737	f9	6	1600064				books/DSS-Hosea.txt	203179	3545	2038513-2038525	13	0	35f2154e0120034ef31ccfe8e6740567965d4d984b297976d71e8c3181219e76	linguistics/books/DSS-Hosea-Linguistics.txt	283723	5660	a90a880435bb1345f1efb381ed4cfbd40b0a8609040482352b5ff411857973a1	PARTLY_RECONSTRUCTED	46	41	25	0	16	27	0	0	1	0	0	0	0
L1600064-R002	biblical_book	Hos	14	5		4Q78	1606737	f9	6	1600064				books/DSS-Hosea.txt	206724	2514	2038526-2038530	5	1	986156fceea97b232879ce4944644cf585970b3057dc661665c7cb3e9a526eea	linguistics/books/DSS-Hosea-Linguistics.txt	289383	2538	183b514a583790502fdcf8a8211836271ae6cd33a9db00b02ce8c1bf7ef2db36	ALL_LETTER_SLOTS_RECONSTRUCTED	22	20	20	0	0	22	0	0	0	0	0	0	0
L1600065-R001	biblical_book	Hos	14	5		4Q78	1606737	f9	7	1600065				books/DSS-Hosea.txt	209238	2007	2038531-2038534	4	0	bce3900c04d7942fe8c3842ebcc0e81e06e7dd9a2ff03ab5441f56251afe94e8	linguistics/books/DSS-Hosea-Linguistics.txt	291921	1920	715c1de95607a2eff93e621d5e85ba223e27ef5fa1dc822487740acc49fc2149	ALL_LETTER_SLOTS_RECONSTRUCTED	13	9	9	0	0	13	0	0	1	0	0	0	0
L1600065-R002	biblical_book	Hos	14	6		4Q78	1606737	f9	7	1600065				books/DSS-Hosea.txt	211245	3858	2038535-2038548	14	1	652d2a23156ac90871adf2696da6ff41bc2e0a76295527fdd6a8edfa39511525	linguistics/books/DSS-Hosea-Linguistics.txt	293841	6015	c28a8c18f9a2021a196692a8812527cbb28971b1109495b88458df5939fd2788	PARTLY_RECONSTRUCTED	41	36	18	1	17	23	1	1	2	0	0	0	0
L1600191-R001	biblical_book	Hos	1	6		4Q79	1606738	f1_2	1	1600191				books/DSS-Hosea.txt	215153	2350	2040275-2040280	6	0	adee891af314d39d6f5fe0eccac1bbbd3cc02ae4494d3d2ad4df8bc6792655b6	linguistics/books/DSS-Hosea-Linguistics.txt	299906	2828	ff80fa414f285b604bf2bea5308f36dfc8804f97524de8dca85d519ba4a63b78	PARTLY_RECONSTRUCTED	19	16	9	7	0	12	7	0	1	0	0	0	0
L1600191-R002	biblical_book	Hos	1	7		4Q79	1606738	f1_2	1	1600191				books/DSS-Hosea.txt	217503	2642	2040281-2040287	7	1	051bfde4bbc4888a4c546af397328a8a32e9903c22dae156e97dbe1c55ab4e9a	linguistics/books/DSS-Hosea-Linguistics.txt	302734	3255	b5f0dd260e64c1afe28636cb5560bacf3d077884c625c832e158e84d706f287e	ALL_LETTER_SLOTS_RECONSTRUCTED	24	23	23	0	0	24	0	0	0	0	0	0	0
L1600192-R001	biblical_book	Hos	1	7		4Q79	1606738	f1_2	2	1600192				books/DSS-Hosea.txt	220145	4055	2040288-2040303	16	1	67c5d728491df109f8546a4faad911e4583d95e227de7724855d321b2f3f36f4	linguistics/books/DSS-Hosea-Linguistics.txt	305989	6773	552653ad8d34666d88a63875dbd0ea9253bdb6c6aa374cdc629bd335c83eec4f	PARTLY_RECONSTRUCTED	44	42	32	1	9	33	1	0	0	0	0	0	0
L1600193-R001	biblical_book	Hos	1	7		4Q79	1606738	f1_2	3	1600193				books/DSS-Hosea.txt	224200	1656	2040304-2040307	4	0	a43f375d035769e0dba6cac6a8858a2864bb9b619e15d89e17151389f1c4a6f9	linguistics/books/DSS-Hosea-Linguistics.txt	312762	1902	a127301ebc271f700756d9fd590ef702b25eb94bf53c92c7298998998c8f88ec	NO_LETTER_RECONSTRUCTION_MARKED	9	7	0	0	7	0	0	0	1	0	0	0	0
L1600193-R002	biblical_book	Hos	1	8		4Q79	1606738	f1_2	3	1600193				books/DSS-Hosea.txt	225856	2825	2040308-2040318	11	0	101554a5c039b2c6107cc3fd2407dad6b9cfc8ce48cb4e8f1470956752689b9e	linguistics/books/DSS-Hosea-Linguistics.txt	314664	4644	5307e9a924b1a703f21bd47ee84f8f64c79d1eea70f7763d3ab40016c045c93b	PARTLY_RECONSTRUCTED	25	23	20	1	2	22	1	0	1	0	0	0	0
L1600193-R003	biblical_book	Hos	1	9		4Q79	1606738	f1_2	3	1600193				books/DSS-Hosea.txt	228681	1867	2040319-2040321	3	1	e1a1de4fa744417f0b3eb7a56310b0882b559b78f92b8928baec99d7307fbcbf	linguistics/books/DSS-Hosea-Linguistics.txt	319308	1556	9da88f5f6aa9d74c51b14cd4af9bd5dc9aa5d971ca0262938f86a4360d004eb6	ALL_LETTER_SLOTS_RECONSTRUCTED	8	8	8	0	0	8	0	0	0	0	0	0	0
L1600194-R001	biblical_book	Hos	1	9		4Q79	1606738	f1_2	4	1600194				books/DSS-Hosea.txt	230548	3486	2040322-2040334	13	0	0a95dfe84b7bc97918ad40d2c862909e334998ccc2fc762850a6deab0cbf4159	linguistics/books/DSS-Hosea-Linguistics.txt	320864	5526	69ddb49fdc14b6839850d07bd8f180143ca5628869e8b3d26d513315a04a9dc8	PARTLY_RECONSTRUCTED	37	32	23	1	8	27	1	0	1	0	0	0	0
L1600194-R002	biblical_book	Hos	2	1		4Q79	1606738	f1_2	4	1600194				books/DSS-Hosea.txt	234034	1702	2040335-2040336	2	1	89f6ec4e226fd4ebd346b35f33646678ab1a71d1e55a4b30715ee0f9f8bf22d5	linguistics/books/DSS-Hosea-Linguistics.txt	326390	1142	2f724253aa1abede0315a6db77fadb73890f4b364a2d1a2b00954cfcba598215	ALL_LETTER_SLOTS_RECONSTRUCTED	4	4	4	0	0	4	0	0	0	0	0	0	0
L1600195-R001	biblical_book	Hos	2	1		4Q79	1606738	f1_2	5	1600195				books/DSS-Hosea.txt	235736	2908	2040337-2040346	10	1	fd52f9fc20b004c9a802e61cff83d9addaff62211c00fe1c6665022c9f3660fb	linguistics/books/DSS-Hosea-Linguistics.txt	327532	4437	c256baac8e3bdb05e2b4304f834960532c204c46f60213fb79aa5bdb98d5957f	PARTLY_RECONSTRUCTED	27	27	20	0	7	20	0	0	0	0	0	0	0
L1600196-R001	biblical_book	Hos	2	1		4Q79	1606738	f1_2	6	1600196				books/DSS-Hosea.txt	238644	3655	2040347-2040358	12	1	9261a2057d47d2ce4afae95f8e75afd4f1e89b966188acf502395f010afdaeee	linguistics/books/DSS-Hosea-Linguistics.txt	331969	5109	162950207d60284acca9400fd5f2f083ced0662251d31e7b284a1286193cece4	PARTLY_RECONSTRUCTED	34	32	24	3	5	26	3	0	0	0	0	0	0
L1600197-R001	biblical_book	Hos	2	1		4Q79	1606738	f1_2	7	1600197				books/DSS-Hosea.txt	242299	2360	2040359-2040365	7	0	687c5ff6c6f68c561fc10579591a5a3d7756b065e65327f45874502002563d56	linguistics/books/DSS-Hosea-Linguistics.txt	337078	3116	a251d94f563a4778d4e0c61fa19e482c881475f3dbb9ee08c84d439469d60e48	PARTLY_RECONSTRUCTED	20	17	9	2	6	11	2	0	1	0	0	0	0
L1600197-R002	biblical_book	Hos	2	2		4Q79	1606738	f1_2	7	1600197				books/DSS-Hosea.txt	244659	2056	2040366-2040369	4	1	0f9f91aa28e0654c11c3af81ff1a37bd0f0041d6e69e610ebe8718104ad0fb9d	linguistics/books/DSS-Hosea-Linguistics.txt	340194	2043	41a59e4a2c941c5c2299cffa9a1800242a1f802d14c013188fce23498f56c89b	ALL_LETTER_SLOTS_RECONSTRUCTED	14	14	14	0	0	14	0	0	0	0	0	0	0
L1600198-R001	biblical_book	Hos	2	2		4Q79	1606738	f1_2	8	1600198				books/DSS-Hosea.txt	246715	3297	2040370-2040380	11	1	42d241b7d9b70be9c61bb7856b4bb14135afbb0e8b9726ff418e886c3bb7b6a6	linguistics/books/DSS-Hosea-Linguistics.txt	342237	4840	4743d0e70141fc547770fcfe578ffafa6241332a301abab5b280fd8fa0d407cf	PARTLY_RECONSTRUCTED	31	30	22	1	7	23	1	0	0	0	0	0	0
L1600199-R001	biblical_book	Hos	2	2		4Q79	1606738	f1_2	9	1600199				books/DSS-Hosea.txt	250012	2367	2040381-2040388	8	0	c9fbabc51f4de35e4f1b715405ea9f7a7ac36f1383991b6f42f58fbf6c1b7cd1	linguistics/books/DSS-Hosea-Linguistics.txt	347077	3629	e52af01c350094f70637c30c04314764dacbc216e7f391de4d4b5cff14ba5591	PARTLY_RECONSTRUCTED	22	20	13	1	6	15	1	0	1	0	0	0	0
L1600199-R002	biblical_book	Hos	2	3		4Q79	1606738	f1_2	9	1600199				books/DSS-Hosea.txt	252379	2030	2040389-2040391	3	1	76c14a9e99ad0bbcd34fc1b97a8ec1c423ec398000ec474b7cf4adc7fd49e61f	linguistics/books/DSS-Hosea-Linguistics.txt	350706	1570	62e7a4a17f5faa895953229cf9457b01c678978159c7eda89fc7b54e14a7b682	ALL_LETTER_SLOTS_RECONSTRUCTED	11	10	10	0	0	11	0	0	0	0	0	0	0
L1600200-R001	biblical_book	Hos	2	3		4Q79	1606738	f1_2	10	1600200				books/DSS-Hosea.txt	254409	2406	2040392-2040397	6	0	09bfc05ad2134ba1c310b03954814d9bb369d0718f613ee00f525f8889f7f55b	linguistics/books/DSS-Hosea-Linguistics.txt	352276	2728	03013ecabde4b7515b416f5761bb20ebb2fdedefeb3a5a18eec3a68eec215c4e	PARTLY_RECONSTRUCTED	20	16	8	2	6	11	2	0	1	0	0	0	0
L1600200-R002	biblical_book	Hos	2	4		4Q79	1606738	f1_2	10	1600200				books/DSS-Hosea.txt	256815	2188	2040398-2040401	4	1	437b12f32d05f19b41114fa8e95be4c32affc0f9e71b908e2b98af91f811671c	linguistics/books/DSS-Hosea-Linguistics.txt	355004	1964	29098f8a3e496d020738679c493f49db23c408f409ac387aa0447ce3ba5c5a6f	ALL_LETTER_SLOTS_RECONSTRUCTED	14	13	13	0	0	14	0	0	0	0	0	0	0
L1600201-R001	biblical_book	Hos	2	4		4Q79	1606738	f1_2	11	1600201				books/DSS-Hosea.txt	259003	3270	2040402-2040411	10	1	4c256d6feb440e09ac271d91dcf9ba5b835b4031cfe83f9013b262e87ace2dee	linguistics/books/DSS-Hosea-Linguistics.txt	356968	4378	f99a652249f6f64b42d935c7aa48299848ff4273f384ccb6a6c15d2e76a994b5	PARTLY_RECONSTRUCTED	27	25	18	2	5	20	2	0	0	0	0	0	0
L1600202-R001	biblical_book	Hos	2	4		4Q79	1606738	f1_2	12	1600202				books/DSS-Hosea.txt	262273	3530	2040412-2040421	10	1	431e0aca6d378feb6c9bc2eb858d3015320a144ca9ab957fcd2477a7afc8a8b4	linguistics/books/DSS-Hosea-Linguistics.txt	361346	4546	fecd33acb41db83e3476a167371d240f8369e899672d382633701ba87205208f	PARTLY_RECONSTRUCTED	36	30	21	0	9	26	0	0	1	0	0	0	0
L1600203-R001	biblical_book	Hos	2	5		4Q79	1606738	f1_2	13	1600203				books/DSS-Hosea.txt	265803	3295	2040422-2040430	9	1	4f7042bc0f018864072638394ed885812b675cf5b7d7f4ba7e65d1ce3fbd188c	linguistics/books/DSS-Hosea-Linguistics.txt	365892	3995	2a72c2579f682eea991c4086498fc02ac4de7e9b02590e6555fb5ed94c4c425e	PARTLY_RECONSTRUCTED	33	28	22	1	5	26	1	0	1	0	0	0	0
L1600312-R001	biblical_book	Hos	2	1		4Q82	1606741	f1_2V+3i+4i	11	1600312				books/DSS-Hosea.txt	269148	2117	2041768-2041769	2	2	2176c9fc4fc1453daec45ce49158f665057893facdd0dc609b26888290fcca75	linguistics/books/DSS-Hosea-Linguistics.txt	369937	1107	420c7882b67dbe77acf0e304d2147544b07cc6aa500961b79bb77619ca4732bc	NO_LETTER_SLOTS	4	0	0	0	0	4	0	2	2	0	0	0	0
L1600313-R001	biblical_book	Hos	2	1		4Q82	1606741	f1_2V+3i+4i	12	1600313				books/DSS-Hosea.txt	271265	2566	2041770-2041775	6	1	012872243e2957f843a1e49aa76f9b02f9708227318d8785ae37172fbe747e0a	linguistics/books/DSS-Hosea-Linguistics.txt	371044	2874	395e7f7c4a6655059c5ee0d55b95b69e78fc01464ffda45c996b4b7fa885bc7e	PARTLY_RECONSTRUCTED	18	16	9	2	5	11	2	1	1	0	0	0	0
L1600314-R001	biblical_book	Hos	2	1		4Q82	1606741	f1_2V+3i+4i	13	1600314				books/DSS-Hosea.txt	273831	3889	2041776-2041791	16	1	f6fdcafa66241e1b89f78819bb4f8e2e0394428896ef84b5dcc4c234c62cd7f2	linguistics/books/DSS-Hosea-Linguistics.txt	373918	6674	424324fca37d23294e37d7b53ee11ce04bb967eedf9c3f1aa2ef652d803e78e5	PARTLY_RECONSTRUCTED	39	39	31	1	7	31	1	0	0	0	0	0	0
L1600315-R001	biblical_book	Hos	2	1		4Q82	1606741	f1_2V+3i+4i	14	1600315				books/DSS-Hosea.txt	277720	3050	2041792-2041801	10	0	7052343eef998eb16f75e9088b97b23f9cb656cbf70f3d3135af7dea58f865c7	linguistics/books/DSS-Hosea-Linguistics.txt	380592	4292	1259c07f0bff6e683538bc25f79e84c277aa61f40cdb62ff37c59749a412de81	ALL_LETTER_SLOTS_RECONSTRUCTED	30	25	25	0	0	28	0	0	1	0	0	0	0
L1600315-R002	biblical_book	Hos	2	2		4Q82	1606741	f1_2V+3i+4i	14	1600315				books/DSS-Hosea.txt	280770	2583	2041802-2041807	6	1	320b6677df9925e36b8d7ed77d90483eb9e664155fd41adb39d0ca398255d0e4	linguistics/books/DSS-Hosea-Linguistics.txt	384884	2847	e061122bc0d80b73104a81d2392ae596c65f3ac8161b11d467824a73812ee861	PARTLY_RECONSTRUCTED	18	18	8	3	7	8	3	0	0	0	0	0	0
L1600316-R001	biblical_book	Hos	2	2		4Q82	1606741	f1_2V+3i+4i	15	1600316				books/DSS-Hosea.txt	283353	4060	2041808-2041822	15	1	ac9a2f08c5993d8f07025041f1247b887c6d15e4f9e46a3ef135a6a0a2d7f3c0	linguistics/books/DSS-Hosea-Linguistics.txt	387731	6515	f7c2aa7f732658a09e4b8fa4ba74b22e14cbeb8ae0bcd3076eefb191c547c9f4	PARTLY_RECONSTRUCTED	42	41	35	2	4	36	2	0	0	0	0	0	0
L1600317-R001	biblical_book	Hos	2	2		4Q82	1606741	f1_2V+3i+4i	16	1600317				books/DSS-Hosea.txt	287413	1473	2041823-2041824	2	0	c695f6594ee8b21f0a487c9ba0d4bc25ad38ef1db69f7f5037b7693a9643125f	linguistics/books/DSS-Hosea-Linguistics.txt	394246	1246	61d5fa094daf4486cbcad34a2e43a60baf06106076601c2c5f3ae4af87235296	ALL_LETTER_SLOTS_RECONSTRUCTED	8	6	6	0	0	8	0	0	1	0	0	0	0
L1600317-R002	biblical_book	Hos	2	3		4Q82	1606741	f1_2V+3i+4i	16	1600317				books/DSS-Hosea.txt	288886	2926	2041825-2041833	9	0	91fa426c04ca84e1d0af8e4dc2d59a89ff56000ad0dfe4ce0d29b5dd738ddf04	linguistics/books/DSS-Hosea-Linguistics.txt	395492	3915	0227d2cb7d854d234016f7077eca4d2937a78938e6cf24ed16fc454919006fdd	ALL_LETTER_SLOTS_RECONSTRUCTED	31	26	26	0	0	31	0	0	1	0	0	0	0
L1600317-R003	biblical_book	Hos	2	4		4Q82	1606741	f1_2V+3i+4i	16	1600317				books/DSS-Hosea.txt	291812	2310	2041834-2041837	4	1	df7f38b80bc7a3c137750ba226495ba4340e13e5f14e109b3b189aa1b94f5773	linguistics/books/DSS-Hosea-Linguistics.txt	399407	1982	737fed01ebbf6513e4d17b88fb2b6722a8adb6019939fd68158084644cf7e876	PARTLY_RECONSTRUCTED	12	11	9	2	0	10	2	0	0	0	0	0	0
L1600318-R001	biblical_book	Hos	2	4		4Q82	1606741	f1_2V+3i+4i	17	1600318				books/DSS-Hosea.txt	294122	4585	2041838-2041852	15	1	89ee2af81f83980d0b9079466e4eec1af287f30b739e5dc4c654681140ec89a3	linguistics/books/DSS-Hosea-Linguistics.txt	401389	6622	896117777be412e2e53d98a06c62adebe020bb7ca510c91b57ee74a6aa8fae64	PARTLY_RECONSTRUCTED	50	45	42	2	1	46	2	0	0	0	0	0	0
L1600319-R001	biblical_book	Hos	2	4		4Q82	1606741	f1_2V+3i+4i	18	1600319				books/DSS-Hosea.txt	298707	1866	2041853-2041856	4	0	ce7d542d9bc0e6b14ee824e5a9a71192dd6cfacc4ea2924b966dc1b56b7b7332	linguistics/books/DSS-Hosea-Linguistics.txt	408011	1942	dba3063dbde53402ca66eb51cec80b615ec55aaa2f606919971b4db8234ed9a4	ALL_LETTER_SLOTS_RECONSTRUCTED	11	8	8	0	0	11	0	0	1	0	0	0	0
L1600319-R002	biblical_book	Hos	2	5		4Q82	1606741	f1_2V+3i+4i	18	1600319				books/DSS-Hosea.txt	300573	4472	2041857-2041871	15	1	e45e69e64ecd07721ce8709c169ec6105d2f299ee002cb581679858fb172c248	linguistics/books/DSS-Hosea-Linguistics.txt	409953	6433	2fb0dc70df1bd352dbcd7365d5321d0b0cb34203089248d11e743c5a44191dc1	PARTLY_RECONSTRUCTED	52	45	33	1	6	36	1	0	1	0	6	0	0
L1600320-R001	biblical_book	Hos	2	14		4Q82	1606741	f3ii+4ii+5_7	1	1600320				books/DSS-Hosea.txt	305045	3351	2041872-2041882	11	0	c6ead92ff5c906aa42b096e1ab1a7549c0a659d0ebff784172efcdd8d5bd3fea	linguistics/books/DSS-Hosea-Linguistics.txt	416386	4763	35bdc957a0b41a2bed24e3c3b7fc631b121993b630d2c612c5809715458a27f1	PARTLY_RECONSTRUCTED	33	28	24	3	1	28	3	0	1	0	0	0	0
L1600320-R002	biblical_book	Hos	2	15		4Q82	1606741	f3ii+4ii+5_7	1	1600320				books/DSS-Hosea.txt	308396	2348	2041883-2041887	5	1	3336d2fa2fb33a9ba264848f98bb383a67ba79bdb9ec9189a975b0785e43b03b	linguistics/books/DSS-Hosea-Linguistics.txt	421149	2391	5b7d42598a7b53aaae0a2f933a1bd61a408954667819e845be5aab493f80da2d	ALL_LETTER_SLOTS_RECONSTRUCTED	16	15	15	0	0	16	0	0	0	0	0	0	0
L1600321-R001	biblical_book	Hos	2	15		4Q82	1606741	f3ii+4ii+5_7	2	1600321				books/DSS-Hosea.txt	310744	4614	2041888-2041903	16	1	944f15a29859ca59795d3a0b1888ed4cc19306c12d6c58c918f295db4d91ed0b	linguistics/books/DSS-Hosea-Linguistics.txt	423540	6860	66a8fb73cb27c4b38099f7706b9eb634eecc21c0e94fc242b1782fd80f79ab64	PARTLY_RECONSTRUCTED	55	50	40	1	9	43	1	0	0	0	0	0	0
L1600322-R001	biblical_book	Hos	2	15		4Q82	1606741	f3ii+4ii+5_7	3	1600322				books/DSS-Hosea.txt	315358	1779	2041904-2041907	4	0	7e8ccef39fbcbcc3f526f108717674bad84bb4b22f7a095dccbfbea93a3d41d5	linguistics/books/DSS-Hosea-Linguistics.txt	430400	1969	fe62db5bbf6750659a2efd3f39f612c7c6a9e0a693677824b925af51f1579609	ALL_LETTER_SLOTS_RECONSTRUCTED	13	11	11	0	0	13	0	0	1	0	0	0	0
L1600322-R002	biblical_book	Hos	2	16		4Q82	1606741	f3ii+4ii+5_7	3	1600322				books/DSS-Hosea.txt	317137	3695	2041908-2041918	11	1	589286e35b47290cb3fe8fb40b779b7635879f23d97cbfcefda0c6cf68361db6	linguistics/books/DSS-Hosea-Linguistics.txt	432369	4910	c0baf3d59843485dc20c3498966095190c49d83ffb3ee1199f2ee4f31d6d7726	PARTLY_RECONSTRUCTED	36	34	20	5	9	22	5	0	0	0	0	0	0
L1600323-R001	biblical_book	Hos	2	16		4Q82	1606741	f3ii+4ii+5_7	4	1600323				books/DSS-Hosea.txt	320832	1721	2041919-2041921	3	0	2d94fe00d052dc8302af3118e24a4d2a14a8ba6e6c1b84d7b75d723ba77cda48	linguistics/books/DSS-Hosea-Linguistics.txt	437279	1525	a9ad93005b888e5d6d25fd2c17a9c1528311c790e058cdad26b540c1d66c77bd	ALL_LETTER_SLOTS_RECONSTRUCTED	8	5	5	0	0	8	0	0	1	0	0	0	0
L1600323-R002	biblical_book	Hos	2	17		4Q82	1606741	f3ii+4ii+5_7	4	1600323				books/DSS-Hosea.txt	322553	4005	2041922-2041935	14	1	eb70575ddc611206239e420176af25975445494aee522c55100076af6c80cef2	linguistics/books/DSS-Hosea-Linguistics.txt	438804	6034	b6fbc0119fc999fe243da4fe9e4aec457cc174689fdcbbcbd65603263885953a	PARTLY_RECONSTRUCTED	37	35	25	5	5	26	5	0	0	0	0	0	0
L1600324-R001	biblical_book	Hos	2	17		4Q82	1606741	f3ii+4ii+5_7	5	1600324				books/DSS-Hosea.txt	326558	3623	2041936-2041949	14	0	44506597d78c23177b9282da4ed8a9ff7698d603703849d7abd652bd4d682817	linguistics/books/DSS-Hosea-Linguistics.txt	444838	6030	8885aa832cda961f65dc850ceefae2693b60fb6c109dcad4bba664ad413d6b13	ALL_LETTER_SLOTS_RECONSTRUCTED	41	36	36	0	0	41	0	0	1	0	0	0	0
L1600324-R002	biblical_book	Hos	2	18		4Q82	1606741	f3ii+4ii+5_7	5	1600324				books/DSS-Hosea.txt	330181	2008	2041950-2041953	4	1	d268c82b736f66414181553d7a505c33e49462351f36502255d3827deb62d727	linguistics/books/DSS-Hosea-Linguistics.txt	450868	1945	8d372b1e010c410f386e623a3067865a4e3c088e4595b2547a2b96a23257f7a2	ALL_LETTER_SLOTS_RECONSTRUCTED	8	8	8	0	0	8	0	0	0	0	0	0	0
L1600325-R001	biblical_book	Hos	2	18		4Q82	1606741	f3ii+4ii+5_7	6	1600325				books/DSS-Hosea.txt	332189	3758	2041954-2041966	13	0	03d8437f45906eec3a1d1622038df36ed4db250e5274c9cdca101fac5e659fdc	linguistics/books/DSS-Hosea-Linguistics.txt	452813	5569	f7497169b82e39aecd998e0e0aa829dbc86b06be563213bc384ea04e5d2aba36	PARTLY_RECONSTRUCTED	42	37	32	2	3	37	2	0	1	0	0	0	0
L1600325-R002	biblical_book	Hos	2	19		4Q82	1606741	f3ii+4ii+5_7	6	1600325				books/DSS-Hosea.txt	335947	1748	2041967-2041968	2	1	885e3a3abbb58440e5f5d3b7c675a21fb5c3ec4947be7089c2a85b2b0b1c650a	linguistics/books/DSS-Hosea-Linguistics.txt	458382	1186	7aa6d5266cb368d74f86c9d398d4a187836d6f911a76a89670b0775473c18cbc	ALL_LETTER_SLOTS_RECONSTRUCTED	6	6	6	0	0	6	0	0	0	0	0	0	0
L1600326-R001	biblical_book	Hos	2	19		4Q82	1606741	f3ii+4ii+5_7	7	1600326				books/DSS-Hosea.txt	337695	3847	2041969-2041982	14	1	01a63bf551019e5a7b5ba03d215ba6db22b9f0bd3957e27dd0d23af6fb20ff46	linguistics/books/DSS-Hosea-Linguistics.txt	459568	5839	ac59f4d9bfc27c8f6f5402b92a1ede9e633cdaded74e112ddbfd4a26b9670540	PARTLY_RECONSTRUCTED	37	31	25	1	5	31	1	1	2	0	0	0	0
L1600327-R001	biblical_book	Hos	2	22		4Q82	1606741	f3ii+4ii+5_7	11	1600327				books/DSS-Hosea.txt	341542	3040	2041983-2041992	10	0	7c26cb93f4e5a67a4ff215309d3cd57ec5d7e558f21ea956590616412b0c2f86	linguistics/books/DSS-Hosea-Linguistics.txt	465407	4364	18bd89a88dc2cf03ebf9ecc4563f186035e31916d8f75bb499821a86e78916f0	PARTLY_RECONSTRUCTED	30	26	24	2	0	27	2	0	1	0	0	0	0
L1600327-R002	biblical_book	Hos	2	23		4Q82	1606741	f3ii+4ii+5_7	11	1600327				books/DSS-Hosea.txt	344582	2615	2041993-2042000	8	1	630a74028adea1ad37d98a75e65b438f30c84fde42e9ce80aca5fa6aaccdb3e3	linguistics/books/DSS-Hosea-Linguistics.txt	469771	3539	f0861f7b91beab075446e67cb89293ce48bb52f5da55c4f1b103319816705851	ALL_LETTER_SLOTS_RECONSTRUCTED	19	19	19	0	0	19	0	0	0	0	0	0	0
L1600328-R001	biblical_book	Hos	2	23		4Q82	1606741	f3ii+4ii+5_7	12	1600328				books/DSS-Hosea.txt	347197	3049	2042001-2042012	12	0	77d0f1ab8a2510dc67351f3cb068d3e6b9aba80280d971e7c20701f9ac5fe790	linguistics/books/DSS-Hosea-Linguistics.txt	473310	5092	80b85ca37db841c0621adf606fd334b3f993c7b727ee1714582ca6044d75f8a2	PARTLY_RECONSTRUCTED	30	28	24	2	2	26	2	0	1	0	0	0	0
L1600328-R002	biblical_book	Hos	2	24		4Q82	1606741	f3ii+4ii+5_7	12	1600328				books/DSS-Hosea.txt	350246	2450	2042013-2042019	7	1	9689285040bc61f856fd1d164abde2998024d378aab15f92ce6ee11cf1ef6f6c	linguistics/books/DSS-Hosea-Linguistics.txt	478402	3129	0f8b0172bbae7cae3be8053e680cb858689cdfa189d9791ff7e9327fb9912cbc	ALL_LETTER_SLOTS_RECONSTRUCTED	15	15	15	0	0	15	0	0	0	0	0	0	0
L1600329-R001	biblical_book	Hos	2	24		4Q82	1606741	f3ii+4ii+5_7	13	1600329				books/DSS-Hosea.txt	352696	3405	2042020-2042033	14	0	e0173ada51802208314e32b3d7c4efe0a76e0b935ea0bb78346d382d1ce0b8b5	linguistics/books/DSS-Hosea-Linguistics.txt	481531	5947	0d16eeeb50b26ef69b5739be2e63f95078b4696896b7aeb57cd2b48090ad55c7	PARTLY_RECONSTRUCTED	34	32	27	2	3	29	2	0	1	0	0	0	0
L1600329-R002	biblical_book	Hos	2	25		4Q82	1606741	f3ii+4ii+5_7	13	1600329				books/DSS-Hosea.txt	356101	2444	2042034-2042038	5	1	6fb13b2ce7951b710937baacfe93f5dbbed14e5c0b798520d5e9bce800773f9c	linguistics/books/DSS-Hosea-Linguistics.txt	487478	2373	3cc209e51b86ead0ef59ff1604970432f18b38a5418278d2a95c48d37503c98c	ALL_LETTER_SLOTS_RECONSTRUCTED	15	13	13	0	0	15	0	0	0	0	0	0	0
L1600330-R001	biblical_book	Hos	2	25		4Q82	1606741	f3ii+4ii+5_7	14	1600330				books/DSS-Hosea.txt	358545	3703	2042039-2042051	13	1	561afdf00e3c6d1cda8c6f032d19191ccf018d1d30e6c659256248274c710745	linguistics/books/DSS-Hosea-Linguistics.txt	489851	5506	5ad8fbc8dcdb3ff64f798ffbd42d99aff31f33cb829e9d9aba911c0b6a112301	PARTLY_RECONSTRUCTED	34	28	22	3	3	25	5	1	2	0	0	0	0
L1600331-R001	biblical_book	Hos	2	25		4Q82	1606741	f3ii+4ii+5_7	15	1600331				books/DSS-Hosea.txt	362248	2883	2042052-2042054	3	3	68e3f6e07bf4116b12b5a4df817db31251c3da77dac53c0a8e9bdc510c78d4c7	linguistics/books/DSS-Hosea-Linguistics.txt	495357	1642	ddf530dd60af05b8a08b58d78f2b9268ae71ed93a1204af9f1b8ec04b5c55433	PARTLY_RECONSTRUCTED	13	10	6	2	2	9	2	0	1	0	0	0	0
L1600332-R001	biblical_book	Hos	3	1		4Q82	1606741	f3ii+4ii+5_7	16	1600332				books/DSS-Hosea.txt	365131	3930	2042055-2042069	15	1	41a373d25db4c57cfa727a30d094374a9b934f1a3d014997e1625c2803c258d6	linguistics/books/DSS-Hosea-Linguistics.txt	496999	6369	a3937d98a6b3e5aef47dc6c196989f2601fcfef960fd52e4d86c3922bff75a8d	PARTLY_RECONSTRUCTED	46	45	43	1	1	44	1	0	0	0	0	0	0
L1600333-R001	biblical_book	Hos	3	1		4Q82	1606741	f3ii+4ii+5_7	17	1600333				books/DSS-Hosea.txt	369061	3454	2042070-2042083	14	0	8a4ef42a693245f0cf5a574c6e75649be99f5d077fc8dd5bcbccbf23bd491ca4	linguistics/books/DSS-Hosea-Linguistics.txt	503368	6118	86607e71f20735d95733c0db38c1312e4bae178055b224712283d7931da4c6ce	PARTLY_RECONSTRUCTED	46	44	42	2	0	44	2	0	1	0	0	0	0
L1600333-R002	biblical_book	Hos	3	2		4Q82	1606741	f3ii+4ii+5_7	17	1600333				books/DSS-Hosea.txt	372515	2432	2042084-2042088	5	1	cdba81c5eaadf0fcaaf3f97b25f2b2c7fef2bc6b6362e156382b1ab03b6e0a74	linguistics/books/DSS-Hosea-Linguistics.txt	509486	2360	69787f1854ab1f3272a31afdf348fdb64723353fe438271cfd4813b77194d0f9	ALL_LETTER_SLOTS_RECONSTRUCTED	14	12	12	0	0	14	0	0	0	0	0	0	0
L1600334-R001	biblical_book	Hos	3	2		4Q82	1606741	f3ii+4ii+5_7	18	1600334				books/DSS-Hosea.txt	374947	2658	2042089-2042097	9	0	14040adfb225a954a370009892442659a663205c516307356890348f9f62ac5a	linguistics/books/DSS-Hosea-Linguistics.txt	511846	4085	062d7a8bcb9329374b36bcc7649a89b5e3a0b70f66ecc08bfc1d72fbb50c9654	PARTLY_RECONSTRUCTED	29	27	25	2	0	27	2	0	1	0	0	0	0
L1600334-R002	biblical_book	Hos	3	3		4Q82	1606741	f3ii+4ii+5_7	18	1600334				books/DSS-Hosea.txt	377605	2754	2042098-2042103	6	1	d2ba1844e38155a7de02875bdf42f06dfed0ec04aab86309426fbe30bca3bc71	linguistics/books/DSS-Hosea-Linguistics.txt	515931	2829	28d51b0bb58d3c924c8f92bc3ba0f95afd9dadb279620e626202efe9c8d0cebb	PARTLY_RECONSTRUCTED	22	21	17	2	2	18	2	0	0	0	0	0	0
L1600335-R001	biblical_book	Hos	3	3		4Q82	1606741	f3ii+4ii+5_7	19	1600335				books/DSS-Hosea.txt	380359	3075	2042104-2042115	12	0	017d06500b281eb1866f059b3ec6870aa33f4dddedf93c77a61c71f3f9b5b052	linguistics/books/DSS-Hosea-Linguistics.txt	518760	4969	2b21e077fe8fcd9a86b8db75d4e5490ee77cf155bdcc22293717b8048dfbc96b	ALL_LETTER_SLOTS_RECONSTRUCTED	28	21	21	0	0	26	1	1	3	0	0	0	0
L1600335-R002	biblical_book	Hos	3	4		4Q82	1606741	f3ii+4ii+5_7	19	1600335				books/DSS-Hosea.txt	383434	2726	2042116-2042121	6	1	ead440958586c35285aa27630586cd78cc7bfde8b140d2becd9f0a7653886d1c	linguistics/books/DSS-Hosea-Linguistics.txt	523729	2943	75cfe2532d9b94424cb51a91c12774339979aca59c4db9952885c3d8fbe44781	PARTLY_RECONSTRUCTED	22	22	11	5	6	11	5	0	0	0	0	0	0
L1600336-R001	biblical_book	Hos	3	4		4Q82	1606741	f3ii+4ii+5_7	20	1600336				books/DSS-Hosea.txt	386160	4067	2042122-2042138	17	0	3f0797c0fdf5f19461f5ea589371a6306f530338e914ea973f78f5ce5becae6f	linguistics/books/DSS-Hosea-Linguistics.txt	526672	7274	e384680df5404836e005f789ac6d306c6c9672a5f2fefad93e82542a09d98034	PARTLY_RECONSTRUCTED	43	41	33	5	3	35	5	0	1	0	0	0	0
L1600336-R002	biblical_book	Hos	3	5		4Q82	1606741	f3ii+4ii+5_7	20	1600336				books/DSS-Hosea.txt	390227	1960	2042139-2042140	2	1	a2f9c1e42fffe59e9f296a8741476f9b2d25ec4811bf702dc479447cf8d205b6	linguistics/books/DSS-Hosea-Linguistics.txt	533946	1244	c2b19c58e5f8ea3c3b3a026616ae04683655ebeed2e36e2c2e23b9b21e8c0585	PARTLY_RECONSTRUCTED	7	7	2	3	2	2	3	0	0	0	0	0	0
L1600337-R001	biblical_book	Hos	3	5		4Q82	1606741	f3ii+4ii+5_7	21	1600337				books/DSS-Hosea.txt	392187	3798	2042141-2042151	11	1	2d31f36e628d066fed7f4e397392b67a56d208ce25a3d7ec03e32e38b3c02326	linguistics/books/DSS-Hosea-Linguistics.txt	535190	4871	dcfd9241c2e7806908c60957dbe84166c1114bb50977069317173edbce8a3291	PARTLY_RECONSTRUCTED	35	29	17	8	4	19	9	1	2	0	0	0	0
L1600338-R001	biblical_book	Hos	3	5		4Q82	1606741	f3ii+4ii+5_7	22	1600338				books/DSS-Hosea.txt	395985	3617	2042152-2042161	10	2	ca868bcf7ea71655d265067e938ed1c38ee22247643c4c386dece1325bb3c5a8	linguistics/books/DSS-Hosea-Linguistics.txt	540061	4262	e19d0c253238e994c8b8ab472b49de8636e005bce2500c06de810707db5f771a	PARTLY_RECONSTRUCTED	25	18	15	2	1	18	3	1	3	0	0	0	0
L1600339-R001	biblical_book	Hos	4	1		4Q82	1606741	f3ii+4ii+5_7	23	1600339				books/DSS-Hosea.txt	399602	3118	2042162-2042168	7	2	e448460c2a507ba00e5ccc5e5ad969020646714167b25cd9fcd15f082cce12a7	linguistics/books/DSS-Hosea-Linguistics.txt	544323	3335	7d6f9d46ee1932126753f2115f1fe1217c3baf4792dd8c7b5afe5ec8a063c1f2	PARTLY_RECONSTRUCTED	24	24	11	2	11	11	2	0	0	0	0	0	0
L1600340-R001	biblical_book	Hos	4	1		4Q82	1606741	f3ii+4ii+5_7	24	1600340				books/DSS-Hosea.txt	402720	4204	2042169-2042185	17	1	2b7ef0333f30ab82d9cc446837e4d01845bb0f27a5e2cac01c87e967479c1d13	linguistics/books/DSS-Hosea-Linguistics.txt	547658	7206	bd5b7c9f6c6af0a342b2c784cab009dbb4151524f7246ac244dd2f5cfed263d7	PARTLY_RECONSTRUCTED	46	44	39	2	3	39	2	0	1	0	0	0	0
L1600341-R001	biblical_book	Hos	4	9		4Q82	1606741	f8b_9	1	1600341				books/DSS-Hosea.txt	406924	1951	2042186-2042190	5	0	0be3f8501825c6c54c45899fb39c1477eb896706560171cb953cc0e2354ed710	linguistics/books/DSS-Hosea-Linguistics.txt	554864	2242	80474c08adcc18ca07f64c9272f21cba56e975acbe20ba08ddcb992b9fede399	ALL_LETTER_SLOTS_RECONSTRUCTED	12	4	4	0	0	9	3	1	3	0	0	0	0
L1600341-R002	biblical_book	Hos	4	10		4Q82	1606741	f8b_9	1	1600341				books/DSS-Hosea.txt	408875	1987	2042191-2042194	4	1	bba9105cf632cf6730ae1dd8a2449c89591e1dfbdf42fa02d9bbee23b49c09b4	linguistics/books/DSS-Hosea-Linguistics.txt	557106	1912	15ae54ff8df04b630c0af50e08b0359d37e338a8c29b5d20d68e927417ac510f	ALL_LETTER_SLOTS_RECONSTRUCTED	8	8	8	0	0	8	0	0	0	0	0	0	0
L1600342-R001	biblical_book	Hos	4	10		4Q82	1606741	f8b_9	2	1600342				books/DSS-Hosea.txt	410862	3029	2042195-2042206	12	0	9f13a56e3b708c421b3393cde23e39b9a6ecaa3ee03e619f1a414d6e85c9035a	linguistics/books/DSS-Hosea-Linguistics.txt	559018	5114	aefe995c2bcb0984ab599cc1fabf9643d93c8d6614aff824304bf4ff4873c9a1	PARTLY_RECONSTRUCTED	35	33	29	1	3	31	1	0	1	0	0	0	0
L1600342-R002	biblical_book	Hos	4	11		4Q82	1606741	f8b_9	2	1600342				books/DSS-Hosea.txt	413891	2331	2042207-2042212	6	1	780d1ab07e90f210b1963ac40f2b2206b6efe255f2e2ebd386b03edb63e0f9ae	linguistics/books/DSS-Hosea-Linguistics.txt	564132	2826	f04dc8820387a6cba39773a7a10f45c7da7321992a7f45dad810e6a18cad3e90	ALL_LETTER_SLOTS_RECONSTRUCTED	17	17	17	0	0	17	0	0	0	0	0	0	0
L1600343-R001	biblical_book	Hos	4	11		4Q82	1606741	f8b_9	3	1600343				books/DSS-Hosea.txt	416222	1435	2042213-2042214	2	0	d0d6d37d2cf22e3c799b4001f79bfea9dfa4a3e52fe4ab11086e445914867f87	linguistics/books/DSS-Hosea-Linguistics.txt	566958	1113	b02d042e985e60dfac8ed7fe3f075b18fe433649bcc87ecf1cf19468b1a77bd2	PARTLY_RECONSTRUCTED	4	2	1	0	1	1	0	0	1	0	0	0	0
L1600343-R002	biblical_book	Hos	4	12		4Q82	1606741	f8b_9	3	1600343				books/DSS-Hosea.txt	417657	4373	2042215-2042230	16	1	3d869a1dd24cffe88c866edbe8de8f38203d1ecbb04c70fe3919340243c3b8e8	linguistics/books/DSS-Hosea-Linguistics.txt	568071	6821	6ad6d3ef1086d02958de053792b96b7acf387dcd74dfaf1eca0cc6ee9a992515	ALL_LETTER_SLOTS_RECONSTRUCTED	51	41	41	0	0	48	2	1	3	0	0	0	0
L1600344-R001	biblical_book	Hos	4	13		4Q82	1606741	f8b_9	4	1600344				books/DSS-Hosea.txt	422030	3936	2042231-2042246	16	1	b961d56a1d7097a5146424ea17d7c6c0607f502858452c4fd62cc89d271a5ebf	linguistics/books/DSS-Hosea-Linguistics.txt	574892	6839	73bc4b4cceb1b4bfa9d554a1c5672fc1af98ab7ea3ddf44e9248620f00ae126b	PARTLY_RECONSTRUCTED	46	46	39	1	6	39	1	0	0	0	0	0	0
L1600345-R001	biblical_book	Hos	4	13		4Q82	1606741	f8b_9	5	1600345				books/DSS-Hosea.txt	425966	3320	2042247-2042257	11	0	a3f8912bc661526b70467062481bd9dabc1361622408fbc30761c80ec51fd61b	linguistics/books/DSS-Hosea-Linguistics.txt	581731	4846	bc8f7ca29897c5d3210f3406ad7abbb01f40e0c49a560a1e58582031d21d4997	ALL_LETTER_SLOTS_RECONSTRUCTED	44	39	39	0	0	44	0	0	1	0	0	0	0
L1600345-R002	biblical_book	Hos	4	14		4Q82	1606741	f8b_9	5	1600345				books/DSS-Hosea.txt	429286	1801	2042258-2042259	2	1	212e5ac1e0d117c5773db8b0fc3039af8d50d000d7b2da0f38c454a42cb2a643	linguistics/books/DSS-Hosea-Linguistics.txt	586577	1199	57f4bbbd48c6f751004be380239107b2246b895c2c3e2e23afdfd77a4e10c9d4	PARTLY_RECONSTRUCTED	8	8	2	1	5	2	1	0	0	0	0	0	0
L1600346-R001	biblical_book	Hos	4	14		4Q82	1606741	f8b_9	6	1600346				books/DSS-Hosea.txt	431087	4244	2042260-2042272	13	2	9c84b212fcf9443437a6aa462ce0e0c5dc9b307ac900e03e160e47ce575cd069	linguistics/books/DSS-Hosea-Linguistics.txt	587776	5576	6a1fe1bde98fe8871ec345e44c0f12d5560ab171377104a2aafc4d8efb0ad391	ALL_LETTER_SLOTS_RECONSTRUCTED	47	35	35	0	0	41	4	1	4	0	0	0	0
L1600347-R001	biblical_book	Hos	6	3		4Q82	1606741	f10	1	1600347				books/DSS-Hosea.txt	435331	3635	2042273-2042285	13	1	ab9cb7fd97320f6e7c6db9caecd9b6c53e3191618bff046d23fe535c6ec2e1ef	linguistics/books/DSS-Hosea-Linguistics.txt	593352	5646	6f43275d7adc44c5f1aaa8521d5b2df628c787b4b326e01fa9b6cc80dd531cf9	PARTLY_RECONSTRUCTED	41	39	31	0	8	33	0	0	0	0	0	0	0
L1600348-R001	biblical_book	Hos	6	3		4Q82	1606741	f10	2	1600348				books/DSS-Hosea.txt	438966	2226	2042286-2042288	3	2	2ef7e84c0ca3d0e7ea590750bad1216f39fe886f21b8562af06426b24dff44e1	linguistics/books/DSS-Hosea-Linguistics.txt	598998	1489	9241f718b3aef53748144f015e181d9bcb5af7173b6c709d0ab83e89c81f57af	NO_LETTER_RECONSTRUCTION_MARKED	7	3	0	0	3	2	0	1	2	0	0	0	0
L1600349-R001	biblical_book	Hos	6	4		4Q82	1606741	f10	3	1600349				books/DSS-Hosea.txt	441192	2134	2042289-2042292	4	1	678453fa207f817a2c8328316c07e7281d5dcb818d6980bd60e66e24247901e4	linguistics/books/DSS-Hosea-Linguistics.txt	600487	1819	f1ef1ac710164b2e961a470d2992535228e5c01813d9f08fb6aefa3ebe658ff9	NO_LETTER_RECONSTRUCTION_MARKED	8	1	0	0	1	4	1	2	3	0	0	0	0
L1600350-R001	biblical_book	Hos	6	8		4Q82	1606741	f11V	1	1600350				books/DSS-Hosea.txt	443326	2445	2042293-2042300	8	0	30cbb21114bb2b10f85aa1ff853dc1f82c68c3fa3a5fc9e9f6fc21582fdc46ab	linguistics/books/DSS-Hosea-Linguistics.txt	602306	3652	82b652f0505a2e8bfde3075ecb77363232218aae20a6311b622b995f2cd3c816	PARTLY_RECONSTRUCTED	25	23	21	2	0	23	2	0	1	0	0	0	0
L1600350-R002	biblical_book	Hos	6	9		4Q82	1606741	f11V	1	1600350				books/DSS-Hosea.txt	445771	2171	2042301-2042305	5	1	f7e8a31ed19785dac20e298b7f14ba9487a99d0234df2a65ab89616dc4da9ef3	linguistics/books/DSS-Hosea-Linguistics.txt	605958	2393	5033bc4cf46986d41b5ef6130d26d6913a4ab25abcf46511b3a1d1725f100293	ALL_LETTER_SLOTS_RECONSTRUCTED	14	14	14	0	0	14	0	0	0	0	0	0	0
L1600351-R001	biblical_book	Hos	6	9		4Q82	1606741	f11V	2	1600351				books/DSS-Hosea.txt	447942	2927	2042306-2042314	9	0	284f22d607eb02d6af5eea5f474d946339635e08d139d5d623d816d66f242a4e	linguistics/books/DSS-Hosea-Linguistics.txt	608351	4123	65f7d055cb9f86eeaa19d740fddb2f3132001dc838781fd489fcb79429615735	PARTLY_RECONSTRUCTED	31	28	23	3	2	26	3	0	1	0	0	0	0
L1600351-R002	biblical_book	Hos	6	10		4Q82	1606741	f11V	2	1600351				books/DSS-Hosea.txt	450869	1704	2042315-2042316	2	1	94f38870e970052acb73b5cab83aa8c65d99916d6869f2aaf9ac2870894d6bc5	linguistics/books/DSS-Hosea-Linguistics.txt	612474	1184	576a3df52c0f9a5c87111b1e411f734e119211790bf4f8e41804357b30004607	ALL_LETTER_SLOTS_RECONSTRUCTED	4	4	4	0	0	4	0	0	0	0	0	0	0
L1600352-R001	biblical_book	Hos	6	10		4Q82	1606741	f11V	3	1600352				books/DSS-Hosea.txt	452573	2866	2042317-2042324	8	1	cc36ecaf9448f4d3fe2644dc72e7ca6fde37a7554a8c45ec5cc157b7b50229cf	linguistics/books/DSS-Hosea-Linguistics.txt	613658	3874	c32df3cebb60b0244c682c927111cd00217964add72348c4e12eb53e9bff12d9	PARTLY_RECONSTRUCTED	33	33	27	2	4	27	2	0	0	0	0	0	0
L1600353-R001	biblical_book	Hos	6	10		4Q82	1606741	f11V	4	1600353				books/DSS-Hosea.txt	455439	1449	2042325-2042326	2	0	6719d7f894239068c14697da05c8a047bd3e981c4b73039ba9e4b028a21b04b7	linguistics/books/DSS-Hosea-Linguistics.txt	617532	1208	b84d633b48daa4f833362badc3efcd620f50fad34018a18bdcdc0d9af668ba7e	ALL_LETTER_SLOTS_RECONSTRUCTED	7	5	5	0	0	7	0	0	1	0	0	0	0
L1600353-R002	biblical_book	Hos	6	11		4Q82	1606741	f11V	4	1600353				books/DSS-Hosea.txt	456888	3873	2042327-2042336	10	2	53b90a326f96c7558f449c21b001c5168f7e561da8261c6deaa84d322a3571ec	linguistics/books/DSS-Hosea-Linguistics.txt	618740	4448	1f9ccc565b6f29f0a8a1174ed857710c38746e4ac3296c65d054af99afd54930	PARTLY_RECONSTRUCTED	32	27	24	3	0	28	3	0	1	0	0	0	0
L1600354-R001	biblical_book	Hos	7	1		4Q82	1606741	f11V	5	1600354				books/DSS-Hosea.txt	460761	3366	2042337-2042345	9	2	bcd2eca204543a574c7d38f772856e8806d3c5ed6ec256e7162917063b877545	linguistics/books/DSS-Hosea-Linguistics.txt	623188	4024	5451550a11dd89986f6cd717fc73b2fbf16eceacaef12361530aa636ea3d7c47	PARTLY_RECONSTRUCTED	27	24	22	1	1	23	1	0	1	0	0	0	0
L1600355-R001	biblical_book	Hos	7	12		4Q82	1606741	f12	1	1600355				books/DSS-Hosea.txt	464127	3860	2042346-2042359	14	0	1edcee4dab435f5431dcb6f8ebf8e579ccf96c021cc6b20a659bb6448ea3d117	linguistics/books/DSS-Hosea-Linguistics.txt	627212	6088	e4bbb96e2f4b259c235201e88968e6c1dd9966ad4199bba9982fedb006d657d6	PARTLY_RECONSTRUCTED	50	46	43	1	2	47	1	0	0	0	0	0	0
L1600356-R001	biblical_book	Hos	7	12		4Q82	1606741	f12	2	1600356				books/DSS-Hosea.txt	467987	1693	2042360-2042362	3	0	9db9321480ea62f04983a5518c534aa6189ec69c959bc797d79545749d070be4	linguistics/books/DSS-Hosea-Linguistics.txt	633300	1524	196f671761bc258edd64b180533851e9872d593bedd3aa302957bd3fd30fccad	ALL_LETTER_SLOTS_RECONSTRUCTED	8	5	5	0	0	8	0	0	1	0	0	0	0
L1600356-R002	biblical_book	Hos	7	13		4Q82	1606741	f12	2	1600356				books/DSS-Hosea.txt	469680	2210	2042363-2042364	2	2	6a3f318daa63a1326c6573ff6d2d119ce74472a88db3a86b31c4c7e27f11926c	linguistics/books/DSS-Hosea-Linguistics.txt	634824	1171	99852a59f12c873b5d6a9d96fc5a84069c5d41f96c8e34b39bcbbe93777b8959	PARTLY_RECONSTRUCTED	7	6	3	0	3	3	0	0	0	0	0	0	0
L1600357-R001	biblical_book	Hos	7	13		4Q82	1606741	f13	1	1600357				books/DSS-Hosea.txt	471890	4874	2042365-2042381	17	1	b278d952e150fb8134348e379b6466763cca8c45a980c413af15a9a34381c005	linguistics/books/DSS-Hosea-Linguistics.txt	635995	7210	2967ba359678177e357301f725285814c048a98f6ff0d792224792108c1be421	PARTLY_RECONSTRUCTED	57	50	37	4	9	42	4	0	1	0	0	0	0
L1600358-R001	biblical_book	Hos	7	14		4Q82	1606741	f13	2	1600358				books/DSS-Hosea.txt	476764	4070	2042382-2042395	14	1	6799e317ff63acfb624df2fa6b01c97de084e49857d4faf462546ffc91375f53	linguistics/books/DSS-Hosea-Linguistics.txt	643205	6082	45ec07a7f0db96d872c8111a7ad96d7e6f3680fe3efd86e12b7bf6496f10ba42	PARTLY_RECONSTRUCTED	46	43	19	4	20	19	4	0	0	0	0	0	0
L1600359-R001	biblical_book	Hos	7	14		4Q82	1606741	f13	3	1600359				books/DSS-Hosea.txt	480834	1914	2042396-2042399	4	0	165f41eaa5d50f44f42b6188ec994b48bc9b79edd49d02fb708b52ea9207c392	linguistics/books/DSS-Hosea-Linguistics.txt	649287	1958	e50b5de5c8e8d785b19f447088a1919dd25d393a2865924e76042367e034f6e3	ALL_LETTER_SLOTS_RECONSTRUCTED	17	14	14	0	0	17	0	0	1	0	0	0	0
L1600359-R002	biblical_book	Hos	7	15		4Q82	1606741	f13	3	1600359				books/DSS-Hosea.txt	482748	3272	2042400-2042409	10	1	53ce565985d779139195eb8827181cd76d656a88fc8cfed18e07dfcefe6403d9	linguistics/books/DSS-Hosea-Linguistics.txt	651245	4435	074cc2de83cfb52e26f6356e686094628b51da9183dde029417f72050c432912	PARTLY_RECONSTRUCTED	37	33	10	2	21	13	2	0	1	0	0	0	0
L1600360-R001	biblical_book	Hos	7	16		4Q82	1606741	f13	4	1600360				books/DSS-Hosea.txt	486020	4446	2042410-2042425	16	1	a1b0cd1e4ebf140ac446e0470b4c61e74bff6aabb087b59258539d9ff3baa7dd	linguistics/books/DSS-Hosea-Linguistics.txt	655680	6872	6b4bd9ff12e5986f89be19dc7ba2280145f91d1230407ca234b3c9736d2726c7	PARTLY_RECONSTRUCTED	49	47	30	7	10	32	7	0	0	0	0	0	0
L1600361-R001	biblical_book	Hos	7	16		4Q82	1606741	f13	5	1600361				books/DSS-Hosea.txt	490466	2027	2042426-2042430	5	0	2c0f82cdfc4c9c4f92cdaaa632383b6593ef54cefab7a5e4f85164a1d73e624f	linguistics/books/DSS-Hosea-Linguistics.txt	662552	2416	ba235622db53fc2a1e4063fcefa4030943382cd4cb6d415ab7ae1a33a13985ca	ALL_LETTER_SLOTS_RECONSTRUCTED	16	13	13	0	0	16	0	0	1	0	0	0	0
L1600361-R002	biblical_book	Hos	8	1		4Q82	1606741	f13	5	1600361				books/DSS-Hosea.txt	492493	3290	2042431-2042441	11	1	c46e31ad3edf24550f56d3082d1e5b9307f7142abe5a1a5ee11d05678557f921	linguistics/books/DSS-Hosea-Linguistics.txt	664968	4785	722b2d2d6dbf9e8a82ba84972e0fade142c71a18ac9f8f2cd9fa0b8837e4140d	PARTLY_RECONSTRUCTED	31	28	27	1	0	28	1	0	1	0	0	0	0
L1600362-R001	biblical_book	Hos	9	1		4Q82	1606741	f14	1	1600362				books/DSS-Hosea.txt	495783	2562	2042442-2042449	8	0	dcda852579b0fdc658d2b4e8c12c7399c237535e98f4b439c32a4a2e54ea770d	linguistics/books/DSS-Hosea-Linguistics.txt	669753	3681	49afc83ec5278b30935d1a2ce9d655c23fb7c7d4e07a9b571f9d9d07d93500c0	PARTLY_RECONSTRUCTED	28	25	21	1	3	22	1	0	1	0	0	0	0
L1600362-R002	biblical_book	Hos	9	2		4Q82	1606741	f14	1	1600362				books/DSS-Hosea.txt	498345	2399	2042450-2042454	5	1	d3247bccd0ee13321bb7a808a843c733292322c85cfd90d856aec1e728e50fe8	linguistics/books/DSS-Hosea-Linguistics.txt	673434	2391	36429de2558b7638c265ebaa6ed0bf613752c587f8484bafd0029c41b3353141	PARTLY_RECONSTRUCTED	14	13	11	1	1	12	1	0	0	0	0	0	0
L1600363-R001	biblical_book	Hos	9	2		4Q82	1606741	f14	2	1600363				books/DSS-Hosea.txt	500744	2007	2042455-2042459	5	0	10cb29987951b95a92e9a9a801727d72d29b3b4bfe5d5f4128e3cb695776e4fd	linguistics/books/DSS-Hosea-Linguistics.txt	675825	2342	db4da02888d268da7ee538631a350fc0984575c1bc4722e1fe8857962a44d0ed	ALL_LETTER_SLOTS_RECONSTRUCTED	15	12	12	0	0	15	0	0	1	0	0	0	0
L1600363-R002	biblical_book	Hos	9	3		4Q82	1606741	f14	2	1600363				books/DSS-Hosea.txt	502751	2846	2042460-2042468	9	1	0dbb47db5a2e93ebe2f4318c9c7a7636a1eb4e418c2b9149a2abda99e148dcc9	linguistics/books/DSS-Hosea-Linguistics.txt	678167	4091	92fa9b4e60f9229769ca5eb84ebd05ab2167873d53f892805f62e996d4f4c21d	PARTLY_RECONSTRUCTED	28	28	22	1	5	22	1	0	0	0	0	0	0
L1600364-R001	biblical_book	Hos	9	3		4Q82	1606741	f14	3	1600364				books/DSS-Hosea.txt	505597	2019	2042469-2042474	6	0	5a22007b1880461fd441e512bbe4938d7d7994d19e9d20cf13e8b0b94d97d567	linguistics/books/DSS-Hosea-Linguistics.txt	682258	2727	733d0d684e6bc5514706dfcc5ff8137d793186ad4b8d10d4fbb752b31db2a1f1	ALL_LETTER_SLOTS_RECONSTRUCTED	16	14	14	0	0	16	0	0	1	0	0	0	0
L1600364-R002	biblical_book	Hos	9	4		4Q82	1606741	f14	3	1600364				books/DSS-Hosea.txt	507616	3127	2042475-2042484	10	1	91730c31eec96ec2eb357772fa41440488528480090885fb8ff3af20a07edfa8	linguistics/books/DSS-Hosea-Linguistics.txt	684985	4268	fe0160e6f9f58fe02cac2df4ac36713765483007654bd62713b2788f13874620	PARTLY_RECONSTRUCTED	28	25	23	1	1	24	1	0	1	0	0	0	0
L1600365-R001	biblical_book	Hos	9	9		4Q82	1606741	f15_26	1	1600365				books/DSS-Hosea.txt	510743	3387	2042485-2042496	12	0	323120ecae07c73d7948aec9f74f84ba9b23843b5498bfb1bffacde263b1dd58	linguistics/books/DSS-Hosea-Linguistics.txt	689253	5246	525e5fcf777d5b5e372583ab28d306093d2143061bcb0ac0fa94bc2b585e42be	PARTLY_RECONSTRUCTED	45	39	32	1	6	38	1	1	2	0	0	0	0
L1600365-R002	biblical_book	Hos	9	10		4Q82	1606741	f15_26	1	1600365				books/DSS-Hosea.txt	514130	1730	2042497-2042498	2	1	061a96e29ae2aedcade569e8d446650da25368c1b2cce8b61b910cce55a42576	linguistics/books/DSS-Hosea-Linguistics.txt	694499	1191	fee28ca35c7df821ab1f13875d2c6b6f72565b7f053344b64f5441c889a2097e	ALL_LETTER_SLOTS_RECONSTRUCTED	6	6	6	0	0	6	0	0	0	0	0	0	0
L1600366-R001	biblical_book	Hos	9	10		4Q82	1606741	f15_26	2	1600366				books/DSS-Hosea.txt	515860	4026	2042499-2042512	14	1	44c3c9fdc2fed519faa13a3aeea53bc94a4c0415cd76f3151049d30bea30626e	linguistics/books/DSS-Hosea-Linguistics.txt	695690	6310	4231968503e3a4198e275be5ce00324f7137164f255f4a0276cdff8d8d7fdf53	PARTLY_RECONSTRUCTED	53	51	42	2	7	44	2	0	0	0	0	0	0
L1600367-R001	biblical_book	Hos	9	10		4Q82	1606741	f15_26	3	1600367				books/DSS-Hosea.txt	519886	3145	2042513-2042523	11	1	f5deec05d9e4963c2dc39f8bafba53a47c1bf360a7631985c642d56d6220ac49	linguistics/books/DSS-Hosea-Linguistics.txt	702000	4810	ca42f27356ded1a8a842089c8d5e1ad75fbe373234764bd3bc50c4789830ead0	PARTLY_RECONSTRUCTED	32	28	23	0	5	25	1	1	2	0	0	0	0
L1600368-R001	biblical_book	Hos	9	10		4Q82	1606741	f15_26	4	1600368				books/DSS-Hosea.txt	523031	1699	2042524-2042526	3	0	9c9c8b495fb7661091cef45ae8f2f5eaedb9b7f8d10d753a5da4bd02938557b4	linguistics/books/DSS-Hosea-Linguistics.txt	706810	1517	a697666daac975d03a8194148aa16818df60de87ee1997149ab76729689ca6c3	ALL_LETTER_SLOTS_RECONSTRUCTED	8	5	5	0	0	8	0	0	1	0	0	0	0
L1600368-R002	biblical_book	Hos	9	11		4Q82	1606741	f15_26	4	1600368				books/DSS-Hosea.txt	524730	3640	2042527-2042540	14	0	690effd684ddf023ec27404ea39d35f49204e9d2cdf2f0cd41d5f1b2a4f51669	linguistics/books/DSS-Hosea-Linguistics.txt	708327	6045	e5694aeafe0abe8b575eba431e206afcece0a4347609d28f6529a6a29bdc95a6	PARTLY_RECONSTRUCTED	40	36	28	1	7	32	1	0	1	0	0	0	0
L1600368-R003	biblical_book	Hos	9	12		4Q82	1606741	f15_26	4	1600368				books/DSS-Hosea.txt	528370	2044	2042541-2042544	4	1	3a646591526d08c95680765d15d7de84247b1c36e0504b1d77334e061e2ad8b0	linguistics/books/DSS-Hosea-Linguistics.txt	714372	1966	4399ed370d28b9447300a64e625d491f59e53c1eb1102fbc9528d4c563a8dc19	ALL_LETTER_SLOTS_RECONSTRUCTED	11	11	11	0	0	11	0	0	0	0	0	0	0
L1600369-R001	biblical_book	Hos	9	12		4Q82	1606741	f15_26	5	1600369				books/DSS-Hosea.txt	530414	3908	2042545-2042557	13	0	13242ff36732458498319ddee1c7501d7f1867831cff804cece9040b84ca58cb	linguistics/books/DSS-Hosea-Linguistics.txt	716338	5569	4d9154bd6793a86e0f8f2566361d58a1fac8f2e929e4059e75d41a02e8702c6e	PARTLY_RECONSTRUCTED	41	34	27	2	5	33	2	0	1	0	0	0	0
L1600369-R002	biblical_book	Hos	9	13		4Q82	1606741	f15_26	5	1600369				books/DSS-Hosea.txt	534322	2064	2042558-2042561	4	1	067384b0bdf04bbab407b3060dd1cdb67af8c1e925b85c2f97db8b172a57f27d	linguistics/books/DSS-Hosea-Linguistics.txt	721907	2070	5a13e8863ad4c16b2c2cad4610fc7d3442381429762667c0c845b32e65994a82	ALL_LETTER_SLOTS_RECONSTRUCTED	14	14	14	0	0	14	0	0	0	0	0	0	0
L1600370-R001	biblical_book	Hos	9	13		4Q82	1606741	f15_26	6	1600370				books/DSS-Hosea.txt	536386	3487	2042562-2042574	13	0	4b479dcae228868f8a59150dc70f7050e90c11d8cd3300672699fd447e0acc14	linguistics/books/DSS-Hosea-Linguistics.txt	723977	5567	8505259bef870a86675a6305f1463417b70c9df962374d17a36f24d6688c68be	PARTLY_RECONSTRUCTED	38	34	22	4	8	26	4	0	2	0	0	0	0
L1600370-R002	biblical_book	Hos	9	14		4Q82	1606741	f15_26	6	1600370				books/DSS-Hosea.txt	539873	2475	2042575-2042580	6	1	f23488c3dd219f55d832e92d21b303caaa9c9a98a463ad9f745c48b2cadc399d	linguistics/books/DSS-Hosea-Linguistics.txt	729544	2739	a2995a6a77ea68abeb9918f2ca87cb598ca0eeeed9d214a8d6b6db5f264b3ae0	ALL_LETTER_SLOTS_RECONSTRUCTED	17	16	16	0	0	17	0	0	0	0	0	0	0
L1600371-R001	biblical_book	Hos	9	14		4Q82	1606741	f15_26	7	1600371				books/DSS-Hosea.txt	542348	2364	2042581-2042586	6	0	7f1671b9a5999789810e1826341091ca9ace1571d7cd2a77e2e290a9dd20a8de	linguistics/books/DSS-Hosea-Linguistics.txt	732283	2684	d6a0dc97a83d78a1d165b6799fa56eaa911e03f29dea0c64313dd449698b9495	NO_LETTER_RECONSTRUCTION_MARKED	17	9	0	4	5	6	6	1	4	0	0	0	0
L1600371-R002	biblical_book	Hos	9	15		4Q82	1606741	f15_26	7	1600371				books/DSS-Hosea.txt	544712	2916	2042587-2042594	8	1	2f695af4d237b6d30f13baa6c4ce1d48efad1740a65504882510d2bfdf518d3d	linguistics/books/DSS-Hosea-Linguistics.txt	734967	3674	ee19539a483427e6424c0f1fd21434c6f3f194fe31b5d28d8ad9558734372084	ALL_LETTER_SLOTS_RECONSTRUCTED	25	23	23	0	0	25	0	0	0	0	0	0	0
L1600372-R001	biblical_book	Hos	9	15		4Q82	1606741	f15_26	8	1600372				books/DSS-Hosea.txt	547628	4272	2042595-2042607	13	1	69824f4830949ed47f680784b6b075c47048b854f679b49e63d6ffdf034e728b	linguistics/books/DSS-Hosea-Linguistics.txt	738641	5649	98c4876662a3c8df87955ba24a63e392e758968b4d69fe1952e89627dcdbf063	PARTLY_RECONSTRUCTED	49	37	30	2	5	38	5	1	3	0	0	0	0
L1600373-R001	biblical_book	Hos	9	16		4Q82	1606741	f15_26	9	1600373				books/DSS-Hosea.txt	551900	4744	2042608-2042622	15	1	17f0280442d19591b5e26a62150d90c4aac9d1447aea139654314eed4f0ae106	linguistics/books/DSS-Hosea-Linguistics.txt	744290	6576	62fa64bd0cfbe52337cd6d5a2197aff02801588c31fb58fbeea761ba13f1b99b	PARTLY_RECONSTRUCTED	54	45	37	4	4	43	6	0	2	0	0	0	0
L1600374-R001	biblical_book	Hos	9	17		4Q82	1606741	f15_26	10	1600374				books/DSS-Hosea.txt	556644	3376	2042623-2042634	12	0	2d166af17c55f3ee81c0024d1aff9dd1219189c5b47e46545c774771a4c0aa98	linguistics/books/DSS-Hosea-Linguistics.txt	750866	5203	4e1863197961bd61abe1b1a71bc63e3a4eb43231c070031cf7def7e711b50964	PARTLY_RECONSTRUCTED	40	35	28	1	6	29	1	0	1	0	0	0	0
L1600374-R002	biblical_book	Hos	10	1		4Q82	1606741	f15_26	10	1600374				books/DSS-Hosea.txt	560020	2576	2042635-2042639	5	2	82de8189b21442541c0909d6ccba0b9e75adf03dc916ebfdd456ae3bb3c2bf64	linguistics/books/DSS-Hosea-Linguistics.txt	756069	2552	be582d7ede42a3dd751c7647277cd32e04a9e73b0a3d0e68400244c8d49a5b07	ALL_LETTER_SLOTS_RECONSTRUCTED	19	19	19	0	0	19	0	0	0	0	0	0	0
L1600375-R001	biblical_book	Hos	10	1		4Q82	1606741	f15_26	11	1600375				books/DSS-Hosea.txt	562596	3935	2042640-2042654	15	0	2ac24f6c60b2ab6c291a1f175f62fc09311ace96d0c699ad3c655ba7dd8d31e4	linguistics/books/DSS-Hosea-Linguistics.txt	758621	6422	7d750857d213dc9dff51c81ca478ad04be93aae2655daf1cabae125efe056ad6	PARTLY_RECONSTRUCTED	47	42	37	2	3	41	2	0	1	0	0	0	0
L1600375-R002	biblical_book	Hos	10	2		4Q82	1606741	f15_26	11	1600375				books/DSS-Hosea.txt	566531	3106	2042655-2042661	7	1	b4d8824ecf9326b0b51640464e72365a1dc03eaa0c150892dd9b7d6fc1074351	linguistics/books/DSS-Hosea-Linguistics.txt	765043	3367	22da15d050941a09daab289cadb8db45655f3293f4332c396e2deabe10ecec11	PARTLY_RECONSTRUCTED	31	29	14	3	12	16	3	0	0	0	0	0	0
L1600376-R001	biblical_book	Hos	10	2		4Q82	1606741	f15_26	12	1600376				books/DSS-Hosea.txt	569637	1765	2042662-2042664	3	0	5edebff7a73fbe950dc799e20b08014a768dddb960ca86e44798f6973f853b30	linguistics/books/DSS-Hosea-Linguistics.txt	768410	1619	4be124a15fbc4a48791fdce8811b7defb2539188fd558e0d6261ad0e2d1e2730	ALL_LETTER_SLOTS_RECONSTRUCTED	13	10	10	0	0	13	0	0	1	0	0	0	0
L1600376-R002	biblical_book	Hos	10	3		4Q82	1606741	f15_26	12	1600376				books/DSS-Hosea.txt	571402	4387	2042665-2042679	15	1	0df8b40fe707f174b7b46a8665fb86a009e46c12cd0d50c8e24c2f72a67c28f0	linguistics/books/DSS-Hosea-Linguistics.txt	770029	6470	6439717a4e3b9fd40b9bbd95bce6c1f89c4240d51200be2e07aa83fb1ac6cd6c	PARTLY_RECONSTRUCTED	44	42	26	6	10	28	6	0	1	0	0	0	0
L1600377-R001	biblical_book	Hos	10	3		4Q82	1606741	f15_26	13	1600377				books/DSS-Hosea.txt	575789	1733	2042680-2042682	3	0	32e1547019e5f091cc1468d209899b905e8b41fba66801245d16ee99ed1a59dc	linguistics/books/DSS-Hosea-Linguistics.txt	776499	1531	03fbe5422bd422f77d019c1653e811eb810bddf62020fc922e86c6ff2404c07d	ALL_LETTER_SLOTS_RECONSTRUCTED	10	7	7	0	0	10	0	0	1	0	0	0	0
L1600377-R002	biblical_book	Hos	10	4		4Q82	1606741	f15_26	13	1600377				books/DSS-Hosea.txt	577522	3643	2042683-2042697	15	0	d5663edca0cc157fd4de9a028c07b1dfdfac6af0f2c5bb7d75a9f1a6b4037648	linguistics/books/DSS-Hosea-Linguistics.txt	778030	6521	b87445c35c99ffbb141812917ab5850f62359c042ac5fb6c086bfbc7cc610546	PARTLY_RECONSTRUCTED	46	44	38	3	3	40	3	0	1	0	0	0	0
L1600377-R003	biblical_book	Hos	10	5		4Q82	1606741	f15_26	13	1600377				books/DSS-Hosea.txt	581165	1888	2042698-2042700	3	1	c0d6d7f1d28bc07962cb0d5e8ccd460d1da678790f5da9d63c958621a3be3988	linguistics/books/DSS-Hosea-Linguistics.txt	784551	1631	9d50868a71724854880cf18fa95a13feb76b9f244600d05ebf897f0b5ec1fe3d	ALL_LETTER_SLOTS_RECONSTRUCTED	9	9	9	0	0	9	0	0	0	0	0	0	0
L1600378-R001	biblical_book	Hos	10	5		4Q82	1606741	f15_26	14	1600378				books/DSS-Hosea.txt	583053	5306	2042701-2042718	18	1	db23f502fa5d0e63e4950572870105cd4be4a4a8a3fafee1ce24c768a23c418e	linguistics/books/DSS-Hosea-Linguistics.txt	786182	7796	d4e4b5eccb1f5e2d1588b4aac270251ac4534d26a94bf5b0aa62a4e085b4be38	PARTLY_RECONSTRUCTED	67	59	47	6	6	55	6	0	1	0	0	0	0
L1600379-R001	biblical_book	Hos	10	6		4Q82	1606741	f15_26	15	1600379				books/DSS-Hosea.txt	588359	4899	2042719-2042736	18	1	0ff94c37406c3786d2c08146663253f88c471d29d3c469d7d9bd63524186ae73	linguistics/books/DSS-Hosea-Linguistics.txt	793978	7845	18808e78b56495aa6e94f8b1c58233be9ef08f7c2b34af26328250cb67a634a6	PARTLY_RECONSTRUCTED	57	53	41	5	7	45	5	0	1	0	0	0	0
L1600380-R001	biblical_book	Hos	10	7		4Q82	1606741	f15_26	16	1600380				books/DSS-Hosea.txt	593258	2655	2042737-2042745	9	0	7eb76e9e551564be9576445474a4fb269b914385c59d70a349b7ab6ab7779477	linguistics/books/DSS-Hosea-Linguistics.txt	801823	4071	72600681f398aca8dff76b517b50a499850bf0b55fe765bfe2146b6d9fe3915f	ALL_LETTER_SLOTS_RECONSTRUCTED	28	25	25	0	0	28	0	0	1	0	0	0	0
L1600380-R002	biblical_book	Hos	10	8		4Q82	1606741	f15_26	16	1600380				books/DSS-Hosea.txt	595913	3112	2042746-2042754	9	1	6a098bb944a5d97be4ffef1b9a296add4c0f661a2a75ff08f026d3897946ea22	linguistics/books/DSS-Hosea-Linguistics.txt	805894	4230	462b167da5b5860b80cd8dcaa533afff7fcada8a3e4df51572d0f1cba6a13848	PARTLY_RECONSTRUCTED	30	30	22	4	3	22	4	0	0	0	1	0	0
L1600381-R001	biblical_book	Hos	10	8		4Q82	1606741	f15_26	17	1600381				books/DSS-Hosea.txt	599025	4069	2042755-2042768	14	1	28e3a9a05d25067da695219ae0320d8dc9b69a4e0e0adcf33c0bf9de5714fef4	linguistics/books/DSS-Hosea-Linguistics.txt	810124	6025	5c2ba145ff7b791436b0b151fd62d04bb879e25bcc8dc062c209d868a0ef3fe9	PARTLY_RECONSTRUCTED	49	44	40	0	4	44	0	0	1	0	0	0	0
L1600382-R001	biblical_book	Hos	10	9		4Q82	1606741	f15_26	18	1600382				books/DSS-Hosea.txt	603094	3828	2042769-2042778	10	3	3ab87d54ebc72b753eb5ec7edaa5fa190cbe7b04164292522edb20bb39dedd90	linguistics/books/DSS-Hosea-Linguistics.txt	816149	4428	433a7abeabe79cdd4ee9c6f8b8893ab46afbe8d15d74fd18e3bab4a80c289003	PARTLY_RECONSTRUCTED	28	24	16	1	7	19	2	1	2	0	0	0	0
L1600383-R001	biblical_book	Hos	10	9		4Q82	1606741	f15_26	19	1600383				books/DSS-Hosea.txt	606922	1441	2042779-2042780	2	0	a1058094ea04f75d18f082065450f8964e8950c3e6dc456947502a237c90c084	linguistics/books/DSS-Hosea-Linguistics.txt	820577	1085	f36d96f4458200488232b545ab75384467625f50c56c65ef1417ab1a8d7b0128	NO_LETTER_SLOTS	4	0	0	0	0	4	0	1	2	0	0	0	0
L1600383-R002	biblical_book	Hos	10	10		4Q82	1606741	f15_26	19	1600383				books/DSS-Hosea.txt	608363	3599	2042781-2042791	11	1	6d9d5ea44566e9d3cb5faa254afe5ba747bcc96b020f41a6035557004fac7fe5	linguistics/books/DSS-Hosea-Linguistics.txt	821662	4737	6822f6c7ca436f4ae0168cd02fa958bfa92b1abf58e989d8a2b9da6b7d6010b7	PARTLY_RECONSTRUCTED	32	23	16	3	4	22	5	2	3	0	0	0	0
L1600384-R001	biblical_book	Hos	10	10		4Q82	1606741	f15_26	20	1600384				books/DSS-Hosea.txt	611962	1588	2042792-2042793	2	0	63df195b8d2d711a9c34395f766d3e0374bd92f6fd16531818d2f1e5148abcc1	linguistics/books/DSS-Hosea-Linguistics.txt	826399	1171	78c63ec3fc01520b561b8149476405715c0da18baf3023599894b0ed9f7ffdb0	ALL_LETTER_SLOTS_RECONSTRUCTED	8	5	5	0	0	8	0	0	1	0	0	0	0
L1600384-R002	biblical_book	Hos	10	11		4Q82	1606741	f15_26	20	1600384				books/DSS-Hosea.txt	613550	3787	2042794-2042806	13	1	c94ecd3e5c60f791a62f4e0c115d123067287dd86d1efb24838dc7f58ddeed3f	linguistics/books/DSS-Hosea-Linguistics.txt	827570	5788	9e26d1af8f22fdd1fb97121807e61e8c976f36d10c7a07226c0700a8f497b1fe	PARTLY_RECONSTRUCTED	44	43	33	3	7	34	3	0	0	0	0	0	0
L1600385-R001	biblical_book	Hos	10	11		4Q82	1606741	f15_26	21	1600385				books/DSS-Hosea.txt	617337	2584	2042807-2042814	8	0	ca7b2de6cebb2df45f014af3283e8216f893ab77c788845da7fab4772328ad6a	linguistics/books/DSS-Hosea-Linguistics.txt	833358	3762	47253e95778daa158cf32e11a47b56c671727c03c426bc7a8447961829615d2d	ALL_LETTER_SLOTS_RECONSTRUCTED	33	30	30	0	0	33	0	0	1	0	0	0	0
L1600385-R002	biblical_book	Hos	10	12		4Q82	1606741	f15_26	21	1600385				books/DSS-Hosea.txt	619921	2740	2042815-2042821	7	1	a4f25de6cbfb05719a05e43a3e0e9880f2cb5b909c30a5655fc744b039a3eb73	linguistics/books/DSS-Hosea-Linguistics.txt	837120	3180	d3a5254e254dcb8f3942a3e45033efd7253a4a3c18fe269096ebbdb1e04439a1	PARTLY_RECONSTRUCTED	20	19	9	1	9	9	1	0	0	0	0	0	0
L1600386-R001	biblical_book	Hos	10	12		4Q82	1606741	f15_26	22	1600386				books/DSS-Hosea.txt	622661	4393	2042822-2042838	17	1	0c3f8f04a2705313d6fddb8584ecff96826360ea77dae77aedfe65cf85e455e4	linguistics/books/DSS-Hosea-Linguistics.txt	840300	7082	e4d68517c71c9c8ab68c6363882551f70feba7ec3a32975d795a1c48574f84a2	PARTLY_RECONSTRUCTED	48	43	30	3	10	34	3	0	2	0	0	0	0
L1600387-R001	biblical_book	Hos	10	13		4Q82	1606741	f15_26	23	1600387				books/DSS-Hosea.txt	627054	4294	2042839-2042853	15	1	8e22b74a927b1c26ccb626a87d39d7a05a15135d274ae9533ead5225ffc85aa1	linguistics/books/DSS-Hosea-Linguistics.txt	847382	6624	5393d311b0306cc71955716608b8b20fee30c36bb70d879c9e72fc3478a281c8	PARTLY_RECONSTRUCTED	56	52	43	2	7	47	2	0	1	0	0	0	0
L1600388-R001	biblical_book	Hos	10	14		4Q82	1606741	f15_26	24	1600388				books/DSS-Hosea.txt	631348	4332	2042854-2042870	17	1	f11dae3a5d22000c4ca991e6450be5e82ce64a5dc1fed1c6ddbae692c3f57101	linguistics/books/DSS-Hosea-Linguistics.txt	854006	7380	5ef5d36e8e49a2968974f94cef7e66a6b101c844b8624bd68f5c0ddf9d653bf8	PARTLY_RECONSTRUCTED	51	49	48	1	0	50	1	0	0	0	0	0	0
L1600389-R001	biblical_book	Hos	10	14		4Q82	1606741	f15_26	25	1600389				books/DSS-Hosea.txt	635680	1906	2042871-2042875	5	0	1a39916f73aa9518270e0615f97c3074b6e3c524fddd7530a0a89be6eab912b2	linguistics/books/DSS-Hosea-Linguistics.txt	861386	2329	dec5c95e6a39fee577f1a9e7ae590a355da965e66a46b6cbba43302abedd5fa1	ALL_LETTER_SLOTS_RECONSTRUCTED	14	12	12	0	0	14	0	0	1	0	0	0	0
L1600389-R002	biblical_book	Hos	10	15		4Q82	1606741	f15_26	25	1600389				books/DSS-Hosea.txt	637586	3530	2042876-2042887	12	1	efb1514d80561ae69992879eb31b91a874dccadcb080c09271cd1408a78ec82b	linguistics/books/DSS-Hosea-Linguistics.txt	863715	5291	b8885b50bb2139e658db5656df53adb1d20051fbd75d490f8db5c36a756c3981	ALL_LETTER_SLOTS_RECONSTRUCTED	36	34	34	0	0	36	0	0	0	0	0	0	0
L1600390-R001	biblical_book	Hos	10	15		4Q82	1606741	f15_26	26	1600390				books/DSS-Hosea.txt	641116	1781	2042888-2042891	4	0	d66a25cc93f7d7427b916d5c5e82d22ff7b8cdfbc1a33a3688001f9388079893	linguistics/books/DSS-Hosea-Linguistics.txt	869006	2057	54b175906b56a4ae994c0769c36a4ee0e671b1c3563618c54e2fb4129af2c038	ALL_LETTER_SLOTS_RECONSTRUCTED	14	12	12	0	0	14	0	0	1	0	0	0	0
L1600390-R002	biblical_book	Hos	11	1		4Q82	1606741	f15_26	26	1600390				books/DSS-Hosea.txt	642897	3525	2042892-2042903	12	1	ce76a0fbba0d678f2765e56d30ac29d2b85facee74b6077007275c82a1ee36d1	linguistics/books/DSS-Hosea-Linguistics.txt	871063	5231	1cead12843f0f687156a3a478427b45183aacd72be7772d491e00a4b514f94d4	ALL_LETTER_SLOTS_RECONSTRUCTED	36	32	32	0	0	34	0	0	1	0	0	0	0
L1600391-R001	biblical_book	Hos	11	2		4Q82	1606741	f15_26	27	1600391				books/DSS-Hosea.txt	646422	3673	2042904-2042917	14	0	fe3b07a038f318f559ed440bf7a73d8f43b54b0a49ab265e0a9d46da58d64af2	linguistics/books/DSS-Hosea-Linguistics.txt	876294	6013	65d1fb4d0270bce4b583bd8d5bf04d3165cb81238a8eff44d41d1f7090e97c66	PARTLY_RECONSTRUCTED	48	43	42	1	0	44	1	0	1	0	0	0	0
L1600391-R002	biblical_book	Hos	11	3		4Q82	1606741	f15_26	27	1600391				books/DSS-Hosea.txt	650095	1929	2042918-2042920	3	1	092ea2614bc5700941f2097aac51759ce832a50b9e4184ab59cb95fb030be245	linguistics/books/DSS-Hosea-Linguistics.txt	882307	1647	1fdec218609d3416041be85d47a6d66ef7ccb5711cc4a09d749cac43bf0f9f8c	PARTLY_RECONSTRUCTED	12	12	11	1	0	11	1	0	0	0	0	0	0
L1600392-R001	biblical_book	Hos	11	3		4Q82	1606741	f15_26	28	1600392				books/DSS-Hosea.txt	652024	3252	2042921-2042931	11	0	888e0ee83704ecd60c8a3a1d7d96c88e3297d8c3fcec3f0016c204d02fb9b558	linguistics/books/DSS-Hosea-Linguistics.txt	883954	4841	413e661d287b94f69842d2a734fe580c062d6060a1833b800c3c2bc49f794ad3	PARTLY_RECONSTRUCTED	38	33	30	0	3	32	0	0	1	0	0	0	0
L1600392-R002	biblical_book	Hos	11	4		4Q82	1606741	f15_26	28	1600392				books/DSS-Hosea.txt	655276	2740	2042932-2042937	6	1	dfdc8ff9a7f3d6089379a54a622d52af7ead0094f1e85ef8dc4c0a210fc76aaa	linguistics/books/DSS-Hosea-Linguistics.txt	888795	2874	9cbedae167754ff86851701bbffc08b916d011ad0f142dacc767a5d0913a0566	PARTLY_RECONSTRUCTED	21	20	13	3	4	14	3	0	0	0	0	0	0
L1600393-R001	biblical_book	Hos	11	4		4Q82	1606741	f15_26	29	1600393				books/DSS-Hosea.txt	658016	3772	2042938-2042951	14	0	7d6573846082d8a34f5038de4a9466c4f851fcc0b231290f1dd343fddc07e1ef	linguistics/books/DSS-Hosea-Linguistics.txt	891669	5957	16c0326afe09d515b1641dd7d16b0e909e761c325c2c132b3ccbd4ab594417d5	PARTLY_RECONSTRUCTED	45	40	33	2	5	37	2	0	1	0	0	0	0
L1600393-R002	biblical_book	Hos	11	5		4Q82	1606741	f15_26	29	1600393				books/DSS-Hosea.txt	661788	1743	2042952-2042953	2	1	0e39964279f3d9e69db9a659d8a96062f9bc0c1b22da7319cf76cd0d194948a2	linguistics/books/DSS-Hosea-Linguistics.txt	897626	1179	0509acc7402e6308917690416b6a99c8cc2ed27db33db30d529a09db98dc26fa	ALL_LETTER_SLOTS_RECONSTRUCTED	6	6	6	0	0	6	0	0	0	0	0	0	0
L1600394-R001	biblical_book	Hos	11	5		4Q82	1606741	f15_26	30	1600394				books/DSS-Hosea.txt	663531	3211	2042954-2042965	12	0	156f52ff0a8fcf5661ebf40395e33866eccf746049a8f6a6946f17b78fa06b2f	linguistics/books/DSS-Hosea-Linguistics.txt	898805	5278	3ad737b20fd72ecdb7ad11c5c0b123306a021d893345435057205feb0d9e303c	PARTLY_RECONSTRUCTED	35	32	28	4	0	30	4	0	1	0	0	0	0
L1600394-R002	biblical_book	Hos	11	6		4Q82	1606741	f15_26	30	1600394				books/DSS-Hosea.txt	666742	2293	2042966-2042970	5	1	7714a54460897b6ef23cf0d460fc828c24755d5121894d59616f8b92019ebdd7	linguistics/books/DSS-Hosea-Linguistics.txt	904083	2359	fcb45b228e3eca02983807d5363c4c8bd5bd51f4dae5f60fa59b9689d20ba43f	ALL_LETTER_SLOTS_RECONSTRUCTED	13	12	12	0	0	13	0	0	0	0	0	0	0
L1600395-R001	biblical_book	Hos	11	6		4Q82	1606741	f19b+27_32	1	1600395				books/DSS-Hosea.txt	669035	2681	2042971-2042978	8	0	46f651e2323a8e072de21c0600de0e23fc7db92d1149de9388ab80b3b15ed9d4	linguistics/books/DSS-Hosea-Linguistics.txt	906442	3588	7cfee7d764a4561ea6ecc82c80b791d5d0d5efa68eb80823ade5f10dd0a4a919	PARTLY_RECONSTRUCTED	27	23	21	1	1	24	1	0	1	0	0	0	0
L1600395-R002	biblical_book	Hos	11	7		4Q82	1606741	f19b+27_32	1	1600395				books/DSS-Hosea.txt	671716	3378	2042979-2042988	10	1	9180cfe37e1b6405f9d3f14d02e8ee2de8ca8bc3a4f4c7ac2efef57b943fc1b4	linguistics/books/DSS-Hosea-Linguistics.txt	910030	4407	cf8a09832e6eb73e477f17f394db1dcfd7c3442f77a8e7ac2d7ab3b6c3ddd21d	ALL_LETTER_SLOTS_RECONSTRUCTED	34	31	31	0	0	34	0	0	0	0	0	0	0
L1600396-R001	biblical_book	Hos	11	7		4Q82	1606741	f19b+27_32	2	1600396				books/DSS-Hosea.txt	675094	1749	2042989-2042991	3	0	7238dea39807fc48a9de3e96ba623b7756ecde8e181505b9550a1235b9d63e30	linguistics/books/DSS-Hosea-Linguistics.txt	914437	1552	56a5b28c7ca42a680dd55cd6c702c625563f5a5f342f3ca3c9d16126b2b724f0	ALL_LETTER_SLOTS_RECONSTRUCTED	11	8	8	0	0	11	0	0	1	0	0	0	0
L1600396-R002	biblical_book	Hos	11	8		4Q82	1606741	f19b+27_32	2	1600396				books/DSS-Hosea.txt	676843	3589	2042992-2043001	10	1	efbf65e4b7f7568993692cd4ddbb6950038b5deaee436e7a76d1c1b0d390686c	linguistics/books/DSS-Hosea-Linguistics.txt	915989	4691	488a4072f880d2d090d606dea296e38996b0e69ffb32431053b0d3bff69d54b1	PARTLY_RECONSTRUCTED	43	39	36	0	3	40	0	0	0	0	0	0	0
L1600397-R001	biblical_book	Hos	11	8		4Q82	1606741	f19b+27_32	3	1600397				books/DSS-Hosea.txt	680432	2952	2043002-2043010	9	0	06f559efe54d90de213f0083559368439691210b43030f057289ececea3d010d	linguistics/books/DSS-Hosea-Linguistics.txt	920680	4101	44286e872cf3197f74444e9bd0fb939d9068f7e3452809e7c5402e519931aa14	PARTLY_RECONSTRUCTED	33	29	17	4	8	20	4	0	1	0	0	0	0
L1600397-R002	biblical_book	Hos	11	9		4Q82	1606741	f19b+27_32	3	1600397				books/DSS-Hosea.txt	683384	2207	2043011-2043014	4	1	73a12434976f1855a1f018c944644df4dd3016ed1d7fa3a7c6b879d70944fd9c	linguistics/books/DSS-Hosea-Linguistics.txt	924781	2029	a34ce010360faaded7d132c4b8091b42f542109bba31c239d0fc4d76dd3aca19	ALL_LETTER_SLOTS_RECONSTRUCTED	14	13	13	0	0	14	0	0	0	0	0	0	0
L1600398-R001	biblical_book	Hos	11	9		4Q82	1606741	f19b+27_32	4	1600398				books/DSS-Hosea.txt	685591	4281	2043015-2043030	16	1	97620bf5cf5c9cb6ac15034596b3e9f912ce3d47ac6e9ccc73b9f759e4732406	linguistics/books/DSS-Hosea-Linguistics.txt	926810	6860	93b569a512a5c8b0df37e408e2237ea1bf20c78db3fc624c2df92698c2c509c3	PARTLY_RECONSTRUCTED	43	42	30	7	5	31	7	0	0	0	0	0	0
L1600399-R001	biblical_book	Hos	11	9		4Q82	1606741	f19b+27_32	5	1600399				books/DSS-Hosea.txt	689872	1733	2043031-2043034	4	0	638134a497736bac6124db1e8fe7d44e25d0ebeab51ea282cff17a59b68464db	linguistics/books/DSS-Hosea-Linguistics.txt	933670	1928	9b728dedae353a6875e3c879f8863b23982d5c1987d4f5997c9bdabeeec4b118	ALL_LETTER_SLOTS_RECONSTRUCTED	10	8	8	0	0	10	0	0	1	0	0	0	0
L1600399-R002	biblical_book	Hos	11	10		4Q82	1606741	f19b+27_32	5	1600399				books/DSS-Hosea.txt	691605	4801	2043035-2043050	16	2	b3c2e43ad948e453f4948bcd94f952c68d6ab98dc904b60d9aec58f7834c1603	linguistics/books/DSS-Hosea-Linguistics.txt	935598	6785	93b8103786b508e5bc3a7f458ee5d719955ec4a48414ac3b8a0a0dd7c923b5ff	PARTLY_RECONSTRUCTED	48	44	29	5	7	32	5	0	2	0	5	0	0
L1600400-R001	biblical_book	Hos	11	11		4Q82	1606741	f19b+27_32	6	1600400				books/DSS-Hosea.txt	696406	4074	2043051-2043064	14	1	0399fb439b899fb1408fbfe24a7f0472ba9448ed721b791eac854e1519c0e1f9	linguistics/books/DSS-Hosea-Linguistics.txt	942383	6185	80c9580239ef57c41dbe944d0c637d689fd6a7b49fac109cf34a5f9ec23466ac	PARTLY_RECONSTRUCTED	42	41	29	7	5	30	7	0	0	0	0	0	0
L1600401-R001	biblical_book	Hos	11	11		4Q82	1606741	f19b+27_32	7	1600401				books/DSS-Hosea.txt	700480	1968	2043065-2043068	4	0	86146a35abc86272752e0cd2699f812b0aa3eefaee31b9b0e5ce8b0486f96f69	linguistics/books/DSS-Hosea-Linguistics.txt	948568	2030	40570a25a70b21e2a416b4f5a3ebebd49b34e4e2305e16021feae3a7e1aa373b	PARTLY_RECONSTRUCTED	15	12	8	1	3	9	1	0	1	0	0	0	0
L1600401-R002	biblical_book	Hos	12	1		4Q82	1606741	f19b+27_32	7	1600401				books/DSS-Hosea.txt	702448	3008	2043069-2043077	9	1	ae2d6707970728d417532fdc5da95c308b2fde314ea2b76cdb478f75753829e6	linguistics/books/DSS-Hosea-Linguistics.txt	950598	4206	9b1bf888a7905727f62f31f9deaf6b3095be786d5e2b7b7ee3070965ab880c01	PARTLY_RECONSTRUCTED	30	29	28	0	1	29	0	0	0	0	0	0	0
L1600402-R001	biblical_book	Hos	12	1		4Q82	1606741	f19b+27_32	8	1600402				books/DSS-Hosea.txt	705456	2886	2043078-2043088	11	0	8400ef9d72fce194b49692b8b9e44ad9dbead4895e8d25f9759ecf9962a01203	linguistics/books/DSS-Hosea-Linguistics.txt	954804	4778	b1a76197f95391a95de86e84bdc6f4b2d0416ce7da8342455e1198ffc3bd8feb	PARTLY_RECONSTRUCTED	30	28	24	4	0	26	4	0	1	0	0	0	0
L1600402-R002	biblical_book	Hos	12	2		4Q82	1606741	f19b+27_32	8	1600402				books/DSS-Hosea.txt	708342	2211	2043089-2043093	5	1	0371dfa101dceef092e173b92a901203d6a4295381ad72499b1311329060c624	linguistics/books/DSS-Hosea-Linguistics.txt	959582	2455	911f6efdff82155f61ecb9dd53aabdb4d68f740d3f3c25cc0331289943900733	ALL_LETTER_SLOTS_RECONSTRUCTED	15	15	15	0	0	15	0	0	0	0	0	0	0
L1600403-R001	biblical_book	Hos	12	2		4Q82	1606741	f19b+27_32	9	1600403				books/DSS-Hosea.txt	710553	4564	2043094-2043112	19	1	d4bc995f011ed282daad28111cd6531f6021aeec22d094204e96dac33de79166	linguistics/books/DSS-Hosea-Linguistics.txt	962037	8002	d6d31c8658dba68aab6986257d530f20014275840c4a0706c3ddeb043e62341d	PARTLY_RECONSTRUCTED	53	46	42	2	2	45	4	1	3	0	0	0	0
L1600404-R001	biblical_book	Hos	12	3		4Q82	1606741	f19b+27_32	10	1600404				books/DSS-Hosea.txt	715117	4658	2043113-2043131	19	0	51efb4a073866a2d6bbad7d546bbb748af9d15c724feac04ade3913b270211ae	linguistics/books/DSS-Hosea-Linguistics.txt	970039	7991	9e0f449bd32f1c1f655c410af5cb4ee5adb5ed11e395a114aafe319d6d21c8b7	PARTLY_RECONSTRUCTED	54	49	39	5	4	43	5	0	1	0	1	0	0
L1600404-R002	biblical_book	Hos	12	4		4Q82	1606741	f19b+27_32	10	1600404				books/DSS-Hosea.txt	719775	1725	2043132-2043133	2	1	be2874ec90ffa24ed10bfd493772eaed7cd8268cf94fe8b95536133b1b6e57e3	linguistics/books/DSS-Hosea-Linguistics.txt	978030	1199	2446550e9337aed3a36d44941be7604d60d7cef3f184a869dd7f1f44521870f7	ALL_LETTER_SLOTS_RECONSTRUCTED	4	4	4	0	0	4	0	0	0	0	0	0	0
L1600405-R001	biblical_book	Hos	12	4		4Q82	1606741	f19b+27_32	11	1600405				books/DSS-Hosea.txt	721500	3084	2043134-2043143	10	0	4c88409d4deba5a7d8b596a1ca3bb458281a1434c35fdc59b991121b50a1ca04	linguistics/books/DSS-Hosea-Linguistics.txt	979229	4379	803d3dddaf36f7643cf98c1149ee31cc069fb32e81995358fa2219982f4bf7d4	PARTLY_RECONSTRUCTED	30	26	20	2	4	24	2	0	1	0	0	0	0
L1600405-R002	biblical_book	Hos	12	5		4Q82	1606741	f19b+27_32	11	1600405				books/DSS-Hosea.txt	724584	3141	2043144-2043153	10	1	ffb7754f62abb4962f5c8afb4a50e9b324952d4eaf9bcd0ee2ef99443088c9a9	linguistics/books/DSS-Hosea-Linguistics.txt	983608	4338	e561e6181c925b52f111bd405430848996f0565d5c088d5c3aad6b42ab59ca07	PARTLY_RECONSTRUCTED	26	25	21	1	3	22	1	0	0	0	0	0	0
L1600406-R001	biblical_book	Hos	12	5		4Q82	1606741	f19b+27_32	12	1600406				books/DSS-Hosea.txt	727725	3640	2043154-2043161	8	3	4108faa162051f515325b917ca5003156dd241e763ad5a8033a3a97126b81600	linguistics/books/DSS-Hosea-Linguistics.txt	987946	3544	ba646e92b0936f171238b2a2d7958a03ac66101f489ffa99b24c5327f39b8d16	ALL_LETTER_SLOTS_RECONSTRUCTED	26	22	22	0	0	26	0	0	1	0	0	0	0
L1600407-R001	biblical_book	Hos	12	6		4Q82	1606741	f19b+27_32	13	1600407				books/DSS-Hosea.txt	731365	2508	2043162-2043169	8	0	723a64750fa15d804f7f63426173c88efdd8bad8cdd219b9c959f07fcfad014e	linguistics/books/DSS-Hosea-Linguistics.txt	991490	3594	fa2d6c68efcef2aab89d5e4e1caae6bdb68463ac952a1e8b33f306640fe22d31	ALL_LETTER_SLOTS_RECONSTRUCTED	26	23	23	0	0	26	0	0	1	0	0	0	0
L1600407-R002	biblical_book	Hos	12	7		4Q82	1606741	f19b+27_32	13	1600407				books/DSS-Hosea.txt	733873	3462	2043170-2043180	11	1	bdba1f0059e22c40788bfe0946e73b9679bb2325185c7a2844fa1818a120f7e4	linguistics/books/DSS-Hosea-Linguistics.txt	995084	4892	23766b6518f32353bd062054ee6b1048c33574585cd864ee97a407c60a11c05e	PARTLY_RECONSTRUCTED	32	31	20	4	7	20	4	0	0	0	0	0	0
L1600408-R001	biblical_book	Hos	12	7		4Q82	1606741	f19b+27_32	14	1600408				books/DSS-Hosea.txt	737335	1908	2043181-2043184	4	0	16a9cd0360e749dc3087e6852a8851f39ee3a947dd73ca40c8fb7a707bab779a	linguistics/books/DSS-Hosea-Linguistics.txt	999976	2029	8e532b84d5c866ba807bb468f99ec96be4cc182cb5782b77ffc0e9a6ffb316cb	ALL_LETTER_SLOTS_RECONSTRUCTED	14	11	11	0	0	14	0	0	1	0	0	0	0
L1600408-R002	biblical_book	Hos	12	8		4Q82	1606741	f19b+27_32	14	1600408				books/DSS-Hosea.txt	739243	3070	2043185-2043194	10	0	50cc782e1a053ca94b3f5cfdcbe51b9d40d94d67fec6ebcd015bb39557f745c5	linguistics/books/DSS-Hosea-Linguistics.txt	1002005	4366	625869f00a4a71dac45a134e28c574e675ca5864eaae44e477539a5cda6aca3b	PARTLY_RECONSTRUCTED	27	19	11	1	6	17	3	1	3	0	1	0	0
L1600408-R003	biblical_book	Hos	12	9		4Q82	1606741	f19b+27_32	14	1600408				books/DSS-Hosea.txt	742313	1735	2043195-2043196	2	1	43181580e9074bf2f0c0a65e95b344c013253ea779e9abf412d983537b4369fc	linguistics/books/DSS-Hosea-Linguistics.txt	1006371	1174	ea5a4e31c9d9a04f4d6ebf930fa13b038fa19b54c6c0ec7409fc3b78083e4526	ALL_LETTER_SLOTS_RECONSTRUCTED	5	5	5	0	0	5	0	0	0	0	0	0	0
L1600409-R001	biblical_book	Hos	12	9		4Q82	1606741	f19b+27_32	15	1600409				books/DSS-Hosea.txt	744048	4234	2043197-2043211	15	0	27988da51f7ce5dd3b1baea6875dcdc4cc368c4ea1be038446719c8e36dd8ddd	linguistics/books/DSS-Hosea-Linguistics.txt	1007545	6523	9c9722c3ac43e2c269995128b577d72aa353011d54d8b90c8aa3bac70e79a561	PARTLY_RECONSTRUCTED	53	48	38	4	6	42	4	0	1	0	0	0	0
L1600409-R002	biblical_book	Hos	12	10		4Q82	1606741	f19b+27_32	15	1600409				books/DSS-Hosea.txt	748282	1902	2043212-2043214	3	1	df5fd75d8577992e70c98f5ef67a1d329bf6d921e6fe5cb62d5979909ebec653	linguistics/books/DSS-Hosea-Linguistics.txt	1014068	1622	5ea269d5480b92218bb02724b0c83f59d3499ea9d469a49f28eff8e75b27041c	ALL_LETTER_SLOTS_RECONSTRUCTED	9	9	9	0	0	9	0	0	0	0	0	0	0
L1600410-R001	biblical_book	Hos	12	10		4Q82	1606741	f19b+27_32	16	1600410				books/DSS-Hosea.txt	750184	3695	2043215-2043227	13	0	af815790630cd68d5baa895b99447c66ed8418620e96b799c405833f7c633f5c	linguistics/books/DSS-Hosea-Linguistics.txt	1015690	5785	278f6478900e3c445731540bd6fee23ba8ab20494bf12f2cb248c7d8795f1d1d	PARTLY_RECONSTRUCTED	45	40	32	4	4	36	4	0	1	0	0	0	0
L1600410-R002	biblical_book	Hos	12	11		4Q82	1606741	f19b+27_32	16	1600410				books/DSS-Hosea.txt	753879	1892	2043228-2043230	3	1	846a0695f06f42a5ccc3d368a41c6cfbe9361684d3bf1b08accd966d77b66daf	linguistics/books/DSS-Hosea-Linguistics.txt	1021475	1582	c41856d464c2df9c5b16dfaecc48237405a3c3300271318b3c2789dfbccc0202	ALL_LETTER_SLOTS_RECONSTRUCTED	8	8	8	0	0	8	0	0	0	0	0	0	0
L1600411-R001	biblical_book	Hos	12	11		4Q82	1606741	f19b+27_32	17	1600411				books/DSS-Hosea.txt	755771	3450	2043231-2043243	13	1	a6753c532a3e0c57e575e875b4d648c8f0789706017a8f224ae4564c637ca964	linguistics/books/DSS-Hosea-Linguistics.txt	1023057	5594	d5e7bc27832435cf22f160a92c26001a025a900ce33c4f361013622d67b9f22a	ALL_LETTER_SLOTS_RECONSTRUCTED	39	37	37	0	0	39	0	0	1	0	0	0	0
L1600412-R001	biblical_book	Hos	12	12		4Q82	1606741	f19b+27_32	18	1600412				books/DSS-Hosea.txt	759221	3671	2043244-2043255	12	1	dbfe5698dc5bdc59285021255f08b2c29a7e96fc82b9b8657eafcbe7aecb2c5a	linguistics/books/DSS-Hosea-Linguistics.txt	1028651	5495	bef0c94196195a9b24f5741ac42c7d038c30ccf9cb2cc575f781b15d1a578289	PARTLY_RECONSTRUCTED	41	40	35	3	2	36	3	0	0	0	0	0	0
L1600413-R001	biblical_book	Hos	12	12		4Q82	1606741	f19b+27_32	19	1600413				books/DSS-Hosea.txt	762892	2049	2043256-2043261	6	0	dcde9b755c11917093ce0a51618756da625ff8ffa8509a4f151b7338879ae9a4	linguistics/books/DSS-Hosea-Linguistics.txt	1034146	2772	d4fd8fb4665664f27eab1ff94ad35fd1e9c72252b825a71be8e33d57100ca2b8	ALL_LETTER_SLOTS_RECONSTRUCTED	16	14	14	0	0	16	0	0	1	0	0	0	0
L1600413-R002	biblical_book	Hos	12	13		4Q82	1606741	f19b+27_32	19	1600413				books/DSS-Hosea.txt	764941	2778	2043262-2043269	8	1	d29c80258cef74391ac32548750d71f8fc5652173c882f48658fb63a8a077dba	linguistics/books/DSS-Hosea-Linguistics.txt	1036918	3750	91c57f570c177a6d6e523cdaa27f3382903989ffd2861d2146f11574f78973a3	PARTLY_RECONSTRUCTED	27	27	21	2	4	21	2	0	0	0	0	0	0
L1600414-R001	biblical_book	Hos	12	13		4Q82	1606741	f19b+27_32	20	1600414				books/DSS-Hosea.txt	767719	2134	2043270-2043276	7	0	ef896c2a9f43ff9479fda61654954aef461b58e047b4edfa49628c7ed6570cda	linguistics/books/DSS-Hosea-Linguistics.txt	1040668	3112	b4c8e23a415e84664d9e2cee2cb8e538030e987a777390143cbf334a3a58b653	ALL_LETTER_SLOTS_RECONSTRUCTED	14	12	12	0	0	14	0	0	1	0	0	0	0
L1600414-R002	biblical_book	Hos	12	14		4Q82	1606741	f19b+27_32	20	1600414				books/DSS-Hosea.txt	769853	3014	2043277-2043285	9	1	d704298925879e2c2f763a3597b2abd8d8b598bf2ce7f5ff06085898a5f1bc43	linguistics/books/DSS-Hosea-Linguistics.txt	1043780	4136	9b7c28705cff6f68f1227b6d1018b376b244ef27a963a3558332b6e955df779a	PARTLY_RECONSTRUCTED	27	27	24	3	0	24	3	0	0	0	0	0	0
L1600415-R001	biblical_book	Hos	12	14		4Q82	1606741	f19b+27_32	21	1600415				books/DSS-Hosea.txt	772867	1874	2043286-2043290	5	0	60cc5c93ff23b76ea244ceabe1290ff587098a7d936a58dc324bdd85b59d911e	linguistics/books/DSS-Hosea-Linguistics.txt	1047916	2325	d159bcbfca360666e4393716cc9568c52c258e0d442d387d450b1b22dd11de0b	ALL_LETTER_SLOTS_RECONSTRUCTED	12	10	10	0	0	12	0	0	1	0	0	0	0
L1600415-R002	biblical_book	Hos	12	15		4Q82	1606741	f19b+27_32	21	1600415				books/DSS-Hosea.txt	774741	3422	2043291-2043299	9	1	4b9329df87e29dce30a1f11408b623837ccbcb39cd996dd7e16658a4c21b71f7	linguistics/books/DSS-Hosea-Linguistics.txt	1050241	4254	66acf7fc3d216675d4d5f5b7629a673e047120523008c8c7ddf47d630ffd1adb	PARTLY_RECONSTRUCTED	39	36	33	1	2	36	1	0	0	0	0	0	0
L1600416-R001	biblical_book	Hos	12	15		4Q82	1606741	f19b+27_32	22	1600416				books/DSS-Hosea.txt	778163	2043	2043300-2043303	4	0	27c559d9821ec8b472d8c1414e2d1a90bab5c954f837063947baa768a8ceac98	linguistics/books/DSS-Hosea-Linguistics.txt	1054495	1986	4a01db9ad4223043c8ff689c44b2b8258ab495bc49c26ffa8e65838ba55d75bb	ALL_LETTER_SLOTS_RECONSTRUCTED	16	12	12	0	0	16	0	0	1	0	0	0	0
L1600416-R002	biblical_book	Hos	13	1		4Q82	1606741	f19b+27_32	22	1600416				books/DSS-Hosea.txt	780206	3249	2043304-2043314	11	1	820fb67e84b7e779a9bbd7b7cf84ea9599a6dcfc1b4384019af09a922beb5001	linguistics/books/DSS-Hosea-Linguistics.txt	1056481	4861	aeba9fb6fcf457992fb84931fb0311a04797e4175e6864c584cec85d047d6c2d	PARTLY_RECONSTRUCTED	31	29	26	2	1	26	2	0	1	0	0	0	0
L1600417-R001	biblical_book	Hos	13	6		4Q82	1606741	f33	1	1600417				books/DSS-Hosea.txt	783455	2294	2043315-2043318	4	1	abd2d54d9c69a6e897e5333898cffeb8b64a89a8a12b396f2f336cd78dc35e07	linguistics/books/DSS-Hosea-Linguistics.txt	1061342	1845	84ff171cc269b02bc3f78b77d0996f4e16ad7dc2eac2bdd5e17231f51373f02e	NO_LETTER_RECONSTRUCTION_MARKED	10	3	0	2	1	4	3	2	3	0	0	0	0
L1600418-R001	biblical_book	Hos	13	7		4Q82	1606741	f33	2	1600418				books/DSS-Hosea.txt	785749	2937	2043319-2043329	11	0	b864f56ca613435b065dbe07ed9816e9b4a7fbeb8ab73e1ff3e842c62a9d57b7	linguistics/books/DSS-Hosea-Linguistics.txt	1063187	4753	f2591c3d4746dcfbe8f91fc89802e4cbc54cf16fac508a78087dcf2732cb1add	PARTLY_RECONSTRUCTED	29	26	25	1	0	26	1	0	1	0	0	0	0
L1600418-R002	biblical_book	Hos	13	8		4Q82	1606741	f33	2	1600418				books/DSS-Hosea.txt	788686	2679	2043330-2043335	6	1	5070b980d3fcbb6bfebdfb02942207f788bd159b7b46b1d51cb546554a61089e	linguistics/books/DSS-Hosea-Linguistics.txt	1067940	2747	e4fc0b439fe87b720bfe4f75bf9206b00faa939b5c7b380a4aa05d042e010b0c	PARTLY_RECONSTRUCTED	18	13	7	3	3	9	3	1	2	0	0	0	0
L1600419-R001	biblical_book	Hos	13	11		4Q82	1606741	f16b	1	1600419				books/DSS-Hosea.txt	791365	3256	2043336-2043346	11	0	16239a82b1eabd30bc6d16dafd8113293075e8ddefb538747d4a23434353a49e	linguistics/books/DSS-Hosea-Linguistics.txt	1070687	4688	217201147897dbb76c1ff71f1123d0cc3a739d48ae8ab187bd6beb015f9784b7	PARTLY_RECONSTRUCTED	29	22	19	1	2	26	1	1	2	0	0	0	0
L1600419-R002	biblical_book	Hos	13	12		4Q82	1606741	f16b	1	1600419				books/DSS-Hosea.txt	794621	1756	2043347-2043348	2	1	9b6b2c68a7b2c4631c2c7eb20f003ac1e6afb62a422b6a1c08e765eb67af7aea	linguistics/books/DSS-Hosea-Linguistics.txt	1075375	1214	9611d18daad307280bb2599384a2fe59a02cd41ad83d40f33b4fed7b755304da	ALL_LETTER_SLOTS_RECONSTRUCTED	8	8	8	0	0	8	0	0	0	0	0	0	0
L1600420-R001	biblical_book	Hos	13	12		4Q82	1606741	f16b	2	1600420				books/DSS-Hosea.txt	796377	1960	2043349-2043352	4	0	3cfeaeffe45780657d1e1351b4b1f9016d7fda583435ca9726eb2899f9a8e29e	linguistics/books/DSS-Hosea-Linguistics.txt	1076589	2090	8e38f2368a9256d7c041029d0b09bf609257d39923c33380e3ee559c0b68bea6	PARTLY_RECONSTRUCTED	18	15	13	1	1	13	1	0	1	0	0	0	0
L1600420-R002	biblical_book	Hos	13	13		4Q82	1606741	f16b	2	1600420				books/DSS-Hosea.txt	798337	2576	2043353-2043358	6	1	9fd54f216a9c78a9c93f91b9d9cf69113169d9a211e7bbd2514c87e1bfcbb31f	linguistics/books/DSS-Hosea-Linguistics.txt	1078679	2760	0b9cdff3d37ac0c10bca3573fc22210e1c732be8f2edacfa7a345424eb161bbb	PARTLY_RECONSTRUCTED	21	18	17	1	0	18	1	0	1	0	0	0	0
L1600421-R001	biblical_book	Hos	14	9		4Q82	1606741	f8a	1	1600421				books/DSS-Hosea.txt	800913	3908	2043359-2043372	14	0	c88325e23655d9406b0f076c3c4fd711442b8e04676fd64a18362b110d240848	linguistics/books/DSS-Hosea-Linguistics.txt	1081439	6118	e0c0e2caa850baf523dad2e2a952dd7df0b00d55755db8df0f1cd0d14a75be96	PARTLY_RECONSTRUCTED	50	45	42	2	1	47	2	0	1	0	0	0	0
L1600421-R002	biblical_book	Hos	14	10		4Q82	1606741	f8a	1	1600421				books/DSS-Hosea.txt	804821	1560	2043373	1	1	212a83a002e3a62266be6dfa2dfa1477fefc4c8ab482aa4f267d4514d9e78538	linguistics/books/DSS-Hosea-Linguistics.txt	1087557	772	2dff88e671d03a32f09888fb6ae0068e71ae46378c61008adff92cff7431bccf	ALL_LETTER_SLOTS_RECONSTRUCTED	2	2	2	0	0	2	0	0	0	0	0	0	0
L1600422-R001	biblical_book	Hos	14	10		4Q82	1606741	f8a	2	1600422				books/DSS-Hosea.txt	806381	3865	2043374-2043387	14	1	da7afab931a94e44b24b00c633f859de4ba386c96cd8ef35bc44acd96c3e849a	linguistics/books/DSS-Hosea-Linguistics.txt	1088329	6114	5dcfbb7e53edc049d404dd088527649b532117b1d2c079334da3f0c32cdb3109	PARTLY_RECONSTRUCTED	45	44	37	4	3	37	4	0	0	0	0	0	0
L1600423-R001	biblical_book	Hos	14	10		4Q82	1606741	f8a	3	1600423				books/DSS-Hosea.txt	810246	2678	2043388-2043394	7	0	13791fce700f086efa338e732b942818997cb62e65e511353927acb49f537626	linguistics/books/DSS-Hosea-Linguistics.txt	1094443	3099	d970fb75d47803b3a98fbd737e486039839768038d6a020e211d01955451c33e	PARTLY_RECONSTRUCTED	22	16	13	3	0	19	3	1	2	0	0	0	0
