record_id	kind	book	chapter	verse	halfverse	scroll	scroll_node	fragment	line	line_node	intl	language	script	file	byte_offset	byte_length	word_nodes	word_count	standalone_sign_count	sha256	linguistics_file	linguistics_byte_offset	linguistics_byte_length	linguistics_sha256	letter_reconstruction	sign_slots	letter_slots	reconstructed_letter_slots	uncertain_letter_slots	unmarked_letter_slots	reconstructed_sign_slots	uncertain_sign_slots	missing_sign_slots	empty_sign_slots	vacat_sign_slots	corrected_sign_slots	removed_sign_slots	alternative_sign_slots
L1592615-R001	biblical_book	Jer	42	7		2Q13	1606634	f1_2	1	1592615				books/DSS-Jeremiah.txt	734	3610	1932040-1932053	14	1	0374180757bcf8b81c104967b90bdce1ecc53348ea4bad15afdb2420717c3dd3	linguistics/books/DSS-Jeremiah-Linguistics.txt	2143	6000	d456184bbf19a04b6fd4749b17dfe5e99c778951e4a924f1d0a4d9b203f1debd	PARTLY_RECONSTRUCTED	38	34	28	2	4	32	2	1	2	0	0	0	0
L1592616-R001	biblical_book	Jer	42	8		2Q13	1606634	f1_2	2	1592616				books/DSS-Jeremiah.txt	4344	4749	1932054-1932072	19	2	a3b6d9181ce9be741fa47972246616b3b05f8f66c88e43cc9465ddcf2b01aeb3	linguistics/books/DSS-Jeremiah-Linguistics.txt	8143	7893	5e48bca72c4b5cc16ff54d47353cefed8abc00e6bfd0f6658be71d74740cf28f	PARTLY_RECONSTRUCTED	47	46	34	0	12	35	0	0	0	0	0	0	0
L1592617-R001	biblical_book	Jer	42	8		2Q13	1606634	f1_2	3	1592617				books/DSS-Jeremiah.txt	9093	2117	1932073-1932079	7	0	d23f8e44cdb880ce80fd7d882dd05f5d53098bea44483d0aec2f42056f465a39	linguistics/books/DSS-Jeremiah-Linguistics.txt	16036	3094	5f1b987530a2439600215fa30d303bd413c1c3d87f7127141181197ec6812f9b	ALL_LETTER_SLOTS_RECONSTRUCTED	15	13	13	0	0	15	0	0	1	0	0	0	0
L1592617-R002	biblical_book	Jer	42	9		2Q13	1606634	f1_2	3	1592617				books/DSS-Jeremiah.txt	11210	3232	1932080-1932089	10	1	7c06ea24f906936b27d981651843ef3c2227d7f667880e9a0f3cc5f944eb51e0	linguistics/books/DSS-Jeremiah-Linguistics.txt	19130	4674	b3fbbe07f3a275c3fdeeef68edfc4063c984d30c1d06c59092332b5247adb00d	PARTLY_RECONSTRUCTED	43	42	32	0	10	32	0	0	0	0	0	0	0
L1592618-R001	biblical_book	Jer	42	9		2Q13	1606634	f1_2	4	1592618				books/DSS-Jeremiah.txt	14442	3015	1932090-1932097	8	0	c111a24e6d435ad7e66f468cf653b775d99209dc3a1ba067a4123c2e3ea2d252	linguistics/books/DSS-Jeremiah-Linguistics.txt	23804	3677	01002430443dc4c80abf9c9b9f56b8b6e05422d7ef53fe0386de0977a6aeb151	PARTLY_RECONSTRUCTED	33	27	18	1	8	20	1	0	1	0	0	0	0
L1592618-R002	biblical_book	Jer	42	10		2Q13	1606634	f1_2	4	1592618				books/DSS-Jeremiah.txt	17457	3037	1932098-1932107	10	1	96191bc20dde77c091fcc6a3b64c4e1258a00c8f2e0b03a083591879faa13ded	linguistics/books/DSS-Jeremiah-Linguistics.txt	27481	4360	be04109e2d729b04257fb5e4bc966d264411728356da96b6e89d44e69e8cc675	PARTLY_RECONSTRUCTED	29	28	26	0	2	27	0	0	0	0	0	0	0
L1592619-R001	biblical_book	Jer	42	10		2Q13	1606634	f1_2	5	1592619				books/DSS-Jeremiah.txt	20494	4235	1932108-1932125	18	0	389f086344b8e0bd6c5f1d9c1f8b89d7f722b58c87245f0a88227bd5ddc1c030	linguistics/books/DSS-Jeremiah-Linguistics.txt	31841	7546	725cf87354ec2343048090f9e5fe20cc80ebd3376d1ee6f70eb2d2d6d2e4300c	PARTLY_RECONSTRUCTED	56	52	43	1	8	46	1	0	1	0	0	0	0
L1592619-R002	biblical_book	Jer	42	11		2Q13	1606634	f1_2	5	1592619				books/DSS-Jeremiah.txt	24729	1560	1932126	1	1	a851dab14b553e1453e36fbda080985d123a96c23bd27039f9a6812908a4812b	linguistics/books/DSS-Jeremiah-Linguistics.txt	39387	771	9117a5fc2a46b1b4855cbaeac74c9c5e35d78b36674a8f92b38584cb8b33e852	ALL_LETTER_SLOTS_RECONSTRUCTED	2	2	2	0	0	2	0	0	0	0	0	0	0
L1592620-R001	biblical_book	Jer	42	11		2Q13	1606634	f1_2	6	1592620				books/DSS-Jeremiah.txt	26289	4649	1932127-1932143	17	1	73df65f8b2865b3c46a20d37ee690f61854b5c272a79fb2112f74a6628939160	linguistics/books/DSS-Jeremiah-Linguistics.txt	40158	7466	06b8a95ea0ec0e3a0e93cbc7a65d3f9e342cfe43e916b39eea33007269a3ee28	PARTLY_RECONSTRUCTED	61	58	54	1	3	57	1	0	0	0	0	0	0
L1592621-R001	biblical_book	Jer	42	11		2Q13	1606634	f1_2	7	1592621				books/DSS-Jeremiah.txt	30938	3144	1932144-1932154	11	0	47b032d0fb3687d15610d4c265ab28f00743759184b079fbcfefeaf89813606c	linguistics/books/DSS-Jeremiah-Linguistics.txt	47624	4708	31166ea72469e8c63c61d3b5ce305259795c0f8ca4bf72be1432275ea765268c	ALL_LETTER_SLOTS_RECONSTRUCTED	32	27	27	0	0	32	0	0	1	0	0	0	0
L1592621-R002	biblical_book	Jer	42	12		2Q13	1606634	f1_2	7	1592621				books/DSS-Jeremiah.txt	34082	3467	1932155-1932165	11	1	70b16c995c5ce8ff374483c3eeabdaad607add28a95b8dc0d1ba4c038d3857c5	linguistics/books/DSS-Jeremiah-Linguistics.txt	52332	4782	2e598e4226ec16dd9fa3c6a7580ef1c33a856d3b697bab9c02c82b4ee1ee16a2	ALL_LETTER_SLOTS_RECONSTRUCTED	34	31	31	0	0	34	0	0	0	0	0	0	0
L1592622-R001	biblical_book	Jer	42	12		2Q13	1606634	f1_2	8	1592622				books/DSS-Jeremiah.txt	37549	1605	1932166-1932167	2	0	76788689add6cf3b961ca879ae948b1237ca93b1dfd7b936f20b6f0092e6ddd0	linguistics/books/DSS-Jeremiah-Linguistics.txt	57114	1218	b31cf34a2597a96140bcd280cf3b8eb7202d523b2c13e61d4539823af7fcbf79	ALL_LETTER_SLOTS_RECONSTRUCTED	10	7	7	0	0	10	0	0	1	0	0	0	0
L1592622-R002	biblical_book	Jer	42	13		2Q13	1606634	f1_2	8	1592622				books/DSS-Jeremiah.txt	39154	4302	1932168-1932185	18	1	44aacfd32971165a563315ee85801fca23124004e9230dec76a71fbdc018088d	linguistics/books/DSS-Jeremiah-Linguistics.txt	58332	7645	367130ba93c906053c10f499b1558922b58892bf9a4c8caa79294a56f714bfc9	ALL_LETTER_SLOTS_RECONSTRUCTED	56	53	53	0	0	54	0	0	1	0	0	0	0
L1592623-R001	biblical_book	Jer	42	14		2Q13	1606634	f1_2	9	1592623				books/DSS-Jeremiah.txt	43456	3759	1932186-1932199	14	1	1b3b7733b1c723d8e708c59730acfd34a555006360a2918af36b603601b80783	linguistics/books/DSS-Jeremiah-Linguistics.txt	65977	6209	47d081bda03bccd2ef053e80530e6f729cfcbeb42ffdcdf48eb2bd888ef29dcc	PARTLY_RECONSTRUCTED	46	46	42	1	3	42	1	0	0	0	0	0	0
L1592624-R001	biblical_book	Jer	42	14		2Q13	1606634	f1_2	10	1592624				books/DSS-Jeremiah.txt	47215	3295	1932200-1932211	12	1	3faf4a5f483c7d87e82af3c889a80a17519ae411b9bfe167bdf9adff8325e47a	linguistics/books/DSS-Jeremiah-Linguistics.txt	72186	5040	c4568c9d01daeaad95378bc16c4a2e187cd95c9729beb25b70ebe2670ed86306	PARTLY_RECONSTRUCTED	29	25	22	0	3	24	0	1	2	0	0	0	0
L1592625-R001	biblical_book	Jer	43	8		2Q13	1606634	f3_4	1	1592625				books/DSS-Jeremiah.txt	50510	2849	1932212-1932222	11	0	b53877f61ac8b95e4e428dc2f4726c761e18e18b61dbda6622432915e78d6cc9	linguistics/books/DSS-Jeremiah-Linguistics.txt	77226	4926	cac5e90ac38ded80020ec5222a8b53d30249920e89e294cce4e11e6255a95bb4	PARTLY_RECONSTRUCTED	33	31	30	1	0	32	1	0	1	0	0	0	0
L1592625-R002	biblical_book	Jer	43	9		2Q13	1606634	f3_4	1	1592625				books/DSS-Jeremiah.txt	53359	2828	1932223-1932229	7	1	834763532e108c45dbf7ceac969d0ff7ce42d83c5e0228cbec0523911394e682	linguistics/books/DSS-Jeremiah-Linguistics.txt	82152	3268	e4d5b4b90ada97f7d9ade970d8213b51832c32929a3448453b893fb7ac3a303b	PARTLY_RECONSTRUCTED	27	25	22	1	2	23	1	0	0	0	0	0	0
L1592626-R001	biblical_book	Jer	43	9		2Q13	1606634	f3_4	2	1592626				books/DSS-Jeremiah.txt	56187	3111	1932230-1932241	12	0	a407f6852f2d3d1d8684e8213c16dfa2153b24ba2084dc1d372a7b7e68edbd8f	linguistics/books/DSS-Jeremiah-Linguistics.txt	85420	5401	46a42a8799c581a50fe2b6cf8dc228f9e69d30bfe0542866c1fc8cf6e97d2534	PARTLY_RECONSTRUCTED	40	36	24	0	11	26	0	1	2	0	1	0	0
L1592626-R002	biblical_book	Jer	43	10		2Q13	1606634	f3_4	2	1592626				books/DSS-Jeremiah.txt	59298	2050	1932242-1932244	3	1	07423000c33a959341d494ca7a2d2800e6e6a4ec8fe2af79a7a2dab60030e594	linguistics/books/DSS-Jeremiah-Linguistics.txt	90821	1607	38ad0780601b32f4dca94b12f584437cea73d80dee277c8334ea77a29658546e	ALL_LETTER_SLOTS_RECONSTRUCTED	13	12	12	0	0	13	0	0	0	0	0	0	0
L1592627-R001	biblical_book	Jer	43	10		2Q13	1606634	f3_4	3	1592627				books/DSS-Jeremiah.txt	61348	3873	1932245-1932256	12	1	13d2446245dda9324f11a26c47667d08c9259eab007962f0e5ad4dee9a8be4e3	linguistics/books/DSS-Jeremiah-Linguistics.txt	92428	5655	392746f024b1b8a1106b00972c4678f995c31ae693c2a3ba616a24b2d524b92c	PARTLY_RECONSTRUCTED	51	50	37	1	12	38	1	0	0	0	0	0	0
L1592628-R001	biblical_book	Jer	43	10		2Q13	1606634	f3_4	4	1592628				books/DSS-Jeremiah.txt	65221	4553	1932257-1932274	18	1	bb9b2872a1060aae483aa69536e8839138dc12388bda923cde02a749036cd40d	linguistics/books/DSS-Jeremiah-Linguistics.txt	98083	7804	05f3ad285c91baca649de5bdcf73452255fce872b25ae2238ca19007a50025f4	PARTLY_RECONSTRUCTED	56	53	40	0	13	43	0	0	0	0	0	0	0
L1592629-R001	biblical_book	Jer	43	10		2Q13	1606634	f3_4	5	1592629				books/DSS-Jeremiah.txt	69774	1593	1932275-1932276	2	0	e235f6f5082affe2a848113ea5c5f244ddceabefa75ee33a75bc259f4b198025	linguistics/books/DSS-Jeremiah-Linguistics.txt	105887	1163	4d750e8f67c5bbc1c47485684f957c69245f5f15bc120d364244099e7e9072d9	ALL_LETTER_SLOTS_RECONSTRUCTED	9	6	6	0	0	9	0	0	1	0	0	0	0
L1592629-R002	biblical_book	Jer	43	11		2Q13	1606634	f3_4	5	1592629				books/DSS-Jeremiah.txt	71367	3999	1932277-1932294	18	1	038da4ece8b40128dddfcb2a2ec44d389b4b019f351616a02815cfed2cca2eed	linguistics/books/DSS-Jeremiah-Linguistics.txt	107050	7568	3661d368a8c058e96a9e0e83b55ca3a64dabb76689b6ce89471c1073fa81c30b	PARTLY_RECONSTRUCTED	41	41	31	0	10	31	0	0	0	0	0	0	0
L1592630-R001	biblical_book	Jer	43	11		2Q13	1606634	f3_4	6	1592630				books/DSS-Jeremiah.txt	75366	2599	1932295-1932302	8	1	fc67887849222efc9c3fc62a1f71e942d06d992599d30ff2dcf02bec7f590b49	linguistics/books/DSS-Jeremiah-Linguistics.txt	114618	3446	e00283bcaaaac1e5dcb77cf6c79f4a44f6c2ed2e87da80fb7f568953a86ddcaa	ALL_LETTER_SLOTS_RECONSTRUCTED	16	12	12	0	0	14	0	1	2	0	0	0	0
L1592631-R001	biblical_book	Jer	44	1		2Q13	1606634	f5	1	1592631				books/DSS-Jeremiah.txt	77965	3766	1932303-1932317	15	1	75f88eefe9e6e33495ab8a8a3e212a6f81c25f77c6a0b4b05d4374a0a0d0e3ea	linguistics/books/DSS-Jeremiah-Linguistics.txt	118064	6473	959b806ee2078fbc1b79728e26945febbf04b66be990f3573ebe06c76e63951a	PARTLY_RECONSTRUCTED	44	42	41	1	0	43	1	1	1	0	0	0	0
L1592632-R001	biblical_book	Jer	44	1		2Q13	1606634	f5	2	1592632				books/DSS-Jeremiah.txt	81731	3887	1932318-1932335	18	0	42591a8cd89a1551c0504e2bf0869c98f00b35f2cf60c69994760b015aa69d88	linguistics/books/DSS-Jeremiah-Linguistics.txt	124537	7693	18e67aa06a98ac4f802461a59eae05c8584153b7f41576f8c2237c7190b51e6c	PARTLY_RECONSTRUCTED	48	46	38	2	6	40	2	0	1	0	0	0	0
L1592632-R002	biblical_book	Jer	44	2		2Q13	1606634	f5	2	1592632				books/DSS-Jeremiah.txt	85618	1890	1932336-1932338	3	1	bd7452b06565c94df23ae7123beb9ae6136bc4476d9f46d42972d8fac6db6851	linguistics/books/DSS-Jeremiah-Linguistics.txt	132230	1594	d75931c0b2c2f6d48a72f3a24ec129203e2bdb8fb772468c3995e3931e31ab02	ALL_LETTER_SLOTS_RECONSTRUCTED	10	10	10	0	0	10	0	0	0	0	0	0	0
L1592633-R001	biblical_book	Jer	44	2		2Q13	1606634	f5	3	1592633				books/DSS-Jeremiah.txt	87508	3415	1932339-1932350	12	1	a0755ef4309f55c25dcf30a2d524a75ede03582f2b83eae985e52ed5fde665f6	linguistics/books/DSS-Jeremiah-Linguistics.txt	133824	5425	bb2fec1330c7c7a70ce61cf16ceba5cb5df5801dc4c857160d5cbc70f943bce2	PARTLY_RECONSTRUCTED	44	44	35	1	8	35	1	0	0	0	0	0	0
L1592634-R001	biblical_book	Jer	44	2		2Q13	1606634	f5	4	1592634				books/DSS-Jeremiah.txt	90923	3283	1932351-1932364	14	0	4993d25e43f027d42fe8d7bd88e7175af992728a6aafdc1f250255041b91e28f	linguistics/books/DSS-Jeremiah-Linguistics.txt	139249	6076	b6ca0ee2de42a7de59938d00cf1cc9ea624750c2f091593e3763507ec072682c	PARTLY_RECONSTRUCTED	39	36	30	0	6	31	0	0	1	0	0	0	0
L1592634-R002	biblical_book	Jer	44	3		2Q13	1606634	f5	4	1592634				books/DSS-Jeremiah.txt	94206	2033	1932365-1932367	3	1	f4412192d58cf5c624bc05f2289f2d7b9b1aa1adbd3b63fd3e912bb11851052d	linguistics/books/DSS-Jeremiah-Linguistics.txt	145325	1627	882f61b5ed9ec58b544b9f7e3fd1a5949a02ce845e13b1c468f43ebc96be6829	PARTLY_RECONSTRUCTED	9	8	6	1	1	7	1	0	0	0	0	0	0
L1592635-R001	biblical_book	Jer	44	3		2Q13	1606634	f5	5	1592635				books/DSS-Jeremiah.txt	96239	4210	1932368-1932383	16	1	f92eb79095e51c01fa781a24f660cb4a83a821e92011507aa3d03ddc48fb24b9	linguistics/books/DSS-Jeremiah-Linguistics.txt	146952	6864	f6e09cc2753908c644790699edb77dbaaad68275e4525f56869a0d675c1da608	PARTLY_RECONSTRUCTED	52	50	43	1	6	45	1	0	0	0	0	0	0
L1592636-R001	biblical_book	Jer	44	3		2Q13	1606634	f5	6	1592636				books/DSS-Jeremiah.txt	100449	2539	1932384-1932389	6	1	f8f5d82e2df6c6c8423a3f82d66c5a3d0c2b1d4b1cf79958a337853590a0d968	linguistics/books/DSS-Jeremiah-Linguistics.txt	153816	2713	cb989c37b6ae16a6b2ec403e2358106a402f5d0a0a9dec20f06936d82dbf43d3	ALL_LETTER_SLOTS_RECONSTRUCTED	21	16	16	0	0	19	0	1	2	0	0	0	0
L1592637-R001	biblical_book	Jer	44	12		2Q13	1606634	f6	1	1592637				books/DSS-Jeremiah.txt	102988	3606	1932390-1932404	15	1	b1092a0dd4173b41acff886d8b03562c659931fe5d35075ca70fba795e049f25	linguistics/books/DSS-Jeremiah-Linguistics.txt	156529	6340	9687ac4c9804f8dac691bca7942db0eb9e9a3074b5008ebae791c8acde924f09	PARTLY_RECONSTRUCTED	33	33	31	2	0	31	2	0	0	0	0	0	0
L1592638-R001	biblical_book	Jer	44	12		2Q13	1606634	f6	2	1592638				books/DSS-Jeremiah.txt	106594	2096	1932405-1932411	7	0	a03c8663ccbcc6953b783a55f1c007279bb3db6a5cb299f8281b71456c7d6837	linguistics/books/DSS-Jeremiah-Linguistics.txt	162869	3101	2d7c80e0d0d2747702aa23693e29dab357f9e9be572ce21ce5d1dc9f0b2b4529	ALL_LETTER_SLOTS_RECONSTRUCTED	14	12	12	0	0	14	0	0	1	0	0	0	0
L1592638-R002	biblical_book	Jer	44	13		2Q13	1606634	f6	2	1592638				books/DSS-Jeremiah.txt	108690	3120	1932412-1932422	11	1	6c6e8140fabba4c99e7a41cf02b9b43fff7ea45fa6a133bc3c9863ad69bafb96	linguistics/books/DSS-Jeremiah-Linguistics.txt	165970	4854	a3ae791d697df41fbeb7e20118b0b9ed05a5600f183016df730f7946d969a9fc	PARTLY_RECONSTRUCTED	33	33	30	0	3	30	0	0	0	0	0	0	0
L1592639-R001	biblical_book	Jer	44	13		2Q13	1606634	f6	3	1592639				books/DSS-Jeremiah.txt	111810	2750	1932423-1932433	11	0	ad6097420a06dfa46afa49f5727b2d33e92c3e294a3ed36d518e0f1471d085cc	linguistics/books/DSS-Jeremiah-Linguistics.txt	170824	4781	c48bda52f82b46f939da87227cf1a7c36bd7ba73e97e0ad9e7d074162c1fdd8d	PARTLY_RECONSTRUCTED	24	22	18	0	4	20	0	0	1	0	0	0	0
L1592639-R002	biblical_book	Jer	44	14		2Q13	1606634	f6	3	1592639				books/DSS-Jeremiah.txt	114560	2026	1932434-1932437	4	1	28523d086e0a92b7c05cafe928536fa0d8b2806a0cddb8b2e2546712368a4091	linguistics/books/DSS-Jeremiah-Linguistics.txt	175605	1995	00f13711faccdf9b0bf9867d271e6e43fcac99a8a00b06d77500ed411bfcb809	ALL_LETTER_SLOTS_RECONSTRUCTED	12	12	12	0	0	12	0	0	0	0	0	0	0
L1592640-R001	biblical_book	Jer	44	14		2Q13	1606634	f6	4	1592640				books/DSS-Jeremiah.txt	116586	3682	1932438-1932451	14	1	4eac9a33f73c47c425d8dffa2e3e930f5f85c7c415082c1100bd591d0cf18625	linguistics/books/DSS-Jeremiah-Linguistics.txt	177600	6087	25d50831d23a3788a1ccfeb78906efea0af40eeb51102d676e6cd1336f24d8ec	PARTLY_RECONSTRUCTED	38	36	33	2	1	33	2	0	1	0	0	0	0
L1592641-R001	biblical_book	Jer	46	27		2Q13	1606634	f7_8	1	1592641				books/DSS-Jeremiah.txt	120268	4205	1932452-1932465	14	1	9d9eeb6a1c6377ffc8f214af801b05bd5b85e8d6ebf31f7286c18962908a459b	linguistics/books/DSS-Jeremiah-Linguistics.txt	183687	6070	e0f17a2880e361eacde855d62cfdc65f7fe60abf28cd7cac0d720c00d9fa8d12	PARTLY_RECONSTRUCTED	44	38	25	2	11	29	2	1	1	0	0	0	0
L1592642-R001	biblical_book	Jer	46	27		2Q13	1606634	f7_8	2	1592642				books/DSS-Jeremiah.txt	124473	2473	1932466-1932474	9	0	4956e0040018b2c3e7375b26f1b0095588ac371e83400c4f8816a096f4666790	linguistics/books/DSS-Jeremiah-Linguistics.txt	189757	3950	33fe7b529fac6631029efab1743fad1bc7cc4e870e3f054c6c91dc3c72bcea0f	PARTLY_RECONSTRUCTED	25	23	12	0	11	12	0	0	1	0	0	0	0
L1592642-R002	biblical_book	Jer	46	28		2Q13	1606634	f7_8	2	1592642				books/DSS-Jeremiah.txt	126946	3185	1932475-1932483	9	1	10aa564b27b89f423c804cf4aaf825ee3c0e8856822074365cc8a73255a8f800	linguistics/books/DSS-Jeremiah-Linguistics.txt	193707	4161	68c2b88026ba7d261fc814035e97f26d36b0917fe88c0b7650571d0567e02995	PARTLY_RECONSTRUCTED	35	33	32	1	0	34	1	0	0	0	0	0	0
L1592643-R001	biblical_book	Jer	46	28		2Q13	1606634	f7_8	3	1592643				books/DSS-Jeremiah.txt	130131	4434	1932484-1932499	16	1	a0c6d3a3fa31b38a4d002a7d0b7091c801786fb764f174c10212ed6b46b589c1	linguistics/books/DSS-Jeremiah-Linguistics.txt	197868	6965	521ef862fd95934052efd856dc33db3dab4108c2b9fc002c9bec755f9c4bef82	PARTLY_RECONSTRUCTED	54	51	47	0	4	50	0	0	0	0	0	0	0
L1592644-R001	biblical_book	Jer	46	28		2Q13	1606634	f7_8	4	1592644				books/DSS-Jeremiah.txt	134565	3471	1932500-1932508	9	2	c1c54e2c976d535874783194a6b83df0e666cb321a7f272fce0beeaa12460eee	linguistics/books/DSS-Jeremiah-Linguistics.txt	204833	3990	df9bd8289b2feddef38120b554840d162311bd529257ed884370deac972e37f7	PARTLY_RECONSTRUCTED	29	25	19	0	6	22	0	0	1	0	0	0	0
L1592645-R001	biblical_book	Jer	47	1		2Q13	1606634	f7_8	5	1592645				books/DSS-Jeremiah.txt	138036	3642	1932509-1932522	14	1	7a53c23d46aa347ba0a8a52958e0bfcbec130baf94f8f772ddbba74efd5563b0	linguistics/books/DSS-Jeremiah-Linguistics.txt	208823	6290	fc24e9e0c0c1c28bdd992b6080d0f81023dab76a27b302f05e824bd4569bb5b7	PARTLY_RECONSTRUCTED	47	47	43	0	4	43	0	0	0	0	0	0	0
L1592646-R001	biblical_book	Jer	47	1		2Q13	1606634	f7_8	6	1592646				books/DSS-Jeremiah.txt	141678	1607	1932523-1932525	3	0	fd0fbb156fe3235e183265bdbdee5b9d219c0291dd9515b13eba5f1fc8d1084c	linguistics/books/DSS-Jeremiah-Linguistics.txt	215113	1558	c14e4795cd72f8485fc979f8e1eded5fb899ca0e40967a66214bc50914c299a1	PARTLY_RECONSTRUCTED	7	5	4	1	0	4	1	0	1	0	0	0	0
L1592646-R002	biblical_book	Jer	47	2		2Q13	1606634	f7_8	6	1592646				books/DSS-Jeremiah.txt	143285	3707	1932526-1932540	15	1	e319348a3ee14171e04218fa147ae68f17afa6c141c33f29ec71d9f9c9ca4daa	linguistics/books/DSS-Jeremiah-Linguistics.txt	216671	6425	488ae661bc68fcaf253d7764c8fc9d7ae1b2995d6354de0a11f8fda6ced05246	PARTLY_RECONSTRUCTED	44	44	39	0	5	39	0	0	0	0	0	0	0
L1592647-R001	biblical_book	Jer	47	2		2Q13	1606634	f7_8	7	1592647				books/DSS-Jeremiah.txt	146992	4509	1932541-1932558	18	1	d006bd1ec849ad62679a6363bb2cb1ca53ad1fd3c54b141bdaa79d41e446ec15	linguistics/books/DSS-Jeremiah-Linguistics.txt	223096	7499	092d65759a1b3a6c62fad56b678ab8b5b65d1c4344fc4b6f16f58fbbd27475b1	PARTLY_RECONSTRUCTED	50	46	42	2	2	44	2	0	1	0	0	0	0
L1592648-R001	biblical_book	Jer	47	3		2Q13	1606634	f7_8	8	1592648				books/DSS-Jeremiah.txt	151501	4088	1932559-1932572	14	1	442a7912ffea05072b3bfcb383976192849a3ceda7384aba8e8e79c7bdab44aa	linguistics/books/DSS-Jeremiah-Linguistics.txt	230595	6283	6a6d887a34cf1e1542c7113b814c8b5e7eba5a8e0940d3b82fddf3b81d59bd3a	PARTLY_RECONSTRUCTED	52	49	32	0	17	34	0	0	0	0	0	0	0
L1592649-R001	biblical_book	Jer	47	3		2Q13	1606634	f7_8	9	1592649				books/DSS-Jeremiah.txt	155589	2034	1932573-1932578	6	0	0aad7c723df24d05b2a91279a3e8c0cb145af17ca21c014de9e8915e26a7b4bd	linguistics/books/DSS-Jeremiah-Linguistics.txt	236878	2781	30934aa5beaa4306b92f0da608b379966d382c7033fb911267798db636fdf358	PARTLY_RECONSTRUCTED	18	16	3	0	13	3	0	0	1	0	0	0	0
L1592649-R002	biblical_book	Jer	47	4		2Q13	1606634	f7_8	9	1592649				books/DSS-Jeremiah.txt	157623	2671	1932579-1932587	9	1	9249b09e4ecf5d79b9d13ef7648b124f2fd67da638adcf450cce365fbf7008a4	linguistics/books/DSS-Jeremiah-Linguistics.txt	239659	3870	a9952fd9ae6fa1be673c88c32d42050a96bc1b9a7e09994417c1d036718d84bf	PARTLY_RECONSTRUCTED	19	19	13	0	6	13	0	0	0	0	0	0	0
L1592650-R001	biblical_book	Jer	47	4		2Q13	1606634	f7_8	10	1592650				books/DSS-Jeremiah.txt	160294	3979	1932588-1932603	16	1	1dbc1714ee6449d3ed4e0621f9b97fdb9d8894fd94e4e9a407687b1526dbb5db	linguistics/books/DSS-Jeremiah-Linguistics.txt	243529	7037	f0ad7a87ad28b5e2501125ae2ceed403030ccd4d6794fbe5cb2df41a9d946e50	PARTLY_RECONSTRUCTED	55	55	34	0	21	34	0	0	0	0	0	0	0
L1592651-R001	biblical_book	Jer	47	4		2Q13	1606634	f7_8	11	1592651				books/DSS-Jeremiah.txt	164273	1735	1932604-1932607	4	0	956c8bf795b53e83f1b94c7bb68f1dff1eb7d26260df8e06cc8db4acb03d07f4	linguistics/books/DSS-Jeremiah-Linguistics.txt	250566	2081	4cbd8b14f5ba12fbbae9d7cd190d878afe827a18cb7310fe71da0c3df4fa9231	NO_LETTER_RECONSTRUCTION_MARKED	15	13	0	0	13	0	0	0	1	0	0	0	0
L1592651-R002	biblical_book	Jer	47	5		2Q13	1606634	f7_8	11	1592651				books/DSS-Jeremiah.txt	166008	2910	1932608-1932615	8	1	31673cd0432317da34d21e7dd6471ca8dac130d48311eacc1b52d602ef6421fd	linguistics/books/DSS-Jeremiah-Linguistics.txt	252647	3870	9d09c00db6d6c1c895b432c3128b44a8bc1e0966810cc7dd3127bf6eff56addb	PARTLY_RECONSTRUCTED	34	33	32	0	1	33	0	0	0	0	0	0	0
L1592652-R001	biblical_book	Jer	47	5		2Q13	1606634	f7_8	12	1592652				books/DSS-Jeremiah.txt	168918	1725	1932616-1932619	4	0	ad201e6db567d7ad69dde45f2a38d905517ce1ee3622ddfa6f42229c20fc276c	linguistics/books/DSS-Jeremiah-Linguistics.txt	256517	1963	66f178079842ba9ce245ca8704c420a4d0d2dc1512041ddfe03ee9af061f7261	NO_LETTER_RECONSTRUCTION_MARKED	14	12	0	0	12	0	0	0	1	0	0	0	0
L1592652-R002	biblical_book	Jer	47	6		2Q13	1606634	f7_8	12	1592652				books/DSS-Jeremiah.txt	170643	3423	1932620-1932630	11	1	a56ce51c486d3a75091110df1f023f3ec32c2861410c8131c1cb994ba03b0ec7	linguistics/books/DSS-Jeremiah-Linguistics.txt	258480	4830	ae3d81c0ae74b29fa1202c249c27b04a69654b6efb9d3e3e7cf3593fd2891f13	PARTLY_RECONSTRUCTED	38	36	32	0	4	34	0	0	0	0	0	0	0
L1592653-R001	biblical_book	Jer	47	6		2Q13	1606634	f7_8	13	1592653				books/DSS-Jeremiah.txt	174066	1696	1932631-1932634	4	0	a48c697ac54343c16de438b0d8e13b53f793593f3eaf463e20218beaf262f0ad	linguistics/books/DSS-Jeremiah-Linguistics.txt	263310	1920	9914cb0e9e06af9469d28b98dd8f9ab8d1f74157b0434a1322f905b7b398ce32	NO_LETTER_RECONSTRUCTION_MARKED	12	10	0	0	10	0	0	0	1	0	0	0	0
L1592653-R002	biblical_book	Jer	47	7		2Q13	1606634	f7_8	13	1592653				books/DSS-Jeremiah.txt	175762	3515	1932635-1932647	13	1	3445d83dffa5b87b7935cf67834da45769b3bb3423d1c2b41c4bc8064925cf85	linguistics/books/DSS-Jeremiah-Linguistics.txt	265230	5569	0c9e9585c76103ba3312927a7be3fc86e5c75c368f712afe9129599d1a907d60	PARTLY_RECONSTRUCTED	37	36	32	0	4	33	0	0	0	0	0	0	0
L1592654-R001	biblical_book	Jer	47	7		2Q13	1606634	f7_8	14	1592654				books/DSS-Jeremiah.txt	179277	2366	1932648-1932651	4	1	f31392695e2a006fa1c5101d3fd62cd11716583cd1c21b35f1494cff23b7bbca	linguistics/books/DSS-Jeremiah-Linguistics.txt	270799	1911	6f3afd7394eae8dce5091a548a4c1ee23dd364cc02e2959716ba111cbc229dfc	PARTLY_RECONSTRUCTED	13	7	3	1	3	6	1	1	2	0	0	0	0
L1592655-R001	biblical_book	Jer	48	7		2Q13	1606634	f9i	1	1592655				books/DSS-Jeremiah.txt	181643	3538	1932652-1932662	11	1	bec07f60e80308536eebc5a7a92239e057bd357904809f7c73e1064e1272102a	linguistics/books/DSS-Jeremiah-Linguistics.txt	272710	4893	764ea1621e4b87f370fbdac02e21de6f76ae35c697b47312b93cd79a07c67c5b	PARTLY_RECONSTRUCTED	39	34	31	0	3	36	0	1	1	0	0	0	0
L1592656-R001	biblical_book	Jer	48	7		2Q13	1606634	f9i	2	1592656				books/DSS-Jeremiah.txt	185181	3535	1932663-1932674	12	1	dda7e9a7ce7ac2d731d0e4dd7d56d6ea44fd0bbb7f134d3fb2c649dd6ca81317	linguistics/books/DSS-Jeremiah-Linguistics.txt	277603	5180	af8f3bf876a1be51e0feaf3ad86355a8c5580416f7242605f8462b27ce8bd54c	ALL_LETTER_SLOTS_RECONSTRUCTED	37	31	31	0	0	35	0	1	2	0	0	0	0
L1592657-R001	biblical_book	Jer	48	25		2Q13	1606634	f9ii_12	1	1592657				books/DSS-Jeremiah.txt	188716	3273	1932675-1932683	9	0	72b6ebf01211f24553ea6e625fc21f1b3fe15151f4a6312d07ca1ca6c69482a2	linguistics/books/DSS-Jeremiah-Linguistics.txt	282783	4198	28c69f5f871757b68ee148e1bc909ec68ee3d49bb18f4f090fd25202606fcddf	PARTLY_RECONSTRUCTED	34	31	14	10	7	14	10	0	1	0	0	0	0
L1592657-R002	biblical_book	Jer	48	26		2Q13	1606634	f9ii_12	1	1592657				books/DSS-Jeremiah.txt	191989	2442	1932684-1932687	4	1	39de9c0b1001e679bc9e7c9ab0814cf525f40fda7ebfe9ee2e29d3a66ea823d2	linguistics/books/DSS-Jeremiah-Linguistics.txt	286981	2067	74666f254bea046add1a2a3de06e5a358694f9239516dc7f2bc3b191c430f1db	PARTLY_RECONSTRUCTED	17	16	8	2	6	9	2	0	0	0	0	0	0
L1592658-R001	biblical_book	Jer	48	26		2Q13	1606634	f9ii_12	2	1592658				books/DSS-Jeremiah.txt	194431	3121	1932688-1932700	13	0	d5e0ffc28e648ccb3362300b129d09aa89610f84761be912273dad31ff83ffb2	linguistics/books/DSS-Jeremiah-Linguistics.txt	289048	5557	73fe3cc1c29775738ab2127337991a83b6d9e3e06a0584f8f3c7f8007cfef8c2	PARTLY_RECONSTRUCTED	37	34	1	0	33	1	0	0	1	0	0	0	0
L1592658-R002	biblical_book	Jer	48	27		2Q13	1606634	f9ii_12	2	1592658				books/DSS-Jeremiah.txt	197552	2166	1932701-1932705	5	1	3a2dae647743d8c66cde4eba039753b6dd318e0af1095f73d71837199fc80dcc	linguistics/books/DSS-Jeremiah-Linguistics.txt	294605	2345	7425c4e098165d5e4212852d27582097ad75030c093c7d0f712422696939ef69	PARTLY_RECONSTRUCTED	11	11	7	0	4	7	0	0	0	0	0	0	0
L1592659-R001	biblical_book	Jer	48	27		2Q13	1606634	f9ii_12	3	1592659				books/DSS-Jeremiah.txt	199718	4297	1932706-1932718	13	1	c355adaf88c982c84f19754e5635f2898093bd2522679896f4a5e53578fe3ef5	linguistics/books/DSS-Jeremiah-Linguistics.txt	296950	5790	8388ec5045180697fa9ceb585034d2f7d8e373242d6cef52c949217b25113734	PARTLY_RECONSTRUCTED	46	42	17	4	21	20	4	0	0	0	0	0	0
L1592660-R001	biblical_book	Jer	48	27		2Q13	1606634	f9ii_12	4	1592660				books/DSS-Jeremiah.txt	204015	1446	1932719-1932720	2	0	a87311e74fd0782b119e68d6709c9311c571e160a8b9bdc52c9ec03723964b36	linguistics/books/DSS-Jeremiah-Linguistics.txt	302740	1170	5968d0ffd068d9be7e7fcdaddeeac8733dfae94e5642587b1e1354608544cf93	NO_LETTER_RECONSTRUCTION_MARKED	9	7	0	0	7	0	0	0	1	0	0	0	0
L1592660-R002	biblical_book	Jer	48	28		2Q13	1606634	f9ii_12	4	1592660				books/DSS-Jeremiah.txt	205461	3525	1932721-1932732	12	1	3e72c4c5b63da4c1a161ee1f4db4efc776569ec25d882c584445b87f2c010ad4	linguistics/books/DSS-Jeremiah-Linguistics.txt	303910	5286	81a32c52596765bdb6b0fd32175699ce5da6e029c4180dcc45470b35b9f02a51	PARTLY_RECONSTRUCTED	38	37	12	2	23	12	2	0	0	0	0	0	0
L1592661-R001	biblical_book	Jer	48	28		2Q13	1606634	f9ii_12	5	1592661				books/DSS-Jeremiah.txt	208986	2167	1932733-1932738	6	0	4d8532e92a7cb011ab977da5bf3a56c7722c4a983ab3ce12d60c8fc5b0900a86	linguistics/books/DSS-Jeremiah-Linguistics.txt	309196	2795	a41a400d1e923f25762c3beeadc6b245d1c617fe2a669979df729e1a710722db	PARTLY_RECONSTRUCTED	17	15	3	1	11	3	1	0	1	0	0	0	0
L1592661-R002	biblical_book	Jer	48	29		2Q13	1606634	f9ii_12	5	1592661				books/DSS-Jeremiah.txt	211153	2446	1932739-1932744	6	1	696b7cae98a5f44185bcdbab4e18d18e763b5da7c91a9ba105370b7cbf9ab803	linguistics/books/DSS-Jeremiah-Linguistics.txt	311991	2947	c86a2fa58f00b62ec2a8f8fa4eab7a84c8fc89ae93dfe9535b65a0177a3c5d34	PARTLY_RECONSTRUCTED	21	21	4	0	17	4	0	0	0	0	0	0	0
L1592662-R001	biblical_book	Jer	48	29		2Q13	1606634	f9ii_12	6	1592662				books/DSS-Jeremiah.txt	213599	3031	1932745-1932753	9	0	aa6837d0b48e939b0f26981ba3c54d79287b04b5b784308aecc06b53e7a5e3c2	linguistics/books/DSS-Jeremiah-Linguistics.txt	314938	4102	366d4dc675c9b525a18ba3fdab3b6de1934c235720cdf843736e90583465c0ef	PARTLY_RECONSTRUCTED	31	25	4	3	18	4	3	0	1	0	0	0	0
L1592662-R002	biblical_book	Jer	48	30		2Q13	1606634	f9ii_12	6	1592662				books/DSS-Jeremiah.txt	216630	3369	1932754-1932762	9	1	4bbcbe185b15e5d3e10d755e627e6ce37be633715c5bdcc50f63483e832edaa8	linguistics/books/DSS-Jeremiah-Linguistics.txt	319040	4145	9040708db2a26e844bfa9c510211e8461bbaf1e0e822a827cea697c0bff32237	PARTLY_RECONSTRUCTED	33	31	20	2	9	22	2	0	0	0	0	0	0
L1592663-R001	biblical_book	Jer	48	30		2Q13	1606634	f9ii_12	7	1592663				books/DSS-Jeremiah.txt	219999	1699	1932763-1932766	4	0	81a8ea61e77a9ff225b345bf6664617d3a5ac11b7689048887e86b79d17fe1f6	linguistics/books/DSS-Jeremiah-Linguistics.txt	323185	1937	f27e9a9f4d4497a121089979df67e4d09141cf708c6c77c4ce97f090e0e2002f	NO_LETTER_RECONSTRUCTION_MARKED	11	9	0	0	9	0	0	0	1	0	0	0	0
L1592663-R002	biblical_book	Jer	48	31		2Q13	1606634	f9ii_12	7	1592663				books/DSS-Jeremiah.txt	221698	3631	1932767-1932779	13	1	a860a15f2460b1e39920599ee204f81de527ab66d92d2d67e9242f65fabf7a80	linguistics/books/DSS-Jeremiah-Linguistics.txt	325122	5676	e878b09f0739d8a498bfccaaf6bfdefadcbbe3a35ba2da0328a97c56cd6de7a5	PARTLY_RECONSTRUCTED	38	37	14	1	22	14	1	0	0	0	0	0	0
L1592664-R001	biblical_book	Jer	48	31		2Q13	1606634	f9ii_12	8	1592664				books/DSS-Jeremiah.txt	225329	1573	1932780-1932782	3	0	6aea23d7e502c13b5709e6e91a4397403a9e50838d383d2eabf8a080552efd3e	linguistics/books/DSS-Jeremiah-Linguistics.txt	330798	1601	fccdd92b8303fd6f2a0d2e8ca2a7d85a5a67f5fe887b2a87693f07bffd64eec8	NO_LETTER_RECONSTRUCTION_MARKED	10	8	0	0	8	0	0	0	1	0	0	0	0
L1592664-R002	biblical_book	Jer	48	32		2Q13	1606634	f9ii_12	8	1592664				books/DSS-Jeremiah.txt	226902	3591	1932783-1932793	11	1	2a64656675fd845999ab469efe34851fb8ef7120af8fa3e33e95c1576b5e1421	linguistics/books/DSS-Jeremiah-Linguistics.txt	332399	5049	2c68da6033676a801acc07aa51a78fb670643151822ca3b5a4fea533df62f84d	PARTLY_RECONSTRUCTED	39	37	17	2	18	18	2	0	0	0	0	0	0
L1592665-R001	biblical_book	Jer	48	32		2Q13	1606634	f9ii_12	9	1592665				books/DSS-Jeremiah.txt	230493	3305	1932794-1932805	12	0	f0ab2db4196d9d85035d7e5e3d2e5ffe25b872e09575033159c4f4139ba4a706	linguistics/books/DSS-Jeremiah-Linguistics.txt	337448	5237	49753b9ecbc16a930a3fb4acafc63c077fe590b1f5fc606f9bf0355ad6a85066	PARTLY_RECONSTRUCTED	36	32	18	1	13	21	1	0	1	0	0	0	0
L1592665-R002	biblical_book	Jer	48	33		2Q13	1606634	f9ii_12	9	1592665				books/DSS-Jeremiah.txt	233798	1898	1932806-1932808	3	1	ca53aab1fd787afc3c7993f81d2046dd0cfff13df4a626620c3d107cb8f10b7e	linguistics/books/DSS-Jeremiah-Linguistics.txt	342685	1624	0aef7735d53ece46b9e5288e3906cd8a834c1a983afa6a7744135ffb980bc02a	ALL_LETTER_SLOTS_RECONSTRUCTED	10	10	10	0	0	10	0	0	0	0	0	0	0
L1592666-R001	biblical_book	Jer	48	33		2Q13	1606634	f9ii_12	10	1592666				books/DSS-Jeremiah.txt	235696	3822	1932809-1932824	16	1	2431f256611942d5afaf8157f0a1b94b5145bb1bf06b2d05bc529b941b05eb1c	linguistics/books/DSS-Jeremiah-Linguistics.txt	344309	6919	3ecdfccde55bfa44740262a5abbfe7f61b2fc0137ad418512af54cc4f0a8ec52	PARTLY_RECONSTRUCTED	45	45	30	1	14	30	1	0	0	0	0	0	0
L1592667-R001	biblical_book	Jer	48	33		2Q13	1606634	f9ii_12	11	1592667				books/DSS-Jeremiah.txt	239518	1786	1932825-1932828	4	0	0a8b87d9989450a7bd1121f4880155b8ce3b5e00806ed28edbeadef039659e2f	linguistics/books/DSS-Jeremiah-Linguistics.txt	351228	2008	9407b3f2eaa22f459b96a64b723547598aa80e1e49f3ff86aa9b3f41ab7181f7	PARTLY_RECONSTRUCTED	13	11	10	0	1	10	0	0	1	0	0	0	0
L1592667-R002	biblical_book	Jer	48	34		2Q13	1606634	f9ii_12	11	1592667				books/DSS-Jeremiah.txt	241304	3011	1932829-1932837	9	1	95591f6bc51ee223ea203496b904d02712b84695a355e25669e7e026b401ab07	linguistics/books/DSS-Jeremiah-Linguistics.txt	353236	4228	33a6cc84dfabc9e9daac27bdb43c60023fc8a9d71d9e4d26395c9c9645da0929	PARTLY_RECONSTRUCTED	31	30	20	1	9	21	1	0	0	0	0	0	0
L1592668-R001	biblical_book	Jer	48	34		2Q13	1606634	f9ii_12	12	1592668				books/DSS-Jeremiah.txt	244315	3739	1932838-1932851	14	1	28e9d6609ff0cf9afa640c30e7d0562e3314fd68834d6762968c6760264bdeed	linguistics/books/DSS-Jeremiah-Linguistics.txt	357464	6349	5b3c4d57014435204405f4bf55b1558f78334b0159ece7fe081efd9122d23e7f	PARTLY_RECONSTRUCTED	48	46	32	1	13	32	1	0	1	0	0	0	0
L1592669-R001	biblical_book	Jer	48	35		2Q13	1606634	f9ii_12	13	1592669				books/DSS-Jeremiah.txt	248054	3431	1932852-1932864	13	0	4d8739737ab145a37f53009a896d02bf3f381ec8101f1c7949a4b462e3045068	linguistics/books/DSS-Jeremiah-Linguistics.txt	363813	5682	f2e26e8864024ba060a10d3060c77143d9eb5e769718884c668fe4c082a807cb	PARTLY_RECONSTRUCTED	42	39	30	0	7	33	0	0	1	0	3	0	0
L1592669-R002	biblical_book	Jer	48	36		2Q13	1606634	f9ii_12	13	1592669				books/DSS-Jeremiah.txt	251485	2296	1932865-1932869	5	1	3fac8cd74d2c305be81382f2a8a6229c41ab53c8c92ec2d61ca981a0f98f5b6f	linguistics/books/DSS-Jeremiah-Linguistics.txt	369495	2388	b896136eb241b8384201e6a1f39eb9844020bf5fb439d217924dd08c9bc94d59	ALL_LETTER_SLOTS_RECONSTRUCTED	13	12	12	0	0	13	0	0	0	0	0	0	0
L1592670-R001	biblical_book	Jer	48	36		2Q13	1606634	f9ii_12	14	1592670				books/DSS-Jeremiah.txt	253781	3867	1932870-1932883	14	1	de84d0542a833d0965ef8216bd54980bc69bcf9501f1db42b49505f8f4fdf71a	linguistics/books/DSS-Jeremiah-Linguistics.txt	371883	6097	1e17f604a1fd554ca56529419a61cd61fd99b15028696d8c0be4e8ce4fa22775	PARTLY_RECONSTRUCTED	41	40	28	1	11	29	1	0	0	0	0	0	0
L1592671-R001	biblical_book	Jer	48	36		2Q13	1606634	f9ii_12	15	1592671				books/DSS-Jeremiah.txt	257648	1765	1932884-1932887	4	0	ee6f83b9cb3f634b8c81ace37ea846838abd7360705b56d21cf7ccc2b449394e	linguistics/books/DSS-Jeremiah-Linguistics.txt	377980	2007	337543983b32f21030d49d6054b2ad3ae5f228517ebbfc492057618eecef29f3	ALL_LETTER_SLOTS_RECONSTRUCTED	13	11	11	0	0	13	0	0	1	0	0	0	0
L1592671-R002	biblical_book	Jer	48	37		2Q13	1606634	f9ii_12	15	1592671				books/DSS-Jeremiah.txt	259413	2961	1932888-1932895	8	1	f9cac2324f9b7b028b19561ee15ad3e7ff7117e9566b73e9cdb3edecb9efdde7	linguistics/books/DSS-Jeremiah-Linguistics.txt	379987	3733	6a57e4c3febc1a3f919cd0d18b46a05ba26bc2cac01a5a9ae3055f434b0e3833	PARTLY_RECONSTRUCTED	26	26	14	3	9	14	3	0	0	0	0	0	0
L1592672-R001	biblical_book	Jer	48	37		2Q13	1606634	f9ii_12	16	1592672				books/DSS-Jeremiah.txt	262374	2493	1932896-1932904	9	0	6bf02de2e9252a52f4ddfc7ddbd3daa0ddabf78e56981ab280f228d31bb8bab0	linguistics/books/DSS-Jeremiah-Linguistics.txt	383720	4067	025d9c9382f8fbe31d07cc69f78a6fa5a72836700cc45add591957f5e622d876	PARTLY_RECONSTRUCTED	28	26	24	0	2	24	0	0	1	0	0	0	0
L1592672-R002	biblical_book	Jer	48	38		2Q13	1606634	f9ii_12	16	1592672				books/DSS-Jeremiah.txt	264867	2688	1932905-1932911	7	1	82116802f2c8cf45e9220a44f5c4f06d01a6e974cfab770a73f86a0e5c346c97	linguistics/books/DSS-Jeremiah-Linguistics.txt	387787	3285	fe2a18e9edf90396183e731f6f254d65f8e4319f579872ae73dd231efa158e2e	PARTLY_RECONSTRUCTED	24	23	13	1	9	14	1	0	0	0	0	0	0
L1592673-R001	biblical_book	Jer	48	38		2Q13	1606634	f9ii_12	17	1592673				books/DSS-Jeremiah.txt	267555	3556	1932912-1932923	12	1	aa8525e998ef4600decf767b68f5ec0bb044f7e065f76111ac283eb4f96286ca	linguistics/books/DSS-Jeremiah-Linguistics.txt	391072	5383	fc9627d06ea2ec316667e87cf6ecb0d8af811308885578e2f027d687ecfd84c7	PARTLY_RECONSTRUCTED	39	37	29	0	8	31	0	0	0	0	0	0	0
L1592674-R001	biblical_book	Jer	48	38		2Q13	1606634	f9ii_12	18	1592674				books/DSS-Jeremiah.txt	271111	1445	1932924-1932925	2	0	c4aeb88f004f0c01b7ff455170903436be0078d2817c1603ea18c7987c5a9691	linguistics/books/DSS-Jeremiah-Linguistics.txt	396455	1150	f956768d63973749b9301554e6ac2473b405354025b57c04019c05e363f13593	ALL_LETTER_SLOTS_RECONSTRUCTED	6	4	4	0	0	6	0	0	1	0	0	0	0
L1592674-R002	biblical_book	Jer	48	39		2Q13	1606634	f9ii_12	18	1592674				books/DSS-Jeremiah.txt	272556	3730	1932926-1932939	14	1	8ac592a18fee7162ad9ee1fec440ebca52e6e7618c8b7898abaf34068dbb71a1	linguistics/books/DSS-Jeremiah-Linguistics.txt	397605	6102	977715d019732cd06ac498c97deff9bd2941de348db8c35a5cbd322d4a7aa264	PARTLY_RECONSTRUCTED	44	42	34	2	6	34	2	0	1	0	0	0	0
L1592675-R001	biblical_book	Jer	48	43		2Q13	1606634	f13i	1	1592675				books/DSS-Jeremiah.txt	276286	2656	1932940-1932946	7	1	0419796787275a00b9827487eff13273a1cbeeb6044eb13053e4d040adc44af2	linguistics/books/DSS-Jeremiah-Linguistics.txt	403707	3170	62d54310e423222a70abc3f07cc5f0e079eac361ffadc89b100eca4e4240f066	PARTLY_RECONSTRUCTED	18	15	14	1	0	17	1	1	1	0	0	0	0
L1592676-R001	biblical_book	Jer	48	43		2Q13	1606634	f13i	2	1592676				books/DSS-Jeremiah.txt	278942	1930	1932947-1932951	5	0	9c9d4bcfb5ca2fbd157ee675c161df45ee9631b0a841fb5d9a39b3cc7f7c1efb	linguistics/books/DSS-Jeremiah-Linguistics.txt	406877	2414	b93ebc7b8ff144811db1e74be25237e5c895d23aea75176f4c9036da1f0383bb	ALL_LETTER_SLOTS_RECONSTRUCTED	18	16	16	0	0	18	0	0	1	0	0	0	0
L1592676-R002	biblical_book	Jer	48	44		2Q13	1606634	f13i	2	1592676				books/DSS-Jeremiah.txt	280872	3228	1932952-1932964	13	1	1abbecee8907dd856ae377746811efc52004c4bffdaf94b169de67af2082f7f5	linguistics/books/DSS-Jeremiah-Linguistics.txt	409291	5459	1e5a820ff486aa3a18a3094924ce15b20b348d3cecac0f865bf34b23f2620b34	PARTLY_RECONSTRUCTED	27	27	23	0	4	23	0	0	0	0	0	0	0
L1592677-R001	biblical_book	Jer	48	44		2Q13	1606634	f13i	3	1592677				books/DSS-Jeremiah.txt	284100	4182	1932965-1932980	16	1	720c814571e4356d96ac93c34757c96bf6b657822a1f02c6a529d4f9764793f4	linguistics/books/DSS-Jeremiah-Linguistics.txt	414750	6897	394398d7b981af78c1eebad74c2b0cd5ed1cfd512df12461cc328bab6e03a648	PARTLY_RECONSTRUCTED	51	47	44	0	3	46	0	0	1	0	0	0	0
L1592678-R001	biblical_book	Jer	48	45		2Q13	1606634	f13i	4	1592678				books/DSS-Jeremiah.txt	288282	3791	1932981-1932996	16	1	968207852e88c9c84d7ab2f171e5e6067783c1a2883e2e6fb8a9cdc677ca42a0	linguistics/books/DSS-Jeremiah-Linguistics.txt	421647	6955	25f52bb1591dedc9084469114df9b27520ee0834a8fba690744da6894445e095	PARTLY_RECONSTRUCTED	44	44	39	1	4	39	1	0	0	0	0	0	0
L1592679-R001	biblical_book	Jer	48	45		2Q13	1606634	f13i	5	1592679				books/DSS-Jeremiah.txt	292073	1937	1932997-1932999	3	1	571468108190ee63323af32dc3cbc24d84f384d871fd2a6e118c72ea9ee9af89	linguistics/books/DSS-Jeremiah-Linguistics.txt	428602	1544	dcac39836857bfb65e2be71062c142286e9693a2ca946812ad8c3d101b40d0b4	ALL_LETTER_SLOTS_RECONSTRUCTED	9	5	5	0	0	7	0	1	2	0	0	0	0
L1592680-R001	biblical_book	Jer	49	10		2Q13	1606634	f13ii	1	1592680				books/DSS-Jeremiah.txt	294010	3840	1933000-1933011	12	1	359a25fd906fe91a1a066ba68e605cb52c72f0dd1b18759308e7281244cb21cc	linguistics/books/DSS-Jeremiah-Linguistics.txt	430146	5139	11724d5be60e36d76a18897678f8e285b8cf6935ca1ce57475fde5f65ad1c950	PARTLY_RECONSTRUCTED	39	31	30	0	1	36	0	1	2	0	0	0	0
L1599381-R001	biblical_book	Jer	6	30		4Q70	1606727	f1	1	1599381				books/DSS-Jeremiah.txt	297900	1828	2029592-2029595	4	0	616d903ee01648fbe955541cdd483c271408ffba815f8f5ca799ad83d272b925	linguistics/books/DSS-Jeremiah-Linguistics.txt	435335	1846	744272acbee2def51e68bf52d520d28ea4949ba1ba99966640ee0d4437efd444	NO_LETTER_SLOTS	10	0	0	0	0	7	3	2	4	0	0	0	0
L1599381-R002	biblical_book	Jer	7	1		4Q70	1606727	f1	1	1599381				books/DSS-Jeremiah.txt	299728	1851	2029596-2029598	3	1	3e5561de8aee861fdea471410b556d9411a82299fb2937a2d91cfd19f07aa1a5	linguistics/books/DSS-Jeremiah-Linguistics.txt	437181	1583	3f0ea33eed065d40661de11d3a5639a9559b7f84faac8c183143b50850cae697	ALL_LETTER_SLOTS_RECONSTRUCTED	7	7	7	0	0	7	0	0	0	0	0	0	0
L1599382-R001	biblical_book	Jer	7	1		4Q70	1606727	f1	2	1599382				books/DSS-Jeremiah.txt	301579	2494	2029599-2029607	9	0	fbee90640abb04e36619075cb5ef9cae7fe6ccdf450a0ea16e81f2231aadcd34	linguistics/books/DSS-Jeremiah-Linguistics.txt	438764	3968	d6339839b72042cd20b42f7ad01c4d377d05a43c57c8f46d3e10ddb4b51f8c90	PARTLY_RECONSTRUCTED	24	22	21	0	1	21	0	0	1	0	0	0	0
L1599382-R002	biblical_book	Jer	7	2		4Q70	1606727	f1	2	1599382				books/DSS-Jeremiah.txt	304073	3186	2029608-2029619	12	1	89b572822f374b94ed6f4152f7f1e5605ca15e858713878ccdbef8da2a119c5b	linguistics/books/DSS-Jeremiah-Linguistics.txt	442732	5101	c813d3d43ff384b57d440a4a864b772a2f2a8385695a47e7db654b13fca622c8	PARTLY_RECONSTRUCTED	29	27	24	0	3	24	0	0	1	0	0	0	0
L1599383-R001	biblical_book	Jer	7	15		4Q70	1606727	f2	1	1599383				books/DSS-Jeremiah.txt	307259	1549	2029620-2029621	2	0	fcb46a16d9e78f51bfc355acaeffe7081c745fb2e369f6a8093d1bc57a23bbf7	linguistics/books/DSS-Jeremiah-Linguistics.txt	447833	1218	a3f89a4f2acbfe9621a48ecc5df2d8f3d9de0ee218eb1aa01ad13dac9900d4ba	PARTLY_RECONSTRUCTED	7	5	1	2	2	1	2	0	1	0	0	0	0
L1599383-R002	biblical_book	Jer	7	16		4Q70	1606727	f2	1	1599383				books/DSS-Jeremiah.txt	308808	4478	2029622-2029639	18	2	64d5152a8a916e44da1463cab1384bf66b42157702f8ed1ef4ea0f95382d7dc7	linguistics/books/DSS-Jeremiah-Linguistics.txt	449051	7543	8d2edc59c14a5d985929a2a8465a1d9b37ff66d7f3377cce28f65032924c60f4	ALL_LETTER_SLOTS_RECONSTRUCTED	42	41	41	0	0	42	0	0	0	0	0	0	0
L1599384-R001	biblical_book	Jer	7	16		4Q70	1606727	f2	2	1599384				books/DSS-Jeremiah.txt	313286	2612	2029640-2029646	7	0	1c904fb5a992bbb31ee8dad4a6670117329f190a24303e0c16dc712b1e7fb344	linguistics/books/DSS-Jeremiah-Linguistics.txt	456594	3190	23a46502b3c5c12dc802d8c1aef556e225c3f6513324895e9a51b1c28832d1e7	PARTLY_RECONSTRUCTED	24	19	11	1	7	14	1	0	1	0	0	0	0
L1599384-R002	biblical_book	Jer	7	17		4Q70	1606727	f2	2	1599384				books/DSS-Jeremiah.txt	315898	2743	2029647-2029654	8	1	d805a026127692a092c2f7a72a1f36b753f2d942d6c5e215d0114b1c4bc00abc	linguistics/books/DSS-Jeremiah-Linguistics.txt	459784	3570	68f850b32dfb9e26d90ce428c2cf305a9e480bfbcf297f7a393b4cb6d46b57e7	ALL_LETTER_SLOTS_RECONSTRUCTED	22	21	21	0	0	22	0	0	0	0	0	0	0
L1599385-R001	biblical_book	Jer	7	17		4Q70	1606727	f2	3	1599385				books/DSS-Jeremiah.txt	318641	2153	2029655-2029660	6	0	ca3f926e0e2db17c6f82613d48b3f0750b586c6ebeff32e1466e87682bcdcc3c	linguistics/books/DSS-Jeremiah-Linguistics.txt	463354	2894	17f28711ad20fe2396c24c55c562a6c22b9fa1520b05d265df04563fe7726ad4	PARTLY_RECONSTRUCTED	19	17	15	0	2	17	0	0	1	0	0	0	0
L1599385-R002	biblical_book	Jer	7	18		4Q70	1606727	f2	3	1599385				books/DSS-Jeremiah.txt	320794	1571	2029661	1	1	98719bdb0e356286227378054fb4e07d799d129a1a7afc000559bf0a8cac729b	linguistics/books/DSS-Jeremiah-Linguistics.txt	466248	736	e3dbb3aa05b855bcf2ec34f1d6c7dae8894d1f648189208bf8314bc4ccb7df47	NO_LETTER_SLOTS	2	0	0	0	0	2	0	1	1	0	0	0	0
L1599386-R001	biblical_book	Jer	7	18		4Q70	1606727	f2	4	1599386				books/DSS-Jeremiah.txt	322365	3002	2029662-2029670	9	0	13ea988b4ede5f54c4af1ee9a0c3954899d081d5c358ba0b71ffc02dbd10673a	linguistics/books/DSS-Jeremiah-Linguistics.txt	466984	4146	3822f58d3aab25045d1043a3482af03e69726dcab3896e0f34c790db7c75818e	PARTLY_RECONSTRUCTED	33	30	25	4	1	28	4	0	1	0	0	0	0
L1599386-R002	biblical_book	Jer	7	19		4Q70	1606727	f2	4	1599386				books/DSS-Jeremiah.txt	325367	2483	2029671-2029676	6	1	131f1d32467963f36a612fa3aade069ee87a2cd14fe476e84d8ff1239473b421	linguistics/books/DSS-Jeremiah-Linguistics.txt	471130	2792	b8183cae5529b210094b81bfafcbdf6d6c4b33fcfc784a3aa0c51c6246c6da0a	ALL_LETTER_SLOTS_RECONSTRUCTED	20	19	19	0	0	20	0	0	0	0	0	0	0
L1599387-R001	biblical_book	Jer	7	19		4Q70	1606727	f2	5	1599387				books/DSS-Jeremiah.txt	327850	3311	2029677-2029683	7	2	390216a921403eb6e9170b196dcd9e875945fd16812f108dd07a2f7b3e8da86e	linguistics/books/DSS-Jeremiah-Linguistics.txt	473922	3236	68c0936819be2a595985f2601190c5b264feffa0f846713e77bf5354fe82526e	PARTLY_RECONSTRUCTED	23	19	17	2	0	21	2	0	1	0	0	0	0
L1599388-R001	biblical_book	Jer	7	28		4Q70	1606727	f3+4i+5_7	3	1599388				books/DSS-Jeremiah.txt	331161	2882	2029684-2029691	8	1	676164deab31028bce95a62eb3bdb8fddfb882502a0a7fecc9ca0fa1caee051e	linguistics/books/DSS-Jeremiah-Linguistics.txt	477158	3559	d41e7440f6f445db7b4c516886f272a79d0a38778d66913f0d60584ab05941de	PARTLY_RECONSTRUCTED	22	19	17	2	0	20	2	1	1	0	0	0	0
L1599389-R001	biblical_book	Jer	7	28		4Q70	1606727	f3+4i+5_7	4	1599389				books/DSS-Jeremiah.txt	334043	4680	2029692-2029709	18	1	519f23125cec30cfa8874a14ec8168e6831d3672932f2bc8d30576adce39f176	linguistics/books/DSS-Jeremiah-Linguistics.txt	480717	7666	0637d6bcd8c1fb8277cc1158d3c621e9476df2bdc89512925a7d21770ebf2fa1	PARTLY_RECONSTRUCTED	56	52	45	4	3	49	4	0	1	0	0	0	0
L1599390-R001	biblical_book	Jer	7	29		4Q70	1606727	f3+4i+5_7	5	1599390				books/DSS-Jeremiah.txt	338723	3684	2029710-2029720	11	2	6035968469c7ccd273525f42c6711e591f4522308947345380a0e91bbb46a2cc	linguistics/books/DSS-Jeremiah-Linguistics.txt	488383	4865	4776be24ed7503cb78bb5d6163f5c7b6cee1a066f1450985195d06692aa2f607	PARTLY_RECONSTRUCTED	34	33	27	1	5	28	1	0	0	0	0	0	0
L1599391-R001	biblical_book	Jer	7	29		4Q70	1606727	f3+4i+5_7	6	1599391				books/DSS-Jeremiah.txt	342407	2339	2029721-2029727	7	0	d760b87d3d3e4b642135e1ce23b3d0a6738fa9ef60328f557d7e6f3ddc08d732	linguistics/books/DSS-Jeremiah-Linguistics.txt	493248	3195	52c77dedd5dcb9311f0a725b4f01fcad0e5dba7cc1ae1e6e7119833c70c63d0f	ALL_LETTER_SLOTS_RECONSTRUCTED	21	18	18	0	0	21	0	0	1	0	0	0	0
L1599391-R002	biblical_book	Jer	7	30		4Q70	1606727	f3+4i+5_7	6	1599391				books/DSS-Jeremiah.txt	344746	6153	2029728-2029750	23	1	81ee9f56b6145cb9579bad3a064889d038468aa6302cf6403bba34bbf8598a6f	linguistics/books/DSS-Jeremiah-Linguistics.txt	496443	9706	a891c5f5948876185f671657409b0cc74ddbb53d90b0683f14c823921c9e9cd7	PARTLY_RECONSTRUCTED	69	62	45	3	0	51	3	0	1	2	68	0	0
L1599391-R003	biblical_book	Jer	7	31		4Q70	1606727	f3+4i+5_7	6	1599391				books/DSS-Jeremiah.txt	350899	6926	2029751-2029780	30	1	123aa97223f23c2722b2dfc6bf50559ea2ecc889e67d825baec65ddcb4e93e38	linguistics/books/DSS-Jeremiah-Linguistics.txt	506149	12313	918b61882c289eed352c1053b4b0a75699b3f3dd9434bd94c4e226a02671ffa7	PARTLY_RECONSTRUCTED	76	71	27	3	0	28	3	0	1	2	76	0	0
L1599391-R004	biblical_book	Jer	7	32		4Q70	1606727	f3+4i+5_7	6	1599391				books/DSS-Jeremiah.txt	357825	5890	2029781-2029810	30	0	7f97b7ef71fc993ebf78dbe01137ff3772c26a882baf7cc859402a4a124db10d	linguistics/books/DSS-Jeremiah-Linguistics.txt	518462	12472	529c76a399e9c3f55e6bfc20aae4145c1c68c4f756a60cb8dd48a6c38d948e5c	PARTLY_RECONSTRUCTED	75	73	49	1	0	51	1	0	1	0	75	0	0
L1599391-R005	biblical_book	Jer	7	33		4Q70	1606727	f3+4i+5_7	6	1599391				books/DSS-Jeremiah.txt	363715	4831	2029811-2029833	23	0	f9175d8d8d13375f7c76d0c82d6b0697db9e58c8c229d80092cb7120a5643686	linguistics/books/DSS-Jeremiah-Linguistics.txt	530934	9414	758c94bbf0b6a70a9b91a229feb9abe85f10903bcc78ae21ea5b85062f9147c6	PARTLY_RECONSTRUCTED	51	49	34	1	0	34	1	0	1	1	51	0	0
L1599391-R006	biblical_book	Jer	7	34		4Q70	1606727	f3+4i+5_7	6	1599391				books/DSS-Jeremiah.txt	368546	5521	2029834-2029859	26	0	218fdea670b4f5da79acc160e9d938c043bfc23c050dabfb322113416d732a4c	linguistics/books/DSS-Jeremiah-Linguistics.txt	540348	11006	13403382e6450c77f2039bfa3c6570f7c699c8f7f3ba1de1cb730c65e4cacfed	PARTLY_RECONSTRUCTED	72	70	53	5	0	55	5	0	1	0	72	0	0
L1599391-R007	biblical_book	Jer	8	1		4Q70	1606727	f3+4i+5_7	6	1599391				books/DSS-Jeremiah.txt	374067	7345	2029860-2029893	34	0	b8115ae2686b4dbb3c7b74829d7eb553dad91a1314d9a70170a171a4d93e4960	linguistics/books/DSS-Jeremiah-Linguistics.txt	551354	14215	d37e39b200e4c70a1c59d5d7b1d1f0bc7553393d5ab26b754c90ac85e14990f8	PARTLY_RECONSTRUCTED	108	104	66	8	0	69	8	0	1	1	108	0	0
L1599391-R008	biblical_book	Jer	8	2		4Q70	1606727	f3+4i+5_7	6	1599391				books/DSS-Jeremiah.txt	381412	8912	2029894-2029937	44	0	c1772c5a25f3174381c6f0b6107a945e0d73ac33ba4d52fa16f7da19ea617433	linguistics/books/DSS-Jeremiah-Linguistics.txt	565569	17897	4be5853a038690b867b43c62a83b5212bc2f6a48bc324989896312f6e8d41c79	PARTLY_RECONSTRUCTED	123	115	88	1	0	94	1	0	1	1	123	0	0
L1599391-R009	biblical_book	Jer	8	3		4Q70	1606727	f3+4i+5_7	6	1599391				books/DSS-Jeremiah.txt	390324	6686	2029938-2029969	32	1	b01da48da91670a5e1bc6b9d5c895a015dbdcd224f3a47263b71579ad3d3e32c	linguistics/books/DSS-Jeremiah-Linguistics.txt	583466	13080	337087a3cd9ca292b10a0173ac328d45607c1e2d7f35a443f82dc1dfb85b99c8	PARTLY_RECONSTRUCTED	88	85	76	0	0	77	0	0	1	1	86	0	0
L1599392-R001	biblical_book	Jer	8	4		4Q70	1606727	f3+4i+5_7	7	1599392				books/DSS-Jeremiah.txt	397010	3401	2029970-2029983	14	0	e19ecc4136e7eb052072c63cece6c80ba25d829b45b61c296d1b1862409b200e	linguistics/books/DSS-Jeremiah-Linguistics.txt	596546	5869	1c92fa1f05a2273d0970e513662cd04ee0087c2e20183e395f55b867d8f2be8b	ALL_LETTER_SLOTS_RECONSTRUCTED	41	38	38	0	0	41	0	0	1	0	0	0	0
L1599392-R002	biblical_book	Jer	8	5		4Q70	1606727	f3+4i+5_7	7	1599392				books/DSS-Jeremiah.txt	400411	2332	2029984-2029989	6	1	2bb770182676b95e566975a8378b795f62ba1154835b8808e3d372c03cc02e52	linguistics/books/DSS-Jeremiah-Linguistics.txt	602415	2756	bd197a9c3246acec0d87ecc890fde47256a6a819d01f3cb12c44a86fe98406aa	PARTLY_RECONSTRUCTED	15	15	7	0	8	7	0	0	0	0	0	0	0
L1599393-R001	biblical_book	Jer	8	5		4Q70	1606727	f3+4i+5_7	8	1599393				books/DSS-Jeremiah.txt	402743	2732	2029990-2029999	10	0	c95ec410fabaa6bffde235633a8786f501d00cf7d4d015aa3da27d2cce91c26e	linguistics/books/DSS-Jeremiah-Linguistics.txt	605171	4586	375e87a5a99af9cd06c365e7e1fd6da9c044c25cbdb9398a3f4f136f538a1f16	ALL_LETTER_SLOTS_RECONSTRUCTED	36	34	34	0	0	36	0	0	1	0	0	0	0
L1599393-R002	biblical_book	Jer	8	6		4Q70	1606727	f3+4i+5_7	8	1599393				books/DSS-Jeremiah.txt	405475	2355	2030000-2030002	3	2	51a52c2dfde8570ad609f0e6490b3bdde17075a7c64298a68deacca0dd695845	linguistics/books/DSS-Jeremiah-Linguistics.txt	609757	1611	3a4ae8471106d7fa713d4eab69c7817b99a3b22eff4b5863ac34c5ff8703c5c5	NO_LETTER_RECONSTRUCTION_MARKED	11	11	0	1	10	0	1	0	0	0	0	0	0
L1599394-R001	biblical_book	Jer	8	6		4Q70	1606727	f3+4i+5_7	9	1599394				books/DSS-Jeremiah.txt	407830	4617	2030003-2030020	18	1	c0e78cde5ac0f19072b99819cb4096a001e16d690a55fe0c9493282c504f3432	linguistics/books/DSS-Jeremiah-Linguistics.txt	611368	7694	454bd6b77ad7385408029d2d7ae2019ed716ce737d987935d236a2ab4697c30e	PARTLY_RECONSTRUCTED	54	51	41	3	7	43	3	0	0	0	0	0	0
L1599395-R001	biblical_book	Jer	8	6		4Q70	1606727	f3+4i+5_7	10	1599395				books/DSS-Jeremiah.txt	412447	1753	2030021-2030024	4	0	64e5bc4b9aaeb5f05f94815775ad7c99ea1347aab08efa8bd32e10e5132a957a	linguistics/books/DSS-Jeremiah-Linguistics.txt	619062	1995	06e97f3506f751737b31f3fb5703b8abdddb6e3ea6ec5304b672da6fe956be4b	ALL_LETTER_SLOTS_RECONSTRUCTED	12	10	10	0	0	12	0	0	1	0	0	0	0
L1599395-R002	biblical_book	Jer	8	7		4Q70	1606727	f3+4i+5_7	10	1599395				books/DSS-Jeremiah.txt	414200	3736	2030025-2030038	14	1	4aeb05287e7142b49233f658d8c797c0dcc2fe12942f62d07df6508200218889	linguistics/books/DSS-Jeremiah-Linguistics.txt	621057	6132	76cecbec4393cb5bb031cba808e8d7f6fc005b000fe5f77f72c6c95a27480e03	PARTLY_RECONSTRUCTED	42	41	30	1	10	31	1	0	0	0	0	0	0
L1599396-R001	biblical_book	Jer	8	7		4Q70	1606727	f3+4i+5_7	11	1599396				books/DSS-Jeremiah.txt	417936	3592	2030039-2030048	10	2	a47aa48fa1dd1aeb21f9a2eb3f73f76d2f8f113241b9aea83c9c969d69b35b57	linguistics/books/DSS-Jeremiah-Linguistics.txt	627189	4363	944efa8047b485d6071d5f8b5adba511cccc9cde78669513c5994cd1a18240fc	ALL_LETTER_SLOTS_RECONSTRUCTED	30	26	26	0	0	30	0	0	1	0	0	0	0
L1599397-R001	biblical_book	Jer	8	8		4Q70	1606727	f3+4i+5_7	12	1599397				books/DSS-Jeremiah.txt	421528	4400	2030049-2030065	17	1	0dfc15dc8179e14803d3a366c231aabd5dbe35653908155864d38c1b7a2fcff0	linguistics/books/DSS-Jeremiah-Linguistics.txt	631552	7420	bec896725c17b06190422155b76d68b21c41b91840cd2758f2b0e6956bcdd48c	PARTLY_RECONSTRUCTED	58	55	37	2	16	38	2	0	1	0	0	0	0
L1599398-R001	biblical_book	Jer	8	9		4Q70	1606727	f3+4i+5_7	13	1599398				books/DSS-Jeremiah.txt	425928	4235	2030066-2030080	15	2	e2e13d8a9539e451764f47f74083d90742554e72b9042ffde5da87c9ae44cdb6	linguistics/books/DSS-Jeremiah-Linguistics.txt	638972	6444	252052006d40a0e3356daef44b0b4ca23cd5193a95cb8d72d3749b7972808305	PARTLY_RECONSTRUCTED	46	43	35	2	6	35	2	0	1	0	0	0	0
L1599399-R001	biblical_book	Jer	8	10		4Q70	1606727	f3+4i+5_7	14	1599399				books/DSS-Jeremiah.txt	430163	4904	2030081-2030099	19	1	f48f970c3f80d6f952b4c5488b44935c8018106da6b049dd67f919fc8a49a0b1	linguistics/books/DSS-Jeremiah-Linguistics.txt	645416	8140	c3a8596b50f46209f9ca83426e86e37160c7cd5fe7430b9cda1037e21b4c0edd	PARTLY_RECONSTRUCTED	58	55	35	7	13	37	7	0	0	0	0	0	0
L1599400-R001	biblical_book	Jer	8	10		4Q70	1606727	f3+4i+5_7	15	1599400				books/DSS-Jeremiah.txt	435067	2601	2030100-2030108	9	0	c10905023f437b7fa948bbfa874c371982d8066e4c9f3a1917ee231dace399e6	linguistics/books/DSS-Jeremiah-Linguistics.txt	653556	3966	2daf822eb191ef49ce926a39eaea8eceebdf8c43ee43531f0fba87d3a8feaa80	ALL_LETTER_SLOTS_RECONSTRUCTED	23	20	20	0	0	23	0	0	1	0	0	0	0
L1599400-R002	biblical_book	Jer	8	11		4Q70	1606727	f3+4i+5_7	15	1599400				books/DSS-Jeremiah.txt	437668	3314	2030109-2030119	11	1	aed87c162d1d2e7e079360d6ce5cb78bbc0a80c0e8ae1e6e7686ab541a800c8b	linguistics/books/DSS-Jeremiah-Linguistics.txt	657522	4827	3c3e653ec05d2018710cecc109b44ed83a0fe64fd1a5c1eaf262270d76b4edb0	PARTLY_RECONSTRUCTED	30	29	23	2	4	23	2	0	0	0	0	0	0
L1599401-R001	biblical_book	Jer	8	11		4Q70	1606727	f3+4i+5_7	16	1599401				books/DSS-Jeremiah.txt	440982	1900	2030120-2030124	5	0	8a9438607848a434d9965b08af57fb8feee8a9167c737f098eee9a34f19581c4	linguistics/books/DSS-Jeremiah-Linguistics.txt	662349	2404	2661f631f4223303b6499788f8b770b22a0557210b395a717c5df5be2a3b16cc	ALL_LETTER_SLOTS_RECONSTRUCTED	14	12	12	0	0	14	0	0	1	0	0	0	0
L1599401-R002	biblical_book	Jer	8	12		4Q70	1606727	f3+4i+5_7	16	1599401				books/DSS-Jeremiah.txt	442882	4056	2030125-2030140	16	1	fdece4d757e35645e2331d5beaaaa5a122dadc646d7f9c644212d13fb8dde132	linguistics/books/DSS-Jeremiah-Linguistics.txt	664753	6876	7edafb45c749a923a861c40018864c353e6515c40404e2afe880dbf6183e9b8f	PARTLY_RECONSTRUCTED	45	44	35	1	5	36	1	0	1	0	4	0	0
L1599402-R001	biblical_book	Jer	8	12		4Q70	1606727	f3+4i+5_7	17	1599402				books/DSS-Jeremiah.txt	446938	3383	2030141-2030149	9	2	f7526d5256d2a32e7b802da2914ad0a406ef76f4dfc2ced96d6e425adfb2b172	linguistics/books/DSS-Jeremiah-Linguistics.txt	671629	4023	1aed22a785c0f93fb1b9afc24232337b4158b879dac8773be6131d6c1f9d75d6	ALL_LETTER_SLOTS_RECONSTRUCTED	29	26	26	0	0	29	0	0	1	0	0	0	0
L1599403-R001	biblical_book	Jer	8	13		4Q70	1606727	f3+4i+5_7	18	1599403				books/DSS-Jeremiah.txt	450321	4428	2030150-2030168	19	1	58c96017e61024a1224a4563757e5aff57e7986ac727286b8d50fc536d86e155	linguistics/books/DSS-Jeremiah-Linguistics.txt	675652	8145	40a0429ed75bfcc1ebf718f4d02374b30e839963c0426f7b543f1706a51d5def	ALL_LETTER_SLOTS_RECONSTRUCTED	54	53	53	0	0	54	0	0	0	0	0	0	0
L1599404-R001	biblical_book	Jer	8	13		4Q70	1606727	f3+4i+5_7	19	1599404				books/DSS-Jeremiah.txt	454749	1890	2030169-2030171	3	0	8f55bad5e3a305069d49d5973ab129d1235963c67da36160e1601f2ac13e208f	linguistics/books/DSS-Jeremiah-Linguistics.txt	683797	1567	28d6e2f46af86fc365c71a82d428cb0ac644bed40a163f1e48e5d8733b421f87	ALL_LETTER_SLOTS_RECONSTRUCTED	13	9	9	0	0	13	0	0	1	0	0	0	0
L1599404-R002	biblical_book	Jer	8	14		4Q70	1606727	f3+4i+5_7	19	1599404				books/DSS-Jeremiah.txt	456639	3722	2030172-2030186	15	1	736f6872c979f900139499369466394223bdc363aff1c3fdb7bcda60a8638647	linguistics/books/DSS-Jeremiah-Linguistics.txt	685364	6461	1352865b408deb8694773b490ee8de1ebaeffffe184146da51c0eccc0e420176	ALL_LETTER_SLOTS_RECONSTRUCTED	43	43	43	0	0	43	0	0	0	0	0	0	0
L1599405-R001	biblical_book	Jer	8	14		4Q70	1606727	f3+4i+5_7	20	1599405				books/DSS-Jeremiah.txt	460361	3443	2030187-2030198	12	0	efc9a0afbcfac0d095afca18432ac5235c6399ec060ebf6f4364a6e6fb3c887f	linguistics/books/DSS-Jeremiah-Linguistics.txt	691825	5283	823fe95f553c6ed54bd939e11f3784858d7f4ba500e763a21ab27c1abdc9d96f	ALL_LETTER_SLOTS_RECONSTRUCTED	43	38	38	0	0	43	0	0	1	0	0	0	0
L1599405-R002	biblical_book	Jer	8	15		4Q70	1606727	f3+4i+5_7	20	1599405				books/DSS-Jeremiah.txt	463804	2326	2030199-2030204	6	1	7d143bfee131b6f7a152dbe5b2090a8de8999b4d2c14d8b6f3cb809c70cda589	linguistics/books/DSS-Jeremiah-Linguistics.txt	697108	2803	375c38c164bf76ee88b38b47b0bfc17fb311efbd0e28618a086bafc5336a56ee	ALL_LETTER_SLOTS_RECONSTRUCTED	15	15	15	0	0	15	0	0	0	0	0	0	0
L1599406-R001	biblical_book	Jer	8	15		4Q70	1606727	f3+4i+5_7	21	1599406				books/DSS-Jeremiah.txt	466130	2170	2030205-2030211	7	0	976a463cf1536e2160fc67ad7d1b90df9f4801ffe20fd362ea6e4f4097ecc183	linguistics/books/DSS-Jeremiah-Linguistics.txt	699911	3211	ede1906f27715fdb73ebc5c0d6cf8ea03d591a2838058d748a38e248c5acbd11	ALL_LETTER_SLOTS_RECONSTRUCTED	17	15	15	0	0	17	0	0	1	0	0	0	0
L1599406-R002	biblical_book	Jer	8	16		4Q70	1606727	f3+4i+5_7	21	1599406				books/DSS-Jeremiah.txt	468300	3444	2030212-2030222	11	1	9f4f245f91a915b0a73ea74f6011b1b1ad5ba4a1582118e3698d12516167c37a	linguistics/books/DSS-Jeremiah-Linguistics.txt	703122	5010	5fa9eb90c1921e46c9159501376a95f632353097587952c26ccabc1c766ec39b	ALL_LETTER_SLOTS_RECONSTRUCTED	40	38	38	0	0	40	0	0	0	0	0	0	0
L1599407-R001	biblical_book	Jer	8	16		4Q70	1606727	f3+4i+5_7	22	1599407				books/DSS-Jeremiah.txt	471744	3470	2030223-2030236	14	0	970e3ac49c687c29fbb386413cfc890ddfcef0b3225f62a91f435a0e34349410	linguistics/books/DSS-Jeremiah-Linguistics.txt	708132	5900	0e2d9d05566e94bad5c3ccd3c3fb96b3a704751b5c00b5efea15ad369488251f	ALL_LETTER_SLOTS_RECONSTRUCTED	39	35	35	0	0	39	0	0	1	0	0	0	0
L1599407-R002	biblical_book	Jer	8	17		4Q70	1606727	f3+4i+5_7	22	1599407				books/DSS-Jeremiah.txt	475214	2521	2030237-2030241	5	1	cf02ef43944c733d1883796391d05df79bcbed53c43e0b71b10231b6b963cf43	linguistics/books/DSS-Jeremiah-Linguistics.txt	714032	2495	e544b7f71db28e28456ba360dd8dea5a652e294fcd5a637cc0fc7785e578aa99	ALL_LETTER_SLOTS_RECONSTRUCTED	20	18	18	0	0	20	0	0	0	0	0	0	0
L1599408-R001	biblical_book	Jer	8	17		4Q70	1606727	f3+4i+5_7	23	1599408				books/DSS-Jeremiah.txt	477735	3863	2030242-2030252	11	2	e5d96339ed332c75dc7ea35e816d99ecb6a2174814a84230e257302ebafd722b	linguistics/books/DSS-Jeremiah-Linguistics.txt	716527	4903	93e7609f1db7be35ba705a5f831759738da89b4027c0beee5278d4d8b319a345	ALL_LETTER_SLOTS_RECONSTRUCTED	38	34	34	0	0	38	0	0	1	0	0	0	0
L1599409-R001	biblical_book	Jer	8	18		4Q70	1606727	f3+4i+5_7	24	1599409				books/DSS-Jeremiah.txt	481598	2735	2030253-2030259	7	0	0124ed894e76f9a6fae29948165d04542bde0885ffd3c815b679f7e1913f2a59	linguistics/books/DSS-Jeremiah-Linguistics.txt	721430	3360	f22dd644044377771e243d5e5a6f573129f34eb12e487bf0260a116d27755168	PARTLY_RECONSTRUCTED	29	24	23	1	0	28	1	0	1	0	0	0	0
L1599409-R002	biblical_book	Jer	8	19		4Q70	1606727	f3+4i+5_7	24	1599409				books/DSS-Jeremiah.txt	484333	3020	2030260-2030266	7	2	713908a49b46cdb5c37961f188a4594e75028337c5abac769f945e958a2d2c8b	linguistics/books/DSS-Jeremiah-Linguistics.txt	724790	3276	46d3f44fc3a6064567b1f222f44aebdf2d42ed2b60a22817b6618527685af133	ALL_LETTER_SLOTS_RECONSTRUCTED	20	19	19	0	0	20	0	0	0	0	0	0	0
L1599410-R001	biblical_book	Jer	8	19		4Q70	1606727	f3+4i+5_7	25	1599410				books/DSS-Jeremiah.txt	487353	4902	2030267-2030284	18	1	8d9e906cb70da255e07a3b91170576b9e2fbf8a0c3d91a01399ea0416e88db1d	linguistics/books/DSS-Jeremiah-Linguistics.txt	728066	7863	d1abac53b0a36e624ac0e1c3e69b6a6b106b92db60027f42a035ea39e5bf0ec3	PARTLY_RECONSTRUCTED	62	56	49	2	5	53	2	0	1	0	0	0	0
L1599411-R001	biblical_book	Jer	8	20		4Q70	1606727	f3+4i+5_7	26	1599411				books/DSS-Jeremiah.txt	492255	2550	2030285-2030293	9	0	3a0cb59eb8f4f542d4d50ba705babef1655b7e0f2f06f66e176ef5c025b72dc8	linguistics/books/DSS-Jeremiah-Linguistics.txt	735929	4073	0a5add0bb5bcb07bb053c47be4586de74fe89b563e59fc2010224e22a4270712	ALL_LETTER_SLOTS_RECONSTRUCTED	29	27	27	0	0	29	0	0	1	0	0	0	0
L1599411-R002	biblical_book	Jer	8	21		4Q70	1606727	f3+4i+5_7	26	1599411				books/DSS-Jeremiah.txt	494805	2692	2030294-2030300	7	1	44887b3c7222e158c2e9be3bcd5a780ce4c0b1c71dce9f49dd76abc7418a8c8f	linguistics/books/DSS-Jeremiah-Linguistics.txt	740002	3299	7b7f370f8abf3ba807a551a326ddae3d922a5d85b7512532e73594fb645be937	ALL_LETTER_SLOTS_RECONSTRUCTED	25	24	24	0	0	25	0	0	0	0	0	0	0
L1599412-R001	biblical_book	Jer	8	21		4Q70	1606727	f3+4i+5_7	27	1599412				books/DSS-Jeremiah.txt	497497	1622	2030301-2030302	2	0	a654473ded5263bb36ac69c46cc4d97948d94cacf28a8097ba8511ae09d09fa7	linguistics/books/DSS-Jeremiah-Linguistics.txt	743301	1182	e8e7894069c37c51858802c7e059bdb5b66de0d04fc8c5fa2d8d1ddea14d859c	ALL_LETTER_SLOTS_RECONSTRUCTED	10	7	7	0	0	10	0	0	1	0	0	0	0
L1599412-R002	biblical_book	Jer	8	22		4Q70	1606727	f3+4i+5_7	27	1599412				books/DSS-Jeremiah.txt	499119	4150	2030303-2030319	17	1	2806bfafcd26165f230716add5883c2f841e215225df7b3a4ec5909926538513	linguistics/books/DSS-Jeremiah-Linguistics.txt	744483	7290	7a1bb252aa307e7f34003ba4db1e2b3b81f104ff2f6e38040e77f052407f027c	ALL_LETTER_SLOTS_RECONSTRUCTED	46	43	43	0	0	44	0	0	1	0	0	0	0
L1599413-R001	biblical_book	Jer	8	23		4Q70	1606727	f3+4i+5_7	28	1599413				books/DSS-Jeremiah.txt	503269	4466	2030320-2030337	18	0	22aed6924ef9ee942bfc54ced73c485085c30521c458f481a4cdc7fd75854ffc	linguistics/books/DSS-Jeremiah-Linguistics.txt	751773	7734	bd1b6060a60b92d0946b481a999e0ceb6a3f725c8d3a72821f7c60486e0d75ef	PARTLY_RECONSTRUCTED	55	50	46	4	0	51	4	0	1	0	0	0	0
L1599413-R002	biblical_book	Jer	9	1		4Q70	1606727	f3+4i+5_7	28	1599413				books/DSS-Jeremiah.txt	507735	1577	2030338	1	1	dcf7b91e5eefc26080049466d3abc60f59aff4225a3dd892d6a72ba6d9a66f3d	linguistics/books/DSS-Jeremiah-Linguistics.txt	759507	783	0b308ca23a00f88bd2a5c53c529cbb94b860eb9147773f89253cc8b1f8a44d1c	ALL_LETTER_SLOTS_RECONSTRUCTED	2	2	2	0	0	2	0	0	0	0	0	0	0
L1599414-R001	biblical_book	Jer	9	1		4Q70	1606727	f3+4i+5_7	29	1599414				books/DSS-Jeremiah.txt	509312	4747	2030339-2030355	17	1	b3d3b173fe5e801333cf757f6e4df241c54f775eb31082fbcf4581b5d5084722	linguistics/books/DSS-Jeremiah-Linguistics.txt	760290	7356	840bf4e2286324d2add2f9337d36b0c95d616b77482ccb3257cc885f5d420549	PARTLY_RECONSTRUCTED	58	54	45	2	7	48	2	0	0	0	0	0	0
L1599415-R001	biblical_book	Jer	9	1		4Q70	1606727	f3+4i+5_7	30	1599415				books/DSS-Jeremiah.txt	514059	1551	2030356-2030357	2	0	25b0d0a03a20769b9915d71585076e4350633be754d76fcc9a9b357f78c051e1	linguistics/books/DSS-Jeremiah-Linguistics.txt	767646	1163	00b45279c169cb00851e30f0a01c3a7d0726cf7319c440f4266b32f91dbed258	PARTLY_RECONSTRUCTED	7	5	1	1	3	1	1	0	1	0	0	0	0
L1599415-R002	biblical_book	Jer	9	2		4Q70	1606727	f3+4i+5_7	30	1599415				books/DSS-Jeremiah.txt	515610	4266	2030358-2030374	17	1	b4d8cdb5b0163692c7708bf73bbb00b1d71890d5f7f6278514d8f93c3b0312cc	linguistics/books/DSS-Jeremiah-Linguistics.txt	768809	7253	10c6786dd64788c5d7686522579631efe72c60d3f00b10e9a2777ece3293a612	PARTLY_RECONSTRUCTED	47	45	38	1	6	40	1	0	0	0	0	0	0
L1599416-R001	biblical_book	Jer	9	2		4Q70	1606727	f3+4i+5_7	31	1599416				books/DSS-Jeremiah.txt	519876	3115	2030375-2030384	10	1	1efa13220d8ebfdba76799418466a62f83c59db8e507adf3474ef903db4f07ba	linguistics/books/DSS-Jeremiah-Linguistics.txt	776062	4327	c65fa7d28e6ea9bdcf3936e5e2d9e17f74c930ea17ddbc5b71518395aed0470e	PARTLY_RECONSTRUCTED	29	24	13	1	10	15	1	1	2	0	0	0	0
L1599417-R001	biblical_book	Jer	9	7		4Q70	1606727	f4ii+8_10	4	1599417				books/DSS-Jeremiah.txt	522991	1763	2030385-2030386	2	1	961177fafef21e4b489151a8eafd4cd26039fa07392e4fc91a0bc026b4aa6864	linguistics/books/DSS-Jeremiah-Linguistics.txt	780389	1134	73cc96b47b02410338bece536610fb17e641457d71e0dce6786d99c557ac7958	ALL_LETTER_SLOTS_RECONSTRUCTED	4	2	2	0	0	4	0	1	1	0	0	0	0
L1599418-R001	biblical_book	Jer	9	7		4Q70	1606727	f4ii+8_10	5	1599418				books/DSS-Jeremiah.txt	524754	4409	2030387-2030402	16	0	ed854f189dc05c6893afdf44db2ae876733c363862eb2eeb40ea8a6f564e7d4c	linguistics/books/DSS-Jeremiah-Linguistics.txt	781523	6955	950487aa549427dd36bcf22d0e7a2d1a2e4c89f6fc4eda914c4babde18e55fb2	PARTLY_RECONSTRUCTED	55	48	33	2	13	38	2	0	1	0	0	0	0
L1599418-R002	biblical_book	Jer	9	8		4Q70	1606727	f4ii+8_10	5	1599418				books/DSS-Jeremiah.txt	529163	1707	2030403-2030404	2	1	6406d7af28116f795a773737a6ee25245df1574597db57a9f01fb7e60d6ee9f1	linguistics/books/DSS-Jeremiah-Linguistics.txt	788478	1149	6405c63aea8e5a309b9141418c6811e01d6bf16066f21a27616ee864e5070561	ALL_LETTER_SLOTS_RECONSTRUCTED	3	3	3	0	0	3	0	0	0	0	0	0	0
L1599419-R001	biblical_book	Jer	9	8		4Q70	1606727	f4ii+8_10	6	1599419				books/DSS-Jeremiah.txt	530870	4488	2030405-2030420	16	2	cf7f7e271ab8c9e49aacd8ba431439c4a03c289e282c708f639aa85e965be92d	linguistics/books/DSS-Jeremiah-Linguistics.txt	789627	6762	5f006db5f1f5431b098aca28deebf85dd871a465a0eb3c77b36216b22fbee898	PARTLY_RECONSTRUCTED	45	41	11	1	29	14	1	0	1	0	0	0	0
L1599420-R001	biblical_book	Jer	9	9		4Q70	1606727	f4ii+8_10	7	1599420				books/DSS-Jeremiah.txt	535358	4330	2030421-2030439	19	1	340e3cceef52e256aa3bcd86c1afa2fb2e047fbd48ef16f41706515f7b426868	linguistics/books/DSS-Jeremiah-Linguistics.txt	796389	8064	4a0b6a819a640164450c2ac2510be2f10b7c0f2b5564e0b63727256709451531	PARTLY_RECONSTRUCTED	50	50	22	2	26	22	2	0	0	0	0	0	0
L1599421-R001	biblical_book	Jer	9	9		4Q70	1606727	f4ii+8_10	8	1599421				books/DSS-Jeremiah.txt	539688	3077	2030440-2030452	13	0	e123887ccad4121aa9ff16e53195927e484bf05082745f710e15edd7d50d18d7	linguistics/books/DSS-Jeremiah-Linguistics.txt	804453	5618	8b76350139291096a9ccd68b6f7cc091e50ba4fa8e3354d0c47133c66ba51363	PARTLY_RECONSTRUCTED	37	35	9	0	26	11	0	0	1	0	0	0	0
L1599421-R002	biblical_book	Jer	9	10		4Q70	1606727	f4ii+8_10	8	1599421				books/DSS-Jeremiah.txt	542765	2353	2030453-2030458	6	1	301c267ab72392d3675561121c770d193ab3b8493055e0fc9eeef94887710be7	linguistics/books/DSS-Jeremiah-Linguistics.txt	810071	2874	7586f7d6981bf6b4de499b8baabb3c9ea6b8def94a4e6510a41ed3126d890c6f	ALL_LETTER_SLOTS_RECONSTRUCTED	18	18	18	0	0	18	0	0	0	0	0	0	0
L1599422-R001	biblical_book	Jer	9	10		4Q70	1606727	f4ii+8_10	9	1599422				books/DSS-Jeremiah.txt	545118	3673	2030459-2030470	12	2	c2a2184f9ba55ca726d05120af0d4b1c017fb2a39a14495d535faf45342bc2b4	linguistics/books/DSS-Jeremiah-Linguistics.txt	812945	5297	c810a0650269766296416800a3e4e3d517c1482e798acf0809acf931f83f9911	PARTLY_RECONSTRUCTED	36	34	6	0	28	8	0	0	1	0	0	0	0
L1599423-R001	biblical_book	Jer	9	11		4Q70	1606727	f4ii+8_10	10	1599423				books/DSS-Jeremiah.txt	548791	5065	2030471-2030490	20	1	a5d1b93e311aa122c29e46a7ae6e76dce8e72cdbba9fcdb0d670bc11250e838e	linguistics/books/DSS-Jeremiah-Linguistics.txt	818242	8336	5b8a30b13cdfeeb561bae229870de1a127ed3dafb073d0137c5765c497a1252a	PARTLY_RECONSTRUCTED	52	50	22	6	21	24	6	0	0	0	1	0	0
L1599424-R001	biblical_book	Jer	9	11		4Q70	1606727	f4ii+8_10	11	1599424				books/DSS-Jeremiah.txt	553856	2570	2030491-2030499	9	0	d1b0e3ed25eaaf417e06fc9b532d0e8b7966eca0fab6c327ac58890cdfc38e6b	linguistics/books/DSS-Jeremiah-Linguistics.txt	826578	4006	04b590f10306fc0f44257e991473066dd23fc2357f9c4f0f768295f3d6534cac	PARTLY_RECONSTRUCTED	22	20	3	3	14	5	3	0	1	0	0	0	0
L1599424-R002	biblical_book	Jer	9	12		4Q70	1606727	f4ii+8_10	11	1599424				books/DSS-Jeremiah.txt	556426	3376	2030500-2030508	9	1	cd6dc4c32e6873c00eb0fdf4d49eb0db93e7a3e826dda1b166e0b93917221def	linguistics/books/DSS-Jeremiah-Linguistics.txt	830584	4113	0607fdb8d21c76c66786c6e21858dd9eaac1193199aca964aff82d562c90dbce	PARTLY_RECONSTRUCTED	31	29	16	3	10	17	3	0	0	0	0	0	0
L1599425-R001	biblical_book	Jer	9	12		4Q70	1606727	f4ii+8_10	12	1599425				books/DSS-Jeremiah.txt	559802	3435	2030509-2030520	12	0	244794ef7f67c8b9f4ee028a618b75696a34e907804acce94bb0d4df420c5856	linguistics/books/DSS-Jeremiah-Linguistics.txt	834697	5133	2abaad4a7807019825c773112fdf43443a0cbe69e0400a6201919e00ab9e8e2d	PARTLY_RECONSTRUCTED	33	28	4	4	20	4	4	0	1	0	0	0	0
L1599425-R002	biblical_book	Jer	9	13		4Q70	1606727	f4ii+8_10	12	1599425				books/DSS-Jeremiah.txt	563237	2970	2030521-2030529	9	1	a63f46454a08e7b946773758b7ec8b73a3aafec694bb05bcdd72e337923fc851	linguistics/books/DSS-Jeremiah-Linguistics.txt	839830	4072	69f774411d04ea41340de62bc045bc321ac175f9f326bb2971354c56c83611de	PARTLY_RECONSTRUCTED	29	28	18	0	10	19	0	0	0	0	0	0	0
L1599426-R001	biblical_book	Jer	9	13		4Q70	1606727	f4ii+8_10	13	1599426				books/DSS-Jeremiah.txt	566207	2798	2030530-2030533	4	2	a54990a9ea4057e65cf4a1d35b18b67149e374177b8797bb354ae04a06e03af3	linguistics/books/DSS-Jeremiah-Linguistics.txt	843902	2011	5ce5f0ad1cd8c398fa06ce3c108e8f85d255e2ca813cc2c9c9f05c3e7315a8e7	PARTLY_RECONSTRUCTED	17	13	2	1	10	5	1	0	1	0	0	0	0
L1599427-R001	biblical_book	Jer	9	14		4Q70	1606727	f4ii+8_10	14	1599427				books/DSS-Jeremiah.txt	569005	4442	2030534-2030549	16	1	3399aea5488f3b729e5c6b6efc9b901172c0ea6d86216357477424f6a3872a86	linguistics/books/DSS-Jeremiah-Linguistics.txt	845913	7000	b14aff55ad78b9a2a5f9a8c6cd07dbd0c7435fcc94a572632336df5b68ec2dfb	PARTLY_RECONSTRUCTED	50	48	27	1	19	27	1	0	0	0	1	0	0
L1599428-R001	biblical_book	Jer	9	14		4Q70	1606727	f4ii+8_10	15	1599428				books/DSS-Jeremiah.txt	573447	2105	2030550-2030554	5	0	ed77c7f28a44fa4e2c5423ac278262367561dbb67b9e374ca897a1e503acd400	linguistics/books/DSS-Jeremiah-Linguistics.txt	852913	2393	991b2d7b30930a6b21088bfddb6ca0e3689065b4e2cfe651d100b27fe99fa668	PARTLY_RECONSTRUCTED	16	13	11	2	0	14	2	0	1	0	0	0	0
L1599428-R002	biblical_book	Jer	9	15		4Q70	1606727	f4ii+8_10	15	1599428				books/DSS-Jeremiah.txt	575552	4196	2030555-2030568	14	1	692cdc9ddbeac48e052dcfca90b76a0140d61b530095192d80036216af4ef203	linguistics/books/DSS-Jeremiah-Linguistics.txt	855306	6078	1e1583e16b2b5372d9c7105782bf3a19f795dabcc2248becf1cae3cf9febc175	PARTLY_RECONSTRUCTED	48	45	43	2	0	46	2	0	0	0	0	0	0
L1599429-R001	biblical_book	Jer	9	15		4Q70	1606727	f4ii+8_10	16	1599429				books/DSS-Jeremiah.txt	579748	3065	2030569-2030574	6	2	8fa13fed7ef76efeae427189c22df73713d50180b64c7d4aebf1d30a691ab3f2	linguistics/books/DSS-Jeremiah-Linguistics.txt	861384	2756	2d64eb136916a8132f03fca88a64bbb6131a7ff1c1b68a2b1344d27e18470463	PARTLY_RECONSTRUCTED	19	15	12	0	3	16	0	0	1	0	0	0	0
L1599430-R001	biblical_book	Jer	10	9		4Q70	1606727	f11_12	1	1599430				books/DSS-Jeremiah.txt	582813	3312	2030575-2030585	11	0	d2ae227d557cf07cba2a48dcc896d7479d8aac0a161f4b5c98c126ab889b636d	linguistics/books/DSS-Jeremiah-Linguistics.txt	864140	4980	c39cd0a2f94f2d97f18b3b2aa7d5daed218cfd93160191cb30ebbb3893b6500c	PARTLY_RECONSTRUCTED	39	35	31	2	2	35	2	0	1	0	0	0	0
L1599430-R002	biblical_book	Jer	10	10		4Q70	1606727	f11_12	1	1599430				books/DSS-Jeremiah.txt	586125	2386	2030586-2030591	6	1	c49846e123559752802d4465b39388e65cd1eca46c469b29bf5fa33af5e7df0a	linguistics/books/DSS-Jeremiah-Linguistics.txt	869120	2933	2279435f389c06db82f2f87ae12754bbbcc3151fc1bea109741d9bff8f28d204	ALL_LETTER_SLOTS_RECONSTRUCTED	21	21	21	0	0	21	0	0	0	0	0	0	0
L1599431-R001	biblical_book	Jer	10	10		4Q70	1606727	f11_12	2	1599431				books/DSS-Jeremiah.txt	588511	4469	2030592-2030606	15	2	5146045ef935762ac5f28145fc9a5d6fb5636d8f3403b7d229bee48333d56277	linguistics/books/DSS-Jeremiah-Linguistics.txt	872053	6441	1c58ec0494c3e47e2c53213e7e56377b342d3613a26de145202237cb430f367e	PARTLY_RECONSTRUCTED	44	40	30	2	8	34	2	0	1	0	0	0	0
L1599432-R001	biblical_book	Jer	10	11		4Q70	1606727	f11_12	3	1599432		a		books/DSS-Jeremiah.txt	592980	5550	2030607-2030629	23	1	8cc88c49d1d8c15d4152c6121f93db874b275b4eef21cb150e2bbe8b2ccf3609	linguistics/books/DSS-Jeremiah-Linguistics.txt	878494	9569	d2f4db87409328088d3dd744503e932b18126654835d9e156d75bec60b94e11d	PARTLY_RECONSTRUCTED	57	56	46	0	9	46	0	0	0	0	1	0	0
L1599433-R001	biblical_book	Jer	10	11		4Q70	1606727	f11_12	4	1599433		a		books/DSS-Jeremiah.txt	598530	1257	2030630	1	0	d4dbd33f1f33a369c5a834de7cda458a7e1c108f58607ecab1d38fb62e8e1048	linguistics/books/DSS-Jeremiah-Linguistics.txt	888063	810	ee42072a39bcebbc7e529501e24acffc47248ff9057d2ac40f35a27a8eec2c1f	NO_LETTER_RECONSTRUCTION_MARKED	3	3	0	0	3	0	0	0	0	0	0	0	0
L1599433-R002	biblical_book	Jer	10	11		4Q70	1606727	f11_12	4	1599433				books/DSS-Jeremiah.txt	599787	2206	2030631	1	3	2561d7b7f948ad68d6d25b9456aba8a08330dfeee402133f2e6570e6f11f5d24	linguistics/books/DSS-Jeremiah-Linguistics.txt	888873	731	8cc509d29fef3eca79fab233b4f863363511d752d7baa59e4dde655c38a14bbe	NO_LETTER_SLOTS	2	0	0	0	0	0	0	0	1	0	0	0	0
L1599435-R001	biblical_book	Jer	10	12		4Q70	1606727	f11_12	6	1599435				books/DSS-Jeremiah.txt	601993	3615	2030632-2030645	14	0	153907057bb02cb8915f776f5491c2d8e01f421d46ade912edf1fcf944146aff	linguistics/books/DSS-Jeremiah-Linguistics.txt	889604	6133	3969ff9e56f0b6c2648f2efa04157fc0e9777bd8d07b50e77b5f048266f54765	PARTLY_RECONSTRUCTED	43	38	35	0	3	38	0	0	1	0	0	0	0
L1599435-R002	biblical_book	Jer	10	13		4Q70	1606727	f11_12	6	1599435				books/DSS-Jeremiah.txt	605608	2432	2030646-2030650	5	1	ee02d7204e9bca7f9cde075d34ad2107decb2c21bfe015126e51de32d4fc81bc	linguistics/books/DSS-Jeremiah-Linguistics.txt	895737	2460	93a9a349f30106139fa954401d240caa298cbe7c2d16cd3d79bb373decd3ac7d	PARTLY_RECONSTRUCTED	15	14	9	4	1	9	4	0	0	0	0	0	0
L1599436-R001	biblical_book	Jer	10	13		4Q70	1606727	f11_12	7	1599436				books/DSS-Jeremiah.txt	608040	4101	2030651-2030668	18	0	0ba9da482f8a9aa95099b6e87eb9c21b90e589690e919701908174101d7c7eb2	linguistics/books/DSS-Jeremiah-Linguistics.txt	898197	7726	c80e4304fdcdfa3c769bb109c4a779115975a694b7beb0e541a4eb672bfde595	PARTLY_RECONSTRUCTED	52	49	42	2	5	45	2	0	1	0	0	0	0
L1599436-R002	biblical_book	Jer	10	14		4Q70	1606727	f11_12	7	1599436				books/DSS-Jeremiah.txt	612141	1742	2030669-2030670	2	1	d27c43bff6f2982a418fb42602a93168e86d51d8a7db2c6d1915d140e773a59e	linguistics/books/DSS-Jeremiah-Linguistics.txt	905923	1200	5f7ec071a74edae41da79c695e10b937499a3313856530e617bcc709b9949ab6	ALL_LETTER_SLOTS_RECONSTRUCTED	6	6	6	0	0	6	0	0	0	0	0	0	0
L1599437-R001	biblical_book	Jer	10	14		4Q70	1606727	f11_12	8	1599437				books/DSS-Jeremiah.txt	613883	4287	2030671-2030687	17	1	91f8cef5313a698a63a62428dcdf6cdd60d52a2ddc05006ed34a7916608c994a	linguistics/books/DSS-Jeremiah-Linguistics.txt	907123	7201	bca91dd2ab659e95a69733bbd9254bf8c72324b424765ef8e2caa45262dda94f	PARTLY_RECONSTRUCTED	43	37	32	2	3	35	2	1	2	0	0	0	0
L1599438-R001	biblical_book	Jer	10	23		4Q70	1606727	f13	2	1599438				books/DSS-Jeremiah.txt	618170	3828	2030688-2030703	16	0	3fea6725cd9db3ca53875363ceb7a6f48575357a2bdac20710d83c23828e063d	linguistics/books/DSS-Jeremiah-Linguistics.txt	914324	6783	3dc29eaa1bcb99b89f6b528cfe1a3741ffcd4f14288b8b1994dd9ab7edc90686	PARTLY_RECONSTRUCTED	45	41	32	1	8	36	1	0	1	0	0	0	0
L1599438-R002	biblical_book	Jer	10	24		4Q70	1606727	f13	2	1599438				books/DSS-Jeremiah.txt	621998	1576	2030704	1	1	5a5950e7694a3ed5d3b6ed77f84d772031cc498a0c5e00779d214abbf4e8c837	linguistics/books/DSS-Jeremiah-Linguistics.txt	921107	741	ef832ba35c3f0a9267c658cf3400b75b5998f1a9f14eb6e5a664256d7bea1eae	NO_LETTER_SLOTS	2	0	0	0	0	2	0	1	1	0	0	0	0
L1599439-R001	biblical_book	Jer	10	24		4Q70	1606727	f13	3	1599439				books/DSS-Jeremiah.txt	623574	2108	2030705-2030708	4	1	f61774e7ac967176cdc25fa8c8e279d395a47f56aa7a2ec68aa1ec99a6c5410e	linguistics/books/DSS-Jeremiah-Linguistics.txt	921848	1838	5ab55080a0719d26baf49ccb6ba84e939b9c8bf5947447a1f504a2d96886c449	NO_LETTER_SLOTS	8	0	0	0	0	5	1	2	4	0	0	0	0
L1599440-R001	biblical_book	Jer	11	3		4Q70	1606727	f14	1	1599440				books/DSS-Jeremiah.txt	625682	2720	2030709-2030718	10	0	539b73fd49445051b98445d32e54aa7a64bcc644aeee782d327bec84252b4441	linguistics/books/DSS-Jeremiah-Linguistics.txt	923686	4348	1ee690ab539438d8f0d86ae31774d4ae485f21e2231c5bb9ffef6dc5b5357eb6	PARTLY_RECONSTRUCTED	26	24	14	2	8	16	2	0	1	0	0	0	0
L1599440-R002	biblical_book	Jer	11	4		4Q70	1606727	f14	1	1599440				books/DSS-Jeremiah.txt	628402	2234	2030719-2030722	4	1	b5ba19ba46df7dd95307a1bfbef77ee85a8c233d2f38eb02269645e12631a90c	linguistics/books/DSS-Jeremiah-Linguistics.txt	928034	2048	5f43a4a95c9129b0a6301d7b7f9d97f852e121cd0e6fe525312a862164c8ac3f	ALL_LETTER_SLOTS_RECONSTRUCTED	18	17	17	0	0	18	0	0	0	0	0	0	0
L1599441-R001	biblical_book	Jer	11	4		4Q70	1606727	f14	2	1599441				books/DSS-Jeremiah.txt	630636	3917	2030723-2030735	13	1	02b8eec007dc00cc44ae7162cedd3da4541aad701d99f55410618cddbd214cf9	linguistics/books/DSS-Jeremiah-Linguistics.txt	930082	5729	9d0c0f8051c0c5cf4a0d6cd9b0c72be2dff0b6fa91ae2e75dd27cc85bfef101b	PARTLY_RECONSTRUCTED	38	36	16	3	17	17	3	0	0	0	0	0	0
L1599442-R001	biblical_book	Jer	11	4		4Q70	1606727	f14	3	1599442				books/DSS-Jeremiah.txt	634553	4436	2030736-2030751	16	1	4e147151ed1a86d59f5d9911b84d664393f95d934d3be20fb629eacd211e0ebf	linguistics/books/DSS-Jeremiah-Linguistics.txt	935811	6754	184f18aaaa3cffe4585812fb5b6d52f073e24ae4924bcc4940fd35ec2d743d82	PARTLY_RECONSTRUCTED	48	44	15	5	24	16	5	0	0	0	0	0	0
L1599443-R001	biblical_book	Jer	11	4		4Q70	1606727	f14	4	1599443				books/DSS-Jeremiah.txt	638989	2360	2030752-2030758	7	0	ca1d6665ddef6aa3764233c1d12da766d1c69aea5143414e8c2752e48544b52a	linguistics/books/DSS-Jeremiah-Linguistics.txt	942565	3189	aacf6324f7b9fc58b7fc75a38f6f76ba6671e453ee393e69f977b95d1565bb6b	PARTLY_RECONSTRUCTED	21	18	13	1	4	14	1	0	1	0	0	0	0
L1599443-R002	biblical_book	Jer	11	5		4Q70	1606727	f14	4	1599443				books/DSS-Jeremiah.txt	641349	2568	2030759-2030765	7	1	5466fd56488fbf647603c415250763fc047d1d09bc44630f75f627ee599ee72a	linguistics/books/DSS-Jeremiah-Linguistics.txt	945754	3315	26d9ffc67b35e00ec85295d2c90edc33ed5a2d43cf420175550dfaf305327b54	NO_LETTER_RECONSTRUCTION_MARKED	25	25	0	2	23	0	2	0	0	0	0	0	0
L1599444-R001	biblical_book	Jer	11	5		4Q70	1606727	f14	5	1599444				books/DSS-Jeremiah.txt	643917	4683	2030766-2030783	18	1	0896e73fe8ff67308c1beae9dfd624936c252167591580a5c933384da7ab5e75	linguistics/books/DSS-Jeremiah-Linguistics.txt	949069	7534	5abea65408f60e735ba0c73fcf652d5bfec186f659e7ea2e881fc5740a9980ac	PARTLY_RECONSTRUCTED	44	42	26	7	9	27	7	0	0	0	0	0	0
L1599445-R001	biblical_book	Jer	11	5		4Q70	1606727	f14	6	1599445				books/DSS-Jeremiah.txt	648600	1592	2030784-2030786	3	0	3ccde13cf19aa42a08d05e3b5e61f4e7c2319c00debfa2e82ca1cde89729ce3c	linguistics/books/DSS-Jeremiah-Linguistics.txt	956603	1551	40d534cbffbb5d67d22cd6818e04d133302d9964019c571c2a9881cbf5bcbadc	ALL_LETTER_SLOTS_RECONSTRUCTED	9	7	7	0	0	9	0	0	1	0	0	0	0
L1599445-R002	biblical_book	Jer	11	6		4Q70	1606727	f14	6	1599445				books/DSS-Jeremiah.txt	650192	3888	2030787-2030801	15	1	da0218b23aa551874da92da6fc14da9c1a5c41e9476a4129402fa5cc56ffc7dc	linguistics/books/DSS-Jeremiah-Linguistics.txt	958154	6383	fb33345da362cf36347168be432b18e255853b137c6e6eea08cf97c6d57dcbc4	PARTLY_RECONSTRUCTED	41	38	33	1	4	33	1	0	1	0	0	0	0
L1599446-R001	biblical_book	Jer	11	19		4Q70	1606727	f15	1	1599446				books/DSS-Jeremiah.txt	654080	4916	2030802-2030820	19	1	9cfa5512cf45a98fb6c09476c0df4df1abe910c1723394948a3faeb95e66eb53	linguistics/books/DSS-Jeremiah-Linguistics.txt	964537	8105	615f7e1fe565090706038429c3171a6c083a9138c680516b5848210bf2ad91f4	PARTLY_RECONSTRUCTED	62	58	54	1	3	58	1	0	0	0	0	0	0
L1599447-R001	biblical_book	Jer	11	19		4Q70	1606727	f15	2	1599447				books/DSS-Jeremiah.txt	658996	1581	2030821-2030823	3	0	fe17c8a9f1a8e61903c027accb445b49f1acce60ae1f0077d9fb0102c8dcf277	linguistics/books/DSS-Jeremiah-Linguistics.txt	972642	1545	e38cbd71c8c503027b53fd6b06b4b42d32a60f233bd7172b28c912193003b826	NO_LETTER_RECONSTRUCTION_MARKED	9	7	0	0	7	2	0	0	1	0	0	0	0
L1599447-R002	biblical_book	Jer	11	20		4Q70	1606727	f15	2	1599447				books/DSS-Jeremiah.txt	660577	2741	2030824-2030829	6	2	4d6661e01b7ce5f1f1fe63005b0964f7b19b7d5c6b0e0730e1ec91186f690bee	linguistics/books/DSS-Jeremiah-Linguistics.txt	974187	2815	7bdc4d9715e6350f68381a7bcba9c2ae1fcd3d9ef1eae812c32d0c21fcc3cb8d	ALL_LETTER_SLOTS_RECONSTRUCTED	19	19	19	0	0	19	0	0	0	0	0	0	0
L1599448-R001	biblical_book	Jer	11	20		4Q70	1606727	f15	3	1599448				books/DSS-Jeremiah.txt	663318	4060	2030830-2030842	13	1	259d05fedc07fec61ff42808c82706dbe43a3e1e4bd2f07ced01ae5a9ef3e0c8	linguistics/books/DSS-Jeremiah-Linguistics.txt	977002	5645	7ba8edf38a49dacb16d149c13630eb7e8e29c59be2e66d29afd9ad7af153c7ad	PARTLY_RECONSTRUCTED	45	37	28	1	8	34	1	1	2	0	0	0	0
L1599449-R001	biblical_book	Jer	12	3		4Q70	1606727	f16	1	1599449				books/DSS-Jeremiah.txt	667378	4605	2030843-2030858	16	1	f17daa2b4271974d33920d7a495e0a62aedac956350d5170e1225c49402e7309	linguistics/books/DSS-Jeremiah-Linguistics.txt	982647	6789	d9ae15ec64620cc77e04d9a0b56f32d72d2b2a2771a0c39e841687082daf61e6	PARTLY_RECONSTRUCTED	50	43	39	2	2	43	2	0	1	0	0	0	0
L1599450-R001	biblical_book	Jer	12	4		4Q70	1606727	f16	2	1599450				books/DSS-Jeremiah.txt	671983	4224	2030859-2030874	16	1	8853a3f33f7c90ce83e7864e9f40dd2af49b5faa1339bea2d7c83ddccfbc60af	linguistics/books/DSS-Jeremiah-Linguistics.txt	989436	6800	e736b7e76dd90f03cfcad2808bdc321824c195ce5ef4090aae46b86e401d2327	PARTLY_RECONSTRUCTED	42	41	30	7	4	31	7	0	0	0	0	0	0
L1599451-R001	biblical_book	Jer	12	4		4Q70	1606727	f16	3	1599451				books/DSS-Jeremiah.txt	676207	3246	2030875-2030885	11	0	4700296128e1e07a51691c1889f32410a2e11e08358b79b7d329b1e16729721e	linguistics/books/DSS-Jeremiah-Linguistics.txt	996236	4918	948efc123b88f702ad000e42e01f827fb9af7e28d5b72882df13127d17581be8	PARTLY_RECONSTRUCTED	40	37	20	1	15	23	1	0	1	0	0	1	0
L1599451-R002	biblical_book	Jer	12	5		4Q70	1606727	f16	3	1599451				books/DSS-Jeremiah.txt	679453	2095	2030886-2030887	2	2	cd67d7cdc351c7c362b04798e0deff0997e527a1612e573faf2b0d3164008d85	linguistics/books/DSS-Jeremiah-Linguistics.txt	1001154	1174	e8b3d395044400eaf1b5a9f91d7e25dea395afe98d95097aebcc6c34f161c2ee	ALL_LETTER_SLOTS_RECONSTRUCTED	4	4	4	0	0	4	0	0	0	0	0	0	0
L1599452-R001	biblical_book	Jer	12	5		4Q70	1606727	f16	4	1599452				books/DSS-Jeremiah.txt	681548	4495	2030888-2030905	18	1	2d7478fbd230a9b16064286d178cc6454fa203dee809bbf02a99287483e6be68	linguistics/books/DSS-Jeremiah-Linguistics.txt	1002328	7695	933c32a88d646f3dc776693c497af1bb3a5253817bf12bf0451d299196d9479a	PARTLY_RECONSTRUCTED	53	52	36	2	13	37	2	0	0	0	1	0	0
L1599453-R001	biblical_book	Jer	12	5		4Q70	1606727	f16	5	1599453				books/DSS-Jeremiah.txt	686043	2021	2030906-2030911	6	0	092a11401b6159902ce1b9ac08da3840221259a0d07160302fd3e213e2036121	linguistics/books/DSS-Jeremiah-Linguistics.txt	1010023	2796	14ca3a5d894cd845ac7d8210b98720960c6b38c3d4aa33fae018693730e82ab2	ALL_LETTER_SLOTS_RECONSTRUCTED	16	14	14	0	0	16	0	0	1	0	0	0	0
L1599453-R002	biblical_book	Jer	12	6		4Q70	1606727	f16	5	1599453				books/DSS-Jeremiah.txt	688064	3666	2030912-2030923	12	1	b54ee3b63c8bb028b7195fc4835ec76bea1e0562273648c059a0e3ea2039beb3	linguistics/books/DSS-Jeremiah-Linguistics.txt	1012819	5204	39ddf555b380301896dcbb0cadc22856b439b82229501a94851a7e8186522d50	PARTLY_RECONSTRUCTED	35	32	19	1	12	20	1	0	0	0	0	0	0
L1599454-R001	biblical_book	Jer	12	6		4Q70	1606727	f16	6	1599454				books/DSS-Jeremiah.txt	691730	3294	2030924-2030934	11	0	3d43fee1ad44eca8877d83a7a1d8885a8205aa3bba42d9917a86975fb5584307	linguistics/books/DSS-Jeremiah-Linguistics.txt	1018023	4876	4f9df2efcd91d8639430d7d12466dead49955af5a518af94c549f5a42afee4af	PARTLY_RECONSTRUCTED	41	36	25	2	9	28	2	0	1	0	0	0	0
L1599454-R002	biblical_book	Jer	12	7		4Q70	1606727	f16	6	1599454				books/DSS-Jeremiah.txt	695024	1741	2030935-2030936	2	1	5864390c508c03b62c12bb1fe86a479db8ec62474214a2fe4e3de4a5cac9b9cf	linguistics/books/DSS-Jeremiah-Linguistics.txt	1022899	1198	379f34d09588285b41c67366a98fc00a91fc6f90c1b7c789d6b1146777e2db6f	ALL_LETTER_SLOTS_RECONSTRUCTED	7	7	7	0	0	7	0	0	0	0	0	0	0
L1599455-R001	biblical_book	Jer	12	7		4Q70	1606727	f16	7	1599455				books/DSS-Jeremiah.txt	696765	4211	2030937-2030949	13	1	d8db9d26e07eda4c90327fa523acb7d44c712efc49513ecbd27e033708d75c85	linguistics/books/DSS-Jeremiah-Linguistics.txt	1024097	5755	41d0d4dcf012f56fd02308888d06c82475d1c0354b32c7d2569c4e8341c61fca	PARTLY_RECONSTRUCTED	47	39	35	3	1	40	3	1	2	0	0	0	0
L1599456-R001	biblical_book	Jer	12	13		4Q70	1606727	f17_20	1	1599456				books/DSS-Jeremiah.txt	700976	4325	2030950-2030964	15	2	124679553bd2d094ebe5011ef0e0648a7311cf7548ef7f8fed4efae0836bcbfd	linguistics/books/DSS-Jeremiah-Linguistics.txt	1029852	6460	e9dd5e6ca4048c033ff4df3b298387b7d704d263853dc42f55670029be08bd52	PARTLY_RECONSTRUCTED	47	44	38	0	6	41	0	0	1	0	0	0	0
L1599457-R001	biblical_book	Jer	12	14		4Q70	1606727	f17_20	2	1599457				books/DSS-Jeremiah.txt	705301	3967	2030965-2030979	15	1	a19217bd2b73cb6f97202c4c414e9155510daa9bfdc8466eccdc7221c04be0a3	linguistics/books/DSS-Jeremiah-Linguistics.txt	1036312	6489	8e58cba5d18d36e146d0bc1742001c82641f77ef20dce32f5edeab1961df93c2	PARTLY_RECONSTRUCTED	45	44	31	4	9	31	4	0	0	0	0	0	0
L1599458-R001	biblical_book	Jer	12	14		4Q70	1606727	f17_20	3	1599458				books/DSS-Jeremiah.txt	709268	4078	2030980-2030992	13	1	2470c197201dc74b6a7415c9c2032ec2a932f255dc372f9b28a481166462e160	linguistics/books/DSS-Jeremiah-Linguistics.txt	1042801	5892	9840fee8639676925299ff529d9e83a4e033efd113ce3bb1e27e8cd807e1ee96	PARTLY_RECONSTRUCTED	46	42	28	2	12	30	2	0	0	0	0	0	0
L1599459-R001	biblical_book	Jer	12	14		4Q70	1606727	f17_20	4	1599459				books/DSS-Jeremiah.txt	713346	1684	2030993-2030995	3	0	1e7ff2ad3f051d36cf36fab05114324227915da915d226d5316e0f0eecf6f48f	linguistics/books/DSS-Jeremiah-Linguistics.txt	1048693	1567	4a4f9fef69b4c5e3d1d647653b6c786fded1ce1120e5a8399d0e72bdc9fb0fef	PARTLY_RECONSTRUCTED	8	5	4	0	1	7	0	0	1	0	0	0	0
L1599459-R002	biblical_book	Jer	12	15		4Q70	1606727	f17_20	4	1599459				books/DSS-Jeremiah.txt	715030	3746	2030996-2031006	11	1	092ffee3e5c2104e6bd2180f90947770122c44beac60c275aa2c2c4ad371da00	linguistics/books/DSS-Jeremiah-Linguistics.txt	1050260	4878	9f7302501f67187b8e6c4bb3967d2f7b7db9ce490021cd30832d516d68ccdb35	PARTLY_RECONSTRUCTED	41	37	33	0	4	36	0	0	0	0	0	0	0
L1599460-R001	biblical_book	Jer	12	15		4Q70	1606727	f17_20	5	1599460				books/DSS-Jeremiah.txt	718776	2416	2031007-2031013	7	0	e674128b1c49cf5d9965d165dca571b26179f4c80cd2b7fca110563b05d439aa	linguistics/books/DSS-Jeremiah-Linguistics.txt	1055138	3154	901f85bbe864d5c59ca78312358cadee2023a371d158749d4e21f55da0b294bc	ALL_LETTER_SLOTS_RECONSTRUCTED	19	15	15	0	0	19	0	0	1	0	0	0	0
L1599460-R002	biblical_book	Jer	12	16		4Q70	1606727	f17_20	5	1599460				books/DSS-Jeremiah.txt	721192	3580	2031014-2031025	12	1	89c4f1b2882d2e0a3141e36b8f1ab0db83bef8e52f917bdf29f154f895e1d4b3	linguistics/books/DSS-Jeremiah-Linguistics.txt	1058292	5186	b29c8210d87bf4fdbaa0ae2c7cf8e0a3d610fc1cf4ac4e13fd2e64f50bd7631e	PARTLY_RECONSTRUCTED	34	32	26	1	5	28	1	0	0	0	0	0	0
L1599461-R001	biblical_book	Jer	12	16		4Q70	1606727	f17_20	6	1599461				books/DSS-Jeremiah.txt	724772	3984	2031026-2031042	17	0	b2204095a633b4b34b8e4c1e6f199ac3456ccb2d63a0af61735fd3ce0cac4a71	linguistics/books/DSS-Jeremiah-Linguistics.txt	1063478	7153	a77f57336cb32999faecf91ddbc9ad744584dd930b763e8124a9a6bbc9a99e3a	PARTLY_RECONSTRUCTED	44	40	32	2	6	35	2	0	1	0	0	0	0
L1599461-R002	biblical_book	Jer	12	17		4Q70	1606727	f17_20	6	1599461				books/DSS-Jeremiah.txt	728756	2026	2031043-2031046	4	1	5a6f77658bf100b732739a07f246bf241aea564b6dfb763eac136a2778e0e29f	linguistics/books/DSS-Jeremiah-Linguistics.txt	1070631	1951	08fd8eb90a359054e23ff8fa380a13bfb67bd41f57df015edb3f2582bc4e2e6c	ALL_LETTER_SLOTS_RECONSTRUCTED	10	10	10	0	0	10	0	0	0	0	0	0	0
L1599462-R001	biblical_book	Jer	12	17		4Q70	1606727	f21_22i	1	1599462				books/DSS-Jeremiah.txt	730782	3808	2031047-2031059	13	2	d6975203b91e95de39a29c9e882d7ed39011846e038e6a243242485cb1a0a955	linguistics/books/DSS-Jeremiah-Linguistics.txt	1072582	5518	cb855bb09018b118ef52d26f23a7bfcae25798d5687a3d10ee6d082db35837a6	PARTLY_RECONSTRUCTED	33	31	3	1	27	5	1	0	1	0	0	0	0
L1599463-R001	biblical_book	Jer	13	1		4Q70	1606727	f21_22i	2	1599463				books/DSS-Jeremiah.txt	734590	4722	2031060-2031077	18	1	ed345841aa318b165668981a8921f7334c9946aed1a06b6b0900d4b73ccfc560	linguistics/books/DSS-Jeremiah-Linguistics.txt	1078100	7689	57237b4820f07c5b458ffee7e27080b39ee61ea33d1cb03b65ad4ae936c2fd70	PARTLY_RECONSTRUCTED	55	51	19	3	29	21	3	0	0	0	0	0	0
L1599464-R001	biblical_book	Jer	13	1		4Q70	1606727	f21_22i	3	1599464				books/DSS-Jeremiah.txt	739312	1551	2031078-2031079	2	0	0ccf08b11bf17c07d3df564bc1ce199da2810778c677ce39f08315eca1f69e3c	linguistics/books/DSS-Jeremiah-Linguistics.txt	1085789	1155	b910e90eac19970dd6fef5dc893d33bee14b3ad17b1d99ab28e4951f69f35ca3	NO_LETTER_RECONSTRUCTION_MARKED	8	5	0	0	5	0	0	0	1	0	0	0	0
L1599464-R002	biblical_book	Jer	13	2		4Q70	1606727	f21_22i	3	1599464				books/DSS-Jeremiah.txt	740863	3055	2031080-2031092	13	0	d352e2a37c36b849e8c16983bc6bc7e4ebcac1dbfcc3f801deb5591a582a5fc5	linguistics/books/DSS-Jeremiah-Linguistics.txt	1086944	5555	f1dc4039fd70d9d4876f13201f0843d791acdd59cfb07253a32dd298e699d315	NO_LETTER_RECONSTRUCTION_MARKED	33	30	0	0	30	0	0	0	1	0	0	0	0
L1599464-R003	biblical_book	Jer	13	3		4Q70	1606727	f21_22i	3	1599464				books/DSS-Jeremiah.txt	743918	2416	2031093-2031097	5	1	bc41a915be95f1e5c9a8c4e8d5bdbbd71d7eab03db470071aa2c9b83d0e72726	linguistics/books/DSS-Jeremiah-Linguistics.txt	1092499	2407	570e56839844d7b0ac95e4fa38c72893258b3b5777c06ad02113040cc108abec	PARTLY_RECONSTRUCTED	15	14	11	1	2	12	1	0	0	0	0	0	0
L1599465-R001	biblical_book	Jer	13	3		4Q70	1606727	f21_22i	4	1599465				books/DSS-Jeremiah.txt	746334	1685	2031098-2031101	4	0	1e42e84472480b258350a4310c53989f1bca73d3814e7f7276e789fd0257a77c	linguistics/books/DSS-Jeremiah-Linguistics.txt	1094906	1933	06513861b49a269f04bdae1f4e256d22a1a6e425c3f2ae547ff178c32ccddceb	NO_LETTER_RECONSTRUCTION_MARKED	10	8	0	0	8	0	0	0	1	0	0	0	0
L1599465-R002	biblical_book	Jer	13	4		4Q70	1606727	f21_22i	4	1599465				books/DSS-Jeremiah.txt	748019	4168	2031102-2031116	15	1	9779471968987fb297175e1b69075effb4a47ad38d18bb2e611c9e21818e792c	linguistics/books/DSS-Jeremiah-Linguistics.txt	1096839	6521	59c7e24127c44cdb8b577d9357216bc8a60b4e6526c1fde140a031aa0199d087	PARTLY_RECONSTRUCTED	45	42	11	4	27	12	4	0	0	0	0	0	0
L1599466-R001	biblical_book	Jer	13	4		4Q70	1606727	f21_22i	5	1599466				books/DSS-Jeremiah.txt	752187	2014	2031117-2031122	6	0	afe46cfd77417fe3689018f9baa0ecf673545de4130d490745e7d47407778e5b	linguistics/books/DSS-Jeremiah-Linguistics.txt	1103360	2707	d8e23c52ec6d748daae6ce50f01d433b43c5a9c8e298d1095f622c90e4ea5957	NO_LETTER_RECONSTRUCTION_MARKED	13	11	0	1	10	0	1	0	1	0	0	0	0
L1599466-R002	biblical_book	Jer	13	5		4Q70	1606727	f21_22i	5	1599466				books/DSS-Jeremiah.txt	754201	3540	2031123-2031134	12	0	81930f54b854588c2c844a53e56db1a304cc73de0191c3e8190afc7350b66d4b	linguistics/books/DSS-Jeremiah-Linguistics.txt	1106067	5219	72b62d68efaf5f808b19b8f5b12ffca1e2c227a0586cf7b3c2bcf005718af8e5	PARTLY_RECONSTRUCTED	36	31	2	7	21	3	7	0	1	0	5	0	0
L1599466-R003	biblical_book	Jer	13	6		4Q70	1606727	f21_22i	5	1599466				books/DSS-Jeremiah.txt	757741	2129	2031135-2031139	5	1	2bd0b3a1b57c7bfe3dca4015f1856f15fc52bd28291b7261fc38eece49b80fa8	linguistics/books/DSS-Jeremiah-Linguistics.txt	1111286	2343	3e54628baec3256bdc35aca55ef9c92bf28c426e7dbc13539e0bd1708c3dda5c	NO_LETTER_RECONSTRUCTION_MARKED	11	11	0	1	10	0	1	0	0	0	0	0	0
L1599467-R001	biblical_book	Jer	13	6		4Q70	1606727	f21_22i	6	1599467				books/DSS-Jeremiah.txt	759870	5370	2031140-2031158	19	1	c7606901927d8f50bbf0124b971773a7354df71a7310d31fc4445e9fef39580f	linguistics/books/DSS-Jeremiah-Linguistics.txt	1113629	8054	701605fea022abb348b678b424e8e8bb344d31244ddf91e46d1ce0f9ba7ca36d	PARTLY_RECONSTRUCTED	55	51	19	8	24	20	8	0	0	0	0	0	0
L1599468-R001	biblical_book	Jer	13	6		4Q70	1606727	f21_22i	7	1599468				books/DSS-Jeremiah.txt	765240	1425	2031159-2031160	2	0	22185504726d54041a6e2f7e099aa9ab388ad84a89f07fcdfffd22c5975b65bb	linguistics/books/DSS-Jeremiah-Linguistics.txt	1121683	1122	8758c7eef9f0ee184ceeb93bbd3772adf308ff73310546af8038076801d0f135	ALL_LETTER_SLOTS_RECONSTRUCTED	4	2	2	0	0	4	0	0	1	0	0	0	0
L1599468-R002	biblical_book	Jer	13	7		4Q70	1606727	f21_22i	7	1599468				books/DSS-Jeremiah.txt	766665	4876	2031161-2031180	20	1	64026ecb0fe3e98efbf24cf037026a13de23d870c449857496a5d4ca2873c204	linguistics/books/DSS-Jeremiah-Linguistics.txt	1122805	8380	339e67a995b100dc93c043eca17df411c4c7edb9c6274a103e92a398f3831f34	PARTLY_RECONSTRUCTED	56	51	48	2	1	50	2	0	1	0	0	0	0
L1599469-R001	biblical_book	Jer	13	22		4Q70	1606727	f23	1	1599469				books/DSS-Jeremiah.txt	771541	1862	2031181-2031183	3	0	64faa0071395f7ce5a0f1984035bc8f4c3ba2f920ee62164fe37bf81f0f9173f	linguistics/books/DSS-Jeremiah-Linguistics.txt	1131185	1611	d4298277641c393c5f10f294b40f0a4e0748150023521e944466c6395057d419	PARTLY_RECONSTRUCTED	13	10	7	0	3	10	0	0	1	0	0	0	0
L1599469-R002	biblical_book	Jer	13	23		4Q70	1606727	f23	1	1599469				books/DSS-Jeremiah.txt	773403	2939	2031184-2031191	8	1	511c29884c7eb4c5cbafaa508bc4bd4b3dbd88ef519f1852f5905b04abcb4e3f	linguistics/books/DSS-Jeremiah-Linguistics.txt	1132796	3785	64df6d1274abd3497e632d58eb56fbe5c3c8444bccaa22f34b35d91b4005a9d6	ALL_LETTER_SLOTS_RECONSTRUCTED	29	27	27	0	0	29	0	0	0	0	0	0	0
L1599470-R001	biblical_book	Jer	13	23		4Q70	1606727	f23	2	1599470				books/DSS-Jeremiah.txt	776342	2833	2031192-2031199	8	1	b3b72cbc9cc384f05637bc92fdae812becd4d74a64c11b34b403306695987a86	linguistics/books/DSS-Jeremiah-Linguistics.txt	1136581	3592	8321354918636f3ff0da29a8a8b9e330b95974dee90fde4cf626bb50a0fbbc99	PARTLY_RECONSTRUCTED	25	21	20	1	0	22	1	1	2	0	0	0	0
L1599471-R001	biblical_book	Jer	13	27		4Q70	1606727	f24	1	1599471				books/DSS-Jeremiah.txt	779175	2727	2031200-2031206	7	1	f62a9f94d8d2bdfab2543564e17f7db64e5dc32006a283044c0322c3753c87c9	linguistics/books/DSS-Jeremiah-Linguistics.txt	1140173	3154	326fe0384fce1dd37181075f2ccce6fa1bb28118a01472b3ea0ebc0cb0591977	PARTLY_RECONSTRUCTED	20	16	9	3	4	11	3	1	2	0	0	0	0
L1599472-R001	biblical_book	Jer	14	4		4Q70	1606727	f22ii	1	1599472				books/DSS-Jeremiah.txt	781902	2593	2031207-2031213	7	0	e2e32c8e19a4c1f19eb1dea33bfed02180aea53bc50ce28527204d419b57fb35	linguistics/books/DSS-Jeremiah-Linguistics.txt	1143327	3256	a7ed762342a9bbcf9cff31df6ba814d792fd29d854c666add0e23592ca88e355	PARTLY_RECONSTRUCTED	22	19	8	6	5	11	6	0	1	0	0	0	0
L1599472-R002	biblical_book	Jer	14	5		4Q70	1606727	f22ii	1	1599472				books/DSS-Jeremiah.txt	784495	3193	2031214-2031224	11	1	e4b1aa8ea966e3bd4ad6e46c757ce162008ae5fadafc4c2c048ff52f5374595f	linguistics/books/DSS-Jeremiah-Linguistics.txt	1146583	4844	ccdd3b12ae7c1fd053004c40d8625ceef62cfc8fde02aa21f378d95032e3b278	PARTLY_RECONSTRUCTED	28	28	26	1	1	26	1	0	0	0	0	0	0
L1599473-R001	biblical_book	Jer	14	5		4Q70	1606727	f22ii	2	1599473				books/DSS-Jeremiah.txt	787688	1404	2031225-2031226	2	0	01c8a1d0131be7b19c9128fad7cbf23c339fa635def5cdb6bfb43a0c58ac18de	linguistics/books/DSS-Jeremiah-Linguistics.txt	1151427	1153	6bc693d053ecc321554cf869a62b87def2838495c55ea59eaba0215390eac5b6	NO_LETTER_RECONSTRUCTION_MARKED	5	3	0	0	3	0	0	0	1	0	0	0	0
L1599473-R002	biblical_book	Jer	14	6		4Q70	1606727	f22ii	2	1599473				books/DSS-Jeremiah.txt	789092	3650	2031227-2031241	15	0	cdabf7ab23b563f2ac677dd193a0e73f28c5e061a166bb804d230ddedee9357f	linguistics/books/DSS-Jeremiah-Linguistics.txt	1152580	6518	34a9a3a04d218256db1e88672d1a25ca178104fea9e9d6676b21df1fab983409	PARTLY_RECONSTRUCTED	49	46	8	0	37	10	0	0	1	0	0	1	0
L1599473-R003	biblical_book	Jer	14	7		4Q70	1606727	f22ii	2	1599473				books/DSS-Jeremiah.txt	792742	1564	2031242	1	1	bed7e9a64f0ef9c21ae72c61b31c358455255ed2a90a310296454963ab52f68c	linguistics/books/DSS-Jeremiah-Linguistics.txt	1159098	770	96af335c35e692a4bbf6fed9be86b0afc2e0346c0866fdafb6c9cc0121d2c05f	ALL_LETTER_SLOTS_RECONSTRUCTED	2	2	2	0	0	2	0	0	0	0	0	0	0
L1599474-R001	biblical_book	Jer	14	7		4Q70	1606727	f22ii	3	1599474				books/DSS-Jeremiah.txt	794306	4701	2031243-2031256	14	1	9024bfbf84fab602d902b874ffba19985754640df0ffe620b9f7522fa70c7da8	linguistics/books/DSS-Jeremiah-Linguistics.txt	1159868	6179	63a12cd5787eb1978a54b16951334f273a325f6a32ae204dcee59cbe3a953e72	PARTLY_RECONSTRUCTED	55	46	19	6	21	23	6	1	2	0	0	0	0
L1599475-R001	biblical_book	Jer	15	1		4Q70	1606727	f25	1	1599475				books/DSS-Jeremiah.txt	799007	2109	2031257-2031262	6	0	09298b65375af8845aef7c6001567937107394762f45494a74a1515d0d76b68c	linguistics/books/DSS-Jeremiah-Linguistics.txt	1166047	2708	cc5089ff0ea8f843973ecbf43b34d1a415c2c7514e1180727443308e5743e724	PARTLY_RECONSTRUCTED	14	11	3	0	8	5	0	0	1	0	0	0	0
L1599475-R002	biblical_book	Jer	15	2		4Q70	1606727	f25	1	1599475				books/DSS-Jeremiah.txt	801116	3832	2031263-2031275	13	1	849f892625796f697833226fd028842942277c7ac811f29538e172d6707ae946	linguistics/books/DSS-Jeremiah-Linguistics.txt	1168755	5591	cf9a8ae64a158f139ed9a0234c24748e08d8685d293beb311c1c209341f3aae9	ALL_LETTER_SLOTS_RECONSTRUCTED	43	40	40	0	0	43	0	0	0	0	0	0	0
L1599476-R001	biblical_book	Jer	15	2		4Q70	1606727	f25	2	1599476				books/DSS-Jeremiah.txt	804948	4920	2031276-2031299	24	1	d76259e056145f02b628ec17031324bba90be7d64a86d065bc3783817fdc0d98	linguistics/books/DSS-Jeremiah-Linguistics.txt	1174346	9803	d0eebab3eba0f14fc79a0676095884821e15ff583061d6cda0d6d883c62c5b83	PARTLY_RECONSTRUCTED	49	47	41	1	5	41	1	0	1	0	0	0	0
L1599477-R001	biblical_book	Jer	17	8		4Q70	1606727	f26_28	1	1599477				books/DSS-Jeremiah.txt	809868	1998	2031300-2031304	5	0	86346de7429cdc832f88dd1512a7b7366ff4c86754dda2def63f6dfa5709138f	linguistics/books/DSS-Jeremiah-Linguistics.txt	1184149	2393	21a38201e8e15fc5390880bec8e81dd5a9d3d0edf3aea591a5152249a69596c8	PARTLY_RECONSTRUCTED	14	12	7	1	4	9	1	0	1	0	0	0	0
L1599477-R002	biblical_book	Jer	17	9		4Q70	1606727	f26_28	1	1599477				books/DSS-Jeremiah.txt	811866	3483	2031305-2031315	11	1	26bf22fbc1147ef0a70574cdae4919c788ea74fce5e4d75adb015ca515425477	linguistics/books/DSS-Jeremiah-Linguistics.txt	1186542	4699	bbeab2369ec971da1d23986466db00e4736f3d57659e16cf0723b1dfa06adf8b	PARTLY_RECONSTRUCTED	26	23	19	3	1	22	3	0	1	0	0	0	0
L1599477-R003	biblical_book	Jer	17	10		4Q70	1606727	f26_28	1	1599477				books/DSS-Jeremiah.txt	815349	2386	2031316-2031321	6	1	03e2f4e8ed38595bce5b910572fc79c495d48b2f3bc9dff76f5f724aecb509e7	linguistics/books/DSS-Jeremiah-Linguistics.txt	1191241	2872	eaa337d042bd5b6d5d018f02259aec74ced94acd8825c35a2ecd8d0d5b9fa0de	ALL_LETTER_SLOTS_RECONSTRUCTED	20	20	20	0	0	20	0	0	0	0	0	0	0
L1599478-R001	biblical_book	Jer	17	10		4Q70	1606727	f26_28	2	1599478				books/DSS-Jeremiah.txt	817735	3163	2031322-2031332	11	0	6bdf60525cc8286f0f6efd8c403126363b86f805a5b3e4f8a57605f50391ee33	linguistics/books/DSS-Jeremiah-Linguistics.txt	1194113	4785	aa9770b13e34654381eae40812cc2fccf20517606fc0c5b4c16dcbcef495e7a8	PARTLY_RECONSTRUCTED	27	23	5	3	15	5	3	0	1	0	1	0	0
L1599478-R002	biblical_book	Jer	17	11		4Q70	1606727	f26_28	2	1599478				books/DSS-Jeremiah.txt	820898	4028	2031333-2031346	14	2	5102bcc666174f080bec9e9fc019a7d2db7b88955c9e2e44ccdb6760d11ca89f	linguistics/books/DSS-Jeremiah-Linguistics.txt	1198898	6013	1d5a0b048e0d1f32bf421217663279c478f699ab70441eb54be94dd416b6f920	PARTLY_RECONSTRUCTED	34	33	24	1	8	25	1	0	0	0	0	0	0
L1599479-R001	biblical_book	Jer	17	11		4Q70	1606727	f26_28	3	1599479				books/DSS-Jeremiah.txt	824926	2703	2031347-2031353	7	0	e799fb3a2789a695cf3d64831a0dbff2226020bdfb1feb9088692195e1cc8f12	linguistics/books/DSS-Jeremiah-Linguistics.txt	1204911	3286	62eb999e3cc3cb1bb3070ced9d7702671754f4c55bb65d4fde1946a0b3a8f66a	PARTLY_RECONSTRUCTED	26	22	1	2	18	1	2	0	1	0	1	1	0
L1599479-R002	biblical_book	Jer	17	12		4Q70	1606727	f26_28	3	1599479				books/DSS-Jeremiah.txt	827629	3300	2031354-2031361	8	1	3da5a693f1be8dc37ca9aff931ef34b68e9f797c18b30f4e5b64bb287321cf70	linguistics/books/DSS-Jeremiah-Linguistics.txt	1208197	3811	4dd4a42636af3dbd127f10fe2ef0ba4a6ccd9044183af0c65df0dfb44bc7e802	PARTLY_RECONSTRUCTED	31	24	18	2	4	23	4	0	1	0	0	0	0
L1599479-R003	biblical_book	Jer	17	13		4Q70	1606727	f26_28	3	1599479				books/DSS-Jeremiah.txt	830929	1941	2031362-2031364	3	1	ec95fea9bde5305f05c82606d6cf3a3f376dd36ca5283ca054a5fe6f8b25a855	linguistics/books/DSS-Jeremiah-Linguistics.txt	1212008	1742	0c282ad328d799a63e9079f50ce3decb3c3d1a87dda305b073a00933f864c62a	ALL_LETTER_SLOTS_RECONSTRUCTED	13	13	13	0	0	13	0	0	0	0	0	0	0
L1599480-R001	biblical_book	Jer	17	13		4Q70	1606727	f26_28	4	1599480				books/DSS-Jeremiah.txt	832870	5014	2031365-2031380	16	3	67351dfd36dce735879369bf52dadf50531ec187aea0df70ae47a758b2c6ec4a	linguistics/books/DSS-Jeremiah-Linguistics.txt	1213750	6910	282d3702f28bf1ce0ba4fe80cb4f5fd130b00a794c6ba5e2fc5fe05a61040019	PARTLY_RECONSTRUCTED	52	48	16	4	28	16	4	0	1	0	0	0	0
L1599481-R001	biblical_book	Jer	17	14		4Q70	1606727	f26_28	5	1599481				books/DSS-Jeremiah.txt	837884	3276	2031381-2031391	11	0	694fc4bd99755aa2ab535b3bd19f6ac35b388111d667fa78633f668c3759a858	linguistics/books/DSS-Jeremiah-Linguistics.txt	1220660	4939	73f8f0e46cdc4dfe61e8e28d515a75718762d1e5e8036f780e52edee4ccf4cc5	PARTLY_RECONSTRUCTED	41	36	6	2	25	6	2	0	1	0	3	0	0
L1599481-R002	biblical_book	Jer	17	15		4Q70	1606727	f26_28	5	1599481				books/DSS-Jeremiah.txt	841160	2792	2031392-2031399	8	1	a3691966c3b8d3dba4cdfd04d885403a5a95af1dd0579efe73e675872f110667	linguistics/books/DSS-Jeremiah-Linguistics.txt	1225599	3717	a3be7798c68f9167004a360518caf90b118ac994c87c355a2dd03907af99ca28	PARTLY_RECONSTRUCTED	29	28	11	0	17	11	0	0	0	0	0	0	0
L1599482-R001	biblical_book	Jer	17	15		4Q70	1606727	f26_28	6	1599482				books/DSS-Jeremiah.txt	843952	1398	2031400-2031401	2	0	d9ef6dc655b927996aad2e75d195a5ac0f71d034d379f878f18a1cbfc5dc6bd6	linguistics/books/DSS-Jeremiah-Linguistics.txt	1229316	1124	a9f442283238a086cb53ad71257e64ab7bad97813dab68b693be92e893256021	NO_LETTER_RECONSTRUCTION_MARKED	4	2	0	0	2	0	0	0	1	0	0	0	0
L1599482-R002	biblical_book	Jer	17	16		4Q70	1606727	f26_28	6	1599482				books/DSS-Jeremiah.txt	845350	4945	2031402-2031417	16	2	525313eed72ab1bb82e8671f723f029a0e6a3ab33187ba8e1bffe4305b23b6dc	linguistics/books/DSS-Jeremiah-Linguistics.txt	1230440	7036	1a93025de54e6a102a6e0d5b9a932a1d43005a03d7490aceccd47310a0f83709	PARTLY_RECONSTRUCTED	54	52	11	5	34	11	5	0	0	0	2	0	0
L1599483-R001	biblical_book	Jer	17	16		4Q70	1606727	f26_28	7	1599483				books/DSS-Jeremiah.txt	850295	2026	2031418-2031421	4	0	5a13dfe59b172c80fe2dc67079377933988697cac5a829b47e8a64b8b57ffbaf	linguistics/books/DSS-Jeremiah-Linguistics.txt	1237476	2010	f9524c81ec5dcc6073b3fd5b5086b4880c8c640e56e9d68b2597579a9086dfe3	NO_LETTER_RECONSTRUCTION_MARKED	13	10	0	1	8	0	1	0	1	0	1	0	0
L1599483-R002	biblical_book	Jer	17	17		4Q70	1606727	f26_28	7	1599483				books/DSS-Jeremiah.txt	852321	3162	2031422-2031432	11	0	d0ca2fe0d1c4e0f33079b50034f164e0eaaf4f4a2a6235c692d278f93f3677ae	linguistics/books/DSS-Jeremiah-Linguistics.txt	1239486	4846	40b70ca146894c719634f885632982c55e49c69cbd780203be77aaa006053e55	PARTLY_RECONSTRUCTED	31	27	5	2	19	7	2	0	1	0	1	0	0
L1599483-R003	biblical_book	Jer	17	18		4Q70	1606727	f26_28	7	1599483				books/DSS-Jeremiah.txt	855483	2923	2031433-2031438	6	2	e40cbc7602f149fb315111ba94f48108caa0762426bc7e0db25d49a365a555e5	linguistics/books/DSS-Jeremiah-Linguistics.txt	1244332	2864	62f433c00eebe13ba57f7ff5d1dbb779a8f919cdb8f5ef992c6a9338adfe9bab	PARTLY_RECONSTRUCTED	20	19	7	2	10	7	2	0	0	0	0	0	0
L1599484-R001	biblical_book	Jer	17	18		4Q70	1606727	f26_28	8	1599484				books/DSS-Jeremiah.txt	858406	5233	2031439-2031454	16	2	00d73f897bb90e8f9c8ddd98cff7011e1d8d47fb0c3a7500daf6dae6bf527f62	linguistics/books/DSS-Jeremiah-Linguistics.txt	1247196	7028	075e0339b1f9ebfe966a20048dcbb515376c61234b59e15047dc6cf34b64f618	PARTLY_RECONSTRUCTED	55	48	7	4	34	10	6	0	2	0	2	4	0
L1599485-R001	biblical_book	Jer	17	19		4Q70	1606727	f26_28	9	1599485				books/DSS-Jeremiah.txt	863639	5582	2031455-2031478	24	1	0172bd3163dbac516cc521ae52afe3b0086e12f9b0fe593bc7c068e06b75efec	linguistics/books/DSS-Jeremiah-Linguistics.txt	1254224	10174	b0ddaaa0a9ff5f91fd7da7d69da22c495dd4351c33eebde765a405fd9e01dd48	PARTLY_RECONSTRUCTED	70	67	15	1	47	15	1	0	0	0	4	1	0
L1599486-R001	biblical_book	Jer	17	19		4Q70	1606727	f26_28	10	1599486				books/DSS-Jeremiah.txt	869221	1440	2031479-2031480	2	0	710f83f8a623df231442e649d0ea7cbe692a895e94ba1b81e523a209bb52926f	linguistics/books/DSS-Jeremiah-Linguistics.txt	1264398	1252	446370e16bcda35d3c5b314efec30a5d387585282bed1e682d39bda619c08d42	NO_LETTER_RECONSTRUCTION_MARKED	8	6	0	0	6	0	0	0	1	0	0	0	0
L1599486-R002	biblical_book	Jer	17	20		4Q70	1606727	f26_28	10	1599486				books/DSS-Jeremiah.txt	870661	4800	2031481-2031499	19	1	4de58481cbcbc36074393a579998e8077a684e387e6762bc4a738fc7e3eca3e5	linguistics/books/DSS-Jeremiah-Linguistics.txt	1265650	8349	9ec54c442ee829459ed07e7362cd746c117e073bd9bfe4d8c5e9af55da76c100	PARTLY_RECONSTRUCTED	63	62	19	4	39	19	4	0	0	0	0	0	0
L1599487-R001	biblical_book	Jer	17	20		4Q70	1606727	f26_28	11	1599487				books/DSS-Jeremiah.txt	875461	1528	2031500-2031502	3	0	666d4a915211e32824cfc6b1194bf31e992e41f09cca1c925445ac9f8b656289	linguistics/books/DSS-Jeremiah-Linguistics.txt	1273999	1524	e80569ec3cffedcb2bc8d099cddb3ca70998ab343273d34f99f35edacc744b7a	NO_LETTER_RECONSTRUCTION_MARKED	6	4	0	0	4	0	0	0	1	0	0	0	0
L1599487-R002	biblical_book	Jer	17	21		4Q70	1606727	f26_28	11	1599487				books/DSS-Jeremiah.txt	876989	4833	2031503-2031522	20	0	485876ea224acc4f126bfffee8bbc43f943013e0afa60032285c931075daa9b9	linguistics/books/DSS-Jeremiah-Linguistics.txt	1275523	8575	87691502a5b4b364fe130445ad3c052f7955a053ee1790e842745827c9e82f95	PARTLY_RECONSTRUCTED	60	57	18	3	33	20	3	0	1	0	3	0	0
L1599487-R003	biblical_book	Jer	17	22		4Q70	1606727	f26_28	11	1599487				books/DSS-Jeremiah.txt	881822	1705	2031523-2031524	2	1	2da77bd10078f4bf59805a62a50a81d27091003e99d2b0440f386269be157a04	linguistics/books/DSS-Jeremiah-Linguistics.txt	1284098	1150	b505107826b0da0cc70e7e8adfd76c6c81451f1eae6146910a23a2103839e8b4	ALL_LETTER_SLOTS_RECONSTRUCTED	3	3	3	0	0	3	0	0	0	0	0	0	0
L1599488-R001	biblical_book	Jer	17	22		4Q70	1606727	f26_28	12	1599488				books/DSS-Jeremiah.txt	883527	5077	2031525-2031545	21	1	62db3a745e5285ddb603dc7cd550d78d950e1b9d9a747924bcff10342735996a	linguistics/books/DSS-Jeremiah-Linguistics.txt	1285248	8967	61e050bf5cf67be6dfbd2d811673bfc3b665ad2172a23d4c5e1bee61876e3035	PARTLY_RECONSTRUCTED	57	56	17	6	32	17	6	0	0	0	1	0	0
L1599489-R001	biblical_book	Jer	17	22		4Q70	1606727	f26_28	13	1599489				books/DSS-Jeremiah.txt	888604	2002	2031546-2031549	4	0	63a28ccf33a60277c82e2db14f5e60cb068c04fa0cb0331edbd3c1091a9ecdd9	linguistics/books/DSS-Jeremiah-Linguistics.txt	1294215	1999	bb9f2762fe7304621429dabcd44a8497ac2ff57976be23f78cb9ebac5c29d89e	PARTLY_RECONSTRUCTED	17	14	1	1	12	1	1	0	1	0	0	0	0
L1599489-R002	biblical_book	Jer	17	23		4Q70	1606727	f26_28	13	1599489				books/DSS-Jeremiah.txt	890606	4765	2031550-2031570	21	1	d9f65943e661c63adf68a7c0a483d810565dd909950e6589bc2e326a9c90df3b	linguistics/books/DSS-Jeremiah-Linguistics.txt	1296214	8818	d46851685003d7fa36bbacf3256ecdd721fe8cc08ff0e592000b2defc1862c58	PARTLY_RECONSTRUCTED	55	51	20	1	30	20	1	0	1	0	0	0	0
L1599490-R001	biblical_book	Jer	17	24		4Q70	1606727	f26_28	14	1599490				books/DSS-Jeremiah.txt	895371	5661	2031571-2031595	25	1	73069c3ba9eb77971b88296199ea3c67ed1a22fe8bffb6a3c0d246a93769d0d9	linguistics/books/DSS-Jeremiah-Linguistics.txt	1305032	10441	881dec0ced5d80a1571f2c3de97ce9bbf62d54297ff6850eb12bc54dc5e29ff7	PARTLY_RECONSTRUCTED	66	64	24	5	34	24	5	0	0	0	1	0	0
L1599491-R001	biblical_book	Jer	17	24		4Q70	1606727	f26_28	15	1599491				books/DSS-Jeremiah.txt	901032	2884	2031596-2031606	11	0	95bd0c07b4cb59f978bc17f373166c0c12e9f0567be333f60ebc9dc330367872	linguistics/books/DSS-Jeremiah-Linguistics.txt	1315473	4855	956fce1fcbae39a1c3f3ea63da33d2187367736a750829529704e3ff29cd4fb2	PARTLY_RECONSTRUCTED	30	27	5	1	21	5	1	0	1	0	0	0	0
L1599491-R002	biblical_book	Jer	17	25		4Q70	1606727	f26_28	15	1599491				books/DSS-Jeremiah.txt	903916	3541	2031607-2031619	13	1	e8527d37fe8c5b60b77de2a4848fe94e35ac721f8902fc486d0ebe40bcf0a79d	linguistics/books/DSS-Jeremiah-Linguistics.txt	1320328	5572	b3df344f1522a25209bcc20dcc2c9cbc1b7f94a611e0356d788ecb618f3a1e05	PARTLY_RECONSTRUCTED	34	34	27	5	2	27	5	0	0	0	0	0	0
L1599492-R001	biblical_book	Jer	17	25		4Q70	1606727	f26_28	16	1599492				books/DSS-Jeremiah.txt	907457	4906	2031620-2031641	22	1	15029beb130d7e0158c1bec5b5f89ac69fbe91e580a203b186a64c8a922ea05a	linguistics/books/DSS-Jeremiah-Linguistics.txt	1325900	9370	20c5f0c0b9e569005c0689132c346b59aff72c73c71a5ba5a0067a9b4a0e5da9	PARTLY_RECONSTRUCTED	65	64	44	0	20	45	0	0	0	0	0	0	0
L1599493-R001	biblical_book	Jer	17	25		4Q70	1606727	f26_28	17	1599493				books/DSS-Jeremiah.txt	912363	1572	2031642-2031644	3	0	1cdba63e1b60c3de9970cd0d3662846f5141d57a721d4eff9dce6d48c50702b7	linguistics/books/DSS-Jeremiah-Linguistics.txt	1335270	1539	2c469ed66699d6d9dcdc32164fa5519cc8b8418902e8f03bedb08a28ed4dba97	ALL_LETTER_SLOTS_RECONSTRUCTED	7	5	5	0	0	7	0	0	1	0	0	0	0
L1599493-R002	biblical_book	Jer	17	26		4Q70	1606727	f26_28	17	1599493				books/DSS-Jeremiah.txt	913935	5663	2031645-2031672	28	1	2df81de0dfaec4c9e460bfc437c11aaebcf252d045c319faac196f8af7ed6a58	linguistics/books/DSS-Jeremiah-Linguistics.txt	1336809	11651	bc8d47ddf6a3c82b058738cd60f434c1cf7c77d6ceb1e7ee564bc3e251ffaf3e	PARTLY_RECONSTRUCTED	69	67	60	2	5	60	2	0	1	0	0	0	0
L1599494-R001	biblical_book	Jer	18	15		4Q70	1606727	f29	1	1599494				books/DSS-Jeremiah.txt	919598	2819	2031673-2031681	9	0	f4c82741599885ef063d8f98decc5f891457c06e433462b968ab386b688369f9	linguistics/books/DSS-Jeremiah-Linguistics.txt	1348460	4142	8007f835097aacfeaaed0d63b4acd8fcfe5b9df63256351e493b45f4b6345c18	PARTLY_RECONSTRUCTED	31	29	4	4	21	4	4	0	1	0	0	0	0
L1599494-R002	biblical_book	Jer	18	16		4Q70	1606727	f29	1	1599494				books/DSS-Jeremiah.txt	922417	2864	2031682-2031689	8	1	4a121daa2629ca4f4d47c066aed6d44629518e522ea5fb334700efdd806d655f	linguistics/books/DSS-Jeremiah-Linguistics.txt	1352602	3707	091a260831e7cbeef84797e19fe831c503c5eede2da54038f7258782b0402b6e	PARTLY_RECONSTRUCTED	24	23	19	1	3	20	1	0	0	0	0	0	0
L1599495-R001	biblical_book	Jer	18	16		4Q70	1606727	f29	2	1599495				books/DSS-Jeremiah.txt	925281	2562	2031690-2031697	8	0	7d7752acb4471ef55759078b5c2d91664d36268f6f5a53265e83451b109131d3	linguistics/books/DSS-Jeremiah-Linguistics.txt	1356309	3560	8c2d0aa4293417aae9fbde0be6cf3e944f16358925441e0058356156a1d63d35	PARTLY_RECONSTRUCTED	26	22	3	0	19	3	0	0	1	0	0	0	0
L1599495-R002	biblical_book	Jer	18	17		4Q70	1606727	f29	2	1599495				books/DSS-Jeremiah.txt	927843	3324	2031698-2031708	11	1	a0eb0e0f7da2754c1fa3bcf691ea0d6297426665cfd4178f8f0bfece2127900f	linguistics/books/DSS-Jeremiah-Linguistics.txt	1359869	4903	6fabd5ef0e6085226682d9c67844d1e70374239a5381bb648b7945e13ff1b5ef	PARTLY_RECONSTRUCTED	32	31	23	2	6	24	2	0	0	0	0	0	0
L1599496-R001	biblical_book	Jer	18	17		4Q70	1606727	f29	3	1599496				books/DSS-Jeremiah.txt	931167	3226	2031709-2031713	5	3	cf4ef456d74b9cd1a8bbb51a8ad5a295867d5c2aa46371492ae736d396956ddc	linguistics/books/DSS-Jeremiah-Linguistics.txt	1364772	2378	350063b81588732f1f93e020a206c1391a6c5e39a997fa86ac70076998519db1	PARTLY_RECONSTRUCTED	17	12	2	1	9	3	1	0	2	0	0	0	0
L1599497-R001	biblical_book	Jer	18	18		4Q70	1606727	f29	4	1599497				books/DSS-Jeremiah.txt	934393	4301	2031714-2031731	18	1	77c9602442398d412d10b3b095c7a30e0179ae3fccfa8780fc60f233647e29d8	linguistics/books/DSS-Jeremiah-Linguistics.txt	1367150	7809	9cf2343f96aac5df903821579bba20030a258be30d0023f39424fae7acf1fdee	PARTLY_RECONSTRUCTED	53	53	30	1	22	30	1	0	0	0	0	0	0
L1599498-R001	biblical_book	Jer	18	18		4Q70	1606727	f29	5	1599498				books/DSS-Jeremiah.txt	938694	3682	2031732-2031747	16	0	2bd94fb9c0ac535572bcd6debaa6afd5238614c82267a1c96b8c6fe99fca1967	linguistics/books/DSS-Jeremiah-Linguistics.txt	1374959	6792	2db48e8caa393d5851c7eaf9dce758d26213cfcb9b8da33c10c91af0f6fdfd69	PARTLY_RECONSTRUCTED	45	41	15	0	26	18	0	0	1	0	0	0	0
L1599498-R002	biblical_book	Jer	18	19		4Q70	1606727	f29	5	1599498				books/DSS-Jeremiah.txt	942376	1908	2031748-2031749	2	1	71175282202c9dc58b3cda27ccf6e9d8b3fcdca55e7980c5e8848f6b503f6669	linguistics/books/DSS-Jeremiah-Linguistics.txt	1381751	1232	95674b316b25f115e59d9e0c07a2dab6166b8156828de3cae0349a502726bcf8	ALL_LETTER_SLOTS_RECONSTRUCTED	11	10	10	0	0	11	0	0	0	0	0	0	0
L1599499-R001	biblical_book	Jer	18	19		4Q70	1606727	f29	6	1599499				books/DSS-Jeremiah.txt	944284	2863	2031750-2031757	8	0	7ddd25fc65fabd5b06c7bc682b67e4e71373cca31c265bb699d82044d75a7fd1	linguistics/books/DSS-Jeremiah-Linguistics.txt	1382983	3619	bb652aa6583ed73c247d433cf1022f4a43dd482679552972dc11e95f71603ab9	PARTLY_RECONSTRUCTED	24	20	2	4	12	2	4	0	1	0	0	4	0
L1599499-R002	biblical_book	Jer	18	20		4Q70	1606727	f29	6	1599499				books/DSS-Jeremiah.txt	947147	3120	2031758-2031767	10	1	d9669515ffb9ec73f14420777410659d001bb91ae82828519fc64dd54eb0f528	linguistics/books/DSS-Jeremiah-Linguistics.txt	1386602	4521	ff5086caaadd80d08f968427dee844c7159d13af4612da66af8ae6cab46cd410	PARTLY_RECONSTRUCTED	30	29	23	1	5	24	1	0	0	0	0	0	0
L1599500-R001	biblical_book	Jer	18	20		4Q70	1606727	f29	7	1599500				books/DSS-Jeremiah.txt	950267	4340	2031768-2031781	14	0	34c6e3ab1c24c8dbf2ee0fe1ee1c1a557e066289b695421532e4c8b459cd7682	linguistics/books/DSS-Jeremiah-Linguistics.txt	1391123	6079	a65c26b93f227a2726b5468f67867255b1ab4b65e3e0eb7908509d0890b94ce3	PARTLY_RECONSTRUCTED	46	39	19	5	15	25	5	0	1	0	0	0	0
L1599500-R002	biblical_book	Jer	18	21		4Q70	1606727	f29	7	1599500				books/DSS-Jeremiah.txt	954607	2581	2031782-2031788	7	1	48cd0d3f49ef80c7f47a44a07ee35e2d1947d7cbab87561905aa754dae6cca2e	linguistics/books/DSS-Jeremiah-Linguistics.txt	1397202	3157	3b3f8870ef10e41d01331d6e660ee25ce72ea5a05ee52bebc1bcaf83dab09999	ALL_LETTER_SLOTS_RECONSTRUCTED	17	16	16	0	0	17	0	0	0	0	0	0	0
L1599501-R001	biblical_book	Jer	18	21		4Q70	1606727	f29	8	1599501				books/DSS-Jeremiah.txt	957188	4605	2031789-2031804	16	1	5774695c80236d6a0142560ed9461436c05b25ae69f3cabdea6eafe6db6dc49b	linguistics/books/DSS-Jeremiah-Linguistics.txt	1400359	7023	58135bfbf5d5e7f0d38ed62dda1a492fea0e040d3d0ecbca200b5211771b1527	PARTLY_RECONSTRUCTED	57	54	39	4	11	41	4	0	0	0	0	0	0
L1599502-R001	biblical_book	Jer	18	21		4Q70	1606727	f29	9	1599502				books/DSS-Jeremiah.txt	961793	2292	2031805-2031810	6	0	e3769779b0834eec69421a12925f03d6184c9dde2df78b7a88e010153f396b6d	linguistics/books/DSS-Jeremiah-Linguistics.txt	1407382	2891	7864d99ad16731fdc31cc194916a57db495bfce0280e608760c83ae873b0407e	PARTLY_RECONSTRUCTED	22	19	8	1	10	9	1	0	1	0	0	0	0
L1599502-R002	biblical_book	Jer	18	22		4Q70	1606727	f29	9	1599502				books/DSS-Jeremiah.txt	964085	3093	2031811-2031818	8	1	c69f2b4fe1b00215da7716b656dbc8702c3c653faef15163ba00af93da742b3e	linguistics/books/DSS-Jeremiah-Linguistics.txt	1410273	3787	4bd4db266cdd45ddf581ec384f7e4e80adda443dc47c1032d286e7f39cb83a8a	PARTLY_RECONSTRUCTED	31	29	26	1	2	28	1	0	0	0	0	0	0
L1599503-R001	biblical_book	Jer	18	22		4Q70	1606727	f29	10	1599503				books/DSS-Jeremiah.txt	967178	3225	2031819-2031830	12	0	d068266bc93ab5d078519bdcb8a23f7ae9d1a8a40039803f9b5d06ea977f89e7	linguistics/books/DSS-Jeremiah-Linguistics.txt	1414060	5265	591144ffe805f7901a7c3d2c4f00ce362fdb4738dc5e8d88db8307d648c74866	PARTLY_RECONSTRUCTED	37	33	23	1	9	27	1	0	1	0	0	0	0
L1599503-R002	biblical_book	Jer	18	23		4Q70	1606727	f29	10	1599503				books/DSS-Jeremiah.txt	970403	2626	2031831-2031837	7	1	e5bcc739d6df8b551e88599d8a444f2bee2e4c77bab9683d1153e52b4c8096e7	linguistics/books/DSS-Jeremiah-Linguistics.txt	1419325	3221	c66918b8b847446a3bacd7de831eac6afb8422b8f6e397e858d5ec922d558290	ALL_LETTER_SLOTS_RECONSTRUCTED	21	20	20	0	0	21	0	0	0	0	0	0	0
L1599504-R001	biblical_book	Jer	18	23		4Q70	1606727	f29	11	1599504				books/DSS-Jeremiah.txt	973029	5135	2031838-2031855	18	1	f0bb84b47a946e3c06ff00e844195ce93652454cbdfaefac60dc370340940893	linguistics/books/DSS-Jeremiah-Linguistics.txt	1422546	7693	ae966e35956596ad049415d1a90765948207ebc5f39d74d9cd269ce4339ca4fa	PARTLY_RECONSTRUCTED	52	47	35	5	3	38	5	0	0	0	2	7	7
L1599505-R001	biblical_book	Jer	18	23		4Q70	1606727	f29	12	1599505				books/DSS-Jeremiah.txt	978164	3863	2031856-2031864	9	3	4b0514967b8441f140ea92a12c8ba95b7f1b52e3a8f2607b7a50e1fffd072857	linguistics/books/DSS-Jeremiah-Linguistics.txt	1430239	3969	9cb5a46b23db0185388a3b8ac7eb4d722868e7b996241292be57dd1957a5488f	PARTLY_RECONSTRUCTED	28	23	21	1	1	23	1	0	1	0	0	0	0
L1599506-R001	biblical_book	Jer	19	1		4Q70	1606727	f29	13	1599506				books/DSS-Jeremiah.txt	982027	4559	2031865-2031884	20	1	10902eaac8872db50ddd9dad3da136dac1c45c037ca73a341108f5abb3d81d75	linguistics/books/DSS-Jeremiah-Linguistics.txt	1434208	8321	c523f8f9ac351110d080cc2c48fcbb99a27d71d7a3c130ab0c793735a4659dd4	PARTLY_RECONSTRUCTED	52	50	47	1	2	47	1	0	1	0	0	0	0
L1599507-R001	biblical_book	Jer	20	13		4Q70	1606727	f30_32i	21	1599507				books/DSS-Jeremiah.txt	986586	2717	2031885-2031890	6	2	1a0abbbc8f417980660ff43601f03fdab3ffa082142cc036d8806906c87ae992	linguistics/books/DSS-Jeremiah-Linguistics.txt	1442529	2817	bd4d86986554ec5c90adaba3cbb32da7fbd755ba6884d858253ff7f2ec585dd9	ALL_LETTER_SLOTS_RECONSTRUCTED	18	16	16	0	0	18	0	0	1	0	0	0	0
L1599508-R001	biblical_book	Jer	20	14		4Q70	1606727	f30_32i	22	1599508				books/DSS-Jeremiah.txt	989303	3753	2031891-2031904	14	0	db67e38f7cf7d515cb00c11c114c555e8c3e901877af0260640b706ad410405b	linguistics/books/DSS-Jeremiah-Linguistics.txt	1445346	6033	a53d8c7d996fdb6d77b298d9b10ed52baede2adfa4610c529ba8ceb46fde51d5	PARTLY_RECONSTRUCTED	47	42	38	0	4	43	0	0	1	0	0	0	0
L1599508-R002	biblical_book	Jer	20	15		4Q70	1606727	f30_32i	22	1599508				books/DSS-Jeremiah.txt	993056	1863	2031905-2031907	3	1	04eaf93f07d688ef9110addeee69da300c22f6cacd08683e258fd71ecb5eec56	linguistics/books/DSS-Jeremiah-Linguistics.txt	1451379	1572	d5f5daa6c5d8987b3b1840a721b9b73e7b9798a34ebf7ba1a73f5de7b7eecbfc	NO_LETTER_RECONSTRUCTION_MARKED	8	8	0	0	8	0	0	0	0	0	0	0	0
L1599509-R001	biblical_book	Jer	20	15		4Q70	1606727	f30_32i	23	1599509				books/DSS-Jeremiah.txt	994919	3609	2031908-2031920	13	0	1e69fd1d8aab07ade0a4f3cd5e00d457f0c2b9e81eb0e31f25e42afcb0a5cc36	linguistics/books/DSS-Jeremiah-Linguistics.txt	1452951	5598	8f8a73a5c1e718c3fe89a91f3e3394e93ac3cc61ddf4a3542c511bae9cec8c03	PARTLY_RECONSTRUCTED	38	33	28	3	2	33	3	0	1	0	0	0	0
L1599509-R002	biblical_book	Jer	20	16		4Q70	1606727	f30_32i	23	1599509				books/DSS-Jeremiah.txt	998528	2609	2031921-2031928	8	1	9ff64c4a1d16199ff70f11f9761a48467575d8b8a6e1045c5ae36c6719ddfb49	linguistics/books/DSS-Jeremiah-Linguistics.txt	1458549	3517	f79507d9037805a67dd24db81e5085f874c3ee369cc5133e2c3569a3667d44a1	PARTLY_RECONSTRUCTED	17	17	11	0	6	11	0	0	0	0	0	0	0
L1599510-R001	biblical_book	Jer	20	16		4Q70	1606727	f30_32i	24	1599510				books/DSS-Jeremiah.txt	1001137	3702	2031929-2031945	17	0	87b26d21db16449d20bf07fd5d4abbe85f7ea5a24e401d9e1d451b6f8a81ef84	linguistics/books/DSS-Jeremiah-Linguistics.txt	1462066	7271	4ed889f08093ababaf0785c6c65e5f88b43dd76a17388d145dd011df9bf4a4c7	PARTLY_RECONSTRUCTED	44	42	37	1	4	37	1	0	1	0	0	0	0
L1599510-R002	biblical_book	Jer	20	17		4Q70	1606727	f30_32i	24	1599510				books/DSS-Jeremiah.txt	1004839	1776	2031946-2031947	2	1	d5ab0ebab9ec2529b45cfb3c6eeaf48a739264b75273be7e58ef6b99bf813a83	linguistics/books/DSS-Jeremiah-Linguistics.txt	1469337	1205	a309b7f1ad4da5fed2ce480cb81b056cfb6cb9d02cf8b756b61bdfd8e9397bab	PARTLY_RECONSTRUCTED	5	5	3	0	2	3	0	0	0	0	0	0	0
L1599511-R001	biblical_book	Jer	20	17		4Q70	1606727	f30_32i	25	1599511				books/DSS-Jeremiah.txt	1006615	3764	2031948-2031960	13	0	4c82d1b5d6cbf286a6e8a2f30ffcc286846cfc943c39fce5e0ba9193933383d6	linguistics/books/DSS-Jeremiah-Linguistics.txt	1470542	5606	bad8f9825e73a2646744b8111f171693d7a82c48a9400cf591bd77bf3710086b	ALL_LETTER_SLOTS_RECONSTRUCTED	42	35	35	0	0	42	0	0	1	0	0	0	0
L1599511-R002	biblical_book	Jer	20	18		4Q70	1606727	f30_32i	25	1599511				books/DSS-Jeremiah.txt	1010379	2548	2031961-2031967	7	1	0be91f7b0d2a1d371688bc02b5d84a164cba23c62640ed2975c0ea8021d50b44	linguistics/books/DSS-Jeremiah-Linguistics.txt	1476148	3215	e107c0bc0fdaa899f4cdd73a08e818355aab63a76f9f8ad76ec4047b438f5947	PARTLY_RECONSTRUCTED	19	19	18	1	0	18	1	0	0	0	0	0	0
L1599512-R001	biblical_book	Jer	20	18		4Q70	1606727	f30_32i	26	1599512				books/DSS-Jeremiah.txt	1012927	3307	2031968-2031976	9	2	e8160e2701e00a4206bb0a773690c5d5fae3f2ad151a77c3ea475f619a086dd4	linguistics/books/DSS-Jeremiah-Linguistics.txt	1479363	3976	52582735b6eaa8659fb47c0ccff9c8444bbee2f0b08c0f9b252b26ba0e692c9e	ALL_LETTER_SLOTS_RECONSTRUCTED	23	20	20	0	0	23	0	0	1	0	0	0	0
L1599513-R001	biblical_book	Jer	21	1		4Q70	1606727	f30_32i	27	1599513				books/DSS-Jeremiah.txt	1016234	4427	2031977-2031994	18	1	43911fc54f7361b1bbfff82a8d4eb361112c30afd186962721cbdefcbcc42286	linguistics/books/DSS-Jeremiah-Linguistics.txt	1483339	7800	6e7ee0f57fa49a3daaf3a4888aa53d23d191356b8f1b688029b3c45112c8ceda	PARTLY_RECONSTRUCTED	53	50	46	1	3	47	1	0	1	0	0	0	0
L1599514-R001	biblical_book	Jer	22	3		4Q70	1606727	f32ii_35	15	1599514				books/DSS-Jeremiah.txt	1020661	4439	2031995-2032012	18	1	0aea76025eab2c3e6b107e4a3be049844807db9b8d673fb35782d0ab1a7ad78c	linguistics/books/DSS-Jeremiah-Linguistics.txt	1491139	7765	d22594c17d2585cbf8a9505acbb1fc260c63c2277bb1932955f454c95270afdf	PARTLY_RECONSTRUCTED	52	52	47	1	2	47	1	0	0	0	1	1	0
L1599515-R001	biblical_book	Jer	22	3		4Q70	1606727	f32ii_35	16	1599515				books/DSS-Jeremiah.txt	1025100	3214	2032013-2032026	14	0	33806408fc5b101ac52b5a9da2973b4cc072e7d7fc00963e1d6448c1e50f1d03	linguistics/books/DSS-Jeremiah-Linguistics.txt	1498904	5870	2b851a142d532e015ce747a31fa51572220bc30f0abd43c15061525588930f73	ALL_LETTER_SLOTS_RECONSTRUCTED	35	33	33	0	0	35	0	0	1	0	0	0	0
L1599515-R002	biblical_book	Jer	22	4		4Q70	1606727	f32ii_35	16	1599515				books/DSS-Jeremiah.txt	1028314	3211	2032027-2032037	11	1	ac43bfd3727141abe65a7c5f4920c4423cf537e5a7042ef0878a271fccd33291	linguistics/books/DSS-Jeremiah-Linguistics.txt	1504774	4747	10cc5a3befaaaf841eb7d55209469762ae3dfeaa4626cfb99191e22d37addc69	PARTLY_RECONSTRUCTED	24	24	14	4	6	14	4	0	0	0	0	0	0
L1599516-R001	biblical_book	Jer	22	4		4Q70	1606727	f32ii_35	17	1599516				books/DSS-Jeremiah.txt	1031525	5433	2032038-2032060	23	1	38c4004f494a24b54d952047fb141af574edbf62c142ab0055bc0be99f4155bf	linguistics/books/DSS-Jeremiah-Linguistics.txt	1509521	9618	a4c0d8a1787b8ba61248fb70c770ff2eab142c067ae8b8000a5bd9b84431f8c9	PARTLY_RECONSTRUCTED	65	60	45	2	13	48	2	0	1	0	0	0	0
L1599517-R001	biblical_book	Jer	22	5		4Q70	1606727	f32ii_35	18	1599517				books/DSS-Jeremiah.txt	1036958	4808	2032061-2032082	22	1	fa3569e14bef044145857f400939d82729b6747d8e67582c5979b519fbfb0c34	linguistics/books/DSS-Jeremiah-Linguistics.txt	1519139	9122	994845bf67b695cc754b52285bd91d3a3dc234e7cfde869bf3de5311566eba5c	PARTLY_RECONSTRUCTED	58	55	37	0	18	38	0	0	1	0	0	0	0
L1599518-R001	biblical_book	Jer	22	6		4Q70	1606727	f32ii_35	19	1599518				books/DSS-Jeremiah.txt	1041766	4373	2032083-2032099	17	1	44ae28703270514364d941e4155915441e5a79f5074e12b73a5ae627e9119f97	linguistics/books/DSS-Jeremiah-Linguistics.txt	1528261	7466	68082383efec3cf12e08233c39d44ef6510cda453b515bc751cdc0240bbb0575	PARTLY_RECONSTRUCTED	53	51	29	2	20	30	2	0	0	0	0	0	0
L1599519-R001	biblical_book	Jer	22	6		4Q70	1606727	f32ii_35	20	1599519				books/DSS-Jeremiah.txt	1046139	1938	2032100-2032104	5	0	fab666c555713435a4251afd640de76af2b89d15ba7e975063f37c359b701ea4	linguistics/books/DSS-Jeremiah-Linguistics.txt	1535727	2430	815718e8c98b13222e4aa75466cca4b1c5b5c7bbd830ebd1e593333b1eb3ca3c	ALL_LETTER_SLOTS_RECONSTRUCTED	17	15	15	0	0	17	0	0	1	0	0	0	0
L1599519-R002	biblical_book	Jer	22	7		4Q70	1606727	f32ii_35	20	1599519				books/DSS-Jeremiah.txt	1048077	3929	2032105-2032117	13	1	22c80082a2809189b2a6014a8a7b53463e498c664f16edea0f41a95c7ee89e91	linguistics/books/DSS-Jeremiah-Linguistics.txt	1538157	5737	c841ad9921744d354fad03c24726f5a462823c02d8e5fe7208414d83ebbbba63	PARTLY_RECONSTRUCTED	48	45	22	1	22	24	1	0	0	0	0	0	0
L1599520-R001	biblical_book	Jer	22	7		4Q70	1606727	f32ii_35	21	1599520				books/DSS-Jeremiah.txt	1052006	1699	2032118-2032121	4	0	e2a8fc2bfd5343c50e49abce9bdc2dc2c5d08091d59c94673bfec2abc19a1012	linguistics/books/DSS-Jeremiah-Linguistics.txt	1543894	1891	3e1f143a1831793023d99085bdeeaef2787d00ae61f756128478385ac7b98e8f	ALL_LETTER_SLOTS_RECONSTRUCTED	7	5	5	0	0	7	0	0	1	0	0	0	0
L1599520-R002	biblical_book	Jer	22	8		4Q70	1606727	f32ii_35	21	1599520				books/DSS-Jeremiah.txt	1053705	4573	2032122-2032140	19	1	82f1589317a8310c859ce9a4c4e813fdfebc802bffd9af37051fdcccf45c5439	linguistics/books/DSS-Jeremiah-Linguistics.txt	1545785	8006	f789bb3e340f7e126dfb0b5ae1a30be7fa2be6d7b447e0123bbf84cf8e2f9fec	PARTLY_RECONSTRUCTED	52	51	32	4	15	32	4	0	0	0	0	0	0
L1599521-R001	biblical_book	Jer	22	8		4Q70	1606727	f32ii_35	22	1599521				books/DSS-Jeremiah.txt	1058278	2209	2032141-2032147	7	0	f06a6f03ae20b43084816353bfae59fb7321c5d01dd1ca449152b85ccbf59100	linguistics/books/DSS-Jeremiah-Linguistics.txt	1553791	3109	293b02c3e30b8ef13bb7c6770433dbcd04c4b70b6019f5a73bbb7f404217061b	PARTLY_RECONSTRUCTED	16	14	13	1	0	15	1	0	1	0	0	0	0
L1599521-R002	biblical_book	Jer	22	9		4Q70	1606727	f32ii_35	22	1599521				books/DSS-Jeremiah.txt	1060487	3934	2032148-2032160	13	1	abbbfeb74915b9c1fc82714c506b93b4b24073c9d3363faceee8621840a6005b	linguistics/books/DSS-Jeremiah-Linguistics.txt	1556900	5814	fb7f288df28f5a2e242f4359485777a6f838ab64bd9b16a44bd4731e9b189718	PARTLY_RECONSTRUCTED	44	43	24	4	15	24	4	0	0	0	0	0	0
L1599522-R001	biblical_book	Jer	22	9		4Q70	1606727	f32ii_35	23	1599522				books/DSS-Jeremiah.txt	1064421	3529	2032161-2032164	4	5	3e2e62d69032bd8d1428f00b398ee39e0a67b6151b542904d2fe346d32cd4dfd	linguistics/books/DSS-Jeremiah-Linguistics.txt	1562714	1975	f789002f2cedd9ecb2e3a9bd449aa8b5d69d972c9e3b773044c5d930247bb399	ALL_LETTER_SLOTS_RECONSTRUCTED	15	12	12	0	0	15	0	0	1	0	0	0	0
L1599523-R001	biblical_book	Jer	22	10		4Q70	1606727	f32ii_35	24	1599523				books/DSS-Jeremiah.txt	1067950	5163	2032165-2032186	22	1	529384af0ad619a1a3a1404deb1b07ee12898beae6c3d10e4aa1f65e7f7cd8b2	linguistics/books/DSS-Jeremiah-Linguistics.txt	1564689	9141	1d827c14c2bb94ac4b909dba4d407ac863171221b238b6b19c2fd976a9502a1c	PARTLY_RECONSTRUCTED	60	56	23	4	29	24	4	0	1	0	0	0	0
L1599524-R001	biblical_book	Jer	22	11		4Q70	1606727	f32ii_35	25	1599524				books/DSS-Jeremiah.txt	1073113	4746	2032187-2032204	18	1	d04855e0f3b5c4fa69a521512367c8e9dd2c39b8d7f41786125611bc91eced11	linguistics/books/DSS-Jeremiah-Linguistics.txt	1573830	8007	5750638302b9622664df88793be111aa848461724611f00be5fb9e8ee21f862a	PARTLY_RECONSTRUCTED	57	56	25	5	26	25	5	0	0	0	0	0	0
L1599525-R001	biblical_book	Jer	22	11		4Q70	1606727	f32ii_35	26	1599525				books/DSS-Jeremiah.txt	1077859	2460	2032205-2032213	9	0	225924cd7be5afb98116703c0558d2eff436d4d409f125c6d105f54dacb1699b	linguistics/books/DSS-Jeremiah-Linguistics.txt	1581837	3882	e1441216b2979f16e9fcbba5e26bd207361693183c2be61de0f40f5023fff3ca	ALL_LETTER_SLOTS_RECONSTRUCTED	21	19	19	0	0	21	0	0	1	0	0	0	0
L1599525-R002	biblical_book	Jer	22	12		4Q70	1606727	f32ii_35	26	1599525				books/DSS-Jeremiah.txt	1080319	3928	2032214-2032227	14	1	45e56245facd0e19e6807a7baace2872ed3e4cd7a45a6b08db87777cd37b24a6	linguistics/books/DSS-Jeremiah-Linguistics.txt	1585719	6028	e3db3d33b304d4e2d0668c5de04b9f80a9dd3675f444b353582e7b9290cb44ed	PARTLY_RECONSTRUCTED	36	35	28	3	3	28	3	0	0	0	3	1	0
L1599526-R001	biblical_book	Jer	22	12		4Q70	1606727	f32ii_35	27	1599526				books/DSS-Jeremiah.txt	1084247	1795	2032228-2032231	4	0	2722b7cee0a1378cf8feb99e7f42d933c26f37e8ac11492caa42b7b51f1e1b48	linguistics/books/DSS-Jeremiah-Linguistics.txt	1591747	1946	f48b1507b2f76221e3253cc7af044d6b15907a0ce60ff7e50f34df698007b80b	PARTLY_RECONSTRUCTED	11	9	6	1	2	8	1	0	1	0	0	0	0
L1599526-R002	biblical_book	Jer	22	13		4Q70	1606727	f32ii_35	27	1599526				books/DSS-Jeremiah.txt	1086042	4753	2032232-2032248	17	1	36f94f3a4403b2b4fbeb6155e5693075eb6fb199433f2bf5665fbdd7c13acfad	linguistics/books/DSS-Jeremiah-Linguistics.txt	1593693	7396	5c8bbaf4a92431c6cb2cbbd35eabdabfb84b6b9b695e3ba526e7961d7ac31bb6	PARTLY_RECONSTRUCTED	52	48	43	2	3	47	2	0	0	0	0	0	0
L1599527-R001	biblical_book	Jer	22	13		4Q70	1606727	f32ii_35	28	1599527				books/DSS-Jeremiah.txt	1090795	1838	2032249-2032252	4	0	76d2f0c10960423590ff83e830c3451d5ead98325a69e15194ee22c05f81ab8d	linguistics/books/DSS-Jeremiah-Linguistics.txt	1601089	1910	f92148aad5ae7f9066ef49df27ca8aab8399a4ebd48d03308bcef65d131a2013	PARTLY_RECONSTRUCTED	10	7	5	0	2	8	0	0	1	0	0	0	0
L1599527-R002	biblical_book	Jer	22	14		4Q70	1606727	f32ii_35	28	1599527				books/DSS-Jeremiah.txt	1092633	5166	2032253-2032269	17	1	1995cfbbdcd82cdae97fa06d9590a743fde5a526dd2358ea6046c59d790f77fa	linguistics/books/DSS-Jeremiah-Linguistics.txt	1602999	7418	c972c97f54104f026d236be987bad5ad80c909d05260420fc4692bbb7a78e8bb	PARTLY_RECONSTRUCTED	55	48	24	8	13	28	12	0	0	0	4	4	0
L1599528-R001	biblical_book	Jer	22	14		4Q70	1606727	f32ii_35	29	1599528				books/DSS-Jeremiah.txt	1097799	1858	2032270-2032274	5	0	e60d763bfe4533b394c6be179ea0202a3a16d97470b059594c19e3981fe75c75	linguistics/books/DSS-Jeremiah-Linguistics.txt	1610417	2328	bcb6a91a8b00da9b50e4296ce3c679daaa6d50af11858b9ea79106dcaba02a7e	ALL_LETTER_SLOTS_RECONSTRUCTED	11	9	9	0	0	11	0	0	1	0	0	0	0
L1599528-R002	biblical_book	Jer	22	15		4Q70	1606727	f32ii_35	29	1599528				books/DSS-Jeremiah.txt	1099657	4763	2032275-2032294	20	1	4853c23dff3f8f5f2eb3b75351caf56a7376332202411c33909bfe62c8d301d3	linguistics/books/DSS-Jeremiah-Linguistics.txt	1612745	8449	4825c34d33deecde11b01d0a593405afd844cfac5bf4aeb72d75f833b4f6f513	PARTLY_RECONSTRUCTED	53	52	33	2	17	33	2	0	0	0	0	0	0
L1599529-R001	biblical_book	Jer	22	15		4Q70	1606727	f32ii_35	30	1599529				books/DSS-Jeremiah.txt	1104420	1554	2032295-2032296	2	0	845187e8356671b5e19dbd1205ca4579c158e154fbb79776ffd5fec2aaadf83d	linguistics/books/DSS-Jeremiah-Linguistics.txt	1621194	1124	7240c5d4964001a59331148982305dfbd25e23fba90b842f36108363e150823c	ALL_LETTER_SLOTS_RECONSTRUCTED	5	2	2	0	0	5	0	0	1	0	0	0	0
L1599529-R002	biblical_book	Jer	22	16		4Q70	1606727	f32ii_35	30	1599529				books/DSS-Jeremiah.txt	1105974	4819	2032297-2032314	18	2	8a80bdf41aafaa75c8a64ca370addd034fc1f1cf5b42359b5c0b937779a4f8b0	linguistics/books/DSS-Jeremiah-Linguistics.txt	1622318	7652	0e75d455e46111381b11e636a0c81436e82d683c5eb85e482c5bd94c040eb34f	PARTLY_RECONSTRUCTED	48	45	23	3	18	26	3	0	1	0	0	5	0
L1599530-R001	biblical_book	Jer	26	10		4Q70	1606727	f36	1	1599530				books/DSS-Jeremiah.txt	1110793	2264	2032315-2032319	5	1	688aaea2515922e255279eb76094db81a59038fb42de4ba55608a6d5245b3324	linguistics/books/DSS-Jeremiah-Linguistics.txt	1629970	2357	552922d22c70471eefc31f89f2d4b26e462d31090753a5185619bbba83d15c87	NO_LETTER_RECONSTRUCTION_MARKED	13	7	0	0	7	5	1	2	3	0	0	0	0
L1599531-R001	biblical_book	Jer	26	10		4Q70	1606727	f36	2	1599531				books/DSS-Jeremiah.txt	1113057	2247	2032320-2032322	3	2	422bf47db8e91647be70c1ac309940a651457ce1dca598478440e09e4f3ec2d7	linguistics/books/DSS-Jeremiah-Linguistics.txt	1632327	1449	acb4a139de2f19b6599a748a899e5c40d3f837d9e2ef91b9d781c7801cd54a28	NO_LETTER_SLOTS	6	0	0	0	0	4	0	2	3	0	0	0	0
L1599561-R001	biblical_book	Jer	9	22		4Q71	1606728	f1	1	1599561				books/DSS-Jeremiah.txt	1115354	3676	2032422-2032433	12	1	cafaae0173ea1abaa1a9b239f7aab7a558121af557b8db528b8ed4be041ffab0	linguistics/books/DSS-Jeremiah-Linguistics.txt	1633826	5207	3763ca6588f3cc85d7bf1fb13084b565ae784fd92a5f26ad046590724c557f5b	PARTLY_RECONSTRUCTED	36	33	22	3	8	24	3	1	1	0	0	0	0
L1599562-R001	biblical_book	Jer	9	22		4Q71	1606728	f1	2	1599562				books/DSS-Jeremiah.txt	1119030	2912	2032434-2032443	10	0	d3aac163525c903efefde412efa23d6fa0fc31e15ee18f3b646e818329bdd7b6	linguistics/books/DSS-Jeremiah-Linguistics.txt	1639033	4474	1a04b085e41ec47f280ee1fba6523c6bef66f91a6c6f12e37c58d7af90f3a4d5	ALL_LETTER_SLOTS_RECONSTRUCTED	32	28	28	0	0	32	0	0	1	0	0	0	0
L1599562-R002	biblical_book	Jer	9	23		4Q71	1606728	f1	2	1599562				books/DSS-Jeremiah.txt	1121942	4881	2032444-2032465	22	1	73a9001c5f0ade3b4e667934225110d47cde9fc4f9ba574a8567b74c6dcbb4bb	linguistics/books/DSS-Jeremiah-Linguistics.txt	1643507	9295	f3d42a7995f7e6b5c8f8f4bf654af434d1468d18a9e085aab6fd72f94b809b39	PARTLY_RECONSTRUCTED	62	61	49	1	11	50	1	0	0	0	0	0	0
L1599563-R001	biblical_book	Jer	9	23		4Q71	1606728	f1	3	1599563				books/DSS-Jeremiah.txt	1126823	2049	2032466-2032471	6	0	733cbf953f57a06ff5ec1c193201b21055edb8948d86a325387621dfc52ce936	linguistics/books/DSS-Jeremiah-Linguistics.txt	1652802	2779	07f54459eda814b5ab7c08302fdbd7b78234d278ed07cbf3762438d94262adbe	ALL_LETTER_SLOTS_RECONSTRUCTED	18	16	16	0	0	18	0	0	1	0	0	0	0
L1599563-R002	biblical_book	Jer	9	24		4Q71	1606728	f1	3	1599563				books/DSS-Jeremiah.txt	1128872	3110	2032472-2032484	13	0	f0139e57446fd74b60fb30ced5608561437fd0ba54421fdf83a55de5c0fce1f3	linguistics/books/DSS-Jeremiah-Linguistics.txt	1655581	5606	15080f61708e2f8e27d43c0dee1db6e3beb4926a95c88d8d3480d96066b9e1cb	ALL_LETTER_SLOTS_RECONSTRUCTED	38	36	36	0	0	38	0	0	1	0	0	0	0
L1599563-R003	biblical_book	Jer	9	25		4Q71	1606728	f1	3	1599563				books/DSS-Jeremiah.txt	1131982	5272	2032485-2032506	22	1	9f6c26639080cb41ab5df009013e73779d8a6efe933332948a4856792e85b02b	linguistics/books/DSS-Jeremiah-Linguistics.txt	1661187	9332	da99ba4e41006bf1ada2c335f95ff7e7e48d2179e7ed15f28ce740bea66d5146	PARTLY_RECONSTRUCTED	58	58	45	6	7	45	6	0	0	0	0	0	0
L1599564-R001	biblical_book	Jer	9	25		4Q71	1606728	f1	4	1599564				books/DSS-Jeremiah.txt	1137254	3230	2032507-2032520	14	0	dbe7bd37a4b7fb588819ea739e1be4d54c2352e343febde61c9fcdd6f28df7a4	linguistics/books/DSS-Jeremiah-Linguistics.txt	1670519	6064	ccae1767640b3c2feecba515bc25cb77cbbb30ed31e18d68cdd5f8cf79dead5f	ALL_LETTER_SLOTS_RECONSTRUCTED	38	36	36	0	0	38	0	0	1	0	0	0	0
L1599564-R002	biblical_book	Jer	10	1		4Q71	1606728	f1	4	1599564				books/DSS-Jeremiah.txt	1140484	2979	2032521-2032531	11	0	f5219233a5ee166d4b6070579b11f0d66e69e6c14d24a78c8c85bf05cb799dd0	linguistics/books/DSS-Jeremiah-Linguistics.txt	1676583	4882	d737b175196c41426ba018ed161ec24bb5dcc54ef0f4a960a3ff80f5f76482a7	ALL_LETTER_SLOTS_RECONSTRUCTED	36	33	33	0	0	36	0	0	1	0	0	0	0
L1599564-R003	biblical_book	Jer	10	2		4Q71	1606728	f1	4	1599564				books/DSS-Jeremiah.txt	1143463	2438	2032532-2032538	7	1	88c390bcddb97d34520c151d365cb280d063417585832b902b435e41c3c1742e	linguistics/books/DSS-Jeremiah-Linguistics.txt	1681465	3207	490312e208044bd84f97bd5d54709e28b0aaf0188aabf9536f170863a773d277	PARTLY_RECONSTRUCTED	19	19	9	0	10	9	0	0	0	0	0	0	0
L1599565-R001	biblical_book	Jer	10	2		4Q71	1606728	f1	5	1599565				books/DSS-Jeremiah.txt	1145901	3506	2032539-2032553	15	0	e712dab7e982389bd311142f093e3d31a49b186bce511cfdbd10b03744b4c229	linguistics/books/DSS-Jeremiah-Linguistics.txt	1684672	6299	c98e6b21853c52341f449eb0dc8dcf1cef1d04783ccd0282d09f12efab7fa750	ALL_LETTER_SLOTS_RECONSTRUCTED	42	39	39	0	0	42	0	0	1	0	0	0	0
L1599565-R002	biblical_book	Jer	10	3		4Q71	1606728	f1	5	1599565				books/DSS-Jeremiah.txt	1149407	3811	2032554-2032570	17	0	c6d4947c288c4c81e29dcc5429e96f3a271afec83fcbe54304db3ade18c989b8	linguistics/books/DSS-Jeremiah-Linguistics.txt	1690971	7227	7569c6850b2f3827ba8897f8b9967255ff85ce0583256561c983a17acdabcafe	ALL_LETTER_SLOTS_RECONSTRUCTED	47	44	44	0	0	47	0	0	1	0	0	0	0
L1599565-R003	biblical_book	Jer	10	4		4Q71	1606728	f1	5	1599565				books/DSS-Jeremiah.txt	1153218	2779	2032571-2032578	8	1	f570c4021d0c127a2b2fad33d2ae7a91fdf12b250bf090ecc9d1d7a00ac00ffa	linguistics/books/DSS-Jeremiah-Linguistics.txt	1698198	3614	dbd45c7341771b11d75522a471a50e1a14c904fe39a875338f7eca55f43658e2	PARTLY_RECONSTRUCTED	21	20	7	1	12	7	1	0	0	0	0	0	0
L1599566-R001	biblical_book	Jer	10	4		4Q71	1606728	f1	6	1599566				books/DSS-Jeremiah.txt	1155997	2460	2032579-2032586	8	0	7d6072340f8c30a0ade73d12095b233c684668da955c6a4ded028852f7fb1c1f	linguistics/books/DSS-Jeremiah-Linguistics.txt	1701812	3532	68ec35e54e7c514dc12bf841c82c453ea2c36feb5d25d7c5070c67ef237baf27	ALL_LETTER_SLOTS_RECONSTRUCTED	24	21	21	0	0	24	0	0	1	0	0	0	0
L1599566-R002	biblical_book	Jer	10	5	a	4Q71	1606728	f1	6	1599566				books/DSS-Jeremiah.txt	1158457	2314	2032587-2032594	8	0	c1a53b18cb02ad57bfc85d8ece9d5d7e2787cd5d693db4f33f01c12615d12077	linguistics/books/DSS-Jeremiah-Linguistics.txt	1705344	3541	d411f350420924c330f747c1d277cbf8ea38037ed1509500a62f849bbe45e76b	ALL_LETTER_SLOTS_RECONSTRUCTED	21	19	19	0	0	21	0	0	1	0	0	0	0
L1599566-R003	biblical_book	Jer	10	9		4Q71	1606728	f1	6	1599566				books/DSS-Jeremiah.txt	1160771	4354	2032595-2032612	18	1	a69665b50cff6b91cd7d5fdfb6c4b454cbf10f01342b9fc5123ce7bdbaeea033	linguistics/books/DSS-Jeremiah-Linguistics.txt	1708885	7864	0f87d80570990ebba1284ad7ea85d9d0f6cb8dbd518e0b0845372a2ce0f33572	PARTLY_RECONSTRUCTED	57	56	46	1	9	47	1	0	0	0	0	0	0
L1599567-R001	biblical_book	Jer	10	9		4Q71	1606728	f1	7	1599567				books/DSS-Jeremiah.txt	1165125	1576	2032613-2032614	2	0	1b4fe8cd6e91d0528255d8f27d826faff0d60b5e0bccace4257abe87c219f56a	linguistics/books/DSS-Jeremiah-Linguistics.txt	1716749	1179	a0a250915f157208508fe92eacd542e3914cbe190f88ec99c438b11ce17d94c1	ALL_LETTER_SLOTS_RECONSTRUCTED	8	5	5	0	0	8	0	0	1	0	0	0	0
L1599567-R002	biblical_book	Jer	10	5	b	4Q71	1606728	f1	7	1599567				books/DSS-Jeremiah.txt	1166701	4032	2032615-2032631	17	0	c0b5f43e3a2a94b6de6f426d8ab579dee2f514788a17145b0f35e5a5121096b7	linguistics/books/DSS-Jeremiah-Linguistics.txt	1717928	7170	6e8fb9b06132f3cecb0a336bb02ac85006bf0d9718b337c9df162e9ebe752875	ALL_LETTER_SLOTS_RECONSTRUCTED	55	51	51	0	0	55	0	0	1	0	0	0	0
L1599567-R003	biblical_book	Jer	10	11		4Q71	1606728	f1	7	1599567		a		books/DSS-Jeremiah.txt	1170733	4668	2032632-2032649	18	1	fe8911615d7e8b5d78f4f9608e9b847c050b4f81bd6224b24f24bdfb581ca797	linguistics/books/DSS-Jeremiah-Linguistics.txt	1725098	7534	7916465ddf649949f82df7d9b9f16ee2bb450e1c6fab189dc0ef6b0bd4fae1c5	PARTLY_RECONSTRUCTED	48	47	36	1	10	37	1	0	0	0	0	0	0
L1599568-R001	biblical_book	Jer	10	11		4Q71	1606728	f1	8	1599568		a		books/DSS-Jeremiah.txt	1175401	2087	2032650-2032655	6	0	8b663d892229ed3bc9204c38dd844b8a396e4ec82cbfeeea45a9267097c22ac5	linguistics/books/DSS-Jeremiah-Linguistics.txt	1732632	2817	8daccb131e054ca91e7199c2d72661bc51761a13f9619d9daf7afd1b99383691	ALL_LETTER_SLOTS_RECONSTRUCTED	14	14	14	0	0	14	0	0	0	0	0	0	0
L1599568-R002	biblical_book	Jer	10	11		4Q71	1606728	f1	8	1599568				books/DSS-Jeremiah.txt	1177488	1244	2032656	1	0	eac03a6d793176fa69966dd6dd5155744340093029ea8c86bfb931a09480bdaf	linguistics/books/DSS-Jeremiah-Linguistics.txt	1735449	723	d771819736824a042e30fe8e8fa08c46b3be7cc42156d0c698f354e6e984e0d4	NO_LETTER_SLOTS	2	0	0	0	0	2	0	0	1	0	0	0	0
L1599568-R003	biblical_book	Jer	10	12		4Q71	1606728	f1	8	1599568				books/DSS-Jeremiah.txt	1178732	3630	2032657-2032670	14	0	a52148947b1069f24b9e25738a5ad767dfbcce063eb25694b0814fab2f8e39bf	linguistics/books/DSS-Jeremiah-Linguistics.txt	1736172	6115	c91244bf38e15454ba9e6edbdb556e9cc208504f9324333489fabd5c79000219	ALL_LETTER_SLOTS_RECONSTRUCTED	43	38	38	0	0	43	0	0	1	0	0	0	0
L1599568-R004	biblical_book	Jer	10	13		4Q71	1606728	f1	8	1599568				books/DSS-Jeremiah.txt	1182362	3769	2032671-2032684	14	1	1b4cf5d4281df89956833204ad3493adb7a1e18f68986e464c331baf42a4649c	linguistics/books/DSS-Jeremiah-Linguistics.txt	1742287	6161	d3d0fad88b0e68f20ca43344c92930eb90644e88db181e9aea853af7a536010a	PARTLY_RECONSTRUCTED	42	41	31	2	8	32	2	0	0	0	0	0	0
L1599569-R001	biblical_book	Jer	10	13		4Q71	1606728	f1	9	1599569				books/DSS-Jeremiah.txt	1186131	2597	2032685-2032693	9	0	258ac5597c68e1d826cd0e75e8c5a91bd5a0e50c51d1e7c7b5e7ffd36ce003a5	linguistics/books/DSS-Jeremiah-Linguistics.txt	1748448	3964	d20cc226705dee7fe12068227e750c511dd430c593f585fd1354e73ffb9daaf2	ALL_LETTER_SLOTS_RECONSTRUCTED	25	22	22	0	0	25	0	0	1	0	0	0	0
L1599569-R002	biblical_book	Jer	10	14		4Q71	1606728	f1	9	1599569				books/DSS-Jeremiah.txt	1188728	4061	2032694-2032711	18	0	6d1b9415c5fc45644c4dd3c8ac78479d5704ab28e318ca36fa405132bcdd713b	linguistics/books/DSS-Jeremiah-Linguistics.txt	1752412	7625	5ed5f1b2435c616dd783285ffa442ed86b31b5a19c870a0bcf97c0dd1a966d61	ALL_LETTER_SLOTS_RECONSTRUCTED	48	44	44	0	0	48	0	0	1	0	0	0	0
L1599569-R003	biblical_book	Jer	10	15		4Q71	1606728	f1	9	1599569				books/DSS-Jeremiah.txt	1192789	2623	2032712-2032718	7	1	e53194e32220545c253e23d79af5e00b3e724b3f9d63b057441ff56ebf0cd578	linguistics/books/DSS-Jeremiah-Linguistics.txt	1760037	3353	6df00ccbbad3bb60f45c8f8be265576bc962fd60e691a3a3489c970581877920	PARTLY_RECONSTRUCTED	26	25	16	0	9	16	0	0	0	0	0	0	0
L1599570-R001	biblical_book	Jer	10	15		4Q71	1606728	f1	10	1599570				books/DSS-Jeremiah.txt	1195412	1449	2032719-2032720	2	0	763914ccaa925b079963dfa3a20f1b55e4c92a03d79ddac6321e2a9ba8d43ec9	linguistics/books/DSS-Jeremiah-Linguistics.txt	1763390	1145	ee1d0e72df16fb9a781b86399c5c9ab068484c3bbd3d6ab31f9476f45076bdd0	ALL_LETTER_SLOTS_RECONSTRUCTED	7	5	5	0	0	7	0	0	1	0	0	0	0
L1599570-R002	biblical_book	Jer	10	16		4Q71	1606728	f1	10	1599570				books/DSS-Jeremiah.txt	1196861	4141	2032721-2032738	18	0	47c115c3ba776531940a6096ed411b404565c9b6625b7d23403433f04613f757	linguistics/books/DSS-Jeremiah-Linguistics.txt	1764535	7750	dcc5fc1a02cb309fe53e66435102faa099fda3172aaddbc25c7660ae07295fc4	ALL_LETTER_SLOTS_RECONSTRUCTED	55	51	51	0	0	55	0	0	1	0	0	0	0
L1599570-R003	biblical_book	Jer	10	17		4Q71	1606728	f1	10	1599570				books/DSS-Jeremiah.txt	1201002	2489	2032739-2032746	8	0	79dce4ae6b3a9cd8e08ccd3a0bec3fc45c30d68bb2b8f0f8188d30da7d776847	linguistics/books/DSS-Jeremiah-Linguistics.txt	1772285	3646	081258018c1d603f449d6a4bfcf1a2bd53ec9c440f2d43077b4e64f90b3880d5	ALL_LETTER_SLOTS_RECONSTRUCTED	26	23	23	0	0	26	0	0	1	0	0	0	0
L1599570-R004	biblical_book	Jer	10	18		4Q71	1606728	f1	10	1599570				books/DSS-Jeremiah.txt	1203491	2896	2032747-2032754	8	1	255c3e0699d49ee7b71fdc9a8e29ab4da7eb50cfcd505f4b60852b57bd8c740c	linguistics/books/DSS-Jeremiah-Linguistics.txt	1775931	3660	06d504adca6199a849599acb2c94318332a39159fee9ac2698bb94edd6e731bd	PARTLY_RECONSTRUCTED	25	24	18	0	6	19	0	0	0	0	0	0	0
L1599571-R001	biblical_book	Jer	10	18		4Q71	1606728	f1	11	1599571				books/DSS-Jeremiah.txt	1206387	3055	2032755-2032766	12	0	02d498b80b50efc82c00aa695f62ce45e067ad24b2e2256e9636f9bdb37e713e	linguistics/books/DSS-Jeremiah-Linguistics.txt	1779591	5137	4b9c09164e125c7a4444e11c0ec942b0fb26733f5922eef000bd7ec43397f397	ALL_LETTER_SLOTS_RECONSTRUCTED	34	31	31	0	0	34	0	0	1	0	0	0	0
L1599571-R002	biblical_book	Jer	10	19		4Q71	1606728	f1	11	1599571				books/DSS-Jeremiah.txt	1209442	3938	2032767-2032781	15	0	f0c4884ca19159e572869db7c7ae4914a7afe394108791e8cb1353d88a45cb1f	linguistics/books/DSS-Jeremiah-Linguistics.txt	1784728	6414	47946d940dfaa3a4c2d561b500e7207c35bf96836c9e8aa82567c734657c00ba	ALL_LETTER_SLOTS_RECONSTRUCTED	47	41	41	0	0	47	0	0	1	0	0	0	0
L1599571-R003	biblical_book	Jer	10	20		4Q71	1606728	f1	11	1599571				books/DSS-Jeremiah.txt	1213380	2920	2032782-2032789	8	0	a09f2ea8ce808a479b8242f1ee65d36d41c0395c2653a0300b65cd16c402bc45	linguistics/books/DSS-Jeremiah-Linguistics.txt	1791142	3705	462d95d09c525532103f384ba104dfd231e4b0e7c342a42e3a7e650f459e15b0	PARTLY_RECONSTRUCTED	31	27	25	1	1	28	1	0	0	0	0	0	0
L1599572-R001	biblical_book	Jer	10	20		4Q71	1606728	f1	12	1599572				books/DSS-Jeremiah.txt	1216300	3077	2032790-2032799	10	0	42a19cf378d9712c60c2f0730222618cfcab85743aa7758c58b6a3d83a7a9b1b	linguistics/books/DSS-Jeremiah-Linguistics.txt	1794847	4476	27221b23d2455c83e94aaa631b296ad3090b0a4ade2ab2dbb7458a3e7def1bf0	ALL_LETTER_SLOTS_RECONSTRUCTED	35	30	30	0	0	35	0	0	1	0	0	0	0
L1599572-R002	biblical_book	Jer	10	21		4Q71	1606728	f1	12	1599572				books/DSS-Jeremiah.txt	1219377	2952	2032800-2032808	9	1	42d4a33a5d2d9b695257a26b5afb1043168adf5fdd93d5774d54f775d0a6ecb6	linguistics/books/DSS-Jeremiah-Linguistics.txt	1799323	3982	2e6d084274529da5f0063ba668a35549b18eaa50dd2057ca15baf6843f8dedd4	PARTLY_RECONSTRUCTED	25	25	21	2	2	21	2	0	0	0	0	0	0
L1599573-R001	biblical_book	Jer	10	21		4Q71	1606728	f1	13	1599573				books/DSS-Jeremiah.txt	1222329	2659	2032809-2032817	9	0	979dd5ad3d159eb871627a0a006637e0610296bacfabfa3fe942b30f8992a43a	linguistics/books/DSS-Jeremiah-Linguistics.txt	1803305	4012	422c8fa9bca0bf4288015af0dfa19a5af4efff784403ec9dcdeb442a1165dcd5	ALL_LETTER_SLOTS_RECONSTRUCTED	29	26	26	0	0	29	0	0	1	0	0	0	0
L1599573-R002	biblical_book	Jer	10	22		4Q71	1606728	f1	13	1599573				books/DSS-Jeremiah.txt	1224988	1943	2032818-2032820	3	1	6f8bdfd48a2a8a2abb4e675fefeca9d4a24699d1f305adf20ebf58a9896066ed	linguistics/books/DSS-Jeremiah-Linguistics.txt	1807317	1479	64c007a3946e095e940b77ba261a2aa588657c89a84f4c8d5d598f3a38069996	NO_LETTER_SLOTS	7	0	0	0	0	3	2	1	3	0	0	0	0
L1599574-R001	biblical_book	Jer	4	5		4Q72	1606729	f1i	5	1599574				books/DSS-Jeremiah.txt	1226981	3074	2032821-2032831	11	1	2cefb4c9b232d3c4341579444dedc5f54a1c8c8ad10ff571c2d2394aaf56a5a1	linguistics/books/DSS-Jeremiah-Linguistics.txt	1808846	4857	2534ebe55d0d832b519c21572f22a4a5d0a955f133443c701f56adb1ff6502ff	ALL_LETTER_SLOTS_RECONSTRUCTED	32	32	32	0	0	32	0	0	0	0	0	0	0
L1599575-R001	biblical_book	Jer	4	5		4Q72	1606729	f1i	6	1599575				books/DSS-Jeremiah.txt	1230055	3252	2032832-2032843	12	1	51a2d16e5ba8cfe71a9d9aff179081a557d709eea2ada10ca662be5794cdd838	linguistics/books/DSS-Jeremiah-Linguistics.txt	1813703	5134	23fd296f160f13301c1dbc8a7bec084370b5c1a27fc237407e44410d60447f4e	PARTLY_RECONSTRUCTED	36	34	29	0	5	29	0	0	1	0	0	0	0
L1599576-R001	biblical_book	Jer	4	6		4Q72	1606729	f1i	7	1599576				books/DSS-Jeremiah.txt	1233307	1918	2032844-2032846	3	1	cd4421fee97b070f32ab9d3a1cdd8530c510ea2c5e1c9bbd50c7e7f3b4929388	linguistics/books/DSS-Jeremiah-Linguistics.txt	1818837	1461	26c116b9e7507e35a27764b064ef736af49214d3682811feaa58006a43ec9332	NO_LETTER_SLOTS	6	0	0	0	0	3	1	1	3	0	0	0	0
L1599577-R001	biblical_book	Jer	4	13		4Q72	1606729	f1ii	1	1599577				books/DSS-Jeremiah.txt	1235225	3593	2032847-2032858	12	1	5e41c9729257f4e03e0a5d56a14f63d76f661869966d6e19705173ce28fb4372	linguistics/books/DSS-Jeremiah-Linguistics.txt	1820298	5405	04720b59e67dc901875392aeaca31a161ef6f4477ccf0b3279654bb0eda2b7a0	PARTLY_RECONSTRUCTED	43	41	35	0	6	37	0	0	0	0	0	0	0
L1599578-R001	biblical_book	Jer	4	13		4Q72	1606729	f1ii	2	1599578				books/DSS-Jeremiah.txt	1238818	2823	2032859-2032863	5	2	947189f5698ff449b0aa404fd09a8b077efac3b76f6904937e02ee651f532372	linguistics/books/DSS-Jeremiah-Linguistics.txt	1825703	2357	766e35db8216bdf8b9267852af99a47cfecebeadd635fed5aae837bace4ee2fe	PARTLY_RECONSTRUCTED	16	13	4	2	7	6	2	0	1	0	0	0	0
L1599579-R001	biblical_book	Jer	4	14		4Q72	1606729	f1ii	3	1599579				books/DSS-Jeremiah.txt	1241641	3119	2032864-2032873	10	1	34b17c5f1dfd9acafb4ba372f671ed3e2df68fe870917ca58dde98e071801d78	linguistics/books/DSS-Jeremiah-Linguistics.txt	1828060	4587	e23cc88e72645fc6108551e285fb45127fca34e51975073176f87e80143334f6	PARTLY_RECONSTRUCTED	36	35	25	2	8	25	2	0	0	0	0	0	0
L1599580-R001	biblical_book	Jer	4	14		4Q72	1606729	f1ii	4	1599580				books/DSS-Jeremiah.txt	1244760	2189	2032874-2032878	5	0	9626c4d3854bbb4e6f69c0765c7dc69f799d82b5375c4b5075c420080ad488e7	linguistics/books/DSS-Jeremiah-Linguistics.txt	1832647	2456	ef0cf7a65df6fdac510c8e2e5d5a8d247bdfb090a8348bec96e26a1883bb9f06	PARTLY_RECONSTRUCTED	19	15	6	0	9	9	0	0	1	0	0	0	0
L1599580-R002	biblical_book	Jer	4	15		4Q72	1606729	f1ii	4	1599580				books/DSS-Jeremiah.txt	1246949	2618	2032879-2032886	8	1	3d9df7f072e60cd39eece9285fb2fd587a5e0835bdd33b97694e5499657f8303	linguistics/books/DSS-Jeremiah-Linguistics.txt	1835103	3582	48d99283a1644ab27e42529eb61cbc999eb29534feac3a1ac8f3912804d3321c	ALL_LETTER_SLOTS_RECONSTRUCTED	21	21	21	0	0	21	0	0	0	0	0	0	0
L1599581-R001	biblical_book	Jer	4	15		4Q72	1606729	f1ii	5	1599581				books/DSS-Jeremiah.txt	1249567	1741	2032887-2032890	4	0	099db209791bb1035027a76e1874e316c29ca89f1b152856aa68e3f4afa29c11	linguistics/books/DSS-Jeremiah-Linguistics.txt	1838685	1968	1b6ae521526f58c9972243e52c0b744250e77b21627ca6cefeed469eef8ed4ac	NO_LETTER_RECONSTRUCTION_MARKED	10	8	0	1	7	0	1	0	1	0	0	0	0
L1599581-R002	biblical_book	Jer	4	16		4Q72	1606729	f1ii	5	1599581				books/DSS-Jeremiah.txt	1251308	2628	2032891-2032897	7	1	134ecfe05bb64d9b58a16986c256e966d4ffeb49b3c502f7afc555bb63511cf7	linguistics/books/DSS-Jeremiah-Linguistics.txt	1840653	3378	4cb31d15abb5f021871c34f39deb7b84fcac6053e3e8418fcd1b355cdd97750b	PARTLY_RECONSTRUCTED	28	28	27	1	0	27	1	0	0	0	0	0	0
L1599582-R001	biblical_book	Jer	4	16		4Q72	1606729	f1ii	6	1599582				books/DSS-Jeremiah.txt	1253936	3593	2032898-2032910	13	1	88ca1d15254eb264409911c44850982d572d13a610fd4314ec8dbf7fc27d91bf	linguistics/books/DSS-Jeremiah-Linguistics.txt	1844031	5640	773bcd172d5cd365e21505e5d5f2fbe31cd42fc6f994acc6e13ed1b552d22e32	PARTLY_RECONSTRUCTED	40	37	29	0	8	30	0	0	1	0	0	0	0
L1599583-R001	biblical_book	Jer	8	1		4Q72	1606729	f2_3	1	1599583				books/DSS-Jeremiah.txt	1257529	2038	2032911-2032915	5	0	46b96d9c5b681fe8de7ec58abc005929fbe8d7b00ef5fc1f2fd5124ac98db8c3	linguistics/books/DSS-Jeremiah-Linguistics.txt	1849671	2490	c6ecfc38c6af0614ffc787fa089b7d1801ac1ccc18fdaaaa7aa364c85a6a33cb	PARTLY_RECONSTRUCTED	21	18	16	0	2	16	0	0	1	0	0	0	0
L1599583-R002	biblical_book	Jer	8	2		4Q72	1606729	f2_3	1	1599583				books/DSS-Jeremiah.txt	1259567	2088	2032916-2032919	4	1	5ebd3b2e99f4ef414d058201217116aa71c2e3dce5d54933197892a79cf62e58	linguistics/books/DSS-Jeremiah-Linguistics.txt	1852161	1967	9db2f8424edba360a88d9247a556877d4d7f2e1faa330772fa59f6a4bca772e0	NO_LETTER_RECONSTRUCTION_MARKED	11	10	0	0	10	0	0	0	0	0	0	0	0
L1599584-R001	biblical_book	Jer	8	2		4Q72	1606729	f2_3	2	1599584				books/DSS-Jeremiah.txt	1261655	3050	2032920-2032926	7	2	01cf31bfee0e52212ec2c0394bd54dfb5b50e6900be9d40efd6712c672386c87	linguistics/books/DSS-Jeremiah-Linguistics.txt	1854128	3145	0ae4cd47f65f20f3b33e258f659c5b650777f9dcc7ede09700f680fcfdf97ac3	NO_LETTER_RECONSTRUCTION_MARKED	19	13	0	1	12	3	3	1	2	0	3	0	0
L1599585-R001	biblical_book	Jer	8	2		4Q72	1606729	f2_3	3	1599585				books/DSS-Jeremiah.txt	1264705	2740	2032927-2032933	7	1	8af251b4f19375b035ed8f3a113466eb77e3004b95df576336ff0930d0e46fb0	linguistics/books/DSS-Jeremiah-Linguistics.txt	1857273	3244	42c5147627b508724f1a464d20aea06c9478c2ec74d9b00f92e318bc78dc1d3c	PARTLY_RECONSTRUCTED	25	23	13	0	10	14	0	0	0	0	0	0	0
L1599586-R001	biblical_book	Jer	8	2		4Q72	1606729	f2_3	4	1599586				books/DSS-Jeremiah.txt	1267445	2955	2032934-2032941	8	1	ae477f0782af36670de9848d09bf26869727e2b828eba33a7d0ba3654bf24ef2	linguistics/books/DSS-Jeremiah-Linguistics.txt	1860517	3561	399b13e32af6ca5241751a69e6bce227cfc45655287b20cc8bd1a8a45d3cda99	PARTLY_RECONSTRUCTED	25	21	11	0	10	12	1	0	1	0	0	1	0
L1599587-R001	biblical_book	Jer	8	2		4Q72	1606729	f2_3	5	1599587				books/DSS-Jeremiah.txt	1270400	2878	2032942-2032951	10	1	dd6c1b5deb2bda650dbc397a40e55a9f3725d7a5bc6f13901b8bcc735d5864ba	linguistics/books/DSS-Jeremiah-Linguistics.txt	1864078	4392	dc75b86930122783f66f2b47e5e8815b3ea831f515c5fa3a1cefd413ac2070cc	PARTLY_RECONSTRUCTED	27	27	14	0	13	14	0	0	0	0	0	0	0
L1599588-R001	biblical_book	Jer	8	2		4Q72	1606729	f2_3	6	1599588				books/DSS-Jeremiah.txt	1273278	1437	2032952-2032953	2	0	ca8b186b3ac042def740714f0d6c3a8aff6bd5dbbe7aae675e9e7b70f468b207	linguistics/books/DSS-Jeremiah-Linguistics.txt	1868470	1131	37467fcaf3d9e22173ca2261fcd07a318d507df72b27caf4df554b2b2cad85c5	ALL_LETTER_SLOTS_RECONSTRUCTED	6	4	4	0	0	6	0	0	1	0	0	0	0
L1599588-R002	biblical_book	Jer	8	3		4Q72	1606729	f2_3	6	1599588				books/DSS-Jeremiah.txt	1274715	2884	2032954-2032962	9	1	067ca483124a569e7cd91b80522595f2402eee5d1d6a099c0002a04045ec09a0	linguistics/books/DSS-Jeremiah-Linguistics.txt	1869601	3979	cff8ae07c2fc76608681cc1fbc31763dcf1fff25791ab0419374adc149b41344	PARTLY_RECONSTRUCTED	22	22	7	2	13	7	2	0	0	0	0	0	0
L1599589-R001	biblical_book	Jer	8	3		4Q72	1606729	f2_3	7	1599589				books/DSS-Jeremiah.txt	1277599	2805	2032963-2032972	10	1	847896d41ed2622b1d59ea9408a2a4acb934193cdf3c04ee1e7882f363c9be84	linguistics/books/DSS-Jeremiah-Linguistics.txt	1873580	4284	ace64ade5317e30eb284ea20da05edd855a2a1173da33d979edf074226dcbfa0	PARTLY_RECONSTRUCTED	24	24	7	0	17	7	0	0	0	0	0	0	0
L1599590-R001	biblical_book	Jer	8	3		4Q72	1606729	f2_3	8	1599590				books/DSS-Jeremiah.txt	1280404	3432	2032973-2032981	9	1	0d422d18e9cff34b12d4ee1f68afc6ec4a693ff90a2ca2e0ecf00b9c849e4c4f	linguistics/books/DSS-Jeremiah-Linguistics.txt	1877864	4045	89cbe400510cb213460fffc13d6ee7254bcbec7874567508e88a727fd03b4e63	PARTLY_RECONSTRUCTED	29	28	8	5	9	8	5	0	0	0	7	0	0
L1599591-R001	biblical_book	Jer	8	3		4Q72	1606729	f2_3	9	1599591				books/DSS-Jeremiah.txt	1283836	2735	2032982-2032985	4	3	c83e2a630fb8626fa573fba1294f2bbd857eba51aabb45ff180baf8295a3608f	linguistics/books/DSS-Jeremiah-Linguistics.txt	1881909	1981	85f746859ffe07824c4fdefa8209b91bf922a0d1d2b8596c3c6a72802215a993	ALL_LETTER_SLOTS_RECONSTRUCTED	14	12	12	0	0	14	0	0	1	0	0	0	0
L1599592-R001	biblical_book	Jer	8	21		4Q72	1606729	f4_5	1	1599592				books/DSS-Jeremiah.txt	1286571	2136	2032986-2032989	4	1	0e1f9ffdd41af67708499cc264db937b0ed0beaba374cc2b3f5798e4a115fe93	linguistics/books/DSS-Jeremiah-Linguistics.txt	1883890	1880	637e2fbc7620fb1ed1bbe0103bd198643ebc864f638dc4d114ed9fe083a89c9d	NO_LETTER_SLOTS	9	0	0	0	0	5	3	2	4	0	0	0	0
L1599593-R001	biblical_book	Jer	8	21		4Q72	1606729	f4_5	2	1599593				books/DSS-Jeremiah.txt	1288707	1716	2032990-2032992	3	0	28efbc73b79f3ede03a90e91ea0a45a7e6d37b96b9f8665afbfb89247a9bdc8b	linguistics/books/DSS-Jeremiah-Linguistics.txt	1885770	1598	0645b9328ad1bbcff505d1f2e71752e5281506f82de42b66a1ee30a348ecadfd	NO_LETTER_RECONSTRUCTION_MARKED	13	10	0	0	10	0	0	0	1	0	0	0	0
L1599593-R002	biblical_book	Jer	8	22		4Q72	1606729	f4_5	2	1599593				books/DSS-Jeremiah.txt	1290423	3072	2032993-2033002	10	1	4beb5dd2db65de457c6ba96ee5e93c61f4e1bb564c5d2ed6760cdf3e89872f78	linguistics/books/DSS-Jeremiah-Linguistics.txt	1887368	4415	a25c752edb3d95dd29d1b2b928e3327c1a086b7a9a5f576dbf656c8935ff51f3	PARTLY_RECONSTRUCTED	28	22	15	1	6	17	1	0	0	0	0	0	0
L1599594-R001	biblical_book	Jer	8	22		4Q72	1606729	f4_5	3	1599594				books/DSS-Jeremiah.txt	1293495	3292	2033003-2033011	9	2	deacdbf21e13e2f6fb7f3b805f203308809dcf080a180d89c692d5f94af2cb32	linguistics/books/DSS-Jeremiah-Linguistics.txt	1891783	4002	623a5edfa372942c50580958a5b1e7d230f71c17a13693a5afda164bc4b7df20	PARTLY_RECONSTRUCTED	28	21	3	0	18	6	0	0	1	0	0	0	0
L1599595-R001	biblical_book	Jer	8	23		4Q72	1606729	f4_5	4	1599595				books/DSS-Jeremiah.txt	1296787	3979	2033012-2033023	12	1	52aca972b75cd592d03cee7c51848a7fb59ba6352a457d3a49ee7ea227a5c816	linguistics/books/DSS-Jeremiah-Linguistics.txt	1895785	5363	93ba48d39088cf72183c9669f4f32e46105608fb3ebfd198a9429259c7f013d2	PARTLY_RECONSTRUCTED	41	34	19	8	7	22	8	0	0	0	0	0	0
L1599596-R001	biblical_book	Jer	8	23		4Q72	1606729	f4_5	5	1599596				books/DSS-Jeremiah.txt	1300766	2309	2033024-2033030	7	0	33a0655e3f4a923e079c48762f661de7ac4d3db05eb4be31a9fca38fd6726fe9	linguistics/books/DSS-Jeremiah-Linguistics.txt	1901148	3154	29d17ad7f0e3f313c5b0fe30aef48a7927e02b30662c41c5321025002e38be73	ALL_LETTER_SLOTS_RECONSTRUCTED	19	16	16	0	0	19	0	0	1	0	0	0	0
L1599596-R002	biblical_book	Jer	9	1		4Q72	1606729	f4_5	5	1599596				books/DSS-Jeremiah.txt	1303075	2544	2033031-2033036	6	1	8e50d3532c4d725a1794e1ea8930cdc01ba6e48067262c92e34f31aa9478274b	linguistics/books/DSS-Jeremiah-Linguistics.txt	1904302	2893	8fdb3b55051caae7db8dd023fc77b7b750c899785d3e58125df4aacb6882dc21	PARTLY_RECONSTRUCTED	22	21	15	1	5	15	1	0	0	0	0	0	0
L1599597-R001	biblical_book	Jer	9	1		4Q72	1606729	f4_5	6	1599597				books/DSS-Jeremiah.txt	1305619	3982	2033037-2033050	14	1	933b53e7aa24530272deac610b071ed91404c715183e3c3098f373450c70f2ff	linguistics/books/DSS-Jeremiah-Linguistics.txt	1907195	5978	5e3c546d9032cdfe0ee7ea823c0f8db3e008137a026f406149a59d6c441d712b	ALL_LETTER_SLOTS_RECONSTRUCTED	45	40	40	0	0	43	0	0	1	0	0	0	0
L1599598-R001	biblical_book	Jer	9	2		4Q72	1606729	f4_5	7	1599598				books/DSS-Jeremiah.txt	1309601	3649	2033051-2033063	13	1	d8a797603a7e9e525e06cb69463a33ed1070cc356fbf536f8a60214974f100c3	linguistics/books/DSS-Jeremiah-Linguistics.txt	1913173	5661	47efc94baa5857410ba083121ea6cbe9cf48d87685afd1472a399535cb443864	ALL_LETTER_SLOTS_RECONSTRUCTED	39	37	37	0	0	39	0	0	0	0	0	0	0
L1599599-R001	biblical_book	Jer	9	2		4Q72	1606729	f4_5	8	1599599				books/DSS-Jeremiah.txt	1313250	3681	2033064-2033077	14	0	29679b928b465edf86c7405a9dcfc7dacb12d93284789cf8526fb14cf3e2f873	linguistics/books/DSS-Jeremiah-Linguistics.txt	1918834	5997	b7a03f2c9f138ffa8f3202d721e47f1d2e76a6c9e1eb967e968360eb78002aef	PARTLY_RECONSTRUCTED	41	37	32	3	2	36	3	0	2	0	6	0	0
L1599599-R002	biblical_book	Jer	9	3		4Q72	1606729	f4_5	8	1599599				books/DSS-Jeremiah.txt	1316931	1558	2033078	1	1	829f42fd2fc58fc156137a36117def8c098d0f0f8498285d7b7a7867bc3a1c2d	linguistics/books/DSS-Jeremiah-Linguistics.txt	1924831	781	4b54c75a1bf4fa6c5600c9dabeab383b508dfa99cfbd50804c1eaf26de3485df	NO_LETTER_RECONSTRUCTION_MARKED	3	3	0	0	3	0	0	0	0	0	0	0	0
L1599600-R001	biblical_book	Jer	9	3		4Q72	1606729	f4_5	9	1599600				books/DSS-Jeremiah.txt	1318489	3685	2033079-2033091	13	1	a558aa9f81a35de2d6d83fbddd44db07e55be559d246a3f86e33949646a69947	linguistics/books/DSS-Jeremiah-Linguistics.txt	1925612	5556	93c0876d893aa73361ab05859aad85aa47b9206e931ef148dc4b08a65d9fd018	PARTLY_RECONSTRUCTED	35	34	29	2	3	30	2	0	0	0	0	0	0
L1599601-R001	biblical_book	Jer	9	3		4Q72	1606729	f4_5	10	1599601				books/DSS-Jeremiah.txt	1322174	2188	2033092-2033098	7	0	42d4707fe8fdf1c0fd7b08ce1efde74c58d53cdbb6170a456c059597bfd18e9e	linguistics/books/DSS-Jeremiah-Linguistics.txt	1931168	3134	d85a2b4bafe4f7d2ed37c72f50a49063efb680fba44314d9e358bf2fbbeac285	ALL_LETTER_SLOTS_RECONSTRUCTED	19	17	17	0	0	19	0	0	1	0	0	0	0
L1599601-R002	biblical_book	Jer	9	4		4Q72	1606729	f4_5	10	1599601				books/DSS-Jeremiah.txt	1324362	2764	2033099-2033106	8	1	46b14b0720c088a20baabf48ec39724948947f3821cf1bf513ebba99d1d1eeef	linguistics/books/DSS-Jeremiah-Linguistics.txt	1934302	3542	9f657afa0d0d01f0743c4480d77ae8178232293501c807de9f7ee8cf178e0511	PARTLY_RECONSTRUCTED	21	20	17	0	3	18	0	0	0	0	0	0	0
L1599602-R001	biblical_book	Jer	9	4		4Q72	1606729	f4_5	11	1599602				books/DSS-Jeremiah.txt	1327126	2564	2033107-2033114	8	0	10c98e598bd379b5065e9bd7d31d647cdfee52ffdb8406fa585d68f1b4979cc6	linguistics/books/DSS-Jeremiah-Linguistics.txt	1937844	3672	c819808cc5c987094b0ea67706d0cac25ae4a21604e5e2afa575a0c324c7ce5a	ALL_LETTER_SLOTS_RECONSTRUCTED	31	28	28	0	0	31	0	0	1	0	0	0	0
L1599602-R002	biblical_book	Jer	9	5		4Q72	1606729	f4_5	11	1599602				books/DSS-Jeremiah.txt	1329690	2253	2033115-2033118	4	1	c35d3cc810135a76e5b84b2beb08d1c81aea2818b14c099536811a7dc7fd821a	linguistics/books/DSS-Jeremiah-Linguistics.txt	1941516	1968	ba6b9e972a3d3d56d06c0c6a335f0b50fd4f056bca851e9a7effc038e5d9b077	PARTLY_RECONSTRUCTED	11	8	5	1	2	5	1	0	1	0	0	0	0
L1599603-R001	biblical_book	Jer	10	12		4Q72	1606729	f6	1	1599603				books/DSS-Jeremiah.txt	1331943	3401	2033119-2033128	10	1	3e77b2497e67b99b976337a4d24bddc87f5f272917db1fce6a01cdebba85b8a3	linguistics/books/DSS-Jeremiah-Linguistics.txt	1943484	4457	7865c51aef620717eecc24cc0f495566ab1fefb09bd6b40adf9cf0a6cc131cd2	PARTLY_RECONSTRUCTED	30	24	18	1	5	22	1	1	2	0	0	0	0
L1599604-R001	biblical_book	Jer	10	13		4Q72	1606729	f6	2	1599604				books/DSS-Jeremiah.txt	1335344	2920	2033129-2033136	8	1	cd2d6ce6676569e6dad0af9b8e5725c78d51f55948c033e00b75051d753d47c3	linguistics/books/DSS-Jeremiah-Linguistics.txt	1947941	3683	239a31691468f40a5a87569739b6d594f45fd06edc9a0e26dcb5c2b261d39836	PARTLY_RECONSTRUCTED	24	22	12	3	7	14	3	1	1	0	0	0	0
L1599605-R001	biblical_book	Jer	10	13		4Q72	1606729	f6	3	1599605				books/DSS-Jeremiah.txt	1338264	2916	2033137-2033145	9	1	20fce7a4a0ac010360c58b8268887ec1c80fe6cc1ebc86ab41ec83238d214a3b	linguistics/books/DSS-Jeremiah-Linguistics.txt	1951624	3968	a9eca35b7dee108cb359a4aaec72ce2e81f5f1c29599bc949d915a548fe4399b	PARTLY_RECONSTRUCTED	23	19	11	2	6	13	2	1	2	0	0	0	0
L1599606-R001	biblical_book	Jer	19	8		4Q72	1606729	f7	1	1599606				books/DSS-Jeremiah.txt	1341180	3430	2033146-2033158	13	1	39669b8fa5249bde6a5f1a2431a538a5f2e04fdef54fe66761eac60f45b8ba4c	linguistics/books/DSS-Jeremiah-Linguistics.txt	1955592	5532	881a7fe19a5215c8b97ef6bee6be0e8f0068b34b0991999462151ac1797818d4	PARTLY_RECONSTRUCTED	32	31	25	0	6	26	0	0	0	0	0	0	0
L1599607-R001	biblical_book	Jer	19	8		4Q72	1606729	f7	2	1599607				books/DSS-Jeremiah.txt	1344610	2150	2033159-2033164	6	0	0f0adb42fd077441c0be2fcc860adf6c7847ff7a70b67dd43b68697f1190c9e9	linguistics/books/DSS-Jeremiah-Linguistics.txt	1961124	2727	4572809623c510ca5833b6ddec95923a3cd07a711eefe3037fb4a04cf6bc0f53	ALL_LETTER_SLOTS_RECONSTRUCTED	16	13	13	0	0	16	0	0	1	0	0	0	0
L1599607-R002	biblical_book	Jer	19	9		4Q72	1606729	f7	2	1599607				books/DSS-Jeremiah.txt	1346760	2390	2033165-2033169	5	1	0b244f618439a04443d16a8a6d1f54ca4ddeee7c7a2018d8c57404d8a7a8115b	linguistics/books/DSS-Jeremiah-Linguistics.txt	1963851	2307	c08696cb06363f2dbb255385e29d6304f239dd3b5a41732d14fb3aa3a4578ea0	PARTLY_RECONSTRUCTED	13	9	2	2	5	4	2	1	2	0	0	0	0
L1599608-R001	biblical_book	Jer	20	2		4Q72	1606729	f8i	1	1599608				books/DSS-Jeremiah.txt	1349150	2269	2033170-2033174	5	1	4fe49170c0fdc690c7d1fe7e42816768986a2c60caa3a36ff27878e7f1bf59ef	linguistics/books/DSS-Jeremiah-Linguistics.txt	1966158	2391	e15a2bff3cd5fd17e3081062ee130afd22d311718c61f8a72f32e5a14226ed94	PARTLY_RECONSTRUCTED	13	11	9	2	0	11	2	1	1	0	0	0	0
L1599609-R001	biblical_book	Jer	20	2		4Q72	1606729	f8i	2	1599609				books/DSS-Jeremiah.txt	1351419	2969	2033175-2033183	9	1	626152bb6c25786d551d5ea5e44cab8964d01365d388471fdcfe04f49d1bdaa2	linguistics/books/DSS-Jeremiah-Linguistics.txt	1968549	4111	62f4285ae9e4fc695a1d429b09fba8d6d12a188e376e0eb74a7239fb13f772af	PARTLY_RECONSTRUCTED	27	26	21	1	4	22	1	0	0	0	0	0	0
L1599610-R001	biblical_book	Jer	20	2		4Q72	1606729	f8i	3	1599610				books/DSS-Jeremiah.txt	1354388	2738	2033184-2033192	9	1	695c02f9ab72591fed53afc0c874db162421867c92a6ce5a3b9bdd0129c33f35	linguistics/books/DSS-Jeremiah-Linguistics.txt	1972660	4142	256aec08e3317ad42a0ea7c1e87a174ba253cafc74e410caaadb067bb5e605e6	PARTLY_RECONSTRUCTED	25	25	13	0	12	13	0	0	0	0	0	0	0
L1599611-R001	biblical_book	Jer	20	2		4Q72	1606729	f8i	4	1599611				books/DSS-Jeremiah.txt	1357126	1437	2033193-2033194	2	0	918515c0d8758c4bf6b395cc410e99b6f84c2f8a504d5e60f704a066fb0e8a0b	linguistics/books/DSS-Jeremiah-Linguistics.txt	1976802	1138	5e09c3a766107d71aa91dbbb58296296b6579ef92ff25eb27c310509c330d9f3	ALL_LETTER_SLOTS_RECONSTRUCTED	6	4	4	0	0	6	0	0	1	0	0	0	0
L1599611-R002	biblical_book	Jer	20	3		4Q72	1606729	f8i	4	1599611				books/DSS-Jeremiah.txt	1358563	2617	2033195-2033202	8	1	78fc652c53c8a346c198b178948f58b22a5a01d6d8f8f5df9021ff88af8ef909	linguistics/books/DSS-Jeremiah-Linguistics.txt	1977940	3623	445921491bf2f09284af129fea342245a30442547bd70dbf08ce7b3195230f2c	PARTLY_RECONSTRUCTED	20	20	8	1	11	8	1	0	0	0	0	0	0
L1599612-R001	biblical_book	Jer	20	3		4Q72	1606729	f8i	5	1599612				books/DSS-Jeremiah.txt	1361180	2872	2033203-2033210	8	1	e9e450e131e4be7d43af56285ecff44da10bef55a5fa70c25117168996641ea6	linguistics/books/DSS-Jeremiah-Linguistics.txt	1981563	3772	836b8c83182a881e853fb2fbfa23a8193e351d29bbf4be113eb71b5a7140eb8f	PARTLY_RECONSTRUCTED	28	27	11	1	15	11	1	0	0	0	0	0	0
L1599613-R001	biblical_book	Jer	20	3		4Q72	1606729	f8i	6	1599613				books/DSS-Jeremiah.txt	1364052	2823	2033211-2033218	8	1	2eef50eecd202dc0038c5851ae44897dee6917bffb9ccea2129657784d27459f	linguistics/books/DSS-Jeremiah-Linguistics.txt	1985335	3704	1921d48c05f52a27d888b28310f01fdd354a03d4e39244dca24c5ca12d6ad9d3	PARTLY_RECONSTRUCTED	26	25	10	1	14	10	1	0	0	0	0	0	0
L1599614-R001	biblical_book	Jer	20	3		4Q72	1606729	f8i	7	1599614				books/DSS-Jeremiah.txt	1366875	2206	2033219-2033221	3	2	c78464cce0dcbd1b20b7e6a27b65d509fc8ac8194b04a6934d8054b02f80bfc1	linguistics/books/DSS-Jeremiah-Linguistics.txt	1989039	1542	2d5dc0916c5565efbc23967397f6b00d15a1f1996e00375521dd24394c6172be	ALL_LETTER_SLOTS_RECONSTRUCTED	7	5	5	0	0	7	0	0	1	0	0	0	0
L1599615-R001	biblical_book	Jer	20	4		4Q72	1606729	f8i	8	1599615				books/DSS-Jeremiah.txt	1369081	3007	2033222-2033229	8	1	8079fea921675ad2f8bbc7eb77bc1beea554b9b5da3b9ded46213be245eb0dd7	linguistics/books/DSS-Jeremiah-Linguistics.txt	1990581	3693	c74556235dba1ef261dccb7afc51bb950655c11d725a5cf6d0e3bbd553032ee5	PARTLY_RECONSTRUCTED	28	23	6	1	16	6	3	0	1	0	0	2	0
L1599616-R001	biblical_book	Jer	20	4		4Q72	1606729	f8i	9	1599616				books/DSS-Jeremiah.txt	1372088	3530	2033230-2033239	10	1	3b67f1949f1f7ca033ac6e5a40d84452032d3674573c05b08592a410d772e972	linguistics/books/DSS-Jeremiah-Linguistics.txt	1994274	4379	7401c75cb0a88bdbd591781f1708a52c2eb815eb9d93c6931be37febf90f4bcc	PARTLY_RECONSTRUCTED	31	28	8	3	17	9	3	0	0	0	0	0	0
L1599617-R001	biblical_book	Jer	20	4		4Q72	1606729	f8i	10	1599617				books/DSS-Jeremiah.txt	1375618	2902	2033240-2033247	8	1	2145bed6fbba05497a2d86ad47ce1910c50a5a22cdc4429bc4878f43e341be74	linguistics/books/DSS-Jeremiah-Linguistics.txt	1998653	3657	297b4dd9c27fbfa603ae2b33d8574c6f3bbad974ce7cd1a74e1a614ec824e234	PARTLY_RECONSTRUCTED	24	23	9	1	13	10	1	0	0	0	0	0	0
L1599618-R001	biblical_book	Jer	20	4		4Q72	1606729	f8i	11	1599618				books/DSS-Jeremiah.txt	1378520	3384	2033248-2033259	12	1	f4f7ebfd0b16f282cd2087395657b120bf08c4c8e767da8adc047d949830169f	linguistics/books/DSS-Jeremiah-Linguistics.txt	2002310	5152	f3cd81da29d0cfe7063fabbc74631e00cd24169d27b9b2ce2cf69ff24f44b886	PARTLY_RECONSTRUCTED	29	25	14	0	11	14	0	0	1	0	0	0	0
L1599619-R001	biblical_book	Jer	20	5		4Q72	1606729	f8i	12	1599619				books/DSS-Jeremiah.txt	1381904	3539	2033260-2033272	13	1	8b67e11ffa5339540c164ea5c1d91857f64f224d89a10ba0923fc3efa93640b7	linguistics/books/DSS-Jeremiah-Linguistics.txt	2007462	5430	a1eba88a4feb4728d8abe00af0cda3e6cf8043cc9c66167512c0107f7ef09eff	PARTLY_RECONSTRUCTED	27	25	19	3	3	19	3	0	1	0	0	0	0
L1599620-R001	biblical_book	Jer	20	7		4Q72	1606729	f8ii	1	1599620				books/DSS-Jeremiah.txt	1385443	3243	2033273-2033282	10	1	af40496b06b2299a6b04eb9b31a516537c44c091005b49a3c02c6b3ea2ec23d8	linguistics/books/DSS-Jeremiah-Linguistics.txt	2012892	4453	a727529b1c8ab647fb5fdf6fc21b7a118e7355e3523bddb1514bd22d7db4894e	PARTLY_RECONSTRUCTED	37	35	25	0	10	26	0	0	0	0	0	0	0
L1599621-R001	biblical_book	Jer	20	7		4Q72	1606729	f8ii	2	1599621				books/DSS-Jeremiah.txt	1388686	2356	2033283-2033289	7	0	95fcbf2d29d6de7da197b2dc8ed4a0a61dd3208a72a63e38e07c715aba14184c	linguistics/books/DSS-Jeremiah-Linguistics.txt	2017345	3084	5f1a244123cdef7f7d9f0e3c25336c8ff0477bf661a7e3faaf7511126dc26d01	PARTLY_RECONSTRUCTED	18	14	5	0	9	8	0	0	1	0	0	0	0
L1599621-R002	biblical_book	Jer	20	8		4Q72	1606729	f8ii	2	1599621				books/DSS-Jeremiah.txt	1391042	2328	2033290-2033295	6	1	d3f32b64c64fe03506a29632a1951d98e9807dddba0ac0d2173015eb5614691e	linguistics/books/DSS-Jeremiah-Linguistics.txt	2020429	2800	dcacad7eb58c79ee8cc18003e66ae9b5920496af033e3c70e74b7a0df63a518e	ALL_LETTER_SLOTS_RECONSTRUCTED	16	16	16	0	0	16	0	0	0	0	0	0	0
L1599622-R001	biblical_book	Jer	20	8		4Q72	1606729	f8ii	3	1599622				books/DSS-Jeremiah.txt	1393370	3421	2033296-2033308	13	1	67dcc2e283ea34b93f48e39024501a1fea0e43dd095fcc1e8e885b040f4f1297	linguistics/books/DSS-Jeremiah-Linguistics.txt	2023229	5560	ce45082e411208db004768265bb3df6a3087f76b0bc47d4932acc012e94107f9	PARTLY_RECONSTRUCTED	32	31	24	0	7	25	0	0	0	0	0	0	0
L1599623-R001	biblical_book	Jer	20	8		4Q72	1606729	f8ii	4	1599623				books/DSS-Jeremiah.txt	1396791	1735	2033309-2033312	4	0	d59f63100a58668f56d5b3bde25adc85a7f98bc15b6709a05870804bf8fc8774	linguistics/books/DSS-Jeremiah-Linguistics.txt	2028789	1900	a8643d25e1b189ab5d3ebf74b8a11ebe1d1fc5894f910236ac6c0638738befd7	PARTLY_RECONSTRUCTED	8	6	2	1	3	4	1	0	1	0	0	0	0
L1599623-R002	biblical_book	Jer	20	9		4Q72	1606729	f8ii	4	1599623				books/DSS-Jeremiah.txt	1398526	2787	2033313-2033320	8	1	cf45563603ac523e1ba8ddd9f859c9cd75fb4e60cf4f00889264a241e586450b	linguistics/books/DSS-Jeremiah-Linguistics.txt	2030689	3584	180fa0ed10651abf8fd66064a129203d225fc676ca1d45e0b6c1665cc7f94134	ALL_LETTER_SLOTS_RECONSTRUCTED	25	24	24	0	0	25	0	0	0	0	0	0	0
L1599625-R001	biblical_book	Jer	20	9		4Q72	1606729	f8ii	6	1599625				books/DSS-Jeremiah.txt	1401313	3702	2033321-2033333	13	1	c8277a6208c5778cdbe5fcdef1ddbfdef8865c718b8a1cd1b289b25ec4fd1d18	linguistics/books/DSS-Jeremiah-Linguistics.txt	2034273	5466	d86f2315f38c8fd46930041e1424bc40fb18dc4e928b4f3d7841c4e7e6253db1	PARTLY_RECONSTRUCTED	33	28	27	0	1	30	0	0	1	0	0	0	0
L1599626-R001	biblical_book	Jer	20	13		4Q72	1606729	f9	1	1599626				books/DSS-Jeremiah.txt	1405015	2069	2033334-2033337	4	1	3ae27141a74a1d54c59119cee3a00de4e9184ef26899b08505497f760f955f28	linguistics/books/DSS-Jeremiah-Linguistics.txt	2039739	1948	55073da06687008ec8b4e5970741f053b8e73293a12a16c9df9d2522d536c556	PARTLY_RECONSTRUCTED	11	9	8	1	0	10	1	1	1	0	0	0	0
L1599627-R001	biblical_book	Jer	20	13		4Q72	1606729	f9	2	1599627				books/DSS-Jeremiah.txt	1407084	2982	2033338-2033349	12	0	4d7bc5bad5ffaa24d7f321f174a38a7d8957d199b643263ab85d150cdc5d2875	linguistics/books/DSS-Jeremiah-Linguistics.txt	2041687	5224	c54f0d895abefc9b6ae4d938879f871162202011010a3fc5ea4ec141cb65fb10	ALL_LETTER_SLOTS_RECONSTRUCTED	36	34	34	0	0	36	0	0	1	0	0	0	0
L1599627-R002	biblical_book	Jer	20	14		4Q72	1606729	f9	2	1599627				books/DSS-Jeremiah.txt	1410066	2232	2033350-2033354	5	1	f8be76d8c123d9906e63651ccfc77bd87f3450e7552068a340cd81f63fcfa4a0	linguistics/books/DSS-Jeremiah-Linguistics.txt	2046911	2410	e228825336752aa169f82495d8f205b38b91630503467bc1beddbf02e877beb5	PARTLY_RECONSTRUCTED	16	16	12	0	4	12	0	0	0	0	0	0	0
L1599628-R001	biblical_book	Jer	20	14		4Q72	1606729	f9	3	1599628				books/DSS-Jeremiah.txt	1412298	2929	2033355-2033363	9	0	11cd06d3c60f86f66aae71ad47c1b8c9d632f63cf51271d2c04b03e2d8cb83d8	linguistics/books/DSS-Jeremiah-Linguistics.txt	2049321	3983	0084ec35a30fe9d7e131399663e762308fc9d11ac285d2510806a24fc09cf3df	ALL_LETTER_SLOTS_RECONSTRUCTED	31	26	26	0	0	31	0	0	1	0	0	0	0
L1599628-R002	biblical_book	Jer	20	15		4Q72	1606729	f9	3	1599628				books/DSS-Jeremiah.txt	1415227	3170	2033364-2033373	10	1	bf267e7faf1bf5002535dc78d47f2e13ad3af798d6adfd0367550bc3b6dc9895	linguistics/books/DSS-Jeremiah-Linguistics.txt	2053304	4317	5992b661360322f12ec5e92f4673c47a5547c6a5c6ab373150c71f53ff757c7c	PARTLY_RECONSTRUCTED	26	23	20	2	1	21	2	0	1	0	0	0	0
L1599629-R001	biblical_book	Jer	21	7		4Q72	1606729	f10_12	1	1599629				books/DSS-Jeremiah.txt	1418397	2046	2033374-2033377	4	1	2efa9530d1e683a8b1144343d8a644392fa2e82ebe25679eb10da2bfc0ad1051	linguistics/books/DSS-Jeremiah-Linguistics.txt	2057621	1942	7bccd5e1b6e69dfd2311f0e37c05a54c8a070040b56173b6439ade425c293484	ALL_LETTER_SLOTS_RECONSTRUCTED	9	7	7	0	0	9	0	1	1	0	0	0	0
L1599630-R001	biblical_book	Jer	21	7		4Q72	1606729	f10_12	2	1599630				books/DSS-Jeremiah.txt	1420443	3390	2033378-2033389	12	1	5c227c8f7a857fd31c7c550af6faf01786f8f9fc584039c87de696dff9ca32af	linguistics/books/DSS-Jeremiah-Linguistics.txt	2059563	5411	82ce754b4a978667155e89afb0105f924ddf52c054bfdc31166d53a782f50b11	PARTLY_RECONSTRUCTED	38	37	33	1	3	33	1	0	0	0	0	0	0
L1599631-R001	biblical_book	Jer	21	7		4Q72	1606729	f10_12	3	1599631				books/DSS-Jeremiah.txt	1423833	4044	2033390-2033408	19	1	1038829072dc8fa94caa4a5696d1e2497f3c33c5f25ab259955d7f77ad6f4ef5	linguistics/books/DSS-Jeremiah-Linguistics.txt	2064974	7716	69d98cc77901c6dfda2329911ab65f650c0db59c9d760004c1d9d28dc20ff114	PARTLY_RECONSTRUCTED	37	37	27	0	10	27	0	0	0	0	0	0	0
L1599632-R001	biblical_book	Jer	21	7		4Q72	1606729	f10_12	4	1599632				books/DSS-Jeremiah.txt	1427877	3510	2033409-2033420	12	1	5d06341a5e8d0bc8e936a0a30957857e3860f10c8565f665eab8abee3591ee57	linguistics/books/DSS-Jeremiah-Linguistics.txt	2072690	5422	23ec4993da46639ddd1910241b50c5c07c4ed056fea2d1b8e4fc06e7b5edc3f7	PARTLY_RECONSTRUCTED	40	38	29	0	9	30	0	0	0	0	0	0	0
L1599633-R001	biblical_book	Jer	21	7		4Q72	1606729	f10_12	5	1599633				books/DSS-Jeremiah.txt	1431387	3632	2033421-2033433	13	1	acf83ad71c81d32f10319b49632cbf865285bddf6b8afe3a5ea51c205cbe079d	linguistics/books/DSS-Jeremiah-Linguistics.txt	2078112	5494	035cde7712af7c92badff66efc7eb5dd64dfbaf2182c6a8b9a588f7847472521	PARTLY_RECONSTRUCTED	33	31	19	1	11	21	1	0	0	0	0	0	0
L1599634-R001	biblical_book	Jer	21	7		4Q72	1606729	f10_12	6	1599634				books/DSS-Jeremiah.txt	1435019	1443	2033434-2033435	2	0	45141e4452645c01fe8b2c360c9376312c092b87846ce78833a6c9afa99b95c3	linguistics/books/DSS-Jeremiah-Linguistics.txt	2083606	1141	8da509ef21cb18d43cc9347a6bf0bf72633eeed9bc9b87030ffd353ef891cd23	ALL_LETTER_SLOTS_RECONSTRUCTED	6	4	4	0	0	6	0	0	1	0	0	0	0
L1599634-R002	biblical_book	Jer	21	8		4Q72	1606729	f10_12	6	1599634				books/DSS-Jeremiah.txt	1436462	3896	2033436-2033448	13	2	460cbef837a102e8fe6e75b2f17e6c5d9f35421ced9889f057ae2b6f4651fa20	linguistics/books/DSS-Jeremiah-Linguistics.txt	2084747	5547	cb1a7050b0206bb4e39526a635a5c0f81c356ea9eee28eee87e1be293da62458	PARTLY_RECONSTRUCTED	32	32	17	3	11	17	3	0	0	0	3	0	0
L1599635-R001	biblical_book	Jer	21	8		4Q72	1606729	f10_12	7	1599635				books/DSS-Jeremiah.txt	1440358	3031	2033449-2033460	12	0	d31e23a2c10cf85f3f0491c612320b45f252d16a5c8c17bed282187c26550926	linguistics/books/DSS-Jeremiah-Linguistics.txt	2090294	5152	76a28fce58969c4df66aeb2294ed893c585ba36c7c1193dc955ec5218d92cf0d	PARTLY_RECONSTRUCTED	29	26	17	1	8	18	1	0	1	0	0	0	0
L1599635-R002	biblical_book	Jer	21	9		4Q72	1606729	f10_12	7	1599635				books/DSS-Jeremiah.txt	1443389	2638	2033461-2033467	7	1	3429e5e2fefb6156a5f6a71792b141e0a426c148f5f1266404c3dc6e901bb82d	linguistics/books/DSS-Jeremiah-Linguistics.txt	2095446	3152	56a48a76398bdbe2c195ddb01ad4bc9fedf584985db286957604d65546750b7d	PARTLY_RECONSTRUCTED	16	16	6	5	5	6	5	0	0	0	0	0	0
L1599636-R001	biblical_book	Jer	21	9		4Q72	1606729	f10_12	8	1599636				books/DSS-Jeremiah.txt	1446027	4289	2033468-2033486	19	1	f5eb583497eb2a4f69b5b97e93c27c84d03a06273e979c6bd72bb20ed41470a9	linguistics/books/DSS-Jeremiah-Linguistics.txt	2098598	7908	31349fb57a9640f3be1c3acafb7f2f6e6bb891c620dff6ca5a2e25da8f3e4131	PARTLY_RECONSTRUCTED	44	43	25	0	18	26	0	0	0	0	0	0	0
L1599637-R001	biblical_book	Jer	21	9		4Q72	1606729	f10_12	9	1599637				books/DSS-Jeremiah.txt	1450316	2581	2033487-2033494	8	0	19ed0db1c40fd6e34c95f77281eb4bf4b9c6f042cb69406efcde2fc68dce0209	linguistics/books/DSS-Jeremiah-Linguistics.txt	2106506	3512	421c7ca59a9e59bdb90b5e4a55270bb1844d73bccfd87647ff5961bc9ec24c6d	ALL_LETTER_SLOTS_RECONSTRUCTED	23	19	19	0	0	23	0	0	1	0	0	0	0
L1599637-R002	biblical_book	Jer	21	10		4Q72	1606729	f10_12	9	1599637				books/DSS-Jeremiah.txt	1452897	3344	2033495-2033506	12	1	92c348739fe20e01ec80f3952e031813b48d638343c58884b7a6e5628ada2752	linguistics/books/DSS-Jeremiah-Linguistics.txt	2110018	5098	607996e22d294d11bf773140d71e03758cc6c8ff88fefa4a62e0b2f123552b46	PARTLY_RECONSTRUCTED	27	24	21	1	2	21	1	0	1	0	0	0	0
L1599638-R001	biblical_book	Jer	22	4		4Q72	1606729	f13	1	1599638				books/DSS-Jeremiah.txt	1456241	3278	2033507-2033518	12	1	4157d7ab9fdc22f827975e12707c5fb2231884be047500aafc8dd9070e9d5c80	linguistics/books/DSS-Jeremiah-Linguistics.txt	2115116	5179	b8d1c06aa4579fe83f64a1233d5af6e3e8daa80678b084b6ef1a6cea4ac188ea	PARTLY_RECONSTRUCTED	30	30	28	1	1	28	1	0	0	0	0	0	0
L1599639-R001	biblical_book	Jer	22	4		4Q72	1606729	f13	2	1599639				books/DSS-Jeremiah.txt	1459519	3426	2033519-2033529	11	1	56727e2e98f888d643d1fd9f7018bcd95b34ad70d25b6253dae281bcc0cd2402	linguistics/books/DSS-Jeremiah-Linguistics.txt	2120295	4840	8cbefbefc2f66cecc7e89f811482fc9d91608800c3591fa8be911bad8080307d	PARTLY_RECONSTRUCTED	33	31	27	1	3	28	1	0	0	0	0	0	0
L1599640-R001	biblical_book	Jer	22	4		4Q72	1606729	f13	3	1599640				books/DSS-Jeremiah.txt	1462945	1683	2033530-2033532	3	0	377b0574efddb90a0b6fce202349f36acade9e2b484dd5f8b312046c9f8c55ff	linguistics/books/DSS-Jeremiah-Linguistics.txt	2125135	1496	629bec4ad0e67ca59666a5a63347033cf04c7388a1143fbf7098646223c9fd89	ALL_LETTER_SLOTS_RECONSTRUCTED	7	4	4	0	0	7	0	0	1	0	0	0	0
L1599640-R002	biblical_book	Jer	22	5		4Q72	1606729	f13	3	1599640				books/DSS-Jeremiah.txt	1464628	2817	2033533-2033539	7	2	056ac245c8e76ad5cab883ff3e3c10a7799d15b0c57b394361e89874d93ee5df	linguistics/books/DSS-Jeremiah-Linguistics.txt	2126631	3138	8813d9d28623774230e4a1a14ea80c0692409cd2d737b4f8dbbb13a8b7039a05	PARTLY_RECONSTRUCTED	18	18	12	0	6	12	0	0	0	0	0	0	0
L1599641-R001	biblical_book	Jer	22	5		4Q72	1606729	f13	4	1599641				books/DSS-Jeremiah.txt	1467445	2957	2033540-2033548	9	1	7c89c4d2bb47d5d6b4bbfed3580760a50214dc0f18d56bdf7a35d724582a1d16	linguistics/books/DSS-Jeremiah-Linguistics.txt	2129769	4062	089064fddf64845dc645bd830f5cb3e8732106ae69f8db2c2519e028f07bbbd1	PARTLY_RECONSTRUCTED	27	26	12	2	12	13	2	0	0	0	0	0	0
L1599642-R001	biblical_book	Jer	22	5		4Q72	1606729	f13	5	1599642				books/DSS-Jeremiah.txt	1470402	2635	2033549-2033554	6	2	0b193b86ca12af001b8a8fb53e0e2ab94d785f1d197340a9f83c0a47f67f7a94	linguistics/books/DSS-Jeremiah-Linguistics.txt	2133831	2675	2a3c3e2a5755d3826d8eea890dbc5ac32600d28c0614c6fb2d0a1ee265ff8d04	ALL_LETTER_SLOTS_RECONSTRUCTED	13	11	11	0	0	13	0	0	1	0	0	0	0
L1599643-R001	biblical_book	Jer	22	6		4Q72	1606729	f13	6	1599643				books/DSS-Jeremiah.txt	1473037	2833	2033555-2033562	8	1	25c88501ed889ca524d08f2cf731e0ac8d5ad2a590fd74f37dae93a4b4154c01	linguistics/books/DSS-Jeremiah-Linguistics.txt	2136506	3740	d1b7478d8be6da20c27b1f8c7090691025d2d94f9c64f1f9fd43459605ab2791	PARTLY_RECONSTRUCTED	24	24	13	2	9	13	2	0	0	0	0	0	0
L1599644-R001	biblical_book	Jer	22	6		4Q72	1606729	f13	7	1599644				books/DSS-Jeremiah.txt	1475870	2123	2033563-2033566	4	1	caef92920f3c6cc0188388197487d7df7d5ffed24fa47bbfabb8bd1450ba18d0	linguistics/books/DSS-Jeremiah-Linguistics.txt	2140246	1838	f5417539c334a2ed2d0795da57925f2eeba71f6ecac0ce1730c3eeaf0b36b0b9	NO_LETTER_SLOTS	10	0	0	0	0	4	3	2	4	0	0	0	0
L1599645-R001	biblical_book	Jer	22	10		4Q72	1606729	f14_18	5	1599645				books/DSS-Jeremiah.txt	1477993	3834	2033567-2033581	15	1	aa717d254094c901ac71ed9d83ef93590237efe08857fd557a6adfaf69cb1e40	linguistics/books/DSS-Jeremiah-Linguistics.txt	2142084	6272	222085e36890fb475d21fb175d30905fc8f3cea9ecaaa5748b80db0a20a0a467	PARTLY_RECONSTRUCTED	37	36	34	2	0	35	2	0	0	0	0	0	0
L1599646-R001	biblical_book	Jer	22	10		4Q72	1606729	f14_18	6	1599646				books/DSS-Jeremiah.txt	1481827	3010	2033582-2033588	7	2	dbc2fb56a7c8408260ab5befc663b8ae7ad7975c99116cf1c57ad08801d4fc73	linguistics/books/DSS-Jeremiah-Linguistics.txt	2148356	3207	8b9bfc4058cd1f72be8282176c76e3db8000458d3705a78eeba48fdcd336c238	PARTLY_RECONSTRUCTED	21	18	9	0	9	12	0	0	1	0	0	0	0
L1599647-R001	biblical_book	Jer	22	11		4Q72	1606729	f14_18	7	1599647				books/DSS-Jeremiah.txt	1484837	3497	2033589-2033600	12	1	716a54d5719557d82cbe153818f6d0f8ef00c4ae79569f721499496dab1525cc	linguistics/books/DSS-Jeremiah-Linguistics.txt	2151563	5419	84462d55b6af8a1fd00dac1835a48e588f193cdf2d8104b613439b0e300f7c94	PARTLY_RECONSTRUCTED	35	35	23	3	9	23	3	0	0	0	0	0	0
L1599648-R001	biblical_book	Jer	22	11		4Q72	1606729	f14_18	8	1599648				books/DSS-Jeremiah.txt	1488334	3461	2033601-2033612	12	1	84c4b09687e03c1586f116a56bd09144fe8362c550c414b617bff859611ae391	linguistics/books/DSS-Jeremiah-Linguistics.txt	2156982	5281	2c0a49c94e1a0f771fa9c3f09469eab73a57464d8ceb2b7e0c405e88419f69fa	PARTLY_RECONSTRUCTED	36	35	19	0	16	19	0	0	0	0	0	0	0
L1599649-R001	biblical_book	Jer	22	11		4Q72	1606729	f14_18	9	1599649				books/DSS-Jeremiah.txt	1491795	1546	2033613-2033615	3	0	b87e95645ba118c7c9f109f7e494f35da6e88ca8558d9674dc9b92f3bf77df57	linguistics/books/DSS-Jeremiah-Linguistics.txt	2162263	1525	bcda9be90834c701c99391a684933d0823ecc1348ece981d49fc7b0c1852b63b	NO_LETTER_RECONSTRUCTION_MARKED	7	5	0	0	5	0	0	0	1	0	0	0	0
L1599649-R002	biblical_book	Jer	22	12		4Q72	1606729	f14_18	9	1599649				books/DSS-Jeremiah.txt	1493341	3069	2033616-2033625	10	1	1e9b112aff8d95179df9929a2b566c2848f6569f0382a8411cafb1edf26a1a38	linguistics/books/DSS-Jeremiah-Linguistics.txt	2163788	4405	d26185942837ac9220104ad9f5a5e7e6fd2e0e8af2f75dce373d8f612a578968	PARTLY_RECONSTRUCTED	27	26	15	0	11	16	0	0	0	0	0	0	0
L1599650-R001	biblical_book	Jer	22	12		4Q72	1606729	f14_18	10	1599650				books/DSS-Jeremiah.txt	1496410	3166	2033626-2033633	8	2	10d1825012122ae1ee7369556e56555e7b3b031e8ab49ace10c7cbc7a89b9acc	linguistics/books/DSS-Jeremiah-Linguistics.txt	2168193	3499	4562c22d1ced6d8715801ba7073dd334002363a49adeb5b42cd248e2ad8181a6	PARTLY_RECONSTRUCTED	19	17	1	3	13	3	3	0	1	0	0	0	0
L1599651-R001	biblical_book	Jer	22	13		4Q72	1606729	f14_18	11	1599651				books/DSS-Jeremiah.txt	1499576	3917	2033634-2033646	13	1	769a1a5e2fa021f539b12d5e376677be47dba949015fa6cd466f6638ebb7e523	linguistics/books/DSS-Jeremiah-Linguistics.txt	2171692	5747	4f32ef6d008965e77a1c5c1108fd0f0c7c0501bc4b1748df4f331d2e0bd45cff	PARTLY_RECONSTRUCTED	40	37	22	2	13	24	2	0	0	0	0	0	0
L1599652-R001	biblical_book	Jer	22	13		4Q72	1606729	f14_18	12	1599652				books/DSS-Jeremiah.txt	1503493	2609	2033647-2033654	8	0	ad4ec189a38838c18109c0e5c636e4f43a8c0472f8251a99c9c23a0087506bcf	linguistics/books/DSS-Jeremiah-Linguistics.txt	2177439	3555	ebf500dfae2f6308fe74cc4e0731af5a7944191adb52afee2c51dad0d6c2d186	NO_LETTER_RECONSTRUCTION_MARKED	23	19	0	1	18	0	1	0	1	0	0	0	0
L1599652-R002	biblical_book	Jer	22	14		4Q72	1606729	f14_18	12	1599652				books/DSS-Jeremiah.txt	1506102	2477	2033655-2033660	6	1	30b694c7c143413b20877bcd430fc5e5d5f51a7b3f912b5bc79f7d59a1ccf353	linguistics/books/DSS-Jeremiah-Linguistics.txt	2180994	2841	481874f477757bd4f02a253c4b97901f9b0b516f870fef96de59fda06a3e3281	PARTLY_RECONSTRUCTED	18	17	16	1	0	17	1	0	0	0	0	0	0
L1599653-R001	biblical_book	Jer	22	14		4Q72	1606729	f14_18	13	1599653				books/DSS-Jeremiah.txt	1508579	3876	2033661-2033672	12	1	068d1a19fc74374da704f437affda13973c04bd761cc77b1238804de3a43d3cd	linguistics/books/DSS-Jeremiah-Linguistics.txt	2183835	5311	79b50b0520f9ce2b6b9d4ec685c6c23d8cc2490b6c5231d52b31a0788072a9a1	PARTLY_RECONSTRUCTED	40	38	20	4	14	21	4	0	0	0	0	0	0
L1599654-R001	biblical_book	Jer	22	14		4Q72	1606729	f14_18	14	1599654				books/DSS-Jeremiah.txt	1512455	1562	2033673-2033675	3	0	dc93f04c55cb38f1eed8fe2355e5cdc6a3e4b13d51807ee856aac40a060061e0	linguistics/books/DSS-Jeremiah-Linguistics.txt	2189146	1537	fb3ce56ff545aa43622e0d1669dfed174ead0cad46ad42e6aae244a17431771c	ALL_LETTER_SLOTS_RECONSTRUCTED	6	4	4	0	0	6	0	0	1	0	0	0	0
L1599654-R002	biblical_book	Jer	22	15		4Q72	1606729	f14_18	14	1599654				books/DSS-Jeremiah.txt	1514017	3408	2033676-2033685	10	1	448719a737441145a78b5651e2835c96e859baca47e9337b2a4da4512e841c10	linguistics/books/DSS-Jeremiah-Linguistics.txt	2190683	4424	27e56ee8c25637397a69911002266853dc203f0a945eec6ed6b728998e23195d	PARTLY_RECONSTRUCTED	28	27	20	3	4	21	3	0	0	0	0	0	0
L1599655-R001	biblical_book	Jer	22	15		4Q72	1606729	f14_18	15	1599655				books/DSS-Jeremiah.txt	1517425	3208	2033686-2033697	12	0	88466414a88285e8d8c9e528912a12d69d44d24139e1d5b2bd7e18b4207b9e8e	linguistics/books/DSS-Jeremiah-Linguistics.txt	2195107	5171	c19b807f5eec7c94f1842966a888be23a191153a3ecb746f97b55e3dcfd28cf3	PARTLY_RECONSTRUCTED	30	27	23	3	1	26	3	0	1	0	0	0	0
L1599655-R002	biblical_book	Jer	22	16		4Q72	1606729	f14_18	15	1599655				books/DSS-Jeremiah.txt	1520633	1718	2033698-2033699	2	1	bb30695269ccfb96e8227329d0943e841c0fa06ff94e89654c9000108f9a7da7	linguistics/books/DSS-Jeremiah-Linguistics.txt	2200278	1198	aa5bc5662ea881341e8e09a2c08afd7ecfb8816f76292ea766de900006f0cacd	PARTLY_RECONSTRUCTED	5	5	2	0	3	2	0	0	0	0	0	0	0
L1599656-R001	biblical_book	Jer	22	16		4Q72	1606729	f14_18	16	1599656				books/DSS-Jeremiah.txt	1522351	3738	2033700-2033713	14	1	55fcbccee406055f4b57354a32a570173e3414f84992aa392075f93cf9c61883	linguistics/books/DSS-Jeremiah-Linguistics.txt	2201476	5990	6c13d0006acae23e415c6cbd8398bc9f06bb079008e8d81f4a63d98a6e6918a6	PARTLY_RECONSTRUCTED	38	35	31	1	3	32	1	0	1	0	0	0	0
L1599657-R001	biblical_book	Jer	22	17		4Q72	1606729	f14_18	17	1599657				books/DSS-Jeremiah.txt	1526089	3891	2033714-2033727	14	1	c16ab931e3973dd5be41ca467dc4130dcaf816dd072ca2b1a0044739d4b717ad	linguistics/books/DSS-Jeremiah-Linguistics.txt	2207466	6006	2ef1f8425e06ec6101fe1050a9cffebfbc559b6363f9713a491ecc214ce3791f	PARTLY_RECONSTRUCTED	36	33	29	0	3	32	0	0	0	0	1	0	0
L1599658-R001	biblical_book	Jer	22	17		4Q72	1606729	f19_21	1	1599658				books/DSS-Jeremiah.txt	1529980	3808	2033728-2033740	13	2	70d3c206b8dff2e5d97390d67a074061aef5ec237031ed016677fa8d41700c36	linguistics/books/DSS-Jeremiah-Linguistics.txt	2213472	5471	ee98ddd05e45d85a5b9ad9deddb62eecf3f4363b8851e5b342f0ae794cfa9d2a	PARTLY_RECONSTRUCTED	28	26	18	1	7	20	1	0	1	0	0	0	0
L1599659-R001	biblical_book	Jer	22	18		4Q72	1606729	f19_21	2	1599659				books/DSS-Jeremiah.txt	1533788	3255	2033741-2033751	11	1	9bbc7d8eee3c8d2654f83b9d09a438c6c4edb60c24a3c697853cffd1e8b057a0	linguistics/books/DSS-Jeremiah-Linguistics.txt	2218943	5085	81a37b52773e14b7bebe1df8ae00a32570bdbb1f70453f84504ed760d90238e2	PARTLY_RECONSTRUCTED	37	37	31	0	6	31	0	0	0	0	0	0	0
L1599660-R001	biblical_book	Jer	22	18		4Q72	1606729	f19_21	3	1599660				books/DSS-Jeremiah.txt	1537043	3810	2033752-2033764	13	1	144c3a18c1e2596f7bbb85c1f61f8942cc27052fb25c02c36d5e272e0b0b938a	linguistics/books/DSS-Jeremiah-Linguistics.txt	2224028	5638	da47aad4839f9bb7f99c4cc53ffc78012ba410c56ca953b39127887f10a9e569	PARTLY_RECONSTRUCTED	42	39	32	0	7	35	0	0	0	0	0	0	0
L1599661-R001	biblical_book	Jer	22	18		4Q72	1606729	f19_21	4	1599661				books/DSS-Jeremiah.txt	1540853	1848	2033765-2033768	4	0	7b606baac2f31afeed4f2c93b7d60a0e4e9efab4961ba92a76e1b57e51d52b7d	linguistics/books/DSS-Jeremiah-Linguistics.txt	2229666	1932	05177be86532cfb24a0c4ee81a040e9c75239ce7a7dade65d0920c03f3b7a8d4	ALL_LETTER_SLOTS_RECONSTRUCTED	10	7	7	0	0	10	0	0	1	0	0	0	0
L1599661-R002	biblical_book	Jer	22	19		4Q72	1606729	f19_21	4	1599661				books/DSS-Jeremiah.txt	1542701	2804	2033769-2033776	8	1	e16f43d8d147129929159c5c5552e2fc9da04d451a6a6e2b537588c258a82f34	linguistics/books/DSS-Jeremiah-Linguistics.txt	2231598	3760	5d66fc4c3714566ee256fe994bb8d347b4fb2967b2ea4195994b7cfb84888112	PARTLY_RECONSTRUCTED	27	27	21	2	4	21	2	0	0	0	0	0	0
L1599662-R001	biblical_book	Jer	22	19		4Q72	1606729	f19_21	5	1599662				books/DSS-Jeremiah.txt	1545505	2498	2033777-2033780	4	2	b374fd63ac1752495b744ae9acd4c81082a757bce84371074a02677bfe02a467	linguistics/books/DSS-Jeremiah-Linguistics.txt	2235358	2054	614158f13028a39582cee8710252555c2d749eadcbb3a8662967da5527391892	PARTLY_RECONSTRUCTED	13	11	3	0	8	5	0	0	1	0	0	0	0
L1599663-R001	biblical_book	Jer	22	20		4Q72	1606729	f19_21	6	1599663				books/DSS-Jeremiah.txt	1548003	4017	2033781-2033795	15	1	e7db8fdcb5e94d2d84c286239f4d35259406ebfa31ab2122a6ca988c4bfc1709	linguistics/books/DSS-Jeremiah-Linguistics.txt	2237412	6467	f56278b4d8a9dab5d1c4b73d3adb72a47c9afbf06f88c8a8999cf851ce053dfc	PARTLY_RECONSTRUCTED	40	39	30	4	5	31	4	0	0	0	0	0	0
L1599664-R001	biblical_book	Jer	22	20		4Q72	1606729	f19_21	7	1599664				books/DSS-Jeremiah.txt	1552020	1945	2033796-2033799	4	0	f935d5b43703ab48577c1037834292a33e78b4d641ba41f43308da8e57590bdc	linguistics/books/DSS-Jeremiah-Linguistics.txt	2243879	1991	60ad9dba92dcf5ad04a3b3913ab6d37a79204c59c774ba460f1f790054f9ffe2	PARTLY_RECONSTRUCTED	16	13	4	0	9	7	0	0	1	0	0	0	0
L1599664-R002	biblical_book	Jer	22	21		4Q72	1606729	f19_21	7	1599664				books/DSS-Jeremiah.txt	1553965	2823	2033800-2033806	7	1	ec56b2b521315a531f77ccecf5231a817a980c516f0aed698f64d4d92cca4299	linguistics/books/DSS-Jeremiah-Linguistics.txt	2245870	3295	d6e433e57fb894a02ebf0035efc4d37f6ec25e37821e55aaca3196146c0cb8a6	ALL_LETTER_SLOTS_RECONSTRUCTED	28	26	26	0	0	28	0	0	0	0	0	0	0
L1599665-R001	biblical_book	Jer	22	21		4Q72	1606729	f19_21	8	1599665				books/DSS-Jeremiah.txt	1556788	3102	2033807-2033816	10	0	659fc1b5239057404ce62b697f64d8b38da549ad0793bc8e75da1f973ceb0f9a	linguistics/books/DSS-Jeremiah-Linguistics.txt	2249165	4458	296689fe1a77801ed54300e17c9a9fbb0508193451479b42381f30b53d05edef	PARTLY_RECONSTRUCTED	31	26	15	1	10	19	1	0	1	0	0	0	0
L1599665-R002	biblical_book	Jer	22	22		4Q72	1606729	f19_21	8	1599665				books/DSS-Jeremiah.txt	1559890	2197	2033817-2033820	4	1	34d1be7948ec58244f6fb8dceafb7d71eb20298c2f5022b63425968b02569841	linguistics/books/DSS-Jeremiah-Linguistics.txt	2253623	2043	3abc42b165d69ce161355d9c4cb696d49a534fcb9c6624a2b9545160738be17f	ALL_LETTER_SLOTS_RECONSTRUCTED	14	13	13	0	0	14	0	0	0	0	0	0	0
L1599666-R001	biblical_book	Jer	22	22		4Q72	1606729	f19_21	9	1599666				books/DSS-Jeremiah.txt	1562087	3544	2033821-2033834	14	0	878626b58cf79bc0c894b6b9550b045a762b470a6316e163b8de36fd2e1bba28	linguistics/books/DSS-Jeremiah-Linguistics.txt	2255666	5962	8677fb7e51820aee786da8a04829c6e667587daa932b4790d5821470aaa1c2d7	PARTLY_RECONSTRUCTED	40	36	24	0	12	27	0	0	1	0	0	0	0
L1599666-R002	biblical_book	Jer	22	23		4Q72	1606729	f19_21	9	1599666				books/DSS-Jeremiah.txt	1565631	1599	2033835	1	1	2126b4146bbd7dac24b61d01e7c2ecb8eefae696d3e7eb7f31d2355aa1b5cc16	linguistics/books/DSS-Jeremiah-Linguistics.txt	2261628	808	58b06cce529c1d57a10cb70faa07315a87594da098449987b212a22316f499c5	ALL_LETTER_SLOTS_RECONSTRUCTED	5	5	5	0	0	5	0	0	0	0	0	0	0
L1599667-R001	biblical_book	Jer	22	23		4Q72	1606729	f19_21	10	1599667				books/DSS-Jeremiah.txt	1567230	3817	2033836-2033847	12	1	236e2954f7ec71ee7256483bad5f69ba5bfc5d49608e5b07b883dc7c8779f28b	linguistics/books/DSS-Jeremiah-Linguistics.txt	2262436	5311	7a2d4396c8f99740b4c1f2d995838074511d653147e1731933940e5050f54d66	PARTLY_RECONSTRUCTED	38	37	19	6	12	20	6	0	0	0	0	0	0
L1599668-R001	biblical_book	Jer	22	23		4Q72	1606729	f19_21	11	1599668				books/DSS-Jeremiah.txt	1571047	1544	2033848-2033850	3	0	7f2240cb8c8d16f069dbe900e8977b61e8f514c21eb0bae22ebc9aa0dcd543d8	linguistics/books/DSS-Jeremiah-Linguistics.txt	2267747	1527	be3c3b80e4d2d40a7ee9cd1252d10df65d0ce6e166157c7761f8b93fc5517dc5	PARTLY_RECONSTRUCTED	7	5	1	0	4	1	0	0	1	0	0	0	0
L1599668-R002	biblical_book	Jer	22	24		4Q72	1606729	f19_21	11	1599668				books/DSS-Jeremiah.txt	1572591	3436	2033851-2033860	10	1	1771c7b7e9e8915f5928dad3b9aecfbf8e28932573cc2048105dab87478e0c88	linguistics/books/DSS-Jeremiah-Linguistics.txt	2269274	4668	56970473d164d251532e848d66035da43c02ebe5a055cfbcb290fd9fa49c5554	PARTLY_RECONSTRUCTED	34	34	20	6	8	20	6	0	0	0	0	0	0
L1599669-R001	biblical_book	Jer	22	24		4Q72	1606729	f19_21	12	1599669				books/DSS-Jeremiah.txt	1576027	3517	2033861-2033871	11	0	f402c2e114b36dd22ee98bb5fc751481a9e445f6e34a4ff9aaea459cc270d930	linguistics/books/DSS-Jeremiah-Linguistics.txt	2273942	4973	02ff286ec0a9b2da7f77a1c0669bb49fa369664c59dcff5877343f7ba69bd793	PARTLY_RECONSTRUCTED	35	31	15	7	9	19	7	0	1	0	0	0	0
L1599669-R002	biblical_book	Jer	22	25		4Q72	1606729	f19_21	12	1599669				books/DSS-Jeremiah.txt	1579544	2138	2033872-2033875	4	1	0ef45ca8147577360f7aaf89b974724b0770a081f737c07430ab590d4e4e0697	linguistics/books/DSS-Jeremiah-Linguistics.txt	2278915	1961	a7efaf048c9fbaa91e0d0382074e2b0db2c03ee83f6b38635aef40abc37ae27f	ALL_LETTER_SLOTS_RECONSTRUCTED	10	9	9	0	0	10	0	0	0	0	0	0	0
L1599670-R001	biblical_book	Jer	22	25		4Q72	1606729	f19_21	13	1599670				books/DSS-Jeremiah.txt	1581682	4017	2033876-2033889	14	1	faec1b6ca5c968ce6ff8eef01260432d0786784e453980517ed05293938df399	linguistics/books/DSS-Jeremiah-Linguistics.txt	2280876	6283	6c379b1d41bf8a2c49413b9a9c7fd1c402de6a891ed929b4a6911b990506b295	PARTLY_RECONSTRUCTED	44	42	31	5	6	32	5	0	0	0	0	0	0
L1599671-R001	biblical_book	Jer	22	25		4Q72	1606729	f19_21	14	1599671				books/DSS-Jeremiah.txt	1585699	2362	2033890-2033897	8	0	4eba5ad29b176c239bee40dd6e075cf181bc6a29be6e22c1cd80a65574195b31	linguistics/books/DSS-Jeremiah-Linguistics.txt	2287159	3594	9fe20b7f7d792206051d8a02bf0b2f8bf79fa10b45d75d6b9e1b5ae8d8d73601	NO_LETTER_RECONSTRUCTION_MARKED	19	17	0	1	16	0	1	0	1	0	0	0	0
L1599671-R002	biblical_book	Jer	22	26		4Q72	1606729	f19_21	14	1599671				books/DSS-Jeremiah.txt	1588061	2741	2033898-2033904	7	1	ac74f62147dd15ec85d12ae2aaad24a687c4d3dfdfe09860e947c0eabeefac20	linguistics/books/DSS-Jeremiah-Linguistics.txt	2290753	3179	13a064965f414c7e0343940943a775ad56e2971879c6e949e1e176d50afb6363	ALL_LETTER_SLOTS_RECONSTRUCTED	20	18	18	0	0	20	0	0	0	0	0	0	0
L1599672-R001	biblical_book	Jer	22	26		4Q72	1606729	f19_21	15	1599672				books/DSS-Jeremiah.txt	1590802	3796	2033905-2033917	13	1	7d7ad50d9d1bbcda653897e175027fe3e4fd8ba5aa02718daeb83e482d1addec	linguistics/books/DSS-Jeremiah-Linguistics.txt	2293932	5573	fac4f91b8e1e6e4623ba631b9af949869c1f3ce54fa24db9cf40700f5aa91552	PARTLY_RECONSTRUCTED	38	35	18	3	14	18	3	0	1	0	0	0	0
L1599673-R001	biblical_book	Jer	22	27		4Q72	1606729	f19_21	16	1599673				books/DSS-Jeremiah.txt	1594598	3574	2033918-2033930	13	1	5e14f48217adbd872f76d5da833a5d0eee9877a5414acd40b78b026fd5ffbd41	linguistics/books/DSS-Jeremiah-Linguistics.txt	2299505	5575	970e534b666e0f13a9c369f275cbc22207fd330d55a0760baf1ef1a30b71b5ee	PARTLY_RECONSTRUCTED	35	33	15	0	18	17	0	0	0	0	0	0	0
L1599674-R001	biblical_book	Jer	22	27		4Q72	1606729	f19_21	17	1599674				books/DSS-Jeremiah.txt	1598172	1558	2033931-2033933	3	0	a3b1b805833560be5500d0a88a5614da87b70ffa094bea93e79a6860e6bbf9b3	linguistics/books/DSS-Jeremiah-Linguistics.txt	2305080	1530	815e96e79ef4b8e523e1dfbad55dc35adda005df992ffe8c959401b668076166	NO_LETTER_RECONSTRUCTION_MARKED	8	6	0	0	6	0	0	0	1	0	0	0	0
L1599674-R002	biblical_book	Jer	22	28		4Q72	1606729	f19_21	17	1599674				books/DSS-Jeremiah.txt	1599730	3198	2033934-2033945	12	1	af09006279b7765a4bd8a40b564887ce9df9c50296874621a295d4922c5d554b	linguistics/books/DSS-Jeremiah-Linguistics.txt	2306610	5178	7b5015bf0d12a970d9a1793d5ec9958733429e78dc2c5bf274b6614e89608341	PARTLY_RECONSTRUCTED	31	29	16	0	13	16	0	0	1	0	0	0	0
L1599675-R001	biblical_book	Jer	24	6		4Q72	1606729	f21a	1	1599675				books/DSS-Jeremiah.txt	1602928	3729	2033946-2033957	12	1	0c72447d65d4c04a93c6cd763da0094496f9e8306aa8835e69785e0903eccbc6	linguistics/books/DSS-Jeremiah-Linguistics.txt	2311788	5171	1e9434b879ec312922557d88baa6cab4a6ffba6cb49a0de52dd610fe07fe2474	PARTLY_RECONSTRUCTED	37	34	31	0	3	34	0	0	0	0	0	0	0
L1599676-R001	biblical_book	Jer	24	6		4Q72	1606729	f21a	2	1599676				books/DSS-Jeremiah.txt	1606657	2632	2033958-2033966	9	0	dd0134b15ed573767cad522eb1cf3d4359a499159bbe54282bb286891d535e71	linguistics/books/DSS-Jeremiah-Linguistics.txt	2316959	3820	e91a40760b99b6cd4c2c69817f18b7ba9791014b4af7f27051a99ebacb75a030	PARTLY_RECONSTRUCTED	24	21	17	0	4	20	0	0	1	0	0	0	0
L1599676-R002	biblical_book	Jer	24	7		4Q72	1606729	f21a	2	1599676				books/DSS-Jeremiah.txt	1609289	2429	2033967-2033972	6	1	d720d7bef2cd80127939a6e06c904c47f896bafa2bcc6f819c5e637c9812e0bc	linguistics/books/DSS-Jeremiah-Linguistics.txt	2320779	2711	b637f47beff1d068e9aba884c3c49fbdb15d30090e46e76a7fe88947ea523795	ALL_LETTER_SLOTS_RECONSTRUCTED	15	14	14	0	0	15	0	0	0	0	0	0	0
L1599677-R001	biblical_book	Jer	24	7		4Q72	1606729	f21a	3	1599677				books/DSS-Jeremiah.txt	1611718	3892	2033973-2033986	14	1	1eb674b9d1790b49c8e45c667ded6a63470078fc22dee0ba5781ddab41d8bc45	linguistics/books/DSS-Jeremiah-Linguistics.txt	2323490	5906	e76f7eea48c28ec7ed5e5802fbff52318c3c72e3d4c1acba67602faf4e40eddf	PARTLY_RECONSTRUCTED	38	33	28	0	5	31	0	0	1	0	0	0	0
L1599678-R001	biblical_book	Jer	25	7		4Q72	1606729	f22	1	1599678				books/DSS-Jeremiah.txt	1615610	1944	2033987-2033989	3	1	7b4bf343f8f21ee6443ad5e8b7b5eec891001bf05f383331a3ab585c96ffd185	linguistics/books/DSS-Jeremiah-Linguistics.txt	2329396	1487	df539b0f89de822787992db0e80307cad90c49e0fdc94ea36ff577f6fa746b64	NO_LETTER_SLOTS	6	0	0	0	0	5	1	2	3	0	0	0	0
L1599679-R001	biblical_book	Jer	25	7		4Q72	1606729	f22	2	1599679				books/DSS-Jeremiah.txt	1617554	3319	2033990-2033996	7	2	a7480b3dace1f952f91c35328d0e21cd871ac5fc40d61784c34ee50ca246d0cb	linguistics/books/DSS-Jeremiah-Linguistics.txt	2330883	3133	3b6b1e99591251e3be58a8ee81d34ddde6e84623171add87cdb5ccd3930735d4	PARTLY_RECONSTRUCTED	20	16	4	2	10	7	2	0	1	0	0	0	0
L1599680-R001	biblical_book	Jer	25	8		4Q72	1606729	f22	3	1599680				books/DSS-Jeremiah.txt	1620873	3641	2033997-2034009	13	1	f84f9e8a5817fb51723448414a681adad6fb1b579fcf881737dc97dcccad6b7c	linguistics/books/DSS-Jeremiah-Linguistics.txt	2334016	5623	5932b2be6e0b3c54f132d70d695cd315aa67a3e8c7fc42a7df6416e5bb118455	PARTLY_RECONSTRUCTED	39	36	29	0	7	30	0	0	1	0	0	0	0
L1599681-R001	biblical_book	Jer	25	15		4Q72	1606729	f23_24	1	1599681				books/DSS-Jeremiah.txt	1624514	3440	2034010-2034021	12	1	4aeedfe0d9b441d827e7841b0fa5b0f456e49fbc25da0ddd00131f5e113904d9	linguistics/books/DSS-Jeremiah-Linguistics.txt	2339639	5338	f8293d0f59c2a2b70221d7524fef6959de5219f6138264ac4c6381e81fc11b2d	PARTLY_RECONSTRUCTED	35	34	29	1	4	30	1	0	0	0	0	0	0
L1599682-R001	biblical_book	Jer	25	15		4Q72	1606729	f23_24	2	1599682				books/DSS-Jeremiah.txt	1627954	3718	2034022-2034034	13	1	f3ab3ec3b6ab9434e69f04b8a03574b51fe3c5480d2a851a6d8e73f26ac24bb7	linguistics/books/DSS-Jeremiah-Linguistics.txt	2344977	5596	55d59022cfc1b10674c9140a7b67a96c3c297286eb4d74393943ddeb9fc72d76	PARTLY_RECONSTRUCTED	36	34	26	1	7	28	1	0	0	0	0	0	0
L1599683-R001	biblical_book	Jer	25	15		4Q72	1606729	f23_24	3	1599683				books/DSS-Jeremiah.txt	1631672	2048	2034035-2034038	4	0	ad53fb68c5d23bbb0658226b4ce53066b20c4e0441c63baafda39b6b4dbc3377	linguistics/books/DSS-Jeremiah-Linguistics.txt	2350573	1981	99ac3aa73135ff4684d4c0d1e95414f9e599053472490d7ff1da78a6e2684ee8	PARTLY_RECONSTRUCTED	16	12	5	1	6	5	1	0	1	0	0	0	0
L1599683-R002	biblical_book	Jer	25	16		4Q72	1606729	f23_24	3	1599683				books/DSS-Jeremiah.txt	1633720	3008	2034039-2034048	10	1	b22740e99ff0c2b6a571a16eab9f0603fc13a4eabf3a396edbdf44d7ead944f3	linguistics/books/DSS-Jeremiah-Linguistics.txt	2352554	4403	a351e079457ef04574c11136c18df50d17bb217e15e365f8df8becc88f143f98	PARTLY_RECONSTRUCTED	26	26	12	3	11	12	3	0	0	0	0	0	0
L1599684-R001	biblical_book	Jer	25	16		4Q72	1606729	f23_24	4	1599684				books/DSS-Jeremiah.txt	1636728	1990	2034049-2034053	5	0	ce543ffa033f572c59b5f79f92237298df038cc9d9a1ae430f47739c8acc8401	linguistics/books/DSS-Jeremiah-Linguistics.txt	2356957	2427	0e6073c37559436eb1f8ebbac4355a730d5d01f760ceaa83312f46f277c84bc2	NO_LETTER_RECONSTRUCTION_MARKED	17	14	0	0	14	0	0	0	1	0	0	0	0
L1599684-R002	biblical_book	Jer	25	17		4Q72	1606729	f23_24	4	1599684				books/DSS-Jeremiah.txt	1638718	2723	2034054-2034062	9	1	94f02aae236db86dabf0357a8d50217394580c76fa33e6fd257e0697c7a5e765	linguistics/books/DSS-Jeremiah-Linguistics.txt	2359384	3881	09c8c5d7a44198eecadee2802d60c338d5c5cf82525c77af1ddced8518881fdc	PARTLY_RECONSTRUCTED	19	17	10	1	6	10	1	0	1	0	0	0	0
L1599685-R001	biblical_book	Jer	25	24		4Q72	1606729	f25_26	1	1599685				books/DSS-Jeremiah.txt	1641441	2024	2034063-2034067	5	0	f4a6bd518b47723d1ce64427c090f45234c8d57438877faeb01b010062cc79eb	linguistics/books/DSS-Jeremiah-Linguistics.txt	2363265	2389	3103151155c3edd63e6b0469ca5b811468b840f5c83009aad5d7990f5d200b52	PARTLY_RECONSTRUCTED	13	11	4	2	5	4	2	0	1	0	0	0	0
L1599685-R002	biblical_book	Jer	25	25		4Q72	1606729	f25_26	1	1599685				books/DSS-Jeremiah.txt	1643465	2822	2034068-2034076	9	1	fdf0ee161cc90ee5bc69df334e1d060147a0b370667c2b24c07cfd9780b1985e	linguistics/books/DSS-Jeremiah-Linguistics.txt	2365654	4051	22d90e5e79fb15180edba56083f445b9fb85d5365c7f6aa4518fc8dbb5e02752	PARTLY_RECONSTRUCTED	22	22	20	2	0	20	2	0	0	0	0	0	0
L1599686-R001	biblical_book	Jer	25	25		4Q72	1606729	f25_26	2	1599686				books/DSS-Jeremiah.txt	1646287	2154	2034077-2034083	7	0	cd31091ad84fe568a88302e58eb7f180102ffaedda55d6c2e5b85bd2ff267205	linguistics/books/DSS-Jeremiah-Linguistics.txt	2369705	3198	6f5a4bcdd92ed174080cc1d82d4a83494bcc7f7e2912b116c2fec755e7f26a8c	PARTLY_RECONSTRUCTED	18	16	7	0	9	9	0	0	1	0	0	0	0
L1599686-R002	biblical_book	Jer	25	26		4Q72	1606729	f25_26	2	1599686				books/DSS-Jeremiah.txt	1648441	2445	2034084-2034090	7	1	a551faf4dbcecc0dddaf0b83870b88b704ddde4b459b50de88795502d5a43467	linguistics/books/DSS-Jeremiah-Linguistics.txt	2372903	3146	d24b6bdef668ffadfa4b4fce8bc948435f35f42c28c0593a8f63499335b5662c	ALL_LETTER_SLOTS_RECONSTRUCTED	17	14	14	0	0	17	0	0	0	0	0	0	0
L1599687-R001	biblical_book	Jer	25	26		4Q72	1606729	f25_26	3	1599687				books/DSS-Jeremiah.txt	1650886	4069	2034091-2034106	16	1	a5c28457e1c47c57aaa62647b211d06b04555c54a53c3ed05bc78dbd21992503	linguistics/books/DSS-Jeremiah-Linguistics.txt	2376049	6779	f4d7869091f7216311b0948c546f4928ad22280510a5c001d0eb8a22d71eb031	PARTLY_RECONSTRUCTED	44	40	33	1	6	34	1	0	0	0	0	0	0
L1599688-R001	biblical_book	Jer	25	26		4Q72	1606729	f25_26	4	1599688				books/DSS-Jeremiah.txt	1654955	3913	2034107-2034118	12	2	eb5ea245ae1fd76fd4957ff0c0211c8f2ddbb23c268dc6e7064f42a9c5bed76d	linguistics/books/DSS-Jeremiah-Linguistics.txt	2382828	5270	4cc6e0b9896a43cacd24e172363f5026dcb312cb8eab26fba23861b081ec8f95	PARTLY_RECONSTRUCTED	36	30	24	2	4	29	2	0	1	0	0	0	0
L1599689-R001	biblical_book	Jer	26	10		4Q72	1606729	f27_30	1	1599689				books/DSS-Jeremiah.txt	1658868	3584	2034119-2034132	14	1	382c0c80d95fe4d5df91df41c758a24609e6c5a551a548b3a9ae0dca46986b02	linguistics/books/DSS-Jeremiah-Linguistics.txt	2388098	6101	3c58732fee7725a54a16a44b23a26e8af0c309099db249d4dc7498964d61f486	PARTLY_RECONSTRUCTED	37	37	30	0	7	30	0	0	0	0	0	0	0
L1599690-R001	biblical_book	Jer	26	10		4Q72	1606729	f27_30	2	1599690				books/DSS-Jeremiah.txt	1662452	2454	2034133-2034141	9	0	fe5999b0715fd4281669d8e10315ee5e36000b7094f16f29a01c975675def07b	linguistics/books/DSS-Jeremiah-Linguistics.txt	2394199	3936	48ed5980d402225ae44b21b09071d58882571f9d76b9399f270c40c358b5519f	ALL_LETTER_SLOTS_RECONSTRUCTED	22	20	20	0	0	22	0	0	1	0	0	0	0
L1599690-R002	biblical_book	Jer	26	11		4Q72	1606729	f27_30	2	1599690				books/DSS-Jeremiah.txt	1664906	2684	2034142-2034148	7	1	40eac6e85ac48003009c51fe358eae83dd9698fe73f00f34ffca976ef3f80a6b	linguistics/books/DSS-Jeremiah-Linguistics.txt	2398135	3188	6f8941bbfafa30c3387a05247fef9ce2db1633ed7ee8307080ad4957843d1fd7	PARTLY_RECONSTRUCTED	19	19	12	2	5	12	2	0	0	0	0	0	0
L1599691-R001	biblical_book	Jer	26	11		4Q72	1606729	f27_30	3	1599691				books/DSS-Jeremiah.txt	1667590	3698	2034149-2034164	16	1	bae00120d13955824cdd4f43c384edf7b4a01d3ffd95ccfa6bf7da702db4905d	linguistics/books/DSS-Jeremiah-Linguistics.txt	2401323	6638	1dba5d2abe8e3ee319d59136db4c6fc8010791199c8457a70752e2eca96d35e4	PARTLY_RECONSTRUCTED	33	33	29	0	4	29	0	0	0	0	0	0	0
L1599692-R001	biblical_book	Jer	26	11		4Q72	1606729	f27_30	4	1599692				books/DSS-Jeremiah.txt	1671288	3331	2034165-2034177	13	0	dddecd702b226cf9c6c6309c4af895f5fd5f775a1e5ef8593102f8309988109b	linguistics/books/DSS-Jeremiah-Linguistics.txt	2407961	5518	9132cfe0335553e533ece2384019fbc746993452eea4949c10b07b47e3829e66	PARTLY_RECONSTRUCTED	34	31	26	1	4	27	1	0	1	0	0	0	0
L1599692-R002	biblical_book	Jer	26	12		4Q72	1606729	f27_30	4	1599692				books/DSS-Jeremiah.txt	1674619	1775	2034178-2034179	2	1	7b53d56138720f15fddde4585ee0c40ab9dd8dbd6666c2113e256b630b285575	linguistics/books/DSS-Jeremiah-Linguistics.txt	2413479	1174	52a58b03cc7f14b41f814a61566dcd411b371e300867399a908cc151a72e936d	NO_LETTER_RECONSTRUCTION_MARKED	5	5	0	1	4	0	1	0	0	0	0	0	0
L1599693-R001	biblical_book	Jer	26	12		4Q72	1606729	f27_30	5	1599693				books/DSS-Jeremiah.txt	1676394	3675	2034180-2034193	14	1	d08b1ae0ebcbe03b11f1375660ff16337504bf56998a17a297ba0d221f5fdbfe	linguistics/books/DSS-Jeremiah-Linguistics.txt	2414653	5988	5a559976b41371f007339dd3c14380638935f5dac9b5d5e813bc9e923fbb754e	PARTLY_RECONSTRUCTED	37	36	27	1	8	27	1	0	0	0	0	0	0
L1599694-R001	biblical_book	Jer	26	12		4Q72	1606729	f27_30	6	1599694				books/DSS-Jeremiah.txt	1680069	4079	2034194-2034210	17	1	53efda070c5e250a0a7ff5cc62f5fd59d7fd86d5e61408cb4a84234bfef23715	linguistics/books/DSS-Jeremiah-Linguistics.txt	2420641	7016	eb6bf51fff7d3ae21edcfd647290bad3a57af8bf3c4270c68468b23431a85b9b	PARTLY_RECONSTRUCTED	35	35	27	3	5	27	3	0	0	0	0	0	0
L1599695-R001	biblical_book	Jer	26	12		4Q72	1606729	f27_30	7	1599695				books/DSS-Jeremiah.txt	1684148	1612	2034211-2034213	3	0	6c94868c6d73465c1c6d32451de141fcc6224fbbb6a4c678b11fbac06a891c85	linguistics/books/DSS-Jeremiah-Linguistics.txt	2427657	1573	407dc5ecb087522ddf863dcb8596ae0af188df44a13f5c00be21de6ccb8d8928	ALL_LETTER_SLOTS_RECONSTRUCTED	10	8	8	0	0	10	0	0	1	0	0	0	0
L1599695-R002	biblical_book	Jer	26	13		4Q72	1606729	f27_30	7	1599695				books/DSS-Jeremiah.txt	1685760	3313	2034214-2034222	9	1	7e852055ae2c86f0baca94d6dfd88f8105a599e9eba85271cbb6c0e77f36ddf0	linguistics/books/DSS-Jeremiah-Linguistics.txt	2429230	4086	404480592a38b7d25f9683535f80d319f7dcf574f2a58d8dfc706dfe3caaf817	PARTLY_RECONSTRUCTED	33	29	18	4	7	19	4	0	1	0	0	0	0
L1599696-R001	biblical_book	Jer	27	1		4Q72	1606729	f31	1	1599696				books/DSS-Jeremiah.txt	1689073	2293	2034223-2034230	8	0	2991892484205a0688b631f6530caaacb1ff517352ec3873c337990c84c9e612	linguistics/books/DSS-Jeremiah-Linguistics.txt	2433316	3584	21ee5461d0211e90945a27de49062c14d0d2faeb4c250d4ac599e5cf1d2a92c0	PARTLY_RECONSTRUCTED	21	19	16	0	3	16	0	0	1	0	0	0	0
L1599696-R002	biblical_book	Jer	27	2		4Q72	1606729	f31	1	1599696				books/DSS-Jeremiah.txt	1691366	2615	2034231-2034236	6	1	2dd047de85189fae36364c4519f19477dada2354b31189cc86079c5ca2f132f9	linguistics/books/DSS-Jeremiah-Linguistics.txt	2436900	2794	3bc702388e6837cab7c174360072280da88a6a97b2ca5f33862b3c70f9f574d3	PARTLY_RECONSTRUCTED	19	17	3	2	12	4	2	0	0	0	0	0	0
L1599697-R001	biblical_book	Jer	27	2		4Q72	1606729	f31	2	1599697				books/DSS-Jeremiah.txt	1693981	2673	2034237-2034244	8	0	ba15a7c83ea5d870564c21d7308f4128db17487bbef23527d408bcafa58ba42a	linguistics/books/DSS-Jeremiah-Linguistics.txt	2439694	3672	0b05373342585fe77157c61a3f53abf9dc1923255a894b64ef2701611aa5c8d3	PARTLY_RECONSTRUCTED	27	23	12	1	10	12	1	0	1	0	0	0	0
L1599697-R002	biblical_book	Jer	27	3		4Q72	1606729	f31	2	1599697				books/DSS-Jeremiah.txt	1696654	2107	2034245-2034248	4	1	68226bac52e981e800de9f93179bc7a90cffcc5eff755e286282544770001709	linguistics/books/DSS-Jeremiah-Linguistics.txt	2443366	1986	a6a72d3c16966abcdfe1fe7c6ef1fd04bdefdc87aeaeb4a057b4c67045647fb1	NO_LETTER_RECONSTRUCTION_MARKED	12	11	0	0	11	0	0	0	0	0	0	0	0
L1599698-R001	biblical_book	Jer	27	3		4Q72	1606729	f31	3	1599698				books/DSS-Jeremiah.txt	1698761	3646	2034249-2034261	13	1	993dfcb6837066c456b10669a16453c9f1acc631c67ac149606cd5348c5fc5b6	linguistics/books/DSS-Jeremiah-Linguistics.txt	2445352	5702	76c30afceb5e0c5d3378521f055f92c9599dbfad3828dabbfd6e3ebf6c6d8d4e	PARTLY_RECONSTRUCTED	33	33	11	3	19	11	3	0	0	0	0	0	0
L1599699-R001	biblical_book	Jer	27	3		4Q72	1606729	f31	4	1599699				books/DSS-Jeremiah.txt	1702407	3632	2034262-2034274	13	1	6a66bccb874e4dea0a0c7b945dd0e61b6486d7312d37687febe0ea702d292b3e	linguistics/books/DSS-Jeremiah-Linguistics.txt	2451054	5701	467d056d5e9e92bbc0d9dfb46891a8a7a04299ae137753c7e4eedcd71b6d628c	PARTLY_RECONSTRUCTED	37	35	31	2	2	31	2	0	1	0	0	0	0
L1599700-R001	biblical_book	Jer	27	13		4Q72	1606729	f32_33	1	1599700				books/DSS-Jeremiah.txt	1706039	3729	2034275-2034291	17	0	f2ec93b16a4582d901a03cc8fa1858ec0840391f2939141c4650251d158afd7b	linguistics/books/DSS-Jeremiah-Linguistics.txt	2456755	7172	20120dfbfe3632f3477f3672d9aca4f9c73546830a1a5eb12043a438885d299b	PARTLY_RECONSTRUCTED	41	39	36	0	3	38	0	0	1	0	0	0	0
L1599700-R002	biblical_book	Jer	27	14		4Q72	1606729	f32_33	1	1599700				books/DSS-Jeremiah.txt	1709768	2191	2034292-2034296	5	1	f5a7897389256e98ed8aa4783c0082f5a1fbafbc2f1143182d4f080ba2fd5461	linguistics/books/DSS-Jeremiah-Linguistics.txt	2463927	2385	a0314c39e6059fb572798d005f2edacbd6a8d10b8690c97d2487a33300916aa1	ALL_LETTER_SLOTS_RECONSTRUCTED	14	14	14	0	0	14	0	0	0	0	0	0	0
L1599701-R001	biblical_book	Jer	27	14		4Q72	1606729	f32_33	2	1599701				books/DSS-Jeremiah.txt	1711959	3952	2034297-2034310	14	1	4fd2ddd9ee27987dba8147169999bd5be9c1d61f95fc16c3a6331c7fe2d07c55	linguistics/books/DSS-Jeremiah-Linguistics.txt	2466312	6083	4fc0a4d785ad462dec189dea9825a1d519f0e9fe3042765c986d3ef43ac8ed61	PARTLY_RECONSTRUCTED	42	41	36	3	2	37	3	0	0	0	0	0	0
L1599702-R001	biblical_book	Jer	27	14		4Q72	1606729	f32_33	3	1599702				books/DSS-Jeremiah.txt	1715911	1993	2034311-2034314	4	0	d76f3599357ace2aa410b1d35266e52ed283201f7846c5d9161077dd3c0004b2	linguistics/books/DSS-Jeremiah-Linguistics.txt	2472395	1936	c7645b1af9e4061921d2e003c0ad50fae3e0b4a6a5d7e30339f1ce0263e53a3e	PARTLY_RECONSTRUCTED	13	10	5	1	4	8	1	0	1	0	0	0	0
L1599702-R002	biblical_book	Jer	27	15		4Q72	1606729	f32_33	3	1599702				books/DSS-Jeremiah.txt	1717904	2807	2034315-2034322	8	1	7add2670f775b9709a3459f1cdbfad9c829f8e60c8f26b64390415100d199bb2	linguistics/books/DSS-Jeremiah-Linguistics.txt	2474331	3622	494340ecd426d7bd05f88b1aace373fc43f6dab6982c8d7c98d47ed717bd7624	ALL_LETTER_SLOTS_RECONSTRUCTED	26	25	25	0	0	26	0	0	0	0	0	0	0
L1599703-R001	biblical_book	Jer	27	15		4Q72	1606729	f32_33	4	1599703				books/DSS-Jeremiah.txt	1720711	4493	2034323-2034339	17	1	1729583c0a376c991a50a95e99a57fef99ab9268a602c30defab1f0f00b7e323	linguistics/books/DSS-Jeremiah-Linguistics.txt	2477953	7177	e9c58aa2bc234b5704e5c90d4fcf93070b3d6c235f9ae71d43617fbfcea4fb9e	PARTLY_RECONSTRUCTED	52	46	43	0	3	46	0	0	1	0	0	0	0
L1599704-R001	biblical_book	Jer	30	6		4Q72	1606729	f34i_35	2	1599704				books/DSS-Jeremiah.txt	1725204	2716	2034340-2034347	8	1	fe9e522b5d07062fd4bc4459cd47672d77d82193c91af76a450642e9ff9627f0	linguistics/books/DSS-Jeremiah-Linguistics.txt	2485130	3521	0020b12ab9e1c755f7acfce524527467615878ac86758adbfbce741357c368c6	PARTLY_RECONSTRUCTED	20	18	15	1	2	17	1	1	1	0	0	0	0
L1599705-R001	biblical_book	Jer	30	6		4Q72	1606729	f34i_35	3	1599705				books/DSS-Jeremiah.txt	1727920	4563	2034348-2034363	16	1	abe7bc6f6286f16c7fcd5959c19610e96e6cf577b9cb7e57c79384401deffed1	linguistics/books/DSS-Jeremiah-Linguistics.txt	2488651	7027	b36e859582627b454e3f00d2bd2d3112aea4a4a364f20d0009d9f0097e5783d5	PARTLY_RECONSTRUCTED	53	49	29	4	16	30	4	0	1	0	0	0	0
L1599706-R001	biblical_book	Jer	30	7		4Q72	1606729	f34i_35	4	1599706				books/DSS-Jeremiah.txt	1732483	4301	2034364-2034381	18	1	fa183a14ce8d716df68f232d575d490ec50e3e9254f7127b019090d6914f0b46	linguistics/books/DSS-Jeremiah-Linguistics.txt	2495678	7614	202dc8cded96d3de0742cc2a69e9db3c9d65601500c84b33544fea5ccab71cb8	PARTLY_RECONSTRUCTED	47	45	31	0	14	32	0	0	0	0	0	0	0
L1599707-R001	biblical_book	Jer	30	7		4Q72	1606729	f34i_35	5	1599707				books/DSS-Jeremiah.txt	1736784	2097	2034382-2034383	2	2	14e5d5cda0deff1dafa7e48bd32412b8a0c41a40f24fe99cd3b537f3a7b4cbfa	linguistics/books/DSS-Jeremiah-Linguistics.txt	2503292	1146	3a8045595c534b144f0ee81464c39929e768b78374d587040d60b5271ad34493	ALL_LETTER_SLOTS_RECONSTRUCTED	6	4	4	0	0	6	0	0	1	0	0	0	0
L1599708-R001	biblical_book	Jer	30	8		4Q72	1606729	f34i_35	6	1599708				books/DSS-Jeremiah.txt	1738881	4229	2034384-2034399	16	1	8bcd26132fcaa21ee807c1a6ff258d341d88ad96403575d01733e10bb181e639	linguistics/books/DSS-Jeremiah-Linguistics.txt	2504438	6896	ef23be5a36471016fc7310bb2af9c847e6a11ae4f99040bd59ea42f7e8f9de50	PARTLY_RECONSTRUCTED	50	47	33	0	14	34	0	0	0	0	0	0	0
L1599709-R001	biblical_book	Jer	30	8		4Q72	1606729	f34i_35	7	1599709				books/DSS-Jeremiah.txt	1743110	2482	2034400-2034407	8	0	00ee222ad1145af7deab2d02ccd32964f05e0db2cd97d17d5fc4dde6bb27dfd4	linguistics/books/DSS-Jeremiah-Linguistics.txt	2511334	3517	fb9f55cbc5e482333cd5b91187f349c521ee6a9cc4464192b72f9bbf55082cd0	ALL_LETTER_SLOTS_RECONSTRUCTED	24	21	21	0	0	24	0	0	1	0	0	0	0
L1599709-R002	biblical_book	Jer	30	9		4Q72	1606729	f34i_35	7	1599709				books/DSS-Jeremiah.txt	1745592	3109	2034408-2034416	9	1	df599c9eb3d46e31838eec6daf23ba06d39d5c70336f403c5bf89ab6bacdc549	linguistics/books/DSS-Jeremiah-Linguistics.txt	2514851	4094	79b5138381bcd048075d7438e700c03121e9dd03b0ef54ce5a4c499dcce9fc55	PARTLY_RECONSTRUCTED	29	27	22	1	4	23	1	0	0	0	0	0	0
L1599710-R001	biblical_book	Jer	30	9		4Q72	1606729	f34i_35	8	1599710				books/DSS-Jeremiah.txt	1748701	2386	2034417-2034421	5	1	8f2c6550e2a8f1be18bfe0a1aac679b19e6f05d78c4fb5f740b66d4d654b2768	linguistics/books/DSS-Jeremiah-Linguistics.txt	2518945	2318	7f9f2fc3a814adf56619fc6bacb5b202d9957faae1e2d8e5a5639a422378f9ef	ALL_LETTER_SLOTS_RECONSTRUCTED	15	10	10	0	0	13	0	1	2	0	0	0	0
L1599711-R001	biblical_book	Jer	30	17		4Q72	1606729	f34ii+36_43	1	1599711				books/DSS-Jeremiah.txt	1751087	3543	2034422-2034431	10	2	c7a604f0b1e9a79858e79070f8466a69c0811ed12bd03795fee03366bf89aaf3	linguistics/books/DSS-Jeremiah-Linguistics.txt	2521263	4426	3244765d3cb942a763c2e673a967c4cc5bb719d5bc35204cd48e399efee94c56	PARTLY_RECONSTRUCTED	31	27	15	0	12	18	0	0	1	0	0	0	0
L1599712-R001	biblical_book	Jer	30	18		4Q72	1606729	f34ii+36_43	2	1599712				books/DSS-Jeremiah.txt	1754630	3358	2034432-2034441	10	1	79c9ba38b250640e5e8febe2fe748e463f2cf161889ec993be3b81f512bf6de2	linguistics/books/DSS-Jeremiah-Linguistics.txt	2525689	4654	ae8c2001460bc4a1948616c6f1a7a4c57cbf6f8fd6fc0a555797e78ca9e36dff	PARTLY_RECONSTRUCTED	39	37	11	1	25	11	1	0	0	0	0	0	0
L1599713-R001	biblical_book	Jer	30	18		4Q72	1606729	f34ii+36_43	3	1599713				books/DSS-Jeremiah.txt	1757988	3451	2034442-2034453	12	0	933a8631a2e8ac0d20157a10ff8e2a8ccf2089060f646ca4e1d5d7da651d6a9b	linguistics/books/DSS-Jeremiah-Linguistics.txt	2530343	5269	8f6d3cad211081673a157c8995f9775f9c3aa7fab7a934dc7da88be6e1ebe336	NO_LETTER_RECONSTRUCTION_MARKED	37	33	0	4	29	0	4	0	1	0	0	0	0
L1599713-R002	biblical_book	Jer	30	19		4Q72	1606729	f34ii+36_43	3	1599713				books/DSS-Jeremiah.txt	1761439	1854	2034454-2034455	2	1	ed0830f6c478d3489bccba9eed34d9a1e4262bcfa2bae097e2af59a051b7e962	linguistics/books/DSS-Jeremiah-Linguistics.txt	2535612	1177	a0cb74cdc43d7d592b670a258787805471cbb2b9d6b5f697273298c795a425c9	NO_LETTER_RECONSTRUCTION_MARKED	4	4	0	3	1	0	3	0	0	0	0	0	0
L1599714-R001	biblical_book	Jer	30	19		4Q72	1606729	f34ii+36_43	4	1599714				books/DSS-Jeremiah.txt	1763293	2949	2034456-2034461	6	2	0dc1538ef807da40775ad2836b99e1b888bf6d7baa824b37fafae388b1e1de82	linguistics/books/DSS-Jeremiah-Linguistics.txt	2536789	2926	48c37135c00f9ed4d721a535001e87b31ebad67f602064f5032d241f4d67ba39	PARTLY_RECONSTRUCTED	34	17	1	0	16	1	0	0	0	0	0	0	0
L1599715-R001	biblical_book	Jer	30	19		4Q72	1606729	f34ii+36_43	5	1599715				books/DSS-Jeremiah.txt	1766242	2868	2034462-2034467	6	1	e744fb10809cf5fc1291d7aa502acea4aef4e18cbd3a9f64c283f1cbccab6f47	linguistics/books/DSS-Jeremiah-Linguistics.txt	2539715	2913	6cd4de8e07dad2980650220b725da9deca84c226e4db5e5d4183fe7199b3f636	PARTLY_RECONSTRUCTED	37	16	1	4	11	1	4	0	0	0	0	0	0
L1599716-R001	biblical_book	Jer	30	19		4Q72	1606729	f34ii+36_43	6	1599716				books/DSS-Jeremiah.txt	1769110	2351	2034468-2034473	6	0	6f828667917ece5401b93598fbab3932e9d18e5264fed550ee515c00e1c05dc5	linguistics/books/DSS-Jeremiah-Linguistics.txt	2542628	2767	672576b0d54cfb16fb57be11bd79e0bd6cb6743c112ceba44f1f4f33d0b0c76d	PARTLY_RECONSTRUCTED	19	16	4	3	9	5	3	0	1	0	0	0	0
L1599716-R002	biblical_book	Jer	30	20		4Q72	1606729	f34ii+36_43	6	1599716				books/DSS-Jeremiah.txt	1771461	3033	2034474-2034482	9	1	aa2f6b393c1dc3064be158efce638125b44bba8393b1986ab1302caffce1f2d9	linguistics/books/DSS-Jeremiah-Linguistics.txt	2545395	4020	18d75e31fccea710e467dbfd1dd2a80a08ebdadddb8f61f913a6c33926de15dd	NO_LETTER_RECONSTRUCTION_MARKED	25	22	0	0	22	0	0	0	0	0	0	0	0
L1599717-R001	biblical_book	Jer	30	20		4Q72	1606729	f34ii+36_43	7	1599717				books/DSS-Jeremiah.txt	1774494	2421	2034483-2034489	7	0	6c34c81052edc7b344ac6ad942d746cf0d7d7d4749de7c60970f86bc4a82d25a	linguistics/books/DSS-Jeremiah-Linguistics.txt	2549415	3176	463c6bff824e127d490fd3175d389fd2aaeabb9d29537c039c98a5642a596d00	PARTLY_RECONSTRUCTED	22	19	14	1	4	14	1	0	1	0	0	0	0
L1599717-R002	biblical_book	Jer	30	21		4Q72	1606729	f34ii+36_43	7	1599717				books/DSS-Jeremiah.txt	1776915	3058	2034490-2034497	8	1	ae85b1fd8df81d7391d5bf2cf5c8e0c5996dab127250bafb6a0339708797c0d5	linguistics/books/DSS-Jeremiah-Linguistics.txt	2552591	3639	090da6cad8e1ac6a531db98c3fc6fdfe9f41a067a0603a4762f719584865281a	NO_LETTER_RECONSTRUCTION_MARKED	27	23	0	0	23	0	0	0	0	0	0	0	0
L1599718-R001	biblical_book	Jer	30	21		4Q72	1606729	f34ii+36_43	8	1599718				books/DSS-Jeremiah.txt	1779973	4022	2034498-2034510	13	1	9e7abe5ca9f9750d86dae1cd4d5a112b2b8c912ddde67ba53d976f81829867db	linguistics/books/DSS-Jeremiah-Linguistics.txt	2556230	5602	016d1092b43529a13866b3c2b5cd6fd4658083639dc008790dfbc89ccc256f53	PARTLY_RECONSTRUCTED	38	35	12	3	20	13	3	0	0	0	0	0	0
L1599719-R001	biblical_book	Jer	30	21		4Q72	1606729	f34ii+36_43	9	1599719				books/DSS-Jeremiah.txt	1783995	2202	2034511-2034516	6	0	0598f692fe7962fee02d41b209533de6be3de7bffae5fbf77e06cbb6b4996c67	linguistics/books/DSS-Jeremiah-Linguistics.txt	2561832	2758	eafc357fe47e740b3b3e01622f0fa8e49318ad2038edbe1cce444e5dd3979fdf	PARTLY_RECONSTRUCTED	17	14	13	0	1	14	0	0	1	0	0	0	0
L1599719-R002	biblical_book	Jer	30	22		4Q72	1606729	f34ii+36_43	9	1599719				books/DSS-Jeremiah.txt	1786197	2930	2034517-2034525	9	1	6de87aef4136e38bf5fba1736e8c676881d8b4af54659cd7bde4f5fa5d8cacf1	linguistics/books/DSS-Jeremiah-Linguistics.txt	2564590	3937	2ed5c2705b50c96bcfee8b0b0f8df106f731c32c994e7a9c88b8f7423c34fc95	NO_LETTER_RECONSTRUCTION_MARKED	25	23	0	0	23	0	0	0	0	0	0	0	0
L1599720-R001	biblical_book	Jer	30	22		4Q72	1606729	f34ii+36_43	10	1599720				books/DSS-Jeremiah.txt	1789127	2254	2034526-2034528	3	2	79f178bf0b522ed1901f8c897e638eba228760cb9e6b6c23ac7f0c0c50ca2446	linguistics/books/DSS-Jeremiah-Linguistics.txt	2568527	1583	d22cb0a8da6c094270fdbc0fe2fe6926974e37710bcbb606ac714ba21a4f972f	ALL_LETTER_SLOTS_RECONSTRUCTED	8	6	6	0	0	8	0	0	1	0	0	0	0
L1599721-R001	biblical_book	Jer	30	23		4Q72	1606729	f34ii+36_43	11	1599721				books/DSS-Jeremiah.txt	1791381	3082	2034529-2034537	9	1	0cb58060809248f531dcb2dbd42c7753f71df1c268c5af1803c8194af0447714	linguistics/books/DSS-Jeremiah-Linguistics.txt	2570110	4195	250e73b030d2de1c7a9719db19a2ea9b0d4c62aa06b6f4182e3d37f3add2ce30	PARTLY_RECONSTRUCTED	32	32	26	2	4	26	2	0	0	0	0	0	0
L1599722-R001	biblical_book	Jer	30	23		4Q72	1606729	f34ii+36_43	12	1599722				books/DSS-Jeremiah.txt	1794463	1634	2034538-2034540	3	0	55121ba9d2baa45dcdd7883c0c45feb6efadc1984dcd35b00438d2453e646e3e	linguistics/books/DSS-Jeremiah-Linguistics.txt	2574305	1592	3f24e3d605d10205fd86ad46d9f0bb296af1f909dfeba3fddc4348c36375a625	ALL_LETTER_SLOTS_RECONSTRUCTED	11	9	9	0	0	11	0	0	1	0	0	0	0
L1599722-R002	biblical_book	Jer	30	24		4Q72	1606729	f34ii+36_43	12	1599722				books/DSS-Jeremiah.txt	1796097	2947	2034541-2034549	9	1	75f10f3b99203c85c43679a5c0b3e1757e6269f7b6e461020394e77dd292ed52	linguistics/books/DSS-Jeremiah-Linguistics.txt	2575897	4040	cb5653d5cea6d4085d8abf63efc7d67449ec5cb0add4d36ab1258b3606b71330	PARTLY_RECONSTRUCTED	27	26	19	1	6	19	1	0	0	0	0	0	0
L1599723-R001	biblical_book	Jer	30	24		4Q72	1606729	f34ii+36_43	13	1599723				books/DSS-Jeremiah.txt	1799044	3479	2034550-2034559	10	1	c49587ab1e07205689e228c29f3dd594e753819570145c0288bae8927275a265	linguistics/books/DSS-Jeremiah-Linguistics.txt	2579937	4516	b44db34996e22ea1349b5568b98003a64fe482a1de529523c20b8feca44e9cc7	PARTLY_RECONSTRUCTED	37	32	23	3	6	25	3	0	1	0	0	0	0
L1599724-R001	biblical_book	Jer	31	1		4Q72	1606729	f34ii+36_43	14	1599724				books/DSS-Jeremiah.txt	1802523	3400	2034560-2034571	12	1	30d12cba2711a8290ade7cecda362e8a183b30224ee170f83558765da8a8060e	linguistics/books/DSS-Jeremiah-Linguistics.txt	2584453	5282	351b68f81204aad12334628e18625a5e2764e933207438709b4a0210a3954348	PARTLY_RECONSTRUCTED	33	33	25	1	7	25	1	0	0	0	0	0	0
L1599725-R001	biblical_book	Jer	31	1		4Q72	1606729	f34ii+36_43	15	1599725				books/DSS-Jeremiah.txt	1805923	3114	2034572-2034579	8	2	1cb2b391d0077f893cb307d1e03efa0b7f9829361de6b781b3e24c59ea9f13f0	linguistics/books/DSS-Jeremiah-Linguistics.txt	2589735	3528	cbbd27fc663120fe56b6e7c168b5e0d129baeef3ae20d124fdcb1b2833cb01a2	ALL_LETTER_SLOTS_RECONSTRUCTED	21	18	18	0	0	21	0	0	1	0	0	0	0
L1599726-R001	biblical_book	Jer	31	2		4Q72	1606729	f34ii+36_43	16	1599726				books/DSS-Jeremiah.txt	1809037	3413	2034580-2034590	11	1	f2bda27e11bdb6782007151c00fc3d7740028ccdf052d54cf553b868d95c4b4d	linguistics/books/DSS-Jeremiah-Linguistics.txt	2593263	4936	f1484ee6f4f5ce04aa2ccf44d321e41e1973e79f9607c3d5486c971cc87568e8	PARTLY_RECONSTRUCTED	33	33	20	6	7	20	6	0	0	0	0	0	0
L1599727-R001	biblical_book	Jer	31	2		4Q72	1606729	f34ii+36_43	17	1599727				books/DSS-Jeremiah.txt	1812450	1910	2034591-2034594	4	0	4d20913385e43521ca7f69bc31c673d997882af99c52e08124967495d6fc559f	linguistics/books/DSS-Jeremiah-Linguistics.txt	2598199	2034	19bc6bb5e09c73c7e3413e7804bcba5adcf15f41aec977a211f1375bfc9c4e72	ALL_LETTER_SLOTS_RECONSTRUCTED	15	12	12	0	0	15	0	0	1	0	0	0	0
L1599727-R002	biblical_book	Jer	31	3		4Q72	1606729	f34ii+36_43	17	1599727				books/DSS-Jeremiah.txt	1814360	3480	2034595-2034605	11	1	5924d62008c087b387412388df2225837c98ff6238d8aad3e0d99a703d3fee92	linguistics/books/DSS-Jeremiah-Linguistics.txt	2600233	4911	acc583a36fb689337af0d35b93a15211fb44f5b7702246605f34e8cf1e307651	PARTLY_RECONSTRUCTED	36	34	20	2	12	21	2	0	0	0	0	0	0
L1599728-R001	biblical_book	Jer	31	3		4Q72	1606729	f34ii+36_43	18	1599728				books/DSS-Jeremiah.txt	1817840	1763	2034606-2034608	3	0	f34dddd741c76f754e09c36dd07970d0ed730151ce34f5b6c7a7e3dd4d2589f4	linguistics/books/DSS-Jeremiah-Linguistics.txt	2605144	1602	605335116bc0ca9d521877dd8d55eb08c12210b1c7b5499def84fa9439b8a957	ALL_LETTER_SLOTS_RECONSTRUCTED	12	9	9	0	0	12	0	0	1	0	0	0	0
L1599728-R002	biblical_book	Jer	31	4		4Q72	1606729	f34ii+36_43	18	1599728				books/DSS-Jeremiah.txt	1819603	3098	2034609-2034615	7	1	9ea01a8c936174cf8707b2855aaffaadb3d7c743bd2d18b2e6b2ea46511cce34	linguistics/books/DSS-Jeremiah-Linguistics.txt	2606746	3415	533343ecf46dde9db31dbee5aacb2050ad8858418c76134d52d75a10284bf836	PARTLY_RECONSTRUCTED	27	26	7	4	15	8	4	0	0	0	0	0	0
L1599729-R001	biblical_book	Jer	31	4		4Q72	1606729	f44_50	1	1599729				books/DSS-Jeremiah.txt	1822701	2747	2034616-2034623	8	0	17fb1a73b98c3dbcc753984a859bc7b2c657329f44942ee7fc54ad74f8211c40	linguistics/books/DSS-Jeremiah-Linguistics.txt	2610161	3622	f93e21fe7cbf5190ebf00d4c432ea1b0cdfdbfca4ed10877bb29fbe8042e5b36	PARTLY_RECONSTRUCTED	27	24	16	3	5	17	3	0	1	0	0	0	0
L1599729-R002	biblical_book	Jer	31	5		4Q72	1606729	f44_50	1	1599729				books/DSS-Jeremiah.txt	1825448	1934	2034624-2034626	3	1	f3aa4dfaad706eb746d2851e91a8716b5514555671ed16f7f93e3429bf43b1da	linguistics/books/DSS-Jeremiah-Linguistics.txt	2613783	1647	54a4d295e89ad7ec9374aea6329056f9e3d3195d51b470ea8f47cc274dfd910d	ALL_LETTER_SLOTS_RECONSTRUCTED	12	12	12	0	0	12	0	0	0	0	0	0	0
L1599730-R001	biblical_book	Jer	31	5		4Q72	1606729	f44_50	2	1599730				books/DSS-Jeremiah.txt	1827382	2448	2034627-2034634	8	0	3d0b3f7dd4e8b240d939f87ea2cef57090c6b1702fad394c19d77e538f41098a	linguistics/books/DSS-Jeremiah-Linguistics.txt	2615430	3602	1d7cd6403eb70da177298c43b3eb7ac409bd68c96f6b623958d7149c2f2f8018	PARTLY_RECONSTRUCTED	25	23	12	0	11	14	0	0	1	0	0	0	0
L1599730-R002	biblical_book	Jer	31	6		4Q72	1606729	f44_50	2	1599730				books/DSS-Jeremiah.txt	1829830	2044	2034635-2034638	4	1	dfeaf8d124e2b533636d9ec1198ebe8cceb353c111cede99130f7557d9a53293	linguistics/books/DSS-Jeremiah-Linguistics.txt	2619032	2011	c7d6acc92f4faf26d1f5248589871ad3fa6a9fc517175431c3f92fe8da6ab22c	ALL_LETTER_SLOTS_RECONSTRUCTED	11	11	11	0	0	11	0	0	0	0	0	0	0
L1599731-R001	biblical_book	Jer	31	6		4Q72	1606729	f44_50	3	1599731				books/DSS-Jeremiah.txt	1831874	3153	2034639-2034648	10	1	200d13f0a6aaada862ba22bbb67eaedee24aa85c1acd081eaeafe2778abeb348	linguistics/books/DSS-Jeremiah-Linguistics.txt	2621043	4509	1c806c7db014569acdac684150967f7372de279545ef28967f2a10cf7e7351e3	PARTLY_RECONSTRUCTED	32	32	17	3	12	17	3	0	0	0	0	0	0
L1599732-R001	biblical_book	Jer	31	6		4Q72	1606729	f44_50	4	1599732				books/DSS-Jeremiah.txt	1835027	1602	2034649-2034650	2	0	d7cb1a29d8e3c6348e46abeb8d4f2c089e6ccda3153f5c07c259ea6445a8ff30	linguistics/books/DSS-Jeremiah-Linguistics.txt	2625552	1216	4fd66a10d14860e9804b7803eedf26f9f1f879eb516f24e1099587434354f7b3	ALL_LETTER_SLOTS_RECONSTRUCTED	9	6	6	0	0	9	0	0	1	0	0	0	0
L1599732-R002	biblical_book	Jer	31	7		4Q72	1606729	f44_50	4	1599732				books/DSS-Jeremiah.txt	1836629	2862	2034651-2034657	7	2	622b45d2cf53cb05a1cdcf37fcca4421a8f17303accd31a823def86da64a8290	linguistics/books/DSS-Jeremiah-Linguistics.txt	2626768	3214	890e9ea655cfc7f7a460a7d9c18deed795ae548570b6533c5a91ac8b0d933cd2	PARTLY_RECONSTRUCTED	20	20	14	0	6	14	0	0	0	0	0	0	0
L1599733-R001	biblical_book	Jer	31	7		4Q72	1606729	f44_50	5	1599733				books/DSS-Jeremiah.txt	1839491	3562	2034658-2034669	12	1	121411af1482facd29786078cb0c01a1f5b8e2b6030093bbb98fbdf8b173fe6b	linguistics/books/DSS-Jeremiah-Linguistics.txt	2629982	5279	14cd358604de1958fb82bee306f15dffa5234d1709bb02991f1507f7e4d8cbf9	PARTLY_RECONSTRUCTED	38	38	15	5	18	15	5	0	0	0	0	0	0
L1599734-R001	biblical_book	Jer	31	7		4Q72	1606729	f44_50	6	1599734				books/DSS-Jeremiah.txt	1843053	2620	2034670-2034676	7	0	6cf9f687188635d9617e3a3095a27290f6479f0697048ff840b0acd525d23a04	linguistics/books/DSS-Jeremiah-Linguistics.txt	2635261	3313	862b06a8d202da7f80baad7206eabbece1ed12e8dd8aa92a5fd52c32903b21e4	PARTLY_RECONSTRUCTED	24	21	2	5	14	2	5	0	1	0	0	0	0
L1599734-R002	biblical_book	Jer	31	8		4Q72	1606729	f44_50	6	1599734				books/DSS-Jeremiah.txt	1845673	2521	2034677-2034681	5	1	ab594c0ddbbaad53e5650506c338ff018df217beae33fa8c363f21dd4534315e	linguistics/books/DSS-Jeremiah-Linguistics.txt	2638574	2462	2f706b37bbba280da08981700e66c4132b23f048808ad713091d778e6e629677	PARTLY_RECONSTRUCTED	18	16	8	1	7	8	1	0	0	0	0	0	0
L1599735-R001	biblical_book	Jer	31	8		4Q72	1606729	f44_50	7	1599735				books/DSS-Jeremiah.txt	1848194	3822	2034682-2034695	14	1	8ab20f8469206a68b315a38b869362c250f4e08cf0a8323936ca18dc48e1e397	linguistics/books/DSS-Jeremiah-Linguistics.txt	2641036	6186	8d00024763eafefb430076c09eccbe963ee38f92426833a2f1f63ac057af1336	PARTLY_RECONSTRUCTED	42	40	1	4	35	1	4	0	0	0	0	0	0
L1599736-R001	biblical_book	Jer	31	8		4Q72	1606729	f44_50	8	1599736				books/DSS-Jeremiah.txt	1852016	1873	2034696-2034700	5	0	82f2d4a2d962f0a4a1f5ef99aba53d5afaf068a0a2ead9ac76e29786a6c73e22	linguistics/books/DSS-Jeremiah-Linguistics.txt	2647222	2437	54095e3f2c3fa8de72660cde5b7f82f70f98be3f96b9d55d58447f806e62efc4	NO_LETTER_RECONSTRUCTION_MARKED	16	14	0	0	14	0	0	0	1	0	0	0	0
L1599736-R002	biblical_book	Jer	31	9		4Q72	1606729	f44_50	8	1599736				books/DSS-Jeremiah.txt	1853889	3325	2034701-2034708	8	1	4b5942eb481b0351473ab031d0bae688b64b99193a658ad088f2fb085a0f83e9	linguistics/books/DSS-Jeremiah-Linguistics.txt	2649659	3751	e411888828ca7012f7220354337fa92809fa8dc04f1570061c741045334bb1c3	PARTLY_RECONSTRUCTED	31	29	15	3	11	16	3	0	0	0	0	0	0
L1599737-R001	biblical_book	Jer	31	9		4Q72	1606729	f44_50	9	1599737				books/DSS-Jeremiah.txt	1857214	3638	2034709-2034722	14	1	7d17f3d160e2ff5d9d7da69575048e7bccab5951b108ed52af40e069fa1fed6d	linguistics/books/DSS-Jeremiah-Linguistics.txt	2653410	6087	044d07ed18f207cb0b040819a24eba08c93109b418b1bbf349973f4207334328	PARTLY_RECONSTRUCTED	39	38	3	0	35	3	0	0	0	0	0	0	0
L1599738-R001	biblical_book	Jer	31	9		4Q72	1606729	f44_50	10	1599738				books/DSS-Jeremiah.txt	1860852	3390	2034723-2034729	7	3	6254edb857594eea414fd094804b8c47e4773e35eb8b32f614771f4033be3d97	linguistics/books/DSS-Jeremiah-Linguistics.txt	2659497	3208	3a80b9e0a9ff1aff6fd4e7398c11cf847f4e26a40bd0665bc86c4e0febd6812e	PARTLY_RECONSTRUCTED	19	16	13	2	1	15	2	0	1	0	0	0	0
L1599739-R001	biblical_book	Jer	31	10		4Q72	1606729	f44_50	11	1599739				books/DSS-Jeremiah.txt	1864242	3605	2034730-2034743	14	1	91d09d96bd855c570fe300cbf50e3829937cedc958155838db989bca060100f3	linguistics/books/DSS-Jeremiah-Linguistics.txt	2662705	6161	77f5d0202379d4e7da084d564130633e4f432a572a689307b4806059b9a782ab	ALL_LETTER_SLOTS_RECONSTRUCTED	45	45	45	0	0	45	0	0	0	0	0	0	0
L1599740-R001	biblical_book	Jer	31	10		4Q72	1606729	f44_50	12	1599740				books/DSS-Jeremiah.txt	1867847	2607	2034744-2034750	7	0	29018ebe92123a2062451cbfc7d5cc000d69407cd136ba03c84fedcbcace403a	linguistics/books/DSS-Jeremiah-Linguistics.txt	2668866	3180	7495f292d60819213aa8dd18bb99effbde487104d09c8de83a68ae0ceb20ecca	ALL_LETTER_SLOTS_RECONSTRUCTED	24	19	19	0	0	24	0	0	1	0	0	0	0
L1599740-R002	biblical_book	Jer	31	11		4Q72	1606729	f44_50	12	1599740				books/DSS-Jeremiah.txt	1870454	2288	2034751-2034753	3	2	4d957c7664a93ea7153d25480fe0294ad8f9a2a5b977798b87ad5b3661b99104	linguistics/books/DSS-Jeremiah-Linguistics.txt	2672046	1604	27b9b21a4e0fbe396f18ab52c91c4a056ab21597ef29ffb4af78ded7c1924ea0	ALL_LETTER_SLOTS_RECONSTRUCTED	9	9	9	0	0	9	0	0	0	0	0	0	0
L1599741-R001	biblical_book	Jer	31	11		4Q72	1606729	f44_50	13	1599741				books/DSS-Jeremiah.txt	1872742	2951	2034754-2034762	9	0	9775ae5104ab816169550e98e8a8d94afa2ca108847814a404e5f6f1ed53a4c5	linguistics/books/DSS-Jeremiah-Linguistics.txt	2673650	3989	4967ba72b77ceac0f6e34eb6cec960e2d4c753b0cc71cb65bdec5d30bb8e7aff	PARTLY_RECONSTRUCTED	26	22	20	2	0	24	2	0	1	0	0	0	0
L1599741-R002	biblical_book	Jer	31	12		4Q72	1606729	f44_50	13	1599741				books/DSS-Jeremiah.txt	1875693	2464	2034763-2034769	7	1	4e24a6740b5cd9404707d0d989bc9ce3f5974140bfd1accc89daa9a48d861e0c	linguistics/books/DSS-Jeremiah-Linguistics.txt	2677639	3219	eec6b91de4ac4a46fa7fc2d19b840d4f23c2e4aca3d91f718c45ced2be86109d	ALL_LETTER_SLOTS_RECONSTRUCTED	18	18	18	0	0	18	0	0	0	0	0	0	0
L1599742-R001	biblical_book	Jer	31	12		4Q72	1606729	f44_50	14	1599742				books/DSS-Jeremiah.txt	1878157	4050	2034770-2034786	17	1	03823eab848d6fc484def21d585d1a4fcd6b2ef504de0a47d98db98039011e78	linguistics/books/DSS-Jeremiah-Linguistics.txt	2680858	7240	614261049208ad8d086a7b157a34956715b729040faabef794a501bc38205789	PARTLY_RECONSTRUCTED	42	42	28	2	12	28	2	0	0	0	0	0	0
L1599743-R001	biblical_book	Jer	31	12		4Q72	1606729	f44_50	15	1599743				books/DSS-Jeremiah.txt	1882207	3588	2034787-2034801	15	0	220f7a76970a7bdd4fa510bd32e5e1961e7f511c475a03588e4f151ebe6ad0b0	linguistics/books/DSS-Jeremiah-Linguistics.txt	2688098	6345	34d2acf266c9b1cf4763de11a20cec71515ae77b71c3bb1537fc133f98b603c0	PARTLY_RECONSTRUCTED	40	36	18	0	18	21	0	0	1	0	0	0	0
L1599743-R002	biblical_book	Jer	31	13		4Q72	1606729	f44_50	15	1599743				books/DSS-Jeremiah.txt	1885795	1820	2034802-2034803	2	1	8a525362258922ad4ae6aa5feac5cf1f5b8b7cfd09defdbe72dc569dbee972a7	linguistics/books/DSS-Jeremiah-Linguistics.txt	2694443	1207	cf25916cfc87620f9e4219a6ccca69a25c88708b47b42bd2112b5e4d7b66e63c	PARTLY_RECONSTRUCTED	6	6	4	2	0	4	2	0	0	0	0	0	0
L1599744-R001	biblical_book	Jer	31	13		4Q72	1606729	f44_50	16	1599744				books/DSS-Jeremiah.txt	1887615	3764	2034804-2034816	13	1	534181687868e29cff938f312eb728fce5ffdd8aebe1df9cc4b1b3e8a62f2fe2	linguistics/books/DSS-Jeremiah-Linguistics.txt	2695650	5873	780b9c52d52f452b431f1163f99006605050f78827f59afbf032ff1034446e42	PARTLY_RECONSTRUCTED	45	44	22	3	19	22	3	0	0	0	0	0	0
L1599745-R001	biblical_book	Jer	31	13		4Q72	1606729	f44_50	17	1599745				books/DSS-Jeremiah.txt	1891379	2614	2034817-2034823	7	0	7166cb449df1340ffb70957ebaae36d4f0ee57f8ec719a8844128ab9bdceb7ec	linguistics/books/DSS-Jeremiah-Linguistics.txt	2701523	3200	4dccea6bda8001dc761bfff2fc6ad0ea0c94dfc42ecf009f3149e482cc1e8939	PARTLY_RECONSTRUCTED	25	20	4	1	15	4	1	0	1	0	0	0	0
L1599745-R002	biblical_book	Jer	31	14		4Q72	1606729	f44_50	17	1599745				books/DSS-Jeremiah.txt	1893993	2867	2034824-2034831	8	1	0c79ec3cb63df34ee6c31cfe4f8251db2fcd78f94d707438e6f61381a4692c03	linguistics/books/DSS-Jeremiah-Linguistics.txt	2704723	3646	b89a8eb0a4e305d8072a0f15ddcbb8ccdc617e7e2f0a8d02750d5169df1b89f6	PARTLY_RECONSTRUCTED	23	22	14	2	6	14	2	0	0	0	0	0	0
L1599746-R001	biblical_book	Jer	31	14		4Q72	1606729	f44_50	18	1599746				books/DSS-Jeremiah.txt	1896860	3297	2034832-2034838	7	3	73915ed8ecee182506958547b98c505a5fc8a62e4c5c62fd4c0fd431a6673e49	linguistics/books/DSS-Jeremiah-Linguistics.txt	2708369	3151	489dc13a75bacab52e40137cf4da741126ef7ffbc0585bff0b68bb236a94a38d	PARTLY_RECONSTRUCTED	23	18	2	0	16	2	0	0	2	0	0	0	0
L1599747-R001	biblical_book	Jer	31	19		4Q72	1606729	f47_48ii+51_54	6	1599747				books/DSS-Jeremiah.txt	1900157	1947	2034839-2034841	3	1	352508e307ce8eee8675f5ac1ba0f3b84445df113647a56986bfb25478c57fc5	linguistics/books/DSS-Jeremiah-Linguistics.txt	2711520	1593	e2fb0816ae5085afe31e3830c9df7194e1e61e9d58c0620535c87c9c62b9123b	ALL_LETTER_SLOTS_RECONSTRUCTED	8	6	6	0	0	8	0	1	1	0	0	0	0
L1599748-R001	biblical_book	Jer	31	19		4Q72	1606729	f47_48ii+51_54	7	1599748				books/DSS-Jeremiah.txt	1902104	3754	2034842-2034853	12	1	b773525d007c9acba39c0966c70efa141450eb4a53a371d689424328df6b9c65	linguistics/books/DSS-Jeremiah-Linguistics.txt	2713113	5380	be5b6ff53706b09a6cce0436e65b5b93e3312ae35959f0274cbe1f4897ac5a74	PARTLY_RECONSTRUCTED	44	42	38	3	1	39	3	0	0	0	0	0	0
L1599749-R001	biblical_book	Jer	31	19		4Q72	1606729	f47_48ii+51_54	8	1599749				books/DSS-Jeremiah.txt	1905858	2117	2034854-2034858	5	0	a38469984381f7ed92959ae23983ebef54b24c42022300a82ebb7aa0b6f9e8a1	linguistics/books/DSS-Jeremiah-Linguistics.txt	2718493	2529	066219ff52371b9acc7e0a61a06f107046ceb0767da4202c986bfb0e6a3a6da0	PARTLY_RECONSTRUCTED	19	16	10	0	6	13	0	0	1	0	0	0	0
L1599749-R002	biblical_book	Jer	31	20		4Q72	1606729	f47_48ii+51_54	8	1599749				books/DSS-Jeremiah.txt	1907975	2823	2034859-2034866	8	1	bcd71c5636395fc2a14ed7e7f8ccf902e13e5844419e75c16c506035e79002a1	linguistics/books/DSS-Jeremiah-Linguistics.txt	2721022	3785	a3184ace727689b6a46df88e1872cec0fb0a50e9c7e9dbbe5b6074c545b53065	ALL_LETTER_SLOTS_RECONSTRUCTED	26	25	25	0	0	26	0	0	0	0	0	0	0
L1599750-R001	biblical_book	Jer	31	20		4Q72	1606729	f47_48ii+51_54	9	1599750				books/DSS-Jeremiah.txt	1910798	4227	2034867-2034880	14	1	2ee52be0058006aac33c2b3ebc67bed77409e9d6fb5e4d4e55876373db4334b4	linguistics/books/DSS-Jeremiah-Linguistics.txt	2724807	6071	baa9417f4cb4dd9d3bc48493033bf794f2a9c7c629083b63b9b6f53bccdf0c04	PARTLY_RECONSTRUCTED	43	38	35	1	2	40	1	0	0	0	0	0	0
L1599751-R001	biblical_book	Jer	31	20		4Q72	1606729	f47_48ii+51_54	10	1599751				books/DSS-Jeremiah.txt	1915025	1946	2034881-2034884	4	0	478f90780e0d8b5d45bc102cca2ce7cd72e43cbe8a1cde97996627d42414fb82	linguistics/books/DSS-Jeremiah-Linguistics.txt	2730878	2023	d4f1c5502b76ca5b41ede27844316bcae0b07f46a9f88f134f6ae5b5995c0417	ALL_LETTER_SLOTS_RECONSTRUCTED	16	13	13	0	0	16	0	0	1	0	0	0	0
L1599751-R002	biblical_book	Jer	31	21		4Q72	1606729	f47_48ii+51_54	10	1599751				books/DSS-Jeremiah.txt	1916971	3058	2034885-2034890	6	2	99f13fce9b6de571a792b5c5677dfc46d011546d02a97cd1635f8b7b37199b86	linguistics/books/DSS-Jeremiah-Linguistics.txt	2732901	2970	39d64a9bc73d112443d15ef4c9810ae3998da11e5271ab227c92a5f24d91a6d3	PARTLY_RECONSTRUCTED	27	25	15	0	10	16	0	0	0	0	0	0	0
L1599752-R001	biblical_book	Jer	31	21		4Q72	1606729	f47_48ii+51_54	11	1599752				books/DSS-Jeremiah.txt	1920029	3861	2034891-2034902	12	1	fb8226d513ad95c5b270245d4e8512ff919f3ce123f1cf3bdec233ba2850930d	linguistics/books/DSS-Jeremiah-Linguistics.txt	2735871	5509	4e253fce6e63e0a23070b8079accc517a67d9bef9893e704223601ccaed91798	PARTLY_RECONSTRUCTED	44	42	29	3	10	31	3	0	0	0	0	0	0
L1599753-R001	biblical_book	Jer	31	21		4Q72	1606729	f47_48ii+51_54	12	1599753				books/DSS-Jeremiah.txt	1923890	1538	2034903-2034904	2	0	af1f245b33da66251efc7c19d7e18c2286e094bd66d925685bc619badd681f89	linguistics/books/DSS-Jeremiah-Linguistics.txt	2741380	1190	1513cad61918eab678cf4c9d74673c734730c64877d58f04746af4b64fa1f624	PARTLY_RECONSTRUCTED	5	3	1	1	1	1	1	0	1	0	0	0	0
L1599753-R002	biblical_book	Jer	31	22		4Q72	1606729	f47_48ii+51_54	12	1599753				books/DSS-Jeremiah.txt	1925428	3492	2034905-2034914	10	2	245667670f41ec0b9d95924389d1b16054b4c297c367af924988f78f63d3fc9d	linguistics/books/DSS-Jeremiah-Linguistics.txt	2742570	4435	7bbe987b82c985184efd5522bf4cad37e0e317f6c715dd4944838c51a86672bc	PARTLY_RECONSTRUCTED	28	24	8	2	14	8	6	0	0	0	0	0	0
L1599754-R001	biblical_book	Jer	31	22		4Q72	1606729	f47_48ii+51_54	13	1599754				books/DSS-Jeremiah.txt	1928920	3639	2034915-2034921	7	3	6fa760fba6875922b090aa2a3eac08563bf6ee442b6b39386876c3290b6ffa39	linguistics/books/DSS-Jeremiah-Linguistics.txt	2747005	3340	0918e072e5b83ae2958240016e07fe91ddc2caeec3081eeb8ac436b05398104d	PARTLY_RECONSTRUCTED	23	18	5	4	9	5	7	0	1	0	0	0	0
L1599755-R001	biblical_book	Jer	31	23		4Q72	1606729	f47_48ii+51_54	14	1599755				books/DSS-Jeremiah.txt	1932559	3938	2034922-2034936	15	1	0ce0c39a2d9df0bd9048390a93541fa3bae46c702bb18b549e8bd99535fe896d	linguistics/books/DSS-Jeremiah-Linguistics.txt	2750345	6578	b62a781df9348a01f10b3a6b3602ca9b3fa2f6731fc3471072940ebaecb97998	PARTLY_RECONSTRUCTED	44	44	41	2	1	41	2	0	0	0	0	0	0
L1599756-R001	biblical_book	Jer	31	23		4Q72	1606729	f47_48ii+51_54	15	1599756				books/DSS-Jeremiah.txt	1936497	4430	2034937-2034952	16	1	1d133db8afa69224b2cf3f82a90b36ead8829f35f653e0520e3c45c695f1d6de	linguistics/books/DSS-Jeremiah-Linguistics.txt	2756923	6905	0925d3e42a0eeb923a15d50b39e73452fee7c7d7f38a5b1c8068a5bdd4b05515	ALL_LETTER_SLOTS_RECONSTRUCTED	50	44	44	0	0	48	0	0	1	0	0	0	0
L1599757-R001	biblical_book	Jer	31	24		4Q72	1606729	f47_48ii+51_54	16	1599757				books/DSS-Jeremiah.txt	1940927	4244	2034953-2034966	14	2	835991bee7a1210f9cd62418801aa552fc54c1dc5574242d0750073cac4e0749	linguistics/books/DSS-Jeremiah-Linguistics.txt	2763828	6090	6fe4403d9fce720fb6ddd5a028055ed509d54fe79f44e1db287ae297cfbb3923	ALL_LETTER_SLOTS_RECONSTRUCTED	41	37	37	0	0	41	0	0	1	0	0	0	0
L1599758-R001	biblical_book	Jer	31	25		4Q72	1606729	f47_48ii+51_54	17	1599758				books/DSS-Jeremiah.txt	1945171	2774	2034967-2034976	10	0	e47674c24d8ce7482d7084d14b4dd9fc05fb46f6651209ea38beb8d18db60793	linguistics/books/DSS-Jeremiah-Linguistics.txt	2769918	4469	be4a06ae4eb7fd44241d49d6f41517fdd3618b03a1333b9817e4d1321829fa7f	PARTLY_RECONSTRUCTED	32	30	26	1	3	28	1	0	1	0	0	0	0
L1599758-R002	biblical_book	Jer	31	26		4Q72	1606729	f47_48ii+51_54	17	1599758				books/DSS-Jeremiah.txt	1947945	1948	2034977-2034979	3	1	09728f7103632c2736304e2c2838810c4027e1d7bb8f4235ffc9b9b92fd0e2b3	linguistics/books/DSS-Jeremiah-Linguistics.txt	2774387	1630	89efd94a429eb8ee4c95f276dc297200ab40b98779192d044c3622135e7f1675	ALL_LETTER_SLOTS_RECONSTRUCTED	11	11	11	0	0	11	0	0	0	0	0	0	0
L1599759-R001	biblical_book	Jer	31	26		4Q72	1606729	f47_48ii+51_54	18	1599759				books/DSS-Jeremiah.txt	1949893	3516	2034980-2034986	7	3	557730d0dfa0731790a1a53fd109855dc1a3fe65226225170c72cee38fffc9be	linguistics/books/DSS-Jeremiah-Linguistics.txt	2776017	3168	d3c3deec229c76da4f59b832e9d05df81139a7862c493b34715e554d0e0dd03d	PARTLY_RECONSTRUCTED	20	16	9	2	5	9	2	0	1	0	0	0	0
L1599761-R001	biblical_book	Jer	33	16		4Q72	1606729	f55ii	1	1599761				books/DSS-Jeremiah.txt	1953409	1784	2034990-2034992	3	0	5a7322f92cc10a2493ec4ddd5976e02f4fa7349239f7350cf5607646daf799c0	linguistics/books/DSS-Jeremiah-Linguistics.txt	2779185	1586	805ec4cea38b4462e7f121fa15c4cb1895b68ab486cd15029b9593f6211d2052	PARTLY_RECONSTRUCTED	12	9	3	0	6	6	0	0	1	0	0	0	0
L1599761-R002	biblical_book	Jer	33	17		4Q72	1606729	f55ii	1	1599761				books/DSS-Jeremiah.txt	1955193	3019	2034993-2035000	8	2	9bed46d67e334604ccb4e3b12655334a5a9797db0bd60b10df5c7ee2ba9d4ad5	linguistics/books/DSS-Jeremiah-Linguistics.txt	2780771	3595	a64fccb8e4aa2b4df5495c8b87342d1a4aad6e0b0562b33267c9bddaea8d1a58	ALL_LETTER_SLOTS_RECONSTRUCTED	21	21	21	0	0	21	0	0	0	0	0	0	0
L1599762-R001	biblical_book	Jer	33	17		4Q72	1606729	f55ii	2	1599762				books/DSS-Jeremiah.txt	1958212	2236	2035001-2035007	7	0	073f0f4d3e589029709cec1d44eb19300e34c53dcec88e6fedfbcdf58e920614	linguistics/books/DSS-Jeremiah-Linguistics.txt	2784366	3291	fb779fb0491af7eebdf7e7475bf2b4419e61c858bbd13b1fc530e17c01fc3e4a	PARTLY_RECONSTRUCTED	22	20	6	0	14	8	0	0	1	0	0	0	0
L1599762-R002	biblical_book	Jer	33	18		4Q72	1606729	f55ii	2	1599762				books/DSS-Jeremiah.txt	1960448	2613	2035008-2035015	8	1	44e0a9efe491f57e37d38aeea6ae115d952c556c94d27077aff71179a7ea827f	linguistics/books/DSS-Jeremiah-Linguistics.txt	2787657	3563	b77fda472443c6a97b3c63c6bfb654849dbed71725e664742e8e88139207642a	ALL_LETTER_SLOTS_RECONSTRUCTED	21	21	21	0	0	21	0	0	0	0	0	0	0
L1599763-R001	biblical_book	Jer	33	18		4Q72	1606729	f55ii	3	1599763				books/DSS-Jeremiah.txt	1963061	4112	2035016-2035030	15	2	abefde6b73aacfa17c8b0fe2ff8d6df0df1f6face6748a20f6207de892b6f9b0	linguistics/books/DSS-Jeremiah-Linguistics.txt	2791220	6361	c5b517ddb7a3bd381bf3289dd814a2219032d84197f0504935b9684e9435dbcf	PARTLY_RECONSTRUCTED	39	36	18	0	18	20	0	0	1	0	0	0	0
L1599764-R001	biblical_book	Jer	33	19		4Q72	1606729	f55ii	4	1599764				books/DSS-Jeremiah.txt	1967173	2439	2035031-2035039	9	0	9ca75994ce5354feef01fd335ea5c52be773b6961267a8a4a3f5b8c5c6172ba7	linguistics/books/DSS-Jeremiah-Linguistics.txt	2797581	4021	6bb90bc62076862f4de1912d97dcee8ee5c77d3ea57c408e25c2bb3903b865a9	PARTLY_RECONSTRUCTED	25	23	4	0	19	6	0	0	1	0	0	0	0
L1599764-R002	biblical_book	Jer	33	20		4Q72	1606729	f55ii	4	1599764				books/DSS-Jeremiah.txt	1969612	2659	2035040-2035046	7	1	816ec60fceb9c13ad61e9c19495228df4e1e65c54070f42bcbfe0e8a005ea257	linguistics/books/DSS-Jeremiah-Linguistics.txt	2801602	3251	e2bc92f4bf37dacbf0f9a8405f792d2c60cd48110278e99a6c87dc984846728e	ALL_LETTER_SLOTS_RECONSTRUCTED	23	22	22	0	0	23	0	0	0	0	0	0	0
L1599765-R001	biblical_book	Jer	33	20		4Q72	1606729	f55ii	5	1599765				books/DSS-Jeremiah.txt	1972271	4117	2035047-2035062	16	1	2e6a4612b77c5ed8d7a83efe39debd1fd50637fc80c524eb7e8edc191a33a100	linguistics/books/DSS-Jeremiah-Linguistics.txt	2804853	6864	685eda7796e5d4ac4588a1ba8d664dbb1c46e65bc147619cc5ee44f02a15b1d4	PARTLY_RECONSTRUCTED	43	39	27	2	10	28	2	0	1	0	0	0	0
L1599800-R001	biblical_book	Jer	43	2		4Q72a	1606730	f1	1	1599800				books/DSS-Jeremiah.txt	1976439	2823	2035182-2035191	10	0	f15ecb5b15b064a3769ff4e6d27001cd0a31e53740161c3ecab10370204aef93	linguistics/books/DSS-Jeremiah-Linguistics.txt	2811768	4431	c357f85cb0ecff6bd25eb76b88b8dbafc7e604cd79e0f167de9feaa3bfe5b006	PARTLY_RECONSTRUCTED	30	27	26	1	0	27	1	0	1	0	0	0	0
L1599800-R002	biblical_book	Jer	43	3		4Q72a	1606730	f1	1	1599800				books/DSS-Jeremiah.txt	1979262	3482	2035192-2035199	8	1	faba5148d5e125c6e5d3a07b1722424dfbe46adb44bdf3d57a5376380d76bae3	linguistics/books/DSS-Jeremiah-Linguistics.txt	2816199	3776	366e19d106e76eb10f1e27b6692f6b7ae3b3dd965c7ccbe8d56a82759a24ea77	PARTLY_RECONSTRUCTED	29	26	19	7	0	22	7	0	0	0	0	0	0
L1599801-R001	biblical_book	Jer	43	3		4Q72a	1606730	f1	2	1599801				books/DSS-Jeremiah.txt	1982744	3421	2035200-2035212	13	0	6063958ba816f2c349a7f33d6d4c1d89b0422844333e6c434a4a355bdc4bcd66	linguistics/books/DSS-Jeremiah-Linguistics.txt	2819975	5562	1638629015b709d1c5a9088a16be4680c0a560066ef315ed2f922cf79409b608	PARTLY_RECONSTRUCTED	36	32	27	2	3	30	2	0	1	0	0	0	0
L1599801-R002	biblical_book	Jer	43	4		4Q72a	1606730	f1	2	1599801				books/DSS-Jeremiah.txt	1986165	3186	2035213-2035223	11	1	88da850dd97cdc4e28275a1895b8d0b2f9156232783711741e5306cf1ce85b34	linguistics/books/DSS-Jeremiah-Linguistics.txt	2825537	4753	ae7b0cc7f6d6daf13da8248cdb71eb171518b86854d1a576246ec4064ce1f562	PARTLY_RECONSTRUCTED	24	24	8	4	12	8	4	0	0	0	0	0	0
L1599802-R001	biblical_book	Jer	43	4		4Q72a	1606730	f1	3	1599802				books/DSS-Jeremiah.txt	1989351	2727	2035224-2035234	11	0	362feb8655b78248577c0af6129fb071e8797cdec1c3a6ee50c5949b5f65e250	linguistics/books/DSS-Jeremiah-Linguistics.txt	2830290	4714	27d9ac9a8d004c53cc6f8976e977cbbff81e8ec81933ff6805e5a290f367f61e	ALL_LETTER_SLOTS_RECONSTRUCTED	26	24	24	0	0	26	0	0	1	0	0	0	0
L1599802-R002	biblical_book	Jer	43	5		4Q72a	1606730	f1	3	1599802				books/DSS-Jeremiah.txt	1992078	3873	2035235-2035245	11	2	de7832d7a01d942f95af16b638e2531ad1860868e68e8c2275542636a7910259	linguistics/books/DSS-Jeremiah-Linguistics.txt	2835004	4858	5d7efe9f1dd85c00084725ca2e0e3a411cfcd3d6583998f450c8a417bf495702	PARTLY_RECONSTRUCTED	28	28	7	6	15	7	6	0	0	0	0	0	0
L1599803-R001	biblical_book	Jer	43	5		4Q72a	1606730	f1	4	1599803				books/DSS-Jeremiah.txt	1995951	2888	2035246-2035256	11	0	d473a7f4ce9fbce572f7cd44f480829cdf710588c63078808af2367c9db0a89f	linguistics/books/DSS-Jeremiah-Linguistics.txt	2839862	4842	be1477d93af5624f01878ff2cad6e99cff45f38446fa6ccc1949feb9744a292c	PARTLY_RECONSTRUCTED	30	28	25	2	1	25	2	0	1	0	0	0	0
L1599803-R002	biblical_book	Jer	43	6		4Q72a	1606730	f1	4	1599803				books/DSS-Jeremiah.txt	1998839	3682	2035257-2035270	14	1	db96a4a83908f5320b6f65e7b7d924f91dd6be968c7c68ae594052f42f2ac408	linguistics/books/DSS-Jeremiah-Linguistics.txt	2844704	5880	e7a30fc4b8d3cb40b5eeccbb17dc39a3a4c516b32c97900de866ad0f3d473395	PARTLY_RECONSTRUCTED	29	29	2	4	23	2	4	0	0	0	0	0	0
L1599804-R001	biblical_book	Jer	43	6		4Q72a	1606730	f1	5	1599804				books/DSS-Jeremiah.txt	2002521	4280	2035271-2035289	19	1	9d80b70989cecf4ff7fb6da41fd050d9e93a373af5c4728fdcc4f131089175d3	linguistics/books/DSS-Jeremiah-Linguistics.txt	2850584	8356	a6d79d55b86e0e0cbbd001299940114468e7a73a146637583cba4f30739041a6	PARTLY_RECONSTRUCTED	56	56	19	0	37	19	0	0	0	0	0	0	0
L1599805-R001	biblical_book	Jer	43	6		4Q72a	1606730	f1	6	1599805				books/DSS-Jeremiah.txt	2006801	2031	2035290-2035295	6	0	937f69df4a9cb9eb1df3ef654e34399b5c8d4e9756451afc60de379fd836b11e	linguistics/books/DSS-Jeremiah-Linguistics.txt	2858940	2833	2bb35162e75ff5c3254a0f559ebf8ab398db285e446c3b3d59a5860cdeb7e7ca	ALL_LETTER_SLOTS_RECONSTRUCTED	16	14	14	0	0	16	0	0	1	0	0	0	0
L1599805-R002	biblical_book	Jer	43	7		4Q72a	1606730	f1	6	1599805				books/DSS-Jeremiah.txt	2008832	3695	2035296-2035309	14	1	ac459120c4605335cbc4bb1cea58378aa8b359c0551b1afcfb8b0568b330f913	linguistics/books/DSS-Jeremiah-Linguistics.txt	2861773	6114	232c111eee71f93626891f89c4d76c82e6ab84ad06885f8ac67fdc063beeb19f	PARTLY_RECONSTRUCTED	41	39	7	2	30	7	2	0	1	0	0	0	0
L1599806-R001	biblical_book	Jer	43	8		4Q72a	1606730	f1	7	1599806				books/DSS-Jeremiah.txt	2012527	2749	2035310-2035320	11	0	55b7fb1751a26b1fe7a451291c25cd5a3e2ed939483ddd49f8032f20730dd633	linguistics/books/DSS-Jeremiah-Linguistics.txt	2867887	4918	43ec06b6974de3c3e06c5aaaaa92428a0bd90c0d0780df21363e7d3b8076e185	PARTLY_RECONSTRUCTED	32	30	19	0	11	19	0	0	1	0	0	0	0
L1599806-R002	biblical_book	Jer	43	9		4Q72a	1606730	f1	7	1599806				books/DSS-Jeremiah.txt	2015276	2676	2035321-2035327	7	1	10a3191675ee1b0585dd5e0414989d904ffb5921648f1f8e9bfe16519c0b80dd	linguistics/books/DSS-Jeremiah-Linguistics.txt	2872805	3231	6fb9874de22706f66097263c09b633951b70130c31b8edc4af2a4df3c046b753	NO_LETTER_RECONSTRUCTION_MARKED	24	22	0	0	22	0	0	0	0	0	0	0	0
L1599807-R001	biblical_book	Jer	43	9		4Q72a	1606730	f1	8	1599807				books/DSS-Jeremiah.txt	2017952	3926	2035328-2035341	14	2	f0affbb0ab718908837831f9f1d9c3be0496002ae35a94140e571776d0f38605	linguistics/books/DSS-Jeremiah-Linguistics.txt	2876036	6183	4a6774a1bc9d4f5fe7963f2eaa16fbfcf1cb35151d0ab6b80b3cafe836c01185	PARTLY_RECONSTRUCTED	41	39	9	1	29	9	1	0	1	0	0	0	0
L1599808-R001	biblical_book	Jer	43	10		4Q72a	1606730	f1	9	1599808				books/DSS-Jeremiah.txt	2021878	4390	2035342-2035358	17	1	9c3125779b733cf093f24769c6cee4665f69c56be148a7437d9638b80b0e55af	linguistics/books/DSS-Jeremiah-Linguistics.txt	2882219	7603	fdbc58d1d18f6cacc2833bf2aebbea87187e025947b8687404f381aac5ac70dd	PARTLY_RECONSTRUCTED	61	58	57	0	1	58	0	0	1	0	0	0	0
L1599809-R001	biblical_book	Jer	50	4		4Q72b	1606731	f1	1	1599809				books/DSS-Jeremiah.txt	2026319	4853	2035359-2035379	21	1	8d648be190cd6df18ef9ea99bfc704ab087125a21aba3dccbf74632c0e085b40	linguistics/books/DSS-Jeremiah-Linguistics.txt	2889873	8928	7f56a01e72f99245fb2ddd04bfc4e4e54adb91a0c04a87885254e5bbcfe92e02	PARTLY_RECONSTRUCTED	59	59	40	7	10	40	7	0	0	0	4	4	0
L1599810-R001	biblical_book	Jer	50	4		4Q72b	1606731	f1	2	1599810				books/DSS-Jeremiah.txt	2031172	2217	2035380-2035385	6	0	28cf2739dd264149b82563f52d914c1bef68708ccb639173db7566083643fa0c	linguistics/books/DSS-Jeremiah-Linguistics.txt	2898801	2804	d452af8c3be54da69aaa86b7359bff09a0cc68ac931b0f0e03f8693f95042813	PARTLY_RECONSTRUCTED	21	18	5	1	12	7	1	0	1	0	0	0	0
L1599810-R002	biblical_book	Jer	50	5		4Q72b	1606731	f1	2	1599810				books/DSS-Jeremiah.txt	2033389	2834	2035386-2035393	8	1	dbc4fd48ebc8cd491da8e94e251e064f733e7b4abadc51ace01738581b091227	linguistics/books/DSS-Jeremiah-Linguistics.txt	2901605	3774	b7063bf6a4cb52ab0584df5194f6f5316932085c890f38c750841f8991cfca1c	ALL_LETTER_SLOTS_RECONSTRUCTED	29	28	28	0	0	29	0	0	0	0	0	0	0
L1599811-R001	biblical_book	Jer	50	5		4Q72b	1606731	f1	3	1599811				books/DSS-Jeremiah.txt	2036223	2240	2035394-2035400	7	0	b8135900f8b173288c20274495f2d6bf959595a5ac655ae296b789bc0e2f5946	linguistics/books/DSS-Jeremiah-Linguistics.txt	2905379	3200	c27837718d07d336e00c6598fb68b2b42f48e34af1a4acbab58ea759a56eaae7	PARTLY_RECONSTRUCTED	22	20	5	1	14	7	1	0	1	0	0	0	0
L1599811-R002	biblical_book	Jer	50	6		4Q72b	1606731	f1	3	1599811				books/DSS-Jeremiah.txt	2038463	2981	2035401-2035407	7	1	bf763541dfb2639a505ff99b1da7ff7de54ea149309cd7d370d1329d86db394b	linguistics/books/DSS-Jeremiah-Linguistics.txt	2908579	3273	1804095c01cf9fea21beafbb9b8ca9739e8050b0aeb9587294da37f587225649	ALL_LETTER_SLOTS_RECONSTRUCTED	31	28	28	0	0	31	0	0	0	0	0	0	0
L1599812-R001	biblical_book	Jer	50	6		4Q72b	1606731	f1	4	1599812				books/DSS-Jeremiah.txt	2041444	3315	2035408-2035417	10	1	c756c1d4a8d15db0b5d8ccb2ee6aa798a4fbad548055ad246f0ee7b486871f8e	linguistics/books/DSS-Jeremiah-Linguistics.txt	2911852	4439	b40360af077f9b3ce53a17ed0583e5fb9298da317fd78e77c46f5dd35249af05	PARTLY_RECONSTRUCTED	32	27	14	3	10	17	3	1	2	0	0	0	0
