record_id	kind	book	chapter	verse	halfverse	scroll	scroll_node	fragment	line	line_node	intl	language	script	file	byte_offset	byte_length	word_nodes	word_count	standalone_sign_count	sha256	linguistics_file	linguistics_byte_offset	linguistics_byte_length	linguistics_sha256	letter_reconstruction	sign_slots	letter_slots	reconstructed_letter_slots	uncertain_letter_slots	unmarked_letter_slots	reconstructed_sign_slots	uncertain_sign_slots	missing_sign_slots	empty_sign_slots	vacat_sign_slots	corrected_sign_slots	removed_sign_slots	alternative_sign_slots
L1561752-R001	biblical_book	Lev	26	14		4Q249j	1606050	f1	1	1561752				books/DSS-Leviticus.txt	736	2344	1696765-1696772	8	0	208b1c2cbbaaa1325ba6be6d0b32dcd5ef660cce3dfae41d1344165ca22400bd	linguistics/books/DSS-Leviticus-Linguistics.txt	2145	3558	ee5d04afa13f16a204896e47e240371adfab32a914e6eb2953e83d9810127bf4	PARTLY_RECONSTRUCTED	19	17	16	1	0	18	1	0	1	0	0	0	0
L1561752-R002	biblical_book	Lev	26	15		4Q249j	1606050	f1	1	1561752				books/DSS-Leviticus.txt	3080	2552	1696773-1696779	7	1	95a79622ecc83a66b470c2bc0204247e5e1229021343cf4965e7bf97806bc440	linguistics/books/DSS-Leviticus-Linguistics.txt	5703	3149	6ed9c3bd2dd847918daf75d99cc98fe07e87752870cbc6ad80193df63c2ecec8	ALL_LETTER_SLOTS_RECONSTRUCTED	17	16	16	0	0	17	0	0	0	0	0	0	0
L1561753-R001	biblical_book	Lev	26	15		4Q249j	1606050	f1	2	1561753				books/DSS-Leviticus.txt	5632	3263	1696780-1696788	9	1	1ca118228ff6732aed4d5785815d16008f851a2d61ebdfbfd2fb9e5a96e43dd6	linguistics/books/DSS-Leviticus-Linguistics.txt	8852	4192	8de1400cb19dfdc4fc6eab4c31cdf72b4ceb85e96891c0050aaa3df76f20cbd8	PARTLY_RECONSTRUCTED	31	29	26	2	1	27	2	0	0	0	0	0	0
L1561754-R001	biblical_book	Lev	26	15		4Q249j	1606050	f1	3	1561754				books/DSS-Leviticus.txt	8895	2555	1696789-1696794	6	0	8f34f03f0695ae895a511553d7bebd2558ecd746caf53c753a787be1964f553a	linguistics/books/DSS-Leviticus-Linguistics.txt	13044	2871	ca971cbda46a4a710f9017f4f2f53d9d1891c6c0cbcac3e04b96ac9bd0973e5b	PARTLY_RECONSTRUCTED	23	18	15	1	2	20	1	0	1	0	0	0	0
L1561754-R002	biblical_book	Lev	26	16		4Q249j	1606050	f1	3	1561754				books/DSS-Leviticus.txt	11450	2146	1696795-1696798	4	1	92e8e07832f9abef268779ba894c9749edd7a572d120742afd25d665c960f607	linguistics/books/DSS-Leviticus-Linguistics.txt	15915	2034	ad79f854d28b6a221fbb5a183e7e0666022667ad37080512f4d9214a6f0f2152	PARTLY_RECONSTRUCTED	12	12	9	1	2	9	1	0	0	0	0	0	0
L1561755-R001	biblical_book	Lev	26	16		4Q249j	1606050	f1	4	1561755				books/DSS-Leviticus.txt	13596	3844	1696799-1696810	12	1	8d361e108ca7215c70487dfe7e98318b173972768f9ff42845686649fcf21732	linguistics/books/DSS-Leviticus-Linguistics.txt	17949	5309	5c6f5b19b5d71e8da8ffa31164addcafd06dc0fd15b355f2806cae48d28984fd	PARTLY_RECONSTRUCTED	36	34	27	6	1	29	6	0	0	0	0	0	0
L1561756-R001	biblical_book	Lev	26	16		4Q249j	1606050	f1	5	1561756				books/DSS-Leviticus.txt	17440	3589	1696811-1696822	12	1	07b329d039154bde239e5ae8838830f10cb1b0adb30dceeda31737f907b343f3	linguistics/books/DSS-Leviticus-Linguistics.txt	23258	5283	8249ec0384420875051a448c330dcd9c9c2bf6dbc640899785e4286dd7ad545f	PARTLY_RECONSTRUCTED	42	40	39	0	1	41	0	0	0	0	0	0	0
L1561757-R001	biblical_book	Lev	26	16		4Q249j	1606050	f1	6	1561757				books/DSS-Leviticus.txt	21029	1909	1696823-1696824	2	1	717e02ee223abc076aaa509854000debaa4494b4ccb018ae6fc77d60a0f8eda0	linguistics/books/DSS-Leviticus-Linguistics.txt	28541	1189	7182ce9dccbc0f9b11cc96763393f9c71980cb643eb0a7677f5bb9bc272a2d40	ALL_LETTER_SLOTS_RECONSTRUCTED	9	6	6	0	0	7	0	0	1	0	0	0	0
L1589674-R001	biblical_book	Lev	11	10		1Q3	1606608	f1	1	1589674				books/DSS-Leviticus.txt	22987	3099	1890583-1890591	9	1	2d9d6af187ced7443e009a85e16d6ad6c1fdf55eefaf953bb4cda9f8ed0465f8	linguistics/books/DSS-Leviticus-Linguistics.txt	29779	4072	037ed6ab20b065fa71966f7ed5bf4072577af61b72258699d0d8d7437913c50d	PARTLY_RECONSTRUCTED	25	22	9	2	11	11	2	1	1	0	0	0	0
L1589675-R001	biblical_book	Lev	11	10		1Q3	1606608	f1	2	1589675				books/DSS-Leviticus.txt	26086	4008	1890592-1890608	17	1	963320a92e9d4f5ef25f3c10118246984940f7fb2fad80139c230bb3e55b67be	linguistics/books/DSS-Leviticus-Linguistics.txt	33851	7073	41354ee326f9522ba60459e1018a1240682b48e76827bad707c9aebf6cf26a17	PARTLY_RECONSTRUCTED	37	36	24	2	10	25	2	0	1	0	0	0	0
L1589676-R001	biblical_book	Lev	11	10		1Q3	1606608	f1	3	1589676				books/DSS-Leviticus.txt	30094	2127	1890609-1890614	6	0	4cb9e286a9ea393cfaca05bc3a27cc5a526ec3536f508e18f0d845c1bce6e74e	linguistics/books/DSS-Leviticus-Linguistics.txt	40924	2704	e7fc053a7372745a4a52e3556411964e3752fdad63c29758888935288ed41527	ALL_LETTER_SLOTS_RECONSTRUCTED	15	12	12	0	0	15	0	0	1	0	0	0	0
L1589676-R002	biblical_book	Lev	11	11		1Q3	1606608	f1	3	1589676				books/DSS-Leviticus.txt	32221	3125	1890615-1890623	9	1	be25fa0b3d65949b6d755d91a6f0b5261e3e2428328d475e35b23a5ac6550605	linguistics/books/DSS-Leviticus-Linguistics.txt	43628	3932	bee353b1c187377477c49f71314078fffdf6fd19e705b2a1da12bbae440a7e63	PARTLY_RECONSTRUCTED	27	23	20	1	2	22	1	0	1	0	0	0	0
L1589677-R001	biblical_book	Lev	19	30		1Q3	1606608	f2	1	1589677				books/DSS-Leviticus.txt	35346	2338	1890624-1890629	6	0	ddd65d70cf77d9dc8266087e60ecc783ea832004308a7b29021019a5d4ac7b52	linguistics/books/DSS-Leviticus-Linguistics.txt	47560	2836	1d1ddc0c952e76b5eb3aa3328318d2732803837e5fc539559237e9c6b9d533de	PARTLY_RECONSTRUCTED	21	18	14	2	2	16	2	0	1	0	0	0	0
L1589677-R002	biblical_book	Lev	19	31		1Q3	1606608	f2	1	1589677				books/DSS-Leviticus.txt	37684	2146	1890630-1890634	5	1	ee2221885b8d7aeed8bcd0c8ba3635bce39c582b927c82d28f4a231c369741ab	linguistics/books/DSS-Leviticus-Linguistics.txt	50396	2326	867cdb178b1fd47d7935c995659ce5e6086c16f83e0fdf3a3c4b9170bc8477a8	ALL_LETTER_SLOTS_RECONSTRUCTED	12	12	12	0	0	12	0	0	0	0	0	0	0
L1589678-R001	biblical_book	Lev	19	31		1Q3	1606608	f2	2	1589678				books/DSS-Leviticus.txt	39830	3381	1890635-1890645	11	1	1cf2737204c95343014a490b42f6f5c6d9fd58995c6802c454fd05f1c0974c23	linguistics/books/DSS-Leviticus-Linguistics.txt	52722	4833	5d8152be0496d21d2043c240f60fe47bc56c6cfbe79a1df7dc7ff01f061442fc	PARTLY_RECONSTRUCTED	35	33	23	1	9	25	1	0	0	0	0	0	0
L1589679-R001	biblical_book	Lev	19	31		1Q3	1606608	f2	3	1589679				books/DSS-Leviticus.txt	43211	1544	1890646-1890647	2	0	e14885ce60365b9168e0af11644847fbc81f616aa0152ea8cc6cb1e371c9fb46	linguistics/books/DSS-Leviticus-Linguistics.txt	57555	1201	48eb13030ba06514c4adb2455f95603f698ae41aaa75c30ec2a38bf754f411c3	NO_LETTER_RECONSTRUCTION_MARKED	9	6	0	0	6	0	0	0	1	0	0	0	0
L1589679-R002	biblical_book	Lev	19	32		1Q3	1606608	f2	3	1589679				books/DSS-Leviticus.txt	44755	2956	1890648-1890657	10	1	83ddbe407a01f200717abc5f7067a85e537eb1e3ccfebd343ac29e30c4db37a3	linguistics/books/DSS-Leviticus-Linguistics.txt	58756	4432	d746f799250ba3d1df129c4c8ae2033af25d151f7364b91b4db6f1f90c8c47d4	PARTLY_RECONSTRUCTED	28	28	24	1	3	24	1	0	0	0	0	0	0
L1589680-R001	biblical_book	Lev	19	32		1Q3	1606608	f2	4	1589680				books/DSS-Leviticus.txt	47711	2008	1890658-1890662	5	0	c50d3ebb15d2b128f40f05f9b43e079641969fb530c5bd70b7445f74e6cea7df	linguistics/books/DSS-Leviticus-Linguistics.txt	63188	2402	b816ebbacc7d5612eb99916e7bb2876e575449b2e79b3ff8951705e76fd4950b	PARTLY_RECONSTRUCTED	16	13	1	0	12	3	0	0	1	0	0	0	0
L1589680-R002	biblical_book	Lev	19	33		1Q3	1606608	f2	4	1589680				books/DSS-Leviticus.txt	49719	3014	1890663-1890671	9	1	b8f317cd85cb3c437621c4d4af4e6acdf4a5fb74dca4408815e95116f2a1a0b9	linguistics/books/DSS-Leviticus-Linguistics.txt	65590	3975	9da450aa47c468f7ca1dd551bab80abab8a76cd2229b93a7f7f2b20915dd56fb	ALL_LETTER_SLOTS_RECONSTRUCTED	26	24	24	0	0	26	0	0	0	0	0	0	0
L1589681-R001	biblical_book	Lev	19	33		1Q3	1606608	f2	5	1589681				books/DSS-Leviticus.txt	52733	1514	1890672-1890673	2	0	5e4329d2b1f27578eb2ff32008c879ef9b3ae839ea4a5b41468732dfc168d8c5	linguistics/books/DSS-Leviticus-Linguistics.txt	69565	1129	3ab2395637f753b54b77fa91b9de684867cdab3d1eeb5249d1326def8c1488ca	PARTLY_RECONSTRUCTED	6	3	1	0	2	3	0	0	1	0	0	0	0
L1589681-R002	biblical_book	Lev	19	34		1Q3	1606608	f2	5	1589681				books/DSS-Leviticus.txt	54247	3518	1890674-1890685	12	1	53bd9137e218fc8d2c164d54c98a7c2469d4a2fd2bf5a2b2dfa3b32253fa7c84	linguistics/books/DSS-Leviticus-Linguistics.txt	70694	5116	7bf2589ea24b3a6709faa45a6d92ce72f3aec05fa30f0f5a29826c1d0c7d6b45	PARTLY_RECONSTRUCTED	33	30	22	0	8	24	0	0	0	0	0	0	0
L1589682-R001	biblical_book	Lev	19	34		1Q3	1606608	f2	6	1589682				books/DSS-Leviticus.txt	57765	2072	1890686-1890689	4	1	132b6d879a76c2cfd82818fe73bc4a65a4e8be6ace37498806411b643bbda897	linguistics/books/DSS-Leviticus-Linguistics.txt	75810	1823	5c12eefadef8f1259e78d3db889401292dd7da97c40594935a1736365279b121	NO_LETTER_RECONSTRUCTION_MARKED	7	1	0	1	0	4	1	2	3	0	0	0	0
L1589683-R001	biblical_book	Lev	20	20		1Q3	1606608	f3_4	1	1589683				books/DSS-Leviticus.txt	59837	2269	1890690-1890694	5	0	11047f46a5b3a144225272751c6f4e25a2364d5d49e41ad6183cc441e323abe8	linguistics/books/DSS-Leviticus-Linguistics.txt	77633	2470	d51b0888dc13301ae473f3c4ce653a8fe89a14b50ec7fc807bea8206072bf14b	PARTLY_RECONSTRUCTED	21	18	13	2	3	16	2	0	1	0	0	0	0
L1589683-R002	biblical_book	Lev	20	21		1Q3	1606608	f3_4	1	1589683				books/DSS-Leviticus.txt	62106	2152	1890695-1890699	5	1	8b22248c4019ab653a5c8e6e3c148253192d17494727d4200644ed9918a5aaf7	linguistics/books/DSS-Leviticus-Linguistics.txt	80103	2360	1cd04b988efb41aa0b579b394ecdc1bbf675b443d176509963fd9d762ce5ca06	ALL_LETTER_SLOTS_RECONSTRUCTED	12	12	12	0	0	12	0	0	0	0	0	0	0
L1589684-R001	biblical_book	Lev	20	21		1Q3	1606608	f3_4	2	1589684				books/DSS-Leviticus.txt	64258	3107	1890700-1890707	8	1	a4edb3b59fda29dbc9c04efec23982406276c86d6444ff8695dcda99e322df56	linguistics/books/DSS-Leviticus-Linguistics.txt	82463	3816	87ffe722b6eca30b0fcc14b777068a443da7810e8527c126d1ba64f682de70bd	PARTLY_RECONSTRUCTED	32	30	18	1	11	19	1	0	0	0	0	0	0
L1589685-R001	biblical_book	Lev	20	21		1Q3	1606608	f3_4	3	1589685				books/DSS-Leviticus.txt	67365	1435	1890708-1890709	2	0	1f97ceaa3157c0f4f68356e43ee4c0a3fa13ccf52977a059977b3bbf157fdec2	linguistics/books/DSS-Leviticus-Linguistics.txt	86279	1133	47f7464983ce8ed10566a8323bb77f7da8ca5ecaebefa5018bf3d7c38a0c71d2	ALL_LETTER_SLOTS_RECONSTRUCTED	6	4	4	0	0	6	0	0	1	0	0	0	0
L1589685-R002	biblical_book	Lev	20	22		1Q3	1606608	f3_4	3	1589685				books/DSS-Leviticus.txt	68800	3355	1890710-1890720	11	1	7ebd084e4d6313882d6dc27a710d6ea942d11cd8685cd317911ef52c483bc154	linguistics/books/DSS-Leviticus-Linguistics.txt	87412	4820	0eff200d27e6e73dcb99436d9ceea9028a39d9a26d314ce2d759e2bd0358853f	PARTLY_RECONSTRUCTED	32	30	15	1	14	16	1	0	0	0	0	0	0
L1589686-R001	biblical_book	Lev	20	22		1Q3	1606608	f3_4	4	1589686				books/DSS-Leviticus.txt	72155	3497	1890721-1890731	11	1	2a7076564e52268e8f5768ff7a3a344d9f9d7c5a5461b9e054354bd553db1096	linguistics/books/DSS-Leviticus-Linguistics.txt	92232	4824	8b83506d9a13412f0ea0e246cc2527d1e8d26f870650a1ca4fff46867e08a271	PARTLY_RECONSTRUCTED	35	32	17	1	14	19	1	0	0	0	0	0	0
L1589687-R001	biblical_book	Lev	20	22		1Q3	1606608	f3_4	5	1589687				books/DSS-Leviticus.txt	75652	2098	1890732-1890736	5	0	7297a1a35d5d0eab54fd25b2ec03eab9905e2b2f3204c67cac7e96c997f23572	linguistics/books/DSS-Leviticus-Linguistics.txt	97056	2296	a51f6f53ab82cd58d4759d267233099ab4cb50503b233d96179c79e1e098e86f	ALL_LETTER_SLOTS_RECONSTRUCTED	13	9	9	0	0	13	0	0	1	0	0	0	0
L1589687-R002	biblical_book	Lev	20	23		1Q3	1606608	f3_4	5	1589687				books/DSS-Leviticus.txt	77750	3139	1890737-1890746	10	1	1eb59c87278befee937c6ce54e1f4fbf45a8c6533c2b8da3dd7bd67338b2a439	linguistics/books/DSS-Leviticus-Linguistics.txt	99352	4427	11f6d276977e7b85850b6dc37e9661dd2a609d6b2164e9e40a02fa52ca24eb53	PARTLY_RECONSTRUCTED	28	22	11	2	9	12	6	0	2	0	0	3	0
L1589688-R001	biblical_book	Lev	20	23		1Q3	1606608	f3_4	6	1589688				books/DSS-Leviticus.txt	80889	3178	1890747-1890758	12	0	ffc3bdcaba4fb51056c3e4575b4f912c3658deffcc0b8990ddc838c8b834f148	linguistics/books/DSS-Leviticus-Linguistics.txt	103779	5174	018d359e7b694e1735a1861d0e989eebcc7bb9cdd3f1754032f533a98644cdf6	PARTLY_RECONSTRUCTED	32	28	22	0	6	26	0	0	1	0	0	0	0
L1589688-R002	biblical_book	Lev	20	24		1Q3	1606608	f3_4	6	1589688				books/DSS-Leviticus.txt	84067	1655	1890759-1890761	3	0	c01db9c1fa5dcccdc118ed831be318c772b694ebcf4d4f1fdc76f5dc18dc08bc	linguistics/books/DSS-Leviticus-Linguistics.txt	108953	1554	8b4b8da34a752ef033a4a5a96bcab57457d5f727683d7f555cc4dc8527114e1d	ALL_LETTER_SLOTS_RECONSTRUCTED	8	7	7	0	0	8	0	0	0	0	0	0	0
L1589689-R001	biblical_book	Lev	20	24		1Q3	1606608	f3_4	7	1589689				books/DSS-Leviticus.txt	85722	3911	1890762-1890773	12	1	6af1b758d0e14d3dead037e6cb564468c64e253e9a4398360e668b43b47804b5	linguistics/books/DSS-Leviticus-Linguistics.txt	110507	5329	652d3f5e42b754621286eab52898cd2062ddba22fa809b51f1966a5f6fdb7d36	PARTLY_RECONSTRUCTED	41	37	29	2	6	32	2	0	0	0	0	0	0
L1589690-R001	biblical_book	Lev	20	24		1Q3	1606608	f3_4	8	1589690				books/DSS-Leviticus.txt	89633	3971	1890774-1890787	14	1	0fd1fc174b4eaa5c23833d7723a44bf87e8c1e110b62ee86e302fd417fc3530d	linguistics/books/DSS-Leviticus-Linguistics.txt	115836	6083	848ccd1b70796d7b72e3ac04130d04a2306134be460c55deaeaf1d078466f886	PARTLY_RECONSTRUCTED	47	43	39	1	3	42	1	0	1	0	0	0	0
L1589691-R001	biblical_book	Lev	21	24		1Q3	1606608	f5_6	1	1589691				books/DSS-Leviticus.txt	93604	4345	1890788-1890801	14	3	de0162fa88eb3472f4eb73aca4222fffeb9956e67df1f9737f496cb123ed774e	linguistics/books/DSS-Leviticus-Linguistics.txt	121919	5995	4fd04ae80130a62a20f86838884d19ec0e4fbbc880ee585a910b03c3628f36bd	PARTLY_RECONSTRUCTED	37	34	26	1	7	27	1	0	1	0	0	0	0
L1589692-R001	biblical_book	Lev	22	1		1Q3	1606608	f5_6	2	1589692				books/DSS-Leviticus.txt	97949	2297	1890802-1890809	8	0	fef143127da71ee096d03ebf8a8f5a7c43aa429c52e85d8de13d1ed69ea764a5	linguistics/books/DSS-Leviticus-Linguistics.txt	127914	3490	40cac1c772a1eb61d763e689918ff4afa234dabe53b230b0302e13758059cfcd	ALL_LETTER_SLOTS_RECONSTRUCTED	20	18	18	0	0	20	0	0	1	0	0	0	0
L1589692-R002	biblical_book	Lev	22	2		1Q3	1606608	f5_6	2	1589692				books/DSS-Leviticus.txt	100246	2769	1890810-1890817	8	1	68bee9a05719dceab32b033f7f3821e94c3ff39d7acb86235e4cc00d0982f1d8	linguistics/books/DSS-Leviticus-Linguistics.txt	131404	3587	a1852342bf15b4a7b8bb3a42e7070a7bd4ff1f4a37d959008d31dfb67ba8baec	PARTLY_RECONSTRUCTED	23	22	17	1	4	17	1	0	0	0	0	0	0
L1589693-R001	biblical_book	Lev	22	2		1Q3	1606608	f5_6	3	1589693				books/DSS-Leviticus.txt	103015	3588	1890818-1890830	13	1	6c90c0d9b93e648fe7eb2a0b9c9c44728a11ada0475f357b44d980188b784d90	linguistics/books/DSS-Leviticus-Linguistics.txt	134991	5716	eeaf8cb9867db97e315b4497337d7e5260113b1b8c6bacc8bf3dd61538f2f8eb	PARTLY_RECONSTRUCTED	41	40	34	1	5	35	1	0	0	0	0	0	0
L1589694-R001	biblical_book	Lev	22	2		1Q3	1606608	f5_6	4	1589694				books/DSS-Leviticus.txt	106603	1853	1890831-1890834	4	0	fee5b8c4849828a76c22d5866622b539687a89210e51464656eec13c78f76a30	linguistics/books/DSS-Leviticus-Linguistics.txt	140707	1937	a6f1414f77909d1184983d59906d23b2befa90cba7749e0c3e83aad91049d7e2	ALL_LETTER_SLOTS_RECONSTRUCTED	12	9	9	0	0	12	0	0	1	0	0	0	0
L1589694-R002	biblical_book	Lev	22	3		1Q3	1606608	f5_6	4	1589694				books/DSS-Leviticus.txt	108456	3081	1890835-1890842	8	1	011c3d5e702c078175ee0f7258fc9f871ab9e6164ee3eb8cbe62b819c8366d63	linguistics/books/DSS-Leviticus-Linguistics.txt	142644	3661	f4fba3d7165ef2d0183cf8f31f0f2fbca8be49c007101235aa888cc5bad77d28	PARTLY_RECONSTRUCTED	29	26	16	2	8	18	2	0	1	0	0	0	0
L1589695-R001	biblical_book	Lev	22	3		1Q3	1606608	f5_6	5	1589695				books/DSS-Leviticus.txt	111537	3747	1890843-1890854	12	1	484b78220b299cc9e3dc8eddbb3995794d011780bbd82d26e050bf32385b96f5	linguistics/books/DSS-Leviticus-Linguistics.txt	146305	5324	612ea29cb165d9a78e39263fad518c99374683ca4f45465c6f8cee7cb00aa256	PARTLY_RECONSTRUCTED	39	38	28	4	6	29	4	0	0	0	0	0	0
L1589696-R001	biblical_book	Lev	22	3		1Q3	1606608	f5_6	6	1589696				books/DSS-Leviticus.txt	115284	3776	1890855-1890869	15	0	e1ceee563554dd86a120036bb4c29b03d8bfa2ce317be30c11ad75f48f3104f2	linguistics/books/DSS-Leviticus-Linguistics.txt	151629	6322	f0f2674896eeb2c9f323964e6699ef792ca1a63c0ee3c53bd7d42c292c94e157	PARTLY_RECONSTRUCTED	41	36	30	2	4	34	2	0	1	0	0	0	0
L1589696-R002	biblical_book	Lev	22	4		1Q3	1606608	f5_6	6	1589696				books/DSS-Leviticus.txt	119060	1726	1890870-1890871	2	1	c0d53e374b035f75162558c9d9607731c6f94096dd6419dc642e64edd5672727	linguistics/books/DSS-Leviticus-Linguistics.txt	157951	1190	4f0f37cc91752384011a549e0038bbacf372e77e8f14d26f1a52d0ed99b2cecc	ALL_LETTER_SLOTS_RECONSTRUCTED	6	6	6	0	0	6	0	0	0	0	0	0	0
L1589697-R001	biblical_book	Lev	22	4		1Q3	1606608	f5_6	7	1589697				books/DSS-Leviticus.txt	120786	3838	1890872-1890886	15	1	a2a50ab81a643fdd49bc257480d22d1f6cdb9abca6f4ea57f4270eab79db6da9	linguistics/books/DSS-Leviticus-Linguistics.txt	159141	6420	e329ed765beed464ec7552ca0dbbaea4b06e5fe106f5f89b34ab99e30f42460c	PARTLY_RECONSTRUCTED	41	41	35	2	4	35	2	0	0	0	0	0	0
L1589698-R001	biblical_book	Lev	22	4		1Q3	1606608	f5_6	8	1589698				books/DSS-Leviticus.txt	124624	3761	1890887-1890901	15	0	ea68c95bf50cf9bfc63079901317574f5231fc6299c8dfae3c35b2a3a16cace4	linguistics/books/DSS-Leviticus-Linguistics.txt	165561	6372	7989c1f681e90c929e21b418393205b6fdd61e015453efeeeebbfdd965f03db5	PARTLY_RECONSTRUCTED	39	36	26	4	6	29	4	0	1	0	0	0	0
L1589698-R002	biblical_book	Lev	22	5		1Q3	1606608	f5_6	8	1589698				books/DSS-Leviticus.txt	128385	1555	1890902	1	1	79331220a93d97c0ae9ce97cd175cdf33e14c71c8bf43aa27020f99b5bb11076	linguistics/books/DSS-Leviticus-Linguistics.txt	171933	767	1a22467833e1f5e798aff6830ec4121528d58d7a25c664dc9f57a2330005871e	ALL_LETTER_SLOTS_RECONSTRUCTED	2	2	2	0	0	2	0	0	0	0	0	0	0
L1589699-R001	biblical_book	Lev	22	5		1Q3	1606608	f5_6	9	1589699				books/DSS-Leviticus.txt	129940	3244	1890903-1890915	13	0	1e2db99d5b9a39ebe7a73ba4d1e1dbb21e8eb6057a48a36fb05e5f672882250e	linguistics/books/DSS-Leviticus-Linguistics.txt	172700	5612	d86e6cbcab7c2d1d4caa72cb890b4f86d186776cd06abef8643ad84594d8aae3	PARTLY_RECONSTRUCTED	34	33	25	1	7	26	1	0	0	0	0	0	0
L1589700-R001	biblical_book	Lev	22	5		1Q3	1606608	f5_6	10	1589700				books/DSS-Leviticus.txt	133184	2247	1890916-1890921	6	0	1a9a2432fe2f7bfb5639fbdd95594497f4d461752c9d164e9e0cc2871db55eb3	linguistics/books/DSS-Leviticus-Linguistics.txt	178312	2738	d310a88117d6f7a12fd60eeb816adb93d983ee08acbfec4eeae8ae70b2f301cb	PARTLY_RECONSTRUCTED	18	14	10	0	4	13	0	0	1	0	0	0	0
L1589700-R002	biblical_book	Lev	22	6		1Q3	1606608	f5_6	10	1589700				books/DSS-Leviticus.txt	135431	3178	1890922-1890932	11	1	533570a47a64631c3f544a2efdd11c49c1b17c9fde6a543ff6bfd997154d720f	linguistics/books/DSS-Leviticus-Linguistics.txt	181050	4672	48f7b0b818509e46b5edc12ecef3f2b5fd2ff9d70efbe16e1338650bc38b5a24	PARTLY_RECONSTRUCTED	26	23	20	0	3	21	0	0	1	0	0	0	0
L1589701-R001	biblical_book	Lev	23	4		1Q3	1606608	f7	1	1589701				books/DSS-Leviticus.txt	138609	2441	1890933-1890939	7	0	69c613ef7d9d62b48ef06278bb725ea208bdacecfbfae3b955e13de0aed85f99	linguistics/books/DSS-Leviticus-Linguistics.txt	185722	3220	24e04da34a6883df82042cae817a00c9a8842f01ae047abe92b3fc86e3222a9a	PARTLY_RECONSTRUCTED	25	21	18	0	3	21	0	0	1	0	0	0	0
L1589701-R002	biblical_book	Lev	23	5		1Q3	1606608	f7	1	1589701				books/DSS-Leviticus.txt	141050	1992	1890940-1890943	4	1	935a4153cce66ba5f93242f2610748c9e0973006dae28aa03cd2e5408e276b90	linguistics/books/DSS-Leviticus-Linguistics.txt	188942	1996	a1fe11637856b75ee82d9c09af7529fcc087ae19eef66182d5c673d45cbbeaa4	ALL_LETTER_SLOTS_RECONSTRUCTED	10	10	10	0	0	10	0	0	0	0	0	0	0
L1589702-R001	biblical_book	Lev	23	5		1Q3	1606608	f7	2	1589702				books/DSS-Leviticus.txt	143042	3247	1890944-1890955	12	1	e53056a27a27b73de36c32a1331da7abaaf53718233aae225f431b49b9b3b98a	linguistics/books/DSS-Leviticus-Linguistics.txt	190938	5207	c7f7cdb4b421635e01479650dff99653d78991ca1de1bcc4e986234a319fe1a0	PARTLY_RECONSTRUCTED	32	30	25	0	5	27	0	0	1	0	0	0	0
L1589703-R001	biblical_book	Lev	23	6		1Q3	1606608	f7	3	1589703				books/DSS-Leviticus.txt	146289	3717	1890956-1890970	15	1	57c9f1df0248140471d8d85522ab5a414cd92995b79b4252fc9e8dff593cc61c	linguistics/books/DSS-Leviticus-Linguistics.txt	196145	6332	d9f72f727a263419a63acc2e4fe9774c55d5866ee4b5abd6b82368428576e452	PARTLY_RECONSTRUCTED	35	35	28	2	5	28	2	0	0	0	0	0	0
L1589704-R001	biblical_book	Lev	23	6		1Q3	1606608	f7	4	1589704				books/DSS-Leviticus.txt	150006	1769	1890971-1890974	4	0	f0fd222665ed74f044e58ea86f4c02dc2cf3eafa9683032b0b12ebcbafc25653	linguistics/books/DSS-Leviticus-Linguistics.txt	202477	1997	ba7764d03e7c1dc7613d493b2fd518d1a48cf8457de176a71bd2487861de8efc	ALL_LETTER_SLOTS_RECONSTRUCTED	15	13	13	0	0	15	0	0	1	0	0	0	0
L1589704-R002	biblical_book	Lev	23	7		1Q3	1606608	f7	4	1589704				books/DSS-Leviticus.txt	151775	2989	1890975-1890982	8	1	a1cbb7d6b8d1b7adec2403bc4148735345edbb98a648f8897ccba2af2ac724c0	linguistics/books/DSS-Leviticus-Linguistics.txt	204474	3677	99d9754bb1c5576bfae3f3e5586e732b14e686d1a873ff12c05a8ee7956e61dc	PARTLY_RECONSTRUCTED	26	25	11	3	11	12	3	0	0	0	0	0	0
L1589705-R001	biblical_book	Lev	23	7		1Q3	1606608	f7	5	1589705				books/DSS-Leviticus.txt	154764	2145	1890983-1890988	6	0	355d52151c333ebcbf2f3d07aab6b362678c5cfdaa37ff89ec0ffb3d2525739f	linguistics/books/DSS-Leviticus-Linguistics.txt	208151	2831	1e10cef49d97c75ac88ecc41e7f5b86876da0b25208ab35b3d4e6a2aaef698c0	PARTLY_RECONSTRUCTED	19	17	14	1	2	14	1	0	1	0	0	0	0
L1589705-R002	biblical_book	Lev	23	8		1Q3	1606608	f7	5	1589705				books/DSS-Leviticus.txt	156909	2412	1890989-1890994	6	1	101d29b685e7c01d858257a17ba54e48b2b0d32787115b191828b4b84fe6b4b3	linguistics/books/DSS-Leviticus-Linguistics.txt	210982	2812	db0320033b6c01e9ea48aae7f030cd8944ba94dfda1fe7f0767d2be27124dfa0	PARTLY_RECONSTRUCTED	19	19	6	1	12	6	1	0	0	0	0	0	0
L1589706-R001	biblical_book	Lev	23	8		1Q3	1606608	f7	6	1589706				books/DSS-Leviticus.txt	159321	3570	1890995-1891006	12	1	ddf5ef44d403e3262ea0f7b4cdcacb7421f9fe2bbc46619eba14a5f4fdebc8cc	linguistics/books/DSS-Leviticus-Linguistics.txt	213794	5304	cf3bd2c88cea24dc8052fbba3db2851520277e4ea66741b8745eeb9572252ebd	PARTLY_RECONSTRUCTED	36	32	23	2	7	25	2	1	2	0	0	0	0
L1592556-R001	biblical_book	Lev	11	22		2Q5	1606626	f1	1	1592556				books/DSS-Leviticus.txt	162940	3213	1931236-1931245	10	1	dd7502bf886816e4250cfc8ce2b641ad5e1df57c8efe342f827a16aa032ad94e	linguistics/books/DSS-Leviticus-Linguistics.txt	219147	4374	1f599d82fe09dfa46744a8bfbd4d6da3a9d6d781c4617faf8286a862ce4189a7	PARTLY_RECONSTRUCTED	29	25	22	0	3	25	0	1	1	0	0	0	0
L1592557-R001	biblical_book	Lev	11	22		2Q5	1606626	f1	2	1592557				books/DSS-Leviticus.txt	166153	4553	1931246-1931264	19	1	45647c40ed77c451929f1f5787c9a568e0668decfc86cf6b2bfcb3afab1bb47d	linguistics/books/DSS-Leviticus-Linguistics.txt	223521	7820	2d2eee0f98b848a79c8c6bb6ba4a5ba22bc158121971fcc434dd1a9f6c98508c	PARTLY_RECONSTRUCTED	46	41	38	0	3	40	0	0	1	0	0	0	0
L1592558-R001	biblical_book	Lev	11	23		2Q5	1606626	f1	3	1592558				books/DSS-Leviticus.txt	170706	3312	1931265-1931277	13	0	a9e43ad580ef875762a9f8a8760150ad88a8001947a6bdb73eb20e4a3159f8cb	linguistics/books/DSS-Leviticus-Linguistics.txt	231341	5597	93031e8881a4b29218ae962c234b7d6c0a78e99b640b7458de5195be4b4a69d9	ALL_LETTER_SLOTS_RECONSTRUCTED	37	33	33	0	0	37	0	0	1	0	0	0	0
L1592558-R002	biblical_book	Lev	11	24		2Q5	1606626	f1	3	1592558				books/DSS-Leviticus.txt	174018	1961	1931278-1931281	4	1	7bb39f175c1ee21f78241f1441154ed8c39380365c592db73507dce056e3db92	linguistics/books/DSS-Leviticus-Linguistics.txt	236938	1963	ae9ed50eef9b42aec26d832d4ce365722f90926a9fe3983e393b094be9ee32dd	PARTLY_RECONSTRUCTED	10	10	1	0	9	1	0	0	0	0	0	0	0
L1592559-R001	biblical_book	Lev	11	24		2Q5	1606626	f1	4	1592559				books/DSS-Leviticus.txt	175979	2712	1931282-1931291	10	0	41458c1fad312fb08dc0d956b1d1810bffef214e4105913886a7c675006bb053	linguistics/books/DSS-Leviticus-Linguistics.txt	238901	4318	2f6435fa1dde9602a2e96d1c149e0a4beeedc292bba029054de7b0026c133078	ALL_LETTER_SLOTS_RECONSTRUCTED	26	23	23	0	0	26	0	0	1	0	0	0	0
L1592559-R002	biblical_book	Lev	11	25		2Q5	1606626	f1	4	1592559				books/DSS-Leviticus.txt	178691	2825	1931292-1931299	8	1	94a500d0e09adfedc70d2804967c6a8ec4ddecd8a95f3ab56b9e064675b32b1b	linguistics/books/DSS-Leviticus-Linguistics.txt	243219	3631	97d66561c06c104b6df07d066f19a8112188199a5b0df7bfa5e0a100bf5c1b0c	PARTLY_RECONSTRUCTED	25	23	14	0	9	15	0	0	0	0	0	0	0
L1592560-R001	biblical_book	Lev	11	25		2Q5	1606626	f1	5	1592560				books/DSS-Leviticus.txt	181516	2524	1931300-1931309	10	0	eb3f31ae8bc039c21f128f8d6bbfe4058ea0018f09e2b1a86d9ca0563b9a0dc5	linguistics/books/DSS-Leviticus-Linguistics.txt	246850	4234	c48479093a0cfb90d1e2eb707f98a662b4cc767aa5e5ea39dcb8015e8d24d637	ALL_LETTER_SLOTS_RECONSTRUCTED	20	18	18	0	0	20	0	0	1	0	0	0	0
L1592560-R002	biblical_book	Lev	11	26		2Q5	1606626	f1	5	1592560				books/DSS-Leviticus.txt	184040	2933	1931310-1931319	10	1	c693698163c4faff121c2d1add0ef54b23b7d87311d07a63f27f0d3605e0c0f2	linguistics/books/DSS-Leviticus-Linguistics.txt	251084	4445	21be596f8e161e1cd00ad693c4b3ee9fe1fd0263e3517f64687319771a202886	PARTLY_RECONSTRUCTED	29	29	16	0	13	16	0	0	0	0	0	0	0
L1592561-R001	biblical_book	Lev	11	26		2Q5	1606626	f1	6	1592561				books/DSS-Leviticus.txt	186973	3764	1931320-1931332	13	1	9936156326f5db056f29aa86216b695a6a762c406ade6b872afbeb5a6f043a2f	linguistics/books/DSS-Leviticus-Linguistics.txt	255529	5710	b9ff78d38da7e7f892d597cc2fb6aff146f385d67013003b5b25dde6b6d68176	PARTLY_RECONSTRUCTED	44	41	33	0	8	35	0	0	0	0	0	0	0
L1592562-R001	biblical_book	Lev	11	26		2Q5	1606626	f1	7	1592562				books/DSS-Leviticus.txt	190737	1431	1931333-1931334	2	0	ca9e8a2ec195df3041ea93d05a2945a6aa387ba543928b54eb525dfcf5a72342	linguistics/books/DSS-Leviticus-Linguistics.txt	261239	1133	0728f898cad3518f54a2cad8cbb7dcd2a5d96c3ba23819e028eee82b61756889	ALL_LETTER_SLOTS_RECONSTRUCTED	6	4	4	0	0	6	0	0	1	0	0	0	0
L1592562-R002	biblical_book	Lev	11	27		2Q5	1606626	f1	7	1592562				books/DSS-Leviticus.txt	192168	3764	1931335-1931349	15	1	27cada45146327656c9513c91cf4675a96da575e93a8f3314789956b9c440fb6	linguistics/books/DSS-Leviticus-Linguistics.txt	262372	6374	41748450abb0399c7ae271d215c171f0d41db5bba746d1b283a1af7b60b8c6ff	PARTLY_RECONSTRUCTED	39	38	32	0	6	33	0	0	0	0	0	0	0
L1592563-R001	biblical_book	Lev	11	27		2Q5	1606626	f1	8	1592563				books/DSS-Leviticus.txt	195932	2994	1931350-1931360	11	0	fcea41c9e8e8b4f17d9a93ccd2602a4218e8df32cc0fce0b4d9c96a47d7eb4d2	linguistics/books/DSS-Leviticus-Linguistics.txt	268746	4709	5f2e7fcd7f7a4a3a703abfd212fe90f117678e9fe96dcdc0aff217b1b8907105	ALL_LETTER_SLOTS_RECONSTRUCTED	30	26	26	0	0	30	0	0	1	0	0	0	0
L1592563-R002	biblical_book	Lev	11	28		2Q5	1606626	f1	8	1592563				books/DSS-Leviticus.txt	198926	2826	1931361-1931367	7	1	0718ce368a80da9b0dbde0b59a2fa726213c44e00b648a5adf1451b9d181d8de	linguistics/books/DSS-Leviticus-Linguistics.txt	273455	3260	cbc9e6e28bfbde24dd9d03908e7f3c4acc5e6aaa654a7f3f8f92da66ecb145af	PARTLY_RECONSTRUCTED	25	22	16	0	6	18	0	0	1	0	0	0	0
L1592564-R001	biblical_book	Lev	11	28		2Q5	1606626	f1	9	1592564				books/DSS-Leviticus.txt	201752	2577	1931368-1931376	9	0	894fcba906b5d69deb1124d0d71d1b19e7c84c71f2d1ab90591820c1721ed70c	linguistics/books/DSS-Leviticus-Linguistics.txt	276715	3887	74d60a1c95853f273701802968fd6df141795c944c81087fa864a3bf58521a15	ALL_LETTER_SLOTS_RECONSTRUCTED	24	21	21	0	0	24	0	0	1	0	0	0	0
L1592564-R002	biblical_book	Lev	11	29		2Q5	1606626	f1	9	1592564				books/DSS-Leviticus.txt	204329	3441	1931377-1931389	13	1	d10e2f936e9f215c5e65250019ef4c0c25bda7e173e97e7f3c811c0b3e6bce9d	linguistics/books/DSS-Leviticus-Linguistics.txt	280602	5404	ec47455d31befb7184d640e21349ed111ecfb018af40e7a08e0d232cd4c2f805	PARTLY_RECONSTRUCTED	28	25	24	1	0	25	1	0	1	0	0	0	0
L1593996-R001	biblical_book	Lev	1	12		4Q17	1606662	f3	1	1593996				books/DSS-Leviticus.txt	207820	1593	1951847-1951849	3	0	0126124f1a46b3d7aee602dd40ce17ba1fe2a175f642f35a38f1f2c6c37f733d	linguistics/books/DSS-Leviticus-Linguistics.txt	286056	1464	90b01df9fac7bc32d67c2e221e376b5ae0547ef24e1b78ca96842bb1e10f0a0c	NO_LETTER_SLOTS	6	0	0	0	0	4	1	1	3	0	0	0	0
L1593996-R002	biblical_book	Lev	1	13		4Q17	1606662	f3	1	1593996				books/DSS-Leviticus.txt	209413	2683	1951850-1951858	9	1	aa7305f0a45556c78b8a1b14783b2018ac4159398b7dc27a0f08061908bac63c	linguistics/books/DSS-Leviticus-Linguistics.txt	287520	3912	75d165ee45d08d5b4bc7e6562db9da59d346e0cf7db20a058f97b9c31175c5b7	ALL_LETTER_SLOTS_RECONSTRUCTED	20	20	20	0	0	20	0	0	0	0	0	0	0
L1593997-R001	biblical_book	Lev	1	13		4Q17	1606662	f3	2	1593997				books/DSS-Leviticus.txt	212096	3593	1951859-1951872	14	1	b72223f32321bad7458d4e61cdb6ee461664472e1196168ce6454138dacc5e63	linguistics/books/DSS-Leviticus-Linguistics.txt	291432	5985	5f6ada486a6016c3b8675095dfb7783e53075ed2100259543c166e8dc8cc7b10	ALL_LETTER_SLOTS_RECONSTRUCTED	37	36	36	0	0	37	0	0	0	0	0	0	0
L1593998-R001	biblical_book	Lev	1	13		4Q17	1606662	f3	3	1593998				books/DSS-Leviticus.txt	215689	1907	1951873-1951877	5	0	67d950206503145a85ad5b1b1b466bcd42a6359da6c224aa3346a28dae7f7aa8	linguistics/books/DSS-Leviticus-Linguistics.txt	297417	2371	201955c50da124e9db97f41ed68d519c1843dc7b721f22414ac8256ebc31798e	PARTLY_RECONSTRUCTED	14	12	10	0	2	12	0	0	1	0	0	0	0
L1593998-R002	biblical_book	Lev	1	14		4Q17	1606662	f3	3	1593998				books/DSS-Leviticus.txt	217596	2850	1951878-1951886	9	1	e442a020859de9ac2b8e622a6efca8e6794d231d5d28af4c690c09e9db0f51ac	linguistics/books/DSS-Leviticus-Linguistics.txt	299788	3952	48d024f5ba200f20e0c7ab9e3cacd7d95bdc23f3763aa1fe577838ef5f201937	ALL_LETTER_SLOTS_RECONSTRUCTED	23	22	22	0	0	23	0	0	0	0	0	0	0
L1593999-R001	biblical_book	Lev	1	14		4Q17	1606662	f3	4	1593999				books/DSS-Leviticus.txt	220446	3265	1951887-1951899	13	0	1aac5226476aa87b8410eeced61df8b16a91128c64e1a65aeedfd1544d402eac	linguistics/books/DSS-Leviticus-Linguistics.txt	303740	5543	99420ff12de066fc5fe362cc9acb71a5c098ac29006a899a932e21b91672c85f	PARTLY_RECONSTRUCTED	35	32	29	1	2	32	1	0	1	0	0	0	0
L1593999-R002	biblical_book	Lev	1	15		4Q17	1606662	f3	4	1593999				books/DSS-Leviticus.txt	223711	2134	1951900-1951903	4	1	40c984261a430bd46d51a44d7acb117953e958cdd46cb985a933c1b597fe040d	linguistics/books/DSS-Leviticus-Linguistics.txt	309283	1968	503dadd0c10af0ca2750804103036aa6ca8a6769b59a3abe29d2bfd572c4e18d	ALL_LETTER_SLOTS_RECONSTRUCTED	12	11	11	0	0	12	0	0	0	0	0	0	0
L1594000-R001	biblical_book	Lev	1	15		4Q17	1606662	f3	5	1594000				books/DSS-Leviticus.txt	225845	3897	1951904-1951917	14	1	56a34b66ce291e8e4677a3a6aab9299ec8544a24c9dde9c1b7fb3850a486b83c	linguistics/books/DSS-Leviticus-Linguistics.txt	311251	6014	ed42991316688127e4ccf644d0a5ba8ba2bec38fe347c9a00f672853ddac7372	PARTLY_RECONSTRUCTED	40	37	33	1	3	36	1	0	0	0	0	0	0
L1594001-R001	biblical_book	Lev	1	15		4Q17	1606662	f3	6	1594001				books/DSS-Leviticus.txt	229742	2180	1951918-1951922	5	1	007d005d002988d6981225c9226cdf78536c0efbf79be5e7557d8d62e97e03e1	linguistics/books/DSS-Leviticus-Linguistics.txt	317265	2352	3517b7eeb99a9f2a3bfbeba61acfb6fa509df415f700458959f132153c2f3bb5	ALL_LETTER_SLOTS_RECONSTRUCTED	12	10	10	0	0	12	0	0	1	0	0	0	0
L1594002-R001	biblical_book	Lev	1	17		4Q17	1606662	f4	1	1594002				books/DSS-Leviticus.txt	231922	3772	1951923-1951936	14	1	983599ccc8a108019bb8242bf097634312bd08613604aa8e258880e0b03546ac	linguistics/books/DSS-Leviticus-Linguistics.txt	319617	6091	a55806ceb024d3d776dba28f89ad6d3be45c3040037d81cf89163bcdf779f581	PARTLY_RECONSTRUCTED	38	37	33	1	3	34	1	0	0	0	0	0	0
L1594003-R001	biblical_book	Lev	1	17		4Q17	1606662	f4	2	1594003				books/DSS-Leviticus.txt	235694	2508	1951937-1951939	3	3	76b788b951cf739b99214d03c3234c9ccef45048284e4968f3ba2bf058ed3e9a	linguistics/books/DSS-Leviticus-Linguistics.txt	325708	1502	b8a4ab0ba7dfa4427cd00b14dad0053561c704ec1392ae4fa8cfa5b7f85b6c30	ALL_LETTER_SLOTS_RECONSTRUCTED	7	5	5	0	0	7	0	0	1	0	0	0	0
L1594004-R001	biblical_book	Lev	2	1		4Q17	1606662	f4	3	1594004				books/DSS-Leviticus.txt	238202	3684	1951940-1951952	13	1	82cf5fb6675aa67cb389361e4c2df818257fc82a2cf85765a8a02652e8307563	linguistics/books/DSS-Leviticus-Linguistics.txt	327210	5745	011f18d4f9d56982730ceb327234d4c99f577ca2efe99ff2d027427afd5fa0ec	PARTLY_RECONSTRUCTED	43	41	33	0	8	34	0	0	0	0	0	0	0
L1594005-R001	biblical_book	Lev	2	1		4Q17	1606662	f4	4	1594005				books/DSS-Leviticus.txt	241886	3204	1951953-1951961	9	1	2440bb6c08ef7d5bb19a1d9fcdcdc5e91790077bd22e8ecdaaa7b5d7e48740aa	linguistics/books/DSS-Leviticus-Linguistics.txt	332955	4042	79a36d3205bcdbcdade82ab0c12bc635bfc2b609e655387278f8460fc04eb7f4	PARTLY_RECONSTRUCTED	31	27	21	1	5	25	1	0	1	0	0	0	0
L1594723-R001	biblical_book	Lev	13	32		4Q23	1606668	f1	1	1594723				books/DSS-Leviticus.txt	245140	4601	1961590-1961610	21	1	98c7e7cc84da335e25e64e0fbf5ec225ac266085c8cd21c80a7ce1ea34b37ed0	linguistics/books/DSS-Leviticus-Linguistics.txt	337047	8733	4e3f078b8cdd5a647c09be4fb897b2df4311f3f7dd2a10ed24fc5a773b4f94cd	PARTLY_RECONSTRUCTED	48	47	46	1	0	47	1	0	0	0	0	0	0
L1594724-R001	biblical_book	Lev	13	32		4Q23	1606668	f1	2	1594724				books/DSS-Leviticus.txt	249741	2590	1961611-1961620	10	0	161f7d16a86b782fdb769bfd04cff3b253c8263d817218696fff20147e0c8fdd	linguistics/books/DSS-Leviticus-Linguistics.txt	345780	4317	183b288294c3a2053b13ac0049d7525e5034bcb768e9bb70070a70e0bdff6032	PARTLY_RECONSTRUCTED	23	21	17	0	4	19	0	0	1	0	0	0	0
L1594724-R002	biblical_book	Lev	13	33		4Q23	1606668	f1	2	1594724				books/DSS-Leviticus.txt	252331	3145	1961621-1961632	12	1	14ae838dd4543eb434348f3fb402c835c36da1adf3853985721b0d26a855667c	linguistics/books/DSS-Leviticus-Linguistics.txt	350097	5088	60b34b3ca7f38dd8da27df719c8676e19bcdbf42c60de166e50d16cc2d564c77	ALL_LETTER_SLOTS_RECONSTRUCTED	29	29	29	0	0	29	0	0	0	0	0	0	0
L1594725-R001	biblical_book	Lev	13	33		4Q23	1606668	f1	3	1594725				books/DSS-Leviticus.txt	255476	2607	1961633-1961639	7	1	43ffbab499abd00f09a02fde8361caa8733368952650b8a339b044c292f32598	linguistics/books/DSS-Leviticus-Linguistics.txt	355185	3193	cc531c4b8a267f94d3c86d124a154aa3079b070cd324fc5543eabd7bc8b9df81	PARTLY_RECONSTRUCTED	20	18	13	2	3	15	2	0	1	0	0	0	0
L1594726-R001	biblical_book	Lev	14	22		4Q23	1606668	f2_3	1	1594726				books/DSS-Leviticus.txt	258083	4923	1961640-1961658	19	1	7aab02c640d2d1f70ad506d444aa14caeec1a2bbf10571d7061e21a53613f5b0	linguistics/books/DSS-Leviticus-Linguistics.txt	358378	8185	de5a2051435e8e41fb249becebacce52194dc87f8637d22ffb3118dee4f79df1	PARTLY_RECONSTRUCTED	52	49	35	11	3	38	11	0	1	0	0	0	0
L1594727-R001	biblical_book	Lev	14	23		4Q23	1606668	f2_3	2	1594727				books/DSS-Leviticus.txt	263006	4814	1961659-1961678	20	1	a88e39e53603111d63fab61388ae7e1cb5ddfe98bede8ca4a1472726aae2f22c	linguistics/books/DSS-Leviticus-Linguistics.txt	366563	8459	79245cdacca9fa5daef543188c6b894f0e36e3d083e9eabbc82b7f65d775d24b	PARTLY_RECONSTRUCTED	54	50	41	4	5	44	4	0	1	0	0	0	0
L1594728-R001	biblical_book	Lev	14	25		4Q23	1606668	f2_3	3	1594728				books/DSS-Leviticus.txt	267820	4565	1961679-1961699	21	1	63be786e0d697c0bd8441d6577e297814a552a7e0faace29735a8ec4fda71900	linguistics/books/DSS-Leviticus-Linguistics.txt	375022	8731	3155438fbf51545e0cf2d56b65bab396faaa3305236acde31ba3712eb976cba0	PARTLY_RECONSTRUCTED	46	46	32	4	10	32	4	0	0	0	0	0	0
L1594729-R001	biblical_book	Lev	14	25		4Q23	1606668	f2_3	4	1594729				books/DSS-Leviticus.txt	272385	3580	1961700-1961714	15	0	ee7e38c9c100a3d914c97f7f60355222decc870972ef09048a2502795353b8e6	linguistics/books/DSS-Leviticus-Linguistics.txt	383753	6429	fc43acb1ca1eab4c649954c2d5a691a149de00b07f216af77e721605b44edb93	PARTLY_RECONSTRUCTED	41	37	17	2	18	19	2	0	1	0	0	0	0
L1594729-R002	biblical_book	Lev	14	26		4Q23	1606668	f2_3	4	1594729				books/DSS-Leviticus.txt	275965	2403	1961715-1961721	7	1	319336558b4eed4fc63b042206b3370d646e156e36c26fd690bc72bceba9e61a	linguistics/books/DSS-Leviticus-Linguistics.txt	390182	3110	ff1b0db1afedfd59929aa7dbfedeb2562534fee9778625a1af9067af2f07cd81	ALL_LETTER_SLOTS_RECONSTRUCTED	14	14	14	0	0	14	0	0	0	0	0	0	0
L1594730-R001	biblical_book	Lev	14	26		4Q23	1606668	f2_3	5	1594730				books/DSS-Leviticus.txt	278368	2176	1961722-1961728	7	0	b2a62630ce04b10fd320af5122e2579a49aa8249258a415114f8270edc341c92	linguistics/books/DSS-Leviticus-Linguistics.txt	393292	3147	85c5ecc716903031a98767bbcce992f15b9ee439b75e2eb7c4c7eea2c5c83cc5	PARTLY_RECONSTRUCTED	17	15	12	0	3	12	0	0	1	0	0	0	0
L1594730-R002	biblical_book	Lev	14	27		4Q23	1606668	f2_3	5	1594730				books/DSS-Leviticus.txt	280544	4002	1961729-1961742	14	1	f6d24fee4a0542e8869be8e6ae1e53456394d16ec8f9de744015581924603e4b	linguistics/books/DSS-Leviticus-Linguistics.txt	396439	6054	6b0daab55b114d42767c9130b7eb97323c702d3f760b9a40f61a5a4682c77957	PARTLY_RECONSTRUCTED	36	34	24	8	2	25	8	0	0	0	0	0	0
L1594731-R001	biblical_book	Lev	14	27		4Q23	1606668	f2_3	6	1594731				books/DSS-Leviticus.txt	284546	2470	1961743-1961750	8	0	c5168dd46929196cb2f1037b6de115620d4d228ea51a69ecf59852528921ea63	linguistics/books/DSS-Leviticus-Linguistics.txt	402493	3671	3c4d1f3aef06005e5ac0c1743a13e258b590fbfd3740eecc0ecf1523a70be354	PARTLY_RECONSTRUCTED	25	23	16	2	5	18	2	0	1	0	0	0	0
L1594731-R002	biblical_book	Lev	14	28		4Q23	1606668	f2_3	6	1594731				books/DSS-Leviticus.txt	287016	3125	1961751-1961761	11	1	be63a0bbfe21debde53b1d505e258ba9d1eb0c989486e189d79ba12d82d39905	linguistics/books/DSS-Leviticus-Linguistics.txt	406164	4721	ad00a5dba87bc092bb63d29e4914a9b113b55a16a3aecfc404844afb4ecb0917	ALL_LETTER_SLOTS_RECONSTRUCTED	25	24	24	0	0	25	0	0	0	0	0	0	0
L1594732-R001	biblical_book	Lev	14	28		4Q23	1606668	f2_3	7	1594732				books/DSS-Leviticus.txt	290141	4002	1961762-1961779	18	0	2addc1f0bc09205756c2fa1b4d493a048ce8b8407d39deae55504a4e15d13575	linguistics/books/DSS-Leviticus-Linguistics.txt	410885	7662	e7b6bd3aa17dd61df002be5bbdf639874c42f2e3686a8082e40c63539353c528	PARTLY_RECONSTRUCTED	49	46	41	1	4	44	1	0	1	0	0	0	0
L1594732-R002	biblical_book	Lev	14	29		4Q23	1606668	f2_3	7	1594732				books/DSS-Leviticus.txt	294143	1836	1961780-1961782	3	1	9a4a5a1fceae2236fa57fc1724ad4f34c74f7bd0b0412a01ff813ec685506afc	linguistics/books/DSS-Leviticus-Linguistics.txt	418547	1531	4c1fcaae80cd7b5b55e5b036291559d6d3ff773bc38b23f99ceafb8e7e8864c5	ALL_LETTER_SLOTS_RECONSTRUCTED	6	6	6	0	0	6	0	0	0	0	0	0	0
L1594733-R001	biblical_book	Lev	14	29		4Q23	1606668	f2_3	8	1594733				books/DSS-Leviticus.txt	295979	4651	1961783-1961802	20	1	447573386045184e3b9aed0e8411a4eda55f07869cade380e6d4fa7f826b5534	linguistics/books/DSS-Leviticus-Linguistics.txt	420078	8293	06d4cfdc0d18fcc6d31a594e5fd32910ba9e20d8325414ba9d28de563a2609d8	PARTLY_RECONSTRUCTED	49	46	40	3	3	43	3	0	1	0	0	0	0
L1594734-R001	biblical_book	Lev	14	30		4Q23	1606668	f2_3	9	1594734				books/DSS-Leviticus.txt	300630	3941	1961803-1961820	18	0	2357af7ecc81f22f0f83523e9c710abfe6becb53ad1590ce9ac25a24e3d58a74	linguistics/books/DSS-Leviticus-Linguistics.txt	428371	7489	b43963fc8cff1a0607051e57ca41c076b91ee32009565feec0450976b5de7b4b	PARTLY_RECONSTRUCTED	43	40	36	1	3	39	1	0	1	0	0	0	0
L1594734-R002	biblical_book	Lev	14	31		4Q23	1606668	f2_3	9	1594734				books/DSS-Leviticus.txt	304571	1884	1961821-1961823	3	1	cc0e1428ba7e71989c2730be1f1f506df68abf38c9853b8e9515a98e5c428813	linguistics/books/DSS-Leviticus-Linguistics.txt	435860	1608	59f9dbabcbd7c969465069ed8c352d581f3fc9c00b8e3e857cbb2b86db77e104	ALL_LETTER_SLOTS_RECONSTRUCTED	9	9	9	0	0	9	0	0	0	0	0	0	0
L1594735-R001	biblical_book	Lev	14	31		4Q23	1606668	f2_3	10	1594735				books/DSS-Leviticus.txt	306455	4920	1961824-1961845	22	1	ba6f12a0b61f007d336382430890d6f58be4e97f185ce37ab4e62e656fda6739	linguistics/books/DSS-Leviticus-Linguistics.txt	437468	9154	05127835f3f6936a2ab8db66ad568b35c52230916e6b30f42e2352bbeceb356a	PARTLY_RECONSTRUCTED	50	49	36	5	8	37	5	0	0	0	0	0	0
L1594736-R001	biblical_book	Lev	14	31		4Q23	1606668	f2_3	11	1594736				books/DSS-Leviticus.txt	311375	1439	1961846-1961847	2	0	ee495c0c4b05ea11f43af240268821973efbf66fda3f1bdba1928063f2abfe00	linguistics/books/DSS-Leviticus-Linguistics.txt	446622	1146	e495045a45df3d2f6b87966255e35b113a6e0e4e2005ebd13892f0e9f1bca6f2	ALL_LETTER_SLOTS_RECONSTRUCTED	6	4	4	0	0	6	0	0	1	0	0	0	0
L1594736-R002	biblical_book	Lev	14	32		4Q23	1606668	f2_3	11	1594736				books/DSS-Leviticus.txt	312814	3849	1961848-1961860	13	1	95441163dde3f4073bad2ec234a061289096dd67adc7538fbe4f6a5a841c88f9	linguistics/books/DSS-Leviticus-Linguistics.txt	447768	5738	817bea4b23c6d97678fd33f35d600ddcca991e1e3107c42646106bf549d73d1b	PARTLY_RECONSTRUCTED	42	37	26	2	9	30	2	0	1	0	0	0	0
L1594737-R001	biblical_book	Lev	14	33		4Q23	1606668	f2_3	12	1594737				books/DSS-Leviticus.txt	316663	2734	1961861-1961871	11	0	450fb803ce57228ef4d465a53dde6d7b8e51ddce409a56f26c9fb7368e0c23a8	linguistics/books/DSS-Leviticus-Linguistics.txt	453506	4732	dca6ed1bfab2b5efe6b1281188b2009369bafd70746ee462291b806490bddbf0	PARTLY_RECONSTRUCTED	27	25	22	3	0	22	3	0	1	0	0	0	0
L1594737-R002	biblical_book	Lev	14	34		4Q23	1606668	f2_3	12	1594737				books/DSS-Leviticus.txt	319397	2916	1961872-1961880	9	1	24511405fcbac159b193d31ffc12948afce7eb4b4172851e6e8e9b5c420feca8	linguistics/books/DSS-Leviticus-Linguistics.txt	458238	4059	1e1ed819ce16bdf286329afbe298ef9fd00fb3de17b9a26f522817430dbcdc51	PARTLY_RECONSTRUCTED	26	24	20	1	3	20	1	0	1	0	0	0	0
L1594738-R001	biblical_book	Lev	14	40		4Q23	1606668	f4	1	1594738				books/DSS-Leviticus.txt	322313	2883	1961881-1961890	10	0	4d135dd8ac1c640416ac2b212bc488dc79b8fa663643d536030bf9bcee007d8b	linguistics/books/DSS-Leviticus-Linguistics.txt	462297	4354	2e88c73110cd7cb7779ae3fedc836c8f0f975472795c3135c9da72afa981c54e	PARTLY_RECONSTRUCTED	26	23	19	4	0	22	4	0	1	0	0	0	0
L1594738-R002	biblical_book	Lev	14	41		4Q23	1606668	f4	1	1594738				books/DSS-Leviticus.txt	325196	2858	1961891-1961900	10	1	e0cdbb0ff6d75e2f09928fa4f202b53c99c428c32e9573846abbc75d7f951990	linguistics/books/DSS-Leviticus-Linguistics.txt	466651	4394	0774318e896e060ebd2ed786af5d32d25014af4fe4b590f209067209bdb32d13	ALL_LETTER_SLOTS_RECONSTRUCTED	24	24	24	0	0	24	0	0	0	0	0	0	0
L1594739-R001	biblical_book	Lev	14	41		4Q23	1606668	f4	2	1594739				books/DSS-Leviticus.txt	328054	3246	1961901-1961914	14	0	72f02c81a9da4282fb8b2e04a7af20cacbe4eea02c6877301e28a30b720868b0	linguistics/books/DSS-Leviticus-Linguistics.txt	471045	5936	c7e7770711485a16c7029122ef4f89c367e64e6f9ef54394064dab09726d3561	PARTLY_RECONSTRUCTED	34	32	13	3	16	15	3	0	1	0	0	0	0
L1594739-R002	biblical_book	Lev	14	42		4Q23	1606668	f4	2	1594739				books/DSS-Leviticus.txt	331300	2056	1961915-1961918	4	1	c7414343110ae8f2574d13bd5cb5dd16814b06ae6fe6a38cfdc068e44f45cab5	linguistics/books/DSS-Leviticus-Linguistics.txt	476981	2035	f1156534afaa259488c52481e47ccc42377a367a6b087d6a7ca1c55ce61d2eb2	ALL_LETTER_SLOTS_RECONSTRUCTED	15	15	15	0	0	15	0	0	0	0	0	0	0
L1594740-R001	biblical_book	Lev	14	42		4Q23	1606668	f4	3	1594740				books/DSS-Leviticus.txt	333356	3452	1961919-1961934	16	0	6aca511604d3144e218b71ac15517cc247c9940a8c35ee4043e25ff1f15eee62	linguistics/books/DSS-Leviticus-Linguistics.txt	479016	6713	30353f9e61e9cc520c86bd87025c03d3c833d63728cbfde81c8f16fc02278401	PARTLY_RECONSTRUCTED	40	38	16	1	21	18	1	0	1	0	0	0	0
L1594740-R002	biblical_book	Lev	14	43		4Q23	1606668	f4	3	1594740				books/DSS-Leviticus.txt	336808	1849	1961935-1961937	3	1	c93ffb2fb9e5bcf0cc5e5df9eb8b17b9cb84a5b4e72460056c3b561dcf508018	linguistics/books/DSS-Leviticus-Linguistics.txt	485729	1548	b6e565f328d6016895257661d7b829e8dbb8a90b694fda25faf6e7709f15624a	ALL_LETTER_SLOTS_RECONSTRUCTED	7	7	7	0	0	7	0	0	0	0	0	0	0
L1594741-R001	biblical_book	Lev	14	43		4Q23	1606668	f4	4	1594741				books/DSS-Leviticus.txt	338657	4103	1961938-1961955	18	0	c27d39ad522c2e014f2e8ea7403cb76457b24f5c2c5775c612b4b1186cb21e11	linguistics/books/DSS-Leviticus-Linguistics.txt	487277	7558	46aa4f7bbcc5be2122fa97d0e2ceb345c26ce468c88b19fc63ff1596bb9af36f	PARTLY_RECONSTRUCTED	44	42	19	4	19	21	4	0	1	0	0	0	0
L1594741-R002	biblical_book	Lev	14	44		4Q23	1606668	f4	4	1594741				books/DSS-Leviticus.txt	342760	1686	1961956-1961957	2	1	29e390b6d6b74caacab44bf95fc0585840586e08e25feb3c1f76cec1d1cb841b	linguistics/books/DSS-Leviticus-Linguistics.txt	494835	1144	fcd2ee2a23752811f2d8eae28f021691535a331fd2f115e27433152b7c2f126f	ALL_LETTER_SLOTS_RECONSTRUCTED	3	3	3	0	0	3	0	0	0	0	0	0	0
L1594742-R001	biblical_book	Lev	14	44		4Q23	1606668	f4	5	1594742				books/DSS-Leviticus.txt	344446	4505	1961958-1961976	19	1	ad08473a2a768da37744a5fa846d4afd93012566734f605cece9eea94c32ee86	linguistics/books/DSS-Leviticus-Linguistics.txt	495979	8023	36e458dc3de00885be0538ed7a3e17b50ede872f4684899f26b78d9bb90fc823	PARTLY_RECONSTRUCTED	47	45	27	4	14	29	4	0	1	0	0	0	0
L1594743-R001	biblical_book	Lev	14	45		4Q23	1606668	f4	6	1594743				books/DSS-Leviticus.txt	348951	5674	1961977-1962003	27	0	af70e4e8eafc63b705490f7ff33f604685803d722d171a8b540fc621510d077e	linguistics/books/DSS-Leviticus-Linguistics.txt	504002	11104	42816335dfd4d0b6d560258793b6c5ca7a2ee735cd38b59b96766fa6382efb89	PARTLY_RECONSTRUCTED	63	60	39	12	0	39	12	0	1	0	61	0	0
L1594743-R002	biblical_book	Lev	14	46		4Q23	1606668	f4	6	1594743				books/DSS-Leviticus.txt	354625	3401	1962004-1962017	14	0	8019223cbee68c2ccdd776b3eee7ff01d830785829c52520f2861a20b91e0695	linguistics/books/DSS-Leviticus-Linguistics.txt	515106	5887	7f47f9f7b463c5a602850cf9e4b580a1cbea14582f2edc97bc2bb5b0d7bb1ce2	PARTLY_RECONSTRUCTED	34	31	15	3	13	17	3	0	1	0	0	0	0
L1594743-R003	biblical_book	Lev	14	47		4Q23	1606668	f4	6	1594743				books/DSS-Leviticus.txt	358026	2264	1962018-1962023	6	1	35ae85fefd2ef2071055cd8835b0b72455272b31df7d28e0bfb9cabb3fea8d9b	linguistics/books/DSS-Leviticus-Linguistics.txt	520993	2740	44fb9af25f4b8a0ad739cd0ac8999250b04122159417aeb572b7c72393fe13a0	ALL_LETTER_SLOTS_RECONSTRUCTED	13	13	13	0	0	13	0	0	0	0	0	0	0
L1594744-R001	biblical_book	Lev	14	47		4Q23	1606668	f4	7	1594744				books/DSS-Leviticus.txt	360290	3042	1962024-1962034	11	0	b9817836f3172132c2e3e6237242e76bfafa864f4e0245fa80f70106b7a3dbec	linguistics/books/DSS-Leviticus-Linguistics.txt	523733	4787	02f17c257458cd618f85993cc22440a0f6de8213ef1c003357bbccb4e923ba0e	PARTLY_RECONSTRUCTED	31	27	9	1	17	12	1	0	1	0	0	0	0
L1594744-R002	biblical_book	Lev	14	48		4Q23	1606668	f4	7	1594744				books/DSS-Leviticus.txt	363332	2818	1962035-1962044	10	1	e6ab3d41340ff5927211a62fae93bfd10a2fe891ef5f28b857d622b14ad09503	linguistics/books/DSS-Leviticus-Linguistics.txt	528520	4293	26c30c25ac00971cf44ad0534548b3588153af1ce21bc69b201238df82480919	ALL_LETTER_SLOTS_RECONSTRUCTED	20	20	20	0	0	20	0	0	0	0	0	0	0
L1594745-R001	biblical_book	Lev	14	48		4Q23	1606668	f4	8	1594745				books/DSS-Leviticus.txt	366150	4140	1962045-1962063	19	1	f66c1c616395d55a5e9e7ec955f06c3bd38fed5eae526995d9a7ceb828ac3c8b	linguistics/books/DSS-Leviticus-Linguistics.txt	532813	7941	340b9ec704f321cc5735a061dd24189e4f94dbc6af3e9e05978406e8c43725f4	PARTLY_RECONSTRUCTED	42	42	28	1	13	28	1	0	0	0	0	0	0
L1594746-R001	biblical_book	Lev	14	48		4Q23	1606668	f4	9	1594746				books/DSS-Leviticus.txt	370290	1787	1962064-1962067	4	0	75275ad44931cfe0fb581a5e142c857dd13a3ce4920ad1c6ee1456bfe1aa192c	linguistics/books/DSS-Leviticus-Linguistics.txt	540754	1930	4813ade65b6195019ccd863ce85d88c034014438e8affc2a0c2dedfc893a9c74	PARTLY_RECONSTRUCTED	10	8	1	1	6	1	1	0	1	0	0	0	0
L1594746-R002	biblical_book	Lev	14	49		4Q23	1606668	f4	9	1594746				books/DSS-Leviticus.txt	372077	3499	1962068-1962081	14	1	2e8d17443fafd8aefa4b7a7adf87667b706f3b2dc02a0057f0339da34600264d	linguistics/books/DSS-Leviticus-Linguistics.txt	542684	6087	5877888a96021300d7d0c1cb47a67874762353813174a40799731d4f339136ef	PARTLY_RECONSTRUCTED	36	36	27	1	8	27	1	0	0	0	0	0	0
L1594747-R001	biblical_book	Lev	14	49		4Q23	1606668	f4	10	1594747				books/DSS-Leviticus.txt	375576	1651	1962082-1962084	3	0	bc89f2cec4b7a65a42f18f1d68a0c8c5dd0630f9156799dbd746b80daba76444	linguistics/books/DSS-Leviticus-Linguistics.txt	548771	1546	14a2c61fe36f411b35c0e2d64f2c83839937f8489a9dcf287de64f2d05a26132	PARTLY_RECONSTRUCTED	7	5	2	1	2	2	1	0	1	0	0	0	0
L1594747-R002	biblical_book	Lev	14	50		4Q23	1606668	f4	10	1594747				books/DSS-Leviticus.txt	377227	3190	1962085-1962098	14	0	e32113dc8a039f23977ca04b023f2c0c0276c814d8fb2b9e80e9291e02bca9f9	linguistics/books/DSS-Leviticus-Linguistics.txt	550317	5957	e4d8b448fbd917c89e51f01b27363f59426b11ae68d191b4efd05c62b54eefeb	PARTLY_RECONSTRUCTED	35	33	17	1	15	19	1	0	1	0	0	0	0
L1594747-R003	biblical_book	Lev	14	51		4Q23	1606668	f4	10	1594747				books/DSS-Leviticus.txt	380417	1699	1962099-1962100	2	1	e2d322d57efe225918efcfa5c09cb99428f4434efb2d7ff16134244e89c514b3	linguistics/books/DSS-Leviticus-Linguistics.txt	556274	1154	09a60d29d1a6b81315b6d2040e6a95a84d32fd634b984a24f56ac28eb407afe4	ALL_LETTER_SLOTS_RECONSTRUCTED	4	4	4	0	0	4	0	0	0	0	0	0	0
L1594748-R001	biblical_book	Lev	14	51		4Q23	1606668	f5	1	1594748				books/DSS-Leviticus.txt	382116	5077	1962101-1962124	24	1	20cbf0480756e75fe458637cc5821f083c19101b84a8fd95e973107069abba42	linguistics/books/DSS-Leviticus-Linguistics.txt	557428	9849	dac6fdce69271763331937909a768e0787da92741642be1d5c9b19cfe2e8dfa2	PARTLY_RECONSTRUCTED	50	49	30	5	14	31	5	0	0	0	0	0	0
L1594749-R001	biblical_book	Lev	14	51		4Q23	1606668	f5	2	1594749				books/DSS-Leviticus.txt	387193	3617	1962125-1962141	17	0	d2924486211e19c4a4e47924f60d0f429c7c749d6913ae1237e469b106b9adba	linguistics/books/DSS-Leviticus-Linguistics.txt	567277	7119	673d4b02ba1f8c27537568c4c9a576b5a2d73479a2f3edf7182d641d5a8adac5	PARTLY_RECONSTRUCTED	40	38	18	1	19	20	1	0	1	0	0	0	0
L1594749-R002	biblical_book	Lev	14	52		4Q23	1606668	f5	2	1594749				books/DSS-Leviticus.txt	390810	2120	1962142-1962146	5	1	c1dda62e9ac69bfa721b5d7ec52a36c258c4976b65118206a47382ce5346c76f	linguistics/books/DSS-Leviticus-Linguistics.txt	574396	2341	1cf24e0c2685b1881319f098b7f74bbbbeac23e323489a40976fb54d5cafdd91	ALL_LETTER_SLOTS_RECONSTRUCTED	10	10	10	0	0	10	0	0	0	0	0	0	0
L1594750-R001	biblical_book	Lev	14	52		4Q23	1606668	f5	3	1594750				books/DSS-Leviticus.txt	392930	5297	1962147-1962174	28	1	8c8cfbb9be6117778ff5409cabf5f4769c21e0c60e74e69c993a99af2ed4f931	linguistics/books/DSS-Leviticus-Linguistics.txt	576737	11348	9a265e04da4964c860f90e5eec8306d0a17c13751502487fefdd84ba8435620d	PARTLY_RECONSTRUCTED	54	52	33	1	18	35	1	0	1	0	0	0	0
L1594751-R001	biblical_book	Lev	14	53		4Q23	1606668	f5	4	1594751				books/DSS-Leviticus.txt	398227	4968	1962175-1962198	24	1	06ee9c701fe13f0c2bd8e95b485edf50cfdae116b7bbe3436ce366043397ee4c	linguistics/books/DSS-Leviticus-Linguistics.txt	588085	9785	f5a94d6d1db019ec7b62fc93e50215a9d303fbcc5ff135f6a038db29d2bdfc97	PARTLY_RECONSTRUCTED	50	48	27	4	17	29	4	0	1	0	0	0	0
L1594752-R001	biblical_book	Lev	14	54		4Q23	1606668	f5	5	1594752				books/DSS-Leviticus.txt	403195	3508	1962199-1962210	12	1	37571d562934b1ff6dc9193608a216ba589c8975bb103b6010ad7a393f0bb796	linguistics/books/DSS-Leviticus-Linguistics.txt	597870	5138	590cf66dd702a82f03f7f2eadcdcf9e503c28388da3fe1e5306f6ffe6a048101	PARTLY_RECONSTRUCTED	26	24	12	7	5	14	7	0	1	0	0	0	0
L1594753-R001	biblical_book	Lev	15	10		4Q23	1606668	f6	1	1594753				books/DSS-Leviticus.txt	406703	4616	1962211-1962228	18	1	07daaa190825d8afd2e847a65681ca8103c80b2d9a9591d3ac3b01a3e9c29705	linguistics/books/DSS-Leviticus-Linguistics.txt	603008	7596	56b012e690abacd7a8363acbb286d625f56a98bdbe6abd31cb82ccab9bfabccf	PARTLY_RECONSTRUCTED	51	48	40	3	5	42	3	0	0	0	0	0	0
L1594754-R001	biblical_book	Lev	15	10		4Q23	1606668	f6	2	1594754				books/DSS-Leviticus.txt	411319	1513	1962229-1962231	3	0	95dacfc0faac6fa80d1c29193f7815c4205528d34b2449ac2a46e8cef22b85a8	linguistics/books/DSS-Leviticus-Linguistics.txt	610604	1509	dd6b7ae907474aa306e7fd1f086d0fefdce222746179b750c39df131e28c2068	NO_LETTER_RECONSTRUCTION_MARKED	6	4	0	0	4	0	0	0	1	0	0	0	0
L1594754-R002	biblical_book	Lev	15	11		4Q23	1606668	f6	2	1594754				books/DSS-Leviticus.txt	412832	4557	1962232-1962250	19	1	1fb083252d6b831dbaf88436dc3642f0c84b3266ad4eae81d9a29a04a63fc71f	linguistics/books/DSS-Leviticus-Linguistics.txt	612113	7840	55dd1e26c9bfa0eca516d611a2a875c13059b10fd178af84babe207bd1582608	PARTLY_RECONSTRUCTED	46	41	36	0	5	39	0	0	1	0	0	0	0
L1594755-R001	biblical_book	Lev	15	18		4Q23	1606668	f7	1	1594755				books/DSS-Leviticus.txt	417389	1547	1962251-1962253	3	0	ab1ac86b720497192efa7f95d9f6edc28ca2481cf3f802cf49866848f49108b6	linguistics/books/DSS-Leviticus-Linguistics.txt	619953	1514	8b33c784f969e524363bdb998aafa38b42f36238b7f8e1b2d20b79f0e1213953	ALL_LETTER_SLOTS_RECONSTRUCTED	6	4	4	0	0	6	0	0	1	0	0	0	0
L1594755-R002	biblical_book	Lev	15	19		4Q23	1606668	f7	1	1594755				books/DSS-Leviticus.txt	418936	4088	1962254-1962268	15	1	c040444f26f5dc193f250e2418d23ff1d01a76290d80235b9f5c5259d976c322	linguistics/books/DSS-Leviticus-Linguistics.txt	621467	6519	e2948efc8552747e13b5939ad73d9655401ad7578db863fa24441eccc9f61315	PARTLY_RECONSTRUCTED	47	44	38	1	5	40	1	0	0	0	0	0	0
L1594756-R001	biblical_book	Lev	15	19		4Q23	1606668	f7	2	1594756				books/DSS-Leviticus.txt	423024	2667	1962269-1962278	10	0	6d61f59425c00fbf1396f872a6a330dd29da46bb3af9b38c28c9e649bfa4bea5	linguistics/books/DSS-Leviticus-Linguistics.txt	627986	4233	512747ff1b9cba3cc3a16707ac5b3d2189f0f327b2be44ee797162b904845642	ALL_LETTER_SLOTS_RECONSTRUCTED	22	19	19	0	0	22	0	0	1	0	0	0	0
L1594756-R002	biblical_book	Lev	15	20		4Q23	1606668	f7	2	1594756				books/DSS-Leviticus.txt	425691	3437	1962279-1962289	11	1	f5498819c65058ba41c63c2d185deb5a8a3999c1f66a793afdcd7fe9eadfd78b	linguistics/books/DSS-Leviticus-Linguistics.txt	632219	4820	edc34f9308f1635b19cdaab580dce3fb72b7c3bdc7c2d1dcb55a41c5bcbe3697	PARTLY_RECONSTRUCTED	31	29	21	1	7	23	1	0	0	0	0	0	0
L1594757-R001	biblical_book	Lev	15	20		4Q23	1606668	f7	3	1594757				books/DSS-Leviticus.txt	429128	1882	1962290-1962293	4	0	c0675885694f82f7b368bc5a344fc2e69e674e84f869390b733981da5ba1c36c	linguistics/books/DSS-Leviticus-Linguistics.txt	637039	1952	8e17f687ca8976b4fd543b562db0c378d58bb31424ea929bb9d8824fb245aea3	ALL_LETTER_SLOTS_RECONSTRUCTED	14	11	11	0	0	14	0	0	1	0	0	0	0
L1594757-R002	biblical_book	Lev	15	21		4Q23	1606668	f7	3	1594757				books/DSS-Leviticus.txt	431010	4337	1962294-1962311	18	1	ca63ec43b022154f6c206ca268ad8faf5336292d015285fb2174ce185266e577	linguistics/books/DSS-Leviticus-Linguistics.txt	638991	7492	a71fda875ca112c866a4e855e772fd6b38b871ac03518e3744a46dbcec4a4b8a	PARTLY_RECONSTRUCTED	44	40	31	0	9	35	0	0	1	0	0	0	0
L1594758-R001	biblical_book	Lev	15	22		4Q23	1606668	f7	4	1594758				books/DSS-Leviticus.txt	435347	4829	1962312-1962333	22	1	531c81da060da5b978d4d3e7a90c1c6a36590e72282fe8ce24fda792be872997	linguistics/books/DSS-Leviticus-Linguistics.txt	646483	9074	69978e0b8f595dde0f41566faa76172c30958982531c6397ea9821019fbedf2d	PARTLY_RECONSTRUCTED	54	50	41	0	9	43	0	0	1	0	0	0	0
L1594759-R001	biblical_book	Lev	15	23		4Q23	1606668	f7	5	1594759				books/DSS-Leviticus.txt	440176	4543	1962334-1962352	19	1	1c7e97c651610331968b2cfde0ff9b29eb6342f3c853ec616f9de2520928c8ce	linguistics/books/DSS-Leviticus-Linguistics.txt	655557	7962	498e7fb640916212ed86d29a9a3e46593c7c947c521d6ecf4a343d11b39a3bfb	PARTLY_RECONSTRUCTED	51	48	40	0	8	42	0	0	0	0	0	0	0
L1594760-R001	biblical_book	Lev	15	23		4Q23	1606668	f7	6	1594760				books/DSS-Leviticus.txt	444719	1547	1962353-1962355	3	0	bae8ce20b7116926f2e58db21d34098771181cadaab8ea4afcaeb7447a7d7478	linguistics/books/DSS-Leviticus-Linguistics.txt	663519	1514	c6b7ceb3e637a3d4b701a1ac3c7783c89835ab6aefddac0a6e88978ccc330e1f	ALL_LETTER_SLOTS_RECONSTRUCTED	6	4	4	0	0	6	0	0	1	0	0	0	0
L1594760-R002	biblical_book	Lev	15	24		4Q23	1606668	f7	6	1594760				books/DSS-Leviticus.txt	446266	4577	1962356-1962372	17	1	bb4d407f49c52d6cf387968a26a1968be1882df6b095f2bace54d32db297d8a8	linguistics/books/DSS-Leviticus-Linguistics.txt	665033	7171	8f260a0b53a72d842d569c91061b40879dd5cd1d220f88f81db0a285770a0a5b	PARTLY_RECONSTRUCTED	48	43	39	4	0	42	4	0	1	0	0	0	0
L1594761-R001	biblical_book	Lev	16	15		4Q23	1606668	f8_14i	1	1594761				books/DSS-Leviticus.txt	450843	4757	1962373-1962395	23	0	7dbd9fc27deec96bf6e895b3b1dab21e7308ce7ef1ded65499fd370933308c1f	linguistics/books/DSS-Leviticus-Linguistics.txt	672204	9481	afe3e193a340e85b6f40786cb4862c769ad674065db56c10b3303813e303359d	PARTLY_RECONSTRUCTED	50	46	43	3	0	47	3	0	1	0	0	0	0
L1594761-R002	biblical_book	Lev	16	16		4Q23	1606668	f8_14i	1	1594761				books/DSS-Leviticus.txt	455600	2132	1962396-1962400	5	1	5d236ba7247dbb5c29e0f661847c026bfdfc3d34d0275d8ef27ff707d7b4ce7d	linguistics/books/DSS-Leviticus-Linguistics.txt	681685	2336	341d0a28851376b54d57fdafb9d717a266395f0ba7c40566a248ffa7a2de8737	ALL_LETTER_SLOTS_RECONSTRUCTED	10	10	10	0	0	10	0	0	0	0	0	0	0
L1594762-R001	biblical_book	Lev	16	16		4Q23	1606668	f8_14i	2	1594762				books/DSS-Leviticus.txt	457732	5495	1962401-1962423	23	1	651c208fc5bf517d5afe81dd953946f17432a4cddf7649ae9caf449b97a9635e	linguistics/books/DSS-Leviticus-Linguistics.txt	684021	9761	bd19466298a65345efd928342a59fd13b320291ce0fa271b4a744b304b6f1961	PARTLY_RECONSTRUCTED	66	60	56	2	2	62	2	0	1	0	0	0	0
L1594763-R001	biblical_book	Lev	16	17		4Q23	1606668	f8_14i	3	1594763				books/DSS-Leviticus.txt	463227	5693	1962424-1962447	24	1	d02671651f9dc9e4189c7242f3f77e0c45e4add6bc512c87d2a43ab64de7f148	linguistics/books/DSS-Leviticus-Linguistics.txt	693782	10110	ce063155f699c454f1dee9815a5438be2bc079fbe19a8d7432695c21a191b9ed	PARTLY_RECONSTRUCTED	62	58	43	5	10	46	5	0	0	0	0	0	0
L1594764-R001	biblical_book	Lev	16	17		4Q23	1606668	f8_14i	4	1594764				books/DSS-Leviticus.txt	468920	1751	1962448-1962451	4	0	7acf12d23b26a049f46d3125e81a06d9e7108bf89110a6fc712b9939b2c804d7	linguistics/books/DSS-Leviticus-Linguistics.txt	703892	2033	33c5f247afdb25827e502e3eaa6e57a2a54e7e82bfa6d48940055c77625a6838	ALL_LETTER_SLOTS_RECONSTRUCTED	12	10	10	0	0	12	0	0	1	0	0	0	0
L1594764-R002	biblical_book	Lev	16	18		4Q23	1606668	f8_14i	4	1594764				books/DSS-Leviticus.txt	470671	5008	1962452-1962474	23	1	e377c530a30a43a2029c36c7ed42b11f0735b6151ba307e1fc5174665cdc17c6	linguistics/books/DSS-Leviticus-Linguistics.txt	705925	9500	cb5874c5e32d48eac59259b76b33839e41bb9167619358bf1644d64763dafbff	PARTLY_RECONSTRUCTED	50	49	34	4	11	35	4	0	0	0	0	0	0
L1594765-R001	biblical_book	Lev	16	18		4Q23	1606668	f8_14i	5	1594765				books/DSS-Leviticus.txt	475679	2325	1962475-1962482	8	0	c1ce20846b02c987a3df45e6e60662da14c2ea23f7af4cbaa7a325f591d35c0a	linguistics/books/DSS-Leviticus-Linguistics.txt	715425	3603	af8d8a0b210681d9b7ba43764c3f70630f968915b4c60fb4ea92695951062d84	ALL_LETTER_SLOTS_RECONSTRUCTED	22	20	20	0	0	22	0	0	1	0	0	0	0
L1594765-R002	biblical_book	Lev	16	19		4Q23	1606668	f8_14i	5	1594765				books/DSS-Leviticus.txt	478004	4721	1962483-1962499	17	1	b4150801d085298cb7e92482457d2081b1dab025799983de082a44c397dba814	linguistics/books/DSS-Leviticus-Linguistics.txt	719028	7302	5bf20174cc011fd0f78230d180b296f1f9748d2f7ee67f057b67a74625cd0903	PARTLY_RECONSTRUCTED	49	45	36	6	3	38	6	0	0	0	0	0	0
L1594766-R001	biblical_book	Lev	16	19		4Q23	1606668	f8_14i	6	1594766				books/DSS-Leviticus.txt	482725	1479	1962500-1962501	2	0	ef20e4df36ba219138d75b6b61791bbec983df85fea4ba6cf23b3ec082e2afc1	linguistics/books/DSS-Leviticus-Linguistics.txt	726330	1227	a0a394972d5e6cc2b371ee0f5020dc506cbc4d16ba878ab2f4ccddf6c6557268	PARTLY_RECONSTRUCTED	7	5	2	0	3	2	0	0	1	0	0	0	0
L1594766-R002	biblical_book	Lev	16	20		4Q23	1606668	f8_14i	6	1594766				books/DSS-Leviticus.txt	484204	4743	1962502-1962524	23	0	0b4830e4661289b60457203fb1ad1855b018787d5fd8670e44fa70b702eb51ab	linguistics/books/DSS-Leviticus-Linguistics.txt	727557	9478	a41eeb35d4269a623c925b47ef26162f256d9bfb9b3e2b1eaa937151f9e2c9f5	PARTLY_RECONSTRUCTED	50	48	34	7	7	36	7	0	1	0	0	0	0
L1594766-R003	biblical_book	Lev	16	21		4Q23	1606668	f8_14i	6	1594766				books/DSS-Leviticus.txt	488947	1708	1962525-1962526	2	1	53b1fb543597b7d65d885ca218d1561915d02da3909ce46e3f2ece5309951812	linguistics/books/DSS-Leviticus-Linguistics.txt	737035	1160	480205e3537923ccbad5e00d3cec99a13774de4e36719b0492c42d57cddd856a	ALL_LETTER_SLOTS_RECONSTRUCTED	4	4	4	0	0	4	0	0	0	0	0	0	0
L1594767-R001	biblical_book	Lev	16	21		4Q23	1606668	f8_14i	7	1594767				books/DSS-Leviticus.txt	490655	5344	1962527-1962548	22	1	d5bf1e8cee21cc98a6d3e174d4369a20c6cfc8f7dd2797902dbc0486199eda60	linguistics/books/DSS-Leviticus-Linguistics.txt	738195	9430	cba58beace5c0aa9127ac34ffbe856ce96f2bf9cbecb6154f72f6a6263ad44f4	PARTLY_RECONSTRUCTED	64	61	40	4	17	42	5	0	0	0	0	0	0
L1594768-R001	biblical_book	Lev	16	21		4Q23	1606668	f8_14i	8	1594768				books/DSS-Leviticus.txt	495999	4629	1962549-1962567	19	0	81c03c5fe3c4f3d8e0c06ca696a536479cdc44fb3f4b3f9db5beb98f30763592	linguistics/books/DSS-Leviticus-Linguistics.txt	747625	8021	e30c25c8102c1acc19a3c1f350d2058655efe3e826d715a0e932ce865f1d776b	PARTLY_RECONSTRUCTED	49	44	22	9	13	24	9	0	1	0	0	0	0
L1594768-R002	biblical_book	Lev	16	22		4Q23	1606668	f8_14i	8	1594768				books/DSS-Leviticus.txt	500628	2577	1962568-1962574	7	1	31f3d9430f59b6dd9ba698089bbc6e504db7de9816cda01a4122b0bf12e82b00	linguistics/books/DSS-Leviticus-Linguistics.txt	755646	3169	88a09704c6c2a705883db3db029858031595442878b0ac997d204e1a78c833b5	ALL_LETTER_SLOTS_RECONSTRUCTED	18	17	17	0	0	18	0	0	0	0	0	0	0
L1594769-R001	biblical_book	Lev	16	22		4Q23	1606668	f8_14i	9	1594769				books/DSS-Leviticus.txt	503205	3058	1962575-1962586	12	0	b0e1dcb0de98a814bfbe769f0252ca7b084f58cbe964fc2b0b3e7a955206f850	linguistics/books/DSS-Leviticus-Linguistics.txt	758815	5268	7ca3e94955415f539ad9d0f47b6d4d429ede948adbb47e4a20ff98e846decd01	PARTLY_RECONSTRUCTED	33	30	24	1	5	26	1	0	1	0	0	0	0
L1594769-R002	biblical_book	Lev	16	23		4Q23	1606668	f8_14i	9	1594769				books/DSS-Leviticus.txt	506263	3175	1962587-1962598	12	1	4366036e350ba3d1421213a23e7fc5d9080f5ca18af2daefb3da073ca6d2cee5	linguistics/books/DSS-Leviticus-Linguistics.txt	764083	5204	e37482826a554b13da21c5f46e607d976fff2c994442fba4a99ab02314e60ef2	ALL_LETTER_SLOTS_RECONSTRUCTED	29	29	29	0	0	29	0	0	0	0	0	0	0
L1594770-R001	biblical_book	Lev	16	23		4Q23	1606668	f8_14i	10	1594770				books/DSS-Leviticus.txt	509438	2915	1962599-1962609	11	0	59984bb137feda34e6c5898afffa83784db38611ff6cd7b8cd3bc6e645a8502a	linguistics/books/DSS-Leviticus-Linguistics.txt	769287	4701	51b533a5d668d0e0bf2251bf965d5b21b246ac93d16732cbe1297e4aa0309b94	PARTLY_RECONSTRUCTED	26	23	8	3	12	8	3	0	1	0	0	0	0
L1594770-R002	biblical_book	Lev	16	24		4Q23	1606668	f8_14i	10	1594770				books/DSS-Leviticus.txt	512353	3324	1962610-1962620	11	1	d3f164038bd861f12e6f135be82dfe07a8c9e3d77a3b2c73baf01b782c0ecb78	linguistics/books/DSS-Leviticus-Linguistics.txt	773988	4760	90a22b3b639dedc7559156055faba5e28ffd0fc5ef094dda8c6b33afb11b8917	ALL_LETTER_SLOTS_RECONSTRUCTED	28	24	24	0	0	28	0	1	1	0	0	0	0
L1594771-R001	biblical_book	Lev	16	24		4Q23	1606668	f8_14i	11	1594771				books/DSS-Leviticus.txt	515677	3070	1962621-1962633	13	0	9dfef905d016ab56c9b4f8295f4884787777521c12828214db6b6ca2404f54bc	linguistics/books/DSS-Leviticus-Linguistics.txt	778748	5463	ef207cc72bef22507078b609e598ada22a4637e8250b1aa71841800912048ffc	PARTLY_RECONSTRUCTED	27	24	15	3	6	16	3	0	1	0	0	0	0
L1594771-R002	biblical_book	Lev	16	25		4Q23	1606668	f8_14i	11	1594771				books/DSS-Leviticus.txt	518747	2665	1962634-1962642	9	0	3ad3d5476f43f41d58ef827c76c16201011d83a5430b9f31eff56d7e9c6fd965	linguistics/books/DSS-Leviticus-Linguistics.txt	784211	4008	b5636c24e84a8be2313196afcd7eda7371d26886e97b7cdd901fdea074613790	PARTLY_RECONSTRUCTED	25	22	19	3	0	22	3	0	1	0	0	0	0
L1594771-R003	biblical_book	Lev	16	26		4Q23	1606668	f8_14i	11	1594771				books/DSS-Leviticus.txt	521412	2089	1962643-1962646	4	1	eb613c559e4e7119bd309e21340013e7e67eb4ac113e17c21f6b2162fa91048c	linguistics/books/DSS-Leviticus-Linguistics.txt	788219	1941	e3c1cf5114acb640df2fbcbba153fb83b8e433a6b4979799b7c15742e374c9db	PARTLY_RECONSTRUCTED	8	8	5	2	1	5	2	0	0	0	0	0	0
L1594772-R001	biblical_book	Lev	16	26		4Q23	1606668	f8_14i	12	1594772				books/DSS-Leviticus.txt	523501	4322	1962647-1962666	20	0	a033765b3135560f88b4d23d7032cf22689078775170a59c0fc67a5a0137dddf	linguistics/books/DSS-Leviticus-Linguistics.txt	790160	8453	f27cfdc9fef2976ea6f72502e17ddf7d6fafbebf5e8f846524a7e65650ff348c	PARTLY_RECONSTRUCTED	56	52	47	0	5	51	0	0	1	0	0	0	0
L1594772-R002	biblical_book	Lev	16	27		4Q23	1606668	f8_14i	12	1594772				books/DSS-Leviticus.txt	527823	2102	1962667-1962671	5	1	6992abf3bceffd03e0e9fd9e089ad3c8c297714d63c4fc27afc11e5d9871a405	linguistics/books/DSS-Leviticus-Linguistics.txt	798613	2359	2761047f355a950377db96f82076feaeb6fa14caecea1735a833d05983b9c03e	PARTLY_RECONSTRUCTED	10	10	3	0	7	3	0	0	0	0	0	0	0
L1594773-R001	biblical_book	Lev	16	27		4Q23	1606668	f8_14i	13	1594773				books/DSS-Leviticus.txt	529925	5178	1962672-1962695	24	1	bc35e7a4549b291cb84378b44e7e6e19162e66cd126338a542b68fdc41f2ba91	linguistics/books/DSS-Leviticus-Linguistics.txt	800972	10004	9de6cea4fff81bf306ae009706adc37d4a3cad35bc5784aafdcbea2bc1c0adfa	PARTLY_RECONSTRUCTED	59	58	47	3	8	48	3	0	0	0	0	0	0
L1594774-R001	biblical_book	Lev	16	27		4Q23	1606668	f8_14i	14	1594774				books/DSS-Leviticus.txt	535103	2661	1962696-1962703	8	0	b1314019f2fa47b33d9cef67d251b1ebfa85b98adae1550feed33280c2da7a8c	linguistics/books/DSS-Leviticus-Linguistics.txt	810976	3581	8d0c598c25299c2d28b6fa63857e9212394b3284c14cc3919140853c72765d60	PARTLY_RECONSTRUCTED	23	18	14	0	4	18	0	0	1	0	0	0	0
L1594774-R002	biblical_book	Lev	16	28		4Q23	1606668	f8_14i	14	1594774				books/DSS-Leviticus.txt	537764	4050	1962704-1962718	15	1	7af8ed52ccd1ef081860f27b12ab41d6b654f4a9291e6b63519d536cd5e05898	linguistics/books/DSS-Leviticus-Linguistics.txt	814557	6413	36d0b2d45ff8711ba2aac0769929af010150fd3201b3bb00f971f3fb590f46eb	PARTLY_RECONSTRUCTED	41	38	35	1	2	38	1	0	0	0	0	0	0
L1594775-R001	biblical_book	Lev	16	28		4Q23	1606668	f8_14i	15	1594775				books/DSS-Leviticus.txt	541814	2045	1962719-1962723	5	0	c69fad329faa68a01d4db6e9ff757cd3ea4cbe56dfce95d8b4dcde3caa0abd98	linguistics/books/DSS-Leviticus-Linguistics.txt	820970	2368	26b66e01d8e36d9a368c262bddb15549f669038df85f526aa003e8f1d368e4ec	PARTLY_RECONSTRUCTED	13	11	5	1	4	7	1	0	1	0	1	0	0
L1594775-R002	biblical_book	Lev	16	29		4Q23	1606668	f8_14i	15	1594775				books/DSS-Leviticus.txt	543859	4221	1962724-1962740	17	1	f24b580089e40b99aa939e047373aedc4f464f76f6e794df35335937573ac560	linguistics/books/DSS-Leviticus-Linguistics.txt	823338	7308	24dc0a7c4a8e5c244d21c779b2bbcd8908d3266a539dd651555e9f236010eddb	ALL_LETTER_SLOTS_RECONSTRUCTED	50	48	48	0	0	50	0	0	0	0	0	0	0
L1594776-R001	biblical_book	Lev	16	29		4Q23	1606668	f8_14i	16	1594776				books/DSS-Leviticus.txt	548080	3792	1962741-1962755	15	1	aaba7c77212a897f19e901782e04f54cee9e23c3181f6d44626955b1c913fa74	linguistics/books/DSS-Leviticus-Linguistics.txt	830646	6336	ead6b98fc74905bb3a3213c2118c40e41839a04bd48ec05ef5009a3b80d9c14d	PARTLY_RECONSTRUCTED	35	32	31	1	0	34	1	0	1	0	0	0	0
L1594777-R001	biblical_book	Lev	18	16		4Q23	1606668	f14ii_15	10	1594777				books/DSS-Leviticus.txt	551872	2692	1962756-1962762	7	0	6b51b51dae97b095ab252729b0bca12cdedc2e76aafe0f922fcfefbe5f33c221	linguistics/books/DSS-Leviticus-Linguistics.txt	836982	3242	175fd631a0ce687fbee960dba19e476c7cb957f5156f48bf59c8668b732c048d	PARTLY_RECONSTRUCTED	25	21	9	3	9	12	3	0	1	0	0	0	0
L1594777-R002	biblical_book	Lev	18	17		4Q23	1606668	f14ii_15	10	1594777				books/DSS-Leviticus.txt	554564	3733	1962763-1962775	13	1	9dceaa9edc8d4d83acca7c3b2536e89c6d7875ba25a85a0950925fe7f87fcf8d	linguistics/books/DSS-Leviticus-Linguistics.txt	840224	5652	d312e1bd7885f1cfec5d264cb74e249e4451d763b78d6896ef26459fa08ad849	ALL_LETTER_SLOTS_RECONSTRUCTED	35	32	32	0	0	35	0	0	0	0	0	0	0
L1594778-R001	biblical_book	Lev	18	17		4Q23	1606668	f14ii_15	11	1594778				books/DSS-Leviticus.txt	558297	2809	1962776-1962785	10	0	434ac07cf93fb42fd18204d99671cd56e913a437050d74d0259ad415c2ae22ee	linguistics/books/DSS-Leviticus-Linguistics.txt	845876	4514	862391d3c67820afdd4344e8578c76e36e68f4012b11db7c1033dc68bdf6bda2	PARTLY_RECONSTRUCTED	32	28	14	0	14	17	0	0	2	0	0	0	0
L1594778-R002	biblical_book	Lev	18	18		4Q23	1606668	f14ii_15	11	1594778				books/DSS-Leviticus.txt	561106	3017	1962786-1962795	10	1	08cb0a274fcf21b784ea0cacf6fd129ee65fcaeecbefdc0e9b2237af7e1cb065	linguistics/books/DSS-Leviticus-Linguistics.txt	850390	4376	6f13f08f6cfa6d9694dc80a79c996e9e391d66368c336f5160b0be85bee58468	ALL_LETTER_SLOTS_RECONSTRUCTED	25	24	24	0	0	25	0	0	0	0	0	0	0
L1594779-R001	biblical_book	Lev	18	18		4Q23	1606668	f14ii_15	12	1594779				books/DSS-Leviticus.txt	564123	2311	1962796-1962800	5	0	98063ff0d89bb89f148bcc726be088aefc45f09e7d5bf087056b6828da760486	linguistics/books/DSS-Leviticus-Linguistics.txt	854766	2427	c18de015e7887734f1652a7535ebb039a9cac0519df228024a427290bec09781	PARTLY_RECONSTRUCTED	19	14	3	2	9	6	2	0	1	0	0	0	0
L1594779-R002	biblical_book	Lev	18	19		4Q23	1606668	f14ii_15	12	1594779				books/DSS-Leviticus.txt	566434	3178	1962801-1962812	12	0	1e49f1841bb467d2664c7f12761f7fd8b10529b68cc34271772e386f8142a77c	linguistics/books/DSS-Leviticus-Linguistics.txt	857193	5236	f6d235f634d9c776d769f81477d6be3a0f37aa3697bdd9072b086b63dbcd9225	ALL_LETTER_SLOTS_RECONSTRUCTED	35	31	31	0	0	35	0	0	1	0	0	0	0
L1594779-R003	biblical_book	Lev	18	20		4Q23	1606668	f14ii_15	12	1594779				books/DSS-Leviticus.txt	569612	2166	1962813-1962816	4	1	d8d6d449a99118a37d5a68a06ae8e222242a8b26777828dec524bbc7bf7a5fa5	linguistics/books/DSS-Leviticus-Linguistics.txt	862429	2030	3d358e5b136ce2bc6c63460426197a4a885ec65624e4cab405815040f408393d	ALL_LETTER_SLOTS_RECONSTRUCTED	12	11	11	0	0	12	0	0	0	0	0	0	0
L1594780-R001	biblical_book	Lev	18	20		4Q23	1606668	f14ii_15	13	1594780				books/DSS-Leviticus.txt	571778	2887	1962817-1962825	9	0	e2ac5aa38e2bc414e807ef667cbcf270f54bb859127c485380ae421e967b6343	linguistics/books/DSS-Leviticus-Linguistics.txt	864459	3962	aaac724d9b78e1a85c393eb7d577ec78e39079ccd629ab77fc24272e29a0ea62	PARTLY_RECONSTRUCTED	26	21	20	1	0	25	1	0	1	0	0	0	0
L1594780-R002	biblical_book	Lev	18	21		4Q23	1606668	f14ii_15	13	1594780				books/DSS-Leviticus.txt	574665	3873	1962826-1962840	15	1	ae5a5566e528d4189b22c9f84338588df1b22bab9a4754b1fa2c4388f60d59de	linguistics/books/DSS-Leviticus-Linguistics.txt	868421	6386	19efb99e68032b71c35e945ab4a7fc2e59097a9f07d9b1110f71c6eeed599676	ALL_LETTER_SLOTS_RECONSTRUCTED	39	37	37	0	0	39	0	0	0	0	0	0	0
L1594781-R001	biblical_book	Lev	18	21		4Q23	1606668	f14ii_15	14	1594781				books/DSS-Leviticus.txt	578538	2011	1962841-1962843	3	1	576dc6bc554929cad113e5facc9641432f772be90106053595771f57197b435f	linguistics/books/DSS-Leviticus-Linguistics.txt	874807	1594	050c8d07b7052962be455b413fcf5c26805362669efab471964bd47129b869f5	PARTLY_RECONSTRUCTED	9	7	4	3	0	6	3	0	1	0	0	0	0
L1594782-R001	biblical_book	Lev	19	3		4Q23	1606668	f16_19	1	1594782				books/DSS-Leviticus.txt	580549	3188	1962844-1962851	8	0	4637df523610c240bc1f6195394ccada6bc52deb86d8c264cc9e082516d540e0	linguistics/books/DSS-Leviticus-Linguistics.txt	876401	3752	36fccc272b57085e8cdec40bdeee6331d7a86ad12c100452453081b9ccb9cd6e	PARTLY_RECONSTRUCTED	30	26	16	10	0	17	10	0	1	0	0	0	0
L1594782-R002	biblical_book	Lev	19	4		4Q23	1606668	f16_19	1	1594782				books/DSS-Leviticus.txt	583737	3052	1962852-1962861	10	1	769e3fd445b4bae80d260909124e29ede1e9c0a801150c9f2840e17823636de3	linguistics/books/DSS-Leviticus-Linguistics.txt	880153	4504	3c551412eb120c79652d2f45c7945e5c033bb05c54dc52207577244af73a6309	PARTLY_RECONSTRUCTED	30	30	26	4	0	26	4	0	0	0	0	0	0
L1594783-R001	biblical_book	Lev	19	4		4Q23	1606668	f16_19	2	1594783				books/DSS-Leviticus.txt	586789	2344	1962862-1962866	5	0	3ee27ad285e92bead66944f90c60f792274b26a3edc9d188642045759a9ed900	linguistics/books/DSS-Leviticus-Linguistics.txt	884657	2453	324e07293efeeb47432f617fbad160a9dc74e2f0666dd5e56a418edb8ea3ee2c	PARTLY_RECONSTRUCTED	20	16	8	3	5	11	3	0	1	0	0	0	0
L1594783-R002	biblical_book	Lev	19	5		4Q23	1606668	f16_19	2	1594783				books/DSS-Leviticus.txt	589133	3137	1962867-1962877	11	0	124a3005e830a359f5a3af427aab6874bfee45af6dbc8b66b9809ca4e59720d8	linguistics/books/DSS-Leviticus-Linguistics.txt	887110	4833	aae65f8d5dd69f91a47bb8cac2f1b17ce6518fd15f869d7d2bd44dac6724099e	PARTLY_RECONSTRUCTED	37	33	13	3	17	17	3	0	1	0	0	0	0
L1594783-R003	biblical_book	Lev	19	6		4Q23	1606668	f16_19	2	1594783				books/DSS-Leviticus.txt	592270	2182	1962878-1962881	4	1	fe3eb6f713860892de9ce702f1cdfc13ffcd2cad9aa501f25f5847493338268e	linguistics/books/DSS-Leviticus-Linguistics.txt	891943	2029	65341b88084f655090f7f11a9b1f8f3a07f5d296a848316da921b6ff9c8d1eed	ALL_LETTER_SLOTS_RECONSTRUCTED	14	13	13	0	0	14	0	0	0	0	0	0	0
L1594784-R001	biblical_book	Lev	19	6		4Q23	1606668	f16_19	3	1594784				books/DSS-Leviticus.txt	594452	3309	1962882-1962895	14	0	c34da4adb28313ab37bea1576a4a76697904bfbe83e28fa67eec3a9d26a8971c	linguistics/books/DSS-Leviticus-Linguistics.txt	893972	5914	7a4041e2159b9b6b424c7225e99635e5497354514f742c7940ba89970b329f76	PARTLY_RECONSTRUCTED	32	30	12	2	16	14	2	0	1	0	0	0	0
L1594784-R002	biblical_book	Lev	19	7		4Q23	1606668	f16_19	3	1594784				books/DSS-Leviticus.txt	597761	2810	1962896-1962904	9	1	84ed7a2e5e1b4f971e2730031c033d95da537e62872ec4ceb43fbe857c303fb1	linguistics/books/DSS-Leviticus-Linguistics.txt	899886	4060	ec299cfbd84cef1a6291d0ec03efac13f72e1ef5e729cf3e9d9f50125d85139b	PARTLY_RECONSTRUCTED	25	25	21	1	3	21	1	0	0	0	0	0	0
L1594785-R001	biblical_book	Lev	19	7		4Q23	1606668	f16_19	4	1594785				books/DSS-Leviticus.txt	600571	1831	1962905-1962908	4	0	b52092974cb900376cf844b3b96c3cd38e83bf808afb456abfda764ae0ab8755	linguistics/books/DSS-Leviticus-Linguistics.txt	903946	1954	3293254d315ba2627747fd1368e29c5b8eb0a06ebdda868418d95b6712e78ba5	PARTLY_RECONSTRUCTED	11	9	7	1	1	9	1	0	1	0	0	0	0
L1594785-R002	biblical_book	Lev	19	8		4Q23	1606668	f16_19	4	1594785				books/DSS-Leviticus.txt	602402	4803	1962909-1962926	18	1	a27e900381d8025eba1cd3156ac3ab1a64b9178e252ab00ae2e06257866230dc	linguistics/books/DSS-Leviticus-Linguistics.txt	905900	7538	903965325e36bb9e33de7781717e080515dd0facc9ff5a82c7f3adaf9afe6fa5	PARTLY_RECONSTRUCTED	52	46	35	5	6	40	5	0	2	0	0	0	0
L1594786-R001	biblical_book	Lev	24	11		4Q23	1606668	f20	1	1594786				books/DSS-Leviticus.txt	607205	3042	1962927-1962938	12	0	e7f98095e900d78ed663050b91ead948895e35d554b9edbfcd5e1a0e331aed05	linguistics/books/DSS-Leviticus-Linguistics.txt	913438	5232	b45e499f2b4b55073098d2ab56652a2fdc02bf13d0a3cb01e3e5e0c52bbab5a7	PARTLY_RECONSTRUCTED	31	28	23	0	5	26	0	0	1	0	0	0	0
L1594786-R002	biblical_book	Lev	24	12		4Q23	1606668	f20	1	1594786				books/DSS-Leviticus.txt	610247	2715	1962939-1962945	7	1	79948b01c0a5775bd1f1b27b4bdc4e40c98fcc238aefc8ac85f2dcb6b67cf80c	linguistics/books/DSS-Leviticus-Linguistics.txt	918670	3186	2069d24ad52a96c27528f3a334dc9f3482c8c9187456190faa8ebd00d1886723	ALL_LETTER_SLOTS_RECONSTRUCTED	21	19	19	0	0	21	0	0	0	0	0	0	0
L1594787-R001	biblical_book	Lev	24	12		4Q23	1606668	f20	2	1594787				books/DSS-Leviticus.txt	612962	2028	1962946-1962949	4	1	ccfa14709b74ac76087e388ec797d1dabcc47aeb10d63388e08374f47c544119	linguistics/books/DSS-Leviticus-Linguistics.txt	921856	1929	b87c9e443a27b51a66bdbffe7e3a5b79a052de07d31572631dffc805a0faeda1	NO_LETTER_RECONSTRUCTION_MARKED	10	8	0	0	8	2	0	0	1	0	0	0	0
L1594788-R001	biblical_book	Lev	26	26		4Q23	1606668	f21i	1	1594788				books/DSS-Leviticus.txt	614990	3011	1962950-1962957	8	1	c37821bb8589d9dd5e093a8bb5cdcb1d7b1db7e1ad75c96caf195cc55df6db56	linguistics/books/DSS-Leviticus-Linguistics.txt	923785	3587	5068d521269f0df8fb58c8140ddc942e14bb501230b0ac18a224800a232bcde2	PARTLY_RECONSTRUCTED	22	18	16	2	0	20	2	1	1	0	0	0	0
L1594789-R001	biblical_book	Lev	26	26		4Q23	1606668	f21i	2	1594789				books/DSS-Leviticus.txt	618001	4326	1962958-1962974	17	1	52c89c760a1c2bda25cf4c1817db2fb7afc8073e82cedde8f6b94e477f698a49	linguistics/books/DSS-Leviticus-Linguistics.txt	927372	7332	c5d352938581e88d03649e94f388188bb8037baede53d9af9932d77e3af58d6a	PARTLY_RECONSTRUCTED	54	50	44	1	5	46	1	0	1	0	0	0	0
L1594790-R001	biblical_book	Lev	26	27		4Q23	1606668	f21i	3	1594790				books/DSS-Leviticus.txt	622327	3260	1962975-1962987	13	0	4e35e46ef3961433255794557db9dec6212e1c55c5595f8cfbe875cdf24eab34	linguistics/books/DSS-Leviticus-Linguistics.txt	934704	5425	28ca0d8b99090aabcf83ce9f6c86c5a54f186d99e048e72eb18371c4effd99bc	ALL_LETTER_SLOTS_RECONSTRUCTED	33	29	29	0	0	33	0	0	1	0	0	0	0
L1594790-R002	biblical_book	Lev	26	28		4Q23	1606668	f21i	3	1594790				books/DSS-Leviticus.txt	625587	2442	1962988-1962993	6	1	280949f16e5f8480c9d8c75a6d747c1ebf743c647378e5dabc714bd1f8d51a47	linguistics/books/DSS-Leviticus-Linguistics.txt	940129	2795	35d592dc7d0d5f3748aa6d5d2d4cb9f3d3fb1fa99d0c358b95e6a66110e90bba	PARTLY_RECONSTRUCTED	18	17	7	0	10	7	0	0	0	0	0	0	0
L1594791-R001	biblical_book	Lev	26	28		4Q23	1606668	f21i	4	1594791				books/DSS-Leviticus.txt	628029	2795	1962994-1963002	9	0	098aa012b3a87032878e3adfa2ab7b66cb599f342e41ba0b87f2c22af78046f1	linguistics/books/DSS-Leviticus-Linguistics.txt	942924	4063	51c8456dbafc54c061ce8fa58c7b72a9aa6f763351d12a52d7741205a17dd4e9	ALL_LETTER_SLOTS_RECONSTRUCTED	31	27	27	0	0	31	0	0	1	0	0	0	0
L1594791-R002	biblical_book	Lev	26	29		4Q23	1606668	f21i	4	1594791				books/DSS-Leviticus.txt	630824	2459	1963003-1963008	6	1	6722970133d99c7fd0b7b2c8cf125279e442f2c16bb0b0bc4d84a9fb25cd4a67	linguistics/books/DSS-Leviticus-Linguistics.txt	946987	2830	0b47656136b1cce83d3a6f0aefff2223bd7713621b1b0cd450926b10137e7bfe	PARTLY_RECONSTRUCTED	19	18	8	0	10	8	0	0	0	0	0	0	0
L1594792-R001	biblical_book	Lev	26	29		4Q23	1606668	f21i	5	1594792				books/DSS-Leviticus.txt	633283	1770	1963009-1963011	3	0	979fc048937f6e3c3ef5cba35b672bae24a255c95e3bd23bcfea59f56f390f2b	linguistics/books/DSS-Leviticus-Linguistics.txt	949817	1591	2617bea93bcff6d10517f16b411c3293b000dc6ecf05602aa9d5c6e73caf3f39	ALL_LETTER_SLOTS_RECONSTRUCTED	14	11	11	0	0	14	0	0	1	0	0	0	0
L1594792-R002	biblical_book	Lev	26	30		4Q23	1606668	f21i	5	1594792				books/DSS-Leviticus.txt	635053	3470	1963012-1963021	10	1	5475eec104694416b7df674f4ee53303a3a56ee8e6e5816950877f6b1aa9435f	linguistics/books/DSS-Leviticus-Linguistics.txt	951408	4493	75f7e737ce6ede06485f881e5e6d9708db34d3cd6434169d9e224c5ea155d677	PARTLY_RECONSTRUCTED	37	34	19	3	12	21	3	0	1	0	0	0	0
L1594793-R001	biblical_book	Lev	26	30		4Q23	1606668	f21i	6	1594793				books/DSS-Leviticus.txt	638523	3299	1963022-1963031	10	0	5b7217ee64144ef071307f22a8d8287ec606f9932dcadecea5e37782c246f5cc	linguistics/books/DSS-Leviticus-Linguistics.txt	955901	4556	dfb8b30ae14d7b66b4d43e94ba5e096cbd2c76de150a09c5c11d590c6797b787	PARTLY_RECONSTRUCTED	40	34	27	1	6	29	1	0	1	0	0	0	0
L1594793-R002	biblical_book	Lev	26	31		4Q23	1606668	f21i	6	1594793				books/DSS-Leviticus.txt	641822	2119	1963032-1963035	4	1	8a543d7eef85c5b7ad31319a011b22b3dcd735086ebfaa4b4fc297892bfae7fb	linguistics/books/DSS-Leviticus-Linguistics.txt	960457	1992	0a1c6620a26a0c1cb7cd783005bde0f7f8a9ffceb1e08ee9b2f11b190889a8c0	NO_LETTER_RECONSTRUCTION_MARKED	13	12	0	0	12	0	0	0	0	0	0	0	0
L1594794-R001	biblical_book	Lev	26	31		4Q23	1606668	f21i	7	1594794				books/DSS-Leviticus.txt	643941	3265	1963036-1963047	12	0	2a0af64e68c1f1aaf440f319a01372869891667e9560cd8f70d28ab7aba9003f	linguistics/books/DSS-Leviticus-Linguistics.txt	962449	5336	ec75f31fdfb6d573552d933509610cc2c60977e5a44496d4497b1a29aa7a5d84	PARTLY_RECONSTRUCTED	41	37	28	1	8	29	1	0	1	0	0	0	0
L1594794-R002	biblical_book	Lev	26	32		4Q23	1606668	f21i	7	1594794				books/DSS-Leviticus.txt	647206	1940	1963048-1963050	3	1	d424972180dfdaa029fe25cb3d0d041e3d0b4234e36983e63eebfca50dc77055	linguistics/books/DSS-Leviticus-Linguistics.txt	967785	1612	b90fa143b276db7fe8c98fa1a55eb8552258398778a868e63aa1e17c91e9ba22	NO_LETTER_RECONSTRUCTION_MARKED	9	9	0	2	7	0	2	0	0	0	0	0	0
L1594795-R001	biblical_book	Lev	26	32		4Q23	1606668	f21i	8	1594795				books/DSS-Leviticus.txt	649146	3115	1963051-1963061	11	0	489532b81050c40d93b6585393178240950c3da8dd801da83dce2fbcac76892e	linguistics/books/DSS-Leviticus-Linguistics.txt	969397	4744	93c851df5e018464712cd4cdc923ad7044a927fb59273f5baded69e0a59bcaab	PARTLY_RECONSTRUCTED	34	29	27	0	2	29	0	0	1	0	0	0	0
L1594795-R002	biblical_book	Lev	26	33		4Q23	1606668	f21i	8	1594795				books/DSS-Leviticus.txt	652261	2443	1963062-1963066	5	1	127c5e2565e920d31f4e22c2f3fd4ce0bde8b3e621efa5880b431537d2c160b2	linguistics/books/DSS-Leviticus-Linguistics.txt	974141	2419	21f9f4e87942cb270cbd13e9d6527d8e7ef2bcce3d5bb50622aca6da4a969fbb	NO_LETTER_RECONSTRUCTION_MARKED	15	14	0	2	12	0	2	0	0	0	0	0	0
L1594796-R001	biblical_book	Lev	26	33		4Q23	1606668	f21i	9	1594796				books/DSS-Leviticus.txt	654704	3950	1963067-1963079	13	1	5ee0be63d0ee8b934d098b809c2a5c694637776566f46c25a1ce1dba62f38da0	linguistics/books/DSS-Leviticus-Linguistics.txt	976560	5751	ea653cc3915b527dce9c0fe3e9da23a657de2166c61996e1d8d4fbee9d84d9c9	PARTLY_RECONSTRUCTED	49	44	27	1	16	29	1	0	1	0	0	0	0
L1594797-R001	biblical_book	Lev	27	5		4Q23	1606668	f21ii_23	1	1594797				books/DSS-Leviticus.txt	658654	2986	1963080-1963090	11	0	fc60a038a2d3639589904f28264a462a8791ae41f141a2f829dc98799d345e85	linguistics/books/DSS-Leviticus-Linguistics.txt	982311	4949	fdb80ff7fc2fc648bab3781bfd557f7bb70cb7e723faf1d466d60dca98c6cec0	PARTLY_RECONSTRUCTED	36	33	32	1	0	33	1	0	1	0	0	0	0
L1594797-R002	biblical_book	Lev	27	6		4Q23	1606668	f21ii_23	1	1594797				books/DSS-Leviticus.txt	661640	1995	1963091-1963094	4	1	be3aaf9151623ca8d6c8dc7b5f9d88e27320f1de92968d5cffc883f8d072f45c	linguistics/books/DSS-Leviticus-Linguistics.txt	987260	1931	137aea45f55db00c6e2a717237f187784f6c1aa3a3cae7dbf1e5e6cde7ee9ad4	PARTLY_RECONSTRUCTED	6	6	1	1	4	1	1	0	0	0	0	0	0
L1594798-R001	biblical_book	Lev	27	6		4Q23	1606668	f21ii_23	2	1594798				books/DSS-Leviticus.txt	663635	3506	1963095-1963107	13	1	d0c451928701d0b6e2b22fdb62525c278c4189a88e58ed0d331db9e09035d17c	linguistics/books/DSS-Leviticus-Linguistics.txt	989191	5679	c08854bcbe77b7749ba7fd5d2312097518256a726eff81b82e526e82c1ae493c	ALL_LETTER_SLOTS_RECONSTRUCTED	37	36	36	0	0	37	0	0	0	0	0	0	0
L1594799-R001	biblical_book	Lev	27	6		4Q23	1606668	f21ii_23	3	1594799				books/DSS-Leviticus.txt	667141	2629	1963108-1963116	9	0	8a1425075dea644bb73a0185d0d36b05031ba7a11d6d92460bbc067c7c053b69	linguistics/books/DSS-Leviticus-Linguistics.txt	994870	4076	e866ee8082d4761928a096414dbf3f35348a2d7014627f7bf38b028dc980e43c	ALL_LETTER_SLOTS_RECONSTRUCTED	28	25	25	0	0	28	0	0	1	0	0	0	0
L1594799-R002	biblical_book	Lev	27	7		4Q23	1606668	f21ii_23	3	1594799				books/DSS-Leviticus.txt	669770	2748	1963117-1963122	6	2	09ccf4f78cfc07ee362123a01f0090da118b2c28b541cc718ec7c29fb30e2fbd	linguistics/books/DSS-Leviticus-Linguistics.txt	998946	2808	080a1b4668cb4e0fcfc2f51e85193dabc2dfa12aa9d1a9600bcfd6264bc5a287	PARTLY_RECONSTRUCTED	13	13	10	3	0	10	3	0	0	0	0	0	0
L1594800-R001	biblical_book	Lev	27	7		4Q23	1606668	f21ii_23	4	1594800				books/DSS-Leviticus.txt	672518	4106	1963123-1963138	16	1	81a7b69c2759c075d3822d7c61a12797758611c92fa2b0f8510573120c27b522	linguistics/books/DSS-Leviticus-Linguistics.txt	1001754	6910	ee4b85ea22e67db2273a23bbfb77d2e5811a4ad781b3ec7e4fa5a8ea5ed8d4d1	PARTLY_RECONSTRUCTED	47	43	38	0	5	42	0	0	1	0	0	0	0
L1594801-R001	biblical_book	Lev	27	8		4Q23	1606668	f21ii_23	5	1594801				books/DSS-Leviticus.txt	676624	4556	1963139-1963157	19	1	0f71511fc4e0ffa3b0d6fbdf52065ac2e60f135b704dd01b3a1ea58ef3fff708	linguistics/books/DSS-Leviticus-Linguistics.txt	1008664	7911	f7021ddb3f18c2a4c2bb6c0c96c5a7999036e199f040c647058cb26393064677	ALL_LETTER_SLOTS_RECONSTRUCTED	48	45	45	0	0	48	0	0	0	0	0	0	0
L1594802-R001	biblical_book	Lev	27	8		4Q23	1606668	f21ii_23	6	1594802				books/DSS-Leviticus.txt	681180	2923	1963158-1963166	9	0	3467f3adb1188496ccf984b0ecae8d544cbeb95e9c7e5e56d761d11140a5491b	linguistics/books/DSS-Leviticus-Linguistics.txt	1016575	4008	34c679f9b3cbec902281473bed4c38028015dca15f71ca920493ee52e029d790	PARTLY_RECONSTRUCTED	27	24	14	8	2	16	8	0	1	0	0	0	0
L1594802-R002	biblical_book	Lev	27	9		4Q23	1606668	f21ii_23	6	1594802				books/DSS-Leviticus.txt	684103	2022	1963167-1963170	4	1	d70bd7f5a8853eaa3b9b42ee601dc4df813360ac62d8529c9278d5a461183f65	linguistics/books/DSS-Leviticus-Linguistics.txt	1020583	2017	ab8fcce977e7128a2a4f748a4248b3ca06d38cbae7a1acb61d20c5ea2c92157a	ALL_LETTER_SLOTS_RECONSTRUCTED	10	10	10	0	0	10	0	0	0	0	0	0	0
L1594803-R001	biblical_book	Lev	27	9		4Q23	1606668	f21ii_23	7	1594803				books/DSS-Leviticus.txt	686125	3921	1963171-1963182	12	1	f625258a26715d92dbfcf602e21877516dcac12de5a52f2c62b1d9f8a05ff84e	linguistics/books/DSS-Leviticus-Linguistics.txt	1022600	5320	3fc56240a048cf67666e280ba775d5b2ac8e0310410dd0aedc7a39004984b82b	PARTLY_RECONSTRUCTED	42	40	24	7	9	25	7	0	0	0	0	0	0
L1594804-R001	biblical_book	Lev	27	9		4Q23	1606668	f21ii_23	8	1594804				books/DSS-Leviticus.txt	690046	1502	1963183-1963184	2	0	2ae844761033f504e6a7b17f75570f58035068e73a4c60423673115780ae04f4	linguistics/books/DSS-Leviticus-Linguistics.txt	1027920	1164	cfda252de98331df27726141ca66725014c44de328d9eea36841562fb4e56099	NO_LETTER_RECONSTRUCTION_MARKED	5	3	0	2	1	2	2	0	1	0	0	0	0
L1594804-R002	biblical_book	Lev	27	10		4Q23	1606668	f21ii_23	8	1594804				books/DSS-Leviticus.txt	691548	4049	1963185-1963199	15	1	4e478d57d96484305e44640634271959366db2d69bbad367c59447f9d6b4b04b	linguistics/books/DSS-Leviticus-Linguistics.txt	1029084	6333	498387a5796d097904272a2e781fe0d0025d79c6ad121f6e9928b14e3c1a2aa0	PARTLY_RECONSTRUCTED	39	36	21	3	12	22	3	0	1	0	0	0	0
L1594805-R001	biblical_book	Lev	27	10		4Q23	1606668	f21ii_23	9	1594805				books/DSS-Leviticus.txt	695597	3535	1963200-1963212	13	0	a0b28eba95ae5b4d41c712f6c6a92b6235f502fc304552c0e3528871b73830ce	linguistics/books/DSS-Leviticus-Linguistics.txt	1035417	5732	e3b165f071c543df3b583fad10e2fbe4f193b0d4e3abfddbea3bd5b226412146	PARTLY_RECONSTRUCTED	40	37	26	5	6	29	5	0	1	0	0	0	0
L1594805-R002	biblical_book	Lev	27	11		4Q23	1606668	f21ii_23	9	1594805				books/DSS-Leviticus.txt	699132	1704	1963213-1963214	2	1	90c1fb846a4b868801f106082665f55750937067846f3e911f199f37a9f65364	linguistics/books/DSS-Leviticus-Linguistics.txt	1041149	1150	ae6124bdfe6056c07a7eb8ee4a740ff37a794824c0698407d4f18f24aa7d056b	ALL_LETTER_SLOTS_RECONSTRUCTED	3	3	3	0	0	3	0	0	0	0	0	0	0
L1594806-R001	biblical_book	Lev	27	11		4Q23	1606668	f21ii_23	10	1594806				books/DSS-Leviticus.txt	700836	3243	1963215-1963224	10	1	1cb8e1319e9122be4e555079facc0cb2cd605ce868ca777ab614c28d0340672a	linguistics/books/DSS-Leviticus-Linguistics.txt	1042299	4559	c5f1a8c20d6da8975d2cad7e9a77ea3160ab6287e46534cee0ffdab77789a668	PARTLY_RECONSTRUCTED	35	34	21	2	11	22	2	0	0	0	0	0	0
L1594807-R001	biblical_book	Lev	27	11		4Q23	1606668	f21ii_23	11	1594807				books/DSS-Leviticus.txt	704079	2638	1963225-1963234	10	0	82edc64ce7e3880284485448bb80de48cdb19a975bb3c1fc86c0ce59c7dbc30b	linguistics/books/DSS-Leviticus-Linguistics.txt	1046858	4336	03f004f946690d23ce63287783f31aa62c28f7d39ef5e09783932d72d80d9139	PARTLY_RECONSTRUCTED	23	21	3	2	16	5	2	0	1	0	0	0	0
L1594807-R002	biblical_book	Lev	27	12		4Q23	1606668	f21ii_23	11	1594807				books/DSS-Leviticus.txt	706717	2453	1963235-1963240	6	1	5d5fd0a4f519c7f6fa629b24067d6dee3242d629653b34a49102d6e4962dba98	linguistics/books/DSS-Leviticus-Linguistics.txt	1051194	2805	288c5274c84a71234425410cc504a742d9f4bb711e6e59e1091d913791b62112	ALL_LETTER_SLOTS_RECONSTRUCTED	17	16	16	0	0	17	0	0	0	0	0	0	0
L1594808-R001	biblical_book	Lev	27	12		4Q23	1606668	f21ii_23	12	1594808				books/DSS-Leviticus.txt	709170	2893	1963241-1963251	11	0	f99db12e9d37d541e57fb6962eacf3fdd4cf63c984bd1161a31ee2290c587c6a	linguistics/books/DSS-Leviticus-Linguistics.txt	1053999	4761	ede1c7395c1da912b975c7b15d47699354fe61840bdec4acbb213540349a9a62	PARTLY_RECONSTRUCTED	27	24	16	1	7	19	1	0	1	0	0	0	0
L1594808-R002	biblical_book	Lev	27	13		4Q23	1606668	f21ii_23	12	1594808				books/DSS-Leviticus.txt	712063	2183	1963252-1963255	4	1	601c3fbc6f7fe1a8ed827787be4fd45c4aa2e39eb1cae14796501c68da8461df	linguistics/books/DSS-Leviticus-Linguistics.txt	1058760	2001	b74f3c4909a509f87b324369b44b474893cfcb288ea58b4da701e7964aa9d012	ALL_LETTER_SLOTS_RECONSTRUCTED	13	12	12	0	0	13	0	0	0	0	0	0	0
L1594809-R001	biblical_book	Lev	27	13		4Q23	1606668	f21ii_23	13	1594809				books/DSS-Leviticus.txt	714246	2306	1963256-1963261	6	0	bc769d53fe9214dce26c9d5e6cb0cf097e3f5a0c9bce7cb06775e0b006dfde7f	linguistics/books/DSS-Leviticus-Linguistics.txt	1060761	2841	256629a87086b50eea840b11a4c6c9b6d1db372f7855ab8eb00885f4e6d4e919	PARTLY_RECONSTRUCTED	20	16	10	1	5	13	1	0	1	0	0	0	0
L1594810-R001	biblical_book	Lev	27	14		4Q23	1606668	f24_26	1	1594810				books/DSS-Leviticus.txt	716552	4500	1963262-1963281	20	0	935cb143e5a977cf3db253895793eea4c698c8b617089399fd1329841d19a4ee	linguistics/books/DSS-Leviticus-Linguistics.txt	1063602	8391	d94a2022b01f34a7cd47de9876a5ab9f7e65722540c1fbfc4f265f56072b84be	PARTLY_RECONSTRUCTED	54	50	37	7	6	38	7	0	1	0	0	0	0
L1594810-R002	biblical_book	Lev	27	15		4Q23	1606668	f24_26	1	1594810				books/DSS-Leviticus.txt	721052	2051	1963282-1963285	4	1	85777b10068adcc6697544e8344cdd7947dec7c7278c0fedde0c47f55d48fba3	linguistics/books/DSS-Leviticus-Linguistics.txt	1071993	1935	5d230ba2ff2dcdef57c4528e07e1624295b11d78e171623b64c349f2b407db8d	NO_LETTER_RECONSTRUCTION_MARKED	9	9	0	2	7	0	2	0	0	0	0	0	0
L1594811-R001	biblical_book	Lev	27	15		4Q23	1606668	f24_26	2	1594811				books/DSS-Leviticus.txt	723103	3787	1963286-1963298	13	0	7f1c4ab0477ee2907da122579a159a85f7c916541b56cbe69f0dc0fa2749cb31	linguistics/books/DSS-Leviticus-Linguistics.txt	1073928	5689	980d283de5fa27f0a56e1fea0b5fe15a27e14def27e4c56d29b7542ca5b32050	PARTLY_RECONSTRUCTED	43	37	28	3	6	33	3	0	1	0	0	0	0
L1594811-R002	biblical_book	Lev	27	16		4Q23	1606668	f24_26	2	1594811				books/DSS-Leviticus.txt	726890	2811	1963299-1963305	7	1	899e30ae6cb4f8ce18dd668a84b9bcad4240ee6561028cbac969c3e226c11bdf	linguistics/books/DSS-Leviticus-Linguistics.txt	1079617	3279	45acfb39a16d1cd9a9d5b79a4ae23451ad3f084c1fb8a53ea5014b498803dce3	PARTLY_RECONSTRUCTED	21	20	6	3	11	6	3	0	0	0	0	0	0
L1594812-R001	biblical_book	Lev	27	16		4Q23	1606668	f24_26	3	1594812				books/DSS-Leviticus.txt	729701	3794	1963306-1963321	16	0	6de4ce616d9f01bedbcad44edfea58527716c736b3fd4bd49aaab7d5b7182b3c	linguistics/books/DSS-Leviticus-Linguistics.txt	1082896	6926	200ac6c245f1ceb6cde7aa4640a573de275bb9003796f3fad2d211c9172fd03d	PARTLY_RECONSTRUCTED	47	43	39	0	4	41	0	0	1	0	0	0	0
L1594812-R002	biblical_book	Lev	27	17		4Q23	1606668	f24_26	3	1594812				books/DSS-Leviticus.txt	733495	2275	1963322-1963327	6	1	63d9abf4cb33b9f4ed289ba19b79d860e1054c55efcbbff88773c6c1a86956be	linguistics/books/DSS-Leviticus-Linguistics.txt	1089822	2744	fcaf9aa4b9122ae81387275f2f2508a3b65f50bca1789772c85088e9dea58db2	PARTLY_RECONSTRUCTED	11	11	2	1	8	2	1	0	0	0	0	0	0
L1594813-R001	biblical_book	Lev	27	17		4Q23	1606668	f24_26	4	1594813				books/DSS-Leviticus.txt	735770	2333	1963328-1963333	6	0	7a206eb6ca54548a5c0bebfca69b1909f9b706302556e1b51803699984442c6d	linguistics/books/DSS-Leviticus-Linguistics.txt	1092566	2816	9041e42d47802d7a67a2c2c820d568d8ef6bb35724c4e997c2a1f2236d2e5808	ALL_LETTER_SLOTS_RECONSTRUCTED	22	18	18	0	0	22	0	0	1	0	0	0	0
L1594813-R002	biblical_book	Lev	27	18		4Q23	1606668	f24_26	4	1594813				books/DSS-Leviticus.txt	738103	3899	1963334-1963348	15	1	52f0f0c135d8d80ac9252bad898bf0385d5d49fbdc2b6ca16a85cab958d25d71	linguistics/books/DSS-Leviticus-Linguistics.txt	1095382	6345	18d5e1ab1c9fc7abfe53dd0f41f68f9c2181dfc4d5e320adb2d2706c6e7dd609	PARTLY_RECONSTRUCTED	37	35	24	1	10	25	1	0	0	0	0	0	0
L1594814-R001	biblical_book	Lev	27	18		4Q23	1606668	f24_26	5	1594814				books/DSS-Leviticus.txt	742002	3429	1963349-1963363	15	0	75fac4e6ca90fcab682ac8774daed2a69a27b16696968ca90a79bce91971444c	linguistics/books/DSS-Leviticus-Linguistics.txt	1101727	6308	6dd4610a8809f21057078aca0973bc7a7f772373cbd234f7501abbeefb5a4155	ALL_LETTER_SLOTS_RECONSTRUCTED	37	34	34	0	0	37	0	0	1	0	0	0	0
L1594814-R002	biblical_book	Lev	27	19		4Q23	1606668	f24_26	5	1594814				books/DSS-Leviticus.txt	745431	2818	1963364-1963372	9	1	87e03b31c64fdd21236d607de862717ac1733ffdcb4ababce6414336fe068e70	linguistics/books/DSS-Leviticus-Linguistics.txt	1108035	3953	4155cf598b4e6f3f4577f86dd642486f0de56048fd007eae013d25e4e9b6b57b	PARTLY_RECONSTRUCTED	22	22	15	1	6	15	1	0	0	0	0	0	0
L1594815-R001	biblical_book	Lev	27	19		4Q23	1606668	f24_26	6	1594815				books/DSS-Leviticus.txt	748249	3284	1963373-1963383	11	0	e7ef000939b67e93e6be13a30cce73924b9479b7ec5aa5e9e986317726d62ab4	linguistics/books/DSS-Leviticus-Linguistics.txt	1111988	4803	8d451ce3400563d89141b5a0ef65ac615d8a12f7653a524258680308849a2217	ALL_LETTER_SLOTS_RECONSTRUCTED	34	28	28	0	0	34	0	0	1	0	0	0	0
L1594815-R002	biblical_book	Lev	27	20		4Q23	1606668	f24_26	6	1594815				books/DSS-Leviticus.txt	751533	3503	1963384-1963396	13	1	fa624a74f2da484d4c38ce5ad87e8a83165d53bdf7ec3c458660e95c43da841a	linguistics/books/DSS-Leviticus-Linguistics.txt	1116791	5482	91ff51494403692e39052005e6a93d54b9ad747c03da2b1e9eea6afcd24d32f7	PARTLY_RECONSTRUCTED	27	27	22	5	0	22	5	0	0	0	0	0	0
L1594816-R001	biblical_book	Lev	27	20		4Q23	1606668	f24_26	7	1594816				books/DSS-Leviticus.txt	755036	2203	1963397-1963403	7	0	3d756e20659a46e1d6caa45702ca9f3c9d1d16e498827add1c869c02736463f1	linguistics/books/DSS-Leviticus-Linguistics.txt	1122273	3145	ff88a6c5beb1a3700374ced0e41f0386836b0905279cc73b4b4ab574cf8b8ad2	PARTLY_RECONSTRUCTED	18	16	12	1	3	12	1	0	1	0	0	0	0
L1594816-R002	biblical_book	Lev	27	21		4Q23	1606668	f24_26	7	1594816				books/DSS-Leviticus.txt	757239	4185	1963404-1963421	18	1	4a66a6c6de52b3774878852bd1a15f9b959dd4d425d6633d80f31676898155df	linguistics/books/DSS-Leviticus-Linguistics.txt	1125418	7543	195b8e9d4d5377399b6b9e279813e86fc77aaf2a687849ac016cedc4abf12c4b	PARTLY_RECONSTRUCTED	42	41	39	2	0	40	2	0	0	0	0	0	0
L1594817-R001	biblical_book	Lev	27	21		4Q23	1606668	f24_26	8	1594817				books/DSS-Leviticus.txt	761424	1580	1963422-1963423	2	0	c961c3fdb992ba8da2bd0bccd3adcee1346db55900c0f06764509d2304e1ea19	linguistics/books/DSS-Leviticus-Linguistics.txt	1132961	1212	35908f2396c0edcf3bfa569a2c99cf8fe4f504b6701883e5380dbc0d357474c5	ALL_LETTER_SLOTS_RECONSTRUCTED	8	5	5	0	0	8	0	0	1	0	0	0	0
L1594817-R002	biblical_book	Lev	27	22		4Q23	1606668	f24_26	8	1594817				books/DSS-Leviticus.txt	763004	3975	1963424-1963437	14	1	b8095b212ce4b8022a6fcd72f085a08df2ee0fa13af6efd5a2b9e1285723b321	linguistics/books/DSS-Leviticus-Linguistics.txt	1134173	6054	23691f606197f5835dd7f8fa6b4b53cb3cb29fbffec29176d8631f5b33ca2cb2	PARTLY_RECONSTRUCTED	41	37	32	2	3	36	2	0	1	0	0	0	0
L1595044-R001	biblical_book	Lev	1	11		4Q24	1606669	f1_7	12	1595044				books/DSS-Leviticus.txt	767029	3855	1966734-1966747	14	1	870779c014075b9a351d3bb17c1d09a0dcfcd0a9d7145f3c3bdc82ae7fae516f	linguistics/books/DSS-Leviticus-Linguistics.txt	1140277	6038	47615eeb1614d106639b529b5c7de9b82f91e3243102699d398d563f6c326370	PARTLY_RECONSTRUCTED	38	34	32	2	0	35	2	1	1	0	0	0	0
L1595045-R001	biblical_book	Lev	1	11		4Q24	1606669	f1_7	13	1595045				books/DSS-Leviticus.txt	770884	2948	1966748-1966759	12	0	eb9e4dd16f84584a99afa204e85c5d9433f52cd3b206e3717100bc9a2dd540d2	linguistics/books/DSS-Leviticus-Linguistics.txt	1146315	5206	8aff2f6067bd9b242c137cedbbb86c2f279be2d725412c52ca867c6ff905b72e	PARTLY_RECONSTRUCTED	31	29	21	1	7	23	1	0	1	0	0	0	0
L1595045-R002	biblical_book	Lev	1	12		4Q24	1606669	f1_7	13	1595045				books/DSS-Leviticus.txt	773832	2994	1966760-1966767	8	1	1278102e67de999b78b0de28f37237c57fabfb8df8e61dd7e7325aa5c5c986e4	linguistics/books/DSS-Leviticus-Linguistics.txt	1151521	3557	a4cff00e9d5196ff4a3ab06c231d5b36dd6288e7d7e5f04b737b3c07c86f651c	ALL_LETTER_SLOTS_RECONSTRUCTED	23	20	20	0	0	23	0	0	0	0	0	0	0
L1595046-R001	biblical_book	Lev	1	12		4Q24	1606669	f1_7	14	1595046				books/DSS-Leviticus.txt	776826	4372	1966768-1966787	20	0	23d22690dfe75e7c274fa6ac5a542e5b993628b00648dd94f053f3163e5a9bb9	linguistics/books/DSS-Leviticus-Linguistics.txt	1155078	8275	773923e07cb71623da79874abeca00041877ae1bd147f5723616a90a5a5bb31a	PARTLY_RECONSTRUCTED	47	43	31	2	10	34	2	0	1	0	0	0	0
L1595046-R002	biblical_book	Lev	1	13		4Q24	1606669	f1_7	14	1595046				books/DSS-Leviticus.txt	781198	1832	1966788-1966790	3	1	e24d10cca2df4bed726c7147971ac8164cdc00cffbe03821c43d678293a525be	linguistics/books/DSS-Leviticus-Linguistics.txt	1163353	1536	9cb870dba8b27d75c936b57584b204c1054b2ede90e70e664ec89eb32d614508	ALL_LETTER_SLOTS_RECONSTRUCTED	5	5	5	0	0	5	0	0	0	0	0	0	0
L1595047-R001	biblical_book	Lev	1	13		4Q24	1606669	f1_7	15	1595047				books/DSS-Leviticus.txt	783030	4675	1966791-1966810	20	1	0cf990d18c20285038e161d3b97c45b0a7480a3d5b023618855f395b8111b0c1	linguistics/books/DSS-Leviticus-Linguistics.txt	1164889	8404	cd43960100148d5c8f0ce98c113667b55b832475f11f429792188aefdf074aef	PARTLY_RECONSTRUCTED	53	51	36	2	13	38	2	0	1	0	0	0	0
L1595048-R001	biblical_book	Lev	1	13		4Q24	1606669	f1_7	16	1595048				books/DSS-Leviticus.txt	787705	3017	1966811-1966815	5	3	f463b93ccc670b7b3512c5572bbdee396913db9163e93122927cdb19e2a65386	linguistics/books/DSS-Leviticus-Linguistics.txt	1173293	2401	a7330028356ed9f0afb0bc94e168a6773f034e1a0aef567aa055ab329d1e5e76	PARTLY_RECONSTRUCTED	15	13	4	2	7	4	2	0	1	0	0	0	0
L1595049-R001	biblical_book	Lev	1	14		4Q24	1606669	f1_7	17	1595049				books/DSS-Leviticus.txt	790722	5028	1966816-1966837	22	1	8c3933a9bcfd4c11bf1084dac39ac43f121713848992a33ca8fb75df82ae5864	linguistics/books/DSS-Leviticus-Linguistics.txt	1175694	9138	04b475b09db72fe841454ae283a36d859640f66be83845877455b28338f5c129	PARTLY_RECONSTRUCTED	59	55	33	1	21	36	1	0	1	0	0	0	0
L1595050-R001	biblical_book	Lev	1	15		4Q24	1606669	f1_7	18	1595050				books/DSS-Leviticus.txt	795750	4975	1966838-1966856	19	1	bd97774cd9ec2ee5d5615065b52b9c840c2da73f4602f9a14ff341dc2f1c75da	linguistics/books/DSS-Leviticus-Linguistics.txt	1184832	8026	0f266be79cbf9caea39b07c76f1079a0c53977af029a445342dd811640e956e1	PARTLY_RECONSTRUCTED	54	50	31	5	14	34	5	0	0	0	0	0	0
L1595051-R001	biblical_book	Lev	1	15		4Q24	1606669	f1_7	19	1595051				books/DSS-Leviticus.txt	800725	1744	1966857-1966860	4	0	08930a08ac2b706d98c9c30ade06f85ec0ed564dac7ff3363c9bbac9e4d6afed	linguistics/books/DSS-Leviticus-Linguistics.txt	1192858	1973	33f47873a168234106bd443eaf533d6ce4ec48c8630ae23ec84259efed0bb9c5	PARTLY_RECONSTRUCTED	10	8	7	0	1	7	0	0	1	0	0	0	0
L1595051-R002	biblical_book	Lev	1	16		4Q24	1606669	f1_7	19	1595051				books/DSS-Leviticus.txt	802469	4137	1966861-1966874	14	1	3292516ea87c8c5396a05518b5bbab1b75f37b754204da5f49121072d2bb2018	linguistics/books/DSS-Leviticus-Linguistics.txt	1194831	6118	5d40d0fa30d32938232c5389fb2873d0b6cec3a19eb18499de0517e4f03ba006	PARTLY_RECONSTRUCTED	44	40	23	3	14	25	3	0	0	0	0	0	0
L1595052-R001	biblical_book	Lev	1	16		4Q24	1606669	f1_7	20	1595052				books/DSS-Leviticus.txt	806606	1687	1966875-1966878	4	0	ebc4e7451744d02437debe64296afd76bac7c2abe9b8c1ac55888907cbe7972a	linguistics/books/DSS-Leviticus-Linguistics.txt	1200949	1960	ad3cb28c4af95c797a45d970863c6e629e3e5990699024f2a63f15c62d3bb392	PARTLY_RECONSTRUCTED	10	8	4	0	4	4	0	0	1	0	0	0	0
L1595052-R002	biblical_book	Lev	1	17		4Q24	1606669	f1_7	20	1595052				books/DSS-Leviticus.txt	808293	4312	1966879-1966894	16	1	13f9acf09380a7a1c22ef651e42d61799281d99fc0bdde1a0931040791585e5c	linguistics/books/DSS-Leviticus-Linguistics.txt	1202909	6795	435ce122e6b059be88278b92f0685f0c891d5b6475b3d561d55b7effc3e346d2	PARTLY_RECONSTRUCTED	47	43	21	1	21	23	1	0	0	0	0	0	0
L1595053-R001	biblical_book	Lev	1	17		4Q24	1606669	f1_7	21	1595053				books/DSS-Leviticus.txt	812605	4086	1966895-1966907	13	2	4b6dc0fd1f84326b6066cf3a58aecff548d79943340a5994f3ccb8f041d0b330	linguistics/books/DSS-Leviticus-Linguistics.txt	1209704	5579	339fd6ea21a46cd73d6eb3c954c466d07e54f78e711558b043ce4caed69c8357	PARTLY_RECONSTRUCTED	34	32	7	5	20	9	5	0	1	0	0	0	0
L1595054-R001	biblical_book	Lev	2	1		4Q24	1606669	f1_7	22	1595054				books/DSS-Leviticus.txt	816691	4447	1966908-1966924	17	1	149bb90cfe1b22d69f0fdbbafe4989586d38e0792f24d4f26ecd429ac8ce6fef	linguistics/books/DSS-Leviticus-Linguistics.txt	1215283	7350	c9c0073098042f1a4231f94704c1958137e25a1d736f90c7b36ef098d891529b	PARTLY_RECONSTRUCTED	53	51	30	3	18	32	3	0	0	0	0	0	0
L1595055-R001	biblical_book	Lev	2	1		4Q24	1606669	f1_7	23	1595055				books/DSS-Leviticus.txt	821138	1747	1966925-1966927	3	0	272dd52dbfa9526e878348bc53e3b78ae9c61c6cc4a17b52ba9706c2476ea04f	linguistics/books/DSS-Leviticus-Linguistics.txt	1222633	1594	79b0737fe32805e4a46d69229b26c4954daf139335725cbabf9652e0de0614a5	ALL_LETTER_SLOTS_RECONSTRUCTED	12	9	9	0	0	12	0	0	1	0	0	0	0
L1595055-R002	biblical_book	Lev	2	2		4Q24	1606669	f1_7	23	1595055				books/DSS-Leviticus.txt	822885	4087	1966928-1966942	15	1	6802e10ad2bf12ddad3bdde49cc82053d8483b239f044ac5a9251d188ecc8dd8	linguistics/books/DSS-Leviticus-Linguistics.txt	1224227	6396	8093895a2c91c57ae897eb6fdbbb6dbcf67d5a875d513f70255f825d7b9a5b24	PARTLY_RECONSTRUCTED	43	40	31	1	8	34	1	0	0	0	0	0	0
L1595056-R001	biblical_book	Lev	2	2		4Q24	1606669	f1_7	24	1595056				books/DSS-Leviticus.txt	826972	4729	1966943-1966959	17	1	918e4a8a4c231be69f7169fc2fe8a97551344e149205b62b60bf021ca9356f47	linguistics/books/DSS-Leviticus-Linguistics.txt	1230623	7449	82b5def13da41d0bfe1280209c735d071a5a10698f43db7173fba0cc2f8d709e	PARTLY_RECONSTRUCTED	55	51	43	4	4	46	4	0	0	0	0	0	0
L1595057-R001	biblical_book	Lev	2	2		4Q24	1606669	f1_7	25	1595057				books/DSS-Leviticus.txt	831701	1564	1966960-1966962	3	0	0da6d210042d7ac1d6f1df64d93a622291e3b786c64c265f701b198b45c41945	linguistics/books/DSS-Leviticus-Linguistics.txt	1238072	1503	62c49b0d9dfee4ad64b4e834d93bafb6ce03ce79e5d193ec847a550e7a95a4ee	ALL_LETTER_SLOTS_RECONSTRUCTED	7	5	5	0	0	7	0	0	1	0	0	0	0
L1595057-R002	biblical_book	Lev	2	3		4Q24	1606669	f1_7	25	1595057				books/DSS-Leviticus.txt	833265	4517	1966963-1966979	17	2	7386296e98eaf9be343f2a5da57fb07f5ea540c9ca99b5231fdc5c5a24a32ca6	linguistics/books/DSS-Leviticus-Linguistics.txt	1239575	7117	a7919cfd45135f5c549368df1e55b7e02a3a0a6eac7a5cbefd7da30494e72d2d	PARTLY_RECONSTRUCTED	44	41	39	2	0	41	2	0	1	0	0	0	0
L1595058-R001	biblical_book	Lev	2	4		4Q24	1606669	f1_7	26	1595058				books/DSS-Leviticus.txt	837782	3935	1966980-1966995	16	1	91afc839896cf8606a8d83e94856b0cdbc4bd781dcd00c70768fab413e8c1046	linguistics/books/DSS-Leviticus-Linguistics.txt	1246692	7114	cc2eb5b2935d68f44fa4547d925fa5d2ee94032b8a87a59bc9bca6ae6143cd71	ALL_LETTER_SLOTS_RECONSTRUCTED	53	53	53	0	0	53	0	0	0	0	0	0	0
L1595059-R001	biblical_book	Lev	2	4		4Q24	1606669	f1_7	27	1595059				books/DSS-Leviticus.txt	841717	1731	1966996-1966999	4	0	db7aada74b45d741fbcab953893ac26d194d9f869d195cb1a92fb44d1eed2ac2	linguistics/books/DSS-Leviticus-Linguistics.txt	1253806	1939	1196071d07b18d30569ced7416088da01c9f621050a965f8d586198eb32db296	ALL_LETTER_SLOTS_RECONSTRUCTED	11	9	9	0	0	11	0	0	1	0	0	0	0
L1595059-R002	biblical_book	Lev	2	5		4Q24	1606669	f1_7	27	1595059				books/DSS-Leviticus.txt	843448	3553	1967000-1967013	14	0	7e2f1169a04abfdaee5e5538a6efee2b47be4ff3e56310faf48a3ad682967cfd	linguistics/books/DSS-Leviticus-Linguistics.txt	1255745	6086	5e789cb40e6a9b4e3456016b48f61c115cfe1346d6d753f4f56dac8124ef1fd6	PARTLY_RECONSTRUCTED	41	38	27	3	8	29	3	0	1	0	0	0	0
L1595059-R003	biblical_book	Lev	2	6		4Q24	1606669	f1_7	27	1595059				books/DSS-Leviticus.txt	847001	1582	1967014	1	1	722ffa75b6db63dbc92e04c057612c814b42d5bfc63d363c42404d09ca8f59fb	linguistics/books/DSS-Leviticus-Linguistics.txt	1261831	795	695d5dc1aa49ae2b165a2e25b647d806f459478dd30ac328c39a6fedb71f3fe0	ALL_LETTER_SLOTS_RECONSTRUCTED	4	4	4	0	0	4	0	0	0	0	0	0	0
L1595060-R001	biblical_book	Lev	2	6		4Q24	1606669	f1_7	28	1595060				books/DSS-Leviticus.txt	848583	2977	1967015-1967023	9	0	61e34d92e766747707df82b388f13f7be222f106cb5a2782aa3f47e8fc2c341a	linguistics/books/DSS-Leviticus-Linguistics.txt	1262626	4019	5f488df2cd80748e8eadd8bd61620d672bb001b33eb109f7cfc7589229fde471	PARTLY_RECONSTRUCTED	30	26	14	3	9	16	3	0	1	0	0	0	0
L1595060-R002	biblical_book	Lev	2	7		4Q24	1606669	f1_7	28	1595060				books/DSS-Leviticus.txt	851560	2780	1967024-1967031	8	1	e14d54b369c72dfda95f2851fb9fd3db30f804c9c51185cb43c001a09963d543	linguistics/books/DSS-Leviticus-Linguistics.txt	1266645	3737	0ffecf37681866d3adf125d844306a467681c53fe0e1cafe66ec4fcec60bbe92	ALL_LETTER_SLOTS_RECONSTRUCTED	25	24	24	0	0	25	0	0	0	0	0	0	0
L1595061-R001	biblical_book	Lev	2	7		4Q24	1606669	f1_7	29	1595061				books/DSS-Leviticus.txt	854340	1412	1967032-1967033	2	0	f3b980e909ccf00b12b27e0316163872964b05a9fab4c29db4565043d7f3b6ed	linguistics/books/DSS-Leviticus-Linguistics.txt	1270382	1139	1575120d6037507a777d6c7fbf6a27a7003f5f6c13ff048a95c10925e4141edf	NO_LETTER_RECONSTRUCTION_MARKED	6	4	0	0	4	0	0	0	1	0	0	0	0
L1595061-R002	biblical_book	Lev	2	8		4Q24	1606669	f1_7	29	1595061				books/DSS-Leviticus.txt	855752	4501	1967034-1967051	18	1	51d0c115c922a3858acbf09b51961561f9865aa6a9bef8ff29887eba90bd5f70	linguistics/books/DSS-Leviticus-Linguistics.txt	1271521	7547	fa2ce2212a222436408babf706baa8b3b7bff66b622c9f3abfe5241cb3d34d6e	PARTLY_RECONSTRUCTED	49	47	34	3	10	36	3	0	0	0	0	0	0
L1595062-R001	biblical_book	Lev	2	8		4Q24	1606669	f1_7	30	1595062				books/DSS-Leviticus.txt	860253	1791	1967052-1967055	4	0	209b6469458bbd704ef3463a884dfc34ad690e2346016f610f3d91206fd48820	linguistics/books/DSS-Leviticus-Linguistics.txt	1279068	1937	53e708e285526e1de97e68ec8dc44e1830bd3ad241be6ee66066d949a00f1f5e	NO_LETTER_RECONSTRUCTION_MARKED	9	7	0	1	6	0	1	0	1	0	0	0	0
L1595062-R002	biblical_book	Lev	2	9		4Q24	1606669	f1_7	30	1595062				books/DSS-Leviticus.txt	862044	3972	1967056-1967070	15	1	0cf0aec7e64a5c5b4df40daa01d0027d89037d7b5b9bdc246876277945fcb55b	linguistics/books/DSS-Leviticus-Linguistics.txt	1281005	6507	8fa361ae035e4ccb9ef46533bbf95ba724e032e99b7d9815dec566a583bfb5a6	PARTLY_RECONSTRUCTED	44	42	35	1	6	37	1	0	0	0	0	0	0
L1595063-R001	biblical_book	Lev	2	9		4Q24	1606669	f1_7	31	1595063				books/DSS-Leviticus.txt	866016	1701	1967071-1967074	4	0	c1c52cf1fdded89de1f5f9b10ea3daae8b41f306950078b223acf765d89e3845	linguistics/books/DSS-Leviticus-Linguistics.txt	1287512	1960	36860ed91473c16449d5350416818667af0f6003e6f13327730836fadd1682ba	NO_LETTER_RECONSTRUCTION_MARKED	12	10	0	0	10	0	0	0	1	0	0	0	0
L1595063-R002	biblical_book	Lev	2	10		4Q24	1606669	f1_7	31	1595063				books/DSS-Leviticus.txt	867717	4172	1967075-1967091	17	1	e87ca519112ae74025845f75e618db17f2dd494d4e0ac6473599eb37b12b9f73	linguistics/books/DSS-Leviticus-Linguistics.txt	1289472	7125	362d4dd7b51f604e6630aff0716dedaa9b7ed125d6a39ef319996dd0fcf8d1f4	PARTLY_RECONSTRUCTED	44	41	37	1	3	40	1	0	1	0	0	0	0
L1595064-R001	biblical_book	Lev	2	11		4Q24	1606669	f1_7	32	1595064				books/DSS-Leviticus.txt	871889	4016	1967092-1967108	17	1	d298db4a97efc4135a51da850f5b983b0a6ae259d05e77df8d5158de5fe2ccf2	linguistics/books/DSS-Leviticus-Linguistics.txt	1296597	7286	343b21230b273659a5b7a7e0e66785f35fa433b5f8cb0c3dbe326dfaeadced44	PARTLY_RECONSTRUCTED	50	50	34	1	15	34	1	0	0	0	0	0	0
L1595065-R001	biblical_book	Lev	2	11		4Q24	1606669	f1_7	33	1595065				books/DSS-Leviticus.txt	875905	1964	1967109-1967113	5	0	955ca6539e371bf048f2a39b05e292e45f24e13f54406096800beddc0bc89e60	linguistics/books/DSS-Leviticus-Linguistics.txt	1303883	2340	35ba4b02a8c69ee76bc4c670668a743df334af616805197a3aaea34dbd8126cc	NO_LETTER_RECONSTRUCTION_MARKED	15	12	0	0	12	0	0	0	1	0	0	0	0
L1595065-R002	biblical_book	Lev	2	12		4Q24	1606669	f1_7	33	1595065				books/DSS-Leviticus.txt	877869	3530	1967114-1967125	12	1	42220fb0315dae2e1a73612ee2fd7e2fd254d9957272558fbf2ac7304ed20dc1	linguistics/books/DSS-Leviticus-Linguistics.txt	1306223	5302	fb24716bed2d554e150f20805220000c561f8126a510b037d66778a72d172894	PARTLY_RECONSTRUCTED	38	37	36	1	0	37	1	0	0	0	0	0	0
L1595066-R001	biblical_book	Lev	2	12		4Q24	1606669	f1_7	34	1595066				books/DSS-Leviticus.txt	881399	1691	1967126-1967129	4	0	a595b58a6111c7f99b65cddb9539d0a125759beeb639daa92d9a4e6247035b47	linguistics/books/DSS-Leviticus-Linguistics.txt	1311525	1969	17a18871a9e36fc131a6c3c0b802751ecb961d53f57c1e02169d20b2eb8b4ffa	NO_LETTER_RECONSTRUCTION_MARKED	11	9	0	0	9	0	0	0	1	0	0	0	0
L1595066-R002	biblical_book	Lev	2	13		4Q24	1606669	f1_7	34	1595066				books/DSS-Leviticus.txt	883090	3865	1967130-1967142	13	1	1cdb7a301c6236a33111dfeb7422fc27c30482ba3f8b14981936e88f40ea27dc	linguistics/books/DSS-Leviticus-Linguistics.txt	1313494	5818	31273b6d8e863dafc25ac8097aac6183127c456750f110c645a263773d7f3944	PARTLY_RECONSTRUCTED	42	40	34	3	3	36	3	0	0	0	0	0	0
L1595067-R001	biblical_book	Lev	2	13		4Q24	1606669	f1_7	35	1595067				books/DSS-Leviticus.txt	886955	3784	1967143-1967151	9	3	e4379435195b5b72e6f7a18865f92b2f0c0f049c863602f8135a6c2e57a7c9a0	linguistics/books/DSS-Leviticus-Linguistics.txt	1319312	4063	82455567661953fe7fde7935f345433b491923495d7e6fe965782bd924e09adb	PARTLY_RECONSTRUCTED	29	25	3	1	21	4	1	0	1	0	0	0	0
L1595068-R001	biblical_book	Lev	2	14		4Q24	1606669	f1_7	36	1595068				books/DSS-Leviticus.txt	890739	3936	1967152-1967166	15	1	881556d8a4728d58aa49070c1c819fe45ef5ac2278a950464dfcb5acd14dd96c	linguistics/books/DSS-Leviticus-Linguistics.txt	1323375	6659	59d9643e588a01aac4269f1b35ec0b3aa96c9640f758081ad72fe3867078418f	PARTLY_RECONSTRUCTED	48	48	13	4	31	13	4	0	0	0	0	0	0
L1595069-R001	biblical_book	Lev	2	14		4Q24	1606669	f1_7	37	1595069				books/DSS-Leviticus.txt	894675	1855	1967167-1967169	3	0	dfd1820ac687ee396015e3a380eb5e4af3def2db911216cb9c1e9a7cad796b9e	linguistics/books/DSS-Leviticus-Linguistics.txt	1330034	1697	f3efc3db967809d01739ed6212dcbc7d1da626c959127e0bc200f99b77bef13d	PARTLY_RECONSTRUCTED	13	10	4	1	5	7	1	0	1	0	0	0	0
L1595069-R002	biblical_book	Lev	2	15		4Q24	1606669	f1_7	37	1595069				books/DSS-Leviticus.txt	896530	3260	1967170-1967180	11	0	019c4792942e87f458376919fcc641db583a5d269a5266e99202319719b56f2b	linguistics/books/DSS-Leviticus-Linguistics.txt	1331731	4836	0b29843125d3a1fe3489ec995808edc4d6087e60d38c26764448bb65eda1093b	PARTLY_RECONSTRUCTED	35	31	12	3	16	14	3	0	1	0	0	0	0
L1595069-R003	biblical_book	Lev	2	16		4Q24	1606669	f1_7	37	1595069				books/DSS-Leviticus.txt	899790	1727	1967181-1967182	2	1	ee515daa741f65b2a6f9cbdcc7d7ba3cdc82c2d64381d2450e93f24e1254800f	linguistics/books/DSS-Leviticus-Linguistics.txt	1336567	1172	a1d2244cc85c472e16f4525c99ec628a7ad63b90f889ab1394cd954214d53f18	ALL_LETTER_SLOTS_RECONSTRUCTED	6	6	6	0	0	6	0	0	0	0	0	0	0
L1595070-R001	biblical_book	Lev	2	16		4Q24	1606669	f1_7	38	1595070				books/DSS-Leviticus.txt	901517	5042	1967183-1967198	16	2	bd370503642071fd2f40a8a45d4066b3fb9140c04803bde1fc9dbcb4253c47ae	linguistics/books/DSS-Leviticus-Linguistics.txt	1337739	6895	0878dc1630f6e4fa013303935e78295911709d09afeeed56ec0508b23e67321c	PARTLY_RECONSTRUCTED	46	40	8	7	25	10	7	0	1	0	0	0	0
L1595071-R001	biblical_book	Lev	3	1		4Q24	1606669	f1_7	39	1595071				books/DSS-Leviticus.txt	906559	4066	1967199-1967214	16	1	3466d08b64d70e2d4b597d4f3ea16f23a05be99bc74c212b5c2174350dc6f121	linguistics/books/DSS-Leviticus-Linguistics.txt	1344634	6786	78973c1180565358c76d6f9ba28c511ee07fbba2c9c7ceb57278581406d15da9	PARTLY_RECONSTRUCTED	45	42	21	3	18	21	3	0	1	0	0	0	0
L1595072-R001	biblical_book	Lev	3	8		4Q24	1606669	f8	1	1595072				books/DSS-Leviticus.txt	910625	2108	1967215-1967220	6	0	629aa07839c7d8dd7fe31966e868db23665088ca4bf77b1d539e43de40a4b6db	linguistics/books/DSS-Leviticus-Linguistics.txt	1351420	2792	c4ba89bac14180a3f09e22797010e4b1a665d9f134f3769e1810a77f3b408d0e	PARTLY_RECONSTRUCTED	17	14	3	0	11	4	0	0	1	0	0	0	0
L1595072-R002	biblical_book	Lev	3	9		4Q24	1606669	f8	1	1595072				books/DSS-Leviticus.txt	912733	3461	1967221-1967233	13	1	7ee3fc3184b4566a330debfd2735dc4ea6e9cd8c9a3d9eb1940566b1879ebee3	linguistics/books/DSS-Leviticus-Linguistics.txt	1354212	5651	62a203b2556afc4cfeb5dae7e559ce1e82068c9d3d27ff388b3357d0a60793f3	PARTLY_RECONSTRUCTED	39	38	22	0	16	23	0	0	0	0	0	0	0
L1595073-R001	biblical_book	Lev	3	9		4Q24	1606669	f8	2	1595073				books/DSS-Leviticus.txt	916194	5173	1967234-1967257	24	1	215e83b64ef3260229fbb423b541b2a65f37757fa14f35f5402cfc9eb210a30a	linguistics/books/DSS-Leviticus-Linguistics.txt	1359863	9753	824b97328b2a17d7c34cb179280aa1c418233e043e88e43256bed58a17635787	PARTLY_RECONSTRUCTED	53	50	26	5	19	28	5	0	1	0	0	0	0
L1595074-R001	biblical_book	Lev	3	10		4Q24	1606669	f8	3	1595074				books/DSS-Leviticus.txt	921367	4883	1967258-1967279	22	1	2707b294a1d2fc32164bf290d1497268ef1245aac5fb5a78f19a1313482eba20	linguistics/books/DSS-Leviticus-Linguistics.txt	1369616	9207	5a97dffe2260e9ea1084766a03ea5952d7c711de1b0161e9e82c99b701af7281	PARTLY_RECONSTRUCTED	54	53	28	4	21	28	4	0	0	0	0	0	0
L1595075-R001	biblical_book	Lev	3	10		4Q24	1606669	f8	4	1595075				books/DSS-Leviticus.txt	926250	2060	1967280-1967284	5	0	dc44cee029cac4c9048591358724a495342e66bcbaf5308366a870becba0b919	linguistics/books/DSS-Leviticus-Linguistics.txt	1378823	2387	35b7d7d669f9b7ec22bca816778146d0a8b11c4e507e2b177a1f652f53842af9	PARTLY_RECONSTRUCTED	17	14	12	1	1	12	1	0	1	0	0	0	0
L1595075-R002	biblical_book	Lev	3	11		4Q24	1606669	f8	4	1595075				books/DSS-Leviticus.txt	928310	3752	1967285-1967295	11	2	3cd08b62bbba5734a6ed4f98acbfa9d87b75230dd2e6fe78b7f773f6a5d7933d	linguistics/books/DSS-Leviticus-Linguistics.txt	1381210	4782	a3e0a435b4f03519392cb9a539c5301d21b7121aea602cce3836532cca750151	PARTLY_RECONSTRUCTED	30	27	11	1	15	13	1	0	1	0	0	0	0
L1595076-R001	biblical_book	Lev	3	12		4Q24	1606669	f8	5	1595076				books/DSS-Leviticus.txt	932062	2979	1967296-1967305	10	0	494762c245a0e94864c4814e9ef210ffd823fc338a49f036c1db47558606e8c0	linguistics/books/DSS-Leviticus-Linguistics.txt	1385992	4363	2bde9eebef8dae24698b08fe3c461d585c7afbd6bdc0beb40e839f597681a45e	PARTLY_RECONSTRUCTED	29	25	19	2	4	21	2	0	1	0	0	0	0
L1595076-R002	biblical_book	Lev	3	13		4Q24	1606669	f8	5	1595076				books/DSS-Leviticus.txt	935041	3550	1967306-1967317	12	1	c80ba4865f362302ea77389d03dd0f789cf3010223f53f7ad3d4b6466f004392	linguistics/books/DSS-Leviticus-Linguistics.txt	1390355	5166	2a64c4d33606645ddb34d9ef6913d969ee0729f6cf3be999e666a2a535042cdb	PARTLY_RECONSTRUCTED	32	29	23	0	6	26	0	0	0	0	0	0	0
L1595077-R001	biblical_book	Lev	3	13		4Q24	1606669	f8	6	1595077				books/DSS-Leviticus.txt	938591	3225	1967318-1967329	12	0	00f02eab6d2a79d43a6b811969e1a3964714ad5d4f7f56af56756f5431c991ca	linguistics/books/DSS-Leviticus-Linguistics.txt	1395521	5281	2cba3ac5e4c0e7422e296b4aa1632a501da6f97af403d4869e68d929cca6fd36	PARTLY_RECONSTRUCTED	35	32	25	2	5	26	2	0	1	0	0	0	0
L1595077-R002	biblical_book	Lev	3	14		4Q24	1606669	f8	6	1595077				books/DSS-Leviticus.txt	941816	2556	1967330-1967334	5	1	d6992369663e14863569d67b08f16e44331605cdcfcca0843ad6b1043a95662a	linguistics/books/DSS-Leviticus-Linguistics.txt	1400802	2494	60427324e6b2ba0ac000ae8fea15d7bafd24c7aad2d2cfe56c0de7603eb973c0	PARTLY_RECONSTRUCTED	20	18	16	2	0	18	2	0	0	0	0	0	0
L1595078-R001	biblical_book	Lev	3	14		4Q24	1606669	f8	7	1595078				books/DSS-Leviticus.txt	944372	4420	1967335-1967354	20	1	1c6b5d116973a423dd8467dd0cd5b85dff0790c10656ea35222a90902ba96c59	linguistics/books/DSS-Leviticus-Linguistics.txt	1403296	8156	67777981d5f12c32c14b69541cbb47ee09f8137d63a6e0adfbe6fd5503d28c6d	PARTLY_RECONSTRUCTED	42	40	39	1	0	41	1	0	1	0	0	0	0
L1595079-R001	biblical_book	Lev	21	17		4Q24	1606669	f9i+10_17	1	1595079				books/DSS-Leviticus.txt	948792	3795	1967355-1967367	13	1	ecc56e067edffb8e90c6887afa5bd894762ebd61e560cd910953260d3599ee7b	linguistics/books/DSS-Leviticus-Linguistics.txt	1411452	5627	9c6e3a6b69b6846d8f99ff3961b1f4786df0d339f31b0cdcf427a7643de58fbd	PARTLY_RECONSTRUCTED	37	33	29	1	3	33	1	1	1	0	0	0	0
L1595080-R001	biblical_book	Lev	21	17		4Q24	1606669	f9i+10_17	2	1595080				books/DSS-Leviticus.txt	952587	2784	1967368-1967376	9	0	1c8278c6988924d0a7d546f7bca3a6608b11d32916437581f19a0e41ebb44916	linguistics/books/DSS-Leviticus-Linguistics.txt	1417079	4020	c8041d59cdd7db81928084b3a8b6f180f0bea4c14eaebeabf4083296ce23804b	ALL_LETTER_SLOTS_RECONSTRUCTED	29	25	25	0	0	29	0	0	1	0	0	0	0
L1595080-R002	biblical_book	Lev	21	18		4Q24	1606669	f9i+10_17	2	1595080				books/DSS-Leviticus.txt	955371	2986	1967377-1967385	9	1	6fa6e1a269611f32df19b3b11607dfd47e12be23075f2cb1a2bf9dc3810c8b0d	linguistics/books/DSS-Leviticus-Linguistics.txt	1421099	4020	297ee9f02196141ce64086b4088d0302e08d61d1bfa8f2d2cbddadc8ebf43d11	PARTLY_RECONSTRUCTED	25	24	21	1	2	22	1	0	0	0	0	0	0
L1595081-R001	biblical_book	Lev	21	18		4Q24	1606669	f9i+10_17	3	1595081				books/DSS-Leviticus.txt	958357	2355	1967386-1967393	8	0	6773aa5c6be7273875c21c790cb312e34ae6d6d2e5bdd9398783f5ab7fef5ea4	linguistics/books/DSS-Leviticus-Linguistics.txt	1425119	3590	8759608a5120f6c2dc4b10b588649baff8287df39203c268da36bbbadb099ea6	ALL_LETTER_SLOTS_RECONSTRUCTED	21	19	19	0	0	21	0	0	1	0	0	0	0
L1595081-R002	biblical_book	Lev	21	19		4Q24	1606669	f9i+10_17	3	1595081				books/DSS-Leviticus.txt	960712	2929	1967394-1967404	11	0	b055a2953ff2125d2d3ed9adba2de2d0cf326ffb686a9415223c656d069fbf93	linguistics/books/DSS-Leviticus-Linguistics.txt	1428709	4790	93a971a8b547bffac79dababf8b9c437ed57b640e384cee538aa39638a38f0bf	ALL_LETTER_SLOTS_RECONSTRUCTED	30	27	27	0	0	30	0	0	1	0	0	0	0
L1595081-R003	biblical_book	Lev	21	20		4Q24	1606669	f9i+10_17	3	1595081				books/DSS-Leviticus.txt	963641	1572	1967405	1	1	e6191ebe84ec9b03d9c1a0c4564b2812cafff3354cafc46dd165ee9092e349ab	linguistics/books/DSS-Leviticus-Linguistics.txt	1433499	783	253d00ea1b4580b7ecce6639dc5fbc2aeccb6d6863d4849818414e68689d467d	NO_LETTER_RECONSTRUCTION_MARKED	2	2	0	0	2	0	0	0	0	0	0	0	0
L1595082-R001	biblical_book	Lev	21	20		4Q24	1606669	f9i+10_17	4	1595082				books/DSS-Leviticus.txt	965213	3542	1967406-1967420	15	0	d23c5ee5faeebc0c3a065de8108fd5d045121bd120be35a34b1cf2e77d1dd3ec	linguistics/books/DSS-Leviticus-Linguistics.txt	1434282	6535	da8a415b28a776f60de4870d77dd854246b44283ae33616cc7ddb6762c3cbe35	ALL_LETTER_SLOTS_RECONSTRUCTED	41	38	38	0	0	41	0	0	1	0	0	0	0
L1595082-R002	biblical_book	Lev	21	21		4Q24	1606669	f9i+10_17	4	1595082				books/DSS-Leviticus.txt	968755	2168	1967421-1967424	4	1	ba9603856b4433a585e70467e4cf20925a4785bff4d018191aa57850fffbe81d	linguistics/books/DSS-Leviticus-Linguistics.txt	1440817	2007	b1b8d18341fa62bf67192aad31bb98647015e8dcb9aa857870aded7a29171852	ALL_LETTER_SLOTS_RECONSTRUCTED	11	10	10	0	0	11	0	0	0	0	0	0	0
L1595083-R001	biblical_book	Lev	21	21		4Q24	1606669	f9i+10_17	5	1595083				books/DSS-Leviticus.txt	970923	4425	1967425-1967442	18	1	0bae4b30821a68041fd484f9848a1eb7cf72f8a5968bd0c301d11ad555c66777	linguistics/books/DSS-Leviticus-Linguistics.txt	1442824	7736	76f1a7e0474108c51b84249aaec72800f6bb6549b1c552b36d11706cdac0e422	ALL_LETTER_SLOTS_RECONSTRUCTED	52	50	50	0	0	52	0	0	0	0	0	0	0
L1595084-R001	biblical_book	Lev	21	21		4Q24	1606669	f9i+10_17	6	1595084				books/DSS-Leviticus.txt	975348	1890	1967443-1967447	5	0	4d1c2761c8f17e538184fbe8943c2422c438b4572e772519f5f38485924b4602	linguistics/books/DSS-Leviticus-Linguistics.txt	1450560	2321	ee1cf816911188ad96eedfebadda3239aa02067532d64d5f3307314c2e8ded1d	ALL_LETTER_SLOTS_RECONSTRUCTED	13	11	11	0	0	13	0	0	1	0	0	0	0
L1595084-R002	biblical_book	Lev	21	22		4Q24	1606669	f9i+10_17	6	1595084				books/DSS-Leviticus.txt	977238	3072	1967448-1967459	12	0	8268c686a5ebdee6678de3a7e533e3760c7df7dff83db4d12ac3ea1c269a196c	linguistics/books/DSS-Leviticus-Linguistics.txt	1452881	5202	67a025128f7949a82a3f8b57a876febda8e617a342051d5d013f3646e63970b4	ALL_LETTER_SLOTS_RECONSTRUCTED	35	32	32	0	0	35	0	0	1	0	0	0	0
L1595084-R003	biblical_book	Lev	21	23		4Q24	1606669	f9i+10_17	6	1595084				books/DSS-Leviticus.txt	980310	1731	1967460-1967461	2	1	e597c6a0fd33652e86e28d711fed332eb476e9c32a239895ef7086bd0388f5b4	linguistics/books/DSS-Leviticus-Linguistics.txt	1458083	1176	1e88bb7a07baacd5de82723af0f8b33dd7729d7cbdd3cf5ff64d71de5bf07e8f	ALL_LETTER_SLOTS_RECONSTRUCTED	4	4	4	0	0	4	0	0	0	0	0	0	0
L1595085-R001	biblical_book	Lev	21	23		4Q24	1606669	f9i+10_17	7	1595085				books/DSS-Leviticus.txt	982041	4655	1967462-1967481	20	1	a6f641d955a3a6eaab9979e992d31d7761b3bfe567ba45a037f6d257943731c4	linguistics/books/DSS-Leviticus-Linguistics.txt	1459259	8448	7082a0dbc4e7338ce2d75967bd706dfe5879d388ee786a18c6c013062dbdee56	ALL_LETTER_SLOTS_RECONSTRUCTED	51	49	49	0	0	51	0	0	0	0	0	0	0
L1595086-R001	biblical_book	Lev	21	23		4Q24	1606669	f9i+10_17	8	1595086				books/DSS-Leviticus.txt	986696	1759	1967482-1967484	3	0	57c24db867814bf9f3bbdc2f49d9809d971c8fc8f3db6226fdc3539f30cbf65c	linguistics/books/DSS-Leviticus-Linguistics.txt	1467707	1582	f9feb49620a0d0024cb28d0438365488ec3bf84cb2278ca03a28f15527a6a288	ALL_LETTER_SLOTS_RECONSTRUCTED	12	9	9	0	0	12	0	0	1	0	0	0	0
L1595086-R002	biblical_book	Lev	21	24		4Q24	1606669	f9i+10_17	8	1595086				books/DSS-Leviticus.txt	988455	4065	1967485-1967498	14	2	dbe4a3cafb80f90e0a9d2c5a26250a4aabd8f987e40d7e93682f8a550d0e1d47	linguistics/books/DSS-Leviticus-Linguistics.txt	1469289	6005	361a8a469fdfd98ceed3eac809aa3c9121629bb7556e008348718124b9d9926e	PARTLY_RECONSTRUCTED	37	34	32	0	2	35	0	0	1	0	0	0	0
L1595087-R001	biblical_book	Lev	22	1		4Q24	1606669	f9i+10_17	9	1595087				books/DSS-Leviticus.txt	992520	2323	1967499-1967506	8	0	2e7443231106ef18a4f0f6454b416f6cb4179e7860727153a91ac807d54c8c8f	linguistics/books/DSS-Leviticus-Linguistics.txt	1475294	3510	d1171860e25193ed611841d599c3c1b35966357f3405d828811157dc68098965	ALL_LETTER_SLOTS_RECONSTRUCTED	20	18	18	0	0	20	0	0	1	0	0	0	0
L1595087-R002	biblical_book	Lev	22	2		4Q24	1606669	f9i+10_17	9	1595087				books/DSS-Leviticus.txt	994843	3375	1967507-1967518	12	1	f0b4c90ab11beab2798b494dd59ddb0ab81cfe9686d22ea71820929bf5e34739	linguistics/books/DSS-Leviticus-Linguistics.txt	1478804	5300	d8a9bb23cb5cd82eba5123397fbac0c0b1c90d61522b5dbb9610eded55d0fa28	PARTLY_RECONSTRUCTED	36	35	28	1	6	28	1	0	0	0	0	0	0
L1595088-R001	biblical_book	Lev	22	2		4Q24	1606669	f9i+10_17	10	1595088				books/DSS-Leviticus.txt	998218	3565	1967519-1967531	13	0	32f122bb57a1afe802b333a48ead52bda68323ca0dba96c4d51ca370c686a820	linguistics/books/DSS-Leviticus-Linguistics.txt	1484104	5613	f0e882028a2c76b30886ba243e082a3e3e452d454a13d044ad2dbe8ba595154b	PARTLY_RECONSTRUCTED	40	36	28	3	5	31	3	0	1	0	0	0	0
L1595088-R002	biblical_book	Lev	22	3		4Q24	1606669	f9i+10_17	10	1595088				books/DSS-Leviticus.txt	1001783	2430	1967532-1967535	4	1	4816f7d9853388bb2c9da20de0dec6ad38eaf63e9ce3201cf265539514ecc4e1	linguistics/books/DSS-Leviticus-Linguistics.txt	1489717	2059	2e2dfa8643475560cc9883b4aa5d27ef91d5b22449588de80d042db6fb2d3309	PARTLY_RECONSTRUCTED	17	15	13	2	0	15	2	0	0	0	0	0	0
L1595089-R001	biblical_book	Lev	22	3		4Q24	1606669	f9i+10_17	11	1595089				books/DSS-Leviticus.txt	1004213	4534	1967536-1967553	18	1	6f0d23970a819b9952cd4ececfd5eab33304232f01bf2f3cfff3e78b2473c109	linguistics/books/DSS-Leviticus-Linguistics.txt	1491776	7779	64dc1a962fde3a78ed7b2466590da6a015828b2b8b5dc4f6f2c05a175ab7b52f	PARTLY_RECONSTRUCTED	58	56	43	1	12	45	1	0	0	0	0	0	0
L1595090-R001	biblical_book	Lev	22	3		4Q24	1606669	f9i+10_17	12	1595090				books/DSS-Leviticus.txt	1008747	3303	1967554-1967566	13	0	f284cf5460e7a6581daf07eee8420cfe46ca3672a7c622772376b8770131db26	linguistics/books/DSS-Leviticus-Linguistics.txt	1499555	5504	2719782db28a8cf88f2813c88a1a9bc1b319005725989e20af3edab0e967ee5e	ALL_LETTER_SLOTS_RECONSTRUCTED	34	30	30	0	0	34	0	0	1	0	0	0	0
L1595090-R002	biblical_book	Lev	22	4		4Q24	1606669	f9i+10_17	12	1595090				books/DSS-Leviticus.txt	1012050	2998	1967567-1967576	10	1	e7fc7990c98bbc7a0f0982eb4915e0b86c5f50d5228ad8082c9584abe342bbb6	linguistics/books/DSS-Leviticus-Linguistics.txt	1505059	4417	4a51a05e0b4ce74ebccad843905d959db80196f479967e100ec2c33f0be8af50	PARTLY_RECONSTRUCTED	26	26	25	1	0	25	1	0	0	0	0	0	0
L1595091-R001	biblical_book	Lev	22	4		4Q24	1606669	f9i+10_17	13	1595091				books/DSS-Leviticus.txt	1015048	4652	1967577-1967596	20	1	5545ef540f9aa52e9145845642b465b527abec71bca88ecfff045a6e97db8a8f	linguistics/books/DSS-Leviticus-Linguistics.txt	1509476	8429	f5c0505b1ba42c7c8319f88d2e5fed0658945c6c9c0b934819bb761bb2af585f	PARTLY_RECONSTRUCTED	55	54	53	1	0	54	1	0	0	0	0	0	0
L1595092-R001	biblical_book	Lev	22	4		4Q24	1606669	f9i+10_17	14	1595092				books/DSS-Leviticus.txt	1019700	1441	1967597-1967598	2	0	580f3454ce3ae5dd14b9a0d3bd80164b03b906c254f4565c47ee3829b7ce9c44	linguistics/books/DSS-Leviticus-Linguistics.txt	1517905	1159	a9e8ab407f61f53c194d57cd60daa0173cf5682bf359632311d6500ba1f6660b	ALL_LETTER_SLOTS_RECONSTRUCTED	5	3	3	0	0	5	0	0	1	0	0	0	0
L1595092-R002	biblical_book	Lev	22	5		4Q24	1606669	f9i+10_17	14	1595092				books/DSS-Leviticus.txt	1021141	5104	1967599-1967618	20	1	c23b8672790e28e7518158f4627a7d82ec9fa7e846c01798806688e31863c124	linguistics/books/DSS-Leviticus-Linguistics.txt	1519064	8387	80c83b9a4558f1654a1eab058fb3810b2c29a7c28ee3d69b505fe11cb48b60bc	PARTLY_RECONSTRUCTED	55	49	43	3	3	49	3	0	2	0	0	0	0
L1595093-R001	biblical_book	Lev	22	6		4Q24	1606669	f9i+10_17	15	1595093				books/DSS-Leviticus.txt	1026245	5269	1967619-1967640	22	1	e22b318cf20be4c267c3f5b5d5913b3f85271aeb0626836c94eadbea07457d6f	linguistics/books/DSS-Leviticus-Linguistics.txt	1527451	9129	25775862bdd7aaa544b0d574659ecf988dae8fc7a6e4df38a351c34084df2b20	PARTLY_RECONSTRUCTED	56	52	42	6	4	45	6	0	1	0	0	0	0
L1595094-R001	biblical_book	Lev	22	7		4Q24	1606669	f9i+10_17	16	1595094				books/DSS-Leviticus.txt	1031514	3607	1967641-1967656	16	0	86879db7f760f2e415898313d624353ce2250f8e4a798f913fca5f394c552dcd	linguistics/books/DSS-Leviticus-Linguistics.txt	1536580	6670	d1cd9143ec8b5541b5ef8d03170143fb3d64ba7b4a9997fbc39cb4c766164a9c	ALL_LETTER_SLOTS_RECONSTRUCTED	39	36	36	0	0	39	0	0	1	0	0	0	0
L1595094-R002	biblical_book	Lev	22	8		4Q24	1606669	f9i+10_17	16	1595094				books/DSS-Leviticus.txt	1035121	3060	1967657-1967661	5	2	4ac35f59dcde633a1d146c4f640880de579fc22e3421b42ceaae07df1db77ff7	linguistics/books/DSS-Leviticus-Linguistics.txt	1543250	2520	24eeeed1bfa9f1550b70f6b9fa7106f712eeec3a14b36c96cd0ca846bd6a4d8f	PARTLY_RECONSTRUCTED	15	15	1	11	3	1	11	0	0	0	0	0	0
L1595095-R001	biblical_book	Lev	22	8		4Q24	1606669	f9i+10_17	17	1595095				books/DSS-Leviticus.txt	1038181	2571	1967662-1967667	6	0	76edc033ec63d48ebc34f27c3d5d0a7bf1bf20a94c396ff41d51f9454052c5a0	linguistics/books/DSS-Leviticus-Linguistics.txt	1545770	2784	e47611f512850fe6c6997bb834461aebc8c6b06888ebbe67f5ddc46d75b1d3de	PARTLY_RECONSTRUCTED	18	14	9	5	0	13	5	0	1	0	0	0	0
L1595095-R002	biblical_book	Lev	22	9		4Q24	1606669	f9i+10_17	17	1595095				books/DSS-Leviticus.txt	1040752	4731	1967668-1967681	14	1	3ad3869253a0a5fe6b03ed169e75974b893b74248d5e139cc093100bf2d3c073	linguistics/books/DSS-Leviticus-Linguistics.txt	1548554	6169	83ee3cfa26d7e97b2938fd1e59ca436059bd2ededf8ca8bbddc2b634e402a89d	PARTLY_RECONSTRUCTED	45	41	23	16	2	24	16	0	0	0	0	0	0
L1595096-R001	biblical_book	Lev	22	9		4Q24	1606669	f9i+10_17	18	1595096				books/DSS-Leviticus.txt	1045483	2172	1967682-1967685	4	0	df1d9790e3283f413f6a65bbd2ce7858c6849d2c39e0ac4397b8cbb3cf5f780d	linguistics/books/DSS-Leviticus-Linguistics.txt	1554723	2013	a7af18bbdafc399a22a1be7b12de5419a801859f60f9ed08490bd3573b7e26ce	NO_LETTER_RECONSTRUCTION_MARKED	15	12	0	4	8	0	4	0	1	0	0	0	0
L1595096-R002	biblical_book	Lev	22	10		4Q24	1606669	f9i+10_17	18	1595096				books/DSS-Leviticus.txt	1047655	3343	1967686-1967699	14	0	67bce4c1b13f4f7bc9e5c8236ca2af29e5ab3130246a69d7d5702d81b387228a	linguistics/books/DSS-Leviticus-Linguistics.txt	1556736	6021	8d1f1f06d0ff95eb661e9b98244228498ed20d535ec09cb4fa75dca1fafe673c	PARTLY_RECONSTRUCTED	37	35	21	4	10	23	4	0	1	0	0	0	0
L1595096-R003	biblical_book	Lev	22	11		4Q24	1606669	f9i+10_17	18	1595096				books/DSS-Leviticus.txt	1050998	2385	1967700-1967703	4	1	7e8f9b3e39f398ba0d99fd764ff8d310df59010612c26be9a69f6f2579d9d3a3	linguistics/books/DSS-Leviticus-Linguistics.txt	1562757	2046	7e807ba7542f57907bb4cb55105994f71c61b779ec2ad793bdf924894a041988	NO_LETTER_RECONSTRUCTION_MARKED	10	10	0	9	1	0	9	0	0	0	0	0	0
L1595097-R001	biblical_book	Lev	22	11		4Q24	1606669	f9i+10_17	19	1595097				books/DSS-Leviticus.txt	1053383	4810	1967704-1967717	14	0	83aa9f4b26dd1fbdbee527ad8c2d765b9c6d33bfe169b1be6b422f2c148559d9	linguistics/books/DSS-Leviticus-Linguistics.txt	1564803	6268	b41bbd3dac5b2eb7f24c7346281b847ba9bc33dc2486d25e1a7488954ae9e2ec	PARTLY_RECONSTRUCTED	50	42	3	22	17	6	23	0	2	0	0	0	0
L1595097-R002	biblical_book	Lev	22	12		4Q24	1606669	f9i+10_17	19	1595097				books/DSS-Leviticus.txt	1058193	2510	1967718-1967724	7	1	bb3f54b8130fdcd64f86a737d593648a84ba5aeacb1278bad57065188523c41b	linguistics/books/DSS-Leviticus-Linguistics.txt	1571071	3180	36f2aaaf5cee9efbfe6593f7e8bd30d2cadfcd7566327bbe2e940148dfd24e43	PARTLY_RECONSTRUCTED	16	16	12	1	3	12	1	0	0	0	0	0	0
L1595098-R001	biblical_book	Lev	22	12		4Q24	1606669	f9i+10_17	20	1595098				books/DSS-Leviticus.txt	1060703	2797	1967725-1967733	9	0	2a5470c6260d16afabf1df58c752184628466ca2f405f90f6527d97c99d87c93	linguistics/books/DSS-Leviticus-Linguistics.txt	1574251	4026	69b85c86d34caad08c817cdb2fbfac94dce42ccd401053a5c845daeee2209aa1	PARTLY_RECONSTRUCTED	25	23	1	9	13	1	9	0	1	0	0	0	0
L1595098-R002	biblical_book	Lev	22	13		4Q24	1606669	f9i+10_17	20	1595098				books/DSS-Leviticus.txt	1063500	3392	1967734-1967744	11	1	689abe315e14555b0d75ad0cba8bd5d4a67ba8772b0bfe642a9070714d854b6f	linguistics/books/DSS-Leviticus-Linguistics.txt	1578277	4923	08636ca466ffbd4e7ac469b5541476cbb0f1d4db4b2951622367767b439022b4	PARTLY_RECONSTRUCTED	30	30	15	5	10	15	5	0	0	0	0	0	0
L1595099-R001	biblical_book	Lev	22	13		4Q24	1606669	f9i+10_17	21	1595099				books/DSS-Leviticus.txt	1066892	5315	1967745-1967763	19	0	e157358edff140906e15fdfe1223189a5f5a7dfc9c50c4f09a82e86271115a69	linguistics/books/DSS-Leviticus-Linguistics.txt	1583200	8023	b6ebd1d8753f384908d84583108f4363c622046d288136d18d96e136949c4e80	PARTLY_RECONSTRUCTED	53	46	8	13	25	11	13	0	1	0	0	0	0
L1595099-R002	biblical_book	Lev	22	14		4Q24	1606669	f9i+10_17	21	1595099				books/DSS-Leviticus.txt	1072207	2038	1967764-1967767	4	1	5c4c1edd958726615f480b0e8477293082f85f88db9f8f40726701834a25f691	linguistics/books/DSS-Leviticus-Linguistics.txt	1591223	1983	8364ed7042dd8edc49f358c3e96fdfc172a94047a73f7d32aeff197953baa783	ALL_LETTER_SLOTS_RECONSTRUCTED	10	10	10	0	0	10	0	0	0	0	0	0	0
L1595100-R001	biblical_book	Lev	22	14		4Q24	1606669	f9i+10_17	22	1595100				books/DSS-Leviticus.txt	1074245	4375	1967768-1967782	15	0	872e194a0bec147dde6b3b6f24f5e2dba58e84f730054705cf483af50af7ed2f	linguistics/books/DSS-Leviticus-Linguistics.txt	1593206	6460	51f244cba3b808a2220ed9a5c4e667e9b53bddb01c4bd4884c48d33d7a3eaafe	PARTLY_RECONSTRUCTED	40	36	3	14	19	4	14	0	1	0	0	0	0
L1595100-R002	biblical_book	Lev	22	15		4Q24	1606669	f9i+10_17	22	1595100				books/DSS-Leviticus.txt	1078620	2567	1967783-1967788	6	1	027409d13f8eca0a36fe6646f81199a3b42fcb6f3f76aed8ceed9773c87b1380	linguistics/books/DSS-Leviticus-Linguistics.txt	1599666	2839	5e907146ccc50c209890027d23cebaa6c02423657a927e4c1751a306fc23c422	PARTLY_RECONSTRUCTED	17	17	12	4	1	12	4	0	0	0	0	0	0
L1595101-R001	biblical_book	Lev	22	15		4Q24	1606669	f9i+10_17	23	1595101				books/DSS-Leviticus.txt	1081187	2358	1967789-1967795	7	0	cd2d9df299e9e2f54d834b57395764d202a54d433e33912619edca88b311be16	linguistics/books/DSS-Leviticus-Linguistics.txt	1602505	3270	ca858405f5767d2707f1858d2ab8a16ea36b3dff540cdc81a06ce5d17db64cdc	PARTLY_RECONSTRUCTED	22	20	5	5	10	7	5	0	1	0	0	0	0
L1595101-R002	biblical_book	Lev	22	16		4Q24	1606669	f9i+10_17	23	1595101				books/DSS-Leviticus.txt	1083545	4241	1967796-1967806	11	1	80d07aed83d2290420b6f7aaea60da6b17357fff07aed1bfc00e30ec7ed1a8a4	linguistics/books/DSS-Leviticus-Linguistics.txt	1605775	5038	1b017e2d374bee745c7027e1daa1a49fa7ca065d6521e0a14fc6ec12a03b2547	PARTLY_RECONSTRUCTED	38	35	11	17	7	11	17	0	0	0	0	0	0
L1595102-R001	biblical_book	Lev	22	16		4Q24	1606669	f9i+10_17	24	1595102				books/DSS-Leviticus.txt	1087786	3340	1967807-1967809	3	5	8db430513f573299de8696445fcf86c6bc12f2b178ca344346671734a35dce7d	linguistics/books/DSS-Leviticus-Linguistics.txt	1610813	1579	18cc103c66500aeb1b67aa82c1a4e1ce461e39630eec44a272869f0830770a26	NO_LETTER_RECONSTRUCTION_MARKED	12	9	0	0	9	0	0	0	1	0	0	0	0
L1595103-R001	biblical_book	Lev	22	17		4Q24	1606669	f9i+10_17	25	1595103				books/DSS-Leviticus.txt	1091126	2449	1967810-1967817	8	0	d683aac733545c8a9b811b0a7f2ba7477f625cf6ce88013873ee90528e9f2bbb	linguistics/books/DSS-Leviticus-Linguistics.txt	1612392	3529	c1cce3c59885546f471158e1371626f2da01be05a5afa085c33560d32d21cff3	NO_LETTER_RECONSTRUCTION_MARKED	20	18	0	3	15	0	3	0	1	0	0	0	0
L1595103-R002	biblical_book	Lev	22	18		4Q24	1606669	f9i+10_17	25	1595103				books/DSS-Leviticus.txt	1093575	4479	1967818-1967831	14	1	cc7df5d12dcfe811a450a706d6c3b84e3adfb63c356c1ce840fc22abcdd67dd0	linguistics/books/DSS-Leviticus-Linguistics.txt	1615921	6188	358f7771b047478dd29840bdb328cc2be2ef56e9ba9ab2096def09a0912a36f3	PARTLY_RECONSTRUCTED	41	39	14	15	10	15	15	0	0	0	0	0	0
L1595104-R001	biblical_book	Lev	22	18		4Q24	1606669	f9i+10_17	26	1595104				books/DSS-Leviticus.txt	1098054	5210	1967832-1967850	19	1	3c8a3cdaba18de33daf6ab5c301a015483c13fe3ad2d250e209168e91097ed6b	linguistics/books/DSS-Leviticus-Linguistics.txt	1622109	8257	a76100a4bffb81254af4051212618d1ec8aec198a5d897deb2ba4a7ac859e7d1	PARTLY_RECONSTRUCTED	54	52	16	14	22	18	14	0	0	0	0	0	0
L1595105-R001	biblical_book	Lev	22	18		4Q24	1606669	f9i+10_17	27	1595105				books/DSS-Leviticus.txt	1103264	2899	1967851-1967861	11	0	d63e8d80680e85e6dc8e1c08cf56853242b398c7c70878c911c6b0b41b43b500	linguistics/books/DSS-Leviticus-Linguistics.txt	1630366	4773	afdb5d025733c04c1c042e9e3ca35e87685c37e7e8df98eddd235e6580511c41	NO_LETTER_RECONSTRUCTION_MARKED	32	29	0	1	28	0	1	0	1	0	0	0	0
L1595105-R002	biblical_book	Lev	22	19		4Q24	1606669	f9i+10_17	27	1595105				books/DSS-Leviticus.txt	1106163	3909	1967862-1967873	12	1	9dc741fdbddcb8fc87f906fce440dd3008e5c7370b3c77fb303f2034d3148f1b	linguistics/books/DSS-Leviticus-Linguistics.txt	1635139	5309	3a15e3dab4db188b440ca82463de431d225dbe0052ee7493c0006e7447be80db	PARTLY_RECONSTRUCTED	32	29	5	10	14	5	10	0	1	0	0	0	0
L1595106-R001	biblical_book	Lev	22	20		4Q24	1606669	f9i+10_17	28	1595106				books/DSS-Leviticus.txt	1110072	4228	1967874-1967886	13	2	c7898629781388813931ad7d4d53b88b3d9582697ae17d534959da14d00ca556	linguistics/books/DSS-Leviticus-Linguistics.txt	1640448	5579	79178c2dab47e45064a24486e83113ed2183a165d7a51b12e5bfcc510d63ff0a	NO_LETTER_RECONSTRUCTION_MARKED	38	34	0	5	29	0	5	0	1	0	0	0	0
L1595107-R001	biblical_book	Lev	22	21		4Q24	1606669	f9i+10_17	29	1595107				books/DSS-Leviticus.txt	1114300	5195	1967887-1967907	21	1	63cda7d973eb821a79f42485145cb9d6e45d39ac7aaed98cdd227964e88b2896	linguistics/books/DSS-Leviticus-Linguistics.txt	1646027	8955	4d24c619cd40bd69522b966ee345080434afa0c75c6b1692dea3de5b51d727b1	PARTLY_RECONSTRUCTED	56	56	5	14	37	5	14	0	0	0	0	0	0
L1595108-R001	biblical_book	Lev	22	21		4Q24	1606669	f9i+10_17	30	1595108				books/DSS-Leviticus.txt	1119495	2693	1967908-1967915	8	0	63d161f0cf286cd80f7392908c1996bce71c90c85d644f59e78b74770a0299cb	linguistics/books/DSS-Leviticus-Linguistics.txt	1654982	3576	443895f25d6f5999abd98a96a3a73df8ae9225fedaff4c6f519f38644bbaca91	PARTLY_RECONSTRUCTED	21	18	4	3	11	4	3	0	1	0	0	0	0
L1595108-R002	biblical_book	Lev	22	22		4Q24	1606669	f9i+10_17	30	1595108				books/DSS-Leviticus.txt	1122188	4133	1967916-1967928	13	1	4214a27d1ff35ac4f2cf732abc29d4183cafa7f90f8594aebe6dace5c0515847	linguistics/books/DSS-Leviticus-Linguistics.txt	1658558	5898	d3db2ec35ca4b0c58b3ec41a128c3f8e12c61c9e55d3cd1b10748a513250c538	PARTLY_RECONSTRUCTED	38	38	7	11	20	7	11	0	0	0	0	0	0
L1595109-R001	biblical_book	Lev	22	22		4Q24	1606669	f9i+10_17	31	1595109				books/DSS-Leviticus.txt	1126321	4092	1967929-1967945	17	0	fd8d09c3354fa507846837f0ff5bbded4ceb26bd5e4778513f3bed6b52ed7832	linguistics/books/DSS-Leviticus-Linguistics.txt	1664456	7246	d954b343109a57fe62e8ee6a373aa9014aecffea705669b60dbcd936fcc01023	PARTLY_RECONSTRUCTED	47	44	12	7	25	14	7	0	1	0	0	0	0
L1595109-R002	biblical_book	Lev	22	23		4Q24	1606669	f9i+10_17	31	1595109				books/DSS-Leviticus.txt	1130413	2389	1967946-1967950	5	1	017bbe233dcc4ca95b660464e8c0f71382204d4ee0093b3e043899d130b35b98	linguistics/books/DSS-Leviticus-Linguistics.txt	1671702	2389	4f9c3812b6a3745cac486a68e06c03f379eb3d9d288bfc28313d2b4aee839e7b	PARTLY_RECONSTRUCTED	11	11	5	3	3	5	3	0	0	0	0	4	0
L1595110-R001	biblical_book	Lev	22	23		4Q24	1606669	f9i+10_17	32	1595110				books/DSS-Leviticus.txt	1132802	3527	1967951-1967962	12	0	fcac10b1384c03d08cfa1792a600dae51a31834f68329871a7e4b346b6660141	linguistics/books/DSS-Leviticus-Linguistics.txt	1674091	5225	e090410016e806b1ac899bb493b421fa55d0d55762e62a8ad09d0934f445c120	PARTLY_RECONSTRUCTED	34	31	3	10	18	3	10	0	1	0	0	0	0
L1595110-R002	biblical_book	Lev	22	24		4Q24	1606669	f9i+10_17	32	1595110				books/DSS-Leviticus.txt	1136329	2746	1967963-1967971	9	1	428fbf64bb30cd67cdc6bfbe9786ad4bbcc4f00a9ab18f6c92cbcb7c7519be3a	linguistics/books/DSS-Leviticus-Linguistics.txt	1679316	3908	1d67b0a036b211373ef0b1dbc30748823570d4af4e2634d3b9ee4cb7d2490de9	PARTLY_RECONSTRUCTED	22	22	15	1	6	15	1	0	0	0	0	0	0
L1595111-R001	biblical_book	Lev	22	24		4Q24	1606669	f9i+10_17	33	1595111				books/DSS-Leviticus.txt	1139075	2946	1967972-1967980	9	0	ec8efb36b817460a234a04be4e2ca2f82f92a9eacbd686884d9a32f71d937900	linguistics/books/DSS-Leviticus-Linguistics.txt	1683224	4004	51809e3c59d6460c89f2fbcf233f497af77e476d028abdbf2661fb25b4996369	PARTLY_RECONSTRUCTED	27	24	10	9	5	10	9	0	1	0	0	0	0
L1595111-R002	biblical_book	Lev	22	25		4Q24	1606669	f9i+10_17	33	1595111				books/DSS-Leviticus.txt	1142021	3541	1967981-1967992	12	1	132b5c8b8cd285b8c135a68a1088f08cb4fc0d8b7563713dd3b85cf16c83a4d8	linguistics/books/DSS-Leviticus-Linguistics.txt	1687228	5284	9c67c7838c9e525fdb9abd31ef3aa9bc93994222c1651c27175cf677aec37769	PARTLY_RECONSTRUCTED	32	31	17	5	9	17	5	0	0	0	0	0	0
L1595112-R001	biblical_book	Lev	22	25		4Q24	1606669	f9i+10_17	34	1595112				books/DSS-Leviticus.txt	1145562	3911	1967993-1968002	10	2	ecf6a9d9316567c30a5d46bb5a01688def5437f4ce796610be43fab5a6977d8a	linguistics/books/DSS-Leviticus-Linguistics.txt	1692512	4443	c5afe4d0daeb57e563c2ceb99d216c8075eea30f4345d941d0b6911fcc83967e	PARTLY_RECONSTRUCTED	33	27	23	1	3	28	1	0	1	0	0	0	0
L1595113-R001	biblical_book	Lev	22	26		4Q24	1606669	f9i+10_17	35	1595113				books/DSS-Leviticus.txt	1149473	2386	1968003-1968010	8	0	0e490a1bd09eb93aac80e7cb2e4c82d51b36a0c78c867167b9c453339b684e6c	linguistics/books/DSS-Leviticus-Linguistics.txt	1696955	3542	eb309bd0971ec618b88a1200d2b062a2dbd2f7f0c28708665f35f0b18552adda	PARTLY_RECONSTRUCTED	20	18	15	2	1	17	2	0	1	0	0	0	0
L1595113-R002	biblical_book	Lev	22	27		4Q24	1606669	f9i+10_17	35	1595113				books/DSS-Leviticus.txt	1151859	3831	1968011-1968022	12	2	b1f9f3552139d09d41de7234c6b1290f08339f5b75414b8b4b3319fe057298a3	linguistics/books/DSS-Leviticus-Linguistics.txt	1700497	5278	0ad3c1dfd37ae1cba9c48271f8a4247a7f925ed496807494c8a396b0a1891add	PARTLY_RECONSTRUCTED	33	33	22	4	7	22	4	0	0	0	0	0	0
L1595114-R001	biblical_book	Lev	22	27		4Q24	1606669	f9i+10_17	36	1595114				books/DSS-Leviticus.txt	1155690	3474	1968023-1968037	15	0	9c21af852d201bfff2e06239b8d79df4a9d72a0abc9c595446f37c5df8c2157b	linguistics/books/DSS-Leviticus-Linguistics.txt	1705775	6399	26ff4934c9ee5f071bb4ee3d1b7faacdc1730492a6eecf4051464dd76fe8de76	ALL_LETTER_SLOTS_RECONSTRUCTED	39	36	36	0	0	39	0	0	1	0	0	0	0
L1595114-R002	biblical_book	Lev	22	28		4Q24	1606669	f9i+10_17	36	1595114				books/DSS-Leviticus.txt	1159164	2836	1968038-1968045	8	1	5514391ad414d9239e223d29b3e1863d5376a638e2ed1c0a038125cff73f440c	linguistics/books/DSS-Leviticus-Linguistics.txt	1712174	3548	8489aa7229c3e62ed203ed7b2c2d009ff4539d9634d0b1ab04d07c57c0ea72c9	PARTLY_RECONSTRUCTED	19	17	5	1	11	5	1	0	0	0	0	0	0
L1595115-R001	biblical_book	Lev	22	28		4Q24	1606669	f9i+10_17	37	1595115				books/DSS-Leviticus.txt	1162000	2249	1968046-1968051	6	0	d116bae256b179193cbecf72951b085d491007f26a8e2599d9654018f927ac7e	linguistics/books/DSS-Leviticus-Linguistics.txt	1715722	2800	f50dda82a0aa4c8403011dda2166cfead0dfe48e205c6dce814c73cb2c177957	PARTLY_RECONSTRUCTED	16	14	9	4	1	11	4	0	1	0	0	0	0
L1595115-R002	biblical_book	Lev	22	29		4Q24	1606669	f9i+10_17	37	1595115				books/DSS-Leviticus.txt	1164249	2957	1968052-1968062	11	0	e47d83f074cb8e1b4a1623b13593e624f46fbe1dbd75e8bf634e0d57f4ffb0e7	linguistics/books/DSS-Leviticus-Linguistics.txt	1718522	4815	a518f66d7c5a1ccd39eaeb829a774e8a0db0f25eeeedde88e505911bdf222766	ALL_LETTER_SLOTS_RECONSTRUCTED	34	31	31	0	0	34	0	0	1	0	0	0	0
L1595115-R003	biblical_book	Lev	22	30		4Q24	1606669	f9i+10_17	37	1595115				books/DSS-Leviticus.txt	1167206	1977	1968063-1968066	4	1	22767bf9ae436a54525d3c5d8a85abbe7366f2f53398d403b71ee15d03503d29	linguistics/books/DSS-Leviticus-Linguistics.txt	1723337	1961	1898a28034414f74dec935daf8dd88578d51ced4c9ffcdb0cf1462bb53ca0ede	NO_LETTER_RECONSTRUCTION_MARKED	8	8	0	0	8	0	0	0	0	0	0	0	0
L1595116-R001	biblical_book	Lev	22	30		4Q24	1606669	f9i+10_17	38	1595116				books/DSS-Leviticus.txt	1169183	3161	1968067-1968075	9	0	2e1fe221d7d898ef3e931929f2cae0464ee214f1a1c11f032192e587afbb1afb	linguistics/books/DSS-Leviticus-Linguistics.txt	1725298	4096	fe74df44ba6db5f9b01b44ddb8b570c5baa9a8c2eec11a81586c0121f09ec54e	PARTLY_RECONSTRUCTED	32	28	19	7	2	22	7	0	2	0	0	0	0
L1595116-R002	biblical_book	Lev	22	31		4Q24	1606669	f9i+10_17	38	1595116				books/DSS-Leviticus.txt	1172344	2613	1968076-1968082	7	0	b450010cb692f7b262819befee115c25d236b72f875343019ab2174cb638c82f	linguistics/books/DSS-Leviticus-Linguistics.txt	1729394	3214	88ab2e9a70c42f4395e4f225bfa7493e821c4ef9a708f5a55d668356ff081a12	PARTLY_RECONSTRUCTED	24	20	14	1	5	15	1	0	1	0	0	0	0
L1595116-R003	biblical_book	Lev	22	32		4Q24	1606669	f9i+10_17	38	1595116				books/DSS-Leviticus.txt	1174957	1696	1968083-1968084	2	1	866bbb95d2df8795072ce895d8a8eb492612f32a50758b27e038fcf35eb7da05	linguistics/books/DSS-Leviticus-Linguistics.txt	1732608	1151	5bcd47e0ce2d9f593a19f3188d75db83c78d4b0f8fffc4281d3778260faad062	NO_LETTER_RECONSTRUCTION_MARKED	3	3	0	0	3	0	0	0	0	0	0	0	0
L1595117-R001	biblical_book	Lev	22	32		4Q24	1606669	f9i+10_17	39	1595117				books/DSS-Leviticus.txt	1176653	3898	1968085-1968098	14	0	a248f888942ad9af1463761e77f99b923f35ebc6d465f9c6495814395e3c9f74	linguistics/books/DSS-Leviticus-Linguistics.txt	1733759	6222	a64b72c9ddb30ff2f692a3abb254ab71dea9e2b1b120d0d52ce320386c5a6090	PARTLY_RECONSTRUCTED	50	45	37	7	1	41	7	0	2	0	0	0	0
L1595117-R002	biblical_book	Lev	22	33		4Q24	1606669	f9i+10_17	39	1595117				books/DSS-Leviticus.txt	1180551	2017	1968099-1968101	3	1	b97ed3c76e3ce0a636cede21eab0ad32571bccfeab21456234f24136589039b5	linguistics/books/DSS-Leviticus-Linguistics.txt	1739981	1596	60d4964610273b9dfb20e88dc48d7b3dc2a8edf1c7f280f9d8d893d101e3a4e8	PARTLY_RECONSTRUCTED	11	10	6	0	4	6	0	0	0	0	0	0	0
L1595118-R001	biblical_book	Lev	22	33		4Q24	1606669	f9i+10_17	40	1595118				books/DSS-Leviticus.txt	1182568	3896	1968102-1968112	11	2	2e4450485fad13bab4a5ce58ad3170aef40963cc671921579e0bcc5d66659bb0	linguistics/books/DSS-Leviticus-Linguistics.txt	1741577	4907	33fbb2a4ba60594b8b49284fd5256b74960965f009a1443766366681440cdc94	PARTLY_RECONSTRUCTED	34	30	22	4	4	25	4	0	2	0	0	0	0
L1595119-R001	biblical_book	Lev	23	1		4Q24	1606669	f9i+10_17	41	1595119				books/DSS-Leviticus.txt	1186464	2774	1968113-1968120	8	1	233943b2bffc528603fde3d8bf025f6c0fb29d1daaa3b5bbd84af4701465ed44	linguistics/books/DSS-Leviticus-Linguistics.txt	1746484	3538	982afc83e73092fe7cdd094ddbbb67a45dd8370a570adb46511c210e910cb06f	PARTLY_RECONSTRUCTED	20	18	10	3	5	12	3	0	1	0	0	0	0
L1595120-R001	biblical_book	Lev	23	2		4Q24	1606669	f9ii+11ii+18_20i	1	1595120				books/DSS-Leviticus.txt	1189238	2808	1968121-1968128	8	0	aec9c94ec3e6243ea0aad16ea567d871e833081a5156ca4ea022849355fb450c	linguistics/books/DSS-Leviticus-Linguistics.txt	1750022	3728	4efb7abf2c1abcc00f5999e7c66144928c754f6d229e27a7b4716e7751fcc59e	PARTLY_RECONSTRUCTED	30	26	2	3	21	3	3	0	1	0	0	0	0
L1595120-R002	biblical_book	Lev	23	3		4Q24	1606669	f9ii+11ii+18_20i	1	1595120				books/DSS-Leviticus.txt	1192046	2579	1968129-1968135	7	1	b5add11363c76296710cdaf9540f9e84b50c3e5c4dea7d8abf6891da8c98afc3	linguistics/books/DSS-Leviticus-Linguistics.txt	1753750	3288	8ff2e326afb081fb41415a02726c427e2649cc83e83ceab61574f90d466925d5	PARTLY_RECONSTRUCTED	21	21	5	2	14	5	2	0	0	0	0	0	0
L1595121-R001	biblical_book	Lev	23	3		4Q24	1606669	f9ii+11ii+18_20i	2	1595121				books/DSS-Leviticus.txt	1194625	3703	1968136-1968149	14	1	3d75da9197f2188a82193efb02321e4e352fdc14c5a01359b6c9bedbfd4a09ed	linguistics/books/DSS-Leviticus-Linguistics.txt	1757038	6290	7a508ba6e68c13bbb17213ddd7dc5667a5448596918cb55915f4ef3846de5117	PARTLY_RECONSTRUCTED	45	45	15	1	29	15	1	0	0	0	0	0	0
L1595122-R001	biblical_book	Lev	23	3		4Q24	1606669	f9ii+11ii+18_20i	3	1595122				books/DSS-Leviticus.txt	1198328	1916	1968150-1968153	4	0	57e8db0c6f8ae5dcc56339713f0462c5f6e1f8ab8313dd59a68ad9e5f0c4098e	linguistics/books/DSS-Leviticus-Linguistics.txt	1763328	2002	0547d8bf183d909f5623e9aaf8e0749599cb88ebff9f700dab09fa582348d237	ALL_LETTER_SLOTS_RECONSTRUCTED	14	11	11	0	0	14	0	0	1	0	0	0	0
L1595122-R002	biblical_book	Lev	23	4		4Q24	1606669	f9ii+11ii+18_20i	3	1595122				books/DSS-Leviticus.txt	1200244	2825	1968154-1968160	7	1	e1ad54b6a1f4b9c9e0e20604550bde0578297a4841e0e868db1c035b32bf7ac3	linguistics/books/DSS-Leviticus-Linguistics.txt	1765330	3422	a11ac328917a7b6a8a923990f54986ff63c1c1ae72afac4781146d22b8ddf5cb	PARTLY_RECONSTRUCTED	28	28	10	1	17	10	1	0	0	0	0	0	0
L1595123-R001	biblical_book	Lev	23	4		4Q24	1606669	f9ii+11ii+18_20i	4	1595123				books/DSS-Leviticus.txt	1203069	2017	1968161-1968164	4	0	c87eac2cf371e26e659050d774dbf8d1dde360c4004a6c08eb4042776b00a01d	linguistics/books/DSS-Leviticus-Linguistics.txt	1768752	1984	67a73522aecfded1ed1b9c4fe8eb170afeb1be90624b94f5c092d16efebc6a32	ALL_LETTER_SLOTS_RECONSTRUCTED	13	9	9	0	0	13	0	0	1	0	0	0	0
L1595123-R002	biblical_book	Lev	23	5		4Q24	1606669	f9ii+11ii+18_20i	4	1595123				books/DSS-Leviticus.txt	1205086	3890	1968165-1968180	16	1	712e7c8b6fe8fda663330dad1fa316ae4294d5dab071e4e53afbc4659babbeaf	linguistics/books/DSS-Leviticus-Linguistics.txt	1770736	6871	049d95db7224b85c74a702c87013c11537329d3308bcb4991efd379e78b46ea5	PARTLY_RECONSTRUCTED	42	40	27	1	12	29	1	0	1	0	0	0	0
L1595124-R001	biblical_book	Lev	23	6		4Q24	1606669	f9ii+11ii+18_20i	5	1595124				books/DSS-Leviticus.txt	1208976	4213	1968181-1968199	19	0	8e8a2cc42b6f18dbcc62c3a034484bc1a67efed5dafacabe1224881e1d58d90d	linguistics/books/DSS-Leviticus-Linguistics.txt	1777607	8000	3d8b02536d78f9f2d29f47682931bf5c4a2d99c8cf9fd586f9f0b098f420ca63	PARTLY_RECONSTRUCTED	50	48	44	3	1	46	3	0	1	0	0	0	0
L1595124-R002	biblical_book	Lev	23	7		4Q24	1606669	f9ii+11ii+18_20i	5	1595124				books/DSS-Leviticus.txt	1213189	1740	1968200-1968201	2	1	e8319980bc1f1a24e362afdf953dc4ffa1345373a18afdbad5d2102320bb8f77	linguistics/books/DSS-Leviticus-Linguistics.txt	1785607	1197	f280124c77cab209a62279e50fa39999183aeaa1f20eb273ed2edf7ffedb2904	ALL_LETTER_SLOTS_RECONSTRUCTED	4	4	4	0	0	4	0	0	0	0	0	0	0
L1595125-R001	biblical_book	Lev	23	7		4Q24	1606669	f9ii+11ii+18_20i	6	1595125				books/DSS-Leviticus.txt	1214929	3179	1968202-1968213	12	0	f4f474fee3df67e618de38653147b55ee5472a8977a9970ebc7af910cb6d9eb5	linguistics/books/DSS-Leviticus-Linguistics.txt	1786804	5343	e3bab59111a5291b947c80431c436b761e0918c63638745ed24d5304ef5ce9f9	ALL_LETTER_SLOTS_RECONSTRUCTED	41	38	38	0	0	41	0	0	1	0	0	0	0
L1595125-R002	biblical_book	Lev	23	8		4Q24	1606669	f9ii+11ii+18_20i	6	1595125				books/DSS-Leviticus.txt	1218108	2041	1968214-1968216	3	1	491c029755fd049db87464963accab39caa9964970f2bcf216672dfbf9a44973	linguistics/books/DSS-Leviticus-Linguistics.txt	1792147	1645	307b778c41f18a012ebb44211c2a2e86db09e0bb12752f0b9dfc773c02259c57	PARTLY_RECONSTRUCTED	10	10	5	1	4	5	1	0	0	0	0	0	0
L1595126-R001	biblical_book	Lev	23	8		4Q24	1606669	f9ii+11ii+18_20i	7	1595126				books/DSS-Leviticus.txt	1220149	4074	1968217-1968232	16	1	384c16f93a90a47a9246867582ae66d597bd724ab06b76eb368e794df141ac92	linguistics/books/DSS-Leviticus-Linguistics.txt	1793792	6999	d643c9b3c2479039eaa2c17d0a04f6ed329c3c2a1aad3a2fd7d3d081edc799d2	PARTLY_RECONSTRUCTED	50	48	46	1	1	48	1	0	1	0	0	0	0
L1595127-R001	biblical_book	Lev	23	9		4Q24	1606669	f9ii+11ii+18_20i	8	1595127				books/DSS-Leviticus.txt	1224223	2337	1968233-1968240	8	0	a0fd02ae1c7526062bff2dd8632f47c0df796e244f2fbca8b3ae6a5dde9d188e	linguistics/books/DSS-Leviticus-Linguistics.txt	1800791	3524	0ee036d53f3c37a1dbd42ba25950a7aeff08372d568c5be1b7092a55fe0e6983	ALL_LETTER_SLOTS_RECONSTRUCTED	20	18	18	0	0	20	0	0	1	0	0	0	0
L1595127-R002	biblical_book	Lev	23	10		4Q24	1606669	f9ii+11ii+18_20i	8	1595127				books/DSS-Leviticus.txt	1226560	3156	1968241-1968250	10	1	609d26105a08e9bd2d4ebbad95ac3d02060a48af0591f932cbea2711975baeca	linguistics/books/DSS-Leviticus-Linguistics.txt	1804315	4491	ca3c1d16a8ba1d95890e2df34dddaeaeae378cf65dd27766646ff2123b38edb6	ALL_LETTER_SLOTS_RECONSTRUCTED	32	31	31	0	0	32	0	0	0	0	0	0	0
L1595128-R001	biblical_book	Lev	23	10		4Q24	1606669	f9ii+11ii+18_20i	9	1595128				books/DSS-Leviticus.txt	1229716	4741	1968251-1968267	17	1	a79c03996254aa7f5cdce7c9a52b38263588b051c9e9493a76de967d23aeedf9	linguistics/books/DSS-Leviticus-Linguistics.txt	1808806	7414	9e63376f3c99548627fec2f24f4ca6699ecaff6f443c3aa05b1b294932819899	PARTLY_RECONSTRUCTED	57	54	48	3	3	51	3	0	0	0	0	0	0
L1595129-R001	biblical_book	Lev	23	10		4Q24	1606669	f9ii+11ii+18_20i	10	1595129				books/DSS-Leviticus.txt	1234457	1582	1968268-1968270	3	0	9b6a040fbc9e60a927fba48cab2fd42876139fe3f2bb6241e9a26646bc91ee5b	linguistics/books/DSS-Leviticus-Linguistics.txt	1816220	1546	6003cb0ea010035e7018fb53c5e8feffb84b29301c2773df953e7909ec167fbe	ALL_LETTER_SLOTS_RECONSTRUCTED	6	4	4	0	0	6	0	0	1	0	0	0	0
L1595129-R002	biblical_book	Lev	23	11		4Q24	1606669	f9ii+11ii+18_20i	10	1595129				books/DSS-Leviticus.txt	1236039	4522	1968271-1968288	18	0	5640c217260b806288bb8a44039bbc69783398c51cdb2e001ff19acdbbb20eb9	linguistics/books/DSS-Leviticus-Linguistics.txt	1817766	7657	0b751c9777df63ee38938a784193732b509eb1acdb745b0dc2005cdf682eb101	PARTLY_RECONSTRUCTED	48	44	26	9	9	27	9	0	1	0	0	0	0
L1595129-R003	biblical_book	Lev	23	12		4Q24	1606669	f9ii+11ii+18_20i	10	1595129				books/DSS-Leviticus.txt	1240561	1770	1968289-1968290	2	1	d461802023adcb69db0b234caa1a95ea458e6ec8af1d0364bf37475510ac943f	linguistics/books/DSS-Leviticus-Linguistics.txt	1825423	1216	db3658748a5787119041d22c31bf8b5e7a77601e424c0cd7461b9b723255bd62	PARTLY_RECONSTRUCTED	6	6	5	1	0	5	1	0	0	0	0	0	0
L1595130-R001	biblical_book	Lev	23	12		4Q24	1606669	f9ii+11ii+18_20i	11	1595130				books/DSS-Leviticus.txt	1242331	3589	1968291-1968305	15	0	b20736da2fe9a81f5746acde55994259ceac993df134ea01b5655c95f6e7b216	linguistics/books/DSS-Leviticus-Linguistics.txt	1826639	6436	9a8ed9247d55645d987553062b473f77e68f6031845b493b6ea264ced0c36348	PARTLY_RECONSTRUCTED	42	38	23	0	15	24	0	0	1	0	0	0	0
L1595130-R002	biblical_book	Lev	23	13		4Q24	1606669	f9ii+11ii+18_20i	11	1595130				books/DSS-Leviticus.txt	1245920	2351	1968306-1968310	5	1	389cdb3bb7b318c080411aac2b5e3efd102d152da8be7579149db6bf91c20e59	linguistics/books/DSS-Leviticus-Linguistics.txt	1833075	2604	015caceab95ab22350f7eebf1dd0740a9af8d83c98c6a5bc4c1359847e15f1e2	PARTLY_RECONSTRUCTED	19	18	9	0	9	9	0	0	0	0	0	0	0
L1595131-R001	biblical_book	Lev	23	13		4Q24	1606669	f9ii+11ii+18_20i	12	1595131				books/DSS-Leviticus.txt	1248271	3671	1968311-1968325	15	0	43a4a0440052933cd247297d4c4e19c595eb969ce6fc77c243514489899e8d29	linguistics/books/DSS-Leviticus-Linguistics.txt	1835679	6543	07e184d3a6b81ec7458008046d4930e80b754c0768ae1536e8bff2cca20b3c5a	PARTLY_RECONSTRUCTED	44	41	31	2	8	34	2	0	1	0	0	0	0
L1595131-R002	biblical_book	Lev	23	14		4Q24	1606669	f9ii+11ii+18_20i	12	1595131				books/DSS-Leviticus.txt	1251942	2400	1968326-1968331	6	1	8927618e7e137c4b8d4c0b4d844992660116b1585b847592521548d95fdc4e7e	linguistics/books/DSS-Leviticus-Linguistics.txt	1842222	2863	88b0ebbeb27fbc7b430655ff3a0de4067c392c10428d1ce265b54eb96c44c78c	PARTLY_RECONSTRUCTED	14	14	5	3	6	5	3	0	0	0	0	0	0
L1595132-R001	biblical_book	Lev	23	14		4Q24	1606669	f9ii+11ii+18_20i	13	1595132				books/DSS-Leviticus.txt	1254342	4801	1968332-1968349	18	1	49389d87ff7acd081531c786291ad90d4f76e101ca0993a66c84780ef261d613	linguistics/books/DSS-Leviticus-Linguistics.txt	1845085	7838	f9c6bbeee91254d69b66536dc73aa1f02e9867125322d7ae20823dc6b52045e9	PARTLY_RECONSTRUCTED	57	54	39	3	12	41	3	0	0	0	0	0	0
L1595133-R001	biblical_book	Lev	23	14		4Q24	1606669	f9ii+11ii+18_20i	14	1595133				books/DSS-Leviticus.txt	1259143	3303	1968350-1968351	2	5	68c6b33b3b34d57a3f8517276bef2e0fa38966fcc5737d551c18b2b154cd1ddb	linguistics/books/DSS-Leviticus-Linguistics.txt	1852923	1231	95b243b7c793436b5c7b4085eadb05ef4dff19df3fcc2ae9004aaf35a7b2fcce	ALL_LETTER_SLOTS_RECONSTRUCTED	10	7	7	0	0	10	0	0	1	0	0	0	0
L1595134-R001	biblical_book	Lev	23	15		4Q24	1606669	f9ii+11ii+18_20i	15	1595134				books/DSS-Leviticus.txt	1262446	4351	1968352-1968368	17	1	7c21d6e63c30a5e69d73abf6c61314b564a3b64c1d7b58af8dd88de35a39ac0a	linguistics/books/DSS-Leviticus-Linguistics.txt	1854154	7440	89a022089338ddd40d5ce5cf59d0706479d0d32f76a5f81396a4d91946694092	PARTLY_RECONSTRUCTED	54	52	51	1	0	53	1	0	0	0	0	0	0
L1595135-R001	biblical_book	Lev	23	15		4Q24	1606669	f9ii+11ii+18_20i	16	1595135				books/DSS-Leviticus.txt	1266797	1487	1968369-1968370	2	0	2cb2273f4c7687ec775439e524116b5127076ca047974f8b5c55a3e4885e4b58	linguistics/books/DSS-Leviticus-Linguistics.txt	1861594	1181	e15ae0591fad35d93bef5282ccba549f454cc4ee22124fd781c851237c3adcdf	ALL_LETTER_SLOTS_RECONSTRUCTED	8	6	6	0	0	8	0	0	1	0	0	0	0
L1595135-R002	biblical_book	Lev	23	16		4Q24	1606669	f9ii+11ii+18_20i	16	1595135				books/DSS-Leviticus.txt	1268284	3803	1968371-1968384	14	1	2df67dc752f181768e5e0053227af5ed98f883b247957c12ca7db5b407010162	linguistics/books/DSS-Leviticus-Linguistics.txt	1862775	6257	1356bca948f2e2ba886bcc70bf3f9c806eb7d25ab1cb0f9b2b728bae032fe9ce	PARTLY_RECONSTRUCTED	45	45	36	2	7	36	2	0	0	0	0	0	0
L1595136-R001	biblical_book	Lev	23	16		4Q24	1606669	f9ii+11ii+18_20i	17	1595136				books/DSS-Leviticus.txt	1272087	1593	1968385-1968387	3	0	099247459ac47c951b076d4b4082303914dbcb718381ca9bf1419ad984e873c8	linguistics/books/DSS-Leviticus-Linguistics.txt	1869032	1542	46a3fef6322dfdc29971ed579219f3b444ea19e3748788fea78356d4451e6807	PARTLY_RECONSTRUCTED	7	5	4	1	0	6	1	0	1	0	0	0	0
L1595136-R002	biblical_book	Lev	23	17		4Q24	1606669	f9ii+11ii+18_20i	17	1595136				books/DSS-Leviticus.txt	1273680	3564	1968388-1968398	11	1	8d2c65162d201236cf51ff45332781f73c38b54e38308fe6a563893ec5c53c3b	linguistics/books/DSS-Leviticus-Linguistics.txt	1870574	5252	9dc80a3aed3757b9f63532b95e7d86916cc0532edb6946c18f6fbfd3d1038203	PARTLY_RECONSTRUCTED	48	47	43	2	2	44	2	0	0	0	0	0	0
L1595137-R001	biblical_book	Lev	23	17		4Q24	1606669	f9ii+11ii+18_20i	18	1595137				books/DSS-Leviticus.txt	1277244	2035	1968399-1968403	5	0	c975b2d4730e539c3ee8f60acd0641295a61463a20ea2f2b72ef7d4069eb1a2d	linguistics/books/DSS-Leviticus-Linguistics.txt	1875826	2486	433244db2d468222cc3f4d1d852759fb75fdfbf19dce502484636d46ec0a76d9	PARTLY_RECONSTRUCTED	19	17	14	3	0	16	3	0	1	0	0	0	0
L1595137-R002	biblical_book	Lev	23	18		4Q24	1606669	f9ii+11ii+18_20i	18	1595137				books/DSS-Leviticus.txt	1279279	3346	1968404-1968415	12	1	6b42961a2693e18bf03a673f29e7bae02caee56fd7deffa5df29989ed6cc1ac8	linguistics/books/DSS-Leviticus-Linguistics.txt	1878312	5309	e2d54dde2800adf6a3323694bc911496dbeda05528af550e38d6c2d5fa29dd7c	PARTLY_RECONSTRUCTED	36	36	34	1	1	34	1	0	0	0	0	0	0
L1595138-R001	biblical_book	Lev	23	18		4Q24	1606669	f9ii+11ii+18_20i	19	1595138				books/DSS-Leviticus.txt	1282625	4441	1968416-1968431	16	1	d7d4c8ecd826446869a4fef409ec0cb905774fd03508b2d4a3f13fdf9013ba8a	linguistics/books/DSS-Leviticus-Linguistics.txt	1883621	7074	c95e9ae95b0067c8f70a007c9a8b3b5bf00dd6ea710909fbab03408a03066566	PARTLY_RECONSTRUCTED	50	48	37	5	6	39	5	0	0	0	0	0	0
L1595139-R001	biblical_book	Lev	23	18		4Q24	1606669	f9ii+11ii+18_20i	20	1595139				books/DSS-Leviticus.txt	1287066	1973	1968432-1968435	4	0	183c152d33fd3ae97e8ede98f5340082f32d66ac3d46baaa723c95c64e645dd2	linguistics/books/DSS-Leviticus-Linguistics.txt	1890695	2021	9dd7857a09a814cbf094584445dc599a771605ef2175a4dc973a060c0c659242	PARTLY_RECONSTRUCTED	12	10	4	4	2	6	4	0	1	0	0	0	0
L1595139-R002	biblical_book	Lev	23	19		4Q24	1606669	f9ii+11ii+18_20i	20	1595139				books/DSS-Leviticus.txt	1289039	3890	1968436-1968451	16	1	a025d32a8eeeb8ad53cf511fbe051cdec2f745b227f9a30fb0abc2ca1a13ae1b	linguistics/books/DSS-Leviticus-Linguistics.txt	1892716	6947	c83f3ae559860b637e71ff4c869c4eccf07bbb6ed65e20519da9634baed08da5	PARTLY_RECONSTRUCTED	48	46	34	0	12	34	0	0	1	0	0	0	0
L1595140-R001	biblical_book	Lev	23	20		4Q24	1606669	f9ii+11ii+18_20i	21	1595140				books/DSS-Leviticus.txt	1292929	4615	1968452-1968469	18	1	55d67abd47dad93de3cbbfb02fdd582e605ec41e7c3bf12f996dbf7e0b93b361	linguistics/books/DSS-Leviticus-Linguistics.txt	1899663	7916	9ce69f762f3aa58b5cb9d0118a6949fcec3d3a684d8baf5cf0aa9ccf03d0394c	PARTLY_RECONSTRUCTED	55	54	37	7	10	38	7	0	0	0	0	0	0
L1595141-R001	biblical_book	Lev	23	20		4Q24	1606669	f9ii+11ii+18_20i	22	1595141				books/DSS-Leviticus.txt	1297544	2071	1968470-1968474	5	0	c16376465b4a5928b221489496435e727c23578dcae3e70e6f0dde72efbdb546	linguistics/books/DSS-Leviticus-Linguistics.txt	1907579	2349	52f8e707cfdd45b6b54f860cd1af580cd0ba7e79ebd254c343d9b45674c1de52	PARTLY_RECONSTRUCTED	11	9	5	4	0	7	4	0	1	0	0	0	0
L1595141-R002	biblical_book	Lev	23	21		4Q24	1606669	f9ii+11ii+18_20i	22	1595141				books/DSS-Leviticus.txt	1299615	4154	1968475-1968490	16	1	d04b6192cd94f82d8eaf93794cf11ee94ffbeb377360e8c862a361529ef0dad3	linguistics/books/DSS-Leviticus-Linguistics.txt	1909928	6894	e9807de9095838d9d99d95e79772225c9b2d9bd8bfb488cfcb06af5edb418b39	PARTLY_RECONSTRUCTED	46	45	34	1	10	35	1	0	0	0	0	0	0
L1595142-R001	biblical_book	Lev	23	21		4Q24	1606669	f9ii+11ii+18_20i	23	1595142				books/DSS-Leviticus.txt	1303769	2854	1968491-1968499	9	0	8832e957240b1e72c276af3ebe11bec74241a392ffa255393864245e03395452	linguistics/books/DSS-Leviticus-Linguistics.txt	1916822	4113	b242f25790db7389735ce19ce6f59ca3d1fd960930d756ae041928c3277bba75	ALL_LETTER_SLOTS_RECONSTRUCTED	33	29	29	0	0	33	0	0	1	0	0	0	0
L1595142-R002	biblical_book	Lev	23	22		4Q24	1606669	f9ii+11ii+18_20i	23	1595142				books/DSS-Leviticus.txt	1306623	3154	1968500-1968508	9	1	4bc1312759e9336d6b3f7c45b4539249b4d8da949b34b259fd1bdec67bb20d22	linguistics/books/DSS-Leviticus-Linguistics.txt	1920935	4114	db81f8852f6c0fe4501a726f45623efde531a574bf969d6d3f8f32513b6772b6	PARTLY_RECONSTRUCTED	29	27	15	3	9	16	3	0	0	0	0	0	0
L1595143-R001	biblical_book	Lev	23	22		4Q24	1606669	f9ii+11ii+18_20i	24	1595143				books/DSS-Leviticus.txt	1309777	5111	1968509-1968527	19	1	e7ba3f30d061425f4d3a4c7cfeaa5d4481d428ae8346981416a5bd8344df5f83	linguistics/books/DSS-Leviticus-Linguistics.txt	1925049	8108	433f5b45442785dc978b1685ba4a8b32454c3f08a2ee0834b1132913ab1b9de3	PARTLY_RECONSTRUCTED	58	51	43	2	6	47	2	0	1	0	0	0	0
L1595144-R001	biblical_book	Lev	23	23		4Q24	1606669	f9ii+11ii+18_20i	25	1595144				books/DSS-Leviticus.txt	1314888	2341	1968528-1968535	8	0	05a642e8dce231faddd063e1b4d05652b4a236cb72103e2fa8f3fe181641b53e	linguistics/books/DSS-Leviticus-Linguistics.txt	1933157	3536	c4a044feeae46aa9b26c746b61509ea2821212133e295b1e2a7b09b0639fb922	ALL_LETTER_SLOTS_RECONSTRUCTED	20	18	18	0	0	20	0	0	1	0	0	0	0
L1595144-R002	biblical_book	Lev	23	24		4Q24	1606669	f9ii+11ii+18_20i	25	1595144				books/DSS-Leviticus.txt	1317229	3864	1968536-1968550	15	1	b1e3022b7e0c5170217535dceb929542abf924123611968c6478fb746d7aa158	linguistics/books/DSS-Leviticus-Linguistics.txt	1936693	6530	910e56a4f0c18a9af4f826cbad6d1f88e68eb8a12dc446745dd7cc803786c61f	PARTLY_RECONSTRUCTED	39	39	36	2	1	36	2	0	0	0	0	0	0
L1595145-R001	biblical_book	Lev	23	24		4Q24	1606669	f9ii+11ii+18_20i	26	1595145				books/DSS-Leviticus.txt	1321093	2437	1968551-1968557	7	0	8872ec6307a05d0f12319538360fd14301006d745c9e8250dd154bfea71017dc	linguistics/books/DSS-Leviticus-Linguistics.txt	1943223	3441	3b3026d73db58cce564ea028d6f539a88e4a7d64f8a455d762b5f281846e5252	ALL_LETTER_SLOTS_RECONSTRUCTED	28	25	25	0	0	28	0	0	1	0	0	0	0
L1595145-R002	biblical_book	Lev	23	25		4Q24	1606669	f9ii+11ii+18_20i	26	1595145				books/DSS-Leviticus.txt	1323530	3213	1968558-1968568	11	1	0939e70b6d0ceb2c10fab07eb3b9ea24fd73c9d501a874855e6d58626e78bd4f	linguistics/books/DSS-Leviticus-Linguistics.txt	1946664	4889	d33b1bafc22dba9455d7227fcd871aa03f37f2499ac48ddbe509a7a1c0e7ead4	PARTLY_RECONSTRUCTED	35	33	32	1	0	34	1	0	1	0	0	0	0
L1595146-R001	biblical_book	Lev	23	40		4Q24	1606669	f21	1	1595146				books/DSS-Leviticus.txt	1326743	4623	1968569-1968587	19	1	91ba2028971ab1bd34130255b799a7382974f3a509cde0d6c2446873c2d27454	linguistics/books/DSS-Leviticus-Linguistics.txt	1951553	8095	39566d57a0e0823b8e8149b9a968d40560e99ddc29c4f14d5da108f7fef2e239	PARTLY_RECONSTRUCTED	52	49	47	2	0	50	2	1	1	0	0	0	0
L1595147-R001	biblical_book	Lev	23	40		4Q24	1606669	f21	2	1595147				books/DSS-Leviticus.txt	1331366	3214	1968588-1968597	10	1	155fe7559f16c7a639435b9cf1297b263525c49a65e4a09833eab13bd5205acb	linguistics/books/DSS-Leviticus-Linguistics.txt	1959648	4504	7cc0248e3f05f0241e1d3cb7adc65d7c466b015404be0807d9717b76dcfc872b	PARTLY_RECONSTRUCTED	34	31	26	1	4	29	1	0	1	0	0	0	0
L1595148-R001	biblical_book	Lev	24	1		4Q24	1606669	f20ii+22_25	7	1595148				books/DSS-Leviticus.txt	1334580	2327	1968598-1968605	8	0	5c82a07976ff241f3732fd41c6fdd5fdc1e410579ee0dff2265862c960fc499d	linguistics/books/DSS-Leviticus-Linguistics.txt	1964152	3510	2a81dcdc1f028825fdb5897533ba079fb78a5124fdcdbbf93aea70f7e4d039ca	ALL_LETTER_SLOTS_RECONSTRUCTED	20	18	18	0	0	20	0	0	1	0	0	0	0
L1595148-R002	biblical_book	Lev	24	2		4Q24	1606669	f20ii+22_25	7	1595148				books/DSS-Leviticus.txt	1336907	3706	1968606-1968618	13	1	91263addeeba8f6f060b524a5fed430f33ade06ea47e67589d720b120fbb29be	linguistics/books/DSS-Leviticus-Linguistics.txt	1967662	5746	0ab98dccfdd7ea985ca35db64b7775adddae611ce93c1b404aba51f705878b10	PARTLY_RECONSTRUCTED	39	38	30	3	5	31	3	0	0	0	0	0	0
L1595149-R001	biblical_book	Lev	24	2		4Q24	1606669	f20ii+22_25	8	1595149				books/DSS-Leviticus.txt	1340613	1892	1968619-1968623	5	0	8cee562e0e6a7572a61fe47937cd3efe9fa0922fdf340e1414fdc05afd62c706	linguistics/books/DSS-Leviticus-Linguistics.txt	1973408	2358	19a02720f63aa82691e2052ffdcaf1423a480ae8adf2c3e78cf61d8d6180bac8	ALL_LETTER_SLOTS_RECONSTRUCTED	13	11	11	0	0	13	0	0	1	0	0	0	0
L1595149-R002	biblical_book	Lev	24	3		4Q24	1606669	f20ii+22_25	8	1595149				books/DSS-Leviticus.txt	1342505	3990	1968624-1968639	16	1	0515d84031de4788947f94b1e186ca444063b3b36761aa09a9270f28935ff137	linguistics/books/DSS-Leviticus-Linguistics.txt	1975766	6919	77025ecce6090572398607c3c913c1d928c41fd91ee9038b5b59ec0d504eb0c3	PARTLY_RECONSTRUCTED	42	41	34	1	6	35	1	0	0	0	0	0	0
L1595150-R001	biblical_book	Lev	24	3		4Q24	1606669	f20ii+22_25	9	1595150				books/DSS-Leviticus.txt	1346495	2804	1968640-1968648	9	0	3717a9370f9e46b50c553c07832cd3e7928d7aa0d5f609694089ae8230e9686f	linguistics/books/DSS-Leviticus-Linguistics.txt	1982685	4088	ff5b47537cfdc4af35f0d87874ff071bb37911b22e63a4537701b005954e4bec	PARTLY_RECONSTRUCTED	29	26	21	2	3	21	2	0	1	0	0	0	0
L1595150-R002	biblical_book	Lev	24	4		4Q24	1606669	f20ii+22_25	9	1595150				books/DSS-Leviticus.txt	1349299	3314	1968649-1968659	11	1	ab959b2ffa1977f65b664720ed9d0adf94da1bbff29687025b0e0ab01c2e47ed	linguistics/books/DSS-Leviticus-Linguistics.txt	1986773	4799	64a8d27b61633b162de41f69a3eb8fe3ca82f6651ef5a0b0c59c06bf3c2ecec0	PARTLY_RECONSTRUCTED	27	27	16	5	6	16	5	0	0	0	0	0	0
L1595151-R001	biblical_book	Lev	24	4		4Q24	1606669	f20ii+22_25	10	1595151				books/DSS-Leviticus.txt	1352613	1622	1968660-1968662	3	0	b23edfad9300bb054253bcff60954ed0ff1b7053e6db0e12ad39159ebe42b4f7	linguistics/books/DSS-Leviticus-Linguistics.txt	1991572	1598	44cfa6744577a82ddfcf37e83ff18b04ef62cfe18a334c5bdb9fc7627155b3fc	ALL_LETTER_SLOTS_RECONSTRUCTED	10	8	8	0	0	10	0	0	1	0	0	0	0
L1595151-R002	biblical_book	Lev	24	5		4Q24	1606669	f20ii+22_25	10	1595151				books/DSS-Leviticus.txt	1354235	4295	1968663-1968674	12	2	9c8d9a0d4cc0403766e5277e8bfaa8cc3a782054e51cbaeba190b4f1a8c7af6f	linguistics/books/DSS-Leviticus-Linguistics.txt	1993170	5506	9ed9a30bd617a97962b8b7dbf02d834d4aa429d5ce895831dba1116ffb69d379	PARTLY_RECONSTRUCTED	43	42	29	4	9	29	4	0	0	0	0	0	0
L1595152-R001	biblical_book	Lev	24	5		4Q24	1606669	f20ii+22_25	11	1595152				books/DSS-Leviticus.txt	1358530	1852	1968675-1968679	5	0	743ff55947ce9140c2dd78a05cb70c8c7a7b62c5dc770cd0f8f59460f5771532	linguistics/books/DSS-Leviticus-Linguistics.txt	1998676	2312	0346516c0d50f3c82692b7d98906389d1e100133148b511ea5253ab86037b407	ALL_LETTER_SLOTS_RECONSTRUCTED	10	8	8	0	0	10	0	0	1	0	0	0	0
L1595152-R002	biblical_book	Lev	24	6		4Q24	1606669	f20ii+22_25	11	1595152				books/DSS-Leviticus.txt	1360382	4505	1968680-1968696	17	1	3c255469fd3d5c8ec11d8eaa5d45c1bd25b889f0a31358e0ecb0050787432003	linguistics/books/DSS-Leviticus-Linguistics.txt	2000988	7342	7f09316d6fec03ac76270304db3ba325e5e0f730fed686ee1b26c06c537bc960	PARTLY_RECONSTRUCTED	48	45	28	7	10	29	7	0	1	0	0	0	0
L1595153-R001	biblical_book	Lev	24	7		4Q24	1606669	f20ii+22_25	12	1595153				books/DSS-Leviticus.txt	1364887	3771	1968697-1968713	17	0	c40e4e2b2bd94a91a663595299357fef93c42f86b3390d9bd0db310a66a1e2e4	linguistics/books/DSS-Leviticus-Linguistics.txt	2008330	7244	80486d5a4c96a13f2dbd91d788715f5f37c0e04bfbd09b2525f4af7101a8e8b0	PARTLY_RECONSTRUCTED	45	43	36	2	5	38	2	0	1	0	0	0	0
L1595153-R002	biblical_book	Lev	24	8		4Q24	1606669	f20ii+22_25	12	1595153				books/DSS-Leviticus.txt	1368658	2592	1968714-1968721	8	1	d1a840c63a3471c9feba2e4ed7e5210608fd2f9aa3b4cc208f6da144b8255736	linguistics/books/DSS-Leviticus-Linguistics.txt	2015574	3566	f2c1e2f7d29655f2d33b0e1c1f8c84dbe5dfb12130d593780738a09beff9ff38	PARTLY_RECONSTRUCTED	16	16	7	1	8	7	1	0	0	0	0	0	0
L1595154-R001	biblical_book	Lev	24	8		4Q24	1606669	f20ii+22_25	13	1595154				books/DSS-Leviticus.txt	1371250	3152	1968722-1968733	12	0	477f911a0d09ba028e452f4b06e472d878eab8f8b1f96c0e2c5aef8b8d20a93c	linguistics/books/DSS-Leviticus-Linguistics.txt	2019140	5372	e98d54088383ddb614646ea7e8dbba546f63a6b785c07559978f77e16d71efb8	PARTLY_RECONSTRUCTED	40	37	32	0	5	35	0	0	1	0	0	0	0
L1595154-R002	biblical_book	Lev	24	9		4Q24	1606669	f20ii+22_25	13	1595154				books/DSS-Leviticus.txt	1374402	2984	1968734-1968742	9	1	999ee16037704bd6e70e84b75c11a95f624ddcb3009e2113bda7010960a7d852	linguistics/books/DSS-Leviticus-Linguistics.txt	2024512	3945	f6eda1bc787ca6cbf9af6a423ff0f8bce6e8da43fc2a4c68575e0efa9e1028c8	PARTLY_RECONSTRUCTED	24	22	17	0	5	18	0	0	0	0	0	0	0
L1595155-R001	biblical_book	Lev	24	9		4Q24	1606669	f20ii+22_25	14	1595155				books/DSS-Leviticus.txt	1377386	4240	1968743-1968756	14	2	4aba2512e1a45effd890dad5ad2862e4401753732f8e528cdb3934c47dabcca5	linguistics/books/DSS-Leviticus-Linguistics.txt	2028457	6072	0cc53f09378d24aee525c1324926c7258f1ddac84a25557a458cd1da1fcce1ff	PARTLY_RECONSTRUCTED	40	37	36	1	0	39	1	0	1	0	0	0	0
L1595156-R001	biblical_book	Lev	24	10		4Q24	1606669	f20ii+22_25	15	1595156				books/DSS-Leviticus.txt	1381626	4686	1968757-1968777	21	1	057df951fab97dea0942f5295c6104579a142cd7201b25531556ca5e2ac0e8ab	linguistics/books/DSS-Leviticus-Linguistics.txt	2034529	9176	c659a1a2824102c9cd370551d885214a266db8cbe2210e1a7629048b8e6238b5	PARTLY_RECONSTRUCTED	61	61	55	2	4	55	2	0	0	0	0	0	0
L1595157-R001	biblical_book	Lev	24	10		4Q24	1606669	f20ii+22_25	16	1595157				books/DSS-Leviticus.txt	1386312	2116	1968778-1968783	6	0	b771ffed82128a2039bb9e02ed9fe4d75abab1a0b016c2c1a375fe35c16f81b1	linguistics/books/DSS-Leviticus-Linguistics.txt	2043705	2776	2fa04e25f0658c529e07c7b209988cba0ab47d362050b8bee50e2ec396819ccb	PARTLY_RECONSTRUCTED	14	12	5	3	4	7	3	0	1	0	0	0	0
L1595157-R002	biblical_book	Lev	24	11		4Q24	1606669	f20ii+22_25	16	1595157				books/DSS-Leviticus.txt	1388428	4627	1968784-1968803	20	1	0bd3b92715a2e7d1515466e7eb66cd7f20fa1e9325ae21e422509f1e618780a0	linguistics/books/DSS-Leviticus-Linguistics.txt	2046481	8341	bf15bb7d3c9514b047b86935a62dcebe1f3f81aeeb9ce5723603eb2853743106	ALL_LETTER_SLOTS_RECONSTRUCTED	50	48	48	0	0	50	0	0	0	0	0	0	0
L1595158-R001	biblical_book	Lev	24	11		4Q24	1606669	f20ii+22_25	17	1595158				books/DSS-Leviticus.txt	1393055	2654	1968804-1968810	7	0	a594ba80eb900f6f536f7930f135409536825917908e1da999fd4ca52e46e8e3	linguistics/books/DSS-Leviticus-Linguistics.txt	2054822	3310	9dd24f84c90012c3dbce21f8344209e84ac9c327189a81110190899693a780fe	PARTLY_RECONSTRUCTED	19	17	5	7	5	5	7	0	1	0	0	0	0
L1595158-R002	biblical_book	Lev	24	12		4Q24	1606669	f20ii+22_25	17	1595158				books/DSS-Leviticus.txt	1395709	3785	1968811-1968821	11	2	03558ddef5a43504c0ea962083955f5a2270c5ec8addbcb1e365685b14617cca	linguistics/books/DSS-Leviticus-Linguistics.txt	2058132	4755	040b16bf2e23a182b3b49a6dd4730c72b65e29740687683179c9fe0bf9cedd1b	PARTLY_RECONSTRUCTED	31	27	26	1	0	30	1	0	1	0	0	0	0
L1595159-R001	biblical_book	Lev	24	13		4Q24	1606669	f20ii+22_25	18	1595159				books/DSS-Leviticus.txt	1399494	2500	1968822-1968829	8	0	97101bfc26868eefdda5ffa9bfc34d9a37271cbc3a032e9b31665deec70af1ea	linguistics/books/DSS-Leviticus-Linguistics.txt	2062887	3550	a52f5c103a83eecd5754d229819505942cee05ff188053f5a151475a08e1c3fc	NO_LETTER_RECONSTRUCTION_MARKED	20	18	0	5	13	2	5	0	1	0	0	0	0
L1595159-R002	biblical_book	Lev	24	14		4Q24	1606669	f20ii+22_25	18	1595159				books/DSS-Leviticus.txt	1401994	3964	1968830-1968845	16	1	095427155110d862b5a25e082e616f08a4bc999e06ca86a094795baeaea33767	linguistics/books/DSS-Leviticus-Linguistics.txt	2066437	6752	d6c3a2970d71a0cbd57b5d5788c247b5afeafff6df473c780496c274de6639d6	ALL_LETTER_SLOTS_RECONSTRUCTED	43	42	42	0	0	43	0	0	0	0	0	0	0
L1595160-R001	biblical_book	Lev	24	14		4Q24	1606669	f20ii+22_25	19	1595160				books/DSS-Leviticus.txt	1405958	3020	1968846-1968854	9	0	cc4bfbd00bbf67bf6eee2df54206d0d94240dbac413ea12e47cd839315226f84	linguistics/books/DSS-Leviticus-Linguistics.txt	2073189	3982	364e67eb4c7c9a3ec5a70a9ee0cfd8ef6bd787ff32adbefd35190f67fded7516	PARTLY_RECONSTRUCTED	24	20	9	6	5	12	6	0	1	0	0	0	0
L1595160-R002	biblical_book	Lev	24	15		4Q24	1606669	f20ii+22_25	19	1595160				books/DSS-Leviticus.txt	1408978	4175	1968855-1968870	16	1	abdab1655c1f874e1dd01c6a783373ed6ccd2be281a29ca78cb8249bbc70db55	linguistics/books/DSS-Leviticus-Linguistics.txt	2077171	6885	ed145a02ef8f6c191eb34752fcea00e322e8987448c3402ee56a34f94074fd62	ALL_LETTER_SLOTS_RECONSTRUCTED	48	44	44	0	0	48	0	0	1	0	0	0	0
L1595161-R001	biblical_book	Lev	24	16		4Q24	1606669	f20ii+22_25	20	1595161				books/DSS-Leviticus.txt	1413153	5069	1968871-1968891	21	0	58db916e66adf758faf14a86d8a86bbdfbe44c648017bda9f065f071225c98fe	linguistics/books/DSS-Leviticus-Linguistics.txt	2084056	8829	5ab18ef33b4f548bbeb638893a4ff4c1127824e5ffa594015e0f4c3df0160c9c	PARTLY_RECONSTRUCTED	57	53	37	13	3	41	13	0	1	0	0	0	0
L1595161-R002	biblical_book	Lev	24	17		4Q24	1606669	f20ii+22_25	20	1595161				books/DSS-Leviticus.txt	1418222	1875	1968892-1968894	3	1	999e9f3d0f95e1247372325734ed0814a145d1f76282bfaee8cf035e48cc4899	linguistics/books/DSS-Leviticus-Linguistics.txt	2092885	1580	75d022752e2429b4385e7660350809188bb6205e852d2ac3a15ccc562507ad18	ALL_LETTER_SLOTS_RECONSTRUCTED	6	6	6	0	0	6	0	0	0	0	0	0	0
L1595162-R001	biblical_book	Lev	24	17		4Q24	1606669	f20ii+22_25	21	1595162				books/DSS-Leviticus.txt	1420097	2440	1968895-1968901	7	0	f1001c49c5de34113ac5c6f284494b440b1bcb0e9726860b08e1b181bfd16c00	linguistics/books/DSS-Leviticus-Linguistics.txt	2094465	3265	a5e9f1301004dfb38654187175605e79726aab804e50cc71769295bc2a2c9554	PARTLY_RECONSTRUCTED	20	18	8	7	3	10	7	0	1	0	0	0	0
L1595162-R002	biblical_book	Lev	24	18		4Q24	1606669	f20ii+22_25	21	1595162				books/DSS-Leviticus.txt	1422537	2680	1968902-1968910	9	0	7ce186458bbec256c98bb6e684347738a5337dbd7fef7c1a59fa1933866d6e82	linguistics/books/DSS-Leviticus-Linguistics.txt	2097730	4095	20f24d4ebcfb3f1ea13d64830b8e44b8af671d337a52bb0cfea954da26eeb484	ALL_LETTER_SLOTS_RECONSTRUCTED	29	26	26	0	0	29	0	0	1	0	0	0	0
L1595162-R003	biblical_book	Lev	24	19		4Q24	1606669	f20ii+22_25	21	1595162				books/DSS-Leviticus.txt	1425217	2030	1968911-1968914	4	1	825f33b87900b5e88d2fad98e693f4cb744eddc276541ac28ccd37ea424ffd1b	linguistics/books/DSS-Leviticus-Linguistics.txt	2101825	1979	6acee0651106158980f5bf9a5165f4a71ff4e10578795ada2c76253e6638bdec	ALL_LETTER_SLOTS_RECONSTRUCTED	9	9	9	0	0	9	0	0	0	0	0	0	0
L1595163-R001	biblical_book	Lev	24	19		4Q24	1606669	f20ii+22_25	22	1595163				books/DSS-Leviticus.txt	1427247	3115	1968915-1968924	10	0	47b18559662fbdc2396bf0f4fca1a78f0eb2038fd081ee8dca9701f6711e2c61	linguistics/books/DSS-Leviticus-Linguistics.txt	2103804	4418	324a3b8b23c706147a2221404a110efc6f9109aa20ba9a486922a9daf2b98104	PARTLY_RECONSTRUCTED	28	24	8	6	10	11	6	0	1	0	0	0	0
L1595163-R002	biblical_book	Lev	24	20		4Q24	1606669	f20ii+22_25	22	1595163				books/DSS-Leviticus.txt	1430362	3110	1968925-1968935	11	1	dafdc7c9195ec51531eec372059ff320bb6e4299beef6cf561edee557a6dad0b	linguistics/books/DSS-Leviticus-Linguistics.txt	2108222	4945	f09474b281c4cd6b70432afad1f837f3a40201dafa91876186610183fddfc250	ALL_LETTER_SLOTS_RECONSTRUCTED	29	29	29	0	0	29	0	0	0	0	0	0	0
L1595164-R001	biblical_book	Lev	24	20		4Q24	1606669	f20ii+22_25	23	1595164				books/DSS-Leviticus.txt	1433472	2540	1968936-1968943	8	0	8ad7e81bb9b8cc7832f47d88fab02414f5b0d75b0f10d6032620df29f6830cae	linguistics/books/DSS-Leviticus-Linguistics.txt	2113167	3564	efa8814939a1a586a2dfeb5f36b6206487f26eb4176b40846d58bc42d1fd52f1	PARTLY_RECONSTRUCTED	21	18	8	1	9	11	1	0	1	0	0	0	0
L1595164-R002	biblical_book	Lev	24	21		4Q24	1606669	f20ii+22_25	23	1595164				books/DSS-Leviticus.txt	1436012	2616	1968944-1968947	4	2	173b1e49ca6ff3f57fa3f31e0f6eaa42e8ef4061b3880e62b3f6697ddc0ff6d1	linguistics/books/DSS-Leviticus-Linguistics.txt	2116731	2065	af5ebf31c25f479e58188f9520f3fe5cdcf9093aadb0e995cb8caf5f5690668b	ALL_LETTER_SLOTS_RECONSTRUCTED	15	14	14	0	0	15	0	0	0	0	0	0	0
L1595165-R001	biblical_book	Lev	24	21		4Q24	1606669	f20ii+22_25	24	1595165				books/DSS-Leviticus.txt	1438628	2204	1968948-1968952	5	0	7a445ebec7e357baa9c7fa1e2fedafa8af74b6e8119bb367a8c9a06294d9758e	linguistics/books/DSS-Leviticus-Linguistics.txt	2118796	2366	11bd44426835eaa5626eebe89d6065fe159fde60e7833d930d11069924744fab	PARTLY_RECONSTRUCTED	13	11	2	3	6	4	3	0	1	0	0	0	0
L1595165-R002	biblical_book	Lev	24	22		4Q24	1606669	f20ii+22_25	24	1595165				books/DSS-Leviticus.txt	1440832	3913	1968953-1968966	14	1	a5564b161ee604534dcd62ef54fd585a545e100171163cdb48e045508d1fc0d0	linguistics/books/DSS-Leviticus-Linguistics.txt	2121162	6155	295f2406a860e193748d400002e5bdfa9549f3d2f863a30a1c381b50bbd61e86	ALL_LETTER_SLOTS_RECONSTRUCTED	45	41	41	0	0	45	0	0	1	0	0	0	0
L1595166-R001	biblical_book	Lev	24	23		4Q24	1606669	f20ii+22_25	25	1595166				books/DSS-Leviticus.txt	1444745	4830	1968967-1968988	22	1	0468fe1f655bcd2e82f2f013c6c331337be378531241a8db29b66c86ea47949e	linguistics/books/DSS-Leviticus-Linguistics.txt	2127317	9229	2869a4d78ecf12dc3c4e263e27c5e50461030f68b2088a909728b6e102c15c22	PARTLY_RECONSTRUCTED	60	59	51	0	8	52	0	0	0	0	0	0	0
L1595167-R001	biblical_book	Lev	24	23		4Q24	1606669	f20ii+22_25	26	1595167				books/DSS-Leviticus.txt	1449575	3371	1968989-1968997	9	2	547c4112008862c4aaadf73697926ff021abdf3fd30636be1198b19e7b8318ec	linguistics/books/DSS-Leviticus-Linguistics.txt	2136546	4074	9dc8bd0fd99a65b01e962c12b9bfa2ec5edccd66d53d09a46ac49abc1ae7d766	PARTLY_RECONSTRUCTED	26	24	22	2	0	24	2	0	1	0	0	0	0
L1595168-R001	biblical_book	Lev	25	28		4Q24	1606669	f26	1	1595168				books/DSS-Leviticus.txt	1452946	5229	1968998-1969019	22	1	aa6530c312fbc861f3385f1e609924c5a3ed48a1747774e0ec8213326a3c1b1b	linguistics/books/DSS-Leviticus-Linguistics.txt	2140620	9120	0b75e379e172c418b4e335c101f3587fd4ed1064521b9dd574b62508c1377bda	PARTLY_RECONSTRUCTED	57	53	47	2	4	51	2	0	0	0	0	0	0
L1595169-R001	biblical_book	Lev	25	28		4Q24	1606669	f26	2	1595169				books/DSS-Leviticus.txt	1458175	2259	1969020-1969026	7	0	2939ae01dff1b3075bf37be1d640e51a558ba6283950d5668b2378d5a065afc9	linguistics/books/DSS-Leviticus-Linguistics.txt	2149740	3144	89f55b530175df6bab861fa9d599d93db1deae70ded4be5ad3f1f4a7919dcd54	ALL_LETTER_SLOTS_RECONSTRUCTED	16	13	13	0	0	16	0	0	1	0	0	0	0
L1595169-R002	biblical_book	Lev	25	29		4Q24	1606669	f26	2	1595169				books/DSS-Leviticus.txt	1460434	3874	1969027-1969041	15	1	2b3687237574f3b2b70c27fda5e71616b3382fd3b70807cb200644a49f9d1950	linguistics/books/DSS-Leviticus-Linguistics.txt	2152884	6512	c5c8b00285965e7e0d8ba76c745156a8bb2486dcb5f3e13c553755cc29504fae	PARTLY_RECONSTRUCTED	44	41	33	0	8	33	0	0	1	0	0	0	0
L1595170-R001	biblical_book	Lev	25	45		4Q24	1606669	f27_28	1	1595170				books/DSS-Leviticus.txt	1464308	4951	1969042-1969059	18	1	edabe2b251e0dd08a5d432267c05a42e2b15f2c500aff56fa0a48832ad77480a	linguistics/books/DSS-Leviticus-Linguistics.txt	2159396	7787	6ea4779b14ed5b2fba8c277571441764a5d4201f1764887bd876231f4dd2f172	PARTLY_RECONSTRUCTED	62	57	50	2	5	53	2	0	0	0	0	0	0
L1595171-R001	biblical_book	Lev	25	45		4Q24	1606669	f27_28	2	1595171				books/DSS-Leviticus.txt	1469259	2179	1969060-1969065	6	0	6c2a1dc0d73b3325b69fb0371775a3d5dc7a4d0e64dffa3b1b7e790c0e15a93b	linguistics/books/DSS-Leviticus-Linguistics.txt	2167183	2739	bcb3bb5cc1246d55c1e89121e3b5558b449028ce4cf8a66a9f4bf341ac743ea5	PARTLY_RECONSTRUCTED	15	12	11	1	0	12	1	0	1	0	0	0	0
L1595171-R002	biblical_book	Lev	25	46		4Q24	1606669	f27_28	2	1595171				books/DSS-Leviticus.txt	1471438	4080	1969066-1969078	13	1	46faa42ae2792b3fb4f8880b8672b05ef28216eb6b717fffb613be0cd800bc6a	linguistics/books/DSS-Leviticus-Linguistics.txt	2169922	5703	2cf3ca768991062a7866c56443565944fb327e1117cb194ebea4438ab3db50fb	PARTLY_RECONSTRUCTED	46	42	34	2	6	38	2	0	0	0	0	0	0
L1595172-R001	biblical_book	Lev	25	46		4Q24	1606669	f27_28	3	1595172				books/DSS-Leviticus.txt	1475518	3760	1969079-1969092	14	0	bb0be2ee3a249bc9dcb21fc9a0c7746ef1f836877c366eb5f760516915764d63	linguistics/books/DSS-Leviticus-Linguistics.txt	2175625	6025	dd1659f93fbee358bdb7ce7da64d657d9b31966000a5abc8e14d6f46664d04f7	PARTLY_RECONSTRUCTED	40	35	24	2	9	28	2	0	1	0	0	0	0
L1595172-R002	biblical_book	Lev	25	47		4Q24	1606669	f27_28	3	1595172				books/DSS-Leviticus.txt	1479278	2737	1969093-1969100	8	1	c190a99d81cdae19dac21af2cda4fa7ea2036d0fa89251298047e87493cd2033	linguistics/books/DSS-Leviticus-Linguistics.txt	2181650	3585	925c54557cc41adedbf91529f3e25f9fbdb08a363d7c08e19955dcdbc9ba9f3d	ALL_LETTER_SLOTS_RECONSTRUCTED	20	19	19	0	0	20	0	0	0	0	0	0	0
L1595173-R001	biblical_book	Lev	25	47		4Q24	1606669	f27_28	4	1595173				books/DSS-Leviticus.txt	1482015	3909	1969101-1969116	16	0	a45e401d16efc53f6b3f2d3634616dbbc4387aeff0ab19fba71ab6fa97691233	linguistics/books/DSS-Leviticus-Linguistics.txt	2185235	6795	5ed3c969359b94fac01ac1a2f0ad0c0772059e4ab9ba6649cfdbb2db3f82067d	PARTLY_RECONSTRUCTED	43	38	21	3	14	24	3	0	1	0	0	0	0
L1595173-R002	biblical_book	Lev	25	48		4Q24	1606669	f27_28	4	1595173				books/DSS-Leviticus.txt	1485924	2364	1969117-1969121	5	1	007ac06414d47d9976352d259d7709b33df76e18b6f2992e3c02c4819346fca0	linguistics/books/DSS-Leviticus-Linguistics.txt	2192030	2484	7f993810d0da453a3d022fc1cddfde55d34630b823212dd60ac625cf502b5a15	ALL_LETTER_SLOTS_RECONSTRUCTED	19	18	18	0	0	19	0	0	0	0	0	0	0
L1595174-R001	biblical_book	Lev	25	48		4Q24	1606669	f27_28	5	1595174				books/DSS-Leviticus.txt	1488288	2211	1969122-1969126	5	0	3bf20bb59392219d308dcf94252e65822a4487e6b10006bba36ae4e20b426645	linguistics/books/DSS-Leviticus-Linguistics.txt	2194514	2399	9cf8548fb1305480c39a112eb7f764bd2404be7ebba80284f0e4c1abd507f21f	PARTLY_RECONSTRUCTED	18	14	11	2	1	12	2	0	1	0	0	0	0
L1595174-R002	biblical_book	Lev	25	49		4Q24	1606669	f27_28	5	1595174				books/DSS-Leviticus.txt	1490499	4563	1969127-1969141	15	1	aab6682244d6b22be6b930acead2f23608f0bbcc187ecb3b96766adaa5e5ebeb	linguistics/books/DSS-Leviticus-Linguistics.txt	2196913	6608	92aa4f16463ac2d6b0aef376e15c01e6c64639f3745ed3b19c8ebfd0502d063b	PARTLY_RECONSTRUCTED	54	48	37	1	10	41	1	0	0	0	0	0	0
L1595175-R001	biblical_book	Lev	25	49		4Q24	1606669	f27_28	6	1595175				books/DSS-Leviticus.txt	1495062	1858	1969142-1969145	4	0	886697e19c61b3b7903b316ba1039287b6eefad9b8c740911bf55d20a167a378	linguistics/books/DSS-Leviticus-Linguistics.txt	2203521	1930	a0bca0bdab10455b6174ef1ccb61bb40e7d3d9a77d9d521f200975609dbefbaa	ALL_LETTER_SLOTS_RECONSTRUCTED	11	8	8	0	0	11	0	0	1	0	0	0	0
L1595175-R002	biblical_book	Lev	25	50		4Q24	1606669	f27_28	6	1595175				books/DSS-Leviticus.txt	1496920	4796	1969146-1969164	19	1	7879e22fb96b4f3d8e49761b197b663a8e5285d6a8159c1d67d9e97d46bb71da	linguistics/books/DSS-Leviticus-Linguistics.txt	2205451	8106	12032af1b9da5dd051bbeaf4b235667ba7bab070e1ac1de3b1f63f13cd03730e	ALL_LETTER_SLOTS_RECONSTRUCTED	55	51	51	0	0	55	0	0	0	0	0	0	0
L1595176-R001	biblical_book	Lev	25	50		4Q24	1606669	f27_28	7	1595176				books/DSS-Leviticus.txt	1501716	2180	1969165-1969170	6	0	21d93b4d570e9812baf825a6d5f4900dab3e43468067d2fa7e6b106b736eb2d8	linguistics/books/DSS-Leviticus-Linguistics.txt	2213557	2767	f6e1584ce55848f4f13fcba296c28e45c28367cddb1f54a65528bef4ebbab72e	ALL_LETTER_SLOTS_RECONSTRUCTED	18	15	15	0	0	18	0	0	1	0	0	0	0
L1595176-R002	biblical_book	Lev	25	51		4Q24	1606669	f27_28	7	1595176				books/DSS-Leviticus.txt	1503896	3517	1969171-1969183	13	0	07388c996f6c0045bc8b1cdaa6582538b1e82a71ee9de574c2cd0da4400a2788	linguistics/books/DSS-Leviticus-Linguistics.txt	2216324	5708	de15ab6c0cfa8e03dce07be14ec393e9e87f2ea6e83ff4611c292317dc943e0f	PARTLY_RECONSTRUCTED	42	37	32	1	4	36	1	0	1	0	0	0	0
L1595176-R003	biblical_book	Lev	25	52		4Q24	1606669	f27_28	7	1595176				books/DSS-Leviticus.txt	1507413	1857	1969184-1969186	3	1	d87a1b4e636579848ef2462fdb0ec641ac01eae5af1b6f65f042011a0be3b4af	linguistics/books/DSS-Leviticus-Linguistics.txt	2222032	1557	8a25be83dca0eb2fcc7dec399af828b7ba953a2056fef0f302d9b2e5c258ce53	ALL_LETTER_SLOTS_RECONSTRUCTED	6	6	6	0	0	6	0	0	0	0	0	0	0
L1595177-R001	biblical_book	Lev	25	52		4Q24	1606669	f27_28	8	1595177				books/DSS-Leviticus.txt	1509270	4484	1969187-1969203	17	1	cc2b93ec11fb4201438158b18700502f3a83bf9f4cf21cf3c6a2c5fd6a50ac87	linguistics/books/DSS-Leviticus-Linguistics.txt	2223589	7230	a6cea79b6f3e453b608257c1ec4d4241a11a7e54db5c9119efb7e15dc06379c3	PARTLY_RECONSTRUCTED	47	42	37	1	4	42	1	0	1	0	0	0	0
L1595178-R001	biblical_book	Lev	25	53		4Q24	1606669	f27_28	9	1595178				books/DSS-Leviticus.txt	1513754	2302	1969204-1969208	5	1	e4e72738477ed7fb17c790ce89e10c044716807be603955f121b8469910530b3	linguistics/books/DSS-Leviticus-Linguistics.txt	2230819	2233	91f582ece21f4875ec3be70e77414a63eb99902a5e3d60b1288b176da687c690	NO_LETTER_SLOTS	10	0	0	0	0	6	2	2	5	0	0	0	0
L1595183-R001	biblical_book	Lev	1	1		4Q25	1606670	f1i	1	1595183				books/DSS-Leviticus.txt	1516106	3306	1969230-1969243	14	0	6bc74d19cf3744028a31080056f31cbd7cee2664d7266b674b573d01c24e99aa	linguistics/books/DSS-Leviticus-Linguistics.txt	2233102	5905	1ca062dc833c8a1b93bed7c5615242bbf561a3cb6de3b50c73d5162cddb8bb14	PARTLY_RECONSTRUCTED	38	35	31	0	4	32	0	0	1	0	0	0	0
L1595183-R002	biblical_book	Lev	1	2		4Q25	1606670	f1i	1	1595183				books/DSS-Leviticus.txt	1519412	2296	1969244-1969249	6	1	5366d1bdbb9f49bda0f4c4369fa219a44a07ad5de0cdd6f4eedb9da4643a0b85	linguistics/books/DSS-Leviticus-Linguistics.txt	2239007	2833	aef22ba9497b86409b517c2b1b42e57cc348632c5c278b66c989798a673c39c5	NO_LETTER_RECONSTRUCTION_MARKED	18	18	0	0	18	0	0	0	0	0	0	0	0
L1595184-R001	biblical_book	Lev	1	2		4Q25	1606670	f1i	2	1595184				books/DSS-Leviticus.txt	1521708	4456	1969250-1969267	18	1	a652ebef3427e78b340db7218f5d23cae3b2f017f78e2320cf3c6faa64019312	linguistics/books/DSS-Leviticus-Linguistics.txt	2241840	7583	461158656baff65f12beacace7e814ec352ea096d2b6db0e8f588f4c7fd7c149	PARTLY_RECONSTRUCTED	48	46	29	3	14	31	3	0	0	0	0	0	0
L1595185-R001	biblical_book	Lev	1	2		4Q25	1606670	f1i	3	1595185				books/DSS-Leviticus.txt	1526164	1928	1969268-1969271	4	0	8f070015785899f29b5294f40d1e0d8fb0f5535bb8ac7f547cc3076dd6a5fa18	linguistics/books/DSS-Leviticus-Linguistics.txt	2249423	2019	fd657a0b60ef15d7c8d27768e861cbc54b9f79899648f6e5999c50a61d589806	ALL_LETTER_SLOTS_RECONSTRUCTED	17	14	14	0	0	17	0	0	1	0	0	0	0
L1595185-R002	biblical_book	Lev	1	3		4Q25	1606670	f1i	3	1595185				books/DSS-Leviticus.txt	1528092	3239	1969272-1969280	9	1	c2c6f74503dfd3d25704103950304841ae63156f3ef29d8cfc3b81eb96a3e009	linguistics/books/DSS-Leviticus-Linguistics.txt	2251442	4134	cf2fca74b81dfcca746493e2b88b84cd4647c5dbc4948619aab0e2507358ace8	PARTLY_RECONSTRUCTED	32	29	10	1	18	12	2	0	0	0	0	0	0
L1595186-R001	biblical_book	Lev	1	3		4Q25	1606670	f1i	4	1595186				books/DSS-Leviticus.txt	1531331	3311	1969281-1969292	12	0	4d01e5254d8566253dc6c0524a4706136f586832ff6f90578bd941498dd60cab	linguistics/books/DSS-Leviticus-Linguistics.txt	2255576	5248	2f98edc89d83b7535a68740edf19f7d71c33d10940a2efc2bc3ea5c036b4feba	PARTLY_RECONSTRUCTED	37	33	30	3	0	34	3	0	1	0	0	0	0
L1595186-R002	biblical_book	Lev	1	4		4Q25	1606670	f1i	4	1595186				books/DSS-Leviticus.txt	1534642	2320	1969293-1969297	5	1	75607e88670b15a04d3f6569a26f97b6b279f7b7a11b876a20be55930a7f1991	linguistics/books/DSS-Leviticus-Linguistics.txt	2260824	2364	d7c27c51f609cf3526ba1ecf214f7af875bb7ce23c59ca3d54f510f13ce114bf	PARTLY_RECONSTRUCTED	13	12	6	2	4	6	2	0	0	0	0	0	0
L1595187-R001	biblical_book	Lev	1	4		4Q25	1606670	f1i	5	1595187				books/DSS-Leviticus.txt	1536962	2688	1969298-1969306	9	0	bbf9f3a468120d591c6203f2beec0e2c674767df339d7e98a24884ff581a1355	linguistics/books/DSS-Leviticus-Linguistics.txt	2263188	3845	e1489f2c8740a0f47b68bcb97828dcc54ac75c25785633f1568ecc926eb3acf8	ALL_LETTER_SLOTS_RECONSTRUCTED	23	19	19	0	0	23	0	0	1	0	0	0	0
L1595187-R002	biblical_book	Lev	1	5		4Q25	1606670	f1i	5	1595187				books/DSS-Leviticus.txt	1539650	3151	1969307-1969317	11	1	2c1acb487f8fcc35354c69c0674bf5b857c36df4d6b54b640146d432b066c27e	linguistics/books/DSS-Leviticus-Linguistics.txt	2267033	4747	b8b5b95a6674e6df28ae79d4e0c6c07a7ef3059fc46d99c4b88e81d5205fc422	PARTLY_RECONSTRUCTED	27	27	25	2	0	25	2	0	0	0	0	0	0
L1595188-R001	biblical_book	Lev	1	5		4Q25	1606670	f1i	6	1595188				books/DSS-Leviticus.txt	1542801	3957	1969318-1969334	17	1	9fb351b41d1e9de861ff09ade698aad36ad6ae0be83da9a8094b4cb138dd491a	linguistics/books/DSS-Leviticus-Linguistics.txt	2271780	7188	cbec4fb7e7be82ea436d3c3f7d131a34deb9ae585e4ff52a9a008aa76a3129ba	PARTLY_RECONSTRUCTED	42	42	40	0	2	40	0	0	0	0	0	0	0
L1595189-R001	biblical_book	Lev	1	5		4Q25	1606670	f1i	7	1595189				books/DSS-Leviticus.txt	1546758	1749	1969335-1969338	4	0	230f495a40861d5bd372fb483b54cb2fdf5889a92346bb34b0fdd352ce39d98a	linguistics/books/DSS-Leviticus-Linguistics.txt	2278968	1996	3309a573d96d351131ec191ef4edf702588b729055f7330a90796c9b6e1c8f54	ALL_LETTER_SLOTS_RECONSTRUCTED	12	10	10	0	0	12	0	0	1	0	0	0	0
L1595189-R002	biblical_book	Lev	1	6		4Q25	1606670	f1i	7	1595189				books/DSS-Leviticus.txt	1548507	2992	1969339-1969349	11	0	a54da61b88c9b0685b3eaf75672259da7f789af1504ea7ab17944cac4984ffd0	linguistics/books/DSS-Leviticus-Linguistics.txt	2280964	4648	80bc43adda4f036a4d5e0e8b937b8f6d7ead861d5270392c8437ff4d5b2bd9b1	ALL_LETTER_SLOTS_RECONSTRUCTED	29	25	25	0	0	29	0	0	1	0	0	0	0
L1595189-R003	biblical_book	Lev	1	7		4Q25	1606670	f1i	7	1595189				books/DSS-Leviticus.txt	1551499	2085	1969350-1969353	4	1	15515496f290e60219c6db285467e2c11293c810df79ecece16a6ea2321887ab	linguistics/books/DSS-Leviticus-Linguistics.txt	2285612	1922	9518b724ffd00170f8d5a236aabf9240c1687afb2ad1be68379ae88ccd97a4d0	PARTLY_RECONSTRUCTED	10	8	6	2	0	6	2	0	1	0	0	0	0
L1595193-R001	biblical_book	Lev	3	16		4Q25	1606670	f2	1	1595193				books/DSS-Leviticus.txt	1553584	3177	1969361-1969369	9	1	593c7fc5c4d188bbc2659647cda3316174e18f51344fb6a372708f55812e4246	linguistics/books/DSS-Leviticus-Linguistics.txt	2287534	4036	2a8194702baf462a54d0f6a84d50a1d66fd10b16168996d1ff9540b0463f6ed1	PARTLY_RECONSTRUCTED	27	23	7	1	15	10	1	1	1	0	0	0	0
L1595194-R001	biblical_book	Lev	3	16		4Q25	1606670	f2	2	1595194				books/DSS-Leviticus.txt	1556761	2431	1969370-1969377	8	0	073135f0ac4f26e6c4729d2b371ed252b2850703259c3cdb1312814fd83887dc	linguistics/books/DSS-Leviticus-Linguistics.txt	2291570	3564	ecb82659d4cfaaee5e0ff2b64a23726b96b665bf8051b3910d936535a9de7719	PARTLY_RECONSTRUCTED	20	18	17	1	0	19	1	0	1	0	0	0	0
L1595194-R002	biblical_book	Lev	3	17		4Q25	1606670	f2	2	1595194				books/DSS-Leviticus.txt	1559192	3090	1969378-1969385	8	1	478981f5dda0e3440221c79f92c93fb98c13850bde92b976fc852f75ca341b21	linguistics/books/DSS-Leviticus-Linguistics.txt	2295134	3725	ab2f919aa6524b4f69542643289cf779331dac8cc555fbc553d8b0dc0ef00984	PARTLY_RECONSTRUCTED	29	27	5	2	20	5	2	0	0	0	0	0	0
L1595195-R001	biblical_book	Lev	3	17		4Q25	1606670	f2	3	1595195				books/DSS-Leviticus.txt	1562282	3366	1969386-1969392	7	3	c0b19d7675180a10deabcb3212fe0542c1dc38031d40dcae155e6026b01b1a84	linguistics/books/DSS-Leviticus-Linguistics.txt	2298859	3128	a5bddc61f2f4e414e23b226eb8bb650883afa6c6fcd35f6bfb32cb872f3ce871	PARTLY_RECONSTRUCTED	17	15	10	4	1	10	4	0	1	0	0	0	0
L1595196-R001	biblical_book	Lev	4	1		4Q25	1606670	f2	4	1595196				books/DSS-Leviticus.txt	1565648	2318	1969393-1969400	8	0	38ef571f10778b4ce06be6d823dea3e73c3a5498f0db357184942d94d580a569	linguistics/books/DSS-Leviticus-Linguistics.txt	2301987	3496	780665224358101e78a9b2cb8eed7a63f705ed18a950bfe73421d270ee5e61b1	PARTLY_RECONSTRUCTED	20	18	10	1	7	10	1	0	1	0	0	0	0
L1595196-R002	biblical_book	Lev	4	2		4Q25	1606670	f2	4	1595196				books/DSS-Leviticus.txt	1567966	2505	1969401-1969407	7	1	6cdc5590b85137448de2910ac014a1fea91ca8d1778b6d6ee15b1ec2193b86c6	linguistics/books/DSS-Leviticus-Linguistics.txt	2305483	3258	817dca7525ecc61d2a791bc929d81920a8fbc7b7aa581e71bc301a7ca3a18e0a	PARTLY_RECONSTRUCTED	20	20	5	1	14	5	1	0	0	0	0	0	0
L1595197-R001	biblical_book	Lev	4	2		4Q25	1606670	f2	5	1595197				books/DSS-Leviticus.txt	1570471	3793	1969408-1969422	15	1	cea270ac613197ea25231022117582d302efb2a866bb45a5d215eb4b0c10eb1d	linguistics/books/DSS-Leviticus-Linguistics.txt	2308741	6460	122b3d6760be71fa8be0947767b3dcb2b4b9d17adc4dc45ccf02542c4407031c	PARTLY_RECONSTRUCTED	41	41	18	2	21	18	2	0	0	0	0	0	0
L1595198-R001	biblical_book	Lev	4	2		4Q25	1606670	f2	6	1595198				books/DSS-Leviticus.txt	1574264	1564	1969423-1969424	2	0	2358d4ad1d8bcbcf82f23e364493f945d0e49ccd202478a984852c552d72f085	linguistics/books/DSS-Leviticus-Linguistics.txt	2315201	1132	be75b4d07334075b01bad469cee5b35c401025f08e3fdca4d3263e27c691cc8f	ALL_LETTER_SLOTS_RECONSTRUCTED	7	4	4	0	0	7	0	0	1	0	0	0	0
L1595198-R002	biblical_book	Lev	4	3		4Q25	1606670	f2	6	1595198				books/DSS-Leviticus.txt	1575828	3855	1969425-1969438	14	1	0a19333e8d641e6b3dcf41e3a8dc09d517918104a93764a2b42decc8922d4e1d	linguistics/books/DSS-Leviticus-Linguistics.txt	2316333	5965	a1013b95cfb4147409a63855b0aec7dd9fb1192acea679477e194acb6d1303d9	PARTLY_RECONSTRUCTED	37	36	25	3	8	26	3	0	0	0	0	0	0
L1595199-R001	biblical_book	Lev	4	3		4Q25	1606670	f2	7	1595199				books/DSS-Leviticus.txt	1579683	2799	1969439-1969449	11	0	ed801ac8b8cfbfbbdb1037d86c43c404bae3a04bbfa187ccef1016df78951d9f	linguistics/books/DSS-Leviticus-Linguistics.txt	2322298	4779	a0e7b10e1d2b1bc33fadc70379ddd8fd661953f2cdff3d90ed0d640744f707c0	PARTLY_RECONSTRUCTED	29	27	22	0	5	24	0	0	1	0	0	0	0
L1595199-R002	biblical_book	Lev	4	4		4Q25	1606670	f2	7	1595199				books/DSS-Leviticus.txt	1582482	2425	1969450-1969456	7	1	b8d3ce4e1d65b7a12347c6ee88790ab7fc56c0a3759e2cbd85fb2a4c8a7105ce	linguistics/books/DSS-Leviticus-Linguistics.txt	2327077	3106	cc4c6c19f78bc814b0454b6dae55b4c41bd95d753d77320a522f83b47e774505	ALL_LETTER_SLOTS_RECONSTRUCTED	15	15	15	0	0	15	0	0	0	0	0	0	0
L1595200-R001	biblical_book	Lev	4	4		4Q25	1606670	f2	8	1595200				books/DSS-Leviticus.txt	1584907	4217	1969457-1969472	16	1	75b733df16a754974b9faf7385a4fb1085254d4d5f74940ef93b2980fefba764	linguistics/books/DSS-Leviticus-Linguistics.txt	2330183	6784	776570e2d5cf358cc69b0237bad5c5fa103b6974c829baedae9637c6affda5dc	PARTLY_RECONSTRUCTED	39	38	20	11	7	20	11	0	0	0	0	0	0
L1595201-R001	biblical_book	Lev	4	4		4Q25	1606670	f2	9	1595201				books/DSS-Leviticus.txt	1589124	1943	1969473-1969478	6	0	7e4d5ba40e8cddd7a57dab06b9b0f9e798a827a822db880b1d32027be830a5c3	linguistics/books/DSS-Leviticus-Linguistics.txt	2336967	2688	774f10b324e7eaa87ead37726908e5d84b446e740e288da52a2befd970221170	PARTLY_RECONSTRUCTED	13	11	3	0	8	3	0	0	1	0	0	0	0
L1595201-R002	biblical_book	Lev	4	5		4Q25	1606670	f2	9	1595201				books/DSS-Leviticus.txt	1591067	3722	1969479-1969493	15	1	6283bc2818400c0a7e531c74aefd3bd7d49f9b1770a554a6f1faccd7689725f3	linguistics/books/DSS-Leviticus-Linguistics.txt	2339655	6252	86485c50f8a0145ff1039a3821178e0cd4ac4cb7162a9a87d5bde8f9edb660c7	PARTLY_RECONSTRUCTED	33	32	26	1	5	27	1	0	0	0	0	0	0
L1595202-R001	biblical_book	Lev	4	5		4Q25	1606670	f2	10	1595202				books/DSS-Leviticus.txt	1594789	1474	1969494-1969495	2	0	804d00ee8a2a464168f254ce3e55d971e1adf024372af1653021715680cc3e11	linguistics/books/DSS-Leviticus-Linguistics.txt	2345907	1165	ccd301943f4e185ff86439c3fdfd0aae6eda8c2ded7b7c337efc64405e8eaedb	PARTLY_RECONSTRUCTED	6	4	3	1	0	3	1	0	1	0	0	0	0
L1595202-R002	biblical_book	Lev	4	6		4Q25	1606670	f2	10	1595202				books/DSS-Leviticus.txt	1596263	4090	1969496-1969512	17	1	365d16b3be4b91fe39cdf8dddb66898fbdcc3f41b45b40ea228a56f4c7a95283	linguistics/books/DSS-Leviticus-Linguistics.txt	2347072	7142	84b78f54fa3378e4d41bbfdb07eb150ab8b0a907cf822ae97d0e30f3a88464b1	PARTLY_RECONSTRUCTED	40	39	32	1	6	33	1	0	0	0	0	0	0
L1595203-R001	biblical_book	Lev	4	6		4Q25	1606670	f2	11	1595203				books/DSS-Leviticus.txt	1600353	2749	1969513-1969519	7	1	ba96d6e2e92d746650860eadda789f2632dce8b48584b270c285682d379d22fd	linguistics/books/DSS-Leviticus-Linguistics.txt	2354214	3217	12a791ac8486b611df8c9d724dedfa6a870719f607b477f37238be9fec9352d3	PARTLY_RECONSTRUCTED	19	17	12	4	1	14	4	0	1	0	0	0	0
L1595204-R001	biblical_book	Lev	4	12		4Q25	1606670	f3	1	1595204				books/DSS-Leviticus.txt	1603102	3968	1969520-1969535	16	1	1f60c280543e4d73786511089a4775d3e54da6ef9d09bd52916cd82bd4b5cf77	linguistics/books/DSS-Leviticus-Linguistics.txt	2357431	6828	567a21351bce8fbb5c7b00c555fb7eb84b5527a1e2104131c369c6c1cf4b27e8	PARTLY_RECONSTRUCTED	42	41	37	1	3	37	1	0	0	0	0	0	0
L1595205-R001	biblical_book	Lev	4	12		4Q25	1606670	f3	2	1595205				books/DSS-Leviticus.txt	1607070	2931	1969536-1969543	8	2	d7412878aa6f90bfe2384760250d67ebee0cc68c450b624dcdb59430767dd420	linguistics/books/DSS-Leviticus-Linguistics.txt	2364259	3525	c6c5899d8b077809b62e0c134be1399cd49264102f20598f4ac3ab272e67b1c5	ALL_LETTER_SLOTS_RECONSTRUCTED	18	16	16	0	0	18	0	0	1	0	0	0	0
L1595206-R001	biblical_book	Lev	4	13		4Q25	1606670	f3	3	1595206				books/DSS-Leviticus.txt	1610001	3859	1969544-1969559	16	1	8d0d9eef424cb4469eeda95aed1e2e545ff551e219aa0fe65eb9c6f8eabb2353	linguistics/books/DSS-Leviticus-Linguistics.txt	2367784	6843	e7496eeb47b54f8ef17f6e0357c9f913875adaa271076f3ee2202ca48b0ad536	PARTLY_RECONSTRUCTED	41	41	28	1	12	28	1	0	0	0	0	0	0
L1595207-R001	biblical_book	Lev	4	13		4Q25	1606670	f3	4	1595207				books/DSS-Leviticus.txt	1613860	2650	1969560-1969569	10	0	b535ab439e614acee73e84fe5ec7bd9756b8cf8ee26c3a29ad93dbd1f59c4a75	linguistics/books/DSS-Leviticus-Linguistics.txt	2374627	4373	1878ef697598d65d705bb21decc04e437e9eb3d006483f5cfa5fc5b4218e8887	ALL_LETTER_SLOTS_RECONSTRUCTED	29	27	27	0	0	29	0	0	1	0	0	0	0
L1595207-R002	biblical_book	Lev	4	14		4Q25	1606670	f3	4	1595207				books/DSS-Leviticus.txt	1616510	2266	1969570-1969574	5	1	314c441ff6546bb1cb678e74c1ed4d86acb36aecb03a69ab713502f71d488896	linguistics/books/DSS-Leviticus-Linguistics.txt	2379000	2400	8a683c6888e3635bbfec2a1b37ebad9ecb048f336c18509632832609fe6127f5	PARTLY_RECONSTRUCTED	14	14	4	2	8	4	2	0	0	0	0	0	0
L1595208-R001	biblical_book	Lev	4	14		4Q25	1606670	f3	5	1595208				books/DSS-Leviticus.txt	1618776	3991	1969575-1969589	15	1	7eeb24f7d2d0c2eeaad3ab12b96f63462aff4f803bc67e757ac64b12dd42e344	linguistics/books/DSS-Leviticus-Linguistics.txt	2381400	6375	7ebb548653b8ea833c750a028e21af970f58ec03cf7683c2cc0fd02b42be6146	PARTLY_RECONSTRUCTED	44	40	36	1	3	37	1	0	1	0	0	0	0
L1595209-R001	biblical_book	Lev	4	23		4Q25	1606670	f4	1	1595209				books/DSS-Leviticus.txt	1622767	3084	1969590-1969600	11	0	643107df9b02d4b3563747522b7d9e778383633328799d85402bec697ddb859e	linguistics/books/DSS-Leviticus-Linguistics.txt	2387775	4912	9b881bded605a62fec93a09e00bc7e0514376dfc8c41999dd128c3e1a46db00f	PARTLY_RECONSTRUCTED	36	33	15	1	11	17	1	0	1	0	0	6	0
L1595209-R002	biblical_book	Lev	4	24		4Q25	1606670	f4	1	1595209				books/DSS-Leviticus.txt	1625851	1984	1969601-1969603	3	1	582d49cefc0f17aa60382aeadbeb282508c7e9f67508362524b95eac6e837fe3	linguistics/books/DSS-Leviticus-Linguistics.txt	2392687	1555	f91031a7b2dfc6afffbcbacec2441551ec0239d5ec8f9be97d66de31db16a7a3	ALL_LETTER_SLOTS_RECONSTRUCTED	8	7	7	0	0	8	0	0	0	0	0	0	0
L1595210-R001	biblical_book	Lev	4	24		4Q25	1606670	f4	2	1595210				books/DSS-Leviticus.txt	1627835	3992	1969604-1969619	16	1	6364c42b9fa91818e83c13d5ce66579981066f3b2b2c1a77f93dad3dc125aa5e	linguistics/books/DSS-Leviticus-Linguistics.txt	2394242	6801	132423d2fde7f42e1c780b6e7c2b36adedd0c7b2793cb4140495fa4437dc67e2	PARTLY_RECONSTRUCTED	40	39	28	2	9	28	2	0	0	0	0	0	0
L1595211-R001	biblical_book	Lev	4	24		4Q25	1606670	f4	3	1595211				books/DSS-Leviticus.txt	1631827	1759	1969620-1969623	4	0	db8ab04b2a5bbc52c8e0b193477a96a068446336c4be9c1fe0556ad6366bf1a4	linguistics/books/DSS-Leviticus-Linguistics.txt	2401043	1985	a92545e510a22b8388d06e3224eb2dea63b4f95c7fb5d8f035cc72ae8099f70e	ALL_LETTER_SLOTS_RECONSTRUCTED	13	11	11	0	0	13	0	0	1	0	0	0	0
L1595211-R002	biblical_book	Lev	4	25		4Q25	1606670	f4	3	1595211				books/DSS-Leviticus.txt	1633586	3382	1969624-1969636	13	1	e697c105d41e6555fbbad011b0af79f9c30749e31c9be8c658b5ed5f17c2b7af	linguistics/books/DSS-Leviticus-Linguistics.txt	2403028	5531	539f9c2f70ae6017677aab9b712400dd46fe7293dcaf3dd716f4907c06310da7	PARTLY_RECONSTRUCTED	29	28	19	1	8	20	1	0	0	0	0	0	0
L1595212-R001	biblical_book	Lev	4	25		4Q25	1606670	f4	4	1595212				books/DSS-Leviticus.txt	1636968	3416	1969637-1969650	14	0	21f83ee4d8ebb038e521962706cf9c1bed482dd24414058d0fcfdaaffde10ac0	linguistics/books/DSS-Leviticus-Linguistics.txt	2408559	6050	2447a7c61e50f81aaf0fed00fe0603246523ad4f372d7a19731b923cf6e05c2d	PARTLY_RECONSTRUCTED	39	36	31	0	5	33	0	0	1	0	0	0	0
L1595212-R002	biblical_book	Lev	4	26		4Q25	1606670	f4	4	1595212				books/DSS-Leviticus.txt	1640384	1688	1969651-1969652	2	1	7af5d8931ba4a29c0bab08cb4d29e6ddd572ee0c22e0abd04b7cb013cbe76412	linguistics/books/DSS-Leviticus-Linguistics.txt	2414609	1140	dee8e004ae10f91bb1a7f88ca480bb7ca4ada3bf8c93d7c481fffa8065542b8a	ALL_LETTER_SLOTS_RECONSTRUCTED	3	3	3	0	0	3	0	0	0	0	0	0	0
L1595213-R001	biblical_book	Lev	4	26		4Q25	1606670	f4	5	1595213				books/DSS-Leviticus.txt	1642072	4043	1969653-1969667	15	1	59666eed4d52feb96702735ec425cfb7196ceac41684f52226c81e9b2ad3462a	linguistics/books/DSS-Leviticus-Linguistics.txt	2415749	6471	eef52399ba7c5a7ceecd0fbfb70a4fe89d11b5052fd69939df273548c49f6c87	PARTLY_RECONSTRUCTED	45	42	37	0	5	39	0	0	0	0	0	0	0
L1595214-R001	biblical_book	Lev	4	26		4Q25	1606670	f4	6	1595214				books/DSS-Leviticus.txt	1646115	2263	1969668-1969673	6	0	5973a0535b78d7892ae7bb7bfcd27462b4fa1baa4b677cac7dfd6d6c08c24636	linguistics/books/DSS-Leviticus-Linguistics.txt	2422220	2722	73db1bfe4e31aca3edac44e5a3a85a8ddb2e290c163cced3557cab11952b672c	ALL_LETTER_SLOTS_RECONSTRUCTED	17	13	13	0	0	17	0	0	1	0	0	0	0
L1595214-R002	biblical_book	Lev	4	27		4Q25	1606670	f4	6	1595214				books/DSS-Leviticus.txt	1648378	3439	1969674-1969686	13	1	1bfb4d624cf43e4f5e10aff35bae8060901cd3266989424e5367c436252076b1	linguistics/books/DSS-Leviticus-Linguistics.txt	2424942	5563	f536e7815ac212bb2f9e381ac6f32a3ae5ff8ae823a84d7ccb775bfb4d886c49	PARTLY_RECONSTRUCTED	31	30	29	1	0	30	1	0	0	0	0	0	0
L1595215-R001	biblical_book	Lev	4	27		4Q25	1606670	f4	7	1595215				books/DSS-Leviticus.txt	1651817	2650	1969687-1969696	10	0	296f572906f1ef0251a0ef3e07092879fc5be93b8067528faeb4e79eec98cfd3	linguistics/books/DSS-Leviticus-Linguistics.txt	2430505	4381	b43c5f8124ef56fc68cd70a7c03a3a188a8998030389ecc21e426a4a42d05659	ALL_LETTER_SLOTS_RECONSTRUCTED	29	27	27	0	0	29	0	0	1	0	0	0	0
L1595215-R002	biblical_book	Lev	4	28		4Q25	1606670	f4	7	1595215				books/DSS-Leviticus.txt	1654467	2575	1969697-1969701	5	1	8bb4699b6a6d06afa23bc49b5312c039c17e7c48db60bf581c2bc3cf2e9ab8f6	linguistics/books/DSS-Leviticus-Linguistics.txt	2434886	2402	52b39b63f8872af6f58bf02a740b1e801f29a33d65b3cd7a82efe9de73cd7174	PARTLY_RECONSTRUCTED	19	15	9	1	5	10	1	0	1	0	0	0	0
L1595216-R001	biblical_book	Lev	5	12		4Q25	1606670	f5	1	1595216				books/DSS-Leviticus.txt	1657042	3620	1969702-1969710	9	2	aefdc4b0cc5cded5b4d6823f9408ac965087ae50af7234165ea4bb9869484f92	linguistics/books/DSS-Leviticus-Linguistics.txt	2437288	4098	577830a2f5578df6a550062106e8bebdeb5e0bcf72fd59f928fc5078fa9644db	PARTLY_RECONSTRUCTED	31	28	27	0	1	30	0	0	0	0	0	0	0
L1595217-R001	biblical_book	Lev	5	12		4Q25	1606670	f5	2	1595217				books/DSS-Leviticus.txt	1660662	2837	1969711-1969720	10	0	ac559550945153fa01d8974c65906c86469e49fb3c18bf70ff020050e3704698	linguistics/books/DSS-Leviticus-Linguistics.txt	2441386	4448	59c0ac65e305796dc4081ad5ca578d356f48c97f78a8903d9a606de12bdd19d6	PARTLY_RECONSTRUCTED	31	28	20	1	7	23	1	0	1	0	0	0	0
L1595217-R002	biblical_book	Lev	5	13		4Q25	1606670	f5	2	1595217				books/DSS-Leviticus.txt	1663499	2469	1969721-1969726	6	1	aa52f119a1749f79cdb81fc79f4de02fd47df75df6d753bba1381f52bfa5a6c1	linguistics/books/DSS-Leviticus-Linguistics.txt	2445834	2710	f6d00b0e1bd487302d4b14465d43da386230e0eb98687e13d30b2c460c2232bd	PARTLY_RECONSTRUCTED	15	12	6	1	5	6	1	0	1	0	0	0	0
L1595218-R001	biblical_book	Lev	8	26		4Q25	1606670	f6	1	1595218				books/DSS-Leviticus.txt	1665968	3410	1969727-1969741	15	0	9376300aaa56ba067c570c6ff4ea0a75e6f7c38e1c84b5827173a8ecc43d82e0	linguistics/books/DSS-Leviticus-Linguistics.txt	2448544	6301	02b1e932e89095b3a1ceb140976cc0c4374b6c8aab844c4d032e3b7242d7cbbd	PARTLY_RECONSTRUCTED	36	34	32	1	1	34	1	0	1	0	0	0	0
L1595218-R002	biblical_book	Lev	8	27		4Q25	1606670	f6	1	1595218				books/DSS-Leviticus.txt	1669378	1843	1969742-1969744	3	1	c8f64349c1ee93d2cc6791985403a345903930a85ccf880c6542a3cf804ae80f	linguistics/books/DSS-Leviticus-Linguistics.txt	2454845	1538	dbbc1b1161736e846e8a5288263c638f9a0649b7e453f0cf446e97d98221e6fb	ALL_LETTER_SLOTS_RECONSTRUCTED	6	6	6	0	0	6	0	0	0	0	0	0	0
L1595219-R001	biblical_book	Lev	8	27		4Q25	1606670	f6	2	1595219				books/DSS-Leviticus.txt	1671221	3946	1969745-1969761	17	0	5f10cc0ddd0505858f531ced82e668fc7ac3444768b18e5b0413522d84b21a00	linguistics/books/DSS-Leviticus-Linguistics.txt	2456383	7175	89c1235c42e65e14cae046c5e2b4d1ff52fa7c57049d6034b562ab1a2dc07611	PARTLY_RECONSTRUCTED	46	42	38	1	3	42	1	0	1	0	0	0	0
L1595219-R002	biblical_book	Lev	8	28		4Q25	1606670	f6	2	1595219				books/DSS-Leviticus.txt	1675167	1698	1969762-1969763	2	1	687931bdd8104d996099c6ee76002a4e896d0a54c304b0328821abe6f414c47b	linguistics/books/DSS-Leviticus-Linguistics.txt	2463558	1148	47b77cecabecd0c68bb9203188610dd29565dd834bd2e6a4fca08eb188fea9fa	ALL_LETTER_SLOTS_RECONSTRUCTED	4	4	4	0	0	4	0	0	0	0	0	0	0
L1595220-R001	biblical_book	Lev	8	28		4Q25	1606670	f6	3	1595220				books/DSS-Leviticus.txt	1676865	3939	1969764-1969777	14	1	cd05d4531968088fc4f69a485b2303aadf26c088dbdabba441a21d8798ca47af	linguistics/books/DSS-Leviticus-Linguistics.txt	2464706	6059	da07175a11c0327087e4ae7baa57d204226e5b0591681db35126d6d1b384834d	PARTLY_RECONSTRUCTED	41	38	33	1	4	35	1	0	0	0	0	0	0
L1595221-R001	biblical_book	Lev	8	28		4Q25	1606670	f6	4	1595221				books/DSS-Leviticus.txt	1680804	2338	1969778-1969785	8	0	39d1bc6050e8837b6918b2973249400113367c6973cb30657bae186065a35f99	linguistics/books/DSS-Leviticus-Linguistics.txt	2470765	3571	f8e1fca4e81bb15d668e47f30a1103eb97b1684bdff69df85f33277882b8335d	PARTLY_RECONSTRUCTED	21	19	12	0	7	14	0	0	1	0	0	0	0
L1595221-R002	biblical_book	Lev	8	29		4Q25	1606670	f6	4	1595221				books/DSS-Leviticus.txt	1683142	3072	1969786-1969795	10	1	7f3ab2c4cff455180f2eddc6a16f334c1c8ba28d2165ec597234f7dc1d37afa7	linguistics/books/DSS-Leviticus-Linguistics.txt	2474336	4364	c3fb8cbaaa3c9d1f119f06af1618b3e2cc90bc9d3c73ae5c33596ac43af13d02	ALL_LETTER_SLOTS_RECONSTRUCTED	28	25	25	0	0	26	0	0	1	0	0	0	0
L1595227-R001	biblical_book	Lev	14	27		4Q26	1606671	f1	1	1595227				books/DSS-Leviticus.txt	1686264	2896	1969816-1969824	9	1	0635a29d3b5a2cdd197d7ea44453233a74835f0179272ab6add42cf9399ba923	linguistics/books/DSS-Leviticus-Linguistics.txt	2478750	3970	c60e6ebbc77574faa3028d812b71fa9025035bb054125172c0c602a531726433	ALL_LETTER_SLOTS_RECONSTRUCTED	23	20	20	0	0	23	0	1	1	0	0	0	0
L1595228-R001	biblical_book	Lev	14	27		4Q26	1606671	f1	2	1595228				books/DSS-Leviticus.txt	1689160	4179	1969825-1969838	14	2	a8c2a19a5fcdb40c9bffbf6f8bbbce5b04934012262fc02f53085941499e09ce	linguistics/books/DSS-Leviticus-Linguistics.txt	2482720	6053	7af7f132ececd8b36f7545afa3a31428adcd13d4d8afe464dca30ee77fbb02a2	PARTLY_RECONSTRUCTED	40	37	31	2	4	34	2	0	1	0	0	0	0
L1595229-R001	biblical_book	Lev	14	28		4Q26	1606671	f1	3	1595229				books/DSS-Leviticus.txt	1693339	4198	1969839-1969855	17	1	5aa27cadba97371315c64541e62345eebbae2fd455a9d3b5975c200921f4f307	linguistics/books/DSS-Leviticus-Linguistics.txt	2488773	7242	5d193cc906da4117b3259db94e0aefe04fc60efcf2e7b0d97708dea213df9269	PARTLY_RECONSTRUCTED	43	42	32	10	0	32	10	0	0	0	0	0	0
L1595230-R001	biblical_book	Lev	14	28		4Q26	1606671	f1	4	1595230				books/DSS-Leviticus.txt	1697537	4102	1969856-1969870	15	1	e776af48f797f34134456384c3f2bd2f79f7904a46709476ce584073de12b02d	linguistics/books/DSS-Leviticus-Linguistics.txt	2496015	6509	7e49396212d5b913ee070bc2a9abb4f83d9cc86c04cd86be3472e73401f37adb	PARTLY_RECONSTRUCTED	43	41	24	2	15	25	2	0	0	0	0	0	0
L1595231-R001	biblical_book	Lev	14	28		4Q26	1606671	f1	5	1595231				books/DSS-Leviticus.txt	1701639	1552	1969871-1969873	3	0	6b6bd72cdddbc606306d766bdb5ba191440f61e97cef5a76e5b24574693ae6d4	linguistics/books/DSS-Leviticus-Linguistics.txt	2502524	1509	e167d1129e94349e2a823101efa6d2a9ddcb17c9fc5c5c4513dfb6cd29326199	ALL_LETTER_SLOTS_RECONSTRUCTED	6	4	4	0	0	6	0	0	1	0	0	0	0
L1595231-R002	biblical_book	Lev	14	29		4Q26	1606671	f1	5	1595231				books/DSS-Leviticus.txt	1703191	3903	1969874-1969889	16	1	a0c48ee9dc8ca3fa80cd043e9b97acc24172295b86d34a4b8911c16734cf87c1	linguistics/books/DSS-Leviticus-Linguistics.txt	2504033	6702	1378633b0595317ed1508844cc10fc48b347f9056e5bbf7a97c47b0572aaae90	PARTLY_RECONSTRUCTED	36	36	22	5	9	22	5	0	0	0	0	0	0
L1595232-R001	biblical_book	Lev	14	29		4Q26	1606671	f1	6	1595232				books/DSS-Leviticus.txt	1707094	2623	1969890-1969896	7	1	a55010cc86cae602c220a75120146da1b10efce7af09e68995a676899b3eba0c	linguistics/books/DSS-Leviticus-Linguistics.txt	2510735	3127	171e9216fe95b5151bbbd946c1572b9cecfbd7f38b30d253820888de2e6f2f0b	ALL_LETTER_SLOTS_RECONSTRUCTED	19	16	16	0	0	19	0	0	1	0	0	0	0
L1595233-R001	biblical_book	Lev	14	33		4Q26	1606671	f2	1	1595233				books/DSS-Leviticus.txt	1709717	2251	1969897-1969902	6	0	095b78f439992a40c8c794f57947a2dd1d9b9d67f68f5f1dac1187d92b31e150	linguistics/books/DSS-Leviticus-Linguistics.txt	2513862	2751	149ed88289a78f352f36e878fb5253aebd97d039647945208ef6367f08604963	PARTLY_RECONSTRUCTED	15	13	4	5	4	4	5	0	1	0	0	0	0
L1595233-R002	biblical_book	Lev	14	34		4Q26	1606671	f2	1	1595233				books/DSS-Leviticus.txt	1711968	3579	1969903-1969915	13	1	3a22a51fe7d4093bf0a99467aa8963fc5c46c78c5d267bfba4ab3c7938460571	linguistics/books/DSS-Leviticus-Linguistics.txt	2516613	5709	96dbab8d0300e84ff0befc9691ee6826fa27006d2c9b9a220bf88a32fda2cf4a	PARTLY_RECONSTRUCTED	38	37	36	1	0	37	1	0	0	0	0	0	0
L1595234-R001	biblical_book	Lev	14	34		4Q26	1606671	f2	2	1595234				books/DSS-Leviticus.txt	1715547	2574	1969916-1969922	7	0	b14a11b375f42a11791f87295249e7737be34bcb8cc19948f4338e65de8f8f7e	linguistics/books/DSS-Leviticus-Linguistics.txt	2522322	3331	e27cad7339ae9a60839826e4c38e923b9a72c809e4c4bf531b4d028af13d6dc0	PARTLY_RECONSTRUCTED	23	20	12	3	5	15	3	0	1	0	0	0	0
L1595234-R002	biblical_book	Lev	14	35		4Q26	1606671	f2	2	1595234				books/DSS-Leviticus.txt	1718121	3258	1969923-1969934	12	1	70606dc4b7fcefdc158091ab16115ffcc28eb7ea65d26db66fa6b6a94792749b	linguistics/books/DSS-Leviticus-Linguistics.txt	2525653	5100	d2a438da6ba9efb5b7e0ae16ca77f471b0a13908ba4bf80f29c9236b4ce50a44	ALL_LETTER_SLOTS_RECONSTRUCTED	27	26	26	0	0	27	0	0	0	0	0	0	0
L1595235-R001	biblical_book	Lev	14	35		4Q26	1606671	f2	3	1595235				books/DSS-Leviticus.txt	1721379	2472	1969935-1969941	7	0	223fee758912ba54662f45f49a4eb4515d11b68c7024ef86807a3a5789117973	linguistics/books/DSS-Leviticus-Linguistics.txt	2530753	3151	071e080f912f0ff59c83cb26763ca06fea13bc86fe98be62e48d9a15307dc276	PARTLY_RECONSTRUCTED	17	14	6	4	4	6	4	0	1	0	0	0	0
L1595235-R002	biblical_book	Lev	14	36		4Q26	1606671	f2	3	1595235				books/DSS-Leviticus.txt	1723851	3540	1969942-1969955	14	1	72cc2fbd5ef8d885408a08e4b14beb32cee8bc479e06930221405cf76b65c0b3	linguistics/books/DSS-Leviticus-Linguistics.txt	2533904	5922	95d24463e31b73a36f91249ac34caf13c0608987ce368383fe5c2c635e8238f6	PARTLY_RECONSTRUCTED	29	29	26	3	0	26	3	0	0	0	0	0	0
L1595236-R001	biblical_book	Lev	14	36		4Q26	1606671	f2	4	1595236				books/DSS-Leviticus.txt	1727391	4053	1969956-1969972	17	1	705d77577a453d2044ce7c3046d61fbcf2da571f19c9ed4441fd77ab4ee5267d	linguistics/books/DSS-Leviticus-Linguistics.txt	2539826	7196	0ec64ef8e12aabc82a986c860ae3bf7e0113728243721e8cfe1e40edb5e49660	PARTLY_RECONSTRUCTED	42	42	29	2	11	29	2	0	0	0	0	0	0
L1595237-R001	biblical_book	Lev	14	36		4Q26	1606671	f2	5	1595237				books/DSS-Leviticus.txt	1731444	2597	1969973-1969980	8	1	6d2f8a3f50cc3c8d91eca8eb2459450c3e43e494038ad30f8fa02b07f6f6648f	linguistics/books/DSS-Leviticus-Linguistics.txt	2547022	3486	cc428e8f6d67a978fd1c3a0b16baa5cb0d53dd2552e28e21ed22eb7f3326be29	ALL_LETTER_SLOTS_RECONSTRUCTED	17	15	15	0	0	17	0	0	1	0	0	0	0
L1595238-R001	biblical_book	Lev	15	20		4Q26	1606671	f3	1	1595238				books/DSS-Leviticus.txt	1734041	2558	1969981-1969988	8	0	b7b01aff360a13a79b6fe567b4972c30f6baf25032b0f560b9afe861ea7f94f1	linguistics/books/DSS-Leviticus-Linguistics.txt	2550508	3571	bf24cff08db7f8af6c743e6054d9c7f7f938d5f44aa738c167874914ce0c5458	PARTLY_RECONSTRUCTED	25	22	20	2	0	23	2	0	1	0	0	0	0
L1595238-R002	biblical_book	Lev	15	21		4Q26	1606671	f3	1	1595238				books/DSS-Leviticus.txt	1736599	2886	1969989-1969996	8	1	98b02d8dafc731167f07a9f9f7b49c0ce5ac6492747ca2635c530387baacbf9b	linguistics/books/DSS-Leviticus-Linguistics.txt	2554079	3635	72a1a05503b4f28fe8e4cdd64d68d3af52e2021141e948098710a287c30f3f59	ALL_LETTER_SLOTS_RECONSTRUCTED	25	23	23	0	0	25	0	0	0	0	0	0	0
L1595239-R001	biblical_book	Lev	15	21		4Q26	1606671	f3	2	1595239				books/DSS-Leviticus.txt	1739485	2629	1969997-1970006	10	0	dd92756a72f34faaf8f552ee2104e408269acaf3547ce648f176f9c0f055c21b	linguistics/books/DSS-Leviticus-Linguistics.txt	2557714	4259	7dc80cea13bddd8374fb8860a0b6bdcf1bfc96c07940bf912072d144bae6c29a	PARTLY_RECONSTRUCTED	20	18	10	3	5	10	3	0	1	0	0	0	0
L1595239-R002	biblical_book	Lev	15	22		4Q26	1606671	f3	2	1595239				books/DSS-Leviticus.txt	1742114	3086	1970007-1970016	10	1	c42d95a03b7199c10f059c7b232f168e10cb8b8197e02f162b0d6e141fe9d96a	linguistics/books/DSS-Leviticus-Linguistics.txt	2561973	4378	701a094951ef25f2644b13eb19f393ecc0a2b3742ab124e96f7efa41321c38c3	PARTLY_RECONSTRUCTED	26	25	18	3	4	19	3	0	0	0	0	0	0
L1595240-R001	biblical_book	Lev	15	22		4Q26	1606671	f3	3	1595240				books/DSS-Leviticus.txt	1745200	3310	1970017-1970028	12	0	31c0c89c701083930af44ebfe34c1a7e2058825d6d3b2cb98ad1f0555901665a	linguistics/books/DSS-Leviticus-Linguistics.txt	2566351	5166	7aa5eb4e33471f7d60509419b15142c0e697e0ee5b1882ab93ce656813058072	PARTLY_RECONSTRUCTED	30	27	16	5	6	19	5	0	1	0	0	0	0
L1595240-R002	biblical_book	Lev	15	23		4Q26	1606671	f3	3	1595240				books/DSS-Leviticus.txt	1748510	2574	1970029-1970036	8	1	b91a77a80b02a05c4a4dd24eaa94de127313495171ccf042f5729df063f4956d	linguistics/books/DSS-Leviticus-Linguistics.txt	2571517	3534	d973a9d98cd50fa2e2df225f7f1591fde6c137574fd6ba7d6a7d8bf9ca688b45	ALL_LETTER_SLOTS_RECONSTRUCTED	17	17	17	0	0	17	0	0	0	0	0	0	0
L1595241-R001	biblical_book	Lev	15	23		4Q26	1606671	f3	4	1595241				books/DSS-Leviticus.txt	1751084	3647	1970037-1970050	14	0	a1232c3420556c1a8d188a14a4a495d8c3b7f2094389027596eba35cf2476a81	linguistics/books/DSS-Leviticus-Linguistics.txt	2575051	5947	27ad1070771e043e5762b63a9a385dbfbfeadbcaa7958fa9f3a6bd50ae1d6090	PARTLY_RECONSTRUCTED	40	35	34	1	0	37	1	0	1	0	0	0	0
L1595241-R002	biblical_book	Lev	15	24		4Q26	1606671	f3	4	1595241				books/DSS-Leviticus.txt	1754731	2287	1970051-1970055	5	1	33abbc9bb8ba7fa29b3e0896ad3b2ca89ac5707276ab41864a6201edc63f8125	linguistics/books/DSS-Leviticus-Linguistics.txt	2580998	2327	0b745af063fc0d03c1469302c2aeeb88601d8a0e2d6fce371d58cf4d730a80b1	PARTLY_RECONSTRUCTED	12	10	7	2	1	7	2	0	1	0	0	0	0
L1595242-R001	biblical_book	Lev	17	2		4Q26	1606671	f4	0	1595242				books/DSS-Leviticus.txt	1757018	3225	1970056-1970066	11	1	e0e592700fdff2534b2082990932ebd99ad3de35e585ac0b56efc8beecc59e5c	linguistics/books/DSS-Leviticus-Linguistics.txt	2583325	4723	1530e9175aa169d9ed55494c57475090ad623c13098177d91ab1c9f657146f7f	ALL_LETTER_SLOTS_RECONSTRUCTED	29	26	26	0	0	29	0	1	1	0	0	0	0
L1595243-R001	biblical_book	Lev	17	2		4Q26	1606671	f4	1	1595243				books/DSS-Leviticus.txt	1760243	3709	1970067-1970079	13	0	c761465df0c5b1d04108eba7f9c60a1ae9d0a38b162949bf6591e4c2a156f063	linguistics/books/DSS-Leviticus-Linguistics.txt	2588048	5693	ac7db56823234ffbf34f1fd4b17ae3717959784d80314658d0798843f853b242	PARTLY_RECONSTRUCTED	39	36	19	13	4	21	13	0	1	0	0	0	0
L1595243-R002	biblical_book	Lev	17	3		4Q26	1606671	f4	1	1595243				books/DSS-Leviticus.txt	1763952	1728	1970080-1970081	2	1	0302406e6a6cf748e276fd3a59f2a3140c1331cc95ba64279410a27961558ead	linguistics/books/DSS-Leviticus-Linguistics.txt	2593741	1190	9e0e77a09f09e37e518961ad124b53e382ab34b049bc7b2bc1110ea44cd486e8	ALL_LETTER_SLOTS_RECONSTRUCTED	6	6	6	0	0	6	0	0	0	0	0	0	0
L1595244-R001	biblical_book	Lev	17	3		4Q26	1606671	f4	2	1595244				books/DSS-Leviticus.txt	1765680	4132	1970082-1970098	17	1	96d6a249f10c60617754441bff5aab866b6c637306f24b3a28bd439517b66f61	linguistics/books/DSS-Leviticus-Linguistics.txt	2594931	7261	26e97eab1102948be189e179c5e6ee1c93dafb74c529481c3ac8cf522d318246	PARTLY_RECONSTRUCTED	41	41	28	3	10	28	3	0	0	0	0	0	0
L1595245-R001	biblical_book	Lev	17	3		4Q26	1606671	f4	3	1595245				books/DSS-Leviticus.txt	1769812	2738	1970099-1970108	10	0	cd144b62e12b063c80054729dadfac55416be0f2e612f0e6f8eabf33f7e0ce41	linguistics/books/DSS-Leviticus-Linguistics.txt	2602192	4409	029c54fcc8b4251a8382c3b2830a78295b05f296c5eba2a865425d7c380605a5	PARTLY_RECONSTRUCTED	27	24	13	1	10	13	1	0	1	0	0	0	0
L1595245-R002	biblical_book	Lev	17	4		4Q26	1606671	f4	3	1595245				books/DSS-Leviticus.txt	1772550	2745	1970109-1970115	7	1	0007e13a09097fdc1ed0f3a4f8f79ca088fc650f79065f6d3dc65b3923716c4b	linguistics/books/DSS-Leviticus-Linguistics.txt	2606601	3256	e9d4cb8341d97c007bafcb5f6f3c01c37085eb6b68013efbfc25f11e9f7bbf96	PARTLY_RECONSTRUCTED	22	21	17	3	1	18	3	0	0	0	0	0	0
L1595246-R001	biblical_book	Lev	17	4		4Q26	1606671	f4	4	1595246				books/DSS-Leviticus.txt	1775295	4306	1970116-1970130	15	1	957e9cd60d42a52e3bef270b6e882eb725f215eab4134128d60cf2d84b661bb4	linguistics/books/DSS-Leviticus-Linguistics.txt	2609857	6490	0c48029482d469d05e642a1be2565a69675f7ea45e1c20b2155eb8694b8ff9cc	PARTLY_RECONSTRUCTED	48	45	25	8	12	27	8	0	0	0	0	0	0
L1595247-R001	biblical_book	Lev	17	4		4Q26	1606671	f4	5	1595247				books/DSS-Leviticus.txt	1779601	4490	1970131-1970147	17	1	9ba699bfe28246c74c73497ce14fa6c3780bc7fb9802b9c81072d32c4465162a	linguistics/books/DSS-Leviticus-Linguistics.txt	2616347	7345	dca1618ccfd7cbec1018e8dece66d379708217dcca7ac87a1932c87498e83b09	PARTLY_RECONSTRUCTED	53	51	32	5	14	32	5	0	0	0	0	0	0
L1595248-R001	biblical_book	Lev	17	4		4Q26	1606671	f4	6	1595248				books/DSS-Leviticus.txt	1784091	4601	1970148-1970166	19	1	308c9539b7102345bf2e757a2d7f0ab6cbb9659b268416ca6e6640fae432b8c0	linguistics/books/DSS-Leviticus-Linguistics.txt	2623692	7839	fbc34f39ac4a6bf9d2b954e04f6f2048dd1cad97372393cef11fca3c9803fad3	PARTLY_RECONSTRUCTED	46	43	31	5	7	34	5	0	1	0	0	0	0
L1595249-R001	biblical_book	Lev	17	5		4Q26	1606671	f4	7	1595249				books/DSS-Leviticus.txt	1788692	3924	1970167-1970178	12	1	9b0fd37d177db5a56d6571cb1a91bd5c3fcae2ced550b0bb4041c93cb22e0c16	linguistics/books/DSS-Leviticus-Linguistics.txt	2631531	5502	5a1b1ddac3ef8ceace9b73da4da500a3d57612968a3d668e709d26ec59e09762	PARTLY_RECONSTRUCTED	44	43	30	9	4	30	10	0	0	0	0	0	0
L1595250-R001	biblical_book	Lev	17	5		4Q26	1606671	f4	8	1595250				books/DSS-Leviticus.txt	1792616	4288	1970179-1970195	17	1	082bfe735f96a791f793cae7c912ec2d0c75dba68fff037534f38add0f01ce6b	linguistics/books/DSS-Leviticus-Linguistics.txt	2637033	7255	54b6339b0554a51c75f2ad5b7d3767bc64f538b3a17a63848bac053af5cb2856	PARTLY_RECONSTRUCTED	49	48	36	4	8	37	4	0	0	0	0	0	0
L1595251-R001	biblical_book	Lev	17	5		4Q26	1606671	f4	9	1595251				books/DSS-Leviticus.txt	1796904	1858	1970196-1970199	4	0	6d912a492c63f00265c428c1428c78e57c1276d967d00afb1c61da3eefbabcad	linguistics/books/DSS-Leviticus-Linguistics.txt	2644288	1916	ef44586d2bfeb8b0c054e2c7166ad021cb2a5a642bb60674ee6e24d7b48c02be	ALL_LETTER_SLOTS_RECONSTRUCTED	12	9	9	0	0	12	0	0	1	0	0	0	0
L1595251-R002	biblical_book	Lev	17	6		4Q26	1606671	f4	9	1595251				books/DSS-Leviticus.txt	1798762	3530	1970200-1970212	13	1	8d0826ad9c0845124438107d55fc20830445e0c3ea794a29006193f3cf6ea170	linguistics/books/DSS-Leviticus-Linguistics.txt	2646204	5671	57cc470746c8693faf997297cca025dbadca52baf273f87ba7a7bebca6d68ff0	PARTLY_RECONSTRUCTED	34	34	23	4	7	23	4	0	0	0	0	0	0
L1595252-R001	biblical_book	Lev	17	6		4Q26	1606671	f4	10	1595252				books/DSS-Leviticus.txt	1802292	2688	1970213-1970222	10	0	1a49caa8c10e25221d52ef2e3c1e9e5b4baeab71623f2aae84ede09986132f2a	linguistics/books/DSS-Leviticus-Linguistics.txt	2651875	4328	05af72fd4ee1d7afe00bf2015cb9dc6f375b3c8c1a02f8e13ef25f388d73caca	PARTLY_RECONSTRUCTED	25	23	19	1	3	19	1	0	1	0	0	0	0
L1595252-R002	biblical_book	Lev	17	7		4Q26	1606671	f4	10	1595252				books/DSS-Leviticus.txt	1804980	2838	1970223-1970230	8	1	fef19245ef4a9834ae39099af00e412a419cb71f9af11267f5674e471cce5082	linguistics/books/DSS-Leviticus-Linguistics.txt	2656203	3641	2bc60ccebe6745fb72e3a62381eabf5e040476567aa4d52e234344e692ef9b36	PARTLY_RECONSTRUCTED	27	26	16	1	9	17	1	0	0	0	0	0	0
L1595253-R001	biblical_book	Lev	17	7		4Q26	1606671	f4	11	1595253				books/DSS-Leviticus.txt	1807818	4121	1970231-1970242	12	2	b53545d6d2ab6269ae85831469fcb100be99738579bb7b3df3a5f0c27ab34106	linguistics/books/DSS-Leviticus-Linguistics.txt	2659844	5245	a005e8ac42551ecd24f2a30ab25944f81cad9be2dab77d78ad41041ebcedc130	ALL_LETTER_SLOTS_RECONSTRUCTED	42	37	37	0	0	42	0	0	1	0	0	0	0
L1595254-R001	biblical_book	Lev	17	8		4Q26	1606671	f4	12	1595254				books/DSS-Leviticus.txt	1811939	4299	1970243-1970259	17	1	fc10dcf5bf781f3121bc721c042c873ab88eda74fc974d64fc4ace3d7cac4eb2	linguistics/books/DSS-Leviticus-Linguistics.txt	2665089	7291	f74c61741d8b2000fde2387d44751eddefd1deaab82e2f36f127dd6cecbb061c	PARTLY_RECONSTRUCTED	47	45	43	2	0	45	2	0	0	0	0	0	0
L1595255-R001	biblical_book	Lev	17	8		4Q26	1606671	f4	13	1595255				books/DSS-Leviticus.txt	1816238	1896	1970260-1970264	5	0	8c346a6f5ad1cc557c9f299aac3304b81ab78973cd3a2f35d35bb5226ba9c1ae	linguistics/books/DSS-Leviticus-Linguistics.txt	2672380	2357	50db8b1a7adbf8e1b619cbff50afb9db7b9530de70ee48dccc819e341aef3ecd	ALL_LETTER_SLOTS_RECONSTRUCTED	14	12	12	0	0	14	0	0	1	0	0	0	0
L1595255-R002	biblical_book	Lev	17	9		4Q26	1606671	f4	13	1595255				books/DSS-Leviticus.txt	1818134	4140	1970265-1970276	12	1	55b32dc8f68e11e7b95bc0d2c932cc5d727cd1b98627890cd6d7ec4d2a477c51	linguistics/books/DSS-Leviticus-Linguistics.txt	2674737	5286	eabff13a49409af15c5ec22eca5eedd8cd7d4e2eda82752560706698f4f1349f	PARTLY_RECONSTRUCTED	37	35	21	11	3	23	11	0	0	0	0	0	0
L1595256-R001	biblical_book	Lev	17	9		4Q26	1606671	f4	14	1595256				books/DSS-Leviticus.txt	1822274	2517	1970277-1970285	9	0	5375c5414fb3ef3411f982a7ecdaaf8782e99e94b2e8988d5bd2f1690d0a3307	linguistics/books/DSS-Leviticus-Linguistics.txt	2680023	3839	60319251fed15ba6aa8dba06ae92d54d01770a4e674ddfeb973bfb18eec74838	PARTLY_RECONSTRUCTED	21	18	17	1	0	17	1	0	1	0	0	0	0
L1595256-R002	biblical_book	Lev	17	10		4Q26	1606671	f4	14	1595256				books/DSS-Leviticus.txt	1824791	3695	1970286-1970299	14	1	ca40297d10c662d3dc9c6934df7d5a5d880315fbeed6134ef49ca633be24097f	linguistics/books/DSS-Leviticus-Linguistics.txt	2683862	5989	b2dccf833ff36ae79974acf697c5eec74e654236f09020bc979daf6ba3fe8f69	PARTLY_RECONSTRUCTED	31	30	15	2	13	16	2	0	0	0	0	0	0
L1595257-R001	biblical_book	Lev	17	10		4Q26	1606671	f4	15	1595257				books/DSS-Leviticus.txt	1828486	4439	1970300-1970317	18	1	83f895caa7530a45b9ee1e524b837d7af5b92abad1e6247a07d9a5679cb425f7	linguistics/books/DSS-Leviticus-Linguistics.txt	2689851	7591	c33afbe1264992fc259a964ab90b8a1791499b2c7e03e22f249441dcb7dc4c4f	PARTLY_RECONSTRUCTED	47	45	29	5	11	30	5	0	0	0	0	0	0
L1595258-R001	biblical_book	Lev	17	10		4Q26	1606671	f4	16	1595258				books/DSS-Leviticus.txt	1832925	1842	1970318-1970321	4	0	9d2b533fd7cef4a280cc38a4f689aa84f451ba2b41a5225f886ba4f7d6a1be44	linguistics/books/DSS-Leviticus-Linguistics.txt	2697442	1925	2357112b8ccdd999142988742a714219b09c8c17e58646c283a940421fe37665	ALL_LETTER_SLOTS_RECONSTRUCTED	10	7	7	0	0	10	0	0	1	0	0	0	0
L1595258-R002	biblical_book	Lev	17	11		4Q26	1606671	f4	16	1595258				books/DSS-Leviticus.txt	1834767	4204	1970322-1970335	14	1	f699a3a24326101f910166c15204656b415bea81e5a350080178a092f9bc9689	linguistics/books/DSS-Leviticus-Linguistics.txt	2699367	6110	943658dd339eabdb048bb78451420718699e6d40d0cf6a8d7678bd5e5566c1f1	PARTLY_RECONSTRUCTED	40	37	19	7	11	21	7	0	0	0	0	0	0
L1595259-R001	biblical_book	Lev	17	11		4Q26	1606671	f4	17	1595259				books/DSS-Leviticus.txt	1838971	3380	1970336-1970347	12	1	736bfaca64c94f1b79c7d33c49560bd624e0a30e79f204e64bd9b8c06f0735eb	linguistics/books/DSS-Leviticus-Linguistics.txt	2705477	5139	a16458add784afad416ebe96b0785edba4924b1995ccb1274c4a9064b09ecafa	ALL_LETTER_SLOTS_RECONSTRUCTED	32	29	29	0	0	32	0	0	1	0	0	0	0
L1595260-R001	biblical_book	Lev	3	2		4Q26a	1606672	f1	1	1595260				books/DSS-Leviticus.txt	1842402	5556	1970348-1970371	24	1	27391af5efc058851029f32b437b6c1bcbd36363b9237f38998a576e384bf449	linguistics/books/DSS-Leviticus-Linguistics.txt	2710667	10078	8bd3993196de79a93996d153f1a511718b115e7e6f46e524a15dba96eecb8cf9	PARTLY_RECONSTRUCTED	67	62	57	4	1	61	4	1	1	0	0	0	0
L1595261-R001	biblical_book	Lev	3	2		4Q26a	1606672	f1	2	1595261				books/DSS-Leviticus.txt	1847958	1609	1970372-1970373	2	0	63750962b37a691e8290868b9c2107018ef199a5801e36673018e6a4dc4e4cd1	linguistics/books/DSS-Leviticus-Linguistics.txt	2720745	1185	ffdb742d8f65d5f83a8d149a95a7f796f671da90295d2f3968559d5ecfc1fb94	PARTLY_RECONSTRUCTED	6	4	2	2	0	2	2	0	1	0	0	0	0
L1595261-R002	biblical_book	Lev	3	3		4Q26a	1606672	f1	2	1595261				books/DSS-Leviticus.txt	1849567	4763	1970374-1970395	22	1	7c95ad39a9dc8788de18f905f6f17a70141b9916c87564e9883cd7b3c1eebd1b	linguistics/books/DSS-Leviticus-Linguistics.txt	2721930	9017	7044fab9e8599178ad8b72f1807aba83efa2d7c882b630046a3b4d3587636980	PARTLY_RECONSTRUCTED	50	50	42	3	5	42	3	0	0	0	0	0	0
L1595262-R001	biblical_book	Lev	3	3		4Q26a	1606672	f1	3	1595262				books/DSS-Leviticus.txt	1854330	1809	1970396-1970400	5	0	91c37e7e325b5cc70510ea77cd255d777b6a8a576eeb09b5c4cb4a71f8dd3962	linguistics/books/DSS-Leviticus-Linguistics.txt	2730947	2313	9931fc413bbc64cb208f204cd3fd7b6f3751b6d7022f88ff1f728348985fd84d	PARTLY_RECONSTRUCTED	11	9	3	0	6	3	0	0	1	0	0	0	0
L1595262-R002	biblical_book	Lev	3	4		4Q26a	1606672	f1	3	1595262				books/DSS-Leviticus.txt	1856139	4459	1970401-1970420	20	1	40873bac367f4b59c77be506e4a0eef1429553d44975f9f00372517718150150	linguistics/books/DSS-Leviticus-Linguistics.txt	2733260	8304	d0cc133073edfc8cef93138cbf541db7b206627d4adadbe4f3dd6254852ff91f	PARTLY_RECONSTRUCTED	47	44	37	1	6	38	1	0	1	0	0	0	0
L1595263-R001	biblical_book	Lev	3	5		4Q26a	1606672	f2	1	1595263				books/DSS-Leviticus.txt	1860598	3532	1970421-1970432	12	1	a107a5ab206b973e60aa24483e14e7ba092fa9e95d937a48e29f6263c2a4c201	linguistics/books/DSS-Leviticus-Linguistics.txt	2741564	5218	64706cabe493b314c98c673cc829181dc5351a41d69c044c0b1e468689224971	ALL_LETTER_SLOTS_RECONSTRUCTED	36	32	32	0	0	36	0	1	1	0	0	0	0
L1595264-R001	biblical_book	Lev	3	5		4Q26a	1606672	f2	2	1595264				books/DSS-Leviticus.txt	1864130	4611	1970433-1970449	17	2	9ef5679e44dd4f45d3d60612a2d1e1f4022571b2ca459964340e2d167ed470af	linguistics/books/DSS-Leviticus-Linguistics.txt	2746782	7189	33450c882b3b5735b10b4cabcfba6c7c85b87c0552a62f686a74a7574626638e	PARTLY_RECONSTRUCTED	42	40	32	7	1	34	7	0	1	0	0	0	0
L1595265-R001	biblical_book	Lev	3	6		4Q26a	1606672	f2	3	1595265				books/DSS-Leviticus.txt	1868741	4223	1970450-1970467	18	0	3c9a70e0d5498257136eb96eaf66837afa6b24a9d6666ce3c6dbc614be62a30b	linguistics/books/DSS-Leviticus-Linguistics.txt	2753971	7599	c395adb72f824cc5cdabbc2dae3e6b64ff92ba1e44ed217c0a8e02c6726c85d2	PARTLY_RECONSTRUCTED	53	49	34	1	14	37	1	0	1	0	0	0	0
L1595265-R002	biblical_book	Lev	3	7		4Q26a	1606672	f2	3	1595265				books/DSS-Leviticus.txt	1872964	1874	1970468-1970470	3	1	921737623bab3bd24a30938ca599daf3951ef0fd51149afe60c1f9f16f56f9b9	linguistics/books/DSS-Leviticus-Linguistics.txt	2761570	1592	88c40f44abeb731571cf506d6294b89051bb41192ec2888973c65e1dc4cff65d	ALL_LETTER_SLOTS_RECONSTRUCTED	8	8	8	0	0	8	0	0	0	0	0	0	0
L1595266-R001	biblical_book	Lev	3	7		4Q26a	1606672	f2	4	1595266				books/DSS-Leviticus.txt	1874838	2952	1970471-1970480	10	0	919355d0f271e5f1ef5a52cff25725f252e8e4a75f0a2b2a1cd23a219ab4e111	linguistics/books/DSS-Leviticus-Linguistics.txt	2763162	4411	30734ae28e56f683a54eab9a675b3d2e9b8e26f4a600c81dee22580b3b533b70	PARTLY_RECONSTRUCTED	33	29	14	1	14	17	1	0	1	0	0	0	0
L1595266-R002	biblical_book	Lev	3	8		4Q26a	1606672	f2	4	1595266				books/DSS-Leviticus.txt	1877790	3587	1970481-1970492	12	1	9205214cc90cfb5dc212e61da67393c1805f54df154d48cceeb0c48d01e172c9	linguistics/books/DSS-Leviticus-Linguistics.txt	2767573	5190	5e029912c51a7552e6d2e4340f3bfd386996e102cd97a2966fdc7072c511d614	ALL_LETTER_SLOTS_RECONSTRUCTED	33	30	30	0	0	33	0	0	0	0	0	0	0
L1595267-R001	biblical_book	Lev	3	8		4Q26a	1606672	f2	5	1595267				books/DSS-Leviticus.txt	1881377	3948	1970493-1970505	13	1	1f457fd441a60ba71373a67b0f144f9800a57baa7cae417bbd5f2abf03a8ea5d	linguistics/books/DSS-Leviticus-Linguistics.txt	2772763	5706	d712d319655ae456c4f521451e4db50d57db9e44c6b48e0ab85cf1e2c8154103	PARTLY_RECONSTRUCTED	38	35	25	8	2	28	8	0	1	0	0	0	0
L1595268-R001	biblical_book	Lev	19	34		4Q26a	1606672	f3	1	1595268				books/DSS-Leviticus.txt	1885325	3627	1970506-1970517	12	1	933faa0352534ce005c139a8943c0c86254359bc6a7d963620fd7638ab19e5ed	linguistics/books/DSS-Leviticus-Linguistics.txt	2778469	5139	db203d400505bbbfeaf90abade7ad1fa3363006d6038c68cbe09ebc5560e16ed	PARTLY_RECONSTRUCTED	33	30	29	0	1	32	0	0	0	0	0	0	0
L1595269-R001	biblical_book	Lev	19	34		4Q26a	1606672	f3	2	1595269				books/DSS-Leviticus.txt	1888952	3704	1970518-1970529	12	1	3099052ccb488a88d2f55532c940a11ab8550b3175501e71a35851f2e7410e0c	linguistics/books/DSS-Leviticus-Linguistics.txt	2783608	5392	ae78ac08e174fb8298820cbe0a7d3b8eee690683a0a00e6c45b1bf2cf4ceb7a2	PARTLY_RECONSTRUCTED	44	39	29	0	10	31	0	0	1	0	0	0	0
L1595270-R001	biblical_book	Lev	19	35		4Q26a	1606672	f3	3	1595270				books/DSS-Leviticus.txt	1892656	2994	1970530-1970542	13	0	450d5ca4070a4c27bd7b496067f20c5c5547d9028ab1931b1e031ad0b7b472b1	linguistics/books/DSS-Leviticus-Linguistics.txt	2789000	5660	0255aaa81f237fd77e4831f0ac8a80af269172dc3f0f79dca2702678721991c5	PARTLY_RECONSTRUCTED	32	30	24	0	6	24	0	0	1	0	0	0	0
L1595270-R002	biblical_book	Lev	19	36		4Q26a	1606672	f3	3	1595270				books/DSS-Leviticus.txt	1895650	1837	1970543-1970544	2	1	f0f8e2fa877d20c56136105cd70fa6bad5b2e1e814d49a88cbf74bf55a330f19	linguistics/books/DSS-Leviticus-Linguistics.txt	2794660	1232	8c1e828521147d45938d427043b5f94381d35f9d512120c7257d8ab7832bbcfd	PARTLY_RECONSTRUCTED	7	7	1	1	5	1	1	0	0	0	0	0	0
L1595271-R001	biblical_book	Lev	19	36		4Q26a	1606672	f3	4	1595271				books/DSS-Leviticus.txt	1897487	3459	1970545-1970555	11	1	ea7e7ae36686c33c50c650f768678bec62586107188000db67fd802ce52c620e	linguistics/books/DSS-Leviticus-Linguistics.txt	2795892	4968	c7c3d047a6daa57af59592f4e6cf5bf8d5b15b24ae4a3e9a0a45ec0140286c85	PARTLY_RECONSTRUCTED	39	37	27	1	9	28	1	0	0	0	0	0	0
L1595272-R001	biblical_book	Lev	19	36		4Q26a	1606672	f3	5	1595272				books/DSS-Leviticus.txt	1900946	2222	1970556-1970561	6	0	33c8e246a2437010f3cc341cea7185c91e05329648d34b746a1b644e5f6c9de0	linguistics/books/DSS-Leviticus-Linguistics.txt	2800860	2857	084e0d560c02bbba7efdde7340f7f1290bea9f21e700970fc0dfdc3ba9059436	ALL_LETTER_SLOTS_RECONSTRUCTED	22	19	19	0	0	22	0	0	1	0	0	0	0
L1595272-R002	biblical_book	Lev	19	37		4Q26a	1606672	f3	5	1595272				books/DSS-Leviticus.txt	1903168	2820	1970562-1970569	8	1	dea453cbbb8b18305ec48ca0850e4e7ea0ff98845b4bf5d97d0d5cf81f05092d	linguistics/books/DSS-Leviticus-Linguistics.txt	2803717	3539	a0b405218f62982f3708b01cc40dcfad195c4ff7602b419e979432b2ed59cc37	PARTLY_RECONSTRUCTED	20	17	14	3	0	14	3	0	1	0	0	0	0
L1595273-R001	biblical_book	Lev	20	1		4Q26a	1606672	f4	1	1595273				books/DSS-Leviticus.txt	1905988	1893	1970570-1970574	5	0	cc2fd65a57429bbcfb3e1e26860a9cea871a503cc775a27278dc5f10bbc79dc9	linguistics/books/DSS-Leviticus-Linguistics.txt	2807256	2313	38d49e81c7bdac03b14e8bac7c6940dc542fb9a66ef2bbd8b80eef1d8d72c9cb	PARTLY_RECONSTRUCTED	11	9	8	1	0	8	1	0	1	0	0	0	0
L1595273-R002	biblical_book	Lev	20	2		4Q26a	1606672	f4	1	1595273				books/DSS-Leviticus.txt	1907881	2937	1970575-1970584	10	1	dab88cb05a86750c56efa7c05640f4f0260d747ea3c37526d1be58081ac39ab2	linguistics/books/DSS-Leviticus-Linguistics.txt	2809569	4524	ec0402fe3c1bbe62b6f9b3f0575afcb100e53e429dce4b7aab18b3c849656e0e	PARTLY_RECONSTRUCTED	30	30	27	0	3	27	0	0	0	0	0	0	0
L1595274-R001	biblical_book	Lev	20	2		4Q26a	1606672	f4	2	1595274				books/DSS-Leviticus.txt	1910818	3965	1970585-1970600	16	1	019ca10b2119d33403d78fe2a19f7cfaace18919f84c97e79b0800ea839a0fa2	linguistics/books/DSS-Leviticus-Linguistics.txt	2814093	6771	9f7af31978a156d1ae1b5ac0731898fac353da5937338a4d3d69757a3ce8b7c5	PARTLY_RECONSTRUCTED	38	37	29	1	7	30	1	0	0	0	0	0	0
L1595275-R001	biblical_book	Lev	20	2		4Q26a	1606672	f4	3	1595275				books/DSS-Leviticus.txt	1914783	2407	1970601-1970607	7	0	6f6854c1f1a64d7d0e3b20c5f4682c04c7fb425dd256eac39e09203b1e285787	linguistics/books/DSS-Leviticus-Linguistics.txt	2820864	3137	744414bcdafd19817d5baebb41a823d0e682f567b378fbef6b7891670a03894c	PARTLY_RECONSTRUCTED	19	16	9	2	5	11	2	0	1	0	0	0	0
L1595275-R002	biblical_book	Lev	20	3		4Q26a	1606672	f4	3	1595275				books/DSS-Leviticus.txt	1917190	2851	1970608-1970616	9	1	8d86224739dd6eff509028a067c5cdc6ac5120b09b952be507d073dce0c238ea	linguistics/books/DSS-Leviticus-Linguistics.txt	2824001	3960	988596442eacc51ba50626884521ec390761b0a0070bebfbc6f58fb3c20d2411	ALL_LETTER_SLOTS_RECONSTRUCTED	21	20	20	0	0	21	0	0	0	0	0	0	0
L1595276-R001	biblical_book	Lev	20	3		4Q26a	1606672	f4	4	1595276				books/DSS-Leviticus.txt	1920041	4123	1970617-1970631	15	1	9dac7ae1ce4eb05759131f678774e360745d02fd63e95c969b36f7fc6350e09f	linguistics/books/DSS-Leviticus-Linguistics.txt	2827961	6392	a5f55a7b87e26658b2ec69f26a0d31202f1309af230fbaa1d9ce9682cfb13600	PARTLY_RECONSTRUCTED	42	37	35	2	0	37	2	0	1	0	0	0	0
L1595277-R001	biblical_book	Lev	20	26		4Q26a	1606672	f5	1	1595277				books/DSS-Leviticus.txt	1924164	1797	1970632-1970635	4	0	81ecbafbdf6b68be20ac6b27e13332f1d4ce412b3061c5ce23402f200bf2a85f	linguistics/books/DSS-Leviticus-Linguistics.txt	2834353	1838	526de427f9a7628a1235d399b1260b92de2590fe872565297717c6265f8cc3fc	NO_LETTER_SLOTS	8	0	0	0	0	7	1	2	4	0	0	0	0
L1595277-R002	biblical_book	Lev	20	27		4Q26a	1606672	f5	1	1595277				books/DSS-Leviticus.txt	1925961	2603	1970636-1970642	7	1	5f29f30a19caaa3f16cd5d27f9aae14ec183c461cd17941bd9a7bbb50d4f39be	linguistics/books/DSS-Leviticus-Linguistics.txt	2836191	3187	84e9edf70a0f5c902d844efae70c57931e5adac196046c29eab0e4513d78f010	ALL_LETTER_SLOTS_RECONSTRUCTED	19	18	18	0	0	19	0	0	0	0	0	0	0
L1595278-R001	biblical_book	Lev	20	27		4Q26a	1606672	f5	2	1595278				books/DSS-Leviticus.txt	1928564	4276	1970643-1970654	12	2	8ba41879a1690274e2a16118434ea3c6e15a8fbee2f84727588674779c4a4ee3	linguistics/books/DSS-Leviticus-Linguistics.txt	2839378	5288	46d5513f491a25f96ad0a40193d1f237df3790ebff06fa1d4874862555564f33	PARTLY_RECONSTRUCTED	42	37	29	2	6	34	2	0	1	0	0	0	0
L1595279-R001	biblical_book	Lev	21	1		4Q26a	1606672	f5	3	1595279				books/DSS-Leviticus.txt	1932840	4094	1970655-1970671	17	1	50cc9c57d3d54def90df07f99c80d1485d7edd6ee4203da2d23e0c82ec03b6cb	linguistics/books/DSS-Leviticus-Linguistics.txt	2844666	7185	afee58e80f84bfbd44ac2f81c5aeee4d24732f98efd3270a689058b5e3cf25fb	PARTLY_RECONSTRUCTED	48	47	38	0	9	39	0	0	0	0	0	0	0
L1595280-R001	biblical_book	Lev	21	1		4Q26a	1606672	f5	4	1595280				books/DSS-Leviticus.txt	1936934	1792	1970672-1970675	4	0	2775eaad155ee9bd47d348975385ddd39521da28a95d38248eaa7524f32e914f	linguistics/books/DSS-Leviticus-Linguistics.txt	2851851	1907	8091b2ef2878229ec13926a9cea5148580020909e326116272fc3ac6eecd0a8f	NO_LETTER_RECONSTRUCTION_MARKED	11	8	0	0	8	0	0	0	1	0	0	0	0
L1595280-R002	biblical_book	Lev	21	2		4Q26a	1606672	f5	4	1595280				books/DSS-Leviticus.txt	1938726	4747	1970676-1970693	18	1	775bfcc1e30c8bba0dff55f1273584e9267a88f1f07c1d5e31160dfdf9f8f6fd	linguistics/books/DSS-Leviticus-Linguistics.txt	2853758	7385	c70fdf176d3f2d124de44bc8820d5ebb8adc67e0fd087b8335d52c3484775fcd	ALL_LETTER_SLOTS_RECONSTRUCTED	43	37	37	0	0	43	0	0	0	0	0	0	0
L1595281-R001	biblical_book	Lev	21	2		4Q26a	1606672	f5	5	1595281				books/DSS-Leviticus.txt	1943473	1768	1970694-1970697	4	0	efb12c6f30aa1e9d496212ee9054ff5885a0f9f90deda785ceb5fa7d18034959	linguistics/books/DSS-Leviticus-Linguistics.txt	2861143	1876	db6577079b5d24ff06cc3c0b3a5f42f4c77d63664a454683f3e2aa572ccc185c	PARTLY_RECONSTRUCTED	9	6	1	0	5	3	0	0	1	0	0	0	0
L1595281-R002	biblical_book	Lev	21	3		4Q26a	1606672	f5	5	1595281				books/DSS-Leviticus.txt	1945241	4212	1970698-1970713	16	1	f5e5ac8a3f3df01bf4a3af42ba5638bbbf8af12bedf1ef0e3a682b8a1d5896e4	linguistics/books/DSS-Leviticus-Linguistics.txt	2863019	6746	353cada06e031539ada72043ea7dd6f34f1f712042278efaa40af6819f049d70	PARTLY_RECONSTRUCTED	46	41	40	0	1	45	0	0	1	0	0	0	0
L1595282-R001	biblical_book	Lev	21	4		4Q26a	1606672	f5	6	1595282				books/DSS-Leviticus.txt	1949453	3087	1970714-1970722	9	1	cfa98cadbc5824d870bae3e3ea9bda12772e04012d1ee6bb01c9e9ff29da5375	linguistics/books/DSS-Leviticus-Linguistics.txt	2869765	3912	5053d85411870efc8a156f3844d668c4094f5804158010db23caf3bf33d31d0e	PARTLY_RECONSTRUCTED	24	20	19	1	0	23	1	0	1	0	0	0	0
L1595283-R001	biblical_book	Lev	21	8		4Q26a	1606672	f6	1	1595283				books/DSS-Leviticus.txt	1952540	1816	1970723-1970726	4	0	6ee7d098d14a0919f8b168581b5b12b26a915bdf3e5eeb3369364228a94394da	linguistics/books/DSS-Leviticus-Linguistics.txt	2873677	1840	1ce1368ceef2e96e5f439c86419a251c45a66554b816cb063c2ac92840dcb1e8	NO_LETTER_SLOTS	9	0	0	0	0	7	2	2	4	0	0	0	0
L1595283-R002	biblical_book	Lev	21	9		4Q26a	1606672	f6	1	1595283				books/DSS-Leviticus.txt	1954356	2001	1970727-1970730	4	1	604931a24f3e5e1a71e5f3e1633fca5bd045586d6302784aa1026cfdd9e958f1	linguistics/books/DSS-Leviticus-Linguistics.txt	2875517	1980	bc29b7b6feb5e7567bceea18bf631ac8fec7ffe92b38611cafc3668325f0f7f4	ALL_LETTER_SLOTS_RECONSTRUCTED	9	9	9	0	0	9	0	0	0	0	0	0	0
L1595284-R001	biblical_book	Lev	21	9		4Q26a	1606672	f6	2	1595284				books/DSS-Leviticus.txt	1956357	3201	1970731-1970743	13	0	35d675785373c5458be2e52c0d9c257595dd22a0e1357c5b9a92a5d6d38ef4cc	linguistics/books/DSS-Leviticus-Linguistics.txt	2877497	5574	d2c4743db996cb119bc968c8af92e7a84b71a64cf995b2ef963e365aa3b47028	PARTLY_RECONSTRUCTED	37	34	24	0	10	27	0	0	1	0	0	0	0
L1595284-R002	biblical_book	Lev	21	10		4Q26a	1606672	f6	2	1595284				books/DSS-Leviticus.txt	1959558	2122	1970744-1970748	5	1	a3612e7119472639caba9f4c71985f067028f0e43687cb4be401633cc514c27f	linguistics/books/DSS-Leviticus-Linguistics.txt	2883071	2356	1425e962cc4be8d3204f9d8accc0ed9d56f3a8a1263f1b82c3ff5089d60de696	ALL_LETTER_SLOTS_RECONSTRUCTED	10	10	10	0	0	10	0	0	0	0	0	0	0
L1595285-R001	biblical_book	Lev	21	10		4Q26a	1606672	f6	3	1595285				books/DSS-Leviticus.txt	1961680	4757	1970749-1970766	18	1	c7008466aaa30256da0a26ff34822e16217354db1a676b03571d7adafc1e5da9	linguistics/books/DSS-Leviticus-Linguistics.txt	2885427	7639	6eb6c80200fafcbb0a44767a405f1ce1e9aeb848f6ee9f43f5ea1e5fe9c4d753	PARTLY_RECONSTRUCTED	50	47	38	2	7	41	2	0	0	0	0	0	0
L1595286-R001	biblical_book	Lev	21	10		4Q26a	1606672	f6	4	1595286				books/DSS-Leviticus.txt	1966437	2768	1970767-1970775	9	0	0a70fabf3f58fed99ec407c0aecbb9aa0bca6d96d7e8a89e549656d33ee7a31f	linguistics/books/DSS-Leviticus-Linguistics.txt	2893066	3985	3a2bd79bccdca07fcb09f38bdd7ec12e729259331cce9a9b154df12409460b72	PARTLY_RECONSTRUCTED	28	24	17	1	6	21	1	0	1	0	0	0	0
L1595286-R002	biblical_book	Lev	21	11		4Q26a	1606672	f6	4	1595286				books/DSS-Leviticus.txt	1969205	2452	1970776-1970782	7	1	823fd26aa5703e1667f6d20f3454d34b061bd85e1bf0f6c690638a63ec0956aa	linguistics/books/DSS-Leviticus-Linguistics.txt	2897051	3147	369cc2850fe94bb177f84e834d3b71534d2d65735e2e44e37d269c9b972425b5	ALL_LETTER_SLOTS_RECONSTRUCTED	16	16	16	0	0	16	0	0	0	0	0	0	0
L1595287-R001	biblical_book	Lev	21	11		4Q26a	1606672	f6	5	1595287				books/DSS-Leviticus.txt	1971657	2567	1970783-1970790	8	0	015a503f7f40341fffc27eb187e6f3c0a2da8a1be1d50cc977b762b1593e2289	linguistics/books/DSS-Leviticus-Linguistics.txt	2900198	3446	056725fbf2c43a0b0a82de307b04d407f3f96abf74d4acf95bf04b4bbb01a0a4	PARTLY_RECONSTRUCTED	20	16	13	0	3	15	0	0	1	0	0	0	0
L1595287-R002	biblical_book	Lev	21	12		4Q26a	1606672	f6	5	1595287				books/DSS-Leviticus.txt	1974224	3183	1970791-1970802	12	1	94deb6db48702f9686b1b3867af02079dd931f06567b396585980733076980bb	linguistics/books/DSS-Leviticus-Linguistics.txt	2903644	5124	aa48e5c4c1f4a9ce82853bc4c1142aeed429b31a8236e6e9a581fa3188cce5b2	PARTLY_RECONSTRUCTED	28	26	25	0	1	25	0	0	1	0	0	0	0
L1595288-R001	biblical_book	Lev	21	21		4Q26a	1606672	f7	1	1595288				books/DSS-Leviticus.txt	1977407	4236	1970803-1970818	16	1	f4456e211227450130faed628f2973d87de1278e2b7ef3722b53ce072c60495a	linguistics/books/DSS-Leviticus-Linguistics.txt	2908768	6836	acc12c7ebaafeead273268bdc4501b28317261dd0509a1c9a739e946af12fcf1	PARTLY_RECONSTRUCTED	48	44	41	1	2	44	1	0	1	0	0	0	0
L1595289-R001	biblical_book	Lev	21	22		4Q26a	1606672	f7	2	1595289				books/DSS-Leviticus.txt	1981643	3105	1970819-1970830	12	0	cc7fc1ae6554fcb1bb688ed420dc79e2052cf2abe63793b7becafa828b8358d3	linguistics/books/DSS-Leviticus-Linguistics.txt	2915604	5210	72a286c6d589423fe00d4617865f1b8f1d4cf4e2999ee1afc11d396bc3a43f9d	PARTLY_RECONSTRUCTED	35	32	27	1	4	30	1	0	1	0	0	0	0
L1595289-R002	biblical_book	Lev	21	23		4Q26a	1606672	f7	2	1595289				books/DSS-Leviticus.txt	1984748	2307	1970831-1970836	6	1	7a3623ab2de7305b9c5c9c5167a7b7f8edacf32bebd140af3f5b7ebc8bc289b2	linguistics/books/DSS-Leviticus-Linguistics.txt	2920814	2771	8f8569a9b4c44a8fdc832b1922bd4131cef0e1a4d69e93ca185b0794eafee0c6	ALL_LETTER_SLOTS_RECONSTRUCTED	14	14	14	0	0	14	0	0	0	0	0	0	0
L1595290-R001	biblical_book	Lev	21	23		4Q26a	1606672	f7	3	1595290				books/DSS-Leviticus.txt	1987055	4232	1970837-1970853	17	1	628af92e34ddadaf4a2bca73e35aafd1aa07e5f88d0b7e95b066b2fd99c28f2e	linguistics/books/DSS-Leviticus-Linguistics.txt	2923585	7251	27e5f55339858e44a96519d04d772a3911ab52be447923968fc84dc130091ee1	PARTLY_RECONSTRUCTED	45	43	39	0	4	40	0	0	0	0	0	0	0
L1595291-R001	biblical_book	Lev	21	23		4Q26a	1606672	f7	4	1595291				books/DSS-Leviticus.txt	1991287	1580	1970854-1970855	2	0	9ac10e8b7c1ddc404f90f383442b01ec70a9327ee7c4d6e32fd56c74a54f2fac	linguistics/books/DSS-Leviticus-Linguistics.txt	2930836	1158	4ad2e99d6a1985882ce33f3395c6d08d86fafe7445b67605bad0f83bf422752f	ALL_LETTER_SLOTS_RECONSTRUCTED	8	5	5	0	0	8	0	0	1	0	0	0	0
L1595291-R002	biblical_book	Lev	21	24		4Q26a	1606672	f7	4	1595291				books/DSS-Leviticus.txt	1992867	2188	1970856-1970858	3	2	8948d82095f7f21c6793646d2ab79fb3899e99d0b49422aa79ef4406d41e3abe	linguistics/books/DSS-Leviticus-Linguistics.txt	2931994	1587	91fdfd16a5de326e7521d05dd1a02a44c011bf20876d547dd808e878ad9fda5c	ALL_LETTER_SLOTS_RECONSTRUCTED	8	8	8	0	0	8	0	0	0	0	0	0	0
L1595292-R001	biblical_book	Lev	21	24		4Q26a	1606672	f7	5	1595292				books/DSS-Leviticus.txt	1995055	2893	1970859-1970868	10	0	87defee442a81a536e76d18ebe36288d54d5143a79c7c5cc092e03c7dd35c2c9	linguistics/books/DSS-Leviticus-Linguistics.txt	2933581	4391	d311202518614d14bd33ca8fdb3a9917dcb574641ed4c2fe053517b89fb0554e	PARTLY_RECONSTRUCTED	26	23	20	1	2	23	1	0	1	0	0	0	0
L1595293-R001	biblical_book	Lev	22	4		4Q26a	1606672	f8	1	1595293				books/DSS-Leviticus.txt	1997948	2482	1970869-1970874	6	1	86ffba44ec44de04af3ebf0117ce48cb85530a09a2ec3ff2e4c7508c4619d831	linguistics/books/DSS-Leviticus-Linguistics.txt	2937972	2799	086992c20c18ac2579f19f1dd4a0447dbc86e69c639c2f63a5af1120315fe2c1	PARTLY_RECONSTRUCTED	16	14	12	2	0	14	2	1	1	0	0	0	0
L1595294-R001	biblical_book	Lev	22	4		4Q26a	1606672	f8	2	1595294				books/DSS-Leviticus.txt	2000430	4509	1970875-1970895	21	1	9fd8f8f53ca0693c01a72e30aac12c41ba55fa132ba84cdb54ae41cfbff99514	linguistics/books/DSS-Leviticus-Linguistics.txt	2940771	8687	1d338fe288d5a19f86ef4caa000e745bd4c182e5b7860357bd7d8f4c0f1aa07b	PARTLY_RECONSTRUCTED	52	52	49	0	3	49	0	0	0	0	0	0	0
L1595295-R001	biblical_book	Lev	22	4		4Q26a	1606672	f8	3	1595295				books/DSS-Leviticus.txt	2004939	2210	1970896-1970901	6	0	5290114371030a3600ef02dde51254567a0b6dfb6fba7ae1620576dd60747bf3	linguistics/books/DSS-Leviticus-Linguistics.txt	2949458	2816	3ac7a4c91b138821cabb4541becfd2b62d58130b3ffe4453d00515ba031651b8	ALL_LETTER_SLOTS_RECONSTRUCTED	20	17	17	0	0	20	0	0	1	0	0	0	0
L1595295-R002	biblical_book	Lev	22	5		4Q26a	1606672	f8	3	1595295				books/DSS-Leviticus.txt	2007149	2704	1970902-1970909	8	1	798236066a146134e6d07c5916a59171a728b22c5807582ee42f3a9f7f322949	linguistics/books/DSS-Leviticus-Linguistics.txt	2952274	3589	52b4910fc29fefc6d85dd6dc0680674a954477c560bd18ab71f7f836a8dea047	PARTLY_RECONSTRUCTED	20	20	15	1	4	15	1	0	0	0	0	0	0
L1595296-R001	biblical_book	Lev	22	5		4Q26a	1606672	f8	4	1595296				books/DSS-Leviticus.txt	2009853	3454	1970910-1970922	13	0	4a98c89d5ccccca6dae6785be0aa2fe9afda91798f12c94fa04065425c6e5e1e	linguistics/books/DSS-Leviticus-Linguistics.txt	2955863	5539	5ded1f829a35a6f9a1556ce74272d86909c87bf884921b9a10bdca83839a0a17	ALL_LETTER_SLOTS_RECONSTRUCTED	37	32	32	0	0	37	0	0	1	0	0	0	0
L1595296-R002	biblical_book	Lev	22	6		4Q26a	1606672	f8	4	1595296				books/DSS-Leviticus.txt	2013307	2149	1970923-1970926	4	1	c910abffbb3792816f8cd65fd2e7499cf259f70a2da2970298f7f2b067f53ec9	linguistics/books/DSS-Leviticus-Linguistics.txt	2961402	1968	388b54e68587fd858117e3eae9ccea6f91acd77ce5f8c972986b66133d40d953	PARTLY_RECONSTRUCTED	11	9	7	1	1	7	1	0	1	0	0	0	0
L1595297-R001	biblical_book	Lev	22	11		4Q26a	1606672	f9	1	1595297				books/DSS-Leviticus.txt	2015456	2643	1970927-1970934	8	0	282dfde436ac2ab563c70abbe5f1374d6c261102f92b90af4510e5751ee1d2e2	linguistics/books/DSS-Leviticus-Linguistics.txt	2963370	3607	8cdc6bb471ae65319bf43d998fc71a8a480936cb770669a64e27c192cad3a632	PARTLY_RECONSTRUCTED	25	21	16	2	3	17	2	0	1	0	0	0	0
L1595297-R002	biblical_book	Lev	22	12		4Q26a	1606672	f9	1	1595297				books/DSS-Leviticus.txt	2018099	2749	1970935-1970943	9	1	9918132936f88fcc5b14ae850e1084d6c4277381f287cf4679ff121e94b34738	linguistics/books/DSS-Leviticus-Linguistics.txt	2966977	3959	93b43c01dee33d01c32fd6b4eeccbf623b92fd10877a200c5766162966fcc75e	PARTLY_RECONSTRUCTED	21	21	20	1	0	20	1	0	0	0	0	0	0
L1595298-R001	biblical_book	Lev	22	12		4Q26a	1606672	f9	2	1595298				books/DSS-Leviticus.txt	2020848	2327	1970944-1970950	7	0	eef81022a9dfea07582238fbe1352fc387425c92805a4d3bc116d25586c6f14c	linguistics/books/DSS-Leviticus-Linguistics.txt	2970936	3200	20ee29a0a802155792e81393bb1d12f910ae297a21cca90a46ffa96bbca295a9	PARTLY_RECONSTRUCTED	20	18	13	1	4	13	1	0	1	0	0	0	0
L1595298-R002	biblical_book	Lev	22	13		4Q26a	1606672	f9	2	1595298				books/DSS-Leviticus.txt	2023175	2967	1970951-1970960	10	1	166cd8dd102b85ab9b5856dfd22b9f10d5d432d4b085c62942306485b88415b4	linguistics/books/DSS-Leviticus-Linguistics.txt	2974136	4465	ced393903e6be7cf8d655a7c43a1b950b2143834d1a70071ac01a22d15c01a26	PARTLY_RECONSTRUCTED	27	27	19	2	6	19	2	0	0	0	0	0	0
L1595299-R001	biblical_book	Lev	22	13		4Q26a	1606672	f9	3	1595299				books/DSS-Leviticus.txt	2026142	4403	1970961-1970976	16	1	f1752575c3b59d4f9dea27d6f87dd86cce13740973331fe907fb899ca9e4f22f	linguistics/books/DSS-Leviticus-Linguistics.txt	2978601	6843	748b06c9007cb5a3f58289e68247f07eaf2ddfd21fee5e1ba84a8bfd5d2bf1cc	PARTLY_RECONSTRUCTED	46	42	32	1	9	35	1	0	0	0	0	0	0
L1595300-R001	biblical_book	Lev	22	13		4Q26a	1606672	f9	4	1595300				books/DSS-Leviticus.txt	2030545	1993	1970977-1970980	4	0	1a529bd48856150991fd6bc57ae185daed3c6c06b5bbac43c0dd92e642b8b9f8	linguistics/books/DSS-Leviticus-Linguistics.txt	2985444	1920	72f5d671dc346afc1606fb17fb7eac151cb5531b0c6151f7eba2e5f3b0913d57	ALL_LETTER_SLOTS_RECONSTRUCTED	11	8	8	1	0	11	1	0	1	0	0	0	0
L1595300-R002	biblical_book	Lev	22	14		4Q26a	1606672	f9	4	1595300				books/DSS-Leviticus.txt	2032538	3666	1970981-1970993	13	1	2523f4e95f056fb50e9a1ecf12be5a42ca28a221f922c657bdb554340668ed7a	linguistics/books/DSS-Leviticus-Linguistics.txt	2987364	5663	d3f24de6293f1f12ace6451a74c3aa61d46705660e245ccbac96119ae9a3042f	PARTLY_RECONSTRUCTED	38	36	26	0	10	28	0	0	0	0	0	0	0
L1595301-R001	biblical_book	Lev	22	14		4Q26a	1606672	f9	5	1595301				books/DSS-Leviticus.txt	2036204	1983	1970994-1970999	6	0	3cf37b7248b81ca90d4a5cd3b1f26896029f2c839378f1bbfd403ccbd62ca15c	linguistics/books/DSS-Leviticus-Linguistics.txt	2993027	2697	8b526bb1fe275caa8b260aa61a8759a1ccbe5af34cbe8dd208c28e67975a111f	ALL_LETTER_SLOTS_RECONSTRUCTED	12	10	10	0	0	12	0	0	1	0	0	0	0
L1595301-R002	biblical_book	Lev	22	15		4Q26a	1606672	f9	5	1595301				books/DSS-Leviticus.txt	2038187	3104	1971000-1971009	10	1	dda26475499c5d3a4188f5ae4c24bc9c95289a0197cd71d7c5a090016b8b64b7	linguistics/books/DSS-Leviticus-Linguistics.txt	2995724	4527	07c5312e33245219d44eaa6d40571531f2c4c7f75d41950962433ec4f9719330	PARTLY_RECONSTRUCTED	32	32	21	3	8	21	3	0	0	0	0	0	0
L1595302-R001	biblical_book	Lev	22	15		4Q26a	1606672	f9	6	1595302				books/DSS-Leviticus.txt	2041291	1564	1971010-1971012	3	0	3167154524e8c3a14e1cff0f0a5177527bac4676950e8bb198a02bb7922cbc0e	linguistics/books/DSS-Leviticus-Linguistics.txt	3000251	1509	53729d498f89d8b949f9fe8e8f68e512bf551ea01337138b5774e9584b2eeb27	ALL_LETTER_SLOTS_RECONSTRUCTED	7	5	5	0	0	7	0	0	1	0	0	0	0
L1595302-R002	biblical_book	Lev	22	16		4Q26a	1606672	f9	6	1595302				books/DSS-Leviticus.txt	2042855	3743	1971013-1971024	12	1	f4fe831f27b7fbd7b4df4cb7660309a8416d97e35941995fffb6de0ec7526607	linguistics/books/DSS-Leviticus-Linguistics.txt	3001760	5354	ea05b308bb0fc90355177cb4b65add7b8881cdc6e50eadc9889dab8e8c996ce3	PARTLY_RECONSTRUCTED	42	39	31	2	6	33	2	0	0	0	0	0	0
L1595303-R001	biblical_book	Lev	22	16		4Q26a	1606672	f9	7	1595303				books/DSS-Leviticus.txt	2046598	2541	1971025-1971026	2	3	d4ec25dc9a42f73beee50445e420e02a87732ffbe707bb73f80936290097dc45	linguistics/books/DSS-Leviticus-Linguistics.txt	3007114	1158	976ef74fbdba6c3215a4ab7fc380e31118801d8f9e83eb59a0bdcc9dbaf8edaa	ALL_LETTER_SLOTS_RECONSTRUCTED	8	5	5	0	0	8	0	0	1	0	0	0	0
L1595304-R001	biblical_book	Lev	22	17		4Q26a	1606672	f9	8	1595304				books/DSS-Leviticus.txt	2049139	2278	1971027-1971034	8	0	7e93230767933147993536a62aab9710348e8d8d1197cf6c2b8f88ad91b47994	linguistics/books/DSS-Leviticus-Linguistics.txt	3008272	3513	f8bde1605902d7ecf5c90f8ffc609564a168ef5ee98361dc42a860898d099bef	PARTLY_RECONSTRUCTED	20	18	14	0	4	14	0	0	1	0	0	0	0
L1595304-R002	biblical_book	Lev	22	18		4Q26a	1606672	f9	8	1595304				books/DSS-Leviticus.txt	2051417	3249	1971035-1971045	11	1	d8f3941e296f261107dee50f92980ab9cf44a7da4c92310a8f67e945a0eebeba	linguistics/books/DSS-Leviticus-Linguistics.txt	3011785	4715	6cbdb7e26f3d6ae111145d948c026df4acccbeba959b1d7fccbe52a160bf1e96	PARTLY_RECONSTRUCTED	27	24	23	1	0	24	1	0	1	0	0	0	0
L1595305-R001	biblical_book	Lev	7	19		4Q26b	1606673	f1	1	1595305				books/DSS-Leviticus.txt	2054717	3754	1971046-1971061	16	0	6035046844b5bf353f7db2e4442291bd07f828f3ae5381542ff09fc4ff1e5dab	linguistics/books/DSS-Leviticus-Linguistics.txt	3016551	6763	059b2419031363d45551b017ac761c0f69b90736254e419360312c402c6492f4	PARTLY_RECONSTRUCTED	41	39	26	4	9	28	4	0	1	0	0	0	0
L1595305-R002	biblical_book	Lev	7	20		4Q26b	1606673	f1	1	1595305				books/DSS-Leviticus.txt	2058471	2150	1971062-1971066	5	1	f89b4d954b40e6f205a6db1832462cb22e64764008225aa7ef615a9d0226d617	linguistics/books/DSS-Leviticus-Linguistics.txt	3023314	2359	1a9a161261d22e2ebdacce4f327fe2bca8030cff771815f506917304d5361af5	ALL_LETTER_SLOTS_RECONSTRUCTED	12	12	12	0	0	12	0	0	0	0	0	0	0
L1595306-R001	biblical_book	Lev	7	20		4Q26b	1606673	f1	2	1595306				books/DSS-Leviticus.txt	2060621	4857	1971067-1971086	20	1	d9252c935cdb105dee007b6d43d53c284a6a3b123601d84e8a602340e849b271	linguistics/books/DSS-Leviticus-Linguistics.txt	3025673	8338	e4402a1e1d384f13491742bbbbd5170202c87997ffe779114c4864291ed1c9c0	PARTLY_RECONSTRUCTED	55	50	16	4	30	19	4	0	1	0	0	0	0
L1595307-R001	biblical_book	Lev	7	21		4Q26b	1606673	f1	3	1595307				books/DSS-Leviticus.txt	2065478	4403	1971087-1971104	18	1	5345dddf117fd3e8e2e41eb51e1b95a9a96772d883a267b350c0bbd33fb3c9c9	linguistics/books/DSS-Leviticus-Linguistics.txt	3034011	7657	09788c1558782d13995f7fb3a9998300098e638f7fca753ad3dc4465e87cc2f5	PARTLY_RECONSTRUCTED	44	44	22	7	15	22	7	0	0	0	0	0	0
L1595308-R001	biblical_book	Lev	7	21		4Q26b	1606673	f1	4	1595308				books/DSS-Leviticus.txt	2069881	4626	1971105-1971124	20	1	bb0728ac324a49426d2738f3fe241e0b37d03f8a5ae8b7b993a8025362724f16	linguistics/books/DSS-Leviticus-Linguistics.txt	3041668	8266	f5d1ef8180d080e2df7db33439484e0a027ab9c868e92e221d4b0177b1d9584d	PARTLY_RECONSTRUCTED	50	47	28	4	15	28	4	0	1	0	0	0	0
L1595310-R001	biblical_book	Lev	7	22		4Q26b	1606673	f1	6	1595310				books/DSS-Leviticus.txt	2074507	2321	1971125-1971132	8	0	983fe97b5db83da126fba328d2efbb656ad1c33f70a6b2e9b7726bcf406a0ce1	linguistics/books/DSS-Leviticus-Linguistics.txt	3049934	3506	967b5c93a1ede9077e127a34b9cda9e6284e6ffe4d5115ccb365e195c5efe9a5	ALL_LETTER_SLOTS_RECONSTRUCTED	21	19	19	0	0	21	0	0	1	0	0	0	0
L1595310-R002	biblical_book	Lev	7	23		4Q26b	1606673	f1	6	1595310				books/DSS-Leviticus.txt	2076828	3430	1971133-1971143	11	1	3431ab373bbe22337b848f98ef265d457756cbd592bfadba2ca1a25c81f9b1ba	linguistics/books/DSS-Leviticus-Linguistics.txt	3053440	4912	0ddc3fd0e4edaa23f1ef0c26427bfdf0fbb0fabccc027c0e45687cf1826315a2	PARTLY_RECONSTRUCTED	31	31	11	6	14	11	6	0	0	0	0	0	0
L1595311-R001	biblical_book	Lev	7	23		4Q26b	1606673	f1	7	1595311				books/DSS-Leviticus.txt	2080258	1866	1971144-1971148	5	0	d516ac73bf5bf0cd2b7af707af4434019e14232e5a9eb27a2512429d1b74e63a	linguistics/books/DSS-Leviticus-Linguistics.txt	3058352	2282	e910668af411a8910d12492c559bad692ed4c0e4a90442a37cfd708bad554920	ALL_LETTER_SLOTS_RECONSTRUCTED	12	10	10	0	0	12	0	0	1	0	0	0	0
L1595311-R002	biblical_book	Lev	7	24		4Q26b	1606673	f1	7	1595311				books/DSS-Leviticus.txt	2082124	4210	1971149-1971163	15	1	ecf36f61c048264b29706f621ffbe175ca0f74b374162b00bd82929dfe89bb00	linguistics/books/DSS-Leviticus-Linguistics.txt	3060634	6490	7a23bc001152f903049aa935f045395e4c0dff3ff487c6084313618886b2701f	PARTLY_RECONSTRUCTED	45	42	19	6	17	22	6	0	1	0	0	0	0
L1595312-R001	biblical_book	Lev	7	25		4Q26b	1606673	f1	8	1595312				books/DSS-Leviticus.txt	2086334	4058	1971164-1971175	12	1	98153dc5a79dff927248e3d4decfb5dda2b9ee8790029791a7d17da37c31bf77	linguistics/books/DSS-Leviticus-Linguistics.txt	3067124	5337	c61369998bb0d93d4c62bb2b6b0583892e03d15c233d875422785a4ca477dc98	PARTLY_RECONSTRUCTED	38	37	24	7	6	24	7	0	0	0	0	0	0
L1595312-R002	biblical_book	Lev	7	25		4Q26b	1606673	f1	8	1595312			paleohebrew	books/DSS-Leviticus.txt	2090392	1467	1971176	1	0	08bc668cdb9f5cad490aa2433f4b6903c166a6f46c21e6ecf130f12f97f2008f	linguistics/books/DSS-Leviticus-Linguistics.txt	3072461	822	7e404b677b8ec7156c71cd0b277d620c89bea5e6a89febf8f8a8cbf018d223d0	NO_LETTER_RECONSTRUCTION_MARKED	4	4	0	2	2	0	2	0	0	0	0	0	0
L1595312-R003	biblical_book	Lev	7	25		4Q26b	1606673	f1	8	1595312				books/DSS-Leviticus.txt	2091859	1721	1971177-1971178	2	1	4391bb058ba10c19208e27c2aecba353b1439a893af867672d13c9f06905864d	linguistics/books/DSS-Leviticus-Linguistics.txt	3073283	1168	f543005e16b11b8ca8ff739952a9d9b48556e0e20b094ce753aa3dceed25d98d	ALL_LETTER_SLOTS_RECONSTRUCTED	6	6	6	0	0	6	0	0	0	0	0	0	0
L1595313-R001	biblical_book	Lev	7	25		4Q26b	1606673	f1	9	1595313				books/DSS-Leviticus.txt	2093580	2277	1971179-1971185	7	0	4355fc159b13c5d5b7c0bc5dc4014b2b5ea99d2351b1588d20132984de024ab5	linguistics/books/DSS-Leviticus-Linguistics.txt	3074451	3074	7f7d2009106a5fab006cd6a0016ac1c12dd81b1d51c4722042c4b1767ca5011c	ALL_LETTER_SLOTS_RECONSTRUCTED	18	15	15	0	0	18	0	0	1	0	0	0	0
L1595313-R002	biblical_book	Lev	7	26		4Q26b	1606673	f1	9	1595313				books/DSS-Leviticus.txt	2095857	4358	1971186-1971199	14	2	8082afda32eb379128ab0ec790812df8fd11bb07c67a3c720653945efbc46703	linguistics/books/DSS-Leviticus-Linguistics.txt	3077525	5963	744e6348b7af4e10d8a00656b3a8a660ebb9dcace7a24c55e2bad0861246d0fe	PARTLY_RECONSTRUCTED	38	35	30	4	1	33	4	0	1	0	0	0	0
L1595314-R001	biblical_book	Lev	26	3		4Q26c	1606674	1	1	1595314				books/DSS-Leviticus.txt	2100266	3690	1971200-1971211	12	1	6dfa1181d6001ecfa2982bed6691273da229c83dc2bf5fd2a71c5967bf665443	linguistics/books/DSS-Leviticus-Linguistics.txt	3083539	5189	a7106c94115abf093c60157548fd2f02255a501b1eb005973ca47b60ca025e44	PARTLY_RECONSTRUCTED	38	33	5	0	28	5	0	0	1	0	0	0	0
L1595315-R001	biblical_book	Lev	26	4		4Q26c	1606674	1	2	1595315				books/DSS-Leviticus.txt	2103956	3854	1971212-1971225	14	1	5c0436284f77767b2627d7ae582e2fef1515f353524666d28ad1d8eeb59550ce	linguistics/books/DSS-Leviticus-Linguistics.txt	3088728	5991	9f5af1b300a274b521baddd96bba38dcd306b8eddf8411185d2cd37e709cd09c	PARTLY_RECONSTRUCTED	39	36	12	0	24	12	0	0	0	0	0	0	0
L1595316-R001	biblical_book	Lev	26	4		4Q26c	1606674	1	3	1595316				books/DSS-Leviticus.txt	2107810	1672	1971226-1971228	3	0	4c5344634ac70581fdf5325c71ac330dacd874a3aad96ba536d7fab574b6fb76	linguistics/books/DSS-Leviticus-Linguistics.txt	3094719	1560	473af8d23133816b519edbd77e62669a164d3ebb6cc5dfd8ddf1283257cdf938	NO_LETTER_RECONSTRUCTION_MARKED	10	7	0	0	7	0	0	0	1	0	0	0	0
L1595316-R002	biblical_book	Lev	26	5		4Q26c	1606674	1	3	1595316				books/DSS-Leviticus.txt	2109482	3036	1971229-1971238	10	1	13911deb954fd849c9168417328d1e61b6b364ee8e3d90050f1bd88ddd9fa03c	linguistics/books/DSS-Leviticus-Linguistics.txt	3096279	4440	87e89c4d2aa13dfc3b088a529890d06733178d7711e11475e440928aa0ca4db8	PARTLY_RECONSTRUCTED	29	28	6	0	22	6	0	0	0	0	0	0	0
L1595317-R001	biblical_book	Lev	26	5		4Q26c	1606674	1	4	1595317				books/DSS-Leviticus.txt	2112518	3642	1971239-1971251	13	1	3af7731080a26a42d1e7fa8fde5cf4a6f1921a414602e33734a75351ddf8c511	linguistics/books/DSS-Leviticus-Linguistics.txt	3100719	5558	7ce5c2b3aad9d980e76b40215fadd645684b388ebd5e2cc118963260a9c8cf40	PARTLY_RECONSTRUCTED	38	34	1	0	33	1	0	0	1	0	0	0	0
L1595318-R001	biblical_book	Lev	26	6		4Q26c	1606674	1	5	1595318				books/DSS-Leviticus.txt	2116160	3381	1971252-1971264	13	1	eee2b216c212417df7aba94d95703fcf0afb3293a5f35ccf1afe01e66c94ef6d	linguistics/books/DSS-Leviticus-Linguistics.txt	3106277	5635	964c954aa7856eb469239eb4adb530be5387a9c8e7fe4a308fef4d6c9117e664	PARTLY_RECONSTRUCTED	37	37	2	0	35	2	0	0	0	0	0	0	0
L1595319-R001	biblical_book	Lev	26	6		4Q26c	1606674	1	6	1595319				books/DSS-Leviticus.txt	2119541	2826	1971265-1971275	11	0	6683a71828343bd44a0a90817535b6161e62cceff4b1867c462cbae720a2a5ee	linguistics/books/DSS-Leviticus-Linguistics.txt	3111912	4694	86a94bbe22bd2b16e44c384eebce887fce99133a319dabc4c05c84c5d50c0ccd	PARTLY_RECONSTRUCTED	28	25	2	0	23	2	0	0	1	0	0	0	0
L1595319-R002	biblical_book	Lev	26	7		4Q26c	1606674	1	6	1595319				books/DSS-Leviticus.txt	2122367	1700	1971276-1971277	2	1	6fce7f63a3d1660437ed962f751774f192c6d033e5dd2695417aac2d6bdc9310	linguistics/books/DSS-Leviticus-Linguistics.txt	3116606	1159	fa5afc7fac438ca4ffc464e8f8f8d6c98c6ea854210c0c8762803be90dae5829	NO_LETTER_RECONSTRUCTION_MARKED	6	6	0	0	6	0	0	0	0	0	0	0	0
L1595320-R001	biblical_book	Lev	26	7		4Q26c	1606674	1	7	1595320				books/DSS-Leviticus.txt	2124067	2643	1971278-1971286	9	0	cfedb7aa41840e4e5a96a37d118286cff2683374453c1b59a4f1bc259fc2d29b	linguistics/books/DSS-Leviticus-Linguistics.txt	3117765	3942	dc2014a65e0aa447ff7cdeaa5915ba677be15f7337a638ea644cdfb35da6a34d	NO_LETTER_RECONSTRUCTION_MARKED	27	23	0	0	23	0	0	0	1	0	0	0	0
L1595320-R002	biblical_book	Lev	26	8		4Q26c	1606674	1	7	1595320				books/DSS-Leviticus.txt	2126710	2114	1971287-1971290	4	1	d8f7d05169cd627c7400b623163f8aa607a56dda69f58c9af2d9565529ebae5b	linguistics/books/DSS-Leviticus-Linguistics.txt	3121707	1984	532600944b056ed6b69342a09a704da5647a34696cef2cd097a2a690d694c874	NO_LETTER_RECONSTRUCTION_MARKED	13	12	0	0	12	0	0	0	0	0	0	0	0
L1595321-R001	biblical_book	Lev	26	8		4Q26c	1606674	1	8	1595321				books/DSS-Leviticus.txt	2128824	3446	1971291-1971301	11	1	f70bdddfec673776f0f5faf7312893e418f08858253b94643d182e2e95b3e878	linguistics/books/DSS-Leviticus-Linguistics.txt	3123691	4922	62122c7cca12b68eb5c31790f92c6324a4674460447d82b98036f78956c32072	PARTLY_RECONSTRUCTED	39	36	11	0	25	11	0	0	0	0	0	0	0
L1595322-R001	biblical_book	Lev	26	8		4Q26c	1606674	1	9	1595322				books/DSS-Leviticus.txt	2132270	1550	1971302-1971304	3	0	4e8feea02951faeac89c661b06c8e8f30b3227b97048b943f45ba2a27c45446d	linguistics/books/DSS-Leviticus-Linguistics.txt	3128613	1505	1c0d43d66a39e6a5641e13b94d5fc682417c069d6aeb7a73bfab215249e9f9d4	ALL_LETTER_SLOTS_RECONSTRUCTED	6	4	4	0	0	6	0	0	1	0	0	0	0
L1595322-R002	biblical_book	Lev	26	9		4Q26c	1606674	1	9	1595322				books/DSS-Leviticus.txt	2133820	3469	1971305-1971314	10	1	f193c3d237c585790b63c74d44265143c3596d7213c9ef0c1e68b49c2d5acfbf	linguistics/books/DSS-Leviticus-Linguistics.txt	3130118	4380	a374970873e2059dfb6757fa638ade70faac8cf609f46280ae308f8b473bfd94	PARTLY_RECONSTRUCTED	38	33	20	0	13	21	0	0	1	0	0	0	0
L1595323-R001	biblical_book	Lev	26	33		4Q26c	1606674	2	1	1595323				books/DSS-Leviticus.txt	2137289	1410	1971315-1971316	2	0	46856344883bbee5fde156f01419ae690d615be8219c8266fa689e5bd8b32a96	linguistics/books/DSS-Leviticus-Linguistics.txt	3134498	1182	f6f2f2d4f8c1a9ed93e6debc83c2461ca06d43309d169a86d083bc1e53f2c82a	NO_LETTER_RECONSTRUCTION_MARKED	6	4	0	0	4	0	0	0	1	0	0	0	0
L1595323-R002	biblical_book	Lev	26	34		4Q26c	1606674	2	1	1595323				books/DSS-Leviticus.txt	2138699	2747	1971317-1971324	8	1	8c83d3d0ddfdde2063ea405b964829389729f02586add0c20f7e0070e953abc2	linguistics/books/DSS-Leviticus-Linguistics.txt	3135680	3631	77847d4ba3a4b580f5cb05a4eb2ecf8f68f43c6ac07d8704e3c1d097b1aa4f2f	PARTLY_RECONSTRUCTED	24	23	2	0	21	2	0	0	0	0	0	0	0
L1595324-R001	biblical_book	Lev	26	34		4Q26c	1606674	2	2	1595324				books/DSS-Leviticus.txt	2141446	3272	1971325-1971334	10	1	78f876c1c0b3eafd2444f032ca2c12dd3c8d3a7195c57d0e7bfe786657f85493	linguistics/books/DSS-Leviticus-Linguistics.txt	3139311	4458	a6b23cbc23af2c875c5ef6b43c329a0d395df158559ac0ee393871e7aa109996	PARTLY_RECONSTRUCTED	30	28	8	0	20	8	0	0	0	0	0	0	0
L1595325-R001	biblical_book	Lev	26	34		4Q26c	1606674	2	3	1595325				books/DSS-Leviticus.txt	2144718	1962	1971335-1971339	5	0	aaf704b909362f2c9978cc52be1d30860197988014e92e2309d0276c88105eb3	linguistics/books/DSS-Leviticus-Linguistics.txt	3143769	2362	9a5f19e8208772dcb46a96080f53a9dc8125ff9128a992d108816439d2aebc1f	NO_LETTER_RECONSTRUCTION_MARKED	16	13	0	0	13	0	0	0	1	0	0	0	0
L1595325-R002	biblical_book	Lev	26	35		4Q26c	1606674	2	3	1595325				books/DSS-Leviticus.txt	2146680	2405	1971340-1971344	5	1	568b635053c86bff3c7f25b0dbb82bc794e3dd437a869b737b679784bbc71f51	linguistics/books/DSS-Leviticus-Linguistics.txt	3146131	2433	a58c37c7b4004bb18e7e44e1916cca641e91ec45822ec19d1eac8bcdcb541a12	PARTLY_RECONSTRUCTED	16	15	7	0	8	8	0	0	0	0	0	0	0
L1595326-R001	biblical_book	Lev	26	35		4Q26c	1606674	2	4	1595326				books/DSS-Leviticus.txt	2149085	2849	1971345-1971353	9	0	82a472423848852ab0e40ee09536daf67e839b792d3a8579d302e9077005e787	linguistics/books/DSS-Leviticus-Linguistics.txt	3148564	4018	fa34e6c2f26400e8fc8e12b32c341a96bfcea57b341f37dddc1d2a1ece318c91	PARTLY_RECONSTRUCTED	32	27	6	0	21	10	0	0	1	0	0	0	0
L1595326-R002	biblical_book	Lev	26	36		4Q26c	1606674	2	4	1595326				books/DSS-Leviticus.txt	2151934	1855	1971354-1971356	3	1	76827701585bdfa4643ed8d71dd50b0837f1cb9210fa5e59310d4a5ba9fe5bd4	linguistics/books/DSS-Leviticus-Linguistics.txt	3152582	1549	48a63074009d6f22ac333e92713b076669785dbdc74397ac641c359e0a66ee06	ALL_LETTER_SLOTS_RECONSTRUCTED	8	8	8	0	0	8	0	0	0	0	0	0	0
L1595327-R001	biblical_book	Lev	26	36		4Q26c	1606674	2	5	1595327				books/DSS-Leviticus.txt	2153789	3431	1971357-1971367	11	1	e7db11a9366c34a8eba4a721c2b8520e3f432a3ed27d9eb673d16b8ca26cb842	linguistics/books/DSS-Leviticus-Linguistics.txt	3154131	4835	21eaa513078f7c6ae9b595902aaee23759a758da45c8c24054b165fb078cf718	PARTLY_RECONSTRUCTED	35	32	9	0	23	10	0	0	0	0	0	0	0
L1595328-R001	biblical_book	Lev	26	36		4Q26c	1606674	2	6	1595328				books/DSS-Leviticus.txt	2157220	3372	1971368-1971379	12	1	c7b036a01d509dfa0e736f7e6ee3f85ccebfce46e6a28b2b227f9c6d392f2662	linguistics/books/DSS-Leviticus-Linguistics.txt	3158966	5251	d9d798f4969f0ba858cb1a96cb5f60de89b562765446bf8f3fe64c4dba372d76	PARTLY_RECONSTRUCTED	33	32	12	0	20	12	0	0	0	0	0	0	0
L1595329-R001	biblical_book	Lev	26	36		4Q26c	1606674	2	7	1595329				books/DSS-Leviticus.txt	2160592	1416	1971380-1971381	2	0	220efb7bec2c6e2b9e5c7fda38e991e16580b9ad3f61f878f0a5da717db0edb1	linguistics/books/DSS-Leviticus-Linguistics.txt	3164217	1132	0af3e57ff7c2abb4a3f770efc90a54a19cf6a7c975ae718bc31287635563d876	ALL_LETTER_SLOTS_RECONSTRUCTED	5	3	3	0	0	3	0	0	1	0	0	0	0
L1595329-R002	biblical_book	Lev	26	37		4Q26c	1606674	2	7	1595329				books/DSS-Leviticus.txt	2162008	3231	1971382-1971393	12	1	3bad913a5cb65463fa107892a5e997c3b33191edea5b4e33c16494c00b8dbd45	linguistics/books/DSS-Leviticus-Linguistics.txt	3165349	5164	d84551904e64b02daca93b023daedf978713df135f786d4bff38ffbc70203494	PARTLY_RECONSTRUCTED	29	28	15	0	13	15	0	0	0	0	0	0	0
L1595330-R001	biblical_book	Lev	26	37		4Q26c	1606674	2	8	1595330				books/DSS-Leviticus.txt	2165239	2796	1971394-1971402	9	0	0771dc3e1c9192fe5fab88d759ac02c82b48f9c30bcf01051af7493a36237680	linguistics/books/DSS-Leviticus-Linguistics.txt	3170513	4019	46fe3217b401e407ebbe5ed2d6ab2a9f2c673a02ee9d211a4bc4f68938ba9c3b	PARTLY_RECONSTRUCTED	29	25	21	0	4	24	0	0	1	0	0	0	0
L1595330-R002	biblical_book	Lev	26	38		4Q26c	1606674	2	8	1595330				books/DSS-Leviticus.txt	2168035	1882	1971403-1971405	3	1	e00d004f102f42277b67254ceebb641c1b8f6873485ff3f45d65a2c49f9e211e	linguistics/books/DSS-Leviticus-Linguistics.txt	3174532	1514	7d8b2c541e4fee072e80cb6b1d3d7e1bc149ab5ef3e577dafe1aa9595306ca15	ALL_LETTER_SLOTS_RECONSTRUCTED	8	6	6	0	0	6	0	0	1	0	0	0	0
L1602888-R001	biblical_book	Lev	8	12		6Q2	1606822	f1	1	1602888				books/DSS-Leviticus.txt	2169966	3015	2073954-2073962	9	1	3e3b28e544ab5bd2ab281e08c4a82e5eefe61c0e133c1b2fccf50ecaaf00deaf	linguistics/books/DSS-Leviticus-Linguistics.txt	3176095	4064	27df35451438a5a91772dbb53e8ed3684de5e0728a3b93e66e6f0da0a9a8b49c	PARTLY_RECONSTRUCTED	24	23	18	3	2	19	3	0	1	0	0	0	0
L1602889-R001	biblical_book	Lev	8	12		6Q2	1606822	f1	2	1602889				books/DSS-Leviticus.txt	2172981	2258	2073963-2073968	6	0	b8695757a5332551aee76da6e8f586d599425def7dca728ff3f210af66599134	linguistics/books/DSS-Leviticus-Linguistics.txt	3180159	2710	fdf974c31611408c4b0aa72f10eba07db3fde8bfe285a6211aa0f8d4b4447480	ALL_LETTER_SLOTS_RECONSTRUCTED	17	13	13	0	0	15	0	0	1	0	0	0	0
L1602889-R002	biblical_book	Lev	8	13		6Q2	1606822	f1	2	1602889				books/DSS-Leviticus.txt	2175239	1981	2073969-2073972	4	1	097de7d4d924452c5afcdd758db41c168e6a79a00c158fdb45c340ddbeda5171	linguistics/books/DSS-Leviticus-Linguistics.txt	3182869	1974	b364247b98fff9a5df09fff570401b81407337e00092a17f36b1562b4ccc49de	PARTLY_RECONSTRUCTED	10	10	2	0	8	2	0	0	0	0	0	0	0
L1602890-R001	biblical_book	Lev	8	13		6Q2	1606822	f1	3	1602890				books/DSS-Leviticus.txt	2177220	2863	2073973-2073979	7	1	1badbc4dfad143ee670465551dd87433582782393da73b10dfc7b620e05d2b42	linguistics/books/DSS-Leviticus-Linguistics.txt	3184843	3307	b4ecba4e303bac35fc482519a13d4871aea503371a31573afa660198b481e770	PARTLY_RECONSTRUCTED	24	23	14	2	7	15	2	0	0	0	0	0	0
L1602891-R001	biblical_book	Lev	8	13		6Q2	1606822	f1	4	1602891				books/DSS-Leviticus.txt	2180083	2933	2073980-2073986	7	1	c421587aef73afad2ab803fee1121495b28c4f5e34cd0f0d20d095399736c080	linguistics/books/DSS-Leviticus-Linguistics.txt	3188150	3287	eae697ac4143ad06e4889530b3a6ca53188db471810ccf5bac90c362f53a779a	PARTLY_RECONSTRUCTED	27	23	15	0	8	16	0	0	1	0	0	0	0
L1603359-R001	biblical_book	Lev	4	24		11Q1	1606832	fA	1	1603359				books/DSS-Leviticus.txt	2183066	3439	2078795-2078805	11	1	7b90db93d42b17f3adfd0b866f1aab572bbf2f82f615d6a61991611abdedeb9b	linguistics/books/DSS-Leviticus-Linguistics.txt	3191487	4731	d521f79c850d9bc303d70912acf3021e68c13f6d3a0dff0fb341f5d5bbb4aa0e	PARTLY_RECONSTRUCTED	28	24	23	1	0	27	1	1	1	0	0	0	0
L1603360-R001	biblical_book	Lev	4	24		11Q1	1606832	fA	2	1603360				books/DSS-Leviticus.txt	2186505	3173	2078806-2078818	13	0	687d5a23b97bdce4099bccc7b18b831fcbe02428a7463de1210f8d14ca36e88c	linguistics/books/DSS-Leviticus-Linguistics.txt	3196218	5618	c446a2695b44958f1e11f7cc26cb8334b1ae73e7bb82cbb1e9f4f0f46791ecfa	PARTLY_RECONSTRUCTED	35	33	27	1	5	29	1	0	1	0	0	0	0
L1603360-R002	biblical_book	Lev	4	25		11Q1	1606832	fA	2	1603360				books/DSS-Leviticus.txt	2189678	2252	2078819-2078824	6	1	0bc69dff99aefff0ef734c93b86981bd51e87edb63f1ce565fd22453fd355f9d	linguistics/books/DSS-Leviticus-Linguistics.txt	3201836	2714	84ae148307257c70e8bb9cf7f44dcd2858dca7b0f90e546430e336310de491a9	ALL_LETTER_SLOTS_RECONSTRUCTED	11	11	11	0	0	11	0	0	0	0	0	0	0
L1603361-R001	biblical_book	Lev	4	25		11Q1	1606832	fA	3	1603361				books/DSS-Leviticus.txt	2191930	4611	2078825-2078846	22	0	70d5d122806146695207a63502c3214b52e0e45da7ccf2887f6ce12b5bf6c22d	linguistics/books/DSS-Leviticus-Linguistics.txt	3204550	9235	cfb0c12958430340008a3232bb667e056a63038ce78a3ec40af0ef0ed33d41fb	PARTLY_RECONSTRUCTED	56	53	43	1	9	46	1	0	1	0	0	0	0
L1603361-R002	biblical_book	Lev	4	26		11Q1	1606832	fA	3	1603361				books/DSS-Leviticus.txt	2196541	1688	2078847-2078848	2	1	653c3f6c37370a9bc801d582d6060d165aa4fd8a2219ba4e6cc9e8524408b50a	linguistics/books/DSS-Leviticus-Linguistics.txt	3213785	1142	39b3f2cf1eb4135544aa31cc577d8f2004415d61a9549b202bb7028d45b1e3f2	ALL_LETTER_SLOTS_RECONSTRUCTED	3	3	3	0	0	3	0	0	0	0	0	0	0
L1603362-R001	biblical_book	Lev	4	26		11Q1	1606832	fA	4	1603362				books/DSS-Leviticus.txt	2198229	3971	2078849-2078862	14	1	cfa280e4934aa422574f7d9d9cd4c8b0303db9139ed12523451db2faacc488af	linguistics/books/DSS-Leviticus-Linguistics.txt	3214927	5940	6f74a382875f732b6118d9388a4fcb6324a6a06556f8c474b0991558008e8f86	PARTLY_RECONSTRUCTED	41	33	23	0	10	29	0	1	3	0	0	0	0
L1603363-R001	biblical_book	Lev	10	4		11Q1	1606832	fB	1	1603363				books/DSS-Leviticus.txt	2202200	4384	2078863-2078878	16	1	06a50a3c3e2314ee571ab4600faa1476340baf1a600e7fe27b5df740129c8860	linguistics/books/DSS-Leviticus-Linguistics.txt	3220867	6969	04ac3b848c3c36f6ad5f0f38e8314668efa69bb5384bcb00b1617818adf80520	PARTLY_RECONSTRUCTED	50	48	42	1	5	44	1	0	0	0	0	0	0
L1603364-R001	biblical_book	Lev	10	4		11Q1	1606832	fB	2	1603364				books/DSS-Leviticus.txt	2206584	2432	2078879-2078887	9	0	357aa477294bdeb1aeb4aa3bbf19ccc5f35b4c996bd88ba5fe06640ae0d24497	linguistics/books/DSS-Leviticus-Linguistics.txt	3227836	3939	3f597da134fc2cb5a16eb0604e55bcfb4f3659bf1cf8542f7bc7ae45440f3a7a	PARTLY_RECONSTRUCTED	20	18	12	0	6	12	0	0	1	0	0	0	0
L1603364-R002	biblical_book	Lev	10	5		11Q1	1606832	fB	2	1603364				books/DSS-Leviticus.txt	2209016	3341	2078888-2078898	11	1	3789dc823ba70b5316c9d521022d678e9771cf796c968c06050a257c6d7e21fc	linguistics/books/DSS-Leviticus-Linguistics.txt	3231775	4829	e4c59aa449428ccafe9af7505f064123e379339ed0a8c95d00646838b0dc92cc	PARTLY_RECONSTRUCTED	30	28	22	1	5	24	1	0	0	0	0	0	0
L1603365-R001	biblical_book	Lev	10	5		11Q1	1606832	fB	3	1603365				books/DSS-Leviticus.txt	2212357	1864	2078899-2078903	5	0	e42ad25cd11a0c1f5ed21592ec9714e72b2e9cec9e308692d7de07c5b710e739	linguistics/books/DSS-Leviticus-Linguistics.txt	3236604	2346	43e16fac73c02e06ee50749ab3b9fba13f0c7251ff773bddce2a48a574abd1a7	ALL_LETTER_SLOTS_RECONSTRUCTED	12	10	10	0	0	12	0	0	1	0	0	0	0
L1603365-R002	biblical_book	Lev	10	6		11Q1	1606832	fB	3	1603365				books/DSS-Leviticus.txt	2214221	3664	2078904-2078916	13	1	2779ffe3255fd7977149b565834703705dbcc9c8a8f85d515574350fd9e5c59c	linguistics/books/DSS-Leviticus-Linguistics.txt	3238950	5715	a130cd22adf7505e4c21b917e9d77fb1475b8df3044df475a426ff2062a931db	PARTLY_RECONSTRUCTED	40	38	24	0	14	26	0	0	0	0	0	0	0
L1603366-R001	biblical_book	Lev	10	6		11Q1	1606832	fB	4	1603366				books/DSS-Leviticus.txt	2217885	4260	2078917-2078933	17	1	df8dd737c5ad4d253bff0098ca1563dc6a97ef76cf7fc7214d22f8318d2a9037	linguistics/books/DSS-Leviticus-Linguistics.txt	3244665	7149	bcb464c9fefc40c803278fa89314a1f010fedfb4aa90ec5665f9cbae2c9080ab	PARTLY_RECONSTRUCTED	49	47	35	0	12	37	0	0	0	0	0	0	0
L1603367-R001	biblical_book	Lev	10	6		11Q1	1606832	fB	5	1603367				books/DSS-Leviticus.txt	2222145	2825	2078934-2078944	11	0	f203d0c397f3c31ff0c661449f8e6c01a173a8cb6c296945d06b5f600aebc8ad	linguistics/books/DSS-Leviticus-Linguistics.txt	3251814	4888	970e4458a3f22826e48e568100aedf52394b033d768077499875feeb5beb49f7	ALL_LETTER_SLOTS_RECONSTRUCTED	33	31	31	0	0	33	0	0	1	0	0	0	0
L1603367-R002	biblical_book	Lev	10	7		11Q1	1606832	fB	5	1603367				books/DSS-Leviticus.txt	2224970	2292	2078945-2078950	6	1	0a146b5a952a5b5cb70a5c57bebf0a159f953ea74f61ed2f124077a514c8de63	linguistics/books/DSS-Leviticus-Linguistics.txt	3256702	2757	c0adb932d6e7f5223a6861577a8bc57dce5e0d7fb7fb38b1092992870aa1e4d7	NO_LETTER_RECONSTRUCTION_MARKED	15	13	0	0	13	0	0	0	1	0	0	0	0
L1603368-R001	biblical_book	Lev	11	27		11Q1	1606832	fC	1	1603368				books/DSS-Leviticus.txt	2227262	3586	2078951-2078963	13	1	f2fb0ca0d16723631342cdf6da270155143ac1f7bebf528020cb1f1ddc9ab698	linguistics/books/DSS-Leviticus-Linguistics.txt	3259459	5552	2e06ce91dcc6e6b15aaa9b74aaeb38b8b08d86f9ed4cb4310e8b83e2a70243ef	PARTLY_RECONSTRUCTED	32	29	19	1	9	22	1	1	1	0	0	0	0
L1603369-R001	biblical_book	Lev	11	27		11Q1	1606832	fC	2	1603369				books/DSS-Leviticus.txt	2230848	3599	2078964-2078977	14	0	47361bd0b03efddd41773e2cf78de835dead19aede745916b3a92962dee77d19	linguistics/books/DSS-Leviticus-Linguistics.txt	3265011	6008	d74cb997e3b785495e441711b0d1b42e8fd47179c0e0f0f0f7b7911666d9cc1a	PARTLY_RECONSTRUCTED	40	36	23	1	12	26	1	0	1	0	0	0	0
L1603369-R002	biblical_book	Lev	11	28		11Q1	1606832	fC	2	1603369				books/DSS-Leviticus.txt	2234447	1825	2078978-2078980	3	1	ff37cd1ecfb6f727a648f0fef2b814480e1c5b40ded84042169ef9555df97809	linguistics/books/DSS-Leviticus-Linguistics.txt	3271019	1523	bdae076c6df1563e3f9b5a205401ac0e8d721a0dd4d134046e4895acf35ade8b	ALL_LETTER_SLOTS_RECONSTRUCTED	5	5	5	0	0	5	0	0	0	0	0	0	0
L1603370-R001	biblical_book	Lev	11	28		11Q1	1606832	fC	3	1603370				books/DSS-Leviticus.txt	2236272	3486	2078981-2078993	13	0	b9b1c55fd6b604c4f50b07ce1453c2c801970c3361361044f0b30894ec7be5ae	linguistics/books/DSS-Leviticus-Linguistics.txt	3272542	5636	0124a69524d71f00450f2860b4cd85af9835be873d0ce563d0dd35856cf07c7f	PARTLY_RECONSTRUCTED	42	37	27	0	10	32	0	0	1	0	0	0	0
L1603370-R002	biblical_book	Lev	11	29		11Q1	1606832	fC	3	1603370				books/DSS-Leviticus.txt	2239758	1976	2078994-2078996	3	1	8c5a9c1477404f6d6db4064836c220a125a47d31508a022c4e42907816f96fea	linguistics/books/DSS-Leviticus-Linguistics.txt	3278178	1532	fbe132b5eadff303ab2f8907ccc6357e7823d97c9f4991ef69cd31d2e5eed884	ALL_LETTER_SLOTS_RECONSTRUCTED	7	6	6	0	0	7	0	0	0	0	0	0	0
L1603371-R001	biblical_book	Lev	11	29		11Q1	1606832	fC	4	1603371				books/DSS-Leviticus.txt	2241734	4363	2078997-2079016	20	1	fbbe08ae546af0d39f00a2e532bec54618d51d4c812e75cc36dbe9e89571c476	linguistics/books/DSS-Leviticus-Linguistics.txt	3279710	8164	34a076f2b3b99c0faca289ff8e00ae2d9453633654e4c57cdd80c19c810c8373	PARTLY_RECONSTRUCTED	41	38	28	0	10	31	0	0	1	0	0	0	0
L1603372-R001	biblical_book	Lev	11	30		11Q1	1606832	fC	5	1603372				books/DSS-Leviticus.txt	2246097	3401	2079017-2079032	16	0	d444a46d6450a6bd6a78fca798dc6dd7b83e0a87f17260f9065050f7325f9a6d	linguistics/books/DSS-Leviticus-Linguistics.txt	3287874	6656	c8f0c2a14e8060ed4a30bfbb73add35aacf66829705b93a6b1528895fc581bd7	PARTLY_RECONSTRUCTED	30	28	16	1	11	18	1	0	1	0	0	0	0
L1603372-R002	biblical_book	Lev	11	31		11Q1	1606832	fC	5	1603372				books/DSS-Leviticus.txt	2249498	2165	2079033-2079036	4	1	ebb39b77b118beae1a86a73375b082fa4aca1e6ac7a7502286925099f9ea1279	linguistics/books/DSS-Leviticus-Linguistics.txt	3294530	1998	e2eedc1837e658cc9a93c074eec5b11b725e6283ddc921f85c4e679bb9fcd155	ALL_LETTER_SLOTS_RECONSTRUCTED	13	12	12	0	0	13	0	0	0	0	0	0	0
L1603373-R001	biblical_book	Lev	11	31		11Q1	1606832	fC	6	1603373				books/DSS-Leviticus.txt	2251663	3488	2079037-2079051	15	0	e825d6b079f773c8458e373bb7891e705ddad2f0eb5520a165da24f7ed54ea5e	linguistics/books/DSS-Leviticus-Linguistics.txt	3296528	6260	5d4ec701d252557e28f0ea9452c412bcc343d3d5ccd59bf704fb3063d00ea428	PARTLY_RECONSTRUCTED	35	31	18	0	13	21	0	0	1	0	0	0	0
L1603373-R002	biblical_book	Lev	11	32		11Q1	1606832	fC	6	1603373				books/DSS-Leviticus.txt	2255151	1845	2079052-2079054	3	1	5a8f357b955e8ee1ca0ba58d1d8a209628b37b4abd26f9f51198e16f2cc2397f	linguistics/books/DSS-Leviticus-Linguistics.txt	3302788	1569	2522465e0dd3bfd80daa858a255c8a26070432082881286e0fcc5587688c8128	ALL_LETTER_SLOTS_RECONSTRUCTED	6	6	6	0	0	6	0	0	0	0	0	0	0
L1603374-R001	biblical_book	Lev	11	32		11Q1	1606832	fC	7	1603374				books/DSS-Leviticus.txt	2256996	4263	2079055-2079070	16	1	1d3a88a76bb3db24670207fb78d96e783e18b0a28660be3f185d62f47c745394	linguistics/books/DSS-Leviticus-Linguistics.txt	3304357	6804	43b27d3a281fa1abb2116e017020a8c7fa820900547e3540885a18798dec1e67	PARTLY_RECONSTRUCTED	43	40	27	0	13	30	0	0	0	0	0	0	0
L1603375-R001	biblical_book	Lev	11	32		11Q1	1606832	fC	8	1603375				books/DSS-Leviticus.txt	2261259	4262	2079071-2079087	17	1	0101d103b9bd6af00abf3acf3ab84f3eb0aad820243fcee2c6e478a51d35cd8b	linguistics/books/DSS-Leviticus-Linguistics.txt	3311161	7214	2c9873c2a31bec41a016a5b5c76428b0812a853447f8de043995e5b5dc3cd22e	PARTLY_RECONSTRUCTED	45	42	33	2	7	35	2	0	1	0	0	0	0
L1603376-R001	biblical_book	Lev	13	3		11Q1	1606832	fD	1	1603376				books/DSS-Leviticus.txt	2265521	2802	2079088-2079097	10	0	24256cfccae60ea7360c684713fcfe037962ff0d352a3063321a9aa208aeef91	linguistics/books/DSS-Leviticus-Linguistics.txt	3318375	4333	f48deaef17256b786c96ae59864e34042aaf35277ca8d7b13d111b3c219e665c	PARTLY_RECONSTRUCTED	27	23	7	0	16	10	0	0	1	0	0	0	0
L1603376-R002	biblical_book	Lev	13	4		11Q1	1606832	fD	1	1603376				books/DSS-Leviticus.txt	2268323	3189	2079098-2079108	11	1	d1f42f260cf452cb9b3d34ea59080923b4be15414c396f5c24868b8ad9177a06	linguistics/books/DSS-Leviticus-Linguistics.txt	3322708	4852	faf8bad54c3ac839d543bf4731de63c48a0650df0ebb27a5758ef2a4d939bbd2	ALL_LETTER_SLOTS_RECONSTRUCTED	30	29	29	0	0	30	0	0	0	0	0	0	0
L1603377-R001	biblical_book	Lev	13	4		11Q1	1606832	fD	2	1603377				books/DSS-Leviticus.txt	2271512	4262	2079109-2079127	19	0	e0d610a685dd11b61dae9b678af608abbb7b696b3e1faeaab42560590faadc7f	linguistics/books/DSS-Leviticus-Linguistics.txt	3327560	7960	d3358d096c0b574e113d2ee86b66edbfa0001814c311885cd3b2cca27630c081	PARTLY_RECONSTRUCTED	52	48	34	1	13	37	1	0	1	0	0	0	0
L1603377-R002	biblical_book	Lev	13	5		11Q1	1606832	fD	2	1603377				books/DSS-Leviticus.txt	2275774	1847	2079128-2079129	2	1	74bf29b55b25e5cc67016e89cdd85f0967652048f1889ff6e6821bcc400ec3ce	linguistics/books/DSS-Leviticus-Linguistics.txt	3335520	1167	52f48ab6e2925317f9e5f903b6a92a62f8fc0fdcd9763ae8eda0e34fb905ed18	ALL_LETTER_SLOTS_RECONSTRUCTED	6	5	5	0	0	6	0	0	0	0	0	0	0
L1603378-R001	biblical_book	Lev	13	5		11Q1	1606832	fD	3	1603378				books/DSS-Leviticus.txt	2277621	5012	2079130-2079152	23	1	37f780cad8fdddce0717d7f18d9a973b693ff8a3f48a45dd98c85edc857f009b	linguistics/books/DSS-Leviticus-Linguistics.txt	3336687	9478	717345895d9dcdae6adaea302eb1a11f65b65b697049f944cb358060cb4def9a	PARTLY_RECONSTRUCTED	56	54	42	0	12	44	0	0	0	0	0	0	0
L1603379-R001	biblical_book	Lev	13	5		11Q1	1606832	fD	4	1603379				books/DSS-Leviticus.txt	2282633	1907	2079153-2079157	5	0	a5d90eadc3a9bc8403790a7da7f46dd25c63f5f729f6cdfd54fea1c7a8000feb	linguistics/books/DSS-Leviticus-Linguistics.txt	3346165	2412	1eabbb88aaa759277e4d37cf0466daeb776e7cd1187c5ef05e1876d46e5a4be3	PARTLY_RECONSTRUCTED	15	13	3	0	10	5	0	0	1	0	0	0	0
L1603379-R002	biblical_book	Lev	13	6		11Q1	1606832	fD	4	1603379				books/DSS-Leviticus.txt	2284540	3981	2079158-2079174	17	1	98625dfe805cf2d02ec63d934d1a73066fd45952bf75e12f16cfd32bd1130a05	linguistics/books/DSS-Leviticus-Linguistics.txt	3348577	7104	0b12bd0d9b51e8d44335f52c7927afe39e276e6de62d5cc347b59e8254cf6abe	ALL_LETTER_SLOTS_RECONSTRUCTED	39	38	38	0	0	39	0	0	0	0	0	0	0
L1603380-R001	biblical_book	Lev	13	6		11Q1	1606832	fD	5	1603380				books/DSS-Leviticus.txt	2288521	3963	2079175-2079192	18	0	972d941d35b868a1955ebbb2b40ce9690be7ee08169864872bcdbeeb97159053	linguistics/books/DSS-Leviticus-Linguistics.txt	3355681	7542	30c01a59b38f737ba918852d5d1392adfa2ef6a6f7f5f84ba40e2c4ab08c71f8	PARTLY_RECONSTRUCTED	46	42	30	0	12	34	0	0	1	0	0	0	0
L1603380-R002	biblical_book	Lev	13	7		11Q1	1606832	fD	5	1603380				books/DSS-Leviticus.txt	2292484	1998	2079193-2079196	4	1	9c3560e9ed090ecd365ee9474a4e0e64312db8f8cea292ff7765efd9724f9b95	linguistics/books/DSS-Leviticus-Linguistics.txt	3363223	1907	a202d32a880e4756bc57f7bed887907f5f9124f4e9772adc8f6ae4547217c5ce	ALL_LETTER_SLOTS_RECONSTRUCTED	9	9	9	0	0	9	0	0	0	0	0	0	0
L1603381-R001	biblical_book	Lev	13	7		11Q1	1606832	fD	6	1603381				books/DSS-Leviticus.txt	2294482	4145	2079197-2079215	19	0	4f1a8ffbdfc41a8cd58d6a6e45b399b182ea567e865b7f4a422bbe4e73d00f1f	linguistics/books/DSS-Leviticus-Linguistics.txt	3365130	7988	8c305c0685e599c00ca97492c83fd43e42714b14f04080fbabaf6478072428be	PARTLY_RECONSTRUCTED	51	47	36	0	11	40	0	0	1	0	0	0	0
L1603381-R002	biblical_book	Lev	13	8		11Q1	1606832	fD	6	1603381				books/DSS-Leviticus.txt	2298627	1688	2079216-2079217	2	1	80d5bdfa21733c03b88ac20e5b8d579a47c30e98321e4142873b88af113c7930	linguistics/books/DSS-Leviticus-Linguistics.txt	3373118	1106	3119f18ad0ecc5b7a9ac135c9391f597dce78cc2cf2c862052af9b4920ddf8ba	ALL_LETTER_SLOTS_RECONSTRUCTED	3	3	3	0	0	3	0	0	0	0	0	0	0
L1603382-R001	biblical_book	Lev	13	8		11Q1	1606832	fD	7	1603382				books/DSS-Leviticus.txt	2300315	4059	2079218-2079234	17	1	e77723e591134f53af8e58d8069161c2654003b722b19b34df2d1425ef1c4cfb	linguistics/books/DSS-Leviticus-Linguistics.txt	3374224	7165	f4d324fbf8ed8f159b5ea8b7771be405087b3e915a1b801f95a2730bc02a9edc	PARTLY_RECONSTRUCTED	42	39	31	0	8	34	0	0	1	0	0	0	0
L1603383-R001	biblical_book	Lev	13	9		11Q1	1606832	fD	8	1603383				books/DSS-Leviticus.txt	2304374	3272	2079235-2079246	12	1	9bd758e2ec4583e6acc3c699e7ce57fdf372439d5ee5c47be611726cfb55726a	linguistics/books/DSS-Leviticus-Linguistics.txt	3381389	5166	3b7d8f849fa7d6c036f107e8b61501072230bdd7df5129c369cb5b2011e22fc8	PARTLY_RECONSTRUCTED	30	28	21	1	6	23	1	0	1	0	0	0	0
L1603384-R001	biblical_book	Lev	13	39		11Q1	1606832	fE	1	1603384				books/DSS-Leviticus.txt	2307646	3544	2079247-2079260	14	0	e033cdaca3f119bc5ed466a065745871d7375c73cb14cad9a65c5c1ec7a5e9ea	linguistics/books/DSS-Leviticus-Linguistics.txt	3386555	6164	68a64a4b1b672ba6561ee3c92e9cd16a2b106805accd366e3620a9526db7113d	PARTLY_RECONSTRUCTED	44	41	38	1	2	41	1	0	1	0	0	0	0
L1603384-R002	biblical_book	Lev	13	40		11Q1	1606832	fE	1	1603384				books/DSS-Leviticus.txt	2311190	1700	2079261-2079262	2	1	577d8977f8708bbd68fe5416c6d1e01d56c6b8e1749332cc50fd33d14f710529	linguistics/books/DSS-Leviticus-Linguistics.txt	3392719	1161	615aa43ef49648686eab9e72c2dcfba89a0a4bbb49f52009a26c94bdc7b841e3	ALL_LETTER_SLOTS_RECONSTRUCTED	4	4	4	0	0	4	0	0	0	0	0	0	0
L1603385-R001	biblical_book	Lev	13	40		11Q1	1606832	fE	2	1603385				books/DSS-Leviticus.txt	2312890	2548	2079263-2079270	8	0	7a8b235bed52b6425a870da22c1e6c1762a9c813152f48f9a1862ec3bf222977	linguistics/books/DSS-Leviticus-Linguistics.txt	3393880	3657	94c9db7cfa59a3f2589f8f0a2eddf97d2347e511ebc03e9dbc32600da79a0613	PARTLY_RECONSTRUCTED	26	23	17	0	6	20	0	0	1	0	0	0	0
L1603385-R002	biblical_book	Lev	13	41		11Q1	1606832	fE	2	1603385				books/DSS-Leviticus.txt	2315438	2886	2079271-2079278	8	1	e42221349be93f5d46abaed8475770d487e3d1391d9ee7c2b5d9d85a923f275c	linguistics/books/DSS-Leviticus-Linguistics.txt	3397537	3686	bad1838d17c6864b38fa6c94d08253b0ce914fd48a91b8c92326249c722cc2c6	ALL_LETTER_SLOTS_RECONSTRUCTED	24	22	22	0	0	24	0	0	0	0	0	0	0
L1603386-R001	biblical_book	Lev	13	41		11Q1	1606832	fE	3	1603386				books/DSS-Leviticus.txt	2318324	1751	2079279-2079282	4	0	ce1796eea4b004d13b4613dd8a6290b221013b2e3ee33fe43432b2e9320cbb03	linguistics/books/DSS-Leviticus-Linguistics.txt	3401223	1977	a7dc06be0aa29407f3f0a4b43ed01f38907a6d914bb6ce6135d5a54933d2b277	ALL_LETTER_SLOTS_RECONSTRUCTED	12	10	10	0	0	12	0	0	1	0	0	0	0
L1603386-R002	biblical_book	Lev	13	42		11Q1	1606832	fE	3	1603386				books/DSS-Leviticus.txt	2320075	3408	2079283-2079294	12	1	81afba15a6e4bca96142ad6f8df91452fe615c74502de68aa97f749127fad343	linguistics/books/DSS-Leviticus-Linguistics.txt	3403200	5444	f71a876c0a980d521ed302bbaf232a23a5467a8daff1aa723f8fb5c0f2065436	PARTLY_RECONSTRUCTED	36	35	28	0	6	28	0	0	0	0	1	0	0
L1603387-R001	biblical_book	Lev	13	42		11Q1	1606832	fE	4	1603387				books/DSS-Leviticus.txt	2323483	2603	2079295-2079302	8	0	6332fc59fac198401c3c2b94e4a13dbad93b397a99d0bc8bf1c3f1b7d7e3affe	linguistics/books/DSS-Leviticus-Linguistics.txt	3408644	3647	8750c183db9da0680a6d46a06d1b0f39834ad5e480cb80678a1dce7fa89bfa60	ALL_LETTER_SLOTS_RECONSTRUCTED	25	21	21	0	0	25	0	0	1	0	0	0	0
L1603387-R002	biblical_book	Lev	13	43		11Q1	1606832	fE	4	1603387				books/DSS-Leviticus.txt	2326086	3299	2079303-2079314	12	1	41f4058bc0afd79e534c19464d7b4bef104b32002596c3e13b511f1fe90ad2f9	linguistics/books/DSS-Leviticus-Linguistics.txt	3412291	5150	d94ddf69f799998ea188391e35b0ae8c78c6247fbdae294af32418873920a7ce	PARTLY_RECONSTRUCTED	29	26	22	0	4	23	0	0	1	0	0	0	0
L1603388-R001	biblical_book	Lev	14	16		11Q1	1606832	fF	1	1603388				books/DSS-Leviticus.txt	2329385	3792	2079315-2079328	14	1	4f1aa24de3707fa5b70a1acdda994b2136feaf19752b2f5196595bc4c79e6549	linguistics/books/DSS-Leviticus-Linguistics.txt	3417441	5992	94c93ed4798ad42873356c53645a7320efa6924e30a779f224183f792f2160e8	PARTLY_RECONSTRUCTED	35	32	26	0	6	29	0	1	1	0	0	0	0
L1603389-R001	biblical_book	Lev	14	16		11Q1	1606832	fF	2	1603389				books/DSS-Leviticus.txt	2333177	3409	2079329-2079342	14	0	0c4b0ad43bd142722c4e883ce269450693beffa5a1352862fbcd6cfb54625bd8	linguistics/books/DSS-Leviticus-Linguistics.txt	3423433	6030	eb17e6c02ebfa17542e7052b5e37648ae98d93da2fd69470c3d7736c255f577a	PARTLY_RECONSTRUCTED	39	36	18	0	18	21	0	0	1	0	0	0	0
L1603389-R002	biblical_book	Lev	14	17		11Q1	1606832	fF	2	1603389				books/DSS-Leviticus.txt	2336586	1499	2079343-2079345	3	0	53c2650e7db06271eeba7285868ab2ff19a49dd6b6d1668eed0bf8fb29c8e61e	linguistics/books/DSS-Leviticus-Linguistics.txt	3429463	1557	1f8db4aa1d87c0db62c8964a2e7e39f0d3a56036ea707fddfc5d907f0b24e94c	ALL_LETTER_SLOTS_RECONSTRUCTED	5	5	5	0	0	5	0	0	0	0	0	0	0
L1603390-R001	biblical_book	Lev	14	17		11Q1	1606832	fF	3	1603390				books/DSS-Leviticus.txt	2338085	4814	2079346-2079365	20	1	cca68e85063c1ee2ab2c963ec78984e9a8b686a37c8c89d8c7f23a5a93b9cb65	linguistics/books/DSS-Leviticus-Linguistics.txt	3431020	8485	d3c0066f67ae4e1c42180cd5cf59f780eb99c86e3611e82778cce3ac15b3886f	PARTLY_RECONSTRUCTED	53	50	22	1	27	25	1	0	1	0	0	0	0
L1603391-R001	biblical_book	Lev	14	17		11Q1	1606832	fF	4	1603391				books/DSS-Leviticus.txt	2342899	3239	2079366-2079378	13	0	ca8e1c4c593b93b96c522d4a2670e96e4267f189868e4de8282a91a3ae45bf55	linguistics/books/DSS-Leviticus-Linguistics.txt	3439505	5588	a200a4e8b12fe9393344767c2aec325759df6aed39884fce1358015d275dedb5	PARTLY_RECONSTRUCTED	34	30	21	0	9	23	0	0	2	0	0	0	0
L1603391-R002	biblical_book	Lev	14	18		11Q1	1606832	fF	4	1603391				books/DSS-Leviticus.txt	2346138	3147	2079379-2079386	8	2	859cd364f73aea712f9e24da743bdbd63adf0f8db0d8343645f5ac7bfdc3481d	linguistics/books/DSS-Leviticus-Linguistics.txt	3445093	3576	08e8390c6e7b0c99437bc98cab055961db14599b0ad36a7161c0e091b5a5b72e	PARTLY_RECONSTRUCTED	19	18	1	3	14	1	3	0	0	0	0	0	0
L1603392-R001	biblical_book	Lev	14	18		11Q1	1606832	fF	5	1603392				books/DSS-Leviticus.txt	2349285	3632	2079387-2079402	16	0	be05bc2a10f82c72d35ca2fed0f1507ace28704c8168f46f09fa19aa53ccb23d	linguistics/books/DSS-Leviticus-Linguistics.txt	3448669	6707	a35412989c3862fd85cba9607f67c49eda65c7b0818463d476b24f8666c2a825	PARTLY_RECONSTRUCTED	40	37	32	0	5	35	0	0	1	0	0	0	0
L1603392-R002	biblical_book	Lev	14	19		11Q1	1606832	fF	5	1603392				books/DSS-Leviticus.txt	2352917	2493	2079403-2079409	7	1	7189a7a6e478a281a8c68c5981ebd5fa3e52f52c5e71b75fdf2cb7b879df79aa	linguistics/books/DSS-Leviticus-Linguistics.txt	3455376	3176	e3289c0626c9bf00ba377cbc9e8ecdc7187d7fe005a23dcbffaa268be9d27d74	PARTLY_RECONSTRUCTED	15	15	5	0	10	5	0	0	0	0	0	0	0
L1603393-R001	biblical_book	Lev	14	19		11Q1	1606832	fF	6	1603393				books/DSS-Leviticus.txt	2355410	3365	2079410-2079423	14	0	6d02e199b68c2f61f9a298ab1dc2f18df7dc381bb4016370812bbb80ac4aee7b	linguistics/books/DSS-Leviticus-Linguistics.txt	3458552	5901	321ac57c5532f61e4bac3b57ed61f82467cac9ae303bdc6811a6684dabda705e	PARTLY_RECONSTRUCTED	34	31	25	0	6	28	0	0	1	0	0	0	0
L1603393-R002	biblical_book	Lev	14	20		11Q1	1606832	fF	6	1603393				books/DSS-Leviticus.txt	2358775	2419	2079424-2079430	7	1	6ae8ec5f5a7f52638bd32ce4dc7124d01b9b5b0cf742efe559a38d107910bd93	linguistics/books/DSS-Leviticus-Linguistics.txt	3464453	3128	e927a2a6ef521f706fe865c72866487ea1ce932108ee3618f7748f603a8a4fde	ALL_LETTER_SLOTS_RECONSTRUCTED	15	15	15	0	0	15	0	0	0	0	0	0	0
L1603394-R001	biblical_book	Lev	14	20		11Q1	1606832	fF	7	1603394				books/DSS-Leviticus.txt	2361194	3342	2079431-2079444	14	0	4799aac83ccb906577a78da6555daeec18150c080434a52d1afcfb3e3e35d023	linguistics/books/DSS-Leviticus-Linguistics.txt	3467581	5905	9dbd06e1c8b0809008e48b802d383a349f8a9f017940651d7074cc781717ec73	PARTLY_RECONSTRUCTED	32	29	24	0	5	27	0	0	1	0	0	0	0
L1603394-R002	biblical_book	Lev	14	21		11Q1	1606832	fF	7	1603394				books/DSS-Leviticus.txt	2364536	3006	2079445-2079454	10	1	62ce2bfab18a2b82d38e0a064e76c63797b75831b472648827b5b72a180cd944	linguistics/books/DSS-Leviticus-Linguistics.txt	3473486	4340	53b934190023fc5340ad106f47bce6890ead9037a8c25acbc37f3738c36d795f	ALL_LETTER_SLOTS_RECONSTRUCTED	24	23	23	0	0	24	0	0	0	0	0	0	0
L1603395-R001	biblical_book	Lev	14	21		11Q1	1606832	fF	8	1603395				books/DSS-Leviticus.txt	2367542	4294	2079455-2079472	18	1	cd1373d97c73d3c584196f422d4fbedfee9d9c288ed2cadbb9f6ffa4bd3455b7	linguistics/books/DSS-Leviticus-Linguistics.txt	3477826	7756	855bec33955198736ed811a73cb512c9e0d872131f23746e49d69e058579044e	PARTLY_RECONSTRUCTED	51	48	37	0	11	38	0	0	1	0	0	0	0
L1603396-R001	biblical_book	Lev	14	52		11Q1	1606832	fGi	1	1603396				books/DSS-Leviticus.txt	2371836	4314	2079473-2079492	20	1	1f88f640f4ffe2251896f09d827407e9b2b8fa85f846992801959520c6bdcb0e	linguistics/books/DSS-Leviticus-Linguistics.txt	3485582	8241	5eb27af530137fb4c4b12ce4e9aa61de02e52b8fedd2bb44a90ddd56356c0751	PARTLY_RECONSTRUCTED	39	37	36	1	0	38	1	1	1	0	0	0	0
L1603397-R001	biblical_book	Lev	14	52		11Q1	1606832	fGi	2	1603397				books/DSS-Leviticus.txt	2376150	3064	2079493-2079506	14	0	5b8e74aae6bbba1f577a69d6facf56b05eee69506519983f60a38659368a108f	linguistics/books/DSS-Leviticus-Linguistics.txt	3493823	5840	825dfe74fe0f15f2b31e42778ee0e63a40e013863c5641231dc7cfddc595d14a	ALL_LETTER_SLOTS_RECONSTRUCTED	26	24	24	0	0	26	0	0	1	0	0	0	0
L1603397-R002	biblical_book	Lev	14	53		11Q1	1606832	fGi	2	1603397				books/DSS-Leviticus.txt	2379214	3080	2079507-2079518	12	1	3faa4465bd090322d29a556555c3f7aef3ed69de54f4977cba146d55a3332fdd	linguistics/books/DSS-Leviticus-Linguistics.txt	3499663	5089	0b510ef1519d6ff2db7cea8e23f4aace659c729d0bc2611277720fb628400a09	PARTLY_RECONSTRUCTED	24	24	16	0	8	16	0	0	0	0	0	0	0
L1603398-R001	biblical_book	Lev	14	53		11Q1	1606832	fGi	3	1603398				books/DSS-Leviticus.txt	2382294	2844	2079519-2079530	12	0	bb7beae2a9fbd7b9918c3373664ccabc482a97a2ee43f19bde537723bf3d9f30	linguistics/books/DSS-Leviticus-Linguistics.txt	3504752	5070	3e007058165c64a9fad29a8f16b7a0026d56d8df42621c41fb2d94442f65def0	ALL_LETTER_SLOTS_RECONSTRUCTED	25	23	23	0	0	25	0	0	1	0	0	0	0
L1603398-R002	biblical_book	Lev	14	54		11Q1	1606832	fGi	3	1603398				books/DSS-Leviticus.txt	2385138	2807	2079531-2079542	12	0	560d7f95d4300bbd2e071ee3b23fe790b9b7ea9c1071694a6436c2202482697b	linguistics/books/DSS-Leviticus-Linguistics.txt	3509822	5104	784c8575e918fcbd85dcfda8a292da1b10430b7679641143c9f68fcaa633a34a	PARTLY_RECONSTRUCTED	26	24	15	1	8	15	1	0	1	0	0	0	0
L1603398-R003	biblical_book	Lev	14	55		11Q1	1606832	fGi	3	1603398				books/DSS-Leviticus.txt	2387945	1531	2079543	1	1	a1a9f7b2d987ff7deefb0fdba6a27a9c91b998d61eb1ed3a2b7756215c8fc3a6	linguistics/books/DSS-Leviticus-Linguistics.txt	3514926	750	44a12b34e4d477cc597f67f4a1ad0473eedf1102f9e41e6dc3ed39cf01f20e99	NO_LETTER_RECONSTRUCTION_MARKED	1	1	0	0	1	0	0	0	0	0	0	0	0
L1603399-R001	biblical_book	Lev	14	55		11Q1	1606832	fGi	4	1603399				books/DSS-Leviticus.txt	2389476	2253	2079544-2079551	8	0	c168721df94a3aeb3836e43737b4ca3ac6db0d5b0c34349a4cad8153bba62ce1	linguistics/books/DSS-Leviticus-Linguistics.txt	3515676	3521	7092e8c91f4727ac8b7efb15b81e6ecabc0c42b0f170003b03a45fdcedbd04b6	ALL_LETTER_SLOTS_RECONSTRUCTED	16	14	14	0	0	16	0	0	1	0	0	0	0
L1603399-R002	biblical_book	Lev	14	56		11Q1	1606832	fGi	4	1603399				books/DSS-Leviticus.txt	2391729	2509	2079552-2079561	10	0	8d7dbe0181f6a72728d87457864368ee4185a42db2a75b0412962f2cd338e918	linguistics/books/DSS-Leviticus-Linguistics.txt	3519197	4290	368c1132783a01f753e16ced4c40fa3dd251d0684792394037be76940b878c49	ALL_LETTER_SLOTS_RECONSTRUCTED	19	17	17	0	0	19	0	0	1	0	0	0	0
L1603399-R003	biblical_book	Lev	14	57		11Q1	1606832	fGi	4	1603399				books/DSS-Leviticus.txt	2394238	3011	2079562-2079572	11	1	8f29c0053f7a0d67d1c8ee51b1eb829e876e574d7796efc797611c2e27f82345	linguistics/books/DSS-Leviticus-Linguistics.txt	3523487	4689	6a46bdbde8dc4454afab2040199f95fdf110d5b479d932f2c4729da9edb958a2	PARTLY_RECONSTRUCTED	21	21	11	1	9	11	1	0	0	0	0	0	0
L1603400-R001	biblical_book	Lev	14	57		11Q1	1606832	fGi	5	1603400				books/DSS-Leviticus.txt	2397249	2659	2079573-2079578	6	2	8ed9702fce44c467cb1359f509acd7ca417ad248aaf6bcf241e8cd02fd0bdae5	linguistics/books/DSS-Leviticus-Linguistics.txt	3528176	2738	05dce7387d4502c9c3bda80c38dc38eef227c049b5418671f34cc9cfe2bc25e0	ALL_LETTER_SLOTS_RECONSTRUCTED	15	13	13	0	0	15	0	0	1	0	0	0	0
L1603401-R001	biblical_book	Lev	15	1		11Q1	1606832	fGi	6	1603401				books/DSS-Leviticus.txt	2399908	2747	2079579-2079589	11	0	43b84d3aef97504705b33274ca75f83467f2179bb2e3a5fda0927c70ee3f0596	linguistics/books/DSS-Leviticus-Linguistics.txt	3530914	4706	54d3453a6679d8f8a266f940e82e730f2862883435a74a22e07c8a8109fbc03f	ALL_LETTER_SLOTS_RECONSTRUCTED	27	25	25	0	0	27	0	0	1	0	0	0	0
L1603401-R002	biblical_book	Lev	15	2		11Q1	1606832	fGi	6	1603401				books/DSS-Leviticus.txt	2402655	2862	2079590-2079596	7	1	dcd04ff703182a25c72b23f9ae95f704959a1d28f1a51a66019cf83c55f70c62	linguistics/books/DSS-Leviticus-Linguistics.txt	3535620	3286	8094febc4d28818784fccbe4778bd7a2e6295b8bf6add3b6d631e5f6ecf9268c	PARTLY_RECONSTRUCTED	25	24	12	2	10	12	2	0	0	0	0	0	0
L1603402-R001	biblical_book	Lev	15	2		11Q1	1606832	fGi	7	1603402				books/DSS-Leviticus.txt	2405517	3069	2079597-2079607	11	0	6b47e60787e8e11f38e298d0acc9720e6c6ddb5ab695a027605f65d47b06402f	linguistics/books/DSS-Leviticus-Linguistics.txt	3538906	4798	0e644f666cfe27fcdb3e9148e0a3e3e89b42a593bbb172d67c9e5d4de8f550aa	ALL_LETTER_SLOTS_RECONSTRUCTED	33	29	29	0	0	33	0	0	1	0	0	0	0
L1603402-R002	biblical_book	Lev	15	3		11Q1	1606832	fGi	7	1603402				books/DSS-Leviticus.txt	2408586	2510	2079608-2079613	6	1	151c483865ca52dfca6762fefc40c82b7773234be725fd9b89b794c498e126f9	linguistics/books/DSS-Leviticus-Linguistics.txt	3543704	2792	c4ad388c3ddb36e40bac32773dff27f03cff656f8a1eabda7ffa81b175f7a0ea	PARTLY_RECONSTRUCTED	17	16	6	1	9	6	1	0	0	0	0	0	0
L1603403-R001	biblical_book	Lev	15	3		11Q1	1606832	fGi	8	1603403				books/DSS-Leviticus.txt	2411096	4647	2079614-2079629	16	1	15099a2bafbec7e68ec0238521ba04652972fa9735db661d93b36563b1bccd43	linguistics/books/DSS-Leviticus-Linguistics.txt	3546496	6876	7230227821a3fa2645803659f5838e7ccb8ffbd65567a7af823ce8d9d7f2d05c	PARTLY_RECONSTRUCTED	52	45	37	0	8	43	0	0	0	0	0	0	0
L1603404-R001	biblical_book	Lev	15	3		11Q1	1606832	fGi	9	1603404				books/DSS-Leviticus.txt	2415743	1397	2079630-2079631	2	0	47d6c5673ef4a06c8676b7a9ee4dae51d68e82c68739c624cac213d196449ea7	linguistics/books/DSS-Leviticus-Linguistics.txt	3553372	1071	9595dabc38361ba043fdc80d1c77e712df87dfb8711e5eb3940da78d708f94bd	ALL_LETTER_SLOTS_RECONSTRUCTED	3	1	1	0	0	3	0	0	1	0	0	0	0
L1603404-R002	biblical_book	Lev	15	4		11Q1	1606832	fGi	9	1603404				books/DSS-Leviticus.txt	2417140	2109	2079632-2079637	6	0	8e82e36d39d2f9f106e80a3411bf3cc00d9487a83749ce60cb3d8251d47391a1	linguistics/books/DSS-Leviticus-Linguistics.txt	3554443	2840	b622b30b13bca9297329cd96d10c08201220cebaf14eaa5805d0c96885a9e437	PARTLY_RECONSTRUCTED	19	18	10	0	8	10	0	0	0	0	0	0	0
L1603405-R001	biblical_book	Lev	15	4		11Q1	1606832	fGi	10	1603405				books/DSS-Leviticus.txt	2419249	3035	2079638-2079649	12	0	77bd5501e83a48182b6110f9e42559065e8a086757bff7ceda3f4e1a6a193f5e	linguistics/books/DSS-Leviticus-Linguistics.txt	3557283	5089	9ad969f3abdb9b4890e2496844845f444fb8854b8fb4a350d18c8e3c5ec0e96f	ALL_LETTER_SLOTS_RECONSTRUCTED	31	28	28	0	0	31	0	0	1	0	0	0	0
L1603405-R002	biblical_book	Lev	15	5		11Q1	1606832	fGi	10	1603405				books/DSS-Leviticus.txt	2422284	2771	2079650-2079657	8	1	7866cc4cd41cc3488fde1539f6f94a7e26b4de5acabff35ee322ca51f98d4c4b	linguistics/books/DSS-Leviticus-Linguistics.txt	3562372	3582	52f1583a223fecd4f039cb56ebfb5486e43cbef7f5a2939ee9845beda7f245bc	PARTLY_RECONSTRUCTED	23	20	9	0	11	9	0	0	1	0	0	0	0
L1603406-R001	biblical_book	Lev	16	1		11Q1	1606832	fGii+M	1	1603406				books/DSS-Leviticus.txt	2425055	3672	2079658-2079670	13	1	ab8591a37db61ffb2a2a193008b42c56fe8153c988c448836e1039428dcaa6d1	linguistics/books/DSS-Leviticus-Linguistics.txt	3565954	5722	f58f1dad5c6e70dcc4f5d8281bcfe4b578dd39f797c331faa286eafd19080c05	PARTLY_RECONSTRUCTED	40	37	22	0	15	25	0	1	1	0	0	0	0
L1603407-R001	biblical_book	Lev	16	1		11Q1	1606832	fGii+M	2	1603407				books/DSS-Leviticus.txt	2428727	2017	2079671-2079676	6	0	e2509b78cbcd7ce40611b4202a1f38d2b6ea2aa99e6e55ef1538ec71e7e2b5ed	linguistics/books/DSS-Leviticus-Linguistics.txt	3571676	2722	a0e7904137e91f509a5d6d43187c21f0efc840956e44b86457be687c2a1bf80c	ALL_LETTER_SLOTS_RECONSTRUCTED	15	13	13	0	0	15	0	0	1	0	0	0	0
L1603407-R002	biblical_book	Lev	16	2		11Q1	1606832	fGii+M	2	1603407				books/DSS-Leviticus.txt	2430744	3369	2079677-2079688	12	1	3c5b3d7f93d2f112374869eae30ffa6391f07230ce056043a648727045d54100	linguistics/books/DSS-Leviticus-Linguistics.txt	3574398	5202	1a016892588b4b51b056d37d56cd01c8d649e5ecabc9252f3ff6bf1f5321d8e0	PARTLY_RECONSTRUCTED	34	33	18	0	15	18	0	0	0	0	0	0	0
L1603408-R001	biblical_book	Lev	16	2		11Q1	1606832	fGii+M	3	1603408				books/DSS-Leviticus.txt	2434113	4457	2079689-2079709	21	1	37fe99fed68530fe499e5d7c5a44251bf6340f44378d57100de0e71c2a6ae47c	linguistics/books/DSS-Leviticus-Linguistics.txt	3579600	8790	1bfde0f4716ec38a77743d710a3c3d436b9b9de72aedc2e1912f284e04f15202	PARTLY_RECONSTRUCTED	46	46	30	0	16	30	0	0	0	0	0	0	0
L1603409-R001	biblical_book	Lev	16	2		11Q1	1606832	fGii+M	4	1603409				books/DSS-Leviticus.txt	2438570	2290	2079710-2079717	8	0	1c2a0dabcf7cc97cbdfce6468707725d799feaa3ea386a85fafaba5187097957	linguistics/books/DSS-Leviticus-Linguistics.txt	3588390	3575	51ae1fc8d10c12603e9de493d75e5de9b54a1cda579684ac6d6cf4a9d02aea49	PARTLY_RECONSTRUCTED	19	17	15	0	2	17	0	0	1	0	0	0	0
L1603409-R002	biblical_book	Lev	16	3		11Q1	1606832	fGii+M	4	1603409				books/DSS-Leviticus.txt	2440860	3040	2079718-2079728	11	1	f0120df320bb4bdcb5e2d103e945d04dd2dac3e335d3e85a1f719224ddb5baf9	linguistics/books/DSS-Leviticus-Linguistics.txt	3591965	4794	a95b6979553af9c49f3485959f3c15907c8477f3540bd784690ed59a15908150	PARTLY_RECONSTRUCTED	26	26	9	0	17	9	0	0	0	0	0	0	0
L1603410-R001	biblical_book	Lev	16	3		11Q1	1606832	fGii+M	5	1603410				books/DSS-Leviticus.txt	2443900	2115	2079729-2079735	7	0	c9c7620d424a6651f8ed5b2b7f796c7edfe253f005940179343d97761c254cbf	linguistics/books/DSS-Leviticus-Linguistics.txt	3596759	3120	48d1eb03e93c83f35a454d4099cfb46c7c9e01f2852bbb6292021942b7795918	PARTLY_RECONSTRUCTED	15	13	12	0	1	14	0	0	1	0	0	0	0
L1603410-R002	biblical_book	Lev	16	4		11Q1	1606832	fGii+M	5	1603410				books/DSS-Leviticus.txt	2446015	3412	2079736-2079747	12	1	5c4a8ffe36f4fec50a8c5483680b02a2c4e45b6ed09ef82ffa4fcb4cb853acbe	linguistics/books/DSS-Leviticus-Linguistics.txt	3599879	5348	1c86396d9955c7badcebfe64c4f49f5d24368d320bda5d7f914f1d452d3685a6	PARTLY_RECONSTRUCTED	34	33	14	0	19	15	0	0	0	0	0	0	0
L1603411-R001	biblical_book	Lev	16	4		11Q1	1606832	fGii+M	6	1603411				books/DSS-Leviticus.txt	2449427	4088	2079748-2079764	17	1	e6faad24f34f07c3a7ee691551d8ab3f07d78c4bab6a8dd9ea912b06f4d5c5d3	linguistics/books/DSS-Leviticus-Linguistics.txt	3605227	7324	9cea4bd0eb3e03dbb5d1280e9b78af1ee7595790727e91d8e3e53c36d93cc18a	PARTLY_RECONSTRUCTED	45	45	24	1	20	24	1	0	0	0	0	0	0
L1603412-R001	biblical_book	Lev	16	4		11Q1	1606832	fGii+M	7	1603412				books/DSS-Leviticus.txt	2453515	1925	2079765-2079768	4	0	5aebb5348a9836d1609fcc87d724ebd0797cede121d058beab221acf4f6aca06	linguistics/books/DSS-Leviticus-Linguistics.txt	3612551	1882	3ccdaca8ee541d12be98b03278f3dc47eb7b3a84cbdb6b4ca3a8fbaf02e802ac	PARTLY_RECONSTRUCTED	10	6	3	1	2	6	1	0	1	0	0	0	0
L1603412-R002	biblical_book	Lev	16	5		11Q1	1606832	fGii+M	7	1603412				books/DSS-Leviticus.txt	2455440	3549	2079769-2079782	14	1	db7137032ba6a4f2a43b596546080556a24e022126b458c4c7873957d5c0b12d	linguistics/books/DSS-Leviticus-Linguistics.txt	3614433	6158	f1e198b764dfa6fbc0bc64db81340c699e5c37090505488af7ffef1f7024962d	PARTLY_RECONSTRUCTED	38	38	21	0	17	21	0	0	0	0	0	0	0
L1603413-R001	biblical_book	Lev	16	5		11Q1	1606832	fGii+M	8	1603413				books/DSS-Leviticus.txt	2458989	1713	2079783-2079786	4	0	96e8aad4429b74e09c907a4bc8de3bcec5caa4434be73e8a94068d69a59ef733	linguistics/books/DSS-Leviticus-Linguistics.txt	3620591	1936	9a8d924a335472b6ce1f6b4329395de4b6b1b1d48d4f2625ed19f2c18d8434a6	ALL_LETTER_SLOTS_RECONSTRUCTED	9	7	7	0	0	9	0	0	1	0	0	0	0
L1603413-R002	biblical_book	Lev	16	6		11Q1	1606832	fGii+M	8	1603413				books/DSS-Leviticus.txt	2460702	4269	2079787-2079802	16	1	3307ff922d8ac0fd34f503f2e0d5cd227f55a9783c20cbb9bc3b7d53d689961e	linguistics/books/DSS-Leviticus-Linguistics.txt	3622527	6861	1d2467a6e504d2834aeddeed5bf1c2d5207a8d60d89e597c4be1f1bbb2efe38c	PARTLY_RECONSTRUCTED	46	40	21	0	19	24	0	0	2	0	0	0	0
L1603414-R001	biblical_book	Lev	16	34		11Q1	1606832	fH	0	1603414				books/DSS-Leviticus.txt	2464971	3189	2079803-2079813	11	1	add6d0711c36a71d60015a0ac2d3da9a79b722c9f38d8fd54870aaab46985261	linguistics/books/DSS-Leviticus-Linguistics.txt	3629388	4670	44a38154c97e29c32371aca07cf9646e659c78d140da271d20089a82f9ffa5c0	ALL_LETTER_SLOTS_RECONSTRUCTED	27	24	24	0	0	27	0	1	1	0	0	0	0
L1603415-R001	biblical_book	Lev	16	34		11Q1	1606832	fH	1	1603415				books/DSS-Leviticus.txt	2468160	4398	2079814-2079831	18	1	7d4fd56e3ede991dfe2e11b2386c210a513b5c79b77fec7d84ee1294825a146d	linguistics/books/DSS-Leviticus-Linguistics.txt	3634058	7696	12eb4ce745991736e300bb098a03827ca636966300e85490b9b35975e725a580	PARTLY_RECONSTRUCTED	47	44	29	2	13	32	2	0	1	0	0	0	0
L1603417-R001	biblical_book	Lev	17	1		11Q1	1606832	fH	3	1603417				books/DSS-Leviticus.txt	2472558	2313	2079832-2079839	8	0	349db5447e28e263046519f02cbf94c3f9d35335fc8e5b5afc546f1dfa4f4893	linguistics/books/DSS-Leviticus-Linguistics.txt	3641754	3504	c26d04684a562c3c82760985cc9a950149386d41ffecedea7e0b9ce25e50f14f	PARTLY_RECONSTRUCTED	20	18	6	0	12	8	0	0	1	0	0	0	0
L1603417-R002	biblical_book	Lev	17	2		11Q1	1606832	fH	3	1603417				books/DSS-Leviticus.txt	2474871	2927	2079840-2079849	10	1	a5d1129b305ab45aae44cbba55879187c4ce4313e161b602867e2aa85f1659ba	linguistics/books/DSS-Leviticus-Linguistics.txt	3645258	4406	70179f67d9f157f4510e0c169f98255522c564dd21a9e6eb442a33ed50ead65b	PARTLY_RECONSTRUCTED	26	26	3	2	21	3	2	0	0	0	0	0	0
L1603418-R001	biblical_book	Lev	17	2		11Q1	1606832	fH	4	1603418				books/DSS-Leviticus.txt	2477798	2892	2079850-2079860	11	0	b8ecf75641de29dd6425762e7130dcaaa990a612a0d089d087ec4604df135b86	linguistics/books/DSS-Leviticus-Linguistics.txt	3649664	4717	c6f7b57039074cc937eba12fd57ea1a1fafd2e500fb1969ae60b920821fad034	PARTLY_RECONSTRUCTED	28	25	8	0	17	8	0	0	1	0	0	0	0
L1603418-R002	biblical_book	Lev	17	3		11Q1	1606832	fH	4	1603418				books/DSS-Leviticus.txt	2480690	2267	2079861-2079866	6	1	7db3b2be45be1f7070061afe62bf3b4bb382d9b7dd132ff91647a4ba8d676d67	linguistics/books/DSS-Leviticus-Linguistics.txt	3654381	2850	d54ced625599177adb29baf366af9fbdb51527df3ceacef51e3c9a126f37f02b	NO_LETTER_RECONSTRUCTION_MARKED	16	16	0	0	16	0	0	0	0	0	0	0	0
L1603419-R001	biblical_book	Lev	17	3		11Q1	1606832	fH	5	1603419				books/DSS-Leviticus.txt	2482957	3885	2079867-2079882	16	1	ed4320b0776378540ae473c1da386e49c951ffeec87a72b88a2dca9e5841cc75	linguistics/books/DSS-Leviticus-Linguistics.txt	3657231	6802	23ce114100fe7c4103f7e8aef1eddcac107d5ee40c4a1285293ea8e3ed0fd937	PARTLY_RECONSTRUCTED	40	39	9	1	29	10	1	0	1	0	0	0	0
L1603420-R001	biblical_book	Lev	17	3		11Q1	1606832	fH	6	1603420				books/DSS-Leviticus.txt	2486842	1398	2079883-2079884	2	0	b732630dad4c5a3a5b15fee67436ac97f6128db91d38d593048a0b8e95bdc7be	linguistics/books/DSS-Leviticus-Linguistics.txt	3664033	1167	b4061ac378dce307394edf433a4f41fa552972e0e9348125bc4423273f49f6f2	NO_LETTER_RECONSTRUCTION_MARKED	5	3	0	0	3	0	0	0	1	0	0	0	0
L1603420-R002	biblical_book	Lev	17	4		11Q1	1606832	fH	6	1603420				books/DSS-Leviticus.txt	2488240	3886	2079885-2079899	15	1	4c07b445ce9aa2a28f0a7cc433768020dc1b31ea005d86440af141008bc8861a	linguistics/books/DSS-Leviticus-Linguistics.txt	3665200	6533	983fb349cb47845057d642edd319f641bdf2580688ea68e254aeeb32e80b2ed6	PARTLY_RECONSTRUCTED	44	43	9	0	34	10	0	0	0	0	0	0	0
L1603421-R001	biblical_book	Lev	17	4		11Q1	1606832	fH	7	1603421				books/DSS-Leviticus.txt	2492126	3965	2079900-2079916	17	1	fa1f28141564c4fe06282164c60dab5b4ba739c994ac72aa6375191b57c44ca0	linguistics/books/DSS-Leviticus-Linguistics.txt	3671733	7087	73d41efb02973673973c5fa082e40cf5b1ed15263050d122ff8556834eb2c750	PARTLY_RECONSTRUCTED	40	40	12	1	27	12	1	0	0	0	0	0	0
L1603422-R001	biblical_book	Lev	17	4		11Q1	1606832	fH	8	1603422				books/DSS-Leviticus.txt	2496091	1513	2079917-2079918	2	0	db178023c36f9a9fff5a44b70a1a07d314e00302e5780c8c3c10639e4a8f145f	linguistics/books/DSS-Leviticus-Linguistics.txt	3678820	1121	dac95c3476d45f3214dbdd544d8594ca76885cfaf9f4479246460a73d44cba42	NO_LETTER_RECONSTRUCTION_MARKED	6	3	0	0	3	0	0	0	1	0	0	0	0
L1603422-R002	biblical_book	Lev	17	5		11Q1	1606832	fH	8	1603422				books/DSS-Leviticus.txt	2497604	3474	2079919-2079930	12	1	ac5e2779c2a24e8dd68c066fdcca88c6976875a1545da7eeed52a58932a96693	linguistics/books/DSS-Leviticus-Linguistics.txt	3679941	5388	37ada57b281eab3e7f3b355946fa607b56c0904a9b08e465b7ed8678355c1478	PARTLY_RECONSTRUCTED	43	42	14	0	28	14	0	0	0	0	0	0	0
L1603423-R001	biblical_book	Lev	17	5		11Q1	1606832	fH	9	1603423				books/DSS-Leviticus.txt	2501078	4546	2079931-2079948	18	1	53459006b9551263d7df8e65da04eb16afee368e2b0c8b05096a7a9f2d843ad7	linguistics/books/DSS-Leviticus-Linguistics.txt	3685329	7605	331fd922941f44bee2d8f9c5906c766b744537159da6bba2aad0ff7ebd2621d8	PARTLY_RECONSTRUCTED	47	44	14	3	27	14	3	0	1	0	0	0	0
L1603424-R001	biblical_book	Lev	18	27		11Q1	1606832	fI	1	1603424				books/DSS-Leviticus.txt	2505624	1781	2079949-2079950	2	1	5aeea4c4e2d53a17eeaa395f203f5fa6b40784712034951aa6b3427b0371bf9b	linguistics/books/DSS-Leviticus-Linguistics.txt	3692934	1157	1090c230d058efde82195ac629e152469c784a574e7d25bd9b3d6beb7c0c1c8e	PARTLY_RECONSTRUCTED	4	2	1	0	1	3	0	1	1	0	0	0	0
L1603425-R001	biblical_book	Lev	18	27		11Q1	1606832	fI	2	1603425				books/DSS-Leviticus.txt	2507405	4648	2079951-2079967	17	1	ba8f3256db1705ea7c484c7b3e7e6940fc0a38dedb8d55372ba5fdc1ac46da69	linguistics/books/DSS-Leviticus-Linguistics.txt	3694091	7175	43188860a8a5f555aef66cb287f6a63a5018fade97ef0ae92eea3aa302e6fe8a	PARTLY_RECONSTRUCTED	45	42	19	3	9	22	3	0	1	0	0	0	28
L1603426-R001	biblical_book	Lev	18	27		11Q1	1606832	fI	3	1603426				books/DSS-Leviticus.txt	2512053	3282	2079968-2079979	12	0	4c329728e7f227043327239ba01d7f590c5f1e95085e56e38d6e93bfed23e73f	linguistics/books/DSS-Leviticus-Linguistics.txt	3701266	5230	4ce77678c1494d87261a9b59f2c43e1e0cb834a5335ae439a767cf8ffba79e8b	PARTLY_RECONSTRUCTED	33	29	8	2	18	9	2	0	1	0	0	0	4
L1603426-R002	biblical_book	Lev	18	28		11Q1	1606832	fI	3	1603426				books/DSS-Leviticus.txt	2515335	2099	2079980-2079984	5	1	7094ebd892f4cf5c77e89de6ae7d1fce0692c0451ecbd2054f73aa9af52e091e	linguistics/books/DSS-Leviticus-Linguistics.txt	3706496	2335	78e8594498eeb8ed17dfb9cf3f666f86bf668d8b04a8bf39383cf29040cf5630	NO_LETTER_RECONSTRUCTION_MARKED	11	11	0	0	11	0	0	0	0	0	0	0	0
L1603427-R001	biblical_book	Lev	18	28		11Q1	1606832	fI	4	1603427				books/DSS-Leviticus.txt	2517434	3759	2079985-2079998	14	0	d1a4c4fb894f5bd430e60cfeab2d7bd0c9f7ef3de42e9f5b948c85b4307a62aa	linguistics/books/DSS-Leviticus-Linguistics.txt	3708831	6001	f94d7d5030878081f3631e4fd23154908a0cd57b5892dd9f8ebae8a862983336	PARTLY_RECONSTRUCTED	41	35	7	1	27	7	1	0	1	0	0	0	0
L1603427-R002	biblical_book	Lev	18	29		11Q1	1606832	fI	4	1603427				books/DSS-Leviticus.txt	2521193	1830	2079999-2080001	3	1	7b622206ec0d9ad188cab4ce54638fb705b662c14f004aeae9c62016522cae8b	linguistics/books/DSS-Leviticus-Linguistics.txt	3714832	1586	6b4fb0eeac94034284add3e8e88258301aefcbe672c01b2525f2234dc1019a26	NO_LETTER_RECONSTRUCTION_MARKED	6	6	0	0	6	0	0	0	0	0	0	0	0
L1603428-R001	biblical_book	Lev	18	29		11Q1	1606832	fI	5	1603428				books/DSS-Leviticus.txt	2523023	3858	2080002-2080019	18	0	1283aa69a8cb6827e82ea6453b34e90040414b1bdb2f375aab2f9d3dc450fb83	linguistics/books/DSS-Leviticus-Linguistics.txt	3716418	7506	6302f9d62b814002337fed926471c7fd80d5ce9d0929cbb77952693fd9a1dab2	PARTLY_RECONSTRUCTED	45	42	8	0	34	8	0	0	1	0	0	0	0
L1603428-R002	biblical_book	Lev	18	30		11Q1	1606832	fI	5	1603428				books/DSS-Leviticus.txt	2526881	1672	2080020-2080021	2	1	5aab8790ba30c7ab1ad698393fb7287fc9c533360bd401cc57a148d293b98cc2	linguistics/books/DSS-Leviticus-Linguistics.txt	3723924	1105	d34da4c959f7b6217b991d6d645274423b7304a82a1162ab5b3b62a6ad9a568c	NO_LETTER_RECONSTRUCTION_MARKED	3	3	0	0	3	0	0	0	0	0	0	0	0
L1603429-R001	biblical_book	Lev	18	30		11Q1	1606832	fI	6	1603429				books/DSS-Leviticus.txt	2528553	3800	2080022-2080035	14	1	3e6720f62a2bc58e9d3cdf97b06eaba1386cae97e8a14bdcbc901ea6a29a53d2	linguistics/books/DSS-Leviticus-Linguistics.txt	3725029	6291	d75309a7ed32c95f799cf60af64108e3ebe08f4b2ea8c6fcd6161c40b21dd15a	PARTLY_RECONSTRUCTED	46	44	7	1	36	7	1	0	0	0	0	0	0
L1603430-R001	biblical_book	Lev	18	30		11Q1	1606832	fI	7	1603430				books/DSS-Leviticus.txt	2532353	3550	2080036-2080044	9	2	e5095b38b768bcad40cd64b9c08fc7add65e9b73acb316e468ab453406a60202	linguistics/books/DSS-Leviticus-Linguistics.txt	3731320	4056	4fbbca166f374133d3bf7901c645067f7f7491bd9ef6b8f0c08872fa45455244	PARTLY_RECONSTRUCTED	30	26	11	2	13	12	2	0	1	0	0	0	0
L1603431-R001	biblical_book	Lev	19	1		11Q1	1606832	fI	8	1603431				books/DSS-Leviticus.txt	2535903	2312	2080045-2080052	8	0	63c020b549d7d2258487d73db12832ae4ff29fc0b6e22f61bec0b2abe525ab31	linguistics/books/DSS-Leviticus-Linguistics.txt	3735376	3513	72c722bfdac2feb5f3d8a2dfc9b91cd33eb047495d9b6c9a51b6c9920bd81934	PARTLY_RECONSTRUCTED	20	18	4	1	13	4	1	0	1	0	0	0	0
L1603431-R002	biblical_book	Lev	19	2		11Q1	1606832	fI	8	1603431				books/DSS-Leviticus.txt	2538215	2506	2080053-2080059	7	1	d69e287e339c6d21f960c1c04911b10e0358d62f7749bcf256547f46b13e4695	linguistics/books/DSS-Leviticus-Linguistics.txt	3738889	3278	1d077ea3365c097505dd726b786c1ba5d9f114922a8f0fdf43f108044bb717e3	PARTLY_RECONSTRUCTED	21	21	6	0	15	6	0	0	0	0	0	0	0
L1603432-R001	biblical_book	Lev	19	2		11Q1	1606832	fI	9	1603432				books/DSS-Leviticus.txt	2540721	2920	2080060-2080068	9	0	a715d9686c8302145b89bb9414de9216d3620dc9c3d2bd8b8d0a238a705e17e8	linguistics/books/DSS-Leviticus-Linguistics.txt	3742167	4167	c4314b7406264c7859bec5bb12fd2c1631d9497edc6f35f22f340dca8c9a7051	PARTLY_RECONSTRUCTED	36	32	11	0	21	12	0	0	1	0	0	0	0
L1603432-R002	biblical_book	Lev	19	3		11Q1	1606832	fI	9	1603432				books/DSS-Leviticus.txt	2543641	1825	2080069-2080070	2	1	72c0453183ae055347af4c7445f4cc5afbcbf61dfd0761d99bc68a702ef1bb79	linguistics/books/DSS-Leviticus-Linguistics.txt	3746334	1181	f48618e255a5f07ad296a535bec1230cfc6db4583afe19f438e7d1ce462cdea0	NO_LETTER_RECONSTRUCTION_MARKED	7	6	0	0	6	0	0	0	0	0	0	0	0
L1603433-R001	biblical_book	Lev	19	3		11Q1	1606832	fI	10	1603433				books/DSS-Leviticus.txt	2545466	3314	2080071-2080081	11	0	9cecacb375a6072f6df1a53b173920246c24eb9ae85a97439f496e1ce404d3f0	linguistics/books/DSS-Leviticus-Linguistics.txt	3747515	4908	5966bcd36ccc2afeb719a30945a28ab65d56900815f22ef9a02e1cf83195dff6	PARTLY_RECONSTRUCTED	42	37	15	1	21	16	1	0	1	0	0	0	0
L1603433-R002	biblical_book	Lev	19	4		11Q1	1606832	fI	10	1603433				books/DSS-Leviticus.txt	2548780	1878	2080082-2080084	3	1	e3f33a76b32ebc7ca8adf7fd16e0d54bae205726219f487190a6b2fcd30f1a3d	linguistics/books/DSS-Leviticus-Linguistics.txt	3752423	1516	b233b7781903543d3899216df7b18fcd5d5bed4bb7205b505680d0b941d85887	NO_LETTER_RECONSTRUCTION_MARKED	8	6	0	0	6	0	0	0	1	0	0	0	0
L1603434-R001	biblical_book	Lev	20	1		11Q1	1606832	fJ	1	1603434				books/DSS-Leviticus.txt	2550658	2559	2080085-2080092	8	0	30b06cb0679987e3966d872cf0d350b1c5b0d54f0a6dcc83e27dbd9c24e8feec	linguistics/books/DSS-Leviticus-Linguistics.txt	3753939	3541	bcd080ea372ac923e59dff1fa7ce55d5629b2d4df12a788753d14b96af4e0b21	PARTLY_RECONSTRUCTED	21	19	4	0	14	4	0	0	1	0	1	0	0
L1603434-R002	biblical_book	Lev	20	2		11Q1	1606832	fJ	1	1603434				books/DSS-Leviticus.txt	2553217	2948	2080093-2080101	9	1	3a69f6c7c188dc83e9cb3268273f75e58553ec0ded2adba8d3d8fe3f5e908a6f	linguistics/books/DSS-Leviticus-Linguistics.txt	3757480	4077	a2c68e71d4a89d6af7ab5edff71336531513149c4b005ea805c4963b4defd968	PARTLY_RECONSTRUCTED	25	25	7	2	16	7	2	0	0	0	0	0	0
L1603435-R001	biblical_book	Lev	20	2		11Q1	1606832	fJ	2	1603435				books/DSS-Leviticus.txt	2556165	4460	2080102-2080121	20	1	9567bcfc0294b9832cf3575e19327a24b01ca2843eeab5761bb56659325487b1	linguistics/books/DSS-Leviticus-Linguistics.txt	3761557	8422	9eba1564e6bd178cceee5fd6327cb0862454569b776d38d89c254538eb9f7620	PARTLY_RECONSTRUCTED	47	46	8	2	36	9	2	0	0	0	0	0	0
L1603436-R001	biblical_book	Lev	20	2		11Q1	1606832	fJ	3	1603436				books/DSS-Leviticus.txt	2560625	2021	2080122-2080126	5	0	dbd66ef179b6dc4c5bf5f19d05ce14cfe4bc26c79da446e321c485ee08e1e060	linguistics/books/DSS-Leviticus-Linguistics.txt	3769979	2317	81d363199f621f9a05c96a014d0f131f4157295580e5cf535bacb9e688fd8b79	PARTLY_RECONSTRUCTED	15	12	4	0	8	4	0	0	1	0	0	0	0
L1603436-R002	biblical_book	Lev	20	3		11Q1	1606832	fJ	3	1603436				books/DSS-Leviticus.txt	2562646	3583	2080127-2080140	14	1	902a7bc51da39768d43057c0e535fdcaac1406f20fdf2141c555c94763383abe	linguistics/books/DSS-Leviticus-Linguistics.txt	3772296	5956	09ffc8f83099a5c318a9c7630a62f69b8d28b0aac20a39934109df684d9ab6f2	PARTLY_RECONSTRUCTED	34	32	4	0	28	4	0	0	0	0	0	0	0
L1603437-R001	biblical_book	Lev	20	3		11Q1	1606832	fJ	4	1603437				books/DSS-Leviticus.txt	2566229	4246	2080141-2080157	17	1	b5f34745e383b3a4165d82ae08e9bc0c7c30d609a5dcdd4dc5912f363e7f3354	linguistics/books/DSS-Leviticus-Linguistics.txt	3778252	7180	942d6e9c862ac1f377d62564db530fe867e79ab21fef5788ce360da6b5792f32	PARTLY_RECONSTRUCTED	44	41	6	0	35	7	0	0	0	0	0	0	0
L1603438-R001	biblical_book	Lev	20	3		11Q1	1606832	fJ	5	1603438				books/DSS-Leviticus.txt	2570475	1556	2080158-2080159	2	0	d3cdeea4ad8842dc8488a33db68a47fd8d4756a622408230365aca0032180076	linguistics/books/DSS-Leviticus-Linguistics.txt	3785432	1148	51c03918f6413ee0df4f86c4ed94283be68594c7aabcc596c119633b09657bfc	ALL_LETTER_SLOTS_RECONSTRUCTED	6	3	3	0	0	6	0	0	1	0	0	0	0
L1603438-R002	biblical_book	Lev	20	4		11Q1	1606832	fJ	5	1603438				books/DSS-Leviticus.txt	2572031	3644	2080160-2080173	14	1	589aeee907bcee2e2433667e05f1f55a33652adba00a8ab5d3805457d99c5826	linguistics/books/DSS-Leviticus-Linguistics.txt	3786580	5933	2f86c14bd4323a0a45b4ed16e1761203e9edc108cc1d21ecaa976c01a7a1e007	PARTLY_RECONSTRUCTED	37	36	4	1	31	4	1	0	0	0	0	0	0
L1603439-R001	biblical_book	Lev	20	4		11Q1	1606832	fJ	6	1603439				books/DSS-Leviticus.txt	2575675	3130	2080174-2080184	11	0	6e17efba3758a8c3c52cde04346d4732993e68c215cbd45dcdfa2234806b1efc	linguistics/books/DSS-Leviticus-Linguistics.txt	3792513	4802	3484d2220c48e4eef7f578706310db4273d55833ae9f0c5260a68cf4cbd5c3f9	PARTLY_RECONSTRUCTED	30	25	9	0	16	13	0	0	1	0	0	0	0
L1603439-R002	biblical_book	Lev	20	5		11Q1	1606832	fJ	6	1603439				books/DSS-Leviticus.txt	2578805	2629	2080185-2080191	7	1	12fb19b2e7e47b53a31eddd13faff4fd08802a95aada9a7d98277b2899077d3c	linguistics/books/DSS-Leviticus-Linguistics.txt	3797315	3210	6e038ae0316032fe3f91251b6ed5adae324af4f67a2207d288d55b59d6c9e6b9	PARTLY_RECONSTRUCTED	18	17	4	1	12	4	1	0	0	0	0	0	0
L1603440-R001	biblical_book	Lev	20	5		11Q1	1606832	fJ	7	1603440				books/DSS-Leviticus.txt	2581434	4611	2080192-2080210	19	1	7bf956c79461d2a8d925a5074fa11783885e4e3ee525c296284692adb35da026	linguistics/books/DSS-Leviticus-Linguistics.txt	3800525	7908	d34773b2a7ae215c6de1d7c00adba69f1d7c651b9d42cb3f5f7a32301867fb56	PARTLY_RECONSTRUCTED	48	45	14	2	28	14	2	0	0	0	0	1	0
L1603441-R001	biblical_book	Lev	20	5		11Q1	1606832	fJ	8	1603441				books/DSS-Leviticus.txt	2586045	2265	2080211-2080217	7	0	7ed2bb1fa8f64b16d7258c64a35ebcf8e3fad839ea406e40d1a59823551cab25	linguistics/books/DSS-Leviticus-Linguistics.txt	3808433	3127	a6f779af9b79ec20228361b84007a2bfdc6307c3b1539c956f68c1b9e165e620	PARTLY_RECONSTRUCTED	16	13	7	0	6	7	0	0	1	0	0	0	0
L1603441-R002	biblical_book	Lev	20	6		11Q1	1606832	fJ	8	1603441				books/DSS-Leviticus.txt	2588310	3309	2080218-2080230	13	1	41ffc8257642cd1be19119a903d117ba50c02b19dcc3852912f5760ee2025df0	linguistics/books/DSS-Leviticus-Linguistics.txt	3811560	5506	176ee25c73387ca824dc5349613e94af4bdba031a7cdbe2ade969ce1a2511589	PARTLY_RECONSTRUCTED	31	29	9	0	20	9	0	0	1	0	0	0	0
L1603442-R001	biblical_book	Lev	21	6		11Q1	1606832	fK_Li	1	1603442				books/DSS-Leviticus.txt	2591619	4274	2080231-2080243	13	1	a29bf750c457cd656fba021ddeac9e00c045afe6e8e8395314693eacd6b52986	linguistics/books/DSS-Leviticus-Linguistics.txt	3817066	5805	e38fc4d84571968ac5f2790aa426df53255b38d09804bada63f297c9c5ecc5f5	PARTLY_RECONSTRUCTED	44	40	26	4	10	29	4	0	2	0	0	0	0
L1603443-R001	biblical_book	Lev	21	6		11Q1	1606832	fK_Li	2	1603443				books/DSS-Leviticus.txt	2595893	2698	2080244-2080251	8	0	039b376aae2c6c7d9be187608d0bfb06492c6cd32c880b830c0ccec588cdda2e	linguistics/books/DSS-Leviticus-Linguistics.txt	3822871	3612	8a932e20bd4685cf26b8300a2422aa23c72ea202958362b2b865c4ddfed8c20e	PARTLY_RECONSTRUCTED	27	24	4	1	19	6	1	0	1	0	0	0	0
L1603443-R002	biblical_book	Lev	21	7		11Q1	1606832	fK_Li	2	1603443				books/DSS-Leviticus.txt	2598591	2365	2080252-2080257	6	1	96b7182e1a4f55af3e9bf06d1ed6ee49db24964d60a59e49ce7918e47431b439	linguistics/books/DSS-Leviticus-Linguistics.txt	3826483	2775	bcb2d872bb4123fb81f1c24175c0eababfb26d416411560100fe05102424f9e3	PARTLY_RECONSTRUCTED	15	15	1	0	14	1	0	0	0	0	0	0	0
L1603444-R001	biblical_book	Lev	21	7		11Q1	1606832	fK_Li	3	1603444				books/DSS-Leviticus.txt	2600956	3497	2080258-2080271	14	0	a5a6c1a277b518382e0b7f0141f74941ab450ffb25baafc3d308b4e8721a9036	linguistics/books/DSS-Leviticus-Linguistics.txt	3829258	6040	7c2c9cbcf8e43675842884cc5b7f4e785fc3739781b8f961907636da84d99adb	NO_LETTER_RECONSTRUCTION_MARKED	42	38	0	1	37	0	1	0	1	0	0	0	0
L1603444-R002	biblical_book	Lev	21	8		11Q1	1606832	fK_Li	3	1603444				books/DSS-Leviticus.txt	2604453	1661	2080272-2080273	2	1	0db7237ae797b446f5944f6a46bb3d5dd6682585f553a97f93f4c340d92a6718	linguistics/books/DSS-Leviticus-Linguistics.txt	3835298	1099	6daa410d82306b9e3401bdaeb45151b2950fe9fa3aba3afb5db3245819c8caa8	NO_LETTER_RECONSTRUCTION_MARKED	2	2	0	0	2	0	0	0	0	0	0	0	0
L1603445-R001	biblical_book	Lev	21	8		11Q1	1606832	fK_Li	4	1603445				books/DSS-Leviticus.txt	2606114	3652	2080274-2080285	12	1	14afbec2c84d2d985c45d7fbfc9af13e55f50136b7b110826195914882f6e933	linguistics/books/DSS-Leviticus-Linguistics.txt	3836397	5397	34f964015c516670ccaf2006ef654fe838ca4662302ed50e83755f7a52d98399	NO_LETTER_RECONSTRUCTION_MARKED	42	39	0	2	37	0	2	0	0	0	0	0	0
L1603446-R001	biblical_book	Lev	21	8		11Q1	1606832	fK_Li	5	1603446				books/DSS-Leviticus.txt	2609766	1698	2080286-2080288	3	0	30031875e10904289c14a9db0bdf3652cc4bf83979b439a67da3359db07f0e6d	linguistics/books/DSS-Leviticus-Linguistics.txt	3841794	1567	92ca7e40a3a50b619ddcc0cb1ddfe7def69431d7a8844f12e7d4a3411edf00e0	NO_LETTER_RECONSTRUCTION_MARKED	12	9	0	0	9	0	0	0	1	0	0	0	0
L1603446-R002	biblical_book	Lev	21	9		11Q1	1606832	fK_Li	5	1603446				books/DSS-Leviticus.txt	2611464	3422	2080289-2080300	12	1	cb9464b5e5b049399f37302f33140ab86155c02fc8f1d0e9d091daec85d80da0	linguistics/books/DSS-Leviticus-Linguistics.txt	3843361	5149	2287e346ea576244e0035d6156dc18977d5acb63853754fa6b4db43022062170	NO_LETTER_RECONSTRUCTION_MARKED	31	30	0	3	27	0	3	0	0	0	0	0	0
L1603447-R001	biblical_book	Lev	21	9		11Q1	1606832	fK_Li	6	1603447				books/DSS-Leviticus.txt	2614886	2530	2080301-2080305	5	2	76cdf93b8c350199d779cb161f08b9db2efb80e9bbd9aba230d12eeb8f80ad6e	linguistics/books/DSS-Leviticus-Linguistics.txt	3848510	2331	c86dd69ced14d00fefc8d804565df523823de4435232eaab4c48ef6b7fe84770	NO_LETTER_RECONSTRUCTION_MARKED	12	10	0	1	9	0	1	0	1	0	0	0	0
L1603448-R001	biblical_book	Lev	21	10		11Q1	1606832	fK_Li	7	1603448				books/DSS-Leviticus.txt	2617416	4334	2080306-2080322	17	1	7e1250de2ed83f9f6efab50eae79e9a6d2ae04591382502ef0a06a95dbece4b7	linguistics/books/DSS-Leviticus-Linguistics.txt	3850841	7203	13362620c6d539272490f39bcf7039893dec1b014ce1c9af2f4205b01f670697	PARTLY_RECONSTRUCTED	43	40	8	1	31	9	1	0	1	0	0	0	0
L1603449-R001	biblical_book	Lev	21	10		11Q1	1606832	fK_Li	8	1603449				books/DSS-Leviticus.txt	2621750	3991	2080323-2080338	16	0	f7b2f3d3483431fc9759cb506462316b2d7da6399d0ade08822058c107776913	linguistics/books/DSS-Leviticus-Linguistics.txt	3858044	6783	7788ee3d68fec7e347589e1af3eaad9d5538911c3ad4b5d13291756f7d013f8c	PARTLY_RECONSTRUCTED	45	40	8	1	31	9	1	0	1	0	0	0	0
L1603449-R002	biblical_book	Lev	21	11		11Q1	1606832	fK_Li	8	1603449				books/DSS-Leviticus.txt	2625741	1681	2080339-2080340	2	1	e262d0e57e02fe940ba60ba147de202224bc70a4e974178c6c58a58666500951	linguistics/books/DSS-Leviticus-Linguistics.txt	3864827	1147	3f3fd1a2a6e3e3e98974fa4c6187ccef339940a09884d111f48e01d4d4f433b2	NO_LETTER_RECONSTRUCTION_MARKED	3	3	0	0	3	0	0	0	0	0	0	0	0
L1603450-R001	biblical_book	Lev	21	11		11Q1	1606832	fK_Li	9	1603450				books/DSS-Leviticus.txt	2627422	3287	2080341-2080353	13	0	3c838f2e46eea2bdef9d093852aa1347101c6f683b756b3236fd1a93b9db84a4	linguistics/books/DSS-Leviticus-Linguistics.txt	3865974	5482	5d8add543da01043f374e8a6657a227f5a261c67829d6d66acb827b99114a72f	PARTLY_RECONSTRUCTED	34	30	11	0	19	12	0	0	1	0	0	0	0
L1603450-R002	biblical_book	Lev	21	12		11Q1	1606832	fK_Li	9	1603450				books/DSS-Leviticus.txt	2630709	2263	2080354-2080359	6	1	30038cc016ded0c4a42b21c8340eea601b185eb8e3132986a1e0b4dc088b9292	linguistics/books/DSS-Leviticus-Linguistics.txt	3871456	2702	d92f94e7359cfb71fb45c2c339c3f522c79e26af3ff0e0023dd5d91cb5d95c53	NO_LETTER_RECONSTRUCTION_MARKED	12	10	0	0	10	0	0	0	1	0	0	0	0
L1603451-R001	biblical_book	Lev	22	20		11Q1	1606832	1+Lii	1	1603451				books/DSS-Leviticus.txt	2632972	1714	2080360-2080362	3	0	05153112c7300e7dd3057c318753d56cc290ad1e161f7379559e3b680910c1a5	linguistics/books/DSS-Leviticus-Linguistics.txt	3874158	1495	ef9001f4a39d4b61c5ea5dd3353ed6750e60f000f0839a5a3a09b084db46e27d	PARTLY_RECONSTRUCTED	8	3	1	0	2	5	0	1	2	0	0	0	0
L1603451-R002	biblical_book	Lev	22	21		11Q1	1606832	1+Lii	1	1603451				books/DSS-Leviticus.txt	2634686	3283	2080363-2080372	10	1	3e65bfdefa9d2311d3c63675fb3d22c57804325c42e881b17f846fad141f9dfb	linguistics/books/DSS-Leviticus-Linguistics.txt	3875653	4434	d9e657732d6182c4cf4c2ac5e431b8ea0b05bdfb9a31b393fe79bce421684e55	PARTLY_RECONSTRUCTED	26	26	18	5	3	18	5	0	0	0	0	0	0
L1603452-R001	biblical_book	Lev	22	21		11Q1	1606832	1+Lii	2	1603452				books/DSS-Leviticus.txt	2637969	4428	2080373-2080391	19	1	fab3d8f9014994d4cc0bbf3da93eb50def9a9bb82962998d110f332ad72a61bb	linguistics/books/DSS-Leviticus-Linguistics.txt	3880087	8016	7ad8732ea460c9029ec2cd9e6b619c1c7307f8e390a006da3e77661417c64462	PARTLY_RECONSTRUCTED	45	44	13	2	29	14	2	0	1	0	0	0	0
L1603453-R001	biblical_book	Lev	22	21		11Q1	1606832	1+Lii	3	1603453				books/DSS-Leviticus.txt	2642397	1651	2080392-2080394	3	0	6d57010f98f3f69d717a66a23fe5e69d12ed35709c2d57e2eb31fc096c790d06	linguistics/books/DSS-Leviticus-Linguistics.txt	3888103	1523	78949f97df5d87f1e85d6b4a412577db14db9b8bb94c762546ea8999318aee99	NO_LETTER_RECONSTRUCTION_MARKED	8	5	0	0	5	0	0	0	1	0	0	0	0
L1603453-R002	biblical_book	Lev	22	22		11Q1	1606832	1+Lii	3	1603453				books/DSS-Leviticus.txt	2644048	3541	2080395-2080407	13	1	b0afafbd8aa1de20bf63f7e4bd1ba440becc76ac7f18fbbdd1bb53c6e8edd6e5	linguistics/books/DSS-Leviticus-Linguistics.txt	3889626	5819	18be055542f351f93c9c1df50144509281ec01e27c5aac2691bfc229f00ee984	NO_LETTER_RECONSTRUCTION_MARKED	39	39	0	2	37	0	2	0	0	0	0	0	0
L1603454-R001	biblical_book	Lev	22	22		11Q1	1606832	1+Lii	4	1603454				books/DSS-Leviticus.txt	2647589	3263	2080408-2080421	14	0	1052c5135e3f020fdb7f2bd6374b947efb9e318cb07aa977549812bbe8295227	linguistics/books/DSS-Leviticus-Linguistics.txt	3895445	5949	c995f0e4fc6958c0cb4c6d953185764b050d9b70cc5d558fe2bbcf00d1384214	NO_LETTER_RECONSTRUCTION_MARKED	36	33	0	1	32	0	1	0	1	0	0	0	0
L1603454-R002	biblical_book	Lev	22	23		11Q1	1606832	1+Lii	4	1603454				books/DSS-Leviticus.txt	2650852	2098	2080422-2080426	5	1	0bb7fcd69b78fd1d8c9a0e3d5d3cbf0cb46cd063b53f956dfd9ffc02dbaffb63	linguistics/books/DSS-Leviticus-Linguistics.txt	3901394	2294	43962b3d28c23f1cd5674c189351bcaf9208f9dd3e11859c8b674b4a70664524	NO_LETTER_RECONSTRUCTION_MARKED	10	10	0	0	10	0	0	0	0	0	0	0	0
L1603455-R001	biblical_book	Lev	22	23		11Q1	1606832	1+Lii	5	1603455				books/DSS-Leviticus.txt	2652950	2934	2080427-2080438	12	0	473e48fb0f4f261ab0b978f62496044ff688c175c685f3a2ad65f635c9585837	linguistics/books/DSS-Leviticus-Linguistics.txt	3903688	5137	100444996755561076c8e6026c11c973f6d3ac666e8e0f63815df54ff31d954b	NO_LETTER_RECONSTRUCTION_MARKED	31	28	0	1	27	0	1	0	1	0	0	0	0
L1603455-R002	biblical_book	Lev	22	24		11Q1	1606832	1+Lii	5	1603455				books/DSS-Leviticus.txt	2655884	2376	2080439-2080445	7	1	3dbad28f0a7b39c8cc3a5424225c1bb8c66825adb34a9848c728cd89f7b410d6	linguistics/books/DSS-Leviticus-Linguistics.txt	3908825	3094	6f7723808a0d5a9bfbc32513fc3a2eabf52fd3c020d032ea615f0ccd799eab03	NO_LETTER_RECONSTRUCTION_MARKED	16	16	0	0	16	0	0	0	0	0	0	0	0
L1603456-R001	biblical_book	Lev	22	24		11Q1	1606832	1+Lii	6	1603456				books/DSS-Leviticus.txt	2658260	3181	2080446-2080457	12	0	b29816331b8b40397c4758baa8c6526d04c51cc33b4e246f7a358b4718f9dc7a	linguistics/books/DSS-Leviticus-Linguistics.txt	3911919	5167	07576d72c30c34d39eed243e905c3e4f0cb83b75f71fb6d9f30784546f53ca85	NO_LETTER_RECONSTRUCTION_MARKED	36	33	0	3	30	0	3	0	1	0	0	0	0
L1603456-R002	biblical_book	Lev	22	25		11Q1	1606832	1+Lii	6	1603456				books/DSS-Leviticus.txt	2661441	2346	2080458-2080464	7	1	d6493538474e7b374c91dcce87beb0719e4388f1368a3990de6be4c20dfc2649	linguistics/books/DSS-Leviticus-Linguistics.txt	3917086	3080	26953dcc291db1456620a70ec595914e3317dbb88b36b15764383b7a2d069115	NO_LETTER_RECONSTRUCTION_MARKED	12	12	0	0	12	0	0	0	0	0	0	0	0
L1603457-R001	biblical_book	Lev	22	25		11Q1	1606832	1+Lii	7	1603457				books/DSS-Leviticus.txt	2663787	3801	2080465-2080478	14	1	84bf471471a0b0cb6884cfa1ad81a2722b79f129a9896e7026395ce6b930c5b6	linguistics/books/DSS-Leviticus-Linguistics.txt	3920166	6125	710c3f4f5cc2940f9ea7aed52e559ceecfb79a7c549ca58096b33e1a0e32e7d0	NO_LETTER_RECONSTRUCTION_MARKED	45	43	0	1	42	0	1	0	0	0	0	0	0
L1603458-R001	biblical_book	Lev	22	25		11Q1	1606832	1+Lii	8	1603458				books/DSS-Leviticus.txt	2667588	1564	2080479-2080480	2	0	896767edcd5e198e97e4b30b8657de400c74600c876e93dbc932249c1f82b004	linguistics/books/DSS-Leviticus-Linguistics.txt	3926291	1127	fb79f69de2b84e2518ec15da210e3b709024ea1a4a5f0c0dffb6cec7c2574a62	ALL_LETTER_SLOTS_RECONSTRUCTED	6	3	3	0	0	6	0	0	1	0	0	0	0
L1603458-R002	biblical_book	Lev	22	26		11Q1	1606832	1+Lii	8	1603458				books/DSS-Leviticus.txt	2669152	2495	2080481	1	4	f4d633a8e229b419251ce6f326e48bcd44c710f2bfd948a585c94bcbaea178db	linguistics/books/DSS-Leviticus-Linguistics.txt	3927418	755	0908de76bf2cfa88141f6463448fd391f1a62e5d69e5ba2fbb3dd01430411e51	NO_LETTER_RECONSTRUCTION_MARKED	1	1	0	0	1	0	0	0	0	0	0	0	0
L1603459-R001	biblical_book	Lev	22	26		11Q1	1606832	1+Lii	9	1603459				books/DSS-Leviticus.txt	2671647	2193	2080482-2080488	7	0	199e82bb8599012544dc3dbfcef8844911f7129da8c84317a4aaae045a564e1e	linguistics/books/DSS-Leviticus-Linguistics.txt	3928173	3153	479046519feec34ae475d1e01200d9c875c78599c6241c127561309ad0e74b59	PARTLY_RECONSTRUCTED	19	17	6	0	11	6	0	0	1	0	0	0	0
L1603459-R002	biblical_book	Lev	22	27		11Q1	1606832	1+Lii	9	1603459				books/DSS-Leviticus.txt	2673840	3079	2080489-2080499	11	1	6a10d5d7ba8db90492b0811e19899bb546d062ec6824331f99f2b00f94d0a460	linguistics/books/DSS-Leviticus-Linguistics.txt	3931326	4757	5654fbfde4f5b7984f72a2dce59cb63341c285c9dd9a0536ebc5447013f2f0c6	PARTLY_RECONSTRUCTED	28	26	6	0	20	6	0	0	1	0	0	0	0
L1603460-R001	biblical_book	Lev	23	22		11Q1	1606832	2	1	1603460				books/DSS-Leviticus.txt	2676919	4639	2080500-2080515	16	1	5de3f599fd92530349521bd0404524d64af10485906331dd5790a0669cbf60e3	linguistics/books/DSS-Leviticus-Linguistics.txt	3936083	6911	c216b65e1f809cc80e40e6febad1abbe6b151f54d0421584c2b14bb46fed08e6	PARTLY_RECONSTRUCTED	46	42	30	9	3	32	9	0	1	0	0	0	0
L1603461-R001	biblical_book	Lev	23	22		11Q1	1606832	2	2	1603461				books/DSS-Leviticus.txt	2681558	1686	2080516-2080517	2	0	74f5d86a39f45dbdd2d6adcf81cfad0b07da3c9d04cb4875886de4d8aaa865e6	linguistics/books/DSS-Leviticus-Linguistics.txt	3942994	1229	1db512c772693deef439a3afe0d8173529da5e107fa045bc87abcae0dd6df5e5	PARTLY_RECONSTRUCTED	9	6	2	3	1	2	3	0	1	0	0	0	0
L1603461-R002	biblical_book	Lev	23	23		11Q1	1606832	2	2	1603461				books/DSS-Leviticus.txt	2683244	1843	2080518	1	2	291362574b24e75d0a1372f0b6bdad8fd37771b394e3f6c14d6e89f0ab7ec47d	linguistics/books/DSS-Leviticus-Linguistics.txt	3944223	746	af49cb5b9906abd5a4d77913b3514fdaf75b087a24d7a84e687e3c31cfdd5903	NO_LETTER_RECONSTRUCTION_MARKED	1	1	0	0	1	0	0	0	0	0	0	0	0
L1603462-R001	biblical_book	Lev	23	23		11Q1	1606832	2	3	1603462				books/DSS-Leviticus.txt	2685087	2244	2080519-2080525	7	0	f5ba53f2e10bdcc6c680fcd3e4bf3f0515de82c4788504746a27dddc0f1b4da0	linguistics/books/DSS-Leviticus-Linguistics.txt	3944969	3139	e90db9ceaa3552c243a3cb4248d5b3ccac7ad606c72f5301132dcc792fbd5743	NO_LETTER_RECONSTRUCTION_MARKED	19	17	0	1	16	0	1	0	1	0	0	0	0
L1603462-R002	biblical_book	Lev	23	24		11Q1	1606832	2	3	1603462				books/DSS-Leviticus.txt	2687331	2807	2080526-2080535	10	1	0abc1b2051903392e6a5caefc7d596137dc16d88e71d3d0dc8023e8f80e9b969	linguistics/books/DSS-Leviticus-Linguistics.txt	3948108	4380	c0b508f2d6810719231f5c2080d30e092d86876ce29b151a7b686c73abae7e87	NO_LETTER_RECONSTRUCTION_MARKED	24	24	0	0	24	0	0	0	0	0	0	0	0
L1603463-R001	biblical_book	Lev	23	24		11Q1	1606832	2	4	1603463				books/DSS-Leviticus.txt	2690138	3172	2080536-2080548	13	0	6aa3fef3bc4eaa41efdaf9bc2b926e9eaa83343f9db2d29eac280ada95b3ad92	linguistics/books/DSS-Leviticus-Linguistics.txt	3952488	5854	1e411bd1414c3695ac244fce46c769c0a8f057e625bec61a8c68529ccf50d00c	NO_LETTER_RECONSTRUCTION_MARKED	42	39	0	1	38	0	1	0	1	0	0	0	0
L1603463-R002	biblical_book	Lev	23	25		11Q1	1606832	2	4	1603463				books/DSS-Leviticus.txt	2693310	1525	2080549	1	1	1bbec57ac9932ef71e971b96a7b31a0edddd8a8814ee9eaeb67c70cf9ea12158	linguistics/books/DSS-Leviticus-Linguistics.txt	3958342	723	ca2b3e7d4e7171b51d862bd8253a0b5422cb419410eb5e5d39a97b8e782a4691	NO_LETTER_RECONSTRUCTION_MARKED	1	1	0	0	1	0	0	0	0	0	0	0	0
L1603464-R001	biblical_book	Lev	23	25		11Q1	1606832	2	5	1603464				books/DSS-Leviticus.txt	2694835	3487	2080550-2080560	11	2	35f44437f44acc2ea09e8b1ba80e396624aa747c64c2685b5d1ddc23506ec019	linguistics/books/DSS-Leviticus-Linguistics.txt	3959065	4842	4f03a7afa74a3ce3f123bc409af6678ae83ffc2952732d6f509ce255a1c4f8c5	NO_LETTER_RECONSTRUCTION_MARKED	33	31	0	1	30	0	1	0	1	0	0	0	0
L1603465-R001	biblical_book	Lev	23	26		11Q1	1606832	2	6	1603465				books/DSS-Leviticus.txt	2698322	2362	2080561-2080568	8	0	4fa512607c966300e3c93f9485fce1c03d94ce69a4e69c2bf8e4ea8fde452bf7	linguistics/books/DSS-Leviticus-Linguistics.txt	3963907	3511	86e1d12a1ddce1278345b8351a542af4c8a76d42601f99874f07beaf45098fa8	NO_LETTER_RECONSTRUCTION_MARKED	20	18	0	1	17	0	1	0	1	0	0	0	0
L1603465-R002	biblical_book	Lev	23	27		11Q1	1606832	2	6	1603465				books/DSS-Leviticus.txt	2700684	2839	2080569-2080578	10	1	332bccd2654687c42d62ce7c6cebb2e8657ed593fdb51f46fe589fe29f6f2800	linguistics/books/DSS-Leviticus-Linguistics.txt	3967418	4378	0502d463f627eb684dd21ddf525be7ea26b07d386fc373ee294dd10614595cdb	NO_LETTER_RECONSTRUCTION_MARKED	22	22	0	1	21	0	1	0	0	0	0	0	0
L1603466-R001	biblical_book	Lev	23	27		11Q1	1606832	2	7	1603466				books/DSS-Leviticus.txt	2703523	3933	2080579-2080591	13	1	e1c7db3b252fc14341b8cb9488e61a81510ca1c68ee0b1e49973f3c0df17fb43	linguistics/books/DSS-Leviticus-Linguistics.txt	3971796	5736	3194b144fee0c24352767d635a4c45b033b5944ad240bc9c88a93d7d9ddffd25	NO_LETTER_RECONSTRUCTION_MARKED	46	43	0	5	38	1	5	0	1	0	0	0	0
L1603467-R001	biblical_book	Lev	23	27		11Q1	1606832	2	8	1603467				books/DSS-Leviticus.txt	2707456	2048	2080592-2080596	5	0	b4f122e9729b0c8f6e989c9ce1d8124e97528b24efdbfb8942af86dde0645796	linguistics/books/DSS-Leviticus-Linguistics.txt	3977532	2349	40a8dff01b82c31382e1b99fe70fd684643e0aa427ea7c23f6ba11ebb3a3a562	NO_LETTER_RECONSTRUCTION_MARKED	13	10	0	4	6	1	4	0	2	0	0	0	0
L1603467-R002	biblical_book	Lev	23	28		11Q1	1606832	2	8	1603467				books/DSS-Leviticus.txt	2709504	3511	2080597-2080609	13	1	0d6e5f93ad905455896437fe4db426a5bd8151ca1975bda93cac7009db04faa1	linguistics/books/DSS-Leviticus-Linguistics.txt	3979881	5561	65ce3fdf5f123763308810e90efb729bacbdfe9032cb0cf370d3212794193c2b	NO_LETTER_RECONSTRUCTION_MARKED	29	29	0	4	25	0	4	0	0	0	0	0	0
L1603468-R001	biblical_book	Lev	23	28		11Q1	1606832	2	9	1603468				books/DSS-Leviticus.txt	2713015	3500	2080610-2080620	11	0	34e49625030ec085874431706a8129971922452040c605af1d01e03807396858	linguistics/books/DSS-Leviticus-Linguistics.txt	3985442	4926	45b72a9bf096ee38f3d54232787a74466a168a5161a72e975e24e03fcf615031	PARTLY_RECONSTRUCTED	37	32	7	5	20	8	5	0	2	0	0	0	0
L1603468-R002	biblical_book	Lev	23	29		11Q1	1606832	2	9	1603468				books/DSS-Leviticus.txt	2716515	2341	2080621-2080626	6	1	3a0d31db4bcc91fe00653260b6550c7f7641b5b9187953383e5f87ba71addcf0	linguistics/books/DSS-Leviticus-Linguistics.txt	3990368	2730	7e038142c34eacd2c90f46a777a8274dc001b23e072d21fe74dcbfffded8945d	NO_LETTER_RECONSTRUCTION_MARKED	13	11	0	1	10	0	1	0	1	0	0	0	0
L1603469-R001	biblical_book	Lev	24	8		11Q1	1606832	3	1	1603469				books/DSS-Leviticus.txt	2718856	1975	2080627-2080631	5	0	adcaf7a300015d3a5dc009f882f75661070f4189723522b24e4020088cbe7663	linguistics/books/DSS-Leviticus-Linguistics.txt	3993098	2519	a7bdd5419c15eed294e94e6c0f7bc1d14d59f04bf09c8a375cfc5364b6327c00	PARTLY_RECONSTRUCTED	18	16	13	0	3	15	0	0	1	0	0	0	0
L1603469-R002	biblical_book	Lev	24	9		11Q1	1606832	3	1	1603469				books/DSS-Leviticus.txt	2720831	3038	2080632-2080640	9	1	fc25e7b3981fd01d143ef20bc9416379d49313767df4e1eb8206aa6b68c7e8b1	linguistics/books/DSS-Leviticus-Linguistics.txt	3995617	3945	15af8fecacc80ac3128d52991796300e06fd5f2aa0de2adb7afbca0c4a79de72	PARTLY_RECONSTRUCTED	21	20	12	2	6	13	2	0	0	0	0	0	0
L1603470-R001	biblical_book	Lev	24	9		11Q1	1606832	3	2	1603470				books/DSS-Leviticus.txt	2723869	3693	2080641-2080652	12	1	43f3e0236cb2dd62dd587ccadb43d81d402132bbdec3773043e9e545bc58b472	linguistics/books/DSS-Leviticus-Linguistics.txt	3999562	5235	7c8eac6716ab14b999860f25b37882c6c97c3d8271e0b91c38772c1ff405d0c6	NO_LETTER_RECONSTRUCTION_MARKED	35	33	0	6	27	0	6	0	0	0	0	0	0
L1603471-R001	biblical_book	Lev	24	9		11Q1	1606832	3	3	1603471				books/DSS-Leviticus.txt	2727562	1664	2080653-2080656	4	0	05c920e1aaa2a7534e2323f079b4d4ced41c76ce6cf92e0d0607ff0978d6e7ef	linguistics/books/DSS-Leviticus-Linguistics.txt	4004797	1926	f6d4f3d5f0dcc72f8ca0408873836e51cc0bd97f64c3b1c901a2e08397c48864	NO_LETTER_RECONSTRUCTION_MARKED	9	7	0	0	7	0	0	0	1	0	0	0	0
L1603471-R002	biblical_book	Lev	24	10		11Q1	1606832	3	3	1603471				books/DSS-Leviticus.txt	2729226	1843	2080657	1	2	d81fc4c7405f3d55d605eec8a3733d03e7067f0422eaa0be675b4afc3f0f2c3d	linguistics/books/DSS-Leviticus-Linguistics.txt	4006723	746	cbc931899b1004fc092c49a03cdc44af014ac45d21fc6d7d2b7a81275d7d22c3	NO_LETTER_RECONSTRUCTION_MARKED	1	1	0	0	1	0	0	0	0	0	0	0	0
L1603472-R001	biblical_book	Lev	24	10		11Q1	1606832	3	4	1603472				books/DSS-Leviticus.txt	2731069	3318	2080658-2080670	13	1	78434986d7823c5c1e9e09f6c94b1af79ecf19b7423904d87aee64d1e6b5d6b8	linguistics/books/DSS-Leviticus-Linguistics.txt	4007469	5740	a87e557a5cfa756f6e4033107cf73c1d89eb1e7552219699d7b353ab2fd96f47	NO_LETTER_RECONSTRUCTION_MARKED	37	37	0	1	36	0	1	0	0	0	0	0	0
L1603473-R001	biblical_book	Lev	24	10		11Q1	1606832	3	5	1603473				books/DSS-Leviticus.txt	2734387	3078	2080671-2080684	14	0	52e243ec7a8aa176cef6bd9937db5fe00b2f2ba040e84c91df0f5019c6121cdb	linguistics/books/DSS-Leviticus-Linguistics.txt	4013209	6123	6e9b2b74b1a72912dc94eda98e283e6ec2ccea25458f25d44d06c2b2b810a3e0	NO_LETTER_RECONSTRUCTION_MARKED	37	35	0	0	35	0	0	0	1	0	0	0	0
L1603473-R002	biblical_book	Lev	24	11		11Q1	1606832	3	5	1603473				books/DSS-Leviticus.txt	2737465	1799	2080685-2080687	3	1	2ea5e0e4a5045ee05baca5b8f4ac22194e4929c6eee7a9f96738a9c99df48e18	linguistics/books/DSS-Leviticus-Linguistics.txt	4019332	1495	04f9fa32362c7c0c7280c5891478ce5046a433266fd094327cf77326757f791f	NO_LETTER_RECONSTRUCTION_MARKED	5	5	0	0	5	0	0	0	0	0	0	0	0
L1603474-R001	biblical_book	Lev	24	11		11Q1	1606832	3	6	1603474				books/DSS-Leviticus.txt	2739264	3448	2080688-2080701	14	1	c82d37a8c8cb98437e470aa9e2b9149e71d0632fa53771cf11beb2f36281db68	linguistics/books/DSS-Leviticus-Linguistics.txt	4020827	5932	d4e79d148ddc51e0d853cf3c7a0a9af2fed0b906a3ad737086f6f68f99f44f75	NO_LETTER_RECONSTRUCTION_MARKED	34	33	0	0	33	0	0	0	0	0	0	0	0
L1603475-R001	biblical_book	Lev	24	11		11Q1	1606832	3	7	1603475				books/DSS-Leviticus.txt	2742712	2909	2080702-2080713	12	0	ab81ee36e187f9e1dec12dbd150cec5c65e48c1c02dc0426f41a482fce4abc18	linguistics/books/DSS-Leviticus-Linguistics.txt	4026759	5216	08274307f7db0a35871d21d6130f5185ccb2003586b6cb98e046994aeaa479dc	NO_LETTER_RECONSTRUCTION_MARKED	30	27	0	0	27	0	0	0	1	0	0	0	0
L1603475-R002	biblical_book	Lev	24	12		11Q1	1606832	3	7	1603475				books/DSS-Leviticus.txt	2745621	1819	2080714-2080716	3	1	8fb29048499abd8e4f0f9742759d7168b9012d3a9e14e4ed167e3ffb11c43647	linguistics/books/DSS-Leviticus-Linguistics.txt	4031975	1514	33564ec5eaeeddef38e597c0d68d0d5c4aff6c17002e893e7afa7ec11b39bd5f	NO_LETTER_RECONSTRUCTION_MARKED	7	7	0	0	7	0	0	0	0	0	0	0	0
L1603476-R001	biblical_book	Lev	24	12		11Q1	1606832	3	8	1603476				books/DSS-Leviticus.txt	2747440	2800	2080717-2080726	10	0	b2dbcfc4141292c5a6f72a84669f9c66e4da9eddc5bb341db5afac9e2cc35f78	linguistics/books/DSS-Leviticus-Linguistics.txt	4033489	4324	f1b8d98ffa8bfa4368c12976062891ab71cf6fbd78455faefdfb59f69d75ac17	NO_LETTER_RECONSTRUCTION_MARKED	26	22	0	1	21	0	1	0	1	0	0	0	0
L1603476-R002	biblical_book	Lev	24	13		11Q1	1606832	3	8	1603476				books/DSS-Leviticus.txt	2750240	1840	2080727	1	2	717ce2470aa28d626fae95fd63b10da41749be3e4e55043fc481f0f14d4c16d6	linguistics/books/DSS-Leviticus-Linguistics.txt	4037813	746	431b162f89521e2141daff1a97eb6caeaf716a9cc60c68112cceff8576137944	NO_LETTER_RECONSTRUCTION_MARKED	1	1	0	0	1	0	0	0	0	0	0	0	0
L1603477-R001	biblical_book	Lev	24	13		11Q1	1606832	3	9	1603477				books/DSS-Leviticus.txt	2752080	2256	2080728-2080734	7	0	d666e61c9d6675d48ac0ae77a27ce5ae9601934affa87894ee2cc9da7cf990bb	linguistics/books/DSS-Leviticus-Linguistics.txt	4038559	3143	d34afa2695f82ce15c8ad18489608c3e6aee20f9633e71ca8853b58865f00263	NO_LETTER_RECONSTRUCTION_MARKED	19	17	0	2	15	0	2	0	1	0	0	0	0
L1603477-R002	biblical_book	Lev	24	14		11Q1	1606832	3	9	1603477				books/DSS-Leviticus.txt	2754336	2686	2080735-2080742	8	1	cbc016f1793173527eef35bd1a0e60f5068ad38d627fe5a296daf97e239c7aaa	linguistics/books/DSS-Leviticus-Linguistics.txt	4041702	3489	2c8f67f9ccdd7a73a3631af4ece34d2c3f7c2142c121409511d6ea180a3544a1	NO_LETTER_RECONSTRUCTION_MARKED	20	18	0	2	16	0	2	0	1	0	0	0	0
L1603478-R001	biblical_book	Lev	25	28		11Q1	1606832	4	1	1603478				books/DSS-Leviticus.txt	2757022	5604	2080743-2080762	20	2	de3308d2b7aa240bd06797b5ed41cda1c084d4098ab800b16a0095f3d2960fcb	linguistics/books/DSS-Leviticus-Linguistics.txt	4045191	8440	f46ad97b99d129263cb761e69d0643d0e3219f7890c977b5d6c8ac80a2c4b88f	PARTLY_RECONSTRUCTED	51	46	20	7	19	25	7	0	1	0	0	0	0
L1603479-R001	biblical_book	Lev	25	29		11Q1	1606832	4	2	1603479				books/DSS-Leviticus.txt	2762626	4015	2080763-2080778	16	1	bf30e25d0f1091a3e9be500e14399bca23bd3047bf211fbf2caab06d63bd8983	linguistics/books/DSS-Leviticus-Linguistics.txt	4053631	7053	5193026e773cabf62d77c09cee4defeb6366aef28e382de4fd1ed945e5c94e9d	NO_LETTER_RECONSTRUCTION_MARKED	52	50	0	0	50	0	0	0	0	0	0	0	0
L1603480-R001	biblical_book	Lev	25	29		11Q1	1606832	4	3	1603480				books/DSS-Leviticus.txt	2766641	1692	2080779-2080781	3	0	79114be0ed4442a75e63f74307f511ca19d3636c2d1768d47bceb52221222695	linguistics/books/DSS-Leviticus-Linguistics.txt	4060684	1619	b2b106ddf3be18370905c39ad5b49ec65f1a33abae67575ee3eee196cf7aeeab	NO_LETTER_RECONSTRUCTION_MARKED	12	9	0	0	9	0	0	0	1	0	0	0	0
L1603480-R002	biblical_book	Lev	25	30		11Q1	1606832	4	3	1603480				books/DSS-Leviticus.txt	2768333	4137	2080782-2080799	18	1	6d2575da53d836f9d9f07dfe670cee6f821dc72d5b3c34069247d98deb971234	linguistics/books/DSS-Leviticus-Linguistics.txt	4062303	7509	f38fb61420ed9419306c817976c318f0b01a3e72955ce0c0b031be8f45f778e6	NO_LETTER_RECONSTRUCTION_MARKED	45	43	0	0	43	0	0	0	0	0	0	0	0
L1603481-R001	biblical_book	Lev	25	30		11Q1	1606832	4	4	1603481				books/DSS-Leviticus.txt	2772470	3190	2080800-2080812	13	0	ba7e5e54ef8dcd92489c0fd4b5076c153c99e30c7bb27c30a9de0c73f64148d1	linguistics/books/DSS-Leviticus-Linguistics.txt	4069812	5584	e307342198d4e532f256350e7e3ca6479d2d9172f12e8d23ef753b8be5a1c2f4	NO_LETTER_RECONSTRUCTION_MARKED	37	33	0	0	33	0	0	0	1	0	0	0	0
L1603481-R002	biblical_book	Lev	25	31		11Q1	1606832	4	4	1603481				books/DSS-Leviticus.txt	2775660	2509	2080813-2080819	7	1	5190e7f10cf66f2b7cf0f89390cb3eb9222db840fb956d4229a66b63bd0802e0	linguistics/books/DSS-Leviticus-Linguistics.txt	4075396	3206	323061f3b6fe6dc37569ed8bedad6e4ba40c7bc7c5265ea1aaac62b8e1db535f	NO_LETTER_RECONSTRUCTION_MARKED	19	18	0	0	18	0	0	0	0	0	0	0	0
L1603482-R001	biblical_book	Lev	25	31		11Q1	1606832	4	5	1603482				books/DSS-Leviticus.txt	2778169	3488	2080820-2080834	15	0	1e684183140c0ba826941d388623fd993e2013708464cb1a7b968197ca788923	linguistics/books/DSS-Leviticus-Linguistics.txt	4078602	6484	d3b763775e1f7c74ebfda54ae971a360b51438dc6ebe65665757f021f376ac11	NO_LETTER_RECONSTRUCTION_MARKED	47	41	0	0	41	0	0	0	1	0	0	0	0
L1603482-R002	biblical_book	Lev	25	32		11Q1	1606832	4	5	1603482				books/DSS-Leviticus.txt	2781657	1955	2080835-2080838	4	1	53661ff68a16a3f984662ec590d11e27db4023808ddf555a215d6036e37ab70d	linguistics/books/DSS-Leviticus-Linguistics.txt	4085086	1951	5d52c12a85c35d09bf6b2ead69c077891aa6a181c6c5f6dcd86f2bd1efe4a5ec	NO_LETTER_RECONSTRUCTION_MARKED	9	9	0	0	9	0	0	0	0	0	0	0	0
L1603483-R001	biblical_book	Lev	25	32		11Q1	1606832	4	6	1603483				books/DSS-Leviticus.txt	2783612	2572	2080839-2080847	9	0	8a0f91fa0cfbd02935c903ccafe702a7740e429c61ed631668de46846f027b64	linguistics/books/DSS-Leviticus-Linguistics.txt	4087037	4143	177048e05723d114af1be81b638787db83e6e4dc41f2ae9c65ca65249ba1884d	NO_LETTER_RECONSTRUCTION_MARKED	30	27	0	0	27	0	0	0	1	0	0	0	0
L1603483-R002	biblical_book	Lev	25	33		11Q1	1606832	4	6	1603483				books/DSS-Leviticus.txt	2786184	3216	2080848-2080859	12	1	5902ce8de1aa03171969d783ee264dc43d0b39edd2f692a64e8d485cbcf5e7f9	linguistics/books/DSS-Leviticus-Linguistics.txt	4091180	5158	ae1d1f25437d5682a48db3d599c526bb7335a8113393dabd493edbfd063ca60b	NO_LETTER_RECONSTRUCTION_MARKED	29	29	0	0	28	0	0	0	0	0	1	0	0
L1603484-R001	biblical_book	Lev	25	33		11Q1	1606832	4	7	1603484				books/DSS-Leviticus.txt	2789400	3656	2080860-2080875	16	0	d73589b5f21d8b8325fd2a8860a1b9ca6efdbdf7e49843f4b165bad858205eb8	linguistics/books/DSS-Leviticus-Linguistics.txt	4096338	7038	816b06fef94110340940c7d7ac8d9d922cf792cec7fb3d95142e9699c483fd42	NO_LETTER_RECONSTRUCTION_MARKED	48	44	0	0	44	0	0	0	1	0	0	0	0
L1603484-R002	biblical_book	Lev	25	34		11Q1	1606832	4	7	1603484				books/DSS-Leviticus.txt	2793056	1978	2080876-2080879	4	1	bac156cb44027601532e430ae32066fa14e8fbee5c89b33968d4b531144185a9	linguistics/books/DSS-Leviticus-Linguistics.txt	4103376	1977	7359bcdaf18ee0d2fd39aeed4c66eb1298591cc5507917a52ce7a6411b7b326d	NO_LETTER_RECONSTRUCTION_MARKED	10	10	0	0	10	0	0	0	0	0	0	0	0
L1603485-R001	biblical_book	Lev	25	34		11Q1	1606832	4	8	1603485				books/DSS-Leviticus.txt	2795034	2633	2080880-2080888	9	0	b5e4dd2a1293a9782f849a81d8af95b550f9e2d7091567144cf2433cc6ddc1c6	linguistics/books/DSS-Leviticus-Linguistics.txt	4105353	4033	d5f26489d908a97860f94720dfa7f2348a5c142db35991e9d3dcebbe22143380	NO_LETTER_RECONSTRUCTION_MARKED	29	24	0	0	24	0	0	0	1	0	0	0	0
L1603485-R002	biblical_book	Lev	25	35		11Q1	1606832	4	8	1603485				books/DSS-Leviticus.txt	2797667	3232	2080889-2080898	10	1	79e7ffac5049c02323df97fe3a3e224657bf853ba351817ab2a6367ba7451750	linguistics/books/DSS-Leviticus-Linguistics.txt	4109386	4295	a052177df5855a5bdd90c7d843c6293b985bad036cd7b33e422b1b5559980be2	NO_LETTER_RECONSTRUCTION_MARKED	28	25	0	1	24	0	1	0	0	0	0	0	0
L1603486-R001	biblical_book	Lev	25	35		11Q1	1606832	4	9	1603486				books/DSS-Leviticus.txt	2800899	2586	2080899-2080907	9	0	813a093baa880b7b941bafa2d7e6431da8796627124a4fb60651cefc110ded6c	linguistics/books/DSS-Leviticus-Linguistics.txt	4113681	3896	96af35f1bf0794d71fada452d46a14e046ee3b8de380c0eef70a0076298c4def	NO_LETTER_RECONSTRUCTION_MARKED	21	17	0	1	16	0	1	0	1	0	0	0	0
L1603486-R002	biblical_book	Lev	25	36		11Q1	1606832	4	9	1603486				books/DSS-Leviticus.txt	2803485	4209	2080908-2080923	16	1	22f8aba2789f5d2b66ae767411e26e380ae24cf01e141b0c51dd6c2428d6cebf	linguistics/books/DSS-Leviticus-Linguistics.txt	4117577	6799	aa557120631c5bcd5de8d186ba5459dc0dd0b6631b38f956ed8f6d8e1c41044f	NO_LETTER_RECONSTRUCTION_MARKED	44	38	0	1	37	0	1	0	1	0	0	0	0
L1603487-R001	biblical_book	Lev	26	17		11Q1	1606832	5	1	1603487				books/DSS-Leviticus.txt	2807694	1967	2080924-2080927	4	0	b44381f628a39c3bff5601361d22cfd3bcb688b4afa8800e755fee6ea3e75910	linguistics/books/DSS-Leviticus-Linguistics.txt	4124376	1971	ba485879df7a2fa04416b8f2d9aa42880624409a2b653ef1a80adaffb1477094	PARTLY_RECONSTRUCTED	13	10	3	1	6	6	1	0	1	0	0	0	0
L1603487-R002	biblical_book	Lev	26	18		11Q1	1606832	5	1	1603487				books/DSS-Leviticus.txt	2809661	4420	2080928-2080940	13	2	66e92b493314048018f9e02a76ad754c2f2f2cafec1141ea0fa261c04d2e410a	linguistics/books/DSS-Leviticus-Linguistics.txt	4126347	5663	5866c8b1552dac6a29d463507a305b22a0558cd718393a8ee99a91b7774bf623	PARTLY_RECONSTRUCTED	39	35	19	5	11	22	5	0	1	0	0	0	0
L1603488-R001	biblical_book	Lev	26	18		11Q1	1606832	5	2	1603488				books/DSS-Leviticus.txt	2814081	1690	2080941-2080943	3	0	494d7402c944253c87178a4677c74359c3fdd3d11a116554aa56f7a4a6ef82c6	linguistics/books/DSS-Leviticus-Linguistics.txt	4132010	1584	5ac82da7ff7f6d5023c66863ae18deafbb4ca5748bbaca9e115ae384d135dcc2	NO_LETTER_RECONSTRUCTION_MARKED	11	8	0	0	8	0	0	0	1	0	0	0	0
L1603488-R002	biblical_book	Lev	26	19		11Q1	1606832	5	2	1603488				books/DSS-Leviticus.txt	2815771	3652	2080944-2080956	13	1	f5a1b8f8ed78813c508453922c27b0c2f8e59e2888dd3ea7649cb58fa948d9a7	linguistics/books/DSS-Leviticus-Linguistics.txt	4133594	5734	1cd7b37b06aa38a8ec4a437163dd2124ee06563023e51d91bc60a996ac7531a4	NO_LETTER_RECONSTRUCTION_MARKED	41	38	0	0	38	0	0	0	0	0	0	0	0
L1603489-R001	biblical_book	Lev	26	19		11Q1	1606832	5	3	1603489				books/DSS-Leviticus.txt	2819423	1730	2080957-2080960	4	0	a6394cb99d13b511c949f5477f80784e7c286775e9f7085903a4d22b417bc148	linguistics/books/DSS-Leviticus-Linguistics.txt	4139328	1950	edd3692bdeed22ca40092a7ed8dc7199d051b165dedaeceb41eb5eea5c002721	NO_LETTER_RECONSTRUCTION_MARKED	10	5	0	0	5	0	0	0	1	0	0	0	0
L1603489-R002	biblical_book	Lev	26	20		11Q1	1606832	5	3	1603489				books/DSS-Leviticus.txt	2821153	3996	2080961-2080976	16	1	0a24088f8d849ed0b10d1c3eb07e33d4139a2156a4eb0d729c5d83a4534a52bf	linguistics/books/DSS-Leviticus-Linguistics.txt	4141278	6741	21284bf67db2deeb46bf17b3f8b5227fd71079b72be196a298d7ae42f6e007be	NO_LETTER_RECONSTRUCTION_MARKED	41	38	0	0	38	0	0	0	0	0	0	0	0
L1603490-R001	biblical_book	Lev	26	20		11Q1	1606832	5	4	1603490				books/DSS-Leviticus.txt	2825149	1672	2080977-2080979	3	0	d27d4f18ef9afac64e59b14083d82ae2f8b2bb40e5251c1488c28593afc56094	linguistics/books/DSS-Leviticus-Linguistics.txt	4148019	1566	ed5f9c98be4f1d0d94943afe3ac7ff6be9df47c72cd73c213b62e0a89cf4fd31	NO_LETTER_RECONSTRUCTION_MARKED	10	7	0	0	7	0	0	0	1	0	0	0	0
L1603490-R002	biblical_book	Lev	26	21		11Q1	1606832	5	4	1603490				books/DSS-Leviticus.txt	2826821	3854	2080980-2080994	15	1	d3708355ff1dd7bd676a4cb4c26254c551a94d75ab2928007ed5d6e1c9d3abdb	linguistics/books/DSS-Leviticus-Linguistics.txt	4149585	6246	062b19d001bb69a0d40181bde05eef7c03f411f584e39ae6217cd2a41dca3f23	NO_LETTER_RECONSTRUCTION_MARKED	40	37	0	0	37	0	0	0	0	0	0	0	0
L1603491-R001	biblical_book	Lev	26	21		11Q1	1606832	5	5	1603491				books/DSS-Leviticus.txt	2830675	1958	2080995-2080999	5	0	9fb1bd3c85768d359c0c40db384316fa3bdf5335adc174fb68b3c72d77a8852c	linguistics/books/DSS-Leviticus-Linguistics.txt	4155831	2412	baff014df0f7ebfd62d7067d0155713a4f4ed47dcdea6ff046be61f183a32914	NO_LETTER_RECONSTRUCTION_MARKED	15	12	0	0	12	0	0	0	1	0	0	0	0
L1603491-R002	biblical_book	Lev	26	22		11Q1	1606832	5	5	1603491				books/DSS-Leviticus.txt	2832633	3361	2081000-2081011	12	1	ee0593dc4d033dd2d5262470f69329db330149f629ff22903a0fcbd93515582e	linguistics/books/DSS-Leviticus-Linguistics.txt	4158243	5147	33f190f97f1a608ec5c9463c6b916323ee200e09d6d172a61c24b32a5165f9cf	NO_LETTER_RECONSTRUCTION_MARKED	35	33	0	0	33	0	0	0	0	0	0	0	0
L1603492-R001	biblical_book	Lev	26	22		11Q1	1606832	5	6	1603492				books/DSS-Leviticus.txt	2835994	2967	2081012-2081021	10	0	28b723fba8a7da6fdd1d04400362d9d96a4ab67228feb08023b6a950c2d295ce	linguistics/books/DSS-Leviticus-Linguistics.txt	4163390	4455	695e585987d28a48ab32694b985d93690ddf89b8939632963dea72db1df1ba13	NO_LETTER_RECONSTRUCTION_MARKED	36	31	0	0	31	0	0	0	1	0	0	0	0
L1603492-R002	biblical_book	Lev	26	23		11Q1	1606832	5	6	1603492				books/DSS-Leviticus.txt	2838961	2232	2081022-2081027	6	1	74ac1b0710abd701fc3ae03e8d490fb92600912f92bb26f9583ff104a44fbe5f	linguistics/books/DSS-Leviticus-Linguistics.txt	4167845	2703	29d04b15cbf95024b60ed07849d4dc313eaeb1f89d112190e7ded6d3f47af3bf	NO_LETTER_RECONSTRUCTION_MARKED	13	13	0	0	13	0	0	0	0	0	0	0	0
L1603493-R001	biblical_book	Lev	26	23		11Q1	1606832	5	7	1603493				books/DSS-Leviticus.txt	2841193	2315	2081028-2081034	7	0	acbd10d0ea64eabb8efe066fa9621bdea895584b0d5634a090900f713201acb0	linguistics/books/DSS-Leviticus-Linguistics.txt	4170548	3099	7b86338fbbf48b06f2bf05914a70b75bfd4ec93d3178fd0ac7557afe518efdf2	NO_LETTER_RECONSTRUCTION_MARKED	19	15	0	0	15	0	0	0	1	0	0	0	0
L1603493-R002	biblical_book	Lev	26	24		11Q1	1606832	5	7	1603493				books/DSS-Leviticus.txt	2843508	3197	2081035-2081044	10	1	b1075cc26c1706d69a68e70e536f5cb996d3cae8433369a54ac702cf569f7260	linguistics/books/DSS-Leviticus-Linguistics.txt	4173647	4414	0c981a4e7bfbf1943af9baf0bef855fbc262e9e7db66c148a4aa78ef0506a639	PARTLY_RECONSTRUCTED	31	29	1	0	28	1	0	0	0	0	0	0	0
L1603494-R001	biblical_book	Lev	26	24		11Q1	1606832	5	8	1603494				books/DSS-Leviticus.txt	2846705	2113	2081045-2081049	5	0	36bf3312a152b88dbacd67a079d65c16849b78ed4e0e687e478122f4fa48ad4d	linguistics/books/DSS-Leviticus-Linguistics.txt	4178061	2454	b460bcd14d890776cefc25f4c576259db82a1d8969226750f0aece9ce077b358	NO_LETTER_RECONSTRUCTION_MARKED	18	15	0	1	14	0	1	0	1	0	0	0	0
L1603494-R002	biblical_book	Lev	26	25		11Q1	1606832	5	8	1603494				books/DSS-Leviticus.txt	2848818	2941	2081050-2081058	9	1	270779e50061e2af812e76c18cc7436e0c691a682c9acf347b0edd6fbf2823a4	linguistics/books/DSS-Leviticus-Linguistics.txt	4180515	4027	26474178beb36f535ba2d6e8125e66c236a4d8ab982819e11ae26a0d19df66bb	NO_LETTER_RECONSTRUCTION_MARKED	30	29	0	1	28	0	1	0	0	0	0	0	0
L1603495-R001	biblical_book	Lev	26	25		11Q1	1606832	5	9	1603495				books/DSS-Leviticus.txt	2851759	3566	2081059-2081072	14	0	a246180e0e97e4c999bad978cb1e04b78c041d94167f5c455a3d43b26d62e844	linguistics/books/DSS-Leviticus-Linguistics.txt	4184542	6019	9ba600672b0dd8711e7a8f7ebc5beac573f1744fc09fbcce475bf48a3eb85bc9	PARTLY_RECONSTRUCTED	41	37	1	3	33	1	3	0	1	0	0	0	0
L1603495-R002	biblical_book	Lev	26	26		11Q1	1606832	5	9	1603495				books/DSS-Leviticus.txt	2855325	2383	2081073-2081077	5	1	df956c6f1467c787a9f412397780588bbf3d55c9a8413587fce5e458b751db19	linguistics/books/DSS-Leviticus-Linguistics.txt	4190561	2349	09c3fc42ed928abd8b1f9755bbef0e213669697eb994df735bacdb9ec9e8c1e1	NO_LETTER_RECONSTRUCTION_MARKED	15	11	0	0	11	0	0	0	1	0	0	0	0
L1603496-R001	biblical_book	Lev	27	11		11Q1	1606832	6	1	1603496				books/DSS-Leviticus.txt	2857708	3107	2081078-2081088	11	0	3a503282d8e633dfcb73904bc4ed9cdcfe45807589f26c4157fda9d19dd9d265	linguistics/books/DSS-Leviticus-Linguistics.txt	4192910	4777	bf6f5bba3bba1a544c6a8562c86166f8b4964210c172e37ecd549111f5cf5640	PARTLY_RECONSTRUCTED	28	24	2	4	18	4	4	0	3	0	0	0	0
L1603496-R002	biblical_book	Lev	27	12		11Q1	1606832	6	1	1603496				books/DSS-Leviticus.txt	2860815	3765	2081089-2081097	9	2	9462795bd7c3a40c4bc4c05b045b2b662aaf8855d3e9a49c10b2d8901e3df409	linguistics/books/DSS-Leviticus-Linguistics.txt	4197687	4078	aab84e4478c01df420e294a3222d4fd19c95296136e06211f73dd1f284921f23	PARTLY_RECONSTRUCTED	28	23	2	6	15	6	6	0	4	0	0	0	0
L1603497-R001	biblical_book	Lev	27	12		11Q1	1606832	6	2	1603497				books/DSS-Leviticus.txt	2864580	2344	2081098-2081105	8	0	8fab5379c61d882666600a3cb969038c252df16ec23b933d3b44977a72e63181	linguistics/books/DSS-Leviticus-Linguistics.txt	4201765	3527	d84658cdd6370b1507e015b997a7efac328491de2698225eec740670b4c083d5	NO_LETTER_RECONSTRUCTION_MARKED	20	17	0	0	17	0	0	0	1	0	0	0	0
L1603497-R002	biblical_book	Lev	27	13		11Q1	1606832	6	2	1603497				books/DSS-Leviticus.txt	2866924	2939	2081106-2081115	10	0	f34beb6d46f41e1df47c4ddb04430cbd34a86f8d1263ce3fda76c29e89bd7661	linguistics/books/DSS-Leviticus-Linguistics.txt	4205292	4429	78f007c78a0cda801b7d3fc2680bbb0897319326aa58c0f61058867c9a17816d	NO_LETTER_RECONSTRUCTION_MARKED	34	29	0	0	29	0	0	0	1	0	0	0	0
L1603497-R003	biblical_book	Lev	27	14		11Q1	1606832	6	2	1603497				books/DSS-Leviticus.txt	2869863	1651	2081116-2081117	2	1	ae2b6a5865685b7a6a5c5c03df245c5a6a3b103aa7b8dac988183a90e4126215	linguistics/books/DSS-Leviticus-Linguistics.txt	4209721	1095	b29ced019ec60dda693cb377d6f65f97fcc52cb693cd09d3af17da28bfec6213	NO_LETTER_RECONSTRUCTION_MARKED	2	2	0	0	2	0	0	0	0	0	0	0	0
L1603498-R001	biblical_book	Lev	27	14		11Q1	1606832	6	3	1603498				books/DSS-Leviticus.txt	2871514	4073	2081118-2081134	17	1	cde3a2229aa1273d457d8ce99ba910518d4bbea00a27d17c3253ef43449d86c0	linguistics/books/DSS-Leviticus-Linguistics.txt	4210816	7254	528c6d1e505d5976c25d8a9f64243e06e6b8699b90d7aad79116b189204b500b	NO_LETTER_RECONSTRUCTION_MARKED	48	46	0	0	46	0	0	0	0	0	0	0	0
L1603499-R001	biblical_book	Lev	27	14		11Q1	1606832	6	4	1603499				books/DSS-Leviticus.txt	2875587	2512	2081135-2081143	9	0	9f0921d759c0b6b85d1732bb8beae9eb7850f0f17a6e23635f4d7e55a6dc33b5	linguistics/books/DSS-Leviticus-Linguistics.txt	4218070	3946	9e8c4d9e7df4be7dc985631cec7fdaf463044e9576e4540810f5ab0da1e6c401	NO_LETTER_RECONSTRUCTION_MARKED	25	22	0	0	22	0	0	0	1	0	0	0	0
L1603499-R002	biblical_book	Lev	27	15		11Q1	1606832	6	4	1603499				books/DSS-Leviticus.txt	2878099	2799	2081144-2081152	9	1	73d51c556ee131a8cffd07d46cc337504d2aa42c52b79287789c1352cad3dc36	linguistics/books/DSS-Leviticus-Linguistics.txt	4222016	3956	6bd072338f683305de820af996785ab4a366c4906ccd4ec3369fdaf62322ce89	PARTLY_RECONSTRUCTED	24	23	1	0	22	1	0	0	0	0	0	0	0
L1603500-R001	biblical_book	Lev	27	15		11Q1	1606832	6	5	1603500				books/DSS-Leviticus.txt	2880898	2626	2081153-2081160	8	0	aaee6164a88962b354f63532b7697c0363167c3f65bfcbb17c1d03390aaca0f1	linguistics/books/DSS-Leviticus-Linguistics.txt	4225972	3627	b2ea8913e3212fe2c9f2756135d7c5ada4aa1df09c861b97641302631b0edbf7	NO_LETTER_RECONSTRUCTION_MARKED	27	22	0	0	22	0	0	0	1	0	0	0	0
L1603500-R002	biblical_book	Lev	27	16		11Q1	1606832	6	5	1603500				books/DSS-Leviticus.txt	2883524	2657	2081161-2081168	8	1	4b361fe3ec2f8f0aeb8664710789b520bccc76c67ea5dc8bccc5d1e9b29e57b3	linguistics/books/DSS-Leviticus-Linguistics.txt	4229599	3603	7c3c27a949dddc9eb3dc174a36e2e416e5e8e5d61a639601bf7b7d688fc452d3	NO_LETTER_RECONSTRUCTION_MARKED	22	21	0	0	21	0	0	0	0	0	0	0	0
L1603501-R001	biblical_book	Lev	27	16		11Q1	1606832	6	6	1603501				books/DSS-Leviticus.txt	2886181	3526	2081169-2081183	15	0	5a376de660aa1b80a618eda9ffa551f73cc31e11ccb2654eb7a0717357dfeec8	linguistics/books/DSS-Leviticus-Linguistics.txt	4233202	6554	202d6e7f90aaa53cb77a70a0a8265e02b7c1bf799dc264f25558ad9dfe1248fc	NO_LETTER_RECONSTRUCTION_MARKED	46	42	0	0	42	0	0	0	1	0	0	0	0
L1603501-R002	biblical_book	Lev	27	17		11Q1	1606832	6	6	1603501				books/DSS-Leviticus.txt	2889707	1671	2081184-2081185	2	1	7783c1d53aca9a90089f499c347130b8079c5e481193151fcb2e29abe417f7ec	linguistics/books/DSS-Leviticus-Linguistics.txt	4239756	1139	c712f713a8f9bbd092c2a309e9f51e632ae22eeca02aa184100b8f21c645f093	NO_LETTER_RECONSTRUCTION_MARKED	3	3	0	0	3	0	0	0	0	0	0	0	0
L1603502-R001	biblical_book	Lev	27	17		11Q1	1606832	6	7	1603502				books/DSS-Leviticus.txt	2891378	2675	2081186-2081194	9	0	8fbdc5048b73b10c0ca012e14ccebf2e00acec642f3268e35238a66343bd399b	linguistics/books/DSS-Leviticus-Linguistics.txt	4240895	4029	8582b83953905ac0db4074603054ce473fcb93e89cbd0212cbdb4e1377e5bd13	NO_LETTER_RECONSTRUCTION_MARKED	30	26	0	0	26	0	0	0	1	0	0	0	0
L1603502-R002	biblical_book	Lev	27	18		11Q1	1606832	6	7	1603502				books/DSS-Leviticus.txt	2894053	2384	2081195-2081201	7	1	9aa29f22576307992e376101c339f27f2258563a2cb9cdd989d1479dcca74f42	linguistics/books/DSS-Leviticus-Linguistics.txt	4244924	3118	6a5f2029b187665c94a92a9f2c34305458871c96b259ea57f053371f0d29d92f	NO_LETTER_RECONSTRUCTION_MARKED	17	17	0	0	17	0	0	0	0	0	0	0	0
L1603503-R001	biblical_book	Lev	27	18		11Q1	1606832	6	8	1603503				books/DSS-Leviticus.txt	2896437	4544	2081202-2081222	21	1	33228ed275f027d0e20e4ac4439254e323dc34ad410d030268fcc9d25b5fee82	linguistics/books/DSS-Leviticus-Linguistics.txt	4248042	8662	f9477683ddab4e2bd022aba855984ccf3be4a33fb3a3b807bebc388fd763b8d0	NO_LETTER_RECONSTRUCTION_MARKED	50	48	0	1	47	0	1	0	0	0	0	0	0
L1603504-R001	biblical_book	Lev	27	18		11Q1	1606832	6	9	1603504				books/DSS-Leviticus.txt	2900981	1761	2081223-2081226	4	0	c128a66673c9075dc738d79966d2023dbd01692caa685eb11d443f834a7bfdfe	linguistics/books/DSS-Leviticus-Linguistics.txt	4256704	1931	85fdfedc9b47f124b339bcf840dc0ddee9d2edfccf6e416ddc0019d0ffb92463	NO_LETTER_RECONSTRUCTION_MARKED	9	6	0	0	6	0	0	0	1	0	0	0	0
L1603504-R002	biblical_book	Lev	27	19		11Q1	1606832	6	9	1603504				books/DSS-Leviticus.txt	2902742	4239	2081227-2081242	16	1	eff75eaeef0e421d095c7c56de54da9324a84560c41079fc9c960d22ee91b0f5	linguistics/books/DSS-Leviticus-Linguistics.txt	4258635	6787	c39f0deb9e2bc468ca0d8cb8616c1c593aa6ce0fd6b0e215b36161f291150b6e	NO_LETTER_RECONSTRUCTION_MARKED	45	40	0	3	37	1	3	0	2	0	0	1	0
L1603534-R001	biblical_book	Lev	7	34		11Q2	1606833	f1i	1	1603534				books/DSS-Leviticus.txt	2907031	4027	2081371-2081386	16	1	c11d8355d6c9e37c92badf1b45f1302f4b650039c95eeeedaf6a856fc26020d2	linguistics/books/DSS-Leviticus-Linguistics.txt	4265472	6702	3afdcbbb4503030a183ad7440d05577d24fc68e31068a214933b3c4e74f3ee2f	PARTLY_RECONSTRUCTED	37	35	32	1	2	34	1	0	0	0	0	0	0
L1603535-R001	biblical_book	Lev	7	34		11Q2	1606833	f1i	2	1603535				books/DSS-Leviticus.txt	2911058	1447	2081387-2081388	2	0	85d372f3b7213edcbc24519859c2e393ede7d1e2da717a9f09c512397cc83796	linguistics/books/DSS-Leviticus-Linguistics.txt	4272174	1214	563045ab902559369bcf798179e7275cd7034ed11ae5ca9908e31a8603e781ca	ALL_LETTER_SLOTS_RECONSTRUCTED	7	5	5	0	0	7	0	0	1	0	0	0	0
L1603535-R002	biblical_book	Lev	7	35		11Q2	1606833	f1i	2	1603535				books/DSS-Leviticus.txt	2912505	2934	2081389-2081397	9	1	7c987786f7149e21b9fa1c6f4fbf23be5c048ebba7d2a4a19e60d7ebb13f9920	linguistics/books/DSS-Leviticus-Linguistics.txt	4273388	4090	c3412f6a3b19ac0f10b56bdae0159fae1f3aa7bdddbb140568f0e028327ec5a7	PARTLY_RECONSTRUCTED	28	25	22	0	3	23	0	0	1	0	0	0	0
L1603536-R001	biblical_book	Lev	8	8		11Q2	1606833	f1ii	1	1603536				books/DSS-Leviticus.txt	2915439	4396	2081398-2081416	19	1	56fb7f1e96bae3c95ac363c117791f192bd81f4d918777eb2f978bd190fb4693	linguistics/books/DSS-Leviticus-Linguistics.txt	4277478	7787	2659e9d7ba15c5732ab2aa665a16d4520ced4ce4d3b3534ddb7bc451b9980f51	PARTLY_RECONSTRUCTED	43	40	37	1	2	38	1	0	1	0	0	0	0
L1603537-R001	biblical_book	Lev	9	23		11Q2	1606833	f2	1	1603537				books/DSS-Leviticus.txt	2919835	2991	2081417-2081428	12	0	f260edc9dac406485d43668f676d0eab6483c582bdb01ca997c78a1a5cc08d76	linguistics/books/DSS-Leviticus-Linguistics.txt	4285265	5104	9bae18bafcd943d26ce0a635104f625436debf91b952f873e2f6d076ed83291e	PARTLY_RECONSTRUCTED	29	27	20	2	5	22	2	1	1	0	0	0	0
L1603537-R002	biblical_book	Lev	9	23		11Q2	1606833	f2	1	1603537			paleohebrew	books/DSS-Leviticus.txt	2922826	1607	2081429	1	1	ca6fe6cbb20c3094d645f262e6ebc5817cafb035743384c5ae89cecb70c399b7	linguistics/books/DSS-Leviticus-Linguistics.txt	4290369	810	40d06917ba9ba27d83a71494109636d819424df765caede4222206a9aa56fd2e	ALL_LETTER_SLOTS_RECONSTRUCTED	4	4	4	0	0	4	0	0	0	0	0	0	0
L1603538-R001	biblical_book	Lev	9	23		11Q2	1606833	f2	2	1603538				books/DSS-Leviticus.txt	2924433	1842	2081430-2081434	5	0	9a5a7a85ff689c64e0c080b188b9c3ef2f0654912fc048e216a22ab3a7e85d23	linguistics/books/DSS-Leviticus-Linguistics.txt	4291179	2262	d1144b5a64df8e00eba1ca4ec5c2d1497e576d4e12521c4d378386417c0f530a	ALL_LETTER_SLOTS_RECONSTRUCTED	10	8	8	0	0	10	0	0	1	0	0	0	0
L1603538-R002	biblical_book	Lev	9	24		11Q2	1606833	f2	2	1603538				books/DSS-Leviticus.txt	2926275	2046	2081435-2081440	6	0	d9b5d3c0127eb49aecb68e5c91c9a8c60c485c9e4c75b30ed14c310f5e8cdd6b	linguistics/books/DSS-Leviticus-Linguistics.txt	4293441	2731	9f88d17d45485ebdf10f0985a75b3ae7cf93ecf51c81d7453b97f27e18291319	PARTLY_RECONSTRUCTED	11	11	3	1	7	3	1	0	0	0	0	0	0
L1603538-R003	biblical_book	Lev	9	24		11Q2	1606833	f2	2	1603538			paleohebrew	books/DSS-Leviticus.txt	2928321	1275	2081441	1	0	9320ace697eae7da44270b043e05078841f3468fe3e9bfd09176d60d783e4f9d	linguistics/books/DSS-Leviticus-Linguistics.txt	4296172	810	47ebd79cdb075a11f0e4edb3fc5cc6880e919ba7e53eda6aaf1d8037477b2447	NO_LETTER_RECONSTRUCTION_MARKED	4	4	0	0	4	0	0	0	0	0	0	0	0
L1603538-R004	biblical_book	Lev	9	24		11Q2	1606833	f2	2	1603538				books/DSS-Leviticus.txt	2929596	1853	2081442-2081444	3	1	5d6593c3fb486a5c2efa8e2b9a27199f5f0996e6b4e948ca96e4b4590e9499ad	linguistics/books/DSS-Leviticus-Linguistics.txt	4296982	1549	d71466aaf935d0cc0b248e957da279f0a2bf5cf9a90b4639f298e2f8f85791ea	ALL_LETTER_SLOTS_RECONSTRUCTED	7	7	7	0	0	7	0	0	0	0	0	0	0
L1603539-R001	biblical_book	Lev	9	24		11Q2	1606833	f2	3	1603539				books/DSS-Leviticus.txt	2931449	3506	2081445-2081458	14	1	ce803b5a28a6ff8f01fe3c967aac6f4acdfe78cd7cfca9848a52e86e525d17c6	linguistics/books/DSS-Leviticus-Linguistics.txt	4298531	5924	e64cae0a840fdfcf4604f1d2587331abe1ecb0b1f496551fdb3af22ae91cd27c	PARTLY_RECONSTRUCTED	32	32	19	0	13	19	0	0	0	0	0	0	0
L1603540-R001	biblical_book	Lev	9	24		11Q2	1606833	f2	4	1603540				books/DSS-Leviticus.txt	2934955	2542	2081459-2081467	9	0	3dc46909b247f252e1ff2d0ef42a30c1bb50a1f51cd5365a895c2c8914d430db	linguistics/books/DSS-Leviticus-Linguistics.txt	4304455	3891	8e6489921bb3246ab2a27d7847b5e8bee5a8d675fdd316318afbce67631743dd	PARTLY_RECONSTRUCTED	24	21	14	0	7	14	0	0	1	0	0	0	0
L1603540-R002	biblical_book	Lev	10	1		11Q2	1606833	f2	4	1603540				books/DSS-Leviticus.txt	2937497	2239	2081468-2081472	5	1	8ae453f89d5851a190ff6d90907e3115259e9505f33077c6183a6c8df5b88803	linguistics/books/DSS-Leviticus-Linguistics.txt	4308346	2471	aba0a4c4984b1ca055f42fb9b9e7c83a736015be47db4abdb90d6164ce8c06b0	PARTLY_RECONSTRUCTED	16	16	10	1	5	10	1	0	0	0	0	0	0
L1603541-R001	biblical_book	Lev	10	1		11Q2	1606833	f2	5	1603541				books/DSS-Leviticus.txt	2939736	3463	2081473-2081483	11	1	1340028e7f13685e7e201bf05b97efda3649cc2c955ba05ab26781f25a17a1f6	linguistics/books/DSS-Leviticus-Linguistics.txt	4310817	4918	1ba9a286a570c0919d8c1a73de2c3c5c97ab5973a33b64359b2af70dff41bc40	PARTLY_RECONSTRUCTED	36	34	20	1	13	20	1	0	0	0	0	0	0
L1603542-R001	biblical_book	Lev	10	1		11Q2	1606833	f2	6	1603542				books/DSS-Leviticus.txt	2943199	2447	2081484-2081489	6	0	30e10b1a4df7d63f8d42aa3453234ade036b961d034a613022dee91c14870909	linguistics/books/DSS-Leviticus-Linguistics.txt	4315735	2862	430774e2ebe54011f8051bf061eaccced72b0de988e01d6975b9b47d6f570d4c	PARTLY_RECONSTRUCTED	21	20	10	4	6	11	4	0	0	0	0	0	0
L1603542-R002	biblical_book	Lev	10	1		11Q2	1606833	f2	6	1603542			paleohebrew	books/DSS-Leviticus.txt	2945646	1337	2081490	1	0	7bb97c7ec526885a9e92bb2eee2e3150257480d8d77654e65d2ccbfd9a30a704	linguistics/books/DSS-Leviticus-Linguistics.txt	4318597	810	43152d144430ada8eeaa512057cabf72e041c0e22f28990a6022d7c7844f546d	PARTLY_RECONSTRUCTED	4	4	1	0	3	1	0	0	0	0	0	0	0
L1603542-R003	biblical_book	Lev	10	1		11Q2	1606833	f2	6	1603542				books/DSS-Leviticus.txt	2946983	1873	2081491-2081493	3	1	860c8d0d0df8be9dd8950fabf435880f1a40f626c584699a8610dd3db72eb25e	linguistics/books/DSS-Leviticus-Linguistics.txt	4319407	1592	2ff681e4c176cd9e7869db5b8e8ee8d3203bd5972f3baf96d1890929188fd282	ALL_LETTER_SLOTS_RECONSTRUCTED	8	8	8	0	0	8	0	0	0	0	0	0	0
L1603543-R001	biblical_book	Lev	10	1		11Q2	1606833	f2	7	1603543				books/DSS-Leviticus.txt	2948856	1402	2081494-2081495	2	0	4b7f9f2593e025fc101e3c6aa0674c99a1720da77035b50d6ad0c4a84835eede	linguistics/books/DSS-Leviticus-Linguistics.txt	4320999	1175	af6654dc91c9b71396b5660210399718089996299c55787b0ada7401f7bda74b	ALL_LETTER_SLOTS_RECONSTRUCTED	6	6	6	0	0	6	0	0	0	0	0	0	0
L1603543-R002	biblical_book	Lev	10	1		11Q2	1606833	f2	7	1603543			paleohebrew	books/DSS-Leviticus.txt	2950258	1337	2081496	1	0	1e24aefb59513a6d2f534111c952cdba07e0407071217ebe760104cefe7922ca	linguistics/books/DSS-Leviticus-Linguistics.txt	4322174	809	db7dfb9e0097b67bf41b221b7017b9573852a25c4e41ac8560d31e9dd72afbe7	PARTLY_RECONSTRUCTED	4	4	3	0	1	3	0	0	0	0	0	0	0
L1603543-R003	biblical_book	Lev	10	1		11Q2	1606833	f2	7	1603543				books/DSS-Leviticus.txt	2951595	1523	2081497-2081498	2	0	ad7ae157c134924e4299910f919bc9a0a80330e98dbf20093114197287041e27	linguistics/books/DSS-Leviticus-Linguistics.txt	4322983	1136	87c179044c225207e5f4382ef7f68a4f430ceee4e4da53b8887d3e5128229d24	NO_LETTER_RECONSTRUCTION_MARKED	7	4	0	0	4	0	0	0	1	0	0	0	0
L1603543-R004	biblical_book	Lev	10	2		11Q2	1606833	f2	7	1603543				books/DSS-Leviticus.txt	2953118	1900	2081499-2081504	6	0	aea3975746e05182f295b75f806790af56e403cead8742593afdde3a71c85823	linguistics/books/DSS-Leviticus-Linguistics.txt	4324119	2725	f76bc8b8006a1f772c9056d704294ed486e977ec1cbb4ebe5a8c788d5dd11c15	PARTLY_RECONSTRUCTED	11	11	7	0	4	7	0	0	0	0	0	0	0
L1603543-R005	biblical_book	Lev	10	2		11Q2	1606833	f2	7	1603543			paleohebrew	books/DSS-Leviticus.txt	2955018	1607	2081505	1	1	544c30ecc9e92f6fb888602a9e1b3edee8f46d198fa46f80e2c005f991b60252	linguistics/books/DSS-Leviticus-Linguistics.txt	4326844	810	7027aa942950d683604b4d5fd726c451fbd74320596ba9c18b60a6d9b3492e12	ALL_LETTER_SLOTS_RECONSTRUCTED	4	4	4	0	0	4	0	0	0	0	0	0	0
L1603544-R001	biblical_book	Lev	10	2		11Q2	1606833	f2	8	1603544				books/DSS-Leviticus.txt	2956625	2265	2081506-2081512	7	0	e00835d29b73dc15914e21e88a5dc91b7c2de9ddf02630b370db6a266e3e864c	linguistics/books/DSS-Leviticus-Linguistics.txt	4327654	3175	243d69c706100c382b5a72e5324c7d86bbe0641b95122a5fa914f72b7d661657	PARTLY_RECONSTRUCTED	21	20	19	0	1	20	0	0	0	0	0	0	0
L1603544-R002	biblical_book	Lev	10	2		11Q2	1606833	f2	8	1603544			paleohebrew	books/DSS-Leviticus.txt	2958890	1276	2081513	1	0	4b4006e6e0db02715321a4c19e1306318851480fce3066cbdd72efdbbe1baea4	linguistics/books/DSS-Leviticus-Linguistics.txt	4330829	805	fd0db836eacd71d35a2bc60fa56c37da07f7a894e545c1970af9ce2ee2837869	ALL_LETTER_SLOTS_RECONSTRUCTED	4	4	4	0	0	4	0	0	0	0	0	0	0
L1603544-R003	biblical_book	Lev	10	2		11Q2	1606833	f2	8	1603544				books/DSS-Leviticus.txt	2960166	1568	2081514	1	1	665e1326ab6a6e0100422784a18495cdaf89857f8d01c685eadd2abdadf567d2	linguistics/books/DSS-Leviticus-Linguistics.txt	4331634	721	33a98917d1bd234a03f3e74f283f3d462f324c5f08d6dc0d6425c8adfedc3759	NO_LETTER_SLOTS	2	0	0	0	0	2	0	0	1	0	0	0	0
L1603545-R001	biblical_book	Lev	13	57		11Q2	1606833	f3	1	1603545				books/DSS-Leviticus.txt	2961734	2269	2081515-2081519	5	1	33c687cb44640edb54231f397fdb520a665efc04136311e5e16096ee2d3b66ae	linguistics/books/DSS-Leviticus-Linguistics.txt	4332355	2188	5802cb7d852e3c7163a8d9217df2a534691f0d0fa47fcf380864546fd67de33e	NO_LETTER_SLOTS	10	0	0	0	0	5	2	2	5	0	0	0	0
L1603546-R001	biblical_book	Lev	13	58		11Q2	1606833	f3	2	1603546				books/DSS-Leviticus.txt	2964003	3716	2081520-2081534	15	1	c05181b18d92a37921bcd60cab7969616ed1d06f214e62bb5d4f4bcab14341ba	linguistics/books/DSS-Leviticus-Linguistics.txt	4334543	6336	45fee5fc162c3e71562deba853b060027dd2d6267dc2a52b30f168c78a4bf845	PARTLY_RECONSTRUCTED	32	32	26	1	5	26	1	0	0	0	0	0	0
L1603547-R001	biblical_book	Lev	13	58		11Q2	1606833	f3	3	1603547				books/DSS-Leviticus.txt	2967719	3067	2081535-2081546	12	0	30a60d61788de77d02fd70b96d1d9f16f8438c21156b0e670b96c51977cef6ae	linguistics/books/DSS-Leviticus-Linguistics.txt	4340879	5096	33516283967bd6a932fd506d996df40c1721fad44190f3868e9cf011070d54a0	PARTLY_RECONSTRUCTED	29	26	14	1	10	17	1	0	1	0	1	0	0
L1603547-R002	biblical_book	Lev	13	59		11Q2	1606833	f3	3	1603547				books/DSS-Leviticus.txt	2970786	1577	2081547	1	1	883c97640d87493300f18251ba6456cf3fcc2d9ffe1dab1cb72511480d25db7c	linguistics/books/DSS-Leviticus-Linguistics.txt	4345975	785	d5c634d23fabe1740910f904642e82a8bb2d563a2651cfd1f5f85f7d8281a99f	ALL_LETTER_SLOTS_RECONSTRUCTED	4	4	4	0	0	4	0	0	0	0	0	0	0
L1603548-R001	biblical_book	Lev	13	59		11Q2	1606833	f3	4	1603548				books/DSS-Leviticus.txt	2972363	2947	2081548-2081556	9	1	42c7aeb20c016b79d300dbafd8b78ac27eb748a733c353b26eb5673b33639c7a	linguistics/books/DSS-Leviticus-Linguistics.txt	4346760	4219	2028090f59ac56ed8e6a8bd5c643f08188ded1e52ccd90c39f9f208f4ba8c772	PARTLY_RECONSTRUCTED	30	30	17	1	12	17	1	0	0	0	0	0	0
L1603549-R001	biblical_book	Lev	13	59		11Q2	1606833	f3	5	1603549				books/DSS-Leviticus.txt	2975310	3581	2081557-2081568	12	1	cb126a9abf19bdf0bec09c1a80223cbe52a32bae78866bc29642a80a954d9dfc	linguistics/books/DSS-Leviticus-Linguistics.txt	4350979	5189	3832f504af16985cbafaf20c8bf755ab4fbe90237800e44073f20df88f8e2cc4	PARTLY_RECONSTRUCTED	32	28	15	2	11	18	2	0	1	0	0	0	0
L1603550-R001	biblical_book	Lev	13	59		11Q2	1606833	f3	6	1603550				books/DSS-Leviticus.txt	2978891	2246	2081569-2081571	3	2	07705706d116f0ee83a6e1cfac4e886771a601e25a2c918b1903e03accd30c51	linguistics/books/DSS-Leviticus-Linguistics.txt	4356168	1450	3e996fe1f99d4584fd4d670487afe194de73b09f8f8c12c0f4f5fd75935cb38a	NO_LETTER_SLOTS	6	0	0	0	0	4	0	2	3	0	0	0	0
L1603551-R001	biblical_book	Lev	14	16		11Q2	1606833	f4	1	1603551				books/DSS-Leviticus.txt	2981137	2279	2081572-2081577	6	0	9aa5f30e61c85358d2fe63a64d217a9daf00039accd09ca32273490118453344	linguistics/books/DSS-Leviticus-Linguistics.txt	4357618	2918	f1b5eaeafbc5ae095394ff1158fbdb36504033971367708b0563daa32524465a	PARTLY_RECONSTRUCTED	19	18	13	1	4	13	1	0	0	0	0	0	0
L1603551-R002	biblical_book	Lev	14	16		11Q2	1606833	f4	1	1603551			paleohebrew	books/DSS-Leviticus.txt	2983416	1278	2081578	1	0	86d02e6fc7ea3566cae30f066740d69cd61b4f58d7aad499a119f5b309ff9422	linguistics/books/DSS-Leviticus-Linguistics.txt	4360536	808	b9cd38b6b0eb1f7eecd201bcd6596c3c2a1299a7349f1305b2d0319500959ca1	ALL_LETTER_SLOTS_RECONSTRUCTED	4	4	4	0	0	4	0	0	0	0	0	0	0
L1603551-R003	biblical_book	Lev	14	16		11Q2	1606833	f4	1	1603551				books/DSS-Leviticus.txt	2984694	1244	2081579	1	0	e5dc4ddd2f2b0b10043c0bd4917db7de88d209f63ffef921968382580f8d887c	linguistics/books/DSS-Leviticus-Linguistics.txt	4361344	724	cb110a38f5577f87e8a4a77c7b8504bfa4fa99d42356ddb035244682127891ce	NO_LETTER_SLOTS	2	0	0	0	0	2	0	0	1	0	0	0	0
L1603551-R004	biblical_book	Lev	14	17		11Q2	1606833	f4	1	1603551				books/DSS-Leviticus.txt	2985938	2264	2081580-2081585	6	1	943cd796068e62ed1570f48776cb08111898b1b93535b07be07cb34ae48d769e	linguistics/books/DSS-Leviticus-Linguistics.txt	4362068	2760	442cc2d15b6f0d2e474cd9ff494dbe1eb49f0c294274725c604aa9e3ca788e96	ALL_LETTER_SLOTS_RECONSTRUCTED	12	12	12	0	0	12	0	0	0	0	0	0	0
L1603552-R001	biblical_book	Lev	14	17		11Q2	1606833	f4	2	1603552				books/DSS-Leviticus.txt	2988202	3569	2081586-2081598	13	1	74d9c6b26e985632627aaf7e6303784cc07751d65b2d53aaf46d6300b1c3f3d7	linguistics/books/DSS-Leviticus-Linguistics.txt	4364828	5610	df85d37385b3b9f28bd3a794ccd084917c838b70182c9a26aa127bcc3cb044f9	PARTLY_RECONSTRUCTED	35	32	31	1	0	32	1	0	1	0	0	0	0
L1603553-R001	biblical_book	Lev	15	18		11Q2	1606833	f5+6	1	1603553				books/DSS-Leviticus.txt	2991771	3710	2081599-2081612	14	1	87fe07d72d6d6924d158fe58a3e0ec8a8aef6ba3191259e96c9bdd5f6be7e10e	linguistics/books/DSS-Leviticus-Linguistics.txt	4370438	5983	f3aa202d488b98fe855ac18dec27be6eccabb863bf322c6cebdb3b5151e07e59	PARTLY_RECONSTRUCTED	36	33	31	1	1	34	1	0	1	0	0	0	0
L1603554-R001	biblical_book	Lev	15	19		11Q2	1606833	f5+6	2	1603554				books/DSS-Leviticus.txt	2995481	3473	2081613-2081623	11	1	e6a3295797273ee1603a397e74bfa4825325a1a8dccea887348797b4a9e9aa52	linguistics/books/DSS-Leviticus-Linguistics.txt	4376421	4822	9763343edc0a8ccc1728d793f0aed88ad9a46852cfc4173dcd9b56bfb9aa81a4	PARTLY_RECONSTRUCTED	32	28	16	2	10	18	2	0	1	0	0	0	0
L1603555-R001	biblical_book	Lev	25	31		11Q2	1606833	f7	1	1603555				books/DSS-Leviticus.txt	2998954	2810	2081624-2081632	9	0	0c05e0fcbdd230f24588f36bed6ecc25af9101e41ff67dac010fff794f4b0726	linguistics/books/DSS-Leviticus-Linguistics.txt	4381243	3980	ba048bc30ec9047737f8cdfa64a5102f29ccc841efbddba15892f513ab8d90a3	PARTLY_RECONSTRUCTED	24	19	12	4	3	16	4	1	2	0	0	0	0
L1603555-R002	biblical_book	Lev	25	32		11Q2	1606833	f7	1	1603555				books/DSS-Leviticus.txt	3001764	2159	2081633-2081637	5	1	6cb3540f30623e4bbeae6d18d8424fa7f4b5ad488fbca7f47d6a2a1ffe809009	linguistics/books/DSS-Leviticus-Linguistics.txt	4385223	2398	acb5e751e2643a13dafc92c359a9949f9a1a0d60b31e7dbfd44c9fbf570486bf	ALL_LETTER_SLOTS_RECONSTRUCTED	13	13	13	0	0	13	0	0	0	0	0	0	0
L1603556-R001	biblical_book	Lev	25	32		11Q2	1606833	f7	2	1603556				books/DSS-Leviticus.txt	3003923	2582	2081638-2081645	8	0	94b4985fd689476507b99e1c3c1affc68e2df4542cc4c79cd0b9204c4fe1d726	linguistics/books/DSS-Leviticus-Linguistics.txt	4387621	3764	9c184ff176e5afd922c18be19042a7a3cc9a718df65e5d66114cbd9bee88d574	PARTLY_RECONSTRUCTED	31	28	17	1	10	20	1	0	1	0	0	0	0
L1603556-R002	biblical_book	Lev	25	33		11Q2	1606833	f7	2	1603556				books/DSS-Leviticus.txt	3006505	1865	2081646-2081648	3	1	3692be1ad01280e4bb803a0d281d47686252e287d28d088b497998ae02b320da	linguistics/books/DSS-Leviticus-Linguistics.txt	4391385	1588	def4e6f024a013b724dc30926a947b9ae4938752b7ad627129d01b3b8b723a35	ALL_LETTER_SLOTS_RECONSTRUCTED	8	8	8	0	0	8	0	0	0	0	0	0	0
L1603557-R001	biblical_book	Lev	25	33		11Q2	1606833	f7	3	1603557				books/DSS-Leviticus.txt	3008370	3607	2081649-2081660	12	1	9de4c8582d2332d46e5c1f37af8c88d23f9710d0b509e1c522e9c46cf404d688	linguistics/books/DSS-Leviticus-Linguistics.txt	4392973	5378	4f827d316a3f974a767a3ad7425c1add12b56812b85d26db1f95c41a93bac7a4	PARTLY_RECONSTRUCTED	39	37	26	1	10	27	1	0	0	0	0	0	0
L1603558-R001	biblical_book	Lev	25	33		11Q2	1606833	f7	4	1603558				books/DSS-Leviticus.txt	3011977	3355	2081661-2081671	11	1	9de0f81fd79f9a14f2303e4f2be87d7f29ceba9a1af431f45dfc071cdcb61575	linguistics/books/DSS-Leviticus-Linguistics.txt	4398351	4987	96d1cea5a268fe081587b382447cc9c0e6e42b2f4eb9c38ec1957de890918db5	PARTLY_RECONSTRUCTED	36	33	32	1	0	35	1	0	1	0	0	0	0
L1605463-R001	biblical_book	Lev	4	3		Mas1a	1606859	f1_2	1	1605463				books/DSS-Leviticus.txt	3015383	3520	2103343-2103356	14	1	b0ab83ec6f006707bf2e018c00eb9473f5515328077c9fe0d28610d5f44f846c	linguistics/books/DSS-Leviticus-Linguistics.txt	4403389	5863	ac7d6756ded983b2184789796b45d2c91c90c022678b290c013c9b1856724feb	PARTLY_RECONSTRUCTED	33	31	25	0	6	27	0	1	1	0	0	0	0
L1605464-R001	biblical_book	Lev	4	3		Mas1a	1606859	f1_2	2	1605464				books/DSS-Leviticus.txt	3018903	3074	2103357-2103368	12	0	1280577a5b28ef2616011e28ab0dccb70bcf65a98b192d3c54dc92be047e1c67	linguistics/books/DSS-Leviticus-Linguistics.txt	4409252	5262	687b77e04c8c517fa7d0f79c76bd64f153200130314b918f23905c9b027ca552	ALL_LETTER_SLOTS_RECONSTRUCTED	35	32	32	0	0	33	0	0	1	0	0	0	0
L1605464-R002	biblical_book	Lev	4	4		Mas1a	1606859	f1_2	2	1605464				books/DSS-Leviticus.txt	3021977	2961	2103369-2103377	9	1	399d77b70803ec065ed56a5f24eb868a848c44b999026c073b79101995142e90	linguistics/books/DSS-Leviticus-Linguistics.txt	4414514	3999	7490fe820dafe07d62a0ed344dfdbe754c769028e1264d61bb1b409ee566dc60	PARTLY_RECONSTRUCTED	22	22	1	6	15	1	6	0	0	0	0	0	0
L1605465-R001	biblical_book	Lev	4	4		Mas1a	1606859	f1_2	3	1605465				books/DSS-Leviticus.txt	3024938	4069	2103378-2103397	20	0	c3503afdc38e8314b243534964d710cc3140902f9c09464e9004ee0527542ad6	linguistics/books/DSS-Leviticus-Linguistics.txt	4418513	8201	b2cd825279445a7726580ab6cbac53c0aec9e5f14cbd33d8d52984b0dcefb4fb	PARTLY_RECONSTRUCTED	45	42	25	0	17	26	0	0	1	0	0	0	0
L1605465-R002	biblical_book	Lev	4	5		Mas1a	1606859	f1_2	3	1605465				books/DSS-Leviticus.txt	3029007	2232	2103398-2103403	6	1	53b26515f04f2fb3d7c263061327628a2642cb1a8eae0f5956a23008cbfab040	linguistics/books/DSS-Leviticus-Linguistics.txt	4426714	2739	f9ac14f876cabfd2bfaa88b99d893a6bacade7ca8872c86141af730bbbf89ec5	NO_LETTER_RECONSTRUCTION_MARKED	13	13	0	0	13	0	0	0	0	0	0	0	0
L1605466-R001	biblical_book	Lev	4	5		Mas1a	1606859	f1_2	4	1605466				books/DSS-Leviticus.txt	3031239	2849	2103404-2103414	11	0	6392c0f2697feed1eedaaa9f8f9b1cdab77ceacc9814cdb4362b5ee685868f43	linguistics/books/DSS-Leviticus-Linguistics.txt	4429453	4686	3fb8c20f89b9b38d11aedd83021a2bc3c1a935a97aeaec9e4266332b2be82ef6	ALL_LETTER_SLOTS_RECONSTRUCTED	26	23	23	0	0	24	0	0	1	0	0	0	0
L1605466-R002	biblical_book	Lev	4	6		Mas1a	1606859	f1_2	4	1605466				books/DSS-Leviticus.txt	3034088	3595	2103415-2103428	14	1	1132e2ea288f8f0f2d607980e5ae1be53b9b295244ef4c5da7ed2d146791abd2	linguistics/books/DSS-Leviticus-Linguistics.txt	4434139	5921	1760650450fde1f0741c86990cf363caac1328fa48693d4d6b7a6a8193b6f9ba	NO_LETTER_RECONSTRUCTION_MARKED	31	30	0	3	27	0	3	0	0	0	0	0	0
L1605467-R001	biblical_book	Lev	4	6		Mas1a	1606859	f1_2	5	1605467				books/DSS-Leviticus.txt	3037683	2681	2103429-2103438	10	0	c08fc07c3c07b4b50ae6e7eee37d610291e4b05ed479040f389a654997702835	linguistics/books/DSS-Leviticus-Linguistics.txt	4440060	4450	dcc05cfc68cf8e9e2911432bd7ef73b1bd88641e63d1787c408975e33d0a8d99	PARTLY_RECONSTRUCTED	28	26	20	2	4	20	2	0	1	0	0	0	0
L1605467-R002	biblical_book	Lev	4	7		Mas1a	1606859	f1_2	5	1605467				books/DSS-Leviticus.txt	3040364	3249	2103439-2103451	13	1	77931cf0af0399fae3731f891706c83422810215e3c15fb0780fd8b98b59aa57	linguistics/books/DSS-Leviticus-Linguistics.txt	4444510	5579	d618184c125ea479cdccf487ebbcd79539afa3000cf8d05d8b9b4320a3f73506	NO_LETTER_RECONSTRUCTION_MARKED	33	33	0	0	33	0	0	0	0	0	0	0	0
L1605468-R001	biblical_book	Lev	4	7		Mas1a	1606859	f1_2	6	1605468				books/DSS-Leviticus.txt	3043613	4697	2103452-2103472	21	1	d4cd8233ad3866e7e3e39e5763a7eac8c95b948c007d9aa55a345309fb04d58d	linguistics/books/DSS-Leviticus-Linguistics.txt	4450089	8885	a489d87a0a56c27da608718c2f2804c044b6364fa9df57dcd1cb3e945ff81cb9	PARTLY_RECONSTRUCTED	54	54	23	3	28	23	3	0	0	0	0	0	0
L1605469-R001	biblical_book	Lev	4	7		Mas1a	1606859	f1_2	7	1605469				books/DSS-Leviticus.txt	3048310	1594	2103473-2103475	3	0	9a3db15abbf9136bd8af4eab56414f91bd463b8496c56ef48be4c4579779f2e3	linguistics/books/DSS-Leviticus-Linguistics.txt	4458974	1580	a2b81ec18f33d2067c3e2534505367d7b020d05b235147bef3a55aad8679328b	ALL_LETTER_SLOTS_RECONSTRUCTED	9	7	7	0	0	9	0	0	1	0	0	0	0
L1605469-R002	biblical_book	Lev	4	8		Mas1a	1606859	f1_2	7	1605469				books/DSS-Leviticus.txt	3049904	4697	2103476-2103497	22	1	843955a68a866cfbc8dd1f90c6a0edb23634f6350ed596c248b1eae4b9105b46	linguistics/books/DSS-Leviticus-Linguistics.txt	4460554	9044	63c965a7339f7bc3fb81f9820752eeb307f3e109a87c326dd9b3c1981a0d2b5a	PARTLY_RECONSTRUCTED	50	49	21	2	26	21	2	0	0	0	0	0	0
L1605470-R001	biblical_book	Lev	4	8		Mas1a	1606859	f1_2	8	1605470				books/DSS-Leviticus.txt	3054601	1856	2103498-2103502	5	0	d77dd6d84a22eb73ac151391bdca7d8ea9a8cb4428b0f5c9da66d582a689108c	linguistics/books/DSS-Leviticus-Linguistics.txt	4469598	2317	d89cb2b4913affd72eee77e35e862bbf9372e050c7b6ddca159fb1b6c845d3ac	ALL_LETTER_SLOTS_RECONSTRUCTED	11	9	9	0	0	11	0	0	1	0	0	0	0
L1605470-R002	biblical_book	Lev	4	9		Mas1a	1606859	f1_2	8	1605470				books/DSS-Leviticus.txt	3056457	4663	2103503-2103523	21	1	12feb9999f1d288d3b5e3508cf22544cb7478245ae91e4784a669088317555c3	linguistics/books/DSS-Leviticus-Linguistics.txt	4471915	8729	b018da53e25c08fcbc378b01260af0a146f0ee34decd739fa1fce9b7497d7c67	PARTLY_RECONSTRUCTED	50	47	23	1	23	23	1	0	1	0	0	0	0
L1605471-R001	biblical_book	Lev	8	31		Mas1b	1606860	1	1	1605471				books/DSS-Leviticus.txt	3061171	3645	2103524-2103537	14	1	a0a32253b1d88965da4c67cce66958013bc3ce81838e1785bf905ce076c148b0	linguistics/books/DSS-Leviticus-Linguistics.txt	4480695	6000	b83e566fd1e4f590d4e865b3bae8a5d11762af26ead04a6d73a6111b46c33daf	PARTLY_RECONSTRUCTED	36	35	31	0	4	32	0	0	0	0	0	0	0
L1605472-R001	biblical_book	Lev	8	31		Mas1b	1606860	1	2	1605472				books/DSS-Leviticus.txt	3064816	3853	2103538-2103551	14	1	2695b81ff7a99f20a5f2c50fe2f3a0788e1fcdb71fa5ff99770385b5d4cd5d48	linguistics/books/DSS-Leviticus-Linguistics.txt	4486695	6011	f032416afcafd394d323f38cf42cc4a58879dc59dc77dd5d2557ec167f3179f7	PARTLY_RECONSTRUCTED	41	37	33	2	2	34	2	0	1	0	0	0	0
L1605473-R001	biblical_book	Lev	8	32		Mas1b	1606860	1	3	1605473				books/DSS-Leviticus.txt	3068669	2820	2103552-2103563	12	0	14053153558ca8f07cae9e072e7efa83dd0d3f3bc9895b1c2e1b97ecd19891ff	linguistics/books/DSS-Leviticus-Linguistics.txt	4492706	5050	23f468510743f541f3e37cca56e9b79ab638c68490268b4d62af25495caa7198	ALL_LETTER_SLOTS_RECONSTRUCTED	25	23	23	0	0	25	0	0	1	0	0	0	0
L1605473-R002	biblical_book	Lev	8	33		Mas1b	1606860	1	3	1605473				books/DSS-Leviticus.txt	3071489	2317	2103564-2103569	6	1	fb102bd638aedd4a78d95b0f575866f6845729ccb933b3036b114aa37f3d90b1	linguistics/books/DSS-Leviticus-Linguistics.txt	4497756	2794	ef6e7995dadacd07af8006252484e3dd45f42577dab286030847942ddccec073	PARTLY_RECONSTRUCTED	14	14	13	0	1	13	0	0	0	0	0	0	0
L1605474-R001	biblical_book	Lev	8	33		Mas1b	1606860	1	4	1605474				books/DSS-Leviticus.txt	3073806	3228	2103570-2103579	10	1	98fc34751cf75f507668f694166502fd05497892718e68a48d73c407813199de	linguistics/books/DSS-Leviticus-Linguistics.txt	4500550	4604	8c55566f92847392eb1895fd85f66cde2ecc964409ef8f167ed32fb62b0f2d12	PARTLY_RECONSTRUCTED	37	36	35	1	0	36	1	0	0	0	0	0	0
L1605475-R001	biblical_book	Lev	8	33		Mas1b	1606860	1	5	1605475				books/DSS-Leviticus.txt	3077034	2053	2103580-2103584	5	0	4e760ba3376b4bee0ab49a9bba425685de489e2c73448cf0bb1bcd8038be9534	linguistics/books/DSS-Leviticus-Linguistics.txt	4505154	2365	506c6aeec0bf645986524eab49b2a6ee26637ad9ea6a9360c93840407527b0d0	ALL_LETTER_SLOTS_RECONSTRUCTED	17	14	14	0	0	17	0	0	1	0	0	0	0
L1605475-R002	biblical_book	Lev	8	34		Mas1b	1606860	1	5	1605475				books/DSS-Leviticus.txt	3079087	2778	2103585-2103593	9	1	3264b6925b62496cc679da673bad602e65bc2faa4e35d805c2f595c6e0db4fd3	linguistics/books/DSS-Leviticus-Linguistics.txt	4507519	3943	317a880049e51974d8b2c05a9e4f2dde2eda0395284779399d36134de2dc41fe	PARTLY_RECONSTRUCTED	21	21	20	1	0	20	1	0	0	0	0	0	0
L1605476-R001	biblical_book	Lev	8	34		Mas1b	1606860	1	6	1605476				books/DSS-Leviticus.txt	3081865	2655	2103594-2103600	7	1	cfb96570efe516269530f380c44cf848547f4d5725c474945db07d10a6bd7ce3	linguistics/books/DSS-Leviticus-Linguistics.txt	4511462	3067	de3350f7c3b6c090e895af107e6e2136e4f9f86251c286e1f2d596d8f826c0db	ALL_LETTER_SLOTS_RECONSTRUCTED	18	13	13	0	0	18	0	1	2	0	0	0	0
L1605477-R001	biblical_book	Lev	9	1		Mas1b	1606860	1	9	1605477				books/DSS-Leviticus.txt	3084520	3376	2103601-2103610	10	2	d96e2bc613fc8e9f87ce104e29499d265d49410db34238d5bb2f9b4db3ca13e2	linguistics/books/DSS-Leviticus-Linguistics.txt	4514529	4415	c5527e9396c0c9c3a0e9a8cf4e211fd3e745097300569622ea15c90140a028e5	PARTLY_RECONSTRUCTED	25	25	22	2	1	22	2	0	0	0	0	0	0
L1605478-R001	biblical_book	Lev	9	1		Mas1b	1606860	1	10	1605478				books/DSS-Leviticus.txt	3087896	2502	2103611-2103618	8	0	bf1b040b5c7eb525cd86ce340e8984fc5e80af023821e3802e648908798853b8	linguistics/books/DSS-Leviticus-Linguistics.txt	4518944	3540	c3093c5edf06e24736ccd027201638a6e5600bd589cae1517714cb64d897d9d3	PARTLY_RECONSTRUCTED	20	17	15	1	1	16	1	0	1	0	0	0	0
L1605478-R002	biblical_book	Lev	9	2		Mas1b	1606860	1	10	1605478				books/DSS-Leviticus.txt	3090398	2717	2103619-2103626	8	1	124496b3ba89b7e33f892e4ec6114cc59dca6f1d21933233d2a6483fc9287a95	linguistics/books/DSS-Leviticus-Linguistics.txt	4522484	3580	03a5689aac7ad24fc29a533c5151da21f2a607b0f92e1e7a78334deed09e1946	PARTLY_RECONSTRUCTED	21	20	15	0	5	16	0	0	0	0	0	0	0
L1605479-R001	biblical_book	Lev	9	2		Mas1b	1606860	1	11	1605479				books/DSS-Leviticus.txt	3093115	3498	2103627-2103640	14	0	67ef22279d7b2ab17aa0026351f535a393185728d7a0210e6653f7ad673abf6f	linguistics/books/DSS-Leviticus-Linguistics.txt	4526064	6014	0a85e211d2adea162d2337aede34ea4fc5e5b0c531c1565ee1d5084e59392244	PARTLY_RECONSTRUCTED	36	34	21	5	8	23	5	0	1	0	0	0	0
L1605479-R002	biblical_book	Lev	9	3		Mas1b	1606860	1	11	1605479				books/DSS-Leviticus.txt	3096613	1689	2103641-2103642	2	1	a9f38a98164f071ea375b720a4e2b77e5547506def939becd424a69e1b276ced	linguistics/books/DSS-Leviticus-Linguistics.txt	4532078	1134	1adc9209937f152c8d280250aa528f8af959c98563ef1c53231cc25c175af865	ALL_LETTER_SLOTS_RECONSTRUCTED	3	3	3	0	0	3	0	0	0	0	0	0	0
L1605480-R001	biblical_book	Lev	9	3		Mas1b	1606860	1	12	1605480				books/DSS-Leviticus.txt	3098302	3283	2103643-2103652	10	1	433dd0874ac80ee4e2751c8dc220eaabfc64a6fb7b62fb798b9a3d1672772b7c	linguistics/books/DSS-Leviticus-Linguistics.txt	4533212	4570	cd107041481899521b2903c1aba5c5cac989b3d5ef9159c818cf88bf4d1c449b	PARTLY_RECONSTRUCTED	32	32	15	5	12	15	5	0	0	0	0	0	0
L1605481-R001	biblical_book	Lev	9	3		Mas1b	1606860	1	13	1605481				books/DSS-Leviticus.txt	3101585	2821	2103653-2103662	10	0	e8861f82b8c7246353a9ea9b4987f49bc772bf1c2565ee9b10a6fe7bb8bdeb29	linguistics/books/DSS-Leviticus-Linguistics.txt	4537782	4404	cf618a1a9f519012c8434f8a0faf9f1f803a072c7f564101f6846ba40394083e	PARTLY_RECONSTRUCTED	25	23	15	4	4	15	4	0	1	0	0	0	0
L1605481-R002	biblical_book	Lev	9	4		Mas1b	1606860	1	13	1605481				books/DSS-Leviticus.txt	3104406	2316	2103663-2103668	6	1	1024b759a5fb6ca902654452f2d6d148f10e7f24383b3edef84b3017203dcf7a	linguistics/books/DSS-Leviticus-Linguistics.txt	4542186	2758	61f2ace851a56bb01d41497051dfd2b0abb6eb88eff287c2fa5c9906d0389d0b	PARTLY_RECONSTRUCTED	14	14	8	1	5	8	1	0	0	0	0	0	0
L1605482-R001	biblical_book	Lev	9	4		Mas1b	1606860	1	14	1605482				books/DSS-Leviticus.txt	3106722	3946	2103669-2103683	15	1	f601f355156b67999e78aa3dbcb9a5e6232c7767ca71ca428a2baa20805dee1f	linguistics/books/DSS-Leviticus-Linguistics.txt	4544944	6427	b2a770f5579ebd4738e762102f01c9814c6888ba97363ae28fafac5451c28a00	PARTLY_RECONSTRUCTED	40	40	17	6	17	17	6	0	0	0	0	0	0
L1605483-R001	biblical_book	Lev	9	4		Mas1b	1606860	1	15	1605483				books/DSS-Leviticus.txt	3110668	1584	2103684-2103685	2	0	e089d7b69bb2774c2164c2507fcca148e3d592091d10e846652799e7776032e4	linguistics/books/DSS-Leviticus-Linguistics.txt	4551371	1142	1328e8121feea419375311512265e76a4334a2ed2eadaa3970c7c043673808ce	ALL_LETTER_SLOTS_RECONSTRUCTED	8	5	5	0	0	8	0	0	1	0	0	0	0
L1605483-R002	biblical_book	Lev	9	5		Mas1b	1606860	1	15	1605483				books/DSS-Leviticus.txt	3112252	3436	2103686-2103697	12	1	ac06edb53872765a1b3a2d04c8c095024321566bed207c5817ae47a441efe7bb	linguistics/books/DSS-Leviticus-Linguistics.txt	4552513	5259	47ffc1a487ecc42b862a57beb6641ab181cc685d21f7cc90ab13b1f7d951e090	PARTLY_RECONSTRUCTED	34	34	22	4	8	22	4	0	0	0	0	0	0
L1605484-R001	biblical_book	Lev	9	5		Mas1b	1606860	1	16	1605484				books/DSS-Leviticus.txt	3115688	2444	2103698-2103706	9	0	da49cb693b2bed5e5c11469468fafcb65560671d52f27c780d5f8a33b12c9e39	linguistics/books/DSS-Leviticus-Linguistics.txt	4557772	3897	f82542ef7115ee310bdf4e39290ebb443a6c510f31e64db610c1848ab5091474	ALL_LETTER_SLOTS_RECONSTRUCTED	22	20	20	0	0	22	0	0	1	0	0	0	0
L1605484-R002	biblical_book	Lev	9	6		Mas1b	1606860	1	16	1605484				books/DSS-Leviticus.txt	3118132	2520	2103707-2103713	7	1	d61f17705c1634595c0972bae16306248e331622d0a21994ce995c6a6d96849e	linguistics/books/DSS-Leviticus-Linguistics.txt	4561669	3180	2e7af852323ee647594ccff5a902702b4d960e377b3f4b8df3869d1d436c8f4f	PARTLY_RECONSTRUCTED	17	17	12	0	5	12	0	0	0	0	0	0	0
L1605485-R001	biblical_book	Lev	9	6		Mas1b	1606860	1	17	1605485				books/DSS-Leviticus.txt	3120652	2683	2103714-2103722	9	0	53977f45a60e01813d8425432dafffcc06c56c23cad994c6e610ca2750732260	linguistics/books/DSS-Leviticus-Linguistics.txt	4564849	4001	a0f5409c6109221dade8d8f7feaaba0486c48dfdc46a2fde1d3f7e7be3b4dafc	ALL_LETTER_SLOTS_RECONSTRUCTED	31	28	28	0	0	31	0	0	1	0	0	0	0
L1605485-R002	biblical_book	Lev	9	7		Mas1b	1606860	1	17	1605485				books/DSS-Leviticus.txt	3123335	1864	2103723-2103725	3	1	b63cc7c4747a733fd79fc2e122b400cd69f7560a8e45628b659a5a07e84180a7	linguistics/books/DSS-Leviticus-Linguistics.txt	4568850	1578	6feb5a4bf398dcaa95ca455f6bf1106f04589a70a6371cb45c23fcad7ff5a249	ALL_LETTER_SLOTS_RECONSTRUCTED	8	8	8	0	0	8	0	0	0	0	0	0	0
L1605486-R001	biblical_book	Lev	9	7		Mas1b	1606860	1	18	1605486				books/DSS-Leviticus.txt	3125199	4078	2103726-2103740	15	1	80a26d542a2af202632d5db596c7d4907fc3a130dd60bc62c939f44f54b1a8cd	linguistics/books/DSS-Leviticus-Linguistics.txt	4570428	6449	449e5080ea474213b0fde9342eebfda6e62ef1efb655dc570f88ac1b8e76bc4b	PARTLY_RECONSTRUCTED	40	38	34	4	0	35	4	0	0	0	0	0	0
L1605487-R001	biblical_book	Lev	9	7		Mas1b	1606860	1	19	1605487				books/DSS-Leviticus.txt	3129277	3897	2103741-2103754	14	1	024993f65bb206bed9d16a521133d5f4c3995acf700d2dc1f1a52c18ff63c1bd	linguistics/books/DSS-Leviticus-Linguistics.txt	4576877	6030	f2bfa62a8c4a023258e88cfe539fa0f575d38baa223a13f7328dbb54642da33b	PARTLY_RECONSTRUCTED	34	32	15	4	13	16	4	0	0	0	0	0	0
L1605488-R001	biblical_book	Lev	9	7		Mas1b	1606860	1	20	1605488				books/DSS-Leviticus.txt	3133174	1896	2103755-2103759	5	0	00b26cc25bc49dd3df253fbe5ac298043aa24d497768874f2505843276b39d03	linguistics/books/DSS-Leviticus-Linguistics.txt	4582907	2335	71357e5ab87a9fda4307e5f6821b1edc92552b4e6bf9075c48afaa7552de6f58	PARTLY_RECONSTRUCTED	13	11	10	0	1	10	0	0	1	0	0	0	0
L1605488-R002	biblical_book	Lev	9	8		Mas1b	1606860	1	20	1605488				books/DSS-Leviticus.txt	3135070	3141	2103760-2103769	10	1	1b45a60daefab5379a66860f7f1b78fa3c05b6230b5253957147cfd4b75d996c	linguistics/books/DSS-Leviticus-Linguistics.txt	4585242	4424	b5292cdbabebc72b759ebd47557c981dad7e8cc58e4a3008c0d24260188cfcaa	PARTLY_RECONSTRUCTED	26	26	1	4	21	1	4	0	0	0	0	0	0
L1605489-R001	biblical_book	Lev	9	8		Mas1b	1606860	1	21	1605489				books/DSS-Leviticus.txt	3138211	2002	2103770-2103774	5	0	05fd8e19a1e422419ca78d80fe852b924711c5764da322793abe602274930227	linguistics/books/DSS-Leviticus-Linguistics.txt	4589666	2341	fd3ba56c4548d1ef82741747b0ebc6de044f1289077a7d3c93ef15db9f10cca1	PARTLY_RECONSTRUCTED	13	10	7	1	2	7	1	0	1	0	0	0	0
L1605489-R002	biblical_book	Lev	9	9		Mas1b	1606860	1	21	1605489				books/DSS-Leviticus.txt	3140213	3479	2103775-2103785	11	1	d3e3b80aa0984b481224d0ecee7df136c32e0ad09a9c1e57bd6415ca34ba8e98	linguistics/books/DSS-Leviticus-Linguistics.txt	4592007	4833	f3704a2ca6af066bf05e4cd0bcf351971c604fae1297ede19c76b60ecfa5f9a7	PARTLY_RECONSTRUCTED	34	32	15	0	17	15	0	0	0	0	0	0	0
L1605490-R001	biblical_book	Lev	9	9		Mas1b	1606860	1	22	1605490				books/DSS-Leviticus.txt	3143692	4244	2103786-2103803	18	1	2c77080cd9a7cd4427670efdb052eee87db6eff5380f1f2f824d99a5673f9078	linguistics/books/DSS-Leviticus-Linguistics.txt	4596840	7529	4d6cda286f7cdb709fc5c6f9a32d8c2dbd4e742c6cdb946fed666cb9948a5b40	PARTLY_RECONSTRUCTED	41	39	33	3	3	35	3	0	1	0	0	0	0
L1605491-R001	biblical_book	Lev	9	10		Mas1b	1606860	1	23	1605491				books/DSS-Leviticus.txt	3147936	4292	2103804-2103822	19	1	0632f38b5b3da8b9860a373e8675217f3038bec1dd51572e218537431526066a	linguistics/books/DSS-Leviticus-Linguistics.txt	4604369	7895	633e976d910ac8ae20ef88ac1649187d0afdabe9ac9263458dc3b7742d0ea1da	PARTLY_RECONSTRUCTED	41	41	34	1	6	34	1	0	0	0	0	0	0
L1605492-R001	biblical_book	Lev	9	10		Mas1b	1606860	1	24	1605492				books/DSS-Leviticus.txt	3152228	2607	2103823-2103831	9	0	6a76e3b21d7d7b27009b7ee72a34a7a18bd8c1f15c31e71410bc8927d79dbd76	linguistics/books/DSS-Leviticus-Linguistics.txt	4612264	3994	997aba629d38070d5230ca70d2321e90f48bccd1e5d6d1c7b83e419953465b17	ALL_LETTER_SLOTS_RECONSTRUCTED	25	22	22	0	0	25	0	0	1	0	0	0	0
L1605492-R002	biblical_book	Lev	9	11		Mas1b	1606860	1	24	1605492				books/DSS-Leviticus.txt	3154835	1574	2103832	1	1	24c1bec1694d0247fa9866fd55f6c47b0a3e7997349eed7314550dc30add245c	linguistics/books/DSS-Leviticus-Linguistics.txt	4616258	739	54055dd3f654125cae94724e97255d1a99c99b912076861e6b8068df8236efb4	NO_LETTER_SLOTS	2	0	0	0	0	2	0	1	1	0	0	0	0
L1605493-R001	biblical_book	Lev	9	11		Mas1b	1606860	1	25	1605493				books/DSS-Leviticus.txt	3156409	1433	2103833-2103834	2	0	e6fde0e9adbc9d69d8b507131271e934ea3f1cc88acf470790b35b258deda141	linguistics/books/DSS-Leviticus-Linguistics.txt	4616997	1085	cedc161c105d0e3440487e8958401da1418be5f5afaf4dafaf29b73417c4d2e4	NO_LETTER_SLOTS	4	0	0	0	0	4	0	1	2	0	0	0	0
L1605493-R002	biblical_book	Lev	9	12		Mas1b	1606860	1	25	1605493				books/DSS-Leviticus.txt	3157842	2595	2103835-2103842	8	1	9be5c2603dc51302b311c275793a9e817fe07fdfcb21201fcaabec3dcefa1a03	linguistics/books/DSS-Leviticus-Linguistics.txt	4618082	3536	58170c1503284a66beee5e779aac2e346a146747e111ec2ae2db5c380469029a	ALL_LETTER_SLOTS_RECONSTRUCTED	20	20	20	0	0	20	0	0	0	0	0	0	0
L1605494-R001	biblical_book	Lev	9	12		Mas1b	1606860	2	1	1605494				books/DSS-Leviticus.txt	3160437	3393	2103843-2103854	12	0	2209639c81e5ae019aec4b5d529f29ef262e981509b5e271df7703cae9504c55	linguistics/books/DSS-Leviticus-Linguistics.txt	4621618	5241	f589903b386714895b8ae68831775f12272c72b5f7fd91f3cb657aadfbac47ed	PARTLY_RECONSTRUCTED	35	31	26	4	1	30	4	0	1	0	0	0	0
L1605494-R002	biblical_book	Lev	9	13		Mas1b	1606860	2	1	1605494				books/DSS-Leviticus.txt	3163830	1968	2103855-2103858	4	1	f6845b97cf69afd0f663e3268c265c4e830f00251219a5b73edb8454653ece8b	linguistics/books/DSS-Leviticus-Linguistics.txt	4626859	1922	2bf3b38a1e8c2d25fe4212fc9902e7a353092e7e3f1138af403da2d9fee994fa	ALL_LETTER_SLOTS_RECONSTRUCTED	7	7	7	0	0	7	0	0	0	0	0	0	0
L1605495-R001	biblical_book	Lev	9	13		Mas1b	1606860	2	2	1605495				books/DSS-Leviticus.txt	3165798	3507	2103859-2103872	14	0	6447b71a7affe9662d7c3083a992ca14f278da4ebba438f72cdbf9e7d225c8cb	linguistics/books/DSS-Leviticus-Linguistics.txt	4628781	5934	5cb88cbe1513a8759a5f10a4a41c0aba282316d44a4443f410ec121cb4376f90	PARTLY_RECONSTRUCTED	39	35	28	1	6	31	1	0	1	0	0	0	0
L1605495-R002	biblical_book	Lev	9	14		Mas1b	1606860	2	2	1605495				books/DSS-Leviticus.txt	3169305	1708	2103873-2103874	2	1	4ce05ff181b5accbbb9919b0ebf973d2a5bcee4c37bca1a4d748251659f733ec	linguistics/books/DSS-Leviticus-Linguistics.txt	4634715	1158	872996add660e14b9dc5ab6e98953733127a461386539a11ebe66d941456d92a	ALL_LETTER_SLOTS_RECONSTRUCTED	5	5	5	0	0	5	0	0	0	0	0	0	0
L1605496-R001	biblical_book	Lev	9	14		Mas1b	1606860	2	3	1605496				books/DSS-Leviticus.txt	3171013	3416	2103875-2103889	15	0	765f8277e5261350027974515dcf44332f8e43e7414f9936308bd732dfa49c64	linguistics/books/DSS-Leviticus-Linguistics.txt	4635873	6277	cdb3a58f39101d3e1f32162894b2739beae779a2179647d78471e02cc60a03a3	ALL_LETTER_SLOTS_RECONSTRUCTED	35	32	32	0	0	35	0	0	1	0	0	0	0
L1605496-R002	biblical_book	Lev	9	15		Mas1b	1606860	2	3	1605496				books/DSS-Leviticus.txt	3174429	1708	2103890-2103891	2	1	04686973f1274fff5a6a7e64c1b4e17dd89a5d6e794f09afacc6ae13e863fe1d	linguistics/books/DSS-Leviticus-Linguistics.txt	4642150	1163	9c6acaa1a921088aa96e5d91bf580cc6a61389a0225058f9dd94a176549d1578	ALL_LETTER_SLOTS_RECONSTRUCTED	5	5	5	0	0	5	0	0	0	0	0	0	0
L1605497-R001	biblical_book	Lev	9	15		Mas1b	1606860	2	4	1605497				books/DSS-Leviticus.txt	3176137	3762	2103892-2103906	15	1	e5d512aef8643cefd46d9f3be848e310fd8caa7dc1ce300262b637c00be4415e	linguistics/books/DSS-Leviticus-Linguistics.txt	4643313	6381	aeea6073c8b6f43dc9130de1d933bf3149f0bf1126153b8f0cb06764181b83c0	ALL_LETTER_SLOTS_RECONSTRUCTED	38	37	37	0	0	38	0	0	0	0	0	0	0
L1605498-R001	biblical_book	Lev	9	15		Mas1b	1606860	2	5	1605498				books/DSS-Leviticus.txt	3179899	2530	2103907-2103912	6	1	646fd414279531e23dd0fbd2728a744671a7f6bf9437ba842cb15617d4313219	linguistics/books/DSS-Leviticus-Linguistics.txt	4649694	2729	c32ec2f8bf83494aafe6fafd46dbd0bc36ee5ca529c0d586649d952b2a8f9c57	ALL_LETTER_SLOTS_RECONSTRUCTED	18	13	13	0	0	18	0	1	2	0	0	0	0
L1605499-R001	biblical_book	Lev	9	22		Mas1b	1606860	2	12	1605499				books/DSS-Leviticus.txt	3182429	3609	2103913-2103925	13	1	c71a2bd5cc58eeadda639129d1495a070554581d60eae7242595ea0c479972bd	linguistics/books/DSS-Leviticus-Linguistics.txt	4652423	5466	9412801baf96d16cd4d869a1bf479a2a9f3c60aba4d250d5ba79684bc3c07962	ALL_LETTER_SLOTS_RECONSTRUCTED	32	28	28	0	0	32	0	1	1	0	0	0	0
L1605500-R001	biblical_book	Lev	9	22		Mas1b	1606860	2	13	1605500				books/DSS-Leviticus.txt	3186038	2830	2103926-2103936	11	0	36da6fc526ebd15658d615490f803a389a56c82f778b541a8eaeba263f2319e9	linguistics/books/DSS-Leviticus-Linguistics.txt	4657889	4669	8b8f6b3cda74a0c6f8d4544051a60ceaf49f83a3b6159a4c27d11ce25281a033	PARTLY_RECONSTRUCTED	23	21	17	2	2	19	2	0	1	0	0	0	0
L1605500-R002	biblical_book	Lev	9	23		Mas1b	1606860	2	13	1605500				books/DSS-Leviticus.txt	3188868	2295	2103937-2103942	6	1	86ccfe19106c1fd29e1a040d453a4d6010148c8ccec60b8700208f363ad9791d	linguistics/books/DSS-Leviticus-Linguistics.txt	4662558	2769	ceed65668e7d271480dbf50e549b34fdba29c914c12c04e521dda47f91faacc8	ALL_LETTER_SLOTS_RECONSTRUCTED	14	14	14	0	0	14	0	0	0	0	0	0	0
L1605501-R001	biblical_book	Lev	9	23		Mas1b	1606860	2	14	1605501				books/DSS-Leviticus.txt	3191163	3799	2103943-2103957	15	1	4cfc772a1ec7575f8f1c977c8acea7e017ef18a0d8cca1cc16272a13b5c09fc2	linguistics/books/DSS-Leviticus-Linguistics.txt	4665327	6383	68cc58f99961d5991d7a8eed3094e1e6f0afa40bd0a8cf5d3df7f22239b832f5	PARTLY_RECONSTRUCTED	39	39	29	1	9	29	1	0	0	0	0	0	0
L1605502-R001	biblical_book	Lev	9	23		Mas1b	1606860	2	15	1605502				books/DSS-Leviticus.txt	3194962	1508	2103958-2103960	3	0	001464517bd2aab69e9b2a257df9a40dbcbf3c1384b8126f38ae189d91a1f49a	linguistics/books/DSS-Leviticus-Linguistics.txt	4671710	1472	360916d9752fce0dcf1aace52f38afbf37810969c6bc7efe648643a0bb82df4e	NO_LETTER_RECONSTRUCTION_MARKED	5	3	0	0	3	0	0	0	1	0	0	0	0
L1605502-R002	biblical_book	Lev	9	24		Mas1b	1606860	2	15	1605502				books/DSS-Leviticus.txt	3196470	3265	2103961-2103973	13	1	39df514608c5b5eabddd12f812102cf1044c70c3df23384d7c6c684ff97b7172	linguistics/books/DSS-Leviticus-Linguistics.txt	4673182	5535	2b9554a2ef1ca5ba10a661dffeadb84520b5f9c6cc7606340def11c7d969f258	PARTLY_RECONSTRUCTED	29	29	23	0	6	23	0	0	0	0	0	0	0
L1605503-R001	biblical_book	Lev	9	24		Mas1b	1606860	2	16	1605503				books/DSS-Leviticus.txt	3199735	4196	2103974-2103991	18	1	e508e7ba074eff0ab685c6d28aaaa0ef9dbfe23fcc697db5459dfe2c4afce4cc	linguistics/books/DSS-Leviticus-Linguistics.txt	4678717	7418	dc4f3dcdf199f42fdda8b5d65d963d07860e7566a8a24cd66453605beb035e2b	PARTLY_RECONSTRUCTED	42	39	32	3	4	35	3	0	1	0	0	0	0
L1605504-R001	biblical_book	Lev	10	1		Mas1b	1606860	2	17	1605504				books/DSS-Leviticus.txt	3203931	3820	2103992-2104004	13	1	ffff9ba3196ba591dd3b7bbd50ac41d559b3166a9725dda280a0c7a8b9a55bf0	linguistics/books/DSS-Leviticus-Linguistics.txt	4686135	5766	ac64baaef134f699eeab78ba0c2c6396c072540af66b2682fdd6370c325f01f8	PARTLY_RECONSTRUCTED	42	40	38	2	0	40	2	0	0	0	0	0	0
L1605505-R001	biblical_book	Lev	10	1		Mas1b	1606860	2	18	1605505				books/DSS-Leviticus.txt	3207751	3537	2104005-2104017	13	1	9ec4d30fa9801c00b31f4c1f320dfeaf60cd16baaef99d02100eb6818411e73c	linguistics/books/DSS-Leviticus-Linguistics.txt	4691901	5634	0f85d288e6084cfb04137ade5550c43f2e9da126de164f7bfd74240ba64c5a48	ALL_LETTER_SLOTS_RECONSTRUCTED	39	38	38	0	0	39	0	0	0	0	0	0	0
L1605506-R001	biblical_book	Lev	10	1		Mas1b	1606860	2	19	1605506				books/DSS-Leviticus.txt	3211288	2223	2104018-2104021	4	1	88ff81a80732a2e2e415616e8b48b28c4b871d6f6642f85034b8ead722d50ba7	linguistics/books/DSS-Leviticus-Linguistics.txt	4697535	1898	0e738896c458d30c5579dd306eb984b62c0e1b79391c227483f0e462bb8717fc	ALL_LETTER_SLOTS_RECONSTRUCTED	11	6	6	0	0	11	0	1	2	0	0	0	0
L1605507-R001	biblical_book	Lev	10	8		Mas1b	1606860	3	5	1605507				books/DSS-Leviticus.txt	3213511	2308	2104022-2104029	8	0	d468dea1e72ecfd7f3199c32274a5d3902ae45ef58916bd4091422fc524bd72b	linguistics/books/DSS-Leviticus-Linguistics.txt	4699433	3536	a95d29e349eadeae90f5139879172dda4377f7b6f4a3d3f943ba6feb2830a258	ALL_LETTER_SLOTS_RECONSTRUCTED	21	19	19	0	0	19	0	0	1	0	0	0	0
L1605507-R002	biblical_book	Lev	10	9		Mas1b	1606860	3	5	1605507				books/DSS-Leviticus.txt	3215819	3062	2104030-2104037	8	1	58aba6345ef112cba875817e850bcb2eceebb6261e4b3832cc5467277f1717e1	linguistics/books/DSS-Leviticus-Linguistics.txt	4702969	3642	bf58dd885e063c5d14951be61fe61c2c16183528f9d08d57728fc59dbc515843	PARTLY_RECONSTRUCTED	21	20	4	6	10	4	6	0	0	0	0	0	0
L1605508-R001	biblical_book	Lev	10	9		Mas1b	1606860	3	6	1605508				books/DSS-Leviticus.txt	3218881	3943	2104038-2104051	14	1	db3d42b6e3429aa0e7f093ef7507885d3833aa285149a91928e105fa35a233ed	linguistics/books/DSS-Leviticus-Linguistics.txt	4706611	6029	cb010e8935893ad132f60c771a7fb8b8457a5611a3dc9c171e49554a6a0104cd	PARTLY_RECONSTRUCTED	43	38	16	0	22	18	0	0	1	0	0	0	0
L1605509-R001	biblical_book	Lev	10	10		Mas1b	1606860	3	7	1605509				books/DSS-Leviticus.txt	3222824	4341	2104052-2104070	19	1	352b916af15ce1f2b198697f35f16556cb35c68262255a7d10737521e348eb98	linguistics/books/DSS-Leviticus-Linguistics.txt	4712640	7858	7f85df98b3447d17afd7d0adcdb8acd17aa2cfec9e28da6430c3d05468bd011f	PARTLY_RECONSTRUCTED	40	38	14	3	21	14	3	0	1	0	0	0	0
L1605510-R001	biblical_book	Lev	10	11		Mas1b	1606860	3	8	1605510				books/DSS-Leviticus.txt	3227165	3589	2104071-2104083	13	1	5bc9a96a5e07ca69f7b9337402bf3eb839a71f4c0eed636698c6ab642ca1d6e2	linguistics/books/DSS-Leviticus-Linguistics.txt	4720498	5686	7bfcd2fc6a0403a2039d99d73ee93a95a0abdf8d4ed9a15ca61b7c25140c686a	PARTLY_RECONSTRUCTED	35	35	16	4	15	16	4	0	0	0	0	0	0
L1605511-R001	biblical_book	Lev	10	11		Mas1b	1606860	3	9	1605511				books/DSS-Leviticus.txt	3230754	2701	2104084-2104088	5	2	afcb9635648038228f43a3adcc658475e4a477e2212eb7a625e29b127181e1d0	linguistics/books/DSS-Leviticus-Linguistics.txt	4726184	2352	0d879956e260cb190b893fe16efad076d8fd4f66d14d8620e43e4656f70cf331	PARTLY_RECONSTRUCTED	14	11	9	2	0	10	2	0	1	0	0	0	0
L1605512-R001	biblical_book	Lev	10	12		Mas1b	1606860	3	10	1605512				books/DSS-Leviticus.txt	3233455	3715	2104089-2104102	14	1	31b8b56f008ceb3f2351ebf2f81dea724ce69c035e8ab91dc88445eeb8feb622	linguistics/books/DSS-Leviticus-Linguistics.txt	4728536	6118	361a9eb918279c942a77d91c567978a649d7745073dade74f917e54a2d0b922f	PARTLY_RECONSTRUCTED	42	41	29	2	10	29	2	0	0	0	0	0	0
L1605513-R001	biblical_book	Lev	10	12		Mas1b	1606860	3	11	1605513				books/DSS-Leviticus.txt	3237170	3600	2104103-2104115	13	1	017c402b16818afba76159f9708ceb8679e03e588d6015f3e0c8731964b3a182	linguistics/books/DSS-Leviticus-Linguistics.txt	4734654	5682	9fc8a9bc9f3c28664a9c01c0c4776153828854c6f87ba71fd0fceb21e400c8b3	PARTLY_RECONSTRUCTED	38	37	28	1	8	28	1	0	0	0	0	0	0
L1605514-R001	biblical_book	Lev	10	12		Mas1b	1606860	3	12	1605514				books/DSS-Leviticus.txt	3240770	2198	2104116-2104122	7	0	4770429d26ae6aa3a8135f2cbe84732837afb7b89929690b87f3a7f9c2bfb02f	linguistics/books/DSS-Leviticus-Linguistics.txt	4740336	3227	57a3e703382613220e4ab0acaaba5a10d0c9f0e7747171a08b59e83a6124bdf3	ALL_LETTER_SLOTS_RECONSTRUCTED	20	18	18	0	0	20	0	0	1	0	0	0	0
L1605514-R002	biblical_book	Lev	10	13		Mas1b	1606860	3	12	1605514				books/DSS-Leviticus.txt	3242968	2705	2104123-2104129	7	1	1ebe4fef82722d33529dd36de56e758e85a4cafb8ce97f14f85568de9b33694b	linguistics/books/DSS-Leviticus-Linguistics.txt	4743563	3250	d51b79debf6d70e9e7d3ee77a203b04eca9470a79a9bbd7894862f769490aee9	PARTLY_RECONSTRUCTED	21	20	13	1	6	13	1	0	0	0	0	0	0
L1605515-R001	biblical_book	Lev	10	13		Mas1b	1606860	3	13	1605515				books/DSS-Leviticus.txt	3245673	3297	2104130-2104141	12	0	d648a662719419ee6b9d954a23dc384182243667f47c99d25c402a2ff488a97d	linguistics/books/DSS-Leviticus-Linguistics.txt	4746813	5190	9d421952be47c5b1c213d4ece87af12eae47ab755db5c8ef4078fd0d36a826f1	PARTLY_RECONSTRUCTED	34	30	24	2	4	28	2	0	1	0	0	0	0
L1605515-R002	biblical_book	Lev	10	14		Mas1b	1606860	3	13	1605515				books/DSS-Leviticus.txt	3248970	1848	2104142-2104144	3	1	d6db4b1046717cc39ea00ded33c736d7c0bf57663adabfc28499f4d9d7e4da11	linguistics/books/DSS-Leviticus-Linguistics.txt	4752003	1566	e792aa9e192b1f05ecc938118c22bd80e9f99c77a4f5a431cd1ada202c027c41	ALL_LETTER_SLOTS_RECONSTRUCTED	6	6	6	0	0	6	0	0	0	0	0	0	0
L1605516-R001	biblical_book	Lev	10	14		Mas1b	1606860	3	14	1605516				books/DSS-Leviticus.txt	3250818	3657	2104145-2104158	14	1	330023f119775d3b97bff1636a21282a4cb6c8bfff27c4b36966f3d6ddc71b58	linguistics/books/DSS-Leviticus-Linguistics.txt	4753569	6144	b650f45890e12a6f444c96db9f9b0d9b78c5cf9c7e9a92775abea2909e7a69aa	PARTLY_RECONSTRUCTED	41	40	39	0	1	40	0	0	0	0	0	0	0
L1605517-R001	biblical_book	Lev	10	14		Mas1b	1606860	3	15	1605517				books/DSS-Leviticus.txt	3254475	3905	2104159-2104171	13	1	0f9c91082e02383df46f6404ccff6e81162997cd65e5dd4c325dce8b34069eed	linguistics/books/DSS-Leviticus-Linguistics.txt	4759713	5657	1dbdaaac64042cf099c9d407ed17c39cf8773308b53d7f41ba02552d21c24227	PARTLY_RECONSTRUCTED	41	37	34	0	3	38	0	0	0	0	0	0	0
L1605518-R001	biblical_book	Lev	10	14		Mas1b	1606860	3	16	1605518				books/DSS-Leviticus.txt	3258380	1449	2104172-2104173	2	0	b18a09a26b96f5b21ea38c04c87d27aa92e8dea870055f15c0ccb364023d9dfc	linguistics/books/DSS-Leviticus-Linguistics.txt	4765370	1218	00293341483e6f6223f26c4775d780cd6030149ecfca8bc9cd4e0efc78b28e42	ALL_LETTER_SLOTS_RECONSTRUCTED	7	5	5	0	0	7	0	0	1	0	0	0	0
L1605518-R002	biblical_book	Lev	10	15		Mas1b	1606860	3	16	1605518				books/DSS-Leviticus.txt	3259829	3346	2104174-2104184	11	1	bd5ef7ab715f4f5344c2372c9feb7ced572c2df59b402e28050dab4065b3dbf2	linguistics/books/DSS-Leviticus-Linguistics.txt	4766588	4949	a7032ffaff14cda18798903b38ae4b0dfd883c4d26ec2c8afa01ec932c7d0ee4	PARTLY_RECONSTRUCTED	30	30	21	7	2	21	7	0	0	0	0	0	0
L1605519-R001	biblical_book	Lev	10	15		Mas1b	1606860	3	17	1605519				books/DSS-Leviticus.txt	3263175	4334	2104185-2104200	16	1	6b9e877d4439677cb37314d20f68e28ff8a3e3d707e154780169753264f67193	linguistics/books/DSS-Leviticus-Linguistics.txt	4771537	6799	83a9039208b8c9cf96d561a7a86dab2ee9e19e816e8a8b9a0b579fa552b46181	PARTLY_RECONSTRUCTED	44	41	24	4	13	25	4	0	0	0	0	0	0
L1605520-R001	biblical_book	Lev	10	15		Mas1b	1606860	3	18	1605520				books/DSS-Leviticus.txt	3267509	2043	2104201-2104206	6	0	a5f94003192184dbe81ce8e7d2a93edb6bf6558dc97de6744d24d71f72568c31	linguistics/books/DSS-Leviticus-Linguistics.txt	4778336	2779	2f5999e2a9bfc1fdeb1b0f3f079db2e33d8c8e773cb68025bafc641021544f70	ALL_LETTER_SLOTS_RECONSTRUCTED	17	15	15	0	0	17	0	0	1	0	0	0	0
L1605520-R002	biblical_book	Lev	10	16		Mas1b	1606860	3	18	1605520				books/DSS-Leviticus.txt	3269552	2693	2104207-2104214	8	1	7b2a9ec60ac6ff95847c152a9d2c0ef3e9e253211410ed91359d63caa62ccda8	linguistics/books/DSS-Leviticus-Linguistics.txt	4781115	3645	ccc066a1c513a206bc7c84acc5e7022327dd28357ede243287e3f7d73ec02b28	PARTLY_RECONSTRUCTED	21	21	8	1	12	8	1	0	0	0	0	0	0
L1605521-R001	biblical_book	Lev	10	16		Mas1b	1606860	3	19	1605521				books/DSS-Leviticus.txt	3272245	3518	2104215-2104226	12	1	d7c8434d5a3a2cbca01551980bc84e69c0ab530a11f679c5d7756a6b208133e2	linguistics/books/DSS-Leviticus-Linguistics.txt	4784760	5364	a1aac4495c989f8d764aed50ebbf9dccf8df0688323897094d97533faf232d13	PARTLY_RECONSTRUCTED	34	34	19	3	12	19	3	0	0	0	0	0	0
L1605522-R001	biblical_book	Lev	10	16		Mas1b	1606860	3	20	1605522				books/DSS-Leviticus.txt	3275763	1900	2104227-2104231	5	0	13ecaaaf0b3b7e4e9bdb43a98d2dc442548d769da1c2aa15bca33a898a1c8978	linguistics/books/DSS-Leviticus-Linguistics.txt	4790124	2316	b6075166ef79dbf2a47cf0bba6245fdec6a0d57688e7aaa4188c5fdacbd57875	PARTLY_RECONSTRUCTED	13	11	4	1	6	4	1	0	1	0	0	0	0
L1605522-R002	biblical_book	Lev	10	17		Mas1b	1606860	3	20	1605522				books/DSS-Leviticus.txt	3277663	3315	2104232-2104242	11	1	7539c91ba008db6683ee707cef852040217a945a67830fdad978174643d6b364	linguistics/books/DSS-Leviticus-Linguistics.txt	4792440	4882	279ef4f4c321d219975cd580e2a2fad19beede52b7e1a2ae3acff4e1f0d9d79f	PARTLY_RECONSTRUCTED	29	29	8	4	17	8	4	0	0	0	0	0	0
L1605523-R001	biblical_book	Lev	10	17		Mas1b	1606860	3	21	1605523				books/DSS-Leviticus.txt	3280978	4063	2104243-2104257	15	1	a715f02172963caa11b03e940540c5200dc2b38164e096bb6451134fac130c37	linguistics/books/DSS-Leviticus-Linguistics.txt	4797322	6408	4655f53270b92ecbfb7a75f6a057f5ff6355d626dd8cb8d660350b64578c103c	PARTLY_RECONSTRUCTED	40	38	11	2	22	11	2	0	0	0	3	0	0
L1605524-R001	biblical_book	Lev	10	17		Mas1b	1606860	3	22	1605524				books/DSS-Leviticus.txt	3285041	1990	2104258-2104262	5	0	6e68155484c03e1cd29043be6896dfa0efa8819ef40cbe24f1f0e2cdb0fd2c74	linguistics/books/DSS-Leviticus-Linguistics.txt	4803730	2384	7a8dfbf464a626f2a3bdc84950e4d6b2cc720ff4a9815e22d9de929a4ab275c2	PARTLY_RECONSTRUCTED	16	13	3	2	8	3	2	0	1	0	0	0	0
L1605524-R002	biblical_book	Lev	10	18		Mas1b	1606860	3	22	1605524				books/DSS-Leviticus.txt	3287031	3050	2104263-2104271	9	1	ab9e576545204217b0212b084a5e5418047b4cff50772094e02d45a82f941f1a	linguistics/books/DSS-Leviticus-Linguistics.txt	4806114	4053	dc30136272193f1dc2a20b502520af32630fb4dc8c98584b27311fdb550ad7f2	PARTLY_RECONSTRUCTED	25	24	11	3	10	11	3	0	0	0	0	0	0
L1605525-R001	biblical_book	Lev	10	18		Mas1b	1606860	3	23	1605525				books/DSS-Leviticus.txt	3290081	2732	2104272-2104280	9	0	7cf54cd9b51d5e5a8b48c2ba2a48a38ec91d3ea99d2831fded1484671ba310f4	linguistics/books/DSS-Leviticus-Linguistics.txt	4810167	4011	3c4cd89356b673848cbafd41928c210c2ff6fd73759263d103a1de57a1e54ca2	PARTLY_RECONSTRUCTED	28	25	23	1	1	24	1	0	1	0	0	0	0
L1605525-R002	biblical_book	Lev	10	19		Mas1b	1606860	3	23	1605525				books/DSS-Leviticus.txt	3292813	2212	2104281-2104285	5	1	50bf456afd515960966e8545870098fa7866694992522cb02fe8c7e3d7adb0b5	linguistics/books/DSS-Leviticus-Linguistics.txt	4814178	2426	fb9d0c4fe0ba57a533f02e2d82088f506f1c85c6db82084e483628689d52156b	PARTLY_RECONSTRUCTED	14	14	7	0	7	7	0	0	0	0	0	0	0
L1605526-R001	biblical_book	Lev	10	19		Mas1b	1606860	3	24	1605526				books/DSS-Leviticus.txt	3295025	4061	2104286-2104299	14	1	dd1c7615967e4e20f978c13072c38957b0c6b21b128c4af8c357b1d8d0a97a0a	linguistics/books/DSS-Leviticus-Linguistics.txt	4816604	6087	ed1d0c8053f1cfc0e6a0f8650ad65cdceccc8cfd152bb7eaaba39e75e6c0b777	PARTLY_RECONSTRUCTED	43	41	31	3	7	33	3	0	0	0	0	0	0
L1605527-R001	biblical_book	Lev	10	19		Mas1b	1606860	3	25	1605527				books/DSS-Leviticus.txt	3299086	3646	2104300-2104313	14	0	9045a70364209c15a2279553e23bc82495cc34b6a5f5210b21f0f2eda1d041ef	linguistics/books/DSS-Leviticus-Linguistics.txt	4822691	5992	f6ebdd5a63e62250621c57210e45a1dc47ec55f5052a583c19d3242e44b6dd1b	PARTLY_RECONSTRUCTED	38	35	26	3	6	27	3	0	1	0	0	0	0
L1605527-R002	biblical_book	Lev	10	20		Mas1b	1606860	3	25	1605527				books/DSS-Leviticus.txt	3302732	1763	2104314-2104315	2	1	f6d9826f7ee5fba07fef23d85d0b280f40ddb94551c40dcce5ffc704419f36fd	linguistics/books/DSS-Leviticus-Linguistics.txt	4828683	1178	531c4f05339c3cffe534663c9ca45154513bc8667e9ccd648375c5856872f3d8	PARTLY_RECONSTRUCTED	5	5	3	1	1	3	1	0	0	0	0	0	0
L1605528-R001	biblical_book	Lev	10	20		Mas1b	1606860	4	1	1605528				books/DSS-Leviticus.txt	3304495	2858	2104316-2104321	6	2	3042c8b0b556e2daa85c2ead4c87b57ace62816b71579b7bdb709a7126aa71d7	linguistics/books/DSS-Leviticus-Linguistics.txt	4829861	2747	6aa07f8bf1bc747eaef341c713d0b098efd8c36cb9ff452671c33fce563189c6	ALL_LETTER_SLOTS_RECONSTRUCTED	17	14	14	0	0	17	0	0	1	0	0	0	0
L1605529-R001	biblical_book	Lev	11	1		Mas1b	1606860	4	2	1605529				books/DSS-Leviticus.txt	3307353	3220	2104322-2104333	12	0	073b22dc575edac5250c4334c4f7576f983f4f758f996ad5e3134149de3a213d	linguistics/books/DSS-Leviticus-Linguistics.txt	4832608	5137	543d6971b5e70b985743eac2663ecf565e8d783ef9d08006ee8c5d39e2522e24	PARTLY_RECONSTRUCTED	32	29	26	3	0	29	3	0	1	0	0	0	0
L1605529-R002	biblical_book	Lev	11	2		Mas1b	1606860	4	2	1605529				books/DSS-Leviticus.txt	3310573	1883	2104334-2104336	3	1	580bb8adfbb935ac0e20da1a4345e34b1ebac692ec01ec75a95ed9c28341871b	linguistics/books/DSS-Leviticus-Linguistics.txt	4837745	1588	9d0dddf3c241c1bff71dbdd252d5c3085ca96b7b0779166cb99faff30b13b5ba	ALL_LETTER_SLOTS_RECONSTRUCTED	9	9	9	0	0	9	0	0	0	0	0	0	0
L1605530-R001	biblical_book	Lev	11	2		Mas1b	1606860	4	3	1605530				books/DSS-Leviticus.txt	3312456	3503	2104337-2104349	13	1	a436cfbeb0e317991c0d8d67f5e9fcfcaff369251ccd848bbac340c2df373187	linguistics/books/DSS-Leviticus-Linguistics.txt	4839333	5727	d29b01fbea187dd739fb5f0a77e39237875b6466c9a993334191eac1f9602edc	PARTLY_RECONSTRUCTED	35	35	27	4	4	27	4	0	0	0	0	0	0
L1605531-R001	biblical_book	Lev	11	2		Mas1b	1606860	4	4	1605531				books/DSS-Leviticus.txt	3315959	1731	2104350-2104353	4	0	0bdb61145610db58223c7a34dadbc5222eb496f7d141bb9deb0ce7f6634625c5	linguistics/books/DSS-Leviticus-Linguistics.txt	4845060	1907	da146b2d6bc3e941f44e5a25c7746004aa171d1e2278d05fa0aa6774cbe00c59	PARTLY_RECONSTRUCTED	8	6	2	1	3	4	1	0	1	0	0	0	0
L1605531-R002	biblical_book	Lev	11	3		Mas1b	1606860	4	4	1605531				books/DSS-Leviticus.txt	3317690	2729	2104354-2104361	8	1	ca1c8f05bbef9e1d3cf17cbc17cacd2ec20d0303fbef398f8f8798d6d7f6bef3	linguistics/books/DSS-Leviticus-Linguistics.txt	4846967	3738	1751188af5c5e3c6c25fd934ccbcc4e2cb7d69e94ecd8aebfaaeb0a6a8c82a30	PARTLY_RECONSTRUCTED	27	27	21	1	5	21	1	0	0	0	0	0	0
L1605532-R001	biblical_book	Lev	11	3		Mas1b	1606860	4	5	1605532				books/DSS-Leviticus.txt	3320419	2346	2104362-2104367	6	0	d6caaeae9902b4f6e9fa44a4b6345caeb53c353fe7aaac42c795a0954dd65ce0	linguistics/books/DSS-Leviticus-Linguistics.txt	4850705	2855	03063ffaf7289de5adf41458da42e53a305e226f3d61115e24ba47a88a8e2547	PARTLY_RECONSTRUCTED	19	16	5	3	8	6	3	0	1	0	0	0	0
L1605532-R002	biblical_book	Lev	11	4		Mas1b	1606860	4	5	1605532				books/DSS-Leviticus.txt	3322765	2448	2104368-2104374	7	1	56be0c77e7ee0f530299b0ab82ed51f577a44604bf22b47ff37cdb58b5812ef6	linguistics/books/DSS-Leviticus-Linguistics.txt	4853560	3147	6c21eb4c91fe35f7b892f5938c2bfaa13387788ae29dea6a3992c69c90e42416	PARTLY_RECONSTRUCTED	18	18	14	0	4	14	0	0	0	0	0	0	0
L1605533-R001	biblical_book	Lev	11	4		Mas1b	1606860	4	6	1605533				books/DSS-Leviticus.txt	3325213	3726	2104375-2104388	14	1	fb28767e92a5e6f9474754eaf687021dab4f03daf240243a6fe9f787e172b2c9	linguistics/books/DSS-Leviticus-Linguistics.txt	4856707	6096	b391f6fb3c654da11a030907ea6c6ff1234d3592398979ce7b8ec25d0a86d04d	PARTLY_RECONSTRUCTED	35	35	22	5	8	22	5	0	0	0	0	0	0
L1605534-R001	biblical_book	Lev	11	4		Mas1b	1606860	4	7	1605534				books/DSS-Leviticus.txt	3328939	2739	2104389-2104396	8	0	ab17a0320a2e1550aa50c93981ff7559a3e866c1f4ef27fec0cca25a5ef5982d	linguistics/books/DSS-Leviticus-Linguistics.txt	4862803	3654	af708241fa0b7ae20ee21dd34ad654c63d9f65aa6a7ddf68dc13d9cb505e1480	PARTLY_RECONSTRUCTED	28	24	16	1	7	19	1	0	1	0	0	0	0
L1605534-R002	biblical_book	Lev	11	5		Mas1b	1606860	4	7	1605534				books/DSS-Leviticus.txt	3331678	2282	2104397-2104402	6	1	14d98506f94aa3143498bc005e9f061afe52b4e92d82cc7c562b0e3f9b726d3a	linguistics/books/DSS-Leviticus-Linguistics.txt	4866457	2739	0129eb11dc23458e6dc3e0d7d9f576901088b4ef1af2a67743bec09d3103ae92	ALL_LETTER_SLOTS_RECONSTRUCTED	13	13	13	0	0	13	0	0	0	0	0	0	0
L1605535-R001	biblical_book	Lev	11	5		Mas1b	1606860	4	8	1605535				books/DSS-Leviticus.txt	3333960	2940	2104403-2104412	10	0	59ac6997e9e346cb58408a5526cc00f30a81c5a15c134eaa8f6b0a37c95e1f6b	linguistics/books/DSS-Leviticus-Linguistics.txt	4869196	4437	29e628571d81adfc5368fd9b94d00773bdf2279b5d57f1b629abecbd9488e14b	PARTLY_RECONSTRUCTED	30	27	19	2	6	22	2	0	1	0	0	0	0
L1605535-R002	biblical_book	Lev	11	6		Mas1b	1606860	4	8	1605535				books/DSS-Leviticus.txt	3336900	1988	2104413-2104416	4	1	7f0c4aea58aec684197861503fc1dd800cf1ffcb26caefea34525a9a528fc92a	linguistics/books/DSS-Leviticus-Linguistics.txt	4873633	1988	d16442bca1713d16903fc7cd1034e6a9d6f741608a47b5c8286439bc11d7f98d	ALL_LETTER_SLOTS_RECONSTRUCTED	9	9	9	0	0	9	0	0	0	0	0	0	0
L1605536-R001	biblical_book	Lev	11	6		Mas1b	1606860	4	9	1605536				books/DSS-Leviticus.txt	3338888	3601	2104417-2104428	12	1	4425600a73b39440dc45a1081340d516d720550663319b468de19bf027b2d83b	linguistics/books/DSS-Leviticus-Linguistics.txt	4875621	5260	41f5cdd23c5e966a5a36e8ec799832ffce12fe3f1b6c47de9842fd53d29be703	PARTLY_RECONSTRUCTED	38	35	25	2	8	28	2	0	1	0	0	0	0
L1605537-R001	biblical_book	Lev	11	7		Mas1b	1606860	4	10	1605537				books/DSS-Leviticus.txt	3342489	3271	2104429-2104440	12	1	2ef0bafb0ffd42b22b004297999a4999d949f9b267f5c50c2dfb16590e0edf8f	linguistics/books/DSS-Leviticus-Linguistics.txt	4880881	5298	d2007efbab19b5242f990020a792fc985c2c306ef35c69594ced34fb8f19525c	PARTLY_RECONSTRUCTED	33	33	22	1	10	22	1	0	0	0	0	0	0
L1605538-R001	biblical_book	Lev	11	7		Mas1b	1606860	4	11	1605538				books/DSS-Leviticus.txt	3345760	2660	2104441-2104449	9	0	2aa409da4090de73044d2c0b6001420aa0aa671ab9c3e52b3ee5a4017f4c075b	linguistics/books/DSS-Leviticus-Linguistics.txt	4886179	3958	f30ac1c0a90ec21698faf487eb4328522ce489585ac17aacdac1fa6bc8cfa147	PARTLY_RECONSTRUCTED	24	21	4	2	15	4	2	0	1	0	0	0	0
L1605538-R002	biblical_book	Lev	11	8		Mas1b	1606860	4	11	1605538				books/DSS-Leviticus.txt	3348420	2727	2104450-2104456	7	1	168946922fc6be0e8f602c53ba5bfe2a32197f05bb4ff9a771cf2ff0328077bc	linguistics/books/DSS-Leviticus-Linguistics.txt	4890137	3222	06bfdafc6d0556bf25a2e4bbbb91cfff122f1cce887878ec05b4793eeab34e1f	ALL_LETTER_SLOTS_RECONSTRUCTED	21	19	19	0	0	21	0	0	0	0	0	0	0
L1605539-R001	biblical_book	Lev	11	8		Mas1b	1606860	4	12	1605539				books/DSS-Leviticus.txt	3351147	2393	2104457-2104462	6	0	1f15433426cab09340f816440e9dc42159325b6bc1cf0f5f7d427b31158751e7	linguistics/books/DSS-Leviticus-Linguistics.txt	4893359	2756	c1b5b2c549b21ebe640dab34eeaf0755e64bb1f03c25e39f471cc1806c187108	PARTLY_RECONSTRUCTED	19	16	5	3	8	5	3	0	1	0	0	0	0
L1605539-R002	biblical_book	Lev	11	9		Mas1b	1606860	4	12	1605539				books/DSS-Leviticus.txt	3353540	2640	2104463-2104468	6	2	8dd29a18e710cdaf148313fe7d5518ade7168e16dca67521fb5efd3ee905e2ab	linguistics/books/DSS-Leviticus-Linguistics.txt	4896115	2769	f24a988abf6f0cd84dfb9156e54ccd978cc61ad2815bd5afe4221c8015794648	ALL_LETTER_SLOTS_RECONSTRUCTED	15	15	15	0	0	15	0	0	0	0	0	0	0
L1605540-R001	biblical_book	Lev	11	9		Mas1b	1606860	4	13	1605540				books/DSS-Leviticus.txt	3356180	3963	2104469-2104483	15	1	a91f48841f9f61793a0826f2a042884d6ba36f9e66efc53b230234bdd69cf623	linguistics/books/DSS-Leviticus-Linguistics.txt	4898884	6516	7d06bfb7b802a9b1c6e37df550a86e2bced33ce7a1f5d2f85b9523b6bb1497a4	PARTLY_RECONSTRUCTED	39	38	28	3	7	29	3	0	0	0	0	0	0
L1605541-R001	biblical_book	Lev	11	9		Mas1b	1606860	4	14	1605541				books/DSS-Leviticus.txt	3360143	1869	2104484-2104486	3	0	10d97d5bda3e537accb577f50c5bf790b6671125a644b0ab1201f96f1d1f1c82	linguistics/books/DSS-Leviticus-Linguistics.txt	4905400	1575	f155ec24f807dec2348a886557bce14f58563ecdce9a895bfd63eb868cf870bc	PARTLY_RECONSTRUCTED	11	8	2	2	4	2	2	0	1	0	0	0	0
L1605541-R002	biblical_book	Lev	11	10		Mas1b	1606860	4	14	1605541				books/DSS-Leviticus.txt	3362012	3471	2104487-2104499	13	1	f24cc1f869bde52c0bfa044661f2a4d367f3bc7cc9bf5fef1fb1bb7c4cd01c30	linguistics/books/DSS-Leviticus-Linguistics.txt	4906975	5695	c33c2eaea0988fec4e6c887ace7440a82ab6047c029e6483c4293ee5e507d8e4	ALL_LETTER_SLOTS_RECONSTRUCTED	35	34	34	0	0	35	0	0	0	0	0	0	0
L1605542-R001	biblical_book	Lev	11	10		Mas1b	1606860	4	15	1605542				books/DSS-Leviticus.txt	3365483	3738	2104500-2104515	16	1	44d903155132c03d822d3704c3b2320f009dca403b96c9051c52c4cd2f448a7f	linguistics/books/DSS-Leviticus-Linguistics.txt	4912670	6736	c4f2bb96c06de799ac35a4a269cdb111dfaf62ed3764086c4c7f77b71882c47a	PARTLY_RECONSTRUCTED	33	33	26	1	6	26	1	0	0	0	0	0	0
L1605543-R001	biblical_book	Lev	11	10		Mas1b	1606860	4	16	1605543				books/DSS-Leviticus.txt	3369221	1558	2104516-2104517	2	0	88afcb632eeadcf491438b9bb2aa2e0aac3a8c70dcc8fa7fcae3b151712b4246	linguistics/books/DSS-Leviticus-Linguistics.txt	4919406	1128	6238a435e3286bb90faf53bbc40d2abc8c40d0504464a2e6a1833a4855552fe8	PARTLY_RECONSTRUCTED	6	3	1	0	2	1	0	0	1	0	0	0	0
L1605543-R002	biblical_book	Lev	11	11		Mas1b	1606860	4	16	1605543				books/DSS-Leviticus.txt	3370779	3831	2104518-2104530	13	1	98c5907c4403b7729d6efb038dd5a9757b38029fe203d3df06d962b2bef6598a	linguistics/books/DSS-Leviticus-Linguistics.txt	4920534	5613	736d641ed0199ad149a736dddf5f1b70ab71d5336e94522211076b04339acb2a	PARTLY_RECONSTRUCTED	41	36	22	1	13	26	1	0	1	0	0	0	0
L1605544-R001	biblical_book	Lev	11	12		Mas1b	1606860	4	17	1605544				books/DSS-Leviticus.txt	3374610	3661	2104531-2104543	13	1	669541558988f6abac377a27fb2ea49f25a1a8f3ce4ad31b9c895a817b5783b2	linguistics/books/DSS-Leviticus-Linguistics.txt	4926147	5716	e3a1abe4fae750d1fa2b4e4c6379cb7c3ebfd756fd8ab4fc86bc9fcd30b83f21	PARTLY_RECONSTRUCTED	38	34	10	1	23	13	1	0	1	0	0	0	0
L1605545-R001	biblical_book	Lev	11	13		Mas1b	1606860	4	18	1605545				books/DSS-Leviticus.txt	3378271	3794	2104544-2104555	12	2	b0e7b6fe6787a0c18ef61cb1f02585621e621bf578c42e21cbd080173912287b	linguistics/books/DSS-Leviticus-Linguistics.txt	4931863	5198	f74feb143ebb2604c02b03af4609d1ecdc40382ba838f1a0bda9442a8783c650	PARTLY_RECONSTRUCTED	31	31	22	5	4	22	5	0	0	0	0	0	0
L1605546-R001	biblical_book	Lev	11	13		Mas1b	1606860	4	19	1605546				books/DSS-Leviticus.txt	3382065	2758	2104556-2104566	11	0	f7caf0de157965e7414536662a0f7bad9d6551647aa190982e7319b468fdcdeb	linguistics/books/DSS-Leviticus-Linguistics.txt	4937061	4733	a28b979ee50642d44c4a6cbe7d2cf3a9a851819254ed9d9fb83623e8121b355b	PARTLY_RECONSTRUCTED	22	20	13	3	4	15	3	0	1	0	0	0	0
L1605546-R002	biblical_book	Lev	11	14		Mas1b	1606860	4	19	1605546				books/DSS-Leviticus.txt	3384823	3122	2104567-2104577	11	1	ed6b2b9e6bd50343d8fb93e3cdd698a045b0c1cb9608f87a862a1044b972dab1	linguistics/books/DSS-Leviticus-Linguistics.txt	4941794	4640	0586aed5a6887b12e0ea1b2bfbc300605b3823ec762591501766a44760c8fb4e	ALL_LETTER_SLOTS_RECONSTRUCTED	22	19	19	0	0	22	0	0	1	0	0	0	0
L1605547-R001	biblical_book	Lev	11	15		Mas1b	1606860	4	20	1605547				books/DSS-Leviticus.txt	3387945	2100	2104578-2104583	6	0	d9711a1c5cd91ca01a6c609d7a2210cf7cf4148206e368880f50a688e552e594	linguistics/books/DSS-Leviticus-Linguistics.txt	4946434	2746	f574c5b561ba9d624cc85aeff498fd1ad3b6e70227be8ba4d46e299de845d676	PARTLY_RECONSTRUCTED	15	12	2	2	8	2	2	0	1	0	0	0	0
L1605547-R002	biblical_book	Lev	11	16		Mas1b	1606860	4	20	1605547				books/DSS-Leviticus.txt	3390045	3224	2104584-2104596	13	1	15f6e50f738f119b9d26260fe7228a8bcb07a6acbacf8e6cf4a945fee145c2d0	linguistics/books/DSS-Leviticus-Linguistics.txt	4949180	5503	0259c627ed1ced3ce3dd37bd0ca3eb085b1b0d178e1d3491e619f05fe8a290c6	PARTLY_RECONSTRUCTED	25	25	22	0	3	22	0	0	0	0	0	0	0
L1605548-R001	biblical_book	Lev	11	16		Mas1b	1606860	4	21	1605548				books/DSS-Leviticus.txt	3393269	2271	2104597-2104603	7	0	be2bdb03f7b447f3cb64577e3a18c17bef5c6eacd5b571c14cdcf38712100bc5	linguistics/books/DSS-Leviticus-Linguistics.txt	4954683	3056	0ca38615a07c816f6d85950819c21cf876b71d2d88fbd1c9f7e16254107c3c28	PARTLY_RECONSTRUCTED	15	12	11	0	1	12	0	0	1	0	0	0	0
L1605548-R002	biblical_book	Lev	11	17		Mas1b	1606860	4	21	1605548				books/DSS-Leviticus.txt	3395540	3368	2104604-2104616	13	1	7a3d119eb8e77f73601da7fa45fd577c10b463b3d44ca119e2192ed27ab3b88a	linguistics/books/DSS-Leviticus-Linguistics.txt	4957739	5452	9b41aa6c83c1705e5fcab81a1fa8002973e2e05e50891422e4566d3fa8ad8d9a	PARTLY_RECONSTRUCTED	25	23	17	2	4	19	2	0	1	0	0	0	0
L1605549-R001	biblical_book	Lev	11	18		Mas1b	1606860	4	22	1605549				books/DSS-Leviticus.txt	3398908	2985	2104617-2104629	13	0	e7871ac59c9a25fd73788aa688f7911147f47c7374d3eb9be3c985d7a5e32d44	linguistics/books/DSS-Leviticus-Linguistics.txt	4963191	5468	28df6ab5d433d4a656315d30d765a33233f6d4bf488bf881de60bfd71d998e1e	PARTLY_RECONSTRUCTED	25	23	14	2	7	16	2	0	1	0	0	0	0
L1605549-R002	biblical_book	Lev	11	19		Mas1b	1606860	4	22	1605549				books/DSS-Leviticus.txt	3401893	2287	2104630-2104635	6	1	2a09e25adc1cd777583707130dee6e29a69a0b8b49ad9e81afdd4451c69d6d3f	linguistics/books/DSS-Leviticus-Linguistics.txt	4968659	2799	d8301021722d0339035e900acfed7d7892c5161a90dcc6e0cc3d3d2a9247b2f3	ALL_LETTER_SLOTS_RECONSTRUCTED	14	14	14	0	0	14	0	0	0	0	0	0	0
L1605550-R001	biblical_book	Lev	11	19		Mas1b	1606860	4	23	1605550				books/DSS-Leviticus.txt	3404180	2889	2104636-2104646	11	0	90136695f7b7967cc6e0d07619453c15901376d2fbbdb73f7c60c1976812e13a	linguistics/books/DSS-Leviticus-Linguistics.txt	4971458	4744	9258622517670e3da8ba788ad98bc76591a7b8382644adeb8653f3bbb5ab9f66	PARTLY_RECONSTRUCTED	26	23	20	1	2	23	1	0	1	0	0	0	0
L1605550-R002	biblical_book	Lev	11	20		Mas1b	1606860	4	23	1605550				books/DSS-Leviticus.txt	3407069	2432	2104647-2104653	7	1	6e8335ff5a19a88de757b7497fd7a5459ef9b810b1a6be48719272819bc06ecd	linguistics/books/DSS-Leviticus-Linguistics.txt	4976202	3128	a8e554fadf780e3d167c984e0138a4f614eeaaeeeec2a3dd2046a7151a8b79c9	ALL_LETTER_SLOTS_RECONSTRUCTED	15	15	15	0	0	15	0	0	0	0	0	0	0
L1605551-R001	biblical_book	Lev	11	20		Mas1b	1606860	4	24	1605551				books/DSS-Leviticus.txt	3409501	2057	2104654-2104658	5	0	fc4a38ca762e7c8bdfef28a75fa57b2e39fb82561ee3c4e521b3fac147d1a32a	linguistics/books/DSS-Leviticus-Linguistics.txt	4979330	2423	4114513448ff7a5aec2be0443831c4bf2f4a64dade3666b1863858b1b958f2d8	PARTLY_RECONSTRUCTED	16	13	10	1	2	10	1	0	1	0	0	0	0
L1605551-R002	biblical_book	Lev	11	21		Mas1b	1606860	4	24	1605551				books/DSS-Leviticus.txt	3411558	2782	2104659-2104665	7	2	12b70a292d14b0bb3e51481e5cab54976f4b5dad179df51f67b162904e18fe5f	linguistics/books/DSS-Leviticus-Linguistics.txt	4981753	3167	7e142da673bc95fbbafebf37b70c64fb8386d2f8ba2ead9007581426b3286af6	ALL_LETTER_SLOTS_RECONSTRUCTED	17	17	17	0	0	17	0	0	0	0	0	0	0
L1605552-R001	biblical_book	Lev	11	21		Mas1b	1606860	4	25	1605552				books/DSS-Leviticus.txt	3414340	4101	2104666-2104681	16	1	adeb4cb9c8a866a5fe36c0126ed1fd02ff779974a2ad77b87f5dd95da7543627	linguistics/books/DSS-Leviticus-Linguistics.txt	4984920	6807	aa2d727791fb47b30d6ce40271e6f7fc03a8b272a9b86265863b5283774b9f5d	PARTLY_RECONSTRUCTED	41	38	35	2	1	36	2	0	1	0	0	0	0
L1605553-R001	biblical_book	Lev	11	24		Mas1b	1606860	5	4	1605553				books/DSS-Leviticus.txt	3418441	3108	2104682-2104692	11	0	7d043679a803c7d75bb29baccf93ed7579f9762b75336b353778c4666effb7d0	linguistics/books/DSS-Leviticus-Linguistics.txt	4991727	4772	d756caef9c5d49120ea2a171a96a13e8e49380962e40a8f2efc1b9fbae20e5fc	PARTLY_RECONSTRUCTED	30	27	18	2	7	21	2	0	1	0	0	0	0
L1605553-R002	biblical_book	Lev	11	25		Mas1b	1606860	5	4	1605553				books/DSS-Leviticus.txt	3421549	2405	2104693-2104698	6	1	4bca2db5022f623353f604c053f1008b0b524236ade915e5ad0ec2b9d18d4faf	linguistics/books/DSS-Leviticus-Linguistics.txt	4996499	2763	c657b1caf7d750cdb62266e9df5393ccb71e26012fd7810a7fdc026580fd9dcf	ALL_LETTER_SLOTS_RECONSTRUCTED	14	13	13	0	0	14	0	0	0	0	0	0	0
L1605554-R001	biblical_book	Lev	11	25		Mas1b	1606860	5	5	1605554				books/DSS-Leviticus.txt	3423954	2536	2104699-2104706	8	0	a6e76efb8905f9d8466e53a0906e755b95f4fdb50c270cba40516b1fc33fb23a	linguistics/books/DSS-Leviticus-Linguistics.txt	4999262	3560	45ad51dd7e159477fdd1dccae86a753ea761705c19613efc3aee705912ddd3dd	PARTLY_RECONSTRUCTED	22	19	17	1	1	18	1	0	1	0	0	0	0
L1605554-R002	biblical_book	Lev	11	26		Mas1b	1606860	5	5	1605554				books/DSS-Leviticus.txt	3426490	2522	2104707-2104713	7	1	e53b6a82ea1797a2252b47758bc22dcf387bd7cd4c3440d5cf00ad7c88447a8f	linguistics/books/DSS-Leviticus-Linguistics.txt	5002822	3224	a9febc90b9417b67e290bdfb7f1009184eb38437de209b68cac01e0a55b4b9ee	PARTLY_RECONSTRUCTED	19	19	14	2	3	14	2	0	0	0	0	0	0
L1605555-R001	biblical_book	Lev	11	26		Mas1b	1606860	5	6	1605555				books/DSS-Leviticus.txt	3429012	3776	2104714-2104724	11	1	673462332a1097a52ecce9f1cb64fbcff638a88dd5ae1632a5f1bf4ed174ad78	linguistics/books/DSS-Leviticus-Linguistics.txt	5006046	5023	235d0b71d80cfce258e737d30519b26049aff53b3621bcd6cdcb74372239da02	PARTLY_RECONSTRUCTED	39	37	28	4	5	30	4	0	0	0	0	0	0
L1605556-R001	biblical_book	Lev	11	26		Mas1b	1606860	5	7	1605556				books/DSS-Leviticus.txt	3432788	2511	2104725-2104731	7	0	1a57e5e0ddff12522c09a89f7e1b833e3166fcfb482e0bda969ed7a8bde3a106	linguistics/books/DSS-Leviticus-Linguistics.txt	5011069	3105	800ec53864f7ee7aa83cc0784f4e267e74584013283b5d8cd63b1e737631274d	PARTLY_RECONSTRUCTED	20	16	6	2	8	7	2	0	1	0	0	0	0
L1605556-R002	biblical_book	Lev	11	27		Mas1b	1606860	5	7	1605556				books/DSS-Leviticus.txt	3435299	2971	2104732-2104740	9	1	dbaf8efa7572738f50d05112e84549d82d00725bd045b59a7849ea8b51017974	linguistics/books/DSS-Leviticus-Linguistics.txt	5014174	3964	44f3331b40964869cfb692471a6958e7d9ceb8f6b6c1b5f6d832b99dd4a64ddb	PARTLY_RECONSTRUCTED	21	20	13	3	4	14	3	0	0	0	0	0	0
L1605557-R001	biblical_book	Lev	11	27		Mas1b	1606860	5	8	1605557				books/DSS-Leviticus.txt	3438270	3925	2104741-2104753	13	1	edb7d5e51d2ecb713b91ab5413d1f5f9b6754f11e4bfd9dbfb04bd0ad5fddf5b	linguistics/books/DSS-Leviticus-Linguistics.txt	5018138	5677	1751283b3e3f8942af2abfe8213cb78d7baacfddddf71c84fcd5310cc8bd7b42	PARTLY_RECONSTRUCTED	39	37	13	2	22	13	2	0	0	0	0	0	0
L1605558-R001	biblical_book	Lev	11	27		Mas1b	1606860	5	9	1605558				books/DSS-Leviticus.txt	3442195	1736	2104754-2104757	4	0	0ecc5cf6775a6d2a7156971d195e9f1cede9ca83814b05307af23ca7f75d7ba3	linguistics/books/DSS-Leviticus-Linguistics.txt	5023815	1918	fc5679964671dd5f9ec90aba5d95c8b6a470d93b804c9faf7ac4cd3fea336396	PARTLY_RECONSTRUCTED	8	6	5	1	0	5	1	0	1	0	0	0	0
L1605558-R002	biblical_book	Lev	11	28		Mas1b	1606860	5	9	1605558				books/DSS-Leviticus.txt	3443931	3522	2104758-2104769	12	1	6db61c6007bcc3c7313f18a43503197048192c32804a9a5b122fd32ca9e82c32	linguistics/books/DSS-Leviticus-Linguistics.txt	5025733	5213	9783fe246d7568ac2ae6243e3fe83652ace8551eff4d48c244db8d07d8ec653d	PARTLY_RECONSTRUCTED	33	31	6	1	24	7	1	0	0	0	0	0	0
L1605559-R001	biblical_book	Lev	11	28		Mas1b	1606860	5	10	1605559				books/DSS-Leviticus.txt	3447453	1966	2104770-2104773	4	0	730f11d3c4e2e254d776b1d632fffe471ad777f5188091663fdc210ae54ef310	linguistics/books/DSS-Leviticus-Linguistics.txt	5030946	1961	fcaccdc555ee29ba5986b9d9293dcda474ffd4f2b12e550d0055e50942594425	PARTLY_RECONSTRUCTED	14	11	4	2	5	4	2	0	1	0	0	0	0
L1605559-R002	biblical_book	Lev	11	29		Mas1b	1606860	5	10	1605559				books/DSS-Leviticus.txt	3449419	2874	2104774-2104780	7	2	6b42218beab398143819d1b147b4c0610a01e69ae98241175aba81fcbc55357a	linguistics/books/DSS-Leviticus-Linguistics.txt	5032907	3116	0bfcdae6dcf15305dc7abfd4c1392e1712b1587d8ff6ae0b39d0937de9ee986e	NO_LETTER_RECONSTRUCTION_MARKED	15	14	0	2	12	0	2	0	0	0	0	0	0
L1605560-R001	biblical_book	Lev	11	29		Mas1b	1606860	5	11	1605560				books/DSS-Leviticus.txt	3452293	3797	2104781-2104796	16	0	c8ef1c26f281551dacf98c18f8e81c73c96099443c70d08d0bc6f38d99776d62	linguistics/books/DSS-Leviticus-Linguistics.txt	5036023	6637	6878ef20d302255999220aa7a61d7f98442cb30dec09ce85f2ad36c0408f42b1	PARTLY_RECONSTRUCTED	33	30	8	5	17	8	5	0	1	0	0	0	0
L1605560-R002	biblical_book	Lev	11	30		Mas1b	1606860	5	11	1605560				books/DSS-Leviticus.txt	3456090	1897	2104797-2104799	3	1	4bf20d5afc5113e9988b5d6b9bce804be371527b05ed834d6c4aefbe1e347314	linguistics/books/DSS-Leviticus-Linguistics.txt	5042660	1587	53dbf62bc2e992e57e42496a4c35e08a57c73c3f682b62d9c243eb6d10dba6c7	NO_LETTER_RECONSTRUCTION_MARKED	6	6	0	2	4	0	2	0	0	0	0	0	0
L1605561-R001	biblical_book	Lev	11	30		Mas1b	1606860	5	12	1605561				books/DSS-Leviticus.txt	3457987	2958	2104800-2104812	13	0	b44584f933d57e7bd6df070f1ba30a1d6d546d2f17365a90b9baa0ebf074f83e	linguistics/books/DSS-Leviticus-Linguistics.txt	5044247	5466	3baf0eafb5bda6028a819ff931e919348a561df19aab898d02f6d64eade1c6a0	PARTLY_RECONSTRUCTED	24	22	5	1	16	5	1	0	1	0	0	0	0
L1605561-R002	biblical_book	Lev	11	31		Mas1b	1606860	5	12	1605561				books/DSS-Leviticus.txt	3460945	2381	2104813-2104818	6	1	1f746b447df1a2a916b2b4d8ae5284f88c3b76b1c2132bcb18c9d497aad3d290	linguistics/books/DSS-Leviticus-Linguistics.txt	5049713	2778	42fdd751312ef58c0fbdccbcae17cb7ebddaffc9a0630f1204e03ecfb8a26ef9	PARTLY_RECONSTRUCTED	16	15	2	0	13	2	0	0	0	0	0	0	0
L1605562-R001	biblical_book	Lev	11	31		Mas1b	1606860	5	13	1605562				books/DSS-Leviticus.txt	3463326	3402	2104819-2104831	13	0	8d1fb3b535768922b0e0855a37b9ba612d06b2f0ab1bdca962bfdd696e38f5be	linguistics/books/DSS-Leviticus-Linguistics.txt	5052491	5497	8f7272c9fb84472b78ba9949ee033fff01e632555ad8c5c4d4bc9331c423178e	PARTLY_RECONSTRUCTED	31	27	6	5	16	7	5	0	1	0	0	0	0
L1605562-R002	biblical_book	Lev	11	32		Mas1b	1606860	5	13	1605562				books/DSS-Leviticus.txt	3466728	2108	2104832-2104835	4	1	e12e2106b37e02b67a9326bf5d850570d3b89daba4f962e3a7f4e44e96357d55	linguistics/books/DSS-Leviticus-Linguistics.txt	5057988	1985	c5626c58faf86623af33be7b9c7748d521267eed75549f03b728fa4510a86567	PARTLY_RECONSTRUCTED	9	9	2	2	5	2	2	0	0	0	0	0	0
L1605563-R001	biblical_book	Lev	11	32		Mas1b	1606860	5	14	1605563				books/DSS-Leviticus.txt	3468836	4486	2104836-2104850	15	1	77294c49e93e85c40b78b668ef5f876bd05a23c45a23c552324a080fa01a5fed	linguistics/books/DSS-Leviticus-Linguistics.txt	5059973	6476	0693b2466e0a00d09e5c20534470732b5bbc4e6d9214bf658b85fa678cd7e082	PARTLY_RECONSTRUCTED	40	37	5	12	19	5	12	0	0	0	1	0	0
L1605564-R001	biblical_book	Lev	11	32		Mas1b	1606860	5	15	1605564				books/DSS-Leviticus.txt	3473322	3656	2104851-2104862	12	1	64859fa3f08844f976c5159dea79701bb2aed72ed758b4c243e5338675e002d9	linguistics/books/DSS-Leviticus-Linguistics.txt	5066449	5305	e2b820ea2cceb5a854f796b0a07629010043544c2bb69b8456b230525b0ec1e0	PARTLY_RECONSTRUCTED	35	34	3	4	27	3	4	0	0	0	0	0	0
L1605565-R001	biblical_book	Lev	11	32		Mas1b	1606860	5	16	1605565				books/DSS-Leviticus.txt	3476978	1836	2104863-2104867	5	0	684af132ac3d030170035de3cb8e20089b3a48e2e7dbfa41d29dbe45c32759ea	linguistics/books/DSS-Leviticus-Linguistics.txt	5071754	2296	b57b0d4b826aba8043bc76287f5f2220a392276bcd9fa9f99e6e6d35cbd61630	PARTLY_RECONSTRUCTED	10	8	1	0	7	1	0	0	1	0	0	0	0
L1605565-R002	biblical_book	Lev	11	33		Mas1b	1606860	5	16	1605565				books/DSS-Leviticus.txt	3478814	3668	2104868-2104878	11	1	74d7828fa77ea3a703577b4495a59741d7df33ccde7ca499456c1aaf48509460	linguistics/books/DSS-Leviticus-Linguistics.txt	5074050	4972	0256b20d39b68db20e549152bab843adcf721cae5b32ab54ca0bf3019c84c593	PARTLY_RECONSTRUCTED	31	29	7	16	6	7	16	0	0	0	0	0	0
L1605566-R001	biblical_book	Lev	11	33		Mas1b	1606860	5	17	1605566				books/DSS-Leviticus.txt	3482482	2443	2104879-2104885	7	0	fa10ebb9638c42cb45b75c2341ce0937372b35aa0d7c1874f38b8f6c657bc877	linguistics/books/DSS-Leviticus-Linguistics.txt	5079022	3179	8199f955461bfb6f292199d51538e4ba3b1f91344e9aaeaf13df37023013de22	NO_LETTER_RECONSTRUCTION_MARKED	22	18	0	2	16	0	2	0	1	0	0	0	0
L1605566-R002	biblical_book	Lev	11	34		Mas1b	1606860	5	17	1605566				books/DSS-Leviticus.txt	3484925	2966	2104886-2104893	8	1	155215d1844432f897df3946feea7839f439f57ec66af0116644ba7b3708dce8	linguistics/books/DSS-Leviticus-Linguistics.txt	5082201	3629	90f33c653197d440d7337bc1342074aedb3f15c44a3c62e81ad7b19cacf742cc	PARTLY_RECONSTRUCTED	21	21	5	2	14	5	2	0	0	0	0	0	0
L1605567-R001	biblical_book	Lev	11	34		Mas1b	1606860	5	18	1605567				books/DSS-Leviticus.txt	3487891	3770	2104894-2104906	13	1	e0609def2650419f943419489f745ef722f2c240ea66d8d508ae7123ddf6eb87	linguistics/books/DSS-Leviticus-Linguistics.txt	5085830	5651	5c7b5fe0591be97999f569da6e8718c66c8e76b199622e5061d140f23f61541a	PARTLY_RECONSTRUCTED	38	35	1	5	29	1	5	0	1	0	0	0	0
L1605568-R001	biblical_book	Lev	11	35		Mas1b	1606860	5	19	1605568				books/DSS-Leviticus.txt	3491661	4079	2104907-2104919	13	1	b7997457bd339c9bbe0eedf34d6b8d877337a131c5a0078283d65cee7fe37a4c	linguistics/books/DSS-Leviticus-Linguistics.txt	5091481	5794	ed52609860a976a0ff07824f15312995b970b85b27b39fafc4b4d0a1dfb98821	PARTLY_RECONSTRUCTED	43	41	5	5	30	5	5	0	0	0	1	0	0
L1605569-R001	biblical_book	Lev	11	35		Mas1b	1606860	5	20	1605569				books/DSS-Leviticus.txt	3495740	2328	2104920-2104925	6	0	d748072b5d58cf4f0a8b0da6fa32aaad9a26de13b01ab462748054eb6f48aa65	linguistics/books/DSS-Leviticus-Linguistics.txt	5097275	2748	f5bae1f072ed0b29ae49db7a7f4e307d12036851364f3e35cb6a9e7105ba79ba	PARTLY_RECONSTRUCTED	18	15	4	3	8	4	3	0	1	0	0	0	0
L1605569-R002	biblical_book	Lev	11	36		Mas1b	1606860	5	20	1605569				books/DSS-Leviticus.txt	3498068	2747	2104926-2104933	8	1	c257c388e658d4561fcde74f4551dd9e4cfaa3b82ea8fbc42e43c20552b07a22	linguistics/books/DSS-Leviticus-Linguistics.txt	5100023	3727	03cbed5acba5cdc50570f3911bbbf6919ee83d7a72e6395d7bdd90d617b2d712	NO_LETTER_RECONSTRUCTION_MARKED	25	25	0	2	23	0	2	0	0	0	0	0	0
L1605570-R001	biblical_book	Lev	11	36		Mas1b	1606860	5	21	1605570				books/DSS-Leviticus.txt	3500815	2209	2104934-2104939	6	0	c91b59637d53662ae0356500a479f6929f06bb73fef680f9543a432eb8e4065c	linguistics/books/DSS-Leviticus-Linguistics.txt	5103750	2774	0b37c01df1403f3cba80fc6d06a737e49d1d31a08ff3a273b981edfa8826894b	PARTLY_RECONSTRUCTED	17	14	9	2	3	11	2	0	1	0	0	0	0
L1605570-R002	biblical_book	Lev	11	37		Mas1b	1606860	5	21	1605570				books/DSS-Leviticus.txt	3503024	3117	2104940-2104950	11	1	c3b49f9e92f4147bfe1d988f8b2c34595600e80b0b8ee381370d97b4020cfb96	linguistics/books/DSS-Leviticus-Linguistics.txt	5106524	4890	0e437e62cfd0189336c6d1e6571a10d154d23d36e81c9042d55f5c8586343aba	PARTLY_RECONSTRUCTED	31	30	1	0	29	1	0	0	0	0	0	0	0
L1605571-R001	biblical_book	Lev	11	37		Mas1b	1606860	5	22	1605571				books/DSS-Leviticus.txt	3506141	1638	2104951-2104953	3	0	bbc5b2f4cb26a3474b154b855bcadfcaea7ce3e5a8938e19a09a6f9f128793af	linguistics/books/DSS-Leviticus-Linguistics.txt	5111414	1576	f2b4dc9effbde03a9435641466bb5755bdca663dba002eeb0c59b41f49241b92	PARTLY_RECONSTRUCTED	9	7	2	1	4	4	1	0	1	0	0	0	0
L1605571-R002	biblical_book	Lev	11	38		Mas1b	1606860	5	22	1605571				books/DSS-Leviticus.txt	3507779	3617	2104954-2104966	13	1	7dc9b6112c42ecac1e2ebc94103acdcf76bb459e3093adbb8c8f4daec587d1f1	linguistics/books/DSS-Leviticus-Linguistics.txt	5112990	5650	8a1aea1e6806160a883363135bb3fb883897e7602500fdd04dcda84c3b65d3d7	PARTLY_RECONSTRUCTED	36	34	4	1	29	4	1	0	0	0	0	0	0
L1605572-R001	biblical_book	Lev	11	38		Mas1b	1606860	5	23	1605572				books/DSS-Leviticus.txt	3511396	1560	2104967-2104968	2	0	4b5d9fd2de3ba02bea08c7312237269611de9871738a81dbcb12e270190af88d	linguistics/books/DSS-Leviticus-Linguistics.txt	5118640	1123	5488cd067e28859a4494bf361252f4b3bc62da9eb77a9d886962db2c6607086d	ALL_LETTER_SLOTS_RECONSTRUCTED	6	3	3	0	0	6	0	0	1	0	0	0	0
L1605572-R002	biblical_book	Lev	11	39		Mas1b	1606860	5	23	1605572				books/DSS-Leviticus.txt	3512956	3406	2104969-2104979	11	2	d98dadba50e12e2007e27b0d07f3706d69c5181b2c52677f4c1f6ae49e47b589	linguistics/books/DSS-Leviticus-Linguistics.txt	5119763	4797	b4dffc8be77f638fd4e4456f3f72c463bc69a3209bb6ba52b99e88ffd948f7f0	NO_LETTER_RECONSTRUCTION_MARKED	29	28	0	0	28	0	0	0	0	0	0	0	0
L1605573-R001	biblical_book	Lev	11	39		Mas1b	1606860	5	24	1605573				books/DSS-Leviticus.txt	3516362	2662	2104980-2104988	9	0	a93b6155c72132b39188a0430828ec54f18872cc76dfac7135e0180fa232195b	linguistics/books/DSS-Leviticus-Linguistics.txt	5124560	3949	45afff4653005b5a616e93bd4d1552b02eefc51208cad480d111f28748565856	PARTLY_RECONSTRUCTED	23	20	9	1	10	10	1	0	1	0	0	0	0
L1605573-R002	biblical_book	Lev	11	40		Mas1b	1606860	5	24	1605573				books/DSS-Leviticus.txt	3519024	2648	2104989-2104995	7	1	93c2a9e103ee134078fb4fe81f1da222e901768e2cbe04a61367b6a398321618	linguistics/books/DSS-Leviticus-Linguistics.txt	5128509	3232	2cde8089498a9de50d7a4c09884033b090c8b4d8a12a84843421b8edbc5ded6d	NO_LETTER_RECONSTRUCTION_MARKED	22	20	0	0	20	0	0	0	0	0	0	0	0
L1605574-R001	biblical_book	Lev	11	40		Mas1b	1606860	5	25	1605574				books/DSS-Leviticus.txt	3521672	4026	2104996-2105011	16	1	78dab84db368673c35487c9c6e36f774a3a3b4a7f33d26dde306107d41975492	linguistics/books/DSS-Leviticus-Linguistics.txt	5131741	6729	8be593a7f525417591c320869a362f80843604a0005390505868ed9d165be10b	PARTLY_RECONSTRUCTED	41	37	10	2	25	10	2	0	1	0	0	0	0
L1605811-R001	biblical_book	Lev	23	38		Arugleviticus	1606865	fA	1	1605811				books/DSS-Leviticus.txt	3525757	3474	2107363-2107374	12	1	cb85978a21495feedb822c767a05bfe0166679929371889dfee6d67e8d7b3778	linguistics/books/DSS-Leviticus-Linguistics.txt	5138529	5198	45b7e635e56b06372c716d790d0da7af632a512f01d5a23bb3868911cb23f8b5	PARTLY_RECONSTRUCTED	30	28	17	1	10	18	1	0	0	0	0	0	0
L1605812-R001	biblical_book	Lev	23	38		Arugleviticus	1606865	fA	2	1605812				books/DSS-Leviticus.txt	3529231	1910	2107375-2107379	5	0	ba21bf56cd979114cecfa5a81d7ccf30de824d8c27bdcbd4da6f44c9a897c056	linguistics/books/DSS-Leviticus-Linguistics.txt	5143727	2361	3b8cbac316befc943d49e1881edcbf8f7bfa0b6de7fe071feb6e26e40195e44d	PARTLY_RECONSTRUCTED	14	12	4	0	8	4	0	0	1	0	0	0	0
L1605812-R002	biblical_book	Lev	23	39		Arugleviticus	1606865	fA	2	1605812				books/DSS-Leviticus.txt	3531141	2087	2107380-2107383	4	1	4cec17a3dd71b75e97472e99241f602e9459b458e783ecadf29745ec73dc178c	linguistics/books/DSS-Leviticus-Linguistics.txt	5146088	2036	9566ff5c1271573ab7d1d38280411154ae7db64828f7222d5fce9ea61a9dcc98	PARTLY_RECONSTRUCTED	10	10	9	1	0	9	1	0	0	0	0	0	0
L1605813-R001	biblical_book	Lev	23	39		Arugleviticus	1606865	fA	3	1605813				books/DSS-Leviticus.txt	3533228	3003	2107384-2107392	9	1	0e179faab13b67e10839fbb5b5a2c47ecb683cdd9c810209cf23a470b54eab79	linguistics/books/DSS-Leviticus-Linguistics.txt	5148124	4138	646a9c3a54d8458cc9d54ba00c5d7b47792b2dc24350a79337d9cf17bf02631d	PARTLY_RECONSTRUCTED	27	26	21	1	4	22	1	0	0	0	0	0	0
L1605814-R001	biblical_book	Lev	23	39		Arugleviticus	1606865	fA	4	1605814				books/DSS-Leviticus.txt	3536231	2957	2107393-2107401	9	1	ba6fcad71f75d078bccc625087d57c4e582025c6b1fa31a8ad01e01c5a59ffe0	linguistics/books/DSS-Leviticus-Linguistics.txt	5152262	4021	ffbd175d92b56743345bbd4f636aadcb18675a873d56168ca746de214afde120	PARTLY_RECONSTRUCTED	27	25	23	2	0	23	2	0	1	0	0	0	0
L1605815-R001	biblical_book	Lev	23	40		Arugleviticus	1606865	fB+Ci	8	1605815				books/DSS-Leviticus.txt	3539188	3018	2107402-2107409	8	1	7c59f3e36b7415e10af40d35f28dd36fd54f6747d3e860c02229a2a803983efc	linguistics/books/DSS-Leviticus-Linguistics.txt	5156283	3778	21305752026bd21d556d49005a592c28aa2e43e90685b4b1358ca847cd339770	PARTLY_RECONSTRUCTED	28	27	21	3	3	21	3	0	0	0	0	0	0
L1605816-R001	biblical_book	Lev	23	40		Arugleviticus	1606865	fB+Ci	9	1605816				books/DSS-Leviticus.txt	3542206	1461	2107410-2107411	2	0	493b46bfda871b5e9099b6fb148e242193e54d47d3d79adba6663b155bc8a75f	linguistics/books/DSS-Leviticus-Linguistics.txt	5160061	1176	ee9087e28e3eb62502218b56cac2610d1469e5c00d115477279c4e3ec115ca7e	ALL_LETTER_SLOTS_RECONSTRUCTED	6	4	4	0	0	6	0	0	1	0	0	0	0
L1605816-R002	biblical_book	Lev	23	41		Arugleviticus	1606865	fB+Ci	9	1605816				books/DSS-Leviticus.txt	3543667	3131	2107412-2107418	7	2	57308b2b65ae81e785d82d2f95c085db4a474faed09ac41e694329be2d963375	linguistics/books/DSS-Leviticus-Linguistics.txt	5161237	3202	52640882fe6cb1c66c51097e1c047e8e21cbf3d30dde84902128d2aa38cabad2	PARTLY_RECONSTRUCTED	20	19	11	2	6	12	2	0	0	0	0	0	0
L1605817-R001	biblical_book	Lev	23	41		Arugleviticus	1606865	fB+Ci	10	1605817				books/DSS-Leviticus.txt	3546798	3002	2107419-2107427	9	1	eb9ab0e054d6718caeb5dc0e9d3e0ea9d7f483dad9798c520d849d1e841e9fe1	linguistics/books/DSS-Leviticus-Linguistics.txt	5164439	4148	bca5bf739fb0eef2860a376fc17b5db8c117f3f12dd6eee0191e5431fad4b99e	PARTLY_RECONSTRUCTED	27	26	19	1	6	19	1	0	0	0	0	0	0
L1605818-R001	biblical_book	Lev	23	41		Arugleviticus	1606865	fB+Ci	11	1605818				books/DSS-Leviticus.txt	3549800	2053	2107428-2107432	5	0	7ef366cb248310ae4d897600c983d8b1395c046ed0028ccb9e5070d46c830638	linguistics/books/DSS-Leviticus-Linguistics.txt	5168587	2402	0233e77280e23e6a43d9f44518c18650032391768c651730ca3c367f53856e67	ALL_LETTER_SLOTS_RECONSTRUCTED	16	13	13	0	0	16	0	0	1	0	0	0	0
L1605818-R002	biblical_book	Lev	23	42		Arugleviticus	1606865	fB+Ci	11	1605818				books/DSS-Leviticus.txt	3551853	2115	2107433-2107436	4	1	c9b75a96138b8be6d8521d19a4f342b91e64916c8eaaaf4ef72b484cafc855f4	linguistics/books/DSS-Leviticus-Linguistics.txt	5170989	2070	d157a94efd3669d00951dddb331b925d0c52282aedf242309a6c1f1b5dc6f323	PARTLY_RECONSTRUCTED	12	12	6	0	6	6	0	0	0	0	0	0	0
L1605819-R001	biblical_book	Lev	23	42		Arugleviticus	1606865	fB+Ci	12	1605819				books/DSS-Leviticus.txt	3553968	3043	2107437-2107446	10	1	e299f7de7273de6514ae5a5a7a48a33e619d8aea5abbc12f810e1901e7b887e4	linguistics/books/DSS-Leviticus-Linguistics.txt	5173059	4495	5fa2c765e4311f0708a3beb6e93f230028bcb39a8bdc7d10f8bab6d89a9e32b6	PARTLY_RECONSTRUCTED	28	26	17	2	7	17	2	0	1	0	0	0	0
L1605820-R001	biblical_book	Lev	23	43		Arugleviticus	1606865	fB+Ci	13	1605820				books/DSS-Leviticus.txt	3557011	2838	2107447-2107453	7	1	e6f093276525c3896ee85ce2803a9ec093853eb48f63f55a28ba625920118208	linguistics/books/DSS-Leviticus-Linguistics.txt	5177554	3380	eaa3640dd6403774bb25a46dc17034c4caa1557ce31bc50133eef4a8837b0dcb	PARTLY_RECONSTRUCTED	28	27	19	1	7	20	1	0	0	0	0	0	0
L1605821-R001	biblical_book	Lev	23	43		Arugleviticus	1606865	fB+Ci	14	1605821				books/DSS-Leviticus.txt	3559849	2936	2107454-2107461	8	1	f737357e5fef591d92d94607e08085dc703105f60539876427ff034cdf255ffc	linguistics/books/DSS-Leviticus-Linguistics.txt	5180934	3736	7cdf61a532469e4a01a78f920e35d6a9090b5d75d2812101f6253048205b0ef3	PARTLY_RECONSTRUCTED	27	25	21	0	4	23	0	0	0	0	0	0	0
L1605822-R001	biblical_book	Lev	23	43		Arugleviticus	1606865	fB+Ci	15	1605822				books/DSS-Leviticus.txt	3562785	2121	2107462-2107466	5	0	527621c6a06731818c4dade29bb40a33aaca3191bb8316395ba34a4f7cba54a6	linguistics/books/DSS-Leviticus-Linguistics.txt	5184670	2559	4ae204b6422d5ca94ac1e610dd88b3007c58acd2ee581c3f66020e104774beb2	ALL_LETTER_SLOTS_RECONSTRUCTED	21	18	18	0	0	21	0	0	1	0	0	0	0
L1605822-R002	biblical_book	Lev	23	44		Arugleviticus	1606865	fB+Ci	15	1605822				books/DSS-Leviticus.txt	3564906	2120	2107467-2107470	4	1	827905c48f110df53390ebb20c008715c2c0c7baea9068b2310d81a222d68b30	linguistics/books/DSS-Leviticus-Linguistics.txt	5187229	1965	a71dbd5d00d56607dcfc6693927d9b3b0681c3bb0879b65d5ed1276b900d6f48	PARTLY_RECONSTRUCTED	10	8	5	1	2	5	1	0	1	0	0	0	0
L1605823-R001	biblical_book	Lev	24	16		Arugleviticus	1606865	fB+Cii	12	1605823				books/DSS-Leviticus.txt	3567026	2874	2107471-2107478	8	1	02cb63871595a041994bd61c8316902d92fcce5a06c04747a778583faa46a48a	linguistics/books/DSS-Leviticus-Linguistics.txt	5189194	3645	ddedfc8353ab4720d975c9d021d9b61d6b3f8821692729a6d93e2e34357ea3f2	PARTLY_RECONSTRUCTED	25	24	23	1	0	24	1	0	0	0	0	0	0
L1605824-R001	biblical_book	Lev	24	16		Arugleviticus	1606865	fB+Cii	13	1605824				books/DSS-Leviticus.txt	3569900	2613	2107479-2107487	9	0	066ee51bd3d8f3ad935ab2ddc1e926d5641aeab060006bc3261b7205ded37c7f	linguistics/books/DSS-Leviticus-Linguistics.txt	5192839	3975	38dd334ebaa393499b22493efd575ba7f84dc5ec80ea87fd73f9517c96103442	PARTLY_RECONSTRUCTED	22	19	17	0	2	20	0	0	1	0	0	0	0
L1605824-R002	biblical_book	Lev	24	17		Arugleviticus	1606865	fB+Cii	13	1605824				books/DSS-Leviticus.txt	3572513	1742	2107488-2107489	2	1	a09681888b6e75fa4e9a33bba115bce4a3d30bb63ee9499e4cca14cd886419a7	linguistics/books/DSS-Leviticus-Linguistics.txt	5196814	1189	43555f03cff7edf98fcb7d3474f45b4ca9b00e14dafff0991b22e9e90a8b5092	ALL_LETTER_SLOTS_RECONSTRUCTED	4	4	4	0	0	4	0	0	0	0	0	0	0
L1605825-R001	biblical_book	Lev	24	17		Arugleviticus	1606865	fB+Cii	14	1605825				books/DSS-Leviticus.txt	3574255	2796	2107490-2107497	8	1	9a7d0049d35e570e5afb93148e70dd568178e827f6069f0053daf6d496b700fb	linguistics/books/DSS-Leviticus-Linguistics.txt	5198003	3626	a0bf673ac26939412bd4a8c8e119e00003ecaa7040627592dfa98afddc53f194	PARTLY_RECONSTRUCTED	22	20	16	1	3	16	1	0	1	0	0	0	0
L1605826-R001	biblical_book	Lev	24	18		Arugleviticus	1606865	fB+Cii	15	1605826				books/DSS-Leviticus.txt	3577051	2586	2107498-2107503	6	1	63aefb1152d7930f2708051c8bd701f71a1a3fd17528f67a1113225920b96d23	linguistics/books/DSS-Leviticus-Linguistics.txt	5201629	2928	269f5cb68f8a90f556062bf8b5e2c47c192fc8a1e4054f166e504f0cca64bcdf	PARTLY_RECONSTRUCTED	21	20	15	1	4	16	1	0	0	0	0	0	0
L1605827-R001	biblical_book	Lev	24	18		Arugleviticus	1606865	fB+Cii	16	1605827				books/DSS-Leviticus.txt	3579637	1983	2107504-2107506	3	1	101ad8699e040a8c9ed097eb8bee8b01d50946440e88764d23a0d0cf551cd9a1	linguistics/books/DSS-Leviticus-Linguistics.txt	5204557	1608	947a692faec1c46090b06d12bf1ee56a1f4c5af181f79d7c5c802a0f1ed701a2	PARTLY_RECONSTRUCTED	8	6	5	0	1	7	0	0	1	0	0	0	0
