record_id	kind	book	chapter	verse	halfverse	scroll	scroll_node	fragment	line	line_node	intl	language	script	file	byte_offset	byte_length	word_nodes	word_count	standalone_sign_count	sha256	linguistics_file	linguistics_byte_offset	linguistics_byte_length	linguistics_sha256	letter_reconstruction	sign_slots	letter_slots	reconstructed_letter_slots	uncertain_letter_slots	unmarked_letter_slots	reconstructed_sign_slots	uncertain_sign_slots	missing_sign_slots	empty_sign_slots	vacat_sign_slots	corrected_sign_slots	removed_sign_slots	alternative_sign_slots
L1556985-R001	biblical_book	Num	23	5		2Q29	1605939	f1	1	1556985				books/DSS-Numbers.txt	734	2951	1654586-1654597	12	0	e0c4755af860fdce167889ee1d52a7717f90b39f5c45cd697808663c1245ed35	linguistics/books/DSS-Numbers-Linguistics.txt	2143	5133	45470c37b9a3dabd3bac89c5690d966bc98a1d154eb1297f41c06af0a4f61c10	PARTLY_RECONSTRUCTED	31	29	24	5	0	24	5	0	1	0	0	0	0
L1556985-R002	biblical_book	Num	23	6		2Q29	1605939	f1	1	1556985				books/DSS-Numbers.txt	3685	3466	1654598-1654609	12	1	aceb1ac18377281cc3b59c2ed4cb7c125191dfa53216c1f242d4a8339846410e	linguistics/books/DSS-Numbers-Linguistics.txt	7276	5160	bafb0ed44a20b7ff666394d07c8ca244cfc7eac097896286d5b13cc20e8e4dc3	PARTLY_RECONSTRUCTED	35	33	32	1	0	34	1	0	0	0	0	0	0
L1556986-R001	biblical_book	Num	23	6		2Q29	1605939	f1	2	1556986				books/DSS-Numbers.txt	7151	1431	1654610-1654611	2	0	32d67579a002ac9cf423410922e0e32f1cfd5ac74e149d6ef02c38ed0b178f34	linguistics/books/DSS-Numbers-Linguistics.txt	12436	1160	a02e06de6d86f4cef7ae710e1a0000ea81a86e71664f6471e806de25263a538e	ALL_LETTER_SLOTS_RECONSTRUCTED	6	4	4	0	0	6	0	0	1	0	0	0	0
L1556986-R002	biblical_book	Num	23	7		2Q29	1605939	f1	2	1556986				books/DSS-Numbers.txt	8582	5310	1654612-1654631	20	1	e2c2d7199ee4708321491bc5e499f8a856cd8eb6bbeb8aa7163825162f11a4ef	linguistics/books/DSS-Numbers-Linguistics.txt	13596	8499	ec2fe41ac49ee70e18ff91cb59d8acf307d72a0507123b8b8297b1b351beece4	PARTLY_RECONSTRUCTED	65	59	50	2	7	55	2	0	0	0	0	0	0
L1556987-R001	biblical_book	Num	23	7		2Q29	1605939	f1	3	1556987				books/DSS-Numbers.txt	13892	1735	1654632-1654634	3	0	5aee9f0aebded076e39faa7ab2f3350087c7af8dbfa1c9bd67699d72cf163f01	linguistics/books/DSS-Numbers-Linguistics.txt	22095	1618	529666b42ad46a2b5d9da363046b4ecd918967eca6d22c1f8340061210ce51ef	ALL_LETTER_SLOTS_RECONSTRUCTED	12	9	9	0	0	12	0	0	1	0	0	0	0
L1556987-R002	biblical_book	Num	23	8		2Q29	1605939	f1	3	1556987				books/DSS-Numbers.txt	15627	3386	1654635-1654646	12	1	79871eb3d28288d18fb8dc536cad0e4f6a7e7ddabfd71d59054b67fe777dfe71	linguistics/books/DSS-Numbers-Linguistics.txt	23713	5070	5554fa10b5346b4099aaefbcb5d04c87fa140d90c6e100b18ab6d90808cbd20a	ALL_LETTER_SLOTS_RECONSTRUCTED	35	32	32	0	0	35	0	0	1	0	0	0	0
L1589707-R001	biblical_book	Num	1	48		1Q3	1606608	f8	1	1589707				books/DSS-Numbers.txt	19062	2509	1891007-1891015	9	0	898780e2ab78bd0ffe65a547e2f1ad6ccfeb6230694569d4ed261df4db132af1	linguistics/books/DSS-Numbers-Linguistics.txt	28832	3833	49b7c489e587051a0d17489f13f04f6b2b28c46e701dd118d5481baacae269f7	PARTLY_RECONSTRUCTED	22	18	17	0	1	21	0	1	2	0	0	0	0
L1589707-R002	biblical_book	Num	1	49		1Q3	1606608	f8	1	1589707				books/DSS-Numbers.txt	21571	1549	1891016	1	1	22c0ba8f8451fe1f438fe18d98b142e9156b2c9050967479ce5b3b92659273bb	linguistics/books/DSS-Numbers-Linguistics.txt	32665	769	e375fa2400916c9c95f687bdbc56f8ee3e7bde7d456dc074af4676b46652259d	ALL_LETTER_SLOTS_RECONSTRUCTED	2	2	2	0	0	2	0	0	0	0	0	0	0
L1589708-R001	biblical_book	Num	1	49		1Q3	1606608	f8	2	1589708				books/DSS-Numbers.txt	23120	3450	1891017-1891029	13	1	67cff581adcb4a1767bda04cfc215131bb90d81192eafcd5db4aef03f37bdf15	linguistics/books/DSS-Numbers-Linguistics.txt	33434	5576	4607388e33602c3b9b4c48bf22178a6e883fb9bc634c0551af887e4676b81945	PARTLY_RECONSTRUCTED	34	33	28	0	5	29	0	0	0	0	0	0	0
L1589709-R001	biblical_book	Num	1	49		1Q3	1606608	f8	3	1589709				books/DSS-Numbers.txt	26570	1439	1891030-1891031	2	0	9f7e30af0dc3d028e25fdad393124d43a8a9a0550b301313620d3122b140aec7	linguistics/books/DSS-Numbers-Linguistics.txt	39010	1202	c317fa238ba317cb39c68ede999ca5fee85bcbb92cfa9ea44f65a4a995c9fa48	ALL_LETTER_SLOTS_RECONSTRUCTED	7	5	5	0	0	7	0	0	1	0	0	0	0
L1589709-R002	biblical_book	Num	1	50		1Q3	1606608	f8	3	1589709				books/DSS-Numbers.txt	28009	3351	1891032-1891044	13	1	74c4fbb8fc96dfb2e143a39cc97016c11749055f4d2962c7c056ffb43a91a866	linguistics/books/DSS-Numbers-Linguistics.txt	40212	5473	c3a39c1bf766b147e70fb25cb4dc55ef67fccaf578be7a772c292796beba2bdd	PARTLY_RECONSTRUCTED	30	28	25	1	2	25	1	0	1	0	0	0	0
L1589710-R001	biblical_book	Num	36	7		1Q3	1606608	f9	1	1589710				books/DSS-Numbers.txt	31360	3190	1891045-1891056	12	1	8d9d3e5c4e407efc6356d7dbca27b7a87f3588067b03d61ec56c76c4d31522f4	linguistics/books/DSS-Numbers-Linguistics.txt	45685	5187	25d6fa54e8f6de588223af54fef56da2edccb35642c4abaf0b68665e368d1e6e	PARTLY_RECONSTRUCTED	30	28	25	0	3	27	0	1	1	0	0	0	0
L1589711-R001	biblical_book	Num	36	7		1Q3	1606608	f9	2	1589711				books/DSS-Numbers.txt	34550	2863	1891057-1891066	10	0	b88912aed0634a79e200fb67814e0129cc0b353509edccb1f943006d71c4ba5d	linguistics/books/DSS-Numbers-Linguistics.txt	50872	4500	199d0fd01d69d1402d0fccd20283bd93c1ca67969015521d2b5dcef657498a7b	PARTLY_RECONSTRUCTED	35	32	27	1	4	29	1	0	1	0	0	0	0
L1589711-R002	biblical_book	Num	36	8		1Q3	1606608	f9	2	1589711				books/DSS-Numbers.txt	37413	1824	1891067-1891069	3	1	2cf04b3c33c62006dc850a20c1ebd109c0c125f4965b646feb7b2d8fdcbb575c	linguistics/books/DSS-Numbers-Linguistics.txt	55372	1533	65f0a9c6bd6b77c5067668b3c10bb9acffa4d9e23715e44edb0257b26b275c03	ALL_LETTER_SLOTS_RECONSTRUCTED	5	5	5	0	0	5	0	0	0	0	0	0	0
L1589712-R001	biblical_book	Num	36	8		1Q3	1606608	f9	3	1589712				books/DSS-Numbers.txt	39237	3747	1891070-1891083	14	1	0cc2d8938a5b2704a8aef81f32f0e141d6917af4be6e3bd0a7eb6249fe9e31be	linguistics/books/DSS-Numbers-Linguistics.txt	56905	6148	e955163df2d76550a6414492132e212d379a2eee9d3a5f6a8434ccb27a235773	PARTLY_RECONSTRUCTED	45	42	41	0	1	42	0	0	1	0	0	0	0
L1592565-R001	biblical_book	Num	3	38		2Q6	1606627	f1	0	1592565				books/DSS-Numbers.txt	43033	2626	1931390-1931396	7	1	06d9115a30d22d709db5ac78926baef1a9afcb793e96d9c91588ea0e1e591744	linguistics/books/DSS-Numbers-Linguistics.txt	63102	3169	750e372d8d7507df8eb61a869a8a1e2e8a8597f77523b0e8f9e505dd26b01653	ALL_LETTER_SLOTS_RECONSTRUCTED	21	18	18	0	0	21	0	1	1	0	0	0	0
L1592566-R001	biblical_book	Num	3	38		2Q6	1606627	f1	1	1592566				books/DSS-Numbers.txt	45659	2283	1931397-1931403	7	0	4d3493b5e42606e9b97ef34a761b8cd519a208e5cbad8114c386527274c7a2ae	linguistics/books/DSS-Numbers-Linguistics.txt	66271	3407	01441bdda8c9039d9995c6882a71b36f869abd58c30fa14d5d312187a322662a	PARTLY_RECONSTRUCTED	24	24	22	1	1	22	1	0	0	0	0	0	0
L1592567-R001	biblical_book	Num	3	38		2Q6	1606627	f1	2	1592567				books/DSS-Numbers.txt	47942	2077	1931404-1931410	7	0	fe81b5a760d13d736f8c5aa057fa697bd7287ebc0ed3b0d2647c1a40cc694482	linguistics/books/DSS-Numbers-Linguistics.txt	69678	3015	06088b1e5a36bc204cd59de853b121685cf5a230b2c29bfb4e94fc8cee1a948f	PARTLY_RECONSTRUCTED	14	12	10	0	2	12	0	0	1	0	0	0	0
L1592567-R002	biblical_book	Num	3	39		2Q6	1606627	f1	2	1592567				books/DSS-Numbers.txt	50019	2021	1931411-1931414	4	1	c811be1c03ae79912d7c408696fa76262c5651fe31b839c9b3a2dcad1ea074a5	linguistics/books/DSS-Numbers-Linguistics.txt	72693	1967	a5159cd1aed53ae95f1c939a67b521f00c84bf6f7af8caccad08bee8be45cf5d	ALL_LETTER_SLOTS_RECONSTRUCTED	12	12	12	0	0	12	0	0	0	0	0	0	0
L1592568-R001	biblical_book	Num	3	39		2Q6	1606627	f1	3	1592568				books/DSS-Numbers.txt	52040	2650	1931415-1931422	8	1	7ccc76e866eb3ab1b9de8cab3e9aeb9aaee37418351ab198b527d3431efc10c2	linguistics/books/DSS-Numbers-Linguistics.txt	74660	3608	be6e479af98a7a5f1dc1fe4efe602210c4ee47831c98cc38e74df33251320981	PARTLY_RECONSTRUCTED	22	22	20	0	2	20	0	0	0	0	0	0	0
L1592569-R001	biblical_book	Num	3	39		2Q6	1606627	f1	4	1592569				books/DSS-Numbers.txt	54690	3085	1931423-1931431	9	1	977b7ac0e80691891204f9555eaa54f2bdb6cd8d79e8b1abbdc6dde1bf43386d	linguistics/books/DSS-Numbers-Linguistics.txt	78268	4059	c06566b3c82b75072332859ee543b02614d5f2f8983b8cbd855a996b046e9f09	PARTLY_RECONSTRUCTED	25	23	20	1	2	22	1	0	0	0	0	0	0
L1592570-R001	biblical_book	Num	3	39		2Q6	1606627	f1	5	1592570				books/DSS-Numbers.txt	57775	2614	1931432-1931436	5	2	562540d1fc239212aa8073b308a40f746c6a09b08e44deb96bcae3bc2dfa3d34	linguistics/books/DSS-Numbers-Linguistics.txt	82327	2436	a2127ed4ab665313701dd6e662658f563ec2d70a9c6393a01263329300b74ddf	PARTLY_RECONSTRUCTED	15	13	10	0	3	12	0	0	1	0	0	0	0
L1592571-R001	biblical_book	Num	3	40		2Q6	1606627	f1	6	1592571				books/DSS-Numbers.txt	60389	2803	1931437-1931445	9	1	cb65db61f2edda9ac8d42ef1757944800c69b41832807e058432447e86fe0b99	linguistics/books/DSS-Numbers-Linguistics.txt	84763	3986	a2c038d8f6435b67f152c3e0634d3805fe48c50dc645153a7a88323098a4b9aa	PARTLY_RECONSTRUCTED	25	25	22	0	3	22	0	0	0	0	0	0	0
L1592572-R001	biblical_book	Num	3	40		2Q6	1606627	f1	7	1592572				books/DSS-Numbers.txt	63192	3096	1931446-1931456	11	1	2ae1b6ffb1a594c67d4fc296de1685c0734eb38eefbea981c07089412f963537	linguistics/books/DSS-Numbers-Linguistics.txt	88749	4785	0829332d0d0c4572737048f8cdca063fd53de1dfdea658d1e8e9a1e31279bf72	PARTLY_RECONSTRUCTED	26	25	21	0	4	22	0	0	0	0	0	0	0
L1592573-R001	biblical_book	Num	3	40		2Q6	1606627	f1	8	1592573				books/DSS-Numbers.txt	66288	1823	1931457-1931459	3	0	c9707191f08effa7ef6b6489b9e71b10d7a71eaeb945d8af6700a3caac3ce8e6	linguistics/books/DSS-Numbers-Linguistics.txt	93534	1598	89ec1eec699c96288f8ddb241b83ebb96a4d73dbc1d1caf98a0ddc1a58459990	PARTLY_RECONSTRUCTED	11	8	5	1	2	8	1	0	1	0	0	0	0
L1592573-R002	biblical_book	Num	3	41		2Q6	1606627	f1	8	1592573				books/DSS-Numbers.txt	68111	2400	1931460-1931465	6	1	f585f10a06b543db54b96dcb6db4a319c036f314090678d67628e949da7ddd58	linguistics/books/DSS-Numbers-Linguistics.txt	95132	2701	e7c3dff1cbd53df2e894d59f973395b46f0efc44ff4f81d50d2bbec493626801	ALL_LETTER_SLOTS_RECONSTRUCTED	15	14	14	0	0	15	0	0	0	0	0	0	0
L1592574-R001	biblical_book	Num	3	41		2Q6	1606627	f1	9	1592574				books/DSS-Numbers.txt	70511	2621	1931466-1931473	8	1	57736630466d33b1ab65d1b0185bc1206306950d56f22f8b7f4eb8663b1bb48e	linguistics/books/DSS-Numbers-Linguistics.txt	97833	3711	d3b052f8b3af0ef3f5f78726c165df9b01be7f122c874f2584ec3cf9253e1901	PARTLY_RECONSTRUCTED	24	24	21	0	3	21	0	0	0	0	0	0	0
L1592575-R001	biblical_book	Num	3	41		2Q6	1606627	f1	10	1592575				books/DSS-Numbers.txt	73132	3043	1931474-1931484	11	1	3d6b46f97349d3b7045db17dcdd4740631f8ed75a1fd5bad9a70bfc7a406424a	linguistics/books/DSS-Numbers-Linguistics.txt	101544	4799	f06b1d4580385475ae72c326ee824ca38de8b50be843bbe433588f9dde0bc1d8	PARTLY_RECONSTRUCTED	28	26	24	0	2	24	0	0	1	0	0	0	0
L1592576-R001	biblical_book	Num	3	51		2Q6	1606627	f2	0	1592576				books/DSS-Numbers.txt	76175	2610	1931485-1931492	8	1	560221ae1812e4e461205dd1494efb7de2398a9d0d7025f8e964df8623b6f68e	linguistics/books/DSS-Numbers-Linguistics.txt	106343	3555	2d04f2b30da7d5318cfafd83af67b40d5ca0732f12e8884ad5840e055bcda7fb	ALL_LETTER_SLOTS_RECONSTRUCTED	19	17	17	0	0	19	0	1	1	0	0	0	0
L1592577-R001	biblical_book	Num	3	51		2Q6	1606627	f2	1	1592577				books/DSS-Numbers.txt	78785	3097	1931493-1931503	11	1	df557d9d3d41fb9bbf91c604029f5bd3ace63450e29705e47f19de517fbba09e	linguistics/books/DSS-Numbers-Linguistics.txt	109898	4731	d9b92055fa40d998b5c4bff18ccce1b631c8d76a3f0f79946cae1e870a438273	PARTLY_RECONSTRUCTED	27	26	22	0	4	22	0	0	0	0	0	0	0
L1592578-R001	biblical_book	Num	3	51		2Q6	1606627	f2	2	1592578				books/DSS-Numbers.txt	81882	2411	1931504-1931507	4	2	ebb46b932a4fab9f5235f4c0c3e09f3bea1b6290d500adb6b7fca23bd29e4513	linguistics/books/DSS-Numbers-Linguistics.txt	114629	1942	2421f5cf858b0f57c3b43aaf670308202aa8b5050aa2d00d9a821e5b42e60d6c	PARTLY_RECONSTRUCTED	11	9	4	0	5	6	0	0	1	0	0	0	0
L1592579-R001	biblical_book	Num	4	1		2Q6	1606627	f2	3	1592579				books/DSS-Numbers.txt	84293	3133	1931508-1931518	11	1	5ad854c2dfa1cb5805660a06d94f72f17236b5c270ef2be8ff94dac4ce08fe75	linguistics/books/DSS-Numbers-Linguistics.txt	116571	4670	1cc91bd1a34f91a5c4a854f17f4a04d243c3e754e9a96c2daa20d292919e1a21	PARTLY_RECONSTRUCTED	27	25	19	1	5	21	1	0	1	0	0	0	0
L1592580-R001	biblical_book	Num	4	2		2Q6	1606627	f2	4	1592580				books/DSS-Numbers.txt	87426	2745	1931519-1931527	9	1	be396280519386019e9ceac8b77418ebc2929debbd14d595bc79cbd400f59447	linguistics/books/DSS-Numbers-Linguistics.txt	121241	4034	2d0be2d0ae00f250aea30c3ef6b272cd815a7bdffc46e26d1cf2063f2e744199	PARTLY_RECONSTRUCTED	24	24	19	0	5	19	0	0	0	0	0	0	0
L1592581-R001	biblical_book	Num	4	2		2Q6	1606627	f2	5	1592581				books/DSS-Numbers.txt	90171	2417	1931528-1931533	6	0	f498dd7cfaf534c31fe60b27b70e17c5bc5ebed752603040a967e672ca9123e5	linguistics/books/DSS-Numbers-Linguistics.txt	125275	2795	04f67afbbce4a7564e216285736e79274b7bc5921452c2527a0dada406ac2a97	PARTLY_RECONSTRUCTED	19	15	8	2	5	11	2	0	1	0	0	0	0
L1592581-R002	biblical_book	Num	4	3		2Q6	1606627	f2	5	1592581				books/DSS-Numbers.txt	92588	1852	1931534-1931536	3	1	0a6b0c7f5f1765d8c4a2cdbbcea866a73943024d723f34d0287685fa9b677019	linguistics/books/DSS-Numbers-Linguistics.txt	128070	1613	eb2b51b1f329ec71b4b117f446d682482b414709e60163bc6646772261bb5790	ALL_LETTER_SLOTS_RECONSTRUCTED	8	8	8	0	0	8	0	0	0	0	0	0	0
L1592582-R001	biblical_book	Num	4	3		2Q6	1606627	f2	6	1592582				books/DSS-Numbers.txt	94440	2735	1931537-1931544	8	1	00586e90c82d2788dda9a41b6910f0bfea49695cd75b607bf675dda2f83809c1	linguistics/books/DSS-Numbers-Linguistics.txt	129683	3652	32881586b479c7598e6a04728916392ab77fac3a434d137f72a527ea1672a43e	PARTLY_RECONSTRUCTED	22	21	16	0	5	16	0	0	0	0	0	0	0
L1592583-R001	biblical_book	Num	4	3		2Q6	1606627	f2	7	1592583				books/DSS-Numbers.txt	97175	3073	1931545-1931555	11	1	93125e7042d02c18888690392563f9c9808baf6038ee36b5c7f72e407376855b	linguistics/books/DSS-Numbers-Linguistics.txt	133335	4746	365a99830f16ddec0751f20fcc8c626b8d528257cb956fea6bc09fa64f113285	PARTLY_RECONSTRUCTED	28	26	23	0	3	23	0	0	1	0	0	0	0
L1592584-R001	biblical_book	Num	33	47		2Q7	1606628	f1	1	1592584				books/DSS-Numbers.txt	100297	2841	1931556-1931566	11	0	7eeb8997a40cafd39c064b0991672af789c683e6b9dde06e93f849dd3e6c7865	linguistics/books/DSS-Numbers-Linguistics.txt	138130	4870	da7114f71fb084bacba727750929a1729fff942ce67c668ec997c3df94fe4c2f	PARTLY_RECONSTRUCTED	31	29	24	0	5	26	0	0	1	0	0	0	0
L1592584-R002	biblical_book	Num	33	48		2Q7	1606628	f1	1	1592584				books/DSS-Numbers.txt	103138	3335	1931567-1931579	13	1	267843bbc9cc4d5452abea3e65650333d6dcc9745bc884ae91aa70c5bfef1666	linguistics/books/DSS-Numbers-Linguistics.txt	143000	5663	817fb256eb3724f5a576d47eb589128f3a665d8c4e8e0d307476b263ca20d3fd	ALL_LETTER_SLOTS_RECONSTRUCTED	36	36	36	0	0	36	0	0	0	0	0	0	0
L1592585-R001	biblical_book	Num	33	48		2Q7	1606628	f1	2	1592585				books/DSS-Numbers.txt	106473	1431	1931580-1931581	2	0	d4afdda4accb14c0a69192d26889af95cd88461115157936688db38341f0c69d	linguistics/books/DSS-Numbers-Linguistics.txt	148663	1179	f3f366468460622f52fed81130cc469dcfed2ad25c4bd617de3b3ceb1b75e4ea	ALL_LETTER_SLOTS_RECONSTRUCTED	6	4	4	0	0	6	0	0	1	0	0	0	0
L1592585-R002	biblical_book	Num	33	49		2Q7	1606628	f1	2	1592585				books/DSS-Numbers.txt	107904	4368	1931582-1931598	17	2	9a66cb1276cae397d2b8d93f48c2646a4285ed3c12f1d078b8bd2ec6ffe667ee	linguistics/books/DSS-Numbers-Linguistics.txt	149842	7304	ab47ec55eca11d9071cc1ed63421fd21a03006fc0a7a79c41391f61911f19867	PARTLY_RECONSTRUCTED	44	42	32	0	10	34	0	0	1	0	0	0	0
L1592586-R001	biblical_book	Num	33	50		2Q7	1606628	f1	3	1592586				books/DSS-Numbers.txt	112272	3732	1931599-1931609	11	3	338359b9b1758370072abbcee1a252071084019502aca76d7c999fc0235462b5	linguistics/books/DSS-Numbers-Linguistics.txt	157146	4962	d5e03a5f4137483fca6f1a55f0e9943ff0115101258034ece306c9e0fba468f4	ALL_LETTER_SLOTS_RECONSTRUCTED	35	35	35	0	0	35	0	0	0	0	0	0	0
L1592587-R001	biblical_book	Num	33	50		2Q7	1606628	f1	4	1592587				books/DSS-Numbers.txt	116004	1555	1931610-1931612	3	0	3b878e4b846b0ca8488c0d0b1c815564f5a5b4a23bde385773c1cabca3c0b9fc	linguistics/books/DSS-Numbers-Linguistics.txt	162108	1506	689c7f79e1d515f24c298d46750f8358636bb75f4eef120d489d36afda73e8c1	ALL_LETTER_SLOTS_RECONSTRUCTED	7	5	5	0	0	7	0	0	1	0	0	0	0
L1592587-R002	biblical_book	Num	33	51		2Q7	1606628	f1	4	1592587				books/DSS-Numbers.txt	117559	4282	1931613-1931629	17	1	f2c159bf1c42e573c0d1901d7dae3a0872fed6f1bd3ef46ca8eff968fffad39b	linguistics/books/DSS-Numbers-Linguistics.txt	163614	7355	b1ab62e93c4fd9286a0a26af2e12c5368d82ffe031a841865bb45b3dcd0bffb4	PARTLY_RECONSTRUCTED	56	53	39	1	13	42	1	0	1	0	0	0	0
L1592588-R001	biblical_book	Num	33	52		2Q7	1606628	f1	5	1592588				books/DSS-Numbers.txt	121841	4697	1931630-1931647	18	1	99e3c23d9b01a3f7a0e9848623f7d3bad12c679f73fdebd611a731ef85917e18	linguistics/books/DSS-Numbers-Linguistics.txt	170969	7784	fc27e868954a43ff99e060f153bb7e4baf6ea71bf8366bf43215276b35381353	PARTLY_RECONSTRUCTED	66	63	52	0	11	55	0	0	0	0	0	0	0
L1592589-R001	biblical_book	Num	33	52		2Q7	1606628	f1	6	1592589				books/DSS-Numbers.txt	126538	2383	1931648-1931654	7	0	e405005ad2450f1009e3a5be0eefe12b0c4fb7191eaea22fe9a67fc65a03d6ad	linguistics/books/DSS-Numbers-Linguistics.txt	178753	3191	2e9eb246455acdfe8c732c9ff83fa311a489ce1ea139d3ea06a4ceb6d73928b4	PARTLY_RECONSTRUCTED	26	23	10	1	12	12	1	0	1	0	0	0	0
L1592589-R002	biblical_book	Num	33	53		2Q7	1606628	f1	6	1592589				books/DSS-Numbers.txt	128921	3328	1931655-1931665	11	1	fe417a2b5ba66f938b29454d6660436448ec77eee063198dd081ddc98e6d8c71	linguistics/books/DSS-Numbers-Linguistics.txt	181944	4745	9c550464b3f4b6b25cb03cc773c75ea1508461ce1e5cf56cd3cf7992d2bb78e0	ALL_LETTER_SLOTS_RECONSTRUCTED	35	33	33	0	0	35	0	0	0	0	0	0	0
L1592590-R001	biblical_book	Num	33	53		2Q7	1606628	f1	7	1592590				books/DSS-Numbers.txt	132249	2562	1931666-1931672	7	1	ae98c7226622ab3e29f1f6e5e92b6c2f3e23ca0b7c0c675d6c296417638ca4bf	linguistics/books/DSS-Numbers-Linguistics.txt	186689	3091	c31fa9fecf1e61961b02f3fabef8e54602f57b8a945fda75f7a92c115518f135	PARTLY_RECONSTRUCTED	17	14	13	0	1	14	0	0	1	0	0	0	0
L1592591-R001	biblical_book	Num	7	88		2Q8	1606629	f1	1	1592591				books/DSS-Numbers.txt	134860	3113	1931673-1931682	10	1	437c37b6036507150fab3938e224a5963f8b1d84d2323e8ff0f14380cc6cc4b7	linguistics/books/DSS-Numbers-Linguistics.txt	189829	4520	f0fcf723dad6109b2a1c6c6020976b700440a92dba42b967738e67adf95cab15	PARTLY_RECONSTRUCTED	30	30	23	3	4	23	3	0	0	0	0	0	0
L1592592-R001	biblical_book	Num	7	88		2Q8	1606629	f1	2	1592592				books/DSS-Numbers.txt	137973	2863	1931683-1931691	9	1	d43a63a7e937726231c00e91099f1fa48e5540e71d8ed59c43f1110bd24c156b	linguistics/books/DSS-Numbers-Linguistics.txt	194349	4218	4ab5c47ce200f89cbf500d7c119ab861d6c01e7745802b5508174edbc18c8b46	PARTLY_RECONSTRUCTED	34	32	25	0	7	25	0	0	1	0	0	0	0
L1592593-R001	biblical_book	Num	18	8		2Q9	1606630	f1	1	1592593				books/DSS-Numbers.txt	140885	4058	1931692-1931706	15	1	4021e8aa319d71b3af4b6f4559260c0cb0a2e1cf3222fd64adf771ab16e46b62	linguistics/books/DSS-Numbers-Linguistics.txt	198616	6534	14984e8fdf6ca949ebc19230c4535fc9f9a58ad45e31adeb29c4779ecf15a2d2	PARTLY_RECONSTRUCTED	49	47	43	1	3	45	1	0	0	0	0	0	0
L1592594-R001	biblical_book	Num	18	8		2Q9	1606630	f1	2	1592594				books/DSS-Numbers.txt	144943	3653	1931707-1931720	14	0	a4810a235341fe75c33f57e122e818a8e33ffd728d70c6991163178ff74947e3	linguistics/books/DSS-Numbers-Linguistics.txt	205150	6007	a910fac02ba2c0ca248ad0db6a6a50c8f1cb10ceea515f905ab1c95fe6c29b57	PARTLY_RECONSTRUCTED	45	40	37	0	3	42	0	0	1	0	0	0	0
L1592594-R002	biblical_book	Num	18	9		2Q9	1606630	f1	2	1592594				books/DSS-Numbers.txt	148596	1720	1931721-1931722	2	1	f0a4959241321bda95d7d7d7fa77d60f3caf0f4c0efab706db2a875dc90e15e1	linguistics/books/DSS-Numbers-Linguistics.txt	211157	1164	4df22f8fc16e7e98cf45c2a12a6e96b84a23590899a3cc08250bfd6f81ff5900	ALL_LETTER_SLOTS_RECONSTRUCTED	6	6	6	0	0	6	0	0	0	0	0	0	0
L1592595-R001	biblical_book	Num	18	9		2Q9	1606630	f1	3	1592595				books/DSS-Numbers.txt	150316	2401	1931723-1931728	6	1	15c42a4c1626efccf83a9f1bf704c0dde48eca295543a4d1c6ca8341478a23cb	linguistics/books/DSS-Numbers-Linguistics.txt	212321	2699	25fe165774246885cf6832aa3a2661ab139d2ff8fe7c14e35ca548abb63dd961	PARTLY_RECONSTRUCTED	17	14	13	0	1	13	0	0	1	0	0	0	0
L1594818-R001	biblical_book	Num	1	1		4Q23	1606668	f27	24	1594818				books/DSS-Numbers.txt	152767	4462	1963438-1963458	21	1	c3d5e5a07fe8d2cbd965e32444e500e7c37c745843caea4d34ff2adc5369a387	linguistics/books/DSS-Numbers-Linguistics.txt	215070	8779	1d182688cd58b2a2ca0f0805c3b5d37bbae7e3c16e3515d6d6ad42ee05a7ffc9	ALL_LETTER_SLOTS_RECONSTRUCTED	52	52	52	0	0	52	0	0	0	0	0	0	0
L1594819-R001	biblical_book	Num	1	1		4Q23	1606668	f27	25	1594819				books/DSS-Numbers.txt	157229	2362	1963459-1963466	8	0	6c241f1e52c1ddc957c77c44f6fa52455288d0769953d09ebe2e92d589d09df9	linguistics/books/DSS-Numbers-Linguistics.txt	223849	3544	9b7fddc338edea5d0bbe0a5694c3fe2b87d95084572bb1f376949c5df6059021	PARTLY_RECONSTRUCTED	21	18	9	0	9	11	0	0	1	0	0	0	0
L1594819-R002	biblical_book	Num	1	2		4Q23	1606668	f27	25	1594819				books/DSS-Numbers.txt	159591	3502	1963467-1963478	12	1	33a8cf10aa2077f2ebc099ef636a466c4e9f00bf669350d78775ea176566c850	linguistics/books/DSS-Numbers-Linguistics.txt	227393	5333	10b39169e2c5904de3323c71e48deeb24fc824e3d14a1d4bf8897788b30f43e3	ALL_LETTER_SLOTS_RECONSTRUCTED	38	36	36	0	0	38	0	0	0	0	0	0	0
L1594820-R001	biblical_book	Num	1	2		4Q23	1606668	f27	26	1594820				books/DSS-Numbers.txt	163093	2461	1963479-1963486	8	0	d42e2f36ed6fc0d82e2832b58e0fc45b9993241882c47695b4ef5e4dc70c894f	linguistics/books/DSS-Numbers-Linguistics.txt	232726	3641	73356da209109284b80696fa35f651808e28590e6d630c1ec2e2aa42ee7d1958	PARTLY_RECONSTRUCTED	24	21	11	0	10	14	0	0	1	0	0	0	0
L1594820-R002	biblical_book	Num	1	3		4Q23	1606668	f27	26	1594820				books/DSS-Numbers.txt	165554	3354	1963487-1963498	12	1	113f316a7f3dc3aac1e9603d789179f2896ac28e62f98ea5ecf0d7be369b3bef	linguistics/books/DSS-Numbers-Linguistics.txt	236367	5299	536bd106981a47174109d47ecf078a40463bd1adf913cc21fe416da24b0b6f53	ALL_LETTER_SLOTS_RECONSTRUCTED	36	35	35	0	0	36	0	0	0	0	0	0	0
L1594821-R001	biblical_book	Num	1	3		4Q23	1606668	f27	27	1594821				books/DSS-Numbers.txt	168908	2424	1963499-1963505	7	0	dc17183eb693f68cd1810a7508b3c71cf7c357cf24eaf898d68d899adc39187d	linguistics/books/DSS-Numbers-Linguistics.txt	241666	3151	932881cc2db0918b9336d097edda959e0e90411f7b4f9ce91e04e7b28f009f4c	PARTLY_RECONSTRUCTED	21	17	10	0	7	13	0	0	1	0	0	0	0
L1594821-R002	biblical_book	Num	1	4		4Q23	1606668	f27	27	1594821				books/DSS-Numbers.txt	171332	3480	1963506-1963517	12	1	73f9407e8ed08d407d8ac5966b38ed2b09ab70031845817c17881b4abb350dbc	linguistics/books/DSS-Numbers-Linguistics.txt	244817	5174	6f070a65b9727e09a05d1fea932b1724be474cc8f3a44c4362cab255974a35d8	ALL_LETTER_SLOTS_RECONSTRUCTED	36	34	34	0	0	36	0	0	0	0	0	0	0
L1594822-R001	biblical_book	Num	1	4		4Q23	1606668	f27	28	1594822				books/DSS-Numbers.txt	174812	1549	1963518-1963519	2	0	c452fc94c22c081d9f40f01a94b68ce44770a9916edf5e5fce2b2e3ebebc8724	linguistics/books/DSS-Numbers-Linguistics.txt	249991	1137	057bc4b552f2e5ac66295a1828084d75344de60775335ad4c8ea489756dac36e	NO_LETTER_RECONSTRUCTION_MARKED	5	3	0	3	0	0	3	0	1	0	0	0	0
L1594822-R002	biblical_book	Num	1	5		4Q23	1606668	f27	28	1594822				books/DSS-Numbers.txt	176361	3878	1963520-1963533	14	1	da8863ed27d12d6df3a97600dc6cd632bf10fd94b7b6d3a9d914194517c5472e	linguistics/books/DSS-Numbers-Linguistics.txt	251128	6151	4b56039748f543b367fe07032a5b500bd4bc605fbf5e4138fbdea43cd9eaf59d	PARTLY_RECONSTRUCTED	49	46	43	2	1	46	2	0	1	0	0	0	0
L1594823-R001	biblical_book	Num	1	21		4Q23	1606668	f28	38	1594823				books/DSS-Numbers.txt	180239	2877	1963534-1963541	8	1	8816b1ec339d7433e23e711c459eae6f6a311c7aff6b62bfd3688c170196a4f0	linguistics/books/DSS-Numbers-Linguistics.txt	257279	3717	2d1472379aab3a7de80506ad70a365da32addd43836a26029cc06a8e5a7a8641	PARTLY_RECONSTRUCTED	28	25	20	0	5	23	0	1	1	0	0	0	0
L1594824-R001	biblical_book	Num	1	21		4Q23	1606668	f28	39	1594824				books/DSS-Numbers.txt	183116	1869	1963542-1963546	5	0	8347b9ae0925904d8b68a7f5b4024e15ff98744dc6a41c75053eeaecf09b1f1e	linguistics/books/DSS-Numbers-Linguistics.txt	260996	2367	0d54b491a6404933ba7062f15dde8dcc537b28f45cf7a0bb2eddb495f03dca58	ALL_LETTER_SLOTS_RECONSTRUCTED	13	11	11	0	0	13	0	0	1	0	0	0	0
L1594824-R002	biblical_book	Num	1	22		4Q23	1606668	f28	39	1594824				books/DSS-Numbers.txt	184985	4109	1963547-1963559	13	1	82f13f97f543ad4d072a25751447c6eef2fa11eca471aa97a674e772d6fb7927	linguistics/books/DSS-Numbers-Linguistics.txt	263363	5810	bb63ff9698a1251ec85bac4f0cc74aaa9a7321379758ad1b6b401d079aa1e75c	PARTLY_RECONSTRUCTED	46	40	33	3	4	36	3	0	1	0	0	0	0
L1594825-R001	biblical_book	Num	1	36		4Q23	1606668	f29	1	1594825				books/DSS-Numbers.txt	189094	1613	1963560-1963562	3	0	a2ba18d6485b012d74a2b6fd010dc991cdedf44d9c0f2ea2616110c4309ece54	linguistics/books/DSS-Numbers-Linguistics.txt	269173	1532	a96512001c138c5f0475eced3382d115111eece705f522d6802ad3d0d8fc2d12	NO_LETTER_RECONSTRUCTION_MARKED	8	6	0	1	5	0	1	0	1	0	0	0	0
L1594825-R002	biblical_book	Num	1	37		4Q23	1606668	f29	1	1594825				books/DSS-Numbers.txt	190707	3860	1963563-1963574	12	2	f90589b5d58e10d2302078788885564c3b4913431fded932651a6714f01a5f47	linguistics/books/DSS-Numbers-Linguistics.txt	270705	5377	3a7837b2f2c44f6acc51445d990278206379b527dd0d4b70de95967c91fb1948	PARTLY_RECONSTRUCTED	40	37	36	1	0	39	1	0	1	0	0	0	0
L1594826-R001	biblical_book	Num	1	38		4Q23	1606668	f29	2	1594826				books/DSS-Numbers.txt	194567	4953	1963575-1963594	20	1	0969bf9edff9be28587a29543e3dd2a55bbffbe1ccf4fe2342baaa0cba348171	linguistics/books/DSS-Numbers-Linguistics.txt	276082	8599	de023c09176d0f3b3bb0f99525f92b2babee9c0b1841aff7e1984b95c9d1479d	PARTLY_RECONSTRUCTED	59	55	41	1	13	44	1	0	0	0	0	0	0
L1594827-R001	biblical_book	Num	1	38		4Q23	1606668	f29	3	1594827				books/DSS-Numbers.txt	199520	1529	1963595-1963596	2	0	b8bbed649e36a3c45dd8ce0ea1b098624f84f1a593e48a6eb93bd2b1189fc307	linguistics/books/DSS-Numbers-Linguistics.txt	284681	1139	99e6818dc9d9d89706b6a9974d4ed1223305ad977974c088fc3749380599ae0b	NO_LETTER_RECONSTRUCTION_MARKED	5	3	0	2	1	0	2	0	1	0	0	0	0
L1594827-R002	biblical_book	Num	1	39		4Q23	1606668	f29	3	1594827				books/DSS-Numbers.txt	201049	3973	1963597-1963608	12	2	69fdc6c7997e3f567b6972a1c6cab066c2515fdf0e8adecdb5a45ed67f43dcf0	linguistics/books/DSS-Numbers-Linguistics.txt	285820	5278	22e921d37882e523d97ea8112cb85454389170e9ef393b31c4b5af0201e5f12e	PARTLY_RECONSTRUCTED	35	32	25	4	3	27	4	0	1	0	0	0	0
L1594828-R001	biblical_book	Num	1	40		4Q23	1606668	f29	4	1594828				books/DSS-Numbers.txt	205022	5174	1963609-1963628	20	1	4f705f3483bc4a09e6533100d2204ea6136c295e83ea613f814b336e022ad955	linguistics/books/DSS-Numbers-Linguistics.txt	291098	8595	8893286d03fa92145e6d76131e0544feb64f78185ccdd8183b022798d47c6ece	PARTLY_RECONSTRUCTED	60	54	48	3	3	52	3	0	1	0	0	0	0
L1594829-R001	biblical_book	Num	2	18		4Q23	1606668	f30	1	1594829				books/DSS-Numbers.txt	210196	3409	1963629-1963641	13	0	44485fb9e21abfb168a44e3b29859dafe150e43709fa0df08a6bb6dd8dcf9279	linguistics/books/DSS-Numbers-Linguistics.txt	299693	5729	31bd55c2f1e635c05e25c176a9aca2be5375a2e10754867be92570efb96f39af	PARTLY_RECONSTRUCTED	43	37	28	1	8	32	1	1	2	0	0	0	0
L1594829-R002	biblical_book	Num	2	19		4Q23	1606668	f30	1	1594829				books/DSS-Numbers.txt	213605	1571	1963642	1	1	a16a3991be96cf4ce3799937e372c039a1abad251b3fc9ef94f13b80ff24fe01	linguistics/books/DSS-Numbers-Linguistics.txt	305422	736	dc66897fe99eab81506b123e40bd5dbefcfc521eadb617deca7c2e23de4caae2	NO_LETTER_SLOTS	2	0	0	0	0	2	0	1	1	0	0	0	0
L1594830-R001	biblical_book	Num	2	19		4Q23	1606668	f30	2	1594830				books/DSS-Numbers.txt	215176	1429	1963643-1963644	2	0	aac8f83ac29210aefdaafcbcfd499974e6dfcd2441c3c92785f0b1f4fd75e6e9	linguistics/books/DSS-Numbers-Linguistics.txt	306158	1079	120283d4bbddb4e5fb172c98a6d152bfd79105f4dcba446ad5296c8bf992c5db	NO_LETTER_SLOTS	4	0	0	0	0	4	0	1	2	0	0	0	0
L1594830-R002	biblical_book	Num	2	20		4Q23	1606668	f30	2	1594830				books/DSS-Numbers.txt	216605	2585	1963645-1963650	6	1	741c8930eda006cbf42f96c055ea6dd50ca458828b0a63dbf08465145a69bb45	linguistics/books/DSS-Numbers-Linguistics.txt	307237	2753	06ac80221835c867a2df1936b0f68a13b1b94c0d02f059de0ddab2b62168d076	PARTLY_RECONSTRUCTED	17	12	11	0	1	14	0	1	2	0	0	0	0
L1594831-R001	biblical_book	Num	2	31		4Q23	1606668	f31_32i+33	1	1594831				books/DSS-Numbers.txt	219190	2524	1963651-1963657	7	0	373db35e3b338ae19f1a96e39623fb6cde245ab2aa692788b6e4fbe95a04de6e	linguistics/books/DSS-Numbers-Linguistics.txt	309990	3239	ac1396b4700e91865cb4be8374fa071f7b65b18c16c197a178bea44732423000	PARTLY_RECONSTRUCTED	24	21	10	3	8	13	3	0	1	0	0	0	0
L1594831-R002	biblical_book	Num	2	32		4Q23	1606668	f31_32i+33	1	1594831				books/DSS-Numbers.txt	221714	3270	1963658-1963668	11	1	11a68dc347cca2a1eac2fa852c26b936be449c8c3253580e4d01210953aad15a	linguistics/books/DSS-Numbers-Linguistics.txt	313229	4934	1b711e7fea7f4fc21ec76d6e20788ae91c96a16c3830ce12f63cba881872a106	ALL_LETTER_SLOTS_RECONSTRUCTED	37	36	36	0	0	37	0	0	0	0	0	0	0
L1594832-R001	biblical_book	Num	2	32		4Q23	1606668	f31_32i+33	2	1594832				books/DSS-Numbers.txt	224984	3730	1963669-1963682	14	1	3275e6d544b7a4261bd306c6ccaf98048e64536ab062b08d20b3a51741abf052	linguistics/books/DSS-Numbers-Linguistics.txt	318163	6090	5e7474aabba59799870aa0dcb60680191b2e7eb2ad040b588a7a8287923c047c	PARTLY_RECONSTRUCTED	42	39	34	1	4	36	1	0	1	0	0	0	0
L1594833-R001	biblical_book	Num	2	33		4Q23	1606668	f31_32i+33	3	1594833				books/DSS-Numbers.txt	228714	1592	1963683	1	1	9a4cff200f9339dae05e94a7635e56848b1f42833d5ac04d1392fa06406baed1	linguistics/books/DSS-Numbers-Linguistics.txt	324253	750	899c25ecc5e4f11cc30adbd468e87331759be65351abfec08816bd96ef1e6d36	NO_LETTER_SLOTS	2	0	0	0	0	2	0	1	1	0	0	0	0
L1594834-R001	biblical_book	Num	2	33		4Q23	1606668	f31_32i+33	4	1594834				books/DSS-Numbers.txt	230306	1592	1963684	1	1	690cfab13fcd7e11b8550958e5ba9dbef5c503856670c73c5df7377d5a8aaa03	linguistics/books/DSS-Numbers-Linguistics.txt	325003	750	7f315e0053f7998bfba3b4f7196386e7fb114122c89ac3f38145829e4d179749	NO_LETTER_SLOTS	2	0	0	0	0	2	0	1	1	0	0	0	0
L1594835-R001	biblical_book	Num	2	33		4Q23	1606668	f31_32i+33	5	1594835				books/DSS-Numbers.txt	231898	1760	1963685-1963686	2	1	401565d62ebf849b21a9bc75fd79814f9f1ac786e6c0f366f52e9e8ea6f19b36	linguistics/books/DSS-Numbers-Linguistics.txt	325753	1093	1bb3900b64e1c5a16d1073d8366d813e952b6e5fdcda0dcd0816fb181ccd66a7	NO_LETTER_SLOTS	4	0	0	0	0	2	0	1	2	0	0	0	0
L1594836-R001	biblical_book	Num	3	3		4Q23	1606668	f31_32i+33	6	1594836				books/DSS-Numbers.txt	233658	4238	1963687-1963701	15	1	cca21d7877644131ff9d1189764a3e3883023fbb0ad197b1714b51add9c6965a	linguistics/books/DSS-Numbers-Linguistics.txt	326846	6383	119ccf833b791290a07fcb1477d3387720eac03db76e32ecea9b9e6cfe893aa9	PARTLY_RECONSTRUCTED	45	40	31	6	3	33	6	1	2	0	0	0	0
L1594837-R001	biblical_book	Num	3	4		4Q23	1606668	f31_32i+33	7	1594837				books/DSS-Numbers.txt	237896	5243	1963702-1963724	23	1	1d8c4caaeaf4fc60209746107eaf0346b9ae258218469eed2a8fbb3dcd7e16f3	linguistics/books/DSS-Numbers-Linguistics.txt	333229	9649	1b03c73ef61be7a496e444cfa5dea27d93942d55dd5574f9cf895a1bdade9fa1	PARTLY_RECONSTRUCTED	65	63	41	4	18	42	4	0	0	0	0	0	0
L1594838-R001	biblical_book	Num	3	4		4Q23	1606668	f31_32i+33	8	1594838				books/DSS-Numbers.txt	243139	3628	1963725-1963734	10	2	9c61e56b0d4389ec8dc81b662219b2dc01064fea0380d45f3d1d158f92184cb2	linguistics/books/DSS-Numbers-Linguistics.txt	342878	4501	87301e60168b596be5f250af324ac6d7c668510b117a8ad432beebbc852dfe3a	PARTLY_RECONSTRUCTED	33	30	25	5	0	28	5	0	1	0	0	0	0
L1594839-R001	biblical_book	Num	3	5		4Q23	1606668	f31_32i+33	9	1594839				books/DSS-Numbers.txt	246767	2468	1963735-1963742	8	0	7c138358d90c6d7226623e9673459d91e1aafef3d0c6a300a369ce2b155d86cb	linguistics/books/DSS-Numbers-Linguistics.txt	347379	3519	2951c1e3d5b3a3aba6413d29d73f421474f348866fb1bff5d0ac16da85edbdaa	PARTLY_RECONSTRUCTED	20	18	4	4	10	4	4	0	1	0	0	0	0
L1594839-R002	biblical_book	Num	3	6		4Q23	1606668	f31_32i+33	9	1594839				books/DSS-Numbers.txt	249235	4149	1963743-1963758	16	1	46e3ea7033f3ae3e3beebcf38f7ae26b180c36fa203792992ead9ed3b354081d	linguistics/books/DSS-Numbers-Linguistics.txt	350898	6758	e736fe585cec9679a27de469ebcef3b578c34b400410cad17964757fc69296c9	PARTLY_RECONSTRUCTED	45	41	24	2	15	25	2	0	1	0	0	0	0
L1594840-R001	biblical_book	Num	3	7		4Q23	1606668	f31_32i+33	10	1594840				books/DSS-Numbers.txt	253384	4597	1963759-1963779	21	0	3cd2fbbfcfb555347ad162733bed9d1f00c0dc53437cb9e8485301e5f54ddc17	linguistics/books/DSS-Numbers-Linguistics.txt	357656	8881	bd239cd6b4488e4dbab829b8534f4294dd411080882447e5b3fc296d7c302edc	PARTLY_RECONSTRUCTED	56	53	23	6	24	23	6	0	1	0	0	0	0
L1594840-R002	biblical_book	Num	3	8		4Q23	1606668	f31_32i+33	10	1594840				books/DSS-Numbers.txt	257981	1766	1963780-1963781	2	1	ecabf1f0eb1cce16283692bc89ac49701f01a323bbb2f6ce1fa1b986257f2948	linguistics/books/DSS-Numbers-Linguistics.txt	366537	1180	b9e3d63827f565dd477f108d2792f84c32ea0fe7a3f7b733a361e03919c9178f	PARTLY_RECONSTRUCTED	5	5	2	0	3	2	0	0	0	0	0	0	0
L1594841-R001	biblical_book	Num	3	8		4Q23	1606668	f31_32i+33	11	1594841				books/DSS-Numbers.txt	259747	3864	1963782-1963798	17	0	c535cab6da4eb321f9eff77a683d0a018db803b9c30a3be1fb14c98d7073eb2d	linguistics/books/DSS-Numbers-Linguistics.txt	367717	7330	e85e93977e5b1d290c3c358433352fe3dff73a69a4afe830f9f791699edd01c9	PARTLY_RECONSTRUCTED	47	45	32	3	10	32	3	0	1	0	0	0	0
L1594841-R002	biblical_book	Num	3	9		4Q23	1606668	f31_32i+33	11	1594841				books/DSS-Numbers.txt	263611	2130	1963799-1963803	5	1	31276d0175fac8ee276ce160137e0ab5c8513549f47755bac02c48d1d00f2bae	linguistics/books/DSS-Numbers-Linguistics.txt	375047	2326	866a8006092cd4477a8ed69d80851d938a911957656b1fb5d48b4c0109af92b5	NO_LETTER_RECONSTRUCTION_MARKED	11	11	0	1	10	0	1	0	0	0	0	0	0
L1594842-R001	biblical_book	Num	3	9		4Q23	1606668	f31_32i+33	12	1594842				books/DSS-Numbers.txt	265741	3484	1963804-1963817	14	0	03112b81da5003cee74cba03b4d7ec2443b5b083cd2b1366841ddf512063ad8d	linguistics/books/DSS-Numbers-Linguistics.txt	377373	6078	2db70ee0f8be566475d5eaca8cc7c93e9a3b2babf13bdbc77a2da100fbd203d4	PARTLY_RECONSTRUCTED	41	37	36	1	0	40	1	0	1	0	0	0	0
L1594842-R002	biblical_book	Num	3	10		4Q23	1606668	f31_32i+33	12	1594842				books/DSS-Numbers.txt	269225	3462	1963818-1963827	10	1	16e36cba806a6dae43024de7bba810da758043a99726d6c7fe2f7a668d8793f7	linguistics/books/DSS-Numbers-Linguistics.txt	383451	4405	b9421eeefe416b546e7222552f66519dfc19499c134d738db4063291f9691d3c	PARTLY_RECONSTRUCTED	26	25	1	13	11	1	13	0	0	0	0	0	0
L1594843-R001	biblical_book	Num	3	10		4Q23	1606668	f31_32i+33	13	1594843				books/DSS-Numbers.txt	272687	2423	1963828-1963835	8	0	33d56f4fd70236c30bdb0b2f483b04a9a090c825008b0261e31b5cb726fdb3a9	linguistics/books/DSS-Numbers-Linguistics.txt	387856	3518	05f6857f34194530eaf63bc624717b6a4f31d2ce0910b5119e51c04e69b6ba5a	ALL_LETTER_SLOTS_RECONSTRUCTED	20	17	17	0	0	20	0	0	1	0	0	0	0
L1594843-R002	biblical_book	Num	3	11		4Q23	1606668	f31_32i+33	13	1594843				books/DSS-Numbers.txt	275110	2832	1963836-1963843	8	1	5600d08f73a59c74f583f7bb01f42d8cd5c5df539731edf3bd26430cac78207d	linguistics/books/DSS-Numbers-Linguistics.txt	391374	3507	2db6c69e97d0645e4006b3b7e67d462b559d05eda4af7b4641c3305fb0a1b0ef	PARTLY_RECONSTRUCTED	20	18	5	1	12	7	1	0	1	0	0	0	0
L1594843-R003	biblical_book	Num	3	12		4Q23	1606668	f31_32i+33	13	1594843				books/DSS-Numbers.txt	277942	1721	1963844-1963845	2	1	d61e94cc6224a77f008338a8a4b0c0915f3d762f59785edd866ba6bdb8c77fbc	linguistics/books/DSS-Numbers-Linguistics.txt	394881	1186	e776a9f8a660e97dea8475d40198205b852057ffc878f792d7a3d76bd99f77e4	ALL_LETTER_SLOTS_RECONSTRUCTED	4	4	4	0	0	4	0	0	0	0	0	0	0
L1594844-R001	biblical_book	Num	3	12		4Q23	1606668	f31_32i+33	14	1594844				books/DSS-Numbers.txt	279663	5024	1963846-1963868	23	1	ad94f4a06abfe8979ba80f8e345c9036a2fc2f93b88042de2e43e0738e619a2b	linguistics/books/DSS-Numbers-Linguistics.txt	396067	9742	c0471a32a244703c71ce90beb55ee4a22a627f88f245fde793c8a0509a27e32f	PARTLY_RECONSTRUCTED	65	62	45	1	16	47	1	0	1	0	0	0	0
L1594845-R001	biblical_book	Num	3	13		4Q23	1606668	f31_32i+33	15	1594845				books/DSS-Numbers.txt	284687	5017	1963869-1963889	21	1	97d60d8490f5c31ee037329b7492e3c8fe1468325de230bfa93e80fe6e679d08	linguistics/books/DSS-Numbers-Linguistics.txt	405809	8975	08df74e3aedb4cd574411286ad4caacec19b756db0c13e4604283cdbe3e3b755	PARTLY_RECONSTRUCTED	62	59	43	1	15	46	1	0	0	0	0	0	0
L1594846-R001	biblical_book	Num	3	13		4Q23	1606668	f31_32i+33	16	1594846				books/DSS-Numbers.txt	289704	2197	1963890-1963895	6	0	6f96e3e70b90aeec7c52b58ceeea5518367e4aa6f4c2ead1e39680bd6d4cfd46	linguistics/books/DSS-Numbers-Linguistics.txt	414784	2804	4ea00c75ec474c39dc248581ad5e03e7c23391a080d4b450df009662cb90581f	ALL_LETTER_SLOTS_RECONSTRUCTED	20	17	17	0	0	20	0	0	1	0	0	0	0
L1594846-R002	biblical_book	Num	3	14		4Q23	1606668	f31_32i+33	16	1594846				books/DSS-Numbers.txt	291901	2724	1963896-1963906	11	0	c4f5db6954a4baca3a149fd6621ed2f25261cd618b8a943158e33c16ff819bdc	linguistics/books/DSS-Numbers-Linguistics.txt	417588	4769	806b5dab6bfb0b80def3f90a57dcdaf9b0db456e0273bf4559ee526e78ca6168	PARTLY_RECONSTRUCTED	29	27	23	0	4	23	0	0	1	0	0	0	0
L1594846-R003	biblical_book	Num	3	15		4Q23	1606668	f31_32i+33	16	1594846				books/DSS-Numbers.txt	294625	2099	1963907-1963910	4	1	cd8cecc15bd7ed6da55bcea8ce7b0e5c2641df5ba982d2abd2af589976d8a0a0	linguistics/books/DSS-Numbers-Linguistics.txt	422357	2024	cdca4c2c54c23539aa7c5872aeb30c5312f973e80adee1545ab176382604e1f4	PARTLY_RECONSTRUCTED	12	12	5	1	6	5	1	0	0	0	0	0	0
L1594847-R001	biblical_book	Num	3	15		4Q23	1606668	f31_32i+33	17	1594847				books/DSS-Numbers.txt	296724	3730	1963911-1963924	14	0	df3d9589143d70fb03cec56f509f8f1caf3a8e850c35bcc555b11bd802ad6647	linguistics/books/DSS-Numbers-Linguistics.txt	424381	6032	6898a6dbadb0608799bcf37b050ef23a6c91377f541c8aa7fb3d1f4a6c071201	ALL_LETTER_SLOTS_RECONSTRUCTED	42	36	36	0	0	42	0	0	1	0	0	0	0
L1594847-R002	biblical_book	Num	3	16		4Q23	1606668	f31_32i+33	17	1594847				books/DSS-Numbers.txt	300454	2736	1963925-1963931	7	1	baa3d480c20db631642a786a8da5a6b3da6094ef6afe73f337ecc9e338dd02e6	linguistics/books/DSS-Numbers-Linguistics.txt	430413	3193	cafb4d1ca6b40c33692d7cfd5d074674ef111f86a38fbd98f486b876a79cde3d	PARTLY_RECONSTRUCTED	20	19	10	1	8	10	1	0	0	0	0	0	0
L1594848-R001	biblical_book	Num	3	16		4Q23	1606668	f31_32i+33	18	1594848				books/DSS-Numbers.txt	303190	1716	1963932-1963935	4	0	08ad13100c9a02c2a7aa2ba48c90a337b8394d51d6378fc5dc7616630bdbb315	linguistics/books/DSS-Numbers-Linguistics.txt	433606	1929	f457c9a4beecb6d62b5cbee50dd6658bd0e16aa29fae960587614521ea14a993	ALL_LETTER_SLOTS_RECONSTRUCTED	9	7	7	0	0	9	0	0	1	0	0	0	0
L1594848-R002	biblical_book	Num	3	17		4Q23	1606668	f31_32i+33	18	1594848				books/DSS-Numbers.txt	304906	3185	1963936-1963948	13	0	ad879d1601f6534eaf10145055b9aa5e6c6e08f3e6ee3c61b687b7fc2511a9c3	linguistics/books/DSS-Numbers-Linguistics.txt	435535	5620	adb986204a994bab6d18d355d341175b376f9008689fa90fdf04f706a493bd66	ALL_LETTER_SLOTS_RECONSTRUCTED	36	33	33	0	0	36	0	0	1	0	0	0	0
L1594848-R003	biblical_book	Num	3	18		4Q23	1606668	f31_32i+33	18	1594848				books/DSS-Numbers.txt	308091	2289	1963949-1963953	5	1	3cf1de8b7fc24e271f4217455f0434c7a12a201d7bfe8fcff83d90dfd216411d	linguistics/books/DSS-Numbers-Linguistics.txt	441155	2496	13f0cc157adbbef0025646f90f7c34c2fd9ca1fe92b25bf2d9252c09bf1e28f0	PARTLY_RECONSTRUCTED	16	16	9	0	7	9	0	0	0	0	0	0	0
L1594849-R001	biblical_book	Num	3	18		4Q23	1606668	f31_32i+33	19	1594849				books/DSS-Numbers.txt	310380	2176	1963954-1963959	6	0	0ab3d70f48b06e539fc38a23587e1f948f8285802b329bae02766f1d9c9b7278	linguistics/books/DSS-Numbers-Linguistics.txt	443651	2865	8f7f1806bbb81039c1ce8d4b33320191d092cd5b728a82bad878deee497bd587	ALL_LETTER_SLOTS_RECONSTRUCTED	19	16	16	0	0	19	0	0	1	0	0	0	0
L1594849-R002	biblical_book	Num	3	19		4Q23	1606668	f31_32i+33	19	1594849				books/DSS-Numbers.txt	312556	3627	1963960-1963972	13	1	916751e06f3e957b6729c0ea4267b70f6f1aece09451af044469feddb984132e	linguistics/books/DSS-Numbers-Linguistics.txt	446516	5718	c0e0c2d183a86c4512a1b6bbeb25878e69994d1be7a8cca34ac22a173954d5ac	PARTLY_RECONSTRUCTED	39	34	33	0	1	38	0	1	2	0	0	0	0
L1594850-R001	biblical_book	Num	3	51		4Q23	1606668	f32ii+34i_43	5	1594850				books/DSS-Numbers.txt	316183	2415	1963973-1963978	6	1	6f8673fe9a8af0a27451e19c64c451cc35117e6667c7dfa06360fdfac645dcb9	linguistics/books/DSS-Numbers-Linguistics.txt	452234	2719	114cf49b0c0b6ef4cef6e06c00e6a7d142e2bc38ae90a67afe5084b67cf62a18	PARTLY_RECONSTRUCTED	14	11	6	0	5	8	0	1	1	0	0	0	0
L1594851-R001	biblical_book	Num	3	51		4Q23	1606668	f32ii+34i_43	6	1594851				books/DSS-Numbers.txt	318598	3856	1963979-1963988	10	3	442cd9ace7df9a0e92eabef4c2be971ede2d95848b18b8502aa9751b58ffe35e	linguistics/books/DSS-Numbers-Linguistics.txt	454953	4383	33a8f53bfb7ca46ed9bbd969d382ff40c81cd5c1908ad64547376b2a1e022e7b	PARTLY_RECONSTRUCTED	26	24	18	5	1	18	5	0	1	0	0	0	0
L1594852-R001	biblical_book	Num	4	1		4Q23	1606668	f32ii+34i_43	7	1594852				books/DSS-Numbers.txt	322454	2907	1963989-1963999	11	0	3757cdc701ddeb94fbebb854372033a22f0a5070755fd50953dca73098e1834e	linguistics/books/DSS-Numbers-Linguistics.txt	459336	4728	197ebff74599c301e5037c3de3c1c742a70cf6048717bebb9421e9c3da8c615b	PARTLY_RECONSTRUCTED	27	25	6	7	12	6	7	0	1	0	0	0	0
L1594852-R002	biblical_book	Num	4	2		4Q23	1606668	f32ii+34i_43	7	1594852				books/DSS-Numbers.txt	325361	3527	1964000-1964012	13	1	e69709c5e2c11febe92b2c78f991d22130fa47a9fac64af2509be8e38526d62e	linguistics/books/DSS-Numbers-Linguistics.txt	464064	5701	c6c290d6479aae36a07ee24eef0252a23632305a0ced05e62a76dc822317cfdb	NO_LETTER_RECONSTRUCTION_MARKED	36	35	0	3	32	0	3	0	0	0	0	0	0
L1594853-R001	biblical_book	Num	4	2		4Q23	1606668	f32ii+34i_43	8	1594853				books/DSS-Numbers.txt	328888	1535	1964013-1964014	2	0	b7568a97d0d019c5ff12ec01ddd389a9119eced452fb9ed0ae091436aa2d7b37	linguistics/books/DSS-Numbers-Linguistics.txt	469765	1141	a96d7ae2f507ddad9ac209de7cf54034df0e019d5ed19c29c6e64e244b35fd9d	NO_LETTER_RECONSTRUCTION_MARKED	7	4	0	0	4	0	0	0	1	0	0	0	0
L1594853-R002	biblical_book	Num	4	3		4Q23	1606668	f32ii+34i_43	8	1594853				books/DSS-Numbers.txt	330423	5585	1964015-1964036	22	1	ee7515335222a3c92554b215b8a09d9cb6cd88be448af24c4da18ad158b03888	linguistics/books/DSS-Numbers-Linguistics.txt	470906	9366	df47f5b503bfa6271d665682cc58e30c45e12089607bf6ee37c7f39cb0ea632d	PARTLY_RECONSTRUCTED	58	55	9	16	30	9	16	0	1	0	0	0	0
L1594854-R001	biblical_book	Num	4	4		4Q23	1606668	f32ii+34i_43	9	1594854				books/DSS-Numbers.txt	336008	3309	1964037-1964047	11	0	bb6758ba1a546699fc8312ff676f40ee6ef895016319d173bdcc9cce334cb407	linguistics/books/DSS-Numbers-Linguistics.txt	480272	4901	d360e94577218ead3feb5a1c5f23cf9833f533f5375d8820477a7daeecaaf27b	PARTLY_RECONSTRUCTED	32	30	14	11	5	14	11	0	1	0	0	0	0
L1594854-R002	biblical_book	Num	4	5		4Q23	1606668	f32ii+34i_43	9	1594854				books/DSS-Numbers.txt	339317	3254	1964048-1964058	11	1	1f3e1986f261fa88ae5f34e1493979f2b4e5b451060b81a0cd0bab5231bcf123	linguistics/books/DSS-Numbers-Linguistics.txt	485173	4784	5d4cbd3e8a88c7f8a4558bcfb936104b5db9442745a17ae629b64b6c4cc2644f	PARTLY_RECONSTRUCTED	28	27	19	3	5	19	3	0	0	0	0	0	0
L1594855-R001	biblical_book	Num	4	5		4Q23	1606668	f32ii+34i_43	10	1594855				books/DSS-Numbers.txt	342571	2955	1964059-1964070	12	0	97f342716aa798f3a5d22a620de2c984c5d5525de4945934a2c32e7d4ceaade0	linguistics/books/DSS-Numbers-Linguistics.txt	489957	5153	87cdff25903252a45cdcb6bfdd292c2626ab43d29205bc264c2428c0e63ed731	PARTLY_RECONSTRUCTED	30	27	7	1	19	9	1	0	1	0	0	0	0
L1594855-R002	biblical_book	Num	4	6		4Q23	1606668	f32ii+34i_43	10	1594855				books/DSS-Numbers.txt	345526	3351	1964071-1964081	11	1	875a6762bdac116d0a7410a1e2a8183a2b5765eb9888f4254fa116896f4266e9	linguistics/books/DSS-Numbers-Linguistics.txt	495110	4963	be4929f91e04b23fce8816b414e1e87e85f9e8a71fa694df181d01f12961a2be	PARTLY_RECONSTRUCTED	36	35	30	0	5	31	0	0	0	0	0	0	0
L1594856-R001	biblical_book	Num	4	6		4Q23	1606668	f32ii+34i_43	11	1594856				books/DSS-Numbers.txt	348877	2341	1964082-1964088	7	0	28b1924f44315b951301db69bc244ff47efce1238999b2bed36e6d6715660c27	linguistics/books/DSS-Numbers-Linguistics.txt	500073	3117	c8bb4db7bf46ec4fc82fbdaa57f1d19672ef9eeb4cd8b4496db9dce1dbcdee99	PARTLY_RECONSTRUCTED	18	14	8	0	6	9	0	0	1	0	0	0	0
L1594856-R002	biblical_book	Num	4	7		4Q23	1606668	f32ii+34i_43	11	1594856				books/DSS-Numbers.txt	351218	4449	1964089-1964106	18	1	94ac42c12fc8009bc8dd1eb9c7797d38fa73a2f86b919e23f2e7b4835f72da25	linguistics/books/DSS-Numbers-Linguistics.txt	503190	7630	373a195835fa0d17fc6f0468d0835bd8d0be0f0f4461c1e7023303bde4b5376a	PARTLY_RECONSTRUCTED	48	47	32	3	12	33	3	0	0	0	0	0	0
L1594857-R001	biblical_book	Num	4	7		4Q23	1606668	f32ii+34i_43	12	1594857				books/DSS-Numbers.txt	355667	3716	1964107-1964122	16	0	9268f2fc24a3d489c41c6b346ca7798afb1934d2a3e03e1dbbce740085e80822	linguistics/books/DSS-Numbers-Linguistics.txt	510820	6647	c6f19e7525717020d3f3e4df33b86ffe75e385872f9b7eb7fe8823354622d4ec	PARTLY_RECONSTRUCTED	38	34	18	1	15	21	2	0	1	0	0	0	0
L1594857-R002	biblical_book	Num	4	8		4Q23	1606668	f32ii+34i_43	12	1594857				books/DSS-Numbers.txt	359383	2813	1964123-1964128	6	1	d48658fe9c711b69a8df0b658ff6ca9095bf465716f632ee3181f5f9de3ae856	linguistics/books/DSS-Numbers-Linguistics.txt	517467	2947	3c14ded1be8c70358df2ddbb2128092d23a56043605374f4f0e665be110bdd84	PARTLY_RECONSTRUCTED	22	21	14	5	2	14	5	0	0	0	0	0	0
L1594858-R001	biblical_book	Num	4	8		4Q23	1606668	f32ii+34i_43	13	1594858				books/DSS-Numbers.txt	362196	3192	1964129-1964140	12	0	55644b2e0c1743d5ac8929e9896f6ad7dc775cfd7e80401e4403f6ce6609885f	linguistics/books/DSS-Numbers-Linguistics.txt	520414	5157	11f4da65e6d15ee4e95a3f8204adfaeda18e1dc8961a4e735f6fb2bea3f39f87	PARTLY_RECONSTRUCTED	32	28	7	3	18	7	3	0	1	0	0	0	0
L1594858-R002	biblical_book	Num	4	9		4Q23	1606668	f32ii+34i_43	13	1594858				books/DSS-Numbers.txt	365388	3773	1964141-1964153	13	1	ff052704a101da128f8ee0d0a4832c178a44da9be76663cebc6879c434571605	linguistics/books/DSS-Numbers-Linguistics.txt	525571	5686	0038486a2099cbd89dabd281d204bcbbee87cf1c9f4c4fb88eca4f7469421e40	PARTLY_RECONSTRUCTED	37	36	28	6	2	29	6	0	0	0	0	0	0
L1594859-R001	biblical_book	Num	4	9		4Q23	1606668	f32ii+34i_43	14	1594859				books/DSS-Numbers.txt	369161	4167	1964154-1964169	16	0	ad7803cfda443201da6f173322bc9ecc64cc9f2956cb88c33d889a0bad623fe6	linguistics/books/DSS-Numbers-Linguistics.txt	531257	6866	b3a410c2fa2fcbf916ee67e66b647e2bca74da0d34b0750fe78c596d038a985b	PARTLY_RECONSTRUCTED	50	43	22	3	18	26	3	0	1	0	0	0	0
L1594859-R002	biblical_book	Num	4	10		4Q23	1606668	f32ii+34i_43	14	1594859				books/DSS-Numbers.txt	373328	2725	1964170-1964176	7	1	297e0c47301746bf146580e581908352b7afdc05c55c2e0b18c83b8be3050415	linguistics/books/DSS-Numbers-Linguistics.txt	538123	3169	774614c79371c8ad6adea73401417a5c763fb6b54e4003e9f8510888396f7744	ALL_LETTER_SLOTS_RECONSTRUCTED	19	17	17	0	0	19	0	0	0	0	0	0	0
L1594860-R001	biblical_book	Num	4	10		4Q23	1606668	f32ii+34i_43	15	1594860				books/DSS-Numbers.txt	376053	2816	1964177-1964186	10	0	a803d3cffe31668b10ac89c54dce7b4371fb55f05ba33b3a19600e365af99d95	linguistics/books/DSS-Numbers-Linguistics.txt	541292	4353	9761c0bbf3dd1fbef0ce43406124d614bab409550b25f496b05e339ef5f1fe49	PARTLY_RECONSTRUCTED	25	23	9	3	11	11	3	0	1	0	0	0	0
L1594860-R002	biblical_book	Num	4	11		4Q23	1606668	f32ii+34i_43	15	1594860				books/DSS-Numbers.txt	378869	3894	1964187-1964200	14	1	d96bfe6b4708840cf221a8308f5739fee27fa5145c477cd70e8c79faae7811d9	linguistics/books/DSS-Numbers-Linguistics.txt	545645	6116	59a9cf1a51a7fbfddd0a8cffcdfa3da22aa2a6b541cda3009de88b827f156f2f	PARTLY_RECONSTRUCTED	39	38	27	3	8	27	3	0	0	0	0	0	0
L1594861-R001	biblical_book	Num	4	11		4Q23	1606668	f32ii+34i_43	16	1594861				books/DSS-Numbers.txt	382763	2159	1964201-1964206	6	0	23d28c792a9589a7b8288ef8a049987348a95a4e95a5a57b8a4fe4d17d283edc	linguistics/books/DSS-Numbers-Linguistics.txt	551761	2758	4b641c14e36687f5be2d11dd0bc4cbc9902b65a4fa243eab12678acea168ac41	ALL_LETTER_SLOTS_RECONSTRUCTED	16	13	13	0	0	16	0	0	1	0	0	0	0
L1594861-R002	biblical_book	Num	4	12		4Q23	1606668	f32ii+34i_43	16	1594861				books/DSS-Numbers.txt	384922	4761	1964207-1964224	18	1	6832ff7e3604a5d6903c7404d40dba3b8a947bba8d307073a250497b8de26c59	linguistics/books/DSS-Numbers-Linguistics.txt	554519	7645	633a311e2c07c1f36bb141b509ba610e40780bebceb016889b158593fa921534	PARTLY_RECONSTRUCTED	48	44	30	10	4	32	10	0	2	0	0	0	0
L1594862-R001	biblical_book	Num	4	40		4Q23	1606668	f34ii+44_50	5	1594862				books/DSS-Numbers.txt	389683	3612	1964225-1964237	13	0	400310bed2fc38d8f94245191822cafd37494d42e0478a6febf8b2c9e221fb03	linguistics/books/DSS-Numbers-Linguistics.txt	562164	5735	2a277e4b55b228c301189c0af0ad5bd3df8eb54a4718b304769cecf5253d7a63	PARTLY_RECONSTRUCTED	44	39	29	3	7	32	3	0	1	0	0	0	0
L1594862-R002	biblical_book	Num	4	41		4Q23	1606668	f34ii+44_50	5	1594862				books/DSS-Numbers.txt	393295	1770	1964238-1964239	2	1	c6d03409478e78b060980a14da691234f4a1a59ee3023f9ff8557754ef8631ef	linguistics/books/DSS-Numbers-Linguistics.txt	567899	1235	f0d5e7dd4bf953ab347bc04f4469db5179fb55aa1eed4df2863833dbb6f70e11	ALL_LETTER_SLOTS_RECONSTRUCTED	8	8	8	0	0	8	0	0	0	0	0	0	0
L1594863-R001	biblical_book	Num	4	41		4Q23	1606668	f34ii+44_50	6	1594863				books/DSS-Numbers.txt	395065	3982	1964240-1964255	16	1	0abc80427e91e91b61081c6b06c1ba8a6fa9841259c566d3ba3d527113923bc4	linguistics/books/DSS-Numbers-Linguistics.txt	569134	6986	09ea3afa767c33e43fa2a0e409536edb8b9b3337dc874188e8b97e15ec65b800	PARTLY_RECONSTRUCTED	45	45	23	3	19	23	3	0	0	0	0	0	0
L1594864-R001	biblical_book	Num	4	41		4Q23	1606668	f34ii+44_50	7	1594864				books/DSS-Numbers.txt	399047	1543	1964256-1964257	2	0	f39f2ad55201e173c88638e6946589e210d698ace850bde0472b37265f8e0044	linguistics/books/DSS-Numbers-Linguistics.txt	576120	1149	6c9804f2c369119eb8aafb3687fbc5025776c29a24b50dd422676cc538e20f7e	NO_LETTER_RECONSTRUCTION_MARKED	6	4	0	1	3	0	1	0	1	0	0	0	0
L1594864-R002	biblical_book	Num	4	42		4Q23	1606668	f34ii+44_50	7	1594864				books/DSS-Numbers.txt	400590	3358	1964258-1964268	11	0	9b8ddfaa6678395a643bba7b7040ebd06d795c08af1003512806bf9859d2d63e	linguistics/books/DSS-Numbers-Linguistics.txt	577269	4935	5f948e696e35f40baad7dec1d924d6699d50950001542e5a1578a684934d5b1e	PARTLY_RECONSTRUCTED	36	32	11	3	18	14	3	0	1	0	0	0	0
L1594864-R003	biblical_book	Num	4	43		4Q23	1606668	f34ii+44_50	7	1594864				books/DSS-Numbers.txt	403948	1884	1964269-1964271	3	1	b9f469807769648f82fee8464c9167b61060b0552496d00ed4270b30b6c39a57	linguistics/books/DSS-Numbers-Linguistics.txt	582204	1638	6110454eda353b1d253e4184f62866aaf0a04990b01f420fe21623873e5f1abd	ALL_LETTER_SLOTS_RECONSTRUCTED	8	8	8	0	0	8	0	0	0	0	0	0	0
L1594865-R001	biblical_book	Num	4	43		4Q23	1606668	f34ii+44_50	8	1594865				books/DSS-Numbers.txt	405832	4771	1964272-1964290	19	1	63e33fc90f0482573ca890ecf1f41df3ba6dc883191e31fe86b5480a9677347c	linguistics/books/DSS-Numbers-Linguistics.txt	583842	8023	089ce331c8bda2ff236dcde5dbff8be18cbd92fbebe7f430a725d353dec7a731	PARTLY_RECONSTRUCTED	46	43	19	7	17	21	7	0	1	0	0	0	0
L1594866-R001	biblical_book	Num	4	44		4Q23	1606668	f34ii+44_50	9	1594866				books/DSS-Numbers.txt	410603	3298	1964291-1964300	10	0	19e32af99d9537afde7b3ff3b396631a66c3760ff36e000a8ca7304d4925573c	linguistics/books/DSS-Numbers-Linguistics.txt	591865	4518	fec01c1f61e893a8c99c74e444afc4c7efc3d7fe29724980b39852a790c79739	PARTLY_RECONSTRUCTED	37	33	9	5	19	9	5	0	1	0	0	0	0
L1594866-R002	biblical_book	Num	4	45		4Q23	1606668	f34ii+44_50	9	1594866				books/DSS-Numbers.txt	413901	2154	1964301-1964304	4	1	5cdfc8c3f1282392df1f7dcaa22ae98f3b4fb3ae17011d6e96d856234181ca04	linguistics/books/DSS-Numbers-Linguistics.txt	596383	2134	e04950b39d8a87ac3af981d687154ac62cfe7f42436a1ff098f423e27e7c552b	PARTLY_RECONSTRUCTED	16	16	15	1	0	15	1	0	0	0	0	0	0
L1594867-R001	biblical_book	Num	4	45		4Q23	1606668	f34ii+44_50	10	1594867				books/DSS-Numbers.txt	416055	3176	1964305-1964317	13	0	68d6d9a83aa6ee4d06ed8dd03867988e8d4b0feef9d7c69f82f9c68e0c49b5f8	linguistics/books/DSS-Numbers-Linguistics.txt	598517	5619	02c74984b3db6c0aadbbdda392d44f7a33452ab80831a86d7accb9647e9956bc	PARTLY_RECONSTRUCTED	34	32	20	3	9	20	3	0	1	0	0	0	0
L1594867-R002	biblical_book	Num	4	46		4Q23	1606668	f34ii+44_50	10	1594867				books/DSS-Numbers.txt	419231	2312	1964318-1964321	4	1	d9f7da3b108077a55d6fc74f1a837dfa4e9ea5c5093f02e823669c95bb0a3ca4	linguistics/books/DSS-Numbers-Linguistics.txt	604136	2013	24e7ae29cb2fa82c3e797d298bb25e089e3ee0bba342ac2a1a38cb7d98458319	PARTLY_RECONSTRUCTED	11	11	6	3	2	6	3	0	0	0	0	0	0
L1594868-R001	biblical_book	Num	4	46		4Q23	1606668	f34ii+44_50	11	1594868				books/DSS-Numbers.txt	421543	4518	1964322-1964338	17	1	8ad99997b37336c7764f93bae4c26a15c72f57e3c22268b43220c32adf145911	linguistics/books/DSS-Numbers-Linguistics.txt	606149	7327	d94a249a75afe0bea05b3f32c6399324dc8921c22c0cbe9d5d6e65cc3ee32852	PARTLY_RECONSTRUCTED	49	45	31	5	9	31	5	0	1	0	0	0	0
L1594869-R001	biblical_book	Num	4	47		4Q23	1606668	f34ii+44_50	12	1594869				books/DSS-Numbers.txt	426061	4466	1964339-1964356	18	1	8545e70a0eaa6dcbea1dc9f56df22f7f5deac6296e9cd768de4b3af3a22f8a55	linguistics/books/DSS-Numbers-Linguistics.txt	613476	7772	a0b299725a6d4de96b70f5783bab94f88258b8f9da8ccfb2cfc185e67cba5afa	PARTLY_RECONSTRUCTED	47	46	35	5	6	35	5	0	0	0	0	0	0
L1594870-R001	biblical_book	Num	4	47		4Q23	1606668	f34ii+44_50	13	1594870				books/DSS-Numbers.txt	430527	2357	1964357-1964363	7	0	616fbafaeab045c7d93e2da94f04f17159c467b33b15b6b6ca56cf2922c0bb57	linguistics/books/DSS-Numbers-Linguistics.txt	621248	3226	67dbaf29f55ae3e82395723fe8659a3de1e6da268e123c11a69146f4b1962087	PARTLY_RECONSTRUCTED	18	16	7	2	7	7	2	0	1	0	0	0	0
L1594870-R002	biblical_book	Num	4	48		4Q23	1606668	f34ii+44_50	13	1594870				books/DSS-Numbers.txt	432884	2821	1964364-1964371	8	1	d05a88e64bc19dec7d27013b847d7a4ee3bcb4b7a89a3956d20094f4819cc6d2	linguistics/books/DSS-Numbers-Linguistics.txt	624474	3710	cd927a0dd3b69ba17f65e01ef47f3b69e8a50f91be96ceddd91bf14c608f78d4	PARTLY_RECONSTRUCTED	29	28	27	0	1	28	0	0	0	0	0	0	0
L1594871-R001	biblical_book	Num	4	48		4Q23	1606668	f34ii+44_50	14	1594871				books/DSS-Numbers.txt	435705	1585	1964372-1964374	3	0	1dd1d5ad635573181e245b2171e4d2bacfe945d5ea2bd00c0a261b071790a110	linguistics/books/DSS-Numbers-Linguistics.txt	628184	1577	e8cc471dfa8248121cf099d2969657649a6f44d5470fe1f369e182a5d6a90e03	ALL_LETTER_SLOTS_RECONSTRUCTED	8	6	6	0	0	8	0	0	1	0	0	0	0
L1594871-R002	biblical_book	Num	4	49		4Q23	1606668	f34ii+44_50	14	1594871				books/DSS-Numbers.txt	437290	3326	1964375-1964385	11	1	8146eaad241479efcc8ac16a0c5071bc04c7de46a36bed9566c284198dd9e3e7	linguistics/books/DSS-Numbers-Linguistics.txt	629761	4790	88e81cc6aca70b0fba4a20a1d55d199b2b4c95b545894e46e6579154366ed813	PARTLY_RECONSTRUCTED	30	29	21	2	6	22	2	0	0	0	0	0	0
L1594872-R001	biblical_book	Num	4	49		4Q23	1606668	f34ii+44_50	15	1594872				books/DSS-Numbers.txt	440616	4230	1964386-1964397	12	2	cf8acf114d66589bd4c6f1dd598c2631eb826d5456fb730d0e952fbffeef0b36	linguistics/books/DSS-Numbers-Linguistics.txt	634551	5250	abc7187d66c38781c36a5c79989403fcbd6fb5a9561d61e514923d4e49f79dcb	PARTLY_RECONSTRUCTED	38	33	29	3	1	33	3	0	1	0	0	0	0
L1594873-R001	biblical_book	Num	5	1		4Q23	1606668	f34ii+44_50	16	1594873				books/DSS-Numbers.txt	444846	2779	1964398-1964405	8	1	36c6f3a58d7e28bbf9b010a63b1845d6a7d83ec5c3b8ea8b0b6fcbc2a540b27b	linguistics/books/DSS-Numbers-Linguistics.txt	639801	3490	dc0e864b930604555bb1aaefbaaae05510efcd74e1691ec34faa349d3ce0ad92	PARTLY_RECONSTRUCTED	20	18	16	0	2	16	0	0	1	0	0	0	0
L1594873-R002	biblical_book	Num	5	2		4Q23	1606668	f34ii+44_50	16	1594873				books/DSS-Numbers.txt	447625	2040	1964406-1964409	4	1	5e956a918ce6c22d34d28e3da52ace7e9a1062834e09ebc5fb1e6992af7f8c8b	linguistics/books/DSS-Numbers-Linguistics.txt	643291	2065	e655b17110321a2e9024a1b7447f3125b90c022f86e395174215522c59c79a97	PARTLY_RECONSTRUCTED	12	12	8	0	4	8	0	0	0	0	0	0	0
L1594874-R001	biblical_book	Num	5	2		4Q23	1606668	f34ii+44_50	17	1594874				books/DSS-Numbers.txt	449665	3605	1964410-1964425	16	0	27c55529c14ca15a531d3962cd0eb8fd27d0920d8f837c1aa167d6a55af86ae7	linguistics/books/DSS-Numbers-Linguistics.txt	645356	6620	695c8254eeb73fa2f15b3625a992e269f826823e83fe22fd58adfa80d3d7ed08	PARTLY_RECONSTRUCTED	36	34	24	3	7	26	3	0	1	0	0	0	0
L1594874-R002	biblical_book	Num	5	3		4Q23	1606668	f34ii+44_50	17	1594874				books/DSS-Numbers.txt	453270	2223	1964426-1964430	5	1	5a60dfb97aa8e31ca40be6d729105b0a20f7ad023ab4de999b4cd539beccf253	linguistics/books/DSS-Numbers-Linguistics.txt	651976	2403	30eb8d459f48c18100e0eb5a2c87dd4bb459a6cb002656cc29152e67090bbd0e	PARTLY_RECONSTRUCTED	11	11	6	2	3	6	2	0	0	0	0	0	0
L1594875-R001	biblical_book	Num	5	3		4Q23	1606668	f34ii+44_50	18	1594875				books/DSS-Numbers.txt	455493	4732	1964431-1964448	18	1	3a5824d68ce0f4e6494d8b3a6e037945dde783339b8d91a08ae7d2d8a26157c7	linguistics/books/DSS-Numbers-Linguistics.txt	654379	7662	2c426b553e3cfa1d8be0d5cca4dfeb5ae3d8d94df5f03a35e4db83590bc1c33d	PARTLY_RECONSTRUCTED	57	52	37	1	14	42	1	0	1	0	0	0	0
L1594876-R001	biblical_book	Num	5	4		4Q23	1606668	f34ii+44_50	19	1594876				books/DSS-Numbers.txt	460225	4233	1964449-1964465	17	1	15c6fa321908f757e5e7138cebd0fc142c46764a1192209c36bab500e8b93c6e	linguistics/books/DSS-Numbers-Linguistics.txt	662041	7247	40e42242795bec1f44921965ec4ccba2c75c3bbbf12c79798f3a16547b555071	PARTLY_RECONSTRUCTED	48	47	38	1	8	39	1	0	0	0	0	0	0
L1594877-R001	biblical_book	Num	5	4		4Q23	1606668	f34ii+44_50	20	1594877				books/DSS-Numbers.txt	464458	2208	1964466-1964472	7	0	c7b7ae9d5b103a5a8df80bff04e8bf9de2097fc056ff97a7ae96a6cf12490de4	linguistics/books/DSS-Numbers-Linguistics.txt	669288	3227	d425986225dae1f5ffc0e5e50ecc0b79926a411c686bed64db07a7eeb50e3805	ALL_LETTER_SLOTS_RECONSTRUCTED	20	18	18	0	0	20	0	0	1	0	0	0	0
L1594877-R002	biblical_book	Num	5	5		4Q23	1606668	f34ii+44_50	20	1594877				books/DSS-Numbers.txt	466666	3092	1964473-1964480	8	2	f905be820b2ce4ce4bc21e12f70675a47ef7a60d4fc49d575f419c6639dd0b03	linguistics/books/DSS-Numbers-Linguistics.txt	672515	3500	2089edbf25b26c57eb3ef20cc2bfd621129258ece3b740c550e3f2db91f42511	PARTLY_RECONSTRUCTED	20	18	17	1	0	19	1	0	1	0	0	0	0
L1594878-R001	biblical_book	Num	5	6		4Q23	1606668	f34ii+44_50	21	1594878				books/DSS-Numbers.txt	469758	4229	1964481-1964498	18	1	236dbff5c2362babd8d282babbb2be21e737a65bb6bb2ca4a2a795b379b2c8de	linguistics/books/DSS-Numbers-Linguistics.txt	676015	7676	d9863680bd91a475c1a9309b24bd96810196c25d411b24fe4819c97b1d794457	PARTLY_RECONSTRUCTED	47	47	38	3	6	38	3	0	0	0	0	0	0
L1594879-R001	biblical_book	Num	5	6		4Q23	1606668	f34ii+44_50	22	1594879				books/DSS-Numbers.txt	473987	2383	1964499-1964507	9	0	e3208a2f6e386afedd09355e323342684d06d93afa1e103cc4a07aedf679d0cd	linguistics/books/DSS-Numbers-Linguistics.txt	683691	3836	b815bf16449b82aa0223f31792165e8927dbe975a179787ad013747b3dd6b3c3	PARTLY_RECONSTRUCTED	20	18	14	0	4	14	0	0	1	0	0	0	0
L1594879-R002	biblical_book	Num	5	7		4Q23	1606668	f34ii+44_50	22	1594879				books/DSS-Numbers.txt	476370	3464	1964508-1964517	10	1	dc5e0a87ee04df485320e879bc8fab7c67e699147c36d790e1f0540a9a0d6d5b	linguistics/books/DSS-Numbers-Linguistics.txt	687527	4435	d29ad717ce707f217088682788a209daff28c80697ab94861f42972e2c15e86d	PARTLY_RECONSTRUCTED	32	29	22	1	6	24	1	0	0	0	0	0	0
L1594880-R001	biblical_book	Num	5	7		4Q23	1606668	f34ii+44_50	23	1594880				books/DSS-Numbers.txt	479834	3253	1964518-1964528	11	0	1cd5f11a1d2f3f4cfb1139f7a010bc8e8b94cc3332f625acc8fa6b3812fd86c7	linguistics/books/DSS-Numbers-Linguistics.txt	691962	4723	bb654e9203e02be20d9fc7520d7fd4f48a71cbb78860c16bd19563ce6b6e5c69	PARTLY_RECONSTRUCTED	32	27	26	0	1	31	0	0	1	0	0	0	0
L1594880-R002	biblical_book	Num	5	8		4Q23	1606668	f34ii+44_50	23	1594880				books/DSS-Numbers.txt	483087	3015	1964529-1964536	8	2	8b5911d845c325301d09451cb32d198b714b789fdb789e37fb8192b5aa62f6fd	linguistics/books/DSS-Numbers-Linguistics.txt	696685	3517	71715a1b465a263ade3fe5e9edb467244853bf71bbfc60eed9b4d1285e008c30	PARTLY_RECONSTRUCTED	17	17	10	2	5	10	2	0	0	0	0	0	0
L1594881-R001	biblical_book	Num	5	8		4Q23	1606668	f34ii+44_50	24	1594881				books/DSS-Numbers.txt	486102	4178	1964537-1964554	18	1	090f8801bbe7731642f94a3befa6f57a6be9a14fc6ded74275f835d542739f09	linguistics/books/DSS-Numbers-Linguistics.txt	700202	7490	e11f4d16404d314b446177e5ed1db38cac3a6087620f7b06b6897a5b65e4aadd	PARTLY_RECONSTRUCTED	43	42	37	0	5	38	0	0	0	0	0	0	0
L1594882-R001	biblical_book	Num	5	8		4Q23	1606668	f34ii+44_50	25	1594882				books/DSS-Numbers.txt	490280	2010	1964555-1964558	4	0	a1dc6463270e63b8938768ead41849ef244eaf30ad11d0ccccb3743727ea1856	linguistics/books/DSS-Numbers-Linguistics.txt	707692	1944	a84168448e2f801d7af02332f4bc8b53cd683c4bcd0e372d4fbacd154dd4300c	ALL_LETTER_SLOTS_RECONSTRUCTED	14	10	10	0	0	14	0	0	1	0	0	0	0
L1594882-R002	biblical_book	Num	5	9		4Q23	1606668	f34ii+44_50	25	1594882				books/DSS-Numbers.txt	492290	4003	1964559-1964573	15	1	8074f21acbe69c27d6a3b337042c7c259b53ee799badc12badc44390100d4cfa	linguistics/books/DSS-Numbers-Linguistics.txt	709636	6465	29b63c84fb819a2239471b65e1cea52a4ffcc9b9f9947dc5b0ba8da95443d5b7	PARTLY_RECONSTRUCTED	45	42	38	2	2	38	2	0	1	0	0	0	0
L1594883-R001	biblical_book	Num	8	7		4Q23	1606668	f51	1	1594883				books/DSS-Numbers.txt	496293	4386	1964574-1964591	18	0	74f0b8c0ceb53fda345774f6d5809a6661cea2c615a712b6a8394f0118832bcf	linguistics/books/DSS-Numbers-Linguistics.txt	716101	7645	b91d522c2f2d65034f1d9734adaab272e4df6e5a3158440bc6bad73a8b4a44d2	PARTLY_RECONSTRUCTED	60	54	33	2	19	37	2	0	1	0	0	0	0
L1594883-R002	biblical_book	Num	8	8		4Q23	1606668	f51	1	1594883				books/DSS-Numbers.txt	500679	1705	1964592-1964593	2	1	85b586353edfb7ffd052353f2731f4cbc8bcaaae6b0cf1b74c972cdc1f2e7efe	linguistics/books/DSS-Numbers-Linguistics.txt	723746	1156	8d658ff12152ccadb85a675b8bc36eba4190692300481a6512badecd578d634c	ALL_LETTER_SLOTS_RECONSTRUCTED	5	5	5	0	0	5	0	0	0	0	0	0	0
L1594884-R001	biblical_book	Num	8	8		4Q23	1606668	f51	2	1594884				books/DSS-Numbers.txt	502384	3833	1964594-1964611	18	0	0cc8cf11acaae9d12d5559fb3d0ecbfa27d52e56d30411284e9a169bc791511a	linguistics/books/DSS-Numbers-Linguistics.txt	724902	7576	b2269cdd3da699ecac2a098d729bced6e928579d3020b4fbe0230ada75021426	PARTLY_RECONSTRUCTED	47	44	22	1	21	24	1	0	1	0	0	0	0
L1594884-R002	biblical_book	Num	8	9		4Q23	1606668	f51	2	1594884				books/DSS-Numbers.txt	506217	2149	1964612-1964616	5	1	55d9d6dbcaa6e83997dab317f53753b2c0d3606ea40987d2caa25c7b3483e3c4	linguistics/books/DSS-Numbers-Linguistics.txt	732478	2329	e67eac1db0bea029db0b3465e91f9ad7cdff2ce6469d33bc36acf767a0ccaacf	ALL_LETTER_SLOTS_RECONSTRUCTED	13	13	13	0	0	13	0	0	0	0	0	0	0
L1594885-R001	biblical_book	Num	8	9		4Q23	1606668	f51	3	1594885				books/DSS-Numbers.txt	508366	2870	1964617-1964628	12	0	5a3f3ea606ef48673165132a61dbf433ffc29e4b6eabaafe06b3100e28fb0be8	linguistics/books/DSS-Numbers-Linguistics.txt	734807	5221	14f2a3f50e3aa3f1961cce852a211b1c63ef26e3b1478c268249ef4a616c68b0	PARTLY_RECONSTRUCTED	34	32	13	0	19	15	0	0	1	0	0	0	0
L1594885-R002	biblical_book	Num	8	10		4Q23	1606668	f51	3	1594885				books/DSS-Numbers.txt	511236	2879	1964629-1964638	10	1	8eeabbb30da5b30cc495c6fe9dcc3f07866b237423a9b99dd7a6d26839a0072e	linguistics/books/DSS-Numbers-Linguistics.txt	740028	4315	80f4574ff430e1c81db4ab83cfff8436c95b4975cb576bbfff67e154802b9785	ALL_LETTER_SLOTS_RECONSTRUCTED	26	26	26	0	0	26	0	0	0	0	0	0	0
L1594886-R001	biblical_book	Num	8	10		4Q23	1606668	f51	4	1594886				books/DSS-Numbers.txt	514115	2818	1964639-1964646	8	0	4055d3515f0aca6104befefc9d314a061244629f8e355d30cd5ca6b1bc4735ad	linguistics/books/DSS-Numbers-Linguistics.txt	744343	3652	9a9420f9c8f1d892957c2183d2ce37406f50fe915a978af268936b0ac1c87389	PARTLY_RECONSTRUCTED	25	22	2	7	13	4	7	0	1	0	0	0	0
L1594886-R002	biblical_book	Num	8	11		4Q23	1606668	f51	4	1594886				books/DSS-Numbers.txt	516933	3338	1964647-1964659	13	1	6c9626c09055547e7e6ac0ba1f261169c041d8050333f63850d0413bc1e3f652	linguistics/books/DSS-Numbers-Linguistics.txt	747995	5620	0701cdcd44e651270cc3b5ca307ecd3f71b4b48eb8c3de293c5a3563f3f3403f	ALL_LETTER_SLOTS_RECONSTRUCTED	35	35	35	0	0	35	0	0	0	0	0	0	0
L1594887-R001	biblical_book	Num	8	11		4Q23	1606668	f51	5	1594887				books/DSS-Numbers.txt	520271	2655	1964660-1964668	9	0	5579665c1ea0a5c64dd092a37f6a8809b5fc11fc38175da5cf39bec3f05f6e14	linguistics/books/DSS-Numbers-Linguistics.txt	753615	4027	57f13b9b56576e15491b37c12992b6152c1c33c00a782be46cdcc5a9d7eacb16	PARTLY_RECONSTRUCTED	25	23	9	4	10	11	4	0	1	0	0	0	0
L1594887-R002	biblical_book	Num	8	12		4Q23	1606668	f51	5	1594887				books/DSS-Numbers.txt	522926	3464	1964669-1964681	13	1	b522a8ff1a0a727cbc8772e6a9e53b9161752a87ba1e2365848b5bdedddf8657	linguistics/books/DSS-Numbers-Linguistics.txt	757642	5492	c665e0e6a97a05c4271ef2ff8c7c9443699dd347071867a8d78cc3b81ecb411a	ALL_LETTER_SLOTS_RECONSTRUCTED	35	34	34	0	0	35	0	0	0	0	0	0	0
L1594888-R001	biblical_book	Num	8	12		4Q23	1606668	f51	6	1594888				books/DSS-Numbers.txt	526390	2896	1964682-1964690	9	1	3493223c7bca6aefd794ce14dedfb1f8070ed492013b7cee3f07ec53f878a362	linguistics/books/DSS-Numbers-Linguistics.txt	763134	3864	bf925e3781a96dbcf3088b5d931db1d09c54b787ccf6c44e4cc22851fdf3e2cd	PARTLY_RECONSTRUCTED	19	15	6	3	6	8	3	1	2	0	0	0	0
L1594889-R001	biblical_book	Num	8	21		4Q23	1606668	f52	1	1594889				books/DSS-Numbers.txt	529286	4535	1964691-1964708	18	1	ef7ecc0ee3f0e6698ba146fee3a7adcf826cd47da8ec13f56ebdae805282fc98	linguistics/books/DSS-Numbers-Linguistics.txt	766998	7700	143cbbd4a22988e248ce9761fc311785397ff031d95277a912861b7a4fa10491	PARTLY_RECONSTRUCTED	61	58	56	0	2	58	0	0	0	0	0	0	0
L1594890-R001	biblical_book	Num	8	21		4Q23	1606668	f52	2	1594890				books/DSS-Numbers.txt	533821	1851	1964709-1964712	4	0	73cf7fc0771009a8a456a6be0ecb492a0efc8a7ff614982822f50d9f05db49fe	linguistics/books/DSS-Numbers-Linguistics.txt	774698	1950	3176cb863eec893a7f319953dbeed5cc8ae33905cf3ed266f834055b27c02046	ALL_LETTER_SLOTS_RECONSTRUCTED	12	9	9	0	0	12	0	0	1	0	0	0	0
L1594890-R002	biblical_book	Num	8	22		4Q23	1606668	f52	2	1594890				books/DSS-Numbers.txt	535672	4791	1964713-1964733	21	1	ff020a94ab52e854a77eec3bd069a00f41bc4bcdc2b80e373bfba5c6905b4378	linguistics/books/DSS-Numbers-Linguistics.txt	776648	8761	9097710990fcc20d32fca22cf9dd6ec109ea5b77ff68375dd3a3f5bcbcefbebe	PARTLY_RECONSTRUCTED	55	51	43	2	6	44	2	0	1	0	0	0	0
L1594891-R001	biblical_book	Num	9	3		4Q23	1606668	f53_54	1	1594891				books/DSS-Numbers.txt	540463	4398	1964734-1964749	16	1	582a21b383fba08c6698c473639aef507823f6b0a18050daeefdfb1c64496cfe	linguistics/books/DSS-Numbers-Linguistics.txt	785409	6778	546776bf16fec0473a3cc46ea71d7d5a9e4bcecc27259b99d36937755a41c0ae	PARTLY_RECONSTRUCTED	39	35	19	6	10	22	6	1	1	0	0	0	0
L1594892-R001	biblical_book	Num	9	3		4Q23	1606668	f53_54	2	1594892				books/DSS-Numbers.txt	544861	1692	1964750-1964752	3	0	b588390c52078dc9554b42efb9c63565f0a240c4ff5a1d497afcb6edc4bc7536	linguistics/books/DSS-Numbers-Linguistics.txt	792187	1554	f351a733d5be5bb9ad050562ea52f939ee70b3115cdf58bf614905dbc2ce604c	PARTLY_RECONSTRUCTED	10	7	6	1	0	6	1	0	1	0	0	0	0
L1594892-R002	biblical_book	Num	9	4		4Q23	1606668	f53_54	2	1594892				books/DSS-Numbers.txt	546553	2764	1964753-1964763	11	0	81774553c47b9cc9a989c678d770df7f0489e38be634c35a5b598a02e8876b96	linguistics/books/DSS-Numbers-Linguistics.txt	793741	4746	a53773ee953768ee318978e432d8e69521449d1c69abc8dfd762719a5c276fda	PARTLY_RECONSTRUCTED	28	26	17	1	8	19	1	0	1	0	0	0	0
L1594892-R003	biblical_book	Num	9	5		4Q23	1606668	f53_54	2	1594892				books/DSS-Numbers.txt	549317	2590	1964764-1964770	7	1	187d0e604c7b9ddbf4c643e327be7734e6fdb175213ed3c701933743f811077e	linguistics/books/DSS-Numbers-Linguistics.txt	798487	3187	b4e503c9518f07e5f67df92d6a85d742dcb9f5d1d32e401fecb30167d47c2bbd	PARTLY_RECONSTRUCTED	17	17	5	3	9	5	3	0	0	0	0	0	0
L1594893-R001	biblical_book	Num	9	5		4Q23	1606668	f53_54	3	1594893				books/DSS-Numbers.txt	551907	4460	1964771-1964789	19	1	4c744242560d8ddb38d0a7ce2d9ad2eb94db36c959e6e9ce709dc5d115edc850	linguistics/books/DSS-Numbers-Linguistics.txt	801674	8133	f692624736c99de2844958183194b6222b0f2c7e2850dd150aa26ea365dced69	PARTLY_RECONSTRUCTED	52	52	31	5	16	31	5	0	0	0	0	0	0
L1594894-R001	biblical_book	Num	9	5		4Q23	1606668	f53_54	4	1594894				books/DSS-Numbers.txt	556367	1900	1964790-1964794	5	0	55d27a3a73551ba96fe86e9f78e084f4c4d0c70403d694a5389d2298ee2043cf	linguistics/books/DSS-Numbers-Linguistics.txt	809807	2421	bb909e790c2be874f2337db0bca65213f07da4646aa7e02def20b531ce697679	ALL_LETTER_SLOTS_RECONSTRUCTED	15	13	13	0	0	15	0	0	1	0	0	0	0
L1594894-R002	biblical_book	Num	9	6		4Q23	1606668	f53_54	4	1594894				books/DSS-Numbers.txt	558267	3555	1964795-1964808	14	1	c2b755baa6187dc4364bbd7d9326c64cfbecc983ca2bf8a0614dd8df67e4d229	linguistics/books/DSS-Numbers-Linguistics.txt	812228	5960	3dc09ed202b2148251f9c713a3ea5a4601a9c274ed5766f63262eeeddd711bda	PARTLY_RECONSTRUCTED	39	39	16	1	22	16	1	0	0	0	0	0	0
L1594895-R001	biblical_book	Num	9	6		4Q23	1606668	f53_54	5	1594895				books/DSS-Numbers.txt	561822	4071	1964809-1964828	20	0	9ead4e230a63d0d658b04580d05c95b5b8084fa216ae81b9296f0bb6f2ec95cf	linguistics/books/DSS-Numbers-Linguistics.txt	818188	8215	67bc514a4b5aff591477d0713a4e77bdf3a75ed2a8b3aa2dccabb2650a4df803	PARTLY_RECONSTRUCTED	44	42	33	5	4	33	5	0	1	0	0	0	0
L1594895-R002	biblical_book	Num	9	7		4Q23	1606668	f53_54	5	1594895				books/DSS-Numbers.txt	565893	1992	1964829-1964832	4	1	1ee5ac9a2afbe22ccd1795e2d6161ff66d56555f0c791a9dfc7157f14c50a047	linguistics/books/DSS-Numbers-Linguistics.txt	826403	1947	c504e61f3120d459f2eb7aa830f67c3259ff041f0a15b35731175e12d0d78537	NO_LETTER_RECONSTRUCTION_MARKED	12	12	0	0	12	0	0	0	0	0	0	0	0
L1594896-R001	biblical_book	Num	9	7		4Q23	1606668	f53_54	6	1594896				books/DSS-Numbers.txt	567885	4167	1964833-1964848	16	1	bcd0468c9036579404855166dad301db7a521418a263fd692abc4db191f01c0d	linguistics/books/DSS-Numbers-Linguistics.txt	828350	6997	8bf6d97522521a03eb6621fa30bef6fa6b1d3255cb513868ab72730d4615d44d	PARTLY_RECONSTRUCTED	52	51	38	2	11	39	2	0	0	0	0	0	0
L1594897-R001	biblical_book	Num	9	7		4Q23	1606668	f53_54	7	1594897				books/DSS-Numbers.txt	572052	2297	1964849-1964855	7	0	6426d418e017a6cd6fbc2c968aa8e242fd5be49cea6aa997d089c9c305b3209c	linguistics/books/DSS-Numbers-Linguistics.txt	835347	3231	d8ae24da83087800397f04cf3989f142f3217b25aa2ecfeff430773c18235d5a	ALL_LETTER_SLOTS_RECONSTRUCTED	20	17	17	0	0	20	0	0	1	0	0	0	0
L1594897-R002	biblical_book	Num	9	8		4Q23	1606668	f53_54	7	1594897				books/DSS-Numbers.txt	574349	3531	1964856-1964867	12	1	f2766cb5273d652adde9af848ae208396c1b296e0d8b3c96f1f447ad3aab8dae	linguistics/books/DSS-Numbers-Linguistics.txt	838578	5103	7b7f84e814d8aca878efb4988f5f5f55eb8d231377b2f5ed9baa332e6589e81c	PARTLY_RECONSTRUCTED	39	35	21	0	14	22	0	0	1	0	0	0	0
L1594898-R001	biblical_book	Num	9	9		4Q23	1606668	f53_54	8	1594898				books/DSS-Numbers.txt	577880	2740	1964868-1964875	8	1	5498b650746676cab5fcfcb6bc90c3ff9d40ddfe8a12b9c9e33e6bd5c1e2a4d1	linguistics/books/DSS-Numbers-Linguistics.txt	843681	3473	62e4a796fe649ee40c24ff45d9c149839cb0c138bc11622e7bc2811e1eb31a50	ALL_LETTER_SLOTS_RECONSTRUCTED	20	18	18	0	0	20	0	0	1	0	0	0	0
L1594898-R002	biblical_book	Num	9	10		4Q23	1606668	f53_54	8	1594898				books/DSS-Numbers.txt	580620	2621	1964876-1964882	7	1	3ffb5bc2844d93378046a301476074352f1db6084988a0e5d8e8ae20b8608441	linguistics/books/DSS-Numbers-Linguistics.txt	847154	3256	3804af97ae2479cf0c7716da2baaffb0f739a5c5238167599a7a4c3c5e98194e	PARTLY_RECONSTRUCTED	20	20	6	2	12	6	2	0	0	0	0	0	0
L1594899-R001	biblical_book	Num	9	10		4Q23	1606668	f53_54	9	1594899				books/DSS-Numbers.txt	583241	4864	1964883-1964902	20	1	5d159005e07f7a28cd4552193eb479765e0ebb0fa2f8e4cb682557e08020042a	linguistics/books/DSS-Numbers-Linguistics.txt	850410	8354	79019933dddf81a2bcf03a3174187f28674b852f159560b2eccdc800791a5966	PARTLY_RECONSTRUCTED	53	49	33	5	10	34	5	0	1	0	1	0	0
L1594900-R001	biblical_book	Num	9	19		4Q23	1606668	f55	1	1594900				books/DSS-Numbers.txt	588105	4147	1964903-1964919	17	1	8dacf9b3e33ad5440c45e0c3844694005f4abc8063bc2ac0a528271cc6c3d294	linguistics/books/DSS-Numbers-Linguistics.txt	858764	7322	400c74e224fed391eb309c717a676d2c37368c8107dbebbc35b55b987c7b65c9	PARTLY_RECONSTRUCTED	50	50	38	3	9	38	3	0	0	0	0	0	0
L1594901-R001	biblical_book	Num	9	19		4Q23	1606668	f55	2	1594901				books/DSS-Numbers.txt	592252	1700	1964920-1964923	4	0	bb3c597073fa66f81af1f5aa06553e2f6f9c05fc9ea9d3d839c32c2c49bbba17	linguistics/books/DSS-Numbers-Linguistics.txt	866086	1881	1ac23903812898ede76d78c6ea01a40dc34361fe433f94e48591703ad8c24972	ALL_LETTER_SLOTS_RECONSTRUCTED	9	7	7	0	0	9	0	0	1	0	0	0	0
L1594901-R002	biblical_book	Num	9	20		4Q23	1606668	f55	2	1594901				books/DSS-Numbers.txt	593952	3182	1964924-1964933	10	1	785c6bc5f294c11e82a05e0a495feb48a3d6c5c435fa0affb19245c17ccd35dc	linguistics/books/DSS-Numbers-Linguistics.txt	867967	4340	37960cf87c11e3ef1c3838b6c941a52732576fcc23552be2eaf9cba6a1fcea1b	PARTLY_RECONSTRUCTED	26	22	17	3	2	19	3	1	2	0	0	0	0
L1594902-R001	biblical_book	Num	10	13		4Q23	1606668	f56	1	1594902				books/DSS-Numbers.txt	597134	3165	1964934-1964945	12	0	fc2fcaecaa9a3959e1efad005ba0d7a7b3c58f0863346591beba01c4083fa104	linguistics/books/DSS-Numbers-Linguistics.txt	872307	5088	eb75da3d1492d9dc2ba613a3e90520a3d3cc7afea7595b9fdaf33e5e8a4050a6	PARTLY_RECONSTRUCTED	29	25	19	3	3	23	3	1	2	0	0	0	0
L1594902-R002	biblical_book	Num	10	14		4Q23	1606668	f56	1	1594902				books/DSS-Numbers.txt	600299	2345	1964946-1964951	6	1	188e1d27903b3fdd9c247a3ba2612663456be42ac3aa8128088c1546c7cadd3a	linguistics/books/DSS-Numbers-Linguistics.txt	877395	2912	b6ea89c1072eff223facab1b70feb992c6e280f49e857c85c96315ced5d741ab	ALL_LETTER_SLOTS_RECONSTRUCTED	19	19	19	0	0	19	0	0	0	0	0	0	0
L1594903-R001	biblical_book	Num	10	14		4Q23	1606668	f56	2	1594903				books/DSS-Numbers.txt	602644	3206	1964952-1964962	11	0	38e901e24e9d2dc6ad216ced50c663a247f9141b79c95c09e869adc6f3c61a4a	linguistics/books/DSS-Numbers-Linguistics.txt	880307	4939	a007aa36ed0936c27bd37b553d8d9e4fa0f36949f80662dff353599b5e025074	PARTLY_RECONSTRUCTED	36	32	18	4	10	19	4	0	1	0	0	0	0
L1594903-R002	biblical_book	Num	10	15		4Q23	1606668	f56	2	1594903				books/DSS-Numbers.txt	605850	2332	1964963-1964968	6	1	12c95a053b554362ba7550c87c44e3db76d50c2061c9b98cf1c5a57575e0109d	linguistics/books/DSS-Numbers-Linguistics.txt	885246	2875	5b78a019fa5e7bbb592805f0a30f5ad1a118d542252646191c6208755a3a1cfc	PARTLY_RECONSTRUCTED	17	17	16	1	0	16	1	0	0	0	0	0	0
L1594904-R001	biblical_book	Num	10	15		4Q23	1606668	f56	3	1594904				books/DSS-Numbers.txt	608182	1755	1964969-1964972	4	0	e8eed454b2e1cdcbdb65ec7f0cfa81866e31949707418bc18bb81a4dd1da06a5	linguistics/books/DSS-Numbers-Linguistics.txt	888121	2037	8c7c3c67df0a4c92bdf882a95b216c495f7495b717128cc26667b97176be5f15	ALL_LETTER_SLOTS_RECONSTRUCTED	13	11	11	0	0	13	0	0	1	0	0	0	0
L1594904-R002	biblical_book	Num	10	16		4Q23	1606668	f56	3	1594904				books/DSS-Numbers.txt	609937	2798	1964973-1964982	10	0	56476458c5bc156508190bb1b088a36ebdc27a9a166a9b4fafe67eb1bd155ec9	linguistics/books/DSS-Numbers-Linguistics.txt	890158	4509	4d03337b9bc418e4ba5c0a776283322f6eda924a290a849ffafb36b021aadbbd	PARTLY_RECONSTRUCTED	30	28	7	2	19	9	2	0	1	0	0	0	0
L1594904-R003	biblical_book	Num	10	17		4Q23	1606668	f56	3	1594904				books/DSS-Numbers.txt	612735	2282	1964983-1964988	6	1	efbdeb185c26b6408bfcefaec83c2a335c96eac72503c8005199b6cc6066f02e	linguistics/books/DSS-Numbers-Linguistics.txt	894667	2771	7cb4f618233bb3b75c3b08af22ff81c7d4dac39d627cb48c2f027d11d8e93c36	PARTLY_RECONSTRUCTED	15	15	9	1	5	9	1	0	0	0	0	0	0
L1594905-R001	biblical_book	Num	10	17		4Q23	1606668	f56	4	1594905				books/DSS-Numbers.txt	615017	2457	1964989-1964997	9	0	e6f1b5eafc6681413cd34229fab42846fa87a3cc7a0d6a1684b27798c668236a	linguistics/books/DSS-Numbers-Linguistics.txt	897438	4069	65a79f13886dccbe3f146a968c0b9aee820de35baec2174ee6ff05f772efe1bf	PARTLY_RECONSTRUCTED	27	25	20	0	5	20	0	0	1	0	0	0	0
L1594905-R002	biblical_book	Num	10	18		4Q23	1606668	f56	4	1594905				books/DSS-Numbers.txt	617474	3173	1964998-1965007	10	1	570941660610b47c1ec7b6957252e2a8179d1792e88207648e6ddda0ff01ade3	linguistics/books/DSS-Numbers-Linguistics.txt	901507	4494	c4bd4c9a898cf05a393cef8d706e908c4976c4aba5f79992d45e90746337676c	PARTLY_RECONSTRUCTED	31	29	9	0	20	11	0	0	0	0	0	0	0
L1594906-R001	biblical_book	Num	10	18		4Q23	1606668	f56	5	1594906				books/DSS-Numbers.txt	620647	1785	1965008-1965011	4	0	020dbeefa82a93162c2a57e031f1be8a371737ead8fb27169fe84384f790cbe2	linguistics/books/DSS-Numbers-Linguistics.txt	906001	2097	980f7c1bc46fbf7f2d554598327914b3dafe4ba9f5d2a187c0120c74f9f288e6	ALL_LETTER_SLOTS_RECONSTRUCTED	16	14	14	0	0	16	0	0	1	0	0	0	0
L1594906-R002	biblical_book	Num	10	19		4Q23	1606668	f56	5	1594906				books/DSS-Numbers.txt	622432	3195	1965012-1965021	10	0	8dc548860ef21f95e3f7b8469a97adbe6390ec9ad45521556c86d2eda9664e1f	linguistics/books/DSS-Numbers-Linguistics.txt	908098	4663	b7020ad3eeeaa949e21d456284fae62a08242e75c75e44025e99c2f2da56a923	PARTLY_RECONSTRUCTED	36	32	11	2	19	15	2	0	1	0	0	0	0
L1594906-R003	biblical_book	Num	10	20		4Q23	1606668	f56	5	1594906				books/DSS-Numbers.txt	625627	1842	1965022-1965024	3	1	201ed6715cbd1ebfae7bcc19346aab086787a96ba85e21810b0cbc8100546323	linguistics/books/DSS-Numbers-Linguistics.txt	912761	1553	063f64255aa2a28690a4299679d1389f5a41120491b80212ad9a35ecf759ae37	ALL_LETTER_SLOTS_RECONSTRUCTED	6	6	6	0	0	6	0	0	0	0	0	0	0
L1594907-R001	biblical_book	Num	10	20		4Q23	1606668	f56	6	1594907				books/DSS-Numbers.txt	627469	2214	1965025-1965031	7	0	d12d5598b83903c8c924496e9f8e055f03baa3c8ec08836112610f828dad6ec0	linguistics/books/DSS-Numbers-Linguistics.txt	914314	3309	d0edea2047dbadd5f2e90ba620a3b3e4aed48bf68bc3acc6669fa7d935f0d8d6	ALL_LETTER_SLOTS_RECONSTRUCTED	22	20	20	0	0	22	0	0	1	0	0	0	0
L1594907-R002	biblical_book	Num	10	21		4Q23	1606668	f56	6	1594907				books/DSS-Numbers.txt	629683	3043	1965032-1965040	9	1	d461febc985b3801fef5f822358d559ebd30a2ae44467f00ce4e1bd05277859b	linguistics/books/DSS-Numbers-Linguistics.txt	917623	4026	e430ea6ba0c19037e8116f531b66e79c09baa29abb3e4c824fbe980f69a70245	PARTLY_RECONSTRUCTED	26	26	7	4	15	7	4	0	0	0	0	0	0
L1594908-R001	biblical_book	Num	10	21		4Q23	1606668	f56	7	1594908				books/DSS-Numbers.txt	632726	2131	1965041-1965046	6	0	ab6cc603638d50032be54d1899bae9443687a3822bf63cc28996dbd7e7a12439	linguistics/books/DSS-Numbers-Linguistics.txt	921649	2733	76b295ab2d9e77bbc8b34db6bdba86b1e505fad993fb6d6ef92adcd103074e4d	ALL_LETTER_SLOTS_RECONSTRUCTED	15	12	12	0	0	15	0	0	1	0	0	0	0
L1594908-R002	biblical_book	Num	10	22		4Q23	1606668	f56	7	1594908				books/DSS-Numbers.txt	634857	3594	1965047-1965057	11	1	7c36c18653272c9a17d9d98370ba5f43621a2a01bb9636217e599d266d40715d	linguistics/books/DSS-Numbers-Linguistics.txt	924382	4932	5a7ca6ac4f79626bd6c5b82bdfdfd510bde96076aafe949108a29dffb6d18fdb	PARTLY_RECONSTRUCTED	34	32	14	5	13	15	5	0	0	0	0	0	0
L1594909-R001	biblical_book	Num	10	22		4Q23	1606668	f56	8	1594909				books/DSS-Numbers.txt	638451	1785	1965058-1965061	4	0	48b0020e618fc144efb1b44adea5c3b3210d554fbbc0f1893e15c19dd2a11f2b	linguistics/books/DSS-Numbers-Linguistics.txt	929314	2111	f33ba5d9ec0d0dd8c8f45ead5d0848a988f9b66ba1a67f88cda5643e3f06c98f	ALL_LETTER_SLOTS_RECONSTRUCTED	16	14	14	0	0	16	0	0	1	0	0	0	0
L1594909-R002	biblical_book	Num	10	23		4Q23	1606668	f56	8	1594909				books/DSS-Numbers.txt	640236	3618	1965062-1965073	12	1	fe24776ba2744ebc4760fd6ca2a646c38b16c7d3efbf67682ffa10b23395cb5e	linguistics/books/DSS-Numbers-Linguistics.txt	931425	5336	47c804634fc4dac3ba231a6299afd1f012f4b69a8575ed3d49eb0c94f154113c	PARTLY_RECONSTRUCTED	36	30	26	4	0	30	4	1	3	0	0	0	0
L1594910-R001	biblical_book	Num	11	4		4Q23	1606668	f57	1	1594910				books/DSS-Numbers.txt	643854	3346	1965074-1965086	13	0	bd53dec098ff9f706ad81faeda052087e487a9d426d511f98267315ed78d9444	linguistics/books/DSS-Numbers-Linguistics.txt	936761	5609	6558c6ac1bdc62da17aed27213a14470fce46d49a1fd24ff6c44e29dd3c1c010	PARTLY_RECONSTRUCTED	40	37	27	2	8	30	2	0	1	0	0	0	0
L1594910-R002	biblical_book	Num	11	5		4Q23	1606668	f57	1	1594910				books/DSS-Numbers.txt	647200	2333	1965087-1965092	6	1	9ded2208739dec50e7e6341b6679d9660c1f5a4a68b479e39a41d6352cac1537	linguistics/books/DSS-Numbers-Linguistics.txt	942370	2804	bad10987a42b950ca52347512dda201f56fe493fe75a2601da91bb68b776330f	ALL_LETTER_SLOTS_RECONSTRUCTED	18	18	18	0	0	18	0	0	0	0	0	0	0
L1594911-R001	biblical_book	Num	11	5		4Q23	1606668	f57	2	1594911				books/DSS-Numbers.txt	649533	4933	1965093-1965115	23	1	84293bc6fd841ab27f1398c6407c5757365dc8683e6c9d6c3fe9362d659abca4	linguistics/books/DSS-Numbers-Linguistics.txt	945174	9539	6fc90ad93258806070a7bbc82b725d965b8d143926ac7efa59abe7a60da375cf	PARTLY_RECONSTRUCTED	55	53	48	3	2	50	3	0	1	0	0	0	0
L1594912-R001	biblical_book	Num	11	16		4Q23	1606668	f58_59	1	1594912				books/DSS-Numbers.txt	654466	4420	1965116-1965133	18	1	8dfb18ca7b012fad6f51c8010d631e608095d044eef52dc76ebf653a08564afa	linguistics/books/DSS-Numbers-Linguistics.txt	954713	7589	be8507e5aa9e7c2d96b93b0e1255cdc13b09e002e2ea42bbf5ec43b6329f5236	PARTLY_RECONSTRUCTED	52	50	49	1	0	51	1	0	0	0	0	0	0
L1594913-R001	biblical_book	Num	11	16		4Q23	1606668	f58_59	2	1594913				books/DSS-Numbers.txt	658886	1560	1965134-1965135	2	0	151938077b347c0be56dc8084735a59282a9af2f049f3aa8428cf25c9206f9b1	linguistics/books/DSS-Numbers-Linguistics.txt	962302	1133	36bb83efb4e7a1c39c5d4289149b7b834c1dd400550bc2688421934be674df3f	ALL_LETTER_SLOTS_RECONSTRUCTED	6	3	3	0	0	6	0	0	1	0	0	0	0
L1594913-R002	biblical_book	Num	11	17		4Q23	1606668	f58_59	2	1594913				books/DSS-Numbers.txt	660446	4229	1965136-1965151	16	1	aa22d3b57eada9c68b0dfd2c22100ca653c9925b3a702fa3e4ec0958ea5884f8	linguistics/books/DSS-Numbers-Linguistics.txt	963435	6749	5e33f065d846cefecc422be429759d8b2908dcfcd575d667194bfa3d596ea8bc	PARTLY_RECONSTRUCTED	49	46	43	0	3	45	0	0	0	0	0	0	0
L1594914-R001	biblical_book	Num	11	17		4Q23	1606668	f58_59	3	1594914				books/DSS-Numbers.txt	664675	3375	1965152-1965165	14	0	b297be28eda0a9949165713b3e7f128a5af1c7913caf327a361c9fc3b991ece5	linguistics/books/DSS-Numbers-Linguistics.txt	970184	5830	855cb1986964440a9c91f283a4c173a91d1b36fd567f0b3fa867db600a3196ad	ALL_LETTER_SLOTS_RECONSTRUCTED	32	28	28	0	0	32	0	0	1	0	0	0	0
L1594914-R002	biblical_book	Num	11	18		4Q23	1606668	f58_59	3	1594914				books/DSS-Numbers.txt	668050	2687	1965166-1965173	8	1	cc1bcd2fbc2a05d11b270c25fbea579154b7c4be231dc171d3e5de43e1d85116	linguistics/books/DSS-Numbers-Linguistics.txt	976014	3508	ee0f9c253ec5327f2e24beb9751f4d37d19435e17817be08c1fb5ffc84c2b7f1	PARTLY_RECONSTRUCTED	20	20	13	1	6	13	1	0	0	0	0	0	0
L1594915-R001	biblical_book	Num	11	18		4Q23	1606668	f58_59	4	1594915				books/DSS-Numbers.txt	670737	4548	1965174-1965191	18	1	d0aa5bbac542cee6848f3f4812ca52f45a7db1bbdb0f60f02e4c1d3bc9e287da	linguistics/books/DSS-Numbers-Linguistics.txt	979522	7699	fc26d143a29e53317583ec6672b696d1d66d1471418e7ff1baa4de2ab1fbb69f	PARTLY_RECONSTRUCTED	56	54	50	2	2	52	2	0	0	0	0	0	0
L1594916-R001	biblical_book	Num	11	18		4Q23	1606668	f58_59	5	1594916				books/DSS-Numbers.txt	675285	2454	1965192-1965199	8	0	29a0ca391ebd11f930bdcb2ce6d359be36e6b2162464d17ba1cbbc6c02531b9d	linguistics/books/DSS-Numbers-Linguistics.txt	987221	3505	da4d5d043d349616ddb8146b04550fe33441952e0b6f051c504d9cb972626418	ALL_LETTER_SLOTS_RECONSTRUCTED	23	20	20	0	0	23	0	0	1	0	0	0	0
L1594916-R002	biblical_book	Num	11	19		4Q23	1606668	f58_59	5	1594916				books/DSS-Numbers.txt	677739	3324	1965200-1965210	11	1	5fed462a5a8a338c8a6865c8546f55b5f7ecadfd7ea047da11e6a741f8e01f5e	linguistics/books/DSS-Numbers-Linguistics.txt	990726	4816	b8f391db00d4e75a110b486804202406e66b8cc5c31d4935c29dd9339b2d18f9	PARTLY_RECONSTRUCTED	34	33	26	1	6	27	1	0	0	0	0	0	0
L1594917-R001	biblical_book	Num	11	19		4Q23	1606668	f58_59	6	1594917				books/DSS-Numbers.txt	681063	2468	1965211-1965219	9	0	559c179411a9edc5d241c92d7109b8138a5abd92ee732258ead0382bce365740	linguistics/books/DSS-Numbers-Linguistics.txt	995542	3992	91b08ec1fc8e0ecd1fec67f4eebef0359a991da1bdd83e8efd3c412d1f9f6972	ALL_LETTER_SLOTS_RECONSTRUCTED	24	22	22	0	0	24	0	0	1	0	0	0	0
L1594917-R002	biblical_book	Num	11	20		4Q23	1606668	f58_59	6	1594917				books/DSS-Numbers.txt	683531	2906	1965220-1965227	8	1	b96c408f98f091f144297f9fa02b5be4ff010c0a78cc6967531770a692840ccd	linguistics/books/DSS-Numbers-Linguistics.txt	999534	3627	dd5cb6834441ace0ffec275a49ca234ccccd6346504d4a00c3c51bc7c36d3e5f	PARTLY_RECONSTRUCTED	23	22	16	3	3	16	3	0	0	0	0	0	0
L1594918-R001	biblical_book	Num	11	20		4Q23	1606668	f58_59	7	1594918				books/DSS-Numbers.txt	686437	4676	1965228-1965246	19	1	e51c92db8ef5bdcb6f45f8470df9035bd33a14afda09a19e1dd1049c75978129	linguistics/books/DSS-Numbers-Linguistics.txt	1003161	7974	c07cdd9de3dc156fab350afde21567279a355e5535c60e677c9a33e4f50b1424	PARTLY_RECONSTRUCTED	53	50	45	3	2	47	3	0	0	0	0	0	0
L1594919-R001	biblical_book	Num	11	20		4Q23	1606668	f58_59	8	1594919				books/DSS-Numbers.txt	691113	2048	1965247-1965252	6	0	a3f1a0cf5051667e1e2f5c865875894980c79560a7ccc2ff7b7162263dbb3db0	linguistics/books/DSS-Numbers-Linguistics.txt	1011135	2813	8742930b04c7b17cf85c6bad2889fdfa5daee27fab65cfda06e6191bfe4e56fb	ALL_LETTER_SLOTS_RECONSTRUCTED	18	16	16	0	0	18	0	0	1	0	0	0	0
L1594919-R002	biblical_book	Num	11	21		4Q23	1606668	f58_59	8	1594919				books/DSS-Numbers.txt	693161	3594	1965253-1965265	13	1	58f2d39cae12f3a1705af9802fbd7f7a4a01c3c20012ff874d49366cfe84746c	linguistics/books/DSS-Numbers-Linguistics.txt	1013948	5717	a17aabc672f49968b5a11d94f15e9f01698b6e391a2c4f4c5df807acdaba6eaa	PARTLY_RECONSTRUCTED	37	36	30	2	4	30	2	0	0	0	0	0	0
L1594920-R001	biblical_book	Num	11	21		4Q23	1606668	f58_59	9	1594920				books/DSS-Numbers.txt	696755	2914	1965266-1965276	11	0	dbd76a0e09ab5fa517a6c773dfd5bf7a33af9ea716bdb60d8f27216269f28ef2	linguistics/books/DSS-Numbers-Linguistics.txt	1019665	4774	f837f27675ddb6b69d2eb971d8cac546fbf242bfc5bd6fc3270a9c1f6bc1e0c5	ALL_LETTER_SLOTS_RECONSTRUCTED	32	29	29	0	0	32	0	0	1	0	0	0	0
L1594920-R002	biblical_book	Num	11	22		4Q23	1606668	f58_59	9	1594920				books/DSS-Numbers.txt	699669	2847	1965277-1965285	9	1	cd7f5e7d0d41ac093f7bef6b9885e0ed0834d61cbb44f7bbd17092dbc7adaec1	linguistics/books/DSS-Numbers-Linguistics.txt	1024439	3882	079d2c6ca416abe563ef840d991974a30f4c85cb42ab8cec87cdc16a0c1ca4fa	PARTLY_RECONSTRUCTED	22	19	15	0	4	16	0	0	1	0	0	0	0
L1594921-R001	biblical_book	Num	12	3		4Q23	1606668	f60_61	1	1594921				books/DSS-Numbers.txt	702516	4118	1965286-1965302	17	1	f47b328ed4369277d00d15c16e8845fbf58becf6a7640a0404f3fb322e7c8a33	linguistics/books/DSS-Numbers-Linguistics.txt	1028321	7084	4817b8da3f3f69148b8d01ca37deff473e2e8ab7852d959d952c72d1d6109b92	PARTLY_RECONSTRUCTED	40	35	33	2	0	37	2	1	2	0	0	0	0
L1594922-R001	biblical_book	Num	12	4		4Q23	1606668	f60_61	2	1594922				books/DSS-Numbers.txt	706634	5023	1965303-1965321	19	1	d2ed528ac3a451153f4fc852eb8dc1a5ed5c584b5bef955855eb3c9a67ed3399	linguistics/books/DSS-Numbers-Linguistics.txt	1035405	8150	b1a24d55e66ebdffc33f8098086eddc923f61fe25d0fa31a2ddb539c3ec4b7c3	PARTLY_RECONSTRUCTED	57	55	43	10	2	45	10	0	1	0	0	0	0
L1594923-R001	biblical_book	Num	12	4		4Q23	1606668	f60_61	3	1594923				books/DSS-Numbers.txt	711657	1578	1965322-1965323	2	0	37f8f2dd82c04e70527be5dc1603cd86eda24cfa6f0ee440e4199f165de325bd	linguistics/books/DSS-Numbers-Linguistics.txt	1043555	1176	9c53bc8594e3448c23b7e1057cf75ff199a9aedea5c5c4e876d577f57fa623af	ALL_LETTER_SLOTS_RECONSTRUCTED	8	5	5	0	0	8	0	0	1	0	0	0	0
L1594923-R002	biblical_book	Num	12	5		4Q23	1606668	f60_61	3	1594923				books/DSS-Numbers.txt	713235	4884	1965324-1965341	18	1	bb628975014dbf270baae812af3b58c4bc6efe5d0cf27276bf7bb669c12713cd	linguistics/books/DSS-Numbers-Linguistics.txt	1044731	7673	835fafbaabb743f1d389956f1504bdf7a0ff338de463b9f44473c553798e11b5	PARTLY_RECONSTRUCTED	46	46	15	16	15	15	16	0	0	0	0	0	0
L1594924-R001	biblical_book	Num	12	5		4Q23	1606668	f60_61	4	1594924				books/DSS-Numbers.txt	718119	1585	1965342-1965343	2	0	9bb79747b294ed4e6572d11cae921b088f95a74d9df525b70b0465a2bfbfc430	linguistics/books/DSS-Numbers-Linguistics.txt	1052404	1203	025de24e75c7eae24de313dc7cd102482abd659d822def437419682873e11616	ALL_LETTER_SLOTS_RECONSTRUCTED	8	5	5	0	0	8	0	0	1	0	0	0	0
L1594924-R002	biblical_book	Num	12	6		4Q23	1606668	f60_61	4	1594924				books/DSS-Numbers.txt	719704	4172	1965344-1965356	13	1	6c672440903d1f3a233842ae017ccfe70acb5b20b701f3ce8ce96f13a84e1faa	linguistics/books/DSS-Numbers-Linguistics.txt	1053607	5756	51146656d2dc882516fcc23462120d2775a512107eec5fc244491e3a1cfa267c	PARTLY_RECONSTRUCTED	48	45	17	6	22	17	6	0	0	0	0	0	0
L1594925-R001	biblical_book	Num	12	6		4Q23	1606668	f60_61	5	1594925				books/DSS-Numbers.txt	723876	1995	1965357-1965361	5	0	586a6577e9f8adaf5121f85bff08480058b2f559d4fdcac01abceffa0019b4c5	linguistics/books/DSS-Numbers-Linguistics.txt	1059363	2348	f6dab012dbc5e6ee6dea6c30012d659dbce41f30ffb4a781595f73d11f699cf8	ALL_LETTER_SLOTS_RECONSTRUCTED	14	11	11	0	0	14	0	0	1	0	0	0	0
L1594925-R002	biblical_book	Num	12	7		4Q23	1606668	f60_61	5	1594925				books/DSS-Numbers.txt	725871	3075	1965362-1965371	10	0	b677bb4867f7a1468eddf6b7e203f4c06fdfd4c106eaf466c8f42e8508fc496d	linguistics/books/DSS-Numbers-Linguistics.txt	1061711	4406	ce4bb9a0ab12f1bd00d8d833d70de3b4bc0175c59263f15231cfde9c228ab39f	PARTLY_RECONSTRUCTED	29	25	8	5	12	9	5	0	1	0	0	0	0
L1594925-R003	biblical_book	Num	12	8		4Q23	1606668	f60_61	5	1594925				books/DSS-Numbers.txt	728946	2899	1965372-1965379	8	1	bceba5ab44b391fb7c72ed08f273f1d44f67a0e17af1b08f61a38c099fe8f76a	linguistics/books/DSS-Numbers-Linguistics.txt	1066117	3576	8a07d81b921bf19d60e9a9a838cea50da004d9f71f1b725e1eb53996cb8067a1	PARTLY_RECONSTRUCTED	19	18	4	5	9	4	5	0	0	0	0	0	0
L1594926-R001	biblical_book	Num	12	8		4Q23	1606668	f60_61	6	1594926				books/DSS-Numbers.txt	731845	4095	1965380-1965398	19	0	67f66a84a74d920c1454286fe449779dcafb6d998a99e4bea02c38caba3aae0d	linguistics/books/DSS-Numbers-Linguistics.txt	1069693	7967	d33dc880aa98ea88404f1abb21eaa5665ad5a2b2dc64d467a4ea01dbded9d813	PARTLY_RECONSTRUCTED	49	46	29	4	13	29	4	0	1	0	0	0	0
L1594926-R002	biblical_book	Num	12	9		4Q23	1606668	f60_61	6	1594926				books/DSS-Numbers.txt	735940	1797	1965399-1965400	2	1	e1869c71c8a04046553689b0c9087fd8d9b39342bae73825c8658f5b3ef65edf	linguistics/books/DSS-Numbers-Linguistics.txt	1077660	1178	fb68e195f98d25a3738e8ce2f335216a14124df958713a228e3d2fae0727ebfd	NO_LETTER_RECONSTRUCTION_MARKED	4	4	0	4	0	0	4	0	0	0	0	0	0
L1594927-R001	biblical_book	Num	12	9		4Q23	1606668	f60_61	7	1594927				books/DSS-Numbers.txt	737737	2128	1965401-1965406	6	0	19699fb001d849891609c5b3633a67aedc698aaacb93c87b33286c6089cfb264	linguistics/books/DSS-Numbers-Linguistics.txt	1078838	2680	e0477350a6f45c38d51b1b30e33d905da0da77d3c08ddedf1bfa94393fb0fac6	ALL_LETTER_SLOTS_RECONSTRUCTED	15	12	12	0	0	15	0	0	1	0	0	0	0
L1594927-R002	biblical_book	Num	12	10		4Q23	1606668	f60_61	7	1594927				books/DSS-Numbers.txt	739865	3943	1965407-1965423	17	1	bf97d119d17be8852de2ca2c3a9a38bd7c3deecf57ca1930a287272c1c090363	linguistics/books/DSS-Numbers-Linguistics.txt	1081518	7157	c63ec24026ade99f2aab956e564b25b076d38045c9567bf51f309e246267a4b9	PARTLY_RECONSTRUCTED	39	39	23	2	14	23	2	0	0	0	0	0	0
L1594928-R001	biblical_book	Num	12	10		4Q23	1606668	f60_61	8	1594928				books/DSS-Numbers.txt	743808	2038	1965424-1965429	6	0	80e47426840c4a2d0df39da4eb9ac051ee05b8153060b222723e65e11be2eb61	linguistics/books/DSS-Numbers-Linguistics.txt	1088675	2777	75b06bb8a025c27c7c4460475af5717f740517767f0d9dac4113a57f98af07bc	ALL_LETTER_SLOTS_RECONSTRUCTED	17	15	15	0	0	17	0	0	1	0	0	0	0
L1594928-R002	biblical_book	Num	12	11		4Q23	1606668	f60_61	8	1594928				books/DSS-Numbers.txt	745846	3842	1965430-1965441	12	1	efa18b5f237e8cc95c942db5003d67c2b2bed695c10cd8971b314b5bb02c7480	linguistics/books/DSS-Numbers-Linguistics.txt	1091452	5306	3e3af4a2c992f06534de2deb5012745af7f5f70eb6086c61deaa4422876bdb62	PARTLY_RECONSTRUCTED	39	36	27	3	6	29	3	0	0	0	0	0	0
L1594929-R001	biblical_book	Num	12	11		4Q23	1606668	f60_61	9	1594929				books/DSS-Numbers.txt	749688	2321	1965442-1965446	5	1	61b6ed0753a79c51157325dc344dd3921f3395d52b5fc61ebe2452e2e327cfd1	linguistics/books/DSS-Numbers-Linguistics.txt	1096758	2239	ef2661ac84bee236a4013f4263dd87a3452134fe55ad8a8e1d48519fb92c5bd1	NO_LETTER_SLOTS	12	0	0	0	0	6	4	2	5	0	0	0	0
L1594930-R001	biblical_book	Num	13	21		4Q23	1606668	f62	1	1594930				books/DSS-Numbers.txt	752009	3674	1965447-1965461	15	1	2ddf4229aba8275a2db2c0381a9c6944154c777db62b6eef6491ab8665957393	linguistics/books/DSS-Numbers-Linguistics.txt	1098997	6351	277754a17b36be719c61262a2b70926dde725e6d4f2844179880b56010de6bbb	PARTLY_RECONSTRUCTED	36	34	30	1	3	30	1	0	1	0	0	0	0
L1594931-R001	biblical_book	Num	22	5		4Q23	1606668	f63	1	1594931				books/DSS-Numbers.txt	755683	4604	1965462-1965480	19	1	a73e6088d77a9460f8638f8f553b417032dec3f7adf6522b5927b7f0f1e36fc3	linguistics/books/DSS-Numbers-Linguistics.txt	1105348	8029	de30f047bc8e8b7d59a7c2121efa6d859572200375f43fdb2e6b3b9a1a6fe94f	PARTLY_RECONSTRUCTED	50	48	38	7	3	40	7	0	0	0	0	0	0
L1594932-R001	biblical_book	Num	22	5		4Q23	1606668	f63	2	1594932				books/DSS-Numbers.txt	760287	2455	1965481-1965488	8	0	9bdb385b46d8f0df1424ef48ef12f1d8aded6b93f4fa3c39aeeed5237dc2b990	linguistics/books/DSS-Numbers-Linguistics.txt	1113377	3468	d43f5e100acf2884833ef9fb5a14fb5d2f94342bee0ac31c9c0c011f9ab592cf	PARTLY_RECONSTRUCTED	18	15	4	1	10	7	1	0	1	0	0	0	0
L1594932-R002	biblical_book	Num	22	6		4Q23	1606668	f63	2	1594932				books/DSS-Numbers.txt	762742	3810	1965489-1965502	14	1	e44c21e0c9af5699338e415b7ab7e734ec4cb234ba418531df730a257f2892cb	linguistics/books/DSS-Numbers-Linguistics.txt	1116845	5856	b2e2b6f3555f0e0aff1a1cfb47350f79080cf9d6ebfb4f3ddc563d409d967c25	ALL_LETTER_SLOTS_RECONSTRUCTED	34	31	31	0	0	34	0	0	0	0	0	0	0
L1594933-R001	biblical_book	Num	22	6		4Q23	1606668	f63	3	1594933				books/DSS-Numbers.txt	766552	4361	1965503-1965518	16	1	89ac28d238bf4dacc764006f43d1ba82a3f90823e4c83d457e4cf797c5f5adf9	linguistics/books/DSS-Numbers-Linguistics.txt	1122701	6876	550778a6e11111c18115fcbfbdafa2eb4c0e6bec24d303f0c4a705799b2f8032	PARTLY_RECONSTRUCTED	53	50	36	2	12	38	2	0	0	0	0	0	0
L1594934-R001	biblical_book	Num	22	6		4Q23	1606668	f63	4	1594934				books/DSS-Numbers.txt	770913	2170	1965519-1965522	4	1	45b2a774ee9c1d43adf36e8335a7599debe0c9b70a7190e2e009575a4277d452	linguistics/books/DSS-Numbers-Linguistics.txt	1129577	1864	0bb9b6b432ccb077edc3f734ec38ea4008dfc3391668e05f980db2d2189ca39e	NO_LETTER_SLOTS	13	0	0	0	0	5	6	2	4	0	0	0	0
L1594935-R001	biblical_book	Num	22	22		4Q23	1606668	f64	1	1594935				books/DSS-Numbers.txt	773083	4829	1965523-1965542	20	1	a77a737acee717a84e3aa3d30cfd1969540ab5f5ac99b4c42e85266e43032fe4	linguistics/books/DSS-Numbers-Linguistics.txt	1131441	8524	04ff800389f7c2cc6f859253e3d850ddeac01cf1ebdfd9c8ffce04a02a5c5863	PARTLY_RECONSTRUCTED	56	54	47	4	3	49	4	0	0	0	0	0	0
L1594936-R001	biblical_book	Num	22	22		4Q23	1606668	f64	2	1594936				books/DSS-Numbers.txt	777912	1947	1965543-1965545	3	0	33d924946ee2afb92e96c51da405327c8e09bd1777b81a206dd236f878003a21	linguistics/books/DSS-Numbers-Linguistics.txt	1139965	1577	77e16d73011115cd8ea4b2a5ca2ce5aebcacc68cafb0b8c1ac0f8f3b0b0714f4	NO_LETTER_RECONSTRUCTION_MARKED	12	8	0	4	4	0	4	0	1	0	0	0	0
L1594936-R002	biblical_book	Num	22	23		4Q23	1606668	f64	2	1594936				books/DSS-Numbers.txt	779859	4314	1965546-1965562	17	1	948aaf6e6a44e866eecb468126d0b73b30cbde06d814d036c2199241bc76238e	linguistics/books/DSS-Numbers-Linguistics.txt	1141542	7198	7a0072dd936e4ec06e499e9ec97fbddc7070d582fc972ba3df4d70d49d383457	PARTLY_RECONSTRUCTED	45	43	37	3	3	39	3	0	0	0	0	0	0
L1594937-R001	biblical_book	Num	22	23		4Q23	1606668	f64	3	1594937				books/DSS-Numbers.txt	784173	4328	1965563-1965582	20	0	1852927488dec3eeddde968aea8a5050f66ec6aec9a6b9a550552f20b85cdb36	linguistics/books/DSS-Numbers-Linguistics.txt	1148740	8296	f060675f5dca3a778bc02329843a260a1adaa5bcfa934c941a333008c76cf7e7	PARTLY_RECONSTRUCTED	45	42	27	7	8	30	7	0	1	0	0	0	0
L1594937-R002	biblical_book	Num	22	24		4Q23	1606668	f64	3	1594937				books/DSS-Numbers.txt	788501	2039	1965583-1965586	4	1	990ae3da25c06cda4abc18759a04f76e852d50a994169977c533dd1e5b23f4cd	linguistics/books/DSS-Numbers-Linguistics.txt	1157036	2018	d831b925e32fb9ff5429f74b9149a019c905ee51efb326b04371b962c0039bf1	ALL_LETTER_SLOTS_RECONSTRUCTED	13	13	13	0	0	13	0	0	0	0	0	0	0
L1594938-R001	biblical_book	Num	22	24		4Q23	1606668	f64	4	1594938				books/DSS-Numbers.txt	790540	3362	1965587-1965598	12	1	9a04a55eb927ba4b60427118fa6b7f2a386675253bf313393232f83174fae190	linguistics/books/DSS-Numbers-Linguistics.txt	1159054	5157	140d65e7b3d8d1a2b94872f5b51f5e100c86afe7b2ba740676a8ad9e3d25ef2a	PARTLY_RECONSTRUCTED	28	25	20	4	1	23	4	0	2	0	0	0	0
L1594939-R001	biblical_book	Num	26	5		4Q23	1606668	f65	1	1594939				books/DSS-Numbers.txt	793902	3402	1965599-1965611	13	0	b2758a3c7c7482ed43f374094f28ef4066eea5fbba358eaf3c00f5565ab85609	linguistics/books/DSS-Numbers-Linguistics.txt	1164211	5979	e7b4c39ccbe079b9b959b0c4409d1bc247ed2b84e3594614192cc9edd034b806	PARTLY_RECONSTRUCTED	44	42	35	4	3	37	4	0	1	0	0	0	0
L1594939-R002	biblical_book	Num	26	6		4Q23	1606668	f65	1	1594939				books/DSS-Numbers.txt	797304	2191	1965612-1965616	5	1	4a9877cc537cd4e389edc386e78ea0e3728c94f1e5e1d0ae768c6c4b17c5eef0	linguistics/books/DSS-Numbers-Linguistics.txt	1170190	2542	746f425312742597a8802b91e6f61f0c506ab074e3b158848651acfc4769601e	ALL_LETTER_SLOTS_RECONSTRUCTED	17	17	17	0	0	17	0	0	0	0	0	0	0
L1594940-R001	biblical_book	Num	26	6		4Q23	1606668	f65	2	1594940				books/DSS-Numbers.txt	799495	2273	1965617-1965622	6	0	ddb3af777ad731942503044daf1d8d52f62682e4ccb664714e64938f80c55073	linguistics/books/DSS-Numbers-Linguistics.txt	1172732	2874	57fd58bbade6b09502a4788f0788cd0148addd55a364cffc45340d1c5c2dd2bf	PARTLY_RECONSTRUCTED	17	15	7	5	3	9	5	0	1	0	0	0	0
L1594940-R002	biblical_book	Num	26	7		4Q23	1606668	f65	2	1594940				books/DSS-Numbers.txt	801768	3310	1965623-1965633	11	1	9a2e23b2e0abf88326721fc769b987aed0e4981d8b8da91cfad1479d78dd7c3e	linguistics/books/DSS-Numbers-Linguistics.txt	1175606	5076	1f980965684150237035b11cc9d47895e8e4a351b9a12d26114dc30a59cfd465	ALL_LETTER_SLOTS_RECONSTRUCTED	41	40	40	0	0	41	0	0	0	0	0	0	0
L1594941-R001	biblical_book	Num	26	7		4Q23	1606668	f65	3	1594941				books/DSS-Numbers.txt	805078	2834	1965634-1965640	7	1	9aeb32ff290e5ae02469ff9eaa24d2e5e0e5052622901bb3a7f24e0d9eab06f6	linguistics/books/DSS-Numbers-Linguistics.txt	1180682	3191	b51ba20f248a5a4be991726404917a9f2953faed0d9617ebe779d097e41cefa3	PARTLY_RECONSTRUCTED	18	14	9	4	1	11	4	1	2	0	0	0	0
L1594942-R001	biblical_book	Num	30	3		4Q23	1606668	f66	1	1594942				books/DSS-Numbers.txt	807912	2007	1965641-1965645	5	0	acbe3591823714e5a4dc142f3758ee009d9f21ae9d15cc2caa7258a2929b5ec7	linguistics/books/DSS-Numbers-Linguistics.txt	1183873	2285	1a1bf6efdda44af5123750d8d7ad18a8f31b52d0820c6265f7805245e51051af	PARTLY_RECONSTRUCTED	13	8	4	1	3	8	1	1	2	0	0	0	0
L1594942-R002	biblical_book	Num	30	4		4Q23	1606668	f66	1	1594942				books/DSS-Numbers.txt	809919	1574	1965646	1	1	a43f77be835074bc539f1202dd4808605fb128cbeeeef093dcad6bf6fde467ae	linguistics/books/DSS-Numbers-Linguistics.txt	1186158	736	afb76b7752b57f066d2e38c9d87265fde0d59e37bdf67913c1549e9daccc6582	NO_LETTER_SLOTS	2	0	0	0	0	2	0	1	1	0	0	0	0
L1594943-R001	biblical_book	Num	30	4		4Q23	1606668	f66	2	1594943				books/DSS-Numbers.txt	811493	2071	1965647-1965650	4	1	cb5ec66dbe8de708a33feee4036322c339e154d29a15f43fd63e3e503424e5b1	linguistics/books/DSS-Numbers-Linguistics.txt	1186894	1811	c77015c1482428d7bb3ce02c7454621ffa4d07d6cd1e488aa228ae8c6af3baa1	NO_LETTER_RECONSTRUCTION_MARKED	7	1	0	0	1	4	0	2	3	0	0	0	0
L1594944-R001	biblical_book	Num	30	7		4Q23	1606668	f67	1	1594944				books/DSS-Numbers.txt	813564	2253	1965651-1965654	4	1	2f1131f5420e34dcd51f529a0d8745020abb7eb78f2fbe6d7b6e26c77088437a	linguistics/books/DSS-Numbers-Linguistics.txt	1188705	1893	f46cb0cfdcf330e2457e3bdc9b59beb021a086841a9dd261aeb00cabdfd5adbc	NO_LETTER_RECONSTRUCTION_MARKED	12	5	0	1	4	4	1	2	3	0	0	0	0
L1594945-R001	biblical_book	Num	32	8		4Q23	1606668	f68i	1	1594945				books/DSS-Numbers.txt	815817	4353	1965655-1965670	16	1	1dca829e94bb76f8b4a7404249ad04d2335490ce014cd3548dde479764f8bd47	linguistics/books/DSS-Numbers-Linguistics.txt	1190598	6758	560fea2e436a9db30e5a208ffe17bbf43c176509371150bccf9899f3c6de64b0	PARTLY_RECONSTRUCTED	45	38	25	2	11	31	2	1	2	0	0	0	0
L1594946-R001	biblical_book	Num	32	9		4Q23	1606668	f68i	2	1594946				books/DSS-Numbers.txt	820170	4806	1965671-1965693	23	1	27120fc2c78d2ed7adb171458472d0ed92491a47024dbe65b9a9784039018c08	linguistics/books/DSS-Numbers-Linguistics.txt	1197356	9639	9be8cf1bb938e0609362d0109a5c3c3e1535f485d17e2d3f15fadc3fe8ce6836	PARTLY_RECONSTRUCTED	59	59	23	1	35	23	1	0	0	0	0	0	0
L1594947-R001	biblical_book	Num	32	9		4Q23	1606668	f68i	3	1594947				books/DSS-Numbers.txt	824976	1884	1965694-1965697	4	0	cb91e5e58088f81a5670cccf59d6349d9ce67cd4edbc109ae5e93f0feee7a5d7	linguistics/books/DSS-Numbers-Linguistics.txt	1206995	1920	5b538286bdf9c76d0238c1db0c8239e897fb5b0bb7f3e8ff5069b67d8255618f	ALL_LETTER_SLOTS_RECONSTRUCTED	13	10	10	0	0	13	0	0	1	0	0	0	0
L1594947-R002	biblical_book	Num	32	10		4Q23	1606668	f68i	3	1594947				books/DSS-Numbers.txt	826860	2961	1965698-1965710	13	0	e59f4b08dd3cae27e19ec0e1bb53ea6b77e934db9056b67513ad52b13cb014eb	linguistics/books/DSS-Numbers-Linguistics.txt	1208915	5411	f566bc08740ca7073834a3d2457f868370c96b0ca9c8fecb0355d5393472874e	PARTLY_RECONSTRUCTED	29	27	9	0	18	9	0	0	1	0	0	0	0
L1594947-R003	biblical_book	Num	32	11		4Q23	1606668	f68i	3	1594947				books/DSS-Numbers.txt	829821	2569	1965711-1965718	8	1	1c77584e276dcd50cb4f430e7a75db9921c322cb0b52e2dff813998e4c805fa4	linguistics/books/DSS-Numbers-Linguistics.txt	1214326	3581	40170b5b8eeb5ee8876e4ff490bd94a15df8f8f68426eb2e27f128510323b75c	NO_LETTER_RECONSTRUCTION_MARKED	23	23	0	0	23	0	0	0	0	0	0	0	0
L1594948-R001	biblical_book	Num	32	11		4Q23	1606668	f68i	4	1594948				books/DSS-Numbers.txt	832390	4663	1965719-1965739	21	1	7ce6a8ce7747294d5a30513033bd4881a868d173b253f6c2afdbf1b0884cdc9b	linguistics/books/DSS-Numbers-Linguistics.txt	1217907	8940	54404a807de101c857d19f1dbe9b45bbf4cbc14159ce812aa6291eef665cc77e	PARTLY_RECONSTRUCTED	58	57	19	1	37	20	1	0	0	0	0	0	0
L1594949-R001	biblical_book	Num	32	11		4Q23	1606668	f68i	5	1594949				books/DSS-Numbers.txt	837053	1572	1965740-1965741	2	0	990d22822e9a170a5de32696cdfba1ec6d41eeb18d2885f27275ed6df21b132f	linguistics/books/DSS-Numbers-Linguistics.txt	1226847	1160	1c4640b76e660e43ecaded7925f67c1832481765d5a68dc000f5a5f1b02b1324	ALL_LETTER_SLOTS_RECONSTRUCTED	7	4	4	0	0	7	0	0	1	0	0	0	0
L1594949-R002	biblical_book	Num	32	12		4Q23	1606668	f68i	5	1594949				books/DSS-Numbers.txt	838625	3543	1965742-1965756	15	0	f74a8ae5c2b50979138bc512d11e598a74e85d6acf03690b3e405c394fb6e59a	linguistics/books/DSS-Numbers-Linguistics.txt	1228007	6614	098db05d47e95ba100ddcceb62388b8889a3afa52488a684843842d3ed21a706	PARTLY_RECONSTRUCTED	45	43	35	2	6	35	2	0	1	0	0	0	0
L1594949-R003	biblical_book	Num	32	13		4Q23	1606668	f68i	5	1594949				books/DSS-Numbers.txt	842168	2273	1965757-1965762	6	1	3c0abc233524a0092786964ce5215b237c12b6e5468cf69463738a972cf7593a	linguistics/books/DSS-Numbers-Linguistics.txt	1234621	2813	a4b99e3198405f6fe01a596e3b2f665c9982b4608d3b050a2c972d24358a8f7f	NO_LETTER_RECONSTRUCTION_MARKED	16	16	0	0	16	0	0	0	0	0	0	0	0
L1594950-R001	biblical_book	Num	32	13		4Q23	1606668	f68i	6	1594950				books/DSS-Numbers.txt	844441	4137	1965763-1965781	19	0	9d5063cf397ebb265b066fd9da2baebde0f6532a4a943af8785c783029349ff6	linguistics/books/DSS-Numbers-Linguistics.txt	1237434	7959	f54d37def6068f7da790a14776d2dbf1ac1c1f1593cb75016dd68154e0ecb410	PARTLY_RECONSTRUCTED	48	45	38	1	6	39	1	0	1	0	0	0	0
L1594950-R002	biblical_book	Num	32	14		4Q23	1606668	f68i	6	1594950				books/DSS-Numbers.txt	848578	2112	1965782-1965785	4	1	21e12acbc5be8319a6b2322766e2fe8a1196239e13bc26b6c71c4e69a25c619c	linguistics/books/DSS-Numbers-Linguistics.txt	1245393	2014	240c5fdc09bc3c4e2be396b7b234392e3963c702b3d8b6fcfec411d37877bce8	NO_LETTER_RECONSTRUCTION_MARKED	11	11	0	1	10	0	1	0	0	0	0	0	0
L1594951-R001	biblical_book	Num	32	14		4Q23	1606668	f68i	7	1594951				books/DSS-Numbers.txt	850690	3523	1965786-1965799	14	0	22878e2e0016e18c8a3a7d97f33f5c7cf76dff25ccf1138f89209cd1450269ea	linguistics/books/DSS-Numbers-Linguistics.txt	1247407	6181	f358ed5f902e7159fa80e10a144998e1c3d9fe59586f3e1bcc09bd5f3e128e38	PARTLY_RECONSTRUCTED	51	48	40	0	8	41	0	0	1	0	0	0	0
L1594951-R002	biblical_book	Num	32	15		4Q23	1606668	f68i	7	1594951				books/DSS-Numbers.txt	854213	2660	1965800-1965804	5	1	4e8a905e0a84bb9122ad564e77ba2cf828cc9b12bc4222f2dab3486aa8fe7e32	linguistics/books/DSS-Numbers-Linguistics.txt	1253588	2374	e74846764c120ad1d96609f780bee9d733531daa3a1afdfda5fae99cbe0fa12a	NO_LETTER_RECONSTRUCTION_MARKED	17	13	0	3	10	0	3	0	1	0	0	0	0
L1594952-R001	biblical_book	Num	32	23		4Q23	1606668	f69	1	1594952				books/DSS-Numbers.txt	856873	2852	1965805-1965809	5	2	1bc13ccd2a7b95f3127290e2119bffa589f9c8aa903dad7687935d059009c90a	linguistics/books/DSS-Numbers-Linguistics.txt	1255962	2357	96e1fbd819b6cac10b5145bbf7e63a0cd6ec2d46be97274016231d31db39ec48	PARTLY_RECONSTRUCTED	14	10	6	4	0	9	4	1	2	0	0	0	0
L1594953-R001	biblical_book	Num	32	23		4Q23	1606668	f69	2	1594953				books/DSS-Numbers.txt	859725	3272	1965810-1965821	12	0	905b43e3789ca6abfa4c47c2e8bb0f05251be9851d51e4d13ddd0b4cc054b196	linguistics/books/DSS-Numbers-Linguistics.txt	1258319	5214	6062515993bfac62d848eb28fbd5e30e9a7aa86e45b883f337c16c6c1a2c9ae7	ALL_LETTER_SLOTS_RECONSTRUCTED	40	36	36	0	0	40	0	0	1	0	0	0	0
L1594953-R002	biblical_book	Num	32	24		4Q23	1606668	f69	2	1594953				books/DSS-Numbers.txt	862997	3175	1965822-1965830	9	1	d193f0d8c566c0d128e4d11027b54f650852203610870725673e9080a0340c39	linguistics/books/DSS-Numbers-Linguistics.txt	1263533	4005	81aa9102b1221f07edaa4391b9826c276a9e8b751d27cdb29bf861bd49207424	PARTLY_RECONSTRUCTED	29	26	13	1	12	14	1	0	0	0	0	0	0
L1594954-R001	biblical_book	Num	32	24		4Q23	1606668	f69	3	1594954				books/DSS-Numbers.txt	866172	2277	1965831-1965837	7	0	bb5fb6aa9646f4de1571a2fc7f04661f1df861339d7dfaf4500efb09d2280362	linguistics/books/DSS-Numbers-Linguistics.txt	1267538	3066	0d74ac31d114814c3ea13d8876b29de93569ffc48c7b011ebadc9376de0d9e37	ALL_LETTER_SLOTS_RECONSTRUCTED	17	14	14	0	0	17	0	0	1	0	0	0	0
L1594954-R002	biblical_book	Num	32	25		4Q23	1606668	f69	3	1594954				books/DSS-Numbers.txt	868449	4392	1965838-1965855	18	1	96ac960bda6fa90c42b07e899840706b991c26a05e02a027e48b485b07532534	linguistics/books/DSS-Numbers-Linguistics.txt	1270604	7641	c8067d43afd62addaa7e742f4f041f3c94765abcf7d423a7eed04aaf4978c5f8	PARTLY_RECONSTRUCTED	53	49	37	1	11	38	1	0	1	0	0	0	0
L1594955-R001	biblical_book	Num	32	26		4Q23	1606668	f69	4	1594955				books/DSS-Numbers.txt	872841	3685	1965856-1965868	13	0	8e2fb87e22e9021a6dd2fb86161030c0392d0845bcb3bdd629200aa964d1ddc6	linguistics/books/DSS-Numbers-Linguistics.txt	1278245	5693	8055cde269748a9cac2d0ba14ca16e4f0ba14040161f06f1740a8a265156f934	ALL_LETTER_SLOTS_RECONSTRUCTED	44	38	38	0	0	44	0	0	1	0	0	0	0
L1594955-R002	biblical_book	Num	32	27		4Q23	1606668	f69	4	1594955				books/DSS-Numbers.txt	876526	2797	1965869-1965876	8	1	c1794cca6571831cd3e4bf9fafee4c541d1c8f36d628060d6a2d730b0ee39a94	linguistics/books/DSS-Numbers-Linguistics.txt	1283938	3623	b9a90976f4d54d58ebad308a88c5196662e6478d3f020277324b7ff9b91e7751	PARTLY_RECONSTRUCTED	25	24	6	1	17	7	1	0	0	0	0	0	0
L1594956-R001	biblical_book	Num	32	27		4Q23	1606668	f69	5	1594956				books/DSS-Numbers.txt	879323	2474	1965877-1965884	8	0	d5315a7c12d91f6ba57a91c13b28e7471e211aa146d3d0dc5d31ae11f364b6d8	linguistics/books/DSS-Numbers-Linguistics.txt	1287561	3612	9e73146e7bc87c126b2b2417373df4b2dbaeda0da24a604dd79be2682b43b2b3	ALL_LETTER_SLOTS_RECONSTRUCTED	24	21	21	0	0	24	0	0	1	0	0	0	0
L1594956-R002	biblical_book	Num	32	28		4Q23	1606668	f69	5	1594956				books/DSS-Numbers.txt	881797	3921	1965885-1965899	15	1	cf96ac58ff9e956749753f756fc016545547a90bb3cf8a4db27d1b163c9c9e70	linguistics/books/DSS-Numbers-Linguistics.txt	1291173	6435	3dc3781812fe6023697ad0a7a9a58956bd408f7ed61c92aad643c4fff5d8873b	PARTLY_RECONSTRUCTED	38	37	17	4	16	18	4	0	0	0	0	0	0
L1594957-R001	biblical_book	Num	32	28		4Q23	1606668	f69	6	1594957				books/DSS-Numbers.txt	885718	2353	1965900-1965907	8	0	6398e06a647216c33630e12ab59a76dc56156d0add101c8ee55d1c7c7c78cdc6	linguistics/books/DSS-Numbers-Linguistics.txt	1297608	3601	ff3d77008c55ffc5218bf13c7d93aa1d0ff6b31bdbc7a1d126a9d11b2041560d	ALL_LETTER_SLOTS_RECONSTRUCTED	24	22	22	0	0	24	0	0	1	0	0	0	0
L1594957-R002	biblical_book	Num	32	29		4Q23	1606668	f69	6	1594957				books/DSS-Numbers.txt	888071	3847	1965908-1965920	13	1	e869d3deeabb3e016b5a4b19d228f8cd2378570985b23a08d883c7ce1bad3847	linguistics/books/DSS-Numbers-Linguistics.txt	1301209	5678	53e0a412b3b176d2851e4a0c4b44c2ad9ad6dea767bccc129b48a165732a1ac6	PARTLY_RECONSTRUCTED	41	39	23	3	13	25	3	0	0	0	0	0	0
L1594958-R001	biblical_book	Num	32	29		4Q23	1606668	f69	7	1594958				books/DSS-Numbers.txt	891918	5700	1965921-1965945	25	1	185658784ccdf05aac2e5c6aeeaa97ebc1340783ffe5b209ad34f11f1bfd956a	linguistics/books/DSS-Numbers-Linguistics.txt	1306887	10437	89783958d5062864d5ed42ff7d9da8e40dd9f519fb8f2c2fdc1ab56244320a1e	PARTLY_RECONSTRUCTED	68	64	45	4	15	45	4	0	1	0	0	0	0
L1594959-R001	biblical_book	Num	32	30		4Q23	1606668	f69	8	1594959				books/DSS-Numbers.txt	897618	3659	1965946-1965959	14	0	3cb5bdc61d0e8ae8587b2253d6b1cef16d9e91e48209b9228d84f4c33d852a63	linguistics/books/DSS-Numbers-Linguistics.txt	1317324	6013	4d95040dba1af974fc9b547e82db3cd9e9b4cf3cdf2287a64559559f613ae73d	PARTLY_RECONSTRUCTED	43	39	30	2	7	32	2	0	1	0	0	0	0
L1594959-R002	biblical_book	Num	32	31		4Q23	1606668	f69	8	1594959				books/DSS-Numbers.txt	901277	3059	1965960-1965968	9	1	6ea3b8b735684f7bfcea3fcb6c87c90eb27c50253867177d6b19f3669ebe76fe	linguistics/books/DSS-Numbers-Linguistics.txt	1323337	4043	8b06e236225a7ec9d8ef38a0312c6c06ad38db5f548b66e6a0c65fcd0dc8939b	PARTLY_RECONSTRUCTED	23	23	11	6	6	11	6	0	0	0	0	0	0
L1594960-R001	biblical_book	Num	32	31		4Q23	1606668	f69	9	1594960				books/DSS-Numbers.txt	904336	2659	1965969-1965977	9	0	e57d7d2a5f5053f5ddfcc804a7971fc6b8a248e80f58c5877b28d06bd267d4dc	linguistics/books/DSS-Numbers-Linguistics.txt	1327380	3994	15dc705c94768efb04c931cba75f2e211927d88e00e0822cc72946621bc60027	ALL_LETTER_SLOTS_RECONSTRUCTED	28	25	25	0	0	28	0	0	1	0	0	0	0
L1594960-R002	biblical_book	Num	32	32		4Q23	1606668	f69	9	1594960				books/DSS-Numbers.txt	906995	3259	1965978-1965987	10	1	10adcb634811efe7d16a7b2ab0ea29e5cfd4bc704d6ad5e57b8b21060d1cb507	linguistics/books/DSS-Numbers-Linguistics.txt	1331374	4546	e61cd5faa1b682fd68eb006030545fe94ccbd5bb280227281e27e23014ead2d2	PARTLY_RECONSTRUCTED	34	33	15	1	17	16	1	0	0	0	0	0	0
L1594961-R001	biblical_book	Num	32	32		4Q23	1606668	f69	10	1594961				books/DSS-Numbers.txt	910254	2339	1965988-1965994	7	0	bd938bb4ca94a942938a3527c99bc5960dad64310a5a54d77d157a5dfb6e6f0b	linguistics/books/DSS-Numbers-Linguistics.txt	1335920	3290	c58e07d8fb872d8b95eb51bf7da1d999e8642fbdc08f254e2066a50df1733adb	ALL_LETTER_SLOTS_RECONSTRUCTED	22	19	19	0	0	22	0	0	1	0	0	0	0
L1594961-R002	biblical_book	Num	32	33		4Q23	1606668	f69	10	1594961				books/DSS-Numbers.txt	912593	4364	1965995-1966012	18	1	bbecc811c54ad4270b4f7654f1d3233cb8736131ca6c72c67d2907ae373d02ab	linguistics/books/DSS-Numbers-Linguistics.txt	1339210	7625	b1ad26686332b363d8ea13bfc65ffcc094ce19c81634af1faf8dfb4e74da2bd1	PARTLY_RECONSTRUCTED	45	44	17	3	24	18	3	0	0	0	0	0	0
L1594962-R001	biblical_book	Num	32	33		4Q23	1606668	f69	11	1594962				books/DSS-Numbers.txt	916957	4889	1966013-1966034	22	1	29621711f46c3491540c19accfd483acbf3b82c8f13f200d4700926ee8ac0cc7	linguistics/books/DSS-Numbers-Linguistics.txt	1346835	9411	b8f81af23da1849d47d2d56f4eabc044b01b7334cf104917d098756d4b54db74	PARTLY_RECONSTRUCTED	59	58	36	2	20	36	2	0	0	0	0	0	0
L1594963-R001	biblical_book	Num	32	33		4Q23	1606668	f69	12	1594963				books/DSS-Numbers.txt	921846	1441	1966035-1966036	2	0	d8b8b192684cdb26bf385a31d23be9ac5a7334b2c857937458163878f5ed9718	linguistics/books/DSS-Numbers-Linguistics.txt	1356246	1167	0882bc551b8d1c4227a81682733caea23eda8346f29f5ccbe18709836241fe5c	ALL_LETTER_SLOTS_RECONSTRUCTED	6	4	4	0	0	6	0	0	1	0	0	0	0
L1594963-R002	biblical_book	Num	32	34		4Q23	1606668	f69	12	1594963				books/DSS-Numbers.txt	923287	3483	1966037-1966049	13	0	4bc26d78c77712faab29819d16bf48506da39f3a15624a8a609e03e66d99f596	linguistics/books/DSS-Numbers-Linguistics.txt	1357413	5653	64fcdaf894e30cc9c8054b3190fbc3214f3b58a4d4f67df53fc34a1dc68608e4	PARTLY_RECONSTRUCTED	32	30	11	7	12	11	7	0	1	0	0	0	0
L1594963-R003	biblical_book	Num	32	35		4Q23	1606668	f69	12	1594963				books/DSS-Numbers.txt	926770	3030	1966050-1966059	10	1	a229c649ca0ea4b19e56c1a84eb8b85e497593219f84a391cf2c9aaa48ba82ed	linguistics/books/DSS-Numbers-Linguistics.txt	1363066	4475	e140b532e7aed0aa5b483b84e35fd8b76cf25784d7f1d42677cd892247eba615	PARTLY_RECONSTRUCTED	26	24	13	1	10	15	1	0	1	0	0	0	0
L1594964-R001	biblical_book	Num	32	36		4Q23	1606668	f69	13	1594964				books/DSS-Numbers.txt	929800	3447	1966060-1966073	14	0	ffeab9b7a5e4c5fa52fcc587592c6b159f43d0e236a5da132821d2480ab3ff11	linguistics/books/DSS-Numbers-Linguistics.txt	1367541	6114	cdd46ba30d0d047371ec56464c808f5c9198abd7c416bf080337ed9970d48649	PARTLY_RECONSTRUCTED	36	34	15	5	14	15	5	0	1	0	0	0	0
L1594964-R002	biblical_book	Num	32	37		4Q23	1606668	f69	13	1594964				books/DSS-Numbers.txt	933247	2730	1966074-1966081	8	1	22c51ed6bf259ffe8352efd46d57b5057d0c0c9cc3aebc07eaf6555a17f6d4b7	linguistics/books/DSS-Numbers-Linguistics.txt	1373655	3688	7067fc102a1c36c5cf3a6937677d9481a445d000170b89fe5200e7096a009de0	PARTLY_RECONSTRUCTED	22	22	11	2	9	11	2	0	0	0	0	0	0
L1594965-R001	biblical_book	Num	32	37		4Q23	1606668	f69	14	1594965				books/DSS-Numbers.txt	935977	1910	1966082-1966086	5	0	16f255f21c7f7ffba851add78048646a39c3124cb82077447fd26fbad5577b7d	linguistics/books/DSS-Numbers-Linguistics.txt	1377343	2475	fa243842838a12fb13051528854eab219be2e7c9e80956d54a86dde70591c4ef	ALL_LETTER_SLOTS_RECONSTRUCTED	16	14	14	0	0	16	0	0	1	0	0	0	0
L1594965-R002	biblical_book	Num	32	38		4Q23	1606668	f69	14	1594965				books/DSS-Numbers.txt	937887	3977	1966087-1966102	16	1	9905e2271d53fc5590e7d4ea29cadf2b53f7f991bb61fb8c1b18d744345a08b0	linguistics/books/DSS-Numbers-Linguistics.txt	1379818	6805	493caec0820e5646c0572dce56d5200925eac827c10adfe87bbc9de22224feab	PARTLY_RECONSTRUCTED	40	40	25	2	13	25	2	0	0	0	0	0	0
L1594966-R001	biblical_book	Num	32	38		4Q23	1606668	f69	15	1594966				books/DSS-Numbers.txt	941864	2190	1966103-1966109	7	0	9d01032d5b116bb0ecb3c295f65bf07c4963638a239263e09111772122e79508	linguistics/books/DSS-Numbers-Linguistics.txt	1386623	3130	af1678552783cb0be0fbc50f2149135d8ab69e7c37c54d398e643f89d1b09b9f	ALL_LETTER_SLOTS_RECONSTRUCTED	19	17	17	0	0	19	0	0	1	0	0	0	0
L1594966-R002	biblical_book	Num	32	39		4Q23	1606668	f69	15	1594966				books/DSS-Numbers.txt	944054	4044	1966110-1966123	14	1	d7d99af9c675d3a3181a2481050df6f17a758e91070a405accc172072ef87f10	linguistics/books/DSS-Numbers-Linguistics.txt	1389753	6136	9d9f4cd47317fe07dca092218523ad639a941b6f533f180bdc78f1882872b77f	PARTLY_RECONSTRUCTED	42	40	26	5	9	26	6	0	0	0	0	0	0
L1594967-R001	biblical_book	Num	32	39		4Q23	1606668	f69	16	1594967				books/DSS-Numbers.txt	948098	1699	1966124-1966126	3	0	bc6846d5826ca7e44594d5ca63be50fc1d841484e908dc848c516de7a47eebfa	linguistics/books/DSS-Numbers-Linguistics.txt	1395889	1537	faf1d6c987b309ad991994bed98e5eb0a3e9cbc1d4d9c3e08ba5147c07fbf3cc	ALL_LETTER_SLOTS_RECONSTRUCTED	8	5	5	0	0	8	0	0	1	0	0	0	0
L1594967-R002	biblical_book	Num	32	40		4Q23	1606668	f69	16	1594967				books/DSS-Numbers.txt	949797	3283	1966127-1966140	14	0	318c8b64d8269d7ee748e9ffd933e77b0cb652f27e565375d93f53cbd92bff31	linguistics/books/DSS-Numbers-Linguistics.txt	1397426	5946	a65fe38342bae47a0f3d956b3faecbfff800cf52d8cdf482c55908ec80d84325	ALL_LETTER_SLOTS_RECONSTRUCTED	34	31	31	0	0	32	0	0	1	0	0	0	0
L1594967-R003	biblical_book	Num	32	41		4Q23	1606668	f69	16	1594967				books/DSS-Numbers.txt	953080	2511	1966141-1966147	7	1	a984a01b1b6af9165c8b3a53b78a937c724006a80602fffca657dd1dc237b046	linguistics/books/DSS-Numbers-Linguistics.txt	1403372	3228	edcc97bacce6d409c625a9d75b5135e89b79c68233583e8171bd2982b4bdaebd	PARTLY_RECONSTRUCTED	19	19	12	1	6	12	1	0	0	0	0	0	0
L1594968-R001	biblical_book	Num	32	41		4Q23	1606668	f69	17	1594968				books/DSS-Numbers.txt	955591	2663	1966148-1966155	8	0	f9eccf9fa12d6e9673f0562263749a69ff0dd98975e1f6b966928a30cbc3d9d6	linguistics/books/DSS-Numbers-Linguistics.txt	1406600	3649	811ff70e8d144fc1f7c5502d05e7b7a160c40fa65ce811b5ec6e639fa7fd3877	ALL_LETTER_SLOTS_RECONSTRUCTED	28	24	24	0	0	28	0	0	1	0	0	0	0
L1594968-R002	biblical_book	Num	32	42		4Q23	1606668	f69	17	1594968				books/DSS-Numbers.txt	958254	3921	1966156-1966169	14	1	a62a6b0583599427bfd1e3e10bcfa69963643d40c2db75e32afaab36d759d76f	linguistics/books/DSS-Numbers-Linguistics.txt	1410249	5871	e4d864b427cab8c771cf7d8eddcc546efb9fad203a02beb9d1f47358153b0e9e	PARTLY_RECONSTRUCTED	36	32	25	3	4	27	3	0	1	0	0	0	0
L1594969-R001	biblical_book	Num	33	5		4Q23	1606668	f70_71	1	1594969				books/DSS-Numbers.txt	962175	1990	1966170-1966172	3	1	a0ce60b898205422c84ce312face81206a7f119442f021032680203d483c006a	linguistics/books/DSS-Numbers-Linguistics.txt	1416120	1528	401c55d938effa262dbfae32b732641dbded45224763ecf478517cd3fc7e3b4b	NO_LETTER_SLOTS	9	0	0	0	0	3	5	1	3	0	0	0	0
L1594970-R001	biblical_book	Num	33	5		4Q23	1606668	f70_71	2	1594970				books/DSS-Numbers.txt	964165	1600	1966173-1966175	3	0	01215724f2c428156f994f2281832fe03af4731a01905df1573d6fa8350e97ef	linguistics/books/DSS-Numbers-Linguistics.txt	1417648	1553	25ab68b4b5ad42661088c793b5d42ae922bc095d97a954253711ecc0aaab8b20	PARTLY_RECONSTRUCTED	6	4	1	1	2	1	1	0	1	0	0	0	0
L1594970-R002	biblical_book	Num	33	6		4Q23	1606668	f70_71	2	1594970				books/DSS-Numbers.txt	965765	3359	1966176-1966189	14	0	452a0cdcbe16fa0a77b2f3ad712857607b756f6d15ac94ceefdabcf454283b64	linguistics/books/DSS-Numbers-Linguistics.txt	1419201	5937	2c332339217b3865873784bcc898de38fc5b627f116d8989d4c4e582da76fb84	PARTLY_RECONSTRUCTED	32	30	21	3	6	23	3	0	1	0	0	0	0
L1594970-R003	biblical_book	Num	33	7		4Q23	1606668	f70_71	2	1594970				books/DSS-Numbers.txt	969124	2865	1966190-1966199	10	1	d8d656c378838a2bcb9dc27a7b06b98424f8077ef09fc8ac2191688254da96db	linguistics/books/DSS-Numbers-Linguistics.txt	1425138	4319	34f950d4ba8d51003d41e0400ba3ba8e737e6405d19329f0614f492a718ba310	ALL_LETTER_SLOTS_RECONSTRUCTED	22	22	22	0	0	22	0	0	0	0	0	0	0
L1594971-R001	biblical_book	Num	33	7		4Q23	1606668	f70_71	3	1594971				books/DSS-Numbers.txt	971989	2957	1966200-1966210	11	0	50ec005e3547e594f7d76a6fb53947b78c4edf4bc9c2d94cb0971abde4183ead	linguistics/books/DSS-Numbers-Linguistics.txt	1429457	4899	64dd280e9791328d0c5295b6523f98ac88f6cc4bd5fbb58e874b8d60dbb6b6e2	PARTLY_RECONSTRUCTED	30	28	17	3	8	19	3	0	1	0	0	0	0
L1594971-R002	biblical_book	Num	33	8		4Q23	1606668	f70_71	3	1594971				books/DSS-Numbers.txt	974946	3576	1966211-1966224	14	1	a87bc13dc98afde14f3f53aa4dbbcd2c8ce66fed2883cc4ce0d082578c0a2973	linguistics/books/DSS-Numbers-Linguistics.txt	1434356	5945	b32227c926abb0c1a6f4154c188e0ccaac72ee901a51f93c288089142fa1975e	ALL_LETTER_SLOTS_RECONSTRUCTED	34	33	33	0	0	34	0	0	0	0	0	0	0
L1594972-R001	biblical_book	Num	33	8		4Q23	1606668	f70_71	4	1594972				books/DSS-Numbers.txt	978522	3334	1966225-1966237	13	0	fff1b9cb3295004bc8bf7cb88e067b2eb06b0574c0215a7d6113026c1665cf64	linguistics/books/DSS-Numbers-Linguistics.txt	1440301	5656	0dbdabbca8af59ccab9ea0a05f85773a4ed73bbd5ed92ca1e87341477e805f93	PARTLY_RECONSTRUCTED	35	33	22	5	6	24	5	0	1	0	0	0	0
L1594972-R002	biblical_book	Num	33	9		4Q23	1606668	f70_71	4	1594972				books/DSS-Numbers.txt	981856	3016	1966238-1966247	10	1	2ab0cf3f9a1afc17203853fa7bf9ed42aa2a89d204d64ec6560af4f4c4ca89a7	linguistics/books/DSS-Numbers-Linguistics.txt	1445957	4360	1e90b0386b89524e66ce81e21eda77d9dc1127fb56b6c52d3991ada384c40ce8	ALL_LETTER_SLOTS_RECONSTRUCTED	26	25	25	0	0	26	0	0	0	0	0	0	0
L1594973-R001	biblical_book	Num	33	9		4Q23	1606668	f70_71	5	1594973				books/DSS-Numbers.txt	984872	2549	1966248-1966253	6	1	f3fff006e754613cf44bb661ee9f86200ce076a190a2a03904f71196fcedbed3	linguistics/books/DSS-Numbers-Linguistics.txt	1450317	2843	119ace40f0818f7e198168ea1a110d74bc3347c6faf4ab2b067594ccf440d257	PARTLY_RECONSTRUCTED	19	15	14	1	0	16	1	1	2	0	0	0	0
L1594974-R001	biblical_book	Num	33	22		4Q23	1606668	f68ii	1	1594974				books/DSS-Numbers.txt	987421	2337	1966254-1966260	7	0	f31fab8f0eced0a8db4dda2640b0e50a0705572a193da4ccba411d0d89a8c83b	linguistics/books/DSS-Numbers-Linguistics.txt	1453160	3191	122234a9abc042867dea059a9107d8d4e814a4f96fb6c539ecc1695ff335d3ec	PARTLY_RECONSTRUCTED	18	16	12	3	1	14	3	0	1	0	0	0	0
L1594974-R002	biblical_book	Num	33	23		4Q23	1606668	f68ii	1	1594974				books/DSS-Numbers.txt	989758	2583	1966261-1966270	10	0	be456f5af1c6f617d6b8719410d9a4bb55ec01c3245e2763aa03ad59ada4f50c	linguistics/books/DSS-Numbers-Linguistics.txt	1456351	4316	2719c2b2a65508615b1c8938f3aee2083f8335706e2234036db239aa139dab0a	ALL_LETTER_SLOTS_RECONSTRUCTED	24	22	22	0	0	24	0	0	1	0	0	0	0
L1594974-R003	biblical_book	Num	33	24		4Q23	1606668	f68ii	1	1594974				books/DSS-Numbers.txt	992341	2902	1966271-1966280	10	1	933f4e74a596e29de19c6ee2e7e8cb68318d1b0d4cc02898d5c4373030e24079	linguistics/books/DSS-Numbers-Linguistics.txt	1460667	4304	4ff50cadfe0bd233951962d73ff11c6493166ff5276e7133922ceb775d9f8259	ALL_LETTER_SLOTS_RECONSTRUCTED	23	21	21	0	0	23	0	0	1	0	0	0	0
L1594975-R001	biblical_book	Num	33	25		4Q23	1606668	f68ii	2	1594975				books/DSS-Numbers.txt	995243	2535	1966281-1966289	9	0	b1095fcabc23c668537b3ea8e5510bb68394b7416fa596c4d5e77cf7d6a34cad	linguistics/books/DSS-Numbers-Linguistics.txt	1464971	3982	dc6c3f05f3d74b57d0a2e5e627660224278ee11c837baccad6cb3b4c99d00fa6	PARTLY_RECONSTRUCTED	23	21	12	1	8	14	1	0	1	0	0	0	0
L1594975-R002	biblical_book	Num	33	26		4Q23	1606668	f68ii	2	1594975				books/DSS-Numbers.txt	997778	2437	1966290-1966298	9	0	feb84825cfa6c690da155abb4af1696c53a71de985a4cc0c8374287109643c84	linguistics/books/DSS-Numbers-Linguistics.txt	1468953	3943	53b0939a854749ebf562e4fb314a012ed0fa22cc00b12231322583365c0e8b80	ALL_LETTER_SLOTS_RECONSTRUCTED	22	20	20	0	0	22	0	0	1	0	0	0	0
L1594975-R003	biblical_book	Num	33	27		4Q23	1606668	f68ii	2	1594975				books/DSS-Numbers.txt	1000215	2746	1966299-1966307	9	1	846091ee0ab832bd14b63aa9bd7e4c66c28bb528cd6d37c16cd29e5f49e6aa86	linguistics/books/DSS-Numbers-Linguistics.txt	1472896	3896	9ae690f760c6f7cb60d22df17916a4401c97498b15e96943ee3e30e3332e9ff8	ALL_LETTER_SLOTS_RECONSTRUCTED	20	18	18	0	0	20	0	0	1	0	0	0	0
L1594976-R001	biblical_book	Num	33	28		4Q23	1606668	f68ii	3	1594976				books/DSS-Numbers.txt	1002961	2507	1966308-1966316	9	0	110586d9bf8b003bc20061f790db23688030d7a49fdefe3d9cc91eebfe2c0829	linguistics/books/DSS-Numbers-Linguistics.txt	1476792	3922	8e0d9525b6217fe3b4277715e61444518d4344152a9a2f0ebce775f67a548ffd	PARTLY_RECONSTRUCTED	21	19	11	1	7	13	1	0	1	0	0	0	0
L1594976-R002	biblical_book	Num	33	29		4Q23	1606668	f68ii	3	1594976				books/DSS-Numbers.txt	1005468	2447	1966317-1966325	9	0	d1ffa382e25410fdcf01ac79ebe78b05576d8a628620b0ee107e6b85f7860763	linguistics/books/DSS-Numbers-Linguistics.txt	1480714	3962	53913ef8a7f2a4b9a8e07a40772615d0c465c3a41efabe703a8a86c854ca71d7	ALL_LETTER_SLOTS_RECONSTRUCTED	23	21	21	0	0	23	0	0	1	0	0	0	0
L1594976-R003	biblical_book	Num	33	30		4Q23	1606668	f68ii	3	1594976				books/DSS-Numbers.txt	1007915	2786	1966326-1966334	9	1	c79ff18f83d213d758b8c1b71e640a56227457f7ca4bc96b5b06681a09a1c525	linguistics/books/DSS-Numbers-Linguistics.txt	1484676	3989	3e6de0f4139a854c21e341bd822c9f9b4d0f7efb40fad103dffb3db1d6a442e1	ALL_LETTER_SLOTS_RECONSTRUCTED	24	22	22	0	0	24	0	0	1	0	0	0	0
L1594977-R001	biblical_book	Num	33	31		4Q23	1606668	f68ii	4	1594977				books/DSS-Numbers.txt	1010701	2851	1966335-1966344	10	0	a8d1160d33b426e6183392d29771c322ba7b0d2a528b982808a1769339ff9af9	linguistics/books/DSS-Numbers-Linguistics.txt	1488665	4438	f5e4394dc59917e8f076ad814c0d5e11cd0c559d5f988a7773eea876d35eb433	PARTLY_RECONSTRUCTED	26	24	11	5	8	13	5	0	1	0	0	0	0
L1594977-R002	biblical_book	Num	33	32		4Q23	1606668	f68ii	4	1594977				books/DSS-Numbers.txt	1013552	2863	1966345-1966356	12	0	f05848078b444eaa144569cd10489630386092cd41185fd57e9ac94c8bdf5661	linguistics/books/DSS-Numbers-Linguistics.txt	1493103	5172	157ad6716979b227f877c0d674020ba811ba97861203e476750275e6b335cb3f	ALL_LETTER_SLOTS_RECONSTRUCTED	28	26	26	0	0	28	0	0	1	0	0	0	0
L1594977-R003	biblical_book	Num	33	33		4Q23	1606668	f68ii	4	1594977				books/DSS-Numbers.txt	1016415	2283	1966357-1966362	6	1	41bce30c1e8672d00d49531ede2f0da5247cd3c69d817a075fd72e019cc3f0b2	linguistics/books/DSS-Numbers-Linguistics.txt	1498275	2786	1ef16fbf011774fdd06bb636ccda58a9c5d14ef269e93eb2bf0a3037cdfb5d9a	ALL_LETTER_SLOTS_RECONSTRUCTED	13	13	13	0	0	13	0	0	0	0	0	0	0
L1594978-R001	biblical_book	Num	33	33		4Q23	1606668	f68ii	5	1594978				books/DSS-Numbers.txt	1018698	1823	1966363-1966367	5	0	3c984197d88908386c0a92678241fc1564320c6305f40b961845b33328c0ba13	linguistics/books/DSS-Numbers-Linguistics.txt	1501061	2359	9eca81f853f7bc79a855f3f177889ccc4a4371f7bd8c64d7d60fd1efc508d355	NO_LETTER_RECONSTRUCTION_MARKED	13	11	0	0	11	0	0	0	1	0	0	0	0
L1594978-R002	biblical_book	Num	33	34		4Q23	1606668	f68ii	5	1594978				books/DSS-Numbers.txt	1020521	2767	1966368-1966376	9	1	314c4a7cb991ba769fd47e989b8d11e202d923507450f29a2575434979cf06ce	linguistics/books/DSS-Numbers-Linguistics.txt	1503420	3991	cb2df463299f1f365193b665548d2efa0a362a4b99dd6a262e26c5841edd2af7	PARTLY_RECONSTRUCTED	24	22	17	0	5	19	0	0	1	0	0	0	0
L1594979-R001	biblical_book	Num	33	52		4Q23	1606668	f72_73	1	1594979				books/DSS-Numbers.txt	1023288	3660	1966377-1966389	13	1	812c6778eb0b9b57ca12929e74eb441f62cc96793bdc1733d07016cda749ebc5	linguistics/books/DSS-Numbers-Linguistics.txt	1507411	5533	7754c7f0e3e614e43ec7cd25875afe542e848dd646f230e92270aa24a6a40350	PARTLY_RECONSTRUCTED	36	33	31	1	1	34	1	1	1	0	0	0	0
L1594980-R001	biblical_book	Num	33	52		4Q23	1606668	f72_73	2	1594980				books/DSS-Numbers.txt	1026948	3886	1966390-1966403	14	0	9be87f809727492e7cc2d8b1519f567c3b73f6a13b8f2c28c4a2adaca89e4903	linguistics/books/DSS-Numbers-Linguistics.txt	1512944	6131	e84aa10d0331d9fa1c6524169fb07986995f1a29772486f770024b6d361a6517	PARTLY_RECONSTRUCTED	47	42	32	3	7	36	3	0	1	0	0	0	0
L1594980-R002	biblical_book	Num	33	53		4Q23	1606668	f72_73	2	1594980				books/DSS-Numbers.txt	1030834	1742	1966404-1966405	2	1	6985e31fca737bac6008dac64bf380cad000b914b77ade3fe745f567540181be	linguistics/books/DSS-Numbers-Linguistics.txt	1519075	1185	af32d9c3e05e460b5a6a5427ceac0cf3f0fa91d62b6d288252b0c5aeaa05a2e9	ALL_LETTER_SLOTS_RECONSTRUCTED	7	7	7	0	0	7	0	0	0	0	0	0	0
L1594981-R001	biblical_book	Num	33	53		4Q23	1606668	f72_73	3	1594981				books/DSS-Numbers.txt	1032576	3920	1966406-1966421	16	0	d2c2694a51ec539739be1ea373c63361b3564775c4c57dbace27de511fac6568	linguistics/books/DSS-Numbers-Linguistics.txt	1520260	6653	016de35434a7d1d2a63ff7a5f48b48e9ae46c514b074199679b83de4c3641192	PARTLY_RECONSTRUCTED	41	36	25	1	10	28	1	0	1	0	0	0	0
L1594981-R002	biblical_book	Num	33	54		4Q23	1606668	f72_73	3	1594981				books/DSS-Numbers.txt	1036496	1901	1966422-1966424	3	1	1e17217b73b4cd0bb3c4edf61426bd9194ef11c88f44963fda1a79cb6dbb6e0c	linguistics/books/DSS-Numbers-Linguistics.txt	1526913	1581	f49b07bfd5d7e690cf885e2b7a71eb595d997c50e975b68858dc231c25dea4e9	ALL_LETTER_SLOTS_RECONSTRUCTED	10	10	10	0	0	10	0	0	0	0	0	0	0
L1594982-R001	biblical_book	Num	33	54		4Q23	1606668	f72_73	4	1594982				books/DSS-Numbers.txt	1038397	4958	1966425-1966442	18	1	7764ada41e03261bc50f7c3cf5fd2d97f5ff62f5ba44e59c7c42a514507504ba	linguistics/books/DSS-Numbers-Linguistics.txt	1528494	7775	76541783676e0faec581446ae97d5b51e6c1f0501510da3e3b769f41dd7c7854	PARTLY_RECONSTRUCTED	54	51	37	7	7	39	7	0	0	0	0	0	0
L1594983-R001	biblical_book	Num	33	54		4Q23	1606668	f72_73	5	1594983				books/DSS-Numbers.txt	1043355	3456	1966443-1966452	10	1	03df39a172544c0230e4ae6aa3a81c9a84924d8bfadc556cb3d1b06a73e2c6ab	linguistics/books/DSS-Numbers-Linguistics.txt	1536269	4306	0b3c8c3540277a6cfb4fae0ea98fb3f3203b84b55dd1126648e85acca6578552	PARTLY_RECONSTRUCTED	29	22	18	1	3	22	1	1	2	0	0	0	0
L1594984-R001	biblical_book	Num	35	4		4Q23	1606668	f74	1	1594984				books/DSS-Numbers.txt	1046811	4487	1966453-1966471	19	1	45590e72877521b1b5b47acabf5c19a1a9147cd8b0a2cd1961996a78ffa04f79	linguistics/books/DSS-Numbers-Linguistics.txt	1540575	7956	bf1b4ee2722c83c9c5175e22c6c8fa9b2c01bec346e17f4fb2108bbfd1eaeac8	PARTLY_RECONSTRUCTED	51	46	39	2	5	42	2	1	2	0	0	0	0
L1594985-R001	biblical_book	Num	35	5		4Q23	1606668	f74	2	1594985				books/DSS-Numbers.txt	1051298	3678	1966472-1966484	13	1	b478da3213c2bf2d3779c3e5fd63fb6712d82b7ed4e1476ab00193e86980e572	linguistics/books/DSS-Numbers-Linguistics.txt	1548531	5565	be0a5658d75464f4419421e1b18adbbdbe9b41715880d5fa9baf5c6cdf72f9f2	PARTLY_RECONSTRUCTED	34	31	23	3	5	25	3	0	1	0	0	0	0
L1595331-R001	biblical_book	Num	11	31		4Q27	1606675	f1_4	1	1595331				books/DSS-Numbers.txt	1055026	2899	1971406-1971415	10	0	c3d9c6d9e8a18b42adbbe8cc8a6dbc010dec3d4303154a3dfec124f70dc1ca03	linguistics/books/DSS-Numbers-Linguistics.txt	1554146	4376	2450fc18407407d4e9ede8f910cec130df4020d301afc0d95d1d4baf9745f71f	PARTLY_RECONSTRUCTED	24	21	7	3	11	8	3	0	2	0	0	0	0
L1595331-R002	biblical_book	Num	11	32		4Q27	1606675	f1_4	1	1595331				books/DSS-Numbers.txt	1057925	3405	1971416-1971429	14	1	ab9138a695f22df44633a6df8dc792e4d629ba4f25393a9d245971a0b81cf2a6	linguistics/books/DSS-Numbers-Linguistics.txt	1558522	5838	c69d6ac2d9743e65a23f8ccd0687b633ff164e82b686a598d52c4cd03cae9a76	PARTLY_RECONSTRUCTED	32	32	17	1	14	17	1	0	0	0	0	0	0
L1595332-R001	biblical_book	Num	11	32		4Q27	1606675	f1_4	2	1595332				books/DSS-Numbers.txt	1061330	4200	1971430-1971447	18	1	d67149d5d84690cc311589774e88c8922acf1d9db31ab8d1036a9a0051d0285a	linguistics/books/DSS-Numbers-Linguistics.txt	1564360	7581	d808903af24a68b077ee4db5c893fb98075b42bb583dd49c82b8bfea345c556c	PARTLY_RECONSTRUCTED	52	52	19	3	30	19	3	0	0	0	0	0	0
L1595333-R001	biblical_book	Num	11	32		4Q27	1606675	f1_4	3	1595333				books/DSS-Numbers.txt	1065530	2495	1971448-1971453	6	0	3b20ef310551fbd6490eef900745ebacb22c8dafbe736977dacdf80c4edc46d6	linguistics/books/DSS-Numbers-Linguistics.txt	1571941	2835	6243854624b5c2b23e75f21c2100897ac2b7ee512346a43d9653987e0687ef88	PARTLY_RECONSTRUCTED	22	19	4	5	10	4	5	0	1	0	0	0	0
L1595333-R002	biblical_book	Num	11	33		4Q27	1606675	f1_4	3	1595333				books/DSS-Numbers.txt	1068025	3375	1971454-1971463	10	1	81e8e6f4c2138b14fa7871e7189a39fd0f29be50ceeeb88d5d4474aaecc7397f	linguistics/books/DSS-Numbers-Linguistics.txt	1574776	4463	7fbb1118b5328846fe2cb1d8ca55d02dee781de1c5ec17f0591079e02e0c578d	PARTLY_RECONSTRUCTED	33	31	16	2	13	17	2	0	0	0	0	0	0
L1595334-R001	biblical_book	Num	11	33		4Q27	1606675	f1_4	4	1595334				books/DSS-Numbers.txt	1071400	3221	1971464-1971475	12	0	4b99924de5c80678ab7e9bf13a2edde65406f274aba2393a7a93543a0ec0d9c9	linguistics/books/DSS-Numbers-Linguistics.txt	1579239	5118	dd0f35c073ef9d87660ff6dc449538bdfea7d1b355722aac52a69256d806b3fc	PARTLY_RECONSTRUCTED	30	27	10	4	13	10	4	0	1	0	0	0	0
L1595334-R002	biblical_book	Num	11	34		4Q27	1606675	f1_4	4	1595334				books/DSS-Numbers.txt	1074621	2691	1971476-1971483	8	1	fcca3c2a1fc63b47d7e0017fe7709612b404dd3b4edae7e37c879a0b935a1897	linguistics/books/DSS-Numbers-Linguistics.txt	1584357	3526	c35f3eee12f0bfec31a86b8d7d5b48787937e5b6009bf00b219238a5cd893ae1	PARTLY_RECONSTRUCTED	19	19	16	1	2	16	1	0	0	0	0	0	0
L1595335-R001	biblical_book	Num	11	34		4Q27	1606675	f1_4	5	1595335				books/DSS-Numbers.txt	1077312	2977	1971484-1971495	12	0	5f0e7b3c1cfed8d4727325d35ba05fcfb09282077a07cc6d5f8bb5b19ef320bb	linguistics/books/DSS-Numbers-Linguistics.txt	1587883	5167	d20be599f000dfd8311e857f4c0b48941c993754bfd06dd5a89478610a005ee0	PARTLY_RECONSTRUCTED	33	31	29	0	2	31	0	0	1	0	0	0	0
L1595335-R002	biblical_book	Num	11	35		4Q27	1606675	f1_4	5	1595335				books/DSS-Numbers.txt	1080289	2474	1971496-1971502	7	1	3fb33da1412c7d238552d8fc5e2e8fe224572646dc7c2f63f7e2b2be31b73fa9	linguistics/books/DSS-Numbers-Linguistics.txt	1593050	3222	be27de554a72051e69d13a6097f0853879cf1081ae1a7c6643133160d643b275	PARTLY_RECONSTRUCTED	17	17	10	1	6	10	1	0	0	0	0	0	0
L1595336-R001	biblical_book	Num	11	35		4Q27	1606675	f1_4	6	1595336				books/DSS-Numbers.txt	1082763	2611	1971503-1971507	5	2	9547a542d6461f7446c52ca815ce7cdf78a1e132f950dbee0c811a2afc1ef447	linguistics/books/DSS-Numbers-Linguistics.txt	1596272	2352	b3ffe63174e62015ce1cf6c3218716583da343143f89810841c37dcd57e77fd3	PARTLY_RECONSTRUCTED	13	11	8	1	2	10	1	0	1	0	0	0	0
L1595337-R001	biblical_book	Num	12	1		4Q27	1606675	f1_4	7	1595337				books/DSS-Numbers.txt	1085374	4278	1971508-1971524	17	1	deb38db61b300714b219f01a7eb231b230bcff6390419b68aa5f77f23b52fb9f	linguistics/books/DSS-Numbers-Linguistics.txt	1598624	7342	65a5132c11b3a77b919787e11a7c1330a620e9ef820661469bda47541b852a75	PARTLY_RECONSTRUCTED	48	48	32	6	10	32	6	0	0	0	0	0	0
L1595338-R001	biblical_book	Num	12	1		4Q27	1606675	f1_4	8	1595338				books/DSS-Numbers.txt	1089652	1883	1971525-1971528	4	0	d26b4937f53171cdb50a0c466f8df867de5b2eac6067cf61b80e231d9c267b00	linguistics/books/DSS-Numbers-Linguistics.txt	1605966	2007	e36cd7bf28a147d7e085349076b670418ac62eb82bb78e03175d7367fc99372c	PARTLY_RECONSTRUCTED	14	12	9	1	2	11	1	0	1	0	0	0	0
L1595338-R002	biblical_book	Num	12	2		4Q27	1606675	f1_4	8	1595338				books/DSS-Numbers.txt	1091535	4009	1971529-1971544	16	1	97dd941b312e4926596ffe5128eb27d6dab688ccf8397b316911a6e5248691c1	linguistics/books/DSS-Numbers-Linguistics.txt	1607973	6694	dff16d7c2f60ee9b85007d9d8adba45c8f182f2a2954671de9cec0c8f43526e6	PARTLY_RECONSTRUCTED	42	41	21	3	17	21	3	0	0	0	0	0	0
L1595339-R001	biblical_book	Num	12	2		4Q27	1606675	f1_4	9	1595339				books/DSS-Numbers.txt	1095544	2113	1971545-1971549	5	0	89202b4dc682bde622418b70045d2ac86f58a2488aab8d6aa826f1de291adaa1	linguistics/books/DSS-Numbers-Linguistics.txt	1614667	2314	31ac89f49bbb1b955ed824a8e28a4578d4ae0833d40d8fedf278f47416f492ad	PARTLY_RECONSTRUCTED	14	11	8	1	2	11	1	0	1	0	0	0	0
L1595339-R002	biblical_book	Num	12	3		4Q27	1606675	f1_4	9	1595339				books/DSS-Numbers.txt	1097657	4025	1971550-1971565	16	1	2f56e32cba923644bf7360efd92135b8467f87216c711a47eace251d24173fe8	linguistics/books/DSS-Numbers-Linguistics.txt	1616981	6751	dd69e439f1dd555f3d3603da20fe21f97bf70f818955150ec8fc11c827983ad1	PARTLY_RECONSTRUCTED	41	38	23	2	13	24	2	0	1	0	0	0	0
L1595340-R001	biblical_book	Num	12	4		4Q27	1606675	f1_4	10	1595340				books/DSS-Numbers.txt	1101682	3928	1971566-1971580	15	1	2d38891adb1019e73fdebbe51598c8963d7d7aef003329815cd1511b5f970efe	linguistics/books/DSS-Numbers-Linguistics.txt	1623732	6492	318148006944f10df94975f520c59d4046485925ecca6780838107c59141753c	PARTLY_RECONSTRUCTED	49	48	34	2	12	34	2	0	0	0	0	0	0
L1595341-R001	biblical_book	Num	12	4		4Q27	1606675	f1_4	11	1595341				books/DSS-Numbers.txt	1105610	2691	1971581-1971589	9	0	84d2c418f94c53e8e4a7824a87422b071199938ef8298f0ad0604903da904a82	linguistics/books/DSS-Numbers-Linguistics.txt	1630224	4040	bf14931718f4482efa00b9c03088c63a428b5d8384943fd7a633fe9e4225514c	ALL_LETTER_SLOTS_RECONSTRUCTED	32	29	29	0	0	32	0	0	1	0	0	0	0
L1595341-R002	biblical_book	Num	12	5		4Q27	1606675	f1_4	11	1595341				books/DSS-Numbers.txt	1108301	2730	1971590-1971597	8	1	12acfad0845020ee049af30b255bdb4d5ed6bc33936dc4a62032f4136cc972e2	linguistics/books/DSS-Numbers-Linguistics.txt	1634264	3588	d8af971141b6af9079f12b12f6ada4d6bc4748a790736a8d64c3eb5cfadf5afc	PARTLY_RECONSTRUCTED	22	22	8	3	11	8	3	0	0	0	0	0	0
L1595342-R001	biblical_book	Num	12	5		4Q27	1606675	f1_4	12	1595342				books/DSS-Numbers.txt	1111031	3125	1971598-1971609	12	0	6ef0af163c01810022c38941d197e23752f04d5ed511fa4958241fe03075bece	linguistics/books/DSS-Numbers-Linguistics.txt	1637852	5289	6765d7e21969cd34dc271393765e13064e87ef0104bcc47c51ee83b1b19fc895	ALL_LETTER_SLOTS_RECONSTRUCTED	39	36	36	0	0	39	0	0	1	0	0	0	0
L1595342-R002	biblical_book	Num	12	6		4Q27	1606675	f1_4	12	1595342				books/DSS-Numbers.txt	1114156	2347	1971610-1971613	4	1	ecb7aca0ef958f689c225a30fb52cd17d67e5464b8bdb6f9505709e8a9c7ba78	linguistics/books/DSS-Numbers-Linguistics.txt	1643141	2009	de637384fc21ac06146811d2964523d3c6413c92f5944993fea8cc02d9a05415	PARTLY_RECONSTRUCTED	16	15	2	1	12	2	1	0	0	0	0	0	0
L1595343-R001	biblical_book	Num	12	6		4Q27	1606675	f1_4	13	1595343				books/DSS-Numbers.txt	1116503	4584	1971614-1971629	16	1	fbf740db4bbdb69f2cdfb9fdcb283215eca80bf128cf70742a7d285c9afad8a7	linguistics/books/DSS-Numbers-Linguistics.txt	1645150	6860	398fd35128779fcf97f84c87d302e5432a83c391ee406824f5066aec35537222	PARTLY_RECONSTRUCTED	55	49	42	1	6	45	1	0	1	0	0	0	0
L1595344-R001	biblical_book	Num	12	7		4Q27	1606675	f1_4	14	1595344				books/DSS-Numbers.txt	1121087	2948	1971630-1971639	10	0	3e0eec6a516df0db4a8ec89806e8eb074ec7fa4b2fdbfc21a55bf2a688b226e5	linguistics/books/DSS-Numbers-Linguistics.txt	1652010	4414	2bb695332b6ad0442afd66cee6a73f574f85d1f572eaff088f1a018d113f33b1	ALL_LETTER_SLOTS_RECONSTRUCTED	33	29	29	0	0	33	0	0	1	0	0	0	0
L1595344-R002	biblical_book	Num	12	8		4Q27	1606675	f1_4	14	1595344				books/DSS-Numbers.txt	1124035	2837	1971640-1971648	9	1	70a647d7d351f053502d43b20f7c5fd9ab703998e97a52953b7dcc30c0a61d5f	linguistics/books/DSS-Numbers-Linguistics.txt	1656424	3944	2d12967db457e39c7cc57952ce6386f2ca35bf97144f14bfacf5453b589c9582	PARTLY_RECONSTRUCTED	22	21	10	2	9	10	2	0	0	0	0	0	0
L1595345-R001	biblical_book	Num	12	8		4Q27	1606675	f1_4	15	1595345				books/DSS-Numbers.txt	1126872	3934	1971649-1971665	17	0	573563f97a658e4aa80fcbdfd344b8d67f1a4675bb4104643acb79058f4e7079	linguistics/books/DSS-Numbers-Linguistics.txt	1660368	7237	49143f24813e699ea68fdcceee8d69218338538820914958b0c0e08f99c984d3	PARTLY_RECONSTRUCTED	50	47	41	4	2	41	4	0	1	0	0	0	0
L1595345-R002	biblical_book	Num	12	9		4Q27	1606675	f1_4	15	1595345				books/DSS-Numbers.txt	1130806	1827	1971666-1971668	3	1	c9f2cec3b5fe7913cf9c1ee5f65796b9b3aae7be6cbd738ca6184399b280627d	linguistics/books/DSS-Numbers-Linguistics.txt	1667605	1541	aa87f776ccaa3b5b867e11b9c66b8ea2a3bc53f1878e4c55e3bd1c4484d738ea	NO_LETTER_RECONSTRUCTION_MARKED	6	6	0	0	6	0	0	0	0	0	0	0	0
L1595346-R001	biblical_book	Num	12	9		4Q27	1606675	f1_4	16	1595346				books/DSS-Numbers.txt	1132633	1993	1971669-1971673	5	0	4b48de165a5d275566ba7a915f7074fede4ccab4efc3a7ae2dffa37f634027e0	linguistics/books/DSS-Numbers-Linguistics.txt	1669146	2291	cbe7030e9546b79aae6b1a7b9689f1c5c822ae8c5142853c61cdd0a7b22f4ec8	ALL_LETTER_SLOTS_RECONSTRUCTED	13	10	10	0	0	13	0	0	1	0	0	0	0
L1595346-R002	biblical_book	Num	12	10		4Q27	1606675	f1_4	16	1595346				books/DSS-Numbers.txt	1134626	4080	1971674-1971691	18	1	b0d41d650363eee283676e476e22d0100028fedf12f1fd7994ffa93f70f2c492	linguistics/books/DSS-Numbers-Linguistics.txt	1671437	7545	95c6ad36553041b835c5f36987263752bc324073e645050ab154a2a94d243546	PARTLY_RECONSTRUCTED	44	44	30	1	13	30	1	0	0	0	0	0	0
L1595347-R001	biblical_book	Num	12	10		4Q27	1606675	f1_4	17	1595347				books/DSS-Numbers.txt	1138706	1912	1971692-1971696	5	0	b4ecb94bbd2fd55330e15986aa82755c6490c098e2b7823aad4616abc8113e03	linguistics/books/DSS-Numbers-Linguistics.txt	1678982	2398	4edd72f98af5151aab0c0e83597c9b22a9112288fd5c2bc782e93be2cb18bada	ALL_LETTER_SLOTS_RECONSTRUCTED	16	14	14	0	0	16	0	0	1	0	0	0	0
L1595347-R002	biblical_book	Num	12	11		4Q27	1606675	f1_4	17	1595347				books/DSS-Numbers.txt	1140618	3827	1971697-1971708	12	1	d2c9b64a38b0476cef034fb5339f5aeae3df444b68e88fb2b10f2ae88101a6c7	linguistics/books/DSS-Numbers-Linguistics.txt	1681380	5229	90b1d675d885d2a7d711f517368338e207d9bbcb81ca8b9e8d250b535eaa99df	PARTLY_RECONSTRUCTED	41	36	35	1	0	38	1	0	1	0	0	0	0
L1595348-R001	biblical_book	Num	13	7		4Q27	1606675	f3ii+5	1	1595348				books/DSS-Numbers.txt	1144445	2702	1971709-1971716	8	0	78626b3828603e35fb5357845340a08c89da075793e592ac4e113fd8748c2eae	linguistics/books/DSS-Numbers-Linguistics.txt	1686609	3668	22ab0ce19de3c4a73148a827afbbfc22a8ca1f1f9c4b6081a18313bb8c69c2b2	PARTLY_RECONSTRUCTED	23	19	5	6	8	9	6	1	2	0	0	0	0
L1595348-R002	biblical_book	Num	13	8		4Q27	1606675	f3ii+5	1	1595348				books/DSS-Numbers.txt	1147147	1710	1971717-1971718	2	1	0a275414b3dd9169eade5e1245c7bac40ab133dd480e8551b2a2f3f7b5418877	linguistics/books/DSS-Numbers-Linguistics.txt	1690277	1174	ab3fa00df6490ea8d328aa094b3113bf96e3cac02cdccdce836f8960b6947cf8	ALL_LETTER_SLOTS_RECONSTRUCTED	4	4	4	0	0	4	0	0	0	0	0	0	0
L1595349-R001	biblical_book	Num	13	8		4Q27	1606675	f3ii+5	2	1595349				books/DSS-Numbers.txt	1148857	1922	1971719-1971723	5	0	268424d795f56e8c0d336555e93308786e081276cfb3b257edafbff3d998cf70	linguistics/books/DSS-Numbers-Linguistics.txt	1691451	2454	0586b24681e5320521248dfdc75f45ee351d8dc77f772518151b98ca33ad493f	ALL_LETTER_SLOTS_RECONSTRUCTED	16	14	14	0	0	16	0	0	1	0	0	0	0
L1595349-R002	biblical_book	Num	13	9		4Q27	1606675	f3ii+5	2	1595349				books/DSS-Numbers.txt	1150779	2206	1971724-1971730	7	0	e8424df5d07969195ebaee103d405783b3f8c115b31cab633f7aeea0697b102c	linguistics/books/DSS-Numbers-Linguistics.txt	1693905	3307	368993b3a43391477e10614a8ad0580be4252570495976d2bacea4f39f8d46a0	ALL_LETTER_SLOTS_RECONSTRUCTED	22	20	20	0	0	20	0	0	1	0	0	0	0
L1595349-R003	biblical_book	Num	13	10		4Q27	1606675	f3ii+5	2	1595349				books/DSS-Numbers.txt	1152985	2245	1971731-1971735	5	1	f424f4b1e7d42cef6fc9fac54f7d8431a131e96bc8d27eccb161a3c029218252	linguistics/books/DSS-Numbers-Linguistics.txt	1697212	2563	fdf5df90aa14c01a9d7daff810aed8b2f1618bd96535a0f55a7fb206c22f7461	PARTLY_RECONSTRUCTED	17	17	4	0	13	4	0	0	0	0	0	0	0
L1595350-R001	biblical_book	Num	13	10		4Q27	1606675	f3ii+5	3	1595350				books/DSS-Numbers.txt	1155230	1541	1971736-1971737	2	0	ee248501a7ff7b277994c4d2d6c2272a7a3968d8116e62cc795123218a012542	linguistics/books/DSS-Numbers-Linguistics.txt	1699775	1167	744ceaee545bbda9673e11e38ee93168388aa55bf8b53cfa3c8698ab663a0104	NO_LETTER_RECONSTRUCTION_MARKED	6	4	0	1	3	0	1	0	1	0	0	0	0
L1595350-R002	biblical_book	Num	13	11		4Q27	1606675	f3ii+5	3	1595350				books/DSS-Numbers.txt	1156771	2777	1971738-1971747	10	0	fec0ccf44b36d07076b3e5667bcf2996b7394139c1ad74428ab802310ab3007c	linguistics/books/DSS-Numbers-Linguistics.txt	1700942	4503	2064c55f94577cec3c4070a2cf08b1183926b2c9852c50bf047f7a4f6faee4e2	PARTLY_RECONSTRUCTED	27	25	22	3	0	24	3	0	1	0	0	0	0
L1595350-R003	biblical_book	Num	13	12		4Q27	1606675	f3ii+5	3	1595350				books/DSS-Numbers.txt	1159548	2339	1971748-1971754	7	0	840eb3e7dfa9933fc29925b6e5718fc533ebd51c6d208f362d665aae301ac0f4	linguistics/books/DSS-Numbers-Linguistics.txt	1705445	3267	44adf255fc20bd18bf11d5a01cc62083e319dfc97655ec7993650a339d4aaf57	PARTLY_RECONSTRUCTED	19	17	6	2	9	6	2	0	1	0	0	0	0
L1595350-R004	biblical_book	Num	13	13		4Q27	1606675	f3ii+5	3	1595350				books/DSS-Numbers.txt	1161887	1898	1971755-1971757	3	1	7ea411f21e8d12a098800c0252a3424bd1ee8a6d91572700a20e324aa4ab4e9b	linguistics/books/DSS-Numbers-Linguistics.txt	1708712	1605	ae8734f7777ac30114212df9536899405825804cdfeff6349e11252b47c254b6	PARTLY_RECONSTRUCTED	7	7	5	0	2	5	0	0	0	0	0	0	0
L1595351-R001	biblical_book	Num	13	13		4Q27	1606675	f3ii+5	4	1595351				books/DSS-Numbers.txt	1163785	2005	1971758-1971761	4	0	e4933429701e35643aa30fd5d8b18c6651a9b0b647153cc627f7bf84b2cc445e	linguistics/books/DSS-Numbers-Linguistics.txt	1710317	2044	b204967a6ceaade7bce1001aea2a1745be7db74e91cffa9aff4e9ff8d0156a8f	PARTLY_RECONSTRUCTED	14	11	2	2	7	5	2	0	2	0	0	0	0
L1595351-R002	biblical_book	Num	13	14		4Q27	1606675	f3ii+5	4	1595351				books/DSS-Numbers.txt	1165790	2209	1971762-1971768	7	0	9daf84229b6ac0a377de2f15e6ed264dbb4a43bdf6a166f1dcce2ba6cf35b169	linguistics/books/DSS-Numbers-Linguistics.txt	1712361	3296	97a3aef3afe88b7266f69dde41e4865e86112489951d3a138721ef622fd30a7a	ALL_LETTER_SLOTS_RECONSTRUCTED	21	19	19	0	0	21	0	0	1	0	0	0	0
L1595351-R003	biblical_book	Num	13	15		4Q27	1606675	f3ii+5	4	1595351				books/DSS-Numbers.txt	1167999	2351	1971769-1971775	7	0	69bc7c02eb6b561220e9f662ea92dafdba89a53c03ec4243a02e0e5b2fb90306	linguistics/books/DSS-Numbers-Linguistics.txt	1715657	3238	cdc20c16c18f05d7b5acc7bd6c5381b44bf79544c92dde00a56b21730e0c87d5	PARTLY_RECONSTRUCTED	19	16	8	2	6	9	2	0	2	0	0	0	0
L1595351-R004	biblical_book	Num	13	16		4Q27	1606675	f3ii+5	4	1595351				books/DSS-Numbers.txt	1170350	1740	1971776-1971777	2	1	a820f5841a06d00531418e25203cf42e7fdff768e176f02b6ea06ea4e4bb5857	linguistics/books/DSS-Numbers-Linguistics.txt	1718895	1229	e4d2ee35a8a852184874a7c7e0dce53c9e14c48ddd3398482405f489647d09b9	PARTLY_RECONSTRUCTED	7	7	4	0	3	4	0	0	0	0	0	0	0
L1595352-R001	biblical_book	Num	13	16		4Q27	1606675	f3ii+5	5	1595352				books/DSS-Numbers.txt	1172090	4596	1971778-1971796	19	1	a8a4f829e97343b2f94104e0987a8b5a88980fca77c178f3ef478693dc5a149b	linguistics/books/DSS-Numbers-Linguistics.txt	1720124	8125	27f3a3004bc1bf10651c80cfc4922224016039f19d6309f0238399bf10a9b8e4	PARTLY_RECONSTRUCTED	55	53	32	3	18	32	3	0	1	0	0	0	0
L1595353-R001	biblical_book	Num	13	17		4Q27	1606675	f3ii+5	6	1595353				books/DSS-Numbers.txt	1176686	4712	1971797-1971815	19	1	d2a4786e4bcf26f898128cdafa4850c23c17d502cd9333e8606b1d4629deaa1e	linguistics/books/DSS-Numbers-Linguistics.txt	1728249	8027	ee3132fb671f2339a78093a174515e954c65eeb4faa9ba4f29e2a3fa54d2e6bc	PARTLY_RECONSTRUCTED	57	55	32	3	20	33	3	0	0	0	0	0	0
L1595354-R001	biblical_book	Num	13	17		4Q27	1606675	f3ii+5	7	1595354				books/DSS-Numbers.txt	1181398	1516	1971816-1971818	3	0	8e8c329b7c09ee493737ec4e2b9c159293d50759542105703816c78dfaa9796d	linguistics/books/DSS-Numbers-Linguistics.txt	1736276	1474	fd4aaa5e47f9b9fe03afc48791405f87435b25dc5beebe37c8d97dae3d2db3f3	NO_LETTER_RECONSTRUCTION_MARKED	5	3	0	0	3	0	0	0	1	0	0	0	0
L1595354-R002	biblical_book	Num	13	18		4Q27	1606675	f3ii+5	7	1595354				books/DSS-Numbers.txt	1182914	4552	1971819-1971837	19	1	c38a5f0af384e8ebe4a2e523db8f3c9801873b2b3ebb9c4e3d75c7b691d8e24a	linguistics/books/DSS-Numbers-Linguistics.txt	1737750	7884	ed0cae135e55b6d9fb3d4152d95e9e74a44bb316fa596b2fa9bd02222e50f710	PARTLY_RECONSTRUCTED	48	47	28	3	16	28	3	0	0	0	0	0	0
L1595355-R001	biblical_book	Num	13	18		4Q27	1606675	f3ii+5	8	1595355				books/DSS-Numbers.txt	1187466	2881	1971838-1971847	10	0	d8fb9eb6a569562580f76ec646da10c91dd9ef500b55abd96a7ac97c84ebdc9a	linguistics/books/DSS-Numbers-Linguistics.txt	1745634	4318	d2ab8943517bde53b731d7d16c171c842caa3628a1d40da1cbaffb679ac994af	PARTLY_RECONSTRUCTED	26	24	15	2	7	17	2	0	1	0	0	0	0
L1595355-R002	biblical_book	Num	13	19		4Q27	1606675	f3ii+5	8	1595355				books/DSS-Numbers.txt	1190347	2881	1971848-1971855	8	1	e4e9fd2dc42b5d5cf5887522da12c3f19ac51549a0af2a92c758c7274901dc68	linguistics/books/DSS-Numbers-Linguistics.txt	1749952	3573	97bc2c493d4480c59a0556760583746f4bd90191081160b93d5d51eb4bebb5eb	PARTLY_RECONSTRUCTED	21	20	11	1	8	12	1	0	0	0	0	0	0
L1595356-R001	biblical_book	Num	13	19		4Q27	1606675	f3ii+5	9	1595356				books/DSS-Numbers.txt	1193228	4620	1971856-1971873	18	1	618798f4243621125e03677678b359a0b1c53f6e077766cdc8c8f3573e3b4b17	linguistics/books/DSS-Numbers-Linguistics.txt	1753525	7571	5dc81c8d4e51dc46463de922a05e76f9739ce0f70fabb5bfbbb42296d67b805e	PARTLY_RECONSTRUCTED	51	49	29	6	14	30	6	0	1	0	0	0	0
L1595357-R001	biblical_book	Num	13	19		4Q27	1606675	f3ii+5	10	1595357				books/DSS-Numbers.txt	1197848	2084	1971874-1971878	5	0	959a2f499db636b7e66ac181906eb73ee29cc9735beee74b885b2a2432805dd8	linguistics/books/DSS-Numbers-Linguistics.txt	1761096	2346	7da8f53501c3befbe1127626b96c9016d0bcecfb78aba16cf6578901b3aff038	PARTLY_RECONSTRUCTED	12	10	3	2	5	5	2	0	1	0	0	0	0
L1595357-R002	biblical_book	Num	13	20		4Q27	1606675	f3ii+5	10	1595357				books/DSS-Numbers.txt	1199932	4148	1971879-1971896	18	1	eb014d105d4f19e2a903c0327f62eb723a55f420693331a34f9a70f2a1f55682	linguistics/books/DSS-Numbers-Linguistics.txt	1763442	7427	ea994c399eb76a10b88eeaa5508e27ae87bb10ac0e096dfdc41e8181871cf5a7	PARTLY_RECONSTRUCTED	40	39	25	1	13	25	1	0	0	0	0	0	0
L1595358-R001	biblical_book	Num	13	20		4Q27	1606675	f3ii+5	11	1595358				books/DSS-Numbers.txt	1204080	4241	1971897-1971913	17	1	00e4d6140c97294a8bdfa12c935d41444516cc160d6125d4c6eada9eab58cd0a	linguistics/books/DSS-Numbers-Linguistics.txt	1770869	7223	ae99371eb434cb5a39033487840cdc2d84c51396c713d402c2174e0a0ab9c8fb	PARTLY_RECONSTRUCTED	53	50	16	2	32	17	2	0	1	0	0	0	0
L1595359-R001	biblical_book	Num	13	21		4Q27	1606675	f3ii+5	12	1595359				books/DSS-Numbers.txt	1208321	3983	1971914-1971930	17	0	176a46ef4eb2bc0113dd240fad61ec607961f7ce08c4dbea51bc58cc7fcf2c3b	linguistics/books/DSS-Numbers-Linguistics.txt	1778092	7176	c323abc74f21f437c830ce7a3849901692f8c0bee8a58bdb4676d5728da05e2e	PARTLY_RECONSTRUCTED	48	45	10	3	32	13	3	0	1	0	0	0	0
L1595359-R002	biblical_book	Num	13	22		4Q27	1606675	f3ii+5	12	1595359				books/DSS-Numbers.txt	1212304	2005	1971931-1971934	4	1	f43d6d84052d1bc4fe3a42e871a76d258f485afcd3b32e2a0267a8613022fa49	linguistics/books/DSS-Numbers-Linguistics.txt	1785268	1963	5726519f40f4f85e48c596543c4b2046a9a33e0dada0dca31f7442a95951ec02	ALL_LETTER_SLOTS_RECONSTRUCTED	9	9	9	0	0	9	0	0	0	0	0	0	0
L1595360-R001	biblical_book	Num	13	22		4Q27	1606675	f3ii+5	13	1595360				books/DSS-Numbers.txt	1214309	4297	1971935-1971950	16	1	f83fed1c67dd5adae01580af9394ccc0f46da5435196c8c33a6d3ee20f46b36d	linguistics/books/DSS-Numbers-Linguistics.txt	1787231	7116	675226e4ae13a49c70fa6469a5924cce0df59f307df58e4806dfd4f333c81f31	PARTLY_RECONSTRUCTED	52	51	25	3	23	25	3	0	0	0	0	0	0
L1595361-R001	biblical_book	Num	13	22		4Q27	1606675	f3ii+5	14	1595361				books/DSS-Numbers.txt	1218606	2015	1971951-1971956	6	0	6d5d7bf26a7b599775c46b7d70bc47bbb8c49a5cd51dd794d35d2f501908f7ed	linguistics/books/DSS-Numbers-Linguistics.txt	1794347	2836	a29361b31a5747d51fda60f1eed75e17e0f19f078accaea945c133c0d2bd449f	NO_LETTER_RECONSTRUCTION_MARKED	19	17	0	0	17	0	0	0	1	0	0	0	0
L1595361-R002	biblical_book	Num	13	23		4Q27	1606675	f3ii+5	14	1595361				books/DSS-Numbers.txt	1220621	3490	1971957-1971968	12	1	2a2a866df7b623420cafcca2c72db6226221e27aac30a2945297ceaa4678b8ee	linguistics/books/DSS-Numbers-Linguistics.txt	1797183	5213	c4f2f3524f42de8861dff1eb1d384c6c095b4822e499400f8fd9c1b3a6cb7acc	PARTLY_RECONSTRUCTED	36	35	31	1	3	32	1	0	0	0	0	0	0
L1595362-R001	biblical_book	Num	13	23		4Q27	1606675	f3ii+5	15	1595362				books/DSS-Numbers.txt	1224111	4030	1971969-1971987	19	0	3367a0d32caa271c70019f6a6bfd690b4438b6784d500d441f2c42adb48070a2	linguistics/books/DSS-Numbers-Linguistics.txt	1802396	8018	a1b89fbc35db3a4bcd78b7b8227f04fc6c80539266df6580e06ca4a6744b91ab	PARTLY_RECONSTRUCTED	52	49	28	1	20	30	1	0	1	0	0	0	0
L1595362-R002	biblical_book	Num	13	24		4Q27	1606675	f3ii+5	15	1595362				books/DSS-Numbers.txt	1228141	1725	1971988-1971989	2	1	707815f74fb4797f2ba96f86c29ea68c3003c18b51fc2ef3a1540637a5d198f6	linguistics/books/DSS-Numbers-Linguistics.txt	1810414	1192	ce89ce34eb824f2cbf09eaeac406b163faa3249204ac13528ecc41f0d379106d	ALL_LETTER_SLOTS_RECONSTRUCTED	5	5	5	0	0	5	0	0	0	0	0	0	0
L1595363-R001	biblical_book	Num	13	24		4Q27	1606675	f3ii+5	16	1595363				books/DSS-Numbers.txt	1229866	4067	1971990-1972006	17	1	5a81567766308b4a1ee97dbabe5afdd80b80cbe0653567ee7ffd7d1b6c12e22a	linguistics/books/DSS-Numbers-Linguistics.txt	1811606	7341	04ed33139529b7d4fc116860d177401b1a0334cdf9793ef22700975e6fc29832	PARTLY_RECONSTRUCTED	51	47	23	1	23	27	1	1	2	0	0	0	0
L1595364-R001	biblical_book	Num	15	41		4Q27	1606675	f6_10	11	1595364				books/DSS-Numbers.txt	1233933	2579	1972007-1972008	2	2	07a39f369b6e3ccc4bd470ca434af9c4d4ae01488d71724c2b7d3fa8599f8c2b	linguistics/books/DSS-Numbers-Linguistics.txt	1818947	1246	7aac11c2819b0ba0ece548976224a3517a3802abf4f6f0321694d39e1f9cc775	PARTLY_RECONSTRUCTED	11	8	4	3	1	7	3	0	1	0	0	0	0
L1595365-R001	biblical_book	Num	16	1		4Q27	1606675	f6_10	12	1595365				books/DSS-Numbers.txt	1236512	4364	1972009-1972026	18	1	2dc18428b58f9c35fcf8d7e3b374f2b2f9e7162f283777168bdb8388d12bac72	linguistics/books/DSS-Numbers-Linguistics.txt	1820193	7776	f69c53f85bbe0b3aa44458307253110e2182f1982441dff7054c198bf915563d	PARTLY_RECONSTRUCTED	49	49	26	5	20	26	5	0	0	0	0	0	0
L1595366-R001	biblical_book	Num	16	1		4Q27	1606675	f6_10	13	1595366				books/DSS-Numbers.txt	1240876	1963	1972027-1972030	4	0	429d8d0a4169b4d87e93303abf253271ca2f85e0d7691c77cf9315cc0dc1f88b	linguistics/books/DSS-Numbers-Linguistics.txt	1827969	2041	ae25f620a2da30cfb4e025f11a908ad2e5c793f2f51b755d21206fbdc863dec9	PARTLY_RECONSTRUCTED	12	10	3	3	4	3	3	0	1	0	0	0	0
L1595366-R002	biblical_book	Num	16	2		4Q27	1606675	f6_10	13	1595366				books/DSS-Numbers.txt	1242839	4420	1972031-1972045	15	1	ad604584ce96bef3c77818443bb881eb63cf2bcf6ddd797990c832781b195d49	linguistics/books/DSS-Numbers-Linguistics.txt	1830010	6675	ed6b564672985e5f3535396671d27b05aa2554ad9f022b9f4db2b67140f10deb	PARTLY_RECONSTRUCTED	48	48	21	6	21	21	6	0	0	0	0	0	0
L1595367-R001	biblical_book	Num	16	2		4Q27	1606675	f6_10	14	1595367				books/DSS-Numbers.txt	1247259	2068	1972046-1972051	6	0	7e8044d236f62a4b3770096ad58dfca9afde002c207532753dbb852d922503e8	linguistics/books/DSS-Numbers-Linguistics.txt	1836685	2782	8d0ec68e374d5e08d617f9b05a96bc6962edd383f798f55aa9cfa2db2c909d9f	PARTLY_RECONSTRUCTED	18	16	3	1	12	3	1	0	1	0	0	0	0
L1595367-R002	biblical_book	Num	16	3		4Q27	1606675	f6_10	14	1595367				books/DSS-Numbers.txt	1249327	4026	1972052-1972064	13	1	3e5dded62160f84fa1f13c53460b1b3d3a3f9aa24652b6ecbfa100bbd69a4640	linguistics/books/DSS-Numbers-Linguistics.txt	1839467	5638	9ba013435ba99a7ca5193fc41f1cafbddd259ce0d550fbaf6dbaa3d02e58a37c	PARTLY_RECONSTRUCTED	43	41	17	4	20	18	4	0	0	0	0	0	0
L1595368-R001	biblical_book	Num	16	3		4Q27	1606675	f6_10	15	1595368				books/DSS-Numbers.txt	1253353	3895	1972065-1972080	16	0	886c150e13decd6d31bdecea423a15f1503c0921518d34d1c199c07e693f25e9	linguistics/books/DSS-Numbers-Linguistics.txt	1845105	6862	f172ce6bd559f48ec16273a9673a6ee93c17ae0662a471b2731911a6d2c6a85b	PARTLY_RECONSTRUCTED	52	48	25	2	21	27	2	0	1	0	0	0	0
L1595368-R002	biblical_book	Num	16	4		4Q27	1606675	f6_10	15	1595368				books/DSS-Numbers.txt	1257248	1885	1972081-1972083	3	1	b43927a0453740c9380402538044713b9f7b4c1c0d6ff0b211bc70eaf66512c4	linguistics/books/DSS-Numbers-Linguistics.txt	1851967	1585	b46784f3804e6f48baaa981c754125849676a635eb170807bb92fb1bdfa31f29	ALL_LETTER_SLOTS_RECONSTRUCTED	9	9	9	0	0	9	0	0	0	0	0	0	0
L1595369-R001	biblical_book	Num	16	4		4Q27	1606675	f6_10	16	1595369				books/DSS-Numbers.txt	1259133	2094	1972084-1972088	5	0	155178c15fc0ac3733c803849cb4c42f1d8d4188123f460f5d751981fb5c773f	linguistics/books/DSS-Numbers-Linguistics.txt	1853552	2348	7612b01a0166b3648c47e887af45ffaf0e2584e8039da6ff738fb84ec2c9e04a	PARTLY_RECONSTRUCTED	14	11	1	2	8	1	2	0	1	0	0	0	0
L1595369-R002	biblical_book	Num	16	5		4Q27	1606675	f6_10	16	1595369				books/DSS-Numbers.txt	1261227	3900	1972089-1972104	16	1	e7b58dc06f0b14296f2d01558afc938d283f490b11d56378f963ff2466631605	linguistics/books/DSS-Numbers-Linguistics.txt	1855900	6755	cd74f91d0a4f68acaf95e452baef5f69ea16508c7207f9e024b308fba0ecb729	PARTLY_RECONSTRUCTED	43	42	28	0	14	29	0	0	0	0	0	0	0
L1595370-R001	biblical_book	Num	16	5		4Q27	1606675	f6_10	17	1595370				books/DSS-Numbers.txt	1265127	4026	1972105-1972119	15	0	caf5d00cd748002fdb02db6e540e7beeac5422c1a58d62348038fb491e77a6c3	linguistics/books/DSS-Numbers-Linguistics.txt	1862655	6286	cedc048874daad7e2311e3521fb67c04a388fe12f70b776261688554127543b9	PARTLY_RECONSTRUCTED	45	39	20	2	17	25	2	0	1	0	0	0	0
L1595370-R002	biblical_book	Num	16	6		4Q27	1606675	f6_10	17	1595370				books/DSS-Numbers.txt	1269153	1909	1972120-1972122	3	1	b165f42d88f5b8482c9121b46da424eedba2fdb1cceaf4c543bd4528f70dcbd7	linguistics/books/DSS-Numbers-Linguistics.txt	1868941	1588	81b74f24bd78b78e7466123adf646ad7be4c035c4d5e2074417d461387a25310	ALL_LETTER_SLOTS_RECONSTRUCTED	10	10	10	0	0	10	0	0	0	0	0	0	0
L1595371-R001	biblical_book	Num	16	6		4Q27	1606675	f6_10	18	1595371				books/DSS-Numbers.txt	1271062	2549	1972123-1972129	7	0	0dd435e4e34310d802dfad78135a4cb3bf322694a416b67d2937abad7edaf2e9	linguistics/books/DSS-Numbers-Linguistics.txt	1870529	3224	21d4dce12c6bb8db11a4b564b72b56315aca940993dfc6fa5347f1b1b7f3392e	PARTLY_RECONSTRUCTED	25	21	6	1	14	7	1	0	1	0	0	0	0
L1595371-R002	biblical_book	Num	16	7		4Q27	1606675	f6_10	18	1595371				books/DSS-Numbers.txt	1273611	3206	1972130-1972139	10	1	4947d2fc3aa7048c5231d62cb879ad41868ddd90d5b98a351de0cbcb38735c93	linguistics/books/DSS-Numbers-Linguistics.txt	1873753	4406	b74edaf37d59f61e4b9b889ffe1a7e8ce3cefc58d3ddbfbce8b73b7395c83748	PARTLY_RECONSTRUCTED	32	30	26	0	4	28	0	0	0	0	0	0	0
L1595372-R001	biblical_book	Num	16	7		4Q27	1606675	f6_10	19	1595372				books/DSS-Numbers.txt	1276817	4354	1972140-1972156	17	1	e086d2002f84022f8af4487edd02b406d4972c57bce376d3d2b1afe2e75dc270	linguistics/books/DSS-Numbers-Linguistics.txt	1878159	7152	a85560512f2db98003945aa76e2b586ed498ccf5b8032cde8bb9f403cfdf1229	PARTLY_RECONSTRUCTED	50	47	41	2	4	44	2	0	1	0	0	0	0
L1595374-R001	biblical_book	Num	16	8		4Q27	1606675	f6_10	21	1595374				books/DSS-Numbers.txt	1281171	3349	1972157-1972170	14	0	5cccca195c097fde859dd2abfe527a3c50c6b6810b102ac46af268787ad9abad	linguistics/books/DSS-Numbers-Linguistics.txt	1885311	5956	516588e94a3b7d3995556cbb126efca9678265cf02b6e21ef6b974516dad42dc	PARTLY_RECONSTRUCTED	41	38	23	0	15	25	0	0	1	0	0	0	0
L1595374-R002	biblical_book	Num	16	9		4Q27	1606675	f6_10	21	1595374				books/DSS-Numbers.txt	1284520	2165	1972171-1972174	4	1	01eafb224ca6377c3f51e3d4d109f62d69b34d5dcdd91e226b7c739cfaf24a7c	linguistics/books/DSS-Numbers-Linguistics.txt	1891267	1977	2fc6f34e2eb66adb22cae19a2605d51979b83190a7f90b7ce90a2ef887e60562	ALL_LETTER_SLOTS_RECONSTRUCTED	12	11	11	0	0	12	0	0	0	0	0	0	0
L1595375-R001	biblical_book	Num	16	9		4Q27	1606675	f6_10	22	1595375				books/DSS-Numbers.txt	1286685	4624	1972175-1972189	15	1	df1fe51e4180b22f2bb871f08f4e64ce0117d8271407612b4a95097120516d92	linguistics/books/DSS-Numbers-Linguistics.txt	1893244	6721	17eb6e166599d229c4970bf06aacc0448866e10c65adbe126ae1f78c0eef664b	PARTLY_RECONSTRUCTED	59	56	41	4	11	43	4	0	0	0	0	0	0
L1595376-R001	biblical_book	Num	16	9		4Q27	1606675	f6_10	23	1595376				books/DSS-Numbers.txt	1291309	3073	1972190-1972201	12	0	e526a077a3bfb598bdb772125c5a2138cbbc634c6af24d8b440f60d30371a207	linguistics/books/DSS-Numbers-Linguistics.txt	1899965	5106	4fdebb671fd7fbb7c2a1f540c647811ef836f411958535b8d220856d28fd5bae	PARTLY_RECONSTRUCTED	30	27	22	1	4	22	1	0	1	0	0	0	0
L1595376-R002	biblical_book	Num	16	10		4Q27	1606675	f6_10	23	1595376				books/DSS-Numbers.txt	1294382	3288	1972202-1972210	9	1	49ee8265a8409e8ea48e41c7de9c49f6d172918414769c20f4b4a66d8e5b4067	linguistics/books/DSS-Numbers-Linguistics.txt	1905071	4016	40edae189ea65ca7b9e534bf935c95d7be7a4762e9144c1da491f8998d26e1a0	PARTLY_RECONSTRUCTED	29	27	14	4	9	15	4	0	0	0	0	0	0
L1595377-R001	biblical_book	Num	16	10		4Q27	1606675	f6_10	24	1595377				books/DSS-Numbers.txt	1297670	2208	1972211-1972216	6	0	38c7b2f810e846cc544bb41c7994dc8a69f0bcb6c600f3c1a84b9d2371ccedce	linguistics/books/DSS-Numbers-Linguistics.txt	1909087	2810	493377e2db4a471ccee4f506473e9bd6a83b50ccd7109d256982ec8e3f4c21c8	ALL_LETTER_SLOTS_RECONSTRUCTED	20	17	17	0	0	20	0	0	1	0	0	0	0
L1595377-R002	biblical_book	Num	16	11		4Q27	1606675	f6_10	24	1595377				books/DSS-Numbers.txt	1299878	3661	1972217-1972229	13	1	69d0988af5fa372e74cb1c4f3885c9e8a4daf3fd91da6fd3486d428e92d595e4	linguistics/books/DSS-Numbers-Linguistics.txt	1911897	5574	f7d1ec511bbbb525b71559893a426b69c05341051232d72257b24a15bf45b747	PARTLY_RECONSTRUCTED	37	34	27	5	2	27	5	0	1	0	0	0	0
L1595378-R001	biblical_book	Num	16	14		4Q27	1606675	f6_10	28	1595378				books/DSS-Numbers.txt	1303539	3374	1972230-1972243	14	0	0e72bd57c7446077d9686d0368dd25c63bd7e20df4a0b5de08e17e97fd3bc15c	linguistics/books/DSS-Numbers-Linguistics.txt	1917471	5957	96d4af06f877fd9bedeae2cb852753d7a8ac3ba877aa73216ab5a161479bc263	PARTLY_RECONSTRUCTED	39	37	33	2	2	35	2	0	1	0	0	0	0
L1595378-R002	biblical_book	Num	16	15		4Q27	1606675	f6_10	28	1595378				books/DSS-Numbers.txt	1306913	2757	1972244-1972251	8	1	424c02ac086e1f0b7efd860a6055bea131ee813fcac2bfc8790f631895a2a383	linguistics/books/DSS-Numbers-Linguistics.txt	1923428	3562	bdb823bf507ab93423184affc260f4cc7ce340ebff785dd7c4bda82a706d9e6d	ALL_LETTER_SLOTS_RECONSTRUCTED	23	22	22	0	0	23	0	0	0	0	0	0	0
L1595379-R001	biblical_book	Num	16	15		4Q27	1606675	f6_10	29	1595379				books/DSS-Numbers.txt	1309670	4989	1972252-1972268	17	2	035b31c446669ce273506ed92118467f20a9b9be3681242bee9cc29ff924bc43	linguistics/books/DSS-Numbers-Linguistics.txt	1926990	7270	d36fd1429ee375855768d7f2bff071d40286426b463871de7c99b9c1a15e3cfa	PARTLY_RECONSTRUCTED	57	52	49	1	2	53	1	0	1	0	0	0	0
L1595380-R001	biblical_book	Num	16	16		4Q27	1606675	f6_10	30	1595380				books/DSS-Numbers.txt	1314659	4850	1972269-1972288	20	1	27fefb39a4befb095a33867eb74d2eef6bb935d535074e6781d64a988b0639c1	linguistics/books/DSS-Numbers-Linguistics.txt	1934260	8419	623a559258ddf5842f1a78d15ae4d212b8617ce048971539e7574276dc7b4613	PARTLY_RECONSTRUCTED	58	55	50	2	3	53	2	0	1	0	0	0	0
L1595381-R001	biblical_book	Num	17	12		4Q27	1606675	f11	6	1595381				books/DSS-Numbers.txt	1319509	4557	1972289-1972308	20	1	21c6fd6d49764e5560b26c6b3eae39c50a4f7aa56ae5e4f86eafa664220f897e	linguistics/books/DSS-Numbers-Linguistics.txt	1942679	8362	e6b6e4c3b607f33baeb13687ba50bb8a536f75a80d62abc9f62735154439731b	PARTLY_RECONSTRUCTED	48	48	36	3	9	36	3	0	0	0	0	0	0
L1595382-R001	biblical_book	Num	17	12		4Q27	1606675	f11	7	1595382				books/DSS-Numbers.txt	1324066	2709	1972309-1972319	11	0	ab073afae7277653f6039c8daecf2895ce58960849e8437f6fd06c67ccdb10b4	linguistics/books/DSS-Numbers-Linguistics.txt	1951041	4606	eb9f6c556d1a8a3b2c62b46b1bf3ef6ecb1c0268048e948f2102304c6b348321	ALL_LETTER_SLOTS_RECONSTRUCTED	24	22	22	0	0	24	0	0	1	0	0	0	0
L1595382-R002	biblical_book	Num	17	13		4Q27	1606675	f11	7	1595382				books/DSS-Numbers.txt	1326775	3265	1972320-1972330	11	1	b7e038e533bf1415b7a4dc4dfc9a4ca095a66a65d72e609c90a2435c53f35f25	linguistics/books/DSS-Numbers-Linguistics.txt	1955647	4730	bbf38203ec9497e36ac56c5c13bc328e4dea70974e1fce24b8b035b57b6faa17	PARTLY_RECONSTRUCTED	28	28	15	3	10	15	3	0	0	0	0	0	0
L1595383-R001	biblical_book	Num	17	13		4Q27	1606675	f11	8	1595383				books/DSS-Numbers.txt	1330040	2118	1972331-1972337	7	0	bc53dbfff56b11f8d5108cfc3ba79a7a29a5a9a63f12e3af9a7a4fc1befc3313	linguistics/books/DSS-Numbers-Linguistics.txt	1960377	3078	63e2ba2346773ff360db14dc0c515db09ebc1794c4e76e1b4d9c737cf049453c	ALL_LETTER_SLOTS_RECONSTRUCTED	14	12	12	0	0	14	0	0	1	0	0	0	0
L1595383-R002	biblical_book	Num	17	14		4Q27	1606675	f11	8	1595383				books/DSS-Numbers.txt	1332158	3524	1972338-1972349	12	1	fb0f3b4045da35f9ae71f0dddcbca3730aeee47e6e52a084d2653abbd524e8a1	linguistics/books/DSS-Numbers-Linguistics.txt	1963455	5324	4003a3aa764d54309e77c026f357fe2a91d31a02b63848510cfbef500a29e571	PARTLY_RECONSTRUCTED	34	34	22	3	9	22	3	0	0	0	0	0	0
L1595384-R001	biblical_book	Num	17	14		4Q27	1606675	f11	9	1595384				books/DSS-Numbers.txt	1335682	2428	1972350-1972358	9	0	ec87f2c3ba0f2d585df1517bc18ebae4085ffce7fe5fc5a32af4efeba6161454	linguistics/books/DSS-Numbers-Linguistics.txt	1968779	3875	461da9e582709fd4295daf4165f53b847e4bc0e63c2adcbe3f3569393842ec17	ALL_LETTER_SLOTS_RECONSTRUCTED	20	18	18	0	0	20	0	0	1	0	0	0	0
L1595384-R002	biblical_book	Num	17	15		4Q27	1606675	f11	9	1595384				books/DSS-Numbers.txt	1338110	2921	1972359-1972367	9	1	c45696cb60dc4ebbcf5c3407bec6b530c5e7a0743528c36986a627b9f88cf5a4	linguistics/books/DSS-Numbers-Linguistics.txt	1972654	4095	ee9635fbe0882bab7c1be0476f3a305465cfd988bbe7325d63da29c69153f81d	PARTLY_RECONSTRUCTED	29	29	22	1	6	22	1	0	0	0	0	0	0
L1595385-R001	biblical_book	Num	17	15		4Q27	1606675	f11	10	1595385				books/DSS-Numbers.txt	1341031	2834	1972368-1972372	5	3	682610421692fa525bea75cfc28a1979e7f2d8f26a00513e906d975e7e38ff06	linguistics/books/DSS-Numbers-Linguistics.txt	1976749	2335	506f2df2c534114f76530ef5801e5f82d97ee98957b53c2512ede4886601f25c	ALL_LETTER_SLOTS_RECONSTRUCTED	13	11	11	0	0	13	0	0	1	0	0	0	0
L1595386-R001	biblical_book	Num	17	16		4Q27	1606675	f11	11	1595386				books/DSS-Numbers.txt	1343865	2375	1972373-1972380	8	0	32e61078bf231c3e79b41635034e4a70ac392cb6d39d2cc6478e659905ead374	linguistics/books/DSS-Numbers-Linguistics.txt	1979084	3520	9a6be8e0c93b81b9b86dff6647d29112bc1967dcdaa0ced0aa6200fd7b02849c	PARTLY_RECONSTRUCTED	22	20	19	1	0	19	1	0	1	0	0	0	0
L1595386-R002	biblical_book	Num	17	17		4Q27	1606675	f11	11	1595386				books/DSS-Numbers.txt	1346240	3193	1972381-1972390	10	1	340e5c4a46d96b4626c4e693e96e35d59f7af97f6799189ea54f53c3335063be	linguistics/books/DSS-Numbers-Linguistics.txt	1982604	4472	0bf42c5a8a08d48fe2280b0ebddb2d3dbf0a2397082259b0ca3aea2344702fb9	PARTLY_RECONSTRUCTED	27	26	18	1	7	19	1	0	0	0	0	0	0
L1595387-R001	biblical_book	Num	17	17		4Q27	1606675	f11	12	1595387				books/DSS-Numbers.txt	1349433	4670	1972391-1972407	17	1	d7b71da330feae659d859fff1bdd72a88e28ca1efe17c8d0e6eb6dea3dd57a55	linguistics/books/DSS-Numbers-Linguistics.txt	1987076	7304	5acaccbf23b758e37c1239e4b5eb5b67cb55c8966c9e85a5d176bb627124c831	PARTLY_RECONSTRUCTED	52	47	35	4	8	37	4	0	1	0	0	0	0
L1595388-R001	biblical_book	Num	18	25		4Q27	1606675	f12	1	1595388				books/DSS-Numbers.txt	1354103	1656	1972408-1972410	3	0	e4c9256fc7e8639f412b51ba0b0ed282223f9706f3ed9f6299e3619a3a636fca	linguistics/books/DSS-Numbers-Linguistics.txt	1994380	1519	1853870ea300f6c462308f6af9a9e96d6537ad1eaf5c594c85eeb8e097fd813e	PARTLY_RECONSTRUCTED	7	5	3	1	1	3	1	0	1	0	0	0	0
L1595388-R002	biblical_book	Num	18	26		4Q27	1606675	f12	1	1595388				books/DSS-Numbers.txt	1355759	3952	1972411-1972425	15	1	5b36c45f7d2129108e7fc322b78524e524c4af096f1decc0cf09f8cf012b1838	linguistics/books/DSS-Numbers-Linguistics.txt	1995899	6316	3d02dd317e964e9c8465d171d4ec6146fa68dc7cddb7f6d90cdaa6a0ba749117	PARTLY_RECONSTRUCTED	43	42	25	2	15	26	2	0	0	0	0	0	0
L1595389-R001	biblical_book	Num	18	26		4Q27	1606675	f12	2	1595389				books/DSS-Numbers.txt	1359711	4335	1972426-1972439	14	1	1c279e7d5cac0d9236ad14b0f63a2dd3229150ad2971f393d9ab97dbc4595097	linguistics/books/DSS-Numbers-Linguistics.txt	2002215	6179	fd2c619989160ad9e41d2f29e2f3f42260df686e5e3b41160f911923916a60ad	PARTLY_RECONSTRUCTED	52	48	25	3	20	28	3	0	0	0	0	0	0
L1595390-R001	biblical_book	Num	18	26		4Q27	1606675	f12	3	1595390				books/DSS-Numbers.txt	1364046	2194	1972440-1972446	7	0	b8810ed5e8f3f4101b256adba0c854eb8835f018550b8dde7a503f895365096c	linguistics/books/DSS-Numbers-Linguistics.txt	2008394	3236	93e63ac95a717c4bfeca4465fe197168e31ad2988828fa21c8163235d4216553	PARTLY_RECONSTRUCTED	20	18	1	1	16	1	1	0	1	0	0	0	0
L1595390-R002	biblical_book	Num	18	27		4Q27	1606675	f12	3	1595390				books/DSS-Numbers.txt	1366240	3311	1972447-1972455	9	1	969ba297342d4a62912b4f1fd66252f63ab384532dd91959c9360cd1b1f47f0a	linguistics/books/DSS-Numbers-Linguistics.txt	2011630	4082	3f597c0fc813bbccb9bc2fc6ce98ca142f6f068b81917231650ff8ca2466adc9	PARTLY_RECONSTRUCTED	30	28	21	5	2	22	5	0	0	0	0	0	0
L1595391-R001	biblical_book	Num	18	27		4Q27	1606675	f12	4	1595391				books/DSS-Numbers.txt	1369551	2137	1972456-1972462	7	0	7b2f71f76cb5feadf5bf6417420a27af07b7e6ddbb7247bf7188b1a294415312	linguistics/books/DSS-Numbers-Linguistics.txt	2015712	3089	a138f1d52a41d0571ece57395bd7816cb5157733cf2caf811e9f506d5c9267fe	PARTLY_RECONSTRUCTED	14	12	2	1	9	2	1	0	1	0	0	0	0
L1595391-R002	biblical_book	Num	18	28		4Q27	1606675	f12	4	1595391				books/DSS-Numbers.txt	1371688	3519	1972463-1972473	11	1	0f731ef298433132c3dc5c17573f83cac7b0c8a0030c5a98bd56d528a27f0da1	linguistics/books/DSS-Numbers-Linguistics.txt	2018801	5033	9c328805559517bb3c713203ac75b3566f7c5c3ae77104e553b8b91764910a39	PARTLY_RECONSTRUCTED	43	42	27	2	13	28	2	0	0	0	0	0	0
L1595392-R001	biblical_book	Num	18	28		4Q27	1606675	f12	5	1595392				books/DSS-Numbers.txt	1375207	3688	1972474-1972488	15	0	59f1e557855be3096b6fec8bf1467d4669b7edcbb15d89aceda7324cb520d760	linguistics/books/DSS-Numbers-Linguistics.txt	2023834	6479	ab987b5aa19f9461be07b102dfbc7da66545f1c910a120386acf0415eb7c13f9	PARTLY_RECONSTRUCTED	45	42	21	2	19	23	2	0	1	0	0	0	0
L1595392-R002	biblical_book	Num	18	29		4Q27	1606675	f12	5	1595392				books/DSS-Numbers.txt	1378895	2061	1972489-1972491	3	1	a7a26fcad37e77277d86f7ade91de9e83f8fde827d28a49e64160f21b082a0a4	linguistics/books/DSS-Numbers-Linguistics.txt	2030313	1668	b94f850a65ae04390cde1a3313c68622a3730e5a89e24ec3e4bf210e7a9fd991	ALL_LETTER_SLOTS_RECONSTRUCTED	14	13	13	0	0	14	0	0	0	0	0	0	0
L1595393-R001	biblical_book	Num	18	29		4Q27	1606675	f12	6	1595393				books/DSS-Numbers.txt	1380956	3694	1972492-1972503	12	0	40ed47a22df17c8c4800b7cae11c3b201f4784c680a2a567e5660b64755e0893	linguistics/books/DSS-Numbers-Linguistics.txt	2031981	5344	28eee3947292acdbfb84e1c875eb958738991dda32c3413cf3aeb09a60d1d194	PARTLY_RECONSTRUCTED	43	38	5	10	23	8	10	0	1	0	0	0	0
L1595393-R002	biblical_book	Num	18	30		4Q27	1606675	f12	6	1595393				books/DSS-Numbers.txt	1384650	2041	1972504-1972506	3	1	ea180eafff1510f04ea3ef819e22fbefad82fcc74b207cc9168af5ab48ad2735	linguistics/books/DSS-Numbers-Linguistics.txt	2037325	1588	33ce5852e01787839ec18e9f9b05dd482a23944bea04ae1e6b8caa6f310fef18	ALL_LETTER_SLOTS_RECONSTRUCTED	12	11	11	0	0	12	0	0	0	0	0	0	0
L1595394-R001	biblical_book	Num	18	30		4Q27	1606675	f12	7	1595394				books/DSS-Numbers.txt	1386691	4961	1972507-1972523	17	1	22f13d99060b56816992b291d762ae745dbcf9b20579b124a9e933382f8aa2cc	linguistics/books/DSS-Numbers-Linguistics.txt	2038913	7392	e00e2a02df20d0097973586c910bda12522ae7590002d18e065a1fa47fafc9b1	PARTLY_RECONSTRUCTED	59	54	18	7	29	18	7	0	0	0	0	0	0
L1595395-R001	biblical_book	Num	18	30		4Q27	1606675	f12	8	1595395				books/DSS-Numbers.txt	1391652	1658	1972524-1972527	4	0	e6ebbc9be9fdb403706371c585ca85743a93aebff3dcf563b70e251496cdc374	linguistics/books/DSS-Numbers-Linguistics.txt	2046305	1882	0ae10d1ef6bb626221d599d0b09b1a0bba891690723baafa42318800a6cc529d	NO_LETTER_RECONSTRUCTION_MARKED	8	6	0	0	6	0	0	0	1	0	0	0	0
L1595395-R002	biblical_book	Num	18	31		4Q27	1606675	f12	8	1595395				books/DSS-Numbers.txt	1393310	4084	1972528-1972540	13	1	d6ae9d63a6bd7925e1bea77d7c4b8be8b831373f3b12fae30bfd0641b55dcb3b	linguistics/books/DSS-Numbers-Linguistics.txt	2048187	5730	d6a7c144d6479453340335e1b533260cecfbadcbffc99a76b91c48c788777e94	PARTLY_RECONSTRUCTED	48	45	16	3	26	17	3	0	0	0	0	0	0
L1595396-R001	biblical_book	Num	18	31		4Q27	1606675	f12	9	1595396				books/DSS-Numbers.txt	1397394	2150	1972541-1972546	6	0	c12caca2ee20ac38a864b46b45c1593f9bb6780f03c329c681b6fcd420cb02e1	linguistics/books/DSS-Numbers-Linguistics.txt	2053917	2852	e113c16a1aeb645aee7fb840748a72803b0b6d553aac37e9e8e17061d777f353	NO_LETTER_RECONSTRUCTION_MARKED	22	19	0	0	19	0	0	0	1	0	0	0	0
L1595396-R002	biblical_book	Num	18	32		4Q27	1606675	f12	9	1595396				books/DSS-Numbers.txt	1399544	3168	1972547-1972555	9	1	a7317225cea2e1ba9324970dc50dd7ea7e64df61b34dd04af9d0f4f433ce96b4	linguistics/books/DSS-Numbers-Linguistics.txt	2056769	4028	e8ff27f2bbe9a7005664ccc734a780d286b6bc56db3a064f40d2ec38ef86d5c1	PARTLY_RECONSTRUCTED	32	29	14	0	15	16	0	0	0	0	0	0	0
L1595397-R001	biblical_book	Num	18	32		4Q27	1606675	f12	10	1595397				books/DSS-Numbers.txt	1402712	3864	1972556-1972567	12	2	146f33e599afdca6981c792b044b87448e043cccbe3eca1f3ea095df18aaabe3	linguistics/books/DSS-Numbers-Linguistics.txt	2060797	5206	05edae74d4693f712a262562e629e9339d8d7a5a7920afaca63e0fc7fb2e572a	NO_LETTER_RECONSTRUCTION_MARKED	40	37	0	1	36	0	1	0	1	0	0	0	0
L1595398-R001	biblical_book	Num	19	1		4Q27	1606675	f12	11	1595398				books/DSS-Numbers.txt	1406576	2819	1972568-1972578	11	0	0124704400e2dadc48d165e3a55436116d0ca5246e12a4ad05c9facf4c4cd471	linguistics/books/DSS-Numbers-Linguistics.txt	2066003	4709	7dd4394e8ea5ba6d0b82dc85bda152effeffbbdaa44927f963cfa349c6238e38	NO_LETTER_RECONSTRUCTION_MARKED	30	28	0	0	27	0	0	0	1	0	1	0	0
L1595398-R002	biblical_book	Num	19	2		4Q27	1606675	f12	11	1595398				books/DSS-Numbers.txt	1409395	2542	1972579-1972584	6	1	c6c06619637a7cc0ca3275ffb6e20974fadb94ec93c9d04e6792f064ffd9e402	linguistics/books/DSS-Numbers-Linguistics.txt	2070712	2863	e143c8470dccf399203014502f0bf5e583585a5d7288740157a94f99c50edc6f	PARTLY_RECONSTRUCTED	19	19	12	2	5	12	2	0	0	0	0	0	0
L1595399-R001	biblical_book	Num	19	2		4Q27	1606675	f12	12	1595399				books/DSS-Numbers.txt	1411937	4096	1972585-1972599	15	1	0868eba90a64ac0a77b4b791a4799a40bc64196ff85f871b941985dd33c8a1b6	linguistics/books/DSS-Numbers-Linguistics.txt	2073575	6593	5d05f43bb4f9ca8f4169498dbc45c42ee9b3371bcb96cbe116ba8f38e3523ecc	PARTLY_RECONSTRUCTED	52	51	16	3	32	16	3	0	0	0	0	0	0
L1595400-R001	biblical_book	Num	19	2		4Q27	1606675	f12	13	1595400				books/DSS-Numbers.txt	1416033	2532	1972600-1972607	8	0	2b28664bcb2089793b73ba6ff18573d253d3c22159fbcc05e040d3f0dc2fcdca	linguistics/books/DSS-Numbers-Linguistics.txt	2080168	3525	c5c74d2a926666306cc867ab26bceee79858d2daacc4cab87797aa504f974c65	NO_LETTER_RECONSTRUCTION_MARKED	25	21	0	1	20	0	1	0	1	0	0	0	0
L1595400-R002	biblical_book	Num	19	3		4Q27	1606675	f12	13	1595400				books/DSS-Numbers.txt	1418565	2948	1972608-1972616	9	1	8ff636504a377dcdfea01bb896c211a46404b01e51894686624860ce329075d5	linguistics/books/DSS-Numbers-Linguistics.txt	2083693	4015	1f434eeb05c3944e76be424f9f3625b65778f96e5212498c665b859c4143698a	PARTLY_RECONSTRUCTED	29	28	17	1	10	17	1	0	0	0	0	0	0
L1595401-R001	biblical_book	Num	19	3		4Q27	1606675	f12	14	1595401				books/DSS-Numbers.txt	1421513	3393	1972617-1972628	12	0	4e2848c74ed589e9813f0fb6427220a3fab2e263a59726d425630219dbb992a4	linguistics/books/DSS-Numbers-Linguistics.txt	2087708	5150	acecd874da41ed160e4f2708572d274825d27b6e7832b100be0f1f16e7c1e173	PARTLY_RECONSTRUCTED	35	29	2	1	26	3	1	0	2	0	0	0	0
L1595401-R002	biblical_book	Num	19	4		4Q27	1606675	f12	14	1595401				books/DSS-Numbers.txt	1424906	2696	1972629-1972635	7	1	7b081325355ab9d350565734e80c9c3d4a403f332b86ddc4616899f9c201fd00	linguistics/books/DSS-Numbers-Linguistics.txt	2092858	3207	929e70b1141d9d5c3e8ccaeceae724055db737a3900e8100ecd049fd5e32d579	PARTLY_RECONSTRUCTED	19	18	12	2	4	13	2	0	0	0	0	0	0
L1595402-R001	biblical_book	Num	19	4		4Q27	1606675	f12	15	1595402				books/DSS-Numbers.txt	1427602	3593	1972636-1972649	14	0	c8b3bbf43b30672d05625811bf094b874301b95d1544ff8b425abc8f96690d6a	linguistics/books/DSS-Numbers-Linguistics.txt	2096065	6078	f08a23f1bfe65e78543b2e89d81fba9fcbb0e9d98ea69e632eaad1d91bec228b	PARTLY_RECONSTRUCTED	44	39	16	1	22	20	1	0	2	0	0	0	0
L1595402-R002	biblical_book	Num	19	5		4Q27	1606675	f12	15	1595402				books/DSS-Numbers.txt	1431195	1704	1972650-1972651	2	1	39e8f88350a83f895b466aba0cf47b8fad7f260e12e8b5c2021d4af8be3f287e	linguistics/books/DSS-Numbers-Linguistics.txt	2102143	1157	4ccd21475214451eebb1fb6c4fc2c49969cd53518bb04e0f9a3aebe71e9ab79f	ALL_LETTER_SLOTS_RECONSTRUCTED	4	4	4	0	0	4	0	0	0	0	0	0	0
L1595403-R001	biblical_book	Num	19	5		4Q27	1606675	f12	16	1595403				books/DSS-Numbers.txt	1432899	4313	1972652-1972668	17	0	9d34273c7ed9ca326fc26ad0bb8f0a10623825f8de9b909b517c65d34f6898ad	linguistics/books/DSS-Numbers-Linguistics.txt	2103300	7157	b2bf3cbcb08e89cada6249176ccfa8b155369e85e24539a64496ef3c6e435855	PARTLY_RECONSTRUCTED	50	42	23	1	18	29	1	0	2	0	0	0	0
L1595403-R002	biblical_book	Num	19	6		4Q27	1606675	f12	16	1595403				books/DSS-Numbers.txt	1437212	2143	1972669-1972673	5	1	c671f3e6e0371c89ce97e623f23586973baf079b10c35499cc19e3371712eaa5	linguistics/books/DSS-Numbers-Linguistics.txt	2110457	2318	b5b9595459ebc5865e8f16ecf1e71cd716b1e76a933873518f55ee9c6afbc237	ALL_LETTER_SLOTS_RECONSTRUCTED	11	11	11	0	0	11	0	0	0	0	0	0	0
L1595404-R001	biblical_book	Num	19	6		4Q27	1606675	f12	17	1595404				books/DSS-Numbers.txt	1439355	4066	1972674-1972688	15	1	891608fa172db99fd246b3357b52cd863350119bb8d92d451999629dc6a401ef	linguistics/books/DSS-Numbers-Linguistics.txt	2112775	6458	c0f57b9cf5b2a8423c17e65cb951ac1d5830a70dd10c2a48aba78811ff4ca1ab	PARTLY_RECONSTRUCTED	40	36	31	4	1	35	4	1	2	0	0	0	0
L1595405-R001	biblical_book	Num	20	12		4Q27	1606675	f13i_14	24	1595405				books/DSS-Numbers.txt	1443421	4329	1972689-1972706	18	1	af584ef978977def64a648e36a4f248c62dadf41a153f272cb283be0bca87ccb	linguistics/books/DSS-Numbers-Linguistics.txt	2119233	7525	17f60945ff05e62ae6fffd05d7fa3f6463c9af7c1e5720b5bac965abeea23900	PARTLY_RECONSTRUCTED	48	45	44	1	0	44	1	0	1	0	0	0	0
L1595406-R001	biblical_book	Num	20	13	a	4Q27	1606675	f13i_14	25	1595406				books/DSS-Numbers.txt	1447750	3357	1972707-1972719	13	0	3b9b006526ca7179bf8eda240a98061e38067a34d17733280935eac3dd44bc3d	linguistics/books/DSS-Numbers-Linguistics.txt	2126758	5699	0ef50c3efe472e0540365aa44033b9e74f62052557102ed3bac2d3be657b2824	PARTLY_RECONSTRUCTED	40	37	34	3	0	37	3	0	1	0	0	0	0
L1595406-R002	biblical_book	Num	20	13	b	4Q27	1606675	f13i_14	25	1595406				books/DSS-Numbers.txt	1451107	1841	1972720-1972721	2	1	75244134541bc533ee31e61aa0d1b13788eca605ed46816de29185a088647d88	linguistics/books/DSS-Numbers-Linguistics.txt	2132457	1181	8f2061d3edec3bdd059e51807af50ae914aff981cd5d2fc8de26ff6d3c88114f	PARTLY_RECONSTRUCTED	6	6	4	1	1	4	1	0	0	0	0	0	0
L1595407-R001	biblical_book	Num	20	13	b	4Q27	1606675	f13i_14	26	1595407				books/DSS-Numbers.txt	1452948	3877	1972722-1972734	13	1	7ed0fe9666c63cd5133128ea74c2a1a172363b1aa905466d0ac16d9d0ae2bb73	linguistics/books/DSS-Numbers-Linguistics.txt	2133638	5744	f19f2d6f36a08dcd69a1b56c1183a02cf8d376fef6e9b3151fbf6689fed4263e	PARTLY_RECONSTRUCTED	48	46	34	2	10	35	2	0	0	0	0	0	0
L1595408-R001	biblical_book	Num	20	13	b	4Q27	1606675	f13i_14	27	1595408				books/DSS-Numbers.txt	1456825	4704	1972735-1972753	19	1	d2cc9250e171317e627d32683194cff24b1cb7617a656928d8da2f53abae229c	linguistics/books/DSS-Numbers-Linguistics.txt	2139382	8013	f40da1d1ceca025ceb0fd5606f6f630d7e42a3111ea2f5853e909d453f8b6b64	PARTLY_RECONSTRUCTED	54	49	32	2	15	34	2	0	1	0	0	0	0
L1595409-R001	biblical_book	Num	20	13	b	4Q27	1606675	f13i_14	28	1595409				books/DSS-Numbers.txt	1461529	4053	1972754-1972771	18	1	6f822effdf749160db8530246574e6e7e6e8b8f86319ee26e6644cad713cdb0f	linguistics/books/DSS-Numbers-Linguistics.txt	2147395	7442	d31be8a3db91232b96ea080ec3ce3ac03d94d9b50b0d019494144e646113bc9f	PARTLY_RECONSTRUCTED	43	43	30	2	11	30	2	0	0	0	0	0	0
L1595410-R001	biblical_book	Num	20	13	b	4Q27	1606675	f13i_14	29	1595410				books/DSS-Numbers.txt	1465582	4712	1972772-1972788	17	2	8b1d960022dc7d32c9ae1f36f8ee202d3534c0c87204df267d3dea7c9c8eeacb	linguistics/books/DSS-Numbers-Linguistics.txt	2154837	7016	7e7631154fe88ebd1e9935d44c573bf648dec3cefa000212efc965e15482d4a9	PARTLY_RECONSTRUCTED	44	41	30	3	8	32	3	0	1	0	0	0	0
L1595411-R001	biblical_book	Num	20	13	b	4Q27	1606675	f13i_14	30	1595411				books/DSS-Numbers.txt	1470294	4988	1972789-1972807	19	1	20a2a1fb950306672786d9a490859c05ea29cba0151234ec8a9e0603b2ed92dc	linguistics/books/DSS-Numbers-Linguistics.txt	2161853	7956	8863e1204d0202ef76ffa1ced27f6e892dd2b58a311fe2e96bba9724c686e66e	PARTLY_RECONSTRUCTED	54	48	40	3	5	42	3	0	1	0	0	0	0
L1595412-R001	biblical_book	Num	20	16		4Q27	1606675	f13ii+15_17i	13	1595412				books/DSS-Numbers.txt	1475282	4079	1972808-1972822	15	1	c1fad27c9f861d7c7952047a56baca8ee6feb5bfb6cce686042bef0ca3f4234b	linguistics/books/DSS-Numbers-Linguistics.txt	2169809	6650	23234090b1409d64fd09e26527faa5c287f8405154c4f1b41a0d7ce049dd151a	PARTLY_RECONSTRUCTED	49	47	46	0	1	48	0	0	0	0	0	0	0
L1595413-R001	biblical_book	Num	20	16		4Q27	1606675	f13ii+15_17i	14	1595413				books/DSS-Numbers.txt	1479361	1618	1972823-1972824	2	0	8db594f6f75bd82cea3a347b9888bb54a74a56597ae9c3229fc0da23e6fcbf7c	linguistics/books/DSS-Numbers-Linguistics.txt	2176459	1225	c8fe708df2ec9d55538cf2f65edf3c63a074d97fd9826e07dc231875db7371c3	ALL_LETTER_SLOTS_RECONSTRUCTED	9	6	6	0	0	9	0	0	1	0	0	0	0
L1595413-R002	biblical_book	Num	20	17		4Q27	1606675	f13ii+15_17i	14	1595413				books/DSS-Numbers.txt	1480979	3957	1972825-1972839	15	1	c8a131f1a61e2e08e7d166cd952f9e274305d660f94ea405d09cd0a50859bd9a	linguistics/books/DSS-Numbers-Linguistics.txt	2177684	6434	a62ee7c6e0c6d71e315be8a5806dfe01a76eab178f4757dc138e323bd611120d	PARTLY_RECONSTRUCTED	42	41	35	2	4	36	2	0	0	0	0	0	0
L1595414-R001	biblical_book	Num	20	17		4Q27	1606675	f13ii+15_17i	15	1595414				books/DSS-Numbers.txt	1484936	4110	1972840-1972854	15	1	019b9040653113bfa878b12a596cfd20062e7b40d1bc440b75d4646db0bb6b6d	linguistics/books/DSS-Numbers-Linguistics.txt	2184118	6571	25790bfd62c9d7ce97a87e4cd7aa2b470477037494f0d72d1e94f0c20ace038d	PARTLY_RECONSTRUCTED	49	46	39	1	6	40	1	0	1	0	0	0	0
L1595415-R001	biblical_book	Num	20	18		4Q27	1606675	f13ii+15_17i	16	1595415				books/DSS-Numbers.txt	1489046	3687	1972855-1972868	14	0	b36e96734facb15a1c182604cb3dcc2d5f46f2be8aa29f3b455dc828a092cdb6	linguistics/books/DSS-Numbers-Linguistics.txt	2190689	5982	1a28d309892049e08e6cb888f282fc44a263aaa63fdf1825142101bc678a941c	ALL_LETTER_SLOTS_RECONSTRUCTED	45	40	40	0	0	45	0	0	1	0	0	0	0
L1595415-R002	biblical_book	Num	20	19		4Q27	1606675	f13ii+15_17i	16	1595415				books/DSS-Numbers.txt	1492733	2166	1972869-1972871	3	1	aea9e0ac1e678fefb20ed87406630714ee3c16604a4867a61eae85e27175c371	linguistics/books/DSS-Numbers-Linguistics.txt	2196671	1623	eb55ee6f9437244e03aeed1cd2fa9515d414d7454fa0c66f33841515ddc75539	PARTLY_RECONSTRUCTED	12	11	8	1	2	9	1	0	0	0	0	0	0
L1595416-R001	biblical_book	Num	20	19		4Q27	1606675	f13ii+15_17i	17	1595416				books/DSS-Numbers.txt	1494899	4705	1972872-1972889	18	1	e62bc6c7ede6cdd44d8df9a143a190d089cdc0d619d6d9932093f747f42da925	linguistics/books/DSS-Numbers-Linguistics.txt	2198294	7817	49276d93104f32ffe7da851a742e8ed6238506bdcb3c50143d6c668f33e9a148	PARTLY_RECONSTRUCTED	56	53	48	2	3	50	2	0	0	0	0	0	0
L1595417-R001	biblical_book	Num	20	19		4Q27	1606675	f13ii+15_17i	18	1595417				books/DSS-Numbers.txt	1499604	2049	1972890-1972894	5	0	b2c86f0ea9080a745b9a9c6fa77d3454cbe6247d699eaf3cebbfa52e551d0e50	linguistics/books/DSS-Numbers-Linguistics.txt	2206111	2406	de2aed890e530148345d494680288600a1ff88155a8be8a79142d385a5ca4d60	ALL_LETTER_SLOTS_RECONSTRUCTED	16	13	13	0	0	16	0	0	1	0	0	0	0
L1595417-R002	biblical_book	Num	20	20		4Q27	1606675	f13ii+15_17i	18	1595417				books/DSS-Numbers.txt	1501653	3708	1972895-1972905	11	1	c9f383937bc44b5f1aabdfe2b0ca7753980a5be5a7420213a737ec3422c8d4d4	linguistics/books/DSS-Numbers-Linguistics.txt	2208517	4815	fa5c5221938b3eb2e0584749d569ceba7db6a7e38cbb10ef894a0a211600707a	PARTLY_RECONSTRUCTED	34	32	22	4	6	23	4	0	0	0	0	0	0
L1595418-R001	biblical_book	Num	20	20		4Q27	1606675	f13ii+15_17i	19	1595418				books/DSS-Numbers.txt	1505361	3252	1972906-1972918	13	0	fad512dfdf828dfe275163e8862c32dba01f5d8f121a3b838ee3a774c6a2d733	linguistics/books/DSS-Numbers-Linguistics.txt	2213332	5501	15e5719da4442f8a1e29463c93ef62209438e80215a5af03ba108d64f537198f	PARTLY_RECONSTRUCTED	31	28	26	1	1	27	1	0	1	0	0	0	0
L1595418-R002	biblical_book	Num	20	21		4Q27	1606675	f13ii+15_17i	19	1595418				books/DSS-Numbers.txt	1508613	2666	1972919-1972923	5	1	a18b902f18d987581d6ac194df2dd6156f068a3536febda6de7b47aaef7af3f8	linguistics/books/DSS-Numbers-Linguistics.txt	2218833	2468	7586a2abe46fea5d3dc290cfde19007613d7cd310a336833ff07e99c67259579	PARTLY_RECONSTRUCTED	15	15	5	7	3	5	7	0	0	0	0	0	0
L1595419-R001	biblical_book	Num	20	21		4Q27	1606675	f13ii+15_17i	20	1595419				books/DSS-Numbers.txt	1511279	3600	1972924-1972933	10	2	cfc9014e6c3894119843791fad75d9c81beb62ca1bd07888bcb0116501754bc7	linguistics/books/DSS-Numbers-Linguistics.txt	2221301	4526	1622ab7506ef8d48cf5664242ff8ccc98a6f62cddac8675a0e2c65450532de42	ALL_LETTER_SLOTS_RECONSTRUCTED	32	28	28	0	0	32	0	0	1	0	0	0	0
L1595420-R001	biblical_book	Num	20	22		4Q27	1606675	f13ii+15_17i	21	1595420				books/DSS-Numbers.txt	1514879	3342	1972934-1972948	15	0	50f2453c7660cde787ac46e645329fd5cf09cb4711672b753ba7536b55a96db0	linguistics/books/DSS-Numbers-Linguistics.txt	2225827	6342	d0e2fcb7fd98b01cd7e812e2b9eb313ceea46cab8974193b3d201441b9906610	PARTLY_RECONSTRUCTED	38	36	33	1	2	33	1	0	1	0	0	0	0
L1595420-R002	biblical_book	Num	20	23		4Q27	1606675	f13ii+15_17i	21	1595420				books/DSS-Numbers.txt	1518221	2034	1972949-1972952	4	1	9e5c28cda256075c366cda20fadf08fcdeebdc58f3146df7c87adb34a6069d15	linguistics/books/DSS-Numbers-Linguistics.txt	2232169	1980	541bc362a49f83eb517721fc9c02aaa08d3de3dcac7e54966d805e7055fefcfa	NO_LETTER_RECONSTRUCTION_MARKED	12	12	0	0	12	0	0	0	0	0	0	0	0
L1595421-R001	biblical_book	Num	20	23		4Q27	1606675	f13ii+15_17i	22	1595421				books/DSS-Numbers.txt	1520255	3037	1972953-1972964	12	0	4956bab6ed5f94e1b138ae628b9a8472cacbe8b960fc9baf2d397f8f6f174a44	linguistics/books/DSS-Numbers-Linguistics.txt	2234149	5174	babbbe5adc4da58ceca612ad279d9c5e6a68604ed46aff947b3d56bf99f0f95f	PARTLY_RECONSTRUCTED	31	29	26	1	2	28	1	0	1	0	0	0	0
L1595421-R002	biblical_book	Num	20	24		4Q27	1606675	f13ii+15_17i	22	1595421				books/DSS-Numbers.txt	1523292	2653	1972965-1972970	6	1	782264aa438a413bc7e1d7e1766d395783996cd2b6aaa8c54245d22c2407b8d6	linguistics/books/DSS-Numbers-Linguistics.txt	2239323	2851	1112772eba54a651849b165207d95fa0374e8e28a06755b44767403c45dcf269	PARTLY_RECONSTRUCTED	21	20	1	2	17	1	2	0	0	0	0	0	0
L1595422-R001	biblical_book	Num	20	24		4Q27	1606675	f13ii+15_17i	23	1595422				books/DSS-Numbers.txt	1525945	4491	1972971-1972987	17	1	be1e61711a6f1d3de3eca6ed6e8157ba20ca14afe60b699c0258de871f4ec729	linguistics/books/DSS-Numbers-Linguistics.txt	2242174	7313	68495995b3c85f383808f5ed2eae460a583442ef0f6167a42bad9e462dde0cd4	PARTLY_RECONSTRUCTED	50	46	23	5	18	24	5	0	2	0	0	0	0
L1595423-R001	biblical_book	Num	20	25		4Q27	1606675	f13ii+15_17i	24	1595423				books/DSS-Numbers.txt	1530436	3856	1972988-1973001	14	0	b2106b949566cb43a34495f7171866482a84b4970e4fd245ea37851c23b68a10	linguistics/books/DSS-Numbers-Linguistics.txt	2249487	5984	6e8c4387fc03f45230bec728c306011864347944ece05d0d5640a99005ec959e	PARTLY_RECONSTRUCTED	39	35	23	5	7	27	5	0	1	0	0	0	0
L1595423-R002	biblical_book	Num	20	26		4Q27	1606675	f13ii+15_17i	24	1595423				books/DSS-Numbers.txt	1534292	2316	1973002-1973005	4	1	f3b177e7f5600e08361b098b27f2fe7b8868424b09813a7658112b33e3a8170d	linguistics/books/DSS-Numbers-Linguistics.txt	2255471	2057	94676046cd921550fcc824c537f29bbf661441e6b1d20b2049fe4a4a44ad1c18	PARTLY_RECONSTRUCTED	14	14	4	1	8	4	1	0	0	0	1	0	0
L1595424-R001	biblical_book	Num	20	26		4Q27	1606675	f13ii+15_17i	25	1595424				books/DSS-Numbers.txt	1536608	3828	1973006-1973019	14	0	3da8bd6179f759e907915a75f60ad89ffeacb3d14f34325611cb7dae124c388f	linguistics/books/DSS-Numbers-Linguistics.txt	2257528	6075	fd4d45fb7ddc13c5e13e30d41ea919e6d82642f941d2501563d26fd06cce500b	PARTLY_RECONSTRUCTED	46	41	28	2	11	32	2	0	1	0	0	0	0
L1595424-R002	biblical_book	Num	20	27		4Q27	1606675	f13ii+15_17i	25	1595424				books/DSS-Numbers.txt	1540436	1881	1973020-1973022	3	1	60396a3563a3416cdf9e1b29d0213335fd6f7a3fe74294ef8218a9e729aaeb2f	linguistics/books/DSS-Numbers-Linguistics.txt	2263603	1605	79d0f53bd14c55ee06bbdabe62e730080b6fcad69e232a48a3cc5ee4c7515a1d	PARTLY_RECONSTRUCTED	8	8	4	0	4	4	0	0	0	0	0	0	0
L1595425-R001	biblical_book	Num	20	27		4Q27	1606675	f13ii+15_17i	26	1595425				books/DSS-Numbers.txt	1542317	3936	1973023-1973038	16	0	6d51eee89563c25309f7883e890bbde016258b909af1e05f6f234bd872f5706b	linguistics/books/DSS-Numbers-Linguistics.txt	2265208	6680	96786015b56310cae09b3620e51296be6a61936a154cdb6d1584720497bb8ca1	PARTLY_RECONSTRUCTED	40	37	29	4	4	32	4	0	1	0	0	0	0
L1595425-R002	biblical_book	Num	20	28		4Q27	1606675	f13ii+15_17i	26	1595425				books/DSS-Numbers.txt	1546253	2417	1973039-1973042	4	1	4c1e970051649a389727a1d3a31bbecbcb60a278a70925544d1258c8edd9fd6d	linguistics/books/DSS-Numbers-Linguistics.txt	2271888	2024	b9e20b053e81c15d03eed4163e840aed7219d00de2df5267674d20b0b90cf8a1	PARTLY_RECONSTRUCTED	12	11	2	4	5	3	4	0	1	0	0	0	0
L1595426-R001	biblical_book	Num	20	28		4Q27	1606675	f13ii+15_17i	27	1595426				books/DSS-Numbers.txt	1548670	4739	1973043-1973059	17	1	20964e0b6ec6af2af58f24885cfdf901d67df910573bc6b0d3981a9164334a10	linguistics/books/DSS-Numbers-Linguistics.txt	2273912	7384	4d7472d7a98f36bd6ccfe1597792451926855626b037ac2ff5999b194f09a820	PARTLY_RECONSTRUCTED	55	52	39	7	6	42	7	0	0	0	0	0	0
L1595427-R001	biblical_book	Num	20	28		4Q27	1606675	f13ii+15_17i	28	1595427				books/DSS-Numbers.txt	1553409	2542	1973060-1973068	9	0	39fa3505f7d872ff3cbbbf316b322de007203ba4b581f38e226c9663623725cd	linguistics/books/DSS-Numbers-Linguistics.txt	2281296	3920	47ef16ef91e8aa837a30757a9f0947198af1c0b9497deaa8d29a0bbfcd9d9779	PARTLY_RECONSTRUCTED	21	19	7	1	11	9	1	0	1	0	0	0	0
L1595427-R002	biblical_book	Num	20	29		4Q27	1606675	f13ii+15_17i	28	1595427				books/DSS-Numbers.txt	1555951	3495	1973069-1973080	12	1	5f9022f8b32e5598a1f36d3aba58af1f6432e98819f867581a0818d850b3f27b	linguistics/books/DSS-Numbers-Linguistics.txt	2285216	5281	5cd2ce9e1b1059fda2e6661135b96d45e42de1963ad6329041bde6b915667cdf	PARTLY_RECONSTRUCTED	35	35	29	6	0	29	6	0	0	0	0	0	0
L1595428-R001	biblical_book	Num	20	29		4Q27	1606675	f13ii+15_17i	29	1595428				books/DSS-Numbers.txt	1559446	2362	1973081-1973086	6	0	c69f508a3d2c2791498c9fa60f6eeba63859042e2623e8159ffa12f79a7e8fbd	linguistics/books/DSS-Numbers-Linguistics.txt	2290497	2976	674ec37c2dbebe69b4b4b9b2d73a7aa04ec453defdd353a37f159e822f1f3857	PARTLY_RECONSTRUCTED	23	20	9	2	9	12	2	0	2	0	0	0	0
L1595428-R002	biblical_book	Num	21	1		4Q27	1606675	f13ii+15_17i	29	1595428				books/DSS-Numbers.txt	1561808	3101	1973087-1973097	11	1	6af3e7beff2abc5e365baf6d2628250361832447c2c21680f18424a1abec15a6	linguistics/books/DSS-Numbers-Linguistics.txt	2293473	4858	3755da250fb9cdec9b4f4433cf648b7ea02c38ebf7c4d78b7a1e36dcce41bf44	ALL_LETTER_SLOTS_RECONSTRUCTED	30	30	30	0	0	30	0	0	0	0	0	0	0
L1595429-R001	biblical_book	Num	21	1		4Q27	1606675	f13ii+15_17i	30	1595429				books/DSS-Numbers.txt	1564909	3476	1973098-1973110	13	0	13b58a260a01d2174bbc5e6966cad4faf939a18196a42b5be70430a280a3287d	linguistics/books/DSS-Numbers-Linguistics.txt	2298331	5741	94290c934a9aec44a725d6c412d82eeedb6028e001fbdb1a2b9e74386abff639	PARTLY_RECONSTRUCTED	39	36	30	2	4	33	2	0	1	0	0	0	0
L1595429-R002	biblical_book	Num	21	2		4Q27	1606675	f13ii+15_17i	30	1595429				books/DSS-Numbers.txt	1568385	2119	1973111-1973114	4	1	584ed1791040f9291b124cc4577b5a30e1455355350b0b8c3020b29551d3c459	linguistics/books/DSS-Numbers-Linguistics.txt	2304072	1996	cd42ea9ab5faf1013ae1b99f4af6b025b81ce7b2bacd925a9a9c0a0f1709620a	PARTLY_RECONSTRUCTED	11	9	8	1	0	8	1	0	1	0	0	0	0
L1595430-R001	biblical_book	Num	21	12	a	4Q27	1606675	f17ii_18	13	1595430				books/DSS-Numbers.txt	1570504	2624	1973115-1973118	4	2	d5a410cd6571ed4fc58cdc74116d1b701bcdd7378b76efb49736b1c4afce8ab9	linguistics/books/DSS-Numbers-Linguistics.txt	2306068	1985	250c883a064b73d741f045cbc1dbe4fca744d2e18a805a30f6f2ce0d4b6065c5	PARTLY_RECONSTRUCTED	12	12	8	2	2	8	2	0	0	0	0	0	0
L1595431-R001	biblical_book	Num	21	12	a	4Q27	1606675	f17ii_18	14	1595431				books/DSS-Numbers.txt	1573128	4161	1973119-1973134	16	1	d7e9701f8caee5f145386b3628ffb67352a15fdbd32ac08c326067f597802a16	linguistics/books/DSS-Numbers-Linguistics.txt	2308053	6895	22b51225643eded4a122850293c6f4615a70a6a0bb65abd409f4685bcaff8944	PARTLY_RECONSTRUCTED	50	48	41	1	6	43	1	0	0	0	0	0	0
L1595432-R001	biblical_book	Num	21	12	a	4Q27	1606675	f17ii_18	15	1595432				books/DSS-Numbers.txt	1577289	2510	1973135-1973143	9	0	8e533d3ad59870b5de4fbb0f95426ec0df4bbcc49f8782ee8bf3bbe827657a0f	linguistics/books/DSS-Numbers-Linguistics.txt	2314948	3961	29a595684ed06869e3fd7659698ac2dac3ee1f088efda5892037ebf693f1ae14	ALL_LETTER_SLOTS_RECONSTRUCTED	25	23	23	0	0	25	0	0	1	0	0	0	0
L1595432-R002	biblical_book	Num	21	12	b	4Q27	1606675	f17ii_18	15	1595432				books/DSS-Numbers.txt	1579799	3275	1973144-1973152	9	2	918daffec0933d90090784159d8854e5290c815ec528a45990870c22ceffc539	linguistics/books/DSS-Numbers-Linguistics.txt	2318909	3915	89f2788dec8295545d894a843acedb9f3bd55bd4fabb91fc5fb60381d718bb47	PARTLY_RECONSTRUCTED	21	19	13	2	4	15	2	0	1	0	0	0	0
L1595433-R001	biblical_book	Num	21	13	a	4Q27	1606675	f17ii_18	16	1595433				books/DSS-Numbers.txt	1583074	3857	1973153-1973167	15	1	9ae5328a1fdea81aeb89f8a5f95dbcee11150607443d97430115f3269fb352e1	linguistics/books/DSS-Numbers-Linguistics.txt	2322824	6440	1e4731deb9e3916f58d47044451f1b3860a91b60e541549835d0e19a1374d89f	PARTLY_RECONSTRUCTED	44	43	38	1	4	39	1	0	1	0	0	0	0
L1595434-R001	biblical_book	Num	21	13	a	4Q27	1606675	f17ii_18	17	1595434				books/DSS-Numbers.txt	1586931	4795	1973168-1973186	19	1	d1322ef1ee46af0dda82af92b08e2c22cd15405b4332e7b8cb830433e73f8134	linguistics/books/DSS-Numbers-Linguistics.txt	2329264	7859	7297b4a7c5d704b0aeec56ebdffa5dcbcc78a96672c574af48e6c4631b031d29	PARTLY_RECONSTRUCTED	53	47	43	3	1	47	3	0	2	0	0	0	0
L1595435-R001	biblical_book	Num	21	20		4Q27	1606675	f17ii_18	26	1595435				books/DSS-Numbers.txt	1591726	3649	1973187-1973197	11	2	75f74dfee1daa4190056c146a0377f6aa1ff3d92674b37c0c3d68ab9865c205a	linguistics/books/DSS-Numbers-Linguistics.txt	2337123	4895	30227a67aef414aebdb9ff822d4ad82261889aab3d3dfedc2dcad0d44d94ed5e	PARTLY_RECONSTRUCTED	33	31	26	2	3	28	2	0	1	0	0	0	0
L1595436-R001	biblical_book	Num	21	21	a	4Q27	1606675	f17ii_18	27	1595436				books/DSS-Numbers.txt	1595375	4106	1973198-1973213	16	1	9288bc6923602faea0ef68a0f76db81ea3edc608ee5b17d4bc94659d5935c08d	linguistics/books/DSS-Numbers-Linguistics.txt	2342018	6822	a66ba1cfb71d553e832c109b0a719d3a5f9b3be779b89037e822a69fc4ca7f36	PARTLY_RECONSTRUCTED	51	50	44	1	5	45	1	0	0	0	0	0	0
L1595437-R001	biblical_book	Num	21	21	a	4Q27	1606675	f17ii_18	28	1595437				books/DSS-Numbers.txt	1599481	4329	1973214-1973230	17	1	f131ec273c6b9eeb6494b13623c2b2cb3f4b191649ca2731d77604a343319440	linguistics/books/DSS-Numbers-Linguistics.txt	2348840	7279	3ae2d913dc68c6ba7c0af0f4430b608cefbdcfd4372c78e5d99480e104290f6e	PARTLY_RECONSTRUCTED	50	48	45	0	3	47	0	0	0	0	0	0	0
L1595438-R001	biblical_book	Num	21	21	a	4Q27	1606675	f17ii_18	29	1595438				books/DSS-Numbers.txt	1603810	4871	1973231-1973249	19	1	e3b7b65cbd76c2f9592796615ed106b48eba618109926636d307b3d619649810	linguistics/books/DSS-Numbers-Linguistics.txt	2356119	7951	b2187d9596b4b1c6945a5f631b1133ce77ce74080d512ab7007c1443669bea93	PARTLY_RECONSTRUCTED	54	47	43	3	1	48	3	0	2	0	0	0	0
L1595439-R001	biblical_book	Num	22	5		4Q27	1606675	f19	26	1595439				books/DSS-Numbers.txt	1608681	2650	1973250-1973256	7	1	faca4b52eb6c260ffc0265e0210788d0c8daf036e25d243a367fbf29fe4cfdba	linguistics/books/DSS-Numbers-Linguistics.txt	2364070	3234	c415e5c685b90f2a8b7eade7be102f71335cd574ed748cf712f36860c36342a1	PARTLY_RECONSTRUCTED	21	19	16	1	2	18	1	1	1	0	0	0	0
L1595440-R001	biblical_book	Num	22	5		4Q27	1606675	f19	27	1595440				books/DSS-Numbers.txt	1611331	4321	1973257-1973270	14	2	46ac199cb433e4427cb97689942174b4dacae5d01318a562eec28436b799fe12	linguistics/books/DSS-Numbers-Linguistics.txt	2367304	6090	390b59c927b9d75055d68830428c8e45312b4b8f6c8d54272a1eb1da7e109eae	PARTLY_RECONSTRUCTED	42	40	32	1	7	33	1	0	0	0	0	0	0
L1595441-R001	biblical_book	Num	22	5		4Q27	1606675	f19	28	1595441				books/DSS-Numbers.txt	1615652	4019	1973271-1973288	18	0	e848c0539a01e05e4b0a931c70d8867972895072c70b09660741e538fea9a0fd	linguistics/books/DSS-Numbers-Linguistics.txt	2373394	7548	af27e468d8118459140b01e774a85f80f90f5d65acd4ff99cd1b56caed3632e9	PARTLY_RECONSTRUCTED	47	44	39	0	5	42	0	0	1	0	0	0	0
L1595441-R002	biblical_book	Num	22	6		4Q27	1606675	f19	28	1595441				books/DSS-Numbers.txt	1619671	1704	1973289-1973290	2	1	1d8a5be1718e89137b83e14a7fec87dd4eebfb117f51572cc1c0cf17a9194f0c	linguistics/books/DSS-Numbers-Linguistics.txt	2380942	1173	2c219187d93b3cba6a0f4a89beac9e34abd9a771c9226d029a546bccd2e72e74	ALL_LETTER_SLOTS_RECONSTRUCTED	4	4	4	0	0	4	0	0	0	0	0	0	0
L1595442-R001	biblical_book	Num	22	6		4Q27	1606675	f19	29	1595442				books/DSS-Numbers.txt	1621375	4856	1973291-1973307	17	1	2606089990c07fd3dd30dba31eeefc29d6411faae385cb2b6a6fde98c43e36d0	linguistics/books/DSS-Numbers-Linguistics.txt	2382115	7168	e2c0cd1d32ddcccee01a21d5dcf1041a18111a1115b42de8e339241837ddfe2e	PARTLY_RECONSTRUCTED	52	47	35	2	10	39	2	0	0	0	0	0	0
L1595443-R001	biblical_book	Num	22	6		4Q27	1606675	f19	30	1595443				books/DSS-Numbers.txt	1626231	4662	1973308-1973324	17	2	8799259c8c1b8c429e7b0be08c6537b4298f5906a8d442cf6a92511f2d3150ad	linguistics/books/DSS-Numbers-Linguistics.txt	2389283	7138	c5af87219ea6898ede90968fba18fe05e59ace742239d325da5b5fdcfc1d89b9	PARTLY_RECONSTRUCTED	51	48	36	1	11	39	1	0	1	0	0	0	0
L1595444-R001	biblical_book	Num	22	7		4Q27	1606675	f19	31	1595444				books/DSS-Numbers.txt	1630893	4929	1973325-1973342	18	1	6c73bcd3ede5a784e588d3a80b680c10cfa7b5958a4f38d2e95bc25754cbc7a0	linguistics/books/DSS-Numbers-Linguistics.txt	2396421	7714	3e0035cf5c3ba29c36fac975478de0bdc6b7b8ea0c9301306a166bd6d93bc753	PARTLY_RECONSTRUCTED	58	55	48	3	4	51	3	0	0	0	0	0	0
L1595445-R001	biblical_book	Num	22	7		4Q27	1606675	f20_22	1	1595445				books/DSS-Numbers.txt	1635822	1703	1973343-1973346	4	0	e35455c0ec31bcb085c4df33425a183b73ca6b527d76f4289d45c2b77995b618	linguistics/books/DSS-Numbers-Linguistics.txt	2404135	1964	eabe2c2619aaa99f8697ce7ce217ae63d70af0c91396bdfecd7ca5d195493a28	NO_LETTER_RECONSTRUCTION_MARKED	11	9	0	0	9	0	0	0	1	0	0	0	0
L1595445-R002	biblical_book	Num	22	8		4Q27	1606675	f20_22	1	1595445				books/DSS-Numbers.txt	1637525	4238	1973347-1973359	13	1	af534adabddc707cfd1f5d502716fc95bcc41d31d16844f2619d05b3be23ce2e	linguistics/books/DSS-Numbers-Linguistics.txt	2406099	5701	afaf61f8ddb0eb9a23cd3917b2750f4cc84ccef33371cea008977aa4b0861c57	PARTLY_RECONSTRUCTED	45	43	29	5	9	30	5	0	0	0	0	0	0
L1595446-R001	biblical_book	Num	22	8		4Q27	1606675	f20_22	2	1595446				books/DSS-Numbers.txt	1641763	3355	1973360-1973369	10	0	ff51a0ea6d4c3e393e2a6fc61a4f570f5336dcf94ae0a7f723c884ea7314a03c	linguistics/books/DSS-Numbers-Linguistics.txt	2411800	4454	416d0ff6f1dda8982eece16e256a79fd5e9378ff7194951673c3c85c8181d735	PARTLY_RECONSTRUCTED	33	29	2	7	21	3	7	0	2	0	0	0	0
L1595446-R002	biblical_book	Num	22	9		4Q27	1606675	f20_22	2	1595446				books/DSS-Numbers.txt	1645118	2606	1973370-1973376	7	1	5e3aa4a599c8d35e33d19787fdf88cc7d4d139697d3cbbf04dc93f7ecf866bec	linguistics/books/DSS-Numbers-Linguistics.txt	2416254	3272	c43cdd541d7d473313699ebd4e97bf452248f38c0a2aae4a50b683eea7a4b87b	PARTLY_RECONSTRUCTED	23	23	14	1	8	14	1	0	0	0	0	0	0
L1595447-R001	biblical_book	Num	22	9		4Q27	1606675	f20_22	3	1595447				books/DSS-Numbers.txt	1647724	2616	1973377-1973384	8	0	6dcd025da942cd9b241c62467675f437426dbd3e09574049172f0492468ebff1	linguistics/books/DSS-Numbers-Linguistics.txt	2419526	3508	9ebbf6238489c42c6d806766a72faa5fc3c5b0de1f485da01ebef6a93eb00374	PARTLY_RECONSTRUCTED	24	20	1	1	18	1	1	0	1	0	0	0	0
L1595447-R002	biblical_book	Num	22	10		4Q27	1606675	f20_22	3	1595447				books/DSS-Numbers.txt	1650340	3430	1973385-1973396	12	1	676eca31c24fa3511e3656c20832e5124f90ff0f10a00ed1e67e55ca1367a208	linguistics/books/DSS-Numbers-Linguistics.txt	2423034	5400	83e63d47f71c919d0fa1f8c07bf10d7dcb29aa471d365e99815c82c684a79b85	PARTLY_RECONSTRUCTED	38	38	13	2	23	13	2	0	0	0	0	0	0
L1595448-R001	biblical_book	Num	22	10		4Q27	1606675	f20_22	4	1595448				books/DSS-Numbers.txt	1653770	1985	1973397-1973400	4	0	209ea1c105580090f6379c133a7a80472b7300546aca21971aa9e8064304cf64	linguistics/books/DSS-Numbers-Linguistics.txt	2428434	1925	ffb80b6589c5b33d9b00d5c61f89d5af00e6247e4f430daa78960c617a570fe1	NO_LETTER_RECONSTRUCTION_MARKED	11	8	0	5	3	0	5	0	1	0	0	0	0
L1595448-R002	biblical_book	Num	22	11		4Q27	1606675	f20_22	4	1595448				books/DSS-Numbers.txt	1655755	4874	1973401-1973419	19	1	1c6d7e962add93e502cbcdc6b5be44926d7234b880db7f104c24f11aa08bbb43	linguistics/books/DSS-Numbers-Linguistics.txt	2430359	8031	382345e5bac50caac3f7ff17f521a040feb16e3311d1311d2f7982146a4dc730	PARTLY_RECONSTRUCTED	50	48	12	10	26	14	10	0	0	0	0	0	0
L1595449-R001	biblical_book	Num	22	11		4Q27	1606675	f20_22	5	1595449				books/DSS-Numbers.txt	1660629	4228	1973420-1973433	14	0	7b89aa01a331b1063dae59dc23b931e2928f4fc7f53edd1c85b56785cdcbdfd0	linguistics/books/DSS-Numbers-Linguistics.txt	2438390	5996	3db45ad2469472a265461a3acdd14a5576161c9e4c89c06dd6cb4e6f5e82e57d	PARTLY_RECONSTRUCTED	46	39	9	6	24	10	6	0	1	0	0	0	0
L1595449-R002	biblical_book	Num	22	12		4Q27	1606675	f20_22	5	1595449				books/DSS-Numbers.txt	1664857	2395	1973434-1973438	5	1	a37db5995cb67ebd16652ed3995abb188412cd3af4ed2d2a2feab45d0bec89a0	linguistics/books/DSS-Numbers-Linguistics.txt	2444386	2507	3195f1ff0af9d037911b4eea662d9fe87d3de5bc3e772fe28e7216200cf6a3c4	PARTLY_RECONSTRUCTED	18	18	13	1	4	13	1	0	0	0	0	0	0
L1595450-R001	biblical_book	Num	22	12		4Q27	1606675	f20_22	6	1595450				books/DSS-Numbers.txt	1667252	3647	1973439-1973453	15	0	4db285dc2480c9c46cab99c88df53893af8a45dbf4d3bfa89468b8da86932cdb	linguistics/books/DSS-Numbers-Linguistics.txt	2446893	6247	42154b9485993f8a67cbdaca0ff83c103b36e364a9066b5d5477dbe38a1edfc3	PARTLY_RECONSTRUCTED	39	36	7	5	24	8	5	0	2	0	0	0	0
L1595450-R002	biblical_book	Num	22	13		4Q27	1606675	f20_22	6	1595450				books/DSS-Numbers.txt	1670899	2841	1973454-1973460	7	1	0a514bfa50d92fce5e278f65d157f35ce6276f53462a02f059521c195da1f7cd	linguistics/books/DSS-Numbers-Linguistics.txt	2453140	3286	7aa39d80a8feb3d588efb14caac06be259dd243a5fbd0484da8df3d5d4de0ea5	PARTLY_RECONSTRUCTED	20	20	13	6	1	13	6	0	0	0	0	0	0
L1595451-R001	biblical_book	Num	22	13		4Q27	1606675	f20_22	7	1595451				books/DSS-Numbers.txt	1673740	4365	1973461-1973475	15	0	4302ba249ea5b9c784bc4ddfbe1334e0b5f3390f0e89168b4ee7a7d97d36cb93	linguistics/books/DSS-Numbers-Linguistics.txt	2456426	6469	b3baf2410d9cb93253fb98a9d575f4dd72c1c141d09f4acb773e08598300bee9	PARTLY_RECONSTRUCTED	51	46	16	11	20	19	12	0	1	0	0	0	0
L1595451-R002	biblical_book	Num	22	14		4Q27	1606675	f20_22	7	1595451				books/DSS-Numbers.txt	1678105	2295	1973476-1973479	4	1	849fd00f500c969fe0d8bd2b2f5824af891ffae9052dba9ca9c8343d5aa899cd	linguistics/books/DSS-Numbers-Linguistics.txt	2462895	2034	d74aa2fd9b20f6ecf81970b049f49fd05f1b7b084e0947df869982dcb8a50191	PARTLY_RECONSTRUCTED	13	13	8	2	3	8	2	0	0	0	0	0	0
L1595452-R001	biblical_book	Num	22	14		4Q27	1606675	f20_22	8	1595452				books/DSS-Numbers.txt	1680400	3294	1973480-1973491	12	0	bb92014009061a747a3e4e455c1c547791aefde64ce06a9ad0a79459b398cd96	linguistics/books/DSS-Numbers-Linguistics.txt	2464929	5209	db01ad57dff31d210c46fb852d17821789286ab9a5a3fe8d064f14c8a648610b	PARTLY_RECONSTRUCTED	41	37	7	2	28	7	2	0	1	0	0	0	0
L1595452-R002	biblical_book	Num	22	15		4Q27	1606675	f20_22	8	1595452				books/DSS-Numbers.txt	1683694	2738	1973492-1973498	7	1	749eedf32f6d987b3007bf64793a48843fcdc1eb3bb2ff9e2da6db049a85ebe9	linguistics/books/DSS-Numbers-Linguistics.txt	2470138	3248	0330d5093a1e46f7f27260af25a594567b72b7e366e485c16169e5c3baaeb734	PARTLY_RECONSTRUCTED	23	23	13	5	5	13	5	0	0	0	0	0	0
L1595453-R001	biblical_book	Num	22	15		4Q27	1606675	f20_22	9	1595453				books/DSS-Numbers.txt	1686432	1970	1973499-1973503	5	0	c3ce4fd8dcc724614b8b2f7fadb60ee5e4e9b0f3bca33738be856872f22bfa33	linguistics/books/DSS-Numbers-Linguistics.txt	2473386	2344	aae01765b7138e4cbeb1f03ad3d1542e26e8e70a061cc0104b5d40d96758dec2	PARTLY_RECONSTRUCTED	13	11	5	2	4	5	2	0	1	0	0	0	0
L1595453-R002	biblical_book	Num	22	16		4Q27	1606675	f20_22	9	1595453				books/DSS-Numbers.txt	1688402	4312	1973504-1973518	15	1	3127b16f0343359b38a560081514e1db8319fcc42d9a5d47fc476caa27ffdc2c	linguistics/books/DSS-Numbers-Linguistics.txt	2475730	6591	b56cdc9b2770fe99ffa86dcd4cb793684d04ea155cfc075c0a34100c0c08bd76	PARTLY_RECONSTRUCTED	48	47	22	8	17	22	8	0	0	0	0	0	0
L1595454-R001	biblical_book	Num	22	16		4Q27	1606675	f20_22	10	1595454				books/DSS-Numbers.txt	1692714	2176	1973519-1973524	6	0	8db48092e153b1346780826e5ec19105f3d74c5b206ee4e4c58df4117cccfa60	linguistics/books/DSS-Numbers-Linguistics.txt	2482321	2730	d8678fe63667a0e5a046036196c7523826534ada009cbe9728f7c173c3a64041	PARTLY_RECONSTRUCTED	17	14	5	0	9	7	0	0	1	0	0	0	0
L1595454-R002	biblical_book	Num	22	17		4Q27	1606675	f20_22	10	1595454				books/DSS-Numbers.txt	1694890	4605	1973525-1973537	13	1	56e847c50c9a58ebbd9d524863d6d4e522ba39e36fa5efaa34ec27fe4600c0d7	linguistics/books/DSS-Numbers-Linguistics.txt	2485051	5742	eddec32e1138d56f93c4a0cc8d2bed51903ae15ad1e9d31bb14102771fd8eb31	PARTLY_RECONSTRUCTED	48	43	18	7	17	19	7	0	0	0	1	0	0
L1595455-R001	biblical_book	Num	22	17		4Q27	1606675	f20_22	11	1595455				books/DSS-Numbers.txt	1699495	2722	1973538-1973546	9	0	4c5907e862ca4ee3e5c6988609af4e8031ed3925b93c7f53cc8e81371358ed32	linguistics/books/DSS-Numbers-Linguistics.txt	2490793	3815	c9e63fdb10d1bb91233e24587bb6b9b430c32d2c0a59bd8a3735edb06332fa93	PARTLY_RECONSTRUCTED	20	16	8	1	7	10	1	0	1	0	0	0	0
L1595455-R002	biblical_book	Num	22	18		4Q27	1606675	f20_22	11	1595455				books/DSS-Numbers.txt	1702217	3691	1973547-1973559	13	1	356f0b5ca0210cd9c4bbdd1abf274ad3c5dbef3d2710473b7ff3380f2a06b04a	linguistics/books/DSS-Numbers-Linguistics.txt	2494608	5683	cc634a4e2dc519bbd81ee3e224f389873adfa9aec40e5fd951de0cee7b7f6622	PARTLY_RECONSTRUCTED	38	37	16	4	17	16	4	0	0	0	0	0	0
L1595456-R001	biblical_book	Num	22	18		4Q27	1606675	f20_22	12	1595456				books/DSS-Numbers.txt	1705908	5549	1973560-1973579	20	1	6939a5b6b77c8574543113e878146d6f15efb016d7ebeca68bf4e5d237b1a75b	linguistics/books/DSS-Numbers-Linguistics.txt	2500291	8551	c66a6c71ffbe9a8e1df1c39e1e7f6d09f8e22b88237fbce651243c832ba46cad	PARTLY_RECONSTRUCTED	62	56	32	8	16	36	8	0	2	0	0	0	0
L1595457-R001	biblical_book	Num	22	19		4Q27	1606675	f20_22	13	1595457				books/DSS-Numbers.txt	1711457	4900	1973580-1973600	21	1	af0e8fbb8c3623e3100b1fdb3ecdeb889d6b3f108c729b4a014e7a10d55c179c	linguistics/books/DSS-Numbers-Linguistics.txt	2508842	8825	39a3916bc8c111cb5283292f2ce41cfebd5a7d976aba331fe7968a0fcd413047	PARTLY_RECONSTRUCTED	57	56	44	3	9	45	3	0	0	0	0	0	0
L1595458-R001	biblical_book	Num	22	19		4Q27	1606675	f20_22	14	1595458				books/DSS-Numbers.txt	1716357	1592	1973601-1973603	3	0	f93c8b39d173c92c2cb1379666a737ad8658e7a56ceed38edc423444310fc122	linguistics/books/DSS-Numbers-Linguistics.txt	2517667	1572	d08416f0a16abfdb3983c339571c5b6afd52a3e5b2bab18ab323ab0a5bcbc503	ALL_LETTER_SLOTS_RECONSTRUCTED	8	6	6	0	0	8	0	0	1	0	0	0	0
L1595458-R002	biblical_book	Num	22	20		4Q27	1606675	f20_22	14	1595458				books/DSS-Numbers.txt	1717949	4314	1973604-1973618	15	1	6bfafac17bf0dea48ce1829be69cd5a488ff6396507b6f4801bcb23cf4da3331	linguistics/books/DSS-Numbers-Linguistics.txt	2519239	6536	91126944ab6ea46aa7e587933f81605d43991bbf05ae82cb86c40b272905680a	PARTLY_RECONSTRUCTED	48	46	29	3	14	30	3	0	0	0	0	0	0
L1595459-R001	biblical_book	Num	22	20		4Q27	1606675	f20_22	15	1595459				books/DSS-Numbers.txt	1722263	4686	1973619-1973636	18	1	c16708b28a301717fe412852c8478ef7e023259db5f94afa0275c9696431a75e	linguistics/books/DSS-Numbers-Linguistics.txt	2525775	7547	1e031e14769dd1e69034bce5d9eba9b374540553577af9f5c712a814ef332412	PARTLY_RECONSTRUCTED	53	48	34	3	11	35	3	0	1	0	0	0	0
L1595460-R001	biblical_book	Num	22	21		4Q27	1606675	f20_22	16	1595460				books/DSS-Numbers.txt	1726949	4274	1973637-1973651	15	2	d9eb836abb0f700e0db90e569869175963bc9ba7314cca28190afb047f9caf56	linguistics/books/DSS-Numbers-Linguistics.txt	2533322	6390	579e55d7352034e323fa7ec35d83f09118c20456e8e721e078c182a6a199a6b1	PARTLY_RECONSTRUCTED	43	40	33	1	6	34	1	0	1	0	0	0	0
L1595461-R001	biblical_book	Num	22	31		4Q27	1606675	f20_22	27	1595461				books/DSS-Numbers.txt	1731223	4533	1973652-1973669	18	1	34fd8a45eccbd8e50c2d9df74d80c053c375e2153f57beae699401dc1ffd2ebb	linguistics/books/DSS-Numbers-Linguistics.txt	2539712	7695	2aa95a90e3d539d588685e338552dc6dd74fc59b2cf8df015b15ada875fa6e62	PARTLY_RECONSTRUCTED	52	50	45	5	0	46	5	0	0	0	0	0	0
L1595462-R001	biblical_book	Num	22	31		4Q27	1606675	f20_22	28	1595462				books/DSS-Numbers.txt	1735756	1793	1973670-1973672	3	0	591f89e8d461141f26c8c90bb43d1f90a74c9e1c30c4d2f3926591dbe88689f4	linguistics/books/DSS-Numbers-Linguistics.txt	2547407	1575	e05baaf341f95aa1114a7bdd31a8e62d1baaaaee0be92ee53749b31ff4482d5e	PARTLY_RECONSTRUCTED	8	5	1	4	0	3	4	0	1	0	0	0	0
L1595462-R002	biblical_book	Num	22	32		4Q27	1606675	f20_22	28	1595462				books/DSS-Numbers.txt	1737549	4006	1973673-1973686	14	1	678798270ce07cb3c289ad68615d25bca83df5718067ef398f311ef51f419708	linguistics/books/DSS-Numbers-Linguistics.txt	2548982	6194	b0b7fedea1e913b91d49f9bde52260440a4b8a9370d780f1507f123b9bd85de0	PARTLY_RECONSTRUCTED	51	49	22	4	23	22	4	0	0	0	0	0	0
L1595463-R001	biblical_book	Num	22	32		4Q27	1606675	f20_22	29	1595463				books/DSS-Numbers.txt	1741555	3498	1973687-1973698	12	0	da060350f99ee12b4297a64df75ef5a564cbe45e65c5a44b6ec91007b141ff25	linguistics/books/DSS-Numbers-Linguistics.txt	2555176	5217	8917e989ec5ae5ad45ad2126649d44da4317e59c9dc3153db25f9533be5e64a0	PARTLY_RECONSTRUCTED	36	32	8	5	19	8	5	0	1	0	0	0	0
L1595463-R002	biblical_book	Num	22	33		4Q27	1606675	f20_22	29	1595463				books/DSS-Numbers.txt	1745053	3367	1973699-1973709	11	1	6650a82c9963404601926acba4a1831ae6948e1868cf2cab74e23d8fce5ce76a	linguistics/books/DSS-Numbers-Linguistics.txt	2560393	4749	516cda905f665f9fcc967af2d6cefae07d9224a9e75b0d9c385e4d9c76b08cec	PARTLY_RECONSTRUCTED	27	25	4	3	18	4	3	0	0	0	0	0	0
L1595464-R001	biblical_book	Num	22	33		4Q27	1606675	f20_22	30	1595464				books/DSS-Numbers.txt	1748420	4680	1973710-1973724	15	0	c2d1792276581315edd94725bd6cfb0c63f201d6b986f2593cbafe4847ead2a7	linguistics/books/DSS-Numbers-Linguistics.txt	2565142	6550	a8d8e9367dc2c24dca01602cf3e853378e0558262e895a960fa4ef83fde5f327	PARTLY_RECONSTRUCTED	52	47	4	11	31	5	11	0	1	0	1	0	0
L1595464-R002	biblical_book	Num	22	34		4Q27	1606675	f20_22	30	1595464				books/DSS-Numbers.txt	1753100	1878	1973725-1973727	3	1	4b860b51671e6e7cf2ffcf55ea83981d3ae08fd10adb5e4cfdd38e0ea4f7de8b	linguistics/books/DSS-Numbers-Linguistics.txt	2571692	1631	1fb1124be359b3a72d551540d08191906b33e8e5984c29062fb5c92fe9701728	NO_LETTER_RECONSTRUCTION_MARKED	10	10	0	0	10	0	0	0	0	0	0	0	0
L1595465-R001	biblical_book	Num	22	34		4Q27	1606675	f20_22	31	1595465				books/DSS-Numbers.txt	1754978	4802	1973728-1973746	19	1	8e207547f71e979116a25d0f1f0642299a228fbc687c29c9b5f3e7443fc23047	linguistics/books/DSS-Numbers-Linguistics.txt	2573323	8064	008dee59695943f931aa2549e6e136af3e14181296cb4c9ba78038474b31d4ab	NO_LETTER_RECONSTRUCTION_MARKED	56	53	0	7	46	0	7	0	1	0	0	0	0
L1595466-R001	biblical_book	Num	22	37		4Q27	1606675	f23_26	5	1595466				books/DSS-Numbers.txt	1759780	3684	1973747-1973759	13	0	29bd800ba3e79cdc7e914220503f824c1b781db1d69ce792184198d3db06e9d3	linguistics/books/DSS-Numbers-Linguistics.txt	2581387	5596	26fac13d3c6b90d35a40a6f8d6bc3faf1c753c307f9784acc81617170f89258b	PARTLY_RECONSTRUCTED	44	39	35	2	2	40	2	0	1	0	0	0	0
L1595466-R002	biblical_book	Num	22	38		4Q27	1606675	f23_26	5	1595466				books/DSS-Numbers.txt	1763464	1732	1973760-1973761	2	1	e8c43643a30b3089859db341c6f53168cbd12a5f917ff3e6a9f1297d0636892b	linguistics/books/DSS-Numbers-Linguistics.txt	2586983	1178	7b160d161ea37689672a9b336551a14c4f57808b83a8e3a71d5633682f62a7f7	ALL_LETTER_SLOTS_RECONSTRUCTED	6	6	6	0	0	6	0	0	0	0	0	0	0
L1595467-R001	biblical_book	Num	22	38		4Q27	1606675	f23_26	6	1595467				books/DSS-Numbers.txt	1765196	4216	1973762-1973777	16	1	bf60c60eae194ccf30783c69d723168286288c5db39f4a96a156290eb24d670a	linguistics/books/DSS-Numbers-Linguistics.txt	2588161	6966	51d2adb5f6c050646f835007f42747f96c078c9d31834cf0a7b4f2ed2252155d	PARTLY_RECONSTRUCTED	51	48	44	2	2	45	2	0	1	0	0	0	0
L1595468-R001	biblical_book	Num	22	40		4Q27	1606675	f23_26	8	1595468				books/DSS-Numbers.txt	1769412	3787	1973778-1973794	17	0	74b2a4af0969bc86b43268c7cb510209657bff2a511c0dd8097ef90e99a8584a	linguistics/books/DSS-Numbers-Linguistics.txt	2595127	7066	c5b252463f2a6da994e3377bbfad148a1c38e240c599c13ed1114701d68ce175	ALL_LETTER_SLOTS_RECONSTRUCTED	43	38	38	0	0	43	0	1	2	0	0	0	0
L1595468-R002	biblical_book	Num	22	41		4Q27	1606675	f23_26	8	1595468				books/DSS-Numbers.txt	1773199	2167	1973795-1973798	4	1	4626d81202c20a4d0e831c94e6c194fbdb3aea235b3c8c829a8b99698776f650	linguistics/books/DSS-Numbers-Linguistics.txt	2602193	1997	7741283504865ab4c880aa9cd4c6015b13b392fa8cf57f7ebf6436f5684d86e3	PARTLY_RECONSTRUCTED	9	9	5	2	2	5	2	0	0	0	0	0	0
L1595469-R001	biblical_book	Num	22	41		4Q27	1606675	f23_26	9	1595469				books/DSS-Numbers.txt	1775366	3729	1973799-1973815	17	0	f110c02fb7235c44516edab60caf9205ae281d125fd1aa7840b620625a202359	linguistics/books/DSS-Numbers-Linguistics.txt	2604190	7140	d25c79e9aefdcb75d33f2a60025cdfa3b0a27f0a60b728215e6e6cdcece450c1	PARTLY_RECONSTRUCTED	42	39	36	0	3	37	0	0	1	0	0	0	0
L1595469-R002	biblical_book	Num	23	1		4Q27	1606675	f23_26	9	1595469				books/DSS-Numbers.txt	1779095	1833	1973816-1973817	2	1	ab48a4ad807f6b759f43feded029fe6104f3781d88c56eca3685da855b6b3236	linguistics/books/DSS-Numbers-Linguistics.txt	2611330	1185	f3e53335d09428f3a5a680adc8d5191957dacb30937ee11aec52ea294b12f071	PARTLY_RECONSTRUCTED	6	6	3	1	2	3	1	0	0	0	0	0	0
L1595470-R001	biblical_book	Num	23	1		4Q27	1606675	f23_26	10	1595470				books/DSS-Numbers.txt	1780928	4490	1973818-1973835	18	1	17dc6ae8db3930cc6faf3d5bd60592ef003695920ab0e58903710792129aaa97	linguistics/books/DSS-Numbers-Linguistics.txt	2612515	7653	513b00d88f77257692097c0ba5edaf7aff167359d87ea23679ebd04628a25d87	PARTLY_RECONSTRUCTED	51	49	39	2	8	41	2	0	0	0	0	0	0
L1595471-R001	biblical_book	Num	23	1		4Q27	1606675	f23_26	11	1595471				books/DSS-Numbers.txt	1785418	1455	1973836-1973837	2	0	864933f9d96b4a7bbd44e1d0377c7cb14c71bc4bdfcc061e862f6c2ce99a458f	linguistics/books/DSS-Numbers-Linguistics.txt	2620168	1171	8aa098b02d1702a39645ee47ef0088ab995fe9963f1bb45fbdb15f209cc2eb70	ALL_LETTER_SLOTS_RECONSTRUCTED	7	5	5	0	0	7	0	0	1	0	0	0	0
L1595471-R002	biblical_book	Num	23	2		4Q27	1606675	f23_26	11	1595471				books/DSS-Numbers.txt	1786873	4398	1973838-1973855	18	1	ae008e5d55dc706973127f0f983964388b09b613d3fb92fea75284953c668fb4	linguistics/books/DSS-Numbers-Linguistics.txt	2621339	7652	52b5b19aa55d831cab97be4d535dc37d582eb9d05272152c05d5e1f48edafa48	PARTLY_RECONSTRUCTED	43	41	25	5	11	25	5	0	1	0	0	0	0
L1595472-R001	biblical_book	Num	23	3		4Q27	1606675	f23_26	12	1595472				books/DSS-Numbers.txt	1791271	4385	1973856-1973869	14	1	a132b523c227c8ea8be9c75004bb47433836d0eb3d0b42d0777fdc93787473a2	linguistics/books/DSS-Numbers-Linguistics.txt	2628991	6267	166a0438dfd2948861bb591b93bda411254f61f6c6cf895be461751fa8c75118	PARTLY_RECONSTRUCTED	52	51	23	5	22	23	5	0	0	0	1	0	0
L1595473-R001	biblical_book	Num	23	3		4Q27	1606675	f23_26	13	1595473				books/DSS-Numbers.txt	1795656	4861	1973870-1973887	18	1	0eb92c573f0497a6e0084bab1a4bab738d9e9e200f30cde6f1b944e983454c44	linguistics/books/DSS-Numbers-Linguistics.txt	2635258	7603	2507c86285e5414828ef1e153649b241522cca1cb1a5ff0ce46451d2b54ba3c5	PARTLY_RECONSTRUCTED	55	51	25	2	24	27	2	0	0	0	0	0	0
L1595474-R001	biblical_book	Num	23	3		4Q27	1606675	f23_26	14	1595474				books/DSS-Numbers.txt	1800517	2214	1973888-1973894	7	0	4c2fbb2df1bc5227714081201f03b8a9654b5d7f81ade8134b4cc6413636a119	linguistics/books/DSS-Numbers-Linguistics.txt	2642861	3176	7fa8d5714202cdd27b8aafe48e9a497a01021e80e061c87ac256477d24334fa6	ALL_LETTER_SLOTS_RECONSTRUCTED	21	19	19	0	0	21	0	0	1	0	0	0	0
L1595474-R002	biblical_book	Num	23	4		4Q27	1606675	f23_26	14	1595474				books/DSS-Numbers.txt	1802731	3494	1973895-1973903	9	1	119d91b24c4f1e8c163439af777747f5937566a34564f212903885b7d6362c1c	linguistics/books/DSS-Numbers-Linguistics.txt	2646037	4196	5fe46f480bb6744043ed5b3287c5523a61d7796f78a6134b8cd93f80fbbf602a	PARTLY_RECONSTRUCTED	32	31	16	10	6	16	10	0	0	0	0	0	0
L1595475-R001	biblical_book	Num	23	4		4Q27	1606675	f23_26	15	1595475				books/DSS-Numbers.txt	1806225	3075	1973904-1973916	13	0	083322313998279d7f3c74353980b83f8f884cc210d6e46335fdb1e10a0006db	linguistics/books/DSS-Numbers-Linguistics.txt	2650233	5608	858a709ce7eccff6699ce04ff4fcce665b6237f24fce94d861ed2339be499d16	ALL_LETTER_SLOTS_RECONSTRUCTED	35	33	33	0	0	35	0	0	1	0	0	0	0
L1595475-R002	biblical_book	Num	23	5		4Q27	1606675	f23_26	15	1595475				books/DSS-Numbers.txt	1809300	2202	1973917-1973921	5	1	9940b2091bdadcad30fc8abb7e853841eba2c9babb532ad84a1867a493403afc	linguistics/books/DSS-Numbers-Linguistics.txt	2655841	2438	b1470780856f77f18d3db84d77abbbbdc433957dde4eadc68a66f9e27ff09828	ALL_LETTER_SLOTS_RECONSTRUCTED	15	15	15	0	0	15	0	0	0	0	0	0	0
L1595476-R001	biblical_book	Num	23	5		4Q27	1606675	f23_26	16	1595476				books/DSS-Numbers.txt	1811502	2920	1973922-1973933	12	0	3e3be51a37b6afc423433cbbdbe91d8f69cdc3e7bce2c5cf854a9f535a66d8b1	linguistics/books/DSS-Numbers-Linguistics.txt	2658279	5122	083f66ca8c4e525355af955e9d759fa19516a580fa57909a844098d9ad7133fd	ALL_LETTER_SLOTS_RECONSTRUCTED	31	29	29	0	0	31	0	0	1	0	0	0	0
L1595476-R002	biblical_book	Num	23	6		4Q27	1606675	f23_26	16	1595476				books/DSS-Numbers.txt	1814422	2793	1973934-1973941	8	1	2f54a752333df9d6158999898b6ddd2d47c1629124418316be0ba918b4adef7b	linguistics/books/DSS-Numbers-Linguistics.txt	2663401	3501	32cafd4c7955994dd7a24f47a16f23325bcdfd8dfe9f809b81cd43fa3052004e	PARTLY_RECONSTRUCTED	21	18	17	0	1	18	0	0	1	0	0	0	0
L1595477-R001	biblical_book	Num	23	13		4Q27	1606675	f23_26	24	1595477				books/DSS-Numbers.txt	1817215	4623	1973942-1973957	16	1	d0a6a940860b98af4cf0a1b0a8353ecf9a0b4d5b1ee04bea8c0cc42bb3518530	linguistics/books/DSS-Numbers-Linguistics.txt	2666902	6895	a24e682f4772ec5e3f47a0140b16581130df3731ea25f8b9e2241d3db432e575	PARTLY_RECONSTRUCTED	54	49	46	1	2	50	1	0	0	0	0	0	0
L1595478-R001	biblical_book	Num	23	13		4Q27	1606675	f23_26	25	1595478				books/DSS-Numbers.txt	1821838	3005	1973958-1973967	10	0	d34550f39b014ca3f7b009271d32c4421e96803f77bc1bf45e04762595018d50	linguistics/books/DSS-Numbers-Linguistics.txt	2673797	4252	fa47592c04424cfa33c528f87917870445b4955d3cc05b93d89f4dd78eb8d0f0	ALL_LETTER_SLOTS_RECONSTRUCTED	28	23	23	0	0	28	0	0	1	0	0	0	0
L1595478-R002	biblical_book	Num	23	14		4Q27	1606675	f23_26	25	1595478				books/DSS-Numbers.txt	1824843	3159	1973968-1973977	10	1	30de52558b1e6876545b50b6c104854299cdc8a7dbcb52ccac58973b8daf7dac	linguistics/books/DSS-Numbers-Linguistics.txt	2678049	4468	207fb769b7dc4ae6faa83fa8be037686a35acab2c2d3c6b6c5f07d9e037cd450	PARTLY_RECONSTRUCTED	30	29	24	2	3	25	2	0	0	0	0	0	0
L1595479-R001	biblical_book	Num	23	14		4Q27	1606675	f23_26	26	1595479				books/DSS-Numbers.txt	1828002	2777	1973978-1973988	11	0	7ef2cf4d93cdf39c31dca0c8d9d051a50fe5fe9c52ecbbf37eaefa7681ec6165	linguistics/books/DSS-Numbers-Linguistics.txt	2682517	4830	60f1e698528502ef060c912db00349156d6dd885eba9601ea9cb31425ed061b1	ALL_LETTER_SLOTS_RECONSTRUCTED	29	27	27	0	0	29	0	0	1	0	0	0	0
L1595479-R002	biblical_book	Num	23	15		4Q27	1606675	f23_26	26	1595479				books/DSS-Numbers.txt	1830779	2645	1973989-1973995	7	1	b0bc8c10569b6dc9e87b7e29dac5be1202f01838dda2915e013d5bea913a9b95	linguistics/books/DSS-Numbers-Linguistics.txt	2687347	3215	813d357baf1caa6b3fb62db2437f2e1729fed0d92802848e186ec5f79cfe194f	PARTLY_RECONSTRUCTED	22	20	17	1	2	17	1	0	1	0	0	0	0
L1595480-R001	biblical_book	Num	23	21		4Q27	1606675	f24ii+27_30	1	1595480				books/DSS-Numbers.txt	1833424	2868	1973996-1974004	9	1	36659c0a77c3db149d63f512399c6789fac71f0df0a495b27bedcc3ed279df70	linguistics/books/DSS-Numbers-Linguistics.txt	2690562	3969	ab1a87ab61e0810de66444c750e06ec4fe30e9e11279d22696ce1b0d11f5943d	PARTLY_RECONSTRUCTED	25	23	19	0	4	21	0	1	1	0	0	0	0
L1595481-R001	biblical_book	Num	23	21		4Q27	1606675	f24ii+27_30	2	1595481				books/DSS-Numbers.txt	1836292	3240	1974005-1974015	11	0	c76bb880f19fcd00f6c25366c33d9008428203ef1d51936718b16845d30c7a9b	linguistics/books/DSS-Numbers-Linguistics.txt	2694531	4975	2fcbc294b5dcc07ab4f4e8cc6677914861370b4e6b7388f6eefe44f7aa61acd2	ALL_LETTER_SLOTS_RECONSTRUCTED	38	33	33	0	0	38	0	0	1	0	0	0	0
L1595481-R002	biblical_book	Num	23	22		4Q27	1606675	f24ii+27_30	2	1595481				books/DSS-Numbers.txt	1839532	2489	1974016-1974020	5	1	e27317ee29bc9e8edc2d5f72c42f0d68820525bc4225c720ee000c5b0797fe76	linguistics/books/DSS-Numbers-Linguistics.txt	2699506	2434	ba9afc3da70474743709e5a21127469428de5b441f8753a20b7d573d44f26655	PARTLY_RECONSTRUCTED	17	14	12	1	1	13	1	0	1	0	0	0	0
L1595482-R001	biblical_book	Num	23	27		4Q27	1606675	f24ii+27_30	9	1595482				books/DSS-Numbers.txt	1842021	3534	1974021-1974031	11	0	d71979373ddae0239ed235a14e2566b011482ea5de5a98e692c586f3bb0acc03	linguistics/books/DSS-Numbers-Linguistics.txt	2701940	4842	a15fc0bae1f00900432f6200cd239f389dc9d5a156631c7b51560a745d9e082b	PARTLY_RECONSTRUCTED	35	30	17	6	7	22	6	0	2	0	0	0	0
L1595482-R002	biblical_book	Num	23	28		4Q27	1606675	f24ii+27_30	9	1595482				books/DSS-Numbers.txt	1845555	2361	1974032-1974037	6	1	3ea89e7890a359f86a3d36441f9d224eac10a72ab4849c82a936546f47a8ceee	linguistics/books/DSS-Numbers-Linguistics.txt	2706782	2852	bd6abac9f2e63417b5a94858ac46bcde891be5bcfc8e4cdd2504e858a9215187	ALL_LETTER_SLOTS_RECONSTRUCTED	17	17	17	0	0	17	0	0	0	0	0	0	0
L1595483-R001	biblical_book	Num	23	28		4Q27	1606675	f24ii+27_30	10	1595483				books/DSS-Numbers.txt	1847916	2745	1974038-1974046	9	0	8b997359938263504da08a91d38bb5e9c4fb3bc4456a30a6d7fb83d4c2ab591d	linguistics/books/DSS-Numbers-Linguistics.txt	2709634	4043	936a77b44e49bc2e403f7333960e8bd6313e93b7eb971d06d508bb6620031d43	NO_LETTER_RECONSTRUCTION_MARKED	24	22	0	6	16	2	6	0	1	0	0	0	0
L1595483-R002	biblical_book	Num	23	29		4Q27	1606675	f24ii+27_30	10	1595483				books/DSS-Numbers.txt	1850661	3078	1974047-1974056	10	1	f0583062751962f6be560d4e69524ea9462ecca8d2d79f71385423ad72f1fbfa	linguistics/books/DSS-Numbers-Linguistics.txt	2713677	4416	4748bb539259dec3cf2673fd74b7444609ac6674512788806fac9d7ee339370a	ALL_LETTER_SLOTS_RECONSTRUCTED	28	27	27	0	0	28	0	0	0	0	0	0	0
L1595484-R001	biblical_book	Num	23	29		4Q27	1606675	f24ii+27_30	11	1595484				books/DSS-Numbers.txt	1853739	3084	1974057-1974068	12	0	14735afa5c14fc09621c11c8a785d6b95744dd07e5ef4e18b430ff3bc000d21d	linguistics/books/DSS-Numbers-Linguistics.txt	2718093	5222	bdaf8d47990cdb442195b52451a39c209ab62399fe6f6553810da4896c61daf6	PARTLY_RECONSTRUCTED	36	33	10	1	22	12	1	0	1	0	0	0	0
L1595484-R002	biblical_book	Num	23	30		4Q27	1606675	f24ii+27_30	11	1595484				books/DSS-Numbers.txt	1856823	2489	1974069-1974075	7	1	3b79662cc96ef7765d15e872df2ba752cc479204081737662f3324f2b85bb30d	linguistics/books/DSS-Numbers-Linguistics.txt	2723315	3253	e8473c9574ace7d5720e8e149c3124b42ae0977e8a24716799b83e5c22c2059d	ALL_LETTER_SLOTS_RECONSTRUCTED	18	18	18	0	0	18	0	0	0	0	0	0	0
L1595485-R001	biblical_book	Num	23	30		4Q27	1606675	f24ii+27_30	12	1595485				books/DSS-Numbers.txt	1859312	2338	1974076-1974083	8	0	64645f35c36085f86f723accb2be8e49190ab2aff91ecedc99fcca639113c7f5	linguistics/books/DSS-Numbers-Linguistics.txt	2726568	3543	9d0092c7d18d0fef22de251fe3890871f06113a42bd05cd3a764806d67b50396	NO_LETTER_RECONSTRUCTION_MARKED	17	15	0	1	14	0	1	0	1	0	0	0	0
L1595485-R002	biblical_book	Num	24	1		4Q27	1606675	f24ii+27_30	12	1595485				books/DSS-Numbers.txt	1861650	3237	1974084-1974095	12	1	23a7ecee6749daa2f5d4443bfe9388c9dd4a576a934fe1495dbac3a6e858269f	linguistics/books/DSS-Numbers-Linguistics.txt	2730111	5277	f9aa7b8f6e40af9fdda6c861f4b593f804a3c540f51c3ecc3c0430aa3961717d	PARTLY_RECONSTRUCTED	34	34	26	0	8	26	0	0	0	0	0	0	0
L1595486-R001	biblical_book	Num	24	1		4Q27	1606675	f24ii+27_30	13	1595486				books/DSS-Numbers.txt	1864887	4604	1974096-1974116	21	1	58aa0c25a131613252ccd40a823bb99df98b06653fec244c184d2734ce842d79	linguistics/books/DSS-Numbers-Linguistics.txt	2735388	8718	1744a544b75af04726fd485e6e2abef83ab6c51772b1d38cdd370729075db485	PARTLY_RECONSTRUCTED	51	51	28	3	20	28	3	0	0	0	0	0	0
L1595487-R001	biblical_book	Num	24	1		4Q27	1606675	f24ii+27_30	14	1595487				books/DSS-Numbers.txt	1869491	1820	1974117-1974120	4	0	707fd2d6ba98e0ed807e38c5eb4b305f32a409651f1de0ccf7703640af8a6309	linguistics/books/DSS-Numbers-Linguistics.txt	2744106	2003	cec91bfb0f078c07c38317ea0db7fd76a85409905579511b7d2d80bbf557e8f7	NO_LETTER_RECONSTRUCTION_MARKED	12	9	0	0	9	0	0	0	1	0	0	0	0
L1595487-R002	biblical_book	Num	24	2		4Q27	1606675	f24ii+27_30	14	1595487				books/DSS-Numbers.txt	1871311	4239	1974121-1974135	15	1	bee031804df3d307e87bc7a7a9d4de203ea35cad107cba65029952d4a2c94c4c	linguistics/books/DSS-Numbers-Linguistics.txt	2746109	6500	62b14284cacb19de307421c83f5a9d35174a18f6031068ece65e4b9227f0b2fe	PARTLY_RECONSTRUCTED	47	44	38	2	4	41	2	0	0	0	0	0	0
L1595488-R001	biblical_book	Num	24	2		4Q27	1606675	f24ii+27_30	15	1595488				books/DSS-Numbers.txt	1875550	2315	1974136-1974138	3	2	f72da6282eeb6fba5233b140e46e0e1b1dd952ae3813c9f1ea596a0a715209cd	linguistics/books/DSS-Numbers-Linguistics.txt	2752609	1628	c4b17c8a4b1f3dfb1b3d8efd1ad9eb71ba9fee3c4d685c0dd00f0fce517e7e5a	NO_LETTER_RECONSTRUCTION_MARKED	11	9	0	0	9	0	0	0	1	0	0	0	0
L1595489-R001	biblical_book	Num	24	3		4Q27	1606675	f24ii+27_30	16	1595489				books/DSS-Numbers.txt	1877865	3970	1974139-1974155	17	0	5edcd07b71f8a4e3cc9b129d44f0bcb5a11c52be590e668c6bf1c0b8c9a877b8	linguistics/books/DSS-Numbers-Linguistics.txt	2754237	7245	465c0cdc83ccda9b1a52dd29b3af5aeaf0e5441acfaa55a23bbbb07ec07b0f74	PARTLY_RECONSTRUCTED	50	46	28	1	17	31	1	0	1	0	0	0	0
L1595489-R002	biblical_book	Num	24	4		4Q27	1606675	f24ii+27_30	16	1595489				books/DSS-Numbers.txt	1881835	1768	1974156-1974157	2	1	8210098ce53ecb941f87d8e0b4c4ebb1d7af140ab092505a7e556eb134532b53	linguistics/books/DSS-Numbers-Linguistics.txt	2761482	1261	ca610e6a8a6a75de4bed6d9857e47a81bf8a177d165b581f9dd77cce5d03852f	ALL_LETTER_SLOTS_RECONSTRUCTED	7	7	7	0	0	7	0	0	0	0	0	0	0
L1595490-R001	biblical_book	Num	24	4		4Q27	1606675	f24ii+27_30	17	1595490				books/DSS-Numbers.txt	1883603	2615	1974158-1974164	7	0	3b0667c2ccd5b0bccec009b034b2ac961b9c6725f6b1599453cc594f2dcc6dec	linguistics/books/DSS-Numbers-Linguistics.txt	2762743	3219	38a71fb7f8a264a4e552eb8b10006b8a3b6808ffa98ceafde755799938d8321e	PARTLY_RECONSTRUCTED	23	21	13	6	2	15	6	0	1	0	0	0	0
L1595490-R002	biblical_book	Num	24	5		4Q27	1606675	f24ii+27_30	17	1595490				books/DSS-Numbers.txt	1886218	2970	1974165-1974171	7	1	8966eda34dbbec02b15a9c420b72711ace3670188426f8e4e8c9f741ff473f88	linguistics/books/DSS-Numbers-Linguistics.txt	2765962	3448	af7bda83ffa32939862ec49eb1f135bba95124710bb0bf31bf5d9110a3ab2536	PARTLY_RECONSTRUCTED	36	32	30	2	0	33	2	0	1	0	0	0	0
L1595491-R001	biblical_book	Num	24	6		4Q27	1606675	f24ii+27_30	18	1595491				books/DSS-Numbers.txt	1889188	3950	1974172-1974187	16	0	1ba0e2d1bd5025f87d288b8bd9ac0a61fc3d0fc08ec33084a9b99106f376e6f5	linguistics/books/DSS-Numbers-Linguistics.txt	2769410	6928	83f5244e2900c89237cbc7bd63215b1de869fdae374ce58e26156132f69fd2eb	PARTLY_RECONSTRUCTED	50	48	35	2	8	37	2	0	1	0	4	0	0
L1595491-R002	biblical_book	Num	24	7		4Q27	1606675	f24ii+27_30	18	1595491				books/DSS-Numbers.txt	1893138	1758	1974188-1974189	2	1	42348fc6011d97f11c5f816c9616e6240f7f3923a639fa95dd0700b4fdbc109a	linguistics/books/DSS-Numbers-Linguistics.txt	2776338	1210	cfefb3af7f481545cfd3b78b10a393f05e11164dc2555aa545463be8189f1df2	ALL_LETTER_SLOTS_RECONSTRUCTED	6	6	6	0	0	6	0	0	0	0	0	0	0
L1595492-R001	biblical_book	Num	24	7		4Q27	1606675	f24ii+27_30	19	1595492				books/DSS-Numbers.txt	1894896	4085	1974190-1974205	16	0	78d985fc5d526a246ad3118dd25659477c737891403a3c8d18f8e7b8acf3cbf0	linguistics/books/DSS-Numbers-Linguistics.txt	2777548	6840	0f513fe60cc5fa4c6c866adab5df15f434cbceb727fee8dde2f5a621437f2ede	PARTLY_RECONSTRUCTED	48	42	28	1	13	31	1	0	1	0	0	0	0
L1595492-R002	biblical_book	Num	24	8		4Q27	1606675	f24ii+27_30	19	1595492				books/DSS-Numbers.txt	1898981	2201	1974206-1974209	4	1	6106145c066979598ff787b3f27a1d525edf204c71b29883a0dd512770b30a6f	linguistics/books/DSS-Numbers-Linguistics.txt	2784388	2058	d9befa524a80cc633a62861766c4f5b974d503b046d7cc1cd56e866fbd58d134	ALL_LETTER_SLOTS_RECONSTRUCTED	13	12	12	0	0	13	0	0	0	0	0	0	0
L1595493-R001	biblical_book	Num	24	8		4Q27	1606675	f24ii+27_30	20	1595493				books/DSS-Numbers.txt	1901182	4416	1974210-1974224	15	1	31dde229aef7e6dedb8c6ee8bfe12575355b74f49bbc10288764800d7f7f5213	linguistics/books/DSS-Numbers-Linguistics.txt	2786446	6527	e70940630d2b7633d4d9c0c073a6b9e2a7271b80714b59446fe547f0a18b44fc	PARTLY_RECONSTRUCTED	57	51	36	1	14	39	1	0	1	0	0	0	0
L1595494-R001	biblical_book	Num	24	9		4Q27	1606675	f24ii+27_30	21	1595494				books/DSS-Numbers.txt	1905598	3984	1974225-1974239	15	0	b3af7bd66bc09286a472d33e8e48235a332f25d25c9d0dbfe64e2b1812a02ade	linguistics/books/DSS-Numbers-Linguistics.txt	2792973	6417	35df2d1406126c5948b74a30646548981344df23fc1865c3ab8eb6bc14597334	PARTLY_RECONSTRUCTED	53	48	40	1	7	45	1	0	1	0	0	0	0
L1595494-R002	biblical_book	Num	24	10		4Q27	1606675	f24ii+27_30	21	1595494				books/DSS-Numbers.txt	1909582	1875	1974240-1974242	3	1	ff469e82edb07b9b576e10d46834a4efc398d255e2191e03064cfeba0a8a0e77	linguistics/books/DSS-Numbers-Linguistics.txt	2799390	1565	1d6c0a0b64578202291c8c4b3c944f44fe04e29a212227525616cd8bdd8c46a1	ALL_LETTER_SLOTS_RECONSTRUCTED	6	6	6	0	0	6	0	0	0	0	0	0	0
L1595495-R001	biblical_book	Num	24	10		4Q27	1606675	f24ii+27_30	22	1595495				books/DSS-Numbers.txt	1911457	4135	1974243-1974255	13	2	18696b26ac84d62f99a56085b9d229d6b3715b877736af5bc4d81d9b031a4439	linguistics/books/DSS-Numbers-Linguistics.txt	2800955	5668	10b00737a56af9a80b136300f0eb576b8180bd969bcf57367c74824df1cbe85d	PARTLY_RECONSTRUCTED	39	36	30	1	5	31	1	0	1	0	0	0	0
L1595496-R001	biblical_book	Num	25	4		4Q27	1606675	f31_33i	10	1595496				books/DSS-Numbers.txt	1915592	2567	1974256-1974262	7	1	ba8b4a527486aa91bf8dba2a8ac808cf3358af143142b06f4fb198f3aae534c5	linguistics/books/DSS-Numbers-Linguistics.txt	2806623	3138	4ce5baf57ac6a6cf7372346a7a1f81f778cfc39c4445015ba4ec1570a65a0541	PARTLY_RECONSTRUCTED	20	18	15	0	3	17	0	1	1	0	0	0	0
L1595497-R001	biblical_book	Num	25	4		4Q27	1606675	f31_33i	11	1595497				books/DSS-Numbers.txt	1918159	4404	1974263-1974280	18	1	007fa815d150bebe4b7fff8ba69e2596a814efc7a0ed35a1ff0a7bf5fa620c54	linguistics/books/DSS-Numbers-Linguistics.txt	2809761	7529	1bba1e725635fc83ee89df318c58d9054d04896c310dfdcedc5b1c26c31693c4	PARTLY_RECONSTRUCTED	50	49	43	0	6	44	0	0	0	0	0	0	0
L1595498-R001	biblical_book	Num	25	4		4Q27	1606675	f31_33i	12	1595498				books/DSS-Numbers.txt	1922563	1582	1974281-1974283	3	0	11afb1db8ca589564c04044a5129f84a5829e41b8b0446818aae1cce60cc5c2f	linguistics/books/DSS-Numbers-Linguistics.txt	2817290	1593	824e33f2f05b50a268a547583e4b398d0e4d4dccb444ba0a4a5d4d37d54d6ecc	ALL_LETTER_SLOTS_RECONSTRUCTED	8	6	6	0	0	8	0	0	1	0	0	0	0
L1595498-R002	biblical_book	Num	25	5		4Q27	1606675	f31_33i	12	1595498				books/DSS-Numbers.txt	1924145	3592	1974284-1974295	12	1	3c3271c01370745b301a35b1773fedf501b316440cd29333ce5d4834bc59552d	linguistics/books/DSS-Numbers-Linguistics.txt	2818883	5313	90ab234df308a8f94ba324dee5c80eefb9cde8ea2eec31952166ffe344ac6805	PARTLY_RECONSTRUCTED	44	43	29	3	11	30	3	0	0	0	0	0	0
L1595499-R001	biblical_book	Num	25	5		4Q27	1606675	f31_33i	13	1595499				books/DSS-Numbers.txt	1927737	1729	1974296-1974299	4	0	2fe5b9adb71bf9c6eb3e9dc7785976b4caf32012fdf74cbaea8824ce0524d15f	linguistics/books/DSS-Numbers-Linguistics.txt	2824196	1971	527517a3edc4135448a6132237cc2aaa7417b596b2d0d99e440189c493cbdd1b	ALL_LETTER_SLOTS_RECONSTRUCTED	10	8	8	0	0	10	0	0	1	0	0	0	0
L1595499-R002	biblical_book	Num	25	6		4Q27	1606675	f31_33i	13	1595499				books/DSS-Numbers.txt	1929466	4205	1974300-1974315	16	1	f2c858ce1bb930f8cb712785aa1146dfc541d6f571d76b802d51d984a83d0698	linguistics/books/DSS-Numbers-Linguistics.txt	2826167	6874	6f7e596a72f98faefe7f9e82e7c4d3ecc18f7089865bbecc84017a11bdaa3660	PARTLY_RECONSTRUCTED	44	43	33	5	5	34	5	0	0	0	0	0	0
L1595500-R001	biblical_book	Num	25	6		4Q27	1606675	f31_33i	14	1595500				books/DSS-Numbers.txt	1933671	4101	1974316-1974330	15	2	90d48543dd6d3190fba90821500047526013fa21bc7aa7567ec42a2f518f608b	linguistics/books/DSS-Numbers-Linguistics.txt	2833041	6468	672c4d616e1820d2e3239e66960661a923a5a30c75699f24b576ac455090330a	ALL_LETTER_SLOTS_RECONSTRUCTED	46	44	44	0	0	46	0	0	1	0	0	0	0
L1595501-R001	biblical_book	Num	25	7		4Q27	1606675	f31_33i	15	1595501				books/DSS-Numbers.txt	1937772	4335	1974331-1974347	17	2	2da847da033f3bbc210901dc7e68213265bc5d4db8e844234800edaeeaa68395	linguistics/books/DSS-Numbers-Linguistics.txt	2839509	7269	58ee58cf632a6d805f75d8c1a6f9083ce6fdafa418bfbde73a84fd753fea5226	PARTLY_RECONSTRUCTED	45	45	41	1	3	41	1	0	0	0	0	0	0
L1595502-R001	biblical_book	Num	25	7		4Q27	1606675	f31_33i	16	1595502				books/DSS-Numbers.txt	1942107	1860	1974348-1974351	4	0	ceee879ec1e1afde05b0f5b3c03da7528e5c0b7abbeffe69f7b3c9f8c8ee9fb7	linguistics/books/DSS-Numbers-Linguistics.txt	2846778	1932	f0e7120640ac4b0356f49c1223263bc4661c87dc54a33e9494d2a9dc3443e617	ALL_LETTER_SLOTS_RECONSTRUCTED	11	8	8	0	0	11	0	0	1	0	0	0	0
L1595502-R002	biblical_book	Num	25	8		4Q27	1606675	f31_33i	16	1595502				books/DSS-Numbers.txt	1943967	3710	1974352-1974365	14	1	86e3ddd3f4f5b9d9e43e29810b6f01962eb63b6f26cff7ad79a53d9998f96e1d	linguistics/books/DSS-Numbers-Linguistics.txt	2848710	6017	56b4c04b1ab78cf07e12deb2fb8e18a2cc04d8810b61a070039f7fe5d3abf6b6	PARTLY_RECONSTRUCTED	42	39	37	0	2	38	0	0	1	0	0	0	0
L1595503-R001	biblical_book	Num	25	16		4Q27	1606675	f31_33i	24	1595503				books/DSS-Numbers.txt	1947677	1913	1974366	1	2	3c3c648f1a4d1524f9f263edb0d5a81dd4a3eafdd1d6b956a46037bb8e4ab178	linguistics/books/DSS-Numbers-Linguistics.txt	2854727	749	71a40e772258a931a6f63e388b3a3f9431f057186ccf579dbe3ffef33882e636	NO_LETTER_SLOTS	2	0	0	0	0	2	0	1	1	0	0	0	0
L1595504-R001	biblical_book	Num	25	16		4Q27	1606675	f31_33i	25	1595504				books/DSS-Numbers.txt	1949590	3422	1974367-1974380	14	0	db9d642fc2142fc05e57f718b2632fbb4fc725384c8752c7cd1379b7258c5a23	linguistics/books/DSS-Numbers-Linguistics.txt	2855476	5951	8e9b6702cb33b12b0ac7fbbb4a1cda3e63704ef0e3a7b8f4891939d0c5bcfbb2	PARTLY_RECONSTRUCTED	39	37	34	2	1	36	2	0	1	0	0	0	0
L1595504-R002	biblical_book	Num	25	17		4Q27	1606675	f31_33i	25	1595504				books/DSS-Numbers.txt	1953012	2081	1974381-1974384	4	1	1a621b13e0f5bc333b55dae59e8589fadac10681b97898213cc2a2e6e06ede86	linguistics/books/DSS-Numbers-Linguistics.txt	2861427	2057	30113e48647f6a8fc3ffdfe516864ef14ebb3b95ac9e89ff4f93950c3f383e43	PARTLY_RECONSTRUCTED	14	14	5	0	9	5	0	0	0	0	0	0	0
L1595505-R001	biblical_book	Num	25	17		4Q27	1606675	f31_33i	26	1595505				books/DSS-Numbers.txt	1955093	1902	1974385-1974388	4	0	c45f028471bc2ed4446184c1eed8b20690d4c1517477a5c84d71d09ebcabc801	linguistics/books/DSS-Numbers-Linguistics.txt	2863484	1944	6831f92821cde746db885779d1cdee535835bc2c7ddcd1fda08a146d14f4149b	ALL_LETTER_SLOTS_RECONSTRUCTED	14	11	11	0	0	14	0	0	1	0	0	0	0
L1595505-R002	biblical_book	Num	25	18		4Q27	1606675	f31_33i	26	1595505				books/DSS-Numbers.txt	1956995	3595	1974389-1974397	9	1	efbe7b96d3d38603f64396e8f560400d22aad3e805a6ba4ea4f63be32d721ce1	linguistics/books/DSS-Numbers-Linguistics.txt	2865428	4116	b4fe0334dd6f35d4ce30d7667e17d6e63b9dc59c0ca666652c0d1b59d43e0d7e	PARTLY_RECONSTRUCTED	39	34	19	4	11	22	4	0	2	0	0	0	0
L1595506-R001	biblical_book	Num	25	18		4Q27	1606675	f31_33i	27	1595506				books/DSS-Numbers.txt	1960590	3912	1974398-1974411	14	1	004fd9d436e6736ae93a3500e927fb5fb250305d9f4d300634bdde4f986685b5	linguistics/books/DSS-Numbers-Linguistics.txt	2869544	6276	48fdc3d7678c610507cfc9191ff653b0e6a2009075139e675ef9749fe41b9f50	PARTLY_RECONSTRUCTED	44	43	32	4	7	32	4	0	0	0	0	0	0
L1595507-R001	biblical_book	Num	25	18		4Q27	1606675	f31_33i	28	1595507				books/DSS-Numbers.txt	1964502	2323	1974412-1974419	8	0	ef7aaaed1b94b59d71ddfc7e95b003f544de67b12fb81d108f3fa01452d3ba35	linguistics/books/DSS-Numbers-Linguistics.txt	2875820	3607	bc8928c34baa9515e3719e4a9948b2690ed234526f34ef967d2909104407e5e4	ALL_LETTER_SLOTS_RECONSTRUCTED	20	18	18	0	0	20	0	0	1	0	0	0	0
L1595507-R002	biblical_book	Num	25	19		4Q27	1606675	f31_33i	28	1595507				books/DSS-Numbers.txt	1966825	2007	1974420-1974425	6	0	cfa93f9c0f32c94f6c6306b5cdd159e031c12c3c469469c2cc8e483030c9930c	linguistics/books/DSS-Numbers-Linguistics.txt	2879427	2750	499fa1cf32ea7f9e1b7e6037a0965e545116018985689a8dacfa4fd8117fe54a	ALL_LETTER_SLOTS_RECONSTRUCTED	15	13	13	0	0	13	0	0	1	0	0	0	0
L1595507-R003	biblical_book	Num	26	1		4Q27	1606675	f31_33i	28	1595507				books/DSS-Numbers.txt	1968832	2204	1974426-1974429	4	1	3521e5d25f49190af31fe2e039d85e3472d085eff1a7492ccc56523616b87354	linguistics/books/DSS-Numbers-Linguistics.txt	2882177	1973	687431994fb13d9cff4d572e88dbff5ad8c3fc314e993200fc9117462e09b1e3	NO_LETTER_RECONSTRUCTION_MARKED	12	12	0	2	10	0	2	0	0	0	0	0	0
L1595508-R001	biblical_book	Num	26	1		4Q27	1606675	f31_33i	29	1595508				books/DSS-Numbers.txt	1971036	2797	1974430-1974440	11	0	adee9b7c45bc4a2700790acd9bfcaa167f8949544a77b3e9037508a1e35f7ad2	linguistics/books/DSS-Numbers-Linguistics.txt	2884150	4793	c4baa9bc155fa0420352452863631169c8e78f45aed47ab72dbc39b46a469821	ALL_LETTER_SLOTS_RECONSTRUCTED	31	29	29	0	0	31	0	0	1	0	0	0	0
L1595508-R002	biblical_book	Num	26	2		4Q27	1606675	f31_33i	29	1595508				books/DSS-Numbers.txt	1973833	2324	1974441-1974446	6	1	6c7a25c8e0be2b3605f755d2a2c546af6e420be255313db281891a56bbf7846b	linguistics/books/DSS-Numbers-Linguistics.txt	2888943	2824	6eb292c595298db95b88bc8980bffa9fb153bdc31eba0b921658a415da97280c	PARTLY_RECONSTRUCTED	18	18	3	0	15	3	0	0	0	0	0	0	0
L1595509-R001	biblical_book	Num	26	2		4Q27	1606675	f31_33i	30	1595509				books/DSS-Numbers.txt	1976157	4210	1974447-1974462	16	1	610133cb8c16148201002bc8131341b185cddc0a94c51728f43b13aa47acc964	linguistics/books/DSS-Numbers-Linguistics.txt	2891767	6972	a1cc5524a036978b88bf17e78a09227a6e85fc012115ac62e9126e2060574e83	PARTLY_RECONSTRUCTED	50	46	33	2	11	35	2	0	1	0	0	0	0
L1595510-R001	biblical_book	Num	26	3		4Q27	1606675	f31_33i	31	1595510				books/DSS-Numbers.txt	1980367	3890	1974463-1974476	14	1	efbc69e771c9562b57e4a72ec12ae755dd947a15fa16fba1586805519ed15bb7	linguistics/books/DSS-Numbers-Linguistics.txt	2898739	6164	9ba86b0b7f14c3e49b84ab63f5d10f7f31d32946c30f2114a74410137f67f907	PARTLY_RECONSTRUCTED	45	44	36	2	6	37	2	0	0	0	0	0	0
L1595511-R001	biblical_book	Num	26	3		4Q27	1606675	f33ii_40	1	1595511				books/DSS-Numbers.txt	1984257	1896	1974477-1974481	5	0	ee45dfd406e2c5fc6801e530bf9b19cc1d8e2026b9a7b0b5e67b6ffc69e1741b	linguistics/books/DSS-Numbers-Linguistics.txt	2904903	2424	1d1ad45ac8950c5a1ee3b3b8139ed5382a2dff6bfec75ba808bcd1d681b45324	ALL_LETTER_SLOTS_RECONSTRUCTED	14	12	12	0	0	14	0	0	1	0	0	0	0
L1595511-R002	biblical_book	Num	26	4		4Q27	1606675	f33ii_40	1	1595511				books/DSS-Numbers.txt	1986153	3610	1974482-1974493	12	1	ffa5793af1caeb934cbc9c8fbbdf63d29bb987ef3ec8fd83687b8e0e8a43e11c	linguistics/books/DSS-Numbers-Linguistics.txt	2907327	5287	9b26cd8c2e2997b9c5212107b30da72a66e3c14eecb53e798fc5574e1d31bee7	PARTLY_RECONSTRUCTED	35	33	26	3	4	28	3	0	1	0	0	0	0
L1595512-R001	biblical_book	Num	26	4		4Q27	1606675	f33ii_40	2	1595512				books/DSS-Numbers.txt	1989763	2951	1974494-1974502	9	1	a86b07b0d57bcd764b2eb4ad6fa6fb5214d5a1ee0ccf7f3a05ea529c2633e317	linguistics/books/DSS-Numbers-Linguistics.txt	2912614	4042	1ba7f8e362587e834cff6df94a6d201f5e927584ca7895efb24abb895a46e497	ALL_LETTER_SLOTS_RECONSTRUCTED	27	25	25	0	0	27	0	0	1	0	0	0	0
L1595512-R002	biblical_book	Num	26	5		4Q27	1606675	f33ii_40	2	1595512				books/DSS-Numbers.txt	1992714	2259	1974503-1974505	3	1	be097cf299e372bbb733179b9b150716c735a2fa956d762ecc26a430104636e6	linguistics/books/DSS-Numbers-Linguistics.txt	2916656	1793	21dd5d5329dd0f433d0f66c0c288b1fead351df46d36acfcf90f04d89e774c91	PARTLY_RECONSTRUCTED	14	14	2	4	8	2	4	0	0	0	0	0	0
L1595513-R001	biblical_book	Num	26	5		4Q27	1606675	f33ii_40	3	1595513				books/DSS-Numbers.txt	1994973	4221	1974506-1974521	16	1	f890235af28a0460b659754ddbb9df52c5040b457eb5d9d2a77290f926b2ae35	linguistics/books/DSS-Numbers-Linguistics.txt	2918449	7111	9646cca260dfb15650c901177adf1c3a9a3f2c69cdf9f48f305c39d264323def	PARTLY_RECONSTRUCTED	52	49	38	3	8	39	3	0	1	0	0	0	0
L1595514-R001	biblical_book	Num	26	6		4Q27	1606675	f33ii_40	4	1595514				books/DSS-Numbers.txt	1999194	2827	1974522-1974532	11	0	a564def737469cd49e940be2b2696f2a884861e51e0aed5fedc6ae503f087aec	linguistics/books/DSS-Numbers-Linguistics.txt	2925560	5021	94a08bb22d045d45dd7d13666ea0988ac44dd6d85f424e50fd94be055dc34b02	ALL_LETTER_SLOTS_RECONSTRUCTED	35	33	33	0	0	35	0	0	1	0	0	0	0
L1595514-R002	biblical_book	Num	26	7		4Q27	1606675	f33ii_40	4	1595514				books/DSS-Numbers.txt	2002021	2660	1974533-1974538	6	1	62c6edf000af5c3a115ab063035e1d25e22f1828a2b82fd1b66f86081fbbf56c	linguistics/books/DSS-Numbers-Linguistics.txt	2930581	2955	f2b9f57c6293fd7db5ee11adad6368eb137f4787602f17eaceaf02a5390578e2	PARTLY_RECONSTRUCTED	21	21	8	3	10	8	3	0	0	0	0	0	0
L1595515-R001	biblical_book	Num	26	7		4Q27	1606675	f33ii_40	5	1595515				books/DSS-Numbers.txt	2004681	3016	1974539-1974549	11	0	62359bb7a6c901094291e80fec9880bd447a5b782ad56456b7b8b6250252a302	linguistics/books/DSS-Numbers-Linguistics.txt	2933536	4972	26533f2b631cf8dfad6247a2f45b9fb07ae962ef72d8958fc02ff9bb0cd0cb62	ALL_LETTER_SLOTS_RECONSTRUCTED	40	37	37	0	0	40	0	0	1	0	0	0	0
L1595515-R002	biblical_book	Num	26	8		4Q27	1606675	f33ii_40	5	1595515				books/DSS-Numbers.txt	2007697	2198	1974550-1974553	4	1	af5f5a57fd206092ee3e9506f014495685060f9a41d661f53ff8442fb1418e0e	linguistics/books/DSS-Numbers-Linguistics.txt	2938508	2065	20e40916d10cbecc8976b0a350582e33b0882590c7626590620d84a1c2beb8f2	PARTLY_RECONSTRUCTED	15	12	6	0	6	7	0	0	2	0	0	0	0
L1595516-R001	biblical_book	Num	26	9		4Q27	1606675	f33ii_40	6	1595516				books/DSS-Numbers.txt	2009895	4084	1974554-1974568	15	1	0c2ff261a7094d396e8c8f10e9531d94bc5b705e4180685955ac98cd700df0ef	linguistics/books/DSS-Numbers-Linguistics.txt	2940573	6706	cf577fba4e96d4c96f751266022fd387c23eb4901b1f9239a3cfce0ccc05cc23	PARTLY_RECONSTRUCTED	50	50	45	4	1	45	4	0	0	0	0	0	0
L1595517-R001	biblical_book	Num	26	9		4Q27	1606675	f33ii_40	7	1595517				books/DSS-Numbers.txt	2013979	3841	1974569-1974583	15	0	85ee4b6f6714a0b72a582e462edab83c86fd899996657ab0f03bfbb8350cab2d	linguistics/books/DSS-Numbers-Linguistics.txt	2947279	6419	6c3a54f8e9abfb89c6b43cafe02261a83bd4c215c05f4bbb212f77ed008beba5	PARTLY_RECONSTRUCTED	43	40	27	6	7	29	6	0	1	0	0	0	0
L1595517-R002	biblical_book	Num	26	10		4Q27	1606675	f33ii_40	7	1595517				books/DSS-Numbers.txt	2017820	1728	1974584-1974585	2	1	a072396e44af8735d10bc253789d41b3aa29c265c6af58927a5ce26cca3ef578	linguistics/books/DSS-Numbers-Linguistics.txt	2953698	1174	ae6f2866b222cb10c89658d0f0c57cc503f324e4e9e098d74599d99cbfac3161	ALL_LETTER_SLOTS_RECONSTRUCTED	5	5	5	0	0	5	0	0	0	0	0	0	0
L1595518-R001	biblical_book	Num	26	10		4Q27	1606675	f33ii_40	8	1595518				books/DSS-Numbers.txt	2019548	4714	1974586-1974605	20	1	3c6970de9c69f8239c5086e5beddd065914ed612d9bb22a2e315b5b53c336c55	linguistics/books/DSS-Numbers-Linguistics.txt	2954872	8256	5188e6866b7c3b9762bf4008086f887957579aa29a8508ec0bfa2d5beb86ab35	PARTLY_RECONSTRUCTED	47	45	34	2	9	35	2	0	0	0	0	0	0
L1595519-R001	biblical_book	Num	26	10		4Q27	1606675	f33ii_40	9	1595519				books/DSS-Numbers.txt	2024262	3767	1974606-1974621	16	0	20e6cd76b817c8157a423d8362ef52dd2d5d938db6b40f3267bfcc6b53f23062	linguistics/books/DSS-Numbers-Linguistics.txt	2963128	6771	b3e5a10cca47fa7be1b62fea6e8cd4158b362034104e3b69c04df1ab76c21e79	PARTLY_RECONSTRUCTED	45	43	37	2	4	39	2	0	1	0	0	0	0
L1595519-R002	biblical_book	Num	26	11		4Q27	1606675	f33ii_40	9	1595519				books/DSS-Numbers.txt	2028029	1718	1974622-1974623	2	1	6474cd7fdf4cdb57c083698f21ca329f35026923ca95661b309635293f744b71	linguistics/books/DSS-Numbers-Linguistics.txt	2969899	1169	deb95761174169aaa8bde885b95f93350653da6453c79288bf6d10376a5b9a6f	ALL_LETTER_SLOTS_RECONSTRUCTED	4	4	4	0	0	4	0	0	0	0	0	0	0
L1595520-R001	biblical_book	Num	26	11		4Q27	1606675	f33ii_40	10	1595520				books/DSS-Numbers.txt	2029747	2744	1974624-1974627	4	3	f387d596dbe0614d2c27817caf4e0bb4a228e512d68e6dffa2102c7141385d4e	linguistics/books/DSS-Numbers-Linguistics.txt	2971068	1959	6bc978ba236a749b39ba246ec436c4947216af92f4a2f1c5fc18e811457bf38b	ALL_LETTER_SLOTS_RECONSTRUCTED	12	10	10	0	0	12	0	0	1	0	0	0	0
L1595521-R001	biblical_book	Num	26	12		4Q27	1606675	f33ii_40	11	1595521				books/DSS-Numbers.txt	2032491	3608	1974628-1974640	13	1	b77a35e7fc82c5c9bf6185552730043229af338e9c182da5ce3b3d1649a9111a	linguistics/books/DSS-Numbers-Linguistics.txt	2973027	5979	5eb0b51a37bea8dfc8167840e83c2148c41ab2d8e7e32979f0bbd17abc0d304c	PARTLY_RECONSTRUCTED	45	45	43	2	0	43	2	0	0	0	0	0	0
L1595522-R001	biblical_book	Num	26	12		4Q27	1606675	f33ii_40	12	1595522				books/DSS-Numbers.txt	2036099	2723	1974641-1974649	9	0	0823b3a08c4f0864b82eb57da3080aa0bdf82fc8154384d432cb99dd73c2790b	linguistics/books/DSS-Numbers-Linguistics.txt	2979006	4191	6447ba87f60ad7e6d11f564cde96966ebaee6779a1c262efeff2b0e52cbbe347	PARTLY_RECONSTRUCTED	29	27	25	2	0	27	2	0	1	0	0	0	0
L1595522-R002	biblical_book	Num	26	13		4Q27	1606675	f33ii_40	12	1595522				books/DSS-Numbers.txt	2038822	2655	1974650-1974657	8	1	7c7886290923b7c1a0a699a3ced60540780bc1984261f9474d38b11ebcb281d7	linguistics/books/DSS-Numbers-Linguistics.txt	2983197	3769	471cf5c5509e965bf04ff66560e6123b3ffed8d3e157f4a35b8142cd6ce466b4	ALL_LETTER_SLOTS_RECONSTRUCTED	24	24	24	0	0	24	0	0	0	0	0	0	0
L1595523-R001	biblical_book	Num	26	13		4Q27	1606675	f33ii_40	13	1595523				books/DSS-Numbers.txt	2041477	1586	1974658-1974660	3	0	6b3371bd87be06d3cd477e2075776ccd1449a824cca86e89558cb8cb9d2d04f5	linguistics/books/DSS-Numbers-Linguistics.txt	2986966	1569	c36e1c830a445b9a1fe1795024fdc02114e77d5257d51ceb1850de759f399eae	ALL_LETTER_SLOTS_RECONSTRUCTED	8	6	6	0	0	8	0	0	1	0	0	0	0
L1595523-R002	biblical_book	Num	26	14		4Q27	1606675	f33ii_40	13	1595523				books/DSS-Numbers.txt	2043063	3927	1974661-1974673	13	1	e21b132d86b3570e6ba54bdf0d2bf931c513ffa749fccd7742700e48ccfc581e	linguistics/books/DSS-Numbers-Linguistics.txt	2988535	5855	2bab00dd040a34b90431381bb79a7668b328b45935841921f6d2ca4e93c7a4b5	PARTLY_RECONSTRUCTED	46	43	31	3	9	32	3	0	1	0	0	0	0
L1595524-R001	biblical_book	Num	26	15		4Q27	1606675	f33ii_40	14	1595524				books/DSS-Numbers.txt	2046990	4404	1974674-1974686	13	3	45e110d3a83c7669113ad3b5ab02d0cc80dfddb379a1d1fa3201ded3d467d106	linguistics/books/DSS-Numbers-Linguistics.txt	2994390	5870	495f81e30a4fb0c80604e762a67f803f0aadfae3452d4bb249ef39708561ba51	PARTLY_RECONSTRUCTED	40	39	25	4	10	25	4	0	0	0	0	0	0
L1595525-R001	biblical_book	Num	26	15		4Q27	1606675	f33ii_40	15	1595525				books/DSS-Numbers.txt	2051394	2484	1974687-1974694	8	0	13e7f3e90e8063267c902b5b78acfc570cfc3a1c5a1e984c2a2ee836d23a613c	linguistics/books/DSS-Numbers-Linguistics.txt	3000260	3658	964a1f46e76eb159f2f01fe43afaf5386c5acee61548e47267f71d6368d19f20	PARTLY_RECONSTRUCTED	21	19	11	2	6	11	2	0	1	0	0	0	0
L1595525-R002	biblical_book	Num	26	16		4Q27	1606675	f33ii_40	15	1595525				books/DSS-Numbers.txt	2053878	2805	1974695-1974705	11	0	a0d90ab5e36f2e800fee36add7e062582e8e6da8213b43ea422a6b9a26a1fb71	linguistics/books/DSS-Numbers-Linguistics.txt	3003918	4848	c53e868ba8d9a12dd16bdde2f91f8fdaeb433b125c7b98d51e694454a4aee5e2	PARTLY_RECONSTRUCTED	30	28	16	1	11	18	1	0	1	0	0	0	0
L1595525-R003	biblical_book	Num	26	17		4Q27	1606675	f33ii_40	15	1595525				books/DSS-Numbers.txt	2056683	1855	1974706-1974707	2	1	6510d790e3da465681d21554ef1184fe9ba530a28ed9956517ec2ba1d72e6135	linguistics/books/DSS-Numbers-Linguistics.txt	3008766	1206	21dbea355fbc71278f3a2cdb4667a65eed18c1eaa0cd119a8bf0386b8a77ea11	PARTLY_RECONSTRUCTED	5	5	3	2	0	3	2	0	0	0	0	0	0
L1595526-R001	biblical_book	Num	26	17		4Q27	1606675	f33ii_40	16	1595526				books/DSS-Numbers.txt	2058538	2715	1974708-1974716	9	0	4bdbdfdb488dd17eb860d2e9a179f11669dee289ac3af7f3ef09848d95f98aa9	linguistics/books/DSS-Numbers-Linguistics.txt	3009972	4259	2b151955ef8ba396af06d971d869ee39a27f5cc98ddff2d23dcda5e05b2cbb47	PARTLY_RECONSTRUCTED	31	29	15	2	12	17	2	0	1	0	0	0	0
L1595526-R002	biblical_book	Num	26	18		4Q27	1606675	f33ii_40	16	1595526				books/DSS-Numbers.txt	2061253	2569	1974717-1974722	6	1	efde70f232947c60f69f7915a475b1f590332ea8c57fcf3775a9c15aeed8077c	linguistics/books/DSS-Numbers-Linguistics.txt	3014231	2932	15c12ae346ce399a6b91de094264088d400f79c62f6f4925f46be4c590d25572	PARTLY_RECONSTRUCTED	23	22	18	0	4	18	0	0	0	0	0	0	0
L1595527-R001	biblical_book	Num	26	18		4Q27	1606675	f33ii_40	17	1595527				books/DSS-Numbers.txt	2063822	2375	1974723-1974730	8	0	b565066d71f467728aa18d7bd3621daf6f8105128674093dc914b70472ccf1f7	linguistics/books/DSS-Numbers-Linguistics.txt	3017163	3719	3f88c72179a6d6cebcf62e4b48e1272be1cc74c6e5410ac5c0b83449fae30fa4	ALL_LETTER_SLOTS_RECONSTRUCTED	25	23	23	0	0	25	0	0	1	0	0	0	0
L1595527-R002	biblical_book	Num	26	19		4Q27	1606675	f33ii_40	17	1595527				books/DSS-Numbers.txt	2066197	2335	1974731-1974733	3	2	935daa6c98a3082e52aea47f1026511add5cec34dd72835cfc0322b0cf3c53d3	linguistics/books/DSS-Numbers-Linguistics.txt	3020882	1677	b5ff128995c51e8b175ad00fde36e4ad0a9d2eda9b0dc119b281d4d4a88eb29f	PARTLY_RECONSTRUCTED	10	10	4	1	5	4	1	0	0	0	0	0	0
L1595528-R001	biblical_book	Num	26	19		4Q27	1606675	f33ii_40	18	1595528				books/DSS-Numbers.txt	2068532	2751	1974734-1974744	11	0	1f234772c7cb88d19e584e7e8cf6c3686d2204a71b7ee42e2455aa0897e3c825	linguistics/books/DSS-Numbers-Linguistics.txt	3022559	4761	ff37e445dfca174d0494c3c1ab199ed05929a0dada79036ea342e382e0211d5b	ALL_LETTER_SLOTS_RECONSTRUCTED	27	25	25	0	0	27	0	0	1	0	0	0	0
L1595528-R002	biblical_book	Num	26	20		4Q27	1606675	f33ii_40	18	1595528				books/DSS-Numbers.txt	2071283	2712	1974745-1974750	6	1	d6e4916e781ab1d96187b289255148bba5b543fe83073edaac2b805a251a53d3	linguistics/books/DSS-Numbers-Linguistics.txt	3027320	2952	a02c63ce420a43876e2ace68e4eceb140fbf2d715a29d4f190fd9b446ba0df48	PARTLY_RECONSTRUCTED	22	21	16	3	2	17	3	0	0	0	0	0	0
L1595529-R001	biblical_book	Num	26	20		4Q27	1606675	f33ii_40	19	1595529				books/DSS-Numbers.txt	2073995	3534	1974751-1974766	16	0	f7c60c0c91e0d4ea5629d496274450d5b9a707622fd860ac24152c906a8c353f	linguistics/books/DSS-Numbers-Linguistics.txt	3030272	7011	e86f68bc4eb9341bb67c55894447f5088ba0dd0d4107ca49878a7d2997cb19dc	PARTLY_RECONSTRUCTED	44	42	33	0	9	33	0	0	1	0	0	0	0
L1595529-R002	biblical_book	Num	26	21		4Q27	1606675	f33ii_40	19	1595529				books/DSS-Numbers.txt	2077529	1874	1974767-1974769	3	1	d182e33f349c9e65fe00f20bef9613a139488d97b401f0bb78a03b2602b1be28	linguistics/books/DSS-Numbers-Linguistics.txt	3037283	1581	cad9f923a3710ac4314662c31ff3cf2b296705c2cc9971afdf41b16c096cefc8	PARTLY_RECONSTRUCTED	8	8	7	0	1	7	0	0	0	0	0	0	0
L1595530-R001	biblical_book	Num	26	21		4Q27	1606675	f33ii_40	20	1595530				books/DSS-Numbers.txt	2079403	3116	1974770-1974781	12	0	3a165577e3d0f40a8ef5af1747a39e0f85beb0d284e3b4848e733df28e7018bc	linguistics/books/DSS-Numbers-Linguistics.txt	3038864	5511	21cecdb716008b23e8d4af9b6c8890eac8937e61bfed5eceed8702c6cd55cdb4	PARTLY_RECONSTRUCTED	41	39	35	1	3	35	1	0	1	0	0	0	0
L1595530-R002	biblical_book	Num	26	22		4Q27	1606675	f33ii_40	20	1595530				books/DSS-Numbers.txt	2082519	1839	1974782-1974783	2	1	adfa45139d75111b2fb64760221d9cd20e81a91c3f8e9fbeae738123eaba60b6	linguistics/books/DSS-Numbers-Linguistics.txt	3044375	1324	03301275d8db822a73322f120e52f18cc3138e91a0de66b9e98295801a1bd0e2	PARTLY_RECONSTRUCTED	9	9	6	1	2	6	1	0	0	0	0	0	0
L1595531-R001	biblical_book	Num	26	22		4Q27	1606675	f33ii_40	21	1595531				books/DSS-Numbers.txt	2084358	2980	1974784-1974794	11	0	067da16ec76034bc0c7ea2aef343312dce30fdfcd67d830a10080785df92c695	linguistics/books/DSS-Numbers-Linguistics.txt	3045699	4904	e2cb68295684d3b4f147d6ec5932147673e16eef81199611845568e3ddef3667	ALL_LETTER_SLOTS_RECONSTRUCTED	36	33	33	0	0	36	0	0	1	0	0	0	0
L1595531-R002	biblical_book	Num	26	23		4Q27	1606675	f33ii_40	21	1595531				books/DSS-Numbers.txt	2087338	2155	1974795-1974796	2	2	7b6a85f8feca1bcae9274df948d3266854426d644aebef942d0195dc2fbdc72d	linguistics/books/DSS-Numbers-Linguistics.txt	3050603	1293	2b15ebcd43f19182ba465bbaa5f79b5d0d81ed24890063f9c8721bca46b20d01	PARTLY_RECONSTRUCTED	8	8	5	1	2	5	1	0	0	0	0	0	0
L1595532-R001	biblical_book	Num	26	23		4Q27	1606675	f33ii_40	22	1595532				books/DSS-Numbers.txt	2089493	3373	1974797-1974809	13	0	df8990535801524623d88bfd3bc3b86c4944464c99ace67827e99b167fa9aca2	linguistics/books/DSS-Numbers-Linguistics.txt	3051896	5862	ef0c6856ea5f2f6a55d6dbbb652204bbc2c0a26ad12ed83967a4cb7e37701ab7	PARTLY_RECONSTRUCTED	42	39	37	2	0	38	2	0	1	0	0	0	0
L1595532-R002	biblical_book	Num	26	24		4Q27	1606675	f33ii_40	22	1595532				books/DSS-Numbers.txt	2092866	1950	1974810-1974812	3	1	6ebec243429ad6c56c630ca559f00f8f3bb85b9d63d47100d1cbc2c85849d4cf	linguistics/books/DSS-Numbers-Linguistics.txt	3057758	1696	8e50424dc6255b965dae3bcfa99fe510fa3799aff07b2a1566e9c59aa4abc555	PARTLY_RECONSTRUCTED	10	10	4	1	5	4	1	0	0	0	0	0	0
L1595533-R001	biblical_book	Num	26	24		4Q27	1606675	f33ii_40	23	1595533				books/DSS-Numbers.txt	2094816	2375	1974813-1974820	8	0	18c2accc00453da0f6d5a6f6596679e1a6ac33f41caea2d0489c9bb29fc6e6a9	linguistics/books/DSS-Numbers-Linguistics.txt	3059454	3738	460e749cbc6f5f50a1857d8864f75d0124542cf0704d89989948d4d0ff0fc993	ALL_LETTER_SLOTS_RECONSTRUCTED	26	24	24	0	0	26	0	0	1	0	0	0	0
L1595533-R002	biblical_book	Num	26	25		4Q27	1606675	f33ii_40	23	1595533				books/DSS-Numbers.txt	2097191	2475	1974821-1974825	5	1	c27a40f41f26312ed36a2f6092977a19099156e9736993b39bcfc8e339847394	linguistics/books/DSS-Numbers-Linguistics.txt	3063192	2614	047d5b8def87fc43c7dee0f9b95ff77045f153954fbf2db880f21f8cbc16609c	PARTLY_RECONSTRUCTED	23	22	19	3	0	19	3	0	0	0	0	0	0
L1595534-R001	biblical_book	Num	26	25		4Q27	1606675	f33ii_40	24	1595534				books/DSS-Numbers.txt	2099666	2365	1974826-1974833	8	0	f33675d0262e25fb93566d2cf7f385267f7d59acc17c30c1b72c5cb390363f35	linguistics/books/DSS-Numbers-Linguistics.txt	3065806	3681	67aae1cba4d6071edc8d512957054bf9340f9b19cafefd261dcfdfb4edbf3344	ALL_LETTER_SLOTS_RECONSTRUCTED	24	22	22	0	0	24	0	0	1	0	0	0	0
L1595534-R002	biblical_book	Num	26	26		4Q27	1606675	f33ii_40	24	1595534				books/DSS-Numbers.txt	2102031	2721	1974834-1974837	4	2	c3aa0394952e7b47d7b9f7deeb97f8383188ea594d8cb2aaaf284b6b7479cf28	linguistics/books/DSS-Numbers-Linguistics.txt	3069487	2177	65d4b23335a4fd15746ce14d289bfeb06a7e65de5c8ebd5005562958aa67dc10	PARTLY_RECONSTRUCTED	18	17	13	1	3	13	1	0	0	0	0	0	0
L1595535-R001	biblical_book	Num	26	26		4Q27	1606675	f33ii_40	25	1595535				books/DSS-Numbers.txt	2104752	4013	1974838-1974853	16	1	26d2ee0ff2c5dc07133c6add019cc74d0744ae3889cfac7a0639240d26132022	linguistics/books/DSS-Numbers-Linguistics.txt	3071664	7125	59cf533ea5fcbd4a5c15baeed689f26406a4d67700136ed4e597fa1419454111	PARTLY_RECONSTRUCTED	50	48	46	1	1	46	1	0	1	0	0	0	0
L1595536-R001	biblical_book	Num	26	27		4Q27	1606675	f33ii_40	26	1595536				books/DSS-Numbers.txt	2108765	3094	1974854-1974864	11	0	6138143ec57f1ecd9fff50e19e00fed55656b2c7a218b674263aab7df614ce81	linguistics/books/DSS-Numbers-Linguistics.txt	3078789	5053	76dbb81f83692a0fd1dd9c1eadf8885ffc3f50540e7273bf9741b6b7119f485f	PARTLY_RECONSTRUCTED	41	38	35	1	2	38	1	0	1	0	0	0	0
L1595536-R002	biblical_book	Num	26	28		4Q27	1606675	f33ii_40	26	1595536				books/DSS-Numbers.txt	2111859	2188	1974865-1974866	2	2	133d032f6deb6c51655df7feabce2c3136c1e6b1ed5e5c598d0a04c9771b274a	linguistics/books/DSS-Numbers-Linguistics.txt	3083842	1243	305e14beb0bacd8673155a41d2fe0717f4ca457d98a8ce637cd136081d721ec0	PARTLY_RECONSTRUCTED	7	7	1	1	5	1	1	0	0	0	0	0	0
L1595537-R001	biblical_book	Num	26	28		4Q27	1606675	f33ii_40	27	1595537				books/DSS-Numbers.txt	2114047	2303	1974867-1974872	6	0	e592b9e9255b866ced4f6a58cc037fe5b8a542207a7363391b3b73c72b7dedb0	linguistics/books/DSS-Numbers-Linguistics.txt	3085085	2932	b7039de1d4823d516a2e4d8ae7bd7529be5f9c4c063dee034475a1ea5166d6b6	PARTLY_RECONSTRUCTED	21	18	15	1	2	18	1	0	1	0	0	0	0
L1595537-R002	biblical_book	Num	26	29		4Q27	1606675	f33ii_40	27	1595537				books/DSS-Numbers.txt	2116350	3012	1974873-1974881	9	1	ae8d898d308f0238183fd9b846cd1950135017842673418eb487c5c5bb16f7b3	linguistics/books/DSS-Numbers-Linguistics.txt	3088017	4254	dcb709a3628ca7a8dff0b31d2f6bbe2fff458b4dd270e561798c1f6faea85739	PARTLY_RECONSTRUCTED	32	31	19	1	11	20	1	0	0	0	0	0	0
L1595538-R001	biblical_book	Num	26	29		4Q27	1606675	f33ii_40	28	1595538				books/DSS-Numbers.txt	2119362	2637	1974882-1974890	9	0	a03b6f5a496533a557bb31491801d3ae3dc46794451562c1bf9678af7cc1a4ed	linguistics/books/DSS-Numbers-Linguistics.txt	3092271	4152	1a99e20e209239d33d4a618c3f86ba14a40b196ec32f4a21267e783bbd69e0fa	PARTLY_RECONSTRUCTED	29	27	24	1	2	26	1	0	1	0	0	0	0
L1595538-R002	biblical_book	Num	26	30		4Q27	1606675	f33ii_40	28	1595538				books/DSS-Numbers.txt	2121999	2578	1974891-1974896	6	1	8cfa8c1de5a000dcf117ae5b2c779db9bc3af1e96a5d2c2d066debe3cd08d53d	linguistics/books/DSS-Numbers-Linguistics.txt	3096423	3053	3ded67b2a9720b8e4d427d2d938b7d90fe0bd101db6726675a4382b355ac0d54	PARTLY_RECONSTRUCTED	22	22	8	3	11	8	3	0	0	0	0	0	0
L1595539-R001	biblical_book	Num	26	30		4Q27	1606675	f33ii_40	29	1595539				books/DSS-Numbers.txt	2124577	2355	1974897-1974904	8	0	f1753095bb14c85df86f64414cdfcf87942a6b3ff079ed75db4a40e5d8e452f7	linguistics/books/DSS-Numbers-Linguistics.txt	3099476	3702	c4f072975c9ef3a4c12d468509755d9dce522d90e428b9540e476d86290cc46e	ALL_LETTER_SLOTS_RECONSTRUCTED	24	22	22	0	0	24	0	0	1	0	0	0	0
L1595539-R002	biblical_book	Num	26	31		4Q27	1606675	f33ii_40	29	1595539				books/DSS-Numbers.txt	2126932	2716	1974905-1974911	7	1	6e0523b65c18d8bc4803a750650af38b8642aa5a36371d46c14050fac49c2bd2	linguistics/books/DSS-Numbers-Linguistics.txt	3103178	3413	d812212f04e834904656fe28d5bda46760fc6148e12d48f92575b13988e63234	PARTLY_RECONSTRUCTED	22	22	2	2	18	2	2	0	0	0	1	0	0
L1595540-R001	biblical_book	Num	26	31		4Q27	1606675	f33ii_40	30	1595540				books/DSS-Numbers.txt	2129648	1755	1974912-1974915	4	0	cc6b11c20b191cfd0a7e263b916b24e5f593249a7f54d8b49cb1f2dab670d390	linguistics/books/DSS-Numbers-Linguistics.txt	3106591	2032	ac163691594b59748b778e9b78d27e80221edbc2244e6ad5508ac6255446afa4	ALL_LETTER_SLOTS_RECONSTRUCTED	12	10	10	0	0	12	0	0	1	0	0	0	0
L1595540-R002	biblical_book	Num	26	32		4Q27	1606675	f33ii_40	30	1595540				books/DSS-Numbers.txt	2131403	2824	1974916-1974926	11	0	4995fdb1a02cb0f54eca2136ca7aca1e300a7003e85703d705fe01ea6020953c	linguistics/books/DSS-Numbers-Linguistics.txt	3108623	5012	3ff6cee4ce6d27d92568117c97c3d5003a0bd7839e31b770acaf484b292b6c1f	PARTLY_RECONSTRUCTED	36	34	17	0	17	17	0	0	1	0	0	0	0
L1595540-R003	biblical_book	Num	26	33		4Q27	1606675	f33ii_40	30	1595540				books/DSS-Numbers.txt	2134227	1803	1974927-1974928	2	1	9e7a80ae5a239e8ff793ad4587678e7d52b725f6ec761807348166047df09650	linguistics/books/DSS-Numbers-Linguistics.txt	3113635	1241	9f2cf8b361a42dc7e8e2803953242f744aa2ceda848e4c3aa61d57ebff3f22d9	NO_LETTER_RECONSTRUCTION_MARKED	7	7	0	1	6	0	1	0	0	0	0	0	0
L1595541-R001	biblical_book	Num	26	33		4Q27	1606675	f33ii_40	31	1595541				books/DSS-Numbers.txt	2136030	3763	1974929-1974942	14	1	ed71c504121f1b7c66b476d04b0bdbf0683f921f4a8400cc40de0a33473dc487	linguistics/books/DSS-Numbers-Linguistics.txt	3114876	6113	8b058d5b7ea35ec6913452530d8833b9dbe7813fc448f80a264413fb635856bd	PARTLY_RECONSTRUCTED	46	45	26	0	19	27	0	0	0	0	0	0	0
L1595542-R001	biblical_book	Num	26	33		4Q27	1606675	f33ii_40	32	1595542				books/DSS-Numbers.txt	2139793	2385	1974943-1974950	8	0	79f2fc583f93cee4deca0c95b6f210719ba3b341dbdd0c5feb63c2064b098d86	linguistics/books/DSS-Numbers-Linguistics.txt	3120989	3713	f2ef0e0fc20b321cd40d31c3b05fe910e1d7edee580709dc1ad04160d9ce510a	ALL_LETTER_SLOTS_RECONSTRUCTED	26	24	24	0	0	26	0	0	1	0	0	0	0
L1595542-R002	biblical_book	Num	26	34		4Q27	1606675	f33ii_40	32	1595542				books/DSS-Numbers.txt	2142178	2678	1974951-1974957	7	1	647450db9650ae0ddab088a760ac85aaf13c2dc5de998a252b77ef2b8c623c5e	linguistics/books/DSS-Numbers-Linguistics.txt	3124702	3382	2557fbe3c6f82808896b025a9931e6ea0cff112da97377ca4f943e40b335044f	NO_LETTER_RECONSTRUCTION_MARKED	28	25	0	0	25	0	0	0	1	0	0	0	0
L1595543-R001	biblical_book	Num	26	62		4Q27	1606675	f41	29	1595543				books/DSS-Numbers.txt	2144856	4528	1974958-1974972	15	1	f67307bd2fa85fb0adc44d5cc4aad52bcced82d2ec1221c76ad45307e13f6115	linguistics/books/DSS-Numbers-Linguistics.txt	3128084	6673	1a512de5611700cf83d9feff5416711bc7b9f40ee5533879c961cb03f315cbb6	PARTLY_RECONSTRUCTED	50	47	25	11	11	25	11	0	1	0	0	0	0
L1595544-R001	biblical_book	Num	26	63		4Q27	1606675	f41	30	1595544				books/DSS-Numbers.txt	2149384	3636	1974973-1974981	9	2	f129f9bc19b53d94062916cbd1606dc08a2cd7e6cf05221161898349fa2f5138	linguistics/books/DSS-Numbers-Linguistics.txt	3134757	4142	9d9ce262df7e78d2f62070344bb15085c28d47384e225ed023d2fb44628ff91f	PARTLY_RECONSTRUCTED	30	30	2	5	23	2	5	0	0	0	0	0	0
L1595545-R001	biblical_book	Num	26	63		4Q27	1606675	f41	31	1595545				books/DSS-Numbers.txt	2153020	2840	1974982-1974991	10	0	57c7320fb072f8e279620f14c189e79f5f3d62329a15e4445338a7f5f8239252	linguistics/books/DSS-Numbers-Linguistics.txt	3138899	4607	bca90f1bda3051dee3e0e7c40f9a3bb6811417a18235d66d247bcf79c443a556	PARTLY_RECONSTRUCTED	32	30	18	2	10	18	2	0	1	0	0	0	0
L1595545-R002	biblical_book	Num	26	64		4Q27	1606675	f41	31	1595545				books/DSS-Numbers.txt	2155860	2539	1974992-1974999	8	1	78afe8259a886ef10f3028dd5fca763a242174a6526bd45ed72d681f92863e28	linguistics/books/DSS-Numbers-Linguistics.txt	3143506	3534	0bf9f1f62cad4cf7520bd2684e3338b310f7192da1291a8c0d602d7cf1e05a3f	NO_LETTER_RECONSTRUCTION_MARKED	20	20	0	0	20	0	0	0	0	0	0	0	0
L1595546-R001	biblical_book	Num	26	64		4Q27	1606675	f42_47	1	1595546				books/DSS-Numbers.txt	2158399	3563	1975000-1975013	14	0	1e914758065feebd382fe7db49218a7c49fada07c267c342a2a67e85d1b23c97	linguistics/books/DSS-Numbers-Linguistics.txt	3147040	6188	5597d09fb0e24722b2cedd4de33a1b00baefef844e7de536592e39da6f04c9bc	PARTLY_RECONSTRUCTED	43	41	36	4	1	38	4	0	1	0	0	0	0
L1595546-R002	biblical_book	Num	26	65		4Q27	1606675	f42_47	1	1595546				books/DSS-Numbers.txt	2161962	2190	1975014-1975016	3	1	892326c01a3340dd9daae8bee6769a277ef00865767ceffed108455cf1a0a728	linguistics/books/DSS-Numbers-Linguistics.txt	3153228	1636	af734897913fa4e2c74736175a8c08a1c1678a45bec38aa25648a5d012fb826c	PARTLY_RECONSTRUCTED	10	10	2	3	5	2	3	0	0	0	0	0	0
L1595547-R001	biblical_book	Num	26	65		4Q27	1606675	f42_47	2	1595547				books/DSS-Numbers.txt	2164152	4779	1975017-1975033	17	1	f1fc1d55c0b3255f89c34d42464a9dbd7f1badd460d3c7530fa2b783779dacff	linguistics/books/DSS-Numbers-Linguistics.txt	3154864	7428	3a0dc08b66f077f378aed0dc8e463747bc8ce1263a15287e28831846f45de5f7	PARTLY_RECONSTRUCTED	55	53	26	8	19	27	8	0	0	0	0	0	0
L1595548-R001	biblical_book	Num	26	65		4Q27	1606675	f42_47	3	1595548				books/DSS-Numbers.txt	2168931	1580	1975034-1975036	3	0	c2b9be5a14a15aec595e128693a4eef349deb35d739ff8ce67a725fb284cc6d4	linguistics/books/DSS-Numbers-Linguistics.txt	3162292	1537	aefc50be774e305d41c4307f3d22d961797d39873842d7e6a3cf1096ae281c0e	ALL_LETTER_SLOTS_RECONSTRUCTED	7	5	5	0	0	7	0	0	1	0	0	0	0
L1595548-R002	biblical_book	Num	27	1		4Q27	1606675	f42_47	3	1595548				books/DSS-Numbers.txt	2170511	3830	1975037-1975048	12	2	25b56830de131fb509a37f050bc39bcbaff80370cacdfc9a493e5a54c33e8d24	linguistics/books/DSS-Numbers-Linguistics.txt	3163829	5450	e10b7cdaa34be4f4a2ca57cd9c628e0b8ef1b8e4211b40cc40f34998ebd22d7e	PARTLY_RECONSTRUCTED	41	41	10	3	28	10	3	0	0	0	0	0	0
L1595549-R001	biblical_book	Num	27	1		4Q27	1606675	f42_47	4	1595549				books/DSS-Numbers.txt	2174341	4769	1975049-1975066	18	1	1aa2fced2abce33fa48b20ee349a147f3be1b1cdbda6f70aec2377e9a3438c98	linguistics/books/DSS-Numbers-Linguistics.txt	3169279	7912	efd53af9695dca6b502eaa2fddb4f96f4a727129ab8d853dbf6862435badb08a	PARTLY_RECONSTRUCTED	59	56	31	6	20	31	6	0	1	0	0	0	0
L1595550-R001	biblical_book	Num	27	2		4Q27	1606675	f42_47	5	1595550				books/DSS-Numbers.txt	2179110	4806	1975067-1975088	22	1	e003a15a36eaba0520befb434bf019c63a486afc834965170c2241a4f88ef66d	linguistics/books/DSS-Numbers-Linguistics.txt	3177191	9231	f6391fcf4ffc2eb4fc20c5184baf3cfdb5b0bd928588f7e06a2e34bb1e7d7779	PARTLY_RECONSTRUCTED	58	58	55	2	1	55	2	0	0	0	0	0	0
L1595551-R001	biblical_book	Num	27	2		4Q27	1606675	f42_47	6	1595551				books/DSS-Numbers.txt	2183916	1735	1975089-1975092	4	0	db0c55f732a4ce3226cc17ef75d56fb92f5cffbd5afc9f799fae4272cc2024b7	linguistics/books/DSS-Numbers-Linguistics.txt	3186422	1942	ef6218d76e3e4efcace1676d69b8e252c49e8117ec599af3b09ea214a5a9d822	ALL_LETTER_SLOTS_RECONSTRUCTED	11	9	9	0	0	11	0	0	1	0	0	0	0
L1595551-R002	biblical_book	Num	27	3		4Q27	1606675	f42_47	6	1595551				books/DSS-Numbers.txt	2185651	3993	1975093-1975108	16	1	89298af6846990ad7b81855934974153757ed866c16ea6a8b1d8cc7c767bb04f	linguistics/books/DSS-Numbers-Linguistics.txt	3188364	6780	7dfae45ef35df6bcf44d3e7ce73206047c341656e0998658909741842899c6c8	PARTLY_RECONSTRUCTED	45	44	39	0	5	40	0	0	0	0	0	0	0
L1595552-R001	biblical_book	Num	27	3		4Q27	1606675	f42_47	7	1595552				books/DSS-Numbers.txt	2189644	3802	1975109-1975122	14	0	0be291ecfd91f420cff17cc0c804299e33175d774976c42dae87480422ab7a91	linguistics/books/DSS-Numbers-Linguistics.txt	3195144	5933	d8d205a514d68a0346f88a11280e47456e0851dde8de3203f757d6c4a5446032	PARTLY_RECONSTRUCTED	41	36	31	2	3	36	2	0	1	0	0	0	0
L1595552-R002	biblical_book	Num	27	4		4Q27	1606675	f42_47	7	1595552				books/DSS-Numbers.txt	2193446	2550	1975123-1975128	6	1	b6969e34e346786c4519deaf5f64bc22fa783661fc5a06a982e41697754dc59a	linguistics/books/DSS-Numbers-Linguistics.txt	3201077	2849	250d7388efa2ec955f68ab3f82a1b95f5282df2b1f339dcf3cbd3b2283a0f5d0	PARTLY_RECONSTRUCTED	19	18	11	1	6	12	1	0	0	0	0	0	0
L1595553-R001	biblical_book	Num	27	4		4Q27	1606675	f42_47	8	1595553				books/DSS-Numbers.txt	2195996	3643	1975129-1975141	13	0	91cb119656b60943cdfea84778fbbf8cc6f86de1056c71e25d29aa6978360c49	linguistics/books/DSS-Numbers-Linguistics.txt	3203926	5712	1c8622b7ae3abe97e555653dcfd6be03c7ba3994602f4c4744f624d8e22498dd	PARTLY_RECONSTRUCTED	45	39	34	0	5	37	0	0	1	0	0	0	0
L1595553-R002	biblical_book	Num	27	5		4Q27	1606675	f42_47	8	1595553				books/DSS-Numbers.txt	2199639	2136	1975142-1975145	4	1	832b1b08460109be459a5155f50e34f296d7f09730913023043fdd6843b700ad	linguistics/books/DSS-Numbers-Linguistics.txt	3209638	1981	7992a33250a2ce028224705c63857c33f9047e413e1e3850a6d2f5a4da3eee06	PARTLY_RECONSTRUCTED	11	11	6	1	4	6	1	0	0	0	0	0	0
L1595554-R001	biblical_book	Num	27	5		4Q27	1606675	f42_47	9	1595554				books/DSS-Numbers.txt	2201775	3003	1975146-1975150	5	3	9304b6f4add96ba496a891bf74a07771d30268e9750a1f4445e71ca271d4f10f	linguistics/books/DSS-Numbers-Linguistics.txt	3211619	2402	06614f77e81d0a91d3679455d4151bf2e8fd7f85a71cde58e2fe48139dc117a6	ALL_LETTER_SLOTS_RECONSTRUCTED	16	13	13	0	0	16	0	0	1	0	0	0	0
L1595555-R001	biblical_book	Num	27	6		4Q27	1606675	f42_47	10	1595555				books/DSS-Numbers.txt	2204778	2339	1975151-1975158	8	0	bd86425c94236134a779a2a17e0caaf6078b044acceaac8d5f96afb97b453c9f	linguistics/books/DSS-Numbers-Linguistics.txt	3214021	3505	2c30a25586e8cd9ade9734090e9347b77c52b9298f84d148a0b53ec2e2a2e5ac	ALL_LETTER_SLOTS_RECONSTRUCTED	22	20	20	0	0	22	0	0	1	0	0	0	0
L1595555-R002	biblical_book	Num	27	7		4Q27	1606675	f42_47	10	1595555				books/DSS-Numbers.txt	2207117	2963	1975159-1975165	7	1	2971f20f51bd73653e9b0b8a639ae5c23c43bba5687d9b92019885253db8fc6f	linguistics/books/DSS-Numbers-Linguistics.txt	3217526	3325	2ed689ea8f1b9482efcc678da7a731213249156ee6eba01a0be95427c5bf73e1	PARTLY_RECONSTRUCTED	30	29	25	2	2	26	2	0	0	0	0	0	0
L1595556-R001	biblical_book	Num	27	7		4Q27	1606675	f42_47	11	1595556				books/DSS-Numbers.txt	2210080	4256	1975166-1975178	13	2	9110afc8cc86ec6d466729d4b6c5f3c89aac575f677f1e3eac5695c520a8e3bd	linguistics/books/DSS-Numbers-Linguistics.txt	3220851	5710	f93453a4b538546cead24b62059c8cfdd9ea316edf644e22ff66b35c325266a9	ALL_LETTER_SLOTS_RECONSTRUCTED	48	43	43	0	0	48	0	0	1	0	0	0	0
L1595557-R001	biblical_book	Num	27	8		4Q27	1606675	f42_47	12	1595557				books/DSS-Numbers.txt	2214336	5040	1975179-1975199	21	1	9645afd0170fb919288331561c7bacb570e4f1e6c94e11974e36501a506106e6	linguistics/books/DSS-Numbers-Linguistics.txt	3226561	8769	260f705dd99afc59737e78bcaf61fb6f46a2071921dcac0d6443aaa39d9f684a	PARTLY_RECONSTRUCTED	59	54	48	2	4	50	2	0	1	0	0	0	0
L1595558-R001	biblical_book	Num	27	9		4Q27	1606675	f42_47	13	1595558				books/DSS-Numbers.txt	2219376	3285	1975200-1975211	12	0	081d4b1db0f74640db420b77a47cc7f9f7f26e82e77cf39d8569ba0d1f47cea0	linguistics/books/DSS-Numbers-Linguistics.txt	3235330	5082	fa1507c9a3428baf35905799ae57b02ea271933d37de06b868dd77f842496fbe	ALL_LETTER_SLOTS_RECONSTRUCTED	32	27	27	0	0	32	0	0	1	0	0	0	0
L1595558-R002	biblical_book	Num	27	10		4Q27	1606675	f42_47	13	1595558				books/DSS-Numbers.txt	2222661	3045	1975212-1975220	9	1	71961d127feb7a2657075e1d304774fac6b2fd3658f1ae23561b9ce6655e4be9	linguistics/books/DSS-Numbers-Linguistics.txt	3240412	3872	ed966502b9f6413f08e1d661f76cce2420228000f45102bf0d873c6421d185be	PARTLY_RECONSTRUCTED	22	19	15	1	3	16	1	0	1	0	0	0	0
L1595559-R001	biblical_book	Num	27	18		4Q27	1606675	f42_47	22	1595559				books/DSS-Numbers.txt	2225706	2652	1975221-1975224	4	2	71a403695fdb0a1f36c0708dfa3212a09defd95e57cbf503bd2c84b1ad582dea	linguistics/books/DSS-Numbers-Linguistics.txt	3244284	1970	54685439130c394fbdfa6984c66b53d70d3229da222a754bb2b4bf2ca6b586f9	PARTLY_RECONSTRUCTED	12	10	6	2	2	8	2	1	1	0	0	0	0
L1595560-R001	biblical_book	Num	27	18		4Q27	1606675	f42_47	23	1595560				books/DSS-Numbers.txt	2228358	4439	1975225-1975241	17	1	ebeb8a1ce2d63011b274989dfbbc2947f28f4e1ab4e473e9d66927953d2ac592	linguistics/books/DSS-Numbers-Linguistics.txt	3246254	7248	3c0dc0fc288fa97d40fe8223f3419850c507ce1ec49826f911586dd3494bc1ca	PARTLY_RECONSTRUCTED	50	47	45	1	1	47	1	0	0	0	0	0	0
L1595561-R001	biblical_book	Num	27	18		4Q27	1606675	f42_47	24	1595561				books/DSS-Numbers.txt	2232797	1578	1975242-1975243	2	0	3cbb7a043ec3e98a3e1d7a9bb19dbbd1114581f648b436079dbaf8a54eb35a58	linguistics/books/DSS-Numbers-Linguistics.txt	3253502	1149	a8d27204cedb7194f3f9eefa4de156004e34691630bac732d957bfd00289f59f	ALL_LETTER_SLOTS_RECONSTRUCTED	7	4	4	0	0	7	0	0	1	0	0	0	0
L1595561-R002	biblical_book	Num	27	19		4Q27	1606675	f42_47	24	1595561				books/DSS-Numbers.txt	2234375	4297	1975244-1975260	17	1	6aa629d84f14309b1a332f32558393d11f4061b6d83c8ec73be8e5b05a57d97b	linguistics/books/DSS-Numbers-Linguistics.txt	3254651	7171	b545923ecf2c9f7bc5c9ec4f61226ce2c90bd0066c264df2b53a43023090b9ff	PARTLY_RECONSTRUCTED	50	46	44	0	2	46	0	0	1	0	0	0	0
L1595562-R001	biblical_book	Num	27	21		4Q27	1606675	f42_47	27	1595562				books/DSS-Numbers.txt	2238672	3458	1975261-1975269	9	2	3a686bfe83e50b501c5d9fd3ee6b518b95eb00f3adebefb834a6d7cc9f07863f	linguistics/books/DSS-Numbers-Linguistics.txt	3261822	4064	1a8a867688cc45a417f39c6cdb1c2ac3b1e358f6ad362f3906b500c5a59da55b	PARTLY_RECONSTRUCTED	28	27	21	2	4	22	2	0	0	0	0	0	0
L1595563-R001	biblical_book	Num	27	21		4Q27	1606675	f42_47	28	1595563				books/DSS-Numbers.txt	2242130	2128	1975270-1975275	6	0	5f68667b21826eea187f9a7f84f2b1a1f90381109c29ba72f11417d67cabf6ec	linguistics/books/DSS-Numbers-Linguistics.txt	3265886	2699	2f1f4459e75ac49395bfca61ecd3467a59b85dbd8ad18bc6001f35b5bdedca26	PARTLY_RECONSTRUCTED	14	11	9	0	2	9	0	0	1	0	0	0	0
L1595563-R002	biblical_book	Num	27	22		4Q27	1606675	f42_47	28	1595563				books/DSS-Numbers.txt	2244258	3117	1975276-1975282	7	3	7f59a8863b49c3b11a4cc1dfff90253796643f09651148edf15ff512d3b173fd	linguistics/books/DSS-Numbers-Linguistics.txt	3268585	3193	00efeb4437d6311986df4c7bbcd821f2b9a78b32f7681d73642d44337818350a	PARTLY_RECONSTRUCTED	19	19	18	0	1	18	0	0	0	0	0	0	0
L1595564-R001	biblical_book	Num	27	22		4Q27	1606675	f42_47	29	1595564				books/DSS-Numbers.txt	2247375	4780	1975283-1975303	21	1	885daef4645bb0a1249addd2805a0c3788673d5394110cb8128725d289b57073	linguistics/books/DSS-Numbers-Linguistics.txt	3271778	8832	9f682d87c21bb286ac8660f4d6450c02c3fa06e51e0a2fdbc05c9d6fc4fb5828	PARTLY_RECONSTRUCTED	58	54	24	1	29	25	1	0	1	0	0	0	0
L1595565-R001	biblical_book	Num	27	23	a	4Q27	1606675	f42_47	30	1595565				books/DSS-Numbers.txt	2252155	3779	1975304-1975318	15	0	ca559d0851d3a2cf81b8bb1a43767d8d03133cd7c9e83763003ffc3dc096a9af	linguistics/books/DSS-Numbers-Linguistics.txt	3280610	6323	c40a8b983a8fedabd033259834ce57bfade2ec898d55e5da69358441d561887e	PARTLY_RECONSTRUCTED	45	40	5	1	34	7	1	0	1	0	0	0	0
L1595565-R002	biblical_book	Num	27	23	b	4Q27	1606675	f42_47	30	1595565				books/DSS-Numbers.txt	2255934	1735	1975319-1975320	2	1	a89c879945782cfd3ee25c0a835e0ea4ce1680e9eb4a810136c53f92450e3ebe	linguistics/books/DSS-Numbers-Linguistics.txt	3286933	1175	4206dfc4679154cd665ea2891c57bf9c4ef2c1a32c5f2d7dbed86f95abf159d4	ALL_LETTER_SLOTS_RECONSTRUCTED	6	6	6	0	0	6	0	0	0	0	0	0	0
L1595566-R001	biblical_book	Num	27	23	b	4Q27	1606675	f42_47	31	1595566				books/DSS-Numbers.txt	2257669	4477	1975321-1975338	18	1	3437723a665adb3528352aa819318c04250f2d5a9f0cacf77195fbc49e82c785	linguistics/books/DSS-Numbers-Linguistics.txt	3288108	7596	296ab481b8f751200d85f4674155e59b8de65e4cd0b03cc0b3209d32051200bd	PARTLY_RECONSTRUCTED	56	52	17	1	34	17	1	0	1	0	0	0	0
L1595567-R001	biblical_book	Num	28	13		4Q27	1606675	f46ii	22	1595567				books/DSS-Numbers.txt	2262146	1536	1975339-1975341	3	0	9fde7eb2da8d1dfcd3dbd1101925fd763b68aabec51bf4685965960f0287621f	linguistics/books/DSS-Numbers-Linguistics.txt	3295704	1504	8135e7a5d85b89b2c7c26ebdf0000d30cea978fccf622917a6575338a544c55f	NO_LETTER_RECONSTRUCTION_MARKED	7	5	0	0	5	0	0	0	1	0	0	0	0
L1595567-R002	biblical_book	Num	28	14		4Q27	1606675	f46ii	22	1595567				books/DSS-Numbers.txt	2263682	3774	1975342-1975355	14	1	5000894a90189d73ab37e02dd725181ffe8ce8767cc029680ef15ee10138b3fa	linguistics/books/DSS-Numbers-Linguistics.txt	3297208	5997	e8d208cce0af2a9d4d38d1467494fb096f4b4c18bd40af339ce2697fad84ae0e	PARTLY_RECONSTRUCTED	37	36	20	2	14	20	2	0	0	0	0	0	0
L1595568-R001	biblical_book	Num	28	14		4Q27	1606675	f46ii	23	1595568				books/DSS-Numbers.txt	2267456	3866	1975356-1975371	16	1	ce21d03320594cb8454ea3fdc00835f6577c5f7ad9a70e8cd81a48501114f76b	linguistics/books/DSS-Numbers-Linguistics.txt	3303205	6815	a7e354f4b1703a0eb6bf5065c3cd5e3bdddfc38377a8b2dfb9b5a4e465767a6b	PARTLY_RECONSTRUCTED	45	45	20	1	24	20	1	0	0	0	0	0	0
L1595569-R001	biblical_book	Num	28	14		4Q27	1606675	f46ii	24	1595569				books/DSS-Numbers.txt	2271322	1526	1975372-1975374	3	0	5c3aaf412f62c1034e6c70626ada10fa726dae4ccaa0c0fa75e1c8958cbb1397	linguistics/books/DSS-Numbers-Linguistics.txt	3310020	1508	f99bdaead135c2a3bf19b4f33c2d73c2fe09428c91af96dd61d341b44ce3910c	NO_LETTER_RECONSTRUCTION_MARKED	6	4	0	0	4	0	0	0	1	0	0	0	0
L1595569-R002	biblical_book	Num	28	15		4Q27	1606675	f46ii	24	1595569				books/DSS-Numbers.txt	2272848	3534	1975375-1975387	13	1	d75b221f68dd9f0b7e3cc293dfe7e09ee2ad1d9a0d14e13d2892ce67d406bec2	linguistics/books/DSS-Numbers-Linguistics.txt	3311528	5651	f7f4f0643a9eac0fc9ebed0ee11c2031a04d41692be3bc0c8ea5f2aa121202a9	PARTLY_RECONSTRUCTED	37	37	25	1	11	25	1	0	0	0	0	0	0
L1595570-R001	biblical_book	Num	28	15		4Q27	1606675	f46ii	25	1595570				books/DSS-Numbers.txt	2276382	2628	1975388-1975390	3	3	b02872ac04d5a9f0b5e964eb64d030e2996e0d00775c910c61eef516dc750bf9	linguistics/books/DSS-Numbers-Linguistics.txt	3317179	1550	3fef2228eb4453ac802360c5c6436b300a9cc7b382107f2d5ac481eb692fd129	PARTLY_RECONSTRUCTED	8	5	1	0	4	3	0	0	1	0	0	0	0
L1595571-R001	biblical_book	Num	28	16		4Q27	1606675	f46ii	26	1595571				books/DSS-Numbers.txt	2279010	3811	1975391-1975405	15	1	657023712fe43606e17df85627b47ae8045aff801487c94506d42e3c0f27c023	linguistics/books/DSS-Numbers-Linguistics.txt	3318729	6400	69809fee692313aea2e80dd3c939198dca0bbe95b6a187e8bb8496417f18d7a9	PARTLY_RECONSTRUCTED	39	37	28	1	8	30	1	0	1	0	0	0	0
L1595572-R001	biblical_book	Num	28	17		4Q27	1606675	f46ii	27	1595572				books/DSS-Numbers.txt	2282821	3793	1975406-1975420	15	1	4c7adc0784ad1ee523f7e03207c8b6ad24db76d5c7c5ae3dbde201f04b3738c5	linguistics/books/DSS-Numbers-Linguistics.txt	3325129	6399	84879a96484a25553823adafbc45a4facf2c0aa03fb69a342d1f792a7251f161	PARTLY_RECONSTRUCTED	42	40	31	4	5	31	4	0	1	0	0	0	0
L1595573-R001	biblical_book	Num	28	28		4Q27	1606675	f48_50	8	1595573				books/DSS-Numbers.txt	2286614	3312	1975421-1975434	14	0	9790b20593bd7dde037e48b6848dc12b981706f874d09c547add1358c148f29c	linguistics/books/DSS-Numbers-Linguistics.txt	3331528	6102	f782a81e7110d29bbdada9a69e700944057a316eb36df19aa605cdcf78d8a410	PARTLY_RECONSTRUCTED	40	38	36	2	0	38	2	0	1	0	0	0	0
L1595573-R002	biblical_book	Num	28	29		4Q27	1606675	f48_50	8	1595573				books/DSS-Numbers.txt	2289926	2191	1975435-1975439	5	1	682cc1372676d0da905de085f88a22caee933a100a956a6194822fe77bb37ddb	linguistics/books/DSS-Numbers-Linguistics.txt	3337630	2501	2368379cae0f322cd44cb565844e3d11303513c82f5fc120dd37d0ab306c60c6	ALL_LETTER_SLOTS_RECONSTRUCTED	15	15	15	0	0	15	0	0	0	0	0	0	0
L1595574-R001	biblical_book	Num	28	29		4Q27	1606675	f48_50	9	1595574				books/DSS-Numbers.txt	2292117	2154	1975440-1975446	7	0	452cf9e2b13a961ee588d51ad4704dfb427efb2a91f4603f2a9bfabd7fc1b937	linguistics/books/DSS-Numbers-Linguistics.txt	3340131	3117	38c7c1864fceb8415ae658092368ba323b60c8c76ed8bbddd41c11f98400540d	ALL_LETTER_SLOTS_RECONSTRUCTED	17	15	15	0	0	17	0	0	1	0	0	0	0
L1595574-R002	biblical_book	Num	28	30		4Q27	1606675	f48_50	9	1595574				books/DSS-Numbers.txt	2294271	2876	1975447-1975456	10	0	25a9b2ea846394d47f1ad7ff001cd78b313ea5dc42c2038d36223290513bf3b9	linguistics/books/DSS-Numbers-Linguistics.txt	3343248	4376	cea5c7d0ebcffa3389ebea12ba27616ea6a0e3cf0ce83b0dd0fd40006042bd96	PARTLY_RECONSTRUCTED	30	27	21	1	5	24	1	0	1	0	0	0	0
L1595574-R003	biblical_book	Num	28	31		4Q27	1606675	f48_50	9	1595574				books/DSS-Numbers.txt	2297147	1992	1975457-1975460	4	1	6d7559889d2f7e820470106c724672b26a734faaa20ed5490679fa69859ad06d	linguistics/books/DSS-Numbers-Linguistics.txt	3347624	1950	2ab458aa9ad0df15ee022bae1b8d532bf27fdf00c3aa5d26d86a008a294df337	ALL_LETTER_SLOTS_RECONSTRUCTED	8	8	8	0	0	8	0	0	0	0	0	0	0
L1595575-R001	biblical_book	Num	28	31		4Q27	1606675	f48_50	10	1595575				books/DSS-Numbers.txt	2299139	4594	1975461-1975473	13	2	197b9311a26e6145808a5e6a8a5c4c3f91d9feeb1ab32be1b80ff27c2eb425b2	linguistics/books/DSS-Numbers-Linguistics.txt	3349574	5627	cf01e1d29e9ba9d6ec7329b77e1e206848afb57a876ea2c1501fe0273e08ece0	PARTLY_RECONSTRUCTED	46	38	33	3	2	38	3	0	2	0	0	0	0
L1595576-R001	biblical_book	Num	29	10		4Q27	1606675	f48_50	20	1595576				books/DSS-Numbers.txt	2303733	3152	1975474-1975486	13	0	eae4a1c440c7af3394aea1e6a41c4b65e7b4a0f46f7bd8819965cbc3d7468580	linguistics/books/DSS-Numbers-Linguistics.txt	3355201	5603	be6c40995adfc9c55ed114230792cae7586c0512a2bebb0176097ce8e078fdcc	PARTLY_RECONSTRUCTED	34	30	28	2	0	32	2	1	2	0	0	0	0
L1595576-R002	biblical_book	Num	29	11		4Q27	1606675	f48_50	20	1595576				books/DSS-Numbers.txt	2306885	1890	1975487-1975489	3	1	ade40aeac7535fd0d40cd024e5d18157296858640f1e2111aae57024ff6a8ff4	linguistics/books/DSS-Numbers-Linguistics.txt	3360804	1601	eed457c8405da84624837e13aa826ca4ddfabbd4c8555b128a71fc7ad998932c	ALL_LETTER_SLOTS_RECONSTRUCTED	9	9	9	0	0	9	0	0	0	0	0	0	0
L1595577-R001	biblical_book	Num	29	11		4Q27	1606675	f48_50	21	1595577				books/DSS-Numbers.txt	2308775	4826	1975490-1975507	18	2	aa39169612a4d2775e291cb08ca2549832a1ffef5e7569685e7a91f360016b02	linguistics/books/DSS-Numbers-Linguistics.txt	3362405	7669	e0620ccb2357c2e9f5fb25c5b66c34e1da80dd675551d852f74dcaea9d759463	PARTLY_RECONSTRUCTED	50	46	41	1	4	44	1	0	1	0	0	0	0
L1595578-R001	biblical_book	Num	29	12		4Q27	1606675	f48_50	22	1595578				books/DSS-Numbers.txt	2313601	4319	1975508-1975525	18	1	a60940c7eae1361453a9d36759a66c7a1cb73804f68ea1bd4d35d741c9fd4865	linguistics/books/DSS-Numbers-Linguistics.txt	3370074	7761	339d36fa8dfca63782988c8536853593047ebd9628eeaa977d4cec0ee9a19008	PARTLY_RECONSTRUCTED	56	55	51	0	4	52	0	0	0	0	0	0	0
L1595579-R001	biblical_book	Num	29	12		4Q27	1606675	f48_50	23	1595579				books/DSS-Numbers.txt	2317920	2672	1975526-1975535	10	0	8812440be002d37ce4c5ee5985887ce97c089528f416977fa20b81a8b8ed7f0c	linguistics/books/DSS-Numbers-Linguistics.txt	3377835	4333	f60b611bd6a73c205b51b27bc60e6ddbce823153f5b08af09d80d2f9435d2cfc	ALL_LETTER_SLOTS_RECONSTRUCTED	30	28	28	0	0	30	0	0	1	0	0	0	0
L1595579-R002	biblical_book	Num	29	13		4Q27	1606675	f48_50	23	1595579				books/DSS-Numbers.txt	2320592	3110	1975536-1975544	9	1	f6d24d6cf40f8798b9b35f56109f9affc11c53d4c76114b8969f0738f996500b	linguistics/books/DSS-Numbers-Linguistics.txt	3382168	4050	ec90d656765b8bcea20f42704b4b01a70cfe719494cd4be0435d9ebaed47b3ec	PARTLY_RECONSTRUCTED	29	27	24	3	0	24	3	0	1	0	0	0	0
L1595580-R001	biblical_book	Num	29	15		4Q27	1606675	f48_50	27	1595580				books/DSS-Numbers.txt	2323702	2035	1975545-1975549	5	0	45777b7743f90c93e02e15141e24d1574670f24ad926fee8f318d77ea679a77f	linguistics/books/DSS-Numbers-Linguistics.txt	3386218	2372	cb7cb56b78d5d2321c5792a189c6222a6b89803adacc0b4d0a0bb91155109f28	ALL_LETTER_SLOTS_RECONSTRUCTED	16	13	13	0	0	16	0	0	1	0	0	0	0
L1595580-R002	biblical_book	Num	29	16		4Q27	1606675	f48_50	27	1595580				books/DSS-Numbers.txt	2325737	4342	1975550-1975566	17	1	0a576db660552bcc2b86bc87382e050cc8fb999ff71459f8955278bcce839391	linguistics/books/DSS-Numbers-Linguistics.txt	3388590	7204	63957234d51f7c27a3dfefbb2fa0ae6f9a5f9d2349405814b92f019f19c57a06	PARTLY_RECONSTRUCTED	46	42	40	2	0	44	2	0	1	0	0	0	0
L1595581-R001	biblical_book	Num	29	17		4Q27	1606675	f48_50	28	1595581				books/DSS-Numbers.txt	2330079	4406	1975567-1975582	16	2	9af7ee4ce1455114b4bcdc84dd85e2193882761ff1d0ee4ac253922ecfb7b2b0	linguistics/books/DSS-Numbers-Linguistics.txt	3395794	7097	6172543130ee9ee9ee7d8649168839a814f6ab727aacaabb768f556100686012	PARTLY_RECONSTRUCTED	51	51	43	1	7	43	1	0	0	0	0	0	0
L1595582-R001	biblical_book	Num	29	17		4Q27	1606675	f48_50	29	1595582				books/DSS-Numbers.txt	2334485	1624	1975583-1975585	3	0	cdcbab46071420660b4b3f26953db3a66751ea3ab8a1f497f89f3b50e5d2af11	linguistics/books/DSS-Numbers-Linguistics.txt	3402891	1614	e0c01571dbdb4f78678b59095201b5e5d2fbc4764c930d60e5768aee66b1751d	ALL_LETTER_SLOTS_RECONSTRUCTED	11	9	9	0	0	11	0	0	1	0	0	0	0
L1595582-R002	biblical_book	Num	29	18		4Q27	1606675	f48_50	29	1595582				books/DSS-Numbers.txt	2336109	4222	1975586-1975601	16	1	7be4ec469ee7788cd05a41ccf2d30acbbe5ebf1f8fada51c0fb82b69dd9aaa14	linguistics/books/DSS-Numbers-Linguistics.txt	3404505	6857	c7077d0f54b14cc932b8e6035292ea0c7142f8dc92445be44741485c8ab780eb	PARTLY_RECONSTRUCTED	47	42	41	0	1	46	0	0	1	0	0	0	0
L1595583-R001	biblical_book	Num	29	26		4Q27	1606675	f51_54	6	1595583				books/DSS-Numbers.txt	2340331	3971	1975602-1975613	12	2	3d4b4b8cd2dc455afa9d0f96d846066126b8aca92458e4d23d565a17bf1e8c73	linguistics/books/DSS-Numbers-Linguistics.txt	3411362	5412	c7c78cb3a7f4e4043ea6c0eb103dd04eabcb273111914e27ad617741a52a78bb	PARTLY_RECONSTRUCTED	39	39	31	2	6	31	2	0	0	0	0	0	0
L1595584-R001	biblical_book	Num	29	26		4Q27	1606675	f51_54	7	1595584				books/DSS-Numbers.txt	2344302	1799	1975614-1975617	4	0	c03f91610c2a18cb075e9130f730347a26faaaad1d4078177dce7ad120d2024c	linguistics/books/DSS-Numbers-Linguistics.txt	3416774	2077	791f7ba4ad4215463f05790d6e47569c7fe57fa74c8f12b739f84a5dfa19d49a	ALL_LETTER_SLOTS_RECONSTRUCTED	16	14	14	0	0	16	0	0	1	0	0	0	0
L1595584-R002	biblical_book	Num	29	27		4Q27	1606675	f51_54	7	1595584				books/DSS-Numbers.txt	2346101	3907	1975618-1975630	13	1	6218fe417d7c2bf3de72fefda525b6c15fb071b1af6676560ab0398d5350e8e8	linguistics/books/DSS-Numbers-Linguistics.txt	3418851	5693	8d31b1771a2f094cd4a2f9c99852175b6d055ea9fc3ce49107ada7f47a76ba00	PARTLY_RECONSTRUCTED	40	37	29	0	8	32	0	0	0	0	0	0	0
L1595585-R001	biblical_book	Num	29	27		4Q27	1606675	f51_54	8	1595585				books/DSS-Numbers.txt	2350008	1570	1975631-1975633	3	0	b66e66e3bd54c1964809cfc2e47ce3b4ec1182bb424091dba1e2935333ad9a10	linguistics/books/DSS-Numbers-Linguistics.txt	3424544	1567	f76ee1b483fdf54c264806aa43bd7dde3ebca88d91bef555b54253e744cf2dd6	ALL_LETTER_SLOTS_RECONSTRUCTED	7	5	5	0	0	7	0	0	1	0	0	0	0
L1595585-R002	biblical_book	Num	29	28		4Q27	1606675	f51_54	8	1595585				books/DSS-Numbers.txt	2351578	4029	1975634-1975648	15	1	ae018002d736aeebf23be2e27c033db4afa2bf7ab96bfd0c82bbcf5667f9bee3	linguistics/books/DSS-Numbers-Linguistics.txt	3426111	6399	89022da2862bd770e1d0dbc2bcd86d0752bd6252d07715641cb5986727521ddf	PARTLY_RECONSTRUCTED	41	40	25	2	13	25	2	0	0	0	0	0	0
L1595586-R001	biblical_book	Num	29	28		4Q27	1606675	f51_54	9	1595586				books/DSS-Numbers.txt	2355607	2796	1975649-1975653	5	2	d8a74da275eb15cce6c4775af4759caebf5f1436ff82fccc9fa79f538f7829b7	linguistics/books/DSS-Numbers-Linguistics.txt	3432510	2391	7b2e1df9ae3d2fd625e86c7dd1a452a8f47bd5885bdf08ad8cf4b5161d9ad55d	ALL_LETTER_SLOTS_RECONSTRUCTED	16	12	12	0	0	16	0	0	1	0	0	0	0
L1595587-R001	biblical_book	Num	29	29		4Q27	1606675	f51_54	10	1595587				books/DSS-Numbers.txt	2358403	3489	1975654-1975666	13	1	25544a6ac8bc6dcd5882f10d5463b15d873ba927f4644205e1161102bda00fbb	linguistics/books/DSS-Numbers-Linguistics.txt	3434901	5840	d940698e2b0b25e5f3c338279fe20cc2df00bc0be60fe47d142c4ba3e3c5d0c5	PARTLY_RECONSTRUCTED	43	43	34	0	9	34	0	0	0	0	0	0	0
L1595588-R001	biblical_book	Num	29	29		4Q27	1606675	f51_54	11	1595588				books/DSS-Numbers.txt	2361892	1624	1975667-1975669	3	0	23642f66a382b8a73b9274468a7154b4dfcfa0837728439eb4f33099c901a4ad	linguistics/books/DSS-Numbers-Linguistics.txt	3440741	1614	f28708aa1c53f1a01d8516882d51f2066ea47ef3a9b9193379ed65a502e4af81	ALL_LETTER_SLOTS_RECONSTRUCTED	11	9	9	0	0	11	0	0	1	0	0	0	0
L1595588-R002	biblical_book	Num	29	30		4Q27	1606675	f51_54	11	1595588				books/DSS-Numbers.txt	2363516	3949	1975670-1975683	14	1	c35faa66d5f0e66bd15108a988029dbeb046029343eed552254effc32e5f3d6a	linguistics/books/DSS-Numbers-Linguistics.txt	3442355	6024	be04b0c84054fa400146662187ad4f71b54707e08f61ff8f52e709f782d98eb3	PARTLY_RECONSTRUCTED	42	37	30	1	6	32	1	0	1	0	0	0	0
L1595589-R001	biblical_book	Num	29	39		4Q27	1606675	f51_54	21	1595589				books/DSS-Numbers.txt	2367465	3427	1975684-1975690	7	3	299a77253073c9f6cff1e95980cb10c6e077a0d0ec75ee353e838f2e4f043eb9	linguistics/books/DSS-Numbers-Linguistics.txt	3448379	3133	f311adabf067796de1b09e32ac8bdcb4376d624cf4831fd1b3a425f5972c5cbd	ALL_LETTER_SLOTS_RECONSTRUCTED	22	18	18	0	0	22	0	0	1	0	0	0	0
L1595590-R001	biblical_book	Num	30	1		4Q27	1606675	f51_54	22	1595590				books/DSS-Numbers.txt	2370892	3386	1975691-1975704	14	0	cda48523eb84e619590ee4e199658758620574185804706014c381b549e01479	linguistics/books/DSS-Numbers-Linguistics.txt	3451512	6037	218c3336cafc22e98883d5c687c5b7eb5eb11a6f97673d9d1d513ea53fef2333	PARTLY_RECONSTRUCTED	42	40	21	2	17	23	2	0	1	0	0	0	0
L1595590-R002	biblical_book	Num	30	2		4Q27	1606675	f51_54	22	1595590				books/DSS-Numbers.txt	2374278	1888	1975705-1975707	3	1	d644ac919a4fa6150938fe6869f64aac107d263c4554a06e485178556f562822	linguistics/books/DSS-Numbers-Linguistics.txt	3457549	1592	f9cb8f9d7e9c04169f0175f68a71ebff800c510817eba31fc39c29fc3851fc31	ALL_LETTER_SLOTS_RECONSTRUCTED	9	9	9	0	0	9	0	0	0	0	0	0	0
L1595591-R001	biblical_book	Num	30	2		4Q27	1606675	f51_54	23	1595591				books/DSS-Numbers.txt	2376166	3630	1975708-1975723	16	0	0a6c9710a06fbbbeade759e474433f41c2db761d9809f6f53fa94ec5825b4120	linguistics/books/DSS-Numbers-Linguistics.txt	3459141	6773	463d15d1cf75b269adba04077e776738b6f436140ba2ecee3fdc97ea20f31b2a	PARTLY_RECONSTRUCTED	43	41	27	2	12	29	2	0	1	0	0	0	0
L1595591-R002	biblical_book	Num	30	3		4Q27	1606675	f51_54	23	1595591				books/DSS-Numbers.txt	2379796	1580	1975724	1	1	f3869762aec56c6edea5c89171b5fa055cecdbe1fa28c9acc65ee6183fdaa2ac	linguistics/books/DSS-Numbers-Linguistics.txt	3465914	792	e4ff73f6973a4bf5529dd726444ab637e013b2377e39de20f71c77a9b21b0ac6	ALL_LETTER_SLOTS_RECONSTRUCTED	3	3	3	0	0	3	0	0	0	0	0	0	0
L1595592-R001	biblical_book	Num	30	3		4Q27	1606675	f51_54	24	1595592				books/DSS-Numbers.txt	2381376	4193	1975725-1975740	16	1	476a6e2a7ba60db2e820b0a64799751fa4fcf0c83740f10478b7668e5e503caf	linguistics/books/DSS-Numbers-Linguistics.txt	3466706	6824	36a2be0b540b84347bf8a03998e03c4ad45569678439da848f5de5ae92714a02	PARTLY_RECONSTRUCTED	49	46	36	1	9	37	1	0	1	0	0	0	0
L1595593-R001	biblical_book	Num	30	5		4Q27	1606675	f51_54	28	1595593				books/DSS-Numbers.txt	2385569	1704	1975741-1975742	2	0	c53890962fea0622ff8c815031593ca51f26173ed7e4919f1c4c80c041698e2d	linguistics/books/DSS-Numbers-Linguistics.txt	3473530	1183	75b577a5814d2df285235985e0c42631b96591a381793373e66e735bf5cbf897	PARTLY_RECONSTRUCTED	9	6	2	3	1	2	3	0	1	0	0	0	0
L1595593-R002	biblical_book	Num	30	6		4Q27	1606675	f51_54	28	1595593				books/DSS-Numbers.txt	2387273	4311	1975743-1975756	14	1	d0d03ba16f8d973a7a83f42fb5c03ea705ff6b8f308b1adff1ad1a32145bd7bc	linguistics/books/DSS-Numbers-Linguistics.txt	3474713	6071	366decc345fae9328a7fb0cb901404fb03eeac4ecbd25f0f8417c567b149d53c	PARTLY_RECONSTRUCTED	49	44	41	3	0	45	3	0	0	0	0	0	0
L1595594-R001	biblical_book	Num	30	6		4Q27	1606675	f51_54	29	1595594				books/DSS-Numbers.txt	2391584	4028	1975757-1975770	14	0	3dfa8efa5a734b8b947fa496a4c48627d129e7ea5cfb72ac7d3c3df4abe72bc2	linguistics/books/DSS-Numbers-Linguistics.txt	3480784	5978	60cd11f9c64b28f16202237f620d790a6ee6572fa5a5ccc0991c0b093133298c	PARTLY_RECONSTRUCTED	50	44	31	3	10	33	3	0	1	0	0	0	0
L1595594-R002	biblical_book	Num	30	7		4Q27	1606675	f51_54	29	1595594				books/DSS-Numbers.txt	2395612	1710	1975771-1975772	2	1	36f794d56156ad2fa5cfa9db821e42d5a3c321cac7ba8327646aa4835e2b012e	linguistics/books/DSS-Numbers-Linguistics.txt	3486762	1151	a087382505fd7ffa048939545c2a41020a08ee3cee64d83ffe02cf1a257e597a	PARTLY_RECONSTRUCTED	3	3	2	1	0	2	1	0	0	0	0	0	0
L1595595-R001	biblical_book	Num	30	7		4Q27	1606675	f51_54	30	1595595				books/DSS-Numbers.txt	2397322	4158	1975773-1975787	15	0	70b34164293382d9583eb3123eee8eda28327e306f46f9729b882d5cb4fbcd37	linguistics/books/DSS-Numbers-Linguistics.txt	3487913	6448	26c21b07d2325d3077bdb35b3793d34c991c80f97a3e4c6f5485c9bbf6dbb664	PARTLY_RECONSTRUCTED	51	45	29	3	13	32	3	0	1	0	0	0	0
L1595595-R002	biblical_book	Num	30	8		4Q27	1606675	f51_54	30	1595595				books/DSS-Numbers.txt	2401480	1695	1975788-1975789	2	1	927cc1a7275306dd4b2fd8903b91a3ccdea53160e876f321ff6c1842d4a2e1a3	linguistics/books/DSS-Numbers-Linguistics.txt	3494361	1152	51d2681e0fec3194f82bbffcb714e05f3b76fcec9c0304bd30f4def13dfa1a98	NO_LETTER_RECONSTRUCTION_MARKED	4	4	0	0	4	0	0	0	0	0	0	0	0
L1595596-R001	biblical_book	Num	30	8		4Q27	1606675	f51_54	31	1595596				books/DSS-Numbers.txt	2403175	4780	1975790-1975805	16	1	ae5f4ce2be6c6f6f213fad79999ccfd95bd7db1ec8e1a9bdec7c513c2fc6b631	linguistics/books/DSS-Numbers-Linguistics.txt	3495513	6870	924254c6a5a90a1a493fd02dc560ea538df2722cd9ebf893b473a51773fbba72	PARTLY_RECONSTRUCTED	55	50	28	5	17	30	5	0	0	0	0	0	0
L1595597-R001	biblical_book	Num	30	8		4Q27	1606675	f51_54	32	1595597				books/DSS-Numbers.txt	2407955	2056	1975806-1975809	4	0	c4fb3e1b75bdf7a8ca390139751fdb74e2b004b26b90a0b94008adc4c4e98c6b	linguistics/books/DSS-Numbers-Linguistics.txt	3502383	1976	677962a98759ec61de52436636c1b953f662f3a85588b0b4fe2340b52ad6ad94	NO_LETTER_RECONSTRUCTION_MARKED	14	11	0	3	8	0	3	0	1	0	0	0	0
L1595597-R002	biblical_book	Num	30	9		4Q27	1606675	f51_54	32	1595597				books/DSS-Numbers.txt	2410011	4353	1975810-1975825	16	1	ff058bbf72e36b401091c2c89db0adfe8c69281fd0a212bc927a28b1ea2ebc06	linguistics/books/DSS-Numbers-Linguistics.txt	3504359	6731	ee1e31ffc06bb0c823c5b6c754f6673902ca17ca3c79c950673eccc38da78785	PARTLY_RECONSTRUCTED	49	43	27	0	16	29	0	0	1	0	0	0	0
L1595598-R001	biblical_book	Num	30	15		4Q27	1606675	f55i_56	8	1595598				books/DSS-Numbers.txt	2414364	4065	1975826-1975838	13	1	6fec3b82b961876090c1a0e1669f46eb07cb346cf5c4dbe139e01eb2cdc216be	linguistics/books/DSS-Numbers-Linguistics.txt	3511090	5688	3d9f0cea42b953b4882197f8e32d158196ddf52617efbf0a7cff3f5faf91c903	PARTLY_RECONSTRUCTED	47	43	42	1	0	46	1	0	0	0	0	0	0
L1595599-R001	biblical_book	Num	30	15		4Q27	1606675	f55i_56	9	1595599				books/DSS-Numbers.txt	2418429	2470	1975839-1975845	7	0	751e20fc4bf91bf26ac300fddbf76de5d66fc11ea9e937857678f4dc470c273b	linguistics/books/DSS-Numbers-Linguistics.txt	3516778	3161	52c2f9bce0cdca9501cc4d97a1ab1e03100991d7fc1eebf84184a3cfc3e9a53e	ALL_LETTER_SLOTS_RECONSTRUCTED	23	19	19	0	0	23	0	0	1	0	0	0	0
L1595599-R002	biblical_book	Num	30	16		4Q27	1606675	f55i_56	9	1595599				books/DSS-Numbers.txt	2420899	3070	1975846-1975853	8	1	539f2df8ad20b2e44ea44e54380f829b6947504ef512ab8a85ba7615606617ee	linguistics/books/DSS-Numbers-Linguistics.txt	3519939	3653	2be78b5cee24448ad61f20e24aa5e650e7a71f46d0f549222fed805647cac855	PARTLY_RECONSTRUCTED	28	26	21	2	3	22	2	0	0	0	0	0	0
L1595600-R001	biblical_book	Num	30	16		4Q27	1606675	f55i_56	10	1595600				books/DSS-Numbers.txt	2423969	2009	1975854-1975858	5	0	5c03aea6d931e1ec8b0a98255c578303be28dc071fc5b6d8ac23fe3c03a667f9	linguistics/books/DSS-Numbers-Linguistics.txt	3523592	2323	a47acfa9b906d5f6bbd4ebd8e1d48489b745b79747fa443b095bd051e0b5d466	ALL_LETTER_SLOTS_RECONSTRUCTED	13	10	10	0	0	13	0	0	1	0	0	0	0
L1595600-R002	biblical_book	Num	30	17		4Q27	1606675	f55i_56	10	1595600				books/DSS-Numbers.txt	2425978	3043	1975859-1975868	10	1	b19f5044cd9afdcafe71eeb1e7224519467d055dcef0d732f7927fb2c0f39c44	linguistics/books/DSS-Numbers-Linguistics.txt	3525915	4457	47523fa9fa38774c09394a0586073a4d6f141c19e57141add2caca6068a7f8d0	PARTLY_RECONSTRUCTED	31	31	30	1	0	30	1	0	0	0	0	0	0
L1595601-R001	biblical_book	Num	30	17		4Q27	1606675	f55i_56	11	1595601				books/DSS-Numbers.txt	2429021	4539	1975869-1975881	13	3	ec624d4e60af0b70cd83467c7a21331b706880e23515dac32be649932a258e50	linguistics/books/DSS-Numbers-Linguistics.txt	3530372	5583	cede8dd0274da22ba4d49228b21e0dd10138348f58abceb1cb425adc09c94aa6	ALL_LETTER_SLOTS_RECONSTRUCTED	36	30	30	0	0	36	0	0	1	0	0	0	0
L1595602-R001	biblical_book	Num	31	1		4Q27	1606675	f55i_56	12	1595602				books/DSS-Numbers.txt	2433560	2341	1975882-1975889	8	0	5ef8b410c0aca5b85c78e427261ee7d77d22493d1bdef1ff31a3e6366c0a5c68	linguistics/books/DSS-Numbers-Linguistics.txt	3535955	3508	4afbd26edc29c38ef002fff6c387aa5482827765abaddb5a3affca756c5dfc64	ALL_LETTER_SLOTS_RECONSTRUCTED	22	20	20	0	0	22	0	0	1	0	0	0	0
L1595602-R002	biblical_book	Num	31	2		4Q27	1606675	f55i_56	12	1595602				books/DSS-Numbers.txt	2435901	3276	1975890-1975900	11	1	dee1266b5fd2515d43895039f3b5946f3d6723ab9a7be82838af24b8c1a7fa19	linguistics/books/DSS-Numbers-Linguistics.txt	3539463	4935	53ee7ed3c1ca95f7826291b6141dc17c11d1f4b3bb504b2d6449ec15e548ed10	PARTLY_RECONSTRUCTED	33	33	21	2	10	21	2	0	0	0	0	0	0
L1595603-R001	biblical_book	Num	31	2		4Q27	1606675	f55i_56	13	1595603				books/DSS-Numbers.txt	2439177	1900	1975901-1975904	4	0	65fb60906687719fc0bbfb8396c15ecb564a2aa92bf908a76969b07268e5a3a8	linguistics/books/DSS-Numbers-Linguistics.txt	3544398	1929	90bf6353d6a86f94085accf1ba2080bcf16e07f5829a50e15c16892fb884ab46	ALL_LETTER_SLOTS_RECONSTRUCTED	13	10	10	0	0	13	0	0	1	0	0	0	0
L1595603-R002	biblical_book	Num	31	3		4Q27	1606675	f55i_56	13	1595603				books/DSS-Numbers.txt	2441077	3537	1975905-1975916	12	1	cb17bbafee1403c35a64fb1fa1adbf6384d0c0fca2d467aa99168c8a1392a54e	linguistics/books/DSS-Numbers-Linguistics.txt	3546327	5287	c55bef73b73e5e36d60df76e5e87a614e7e9a9c7bd79b83dd46fdcd9c6739be5	PARTLY_RECONSTRUCTED	41	40	28	1	11	29	1	0	0	0	0	0	0
L1595604-R001	biblical_book	Num	31	3		4Q27	1606675	f55i_56	14	1595604				books/DSS-Numbers.txt	2444614	3022	1975917-1975929	13	0	d96ae81faa3baa0fc40c6964c2e009f522dd8a666d4fa56187a208fe684ea465	linguistics/books/DSS-Numbers-Linguistics.txt	3551614	5585	a7203000859426e064bcf350049d35a566a7a883f84bbb84ebfdd31f3522c193	PARTLY_RECONSTRUCTED	33	31	26	0	5	26	0	0	1	0	0	0	0
L1595604-R002	biblical_book	Num	31	4		4Q27	1606675	f55i_56	14	1595604				books/DSS-Numbers.txt	2447636	2634	1975930-1975937	8	1	b6357c6f97b2d7077596421f24950624b6549b431d147401ace06d84e02b934b	linguistics/books/DSS-Numbers-Linguistics.txt	3557199	3590	f601cecb8170d0f3514007a324407f1864adf7a71c5ad7a9758628b97847700e	PARTLY_RECONSTRUCTED	18	18	11	1	6	11	1	0	0	0	0	0	0
L1595605-R001	biblical_book	Num	31	4		4Q27	1606675	f55i_56	15	1595605				books/DSS-Numbers.txt	2450270	2236	1975938-1975944	7	0	05fa5b633da6b7ba1abd21b4948f499bc4423f646b500b1288f911c4a809de8d	linguistics/books/DSS-Numbers-Linguistics.txt	3560789	3247	8fb734b05f6dc79fd7676f4056b3b6efd1d9e2b2a125259f6433d437778884f8	ALL_LETTER_SLOTS_RECONSTRUCTED	23	21	21	0	0	23	0	0	1	0	0	0	0
L1595605-R002	biblical_book	Num	31	5		4Q27	1606675	f55i_56	15	1595605				books/DSS-Numbers.txt	2452506	3356	1975945-1975955	11	1	6f35c28b395878d7dc4a0c6579a0ad014d244ce80a88c6ba23959267acf2b32a	linguistics/books/DSS-Numbers-Linguistics.txt	3564036	4898	063a964eee9937bb6d4ebed280e966f06a90842d18fbbd82652f27c31e323ef0	PARTLY_RECONSTRUCTED	30	30	20	3	7	20	3	0	0	0	0	0	0
L1595606-R001	biblical_book	Num	31	5		4Q27	1606675	f55i_56	16	1595606				books/DSS-Numbers.txt	2455862	2952	1975956-1975966	11	0	ddaa173995de40a38079b754923722c8128bf57fdded7c06fac6f62483d79a39	linguistics/books/DSS-Numbers-Linguistics.txt	3568934	4940	6f2012c1687040516b081e5712d0afc75f160e64a33d8e44496d3048286ca1ee	PARTLY_RECONSTRUCTED	36	34	29	1	4	29	1	0	1	0	0	0	0
L1595606-R002	biblical_book	Num	31	6		4Q27	1606675	f55i_56	16	1595606				books/DSS-Numbers.txt	2458814	2371	1975967-1975971	5	1	cbaa5e0082f8482a59259e0a17ee85ee145bbb0f689ab92f042df7f512c9713f	linguistics/books/DSS-Numbers-Linguistics.txt	3573874	2445	97d167259d7a20a7b3de3c6a4abb15e284459f9986587321a867c701d5aa10a0	PARTLY_RECONSTRUCTED	18	17	16	1	0	17	1	0	0	0	0	0	0
L1595607-R001	biblical_book	Num	31	6		4Q27	1606675	f55i_56	17	1595607				books/DSS-Numbers.txt	2461185	5203	1975972-1975993	22	1	3e65537e9e50cfc93454c0ce8fba5798f8536a3e304d33b1d47f672e66acfe06	linguistics/books/DSS-Numbers-Linguistics.txt	3576319	9208	e2d0e5b76fdb56c2ab6ec6c7c0aa30027fe7d296ed3065d2507abb279f7dc893	PARTLY_RECONSTRUCTED	56	53	43	6	4	44	6	0	1	0	0	0	0
L1595608-R001	biblical_book	Num	31	21	b	4Q27	1606675	f55ii+57_59	9	1595608				books/DSS-Numbers.txt	2466388	1977	1975994-1975998	5	0	9aa68dd0bf7fe826ee56075fb8eca9c2075a341eb29359e55423b28ab3fe5a9d	linguistics/books/DSS-Numbers-Linguistics.txt	3585527	2364	f265d99ebc86c1f1f10dfe7486309a13bd0140704386ffb1b050189d70ae132f	PARTLY_RECONSTRUCTED	15	13	10	1	2	12	1	0	1	0	0	0	0
L1595608-R002	biblical_book	Num	31	22		4Q27	1606675	f55ii+57_59	9	1595608				books/DSS-Numbers.txt	2468365	4407	1975999-1976019	21	1	c926aa639b3fc121a4220fe7df26fe3dfeb361f420124582823d38f4e6f30500	linguistics/books/DSS-Numbers-Linguistics.txt	3587891	8610	d066281da9a0a455e14b5fd73fe9e094e6a68a2bfaeb45db7431b74c730ad2ea	ALL_LETTER_SLOTS_RECONSTRUCTED	42	42	42	0	0	42	0	0	0	0	0	0	0
L1595609-R001	biblical_book	Num	31	22		4Q27	1606675	f55ii+57_59	10	1595609				books/DSS-Numbers.txt	2472772	1575	1976020-1976022	3	0	c30731ebd0bd22a1a2626cdf47a9f7fd53e052563fdaccdcbd4f08e22c475657	linguistics/books/DSS-Numbers-Linguistics.txt	3596501	1561	9ecad97568d3c2de134e6ec191337dfbdd9abcde3f206ebd4d5e13463a0f261d	PARTLY_RECONSTRUCTED	8	6	5	0	1	7	0	0	1	0	0	0	0
L1595609-R002	biblical_book	Num	31	23		4Q27	1606675	f55ii+57_59	10	1595609				books/DSS-Numbers.txt	2474347	3970	1976023-1976039	17	1	49def912e3ac139101c7cc958aac65f7a1aaa35454f2cb4e97949019d9f8ce5c	linguistics/books/DSS-Numbers-Linguistics.txt	3598062	7190	6c1030a94e7e7f12975f5275f6e5da6de4c5c3fb8373c977d5e9f0486223dbad	ALL_LETTER_SLOTS_RECONSTRUCTED	43	43	43	0	0	43	0	0	0	0	0	0	0
L1595610-R001	biblical_book	Num	31	23		4Q27	1606675	f55ii+57_59	11	1595610				books/DSS-Numbers.txt	2478317	2915	1976040-1976050	11	0	157f6c369aeec1db5e461f7e9b6ad0ee738304ab760723b70620c029936e4b5d	linguistics/books/DSS-Numbers-Linguistics.txt	3605252	4785	6a0580e00b865d03ddac701f459c2803432b377cac8d5ca319f5b1b13bdb0320	PARTLY_RECONSTRUCTED	30	28	24	2	2	26	2	0	1	0	0	0	0
L1595610-R002	biblical_book	Num	31	24		4Q27	1606675	f55ii+57_59	11	1595610				books/DSS-Numbers.txt	2481232	2668	1976051-1976057	7	1	6f15a318b587ae2717b479dab5145c78d18850b2eda80e9e589cf23474ae4b94	linguistics/books/DSS-Numbers-Linguistics.txt	3610037	3271	2d8fc93c961c7fb3582e8ad991964b271412f4bb83e75629ae1599c603e0a035	ALL_LETTER_SLOTS_RECONSTRUCTED	24	23	23	0	0	24	0	0	0	0	0	0	0
L1595611-R001	biblical_book	Num	31	24		4Q27	1606675	f55ii+57_59	12	1595611				books/DSS-Numbers.txt	2483900	3311	1976058-1976066	9	2	913d5e1693797f8d4a1f4e5d491ca1a17a9dd00c1bb04dfe44ff8a327d3cead1	linguistics/books/DSS-Numbers-Linguistics.txt	3613308	3934	c666af368b18e4b779adda7d829abe562fe0d4959f6ad12af271366b3dcf920c	PARTLY_RECONSTRUCTED	24	22	17	1	4	19	1	0	1	0	0	0	0
L1595612-R001	biblical_book	Num	31	25		4Q27	1606675	f55ii+57_59	13	1595612				books/DSS-Numbers.txt	2487211	2493	1976067-1976074	8	0	863760c788f3e0a40d130dcd302f16a5e55a0440acb48e566ed1f3d4bf390435	linguistics/books/DSS-Numbers-Linguistics.txt	3617242	3551	ebc73478f0a84cc2d921152d28c0b7e67c44cfc757d363dc87a65fe7b714c77e	PARTLY_RECONSTRUCTED	23	21	19	2	0	21	2	0	1	0	0	0	0
L1595612-R002	biblical_book	Num	31	26		4Q27	1606675	f55ii+57_59	13	1595612				books/DSS-Numbers.txt	2489704	3347	1976075-1976087	13	1	e06224b3161e60a2aad4fe79043b5d519dd2ab86d1bf1b54ec5b7e4ca524d56f	linguistics/books/DSS-Numbers-Linguistics.txt	3620793	5554	4fd8dfc1eabec0b152962abecdee7a7342fd0aaf57dd60a39499b1214ae7c85c	ALL_LETTER_SLOTS_RECONSTRUCTED	30	28	28	0	0	28	0	0	1	0	0	0	0
L1595613-R001	biblical_book	Num	31	30		4Q27	1606675	f55ii+57_59	18	1595613				books/DSS-Numbers.txt	2493051	4839	1976088-1976107	20	1	71cf10d94ea4fca3b88adbbfa0f480ff51ace60f3ec75820d2e66cb3413f4b76	linguistics/books/DSS-Numbers-Linguistics.txt	3626347	8378	d010ed60eda21694be3e213703c2339669b45718df9848bfe4e6c18c5f1eb3c6	PARTLY_RECONSTRUCTED	51	49	32	6	11	34	6	0	2	0	0	0	0
L1595614-R001	biblical_book	Num	31	30		4Q27	1606675	f55ii+57_59	19	1595614				books/DSS-Numbers.txt	2497890	4074	1976108-1976120	13	2	c9c409f76e7cff47ef0691da09984dd6a00c303189cc3791ee9b624b7d739386	linguistics/books/DSS-Numbers-Linguistics.txt	3634725	5729	6520a4b8a80be70aa02b3c62566714162a3e854e7039b82caa1bda3ceac09102	PARTLY_RECONSTRUCTED	45	42	36	1	5	37	1	0	1	0	0	0	0
L1595615-R001	biblical_book	Num	31	31		4Q27	1606675	f55ii+57_59	20	1595615				books/DSS-Numbers.txt	2501964	3469	1976121-1976134	14	0	99b0a875f60d9bd57d045f56f6d50c4ba9afa669be13a8e3a2114c9fff4a077f	linguistics/books/DSS-Numbers-Linguistics.txt	3640454	6014	bbb3a630110153be34d81118bc2158e415dc5f0ef7e20a1e7aca09b1ee0dbcd2	PARTLY_RECONSTRUCTED	38	36	30	4	2	30	4	0	1	0	0	0	0
L1595615-R002	biblical_book	Num	31	32		4Q27	1606675	f55ii+57_59	20	1595615				books/DSS-Numbers.txt	2505433	2572	1976135-1976141	7	1	be28db332a205c40e1712a2f27533b05b3a20594bbd40001c0ced9d3ff004680	linguistics/books/DSS-Numbers-Linguistics.txt	3646468	3200	3b23b2826bf028bba01288dd25c49e604f52dd95877c2cf1e96c3c9608d2ee09	PARTLY_RECONSTRUCTED	16	16	3	3	10	3	3	0	0	0	0	0	0
L1595616-R001	biblical_book	Num	31	32		4Q27	1606675	f55ii+57_59	21	1595616				books/DSS-Numbers.txt	2508005	3666	1976142-1976157	16	0	eb6885b2992d1189aedf5d0e04dc5396fc9e3dc5ccec6a44c88ee5a6dfb85d93	linguistics/books/DSS-Numbers-Linguistics.txt	3649668	6902	f7d9b4317f1baeb0eeef2bea8942a2b98d320cf63d07fa94f2fae10ccd46d5bd	PARTLY_RECONSTRUCTED	47	45	30	1	14	30	1	0	1	0	0	0	0
L1595616-R002	biblical_book	Num	31	33		4Q27	1606675	f55ii+57_59	21	1595616				books/DSS-Numbers.txt	2511671	2026	1976158-1976160	3	1	bd539b8785c1d296f04b88c7c53094aa5e3e04c683c872db4d02771db2c8ae07	linguistics/books/DSS-Numbers-Linguistics.txt	3656570	1684	2c12abd61758d58f1ec24a7b6e216bc15694c912fabb13612b7c6b7c2b2b1f68	PARTLY_RECONSTRUCTED	8	8	4	2	2	4	2	0	0	0	0	0	0
L1595617-R001	biblical_book	Num	31	33		4Q27	1606675	f55ii+57_59	22	1595617				books/DSS-Numbers.txt	2513697	1749	1976161-1976164	4	0	e99a5e3cdf26bb57f652dadec06b752e316e5347feb92883cd1958b0aed2f910	linguistics/books/DSS-Numbers-Linguistics.txt	3658254	2004	11f3c133b4d2defaa372f8d84ab105ccf263b90dbf942c79648d0017a2722280	ALL_LETTER_SLOTS_RECONSTRUCTED	11	9	9	0	0	11	0	0	1	0	0	0	0
L1595617-R002	biblical_book	Num	31	34		4Q27	1606675	f55ii+57_59	22	1595617				books/DSS-Numbers.txt	2515446	2201	1976165-1976171	7	0	aa09ba74a14e2242252e3570f3971efe1a238571a9574d4a30825cfad6c7a928	linguistics/books/DSS-Numbers-Linguistics.txt	3660258	3231	0acaf05657f9eec034dd9f601081ed3372167c832b58ccc8d0268f556031467f	ALL_LETTER_SLOTS_RECONSTRUCTED	20	18	18	0	0	20	0	0	1	0	0	0	0
L1595617-R003	biblical_book	Num	31	35		4Q27	1606675	f55ii+57_59	22	1595617				books/DSS-Numbers.txt	2517647	2878	1976172-1976180	9	1	8c43fb2efb4b75674216c7338d959f70b8194de356e42146e3a014247bc9787a	linguistics/books/DSS-Numbers-Linguistics.txt	3663489	4028	94aab2523a2a9ccc63787c1e99de00475d026a08568da29c327cdb6b28871d5f	PARTLY_RECONSTRUCTED	24	24	10	1	13	10	1	0	0	0	0	0	0
L1595618-R001	biblical_book	Num	31	35		4Q27	1606675	f55ii+57_59	23	1595618				books/DSS-Numbers.txt	2520525	2556	1976181-1976189	9	0	90959615a2280dec189c4d91f853ffb6265671c50cac81e3fd6844e50f36b16a	linguistics/books/DSS-Numbers-Linguistics.txt	3667517	4159	f8231035bfd60dbefcdf2399b7425cb7d7802b9eda8acd5c0e335310e78bb62e	ALL_LETTER_SLOTS_RECONSTRUCTED	29	27	27	0	0	29	0	0	1	0	0	0	0
L1595618-R002	biblical_book	Num	31	36		4Q27	1606675	f55ii+57_59	23	1595618				books/DSS-Numbers.txt	2523081	3173	1976190-1976199	10	1	a01baa6a8495f2ac74e284f4e817fa834692d23f0331ece14ca6539f47ec2230	linguistics/books/DSS-Numbers-Linguistics.txt	3671676	4467	56553f724d825b0ac060fbce686247ddf2311c1d17d72b3a7a23928e0b5d6791	PARTLY_RECONSTRUCTED	27	27	15	4	8	15	4	0	0	0	0	0	0
L1595619-R001	biblical_book	Num	31	36		4Q27	1606675	f55ii+57_59	24	1595619				books/DSS-Numbers.txt	2526254	4487	1976200-1976213	14	3	156c8f98be9603e4952e981cc51a76752a553e2483e9d6879e654a02e6b55c4d	linguistics/books/DSS-Numbers-Linguistics.txt	3676143	6197	c8b1146ea02d50e1c6653894a049766e50867b59330633e91cf5ddfc6d757eda	PARTLY_RECONSTRUCTED	45	43	39	3	1	39	3	0	1	0	0	0	0
L1595620-R001	biblical_book	Num	31	37		4Q27	1606675	f55ii+57_59	25	1595620				books/DSS-Numbers.txt	2530741	3357	1976214-1976228	15	0	0d7e1eb1c3611bc3408a633d23251280856dd4660cc21f59aa28b4e68fb0e3e2	linguistics/books/DSS-Numbers-Linguistics.txt	3682340	6321	08ba4442aad391b6b1bdf3f793062d4e7cf421363b40b04a2aa2e79e79cf4c19	ALL_LETTER_SLOTS_RECONSTRUCTED	38	36	36	0	0	38	0	0	1	0	0	0	0
L1595620-R002	biblical_book	Num	31	38		4Q27	1606675	f55ii+57_59	25	1595620				books/DSS-Numbers.txt	2534098	2580	1976229-1976235	7	1	eafb9100acd08599f111bcc28d4459d51a571aa824c9ce9ac3349c053ff5e45a	linguistics/books/DSS-Numbers-Linguistics.txt	3688661	3240	5bb814fac8df37aa6cba071effe3a158b0325ed5394bce8742265b05982a482f	PARTLY_RECONSTRUCTED	19	17	15	2	0	15	2	0	1	0	0	0	0
L1595621-R001	biblical_book	Num	31	43		4Q27	1606675	f55ii+57_59	30	1595621				books/DSS-Numbers.txt	2536678	3896	1976236-1976251	16	0	c5b5b1ce00598b97d2ef7c966a8965658358f972eb4f38d302eb0e58bd2c08bb	linguistics/books/DSS-Numbers-Linguistics.txt	3691901	6957	49ae344c932c17efc4ed6605ab94b66f6c113c7e903bf164f30dac70cc447920	PARTLY_RECONSTRUCTED	48	46	41	3	2	43	3	0	1	0	0	0	0
L1595621-R002	biblical_book	Num	31	44		4Q27	1606675	f55ii+57_59	30	1595621				books/DSS-Numbers.txt	2540574	1730	1976252-1976253	2	1	3806da65d81c6db1e6fcfb1a197001af9c1b8edd335b5ba52732c62d51d17c7b	linguistics/books/DSS-Numbers-Linguistics.txt	3698858	1202	4240d37df1014a717bb5cdf8ba41a0fbe5cbed21b233ef9ca6efb19ddc8aa598	ALL_LETTER_SLOTS_RECONSTRUCTED	4	4	4	0	0	4	0	0	0	0	0	0	0
L1595622-R001	biblical_book	Num	31	44		4Q27	1606675	f55ii+57_59	31	1595622				books/DSS-Numbers.txt	2542304	2015	1976254-1976258	5	0	dd77e7d72bc833483bde7e8e02e71a088d7f8729d5d788270ea5b563a7411ecc	linguistics/books/DSS-Numbers-Linguistics.txt	3700060	2437	ec2fa8148c037a25186dc5c58f2d047540be5d2b2fcd8ef26c597750036963c9	PARTLY_RECONSTRUCTED	15	13	1	3	9	3	3	0	1	0	0	0	0
L1595622-R002	biblical_book	Num	31	45		4Q27	1606675	f55ii+57_59	31	1595622				books/DSS-Numbers.txt	2544319	2386	1976259-1976266	8	0	a2e4947e1183c444dd757e7bb2aedc8e99e5b6fcd9d581937d60873ca8f0d2a3	linguistics/books/DSS-Numbers-Linguistics.txt	3702497	3690	fa2aaa84aba512053cae041278f80791e65ab40d1c22bffd708af3733b7f3a02	ALL_LETTER_SLOTS_RECONSTRUCTED	26	24	24	0	0	26	0	0	1	0	0	0	0
L1595622-R003	biblical_book	Num	31	46		4Q27	1606675	f55ii+57_59	31	1595622				books/DSS-Numbers.txt	2546705	2199	1976267-1976271	5	1	21ee7d9ed1415f1aad2ca588d41c349e36aed72aa6718c4ee86b789b15c90462	linguistics/books/DSS-Numbers-Linguistics.txt	3706187	2436	ebf59df82ab4349fec08ddfaf9b2fa327e2f117f9a5691df87ddb6ee18c29be7	ALL_LETTER_SLOTS_RECONSTRUCTED	13	13	13	0	0	13	0	0	0	0	0	0	0
L1595623-R001	biblical_book	Num	31	46		4Q27	1606675	f55ii+57_59	32	1595623				books/DSS-Numbers.txt	2548904	1491	1976272-1976273	2	0	0c51831138efbdd4c0caf6315c3b2e5dde660e601b002196573ef949e91b665c	linguistics/books/DSS-Numbers-Linguistics.txt	3708623	1171	16e4f489e468095bd09e251cb2cffaba9968d11f94d49e58cde1ec63d4b955c2	NO_LETTER_RECONSTRUCTION_MARKED	5	3	0	1	2	0	1	0	1	0	0	0	0
L1595623-R002	biblical_book	Num	31	47		4Q27	1606675	f55ii+57_59	32	1595623				books/DSS-Numbers.txt	2550395	3846	1976274-1976289	16	1	bf22bd33f283b14bf3efa4bafad863751d30ee6b0d1dc70151de9fabdcd8a82c	linguistics/books/DSS-Numbers-Linguistics.txt	3709794	6932	9cf5969eb9e0eff3012f6cdce1ed656b56f8b7e16fa86ad9b8f466664a34a5ae	PARTLY_RECONSTRUCTED	45	45	41	0	4	41	0	0	0	0	0	0	0
L1595624-R001	biblical_book	Num	31	47		4Q27	1606675	f60_64	1	1595624				books/DSS-Numbers.txt	2554241	1585	1976290	1	1	a27b1c17956fda68936ea51f19066f584adff2fcb6e99f67f9b23c971bcbd216	linguistics/books/DSS-Numbers-Linguistics.txt	3716726	745	6ec8ba20b1f9d85c41d4bf82e1dd40e99a8152b73d6a05c90a7398bb1ee4b40d	NO_LETTER_SLOTS	2	0	0	0	0	2	0	1	1	0	0	0	0
L1595625-R001	biblical_book	Num	31	47		4Q27	1606675	f60_64	2	1595625				books/DSS-Numbers.txt	2555826	3055	1976291-1976292	2	5	96348e2283af51594d97a72684c6a25077571e3ac7a3405df1cd2688c0cbdfc8	linguistics/books/DSS-Numbers-Linguistics.txt	3717471	1156	79ce0ec4dd0708f5d8efc8e5f0bd73edeee9c8ddf859089aa10269831de6d75c	ALL_LETTER_SLOTS_RECONSTRUCTED	6	4	4	0	0	6	0	0	1	0	0	0	0
L1595626-R001	biblical_book	Num	31	48		4Q27	1606675	f60_64	3	1595626				books/DSS-Numbers.txt	2558881	5244	1976293-1976313	21	1	849dc6826e9cd7872e2eca885d3cfac6ac775ba16ea7996dab7b8eb5bd0135bb	linguistics/books/DSS-Numbers-Linguistics.txt	3718627	8735	0483fc8f3bae4982a8499f185148d0da18717c2a9a0d50dd48ded3242f6ec416	PARTLY_RECONSTRUCTED	57	57	29	9	19	29	9	0	0	0	0	0	0
L1595627-R001	biblical_book	Num	31	48		4Q27	1606675	f60_64	4	1595627				books/DSS-Numbers.txt	2564125	1845	1976314-1976318	5	0	b9a34a89a4c94ba102ac949cfd58684f5dabcd5f1cf2a362a41ad6f25fc907ee	linguistics/books/DSS-Numbers-Linguistics.txt	3727362	2359	02327c5ae9cda389ff74fd59eb118c6a2209154888272485ca2c1fe6266d1bae	PARTLY_RECONSTRUCTED	12	10	4	1	5	4	1	0	1	0	0	0	0
L1595627-R002	biblical_book	Num	31	49		4Q27	1606675	f60_64	4	1595627				books/DSS-Numbers.txt	2565970	3919	1976319-1976332	14	1	9610d04252d460c691d35e4a77aa09c332fe4c30cf0f5cd3caf61830e684c145	linguistics/books/DSS-Numbers-Linguistics.txt	3729721	6145	d0655be653209abbbbe00b387a4b3f67692ca90af1a826a459e989e30ff919a8	PARTLY_RECONSTRUCTED	49	47	25	2	20	26	2	0	0	0	0	0	0
L1595628-R001	biblical_book	Num	31	49		4Q27	1606675	f60_64	5	1595628				books/DSS-Numbers.txt	2569889	2186	1976333-1976338	6	0	7eb90c7160ad1e329fba4f278afe2bbb08a85f429e2c160ee2536aa10aea4a98	linguistics/books/DSS-Numbers-Linguistics.txt	3735866	2720	51fede70362e0cecb7a7ec8790fe25728434f7e317da230a425f6bae8b62eaff	PARTLY_RECONSTRUCTED	18	15	6	0	9	6	0	0	1	0	0	0	0
L1595628-R002	biblical_book	Num	31	50		4Q27	1606675	f60_64	5	1595628				books/DSS-Numbers.txt	2572075	3391	1976339-1976349	11	1	a5337a8ccdcabd8be0e6a97d09877c39f80d29e0479c8299a01a9f282154ed58	linguistics/books/DSS-Numbers-Linguistics.txt	3738586	4992	3f06bfc6f9a2f0893a9a86bf86ef9d49cd820f2c473b40f25cd379b3ba6f2a6c	PARTLY_RECONSTRUCTED	36	36	32	2	2	32	2	0	0	0	0	0	0
L1595629-R001	biblical_book	Num	31	50		4Q27	1606675	f60_64	6	1595629				books/DSS-Numbers.txt	2575466	3863	1976350-1976365	16	0	4a8b7744d86d01bce18d1e16aad4fac85d4e1cf0798d6619b788e14c9607a4dc	linguistics/books/DSS-Numbers-Linguistics.txt	3743578	6829	540181d5fd943f6dbf6377cc802dc369f4ebeb8c38aadb2aaeea465b141e9cae	PARTLY_RECONSTRUCTED	45	42	26	3	13	29	3	0	1	0	0	0	0
L1595629-R002	biblical_book	Num	31	51		4Q27	1606675	f60_64	6	1595629				books/DSS-Numbers.txt	2579329	2181	1976366-1976370	5	1	0b560a5e4be08c070fb910f781384c572293b65c4966fd53620d2dbf462db274	linguistics/books/DSS-Numbers-Linguistics.txt	3750407	2419	187dad79ccfae44441bf5afd31ed4ba1179509f31d9dcb66e40571232813e03b	ALL_LETTER_SLOTS_RECONSTRUCTED	14	14	14	0	0	14	0	0	0	0	0	0	0
L1595630-R001	biblical_book	Num	31	51		4Q27	1606675	f60_64	7	1595630				books/DSS-Numbers.txt	2581510	3100	1976371-1976381	11	0	9b6f671b89660b7d7a84f0449c1ac054be4603c16e073c1ae8a5ce31a6486c55	linguistics/books/DSS-Numbers-Linguistics.txt	3752826	4788	b5005d78bdc1797ffb8f81859fb4f2bd490a8d32c38dc3edd80ea1ac0fa45627	PARTLY_RECONSTRUCTED	28	25	9	5	11	9	5	0	1	0	0	0	0
L1595630-R002	biblical_book	Num	31	52		4Q27	1606675	f60_64	7	1595630				books/DSS-Numbers.txt	2584610	3086	1976382-1976391	10	1	4dff8e5dcdb160ab5c9372bf43e86d07bf3b506a4417413d9028ee638496c56d	linguistics/books/DSS-Numbers-Linguistics.txt	3757614	4432	296996a131770676f0cb0b7802566acce9775649f990ec5428be57a2e33abdbe	PARTLY_RECONSTRUCTED	29	29	24	1	4	24	1	0	0	0	0	0	0
L1595631-R001	biblical_book	Num	31	52		4Q27	1606675	f60_64	8	1595631				books/DSS-Numbers.txt	2587696	4653	1976392-1976412	21	1	1be3d3ce1c94a269567ebb32ef03ebdb21f27c5f5259fc56c0817b224f4fdfc5	linguistics/books/DSS-Numbers-Linguistics.txt	3762046	8775	b4c63db4de9e29edbadfc4aefeb1304b13f0fe18dac3a60612c721dbdfb0d95a	PARTLY_RECONSTRUCTED	52	50	25	2	23	27	2	0	1	0	0	0	0
L1595632-R001	biblical_book	Num	31	53		4Q27	1606675	f60_64	9	1595632				books/DSS-Numbers.txt	2592349	2309	1976413-1976419	7	0	fabf1c944f2b1dd34fd05c288cea26b2a7be3f41d8b8735622d0911977b320c0	linguistics/books/DSS-Numbers-Linguistics.txt	3770821	3117	e3f23c490b18e352ea4a62fc60b7851610592f354696a070f740a7320b8fd649	NO_LETTER_RECONSTRUCTION_MARKED	20	17	0	1	16	0	1	0	1	0	0	0	0
L1595632-R002	biblical_book	Num	31	54		4Q27	1606675	f60_64	9	1595632				books/DSS-Numbers.txt	2594658	3583	1976420-1976434	15	1	e6a0eaaf8932fe4ac84ecfb445359de80ed4f2c78e1401d5dd86f3723380fe23	linguistics/books/DSS-Numbers-Linguistics.txt	3773938	6344	b8399cba40184ea48afd6594a3ae78ed89efa9c3ceac821833858f6c3035297f	PARTLY_RECONSTRUCTED	37	37	23	0	14	23	0	0	0	0	0	0	0
L1595633-R001	biblical_book	Num	31	54		4Q27	1606675	f60_64	10	1595633				books/DSS-Numbers.txt	2598241	4680	1976435-1976451	17	2	a518f2f36ee23be44184ef017b1946a1d3b8f3d4fddf784ca22e67bbf1259bd0	linguistics/books/DSS-Numbers-Linguistics.txt	3780282	7285	8d8b3faaacb61d8ef70b02132792b5d61b3bd07cfd9604dbe6aaadbc7aa3473d	PARTLY_RECONSTRUCTED	52	49	19	2	28	21	2	0	1	0	0	0	0
L1595634-R001	biblical_book	Num	32	1		4Q27	1606675	f60_64	11	1595634				books/DSS-Numbers.txt	2602921	4916	1976452-1976473	22	1	fb76ba55fba4b3b7b1c3230f8ec5b8cbb5718ec7e69fd45f580a6cacde271fdd	linguistics/books/DSS-Numbers-Linguistics.txt	3787567	9186	0dba749465dd762038182b3eb82c813ee6cc759cf24a73420209fafcef833ced	PARTLY_RECONSTRUCTED	56	55	37	2	16	38	2	0	0	0	0	0	0
L1595635-R001	biblical_book	Num	32	1		4Q27	1606675	f60_64	12	1595635				books/DSS-Numbers.txt	2607837	3261	1976474-1976486	13	0	0e245d0ca69a287f0b67ad83ed8bf8fd8e12f8075abcf827119e8c6e4820d521	linguistics/books/DSS-Numbers-Linguistics.txt	3796753	5723	4df344a1aed1ab7f5ebd268da3a9b68e575b8c7742be3d47e5cf5a26a25425ba	PARTLY_RECONSTRUCTED	36	34	22	4	8	24	4	0	1	0	0	0	0
L1595635-R002	biblical_book	Num	32	2		4Q27	1606675	f60_64	12	1595635				books/DSS-Numbers.txt	2611098	2654	1976487-1976494	8	1	69e4a6bd02a31e9274c4467ef0bde40638f788894cb1298c1066896ad402cae4	linguistics/books/DSS-Numbers-Linguistics.txt	3802476	3568	cdf59eb052d844c5f9d0e927317c7be7b684e524e0f0d8830574d2fbf25377b9	ALL_LETTER_SLOTS_RECONSTRUCTED	22	20	20	0	0	20	0	0	1	0	0	0	0
L1595636-R001	biblical_book	Num	32	4		4Q27	1606675	f60_64	15	1595636				books/DSS-Numbers.txt	2613752	3486	1976495-1976503	9	2	4b2326a349747ab2bad15639b00653c9cb6b629e72499dd661eeb126879de39b	linguistics/books/DSS-Numbers-Linguistics.txt	3806044	4132	21383f28215667e3258b18da52b26091f5da84e818451eae9fa610eaa6bcbc2a	PARTLY_RECONSTRUCTED	31	28	25	3	0	28	3	0	1	0	0	0	0
L1595637-R001	biblical_book	Num	32	5		4Q27	1606675	f60_64	16	1595637				books/DSS-Numbers.txt	2617238	4724	1976504-1976522	19	1	a78c955f6b6d1286c1c570c6b10d77e3dfb5a0288170658c32caa8f82e3badc2	linguistics/books/DSS-Numbers-Linguistics.txt	3810176	7932	437f3bdbed1c7d9d8dba32101cdbe7ead5bbc6f6d22e05aa23731efda34e3a7a	PARTLY_RECONSTRUCTED	56	54	49	1	4	51	1	0	0	0	0	0	0
L1595638-R001	biblical_book	Num	32	5		4Q27	1606675	f60_64	17	1595638				books/DSS-Numbers.txt	2621962	2354	1976523-1976527	5	0	9f6507e0aff5b7681d291b8530afe41283e4f074184e305d0ac1581e21936738	linguistics/books/DSS-Numbers-Linguistics.txt	3818108	2430	17c88140000b08b75f6b7b59bed736c622200f709b5c099cf0dc568a3aaa5980	PARTLY_RECONSTRUCTED	17	14	8	4	2	10	4	0	1	0	0	0	0
L1595638-R002	biblical_book	Num	32	6		4Q27	1606675	f60_64	17	1595638				books/DSS-Numbers.txt	2624316	3856	1976528-1976541	14	2	41c6347746177b4cf8ec666dba8789b8efbf57c0fe684090b517b0b55fafdb0a	linguistics/books/DSS-Numbers-Linguistics.txt	3820538	5925	44d5298738fc3246f4d5969daef00ca4fad399b3af1a4a40efb30763f6d1a4d7	ALL_LETTER_SLOTS_RECONSTRUCTED	34	34	34	0	0	34	0	0	0	0	0	0	0
L1595639-R001	biblical_book	Num	32	6		4Q27	1606675	f60_64	18	1595639				books/DSS-Numbers.txt	2628172	3109	1976542-1976553	12	0	fde7058d5dace275685b543b744357d3ec5be01408289ea9e8fe8e63e51b8203	linguistics/books/DSS-Numbers-Linguistics.txt	3826463	5198	93c796dd093500bc90eceea710059d06ef7c1fc5c39b636b366cb189df3bf6f7	ALL_LETTER_SLOTS_RECONSTRUCTED	38	35	35	0	0	38	0	0	1	0	0	0	0
L1595639-R002	biblical_book	Num	32	7		4Q27	1606675	f60_64	18	1595639				books/DSS-Numbers.txt	2631281	2935	1976554-1976560	7	1	d9105e62f769d4fb78c6a4f7ecbf4d2d80a779a6d4fa761edcdfd8f3a4c1facb	linguistics/books/DSS-Numbers-Linguistics.txt	3831661	3291	1113fbc7220430ce884f2da0fd4482e525ccaef7795e7b763c41e4aa7791d651	PARTLY_RECONSTRUCTED	23	22	12	3	7	13	3	0	0	0	0	0	0
L1595640-R001	biblical_book	Num	32	7		4Q27	1606675	f60_64	19	1595640				books/DSS-Numbers.txt	2634216	2771	1976561-1976570	10	0	7649abffe45df2b6b9476a49444ba985eea5626467032825f2bdb890226f35c9	linguistics/books/DSS-Numbers-Linguistics.txt	3834952	4304	11bdf41198731970e59fc5877ff481e8680e27acc2cd4d69ca20ce3d19335df8	ALL_LETTER_SLOTS_RECONSTRUCTED	28	25	25	0	0	28	0	0	1	0	0	0	0
L1595640-R002	biblical_book	Num	32	8		4Q27	1606675	f60_64	19	1595640				books/DSS-Numbers.txt	2636987	3347	1976571-1976579	9	1	7620ee4a91d6ae9d6dc6a10d17f32e2de32d5a652f43e29f3584eef4bbb96aff	linguistics/books/DSS-Numbers-Linguistics.txt	3839256	4167	b4277eb25a1c80b04baf9a15a8743b574b2112849a37fd7f18b0a287e3f9c9ba	PARTLY_RECONSTRUCTED	35	32	21	3	8	22	3	0	0	0	0	0	0
L1595641-R001	biblical_book	Num	32	8		4Q27	1606675	f60_64	20	1595641				books/DSS-Numbers.txt	2640334	1999	1976580-1976585	6	0	f7b73db2bcb7793ac7f96c162ec98532db698bac5fe15675ed367b095ac8f777	linguistics/books/DSS-Numbers-Linguistics.txt	3843423	2678	157e834c98b29c56906abd6b14a80db098042ee489969d4ea03234ee4c1a7196	ALL_LETTER_SLOTS_RECONSTRUCTED	13	11	11	0	0	13	0	0	1	0	0	0	0
L1595641-R002	biblical_book	Num	32	9		4Q27	1606675	f60_64	20	1595641				books/DSS-Numbers.txt	2642333	4142	1976586-1976601	16	1	d473193748faf1d19df07551bbd252cfc64cb3c81d832f55501ba176fd72c776	linguistics/books/DSS-Numbers-Linguistics.txt	3846101	6874	96d286d81bd91baca1f96977a525f03b86a7f3ff78373a677fc09021970374f1	PARTLY_RECONSTRUCTED	45	44	35	3	6	36	3	0	1	0	0	0	0
L1595642-R001	biblical_book	Num	32	9		4Q27	1606675	f60_64	21	1595642				books/DSS-Numbers.txt	2646475	2926	1976602-1976612	11	0	b30235223a324c96a44dfa321ea6bbde466ac26aca6ada535d779402758de372	linguistics/books/DSS-Numbers-Linguistics.txt	3852975	4744	e0f1e975960e3c96b198822e04533327b11312c7e8be2d6922592323edae8ecf	ALL_LETTER_SLOTS_RECONSTRUCTED	31	28	28	0	0	31	0	0	1	0	0	0	0
L1595642-R002	biblical_book	Num	32	10		4Q27	1606675	f60_64	21	1595642				books/DSS-Numbers.txt	2649401	2869	1976613-1976621	9	1	9e052bcac82b7309bbc1e1b72fa76611a530edb75da0bad4253187bb75399df4	linguistics/books/DSS-Numbers-Linguistics.txt	3857719	3890	cffeca576af946e6c256530e53fe6b096c8b473080c9784b9ab26552394734ba	PARTLY_RECONSTRUCTED	21	19	16	2	1	16	2	0	1	0	0	0	0
L1595643-R001	biblical_book	Num	32	13		4Q27	1606675	f60_64	25	1595643				books/DSS-Numbers.txt	2652270	4518	1976622-1976640	19	1	617c275e47712184ed968ee3c608965a5e38ceb30a919c1608b116a30a6e1a80	linguistics/books/DSS-Numbers-Linguistics.txt	3861609	7999	5a1d95732c3050f209fde36fa8bd6ee905ff085deaebad08db3d9cebdec6bf81	PARTLY_RECONSTRUCTED	51	48	44	2	2	46	2	0	1	0	0	0	0
L1595644-R001	biblical_book	Num	32	14		4Q27	1606675	f60_64	26	1595644				books/DSS-Numbers.txt	2656788	4094	1976641-1976655	15	1	4d9b1d72f2e6fc04cea6771be9328cba3c130aae4602ce3228d3f809b5111a9b	linguistics/books/DSS-Numbers-Linguistics.txt	3869608	6638	6d110b2b032aba04d9d4fbdc3f25d19451bedb8cb5f0f4b58946d17361d38cba	PARTLY_RECONSTRUCTED	55	54	49	2	3	50	2	0	0	0	0	0	0
L1595645-R001	biblical_book	Num	32	14		4Q27	1606675	f60_64	27	1595645				books/DSS-Numbers.txt	2660882	1716	1976656-1976658	3	0	5610752dd7cc3ddfdc6b18d9c64ab25dfdbc5b7b79fa27c5d845f9065a09a7cb	linguistics/books/DSS-Numbers-Linguistics.txt	3876246	1622	6d29c8904f1fb1b17bf36fae9b26ea290057a6bdc7c04d75021d83396f362357	PARTLY_RECONSTRUCTED	9	7	5	1	1	7	1	0	1	0	0	0	0
L1595645-R002	biblical_book	Num	32	15		4Q27	1606675	f60_64	27	1595645				books/DSS-Numbers.txt	2662598	5002	1976659-1976678	20	1	cd5edec525066829bade0302baae6a494ee3d6dbdcbd85b022ef03641bd68662	linguistics/books/DSS-Numbers-Linguistics.txt	3877868	8245	f22bd0b09ed4806b00fded0d872134d59857ce2b6a64637201daa074e4db6204	PARTLY_RECONSTRUCTED	53	48	43	2	3	48	2	0	1	0	0	0	0
L1595646-R001	biblical_book	Num	32	16		4Q27	1606675	f60_64	28	1595646				books/DSS-Numbers.txt	2667600	5101	1976679-1976694	16	2	0a2091d2e1cd55aa0abcbd09de696395eca8d26eaf37aad4f5f1fa577077f562	linguistics/books/DSS-Numbers-Linguistics.txt	3886113	6871	438bddc4df92225fd5f092c0e6025c86adf3024c19f06fcd7cc77b8b5dc4004a	PARTLY_RECONSTRUCTED	54	49	38	5	6	43	5	0	1	0	0	0	0
L1595647-R001	biblical_book	Num	32	17		4Q27	1606675	f60_64	29	1595647				books/DSS-Numbers.txt	2672701	4187	1976695-1976710	16	1	070cc2f33d0995979731786064074c89cb1a8d283e3031016b8efa2c0ba5e01f	linguistics/books/DSS-Numbers-Linguistics.txt	3892984	7020	0caf87b30a5e2d307b16b0b7c75af6b193bc4cfb805b0d8ef62896172f819415	PARTLY_RECONSTRUCTED	55	53	43	0	10	45	0	0	0	0	0	0	0
L1595648-R001	biblical_book	Num	32	17		4Q27	1606675	f60_64	30	1595648				books/DSS-Numbers.txt	2676888	3018	1976711-1976721	11	0	dd3a32724c06a80d35bb612e2283bd243369842bd1ed39940fda99306f2ce8f7	linguistics/books/DSS-Numbers-Linguistics.txt	3900004	4762	92e54fb00840a4d9e8412017281ba0a5b8483f95c0b602fb101f8292d7241cad	PARTLY_RECONSTRUCTED	29	26	23	1	2	26	1	0	1	0	0	0	0
L1595648-R002	biblical_book	Num	32	18		4Q27	1606675	f60_64	30	1595648				books/DSS-Numbers.txt	2679906	3009	1976722-1976729	8	1	75c6e41b4f3d76dee27c40d792a73a5067d39f7a44f008e05d91cc8d6a1f7d0b	linguistics/books/DSS-Numbers-Linguistics.txt	3904766	3756	a9c9958b0d73d768f09e2cc7ad6282e534ec7aeee12d9bfe468ea64452959d40	ALL_LETTER_SLOTS_RECONSTRUCTED	32	30	30	0	0	32	0	0	0	0	0	0	0
L1595649-R001	biblical_book	Num	32	18		4Q27	1606675	f60_64	31	1595649				books/DSS-Numbers.txt	2682915	1892	1976730-1976733	4	0	f95f123a4ec17b9ca45d1d7b91083ec8f0489e12f649bf6d9d98fba08837a9da	linguistics/books/DSS-Numbers-Linguistics.txt	3908522	1995	7b2979acb3ffcf637c2fc339f06394d90abf896ad8d76ad98e96cf96117da3f2	ALL_LETTER_SLOTS_RECONSTRUCTED	13	10	10	0	0	13	0	0	1	0	0	0	0
L1595649-R002	biblical_book	Num	32	19		4Q27	1606675	f60_64	31	1595649				books/DSS-Numbers.txt	2684807	4435	1976734-1976750	17	1	adf72774646072865b16d277c14dcb8626ad982b9038fd5298bacc227f3e218a	linguistics/books/DSS-Numbers-Linguistics.txt	3910517	7293	f4bd341731e09449c6adbc59e89b2a2fca3d750f4d7e2695bd0e15ad9d42efcf	PARTLY_RECONSTRUCTED	53	48	46	1	1	48	1	0	1	0	0	0	0
L1595650-R001	biblical_book	Num	32	21		4Q27	1606675	f65_71	2	1595650				books/DSS-Numbers.txt	2689242	4929	1976751-1976768	18	1	c074bc63e91680d1deb79f1c548bffcfc813c3d0ceaf5d770022a52e5fc9d67a	linguistics/books/DSS-Numbers-Linguistics.txt	3917810	7636	12cbf53b163e1b207cc42318f1ce699387ea64ee4d18ca33f2ef8a0aed51b7c1	PARTLY_RECONSTRUCTED	57	51	49	2	0	55	2	0	1	0	0	0	0
L1595651-R001	biblical_book	Num	32	22		4Q27	1606675	f65_71	3	1595651				books/DSS-Numbers.txt	2694171	5322	1976769-1976793	25	1	64520a544f1e3a04d088b1fe8fc738be01ef768e46ee50111b84fcff3fe12642	linguistics/books/DSS-Numbers-Linguistics.txt	3925446	10321	9f7adc3da987767d19a4c99284b71ea72e29b6841ec79ddba28279d4331e48c7	PARTLY_RECONSTRUCTED	69	68	65	1	2	66	1	0	0	0	0	0	0
L1595652-R001	biblical_book	Num	32	22		4Q27	1606675	f65_71	4	1595652				books/DSS-Numbers.txt	2699493	2029	1976794-1976799	6	0	45ba4b7c8ecb04dab2952798193fc6cd85d66b6461e09a6ed1bd764c686c546c	linguistics/books/DSS-Numbers-Linguistics.txt	3935767	2767	303a1773160bfd14bc85b9dd684b20fc238ed090fd6a63bd07dbf8e7ba3d3f3c	ALL_LETTER_SLOTS_RECONSTRUCTED	16	14	14	0	0	16	0	0	1	0	0	0	0
L1595652-R002	biblical_book	Num	32	23		4Q27	1606675	f65_71	4	1595652				books/DSS-Numbers.txt	2701522	4854	1976800-1976815	16	1	f9a6f0e523ecee9851e4afc15c1694ea41b27dac67d4332548f709d6d1b59ded	linguistics/books/DSS-Numbers-Linguistics.txt	3938534	6886	ca0f336e2d9a2652ca29b92e68b1daa8f2b30dd15f9749eb26c3614a21c48b82	PARTLY_RECONSTRUCTED	56	51	35	4	12	38	4	0	1	0	0	0	0
L1595653-R001	biblical_book	Num	32	24		4Q27	1606675	f65_71	5	1595653				books/DSS-Numbers.txt	2706376	6128	1976816-1976831	16	5	95833b4b5dc3c365294a6b7a48fd48d4c9e368fe8df293a97232afedf103ab8e	linguistics/books/DSS-Numbers-Linguistics.txt	3945420	6802	daa457c16f8af441471aca7cc700f49ba9cf3f0fd3a3e3bfed68fc64d3451166	PARTLY_RECONSTRUCTED	53	47	26	6	15	28	6	0	1	0	0	0	0
L1595654-R001	biblical_book	Num	32	25		4Q27	1606675	f65_71	6	1595654				books/DSS-Numbers.txt	2712504	5543	1976832-1976854	23	1	6758ad43a35e2fe108d0b2b22d3afe9c9be9957ccd7eff1c422335874320cf26	linguistics/books/DSS-Numbers-Linguistics.txt	3952222	9752	aa51828c79ea95fa6e991808428c46e92b081b1316240cd31547511429db42d9	PARTLY_RECONSTRUCTED	71	67	29	4	34	32	4	0	1	0	0	0	0
L1595655-R001	biblical_book	Num	32	26		4Q27	1606675	f65_71	7	1595655				books/DSS-Numbers.txt	2718047	4147	1976855-1976869	15	0	fefcf8e66384918b03b438548ee7991af0c5b1d481ebc0d5c1b4c1c27da36100	linguistics/books/DSS-Numbers-Linguistics.txt	3961974	6503	c93365f2b64345933b8f66ac2fb68dc4d8591faa2754218ab4704e9c7c1d88c8	PARTLY_RECONSTRUCTED	48	42	23	5	14	26	5	0	1	0	0	0	0
L1595655-R002	biblical_book	Num	32	27		4Q27	1606675	f65_71	7	1595655				books/DSS-Numbers.txt	2722194	2638	1976870-1976875	6	1	d700852c4bf3d22cb72052754ab06ed5c31627f4c645d864ad3ffa8dd6e67bf7	linguistics/books/DSS-Numbers-Linguistics.txt	3968477	2870	e7e34f254eff36ee509857675ed7f3bd4b1451117b2454e4b0fa1ca12d007f52	PARTLY_RECONSTRUCTED	24	23	9	3	11	9	3	0	0	0	0	0	0
L1595656-R001	biblical_book	Num	32	27		4Q27	1606675	f65_71	8	1595656				books/DSS-Numbers.txt	2724832	2892	1976876-1976885	10	0	90441d904c135fc46230e371813141d5e1fb45fe6d3a5182db5fae40250d5bb7	linguistics/books/DSS-Numbers-Linguistics.txt	3971347	4450	6484d2a9275130db42cf2fef0c7cd53ac5cd488e5cf2e16a0c1da49fcfadc687	PARTLY_RECONSTRUCTED	30	27	17	3	7	20	3	0	1	0	0	0	0
L1595656-R002	biblical_book	Num	32	28		4Q27	1606675	f65_71	8	1595656				books/DSS-Numbers.txt	2727724	3101	1976886-1976895	10	1	a260b595c8f6cb5913cde6b553453bfcd1886a87ce1f0ff8d68b220757cd00ff	linguistics/books/DSS-Numbers-Linguistics.txt	3975797	4490	4f088d2048edf6ecf15c420371ce2a5ef722b8181a50d65c02b787d63f819e54	PARTLY_RECONSTRUCTED	32	31	27	0	4	28	0	0	0	0	0	0	0
L1595657-R001	biblical_book	Num	32	28		4Q27	1606675	f65_71	9	1595657				books/DSS-Numbers.txt	2730825	3444	1976896-1976910	15	0	75e5eb76de1d84939555ea752bf26ad51e1cf879f616f9dd4e4c5368e91442e8	linguistics/books/DSS-Numbers-Linguistics.txt	3980287	6440	73f7f8879eb384e2b54a6cd9859939a09b26d6e1ca169c8cd01c2597b38e5d56	PARTLY_RECONSTRUCTED	40	38	36	2	0	38	2	0	1	0	0	0	0
L1595657-R002	biblical_book	Num	32	29		4Q27	1606675	f65_71	9	1595657				books/DSS-Numbers.txt	2734269	2670	1976911-1976916	6	1	184a641d5a06870be523ef7d5f80f09c85f624631cb067144e609a6cf88c8d58	linguistics/books/DSS-Numbers-Linguistics.txt	3986727	2853	ae90e94e6408d5071f43a2daff4a8798a2a40ab903712d14d07fc8d9f7fbe452	PARTLY_RECONSTRUCTED	24	23	19	3	1	20	3	0	0	0	0	0	0
L1595658-R001	biblical_book	Num	32	29		4Q27	1606675	f65_71	10	1595658				books/DSS-Numbers.txt	2736939	5190	1976917-1976939	23	1	da69278f02accb278df364c88ba0718806231adcf1e87e94f414a9dbf36af2fb	linguistics/books/DSS-Numbers-Linguistics.txt	3989580	9749	d90370c3ca4cf7cd6316a1d9677201930ad3cc746de585603a99b517a604c10f	PARTLY_RECONSTRUCTED	66	65	61	1	3	62	1	0	0	0	0	0	0
L1595659-R001	biblical_book	Num	32	29		4Q27	1606675	f65_71	11	1595659				books/DSS-Numbers.txt	2742129	3626	1976940-1976953	14	0	586e6896473036d7487c48370677a1d8ff8a908f8295fa91997063cd06aff093	linguistics/books/DSS-Numbers-Linguistics.txt	3999329	6017	a0053456c1cccb16c95c2cf32280502c71f320c5c1173dbf906511cd730e4b27	PARTLY_RECONSTRUCTED	40	36	25	3	8	29	3	0	1	0	1	0	0
L1595659-R002	biblical_book	Num	32	30		4Q27	1606675	f65_71	11	1595659				books/DSS-Numbers.txt	2745755	2982	1976954-1976961	8	1	0cde21f9e7222d556c2bedb0ddd5babe50d5b607647ae5e108c2bef98379aba6	linguistics/books/DSS-Numbers-Linguistics.txt	4005346	3670	063d0e9288801d85cb6773cf7c4ce40c69db70646adca4e017e1974ab9b8c52f	PARTLY_RECONSTRUCTED	30	29	27	2	0	28	2	0	0	0	0	0	0
L1595660-R001	biblical_book	Num	32	30		4Q27	1606675	f65_71	12	1595660				books/DSS-Numbers.txt	2748737	5284	1976962-1976982	21	1	27c9a5af96abf06b9fcab12fdb0fe932435d8a5dd213fc6424eaa86048bcd20e	linguistics/books/DSS-Numbers-Linguistics.txt	4009016	8858	90662ff9f9d09114acbdcead0fed300e77de6cff9189c62d777a83976426d666	PARTLY_RECONSTRUCTED	66	60	56	1	3	59	1	0	1	0	0	0	0
L1595661-R001	biblical_book	Num	32	35		4Q27	1606675	f65_71	17	1595661				books/DSS-Numbers.txt	2754021	2962	1976983-1976993	11	0	20c995412d1bddc2119f796497e856c80ca387f0551fb0a532c02e2158c6a927	linguistics/books/DSS-Numbers-Linguistics.txt	4017874	4863	85eeabea599a25658dea180cdd11c93c8ada350228d51e83ed40e6090f80d74c	PARTLY_RECONSTRUCTED	31	27	25	2	0	29	2	1	2	0	0	0	0
L1595661-R002	biblical_book	Num	32	36		4Q27	1606675	f65_71	17	1595661				books/DSS-Numbers.txt	2756983	2299	1976994-1976999	6	1	d2acb1cd64a9e8cede51c9aeccc95e5df9305003c2e94bd639eff63063165619	linguistics/books/DSS-Numbers-Linguistics.txt	4022737	2786	21321a9ad4fb6306d625699ba59fa5d3568e40fd9126ae004ef9f258a000c1c8	ALL_LETTER_SLOTS_RECONSTRUCTED	13	13	13	0	0	13	0	0	0	0	0	0	0
L1595662-R001	biblical_book	Num	32	36		4Q27	1606675	f65_71	18	1595662				books/DSS-Numbers.txt	2759282	2381	1977000-1977007	8	0	66bc93e19bde72e3edac75f1f4945908e725d25313fe7d3ffb12ea828ddc3917	linguistics/books/DSS-Numbers-Linguistics.txt	4025523	3704	fd3ccec07d4c784cc92f36d948db868dc5e415a79a6b3e4ebfeaa2911e987b03	ALL_LETTER_SLOTS_RECONSTRUCTED	25	23	23	0	0	25	0	0	1	0	0	0	0
L1595662-R002	biblical_book	Num	32	37		4Q27	1606675	f65_71	18	1595662				books/DSS-Numbers.txt	2761663	3663	1977008-1977020	13	1	f3203a0763768fb9bd9a02f72ac34f4c639b563cd6d0dc131a04da936a32b348	linguistics/books/DSS-Numbers-Linguistics.txt	4029227	5786	2d4eac623f931f43164bea4cf879fb147ae4f252c79ad9b4d71a4b0dd80fc2c4	PARTLY_RECONSTRUCTED	39	36	25	1	10	28	1	0	2	0	0	0	0
L1595663-R001	biblical_book	Num	32	38		4Q27	1606675	f65_71	19	1595663				books/DSS-Numbers.txt	2765326	4681	1977021-1977041	21	1	ce340a348850ab79a7d76e209653c91c0a29753dfff259d0e3f454b7b3c17db7	linguistics/books/DSS-Numbers-Linguistics.txt	4035013	8830	826c233df409ad860fb8b1b6c79d217f966624350a92bd18caa44c4799f36d6d	PARTLY_RECONSTRUCTED	56	56	46	2	8	46	2	0	0	0	0	0	0
L1595664-R001	biblical_book	Num	32	38		4Q27	1606675	f65_71	20	1595664				books/DSS-Numbers.txt	2770007	1437	1977042-1977043	2	0	6e27018834f0d7646ea6990da960ca8e0e58dbdfbeab183cf7fe65913d69b540	linguistics/books/DSS-Numbers-Linguistics.txt	4043843	1139	1d45d8743df3c69c23e46320be40a856bfae6d9586b6e7efd6687c48864ccbe8	ALL_LETTER_SLOTS_RECONSTRUCTED	5	3	3	0	0	5	0	0	1	0	0	0	0
L1595664-R002	biblical_book	Num	32	39		4Q27	1606675	f65_71	20	1595664				books/DSS-Numbers.txt	2771444	4570	1977044-1977060	17	1	9b8c18e53237655c19b53cdaf454b9c22103df893320d602aae3a88ab8338ddf	linguistics/books/DSS-Numbers-Linguistics.txt	4044982	7432	6d236af1ac151c69d38ab6bd2de1aa0c8f0606902436ca14efd6a23d62b52380	PARTLY_RECONSTRUCTED	56	54	46	4	4	47	4	0	0	0	0	0	0
L1595665-R001	biblical_book	Num	32	39		4Q27	1606675	f65_71	21	1595665				books/DSS-Numbers.txt	2776014	1731	1977061-1977063	3	0	05bf0193a07afcfb22115fe4d6083fcb0665cfffceecf2952e6171afc6259f74	linguistics/books/DSS-Numbers-Linguistics.txt	4052414	1486	ce1d6ef735e640ed7780362fdc146607dc0e285321ef42ef021d8fcdbd69a55b	ALL_LETTER_SLOTS_RECONSTRUCTED	7	2	2	0	0	7	0	1	2	0	0	0	0
L1595665-R002	biblical_book	Num	32	41		4Q27	1606675	f65_71	21	1595665				books/DSS-Numbers.txt	2777745	2953	1977064-1977072	9	1	62df7e207d421bfe78fecc4ac7c5d6dc7ee3f2d925df4f16c5404a2cfecf2c1e	linguistics/books/DSS-Numbers-Linguistics.txt	4053900	4083	84dfbee94eb37d67381bd79b9c750518be0d90c982ed33eb1aab0eddec1a794d	ALL_LETTER_SLOTS_RECONSTRUCTED	28	27	27	0	0	28	0	0	0	0	0	0	0
L1595666-R001	biblical_book	Num	32	41		4Q27	1606675	f65_71	22	1595666				books/DSS-Numbers.txt	2780698	2253	1977073-1977078	6	0	28d67e95a31a37913358b22c713ca576ff5d3a5eafcdca35342381965e3a05a6	linguistics/books/DSS-Numbers-Linguistics.txt	4057983	2813	948a8a0fc06abdaf77b74e4175f1de9c31e8dafb251a6eb15714471969dd2749	PARTLY_RECONSTRUCTED	20	17	14	0	3	17	0	0	1	0	0	0	0
L1595666-R002	biblical_book	Num	32	42		4Q27	1606675	f65_71	22	1595666				books/DSS-Numbers.txt	2782951	3794	1977079-1977092	14	1	c9cf0979a9472d10ee065b757b3679d2a0a1d7ee7d53019baa4d408ae99ce063	linguistics/books/DSS-Numbers-Linguistics.txt	4060796	5965	c82440e31fce27d8a56574056fb1864b4b4e7623cae99d087d0e4d511896727f	ALL_LETTER_SLOTS_RECONSTRUCTED	41	39	39	0	0	41	0	0	0	0	0	0	0
L1595667-R001	biblical_book	Num	32	42		4Q27	1606675	f65_71	23	1595667				books/DSS-Numbers.txt	2786745	2666	1977093-1977095	3	3	48785e8ad6e585ae662d75b8b4f38a32d979a9876e4cc3a70ba5f5d590c13bad	linguistics/books/DSS-Numbers-Linguistics.txt	4066761	1518	7ca60d93da097ec724f4fc5cb54d5f9cdbd67634d9f064a28f6eb2cea4ab6104	ALL_LETTER_SLOTS_RECONSTRUCTED	7	4	4	0	0	7	0	0	1	0	0	0	0
L1595668-R001	biblical_book	Num	33	1		4Q27	1606675	f65_71	24	1595668				books/DSS-Numbers.txt	2789411	3930	1977096-1977112	17	0	e1de274e346b75d2bdb5fedd972d91500e77326ede408663fd3d394ce6d9c61f	linguistics/books/DSS-Numbers-Linguistics.txt	4068279	7389	ff03b91fcf01ba97f6087680a4c793aa60f4fac79a89126b18b3f7b2a7c96320	PARTLY_RECONSTRUCTED	54	51	46	0	5	49	0	0	1	0	0	0	0
L1595668-R002	biblical_book	Num	33	2		4Q27	1606675	f65_71	24	1595668				books/DSS-Numbers.txt	2793341	1902	1977113-1977115	3	1	7458757b83c14a108514d91ea9adf04ccdbfc8d1d762a11e71211f1b7ee1333a	linguistics/books/DSS-Numbers-Linguistics.txt	4075668	1592	3d68512db103f6b69a60b28ee0e9b08fd29eef18d5acd91bb4f9586ecc92066a	ALL_LETTER_SLOTS_RECONSTRUCTED	10	10	10	0	0	10	0	0	0	0	0	0	0
L1595669-R001	biblical_book	Num	33	2		4Q27	1606675	f65_71	25	1595669				books/DSS-Numbers.txt	2795243	3871	1977116-1977128	13	0	3642a4327551dd6d8fe585f413da30364a6b0395178898cc1d52f9d4ea7f1a0a	linguistics/books/DSS-Numbers-Linguistics.txt	4077260	5702	f6c8ba4c835024802916aa87c0103e10b03444f7c614cfb03992b5b851ec5048	PARTLY_RECONSTRUCTED	48	42	33	2	7	38	2	0	1	0	0	0	0
L1595669-R002	biblical_book	Num	33	3		4Q27	1606675	f65_71	25	1595669				books/DSS-Numbers.txt	2799114	2317	1977129-1977134	6	1	822374a61f7039d47a769ce2021ac769116a7e3ec90ac40e183950ff95063b7d	linguistics/books/DSS-Numbers-Linguistics.txt	4082962	2820	6c4f546572d0a64b9c550d08e6a7d6c9d9f28c7b2e7d341109ba57586fdc1ca4	ALL_LETTER_SLOTS_RECONSTRUCTED	16	16	16	0	0	16	0	0	0	0	0	0	0
L1595670-R001	biblical_book	Num	33	3		4Q27	1606675	f65_71	26	1595670				books/DSS-Numbers.txt	2801431	4658	1977135-1977154	20	1	5faa3e7a295eae2b591501d6242123a8891a0babf888f32145b622ba19a18c7d	linguistics/books/DSS-Numbers-Linguistics.txt	4085782	8547	b617e323e34ad75d1d2d699bfe2647beb6f74b2b7eabdbd302a704cf8841e86b	PARTLY_RECONSTRUCTED	56	56	49	2	5	49	2	0	0	0	0	0	0
L1595671-R001	biblical_book	Num	33	3		4Q27	1606675	f65_71	27	1595671				books/DSS-Numbers.txt	2806089	1893	1977155-1977159	5	0	184f14e431c82163f262a28932ad939c0f85d02e5c649374d86b8f6917540e39	linguistics/books/DSS-Numbers-Linguistics.txt	4094329	2399	6d8fe38818d06422930cd9d7b40bb0ac8259277188608ddea3565ba83f6d2dc7	ALL_LETTER_SLOTS_RECONSTRUCTED	15	13	13	0	0	13	0	0	1	0	0	0	0
L1595671-R002	biblical_book	Num	33	4		4Q27	1606675	f65_71	27	1595671				books/DSS-Numbers.txt	2807982	4293	1977160-1977174	15	1	45cd69941d4289a80b6ee73dab1594cc31daf8c0f013c7ba6fb4cef3d774edcf	linguistics/books/DSS-Numbers-Linguistics.txt	4096728	6501	cfcb986197c170ee5ba39f65cfa0c4b866fc47bde957cbcb7d34e2d8bd90e0c7	PARTLY_RECONSTRUCTED	51	47	41	3	3	43	3	0	1	0	0	0	0
L1595672-R001	biblical_book	Num	33	23		4Q27	1606675	f72_74	6	1595672				books/DSS-Numbers.txt	2812275	2309	1977175-1977179	5	1	efaf42b717dce8d5dd24f24822908246943a98ea58346a7634672d214263eddb	linguistics/books/DSS-Numbers-Linguistics.txt	4103229	2379	31d7f6cd396f8b3f15c927ac83fdc2ecb29ef6b3a799ebbbcd491bcffa7785de	PARTLY_RECONSTRUCTED	13	11	9	1	1	11	1	1	1	0	0	0	0
L1595673-R001	biblical_book	Num	33	23		4Q27	1606675	f72_74	7	1595673				books/DSS-Numbers.txt	2814584	1999	1977180-1977185	6	0	d8fb5fab836077328c8844afec08d6f93803ea086b4d11418771507b13ef3ca2	linguistics/books/DSS-Numbers-Linguistics.txt	4105608	2698	cc2272a7b7290f6896399a0ba4f1c28f4d48bf0bec645fbfe74128c02cc1b7bc	ALL_LETTER_SLOTS_RECONSTRUCTED	13	11	11	0	0	13	0	0	1	0	0	0	0
L1595673-R002	biblical_book	Num	33	24		4Q27	1606675	f72_74	7	1595673				books/DSS-Numbers.txt	2816583	2575	1977186-1977195	10	0	eaa94382dce7ff0039a54f975e3c0088f8cf43c247d31ff5427a3510340c08c5	linguistics/books/DSS-Numbers-Linguistics.txt	4108306	4306	fa1b81ecbaa55e97d3bec9e248f5f313d2a1a718d004891bb1bddd32cd347bea	ALL_LETTER_SLOTS_RECONSTRUCTED	23	21	21	0	0	23	0	0	1	0	0	0	0
L1595673-R003	biblical_book	Num	33	25		4Q27	1606675	f72_74	7	1595673				books/DSS-Numbers.txt	2819158	2361	1977196-1977201	6	1	4a5f8cf7f4b18b81157ff424d9bb4432406d7621b1627bb15ba1908be6e1c0b3	linguistics/books/DSS-Numbers-Linguistics.txt	4112612	2789	2d394b0bd97d478682e25cdf49c919dc0863ce20ff7d04f6583c45021e73fef6	PARTLY_RECONSTRUCTED	15	15	11	1	3	11	1	0	0	0	0	0	0
L1595674-R001	biblical_book	Num	33	25		4Q27	1606675	f72_74	8	1595674				books/DSS-Numbers.txt	2821519	1590	1977202-1977204	3	0	944544f5c1c12a25a71368af513ab8823fcff106cf04c9b0a9841fde00573455	linguistics/books/DSS-Numbers-Linguistics.txt	4115401	1594	4fd54525d37336563aefca28c8b51462c41344e0cd12a766b9366f7855c17ecf	ALL_LETTER_SLOTS_RECONSTRUCTED	9	7	7	0	0	9	0	0	1	0	0	0	0
L1595674-R002	biblical_book	Num	33	26		4Q27	1606675	f72_74	8	1595674				books/DSS-Numbers.txt	2823109	2449	1977205-1977213	9	0	9c844599ce7408544c16293a7d8c26da4cd7af2963adcbad849bd6c81d2b7fc7	linguistics/books/DSS-Numbers-Linguistics.txt	4116995	3953	1dce99ae1b95954b37fe7bf85acfd85c2db665f7c5a8d42225d0543cb87c888c	ALL_LETTER_SLOTS_RECONSTRUCTED	23	21	21	0	0	23	0	0	1	0	0	0	0
L1595674-R003	biblical_book	Num	33	27		4Q27	1606675	f72_74	8	1595674				books/DSS-Numbers.txt	2825558	2419	1977214-1977222	9	0	7ca93dd1a3310bcd8f09ccd11e4534da0feac73337893548c60293aed38f9440	linguistics/books/DSS-Numbers-Linguistics.txt	4120948	3898	f65f04fbec706249198ab94c82e3fe21ad8f006ec6235d3aa35f32878d222860	ALL_LETTER_SLOTS_RECONSTRUCTED	20	18	18	0	0	20	0	0	1	0	0	0	0
L1595674-R004	biblical_book	Num	33	28		4Q27	1606675	f72_74	8	1595674				books/DSS-Numbers.txt	2827977	2035	1977223-1977226	4	1	1ce116c69adc8d4e54035e53b3f8ad11a38fc1a591ec5a519541ef7d84f704f2	linguistics/books/DSS-Numbers-Linguistics.txt	4124846	1970	d413b5e4f47438ba15ec41ee5461b562929996ab155739327bbd483e61ecdac5	PARTLY_RECONSTRUCTED	9	9	7	0	2	7	0	0	0	0	0	0	0
L1595675-R001	biblical_book	Num	33	28		4Q27	1606675	f72_74	9	1595675				books/DSS-Numbers.txt	2830012	1864	1977227-1977231	5	0	cd802b4becd928e08b665fe8cf9290fc98dd55b4278693f2a19a589dbffc25d6	linguistics/books/DSS-Numbers-Linguistics.txt	4126816	2339	93aaebc3cc5e107c3b4ccb1f62a854925d39cb59518681be7882fbcb514284c9	ALL_LETTER_SLOTS_RECONSTRUCTED	12	10	10	0	0	12	0	0	1	0	0	0	0
L1595675-R002	biblical_book	Num	33	29		4Q27	1606675	f72_74	9	1595675				books/DSS-Numbers.txt	2831876	2459	1977232-1977240	9	0	93ed4b0055afda753843a04682a023ece52abaf8420c24c2abb2f59c9ae43bb1	linguistics/books/DSS-Numbers-Linguistics.txt	4129155	3972	15f1c99904aab32bf48268909b205243c2d76eaaa1750b8b798a138223cd0184	ALL_LETTER_SLOTS_RECONSTRUCTED	24	22	22	0	0	24	0	0	1	0	0	0	0
L1595675-R003	biblical_book	Num	33	30		4Q27	1606675	f72_74	9	1595675				books/DSS-Numbers.txt	2834335	2479	1977241-1977249	9	0	db37c1dc5e3aaf747e3785dfaa0e13e5e4ce3488e604f446d8ee3b184d438af9	linguistics/books/DSS-Numbers-Linguistics.txt	4133127	4007	e735713abdcfce0d2ae0d175240db6b46673dbca6ca37f39da1724c65bb331b5	ALL_LETTER_SLOTS_RECONSTRUCTED	26	24	24	0	0	26	0	0	1	0	0	0	0
L1595675-R004	biblical_book	Num	33	31		4Q27	1606675	f72_74	9	1595675				books/DSS-Numbers.txt	2836814	1867	1977250-1977252	3	1	48610a9f0243206d8c757322045816fee1f4bcd33e2433089f33d9d638595f81	linguistics/books/DSS-Numbers-Linguistics.txt	4137134	1508	930364a9e38ac821b96b4f65655fcdb92af7eeb1cc421e75f8bf5d4070c770b6	PARTLY_RECONSTRUCTED	7	5	1	0	4	1	0	0	1	0	0	0	0
L1595676-R001	biblical_book	Num	33	45		4Q27	1606675	f72_74	18	1595676				books/DSS-Numbers.txt	2838681	2894	1977253-1977261	9	1	fffdefc03ad1ec747a82678c611c5eef62e937d750ad92a3b54c51f86106ad97	linguistics/books/DSS-Numbers-Linguistics.txt	4138642	3985	52b3e36fa7bc295ac758e5bac1a691a6dc0a60e166a792330149ec966fee6d72	PARTLY_RECONSTRUCTED	23	21	20	0	1	22	0	1	1	0	0	0	0
L1595677-R001	biblical_book	Num	33	45		4Q27	1606675	f72_74	19	1595677				books/DSS-Numbers.txt	2841575	1427	1977262-1977263	2	0	93e7c5998c3546b001efa1d5ceee3627797733fbb64d400a107fa6b1c2dd6977	linguistics/books/DSS-Numbers-Linguistics.txt	4142627	1142	e9339493ba04946a0258f744f062bc7c800368b724f2f4a507ebcde934489aa7	ALL_LETTER_SLOTS_RECONSTRUCTED	4	2	2	0	0	4	0	0	1	0	0	0	0
L1595677-R002	biblical_book	Num	33	46		4Q27	1606675	f72_74	19	1595677				books/DSS-Numbers.txt	2843002	2802	1977264-1977274	11	0	0653d2a718132ed515e176a87ce0e3cc4a3ef914cd6a40020354bcaa8e0076c0	linguistics/books/DSS-Numbers-Linguistics.txt	4143769	4906	198cece3f24e2b3a4f5296e8fbc4587e551af5bf5eb66d992132e165287f872e	ALL_LETTER_SLOTS_RECONSTRUCTED	33	31	31	0	0	33	0	0	1	0	0	0	0
L1595677-R003	biblical_book	Num	33	47		4Q27	1606675	f72_74	19	1595677				books/DSS-Numbers.txt	2845804	2569	1977275-1977281	7	1	21d322b8648a544017f07e8fa6cbb2136c22d4860f1449ebae2f109fa2e40c8c	linguistics/books/DSS-Numbers-Linguistics.txt	4148675	3334	603885fe244ed60ad3da881e53f0a224cab160f377a0f3bff5025fba698b0d3f	PARTLY_RECONSTRUCTED	23	23	19	1	3	19	1	0	0	0	0	0	0
L1595678-R001	biblical_book	Num	33	47		4Q27	1606675	f72_74	20	1595678				books/DSS-Numbers.txt	2848373	2301	1977282-1977289	8	0	59de9be42d0b2f7064bf0704e72a7acd04ccf90fd9500cca0117318b3a6458e7	linguistics/books/DSS-Numbers-Linguistics.txt	4152009	3559	2c07727f7b2cc74c398d4b4784a37fbab0dc104631f7a2a9011b425991ee7063	ALL_LETTER_SLOTS_RECONSTRUCTED	19	17	17	0	0	19	0	0	1	0	0	0	0
L1595678-R002	biblical_book	Num	33	48		4Q27	1606675	f72_74	20	1595678				books/DSS-Numbers.txt	2850674	3313	1977290-1977301	12	1	537b07eee0b0448c7b631490a8520300aae9c68d31a49e536ec44bb641997b4a	linguistics/books/DSS-Numbers-Linguistics.txt	4155568	5176	c753327db4589c83ffd4ae5cbfa246f4030f06d486aee4c85468959b47f1f02c	PARTLY_RECONSTRUCTED	32	30	28	0	2	28	0	0	1	0	0	0	0
L1595679-R001	biblical_book	Num	33	50		4Q27	1606675	f72_74	22	1595679				books/DSS-Numbers.txt	2853987	3947	1977302-1977315	14	1	6e5e36578cfde176bc280dec7d94d9ff4b4601f30a724b1bf88c080655bb5507	linguistics/books/DSS-Numbers-Linguistics.txt	4160744	6114	38ce251d6cdafe4b1c3ba27ea03ab7d923de2fb18b729870c037a9976c7d58a7	PARTLY_RECONSTRUCTED	42	40	34	2	4	36	2	0	1	0	0	0	0
L1595679-R002	biblical_book	Num	33	51		4Q27	1606675	f72_74	22	1595679				books/DSS-Numbers.txt	2857934	1582	1977316	1	1	a050329b7f977048dc8cf50a815cf541c0f97f4e4ccd0326b0829fff2f3185f3	linguistics/books/DSS-Numbers-Linguistics.txt	4166858	797	0189654df81496357e09639dd058c6e333f4de24a0dc0e2423aa0171228c2d7e	ALL_LETTER_SLOTS_RECONSTRUCTED	3	3	3	0	0	3	0	0	0	0	0	0	0
L1595680-R001	biblical_book	Num	33	51		4Q27	1606675	f72_74	23	1595680				books/DSS-Numbers.txt	2859516	4149	1977317-1977332	16	1	199cd541b4b3c96fc5cdc7d86a8724a33188fb7e187be0f430d2e3723771e664	linguistics/books/DSS-Numbers-Linguistics.txt	4167655	6971	919c92f7455b714332a25b8863ad178ee77b19264cfe3daf20b5248a175590cd	PARTLY_RECONSTRUCTED	53	50	45	1	4	46	1	0	1	0	0	0	0
L1595681-R001	biblical_book	Num	33	52		4Q27	1606675	f72_74	24	1595681				books/DSS-Numbers.txt	2863665	4446	1977333-1977350	18	1	28449f87aefeff9aee11a5b7be8d93d6b505015bdad42553f50626553e93b3db	linguistics/books/DSS-Numbers-Linguistics.txt	4174626	7599	c109c4d765c1deeba01402eb83ef5b2adba1025ed24892c90ec34cac90d25c6b	PARTLY_RECONSTRUCTED	56	52	51	0	1	52	0	0	1	0	0	0	0
L1595682-R001	biblical_book	Num	34	4		4Q27	1606675	f75_79	2	1595682				books/DSS-Numbers.txt	2868111	4614	1977351-1977367	17	1	8a3358fcdb5105135173120802571c816ce158e17ceb31ecb870c55bb9211462	linguistics/books/DSS-Numbers-Linguistics.txt	4182225	7304	97610279d075b0ce6f5543dc3bf49ba481f96446d4e9151b36e0391fab2dd8f2	PARTLY_RECONSTRUCTED	52	47	40	3	4	45	3	1	1	0	0	0	0
L1595683-R001	biblical_book	Num	34	4		4Q27	1606675	f75_79	3	1595683				books/DSS-Numbers.txt	2872725	3338	1977368-1977380	13	0	712f5014021919fe4db20c78143bf8caae72c33759bc208a3904a356b4ec0ad9	linguistics/books/DSS-Numbers-Linguistics.txt	4189529	5700	c27ca1a5451b08ba691245b73134cb10c2a1c8beb1bb655eb3bd87f6db9c94b5	PARTLY_RECONSTRUCTED	35	32	26	4	2	29	4	0	1	0	0	0	0
L1595683-R002	biblical_book	Num	34	5		4Q27	1606675	f75_79	3	1595683				books/DSS-Numbers.txt	2876063	2600	1977381-1977387	7	1	f8bd126f0bc4efd30b401d1390496c931009a04c3faa15f68f073dd81fad687b	linguistics/books/DSS-Numbers-Linguistics.txt	4195229	3244	7d3bb65ed340a5e27e89772339419d14ca4cc8ff4982bfcec9a9959c17ec1737	ALL_LETTER_SLOTS_RECONSTRUCTED	20	19	19	0	0	20	0	0	0	0	0	0	0
L1595684-R001	biblical_book	Num	34	5		4Q27	1606675	f75_79	4	1595684				books/DSS-Numbers.txt	2878663	2482	1977388-1977394	7	0	0ac5606fbed7ba387cd9a4a44b1688457fd2a6dc9e011b2e6151e2690eaafe72	linguistics/books/DSS-Numbers-Linguistics.txt	4198473	3262	b377b9ac4fa9088e57c9147bb5057039a092c1d7c62e4eaf081857195093afa9	PARTLY_RECONSTRUCTED	25	21	19	0	2	20	0	0	1	0	0	0	0
L1595684-R002	biblical_book	Num	34	6		4Q27	1606675	f75_79	4	1595684				books/DSS-Numbers.txt	2881145	3556	1977395-1977406	12	1	f6869ee6582b0b5107e2e7f9dfbdacba7a34f065d6c6ac02ce6f7e68f908972c	linguistics/books/DSS-Numbers-Linguistics.txt	4201735	5164	b02c9ce7831f8338936252ce63065c76f386fa638d9438640da9cfeb7d8bbd36	PARTLY_RECONSTRUCTED	37	35	32	0	3	34	0	0	0	0	0	0	0
L1595685-R001	biblical_book	Num	34	6		4Q27	1606675	f75_79	5	1595685				books/DSS-Numbers.txt	2884701	2029	1977407-1977410	4	0	d90525fa89d5efcb5faf58b29bbc043872fdd7bafa67c694254d81b90d279cc0	linguistics/books/DSS-Numbers-Linguistics.txt	4206899	1980	51bdc9e505661b256d8733396f2bf6bd0c6d5ee5a1cb556e5ce4e769e8a20227	ALL_LETTER_SLOTS_RECONSTRUCTED	15	11	11	0	0	15	0	0	1	0	0	0	0
L1595685-R002	biblical_book	Num	34	7		4Q27	1606675	f75_79	5	1595685				books/DSS-Numbers.txt	2886730	4437	1977411-1977427	17	1	09347f61d7f8fec23f1290d9c593ef3c1f4c482a43cf5b05684db497e3735759	linguistics/books/DSS-Numbers-Linguistics.txt	4208879	7069	2412a8bcf2e30f825eae0c3d463252f59308e77d59e06fa5335383cc94536703	PARTLY_RECONSTRUCTED	49	44	39	0	5	44	0	0	1	0	0	0	0
L1595686-R001	biblical_book	Num	34	8		4Q27	1606675	f75_79	6	1595686				books/DSS-Numbers.txt	2891167	3942	1977428-1977442	15	0	3320aacf1b36952dd727d7eef05c2b16a0a9f33f3f66914b6134538cc290e927	linguistics/books/DSS-Numbers-Linguistics.txt	4215948	6446	65b3b727fbf00866496f42fb137908daec47c68f8de16de2337a6acff6d3d733	PARTLY_RECONSTRUCTED	45	41	31	3	7	35	3	0	1	0	0	0	0
L1595686-R002	biblical_book	Num	34	9		4Q27	1606675	f75_79	6	1595686				books/DSS-Numbers.txt	2895109	2320	1977443-1977447	5	1	5d702456cac085f7f52c26c16848749b497323d91dc3d87272f09bbed210a047	linguistics/books/DSS-Numbers-Linguistics.txt	4222394	2451	d83e5ab9953944371b74ad5d4ee5fa9505d98b3d429fe34f87e2f187086c1dfe	ALL_LETTER_SLOTS_RECONSTRUCTED	16	15	15	0	0	16	0	0	0	0	0	0	0
L1595687-R001	biblical_book	Num	34	9		4Q27	1606675	f75_79	7	1595687				books/DSS-Numbers.txt	2897429	3955	1977448-1977460	13	1	a4a1a18f1b1255f2a493a81f638f627321f28f385b5a9ac1628530d9155fcb3a	linguistics/books/DSS-Numbers-Linguistics.txt	4224845	5681	07821a2d75ac6a3e25fb4d80f113e0e776224f1591baff94f8f335771d654a7e	PARTLY_RECONSTRUCTED	47	38	32	0	6	39	0	1	3	0	0	0	0
L1595688-R001	biblical_book	Num	34	19		4Q27	1606675	f75_79	16	1595688				books/DSS-Numbers.txt	2901384	3068	1977461-1977472	12	0	c481fcd7b92012be8d20a8c426076e7ccf180dab8afb0852b290e52bf8eb6f72	linguistics/books/DSS-Numbers-Linguistics.txt	4230526	5302	397c24cf5f3f8da2b1894475b1b72eb4859b643032fdf7a22b423ef555639f81	PARTLY_RECONSTRUCTED	36	34	31	1	2	33	1	0	1	0	0	0	0
L1595688-R002	biblical_book	Num	34	20		4Q27	1606675	f75_79	16	1595688				books/DSS-Numbers.txt	2904452	2224	1977473-1977477	5	1	ebbd2678d80116bfd73afbfb69ad7783655dd6022e2fc41f8e033dfdf9bea79f	linguistics/books/DSS-Numbers-Linguistics.txt	4235828	2522	d52415ebea80193b0deace6e129c68596c7e76385dc588076f4b03a76a3276cf	ALL_LETTER_SLOTS_RECONSTRUCTED	17	17	17	0	0	17	0	0	0	0	0	0	0
L1595689-R001	biblical_book	Num	34	20		4Q27	1606675	f75_79	17	1595689				books/DSS-Numbers.txt	2906676	1652	1977478-1977480	3	0	9f7547fbd0f7863bf705a682ac363e1a72da4944e638b6812cff0dcd4f5c368f	linguistics/books/DSS-Numbers-Linguistics.txt	4238350	1635	1c3966592d5b3663e73b27912eb60ba96884baedc04e8d178c4fc36a0f0a255b	PARTLY_RECONSTRUCTED	10	8	7	1	0	7	1	0	1	0	0	0	0
L1595689-R002	biblical_book	Num	34	21		4Q27	1606675	f75_79	17	1595689				books/DSS-Numbers.txt	2908328	2222	1977481-1977487	7	0	c4effe185d35df1ef0ba12ba44b4e5de50e4cfe4b4f040480d7debabb47478c3	linguistics/books/DSS-Numbers-Linguistics.txt	4239985	3358	ed1d498f3fd412dbd49ab571836a7fb281cd21c54878c930cbc14fd206d04cf4	PARTLY_RECONSTRUCTED	24	22	18	0	4	20	0	0	1	0	0	0	0
L1595689-R003	biblical_book	Num	34	22		4Q27	1606675	f75_79	17	1595689				books/DSS-Numbers.txt	2910550	2511	1977488-1977496	9	0	73ae3c2dd4a55e05d2474b9869fd2f29a7d9011ba7a89eb3219c6f4e056d90f8	linguistics/books/DSS-Numbers-Linguistics.txt	4243343	4059	347d38660b3ac434d1ec2c57b29a455fbefc0e189c2de8312bc75d2af38a6b99	ALL_LETTER_SLOTS_RECONSTRUCTED	26	24	24	0	0	26	0	0	1	0	0	0	0
L1595689-R004	biblical_book	Num	34	23		4Q27	1606675	f75_79	17	1595689				books/DSS-Numbers.txt	2913061	1715	1977497-1977498	2	1	67515a4c9509f06db594d7b5691965b305d9384d47b8136b4cceb1ee539ea690	linguistics/books/DSS-Numbers-Linguistics.txt	4247402	1180	d916b9da3644afae677770fe9e1013d879333672eeec16d3bb67952c6aa66a88	ALL_LETTER_SLOTS_RECONSTRUCTED	4	4	4	0	0	4	0	0	0	0	0	0	0
L1595690-R001	biblical_book	Num	34	23		4Q27	1606675	f75_79	18	1595690				books/DSS-Numbers.txt	2914776	3088	1977499-1977507	9	1	ceeb70e0b3028c3fddd020cdcc7680581b494c3db81b5699516f823f15c678f8	linguistics/books/DSS-Numbers-Linguistics.txt	4248582	4065	274b73ab9c4ef23b68a12a4de691ca8f47c4ae7549a9daf566936d35d8487ef7	PARTLY_RECONSTRUCTED	28	22	19	1	2	23	1	1	3	0	0	0	0
L1595691-R001	biblical_book	Num	35	3		4Q27	1606675	f75_79	24	1595691				books/DSS-Numbers.txt	2917864	5035	1977508-1977527	20	1	912c5e6b7d54ae38a51070ed5f469d1905a20f2b1b1d71cdd0680e07fe3e329e	linguistics/books/DSS-Numbers-Linguistics.txt	4252647	8318	7b89c379793fb1b1a32c6419272e2c03abedf56f75635a7d601572df986b8639	PARTLY_RECONSTRUCTED	55	51	41	3	7	44	3	0	0	0	0	0	0
L1595692-R001	biblical_book	Num	35	3		4Q27	1606675	f75_79	25	1595692				books/DSS-Numbers.txt	2922899	1533	1977528-1977529	2	0	fbb20a43163c9fc394c8d55df595249aef9f1cdb9b3acfffa6ed8707995b1ac6	linguistics/books/DSS-Numbers-Linguistics.txt	4260965	1176	bf23da4139b566e9411a37ef8372599951763ed183151ded03a7d2ef79dba1a1	NO_LETTER_RECONSTRUCTION_MARKED	7	4	0	0	4	0	0	0	1	0	0	0	0
L1595692-R002	biblical_book	Num	35	4		4Q27	1606675	f75_79	25	1595692				books/DSS-Numbers.txt	2924432	4511	1977530-1977547	18	1	65e6f0db42a6f6cf0052c93416e324de78a8633a2eceab1f29258a4f793a8385	linguistics/books/DSS-Numbers-Linguistics.txt	4262141	7599	a6f984da1dd9d941b2abf74904c33f126708ab1af4da35e111c55c29762a55a1	PARTLY_RECONSTRUCTED	50	47	40	3	4	43	3	0	1	0	0	0	0
L1595693-R001	biblical_book	Num	35	5		4Q27	1606675	f75_79	26	1595693				books/DSS-Numbers.txt	2928943	4833	1977548-1977568	21	1	ff9c137394c341270962ac66c09490dd684e845e7030d933e022c91cf28aa731	linguistics/books/DSS-Numbers-Linguistics.txt	4269740	8852	76a0328912c85a6559243ddbea60f269d9f65ea6e391ff5b90ed1e805ef71288	PARTLY_RECONSTRUCTED	56	54	43	1	10	45	1	0	0	0	0	0	0
L1595694-R001	biblical_book	Num	35	5		4Q27	1606675	f75_79	27	1595694				books/DSS-Numbers.txt	2933776	5065	1977569-1977589	21	1	9da29a54d5d81bc52247b96019915f7081f27db73895ba0c974a307f05b8bb09	linguistics/books/DSS-Numbers-Linguistics.txt	4278592	8947	019775bfa5000d5fd7171a3cf80ceffb4fa59370d6ca03f7a2519d572074cd78	PARTLY_RECONSTRUCTED	62	59	52	0	7	54	0	0	0	0	0	0	0
L1595695-R001	biblical_book	Num	35	5		4Q27	1606675	f75_79	28	1595695				books/DSS-Numbers.txt	2938841	2440	1977590-1977594	5	1	6874158bcc8e721c78ae35157b3ca8eb4ae4364f9b26116b5d5161f7758712d0	linguistics/books/DSS-Numbers-Linguistics.txt	4287539	2237	c5845b4e670eaa33083205419b099ca41917ba00a58a436389d5e12df683bc8e	PARTLY_RECONSTRUCTED	11	5	2	3	0	6	3	1	3	0	0	0	0
L1595696-R001	biblical_book	Num	35	11		4Q27	1606675	f80_84	3	1595696				books/DSS-Numbers.txt	2941281	2503	1977595-1977602	8	0	8bd0f3f49b41f96f1285468a375182d56edcfd75588d17476be915c80068adf9	linguistics/books/DSS-Numbers-Linguistics.txt	4289776	3555	85066fca6253497aae3fa5a8fd49988e550e927c8c12dc8e7442a1576ca1cc95	PARTLY_RECONSTRUCTED	22	19	18	0	1	21	0	0	1	0	0	0	0
L1595696-R002	biblical_book	Num	35	12		4Q27	1606675	f80_84	3	1595696				books/DSS-Numbers.txt	2943784	3618	1977603-1977616	14	1	6597f3f6ec28fa632e090d9f54c00bb4bf4351350767ad9b28a3a01128d66f34	linguistics/books/DSS-Numbers-Linguistics.txt	4293331	5868	fd827a88615a273fd6974f63bfa73a846444364e96a56967fd5868b7000ddee7	ALL_LETTER_SLOTS_RECONSTRUCTED	37	36	36	0	0	37	0	0	0	0	0	0	0
L1595697-R001	biblical_book	Num	35	12		4Q27	1606675	f80_84	4	1595697				books/DSS-Numbers.txt	2947402	2718	1977617-1977625	9	0	fd4999402ca46fdb8f735866ba858eec6033da2201562f02fa0b145fc356777d	linguistics/books/DSS-Numbers-Linguistics.txt	4299199	3980	a4a63958070eed2bdbb6e4d9542f561a974fa70d53f8dd1775583e251bcc3919	PARTLY_RECONSTRUCTED	23	20	13	4	3	16	4	0	1	0	0	0	0
L1595697-R002	biblical_book	Num	35	13		4Q27	1606675	f80_84	4	1595697				books/DSS-Numbers.txt	2950120	2961	1977626-1977636	11	0	6aec8e8aa44ca115bd4a501a52b1b019944e891f41928f379fe9fc287e81d983	linguistics/books/DSS-Numbers-Linguistics.txt	4303179	4770	ffd1eaa722883a10c324819d7a8b9bae9a629c2541c4342bf0d956d898d2ee5c	ALL_LETTER_SLOTS_RECONSTRUCTED	35	32	32	0	0	35	0	0	1	0	0	0	0
L1595697-R003	biblical_book	Num	35	14		4Q27	1606675	f80_84	4	1595697				books/DSS-Numbers.txt	2953081	1569	1977637	1	1	15398c098201b8fd3da4af43a6cdff1367c6c21ba9babf03f09162f6d1e7cdbf	linguistics/books/DSS-Numbers-Linguistics.txt	4307949	779	c8c456e5f3f205b2e9da9225f553cc11352bd7c34e0b53aa94be3e0ec6674a25	ALL_LETTER_SLOTS_RECONSTRUCTED	2	2	2	0	0	2	0	0	0	0	0	0	0
L1595698-R001	biblical_book	Num	35	14		4Q27	1606675	f80_84	5	1595698				books/DSS-Numbers.txt	2954650	4395	1977638-1977656	19	1	3530211cf63c87a240d0971581ecef9121d976860431d498ee5f47852d97b811	linguistics/books/DSS-Numbers-Linguistics.txt	4308728	8135	69e9cb2517ae803d36df13a2cc4305bf57d213c7f9ee7ce37744f7295be086c0	PARTLY_RECONSTRUCTED	53	53	46	1	6	46	1	0	0	0	0	0	0
L1595699-R001	biblical_book	Num	35	14		4Q27	1606675	f80_84	6	1595699				books/DSS-Numbers.txt	2959045	1465	1977657-1977658	2	0	ae85254d1d2782fc88ab6626fb9e79e3bc1d963c12084d495bd0a6f2259fa65d	linguistics/books/DSS-Numbers-Linguistics.txt	4316863	1155	f2250ebeb5fcf68ac4598227c432c39ccc5c9c8bfeaf9ae5e9f3e64f3611403a	ALL_LETTER_SLOTS_RECONSTRUCTED	8	6	6	0	0	8	0	0	1	0	0	0	0
L1595699-R002	biblical_book	Num	35	15		4Q27	1606675	f80_84	6	1595699				books/DSS-Numbers.txt	2960510	5011	1977659-1977680	22	1	462241ed8cc8e19985e13aad6f73247ba73aee7dd33a3ee30da67d64e42babc6	linguistics/books/DSS-Numbers-Linguistics.txt	4318018	9125	6db05f0890596b8ed6d8383f803470e9eb8a3804aa0aef088cb714bee45daf49	PARTLY_RECONSTRUCTED	53	50	45	4	1	46	4	0	1	0	0	0	0
L1595700-R001	biblical_book	Num	35	18		4Q27	1606675	f80_84	9	1595700				books/DSS-Numbers.txt	2965521	4609	1977681-1977699	19	1	658daa832bdd8f5c33771a95578c3e31382c558d9c9f817e6b2ffb0dd19cf1f3	linguistics/books/DSS-Numbers-Linguistics.txt	4327143	7918	407610ffd14da67ddd29de32184957849baa53a569f7c5de7e4f3a6402d87444	PARTLY_RECONSTRUCTED	53	51	45	2	4	47	2	0	0	0	0	0	0
L1595701-R001	biblical_book	Num	35	18		4Q27	1606675	f80_84	10	1595701				books/DSS-Numbers.txt	2970130	1739	1977700-1977703	4	0	88717f43d9e230e5cc182e7510003cbe64eb0e529a097e716f6a1d993682e1e8	linguistics/books/DSS-Numbers-Linguistics.txt	4335061	1911	1627631278a752bac5568b62b16f3f11bdc4db326ab6162bbfed3b4cbc01d63b	ALL_LETTER_SLOTS_RECONSTRUCTED	11	9	9	0	0	11	0	0	1	0	0	0	0
L1595701-R002	biblical_book	Num	35	19		4Q27	1606675	f80_84	10	1595701				books/DSS-Numbers.txt	2971869	3672	1977704-1977717	14	0	59a6d237703468406d16985b05b6c9792a8d8558d2b0da26f49edcb2679c9568	linguistics/books/DSS-Numbers-Linguistics.txt	4336972	5917	a18a9bc08e46f564168070fa41595f9ffe74b71da0d85ad4753e3e2a1959b009	PARTLY_RECONSTRUCTED	44	39	31	0	8	35	0	0	1	0	0	0	0
L1595701-R003	biblical_book	Num	35	20		4Q27	1606675	f80_84	10	1595701				books/DSS-Numbers.txt	2975541	1995	1977718-1977721	4	1	99a8888d34100e070a36f428065b4875871a4f507ee9b7287333bf9539daec56	linguistics/books/DSS-Numbers-Linguistics.txt	4342889	1968	e4d726e7233109bd65d26829e1bbc7bd63c83c968cdf252289a4bd725ae8ab2a	ALL_LETTER_SLOTS_RECONSTRUCTED	8	8	8	0	0	8	0	0	0	0	0	0	0
L1595702-R001	biblical_book	Num	35	20		4Q27	1606675	f80_84	11	1595702				books/DSS-Numbers.txt	2977536	3187	1977722-1977731	10	0	79583bca975c5b18761024b39971231b3b1303e84d2d7c147a2a8b287e23ade6	linguistics/books/DSS-Numbers-Linguistics.txt	4344857	4444	33734ee2f922421a9a26594ef51b31052e1e3b6cad9f5b5de1233a40c5629db9	PARTLY_RECONSTRUCTED	34	30	22	3	5	24	3	0	1	0	0	0	0
L1595702-R002	biblical_book	Num	35	21		4Q27	1606675	f80_84	11	1595702				books/DSS-Numbers.txt	2980723	3371	1977732-1977741	10	1	71bd17b0e32ca0d4d63f06def5c78aa801f0477e97370f4143b5f6552b7eadca	linguistics/books/DSS-Numbers-Linguistics.txt	4349301	4386	4e2c6d0ba63d19ac50070c86210ea4c04d32a5dad603d46e0676f3a0d90df0ba	PARTLY_RECONSTRUCTED	28	26	15	4	7	15	4	0	0	0	0	0	0
L1595703-R001	biblical_book	Num	35	21		4Q27	1606675	f80_84	12	1595703				books/DSS-Numbers.txt	2984094	4821	1977742-1977761	20	1	eb6fdc33d3e90ae45d70f2d21521af226d27fb8ac36866c50407b65dcfa706fd	linguistics/books/DSS-Numbers-Linguistics.txt	4353687	8242	75682072cda58a4804342b4751b969ad6938db52ab7de558de5ac613769b1e43	PARTLY_RECONSTRUCTED	57	53	16	1	36	16	1	0	1	0	0	0	0
L1595705-R001	biblical_book	Num	35	22		4Q27	1606675	f80_84	14	1595705				books/DSS-Numbers.txt	2988915	4139	1977762-1977778	17	0	9af80fe596fb0d6d328faf882806a89bdd797ec1e1d13f7d7446d9f243f1d320	linguistics/books/DSS-Numbers-Linguistics.txt	4361929	7192	a2cb9de685e4658a0d6a714144215d873cbc7f715dde859d06e0933b113d93de	PARTLY_RECONSTRUCTED	48	44	23	3	18	24	3	0	1	0	0	0	0
L1595705-R002	biblical_book	Num	35	23		4Q27	1606675	f80_84	14	1595705				books/DSS-Numbers.txt	2993054	2063	1977779-1977782	4	1	d887255c74f9aac98f98468234279ea97956d6447df3c2e0ea0f934d81b9dec3	linguistics/books/DSS-Numbers-Linguistics.txt	4369121	1993	ba2b90ea34a4beab68cf717c3ddaba17efe839805c37fc98c2c4971a3de0e226	NO_LETTER_RECONSTRUCTION_MARKED	9	9	0	0	8	0	0	0	0	0	1	0	0
L1595706-R001	biblical_book	Num	35	23		4Q27	1606675	f80_84	15	1595706				books/DSS-Numbers.txt	2995117	4939	1977783-1977801	19	1	95dc0a20a43c6a1c9632a392e900ff2e694701644c1baa5e651a3a9d08f1168b	linguistics/books/DSS-Numbers-Linguistics.txt	4371114	7960	bb6319f3e9d6c947727fb6c5a26b9683995bd3e47630965faa18d127fd811127	PARTLY_RECONSTRUCTED	55	52	26	7	19	27	7	0	0	0	0	0	0
L1595707-R001	biblical_book	Num	35	23		4Q27	1606675	f80_84	16	1595707				books/DSS-Numbers.txt	3000056	1578	1977802-1977803	2	0	0dbefe66cd221840e1d750d91b4e29f9f78e09c74746f91170d63a71c48f86b8	linguistics/books/DSS-Numbers-Linguistics.txt	4379074	1169	0037725506518a2ca0642a768419444e558a5ce3120a51dac07cc687a3ccb8c3	ALL_LETTER_SLOTS_RECONSTRUCTED	7	4	4	0	0	7	0	0	1	0	0	0	0
L1595707-R002	biblical_book	Num	35	24		4Q27	1606675	f80_84	16	1595707				books/DSS-Numbers.txt	3001634	3728	1977804-1977821	18	0	8f8dc88d6db0b2a6bce2d929025816f80715674e0f3ab648ae84a2417c76663a	linguistics/books/DSS-Numbers-Linguistics.txt	4380243	7477	ac6616c3d6dc9b81a3478a8f42ecf45e47066e5d3ddd77746dcb4905f58cbdef	PARTLY_RECONSTRUCTED	42	40	25	0	15	25	0	0	1	0	0	0	0
L1595707-R003	biblical_book	Num	35	25		4Q27	1606675	f80_84	16	1595707				books/DSS-Numbers.txt	3005362	1879	1977822-1977824	3	1	c7d579a8c79bf4adadcd9fcf0665205a98389e315edcbd009cf1dbf668b575c5	linguistics/books/DSS-Numbers-Linguistics.txt	4387720	1521	54e627d4becd2ca5a317afe0cf5dc0c8c6d10a2f64a4a4c5d392e29480354f00	NO_LETTER_RECONSTRUCTION_MARKED	8	6	0	0	6	0	0	0	1	0	0	0	0
L1595708-R001	biblical_book	Num	35	27		4Q27	1606675	f80_84	19	1595708				books/DSS-Numbers.txt	3007241	2919	1977825-1977833	9	1	20bf62f59011def3281f31b42393a32c67f5635d4952f3b98c7aed67974a51f9	linguistics/books/DSS-Numbers-Linguistics.txt	4389241	3855	202f4539e6fdb89373ea2b4cd013665548f8e7b992a5c6d29b1b7680123464c7	PARTLY_RECONSTRUCTED	20	18	13	1	4	15	1	1	1	0	0	0	0
L1595709-R001	biblical_book	Num	35	27		4Q27	1606675	f80_84	20	1595709				books/DSS-Numbers.txt	3010160	4108	1977834-1977851	18	0	4dabca6b805b17d3929eb2fdfd34172b9f411fc218f13e54e683cb1273f8ce7e	linguistics/books/DSS-Numbers-Linguistics.txt	4393096	7502	33581e7d67207e8406e977bc633360f2d361cd49e92c5cf00a05fb7cbb3a04d3	PARTLY_RECONSTRUCTED	46	42	34	1	7	37	1	0	1	0	0	0	0
L1595709-R002	biblical_book	Num	35	28		4Q27	1606675	f80_84	20	1595709				books/DSS-Numbers.txt	3014268	2305	1977852-1977855	4	1	1b75eb42ce35965ecdfeb5d346d158d5febc5afa621d036e94f47e3ebc0be5d5	linguistics/books/DSS-Numbers-Linguistics.txt	4400598	2057	78973711c12a136cc65e91cbec03660b3cfcb2e72aa6f5b2ea0e5a8042c4fecd	PARTLY_RECONSTRUCTED	13	12	10	2	0	10	2	0	0	0	0	0	0
L1595710-R001	biblical_book	Num	35	28		4Q27	1606675	f80_84	21	1595710				books/DSS-Numbers.txt	3016573	4981	1977856-1977876	21	1	dadf00bd9946e563a1d4b8bf1f522f2ea078c638547c700dc1b7392bb2434745	linguistics/books/DSS-Numbers-Linguistics.txt	4402655	8833	a758b2559231660e916acd0dad74a379dc38f48c6f7589e5c9ee50afa3f052c1	PARTLY_RECONSTRUCTED	59	56	50	3	3	53	3	0	1	0	0	0	0
L1595711-R001	biblical_book	Num	35	33		4Q27	1606675	f80_84	26	1595711				books/DSS-Numbers.txt	3021554	4552	1977877-1977895	19	1	306a29a31f8bb9112159073b82ff282e4df4b92a26ab1f0ce12d82ee03b388e5	linguistics/books/DSS-Numbers-Linguistics.txt	4411488	7937	d36013833394788edbb6b96eb10893808a3001a264a6edd08c57a7796316b0e4	PARTLY_RECONSTRUCTED	50	49	43	2	4	44	2	0	0	0	0	0	0
L1595712-R001	biblical_book	Num	35	33		4Q27	1606675	f80_84	27	1595712				books/DSS-Numbers.txt	3026106	2007	1977896-1977900	5	0	abfffb6af21a1225c28fa5c94f2b196717c7604551f64afd0b21af0edc89341a	linguistics/books/DSS-Numbers-Linguistics.txt	4419425	2314	5d59278fd4b41f3d355de8e61a50288f1f17e7cbe8a6649d36dcdba3e13eb474	ALL_LETTER_SLOTS_RECONSTRUCTED	13	10	10	0	0	13	0	0	1	0	0	0	0
L1595712-R002	biblical_book	Num	35	34		4Q27	1606675	f80_84	27	1595712				books/DSS-Numbers.txt	3028113	3699	1977901-1977913	13	1	21a57f22d459f6a49815f9a45e4ac2b0ad8f4ca78813e2440ff3840568822cc0	linguistics/books/DSS-Numbers-Linguistics.txt	4421739	5679	d27cd01a3f1df6b49ec834c069cb72fe77f36a07c6806483704ddb1645ac383d	PARTLY_RECONSTRUCTED	41	40	32	4	4	33	4	0	0	0	0	0	0
L1595713-R001	biblical_book	Num	35	34		4Q27	1606675	f80_84	28	1595713				books/DSS-Numbers.txt	3031812	4001	1977914-1977924	11	3	5b9b99dfb86c2a08e9978c6fd944d8f80a86bd04dc5513be959b8e68cb1d7869	linguistics/books/DSS-Numbers-Linguistics.txt	4427418	4917	cdbbe28411255d0e399701deedb373ed588ecd77735976d266c86e12d568e431	PARTLY_RECONSTRUCTED	34	31	21	1	9	22	1	0	1	0	0	0	0
L1595714-R001	biblical_book	Num	36	1		4Q27	1606675	f80_84	29	1595714				books/DSS-Numbers.txt	3035813	4251	1977925-1977941	17	1	0a34059ac15591c132b6e51b22f6a3ecdf540db504d8290e4af3a4ebedc30793	linguistics/books/DSS-Numbers-Linguistics.txt	4432335	7491	203bec6b408c7ca4d73eff07caba4f49a7c3427fc0b1f817db13bc7db02bc755	PARTLY_RECONSTRUCTED	54	54	43	3	8	43	3	0	0	0	0	0	0
L1595715-R001	biblical_book	Num	36	1		4Q27	1606675	f80_84	30	1595715				books/DSS-Numbers.txt	3040064	4589	1977942-1977962	21	1	bec0e790e57bc0e18297b3f0344e5a94b4ef5f6f5d20d8e8b48d75e04a7666fe	linguistics/books/DSS-Numbers-Linguistics.txt	4439826	8752	1c525b2c96be5b9d3ac0604f0c2fecc7e3fd99f149111a692f47fdfa037d27ce	PARTLY_RECONSTRUCTED	54	54	40	1	13	40	1	0	0	0	0	0	0
L1595716-R001	biblical_book	Num	36	1		4Q27	1606675	f80_84	31	1595716				books/DSS-Numbers.txt	3044653	1455	1977963-1977964	2	0	f8fae80ed489690a032895073a3c96ac16237b69784b81928c53c7cb825322d3	linguistics/books/DSS-Numbers-Linguistics.txt	4448578	1216	47c5d2a986bdb5805f4541ff09c15712527442d1efce635f1fb2a989d9a88bf1	ALL_LETTER_SLOTS_RECONSTRUCTED	7	5	5	0	0	7	0	0	1	0	0	0	0
L1595716-R002	biblical_book	Num	36	2	a	4Q27	1606675	f80_84	31	1595716				books/DSS-Numbers.txt	3046108	4316	1977965-1977982	18	1	083a53a05b003ed2b779c7bf3201c709ab06aa4e5d3de94790204e57f4183ed1	linguistics/books/DSS-Numbers-Linguistics.txt	4449794	7512	1b23e21104be86eac8abdbc79f6d4080515e5c58cfaf43e0ea3c96610046838b	PARTLY_RECONSTRUCTED	47	44	33	1	10	34	1	0	1	0	0	0	0
L1595717-R001	biblical_book	Num	36	4	a	4Q27	1606675	f81ii	14	1595717				books/DSS-Numbers.txt	3050424	3842	1977983-1977996	14	0	d084dfabe173be50bdb26ffe211dcd1d999d97fce9603267cc3a27c9e79947bb	linguistics/books/DSS-Numbers-Linguistics.txt	4457306	6100	12b92fb2145843639f471ad6fd6c5e1d796a445c36f9a0a7930816ccb5fa136a	PARTLY_RECONSTRUCTED	51	46	43	1	2	48	1	0	1	0	0	0	0
L1595717-R002	biblical_book	Num	36	4	b	4Q27	1606675	f81ii	14	1595717				books/DSS-Numbers.txt	3054266	2584	1977997-1978004	8	1	656f19476c07785731c9f39bc702ee1bdd817b9ffea58ce651ffb1c75da1ee86	linguistics/books/DSS-Numbers-Linguistics.txt	4463406	3532	511aca777479f5fc9b8051468c416ff60de9d6730a8d6acb83353373203b6c25	ALL_LETTER_SLOTS_RECONSTRUCTED	19	19	19	0	0	19	0	0	0	0	0	0	0
L1595718-R001	biblical_book	Num	36	4	b	4Q27	1606675	f81ii	15	1595718				books/DSS-Numbers.txt	3056850	4857	1978005-1978026	22	1	f0e53962692a588eb9ec6583d42b91248d40ad772074e4cedb0fcc91df394b1f	linguistics/books/DSS-Numbers-Linguistics.txt	4466938	9288	64613466225eda381765da5b2eb1844438eaab5a17cfa8e5d493d52deade750b	PARTLY_RECONSTRUCTED	65	64	58	0	6	59	0	0	0	0	0	0	0
L1595719-R001	biblical_book	Num	36	4	b	4Q27	1606675	f81ii	16	1595719				books/DSS-Numbers.txt	3061707	3510	1978027-1978042	16	0	b3f93aa1e5bc6505f3b87de409f163c2a451f4628d88d1679fd7e8db52fa1efd	linguistics/books/DSS-Numbers-Linguistics.txt	4476226	6699	247275a01af6401b8b7d751fd69865caadbdbf925c741286a82c7a9d9e52b122	PARTLY_RECONSTRUCTED	40	38	31	0	7	33	0	0	1	0	0	0	0
L1595719-R002	biblical_book	Num	36	5		4Q27	1606675	f81ii	16	1595719				books/DSS-Numbers.txt	3065217	2644	1978043-1978050	8	1	b03c0881ca69f10cb9034fcbc537c856eacdbd7de030348bdca4a0ea881931ae	linguistics/books/DSS-Numbers-Linguistics.txt	4482925	3636	558931d4aaab92dda675ee58d429a36a65a297b81036df89b3a3f5033e6e0d10	ALL_LETTER_SLOTS_RECONSTRUCTED	22	22	22	0	0	22	0	0	0	0	0	0	0
L1595720-R001	biblical_book	Num	36	5		4Q27	1606675	f81ii	17	1595720				books/DSS-Numbers.txt	3067861	2547	1978051-1978059	9	0	bb27c23b1ac95e039234daf5a9ef4b39f5cb47da2468741a3d3a578b6b0f0033	linguistics/books/DSS-Numbers-Linguistics.txt	4486561	3999	fc86df5c56ec9524330710f06d4c30d193e07245cec2e63eb6db20186d493789	PARTLY_RECONSTRUCTED	29	27	17	0	10	19	0	0	1	0	0	0	0
L1595720-R002	biblical_book	Num	36	6		4Q27	1606675	f81ii	17	1595720				books/DSS-Numbers.txt	3070408	3380	1978060-1978072	13	1	305b6ea5e43b862bc898ee196d12ce651e058085767f2e82c0a818f434605fe5	linguistics/books/DSS-Numbers-Linguistics.txt	4490560	5588	b2e1065b5ceac7565c336fe95435c6fc1a141106cb5fc69c6da77d44ec5aeb47	ALL_LETTER_SLOTS_RECONSTRUCTED	36	36	36	0	0	36	0	0	0	0	0	0	0
L1595721-R001	biblical_book	Num	36	6		4Q27	1606675	f81ii	18	1595721				books/DSS-Numbers.txt	3073788	4093	1978073-1978087	15	0	f0de36115e8ed108ec33711c3897b623c242bab3c398b1a2a15bbd9e6a0d6bcf	linguistics/books/DSS-Numbers-Linguistics.txt	4496148	6534	55a3cfe956d045ba7f31cb2464d94b1b2daef8cc1d758fe79e63cba1abd27284	PARTLY_RECONSTRUCTED	54	49	40	8	1	44	8	0	2	0	0	0	0
L1595721-R002	biblical_book	Num	36	7		4Q27	1606675	f81ii	18	1595721				books/DSS-Numbers.txt	3077881	1875	1978088-1978090	3	1	02fc6d03d64a146fd28f10a5503f46c54b05f5ee61f61ac335eb1dac54314893	linguistics/books/DSS-Numbers-Linguistics.txt	4502682	1552	bb0e4a2016ac0dea4c705e21ae69d05aad557ebbc963579e1d5c4402958928b4	ALL_LETTER_SLOTS_RECONSTRUCTED	8	8	8	0	0	8	0	0	0	0	0	0	0
L1595722-R001	biblical_book	Num	36	7		4Q27	1606675	f81ii	19	1595722				books/DSS-Numbers.txt	3079756	4825	1978091-1978108	18	2	561b4ceea09d3bb7b395b6c19d57c3340a5905a48637871db98ceb57d1be7ef1	linguistics/books/DSS-Numbers-Linguistics.txt	4504234	7822	ad64a6f6142cab4f7d817e75b2d2b9ac1c00b15111517fedc15571e81e705706	PARTLY_RECONSTRUCTED	58	55	54	1	0	57	1	0	1	0	0	0	0
L1604331-R001	biblical_book	Num	34	10		Mur1	1606844	f6ii	1	1604331				books/DSS-Numbers.txt	3084631	3397	2090576-2090584	9	1	d582b0cb2295524ac8116cc29e8e744c15466a0796284e484d3e359c4de6d0b8	linguistics/books/DSS-Numbers-Linguistics.txt	4512106	4087	6a441113cf341b2d67157dfee1aebf20745a1f23827a3989c6c4feb45c3416c0	PARTLY_RECONSTRUCTED	29	24	17	4	3	21	4	0	1	0	0	0	0
L1604332-R001	biblical_book	Num	36	7		Mur1	1606844	f7	1	1604332				books/DSS-Numbers.txt	3088028	2994	2090585-2090594	10	1	4474f808f4147aec1940d04cc83df517e2852122431dc3e5ea22f2202b2b60d7	linguistics/books/DSS-Numbers-Linguistics.txt	4516193	4547	faecc95a42049e49879fe9db9f6d91e5887c5ceeedd15e27e022b836e37aabb0	PARTLY_RECONSTRUCTED	27	27	25	2	0	25	2	0	0	0	0	0	0
L1604333-R001	biblical_book	Num	36	7		Mur1	1606844	f7	2	1604333				books/DSS-Numbers.txt	3091022	2235	2090595-2090599	5	0	fbd2d6497237fe8a1826e56d24e8c4db57878812e6349086ceb5298ee9be7a46	linguistics/books/DSS-Numbers-Linguistics.txt	4520740	2459	09a3c06ef8319dc5ad160c0c37a69799e128c8c72ac1075778fc5615ef98e1ad	PARTLY_RECONSTRUCTED	21	18	11	2	5	12	2	0	1	0	0	0	0
L1604333-R002	biblical_book	Num	36	8		Mur1	1606844	f7	2	1604333				books/DSS-Numbers.txt	3093257	2255	2090600-2090604	5	1	9c195822426b5d141c0477a0dd192eafb6deb69415c001df38d4a29a2a7497f5	linguistics/books/DSS-Numbers-Linguistics.txt	4523199	2414	818083077876550f686c55f24f87c15aaa978f1cc485b00fabac31b31a82df75	PARTLY_RECONSTRUCTED	13	13	9	2	2	9	2	0	0	0	0	0	0
L1604334-R001	biblical_book	Num	36	8		Mur1	1606844	f7	3	1604334				books/DSS-Numbers.txt	3095512	2919	2090605-2090613	9	1	5c8eebe8d0b72939ad8e85010b2f87380ec7860240e6c3b5234f441c6199cb1d	linguistics/books/DSS-Numbers-Linguistics.txt	4525613	4168	4968efbb8092dc21b919a93d5d91bca91f40f485aee869e14398742c8efde405	PARTLY_RECONSTRUCTED	26	26	15	1	10	15	1	0	0	0	0	0	0
L1604335-R001	biblical_book	Num	36	8		Mur1	1606844	f7	4	1604335				books/DSS-Numbers.txt	3098431	3310	2090614-2090622	9	1	09381a3fc96ecb134506d1e19297394ffe57d1f9450546cbb336cf1ffe27de40	linguistics/books/DSS-Numbers-Linguistics.txt	4529781	4177	f48362e986230406935aa656dd52f87ebd94d9f40dfe159b977971ba2aeecdba	PARTLY_RECONSTRUCTED	33	32	17	6	9	18	6	0	0	0	0	0	0
L1604336-R001	biblical_book	Num	36	8		Mur1	1606844	f7	5	1604336				books/DSS-Numbers.txt	3101741	1786	2090623-2090625	3	0	8d54afed036664d71cff817dd0e39fe67e2c332ea9ccbf5023ba260ffcc8ae55	linguistics/books/DSS-Numbers-Linguistics.txt	4533958	1606	846d32c748433e3846c5ae4fffdd46a83c54ce67643d1a9b013ec59357eae7f0	PARTLY_RECONSTRUCTED	12	9	4	2	3	4	2	0	1	0	0	0	0
L1604336-R002	biblical_book	Num	36	9		Mur1	1606844	f7	5	1604336				books/DSS-Numbers.txt	3103527	2768	2090626-2090634	9	1	d0743fd59cf53fc7b3691a87493de3e30411e376e8daa0735691179e32bbf80a	linguistics/books/DSS-Numbers-Linguistics.txt	4535564	4000	8964557f3eecfb58fc34eb3ff1f324e6a9657f571c73d021242485e92a5524ea	PARTLY_RECONSTRUCTED	21	21	10	2	9	10	2	0	0	0	0	0	0
L1604337-R001	biblical_book	Num	36	9		Mur1	1606844	f7	6	1604337				books/DSS-Numbers.txt	3106295	3006	2090635-2090643	9	0	9568cf66c7f25a8aff0a0fe1b750aeb04f61fbaa1b562525f6df881407fda6ec	linguistics/books/DSS-Numbers-Linguistics.txt	4539564	4137	7b3d4247aad57c1595db90055987d1741d140ec942e7f8c34339942e739d8b90	PARTLY_RECONSTRUCTED	31	28	14	5	9	16	5	0	1	0	0	0	0
L1604337-R002	biblical_book	Num	36	10		Mur1	1606844	f7	6	1604337				books/DSS-Numbers.txt	3109301	1700	2090644-2090645	2	1	c1ada68cecf589ba63d01f01f9f228ef1bc452f08aed93ec128a3f4e0e9f9d52	linguistics/books/DSS-Numbers-Linguistics.txt	4543701	1176	0e7d19d1c2553a37457d9a24719396941dfb35a68b18619b8dab07f3e7ca0b6e	ALL_LETTER_SLOTS_RECONSTRUCTED	4	4	4	0	0	4	0	0	0	0	0	0	0
L1604338-R001	biblical_book	Num	36	10		Mur1	1606844	f7	7	1604338				books/DSS-Numbers.txt	3111001	3085	2090646-2090654	9	1	cd8bc4378fbd2865bafefabafc8742c9f5bd8e5a311d19e42e6ab086aa79f15e	linguistics/books/DSS-Numbers-Linguistics.txt	4544877	4078	aab6d51adc3ea10353dcb858e26c863cb12bd3984394c8382a39eecef190897d	PARTLY_RECONSTRUCTED	28	26	16	4	6	16	4	0	1	0	0	0	0
L1604339-R001	biblical_book	Num	36	11		Mur1	1606844	f7	8	1604339				books/DSS-Numbers.txt	3114086	3338	2090655-2090665	11	1	44f234b70d2f468c0fb69b05200f104ff421825cd88f3d83a7e5d81fa168c0d5	linguistics/books/DSS-Numbers-Linguistics.txt	4548955	4879	dfaa7c5a15d3394b25eb46591267bea192d164c8964731269c709d0b4e98f3db	PARTLY_RECONSTRUCTED	31	29	26	2	1	26	2	0	1	0	0	0	0
L1605202-R001	biblical_book	Num	19	2		5/6hev1a	1606851	f1_2	1	1605202				books/DSS-Numbers.txt	3117478	3175	2100245-2100253	9	1	2e9eb927be7bd94ec2ca9638a03cb7af5df05d48bcae8e4b599bf9363ec7c21e	linguistics/books/DSS-Numbers-Linguistics.txt	4553888	4177	2aec712e9d60e9b5ba9563a1331134722b0faa888e0650bf7c42436cd5a0cb8c	PARTLY_RECONSTRUCTED	32	30	26	2	2	27	2	0	0	0	0	0	0
L1605203-R001	biblical_book	Num	19	2		5/6hev1a	1606851	f1_2	2	1605203				books/DSS-Numbers.txt	3120653	2027	2100254-2100258	5	0	4fd0d38ef54583a69b538fccd0fe6d5fc9590f2e034e67408b05a8569194488b	linguistics/books/DSS-Numbers-Linguistics.txt	4558065	2313	74ffe7cf36d350a551fb465412ea0f1f770e8dc642db37572ab46699154842bc	ALL_LETTER_SLOTS_RECONSTRUCTED	14	11	11	0	0	14	0	0	1	0	0	0	0
L1605203-R002	biblical_book	Num	19	3		5/6hev1a	1606851	f1_2	2	1605203				books/DSS-Numbers.txt	3122680	3011	2100259-2100267	9	1	93ed97a2f3b8ba97a5d985aca64bedc7821781a241babd5150b08231b5b3f7d5	linguistics/books/DSS-Numbers-Linguistics.txt	4560378	4014	a5622cdbe1b5757ac2900615c0ac77b13f2c023478e2b9b70a0d865fd4c350b4	PARTLY_RECONSTRUCTED	24	23	15	3	5	15	3	0	0	0	0	0	0
L1605204-R001	biblical_book	Num	19	3		5/6hev1a	1606851	f1_2	3	1605204				books/DSS-Numbers.txt	3125691	2505	2100268-2100275	8	0	8929b9654597c085f2de9585bd6ec39897a9d780f6b5f6c99b18c072b3c79f66	linguistics/books/DSS-Numbers-Linguistics.txt	4564392	3556	4be2a64f085c1ef90f4f750e548452fc8918d47d1d796b7eefc30e4e3628392e	PARTLY_RECONSTRUCTED	21	17	9	1	7	9	1	0	1	0	0	0	0
L1605204-R002	biblical_book	Num	19	4		5/6hev1a	1606851	f1_2	3	1605204				books/DSS-Numbers.txt	3128196	2680	2100276-2100282	7	1	48affdd852c358a9bc769827402293fc948f7276a18d642c68611fbbec894a4a	linguistics/books/DSS-Numbers-Linguistics.txt	4567948	3210	1b6f2ef943c9463f968fc0a5c5e604f5fb083a5bd525c7a3df655b9cf792bf18	PARTLY_RECONSTRUCTED	18	17	11	1	5	12	1	0	0	0	0	0	0
L1605205-R001	biblical_book	Num	19	4		5/6hev1a	1606851	f1_2	4	1605205				books/DSS-Numbers.txt	3130876	3906	2100283-2100296	14	1	6659ff6cc27ead5d82c5f02c86d3565754c6d5709165b97892de67c1cd66059f	linguistics/books/DSS-Numbers-Linguistics.txt	4571158	6090	8ba80364c5ebcdbcd77afe7328cd3c5086727763c63ffd6079e0316682803775	PARTLY_RECONSTRUCTED	41	37	36	1	0	40	1	0	1	0	0	0	0
L1605206-R001	biblical_book	Num	20	7		5/6hev1a	1606851	f3	1	1605206				books/DSS-Numbers.txt	3134782	1852	2100297-2100301	5	0	61159e204410408de9a61e4223a7d49d342cace6f4df6a3e218b8c1feba7eae9	linguistics/books/DSS-Numbers-Linguistics.txt	4577248	2309	aff81f92165a20bf498798ac673ba1e5964232602311a3db98886fc4f098c407	PARTLY_RECONSTRUCTED	11	9	1	0	8	1	0	0	1	0	0	0	0
L1605206-R002	biblical_book	Num	20	8		5/6hev1a	1606851	f3	1	1605206				books/DSS-Numbers.txt	3136634	2923	2100302-2100311	10	1	94c7f9586b81e842ee140cb097f8b840c1253f9d398234d0464f8643461abe73	linguistics/books/DSS-Numbers-Linguistics.txt	4579557	4260	585821934104265e2ea13e3248808edf6f3850307ce9f25d9971417f3081dbbd	PARTLY_RECONSTRUCTED	21	19	11	2	6	11	2	0	1	0	0	0	0
L1605369-R001	biblical_book	Num	27	2		Xhev/se2	1606853	1	21	1605369				books/DSS-Numbers.txt	3139611	3164	2101896-2101906	11	1	3701b9a3080665cb8b92f643077715606c8c6746982bbfe615031e07f9071083	linguistics/books/DSS-Numbers-Linguistics.txt	4583871	4833	ae5fab2dee41420eba97fbe6df3b96add0b3233774de9b60538f5fdd5fd0fe7c	PARTLY_RECONSTRUCTED	28	28	21	3	4	21	3	0	0	0	0	0	0
L1605370-R001	biblical_book	Num	27	2		Xhev/se2	1606853	1	22	1605370				books/DSS-Numbers.txt	3142775	3274	2101907-2101918	12	1	3b341bb4116e05d5eeab2053d7e852f6e493eddda28a4fce25905137bc16e37b	linguistics/books/DSS-Numbers-Linguistics.txt	4588704	5200	5d440c275730e7786f2cbb126cf928676fad7605b1110d024bdad81663d82dc5	PARTLY_RECONSTRUCTED	28	27	22	1	4	22	2	0	0	0	0	0	0
L1605371-R001	biblical_book	Num	27	2		Xhev/se2	1606853	1	23	1605371				books/DSS-Numbers.txt	3146049	1558	2101919-2101921	3	0	7e3230bdbe0b633bab7c58fc555d202ec1fe04f8324d4b10c9dd081e34ea1785	linguistics/books/DSS-Numbers-Linguistics.txt	4593904	1506	58c422ace00cc12ff2abcab4a89b6013626ab333777239aa06823203b3d03599	ALL_LETTER_SLOTS_RECONSTRUCTED	6	4	4	0	0	6	0	0	1	0	0	0	0
L1605371-R002	biblical_book	Num	27	3		Xhev/se2	1606853	1	23	1605371				books/DSS-Numbers.txt	3147607	2792	2101922-2101929	8	1	df8f3aa65bd37500b1f1fad42fc1841a4ac16be690c164c4ade30edcf7942326	linguistics/books/DSS-Numbers-Linguistics.txt	4595410	3596	4fe8b352a74ccd213bb2b12f48080658ae771846582a52444e4ab9c36db6fcff	PARTLY_RECONSTRUCTED	22	21	15	0	6	16	0	0	0	0	0	0	0
L1605372-R001	biblical_book	Num	27	3		Xhev/se2	1606853	1	24	1605372				books/DSS-Numbers.txt	3150399	3213	2101930-2101940	11	1	431cecc9961d3719f58946b3c8545956e715c17f1eca382e3e1a91c00c5eff2a	linguistics/books/DSS-Numbers-Linguistics.txt	4599006	4805	eb5f7fb9c342c5d5d5cf7cab1e8bbc7993487e2462b592eec25b651fcff0ca11	PARTLY_RECONSTRUCTED	28	28	21	1	6	21	1	0	0	0	0	0	0
L1605373-R001	biblical_book	Num	27	3		Xhev/se2	1606853	1	25	1605373				books/DSS-Numbers.txt	3153612	3001	2101941-2101950	10	0	ca7545d1eabb1a4caf59cc2b7e95cdd625cdeaf16da3e0bafb06881bdbbdfe4e	linguistics/books/DSS-Numbers-Linguistics.txt	4603811	4290	4562d78f5d2a4063f0ae3e801fe3ac4e67759f4de06307e2faf46b333bcce034	PARTLY_RECONSTRUCTED	25	21	16	1	4	20	1	0	1	0	0	0	0
L1605373-R002	biblical_book	Num	27	4		Xhev/se2	1606853	1	25	1605373				books/DSS-Numbers.txt	3156613	1577	2101951	1	1	e3b2503759aed96757cea7d7946e473fbd0b7ed3e165daa295c5d219e52f3806	linguistics/books/DSS-Numbers-Linguistics.txt	4608101	810	0920417bce8a772c2621f9e039a5e2755b2794ba62accf6d445349f6eb696ee5	ALL_LETTER_SLOTS_RECONSTRUCTED	3	3	3	0	0	3	0	0	0	0	0	0	0
L1605374-R001	biblical_book	Num	27	4		Xhev/se2	1606853	1	26	1605374				books/DSS-Numbers.txt	3158190	2971	2101952-2101959	8	1	4899fb61a8fac61fcc4b3aed4e3cdea645d6e4205c71d87bff95cf9fe1ecb18c	linguistics/books/DSS-Numbers-Linguistics.txt	4608911	3754	50d62921b65cd350cc8ab02f4236f836d6d0b425db0f418f403dcb852944d1c9	PARTLY_RECONSTRUCTED	28	26	19	0	7	20	0	0	0	0	0	0	0
L1605375-R001	biblical_book	Num	27	4		Xhev/se2	1606853	1	27	1605375				books/DSS-Numbers.txt	3161161	3725	2101960-2101969	10	1	04ba1257ed868204d433bbb90796dab6c6a76c427cd19cccebcb96603db4cc5a	linguistics/books/DSS-Numbers-Linguistics.txt	4612665	4404	857bb1b82229e89c1f12b89a6398f27b5ef7e879e187c845d0ac44455e902402	PARTLY_RECONSTRUCTED	32	25	18	2	5	24	3	0	1	0	0	0	0
L1605376-R001	biblical_book	Num	27	5		Xhev/se2	1606853	1	28	1605376				books/DSS-Numbers.txt	3164886	3057	2101970-2101978	9	1	015b5567f811d5fbde1a3e2e7de27ce3844020d49e468428ba0d0dbc45ffeb33	linguistics/books/DSS-Numbers-Linguistics.txt	4617069	4007	4725e9a1f042ee82e5054c76cebad058c8715002c42fc62fb498340ce81007bc	PARTLY_RECONSTRUCTED	26	23	18	2	3	20	2	0	1	0	0	0	0
L1605378-R001	biblical_book	Num	27	6		Xhev/se2	1606853	1	30	1605378				books/DSS-Numbers.txt	3167943	2509	2101979-2101986	8	0	07311baa95ef9cbca2e770d03fc6cb93c0564722d95e054b3df059aa19b8eb32	linguistics/books/DSS-Numbers-Linguistics.txt	4621076	3537	51e58e679c25a896d167b956e7a3035f3c71306e77307d70dd4cd2a72898d508	PARTLY_RECONSTRUCTED	20	18	9	5	4	11	5	0	1	0	0	0	0
L1605378-R002	biblical_book	Num	27	7		Xhev/se2	1606853	1	30	1605378				books/DSS-Numbers.txt	3170452	1740	2101987-2101988	2	1	21a5ca62905805a2392767e37cea7c9f16581fa83ba080e9de09b0039489888c	linguistics/books/DSS-Numbers-Linguistics.txt	4624613	1201	61383d3f9af5c9bd01829d15b9ac52c260e88bfe4230a12ac8d14fe2b85011cc	ALL_LETTER_SLOTS_RECONSTRUCTED	6	6	6	0	0	6	0	0	0	0	0	0	0
L1605379-R001	biblical_book	Num	27	7		Xhev/se2	1606853	1	31	1605379				books/DSS-Numbers.txt	3172192	2959	2101989-2101995	7	1	8a732751c77a46e94bb21e39bf5795cad253526c22903effa33958c9434dca8c	linguistics/books/DSS-Numbers-Linguistics.txt	4625814	3411	cfc18c1373c6ff1e70219271a57e5eda3281554e95a2a2b99bbb87614eb611cd	PARTLY_RECONSTRUCTED	27	26	18	6	2	18	6	0	0	0	0	0	0
L1605380-R001	biblical_book	Num	27	7		Xhev/se2	1606853	1	32	1605380				books/DSS-Numbers.txt	3175151	3495	2101996-2102004	9	1	0000af94a42caff70481b40b01036dbd0d10e5b6ca9e77c8e269017a19b31aff	linguistics/books/DSS-Numbers-Linguistics.txt	4629225	4098	b8ada446a93a47c762a371ef08cfcaac8572982cb00421f8894e1f3a2ccb39b3	PARTLY_RECONSTRUCTED	31	29	14	6	9	15	6	0	0	0	0	0	0
L1605381-R001	biblical_book	Num	27	7		Xhev/se2	1606853	1	33	1605381				books/DSS-Numbers.txt	3178646	1564	2102005-2102006	2	0	9a17ba607725ed319c818e0252702885a5044f1b62bf177c13a8464eb0ffbabd	linguistics/books/DSS-Numbers-Linguistics.txt	4633323	1121	a2944d880df1655957ddd8b10afb93af448d07e4d96de63c79cf9781ae41173d	ALL_LETTER_SLOTS_RECONSTRUCTED	6	3	3	0	0	6	0	0	1	0	0	0	0
L1605381-R002	biblical_book	Num	27	8		Xhev/se2	1606853	1	33	1605381				books/DSS-Numbers.txt	3180210	2815	2102007-2102014	8	1	58427d5442197b8afb26b49c13e611af961274810f3cb0fb4659312e8830a28b	linguistics/books/DSS-Numbers-Linguistics.txt	4634444	3642	bfa62cb0f7307528a67f522ecde0d415f260c8ffe9bab40a23419d872168f1e7	PARTLY_RECONSTRUCTED	22	22	3	2	17	3	2	0	0	0	0	0	0
L1605382-R001	biblical_book	Num	27	8		Xhev/se2	1606853	1	34	1605382				books/DSS-Numbers.txt	3183025	3468	2102015-2102024	10	1	6da0791fb5a6703500f6667f4482eff27541367ce0642327978a24b5998b543d	linguistics/books/DSS-Numbers-Linguistics.txt	4638086	4454	138e76cb7852879a600a97a5ec430d305316bf7d4ee987cbced31acb32e7819a	PARTLY_RECONSTRUCTED	30	27	11	4	12	11	5	0	0	0	0	0	0
L1605383-R001	biblical_book	Num	27	8		Xhev/se2	1606853	1	35	1605383				books/DSS-Numbers.txt	3186493	1664	2102025-2102027	3	0	f7a033dc4aabea1cddb75afba4d4c1a4f3de1ec142562bcccaf4231ddcac88dc	linguistics/books/DSS-Numbers-Linguistics.txt	4642540	1524	fb3b576fa7e7a6d5a87a91751d49a93aa80122305211f81a8a23708051cb1de3	PARTLY_RECONSTRUCTED	7	4	1	1	2	1	1	0	1	0	0	0	0
L1605383-R002	biblical_book	Num	27	9		Xhev/se2	1606853	1	35	1605383				books/DSS-Numbers.txt	3188157	3164	2102028-2102036	9	1	ca7c66710424c2f1ec2523cd710df47c52793ddc049fc7260cb765d1e48fb7d6	linguistics/books/DSS-Numbers-Linguistics.txt	4644064	4012	d17fc168b8c9b32fd57cf01b6cebabaf8d06121d9c1d5c780601435c09487cef	PARTLY_RECONSTRUCTED	24	22	6	5	11	7	5	0	0	0	0	0	0
L1605384-R001	biblical_book	Num	27	9		Xhev/se2	1606853	1	36	1605384				books/DSS-Numbers.txt	3191321	1777	2102037-2102039	3	0	6608c1b0d44689e532655570e89f3fd3a65db735c0ae46765779a5b96dfcfd3d	linguistics/books/DSS-Numbers-Linguistics.txt	4648076	1530	bf0f1d2d156ed088c5e91efdc551e714ffce3b0c0ee6af17385e3c66afb1969a	NO_LETTER_RECONSTRUCTION_MARKED	8	5	0	5	0	0	5	0	1	0	0	0	0
L1605384-R002	biblical_book	Num	27	10		Xhev/se2	1606853	1	36	1605384				books/DSS-Numbers.txt	3193098	2987	2102040-2102047	8	1	2fba0de2ee641123fb62be75b7b78763a040fe382f159cf213c2e7cead62aea2	linguistics/books/DSS-Numbers-Linguistics.txt	4649606	3551	74ed1dc6ee93f1de53151d767d83ee0a1567d1e96ceac5b2b934d53e78da09cf	PARTLY_RECONSTRUCTED	20	19	4	5	10	4	5	0	0	0	0	0	0
L1605385-R001	biblical_book	Num	27	10		Xhev/se2	1606853	1	37	1605385				books/DSS-Numbers.txt	3196085	2285	2102048-2102052	5	0	3b34191ef8dd9f7738a0a36435bedd56c89a2051909ab570c382d8b9dfbeb92c	linguistics/books/DSS-Numbers-Linguistics.txt	4653157	2383	f4c0363d8f8dfa205bba89c97f8cd749be4c13196a7ed4e570bb74d6b470c93e	NO_LETTER_RECONSTRUCTION_MARKED	17	13	0	3	10	0	3	0	1	0	0	0	0
L1605385-R002	biblical_book	Num	27	11		Xhev/se2	1606853	1	37	1605385				books/DSS-Numbers.txt	3198370	2312	2102053-2102056	4	1	05635fa9baca433e838976e0499be21f39c76d41b5e2e529363c4d162dc4ac76	linguistics/books/DSS-Numbers-Linguistics.txt	4655540	2017	2e8d23b739d51a83b972a37a243c819c02e3bc9c9fbac6cbb99390880e876a27	NO_LETTER_RECONSTRUCTION_MARKED	10	10	0	9	1	0	9	0	0	0	0	0	0
L1605386-R001	biblical_book	Num	27	11		Xhev/se2	1606853	1	38	1605386				books/DSS-Numbers.txt	3200682	3708	2102057-2102066	10	1	b13331e1e44802ea722b054e801e215b35f60f409487f937fade6f17461e346c	linguistics/books/DSS-Numbers-Linguistics.txt	4657557	4458	a29790e005d63dd6c8aeea0f47429b17d62c3dc4e3c8df3dde8d1ec07cacc997	PARTLY_RECONSTRUCTED	29	26	17	6	3	19	6	0	0	0	0	0	0
L1605387-R001	biblical_book	Num	27	11		Xhev/se2	1606853	1	39	1605387				books/DSS-Numbers.txt	3204390	3092	2102067-2102074	8	1	54b572df3def583a08b2a6a34dc2f70a682cf558ff967e04cdfe2813a94503c9	linguistics/books/DSS-Numbers-Linguistics.txt	4662015	3673	218af1604b483c79c22890f8859f31ca0cfc8c87199b0243f23b329f80af8dc4	PARTLY_RECONSTRUCTED	26	22	19	3	0	21	4	0	0	0	0	0	0
L1605388-R001	biblical_book	Num	27	11		Xhev/se2	1606853	1	40	1605388				books/DSS-Numbers.txt	3207482	2921	2102075-2102083	9	1	30f87dc36a0969c35d10225dd67c862eb3a6b69c88ecfd6464515439214e5882	linguistics/books/DSS-Numbers-Linguistics.txt	4665688	4108	def29bb2ad8225094023113ac8364240d8cad84fd8631d483745e423193521dd	PARTLY_RECONSTRUCTED	24	24	16	2	6	16	2	0	0	0	0	0	0
L1605389-R001	biblical_book	Num	27	11		Xhev/se2	1606853	1	41	1605389				books/DSS-Numbers.txt	3210403	2500	2102084-2102087	4	2	b5547a34741cdeb15863b7899c23ee0b80ff55c5ad6c1554e8f181f7a4757b2b	linguistics/books/DSS-Numbers-Linguistics.txt	4669796	1957	70c1a75211064c7605f2e34098bff86ccb1ad823f83c874bb16cbcf59db21d8f	PARTLY_RECONSTRUCTED	11	9	7	1	1	9	1	0	1	0	0	0	0
L1605390-R001	biblical_book	Num	27	12		Xhev/se2	1606853	1	42	1605390				books/DSS-Numbers.txt	3212903	2948	2102088-2102097	10	1	db8b386c102815ee26dccaa179ce07291b19d47289f8e76e063bae5ab7d4bf14	linguistics/books/DSS-Numbers-Linguistics.txt	4671753	4417	ef4c9b0be037e9f6be6f13e4c393bbd0a4fe94a77a58f165181e6662a635cbc1	PARTLY_RECONSTRUCTED	27	27	15	4	8	15	4	0	0	0	0	0	0
L1605391-R001	biblical_book	Num	27	12		Xhev/se2	1606853	1	43	1605391				books/DSS-Numbers.txt	3215851	3141	2102098-2102108	11	1	0123d6327dfc74300fd6e26795022789cbaab64db89e3681691c319c06db6b92	linguistics/books/DSS-Numbers-Linguistics.txt	4676170	4720	e6565e3a5c55f71b4283429dee1958854ec83da4e7593eadcf31bd75966fa01e	PARTLY_RECONSTRUCTED	24	24	2	4	18	2	4	0	0	0	0	0	0
L1605392-R001	biblical_book	Num	27	12		Xhev/se2	1606853	1	44	1605392				books/DSS-Numbers.txt	3218992	1577	2102109-2102110	2	0	176e6abc6f2d2c45d1f27c4602b3d96564ab857c335a676da8d8e03945e3faac	linguistics/books/DSS-Numbers-Linguistics.txt	4680890	1235	8d4686aa714003fb0ea825d7aede42274143898f3e0d7cbca112c0c035123722	PARTLY_RECONSTRUCTED	7	5	4	1	0	6	1	0	1	0	0	0	0
L1605392-R002	biblical_book	Num	27	13		Xhev/se2	1606853	1	44	1605392				books/DSS-Numbers.txt	3220569	3055	2102111-2102118	8	1	09c2288e4ea781d01f68d189d3d097327b8e9bf25cae61d6fd725fabafa72df7	linguistics/books/DSS-Numbers-Linguistics.txt	4682125	3534	ec42855ca77bc6cf6df33f9dfc545014394bcb14dbbd733c00352ed26fd13883	PARTLY_RECONSTRUCTED	25	21	2	4	15	2	4	0	1	0	0	0	0
L1605393-R001	biblical_book	Num	28	11		Xhev/se2	1606853	2	41	1605393				books/DSS-Numbers.txt	3223624	2839	2102119-2102127	9	1	e3f285d4e40634b450615d01fd2b98c5150f2580914ea5b2d8946d65cd063f07	linguistics/books/DSS-Numbers-Linguistics.txt	4685659	4088	d871bb1d01946cb0d0cc21483ae1713e3f874dba2dd3b3c42c271a73c91c47a1	PARTLY_RECONSTRUCTED	26	26	25	0	1	25	0	0	0	0	0	0	0
L1605394-R001	biblical_book	Num	28	11		Xhev/se2	1606853	2	42	1605394				books/DSS-Numbers.txt	3226463	2691	2102128-2102134	7	1	d85e645e9552a99e2804b2dd244be746abcdbeadce71743c25d58d0046e04008	linguistics/books/DSS-Numbers-Linguistics.txt	4689747	3308	a1d951add4438d147f075959255f4e44711255818a9eb4a85c62eca977a18c5b	PARTLY_RECONSTRUCTED	25	23	18	1	4	20	1	0	1	0	0	0	0
L1605395-R001	biblical_book	Num	28	12		Xhev/se2	1606853	2	43	1605395				books/DSS-Numbers.txt	3229154	2728	2102135-2102142	8	1	feee8674ad9b179c4b2b7e3aadc6a60ae69ecd5d1147c22487e37941c4647260	linguistics/books/DSS-Numbers-Linguistics.txt	4693055	3758	0d9624bcae25fd7cdffe5e183316ba218814c052e3fd21e4daf8caed6500a8c5	PARTLY_RECONSTRUCTED	27	27	21	1	5	21	1	0	0	0	0	0	0
L1605396-R001	biblical_book	Num	28	12		Xhev/se2	1606853	2	44	1605396				books/DSS-Numbers.txt	3231882	3035	2102143-2102152	10	1	8d3733f7d0f8b7a5006b3f31982b56b779d33a163c60e54feef0efdb9471de57	linguistics/books/DSS-Numbers-Linguistics.txt	4696813	4462	9e8beacf13c71834acb438861cba537e2c95884f3f7e835ffadfabdbc2b3554e	PARTLY_RECONSTRUCTED	26	24	17	2	5	17	2	0	1	0	0	0	0
L1605456-R001	biblical_book	Num	18	21		34Se2	1606857	f2i	1	1605456				books/DSS-Numbers.txt	3234968	2295	2103275-2103279	5	1	429564cc37c0c2be9ad1abb246a73580802986fec1fa969fea726271b046f35e	linguistics/books/DSS-Numbers-Linguistics.txt	4701326	2302	6ea27bddc9dd14e1c1deeb324cca5a01555dc3654c1c6fd5db843c466d780ba2	NO_LETTER_RECONSTRUCTION_MARKED	11	7	0	4	3	2	4	1	2	0	0	0	0
L1605457-R001	biblical_book	Num	19	11		34Se2	1606857	f2ii	1	1605457				books/DSS-Numbers.txt	3237263	2307	2103280-2103284	5	1	006e153a147c67690aad08417c52adbfce5bbe926ea6f5de78b37f2d3c208a40	linguistics/books/DSS-Numbers-Linguistics.txt	4703628	2276	5afdcabfe93a08cc3f81623154e3f3a6cea6fcf60eaede564e6731c30a732148	NO_LETTER_RECONSTRUCTION_MARKED	10	6	0	2	4	2	2	1	2	0	0	0	0
