book	chapter	verse	scroll	scroll_node	letter_reconstruction	word_nodes	sign_slots	letter_slots	reconstructed_letter_slots	uncertain_letter_slots	unmarked_letter_slots	reconstructed_sign_slots	uncertain_sign_slots	missing_sign_slots	empty_sign_slots	vacat_sign_slots	corrected_sign_slots	removed_sign_slots	alternative_sign_slots	file	byte_offset	byte_length	sha256	record_ids
Deut	1	22	1Q4	1606609	PARTLY_RECONSTRUCTED	15	41	37	35	1	1	39	1	0	1	0	0	0	0	passage_status/DSS-Deuteronomy-Passage-Status.txt	684	735	c3f8f3a8ce4ea0071285f2724fbfdba0bc8b4850096797c39348779bd5388873	L1589738-R001
Deut	1	23	1Q4	1606609	PARTLY_RECONSTRUCTED	17	47	43	32	0	11	35	0	0	1	0	0	0	0	passage_status/DSS-Deuteronomy-Passage-Status.txt	1419	747	58e943ff964773f480a3d06850a6a55d7b60e0d75d0fc176a0d6fc401a4760cb	L1589738-R002,L1589739-R001
Deut	1	24	1Q4	1606609	PARTLY_RECONSTRUCTED	16	41	38	31	1	6	32	1	0	1	0	0	0	0	passage_status/DSS-Deuteronomy-Passage-Status.txt	2166	751	6cd7b2c6841177e1059199fb502661aafe8047a0e88809b6cdff8fbb622ebcee	L1589739-R002,L1589740-R001
Deut	1	25	1Q4	1606609	PARTLY_RECONSTRUCTED	9	20	17	15	0	2	16	0	0	1	0	0	0	0	passage_status/DSS-Deuteronomy-Passage-Status.txt	2917	729	835def558d2346efa99dfbbd978e00207bdab3cae859a970eecee47a37585b49	L1589740-R002
Deut	4	26	1Q4	1606609	PARTLY_RECONSTRUCTED	9	37	30	27	2	1	34	2	1	2	0	0	0	0	passage_status/DSS-Deuteronomy-Passage-Status.txt	3646	734	b31b0875375428c63cf91105f5bfb6f62ac59ee0d0931fdf31f95826fae7a58c	L1589741-R001
Deut	4	27	1Q4	1606609	NO_LETTER_SLOTS	4	9	0	0	0	0	5	2	2	4	0	0	0	0	passage_status/DSS-Deuteronomy-Passage-Status.txt	4380	720	4b2cf1ea4429c9a6b76f4b80a9000273a8d50bc50e6676b214da3950b79c70d8	L1589742-R001
Deut	4	43	1Q4	1606609	PARTLY_RECONSTRUCTED	12	31	27	20	2	5	22	2	1	2	0	0	0	0	passage_status/DSS-Deuteronomy-Passage-Status.txt	5100	735	a4c824dd6421550af72d091d90f842975766d1279b8342520538b50bb32158ae	L1589743-R001
Deut	4	47	1Q4	1606609	PARTLY_RECONSTRUCTED	15	40	38	32	3	3	34	3	0	1	0	0	0	0	passage_status/DSS-Deuteronomy-Passage-Status.txt	5835	735	39a5518564bbed11cb5b4bb97e78b0afc64e5335765e4a5a51128460e55e8858	L1589744-R001
Deut	4	48	1Q4	1606609	ALL_LETTER_SLOTS_RECONSTRUCTED	14	39	37	37	0	0	39	0	0	1	0	0	0	0	passage_status/DSS-Deuteronomy-Passage-Status.txt	6570	740	e2518588eb8e4fef94b40c02d66c65838907890dd50dde0349aff31e499118cb	L1589744-R002
Deut	4	49	1Q4	1606609	PARTLY_RECONSTRUCTED	18	46	43	35	1	7	36	1	0	1	0	0	0	0	passage_status/DSS-Deuteronomy-Passage-Status.txt	7310	751	3af1b7090adc6dda46a06241633f9b30c53b57b20aa79df5c1cbed338bbbce86	L1589744-R003,L1589745-R001
Deut	8	18	1Q4	1606609	PARTLY_RECONSTRUCTED	21	59	54	50	1	3	55	1	0	1	0	0	0	0	passage_status/DSS-Deuteronomy-Passage-Status.txt	8061	735	5ddcec6bd29eda19e2b622da7e0ad45382116163b345ca19e778fe4c9fd5ce9b	L1589746-R001
Deut	8	19	1Q4	1606609	PARTLY_RECONSTRUCTED	26	92	85	71	2	12	78	2	0	1	0	0	0	0	passage_status/DSS-Deuteronomy-Passage-Status.txt	8796	774	4e67da0c2743c99f9d009864c9bf340f768ee97dd3f8bbb748205057d1ebc823	L1589746-R002,L1589747-R001,L1589748-R001
Deut	9	27	1Q4	1606609	PARTLY_RECONSTRUCTED	25	63	58	55	0	3	60	0	0	1	0	0	0	0	passage_status/DSS-Deuteronomy-Passage-Status.txt	9570	746	66b9a426cf915cbd3b62cc4ac68308099adaa54e8c418ff92873c5be77a86cfe	L1589749-R001,L1589750-R001
Deut	9	28	1Q4	1606609	PARTLY_RECONSTRUCTED	15	45	41	35	2	4	36	2	0	1	0	0	0	0	passage_status/DSS-Deuteronomy-Passage-Status.txt	10316	741	947eaf57fe2bcd23bf21d4308103ce07b0ac51c02dc4006905f645102f043ecd	L1589750-R002
Deut	11	10	1Q4	1606609	PARTLY_RECONSTRUCTED	14	40	34	29	2	3	32	2	1	2	0	0	0	0	passage_status/DSS-Deuteronomy-Passage-Status.txt	11057	743	0ee7f42e5d294dbbb4e614eb3cf76bc66674b053087df0ae92b8b2a1267937f1	L1589751-R001
Deut	11	27	1Q4	1606609	PARTLY_RECONSTRUCTED	17	57	51	46	1	4	52	1	1	2	0	0	0	0	passage_status/DSS-Deuteronomy-Passage-Status.txt	11800	753	142ed2aeb389968388ec5bb926b4292d394662c57c6540a007882d801755e7ec	L1589752-R001,L1589753-R001
Deut	11	28	1Q4	1606609	PARTLY_RECONSTRUCTED	30	94	90	80	1	9	84	1	0	1	0	0	0	0	passage_status/DSS-Deuteronomy-Passage-Status.txt	12553	753	005efdf9ea30ef63a946898ce90058bb3a730ed2d46b0ebef84752b84e92c5de	L1589753-R002,L1589754-R001
Deut	11	29	1Q4	1606609	PARTLY_RECONSTRUCTED	31	86	80	71	0	9	77	0	0	1	0	0	0	0	passage_status/DSS-Deuteronomy-Passage-Status.txt	13306	748	2f38f7fc1bea64fb2d927605423fade61b3be85d47127ff5ab89f1a6854a5e92	L1589755-R001,L1589756-R001
Deut	11	30	1Q4	1606609	PARTLY_RECONSTRUCTED	24	59	57	51	0	6	51	0	0	1	0	0	0	0	passage_status/DSS-Deuteronomy-Passage-Status.txt	14054	732	ae88251894502d1bbdd6e051923e3375eaf98fb5fc8f9852f4904cd0a83de624	L1589756-R002
Deut	12	14	1Q4	1606609	PARTLY_RECONSTRUCTED	12	36	31	27	1	3	30	1	1	2	0	0	0	0	passage_status/DSS-Deuteronomy-Passage-Status.txt	14786	737	ac1c680c06d8bda2ad8e297cdabee9a4a116fd25235ca05f2106ddf67c250214	L1589760-R001
Deut	13	1	1Q4	1606609	PARTLY_RECONSTRUCTED	16	54	48	43	1	4	49	1	0	1	0	0	0	0	passage_status/DSS-Deuteronomy-Passage-Status.txt	15523	735	f5b184098108b2915257b60593b29af5eb5b656bcf348b235fb8e9aec789e58f	L1589761-R001
Deut	13	2	1Q4	1606609	PARTLY_RECONSTRUCTED	15	45	41	39	1	1	41	1	0	1	0	0	0	0	passage_status/DSS-Deuteronomy-Passage-Status.txt	16258	751	66d7c486c00a7a85b635119d92b5c25db832e3893a6fe3de433b273f8853196a	L1589761-R002,L1589762-R001
Deut	13	3	1Q4	1606609	PARTLY_RECONSTRUCTED	22	66	61	56	0	5	61	0	0	1	0	0	0	0	passage_status/DSS-Deuteronomy-Passage-Status.txt	17009	746	c3c7cb0ad31d2ba457f0f79e512eb259f5132c1568ec05b6128a5323e875846d	L1589762-R002,L1589763-R001
Deut	13	4	1Q4	1606609	PARTLY_RECONSTRUCTED	36	111	103	83	1	19	90	1	0	1	0	0	0	0	passage_status/DSS-Deuteronomy-Passage-Status.txt	17755	770	e5623f33bfa92d48ce11c02b808fedcaae77d4904c96d93c7ce510b6ffda1d8b	L1589763-R002,L1589764-R001,L1589765-R001
Deut	13	5	1Q4	1606609	PARTLY_RECONSTRUCTED	11	44	35	13	1	21	17	1	2	3	0	0	0	0	passage_status/DSS-Deuteronomy-Passage-Status.txt	18525	752	4276d6bde16d9a39a3cc55383b0e3f001de42a2848fc5ed403eed17361a446d4	L1589765-R002,L1589766-R001
Deut	13	6	1Q4	1606609	PARTLY_RECONSTRUCTED	50	141	130	100	2	28	107	3	0	1	0	0	0	0	passage_status/DSS-Deuteronomy-Passage-Status.txt	19277	772	b4ef657f6d53390df46af42483ddd45c8af14a615ed93be4a4ba3ac46519df64	L1589766-R002,L1589767-R001,L1589768-R001
Deut	13	8	1Q4	1606609	PARTLY_RECONSTRUCTED	15	56	49	43	2	4	48	2	1	2	0	0	0	0	passage_status/DSS-Deuteronomy-Passage-Status.txt	20049	741	cf76553793bb36aa6bf1793731ba3703ef1520081fc712b2453c5bd7eeb8fd7d	L1589769-R001
Deut	13	13	1Q4	1606609	PARTLY_RECONSTRUCTED	17	50	43	24	5	14	30	6	1	2	0	0	0	0	passage_status/DSS-Deuteronomy-Passage-Status.txt	20790	744	d3c7daaffe3f969f8d635545a91451fe347bc276b4eeedcb807dc4dbaf3d17b5	L1589770-R001
Deut	13	14	1Q4	1606609	PARTLY_RECONSTRUCTED	22	78	74	66	1	7	67	1	0	1	0	0	0	0	passage_status/DSS-Deuteronomy-Passage-Status.txt	21534	753	1ecbfd912c79768d4d83901e0b5ead25cd14f1d6823886493d6ab02de9e126e9	L1589770-R002,L1589771-R001
Deut	14	21	1Q4	1606609	PARTLY_RECONSTRUCTED	19	52	46	40	2	4	43	2	1	2	0	0	0	0	passage_status/DSS-Deuteronomy-Passage-Status.txt	22287	743	081da2436a510208c05ca783da7b350483e77b214c7fee302138feca134a0aeb	L1589772-R001
Deut	14	23	1Q4	1606609	PARTLY_RECONSTRUCTED	14	41	33	31	1	1	39	1	2	3	0	0	0	0	passage_status/DSS-Deuteronomy-Passage-Status.txt	23030	753	85548b9edc440bdae3092faba0229a5f7eb4533c104ee7dd0c005f2b45dda287	L1589773-R001,L1589774-R001
Deut	14	24	1Q4	1606609	PARTLY_RECONSTRUCTED	29	93	84	64	2	18	69	2	0	1	0	0	0	0	passage_status/DSS-Deuteronomy-Passage-Status.txt	23783	754	170af54dc08adac41a3f5a40f9f1e08fce9d1a34207f795ad096a1bf999d5250	L1589774-R002,L1589775-R001
Deut	14	25	1Q4	1606609	PARTLY_RECONSTRUCTED	21	58	53	38	2	13	39	2	0	1	0	0	0	0	passage_status/DSS-Deuteronomy-Passage-Status.txt	24537	738	7c2c4ca475f821f059d0f237d797ff185d1511804131dd4ae540de6c730fffae	L1589776-R001
Deut	14	26	1Q4	1606609	NO_LETTER_RECONSTRUCTION_MARKED	3	5	1	0	0	1	2	0	1	2	0	0	0	0	passage_status/DSS-Deuteronomy-Passage-Status.txt	25275	738	7cd71292282a7b440038fc0c113fb4bfe30a629b6f2bdd128993e1425eefe635	L1589777-R001
Deut	16	4	1Q4	1606609	PARTLY_RECONSTRUCTED	29	75	67	55	2	10	60	2	2	3	0	0	0	0	passage_status/DSS-Deuteronomy-Passage-Status.txt	26013	758	4a3b0b360fc4ed16b8b0f67adc7d627bb8c1a85200088df3516032dbbe05d987	L1589778-R001,L1589779-R001
Deut	16	6	1Q4	1606609	PARTLY_RECONSTRUCTED	29	82	76	70	2	4	74	2	0	1	0	0	0	0	passage_status/DSS-Deuteronomy-Passage-Status.txt	26771	757	32a111891e7bc8842409342918bbe52e1737c51e993d88e60e4225f98e6ff84a	L1589780-R001,L1589781-R001
Deut	16	7	1Q4	1606609	PARTLY_RECONSTRUCTED	14	43	39	28	2	9	30	2	0	1	0	0	0	0	passage_status/DSS-Deuteronomy-Passage-Status.txt	27528	741	38b84e874f9afc332e330492ec3c58f905a6e86a95bbe158cf2c111b893c9046	L1589781-R002
Deut	1	9	1Q5	1606610	PARTLY_RECONSTRUCTED	17	43	36	29	1	6	33	1	1	2	0	0	0	0	passage_status/DSS-Deuteronomy-Passage-Status.txt	28269	733	8d27e7067c23623acf81afb7cd0757ce2b3ea31c1ea0581ac63e91d289a50c41	L1589838-R001
Deut	1	10	1Q5	1606610	ALL_LETTER_SLOTS_RECONSTRUCTED	15	46	41	41	0	0	46	0	0	1	0	0	0	0	passage_status/DSS-Deuteronomy-Passage-Status.txt	29002	740	366d21e8dfbd229c172313bf1a17676ea184883574192652db16e2ab648ed993	L1589839-R001
Deut	1	11	1Q5	1606610	PARTLY_RECONSTRUCTED	16	59	52	44	0	8	50	0	0	1	0	0	0	0	passage_status/DSS-Deuteronomy-Passage-Status.txt	29742	746	ce513ccb560cc042fff81ba817cf068f040615efb8568e455972ed28f5efb90e	L1589839-R002,L1589840-R001
Deut	1	12	1Q5	1606610	ALL_LETTER_SLOTS_RECONSTRUCTED	10	34	28	28	0	0	34	0	0	1	0	0	0	0	passage_status/DSS-Deuteronomy-Passage-Status.txt	30488	756	54f3f8c02843ca6962bd78f3985ca3e351ea9bc7adf943a84abf09e3f92c3d08	L1589840-R002,L1589841-R001
Deut	1	13	1Q5	1606610	PARTLY_RECONSTRUCTED	9	31	28	26	1	1	27	1	0	1	0	0	0	0	passage_status/DSS-Deuteronomy-Passage-Status.txt	31244	734	3591cd285ff28070ef53c1b553c939ca028b0669e867e31da48921adfce26ee3	L1589841-R002
Deut	8	8	1Q5	1606610	PARTLY_RECONSTRUCTED	16	40	38	35	0	3	37	0	0	1	0	0	0	0	passage_status/DSS-Deuteronomy-Passage-Status.txt	31978	728	40d686573c6c06a7ceeb1ca6443e5658d0985d37f0e4ad353e20fbb0507fc255	L1589842-R001
Deut	8	9	1Q5	1606610	PARTLY_RECONSTRUCTED	22	69	63	57	0	6	61	0	0	1	0	0	0	0	passage_status/DSS-Deuteronomy-Passage-Status.txt	32706	744	7f158b808bd2f1fd952963cb46d5c7064ec5860b8b01f78a7eabc54906f5f5e9	L1589842-R002,L1589843-R001
Deut	9	10	1Q5	1606610	PARTLY_RECONSTRUCTED	26	78	73	65	2	6	68	2	0	1	0	0	0	0	passage_status/DSS-Deuteronomy-Passage-Status.txt	33450	735	2a5c6926ea254e8ec4b28ff3aeb16d0a99dd8747412bac19fccbed113dad48d5	L1589844-R001
Deut	11	30	1Q5	1606610	PARTLY_RECONSTRUCTED	28	72	68	60	1	7	64	1	1	2	0	0	0	0	passage_status/DSS-Deuteronomy-Passage-Status.txt	34185	753	bf45ed0895506e1a602410f0126c3c6a5697f1e862aff0a98a73b4aac0f25f07	L1589845-R001,L1589846-R001
Deut	11	31	1Q5	1606610	PARTLY_RECONSTRUCTED	19	53	49	47	0	2	49	0	0	1	0	0	0	0	passage_status/DSS-Deuteronomy-Passage-Status.txt	34938	748	8e747900ebe54a6ed2859ec278c4b308efadb36e1f36b86aa2d049636cac21dc	L1589846-R002,L1589847-R001
Deut	15	14	1Q5	1606610	PARTLY_RECONSTRUCTED	16	49	40	30	3	7	35	3	0	1	0	0	0	0	passage_status/DSS-Deuteronomy-Passage-Status.txt	35686	743	f181995a376e5b93de1b141b1be74c61952ad7c7736e3b3fbf5c1a8c6d23d3ed	L1589848-R001
Deut	15	15	1Q5	1606610	PARTLY_RECONSTRUCTED	26	72	67	56	4	7	58	4	0	1	0	0	0	0	passage_status/DSS-Deuteronomy-Passage-Status.txt	36429	771	2a466baa5cdc050b1ca4d7a5ca9d362b02999bc849046e809f2ba9c293dee9fb	L1589848-R002,L1589849-R001
Deut	17	16	1Q5	1606610	PARTLY_RECONSTRUCTED	21	60	55	48	1	6	50	1	0	1	0	0	0	0	passage_status/DSS-Deuteronomy-Passage-Status.txt	37200	737	f5090412dbecff3916cd2e5db5680f910ae63e46f9d77d450bbbc990fe3f126e	L1589850-R001
Deut	17	17	1Q5	1606610	NO_LETTER_RECONSTRUCTION_MARKED	4	7	1	0	0	1	4	0	2	3	0	0	0	0	passage_status/DSS-Deuteronomy-Passage-Status.txt	37937	738	4f5e7b2fd46d0e80728607562597961f0a545f28c60913d807f09d4f1120689b	L1589851-R001
Deut	21	8	1Q5	1606610	PARTLY_RECONSTRUCTED	23	64	57	40	5	12	43	5	1	2	0	0	0	0	passage_status/DSS-Deuteronomy-Passage-Status.txt	38675	758	219beb5227ae655be0efed6a829fbbc53ff2f7d0b740f500b3559f6f1dca5558	L1589852-R001,L1589853-R001
Deut	21	9	1Q5	1606610	PARTLY_RECONSTRUCTED	18	44	39	29	1	9	34	1	1	2	0	0	0	0	passage_status/DSS-Deuteronomy-Passage-Status.txt	39433	751	e35b1e7298fb4aba27f191d8543216ef90737c929413127a458950aa39763e07	L1589853-R002,L1589854-R001
Deut	21	10	1Q5	1606610	NO_LETTER_RECONSTRUCTION_MARKED	4	7	1	0	0	1	4	0	2	3	0	0	0	0	passage_status/DSS-Deuteronomy-Passage-Status.txt	40184	738	ad1b56a448f4e585e9ab149a661b8ad3169af8e244d52991e7d8d6130bf80594	L1589855-R001
Deut	24	5	1Q5	1606610	PARTLY_RECONSTRUCTED	18	46	41	37	0	4	40	0	1	2	0	0	0	0	passage_status/DSS-Deuteronomy-Passage-Status.txt	40922	730	1466ba3abb8673d15e71a42a46df78874e8d727eca1e9a20b27b9e59c40e2dff	L1589858-R001
Deut	24	10	1Q5	1606610	PARTLY_RECONSTRUCTED	10	32	28	26	2	0	30	2	0	1	0	0	0	0	passage_status/DSS-Deuteronomy-Passage-Status.txt	41652	737	c769a086d939b6b30525077dfe1961e6e5b1c13f801963872f110bd06a9d0f16	L1589859-R001
Deut	24	11	1Q5	1606610	PARTLY_RECONSTRUCTED	18	49	44	39	0	5	44	0	0	1	0	0	0	0	passage_status/DSS-Deuteronomy-Passage-Status.txt	42389	748	58f39f74f977c1c6c71abf90ddacb54779806963662c11dd62c3df305dde253b	L1589859-R002,L1589860-R001
Deut	24	12	1Q5	1606610	ALL_LETTER_SLOTS_RECONSTRUCTED	10	26	23	23	0	0	26	0	0	1	0	0	0	0	passage_status/DSS-Deuteronomy-Passage-Status.txt	43137	742	46c125e80c93d05e1a544af1c78b6c6dadc3816c34d82dfab0ca6780679fad9f	L1589860-R002
Deut	24	13	1Q5	1606610	PARTLY_RECONSTRUCTED	25	69	62	48	1	13	55	1	0	1	0	0	0	0	passage_status/DSS-Deuteronomy-Passage-Status.txt	43879	754	3022cddc89e6064ceb8a855770d3d35a1ad88f280ab8079753291584380e8db5	L1589860-R003,L1589861-R001
Deut	24	14	1Q5	1606610	PARTLY_RECONSTRUCTED	17	49	43	22	1	20	28	1	0	1	0	0	0	0	passage_status/DSS-Deuteronomy-Passage-Status.txt	44633	738	4a1bb45eddf1fa64413ffd3493646204e1964eb1b00ecefb9494847375a8cd6e	L1589862-R001
Deut	24	15	1Q5	1606610	PARTLY_RECONSTRUCTED	30	87	78	58	0	20	64	0	0	1	0	0	0	0	passage_status/DSS-Deuteronomy-Passage-Status.txt	45371	765	73f5073be2ea07cd68c985fb56a8bc6f9a7bdd95208258bc9f7b0df169bb8d67	L1589862-R002,L1589863-R001,L1589864-R001
Deut	24	16	1Q5	1606610	PARTLY_RECONSTRUCTED	16	50	47	39	1	7	40	1	0	1	0	0	0	0	passage_status/DSS-Deuteronomy-Passage-Status.txt	46136	737	c767155294e8a0b4c8c47eceb7dfeebb0a8783dc262b0bdee93114aa7cba464d	L1589864-R002
Deut	25	13	1Q5	1606610	PARTLY_RECONSTRUCTED	12	34	30	27	0	3	31	0	0	1	0	0	0	0	passage_status/DSS-Deuteronomy-Passage-Status.txt	46873	732	3fa492e5a59fe099815e7fc5e3d2bd594c904e03d71e299e73df022627359b7e	L1589865-R001
Deut	25	14	1Q5	1606610	ALL_LETTER_SLOTS_RECONSTRUCTED	12	36	32	32	0	0	34	0	0	1	0	0	0	0	passage_status/DSS-Deuteronomy-Passage-Status.txt	47605	742	7691a783bc8550910c3a7f64cb2143b588f0e176ae02f7eca6806ad36dca2bd3	L1589865-R002
Deut	25	15	1Q5	1606610	PARTLY_RECONSTRUCTED	24	80	73	68	0	5	75	0	0	1	0	0	0	0	passage_status/DSS-Deuteronomy-Passage-Status.txt	48347	748	a5ceccf32214a7980a38b47b846b744ca6fe7bd035f35d04bc9a4a89eea97c34	L1589866-R001,L1589867-R001
Deut	25	16	1Q5	1606610	PARTLY_RECONSTRUCTED	11	35	32	26	1	5	28	1	0	1	0	0	0	0	passage_status/DSS-Deuteronomy-Passage-Status.txt	49095	737	3a482442c20eb0294c2d84ad0326168f139f2d36074d107c8b871db16cf310b2	L1589867-R002
Deut	25	17	1Q5	1606610	ALL_LETTER_SLOTS_RECONSTRUCTED	13	38	34	34	0	0	38	0	0	1	0	0	0	0	passage_status/DSS-Deuteronomy-Passage-Status.txt	49832	758	8d253910a00f3f00fea8950618b4ab731925d0fd6d41bf693771e928e0dbdf79	L1589867-R003,L1589868-R001
Deut	25	18	1Q5	1606610	PARTLY_RECONSTRUCTED	21	58	53	49	3	1	51	3	0	1	0	0	0	0	passage_status/DSS-Deuteronomy-Passage-Status.txt	50590	743	9fb37b9d90fab603cac4034429f5da447dbc7280ecfb60a69e87533b66a35c99	L1589868-R002
Deut	28	44	1Q5	1606610	PARTLY_RECONSTRUCTED	16	45	41	37	2	2	41	2	0	1	0	0	0	0	passage_status/DSS-Deuteronomy-Passage-Status.txt	51333	737	c42a1e559d37d72376f5ff49c413a553fa5e9eec7832772c2ab9c214f4e2af78	L1589869-R001
Deut	28	45	1Q5	1606610	PARTLY_RECONSTRUCTED	29	93	83	72	4	7	81	4	0	1	0	0	0	0	passage_status/DSS-Deuteronomy-Passage-Status.txt	52070	753	561e2c28c9615ccde96bc2ce6da15c650e25c2a1161422c176726317508bde9a	L1589869-R002,L1589870-R001
Deut	28	46	1Q5	1606610	PARTLY_RECONSTRUCTED	14	32	28	27	0	1	29	0	0	1	0	0	0	0	passage_status/DSS-Deuteronomy-Passage-Status.txt	52823	748	31049f08abab56a594698af7dcf6f9792ae2d2245e32cce8bf6dd5a22c138853	L1589870-R002,L1589871-R001
Deut	28	47	1Q5	1606610	PARTLY_RECONSTRUCTED	17	44	41	33	0	8	34	0	0	1	0	0	0	0	passage_status/DSS-Deuteronomy-Passage-Status.txt	53571	732	e18144579971ef96e6e25459c61069a6fb4289b9dcac01003fee68b063bef284	L1589871-R002
Deut	28	48	1Q5	1606610	PARTLY_RECONSTRUCTED	30	85	77	66	1	10	71	1	0	1	0	0	0	0	passage_status/DSS-Deuteronomy-Passage-Status.txt	54303	738	469c30dcd4c9ff0261ea1541cddfe35b6e97c7625d9603ec969399b7ba16c978	L1589872-R001
Deut	29	9	1Q5	1606610	PARTLY_RECONSTRUCTED	19	75	65	58	3	5	66	3	1	2	0	0	0	0	passage_status/DSS-Deuteronomy-Passage-Status.txt	55041	763	ed5e477b72797341b238a43b52b32c1eb8f8f01bf9ac7085e505d95918481a96	L1589873-R001,L1589874-R001
Deut	29	10	1Q5	1606610	PARTLY_RECONSTRUCTED	16	52	44	38	1	5	45	1	0	1	0	0	0	0	passage_status/DSS-Deuteronomy-Passage-Status.txt	55804	753	62f05beddfab8754688f767e8718ac9f29f0eb0b099336949ed9fcc277943a9b	L1589874-R002,L1589875-R001
Deut	29	11	1Q5	1606610	PARTLY_RECONSTRUCTED	17	54	47	44	0	3	48	0	0	1	0	0	0	0	passage_status/DSS-Deuteronomy-Passage-Status.txt	56557	732	16767437dd6f76af6fd73af46993a745b3601d1d2927db0a25434b1822ea9bf6	L1589875-R002
Deut	29	12	1Q5	1606610	PARTLY_RECONSTRUCTED	16	41	37	35	2	0	37	2	0	1	0	0	0	0	passage_status/DSS-Deuteronomy-Passage-Status.txt	57289	743	8d54511593ff604e39d1acfa96ae740b7c1fddb9bc226e924a38ee779cd11543	L1589876-R001
Deut	29	13	1Q5	1606610	PARTLY_RECONSTRUCTED	19	45	41	26	1	14	29	1	0	1	0	0	0	0	passage_status/DSS-Deuteronomy-Passage-Status.txt	58032	754	81653d0f3130df3e0d434ac94c748dbdbc9fdec33aec749c3c1570e7f37f6b4f	L1589876-R002,L1589877-R001
Deut	29	14	1Q5	1606610	PARTLY_RECONSTRUCTED	21	64	57	31	0	26	36	0	0	1	0	0	0	0	passage_status/DSS-Deuteronomy-Passage-Status.txt	58786	749	56363acb1826d5856e3f7903fe8d683ae81244470fcf68b277e416c4c23def66	L1589877-R002,L1589878-R001
Deut	29	15	1Q5	1606610	PARTLY_RECONSTRUCTED	20	59	57	32	0	25	34	0	0	1	0	0	0	0	passage_status/DSS-Deuteronomy-Passage-Status.txt	59535	749	47d553eb05499650d1a5a72288fb6452bac60731720c6f9b7b5090987a0ca36a	L1589878-R002,L1589879-R001
Deut	29	16	1Q5	1606610	PARTLY_RECONSTRUCTED	16	49	44	15	2	27	19	2	0	1	0	0	0	0	passage_status/DSS-Deuteronomy-Passage-Status.txt	60284	754	579f9656bc6843938c97c2431aa420197e4aa72109af9184cd16cc631455509b	L1589879-R002,L1589880-R001
Deut	29	17	1Q5	1606610	PARTLY_RECONSTRUCTED	38	103	97	53	2	42	55	2	0	1	0	0	0	0	passage_status/DSS-Deuteronomy-Passage-Status.txt	61038	755	39bb0b2428c997027a163d69bdc3e9a97c71fb142a07b1211785bdcd41c15747	L1589880-R002,L1589881-R001
Deut	29	18	1Q5	1606610	PARTLY_RECONSTRUCTED	32	86	73	47	0	26	56	2	2	4	0	0	0	0	passage_status/DSS-Deuteronomy-Passage-Status.txt	61793	765	062d633dc5c2875f401776d4b52c64278a215869f3f7ea9bf698c4d7cfc06b66	L1589881-R002,L1589882-R001,L1589883-R001
Deut	29	19	1Q5	1606610	PARTLY_RECONSTRUCTED	38	97	91	85	0	6	90	0	0	1	0	0	0	0	passage_status/DSS-Deuteronomy-Passage-Status.txt	62558	748	898d62dca0abd24afd7f87fe9683e09de7fd6fadc7840184f7ed2cb7a8e6269a	L1589883-R002,L1589884-R001
Deut	29	20	1Q5	1606610	PARTLY_RECONSTRUCTED	23	60	57	46	2	9	46	2	0	1	0	0	0	0	passage_status/DSS-Deuteronomy-Passage-Status.txt	63306	753	1ccfe0b80f1950a2dc13670c77dd8e40323ae4e0a6a62c5a59c88b88921b81c7	L1589884-R002,L1589885-R001
Deut	30	19	1Q5	1606610	PARTLY_RECONSTRUCTED	10	29	26	25	1	0	28	1	0	1	0	0	0	0	passage_status/DSS-Deuteronomy-Passage-Status.txt	64059	737	06cb1a226ec581875432adec8fd25dff28c758a41fb585dadbbaac1dabc7772f	L1589886-R001
Deut	30	20	1Q5	1606610	PARTLY_RECONSTRUCTED	40	111	100	73	1	26	81	1	0	1	0	0	0	0	passage_status/DSS-Deuteronomy-Passage-Status.txt	64796	772	e4955d506e4c02ddbc6fdff56b5d5a4c021ffffce9316d4f212ffd3528840450	L1589886-R002,L1589887-R001,L1589888-R001
Deut	31	1	1Q5	1606610	PARTLY_RECONSTRUCTED	15	36	34	17	0	17	19	0	0	1	0	0	0	0	passage_status/DSS-Deuteronomy-Passage-Status.txt	65568	731	7a43dd6b1a8b495c96e27c1f6e3e00d5d1f28cdba0f46f11672505d8859e14d9	L1589889-R001
Deut	31	2	1Q5	1606610	PARTLY_RECONSTRUCTED	31	80	76	58	0	18	62	0	0	1	0	0	0	0	passage_status/DSS-Deuteronomy-Passage-Status.txt	66299	747	6a469785e67b246592a6c292120d51b9f5756ea6109d3a800f5f4072b71903bc	L1589889-R002,L1589890-R001
Deut	31	3	1Q5	1606610	PARTLY_RECONSTRUCTED	28	86	79	51	1	27	55	1	0	1	0	0	0	0	passage_status/DSS-Deuteronomy-Passage-Status.txt	67046	768	045f9353e45ed622926a6c1f11b2dd1e40cd49691da70428b82848ccd49f1882	L1589890-R002,L1589891-R001,L1589892-R001
Deut	31	4	1Q5	1606610	PARTLY_RECONSTRUCTED	22	60	55	51	1	3	54	1	0	1	0	0	0	0	passage_status/DSS-Deuteronomy-Passage-Status.txt	67814	735	0df72ff3340841d7648f5afed42905f43b7cd1f2b044f0d977d2a27819978f9b	L1589892-R002
Deut	31	5	1Q5	1606610	PARTLY_RECONSTRUCTED	16	49	43	29	0	14	33	0	0	1	0	0	0	0	passage_status/DSS-Deuteronomy-Passage-Status.txt	68549	731	29d3b9a82e5b98742bd2525defc530c38a3ac0f06fefabe827e03016a97c6855	L1589893-R001
Deut	31	6	1Q5	1606610	PARTLY_RECONSTRUCTED	23	72	65	60	1	4	65	1	0	1	0	0	0	0	passage_status/DSS-Deuteronomy-Passage-Status.txt	69280	751	7cbea5f8a7eba806a87a231405d352a2e3360fbc9995e9e9a82647d14b5f9c3d	L1589893-R002,L1589894-R001
Deut	31	7	1Q5	1606610	PARTLY_RECONSTRUCTED	22	61	55	51	1	3	55	1	0	1	0	0	0	0	passage_status/DSS-Deuteronomy-Passage-Status.txt	70031	735	2297fa1bbbdbdf40afe954c95f40b2d3efb7a252567e0525f5d07acef76e6703	L1589895-R001
Deut	31	8	1Q5	1606610	PARTLY_RECONSTRUCTED	21	59	53	48	1	4	53	1	0	1	0	0	0	0	passage_status/DSS-Deuteronomy-Passage-Status.txt	70766	735	b1a812184ef74d4f251ce91a786b196890ef99f5492ed48bba90218f26ffff11	L1589896-R001
Deut	31	9	1Q5	1606610	PARTLY_RECONSTRUCTED	27	75	72	63	1	8	66	1	0	1	0	0	0	0	passage_status/DSS-Deuteronomy-Passage-Status.txt	71501	767	ef4d2afe6355e2a5d5c305276fc542987080f91c4428698b836c6a622d42de84	L1589896-R002,L1589897-R001,L1589898-R001
Deut	31	10	1Q5	1606610	PARTLY_RECONSTRUCTED	20	48	45	43	1	1	44	1	0	1	0	0	0	0	passage_status/DSS-Deuteronomy-Passage-Status.txt	72268	737	a10b0be894886ac406d2c67f57932e1a4aaf9a9a6b1b649c161460fbbea9eba3	L1589898-R002
Deut	31	12	1Q5	1606610	PARTLY_RECONSTRUCTED	40	108	101	88	1	12	95	1	1	2	0	0	0	0	passage_status/DSS-Deuteronomy-Passage-Status.txt	73005	756	689d93a838d459733303678ce5eb7bcef4bf5ce715a734df5ad6ab00fdf7843d	L1589899-R001,L1589900-R001
Deut	31	13	1Q5	1606610	PARTLY_RECONSTRUCTED	26	82	77	68	2	7	70	2	0	1	0	0	0	0	passage_status/DSS-Deuteronomy-Passage-Status.txt	73761	753	9ea46a8ec7c8eb8a8578648cc286dadf95200fb1dcad6a8af307e319f9dd0d92	L1589900-R002,L1589901-R001
Deut	32	17	1Q5	1606610	NO_LETTER_RECONSTRUCTION_MARKED	4	14	6	0	0	6	3	2	1	3	0	0	0	0	passage_status/DSS-Deuteronomy-Passage-Status.txt	74514	739	8f71b1c5015f82e9bd250b3026d1e67bdc40d48af5fc5f39e1551d554a18479b	L1589902-R001
Deut	32	18	1Q5	1606610	NO_LETTER_SLOTS	2	4	0	0	0	0	4	0	1	2	0	0	0	0	passage_status/DSS-Deuteronomy-Passage-Status.txt	75253	722	1618311a47484103774988b65899a8e61ff21b44600e8e9015ecfbb5b3d400ca	L1589903-R001
Deut	32	19	1Q5	1606610	PARTLY_RECONSTRUCTED	11	32	28	16	1	11	16	1	0	1	0	0	0	0	passage_status/DSS-Deuteronomy-Passage-Status.txt	75975	738	e942528aec17f2fc8c6b7d33b0b390bf8ba2c617294ea25ffe9f8224feba42bb	L1589903-R002
Deut	32	20	1Q5	1606610	PARTLY_RECONSTRUCTED	17	59	53	45	1	7	48	1	0	1	0	0	0	0	passage_status/DSS-Deuteronomy-Passage-Status.txt	76713	737	0dd4ad0950bb0070139b08f18e214d8dfc1a4eebed29ed81e0c6b4fc91e87b25	L1589904-R001
Deut	32	21	1Q5	1606610	PARTLY_RECONSTRUCTED	19	61	54	51	0	3	58	0	0	1	0	0	0	0	passage_status/DSS-Deuteronomy-Passage-Status.txt	77450	732	68abcc92b63c7bfac3fc3238e1e8faf5bd0601e54bc13067ff6659343f9dbe83	L1589905-R001
Deut	32	22	1Q5	1606610	PARTLY_RECONSTRUCTED	20	59	55	50	3	2	52	3	0	1	0	0	0	0	passage_status/DSS-Deuteronomy-Passage-Status.txt	78182	743	99f5325a714ea362baefc05bbd361f51f97e333f9fa41024a97a5249563f7cf0	L1589906-R001
Deut	32	23	1Q5	1606610	ALL_LETTER_SLOTS_RECONSTRUCTED	7	27	22	22	0	0	27	0	0	1	0	0	0	0	passage_status/DSS-Deuteronomy-Passage-Status.txt	78925	741	a8da2f83b6ca58da6de560bbab869121f97367bef8de246ea3190dfaf2cc7656	L1589907-R001
Deut	32	24	1Q5	1606610	PARTLY_RECONSTRUCTED	17	48	40	32	1	7	37	3	1	3	0	0	0	0	passage_status/DSS-Deuteronomy-Passage-Status.txt	79666	753	e319e6f3f30568c3f4e60b7e97f691686725e9c2eeb606112685b4aca2fd960e	L1589907-R002,L1589908-R001
Deut	32	25	1Q5	1606610	PARTLY_RECONSTRUCTED	17	50	48	35	2	11	37	2	0	1	0	0	0	0	passage_status/DSS-Deuteronomy-Passage-Status.txt	80419	760	c7a6b219feb9c80b02d366b953cb0e33b21c217ca629d0c331b829c28f96861e	L1589908-R002,L1589909-R001
Deut	32	26	1Q5	1606610	PARTLY_RECONSTRUCTED	7	29	25	20	1	4	24	1	0	1	0	0	0	0	passage_status/DSS-Deuteronomy-Passage-Status.txt	81179	736	a7302e3cc82d199789170267bdb4835c142f3cba4b3219f278307340ed004f74	L1589909-R002
Deut	32	27	1Q5	1606610	PARTLY_RECONSTRUCTED	18	61	57	51	3	3	55	3	0	1	0	0	0	0	passage_status/DSS-Deuteronomy-Passage-Status.txt	81915	743	2c2f0e59722175486fde3553038ade252acd3689cc920bc32ced80f87a63a885	L1589910-R001
Deut	32	28	1Q5	1606610	ALL_LETTER_SLOTS_RECONSTRUCTED	10	30	27	27	0	0	30	0	0	1	0	0	0	0	passage_status/DSS-Deuteronomy-Passage-Status.txt	82658	742	010179ba54ebb5ce39eefd1bf8b587219871d6ed5b552c4467ab1fa432e60a18	L1589911-R001
Deut	32	29	1Q5	1606610	PARTLY_RECONSTRUCTED	8	30	27	24	1	2	25	1	0	1	0	0	0	0	passage_status/DSS-Deuteronomy-Passage-Status.txt	83400	736	ca86baa4f8ada3884b8c6f999df112c0bdf925ee82bc9cce96d39ba36e59efab	L1589911-R002
Deut	33	12	1Q5	1606610	PARTLY_RECONSTRUCTED	19	60	55	51	0	4	54	0	0	1	0	0	0	0	passage_status/DSS-Deuteronomy-Passage-Status.txt	84136	732	394f0874dcbe1b03a477ade6af4d9a4b43baa2f8de91d27a405d150e45fc112b	L1589912-R001
Deut	33	13	1Q5	1606610	PARTLY_RECONSTRUCTED	18	49	46	33	4	9	35	4	0	1	0	0	0	0	passage_status/DSS-Deuteronomy-Passage-Status.txt	84868	743	4d0fd8785b7b73f17cb49705cf6cd06ec5f5b50efd43ba45b901368d40d48736	L1589913-R001
Deut	33	14	1Q5	1606610	PARTLY_RECONSTRUCTED	11	28	26	23	0	3	23	0	0	1	0	0	0	0	passage_status/DSS-Deuteronomy-Passage-Status.txt	85611	748	1985566d7aff3c9632b25c8bcb4242b644ada6490a8bc91beac1ffc9431d832c	L1589913-R002,L1589914-R001
Deut	33	16	1Q5	1606610	PARTLY_RECONSTRUCTED	20	57	53	43	0	10	47	0	0	1	0	0	0	0	passage_status/DSS-Deuteronomy-Passage-Status.txt	86359	749	d17ee3658b24e33740c1199b43edd1e8308f999cb49a9943c6ff3021792218cb	L1589914-R002,L1589915-R001
Deut	33	17	1Q5	1606610	PARTLY_RECONSTRUCTED	13	45	40	29	4	7	31	4	0	1	0	0	0	0	passage_status/DSS-Deuteronomy-Passage-Status.txt	87108	743	c68e07a3c1fbcc00e6be5c61b09513452f5f1bc9a161f7f062b67395340224c9	L1589915-R002
Deut	33	18	1Q5	1606610	PARTLY_RECONSTRUCTED	14	41	35	27	1	7	33	1	1	2	0	0	0	0	passage_status/DSS-Deuteronomy-Passage-Status.txt	87851	737	65d5219ae1b5b604df27a98d4caf5e6d3a3b40d27675dda399a79ca632ba78f5	L1589916-R001
Deut	33	19	1Q5	1606610	PARTLY_RECONSTRUCTED	16	55	53	49	1	3	49	1	0	1	0	0	0	0	passage_status/DSS-Deuteronomy-Passage-Status.txt	88588	753	edc84a048266922e2b4b342ac2226982f20d87a735a6eaccfdcc10c7cabf7703	L1589916-R002,L1589917-R001
Deut	33	21	1Q5	1606610	PARTLY_RECONSTRUCTED	8	28	25	20	0	5	21	0	0	1	0	0	0	0	passage_status/DSS-Deuteronomy-Passage-Status.txt	89341	731	8ce75596458ebd8c966eefd3ee1e16a24d0417d34c47d19b74bc6cf16ad0dd57	L1589918-R001
Deut	33	22	1Q5	1606610	PARTLY_RECONSTRUCTED	12	28	26	24	1	1	24	1	0	1	0	0	0	0	passage_status/DSS-Deuteronomy-Passage-Status.txt	90072	737	61ad484e09f23902b1dafef05532dc72cf4014b4ddcb61a9df08c282d8cf354c	L1589918-R002
Deut	33	23	1Q5	1606610	PARTLY_RECONSTRUCTED	16	48	45	39	1	5	40	1	0	1	0	0	0	0	passage_status/DSS-Deuteronomy-Passage-Status.txt	90809	737	209192647ce47475712862bf45f9bc9447e82204d66742b827532e24cb08f6b5	L1589919-R001
Deut	33	24	1Q5	1606610	PARTLY_RECONSTRUCTED	18	49	43	39	0	4	42	0	1	2	0	0	0	0	passage_status/DSS-Deuteronomy-Passage-Status.txt	91546	732	aaac9b928d454c62ee34af00e809997c91d29ee6028f10ab032352a1b79c93d1	L1589920-R001
Deut	5	1	1Q13	1606619	PARTLY_RECONSTRUCTED	33	99	93	61	0	32	67	0	0	1	0	0	0	0	passage_status/DSS-Deuteronomy-Passage-Status.txt	92278	779	148941a43789600993588d7b7673449a95b336e3dea6ceaffe01e4972cef73df	L1592306-R001,L1592307-R001,L1592308-R001,L1592309-R001
Deut	5	2	1Q13	1606619	PARTLY_RECONSTRUCTED	8	29	25	15	0	10	16	0	0	1	0	0	0	0	passage_status/DSS-Deuteronomy-Passage-Status.txt	93057	746	93e0e5173a57ef98544cd0003091401cd67fe3fae33614954b3acdc93350c7bb	L1592309-R002,L1592310-R001
Deut	5	3	1Q13	1606619	PARTLY_RECONSTRUCTED	21	62	57	39	0	18	43	0	0	1	0	0	0	0	passage_status/DSS-Deuteronomy-Passage-Status.txt	93803	747	6720102d1887da547100e441b2221bd68fd618f1929a0a8a73d127b95355b407	L1592310-R002,L1592311-R001
Deut	5	4	1Q13	1606619	PARTLY_RECONSTRUCTED	13	33	30	8	0	22	11	0	0	1	0	0	0	0	passage_status/DSS-Deuteronomy-Passage-Status.txt	94550	730	e52203eb238c8a012c966f6b34290aee1e4613a694b309feb70bb554d7196d0b	L1592311-R002
Deut	5	5	1Q13	1606619	PARTLY_RECONSTRUCTED	30	78	74	41	0	33	43	0	0	1	0	0	0	0	passage_status/DSS-Deuteronomy-Passage-Status.txt	95280	747	65e1a5c0c46a46d8a281b736655f7e10c90e3b84bb8b744b92cd9480a3e03c14	L1592311-R003,L1592312-R001
Deut	5	6	1Q13	1606619	PARTLY_RECONSTRUCTED	12	45	41	33	0	8	35	0	0	1	0	0	0	0	passage_status/DSS-Deuteronomy-Passage-Status.txt	96027	746	687931889ebb592dcd51485a36d8e0d750b26f66329fddf77c93ae68b81b37f6	L1592312-R002,L1592313-R001
Deut	5	7	1Q13	1606619	PARTLY_RECONSTRUCTED	9	29	25	7	0	18	9	0	0	1	0	0	0	0	passage_status/DSS-Deuteronomy-Passage-Status.txt	96773	728	aee11263c50f73a8d0a9c845dd554ef3321458fcdf024977e8c8e476ce091977	L1592313-R002
Deut	5	8	1Q13	1606619	PARTLY_RECONSTRUCTED	26	61	58	41	0	17	43	0	0	1	0	0	0	0	passage_status/DSS-Deuteronomy-Passage-Status.txt	97501	747	48486056c67fe4a725bc4282ddea8e63e1e68ce5d7f277d8008b954ef67a6fd8	L1592313-R003,L1592314-R001
Deut	5	9	1Q13	1606619	PARTLY_RECONSTRUCTED	26	84	78	44	0	34	48	0	0	1	0	0	0	0	passage_status/DSS-Deuteronomy-Passage-Status.txt	98248	747	b4e861283a9e4bf55b4043a12c23a79614278202a71d4b2f33219946f7fe5433	L1592314-R002,L1592315-R001
Deut	5	10	1Q13	1606619	ALL_LETTER_SLOTS_RECONSTRUCTED	11	35	31	31	0	0	35	0	0	1	0	0	0	0	passage_status/DSS-Deuteronomy-Passage-Status.txt	98995	742	bd755e8d7b7d3dbe778cb2e19a1e9ce1d5b8552ee9f9f052ae3cea889295a934	L1592315-R002
Deut	5	11	1Q13	1606619	PARTLY_RECONSTRUCTED	20	55	51	35	0	16	38	0	0	1	0	0	0	0	passage_status/DSS-Deuteronomy-Passage-Status.txt	99737	749	d7611fa954e4d93926cee18749c9e92155f3a55db6c43e56a4bba40a0f1706b8	L1592315-R003,L1592316-R001
Deut	5	12	1Q13	1606619	ALL_LETTER_SLOTS_RECONSTRUCTED	13	39	34	34	0	0	39	0	0	1	0	0	0	0	passage_status/DSS-Deuteronomy-Passage-Status.txt	100486	742	f6736efd04f34336bc872b640f9db3730cf9c85619478950cd405c2eb9040463	L1592316-R002
Deut	5	13	1Q13	1606619	PARTLY_RECONSTRUCTED	8	27	24	16	0	8	16	0	0	1	0	0	0	0	passage_status/DSS-Deuteronomy-Passage-Status.txt	101228	731	5a644ca25ec4df9329b0d00043b983c45d269d4314d008352766000fc64bcb72	L1592316-R003
Deut	5	14	1Q13	1606619	PARTLY_RECONSTRUCTED	41	126	111	79	0	32	90	0	0	1	0	0	0	0	passage_status/DSS-Deuteronomy-Passage-Status.txt	101959	751	054a57af7eac494570ec8dc0fbc2627812876919475f9ad532c5cf903e9d0e9a	L1592316-R004,L1592317-R001
Deut	5	15	1Q13	1606619	PARTLY_RECONSTRUCTED	33	96	90	71	0	19	76	0	0	1	0	0	0	0	passage_status/DSS-Deuteronomy-Passage-Status.txt	102710	749	2f7f6c1bfd9c8991edfa78d2ad215d7732e1facb38403d1ecbe57a2677956963	L1592317-R002,L1592318-R001
Deut	5	16	1Q13	1606619	PARTLY_RECONSTRUCTED	27	93	82	58	0	22	63	0	0	1	0	3	0	0	passage_status/DSS-Deuteronomy-Passage-Status.txt	103459	754	d50fcd80d17b4f018cc49f91a086b6226570afc87e2abf22650b59c01f633814	L1592318-R002,L1592319-R001
Deut	5	17	1Q13	1606619	NO_LETTER_RECONSTRUCTION_MARKED	3	8	6	0	0	6	2	0	0	1	0	0	0	0	passage_status/DSS-Deuteronomy-Passage-Status.txt	104213	738	f42174d9df8c0bf5c3789a336d329f75a114993f8952e71e8599a266325c943b	L1592319-R002
Deut	5	18	1Q13	1606619	ALL_LETTER_SLOTS_RECONSTRUCTED	4	9	7	7	0	0	9	0	0	1	0	0	0	0	passage_status/DSS-Deuteronomy-Passage-Status.txt	104951	737	5308867684feb851bd0b998b74371e1de16b1f844999f282b119b5c558fb0223	L1592319-R003
Deut	5	19	1Q13	1606619	ALL_LETTER_SLOTS_RECONSTRUCTED	4	10	8	8	0	0	10	0	0	1	0	0	0	0	passage_status/DSS-Deuteronomy-Passage-Status.txt	105688	739	26a99fbb08dee9585d0b07c224511f11cddf151d80336e6998b9a04ddac512ff	L1592319-R004
Deut	5	20	1Q13	1606619	ALL_LETTER_SLOTS_RECONSTRUCTED	8	20	17	17	0	0	20	0	0	1	0	0	0	0	passage_status/DSS-Deuteronomy-Passage-Status.txt	106427	741	338f91ac04d4196aae16fb5cc3dd9d1cf0ea5cab59eea19609686c0719834be4	L1592319-R005
Deut	5	21	1Q13	1606619	PARTLY_RECONSTRUCTED	24	75	65	54	0	11	63	0	0	1	0	0	0	0	passage_status/DSS-Deuteronomy-Passage-Status.txt	107168	749	9c72209c4dc97de4966b35d9f0fc0a848b8a6df7901d6284e98cf45669b6c04b	L1592319-R006,L1592320-R001
Deut	5	22	1Q13	1606619	PARTLY_RECONSTRUCTED	7	16	12	6	0	6	8	0	1	2	0	0	0	0	passage_status/DSS-Deuteronomy-Passage-Status.txt	107917	729	1997dd4c4f5243db3d4393d105417bb2639d781a60d083a0ee4f9e45aff9ef47	L1592320-R002
Deut	5	23	1Q13	1606619	PARTLY_RECONSTRUCTED	26	70	63	59	1	3	65	1	0	1	0	0	0	0	passage_status/DSS-Deuteronomy-Passage-Status.txt	108646	737	6c2815fb4e2b4c5a695159d0e4d80f0223c223d5b2d9bab3b103bac4192abc77	L1592321-R001
Deut	5	24	1Q13	1606619	PARTLY_RECONSTRUCTED	33	93	86	78	1	7	85	1	0	1	0	0	0	0	passage_status/DSS-Deuteronomy-Passage-Status.txt	109383	753	5638ee0fc7c59e87ae6f1c81f2111559f7ade263df835c5a8a57a02563138463	L1592321-R002,L1592322-R001
Deut	5	25	1Q13	1606619	PARTLY_RECONSTRUCTED	25	74	70	66	1	3	70	1	0	1	0	0	0	0	passage_status/DSS-Deuteronomy-Passage-Status.txt	110136	753	4756435f896b934ebeba8af7ec7c3456a6b07c79c309cb7ce6c890c8a0d2a45f	L1592322-R002,L1592323-R001
Deut	5	26	1Q13	1606619	ALL_LETTER_SLOTS_RECONSTRUCTED	18	49	46	46	0	0	49	0	0	1	0	0	0	0	passage_status/DSS-Deuteronomy-Passage-Status.txt	110889	758	286d585ef8f221a64e1a3953c87a1ce3e7c9a3f4b8849cc9405a518f3f9ffed7	L1592323-R002,L1592324-R001
Deut	5	27	1Q13	1606619	PARTLY_RECONSTRUCTED	24	80	74	71	0	3	75	0	0	1	0	0	0	0	passage_status/DSS-Deuteronomy-Passage-Status.txt	111647	732	5047812b690d782f25b3c81ca8c3af305946360ee2187ebcec052cf525564048	L1592324-R002
Deut	10	17	1Q13	1606619	PARTLY_RECONSTRUCTED	31	82	77	70	1	6	75	1	1	2	0	0	0	0	passage_status/DSS-Deuteronomy-Passage-Status.txt	112379	771	a2cd16eaeaad31a911a049b01fb9eec1e86b794e246eb6cf68047f9c1c86b413	L1592325-R001,L1592326-R001,L1592327-R001
Deut	10	18	1Q13	1606619	PARTLY_RECONSTRUCTED	9	25	23	19	0	4	19	0	0	1	0	0	0	0	passage_status/DSS-Deuteronomy-Passage-Status.txt	113150	733	68e17abec0044cce2cd0c93ae47a9551feb7e579ee0f97902903884348d94e24	L1592327-R002
Deut	10	21	1Q13	1606619	PARTLY_RECONSTRUCTED	16	44	40	36	1	3	40	1	0	1	0	0	0	0	passage_status/DSS-Deuteronomy-Passage-Status.txt	113883	755	dd49f689c7f70f14dfc4595bdfdb384cbb4bdd64524d922201c3a7b7c5e03f2d	L1592328-R001,L1592329-R001
Deut	10	22	1Q13	1606619	PARTLY_RECONSTRUCTED	18	61	55	35	6	14	40	6	0	1	0	0	0	0	passage_status/DSS-Deuteronomy-Passage-Status.txt	114638	768	740d7f148bfc6578309fc0dcadc8170b977db029c6930038be63298082ede350	L1592329-R002,L1592330-R001
Deut	11	1	1Q13	1606619	PARTLY_RECONSTRUCTED	13	46	40	36	0	4	40	0	0	1	0	0	0	0	passage_status/DSS-Deuteronomy-Passage-Status.txt	115406	748	7f83597e32cb24e0799b7fdd4267e497f7a3e891e2ec3a9855563f6ed6b35ca8	L1592330-R002,L1592331-R001
Deut	11	8	1Q13	1606619	PARTLY_RECONSTRUCTED	19	57	46	39	1	6	48	3	2	4	0	0	0	0	passage_status/DSS-Deuteronomy-Passage-Status.txt	116154	769	afbe1285902638ce7067aafe4bd728781c43fdf29e05f697105f09cb206cbaff	L1592332-R001,L1592333-R001,L1592334-R001
Deut	11	9	1Q13	1606619	PARTLY_RECONSTRUCTED	23	62	50	21	5	24	28	7	2	4	0	0	0	0	passage_status/DSS-Deuteronomy-Passage-Status.txt	116923	766	30b679705605c6f741ce0d116fc9bf4bd2d40ecd305d992df8560df0c12a72d6	L1592334-R002,L1592335-R001
Deut	11	10	1Q13	1606619	PARTLY_RECONSTRUCTED	30	86	71	55	5	11	62	10	1	4	0	0	0	0	passage_status/DSS-Deuteronomy-Passage-Status.txt	117689	791	b25558a9c51771d8b66f335c07ca9a677c030aebb0f0ea8ea8b022e995c73d4d	L1592335-R002,L1592336-R001,L1592337-R001
Deut	11	11	1Q13	1606619	PARTLY_RECONSTRUCTED	10	21	6	3	1	2	9	6	3	6	0	0	0	0	passage_status/DSS-Deuteronomy-Passage-Status.txt	118480	752	49b4c1f9b4a04296dff955f7bf74fad00f44d161a787b52d3efac02d7ccb0594	L1592337-R002,L1592338-R001
Deut	11	12	1Q13	1606619	PARTLY_RECONSTRUCTED	21	69	59	32	3	24	38	3	2	3	0	0	0	0	passage_status/DSS-Deuteronomy-Passage-Status.txt	119232	778	ad2c4220f286c5ad7207e5c2b38fe2606842f6419dcaeccb27a63a08089364d7	L1592339-R001,L1592340-R001,L1592341-R001
Deut	1	7	2Q10	1606631	PARTLY_RECONSTRUCTED	31	71	68	67	1	0	70	1	0	1	0	0	0	0	passage_status/DSS-Deuteronomy-Passage-Status.txt	120010	751	af9ea91ae5886ae984b95b8b1f137cda97f74532ea1080ff61cf45bd18a75413	L1592596-R001,L1592597-R001
Deut	1	8	2Q10	1606631	PARTLY_RECONSTRUCTED	33	95	88	71	2	15	75	2	0	1	0	0	0	0	passage_status/DSS-Deuteronomy-Passage-Status.txt	120761	768	d52b13ced78aa2e979ca843982c9fac06df0ea599ecae8796d213a80839ef7d9	L1592597-R002,L1592598-R001,L1592599-R001
Deut	1	9	2Q10	1606631	PARTLY_RECONSTRUCTED	16	43	38	33	0	5	36	0	0	1	0	0	0	0	passage_status/DSS-Deuteronomy-Passage-Status.txt	121529	746	f9a294cbd828bad02c8b6c912ca220e6a458af91be3a297137381705a6408e3f	L1592599-R002,L1592600-R001
Deut	17	12	2Q11	1606632	PARTLY_RECONSTRUCTED	20	48	45	43	2	0	46	2	0	1	0	0	0	0	passage_status/DSS-Deuteronomy-Passage-Status.txt	122275	745	c83443f01e78e8282da621a73cda5d53a7b3044b946c64234c391a2850b870fc	L1592601-R001
Deut	17	13	2Q11	1606632	ALL_LETTER_SLOTS_RECONSTRUCTED	12	33	30	30	0	0	33	0	0	1	0	0	0	0	passage_status/DSS-Deuteronomy-Passage-Status.txt	123020	760	38cdf51a5eeb3269680a7d4ffa7a60a4b513f96b279a3d46340e13d71f965e62	L1592601-R002,L1592602-R001
Deut	17	14	2Q11	1606632	PARTLY_RECONSTRUCTED	27	91	83	69	3	11	75	3	0	1	0	0	0	0	passage_status/DSS-Deuteronomy-Passage-Status.txt	123780	762	4ec17fa8d71534726e41dd7480de3eb1c7f41cf9bcecfc2b6364f0353c7ee8e0	L1592603-R001,L1592604-R001
Deut	17	15	2Q11	1606632	PARTLY_RECONSTRUCTED	21	79	71	65	2	4	71	2	0	1	0	0	0	0	passage_status/DSS-Deuteronomy-Passage-Status.txt	124542	761	77ba4171b49f440568ada7b0aad6ec567d61bdd54bfbe68f063d128887cbb022	L1592604-R002,L1592605-R001
Deut	10	8	2Q12	1606633	PARTLY_RECONSTRUCTED	35	85	81	76	1	4	80	1	0	1	0	0	0	0	passage_status/DSS-Deuteronomy-Passage-Status.txt	125303	753	cacb6cc492b0a8a94132a2a860fe92f0b68ec3d3ac2e3338774a1cc47c5d81d2	L1592606-R001,L1592607-R001
Deut	10	9	2Q12	1606633	PARTLY_RECONSTRUCTED	21	67	61	56	0	5	62	0	0	1	0	0	0	0	passage_status/DSS-Deuteronomy-Passage-Status.txt	126056	748	930c0ba308cddbeb38cecb27b67c8695cf0afe71e574905d2f5e18156c36ad86	L1592607-R002,L1592608-R001
Deut	10	10	2Q12	1606633	PARTLY_RECONSTRUCTED	29	92	88	79	2	7	83	2	0	1	0	0	0	0	passage_status/DSS-Deuteronomy-Passage-Status.txt	126804	771	634a6fbcbbfd4dde5e1acdc5120be3368cc3a1b91a75fc03d9007327f84dd6f1	L1592608-R002,L1592609-R001,L1592610-R001
Deut	10	11	2Q12	1606633	PARTLY_RECONSTRUCTED	27	76	71	56	2	13	60	2	0	1	0	0	0	0	passage_status/DSS-Deuteronomy-Passage-Status.txt	127575	762	1b9b42a6fff9fc1193f7adcec42eff974f2cc80526694b04baf5104684d566e4	L1592611-R001,L1592612-R001
Deut	10	12	2Q12	1606633	PARTLY_RECONSTRUCTED	39	119	107	103	0	4	113	0	0	1	0	0	0	0	passage_status/DSS-Deuteronomy-Passage-Status.txt	128337	754	2bc766e76fea5265df004330d4d009313b325158c643a9b34860ae69b4fdcb4a	L1592613-R001,L1592614-R001
Deut	23	26	4Q28	1606676	PARTLY_RECONSTRUCTED	6	17	12	5	5	2	7	5	1	2	0	0	0	0	passage_status/DSS-Deuteronomy-Passage-Status.txt	129091	742	ad7586c672c4914639567595d8f97203e212af0f6c652e47625313d431a7c842	L1595780-R001
Deut	24	1	4Q28	1606676	PARTLY_RECONSTRUCTED	33	91	82	53	3	26	56	3	0	1	0	0	0	0	passage_status/DSS-Deuteronomy-Passage-Status.txt	129833	760	e4b221530d62fe6d6f25fbef8868ba7a48e39aab6c1bd40cc5e711ebd64b98ed	L1595781-R001,L1595782-R001
Deut	24	2	4Q28	1606676	PARTLY_RECONSTRUCTED	8	19	17	3	0	14	5	0	0	1	0	0	0	0	passage_status/DSS-Deuteronomy-Passage-Status.txt	130593	746	dad95b937f367a1c40ba13b6c7e91f7a1c7aa59986535b9a614a1d6add9e2744	L1595782-R002,L1595783-R001
Deut	24	3	4Q28	1606676	PARTLY_RECONSTRUCTED	32	86	77	34	1	42	35	1	0	1	0	0	0	0	passage_status/DSS-Deuteronomy-Passage-Status.txt	131339	754	47039fcb8fd81d939142b555fd4627c818be32c05a5cce8e278827e553157495	L1595783-R002,L1595784-R001
Deut	24	4	4Q28	1606676	PARTLY_RECONSTRUCTED	38	115	107	20	4	83	23	4	0	1	0	0	0	0	passage_status/DSS-Deuteronomy-Passage-Status.txt	132093	800	203fa00f2075ec65e55b345460adc66c2621b96da25e0012c3324b0498609bff	L1595784-R002,L1595785-R001,L1595786-R001,L1595787-R001
Deut	24	5	4Q28	1606676	PARTLY_RECONSTRUCTED	28	79	74	5	1	68	5	1	0	1	0	0	0	0	passage_status/DSS-Deuteronomy-Passage-Status.txt	132893	752	5f96ebcca5c5b87de91fcd2adf648beaff99c79486666b14aabb269585e148de	L1595787-R002,L1595788-R001
Deut	24	6	4Q28	1606676	PARTLY_RECONSTRUCTED	10	27	25	7	5	13	7	5	0	1	0	0	0	0	passage_status/DSS-Deuteronomy-Passage-Status.txt	133645	758	39d8c88912e2c33b739faf7bd9256b1e6de91f1458b8821ebb59485bfd94efa2	L1595788-R002,L1595789-R001
Deut	24	7	4Q28	1606676	PARTLY_RECONSTRUCTED	28	72	66	34	10	22	38	10	0	1	0	0	0	0	passage_status/DSS-Deuteronomy-Passage-Status.txt	134403	768	8df720f85575b4228071887fd58afae1de3dba4fa8b7935d11e1547325866bf9	L1595789-R002,L1595790-R001
Deut	24	8	4Q28	1606676	PARTLY_RECONSTRUCTED	28	76	70	51	7	12	56	7	1	2	0	0	0	0	passage_status/DSS-Deuteronomy-Passage-Status.txt	135171	760	93a9d75e65c4a24181ef6e28e1810b878cd1fe96f5b94d0f143f726554449fc6	L1595791-R001,L1595792-R001
Deut	29	24	4Q29	1606677	PARTLY_RECONSTRUCTED	19	64	58	52	2	4	55	2	0	1	0	0	0	0	passage_status/DSS-Deuteronomy-Passage-Status.txt	135931	739	d26b481e1856e7fe5aef3394838f682a98cf570f72fba9b4d42776c57cac4f97	L1595793-R001
Deut	29	25	4Q29	1606677	PARTLY_RECONSTRUCTED	18	60	55	47	1	7	49	1	0	1	0	0	0	0	passage_status/DSS-Deuteronomy-Passage-Status.txt	136670	739	ae814c9b272a0a5df27bea788c0c4526961b5614272e5fe1fd7ee1a40558c467	L1595794-R001
Deut	29	26	4Q29	1606677	ALL_LETTER_SLOTS_RECONSTRUCTED	22	52	49	49	0	0	52	0	0	1	0	0	0	0	passage_status/DSS-Deuteronomy-Passage-Status.txt	137409	760	96704da454e510f14960bada345c94f91088584bf537b4ef9fb61952e0eabdbd	L1595794-R002,L1595795-R001
Deut	29	27	4Q29	1606677	PARTLY_RECONSTRUCTED	9	24	20	17	0	3	18	0	0	1	0	0	0	0	passage_status/DSS-Deuteronomy-Passage-Status.txt	138169	733	4bf40aa0aacde4a874b592e181e9f9fd08a508031859260cecd771ce76e619c8	L1595795-R002
Deut	30	3	4Q29	1606677	PARTLY_RECONSTRUCTED	22	69	60	54	2	4	63	2	0	1	0	0	0	0	passage_status/DSS-Deuteronomy-Passage-Status.txt	138902	759	363cc5214068d8bcf71002817435df335fcc068612c7916859bfc057e8baa276	L1595796-R001,L1595797-R001
Deut	30	4	4Q29	1606677	PARTLY_RECONSTRUCTED	17	50	44	39	0	5	42	0	0	1	0	0	0	0	passage_status/DSS-Deuteronomy-Passage-Status.txt	139661	732	be67723767405994ff0b4073a39faa470cda2bffffda0acceafc117c87b585f7	L1595797-R002
Deut	30	5	4Q29	1606677	PARTLY_RECONSTRUCTED	19	65	56	50	0	6	58	0	0	1	0	0	0	0	passage_status/DSS-Deuteronomy-Passage-Status.txt	140393	748	10ef381b6583c4dd07dbb4c28f21a75719f21a8547df9f7c29f100c6dc7334e9	L1595797-R003,L1595798-R001
Deut	30	6	4Q29	1606677	PARTLY_RECONSTRUCTED	25	77	67	55	1	11	64	1	0	1	0	0	0	0	passage_status/DSS-Deuteronomy-Passage-Status.txt	141141	754	ad54e978f5e6bdd53e74b37df6c0f1790477d03748b31d3273138df3aa2cc3ea	L1595798-R002,L1595799-R001
Deut	30	7	4Q29	1606677	PARTLY_RECONSTRUCTED	18	55	49	35	0	14	40	0	0	1	0	0	0	0	passage_status/DSS-Deuteronomy-Passage-Status.txt	141895	749	e0fb604db1841bac3117e88a940ec313efb253487b928579f7f6a72c14ea73a8	L1595799-R002,L1595800-R001
Deut	30	8	4Q29	1606677	PARTLY_RECONSTRUCTED	19	55	51	35	5	11	38	5	0	1	0	0	0	0	passage_status/DSS-Deuteronomy-Passage-Status.txt	142644	760	e01c46b2ac186d78f9f674332bb7ff2ef8a9aa7ffa0b6359be3d7027beebe141	L1595800-R002,L1595801-R001
Deut	30	9	4Q29	1606677	PARTLY_RECONSTRUCTED	35	104	94	73	6	15	82	6	0	1	0	0	0	0	passage_status/DSS-Deuteronomy-Passage-Status.txt	143404	767	595f2fdb709ea413ceb1313cb603fcc4afbc520141ef2c381a59c186c94cc630	L1595801-R002,L1595802-R001
Deut	30	10	4Q29	1606677	PARTLY_RECONSTRUCTED	32	95	87	48	7	32	52	7	0	1	0	0	0	0	passage_status/DSS-Deuteronomy-Passage-Status.txt	144171	768	1598960b31497d625c2772cd71722f43c1a58b2ffcb08a90b589227a14974f09	L1595802-R002,L1595803-R001
Deut	30	11	4Q29	1606677	PARTLY_RECONSTRUCTED	20	58	53	34	7	12	35	7	0	1	0	0	0	0	passage_status/DSS-Deuteronomy-Passage-Status.txt	144939	768	ba2bf32ce5b55ab51fbb779daec420b8e13fb7253d69a2a9dcc42a932e42f962	L1595803-R002,L1595804-R001
Deut	30	12	4Q29	1606677	PARTLY_RECONSTRUCTED	20	62	53	48	3	2	57	3	0	1	0	0	0	0	passage_status/DSS-Deuteronomy-Passage-Status.txt	145707	761	c75d26ff6557e7fb117ef19e98f9e2bd2cc7e9f2638041171f6e2065e804f7c1	L1595804-R002,L1595805-R001
Deut	30	13	4Q29	1606677	PARTLY_RECONSTRUCTED	25	66	58	38	2	18	46	2	0	1	0	0	0	0	passage_status/DSS-Deuteronomy-Passage-Status.txt	146468	756	8e9a01a43b6bb97c53c7f1308b426bf0606cb03621ce7c8a217c17a59ab7f153	L1595805-R002,L1595806-R001
Deut	30	14	4Q29	1606677	PARTLY_RECONSTRUCTED	18	47	38	20	7	11	24	7	1	2	0	0	0	0	passage_status/DSS-Deuteronomy-Passage-Status.txt	147224	752	6e7325e48eed76dd2d2c0b6b706cbe342cb9b3ba98291f8f459271b2b6f1ea6b	L1595806-R002
Deut	31	9	4Q29	1606677	PARTLY_RECONSTRUCTED	13	39	37	30	2	5	32	2	0	1	0	0	0	0	passage_status/DSS-Deuteronomy-Passage-Status.txt	147976	743	4e64d5af77da7f4becaecc24a21549cd9d41392024a2e386d48509625adc690e	L1595807-R001
Deut	31	10	4Q29	1606677	PARTLY_RECONSTRUCTED	20	47	40	33	0	7	38	1	1	3	0	0	0	0	passage_status/DSS-Deuteronomy-Passage-Status.txt	148719	750	fb095b95d3b7351158759011868530138b286963a4de8a264edebee728d651d0	L1595807-R002,L1595808-R001
Deut	31	11	4Q29	1606677	PARTLY_RECONSTRUCTED	26	79	75	66	0	9	70	0	0	1	0	0	0	0	passage_status/DSS-Deuteronomy-Passage-Status.txt	149469	750	c8e350bb95e6ee3fcd786616f7553543d8d7788ee966141de4b73e76531783cc	L1595808-R002,L1595809-R001
Deut	31	12	4Q29	1606677	PARTLY_RECONSTRUCTED	39	106	101	83	3	15	87	3	0	1	0	0	0	0	passage_status/DSS-Deuteronomy-Passage-Status.txt	150219	774	5a25e439bb0052525e6af60e2fe51aa5a5c34437cbedc31ade9abc1527b22020	L1595809-R002,L1595810-R001,L1595811-R001
Deut	31	13	4Q29	1606677	PARTLY_RECONSTRUCTED	32	99	92	88	2	2	93	2	0	1	0	0	0	0	passage_status/DSS-Deuteronomy-Passage-Status.txt	150993	761	4416438cfb6441e6d6c6ca92a8604fb255259ee036d676315f3c11e7b5e6de83	L1595811-R002,L1595812-R001
Deut	31	14	4Q29	1606677	PARTLY_RECONSTRUCTED	27	77	68	60	1	7	67	2	2	4	0	0	0	0	passage_status/DSS-Deuteronomy-Passage-Status.txt	151754	755	dd892de1b980517fae82c45959c24aa9246af62a03f44a10c3dfc67fe56666e1	L1595813-R001,L1595814-R001
Deut	31	15	4Q29	1606677	PARTLY_RECONSTRUCTED	17	42	40	32	6	2	34	6	0	1	0	0	0	0	passage_status/DSS-Deuteronomy-Passage-Status.txt	152509	751	8ec0fb848fbda94dd83ea8dcdb9438934efe643e0f7b3df5ce677587630b668e	L1595814-R002
Deut	31	16	4Q29	1606677	PARTLY_RECONSTRUCTED	38	108	99	89	9	1	98	9	0	1	0	0	1	0	passage_status/DSS-Deuteronomy-Passage-Status.txt	153260	789	7c504a75801824c8d7138c98a98c6303c2bb2b9b4f26689607ab7e8a41f4a9c5	L1595814-R003,L1595815-R001,L1595816-R001
Deut	31	17	4Q29	1606677	PARTLY_RECONSTRUCTED	33	80	62	41	2	19	49	7	3	6	0	0	0	0	passage_status/DSS-Deuteronomy-Passage-Status.txt	154049	762	e790060e7d7c1f066d49d5c23e805425fa82e15f9b01140a1709e4a88e4f471f	L1595816-R002,L1595817-R001
Deut	31	24	4Q29	1606677	PARTLY_RECONSTRUCTED	18	44	41	9	4	28	9	4	0	1	0	0	0	0	passage_status/DSS-Deuteronomy-Passage-Status.txt	154811	738	2d897d4bc4e4e2f6f983881e457ad11b9ecede331d645b51c82f8ea4a81ed75c	L1595818-R001
Deut	31	25	4Q29	1606677	PARTLY_RECONSTRUCTED	13	36	34	14	2	18	14	2	0	1	0	0	0	0	passage_status/DSS-Deuteronomy-Passage-Status.txt	155549	762	7e71bcb6194a29f4f1f42df579d4d83cd0a076f11703ad10b3013c5bdd773b11	L1595818-R002,L1595819-R001
Deut	31	26	4Q29	1606677	PARTLY_RECONSTRUCTED	23	62	57	15	5	37	15	5	0	1	0	0	0	0	passage_status/DSS-Deuteronomy-Passage-Status.txt	156311	762	3a75ca4d072103713024562d4dcf65ec2214fef804987c1c55d4d235f0f637f1	L1595819-R002,L1595820-R001
Deut	31	27	4Q29	1606677	PARTLY_RECONSTRUCTED	27	82	75	14	6	55	15	6	0	1	0	0	0	0	passage_status/DSS-Deuteronomy-Passage-Status.txt	157073	768	841d0e90e0265cae8824101a26855eacc5d557996ce2a30a7465228b1d9295cd	L1595820-R002,L1595821-R001
Deut	31	28	4Q29	1606677	PARTLY_RECONSTRUCTED	32	100	91	46	12	33	50	12	0	1	0	0	0	0	passage_status/DSS-Deuteronomy-Passage-Status.txt	157841	787	a80c3360f4080d3a126ac06af2535bcbe38909257b0df2805ab3d0352564f020	L1595821-R002,L1595822-R001,L1595823-R001
Deut	31	29	4Q29	1606677	PARTLY_RECONSTRUCTED	38	119	110	58	26	26	64	26	0	2	0	0	0	0	passage_status/DSS-Deuteronomy-Passage-Status.txt	158628	811	05ee1799386e0d80d6a6980a3b87074d2220cd6120a5ccccbd6ebd6785f939c6	L1595823-R002,L1595824-R001,L1595825-R001,L1595826-R001
Deut	31	30	4Q29	1606677	PARTLY_RECONSTRUCTED	17	46	43	25	9	9	28	9	0	1	0	0	0	0	passage_status/DSS-Deuteronomy-Passage-Status.txt	159439	757	716a155805f8267dd2167baf89f6b171a3d51f171d05e201a5447432e149d01a	L1595826-R002
Deut	32	1	4Q29	1606677	PARTLY_RECONSTRUCTED	13	36	26	10	5	11	15	9	0	4	0	0	0	0	passage_status/DSS-Deuteronomy-Passage-Status.txt	160196	744	e2b71e3786bbea0904fa9d3ca07a0d29f3b98e48470ebd370c6d98c82673a1f3	L1595827-R001
Deut	32	2	4Q29	1606677	PARTLY_RECONSTRUCTED	18	53	49	37	7	5	39	7	0	1	0	0	0	0	passage_status/DSS-Deuteronomy-Passage-Status.txt	160940	771	23c0618e17618a29d1b2d1d1357a45e5cf7d2de3cf87afd4ebd7009854a088e0	L1595828-R001,L1595829-R001
Deut	32	3	4Q29	1606677	PARTLY_RECONSTRUCTED	10	32	27	23	4	0	26	4	0	2	0	0	0	0	passage_status/DSS-Deuteronomy-Passage-Status.txt	161711	743	f43e145b17a9e19e243da5c6fb517ae2c7f6ea44a88155960631656787406a0e	L1595830-R001
Deut	33	28	4Q29	1606677	ALL_LETTER_SLOTS_RECONSTRUCTED	6	18	13	13	0	0	18	0	1	2	0	0	0	0	passage_status/DSS-Deuteronomy-Passage-Status.txt	162454	743	6cc5983e583ccf31a03f023fb5d691e510ed4f200a925d75dbedc417d2d1a9a1	L1595831-R001
Deut	33	29	4Q29	1606677	PARTLY_RECONSTRUCTED	10	33	27	22	0	5	25	0	1	2	0	0	0	0	passage_status/DSS-Deuteronomy-Passage-Status.txt	163197	734	54512aecbec1bee7aeb46c72285bdd505c589cbf78db58f435c41b50bb78bd51	L1595831-R002
Deut	2	29	4Q30	1606678	PARTLY_RECONSTRUCTED	17	48	44	42	1	1	46	1	0	1	0	0	0	0	passage_status/DSS-Deuteronomy-Passage-Status.txt	163931	737	c044b357d60732b0304be41e6091743417bfc08e56802b8cdd8267e2b1ecf9f4	L1595832-R001
Deut	2	30	4Q30	1606678	PARTLY_RECONSTRUCTED	21	70	61	57	1	3	64	1	1	2	0	0	0	0	passage_status/DSS-Deuteronomy-Passage-Status.txt	164668	753	c10e50cfe6b941aec66ed5301baa96bff1ef6bc0711f8373aaa2c445aa53fe28	L1595832-R002,L1595833-R001
Deut	3	25	4Q30	1606678	PARTLY_RECONSTRUCTED	24	54	52	46	1	5	46	1	0	1	0	0	0	0	passage_status/DSS-Deuteronomy-Passage-Status.txt	165421	753	b1f2f3adcbdc7a8b06d9437e9dabed25ee805896f50a64f00aaf27abd048c508	L1595834-R001,L1595835-R001
Deut	3	26	4Q30	1606678	PARTLY_RECONSTRUCTED	21	66	58	50	4	4	56	4	0	1	0	0	0	0	passage_status/DSS-Deuteronomy-Passage-Status.txt	166174	771	7adb211791074664ad56351b6aee9ce296a088636c654a71dfbc2bd76edd7404	L1595835-R002,L1595836-R001
Deut	4	1	4Q30	1606678	PARTLY_RECONSTRUCTED	34	104	97	88	4	5	93	4	1	2	0	0	0	0	passage_status/DSS-Deuteronomy-Passage-Status.txt	166945	774	04a49be34ff8f3313cd6fd51f282c558d936491926218cad03dff111aacf01d9	L1595837-R001,L1595838-R001,L1595839-R001
Deut	4	13	4Q30	1606678	PARTLY_RECONSTRUCTED	12	38	35	23	1	11	24	1	0	1	0	0	0	0	passage_status/DSS-Deuteronomy-Passage-Status.txt	167719	738	52224f01c3983e4cc04ccaf1a81efb62449d233e1b31d1f59f3115d1c397593b	L1595840-R001
Deut	4	14	4Q30	1606678	PARTLY_RECONSTRUCTED	28	85	77	45	8	24	50	8	0	1	0	0	0	0	passage_status/DSS-Deuteronomy-Passage-Status.txt	168457	782	afc48067fb7e5092eb09e28e7cb54e86c6b2c2f915e06e2602257b52baf99cf8	L1595841-R001,L1595842-R001,L1595843-R001
Deut	4	15	4Q30	1606678	PARTLY_RECONSTRUCTED	22	65	61	50	2	9	54	2	0	1	0	0	0	0	passage_status/DSS-Deuteronomy-Passage-Status.txt	169239	759	f19ccc82474d495a95f4582c106606c49c59cd9becd5fd975630e74c8db2e52c	L1595843-R002,L1595844-R001
Deut	4	16	4Q30	1606678	PARTLY_RECONSTRUCTED	14	48	44	35	0	9	38	0	0	1	0	0	0	0	passage_status/DSS-Deuteronomy-Passage-Status.txt	169998	748	a4524fbd2f728e05cec3ba62905141c492a4c8c713107575c2ea54db5a96df40	L1595844-R002,L1595845-R001
Deut	4	17	4Q30	1606678	PARTLY_RECONSTRUCTED	5	16	14	7	0	7	7	0	0	1	0	0	0	0	passage_status/DSS-Deuteronomy-Passage-Status.txt	170746	729	1c76f7c1dd905524758425f408b641d51f8b0f944686300998eb0cbeccbcab54	L1595845-R002
Deut	4	31	4Q30	1606678	PARTLY_RECONSTRUCTED	4	13	10	3	0	7	6	0	0	1	0	0	0	0	passage_status/DSS-Deuteronomy-Passage-Status.txt	171475	729	f74636b3ff9b0f3ec5195a427aebefea0a4bf4b48d20c3b0f5f36e60820e088d	L1595846-R001
Deut	4	32	4Q30	1606678	PARTLY_RECONSTRUCTED	35	86	83	78	4	1	79	4	0	1	0	0	0	0	passage_status/DSS-Deuteronomy-Passage-Status.txt	172204	759	572438fba3e3b17b27f95b75ea0f5b2b725f825a836b1687b1cb003652f93d48	L1595846-R002,L1595847-R001
Deut	7	3	4Q30	1606678	PARTLY_RECONSTRUCTED	11	27	22	19	0	3	21	0	0	1	0	0	0	0	passage_status/DSS-Deuteronomy-Passage-Status.txt	172963	730	f0dcacac1e6e449c2cbd6d13103fabf1c9aa94c4a359d89912b301835fcd5e4a	L1595848-R001
Deut	7	4	4Q30	1606678	PARTLY_RECONSTRUCTED	20	67	60	55	0	5	59	0	0	1	0	0	0	0	passage_status/DSS-Deuteronomy-Passage-Status.txt	173693	746	53a2ef76e0794762167660422b8e23116ea792c80e07689285e1f24a70471daf	L1595848-R002,L1595849-R001
Deut	8	1	4Q30	1606678	PARTLY_RECONSTRUCTED	10	29	20	10	3	7	15	6	1	3	0	0	0	0	passage_status/DSS-Deuteronomy-Passage-Status.txt	174439	735	5dca103e3bbac4f0064b777b2de9c641a9948e7eef2c324eb87e881511c83631	L1595850-R001
Deut	8	2	4Q30	1606678	PARTLY_RECONSTRUCTED	31	98	90	35	1	54	39	1	0	1	0	0	0	0	passage_status/DSS-Deuteronomy-Passage-Status.txt	175174	768	fd112545b136c44470695743e74d2d4d301395883fc9db5e12d7f3c53470c004	L1595850-R002,L1595851-R001,L1595852-R001
Deut	8	3	4Q30	1606678	PARTLY_RECONSTRUCTED	38	110	102	9	2	91	10	2	0	1	0	0	0	0	passage_status/DSS-Deuteronomy-Passage-Status.txt	175942	791	25f0cf63551a3a5c056da4f94d1cbb8334d90aafbf3db2b5f35af4a88ef98809	L1595852-R002,L1595853-R001,L1595854-R001,L1595855-R001
Deut	8	4	4Q30	1606678	PARTLY_RECONSTRUCTED	13	44	39	11	2	25	12	2	0	1	0	0	1	0	passage_status/DSS-Deuteronomy-Passage-Status.txt	176733	763	cf3b081b1c073c02a67d0f5c2c270d88bbeeaee6b6fdf251b6e98d2e757c730e	L1595855-R002,L1595856-R001
Deut	8	5	4Q30	1606678	PARTLY_RECONSTRUCTED	12	33	29	23	2	4	25	2	0	1	0	0	0	0	passage_status/DSS-Deuteronomy-Passage-Status.txt	177496	735	8122881a9d373b75190b8dd215babd8b723e3fff18bd25fefd4b62f2850e8ee2	L1595856-R002
Deut	9	11	4Q30	1606678	PARTLY_RECONSTRUCTED	21	63	60	57	2	1	59	2	0	1	0	0	0	0	passage_status/DSS-Deuteronomy-Passage-Status.txt	178231	759	054849194bb1bb707c40ba6a36599e485afc8882839da39552c6d55d5d09a95f	L1595857-R001,L1595858-R001
Deut	9	12	4Q30	1606678	PARTLY_RECONSTRUCTED	14	38	34	27	2	5	28	2	0	1	0	0	0	0	passage_status/DSS-Deuteronomy-Passage-Status.txt	178990	753	7f734a57452c631770d41e5844f2cf97956deb151cdabc88a75c79ca01b93389	L1595858-R002,L1595859-R001
Deut	9	17	4Q30	1606678	PARTLY_RECONSTRUCTED	17	47	41	34	3	4	39	3	0	1	0	0	0	0	passage_status/DSS-Deuteronomy-Passage-Status.txt	179743	759	71a378139d891697e00b289d17e9eb547d017819ae7429b59bd489cbeb0246c0	L1595860-R001,L1595861-R001
Deut	9	18	4Q30	1606678	PARTLY_RECONSTRUCTED	34	108	104	81	3	20	85	3	0	1	0	0	0	0	passage_status/DSS-Deuteronomy-Passage-Status.txt	180502	794	76847271e3501fe125806c4bd62d9ea9ad3eeef0341f4171959d2d45bb32bf0e	L1595861-R002,L1595862-R001,L1595863-R001,L1595864-R001
Deut	9	19	4Q30	1606678	PARTLY_RECONSTRUCTED	13	31	29	20	1	8	20	1	0	1	0	0	0	0	passage_status/DSS-Deuteronomy-Passage-Status.txt	181296	737	4c1cd5584805e08056a011759be887dcba60fae526bd4d0a46d5071df3ef0634	L1595864-R002
Deut	9	29	4Q30	1606678	PARTLY_RECONSTRUCTED	11	29	25	24	1	0	26	1	0	1	0	0	0	0	passage_status/DSS-Deuteronomy-Passage-Status.txt	182033	737	c264525b1a404f653c6ac693a2cdec91ce8695faa66bf8a8337fd7803013075a	L1595865-R001
Deut	10	1	4Q30	1606678	PARTLY_RECONSTRUCTED	25	73	66	55	1	10	62	1	0	1	0	0	0	0	passage_status/DSS-Deuteronomy-Passage-Status.txt	182770	770	c1cddd883f9f9da286f8dee9e1b7fd2d5911b5cb19bcc152cf9da3b924e400e4	L1595865-R002,L1595866-R001,L1595867-R001
Deut	10	2	4Q30	1606678	PARTLY_RECONSTRUCTED	10	24	18	12	1	4	16	1	2	3	0	3	0	0	passage_status/DSS-Deuteronomy-Passage-Status.txt	183540	742	69baf946fdcb30ee5d353f3c8715d761ff266bb9d6c2687fd0a4ecd4cd28f4e5	L1595867-R002
Deut	10	5	4Q30	1606678	PARTLY_RECONSTRUCTED	12	35	32	27	1	4	28	1	0	1	0	0	0	0	passage_status/DSS-Deuteronomy-Passage-Status.txt	184282	737	20f781e96ccde8c21f580fd328e3eaf2a56c11ebaf18db6ab162c81093e70c56	L1595868-R001
Deut	10	6	4Q30	1606678	PARTLY_RECONSTRUCTED	21	67	63	45	3	15	49	3	0	1	0	0	0	0	passage_status/DSS-Deuteronomy-Passage-Status.txt	185019	760	a5767c1c23d353a12249185c76b87932428d4c83f382a3b2b95b079742a93b6a	L1595869-R001,L1595870-R001
Deut	10	7	4Q30	1606678	PARTLY_RECONSTRUCTED	14	39	37	29	2	6	31	2	0	1	0	0	0	0	passage_status/DSS-Deuteronomy-Passage-Status.txt	185779	759	9b7338f22785c1cffa363a53f4731a86ea0104b0b270f71b2bb498d6a739f74f	L1595870-R002,L1595871-R001
Deut	10	8	4Q30	1606678	PARTLY_RECONSTRUCTED	15	37	35	33	1	1	33	1	0	1	0	0	0	0	passage_status/DSS-Deuteronomy-Passage-Status.txt	186538	753	4e44b0e5ee4c964a56df0ba92fa79cfdd755b9e7664aeb34382103e4804ccbb9	L1595871-R002,L1595872-R001
Deut	11	3	4Q30	1606678	PARTLY_RECONSTRUCTED	21	61	49	41	4	4	49	6	2	4	0	0	0	0	passage_status/DSS-Deuteronomy-Passage-Status.txt	187291	759	12e965b070c94731254265c4e64909f3744cfabc59f95b42daad4801df388f74	L1595873-R001,L1595874-R001
Deut	11	9	4Q30	1606678	PARTLY_RECONSTRUCTED	20	55	50	32	6	12	35	6	0	1	0	0	0	0	passage_status/DSS-Deuteronomy-Passage-Status.txt	188050	766	96ee2fcf476d7158c41ff1322f2cb3f018ba68ac9a335909fb814b4eae2b3cee	L1595875-R001,L1595876-R001
Deut	11	10	4Q30	1606678	PARTLY_RECONSTRUCTED	31	85	79	58	6	12	61	6	0	1	0	7	1	0	passage_status/DSS-Deuteronomy-Passage-Status.txt	188816	794	2c13a5fdaedd3260a50f71fa930872ec85c017f61d7fcbb60927b1e671198ab1	L1595876-R002,L1595877-R001,L1595878-R001
Deut	11	11	4Q30	1606678	PARTLY_RECONSTRUCTED	20	56	52	42	2	8	46	2	0	1	0	0	0	0	passage_status/DSS-Deuteronomy-Passage-Status.txt	189610	755	535ea0d68db0cc38ad60f45f0898b0e2940d45d29ea427335b943ffdf805f0e1	L1595878-R002,L1595879-R001
Deut	11	12	4Q30	1606678	PARTLY_RECONSTRUCTED	20	67	61	40	5	16	44	5	0	1	0	0	0	0	passage_status/DSS-Deuteronomy-Passage-Status.txt	190365	768	a64e5628af1bdeebaaf6bf2eb6a482587bba55f9952c1addec18cf9e631fdbc8	L1595880-R001,L1595881-R001
Deut	11	13	4Q30	1606678	PARTLY_RECONSTRUCTED	30	85	69	62	2	5	75	4	2	5	0	0	0	0	passage_status/DSS-Deuteronomy-Passage-Status.txt	191133	755	fc80f8cf6714ebb2623d5110fada97c29a820cd0af10607b855f27cf25c8fd0d	L1595882-R001,L1595883-R001
Deut	11	18	4Q30	1606678	PARTLY_RECONSTRUCTED	26	80	68	47	3	18	55	3	2	3	0	0	0	0	passage_status/DSS-Deuteronomy-Passage-Status.txt	191888	762	60a82a939989529ee8bbaa393cff0563e4b90f323798a8c7eb7d62d0b7ab387e	L1595884-R001,L1595885-R001
Deut	12	18	4Q30	1606678	PARTLY_RECONSTRUCTED	33	97	86	75	3	8	81	3	0	1	0	0	0	0	passage_status/DSS-Deuteronomy-Passage-Status.txt	192650	767	13770f97f934d3c65d2477be3d313a398bd17f83fc094acca39fe34dfe472f07	L1595886-R001,L1595887-R001
Deut	12	19	4Q30	1606678	PARTLY_RECONSTRUCTED	14	37	31	19	3	9	22	3	1	2	0	0	0	0	passage_status/DSS-Deuteronomy-Passage-Status.txt	193417	745	e8dfc907d0e27ac19711ed75587964ca1efc79e8cdfa9387a96a539716cb287a	L1595888-R001
Deut	12	26	4Q30	1606678	PARTLY_RECONSTRUCTED	17	52	47	41	2	4	43	2	0	1	0	0	0	0	passage_status/DSS-Deuteronomy-Passage-Status.txt	194162	745	9dde01fc4179889bc91800e59d6764d63a013d43a2ea69f40608ef7ebd9ada3b	L1595889-R001
Deut	12	30	4Q30	1606678	NO_LETTER_SLOTS	4	9	0	0	0	0	7	2	2	4	0	0	0	0	passage_status/DSS-Deuteronomy-Passage-Status.txt	194907	740	2340897ff4b582d453be5627d1e00b15de8bf09f8ce17841c3a635ead22c679b	L1595890-R001,L1595891-R001
Deut	12	31	4Q30	1606678	PARTLY_RECONSTRUCTED	13	40	37	34	0	3	35	0	0	1	0	0	0	0	passage_status/DSS-Deuteronomy-Passage-Status.txt	195647	734	ba9f27ababb8d8ee6cdacf8b11f1714a10ab6a85b2599fdad31f638bcc9d9bd8	L1595891-R002
Deut	13	5	4Q30	1606678	PARTLY_RECONSTRUCTED	24	85	71	55	8	8	64	8	2	3	0	0	0	0	passage_status/DSS-Deuteronomy-Passage-Status.txt	196381	765	72fddc3950fd14f303e126c817f09d5899fded86f79ac3e5512e75de92713e62	L1595892-R001,L1595893-R001
Deut	13	7	4Q30	1606678	PARTLY_RECONSTRUCTED	28	89	79	57	7	15	63	7	0	1	0	0	0	0	passage_status/DSS-Deuteronomy-Passage-Status.txt	197146	766	b7caa3ba4e66a8bde57e2e5785637f8effe01c421a6c0ae5b5177ddcff2939d9	L1595894-R001,L1595895-R001
Deut	13	11	4Q30	1606678	PARTLY_RECONSTRUCTED	10	34	30	24	2	4	28	2	0	1	0	0	0	0	passage_status/DSS-Deuteronomy-Passage-Status.txt	197912	745	79b054c0055b46314bf74bf92d4522cb7ece826c5f2964a152115c89ba7e141c	L1595896-R001
Deut	13	12	4Q30	1606678	PARTLY_RECONSTRUCTED	20	52	48	41	3	4	43	3	0	1	0	0	0	0	passage_status/DSS-Deuteronomy-Passage-Status.txt	198657	761	ec76123023208a31a54c17dccc13887dc9bcac9fb2ced203924bcaed3ab689d1	L1595896-R002,L1595897-R001
Deut	13	16	4Q30	1606678	PARTLY_RECONSTRUCTED	7	17	14	6	0	8	8	0	0	1	0	0	0	0	passage_status/DSS-Deuteronomy-Passage-Status.txt	199418	731	16fc13d26e755b279ad0b1147201d67e0b96bf94a9f2e20518545ee17c3c82cd	L1595900-R001
Deut	13	17	4Q30	1606678	NO_LETTER_SLOTS	5	10	0	0	0	0	6	2	2	5	0	0	0	0	passage_status/DSS-Deuteronomy-Passage-Status.txt	200149	741	91c7693c16c557e9e640a6e19140c6b3d82c1a9cb832b668edddc62f554ca53f	L1595900-R002,L1595901-R001
Deut	15	1	4Q30	1606678	PARTLY_RECONSTRUCTED	7	20	18	11	4	3	11	4	0	1	0	0	0	0	passage_status/DSS-Deuteronomy-Passage-Status.txt	200890	758	e20bce24e98d57de156e4e915a6666de2cce79c7ec508ced06b07d05b635901b	L1595902-R001,L1595903-R001
Deut	15	2	4Q30	1606678	PARTLY_RECONSTRUCTED	22	60	56	28	7	21	31	7	0	1	0	0	0	0	passage_status/DSS-Deuteronomy-Passage-Status.txt	201648	782	833bba6109e280b48104b9d201be1328e5479cc9b6fad0009fcab55e9150971c	L1595903-R002,L1595904-R001,L1595905-R001
Deut	15	3	4Q30	1606678	PARTLY_RECONSTRUCTED	13	38	33	24	2	7	28	2	0	1	0	0	0	0	passage_status/DSS-Deuteronomy-Passage-Status.txt	202430	759	1d236a80b4bba5c1c190b2af183e1e08b03d00072da85ae1a6627ee7278380b6	L1595905-R002,L1595906-R001
Deut	15	4	4Q30	1606678	PARTLY_RECONSTRUCTED	22	71	62	44	2	16	49	2	1	2	0	0	0	0	passage_status/DSS-Deuteronomy-Passage-Status.txt	203189	770	86c08a98f0919df47e3c54613e78ba5a7da4a0d2d5ada7987ad106eb28e43387	L1595906-R002,L1595907-R001,L1595908-R001
Deut	15	15	4Q30	1606678	PARTLY_RECONSTRUCTED	17	49	44	40	1	3	45	1	0	1	0	0	0	0	passage_status/DSS-Deuteronomy-Passage-Status.txt	203959	755	dc9df40215e78cb278155ae0fb542fd825c3f93c6c71582a4dca9032c4d42355	L1595909-R001,L1595910-R001
Deut	15	16	4Q30	1606678	PARTLY_RECONSTRUCTED	19	54	46	43	1	2	51	1	0	1	0	0	0	0	passage_status/DSS-Deuteronomy-Passage-Status.txt	204714	755	6fb4e6b2f420a8bdbea3ebd75d38ceb2fdcd3612c7bd2614be89ea4fea75fb9f	L1595910-R002,L1595911-R001
Deut	15	17	4Q30	1606678	PARTLY_RECONSTRUCTED	24	59	54	49	1	4	53	1	0	1	0	0	0	0	passage_status/DSS-Deuteronomy-Passage-Status.txt	205469	755	c32e056880ac1ecfd27d8d7b93f3b3a4dcf7e06aeda6ed66b55cbfb1beb92207	L1595911-R002,L1595912-R001
Deut	15	18	4Q30	1606678	PARTLY_RECONSTRUCTED	26	82	73	51	4	18	58	4	0	1	0	0	0	0	passage_status/DSS-Deuteronomy-Passage-Status.txt	206224	790	8ec0cd4c27e512e21b040ae5ba4f969ebc4106ddff9a81c84a38baef94242ee1	L1595912-R002,L1595913-R001,L1595914-R001
Deut	15	19	4Q30	1606678	PARTLY_RECONSTRUCTED	17	49	44	39	1	4	41	1	0	1	0	0	0	0	passage_status/DSS-Deuteronomy-Passage-Status.txt	207014	739	5467f83db92e15e796c571689b8df8920c836593e09a7a60071189d11d03a360	L1595915-R001
Deut	16	2	4Q30	1606678	PARTLY_RECONSTRUCTED	13	35	32	29	3	0	32	3	0	1	0	0	0	0	passage_status/DSS-Deuteronomy-Passage-Status.txt	207753	737	5632000337af4e538303b3bf320f6acdd4b03cd5aae7ebe7b6001cf9a1af0b90	L1595916-R001
Deut	16	3	4Q30	1606678	PARTLY_RECONSTRUCTED	13	45	41	35	1	5	36	1	0	1	0	0	0	0	passage_status/DSS-Deuteronomy-Passage-Status.txt	208490	753	f529e2a655cc433e88b1d025f626ab7234bc89af514ca5b7880212ca46eae8af	L1595916-R002,L1595917-R001
Deut	16	6	4Q30	1606678	PARTLY_RECONSTRUCTED	29	80	75	65	3	7	68	3	0	1	0	0	0	0	passage_status/DSS-Deuteronomy-Passage-Status.txt	209243	775	43767ceefbdfe2075f05ea7dd2ee60dc07ec70c69d8084bc4a7c2f8405ff74eb	L1595918-R001,L1595919-R001,L1595920-R001
Deut	16	7	4Q30	1606678	PARTLY_RECONSTRUCTED	20	58	53	42	3	8	45	3	0	1	0	0	0	0	passage_status/DSS-Deuteronomy-Passage-Status.txt	210018	759	7222590f370068955ef7a4eb636f7c263ffa97ae52d4a12d4709e3929fc95f67	L1595920-R002,L1595921-R001
Deut	16	8	4Q30	1606678	PARTLY_RECONSTRUCTED	19	61	57	26	4	27	28	4	0	1	0	0	0	0	passage_status/DSS-Deuteronomy-Passage-Status.txt	210777	782	9aa24266d7046f0b004042ac50b9eaea2e19d03d7c993168428681e001060f0e	L1595921-R002,L1595922-R001,L1595923-R001
Deut	16	9	4Q30	1606678	PARTLY_RECONSTRUCTED	15	46	43	18	1	24	19	1	0	1	0	0	0	0	passage_status/DSS-Deuteronomy-Passage-Status.txt	211559	754	4e88c726772403ff3a765e9d776fd0b55d91c9f22e4067d606834cd45d09f962	L1595923-R002,L1595924-R001
Deut	16	10	4Q30	1606678	PARTLY_RECONSTRUCTED	18	63	56	32	1	23	37	2	0	1	0	0	0	0	passage_status/DSS-Deuteronomy-Passage-Status.txt	212313	772	d858ec03a3ec1e80615fb2910660e43837331a1b82b7f1ed473bedc2bba60ebb	L1595924-R002,L1595925-R001,L1595926-R001
Deut	16	11	4Q30	1606678	PARTLY_RECONSTRUCTED	40	112	101	45	9	27	49	9	0	1	0	15	6	0	passage_status/DSS-Deuteronomy-Passage-Status.txt	213085	798	d217acc7e834ac2dcb14d9d8d6aaa4ee421836e07f772298fa601a4804324d9b	L1595926-R002,L1595927-R001,L1595928-R001
Deut	16	20	4Q30	1606678	NO_LETTER_SLOTS	3	7	0	0	0	0	2	2	1	3	0	0	0	0	passage_status/DSS-Deuteronomy-Passage-Status.txt	213883	724	4d399c26d1c840680e80272571b674f3064461559b160b88523bbcc43051aa28	L1595929-R001
Deut	16	21	4Q30	1606678	PARTLY_RECONSTRUCTED	14	45	40	27	2	11	28	2	0	1	0	0	0	0	passage_status/DSS-Deuteronomy-Passage-Status.txt	214607	756	e1b6bbd351d96e511572ff1e476761e3e63355e155294cf728e0ed0c6d1ea9d7	L1595930-R001,L1595931-R001
Deut	16	22	4Q30	1606678	PARTLY_RECONSTRUCTED	10	32	28	26	1	1	28	1	0	1	0	0	0	0	passage_status/DSS-Deuteronomy-Passage-Status.txt	215363	739	6597d868f9a96a0e2e7aa549097b1ffe5f757d5a4bea4b94718dfca7c7442621	L1595931-R002
Deut	17	1	4Q30	1606678	PARTLY_RECONSTRUCTED	21	65	60	41	2	17	46	2	0	1	0	0	0	0	passage_status/DSS-Deuteronomy-Passage-Status.txt	216102	760	c49813f463e68ffe7f2024bba939a95fd938ab5d092a80433f8211428c38eabd	L1595932-R001,L1595933-R001
Deut	17	2	4Q30	1606678	PARTLY_RECONSTRUCTED	28	88	80	54	8	18	58	8	0	1	0	0	0	0	passage_status/DSS-Deuteronomy-Passage-Status.txt	216862	776	21f79ceb405a8f405902f3ad074524df56b2e8e0ea37408136f491848ad791c5	L1595934-R001,L1595935-R001,L1595936-R001
Deut	17	3	4Q30	1606678	PARTLY_RECONSTRUCTED	25	65	62	54	3	5	57	3	0	1	0	0	0	0	passage_status/DSS-Deuteronomy-Passage-Status.txt	217638	765	201f79584457fb440b243dcac6eaa0830303b5ae87d84db17f5078f992771a2b	L1595936-R002,L1595937-R001
Deut	17	4	4Q30	1606678	PARTLY_RECONSTRUCTED	22	59	56	43	1	12	44	1	0	1	0	0	0	0	passage_status/DSS-Deuteronomy-Passage-Status.txt	218403	770	5b22afbb5a26b98885a338c80da115a43a9dcf4504789e1f0e2862d4aaf1c625	L1595937-R002,L1595938-R001,L1595939-R001
Deut	17	5	4Q30	1606678	PARTLY_RECONSTRUCTED	38	87	83	69	8	6	73	8	0	1	0	0	0	0	passage_status/DSS-Deuteronomy-Passage-Status.txt	219173	787	33fcef3b2564571ec21f4d9d24ad0d42615eb819d67e763da8c473da3245c1af	L1595939-R002,L1595940-R001,L1595941-R001
Deut	17	6	4Q30	1606678	NO_LETTER_SLOTS	4	8	0	0	0	0	5	1	2	4	0	0	0	0	passage_status/DSS-Deuteronomy-Passage-Status.txt	219960	722	abbf50e14e8b19d3c4fdfed69bd09d7fe30f5e3fbe7cffda9b787912116fd968	L1595941-R002
Deut	17	7	4Q30	1606678	PARTLY_RECONSTRUCTED	23	57	52	45	1	6	47	1	0	1	0	0	0	0	passage_status/DSS-Deuteronomy-Passage-Status.txt	220682	753	cff9efd24f1fd1ee12e810873451556012cbde10de031546d779d8cb84d7fa8d	L1595942-R001,L1595943-R001
Deut	17	15	4Q30	1606678	PARTLY_RECONSTRUCTED	27	85	69	51	3	15	63	5	2	5	0	0	0	0	passage_status/DSS-Deuteronomy-Passage-Status.txt	221435	772	cbcbc4aa2d424688797583d341c2e4f97cc4308872e0b15bb8cc49a5867a4a08	L1595944-R001,L1595945-R001,L1595946-R001
Deut	17	16	4Q30	1606678	PARTLY_RECONSTRUCTED	29	83	77	65	2	10	70	2	0	1	0	0	0	0	passage_status/DSS-Deuteronomy-Passage-Status.txt	222207	772	44d8fed37123acec47746b801f9b9440b397656759a77103b1f2f8db2f2743db	L1595946-R002,L1595947-R001,L1595948-R001
Deut	17	17	4Q30	1606678	PARTLY_RECONSTRUCTED	18	48	43	38	1	4	42	1	0	1	0	0	0	0	passage_status/DSS-Deuteronomy-Passage-Status.txt	222979	755	682a795acb9e7bfd4c64156925c2cbf28fa0801ae18194cde2ef5e6e6317103c	L1595948-R002,L1595949-R001
Deut	17	18	4Q30	1606678	PARTLY_RECONSTRUCTED	26	67	62	50	6	6	53	6	0	1	0	0	0	0	passage_status/DSS-Deuteronomy-Passage-Status.txt	223734	767	e9c844ee3af692a446854aae38060335c8a9c86e1d4cacda499be1c68a296b57	L1595949-R002,L1595950-R001
Deut	17	19	4Q30	1606678	PARTLY_RECONSTRUCTED	34	93	85	52	9	24	56	9	0	1	0	0	0	0	passage_status/DSS-Deuteronomy-Passage-Status.txt	224501	768	0b379df573d0425bd0f3287057941e86464e903054e1095bb92ea87c4382853a	L1595951-R001,L1595952-R001
Deut	17	20	4Q30	1606678	PARTLY_RECONSTRUCTED	28	87	81	61	5	15	67	5	0	1	0	0	0	0	passage_status/DSS-Deuteronomy-Passage-Status.txt	225269	768	736532c3c17a142c2d53fbe4f8d82c8a51a8b61654c2981f7d3873afbdfc55db	L1595953-R001,L1595954-R001
Deut	18	1	4Q30	1606678	PARTLY_RECONSTRUCTED	21	65	59	52	2	5	56	2	1	2	0	0	0	0	passage_status/DSS-Deuteronomy-Passage-Status.txt	226037	759	d704a6e4171e2c170b27631df90c53cfca8de1a2f0f898c88fe0ae6e52bab43e	L1595955-R001,L1595956-R001
Deut	26	19	4Q30	1606678	PARTLY_RECONSTRUCTED	23	57	52	41	3	8	43	3	0	1	0	0	0	0	passage_status/DSS-Deuteronomy-Passage-Status.txt	226796	755	88012bea426b240147438d93b626fe2e9781195a1478bee64bb0029a325883b3	L1595957-R001,L1595958-R001
Deut	27	1	4Q30	1606678	PARTLY_RECONSTRUCTED	25	64	61	47	2	12	50	2	0	1	0	0	0	0	passage_status/DSS-Deuteronomy-Passage-Status.txt	227551	770	d9cb868604a98a8772a994e9537c705b36f08ab25cf69738390436970a6a6aab	L1595958-R002,L1595959-R001,L1595960-R001
Deut	27	2	4Q30	1606678	PARTLY_RECONSTRUCTED	13	31	29	23	1	5	23	1	0	1	0	0	0	0	passage_status/DSS-Deuteronomy-Passage-Status.txt	228321	737	1332fb1e334d3b81e29d2c46661f5092541aa944273bf7224c4d50e77ad84947	L1595960-R002
Deut	27	24	4Q30	1606678	PARTLY_RECONSTRUCTED	13	32	27	26	0	1	29	0	1	2	0	0	0	0	passage_status/DSS-Deuteronomy-Passage-Status.txt	229058	750	4a28aab75c1ee425cf7a51d271ae830b6c60b870e42c2f90f2a3c65787ce9b9e	L1595961-R001,L1595962-R001
Deut	27	25	4Q30	1606678	PARTLY_RECONSTRUCTED	15	37	35	25	4	6	27	4	0	1	0	0	0	0	passage_status/DSS-Deuteronomy-Passage-Status.txt	229808	761	d296460dffcd22ab6ad02a71d79b8d9fe7bb602ca42d29d6bdfd299bbc563191	L1595962-R002,L1595963-R001
Deut	27	26	4Q30	1606678	PARTLY_RECONSTRUCTED	20	53	50	32	10	8	33	10	0	1	0	0	0	0	passage_status/DSS-Deuteronomy-Passage-Status.txt	230569	769	12d659518795d6f0810d1a55cca205deb88a600b88e2f95c48ae6ec7e6bc05d1	L1595963-R002,L1595964-R001
Deut	28	1	4Q30	1606678	PARTLY_RECONSTRUCTED	30	96	89	28	6	55	29	6	0	1	0	0	0	0	passage_status/DSS-Deuteronomy-Passage-Status.txt	231338	782	7eebc0c688e71d1894e1b9b364be18fe99002f1d7da962f4b008f9a00c91545c	L1595965-R001,L1595966-R001,L1595967-R001
Deut	28	2	4Q30	1606678	PARTLY_RECONSTRUCTED	17	51	46	18	3	25	18	3	0	1	0	0	0	0	passage_status/DSS-Deuteronomy-Passage-Status.txt	232120	760	e80c38143d0c5911b0f3ddc841d5ca9cbfafc6e0889119b0637082db7518f05f	L1595967-R002,L1595968-R001
Deut	28	3	4Q30	1606678	PARTLY_RECONSTRUCTED	10	25	23	4	2	17	6	2	0	1	0	0	0	0	passage_status/DSS-Deuteronomy-Passage-Status.txt	232880	758	59be7f51ec26e8c71b6b633be82c5086b9da17cff3f155309716c69b203b4d46	L1595968-R002,L1595969-R001
Deut	28	4	4Q30	1606678	PARTLY_RECONSTRUCTED	15	55	48	17	3	28	20	3	0	1	0	0	0	0	passage_status/DSS-Deuteronomy-Passage-Status.txt	233638	766	fdde463344b14deb5ccce1335e4ff942c8e30c99e34c69a39ce28421e8118c99	L1595969-R002,L1595970-R001
Deut	28	5	4Q30	1606678	NO_LETTER_RECONSTRUCTION_MARKED	5	19	15	0	3	12	0	3	0	1	0	0	0	0	passage_status/DSS-Deuteronomy-Passage-Status.txt	234404	752	f9b5900bdaf91bd92e87c5124c64caa3c7f9d22f6c4bed711bea92b848a8c00a	L1595970-R002
Deut	28	6	4Q30	1606678	PARTLY_RECONSTRUCTED	10	29	25	10	4	11	10	4	0	1	0	0	0	0	passage_status/DSS-Deuteronomy-Passage-Status.txt	235156	760	bc45fea839dc53091b4a5b0211311444a6aabdd349ace61e82458586a00c56e9	L1595970-R003,L1595971-R001
Deut	28	7	4Q30	1606678	PARTLY_RECONSTRUCTED	23	77	70	34	3	33	36	3	0	1	0	0	0	0	passage_status/DSS-Deuteronomy-Passage-Status.txt	235916	754	36cdd22efbe85822df67be47f5f9842c3babaa686420e025cfafeb44f2be9c31	L1595971-R002,L1595972-R001
Deut	28	8	4Q30	1606678	PARTLY_RECONSTRUCTED	24	70	60	52	2	6	61	2	1	2	0	0	0	0	passage_status/DSS-Deuteronomy-Passage-Status.txt	236670	753	0327b02f012e96c4416ccbb6479ad669079e36a9428e37ce301eba84cf22d06f	L1595973-R001,L1595974-R001
Deut	28	9	4Q30	1606678	PARTLY_RECONSTRUCTED	21	67	60	55	1	4	60	1	0	1	0	0	0	0	passage_status/DSS-Deuteronomy-Passage-Status.txt	237423	769	3e654c986e3d6724b0b61b3ddcda9bf7ce30f6e950c5158ee3d8956dff507f6d	L1595974-R002,L1595975-R001,L1595976-R001
Deut	28	10	4Q30	1606678	PARTLY_RECONSTRUCTED	15	41	37	31	1	5	34	1	0	1	0	0	0	0	passage_status/DSS-Deuteronomy-Passage-Status.txt	238192	755	b68c52c7a5b8f70b874e2525addcbaa7b58a1d92131e6096fe8fa4a07dc4dd70	L1595976-R002,L1595977-R001
Deut	28	11	4Q30	1606678	PARTLY_RECONSTRUCTED	13	38	33	28	3	2	31	3	0	1	0	0	0	0	passage_status/DSS-Deuteronomy-Passage-Status.txt	238947	739	50ce544a0fea83d4c94e95ec521c4e1872ed73264a394c6d54ab4dae2bda8fe2	L1595977-R002
Deut	28	12	4Q30	1606678	PARTLY_RECONSTRUCTED	12	36	33	25	2	6	28	2	0	1	0	0	0	0	passage_status/DSS-Deuteronomy-Passage-Status.txt	239686	745	a22a2ea45abd396f8a21f5f49f2dcc85a56681a0fd9b034d770b95a0ee380a2c	L1595978-R001
Deut	28	13	4Q30	1606678	PARTLY_RECONSTRUCTED	36	95	89	72	4	13	74	5	0	1	0	0	0	0	passage_status/DSS-Deuteronomy-Passage-Status.txt	240431	784	d5b2ade17130a73ecc2732d9c3ab30f318540b170c3d2a3c9477dd2482b24934	L1595978-R002,L1595979-R001,L1595980-R001
Deut	28	19	4Q30	1606678	NO_LETTER_SLOTS	3	7	0	0	0	0	3	2	1	3	0	0	0	0	passage_status/DSS-Deuteronomy-Passage-Status.txt	241215	724	64edd4c46b9e26fb29e82f6cc62e92c1a44ab4c41db219c8b06376a642ba013b	L1595981-R001
Deut	28	20	4Q30	1606678	PARTLY_RECONSTRUCTED	29	80	74	65	2	7	69	2	0	1	0	0	0	0	passage_status/DSS-Deuteronomy-Passage-Status.txt	241939	761	5b2eb41c58af7335cbe363f4e22b3deb65d28e454663c458829ab63ad5ada126	L1595982-R001,L1595983-R001
Deut	28	22	4Q30	1606678	PARTLY_RECONSTRUCTED	24	58	54	38	4	12	41	4	0	1	0	0	0	0	passage_status/DSS-Deuteronomy-Passage-Status.txt	242700	762	2ff8683c558b0b6a6c40d054ee6d356bc25f4e3572ffddafbd92426a81dd6ad0	L1595984-R001,L1595985-R001
Deut	28	23	4Q30	1606678	PARTLY_RECONSTRUCTED	14	43	38	33	1	4	38	1	0	1	0	0	0	0	passage_status/DSS-Deuteronomy-Passage-Status.txt	243462	755	b590d25cb1ea3081d18fa6a48e21b55fb7354c3a0fb37c5cda94ff1594f3d65e	L1595985-R002,L1595986-R001
Deut	28	24	4Q30	1606678	PARTLY_RECONSTRUCTED	16	49	44	37	2	5	42	2	0	1	0	0	0	0	passage_status/DSS-Deuteronomy-Passage-Status.txt	244217	761	e0eeb063dc71b9847ea77c49ecd9ea151d2889d5e7aa5c04e60183cbac50ff0c	L1595986-R002,L1595987-R001
Deut	28	25	4Q30	1606678	PARTLY_RECONSTRUCTED	28	83	77	71	5	1	75	5	0	1	0	0	0	0	passage_status/DSS-Deuteronomy-Passage-Status.txt	244978	771	21f844b491b9ca3fa399af5f35e4c8c915a5b9cd1ec663db18c604e5adb87000	L1595987-R002,L1595988-R001,L1595989-R001
Deut	28	29	4Q30	1606678	PARTLY_RECONSTRUCTED	27	73	70	54	2	14	57	2	0	1	0	0	0	0	passage_status/DSS-Deuteronomy-Passage-Status.txt	245749	762	ee09fcd73fe95163929a3ad4a597eb2fa2bdd1f2d071b33975735f580e29a0e8	L1595990-R001,L1595991-R001
Deut	28	30	4Q30	1606678	PARTLY_RECONSTRUCTED	18	55	50	45	3	2	47	3	0	1	0	0	0	0	passage_status/DSS-Deuteronomy-Passage-Status.txt	246511	761	70eb50cb65438c200f0c05408f62c5d9f6276870dcad982eabef9329cf993a03	L1595991-R002,L1595992-R001
Deut	28	48	4Q30	1606678	PARTLY_RECONSTRUCTED	25	69	62	40	8	14	44	8	0	1	0	0	0	0	passage_status/DSS-Deuteronomy-Passage-Status.txt	247272	768	11fbdfe6bc4f526e2d329419785374c89360376c75083df0ad5d733b20775e7e	L1595993-R001,L1595994-R001
Deut	28	49	4Q30	1606678	PARTLY_RECONSTRUCTED	21	59	55	47	4	4	51	4	0	1	0	0	0	0	passage_status/DSS-Deuteronomy-Passage-Status.txt	248040	755	f97626ddb1ca7ac29aa3423972e2543217cade3987e2e07c3c399ec70b6a642d	L1595994-R002,L1595995-R001
Deut	28	50	4Q30	1606678	PARTLY_RECONSTRUCTED	15	38	34	30	3	1	32	3	1	2	0	0	0	0	passage_status/DSS-Deuteronomy-Passage-Status.txt	248795	761	ff8ad311608fc151d494856f5bae8f4e9beb8837390d21d8d56e141880b43bcd	L1595995-R002,L1595996-R001
Deut	28	61	4Q30	1606678	PARTLY_RECONSTRUCTED	17	42	39	34	2	3	35	2	0	1	0	0	0	0	passage_status/DSS-Deuteronomy-Passage-Status.txt	249556	739	fe4f175c9de610be00409d4ca0ad93bdcb7937d0fb88aa97a9c6c4ca23725f2f	L1595997-R001
Deut	29	17	4Q30	1606678	PARTLY_RECONSTRUCTED	31	85	80	79	1	0	84	1	0	1	0	0	0	0	passage_status/DSS-Deuteronomy-Passage-Status.txt	250295	755	feaf4dff43c7645407d1bc4c015b2487206b3d8c1c3db57de0cfae4a5ba4e958	L1595998-R001,L1595999-R001
Deut	29	18	4Q30	1606678	PARTLY_RECONSTRUCTED	32	87	81	67	1	13	71	1	0	1	0	0	0	0	passage_status/DSS-Deuteronomy-Passage-Status.txt	251050	772	aabbd01dc37af82297cd8bb4a2049a9dcc9f62fbbfe34d48e4ec328c89299e5c	L1595999-R002,L1596000-R001,L1596001-R001
Deut	29	19	4Q30	1606678	PARTLY_RECONSTRUCTED	18	49	41	22	1	18	26	2	1	3	0	0	0	0	passage_status/DSS-Deuteronomy-Passage-Status.txt	251822	756	7e43263eb28383af8930f2560e5eec2b80f4d8a8af6d76a599b34c8452c87d5f	L1596001-R002,L1596002-R001
Deut	31	16	4Q30	1606678	PARTLY_RECONSTRUCTED	33	95	86	45	6	35	48	6	0	1	0	0	0	0	passage_status/DSS-Deuteronomy-Passage-Status.txt	252578	774	302e963674ed7b7c1fa45ea8b21f680d7ecb02f0f40cbc9c23fe1b3a2ae6dd3f	L1596003-R001,L1596004-R001
Deut	31	17	4Q30	1606678	PARTLY_RECONSTRUCTED	45	127	116	46	4	65	53	4	0	1	0	5	0	0	passage_status/DSS-Deuteronomy-Passage-Status.txt	253352	785	e95e2bb1d9c76598aec5c15954dc87bcc68f9af4fba55559f3aca0a3d1651cee	L1596005-R001,L1596006-R001,L1596007-R001
Deut	31	18	4Q30	1606678	PARTLY_RECONSTRUCTED	22	65	61	39	4	18	41	4	0	1	0	0	0	0	passage_status/DSS-Deuteronomy-Passage-Status.txt	254137	778	eb0ae4c5f2c3b2332e606e8db138625a6502368155037e6425e6ab0f2456aa02	L1596007-R002,L1596008-R001,L1596009-R001
Deut	31	19	4Q30	1606678	PARTLY_RECONSTRUCTED	22	67	60	25	5	30	26	5	0	1	0	0	0	0	passage_status/DSS-Deuteronomy-Passage-Status.txt	254915	762	8fa725df277941b6d3dbbdae04edbb0145881721612e6b3fe6626cb7002bb6e9	L1596009-R002,L1596010-R001
Deut	32	3	4Q30	1606678	PARTLY_RECONSTRUCTED	6	18	13	11	0	2	14	0	1	2	0	0	0	0	passage_status/DSS-Deuteronomy-Passage-Status.txt	255677	731	eb940bf426a14f7ac4e9b8186f680cd9a88b5ddb78477d120368497d709275c3	L1596011-R001
Deut	2	24	4Q31	1606679	PARTLY_RECONSTRUCTED	16	47	43	35	3	5	38	3	0	1	0	0	0	0	passage_status/DSS-Deuteronomy-Passage-Status.txt	256408	749	991f906fa0317c3854e04bc9f26aec1d151d7842f5fe48576a00697a48480cef	L1596029-R001
Deut	2	25	4Q31	1606679	PARTLY_RECONSTRUCTED	28	78	71	56	5	10	62	5	0	1	0	0	0	0	passage_status/DSS-Deuteronomy-Passage-Status.txt	257157	782	dc2c3464de9cf6db93a4a87a2bd21992dbe4eb1aabb08d1f0f9028daddb0c624	L1596029-R002,L1596030-R001,L1596031-R001
Deut	2	26	4Q31	1606679	PARTLY_RECONSTRUCTED	15	48	46	24	0	22	26	0	0	1	0	0	0	0	passage_status/DSS-Deuteronomy-Passage-Status.txt	257939	749	77e927bf9c4cb6131a7cc470cdb743b0b51d2ffd4f9a51bbb01cd7eaccf694ba	L1596031-R002,L1596032-R001
Deut	2	27	4Q31	1606679	PARTLY_RECONSTRUCTED	14	39	36	12	1	23	13	1	0	1	0	0	0	0	passage_status/DSS-Deuteronomy-Passage-Status.txt	258688	738	2c588879c025c049df1077f97bfb9e16a80bc4e162c5a527999f06789a672b5a	L1596032-R002
Deut	2	28	4Q31	1606679	PARTLY_RECONSTRUCTED	19	55	50	31	4	15	33	4	0	1	0	0	0	0	passage_status/DSS-Deuteronomy-Passage-Status.txt	259426	760	d40d3831ae9753412e66944ebe30d4c41bb79db2e15582d498e9f9434be71447	L1596032-R003,L1596033-R001
Deut	2	29	4Q31	1606679	PARTLY_RECONSTRUCTED	32	89	84	56	6	22	60	6	0	1	0	0	0	0	passage_status/DSS-Deuteronomy-Passage-Status.txt	260186	776	580853319db8c844915f7c8857fe7ef1cb30dc614b741fe9bcb3a965491e974d	L1596033-R002,L1596034-R001,L1596035-R001
Deut	2	30	4Q31	1606679	PARTLY_RECONSTRUCTED	27	84	75	43	10	22	48	10	0	1	0	0	0	0	passage_status/DSS-Deuteronomy-Passage-Status.txt	260962	774	4ed056e29e8a5cac57df63a23fcf8afe610e1f94784cb6d4d503b129804882cd	L1596035-R002,L1596036-R001
Deut	2	31	4Q31	1606679	PARTLY_RECONSTRUCTED	21	61	55	38	5	12	40	5	0	1	0	0	0	0	passage_status/DSS-Deuteronomy-Passage-Status.txt	261736	760	5a70eacbb658213bd975e593f34fa6a010fbbcc8e410f74e47b8c21bd331a341	L1596036-R002,L1596037-R001
Deut	2	32	4Q31	1606679	ALL_LETTER_SLOTS_RECONSTRUCTED	13	39	34	34	0	0	39	0	0	1	0	0	0	0	passage_status/DSS-Deuteronomy-Passage-Status.txt	262496	742	79a6fee071bf79a3659f8caedc0b2bea9605975d2e3cf1e67086f2c4aa528c97	L1596038-R001
Deut	2	33	4Q31	1606679	PARTLY_RECONSTRUCTED	17	50	42	27	2	13	32	2	0	1	0	0	0	0	passage_status/DSS-Deuteronomy-Passage-Status.txt	263238	760	bf3e916ee3bdf3f82bb6fdddc189af95d2b162a004e24819dac90c02fddb2d3c	L1596038-R002,L1596039-R001
Deut	2	34	4Q31	1606679	PARTLY_RECONSTRUCTED	25	60	57	49	5	3	51	5	0	1	0	0	0	0	passage_status/DSS-Deuteronomy-Passage-Status.txt	263998	765	13f355f371ff095dc220ff5aa91e10101f6fe2857a21f2e636f943dc45eeae12	L1596039-R002,L1596040-R001
Deut	2	35	4Q31	1606679	PARTLY_RECONSTRUCTED	12	35	32	24	4	4	27	4	0	1	0	0	0	0	passage_status/DSS-Deuteronomy-Passage-Status.txt	264763	759	c206a530a51078aa10bfc4bfc31d0151ffc87ae4ed97b353599498aaca5c0957	L1596040-R002,L1596041-R001
Deut	2	36	4Q31	1606679	PARTLY_RECONSTRUCTED	20	48	46	24	5	17	24	5	0	1	0	0	0	0	passage_status/DSS-Deuteronomy-Passage-Status.txt	265522	750	a549faaaab5c50c2282d5495bb6094257768277803d2edcb49096e797631935f	L1596041-R002
Deut	3	14	4Q31	1606679	PARTLY_RECONSTRUCTED	22	56	52	47	3	2	49	3	0	1	0	0	0	0	passage_status/DSS-Deuteronomy-Passage-Status.txt	266272	749	a93636c327e939dfc5eb26db31ac31e21a577c76e555cc481d45e213ba20f1a9	L1596042-R001
Deut	3	15	4Q31	1606679	ALL_LETTER_SLOTS_RECONSTRUCTED	8	19	17	17	0	0	19	0	0	1	0	0	0	0	passage_status/DSS-Deuteronomy-Passage-Status.txt	267021	741	d3db5820bf085abd05ccce7cb5138e7a2e1fce1c4dad3d57e1c1428e6143becd	L1596043-R001
Deut	3	16	4Q31	1606679	PARTLY_RECONSTRUCTED	27	67	65	39	4	22	39	4	0	1	0	0	0	0	passage_status/DSS-Deuteronomy-Passage-Status.txt	267762	766	aae1da6720fa90cf66105cab0f1539eb8469b9bda68d8f655a3742f97bab5d54	L1596043-R002,L1596044-R001
Deut	3	17	4Q31	1606679	PARTLY_RECONSTRUCTED	24	58	55	21	1	33	24	1	0	1	0	0	0	0	passage_status/DSS-Deuteronomy-Passage-Status.txt	268528	754	cd7adbd9e8b78df8a75ce306ca22adfbb12340474b4459eaf70164cc8e867b2d	L1596044-R002,L1596045-R001
Deut	3	18	4Q31	1606679	PARTLY_RECONSTRUCTED	31	92	85	23	9	53	23	9	0	1	0	0	0	0	passage_status/DSS-Deuteronomy-Passage-Status.txt	269282	788	67764a12b8509af656614935703d72025b05312e8896bfe38bc285712ce6bd4f	L1596045-R002,L1596046-R001,L1596047-R001
Deut	3	19	4Q31	1606679	PARTLY_RECONSTRUCTED	17	61	53	7	9	37	10	9	0	1	0	0	0	0	passage_status/DSS-Deuteronomy-Passage-Status.txt	270070	765	8d3105cf777c923d266fdcbde4c0ea3916b6a086ca4d2809f949e53cb5f1ff61	L1596047-R002,L1596048-R001
Deut	3	20	4Q31	1606679	PARTLY_RECONSTRUCTED	32	97	89	17	13	59	19	13	0	1	0	0	0	0	passage_status/DSS-Deuteronomy-Passage-Status.txt	270835	784	2f782dd1306d3f7de6eee3c93bcbf13e85139986cc8f99fab764f5adff383da0	L1596048-R002,L1596049-R001,L1596050-R001
Deut	3	21	4Q31	1606679	PARTLY_RECONSTRUCTED	37	103	98	16	6	76	19	6	0	1	0	0	0	0	passage_status/DSS-Deuteronomy-Passage-Status.txt	271619	783	47876ea728f5fa6482e322f80d6f0f0d84b5e79941bd59951bf0a7e98e5ebf5e	L1596050-R002,L1596051-R001,L1596052-R001
Deut	3	22	4Q31	1606679	NO_LETTER_RECONSTRUCTION_MARKED	10	35	30	0	8	22	0	8	0	1	0	0	0	0	passage_status/DSS-Deuteronomy-Passage-Status.txt	272402	781	430e9fe2aa0ca89b71086d5e10c642625c0f920a6781da215a1d2895bbe4fe61	L1596052-R002,L1596053-R001
Deut	3	23	4Q31	1606679	PARTLY_RECONSTRUCTED	11	25	23	10	1	12	10	1	0	1	0	0	0	0	passage_status/DSS-Deuteronomy-Passage-Status.txt	273183	738	17eb0a54662bbddf8ef75ac10b31fdfaa30e617625c053b1bbd83b46fb4875a0	L1596053-R002
Deut	3	24	4Q31	1606679	PARTLY_RECONSTRUCTED	31	88	81	35	4	41	41	4	0	1	0	1	0	0	passage_status/DSS-Deuteronomy-Passage-Status.txt	273921	781	e249a6bc634681e84459c3eb7fdf9a8fe6f9b167ae8025c7cbf235e6686ff288	L1596053-R003,L1596054-R001,L1596055-R001
Deut	3	25	4Q31	1606679	PARTLY_RECONSTRUCTED	24	53	51	14	3	34	14	3	0	1	0	0	0	0	passage_status/DSS-Deuteronomy-Passage-Status.txt	274702	760	ee1ddd409c9d729b2df14e10ddcb7c1515b89de82750c17e465e3c83dd408e77	L1596055-R002,L1596056-R001
Deut	3	26	4Q31	1606679	PARTLY_RECONSTRUCTED	25	72	64	20	4	40	24	4	0	1	0	0	0	0	passage_status/DSS-Deuteronomy-Passage-Status.txt	275462	770	3b4d218cbbc960b84f70e2bab218f84b460a48a5f22ec54e3c202ecb1b13852b	L1596056-R002,L1596057-R001,L1596058-R001
Deut	3	27	4Q31	1606679	PARTLY_RECONSTRUCTED	27	74	67	10	8	49	10	8	0	1	0	0	0	0	passage_status/DSS-Deuteronomy-Passage-Status.txt	276232	766	8941c2b9dd752e0db99eaee49a3a71d46c6c1e1e5567184af126f12b1cf9e1da	L1596058-R002,L1596059-R001
Deut	3	28	4Q31	1606679	PARTLY_RECONSTRUCTED	27	70	65	20	7	38	23	7	0	1	0	0	0	0	passage_status/DSS-Deuteronomy-Passage-Status.txt	276998	782	feed0fda392dc0980d7279e4b68fa76599377dffc9e2664d01a91901ef815352	L1596059-R002,L1596060-R001,L1596061-R001
Deut	3	29	4Q31	1606679	PARTLY_RECONSTRUCTED	8	20	18	4	1	13	4	1	0	1	0	0	0	0	passage_status/DSS-Deuteronomy-Passage-Status.txt	277780	735	26cd9d0be07d5af4d6e5554920d8c044af3edbd0ef67dc21576e3295c589192f	L1596061-R002
Deut	4	1	4Q31	1606679	PARTLY_RECONSTRUCTED	18	52	49	37	2	10	38	2	0	1	0	0	0	0	passage_status/DSS-Deuteronomy-Passage-Status.txt	278515	736	e94592678b8b71865c792ee8f888bc49484c2c6ef123a6b963c6a89a0f218d86	L1596062-R001
Deut	3	24	4Q32	1606680	PARTLY_RECONSTRUCTED	11	34	27	9	10	8	14	10	2	3	0	0	0	0	passage_status/DSS-Deuteronomy-Passage-Status.txt	279251	750	3d0f4770978e9408902cad89832948efae1b8bb6f42adc982c9a496256c99a23	L1596063-R001
Deut	7	12	4Q32	1606680	PARTLY_RECONSTRUCTED	19	55	45	33	5	7	37	6	1	3	0	0	0	0	passage_status/DSS-Deuteronomy-Passage-Status.txt	280001	759	2cc8e69226990a4beedd891d427b2edc39aaf7e8b51336faac79128c8058e4f5	L1596064-R001,L1596065-R001
Deut	7	13	4Q32	1606680	PARTLY_RECONSTRUCTED	34	108	94	34	8	52	37	8	0	1	0	0	0	0	passage_status/DSS-Deuteronomy-Passage-Status.txt	280760	783	9f54c1e9b00636c3f3f227d818e630e1d6bec3e39d5b9af2fbf4cbbaaa0c5d73	L1596065-R002,L1596066-R001,L1596067-R001
Deut	7	14	4Q32	1606680	PARTLY_RECONSTRUCTED	16	43	39	2	7	30	2	7	0	1	0	0	0	0	passage_status/DSS-Deuteronomy-Passage-Status.txt	281543	770	b5b1ededd7efa72b5ef58c605f8fb5b1e4a295721a0048153cd2768dec386283	L1596067-R002,L1596068-R001
Deut	7	15	4Q32	1606680	PARTLY_RECONSTRUCTED	23	71	63	10	6	47	12	6	0	2	0	0	0	0	passage_status/DSS-Deuteronomy-Passage-Status.txt	282313	766	e22dfa26e8cde9dd69648d3c28be2fb0e91056516444d44a1537640a1b27bd6c	L1596068-R002,L1596069-R001
Deut	7	16	4Q32	1606680	NO_LETTER_RECONSTRUCTION_MARKED	4	9	7	0	1	6	0	1	0	1	0	0	0	0	passage_status/DSS-Deuteronomy-Passage-Status.txt	283079	743	c4af20fda4588b2ada5b3c471db0c1547c34660dec9a416c13fe06aae7caa5fa	L1596069-R002
Deut	7	21	4Q32	1606680	PARTLY_RECONSTRUCTED	15	46	39	34	2	3	38	2	1	2	0	0	0	0	passage_status/DSS-Deuteronomy-Passage-Status.txt	283822	759	5f745ebf7fece42beca053b6899b6f7ac13112275b714be856c861a4864760f2	L1596070-R001,L1596071-R001
Deut	7	22	4Q32	1606680	PARTLY_RECONSTRUCTED	24	70	64	35	7	22	40	7	0	1	0	0	0	0	passage_status/DSS-Deuteronomy-Passage-Status.txt	284581	782	523d6d370908ee0a2b1c7c3985fe1226275d4e462761f5ba8457c2feef947f9c	L1596071-R002,L1596072-R001,L1596073-R001
Deut	7	23	4Q32	1606680	PARTLY_RECONSTRUCTED	13	46	38	14	8	16	17	8	0	2	0	0	0	0	passage_status/DSS-Deuteronomy-Passage-Status.txt	285363	744	acdbbb71e5d01c98195d6e920bbb052519591050018c568f5add948350b5cdcc	L1596073-R002
Deut	7	24	4Q32	1606680	PARTLY_RECONSTRUCTED	22	67	59	41	4	14	49	4	0	1	0	0	0	0	passage_status/DSS-Deuteronomy-Passage-Status.txt	286107	760	28861327468b1d788984324e93fdf2c4dff1f3f5acd8da0b158f7988999e91ff	L1596074-R001,L1596075-R001
Deut	7	25	4Q32	1606680	PARTLY_RECONSTRUCTED	23	80	72	43	6	23	47	6	0	1	0	0	0	0	passage_status/DSS-Deuteronomy-Passage-Status.txt	286867	760	905155e505b821b979b31f9cdaa2a6d8484c9d9bc63e3a017f572c7cd9dc0d6e	L1596075-R002,L1596076-R001
Deut	7	26	4Q32	1606680	PARTLY_RECONSTRUCTED	19	63	57	37	1	19	41	1	0	1	0	0	0	0	passage_status/DSS-Deuteronomy-Passage-Status.txt	287627	770	04f2da941d844e9a39b331cb3d137b430d13a755cd2d2880830c900d87485e57	L1596076-R002,L1596077-R001,L1596078-R001
Deut	8	1	4Q32	1606680	PARTLY_RECONSTRUCTED	28	89	83	62	2	19	66	2	0	1	0	0	0	0	passage_status/DSS-Deuteronomy-Passage-Status.txt	288397	774	36b119247548ffc43227db6d6390521bf9d29716fe84f8a09a0e894c8e6ae890	L1596078-R002,L1596079-R001,L1596080-R001
Deut	8	2	4Q32	1606680	PARTLY_RECONSTRUCTED	31	95	87	63	3	21	67	3	0	1	0	0	0	0	passage_status/DSS-Deuteronomy-Passage-Status.txt	289171	758	a34661934c8558c7c3fbe61d0234567dfdc321e87497bbf2efbbb4d993008b9e	L1596080-R002,L1596081-R001
Deut	8	3	4Q32	1606680	PARTLY_RECONSTRUCTED	38	108	99	89	7	3	96	7	0	1	0	0	0	0	passage_status/DSS-Deuteronomy-Passage-Status.txt	289929	780	ed0453c07fc680a63d215306f9dd442442ee894a55296964770683c6833cffeb	L1596082-R001,L1596083-R001,L1596084-R001
Deut	8	4	4Q32	1606680	PARTLY_RECONSTRUCTED	13	43	38	26	2	10	28	2	0	1	0	0	0	0	passage_status/DSS-Deuteronomy-Passage-Status.txt	290709	736	78a53c9b0507f00213932cd423aeee29deef1c7cfb0b8299e4352dc90981890c	L1596084-R002
Deut	8	5	4Q32	1606680	PARTLY_RECONSTRUCTED	15	49	43	33	2	8	38	2	0	1	0	0	0	0	passage_status/DSS-Deuteronomy-Passage-Status.txt	291445	751	21d2c5459ab1507f0bebd0ef25ff0b91995e5a332378a341577aa76c9bb25fb7	L1596085-R001,L1596086-R001
Deut	8	6	4Q32	1606680	PARTLY_RECONSTRUCTED	15	45	39	36	0	3	39	0	0	1	0	0	0	0	passage_status/DSS-Deuteronomy-Passage-Status.txt	292196	746	28a514cb3e82e359b65ca2d5c5575411f5d213291c190220d6b0350231f3cf38	L1596086-R002,L1596087-R001
Deut	8	7	4Q32	1606680	PARTLY_RECONSTRUCTED	25	72	58	57	1	0	67	1	4	6	0	0	0	0	passage_status/DSS-Deuteronomy-Passage-Status.txt	292942	799	7c42317e461b53d096cebfb92fd6aeed5e888222d02ef9cd48d565d6f403bbd0	L1596087-R002,L1596088-R001,L1596089-R001,L1596090-R001,L1596091-R001
Deut	8	9	4Q32	1606680	NO_LETTER_SLOTS	3	6	0	0	0	0	4	1	1	3	0	0	0	0	passage_status/DSS-Deuteronomy-Passage-Status.txt	293741	720	8903b3fd2c135fb248651d4c844b229f3484f29e6e78e674b6c077541f51d3b0	L1596092-R001
Deut	8	10	4Q32	1606680	PARTLY_RECONSTRUCTED	18	48	44	42	2	0	46	2	0	1	0	0	0	0	passage_status/DSS-Deuteronomy-Passage-Status.txt	294461	759	ac3a1ec9672fa23bbd4869ce2550de31529f53e7e81ce29195a1820ab4af2d07	L1596092-R002,L1596093-R001
Deut	8	11	4Q32	1606680	PARTLY_RECONSTRUCTED	25	81	65	62	2	1	76	2	3	5	0	0	0	0	passage_status/DSS-Deuteronomy-Passage-Status.txt	295220	807	ec4dc28e2491d9cf361bc6954a5a23b2acd6a562f9d2d42976ac06870bf6e4e2	L1596093-R002,L1596094-R001,L1596095-R001,L1596096-R001,L1596097-R001
Deut	8	15	4Q32	1606680	PARTLY_RECONSTRUCTED	27	73	69	66	3	0	70	3	0	1	0	0	0	0	passage_status/DSS-Deuteronomy-Passage-Status.txt	296027	753	b501beb8078ff479f4db3b9807f4c010e8fd2e8586f5d4171c225c77f308c265	L1596098-R001,L1596099-R001
Deut	8	16	4Q32	1606680	PARTLY_RECONSTRUCTED	20	69	58	54	3	1	63	3	1	2	0	0	0	0	passage_status/DSS-Deuteronomy-Passage-Status.txt	296780	781	3b97124845f017a8981245adf2d7ad726eacaa84bb049e5800c3addc41a1c64e	L1596099-R002,L1596100-R001,L1596101-R001
Deut	4	23	4Q33	1606681	NO_LETTER_SLOTS	5	10	0	0	0	0	9	1	3	5	0	0	0	0	passage_status/DSS-Deuteronomy-Passage-Status.txt	297561	739	75da52646d14786574be04239b6bfed5d4277bfb86a9285618480a38877e0ba4	L1596106-R001,L1596107-R001
Deut	4	24	4Q33	1606681	PARTLY_RECONSTRUCTED	9	28	25	18	2	5	21	2	0	1	0	0	0	0	passage_status/DSS-Deuteronomy-Passage-Status.txt	298300	742	52c84d21e1464de2d4b690103bcfbfb7b0bdcc22f46d77ba15051e1416765b6d	L1596107-R002
Deut	4	25	4Q33	1606681	PARTLY_RECONSTRUCTED	28	86	82	48	9	25	48	9	0	1	0	0	0	0	passage_status/DSS-Deuteronomy-Passage-Status.txt	299042	766	f106daddd30d8750a7537af95ef18a6ef7e826b1c4bd5b797c16e85acb02cf6d	L1596108-R001,L1596109-R001
Deut	4	26	4Q33	1606681	PARTLY_RECONSTRUCTED	37	113	102	68	11	23	75	11	1	2	0	0	0	0	passage_status/DSS-Deuteronomy-Passage-Status.txt	299808	786	11e9f69595856e8a5e6f42a3338a4d70198aa4f33fdcd97796f0f7492d6f726c	L1596109-R002,L1596110-R001,L1596111-R001
Deut	7	22	4Q33	1606681	PARTLY_RECONSTRUCTED	25	73	65	37	1	27	41	1	1	2	0	0	0	0	passage_status/DSS-Deuteronomy-Passage-Status.txt	300594	754	4116038272d3a25e2069495783e1f81e764e0102dd45e40f5a0813806437947a	L1596112-R001,L1596113-R001
Deut	7	23	4Q33	1606681	PARTLY_RECONSTRUCTED	13	46	39	26	3	10	29	3	0	1	0	0	0	0	passage_status/DSS-Deuteronomy-Passage-Status.txt	301348	766	43e7eee5d1430be2c279bc4f4a24281127ab97f7878d3f15d375ed93801b46f6	L1596113-R002,L1596114-R001
Deut	7	24	4Q33	1606681	PARTLY_RECONSTRUCTED	22	67	59	45	5	9	50	5	0	1	0	0	0	0	passage_status/DSS-Deuteronomy-Passage-Status.txt	302114	759	c67d034bb868472474e8c708c526ca60d51c8c4d1f4e06b6142048b7a0020411	L1596114-R002,L1596115-R001
Deut	7	25	4Q33	1606681	PARTLY_RECONSTRUCTED	23	80	72	67	2	3	75	2	0	1	0	0	0	0	passage_status/DSS-Deuteronomy-Passage-Status.txt	302873	759	f2d0e9af379c40cba9e02b66d95bc9d71bae60eb19d52cb735dd13599378b0a9	L1596116-R001,L1596117-R001
Deut	7	26	4Q33	1606681	NO_LETTER_SLOTS	4	9	0	0	0	0	5	2	2	4	0	0	0	0	passage_status/DSS-Deuteronomy-Passage-Status.txt	303632	722	29d1a1c6dfffbf62f1c8ff11e05332c2c9379671d422715bbf530a5d0dacc1a4	L1596117-R002
Deut	8	2	4Q33	1606681	PARTLY_RECONSTRUCTED	23	74	67	42	5	20	46	5	0	1	0	0	0	0	passage_status/DSS-Deuteronomy-Passage-Status.txt	304354	758	c0d06257ac6776dce6e2605472b1c413e663994f6b4321566ae1e841c9e74a9b	L1596118-R001,L1596119-R001
Deut	8	3	4Q33	1606681	PARTLY_RECONSTRUCTED	38	108	99	63	8	28	70	8	0	1	0	0	0	0	passage_status/DSS-Deuteronomy-Passage-Status.txt	305112	781	db4645981a388ce1a501264f628ca83b4866e13e73b3cc6d673f17c5c8c7f332	L1596119-R002,L1596120-R001,L1596121-R001
Deut	8	4	4Q33	1606681	PARTLY_RECONSTRUCTED	14	46	40	25	6	8	28	6	0	1	0	1	0	0	passage_status/DSS-Deuteronomy-Passage-Status.txt	305893	762	ab545ebf2eb84021e937dd4c3dbb1e9821ccccf141a4adf777074d5036d7b94d	L1596121-R002,L1596122-R001
Deut	8	5	4Q33	1606681	PARTLY_RECONSTRUCTED	15	49	43	36	2	5	41	2	0	1	0	0	0	0	passage_status/DSS-Deuteronomy-Passage-Status.txt	306655	757	d0b919247cd477b9f60b51521c6708eee8750c09dda97b19cfebc144a2216344	L1596122-R002,L1596123-R001
Deut	8	6	4Q33	1606681	PARTLY_RECONSTRUCTED	15	45	39	33	1	5	35	1	0	1	0	0	0	0	passage_status/DSS-Deuteronomy-Passage-Status.txt	307412	751	2d0dca891fb8989539bb8a7159ea609dcc3419f72a49581957b0fde9624e7e2c	L1596123-R002,L1596124-R001
Deut	8	7	4Q33	1606681	PARTLY_RECONSTRUCTED	22	67	63	50	1	12	54	1	0	1	0	0	0	0	passage_status/DSS-Deuteronomy-Passage-Status.txt	308163	752	b0b0b9256e0a09501faa912b216fc1137ed72ae20fff1b5220b5a6d0a1488016	L1596125-R001,L1596126-R001
Deut	8	8	4Q33	1606681	PARTLY_RECONSTRUCTED	16	40	38	22	3	12	24	3	0	1	0	1	0	0	passage_status/DSS-Deuteronomy-Passage-Status.txt	308915	763	d43153a26c08ed430f41647c363bad24276a80b41046d2f20a6d155cf0c1623b	L1596126-R002,L1596127-R001
Deut	8	9	4Q33	1606681	PARTLY_RECONSTRUCTED	23	70	64	29	3	32	31	3	0	1	0	1	0	0	passage_status/DSS-Deuteronomy-Passage-Status.txt	309678	757	62dbd9ea447e5b8b4f59f0435d5d8f2fc26d4c6da828ef76231cdee83a0a22f1	L1596127-R002,L1596128-R001
Deut	8	10	4Q33	1606681	PARTLY_RECONSTRUCTED	18	49	45	33	3	9	35	3	0	1	0	0	0	0	passage_status/DSS-Deuteronomy-Passage-Status.txt	310435	753	489e61cb2ec58018c7d8b64d71dbfd03c59484bf7b5b7f7c50b41a2587ed7a96	L1596128-R002,L1596129-R001
Deut	8	11	4Q33	1606681	PARTLY_RECONSTRUCTED	21	73	65	52	1	12	59	1	0	1	0	0	0	0	passage_status/DSS-Deuteronomy-Passage-Status.txt	311188	754	5d6100542c768952c3358d381a5278ccf3526f86ef9c702986105228083119a7	L1596130-R001,L1596131-R001
Deut	8	12	4Q33	1606681	PARTLY_RECONSTRUCTED	11	32	30	16	1	13	18	1	0	1	0	0	0	0	passage_status/DSS-Deuteronomy-Passage-Status.txt	311942	754	f1ead6630f91e71b17ca9816ce6ea5b764e0c97cd60af189d1903000cc7144fe	L1596131-R002,L1596132-R001
Deut	8	13	4Q33	1606681	PARTLY_RECONSTRUCTED	17	48	41	32	2	7	37	2	0	1	0	0	0	0	passage_status/DSS-Deuteronomy-Passage-Status.txt	312696	737	c014cc3b6b44f5a1f23a85bf05ae9898246a61190d79ffc31783dab16071e3a3	L1596132-R002
Deut	8	14	4Q33	1606681	PARTLY_RECONSTRUCTED	17	53	48	38	2	8	39	3	0	1	0	0	0	0	passage_status/DSS-Deuteronomy-Passage-Status.txt	313433	737	bd22a71e242655639b65c91cd87d5ec3a6666bb0787c5814b1871bc6da016251	L1596133-R001
Deut	9	6	4Q33	1606681	PARTLY_RECONSTRUCTED	19	52	47	42	1	4	47	1	0	1	0	0	0	0	passage_status/DSS-Deuteronomy-Passage-Status.txt	314170	735	3474ed792d9b7af3af7517accd754c4cfbbcebda2a32e82091a3f5ef33042052	L1596134-R001
Deut	9	7	4Q33	1606681	PARTLY_RECONSTRUCTED	33	96	90	85	2	3	89	2	1	2	0	0	0	0	passage_status/DSS-Deuteronomy-Passage-Status.txt	314905	773	c385709121da6bc4efe117fa831fd6a92447ea48082f9aacb43dfc228c6407fc	L1596134-R002,L1596135-R001,L1596136-R001
Deut	17	17	4Q33	1606681	PARTLY_RECONSTRUCTED	14	38	34	27	3	4	29	3	0	1	0	0	0	0	passage_status/DSS-Deuteronomy-Passage-Status.txt	315678	761	ebcc32d6dce16b7d06216a8e105471b6f2441652d58e572c8648883edc4805f9	L1596137-R001,L1596138-R001
Deut	17	18	4Q33	1606681	PARTLY_RECONSTRUCTED	8	24	20	18	2	0	20	2	0	1	0	0	0	0	passage_status/DSS-Deuteronomy-Passage-Status.txt	316439	744	5982666cbf7d2af227e1cd5a9f65fb9ebc874c2aeecc26cc49506137cf5ece5d	L1596138-R002
Deut	18	6	4Q33	1606681	PARTLY_RECONSTRUCTED	17	44	41	33	1	7	36	1	0	1	0	0	0	0	passage_status/DSS-Deuteronomy-Passage-Status.txt	317183	737	1ab5238906a506e5f4833711db53c397ed8397473ae2f31875ef24d837c9734f	L1596139-R001
Deut	18	7	4Q33	1606681	PARTLY_RECONSTRUCTED	18	48	44	35	0	9	39	0	0	1	0	0	0	0	passage_status/DSS-Deuteronomy-Passage-Status.txt	317920	748	9a69581d21a3d8d57d372a11e5289c91c87dbcee4685c752286f2ef9e9774d42	L1596139-R002,L1596140-R001
Deut	18	8	4Q33	1606681	PARTLY_RECONSTRUCTED	11	33	29	15	0	14	17	0	0	1	0	0	0	0	passage_status/DSS-Deuteronomy-Passage-Status.txt	318668	749	1aeb823266f92698bb93927c868546ec0bd3c96c7627791dd34a453e1fdf4178	L1596140-R002,L1596141-R001
Deut	18	9	4Q33	1606681	PARTLY_RECONSTRUCTED	22	59	55	42	1	12	44	1	0	1	0	0	0	0	passage_status/DSS-Deuteronomy-Passage-Status.txt	319417	754	80386524a43fc61d8c32ca76e3cce11b6faa50b979b6e8f1af754d1066ad00db	L1596141-R002,L1596142-R001
Deut	18	10	4Q33	1606681	PARTLY_RECONSTRUCTED	18	53	46	38	2	6	42	2	1	2	0	0	0	0	passage_status/DSS-Deuteronomy-Passage-Status.txt	320171	761	e1d0ba7fe168f3401fddf9deb44b3757364cae15eaed9caa16af6bc72f1d69c8	L1596142-R002,L1596143-R001
Deut	18	18	4Q33	1606681	PARTLY_RECONSTRUCTED	15	51	43	29	0	14	35	0	0	1	0	0	0	0	passage_status/DSS-Deuteronomy-Passage-Status.txt	320932	735	85ede89969bc1dceba6ab78f7cd7b3d13867510f13234f82847a892a1bb5d4dc	L1596144-R001
Deut	18	19	4Q33	1606681	PARTLY_RECONSTRUCTED	18	51	46	31	2	13	34	2	0	1	0	0	0	0	passage_status/DSS-Deuteronomy-Passage-Status.txt	321667	762	d85aba82f2f05694a1e8ad5ba14a1bc4c41ebd115b372a1981c0e12af9f5210d	L1596144-R002,L1596145-R001
Deut	18	20	4Q33	1606681	PARTLY_RECONSTRUCTED	30	79	75	58	3	14	59	3	0	1	0	0	0	0	passage_status/DSS-Deuteronomy-Passage-Status.txt	322429	762	cea902b692fca565778b45a8e24ab1be2b56ce0f95260e2084e2bd3fd24823f4	L1596145-R002,L1596146-R001
Deut	18	21	4Q33	1606681	PARTLY_RECONSTRUCTED	15	42	38	29	3	6	33	3	0	1	0	0	0	0	passage_status/DSS-Deuteronomy-Passage-Status.txt	323191	745	6754f800c879306d6a02357979d04f6f9b3ae13c1d861d529e35bdb36ede5b64	L1596147-R001
Deut	18	22	4Q33	1606681	PARTLY_RECONSTRUCTED	28	75	71	65	3	3	67	3	0	1	0	0	0	0	passage_status/DSS-Deuteronomy-Passage-Status.txt	323936	761	c830e7bda42b458a588ec435002057d80e84731b34254a1f8c6fcca5718f1ef4	L1596147-R002,L1596148-R001
Deut	19	13	4Q33	1606681	ALL_LETTER_SLOTS_RECONSTRUCTED	4	9	6	6	0	0	7	0	0	1	0	0	0	0	passage_status/DSS-Deuteronomy-Passage-Status.txt	324697	739	6024140a144df5ce614e49e331c1ebfec13624f8a9895de854abc51e7af2babc	L1596149-R001
Deut	19	14	4Q33	1606681	PARTLY_RECONSTRUCTED	21	72	65	60	0	5	67	0	0	1	0	0	0	0	passage_status/DSS-Deuteronomy-Passage-Status.txt	325436	750	b3fe3fc1744f60664b1de3a89c88b0771a1a59f92c56da50935a2213e9fbc6be	L1596149-R002,L1596150-R001
Deut	19	15	4Q33	1606681	PARTLY_RECONSTRUCTED	20	46	42	40	0	2	42	0	1	2	0	0	0	0	passage_status/DSS-Deuteronomy-Passage-Status.txt	326186	750	7148775bdffadfa7c8d384df75684f0f82a18cb36af6107bcbb9691ac3425322	L1596150-R002,L1596151-R001
Deut	19	17	4Q33	1606681	PARTLY_RECONSTRUCTED	21	53	50	46	1	3	47	1	0	1	0	0	0	0	passage_status/DSS-Deuteronomy-Passage-Status.txt	326936	739	1e94ba2e70af4f7d25f3653e1c74f3ae1902b0255a90308f64f191242e7fb91b	L1596152-R001
Deut	19	18	4Q33	1606681	PARTLY_RECONSTRUCTED	16	41	38	24	3	11	27	3	0	1	0	0	0	0	passage_status/DSS-Deuteronomy-Passage-Status.txt	327675	740	c089d55071c2c08e51448bdfebef91534ab7613bfb5e78a4eef642b6545fcbe9	L1596153-R001
Deut	19	19	4Q33	1606681	PARTLY_RECONSTRUCTED	17	43	38	22	1	15	23	1	0	1	0	0	0	0	passage_status/DSS-Deuteronomy-Passage-Status.txt	328415	756	ca3544a8c8245245d93a04c40cda7fadafb2e888ef7ebad22fe2130cdaecaa50	L1596153-R002,L1596154-R001
Deut	19	20	4Q33	1606681	PARTLY_RECONSTRUCTED	21	51	48	26	13	9	26	13	0	1	0	0	0	0	passage_status/DSS-Deuteronomy-Passage-Status.txt	329171	775	0e5fcd8590ebdc44f55626b0f6078030fdbaca507757863bb3fdbd0dc9d88743	L1596154-R002,L1596155-R001
Deut	19	21	4Q33	1606681	PARTLY_RECONSTRUCTED	20	45	42	31	2	9	34	2	0	1	0	0	0	0	passage_status/DSS-Deuteronomy-Passage-Status.txt	329946	761	d209884cfc4d2c1d10e2c5e86a949cba1cec0df88ffc24f61cf7951068139c34	L1596155-R002,L1596156-R001
Deut	20	1	4Q33	1606681	PARTLY_RECONSTRUCTED	28	83	75	55	7	13	61	7	0	1	0	0	0	0	passage_status/DSS-Deuteronomy-Passage-Status.txt	330707	760	295672b76a8eb76b0241557b74e99d328cb0ff251e581be2aa4ba723080ea714	L1596157-R001,L1596158-R001
Deut	20	2	4Q33	1606681	PARTLY_RECONSTRUCTED	17	38	35	31	0	4	34	0	0	1	0	0	0	0	passage_status/DSS-Deuteronomy-Passage-Status.txt	331467	748	baee7cf58a1e7c3964cd88f8ab5443d57af7554ce27bda0eb7fa607c03e8f440	L1596158-R002,L1596159-R001
Deut	20	3	4Q33	1606681	PARTLY_RECONSTRUCTED	27	85	70	64	2	4	75	4	2	5	0	0	0	0	passage_status/DSS-Deuteronomy-Passage-Status.txt	332215	769	e19d20297337a19d96a49a50b1721c2b80f998bd97e0ac339a22afc0f3ba4161	L1596159-R002,L1596160-R001,L1596161-R001
Deut	20	4	4Q33	1606681	PARTLY_RECONSTRUCTED	15	53	46	36	2	8	42	2	0	1	0	0	0	0	passage_status/DSS-Deuteronomy-Passage-Status.txt	332984	759	1dffaa9dea62796f0da6aaec7036ca284f68f4981a8af03ca4b3aeca8d2805ef	L1596161-R002,L1596162-R001
Deut	20	5	4Q33	1606681	PARTLY_RECONSTRUCTED	33	87	82	61	6	15	66	6	0	1	0	0	0	0	passage_status/DSS-Deuteronomy-Passage-Status.txt	333743	782	f5e8c2bdfe021ad8c9766b6b93f457bfc66b83812632e96194651215079475fc	L1596162-R002,L1596163-R001,L1596164-R001
Deut	20	6	4Q33	1606681	PARTLY_RECONSTRUCTED	24	65	60	56	2	2	61	2	0	1	0	0	0	0	passage_status/DSS-Deuteronomy-Passage-Status.txt	334525	759	bbb7a671b7645501c0b22c0e1d527ecf195f662c290cc77c2a9d885925806a12	L1596164-R002,L1596165-R001
Deut	20	7	4Q33	1606681	ALL_LETTER_SLOTS_RECONSTRUCTED	24	65	59	59	0	0	65	0	0	1	0	0	0	0	passage_status/DSS-Deuteronomy-Passage-Status.txt	335284	774	a49502ebc6800f982972a0f3a2f659f9d5b360a8bf2107585b8e4db4d8411e97	L1596165-R002,L1596166-R001,L1596167-R001
Deut	20	8	4Q33	1606681	PARTLY_RECONSTRUCTED	34	79	74	66	3	5	71	3	0	1	0	0	0	0	passage_status/DSS-Deuteronomy-Passage-Status.txt	336058	765	a55495040ca67c4b0b3135cdb92d89e07e4ec662a6f3114bcc29d5751243b252	L1596167-R002,L1596168-R001
Deut	20	9	4Q33	1606681	ALL_LETTER_SLOTS_RECONSTRUCTED	5	10	8	8	0	0	8	0	0	1	0	0	0	0	passage_status/DSS-Deuteronomy-Passage-Status.txt	336823	738	1758f73a6cbb59ae2a0f5f9875b4d74e64530a888febb6f9ebfdf44cef11e10c	L1596168-R002
Deut	21	4	4Q33	1606681	PARTLY_RECONSTRUCTED	29	73	70	29	9	32	32	9	0	1	0	0	0	0	passage_status/DSS-Deuteronomy-Passage-Status.txt	337561	766	bd4e2cf3106a0f6a077631d88f312cff6af43ed772b3fa46cb5da3158e432344	L1596169-R001,L1596170-R001
Deut	21	5	4Q33	1606681	PARTLY_RECONSTRUCTED	29	78	72	47	8	17	50	8	0	1	0	0	0	0	passage_status/DSS-Deuteronomy-Passage-Status.txt	338327	782	9e24478d1c38be8502fcb7b7b9323314141534b424d2bea9b893431a4bc28613	L1596170-R002,L1596171-R001,L1596172-R001
Deut	21	6	4Q33	1606681	PARTLY_RECONSTRUCTED	23	59	56	38	2	16	41	2	0	1	0	0	0	0	passage_status/DSS-Deuteronomy-Passage-Status.txt	339109	754	2c15ab6c2d10443bc27dbd8244ee0c81bcaebec507fad09de44d2ef1b1194af1	L1596172-R002,L1596173-R001
Deut	21	7	4Q33	1606681	PARTLY_RECONSTRUCTED	17	44	40	26	6	8	27	6	0	1	0	0	0	0	passage_status/DSS-Deuteronomy-Passage-Status.txt	339863	749	7c7244ea211bc3a58a574e9526dee6b9750426252d025647e3e8d533ae7c62f1	L1596173-R002
Deut	21	8	4Q33	1606681	PARTLY_RECONSTRUCTED	22	62	57	42	3	12	47	3	0	1	0	0	0	0	passage_status/DSS-Deuteronomy-Passage-Status.txt	340612	760	12bd8d6a152b00b4233b6abfcf6bd24634ec1d55ed08af8081513d52b759e150	L1596174-R001,L1596175-R001
Deut	21	9	4Q33	1606681	PARTLY_RECONSTRUCTED	16	41	38	27	3	8	28	3	0	1	0	0	0	0	passage_status/DSS-Deuteronomy-Passage-Status.txt	341372	743	7f7d677cace19838535e9deca71113f5428649ebe9725854f58aeb40b8506005	L1596175-R002
Deut	21	10	4Q33	1606681	PARTLY_RECONSTRUCTED	16	52	45	36	1	8	43	1	0	1	0	0	0	0	passage_status/DSS-Deuteronomy-Passage-Status.txt	342115	755	b59de8a92dd6407ffbb534045f79096a67eac08f6de5c1598b90e96fec797a1f	L1596176-R001,L1596177-R001
Deut	21	11	4Q33	1606681	PARTLY_RECONSTRUCTED	16	41	37	31	0	6	35	0	0	1	0	0	0	0	passage_status/DSS-Deuteronomy-Passage-Status.txt	342870	750	24972279a242e788b59f4d1fdee7d302fdf9a1ff42645b3da962c23f3e533ab6	L1596177-R002,L1596178-R001
Deut	21	12	4Q33	1606681	PARTLY_RECONSTRUCTED	14	45	39	36	1	2	40	1	0	1	0	0	0	0	passage_status/DSS-Deuteronomy-Passage-Status.txt	343620	739	ff722e4a3fc580c0b2a020e2e5ae384acc7d6733ca0004315ca2e8bccceaaddc	L1596178-R002
Deut	22	12	4Q33	1606681	PARTLY_RECONSTRUCTED	6	23	19	15	0	4	18	0	0	1	0	0	0	0	passage_status/DSS-Deuteronomy-Passage-Status.txt	344359	733	2cfff2b591d1a76950779e1bb17ed9d53e71eafc5800e3372ccaeed3ae828f27	L1596179-R001
Deut	22	13	4Q33	1606681	ALL_LETTER_SLOTS_RECONSTRUCTED	10	27	23	23	0	0	25	0	0	1	0	0	0	0	passage_status/DSS-Deuteronomy-Passage-Status.txt	345092	744	e3715d86590d46c27b8efa845ae75385a9de1f29975bb40ace351357a62c0242	L1596179-R002
Deut	22	14	4Q33	1606681	PARTLY_RECONSTRUCTED	27	79	73	45	7	21	49	7	0	1	0	0	0	0	passage_status/DSS-Deuteronomy-Passage-Status.txt	345836	768	1ee5ac7c8650097d0da0b0bcdfa6e22a339ab7f01297f0abcd93223478a49ece	L1596180-R001,L1596181-R001
Deut	22	15	4Q33	1606681	PARTLY_RECONSTRUCTED	20	53	49	33	4	11	34	4	0	1	0	1	0	0	passage_status/DSS-Deuteronomy-Passage-Status.txt	346604	767	e60a8ecf0b6e7d26d323a0e467fcf8e43b8cb1d81b2c36bea767d70a23be74f2	L1596181-R002,L1596182-R001
Deut	22	16	4Q33	1606681	PARTLY_RECONSTRUCTED	20	49	45	41	1	3	45	1	0	1	0	0	0	0	passage_status/DSS-Deuteronomy-Passage-Status.txt	347371	755	b8c2d868166c16d583172ea618f6e1628041a1aac87733158325781eeb4d7cea	L1596183-R001,L1596184-R001
Deut	22	17	4Q33	1606681	PARTLY_RECONSTRUCTED	27	78	74	58	5	11	59	5	0	1	0	0	0	0	passage_status/DSS-Deuteronomy-Passage-Status.txt	348126	762	26ab85f90feeb9e8171fa08221c4a3f67c0d761ccbb4f9e7acef78968b2f72b9	L1596184-R002,L1596185-R001
Deut	22	18	4Q33	1606681	PARTLY_RECONSTRUCTED	14	34	31	27	0	4	30	0	0	1	0	0	0	0	passage_status/DSS-Deuteronomy-Passage-Status.txt	348888	750	3648546828c2a9b6b93c6d72a802d40082ed14867c9fa772dcbc911cc2c9a87b	L1596185-R002,L1596186-R001
Deut	22	19	4Q33	1606681	PARTLY_RECONSTRUCTED	8	22	19	17	2	0	18	2	0	1	0	0	0	0	passage_status/DSS-Deuteronomy-Passage-Status.txt	349638	738	18887da1cd9fc0e91d0514f6dd65898fb91339d42a427a1e34b3bdc448438c76	L1596186-R002
Deut	23	20	4Q33	1606681	NO_LETTER_SLOTS	3	6	0	0	0	0	5	1	1	3	0	0	0	0	passage_status/DSS-Deuteronomy-Passage-Status.txt	350376	724	663f9595a72b6f3561a944630cdbb3db8bc74b2e89d7f77989d51b5ce1ffb501	L1596187-R001
Deut	23	21	4Q33	1606681	PARTLY_RECONSTRUCTED	26	79	71	53	0	18	57	0	0	1	0	0	0	0	passage_status/DSS-Deuteronomy-Passage-Status.txt	351100	767	a201622e7b78da9a2d81bf585eb03cfeb5c06bddb989985d945d98b6c7b9bd06	L1596187-R002,L1596188-R001,L1596189-R001
Deut	23	22	4Q33	1606681	PARTLY_RECONSTRUCTED	22	70	62	49	1	12	56	1	0	1	0	0	0	0	passage_status/DSS-Deuteronomy-Passage-Status.txt	351867	756	939457f2e1f628334420086da56372f317bbcacd181cab242ea2f8495fab9e67	L1596190-R001,L1596191-R001
Deut	23	23	4Q33	1606681	PARTLY_RECONSTRUCTED	10	25	22	10	2	10	12	2	0	1	0	0	0	0	passage_status/DSS-Deuteronomy-Passage-Status.txt	352623	740	f67d4e2f3ab1a697060e538a67ab98bfc8593351e4ded67d917d04254bc70e54	L1596191-R002
Deut	23	24	4Q33	1606681	PARTLY_RECONSTRUCTED	17	56	51	44	2	5	47	2	0	1	0	0	0	0	passage_status/DSS-Deuteronomy-Passage-Status.txt	353363	761	ce5a1c31d0dd30b22d0510dc3db47582493ef5f42b5d59c6311556db7787fcbe	L1596191-R003,L1596192-R001
Deut	23	25	4Q33	1606681	PARTLY_RECONSTRUCTED	17	49	43	37	1	5	41	1	0	1	0	0	0	0	passage_status/DSS-Deuteronomy-Passage-Status.txt	354124	755	c31c5f532958a4457bfb0d7065ec500b21776b73259144c8e64a395f057b947e	L1596193-R001,L1596194-R001
Deut	23	26	4Q33	1606681	PARTLY_RECONSTRUCTED	15	41	37	30	3	4	31	3	0	1	0	0	0	0	passage_status/DSS-Deuteronomy-Passage-Status.txt	354879	745	e44c9d36c054df5953b2b6ee97af340f66d24a431d9b93f6b0b543018cc93669	L1596194-R002
Deut	24	2	4Q33	1606681	PARTLY_RECONSTRUCTED	9	21	17	7	0	10	11	0	1	2	0	0	0	0	passage_status/DSS-Deuteronomy-Passage-Status.txt	355624	731	2fcaa1270125a42509a44ebd3ec8efc6214a9b840fc8ff88aa3c283dbeb7ac09	L1596195-R001
Deut	24	3	4Q33	1606681	PARTLY_RECONSTRUCTED	32	88	79	54	2	23	58	2	0	1	0	0	0	0	passage_status/DSS-Deuteronomy-Passage-Status.txt	356355	776	a296a64e874dcbeed615c289aa03eba4b98d56727a7fce87293ddc524fb2372a	L1596195-R002,L1596196-R001,L1596197-R001
Deut	24	4	4Q33	1606681	PARTLY_RECONSTRUCTED	38	116	108	94	8	6	102	8	0	1	0	0	0	0	passage_status/DSS-Deuteronomy-Passage-Status.txt	357131	794	54ac2c513a54cfcf3e7eb9ab0d9a335edda4507520f0c879d797d905e6f8d531	L1596197-R002,L1596198-R001,L1596199-R001,L1596200-R001
Deut	24	5	4Q33	1606681	PARTLY_RECONSTRUCTED	29	80	75	53	2	19	58	2	0	1	0	1	0	0	passage_status/DSS-Deuteronomy-Passage-Status.txt	357925	765	93330905c77f70b03bc9a6d4040b10eb54e498429a1a44c583dfcfc0fc210a48	L1596200-R002,L1596201-R001
Deut	24	6	4Q33	1606681	PARTLY_RECONSTRUCTED	10	27	25	24	1	0	26	1	0	1	0	0	0	0	passage_status/DSS-Deuteronomy-Passage-Status.txt	358690	753	6e6b8e418b7bae435f679cd01338300d5d0239f031eb5ce6e0117edb4a2bd49e	L1596201-R002,L1596202-R001
Deut	24	7	4Q33	1606681	PARTLY_RECONSTRUCTED	8	23	20	15	2	3	16	2	0	1	0	0	0	0	passage_status/DSS-Deuteronomy-Passage-Status.txt	359443	742	b2133e2269d950bace4d3fc8fa3c8444659e7e632783a32a41ea98e4dd329486	L1596202-R002
Deut	25	3	4Q33	1606681	PARTLY_RECONSTRUCTED	4	14	10	9	1	0	12	1	0	1	0	0	0	0	passage_status/DSS-Deuteronomy-Passage-Status.txt	360185	735	12bcb91309485ef26f81175c9a0450a5c64c184559ab7a7bdacc8f77f3245ad2	L1596203-R001
Deut	25	4	4Q33	1606681	ALL_LETTER_SLOTS_RECONSTRUCTED	6	17	14	14	0	0	17	0	0	1	0	0	0	0	passage_status/DSS-Deuteronomy-Passage-Status.txt	360920	741	d6e6d56990ff4c3e48f38f9db3336691921f8dfa0d7da20715081ed89f8f213b	L1596203-R002
Deut	25	5	4Q33	1606681	PARTLY_RECONSTRUCTED	33	91	81	70	3	8	78	3	0	1	0	0	0	0	passage_status/DSS-Deuteronomy-Passage-Status.txt	361661	769	f1f49742e6bd80349a3dc54f8ed2f7af5d5b9eaff265aa7e5f127fc612369d0d	L1596203-R003,L1596204-R001,L1596205-R001
Deut	25	6	4Q33	1606681	PARTLY_RECONSTRUCTED	19	50	46	40	3	3	42	3	0	1	0	0	0	0	passage_status/DSS-Deuteronomy-Passage-Status.txt	362430	759	809a26865127d314eed601dfe834bcb16015f6520cf09f68f84033320c69bd50	L1596205-R002,L1596206-R001
Deut	25	7	4Q33	1606681	PARTLY_RECONSTRUCTED	33	95	87	66	5	16	72	5	0	1	0	0	0	0	passage_status/DSS-Deuteronomy-Passage-Status.txt	363189	766	5810c0ec638cebaa7331bf9a64cffe2b5fc49f0a2e0f922065ddb31e77c80b53	L1596206-R002,L1596207-R001
Deut	25	8	4Q33	1606681	PARTLY_RECONSTRUCTED	17	50	44	37	2	5	40	2	0	1	0	0	0	0	passage_status/DSS-Deuteronomy-Passage-Status.txt	363955	743	df153f41cc9da3f1a56143fc44f78d679b688d98bdb68dae9cffef742bce2de2	L1596208-R001
Deut	25	9	4Q33	1606681	PARTLY_RECONSTRUCTED	24	71	64	54	3	7	59	3	0	1	0	0	0	0	passage_status/DSS-Deuteronomy-Passage-Status.txt	364698	759	90151c8963c5934811d62f5ef4bc9f49d3fd97654ad104ddb23ac1f3f2b5e3fd	L1596208-R002,L1596209-R001
Deut	26	18	4Q33	1606681	PARTLY_RECONSTRUCTED	15	38	33	28	2	3	33	2	0	1	0	0	0	0	passage_status/DSS-Deuteronomy-Passage-Status.txt	365457	739	a2cdfc5c3a21840783a0f0a245d2acc9664dddf32d4053d0dfbeb4a23f5171b8	L1596210-R001
Deut	26	19	4Q33	1606681	PARTLY_RECONSTRUCTED	29	73	68	57	1	10	61	1	0	1	0	0	0	0	passage_status/DSS-Deuteronomy-Passage-Status.txt	366196	756	ab20205baf79d40fe8db80794bd6e6aab6b310e08ab9dcd1bab5f423048007bd	L1596210-R002,L1596211-R001
Deut	27	1	4Q33	1606681	PARTLY_RECONSTRUCTED	23	60	57	49	2	6	52	2	0	1	0	0	0	0	passage_status/DSS-Deuteronomy-Passage-Status.txt	366952	737	c32b5b2cf793c3ba8909e8c19e7a4e7a3e21ace3c7b490f4e9005d20382a45e8	L1596212-R001
Deut	27	2	4Q33	1606681	PARTLY_RECONSTRUCTED	28	80	74	69	2	3	75	2	0	1	0	0	0	0	passage_status/DSS-Deuteronomy-Passage-Status.txt	367689	775	4b3e1d95af4ff727c811cd22ca1d8c52aa4454d857729e0fbf29d707185feaa7	L1596212-R002,L1596213-R001,L1596214-R001
Deut	27	3	4Q33	1606681	PARTLY_RECONSTRUCTED	36	109	101	91	6	4	99	6	0	1	0	0	0	0	passage_status/DSS-Deuteronomy-Passage-Status.txt	368464	767	824d49fc6779a44b69ecd3c0d245e347259b74a87d787a1c88a98c03a48451a4	L1596214-R002,L1596215-R001
Deut	27	4	4Q33	1606681	PARTLY_RECONSTRUCTED	28	77	72	49	4	17	49	4	0	1	0	5	0	0	passage_status/DSS-Deuteronomy-Passage-Status.txt	369231	771	90bd23866a534c09d3c4f7012c24ca3a4852c34bd9a7e9e9726ebb822bf5a3f5	L1596215-R002,L1596216-R001
Deut	27	5	4Q33	1606681	PARTLY_RECONSTRUCTED	14	49	45	31	3	11	33	3	0	1	0	0	0	0	passage_status/DSS-Deuteronomy-Passage-Status.txt	370002	760	1b50dc2e6147ce64c27c50300f6a5a67f3869927d58c82846ee22dd532c7cb9e	L1596216-R002,L1596217-R001
Deut	27	6	4Q33	1606681	PARTLY_RECONSTRUCTED	15	58	53	29	2	22	32	2	0	1	0	0	0	0	passage_status/DSS-Deuteronomy-Passage-Status.txt	370762	760	1f852332230538972da7ffd0b58b9a4df2bedf0029e8d7119f3bc765ef2ad313	L1596217-R002,L1596218-R001
Deut	27	7	4Q33	1606681	PARTLY_RECONSTRUCTED	13	38	35	23	7	5	23	7	0	1	0	0	0	0	passage_status/DSS-Deuteronomy-Passage-Status.txt	371522	743	0887d9b5304567c55555915026c19a92ce54a1d5f577346206d12292581b190e	L1596218-R002
Deut	27	8	4Q33	1606681	PARTLY_RECONSTRUCTED	15	39	37	27	3	7	29	3	0	1	0	0	0	0	passage_status/DSS-Deuteronomy-Passage-Status.txt	372265	759	e6311347087dee619cac80ce1801742680f5daeb3710749d4cfdda2a66d69fa1	L1596218-R003,L1596219-R001
Deut	27	9	4Q33	1606681	PARTLY_RECONSTRUCTED	28	74	71	57	4	10	60	4	0	1	0	0	0	0	passage_status/DSS-Deuteronomy-Passage-Status.txt	373024	760	e0ee14fc7fc82fdb16c05892efadfb6941e2b8ce943637b0e4f1f43a94492c5b	L1596219-R002,L1596220-R001
Deut	27	10	4Q33	1606681	PARTLY_RECONSTRUCTED	14	42	37	34	2	1	37	2	0	1	0	0	0	0	passage_status/DSS-Deuteronomy-Passage-Status.txt	373784	745	fc5ffb9511b30bbaaaa8952f259df42b0f94c2725f23f8ed53eaaf098a32e0b0	L1596220-R002
Deut	9	12	4Q34	1606682	PARTLY_RECONSTRUCTED	18	57	52	48	0	4	51	0	0	1	0	0	0	0	passage_status/DSS-Deuteronomy-Passage-Status.txt	374529	732	fbed2799739cd8cd9418d9ec39a6aebd2e0e692f08bf94e45c5c2636448b40cc	L1596233-R001
Deut	9	13	4Q34	1606682	PARTLY_RECONSTRUCTED	19	47	44	37	0	7	40	0	0	1	0	0	0	0	passage_status/DSS-Deuteronomy-Passage-Status.txt	375261	732	4060d02949f6734f8f566263ef382ac8baada88cb313e697599caaddc8a67290	L1596234-R001
Deut	9	14	4Q34	1606682	PARTLY_RECONSTRUCTED	22	64	57	50	2	5	55	2	0	1	0	0	0	0	passage_status/DSS-Deuteronomy-Passage-Status.txt	375993	759	01792b6e22460270961e38c2b3cb51594a133d4658b6dcbc80cfea698c49af5e	L1596234-R002,L1596235-R001
Deut	23	18	4Q34	1606682	PARTLY_RECONSTRUCTED	15	43	39	34	1	4	38	1	1	2	0	0	0	0	passage_status/DSS-Deuteronomy-Passage-Status.txt	376752	755	f3c527caa4fcd5635e94f3d7f2364e73228683bf02f4ed108ba2f7251e89dd02	L1596236-R001,L1596237-R001
Deut	23	19	4Q34	1606682	PARTLY_RECONSTRUCTED	20	68	63	47	2	11	48	2	0	1	0	4	0	0	passage_status/DSS-Deuteronomy-Passage-Status.txt	377507	761	1f2efd9ab6680d70fe4c5a7301c925b827756943fedde2dc7bd7ea6e211c46ad	L1596237-R002,L1596238-R001
Deut	23	20	4Q34	1606682	PARTLY_RECONSTRUCTED	14	40	37	34	1	2	35	1	0	1	0	0	0	0	passage_status/DSS-Deuteronomy-Passage-Status.txt	378268	739	d4be553d88b93ae73bbfee1ed2733a1b7240d2a25140a6823698f5336b112af7	L1596239-R001
Deut	24	16	4Q34	1606682	PARTLY_RECONSTRUCTED	9	29	26	16	2	8	18	2	0	1	0	0	0	0	passage_status/DSS-Deuteronomy-Passage-Status.txt	379007	744	1fd9c4c38424c065c04a2d295147128a1bc898ca62b4f6657c367505bb033319	L1596240-R001
Deut	24	17	4Q34	1606682	PARTLY_RECONSTRUCTED	11	32	30	24	1	5	24	1	0	1	0	0	0	0	passage_status/DSS-Deuteronomy-Passage-Status.txt	379751	755	c4c548de7a717e25ac4f0a221ee9284be6cb46acfbec91707d46c323fc431d8a	L1596240-R002,L1596241-R001
Deut	24	18	4Q34	1606682	PARTLY_RECONSTRUCTED	25	68	63	31	6	26	35	6	0	1	0	0	0	0	passage_status/DSS-Deuteronomy-Passage-Status.txt	380506	768	eeeffe67e0880495a0eb8ea3eb91e5e65576f77eb8224fb249a05da5a448f3ae	L1596241-R002,L1596242-R001
Deut	24	19	4Q34	1606682	PARTLY_RECONSTRUCTED	31	94	86	44	2	40	47	2	0	1	0	0	0	0	passage_status/DSS-Deuteronomy-Passage-Status.txt	381274	778	b336427f5e5bdeb92ae4f8cac50ea66d1b419dbaba664ae031f9a7fd1ee246a9	L1596242-R002,L1596243-R001,L1596244-R001
Deut	24	20	4Q34	1606682	PARTLY_RECONSTRUCTED	15	44	40	21	4	15	23	4	0	1	0	0	0	0	passage_status/DSS-Deuteronomy-Passage-Status.txt	382052	762	d1ddfbf310b8a4aa213c515c356e5cb39a52fb6c07fd6122d08f4fea9006a71d	L1596244-R002,L1596245-R001
Deut	24	21	4Q34	1606682	PARTLY_RECONSTRUCTED	15	45	41	25	1	15	26	1	0	1	0	0	0	0	passage_status/DSS-Deuteronomy-Passage-Status.txt	382814	756	91042e7f5192e37d19504a5dc6b598597990c59abcd7747d4d284f753b7ed351	L1596245-R002,L1596246-R001
Deut	24	22	4Q34	1606682	PARTLY_RECONSTRUCTED	13	38	35	15	2	18	16	2	0	1	0	0	0	0	passage_status/DSS-Deuteronomy-Passage-Status.txt	383570	740	2486ea3d342d1f49c385fbf210ef904162cbf27b26be3e6e407cfdd38a842b57	L1596246-R002
Deut	25	1	4Q34	1606682	PARTLY_RECONSTRUCTED	24	67	62	47	3	12	52	3	1	2	0	0	0	0	passage_status/DSS-Deuteronomy-Passage-Status.txt	384310	766	cd887214a66cd8b32e144b9ce6a067ef5c34703aac3e930afa437b6af505a1f4	L1596247-R001,L1596248-R001
Deut	25	2	4Q34	1606682	PARTLY_RECONSTRUCTED	21	55	49	37	3	9	42	3	0	1	0	0	0	0	passage_status/DSS-Deuteronomy-Passage-Status.txt	385076	759	6f2e26c7180f76465dcfdc93a9e75d9b7474d004a9639b15bf91e71f75923a4d	L1596248-R002,L1596249-R001
Deut	25	3	4Q34	1606682	PARTLY_RECONSTRUCTED	18	59	53	45	3	5	50	3	0	1	0	0	0	0	passage_status/DSS-Deuteronomy-Passage-Status.txt	385835	759	677b24d2d164fbc3ba75bf1a1c97b3ea21fb3fd414c2d38075231d9b2286b19c	L1596249-R002,L1596250-R001
Deut	25	4	4Q34	1606682	ALL_LETTER_SLOTS_RECONSTRUCTED	6	17	14	14	0	0	17	0	0	1	0	0	0	0	passage_status/DSS-Deuteronomy-Passage-Status.txt	386594	757	2bf4ba6e6d721562e34e1604ec461a3109fb768e3293414148ff3818bc345357	L1596250-R002,L1596251-R001
Deut	25	5	4Q34	1606682	PARTLY_RECONSTRUCTED	15	41	37	31	4	2	32	4	0	1	0	0	0	0	passage_status/DSS-Deuteronomy-Passage-Status.txt	387351	743	c014ddbd73a5cbfbc69ce9d8fac84eb8bb2a07b3f27f207134e33a926c15a921	L1596251-R002
Deut	25	14	4Q34	1606682	PARTLY_RECONSTRUCTED	9	27	24	19	4	1	22	4	0	1	0	0	0	0	passage_status/DSS-Deuteronomy-Passage-Status.txt	388094	750	08cd183ebc036db1845fe511e4058cc0bfe272abbb5ef9203300e30535fe363e	L1596252-R001
Deut	25	15	4Q34	1606682	PARTLY_RECONSTRUCTED	24	80	73	67	5	1	74	5	0	1	0	0	0	0	passage_status/DSS-Deuteronomy-Passage-Status.txt	388844	767	e1630167e9dd1df003aeaae56c958b1a6c40f8b8a7e0789b51d8c59155a8fc79	L1596252-R002,L1596253-R001
Deut	25	16	4Q34	1606682	PARTLY_RECONSTRUCTED	11	35	32	25	3	4	28	3	0	1	0	0	0	0	passage_status/DSS-Deuteronomy-Passage-Status.txt	389611	761	f51aaf192ffc1e8051221c3c1448f72726d7033831a18b87c9ffb45d567ff4a6	L1596253-R002,L1596254-R001
Deut	25	17	4Q34	1606682	PARTLY_RECONSTRUCTED	13	38	34	19	2	13	22	2	0	1	0	0	0	0	passage_status/DSS-Deuteronomy-Passage-Status.txt	390372	762	844198853f8c6450953c02f04e41045b1acea3679b3a59232d150c3a2b762051	L1596254-R002,L1596255-R001
Deut	25	18	4Q34	1606682	PARTLY_RECONSTRUCTED	21	58	53	29	4	20	33	4	0	1	0	0	0	0	passage_status/DSS-Deuteronomy-Passage-Status.txt	391134	762	47cb70605e8d83998a0df25cb37f2c083997c31ff9e83013713de00d6d872aad	L1596255-R002,L1596256-R001
Deut	25	19	4Q34	1606682	PARTLY_RECONSTRUCTED	33	99	91	74	4	13	82	4	0	1	0	0	0	0	passage_status/DSS-Deuteronomy-Passage-Status.txt	391896	778	2b27a8265f154e65cdd534ccbe16ec8f7a69883d0c6aebfce18490a22fa9c734	L1596256-R002,L1596257-R001,L1596258-R001
Deut	26	1	4Q34	1606682	PARTLY_RECONSTRUCTED	19	56	50	49	1	0	53	1	0	1	0	0	0	0	passage_status/DSS-Deuteronomy-Passage-Status.txt	392674	753	cf0ac5c6fd20c8f8dcdf32e4fb243b77f1c4df6e822dc1bf802765a233b0fa33	L1596259-R001,L1596260-R001
Deut	26	2	4Q34	1606682	PARTLY_RECONSTRUCTED	35	102	95	89	4	2	95	4	0	1	0	0	0	0	passage_status/DSS-Deuteronomy-Passage-Status.txt	393427	776	87f2898573d4bb0a378df1bfa04eac2c32b66b1e5fda214103b97a00b0ba6261	L1596260-R002,L1596261-R001,L1596262-R001
Deut	26	3	4Q34	1606682	PARTLY_RECONSTRUCTED	34	95	89	51	5	33	55	5	0	1	0	0	0	0	passage_status/DSS-Deuteronomy-Passage-Status.txt	394203	776	6b24deb577b076518343f536fdd1452fd0db3773bd2cee9642cf62e870b70033	L1596262-R002,L1596263-R001,L1596264-R001
Deut	26	4	4Q34	1606682	PARTLY_RECONSTRUCTED	16	44	39	31	2	5	33	2	0	1	0	1	0	0	passage_status/DSS-Deuteronomy-Passage-Status.txt	394979	748	e9e7de3fe2fcba08d5f4fdafdbb5bf48cfed35cae4dc8fa2ef3fb2f08b0a8fc0	L1596264-R002
Deut	26	5	4Q34	1606682	PARTLY_RECONSTRUCTED	30	82	77	63	4	10	68	4	0	1	0	0	0	0	passage_status/DSS-Deuteronomy-Passage-Status.txt	395727	782	9666eda641d5b62f3a7d8d81efae8d4c9fc6ba6529f10ff4f1b2cc040c45f46e	L1596264-R003,L1596265-R001,L1596266-R001
Deut	26	6	4Q34	1606682	NO_LETTER_SLOTS	4	8	0	0	0	0	5	1	2	4	0	0	0	0	passage_status/DSS-Deuteronomy-Passage-Status.txt	396509	722	f9e04becc696ad3fdc9b2deeba9c514f519a0a326faf23523d70d80e4147ecc4	L1596266-R002
Deut	28	21	4Q34	1606682	PARTLY_RECONSTRUCTED	7	20	16	13	2	1	16	2	0	1	0	0	0	0	passage_status/DSS-Deuteronomy-Passage-Status.txt	397231	744	ead45e0a99eaa0feb2a83f11b59ba3e4b6bf787e3cabf876781014deb0682392	L1596267-R001
Deut	28	22	4Q34	1606682	PARTLY_RECONSTRUCTED	27	67	62	49	4	9	54	4	0	1	0	0	0	0	passage_status/DSS-Deuteronomy-Passage-Status.txt	397975	767	5d8a6327c972ddf1912f8cd96922ac35ab9f123d1a62fe196e9f92ed899dc473	L1596267-R002,L1596268-R001
Deut	28	23	4Q34	1606682	PARTLY_RECONSTRUCTED	14	43	38	26	1	11	28	1	0	1	0	0	0	0	passage_status/DSS-Deuteronomy-Passage-Status.txt	398742	756	f628d586e01e040424cfdb9866d58b0d6818431533e32b3c033357a0cfc399af	L1596268-R002,L1596269-R001
Deut	28	24	4Q34	1606682	PARTLY_RECONSTRUCTED	16	49	44	30	3	11	31	3	0	1	0	0	0	0	passage_status/DSS-Deuteronomy-Passage-Status.txt	399498	768	00e7e6147f49347432bb8bbe972cf82e9f20f2b38ffa67baa7855012e341ce16	L1596269-R002,L1596270-R001
Deut	28	25	4Q34	1606682	PARTLY_RECONSTRUCTED	6	18	15	14	1	0	15	1	0	1	0	0	0	0	passage_status/DSS-Deuteronomy-Passage-Status.txt	400266	738	3e4ff2a6a2c888b67a388c5122febd9de947fa2d871d509b8fc2555bcaa02d30	L1596270-R002
Deut	28	27	4Q34	1606682	PARTLY_RECONSTRUCTED	20	52	49	48	1	0	49	1	0	1	0	0	0	0	passage_status/DSS-Deuteronomy-Passage-Status.txt	401004	739	5126e7868cfcf89dba5cfa37d302c1e697ee71a1610cb93162e8474c9425a60a	L1596271-R001
Deut	28	28	4Q34	1606682	PARTLY_RECONSTRUCTED	12	34	31	24	1	6	27	1	0	1	0	0	0	0	passage_status/DSS-Deuteronomy-Passage-Status.txt	401743	739	21b1b697b594d61013a0186afdb2292f15e246785dc7f5f2774d1e8cc0e18f0b	L1596272-R001
Deut	28	29	4Q34	1606682	PARTLY_RECONSTRUCTED	24	66	63	48	2	13	48	2	0	1	0	0	0	0	passage_status/DSS-Deuteronomy-Passage-Status.txt	402482	762	59aea4af0447e70230b582a2f33fad493a539fd04afe9eb5c97cb4051e14284f	L1596272-R002,L1596273-R001
Deut	1	1	4Q35	1606683	PARTLY_RECONSTRUCTED	27	68	66	40	8	13	42	8	0	1	0	10	0	0	passage_status/DSS-Deuteronomy-Passage-Status.txt	403244	771	c5aa65200ef316b1040c77c01b00a56fb1ca018d77167e9b60576ad3a3027490	L1596274-R001,L1596275-R001
Deut	1	2	4Q35	1606683	PARTLY_RECONSTRUCTED	12	33	31	18	3	10	18	3	0	1	0	0	0	0	passage_status/DSS-Deuteronomy-Passage-Status.txt	404015	742	23bc94ba88285c773bda672073258814d1a2320b6c24a83b68b7d0140259c82d	L1596275-R002
Deut	1	3	4Q35	1606683	PARTLY_RECONSTRUCTED	26	74	70	33	9	28	34	9	0	1	0	0	0	0	passage_status/DSS-Deuteronomy-Passage-Status.txt	404757	764	8c30fe17e03c6f95a607af6a0ddc5205da573ca49c1ca276a692fe3b849ad963	L1596275-R003,L1596276-R001
Deut	1	4	4Q35	1606683	PARTLY_RECONSTRUCTED	24	71	68	24	1	43	24	1	0	1	0	0	0	0	passage_status/DSS-Deuteronomy-Passage-Status.txt	405521	752	0b6ae84f7567a4120dcea53ba2a95a50efad9c4788a6b06180026f2da6e568d1	L1596276-R002,L1596277-R001
Deut	1	5	4Q35	1606683	PARTLY_RECONSTRUCTED	18	45	43	13	0	30	15	0	0	1	0	0	0	0	passage_status/DSS-Deuteronomy-Passage-Status.txt	406273	747	5016d6482e521bc520150e2b81910861ce0a04295c61dce3aa64b79eff515d5a	L1596277-R002,L1596278-R001
Deut	1	6	4Q35	1606683	PARTLY_RECONSTRUCTED	16	45	40	13	0	27	14	0	0	1	0	0	0	0	passage_status/DSS-Deuteronomy-Passage-Status.txt	407020	731	f255d3ab47072aad7c7df643ded2bdbbcccd909afc4c90bb41e1bcf8f360baf0	L1596278-R002
Deut	1	7	4Q35	1606683	PARTLY_RECONSTRUCTED	41	94	90	29	3	58	32	3	0	1	0	0	0	0	passage_status/DSS-Deuteronomy-Passage-Status.txt	407751	768	5ad84749c86665b79d9c49124e922dda60b4142379435ba5e5a2da647c72a01b	L1596278-R003,L1596279-R001,L1596280-R001
Deut	1	8	4Q35	1606683	PARTLY_RECONSTRUCTED	34	93	86	45	4	37	51	4	0	1	0	0	0	0	passage_status/DSS-Deuteronomy-Passage-Status.txt	408519	758	4d890a19a9b2c3c53c7d93ce2ffd5ea66bd24bd00494733077441b18270bf8c1	L1596280-R002,L1596281-R001
Deut	1	9	4Q35	1606683	PARTLY_RECONSTRUCTED	16	41	36	13	2	21	14	2	0	1	0	0	0	0	passage_status/DSS-Deuteronomy-Passage-Status.txt	409277	742	07e6c7a6127f42606fdea20170d91eb7c777f479c1b051a5cc95443683e4dd98	L1596281-R002
Deut	1	10	4Q35	1606683	PARTLY_RECONSTRUCTED	15	46	41	23	0	18	26	0	0	1	0	0	0	0	passage_status/DSS-Deuteronomy-Passage-Status.txt	410019	749	2376c3ca49bb3388d65af7b5cea74f19c23f5e9c191bf931b8964dc236b184fb	L1596281-R003,L1596282-R001
Deut	1	11	4Q35	1606683	PARTLY_RECONSTRUCTED	17	68	54	15	0	39	18	0	0	1	0	0	0	0	passage_status/DSS-Deuteronomy-Passage-Status.txt	410768	749	0609dadd3e4b874f526e074c93607cca61f201b7aa962cda65a0488732ae55aa	L1596282-R002,L1596283-R001
Deut	1	12	4Q35	1606683	PARTLY_RECONSTRUCTED	10	34	28	27	1	0	31	1	0	1	0	0	0	0	passage_status/DSS-Deuteronomy-Passage-Status.txt	411517	737	fa37ef99b0f19c57fc76ad58ac877287e07fd846384155eaa51749da45e64641	L1596283-R002
Deut	1	13	4Q35	1606683	PARTLY_RECONSTRUCTED	15	55	49	10	6	33	13	6	0	1	0	0	0	0	passage_status/DSS-Deuteronomy-Passage-Status.txt	412254	766	ed8a1000a8d5ec69db18c1b9612d69aca2b0bb0e7ae02eead6192daff4549384	L1596283-R003,L1596284-R001
Deut	1	14	4Q35	1606683	PARTLY_RECONSTRUCTED	13	36	33	24	0	9	25	0	0	1	0	0	0	0	passage_status/DSS-Deuteronomy-Passage-Status.txt	413020	732	4d19a5f29e8a469941f073b26f4b2973a84282e626ba778f468bc05814e05bad	L1596284-R002
Deut	1	15	4Q35	1606683	PARTLY_RECONSTRUCTED	32	109	103	41	6	56	43	6	0	1	0	0	0	0	passage_status/DSS-Deuteronomy-Passage-Status.txt	413752	768	8358ff0e1a68cf32ecf54e94e05f8ad90324d3710bde4538f31b76ec17c7a23c	L1596284-R003,L1596285-R001
Deut	1	16	4Q35	1606683	PARTLY_RECONSTRUCTED	25	71	65	38	1	26	40	1	0	1	0	0	0	0	passage_status/DSS-Deuteronomy-Passage-Status.txt	414520	738	4afbdca57f9dfaf4a11b52bd9c6d6a544799ea361864cf4151da17fad3a2f051	L1596286-R001
Deut	1	17	4Q35	1606683	PARTLY_RECONSTRUCTED	32	99	92	51	10	31	53	10	0	1	0	0	0	0	passage_status/DSS-Deuteronomy-Passage-Status.txt	415258	768	7040b6db4010cfad279ba8950f98cd0f74a22502d282dd40a7515cb556b3b6db	L1596286-R002,L1596287-R001
Deut	1	22	4Q35	1606683	PARTLY_RECONSTRUCTED	32	100	91	53	3	35	59	3	0	1	0	0	0	0	passage_status/DSS-Deuteronomy-Passage-Status.txt	416026	767	60accb47dfa22e20a60f592978928f41552c544762951f3116f2c0a883f62dad	L1596288-R001,L1596289-R001
Deut	1	23	4Q35	1606683	ALL_LETTER_SLOTS_RECONSTRUCTED	17	47	43	43	0	0	47	0	0	1	0	0	0	0	passage_status/DSS-Deuteronomy-Passage-Status.txt	416793	742	fa733a7c59f05f13548fea540d05eba788c57880a7f097d040f5a63d147c0464	L1596289-R002
Deut	1	24	4Q35	1606683	PARTLY_RECONSTRUCTED	16	43	37	36	1	0	40	1	1	2	0	0	0	0	passage_status/DSS-Deuteronomy-Passage-Status.txt	417535	753	6b4a9132ab72213d78c0fac152600589088cf4bdb5572fb2a3873eac8582df99	L1596289-R003,L1596290-R001
Deut	1	29	4Q35	1606683	PARTLY_RECONSTRUCTED	13	40	28	23	1	4	35	1	3	4	0	0	0	0	passage_status/DSS-Deuteronomy-Passage-Status.txt	418288	785	b4d8035f6b5e6f484c2e38870e8baa8f163f495254aea60e1c777a880c0ece23	L1596291-R001,L1596292-R001,L1596293-R001,L1596294-R001
Deut	1	30	4Q35	1606683	ALL_LETTER_SLOTS_RECONSTRUCTED	19	63	56	56	0	0	63	0	0	1	0	0	0	0	passage_status/DSS-Deuteronomy-Passage-Status.txt	419073	742	5209cc045b9a2e2c6ff3941127c9778f96aec9b11db34d96ea178ba33dbf321e	L1596294-R002
Deut	1	31	4Q35	1606683	PARTLY_RECONSTRUCTED	29	81	75	70	0	5	76	0	0	1	0	0	0	0	passage_status/DSS-Deuteronomy-Passage-Status.txt	419815	748	3e6314a789d9595ac4dec22613f98f3f44da385f86060c038d926803c7260c09	L1596295-R001,L1596296-R001
Deut	1	32	4Q35	1606683	PARTLY_RECONSTRUCTED	11	34	30	26	3	1	30	3	0	1	0	0	0	0	passage_status/DSS-Deuteronomy-Passage-Status.txt	420563	749	b45b41e09b4758d33445feb11e4251e5740342931cf68f268f17570a55e908c5	L1596296-R002
Deut	1	33	4Q35	1606683	PARTLY_RECONSTRUCTED	27	72	66	56	3	7	62	3	0	1	0	0	0	0	passage_status/DSS-Deuteronomy-Passage-Status.txt	421312	765	226726d4c85f30cd21f2b929bce517d6e8c947ba8fd673d85c11fdb3cd99c4ba	L1596296-R003,L1596297-R001
Deut	1	34	4Q35	1606683	ALL_LETTER_SLOTS_RECONSTRUCTED	13	37	34	34	0	0	37	0	0	1	0	0	0	0	passage_status/DSS-Deuteronomy-Passage-Status.txt	422077	742	004a56555303ddf5a04e12a239fb65b9e791cd5fa457ac2acb0e0750d505b7fa	L1596297-R002
Deut	1	35	4Q35	1606683	PARTLY_RECONSTRUCTED	25	62	59	49	0	10	52	0	0	1	0	0	0	0	passage_status/DSS-Deuteronomy-Passage-Status.txt	422819	749	4ce0b3e06aa4e7fc3f269795960d565c52d1b079f21991a7e0729e29048dfe1f	L1596297-R003,L1596298-R001
Deut	1	36	4Q35	1606683	PARTLY_RECONSTRUCTED	24	71	65	57	0	8	62	0	0	1	0	0	0	0	passage_status/DSS-Deuteronomy-Passage-Status.txt	423568	748	d0284ca9386d2e9cffe9a0f5ae4aa4d2de9c63f05efcab262fa141856d633103	L1596298-R002,L1596299-R001
Deut	1	37	4Q35	1606683	PARTLY_RECONSTRUCTED	14	42	37	29	1	7	31	1	0	1	0	0	0	0	passage_status/DSS-Deuteronomy-Passage-Status.txt	424316	737	8c6358beb1e623deebfb9ea3b3bf7426b8169e01d50287013682b96d212aef75	L1596299-R002
Deut	1	38	4Q35	1606683	PARTLY_RECONSTRUCTED	18	58	52	47	0	5	53	0	0	1	0	0	0	0	passage_status/DSS-Deuteronomy-Passage-Status.txt	425053	748	f74dd01bda9e6b7ea891ed5160e0c6d3710ffd836fa6635c6f269fa14da08464	L1596299-R003,L1596300-R001
Deut	1	39	4Q35	1606683	PARTLY_RECONSTRUCTED	16	45	41	30	1	10	32	1	0	1	0	0	0	0	passage_status/DSS-Deuteronomy-Passage-Status.txt	425801	738	80a1802e71984a5faee3936d2d8f1b4296fc57598c6c214160e2efbd387c7726	L1596300-R002
Deut	1	41	4Q35	1606683	PARTLY_RECONSTRUCTED	32	103	94	87	2	5	96	2	1	2	0	0	0	0	passage_status/DSS-Deuteronomy-Passage-Status.txt	426539	770	f6f128b82f2d8294bc81757d73857c8aee02a7a74c25849e548bac4a53697bf2	L1596301-R001,L1596302-R001,L1596303-R001
Deut	1	42	4Q35	1606683	ALL_LETTER_SLOTS_RECONSTRUCTED	16	49	42	42	0	0	49	0	1	2	0	0	0	0	passage_status/DSS-Deuteronomy-Passage-Status.txt	427309	742	f2480bc94117b797e10c23f8134f44bba981c3e1ac1c1e6a95243a2ac3167d41	L1596303-R002
Deut	1	43	4Q35	1606683	PARTLY_RECONSTRUCTED	18	49	45	41	1	3	42	1	0	1	0	0	0	0	passage_status/DSS-Deuteronomy-Passage-Status.txt	428051	753	78b4eb9d8fda3714891352ce2eb8dd9111b0b0fdfdfb461011de3a3043018250	L1596303-R003,L1596304-R001
Deut	1	44	4Q35	1606683	PARTLY_RECONSTRUCTED	29	79	74	60	4	10	63	4	0	1	0	0	0	0	passage_status/DSS-Deuteronomy-Passage-Status.txt	428804	766	5fc636a3ed7890914114879088beb36fca9f93888360c23b817e2148bc9480ef	L1596304-R002,L1596305-R001
Deut	1	45	4Q35	1606683	PARTLY_RECONSTRUCTED	18	50	46	31	2	13	32	2	0	1	0	0	0	0	passage_status/DSS-Deuteronomy-Passage-Status.txt	429570	760	565b01697bcb8233ee4d310672b6c604278c76b3586ad5bde765395a6b4ffeb7	L1596305-R002,L1596306-R001
Deut	1	46	4Q35	1606683	PARTLY_RECONSTRUCTED	11	32	30	17	0	13	17	0	0	1	0	0	0	0	passage_status/DSS-Deuteronomy-Passage-Status.txt	430330	733	285f226212ce90cbf574cd662180b3bbe1c9a3ad9e4fc8cc2330cbf09bcee3cf	L1596306-R002
Deut	2	1	4Q35	1606683	PARTLY_RECONSTRUCTED	22	60	56	24	0	32	25	0	0	1	0	0	0	0	passage_status/DSS-Deuteronomy-Passage-Status.txt	431063	731	16ec90a0a5aee234c3d90356f8eb22614434c973bb68d72126e313acc52eb40b	L1596307-R001
Deut	2	2	4Q35	1606683	PARTLY_RECONSTRUCTED	7	19	16	8	0	8	8	0	0	1	0	0	0	0	passage_status/DSS-Deuteronomy-Passage-Status.txt	431794	727	1d6920d4e1986c140cb6c801e71ae0802d8e4e004d2ae59aff3d8e174c6f54dc	L1596308-R001
Deut	2	3	4Q35	1606683	NO_LETTER_RECONSTRUCTION_MARKED	12	31	26	0	0	24	0	0	0	1	0	2	0	0	passage_status/DSS-Deuteronomy-Passage-Status.txt	432521	745	1c9951fe71717f4cb70017a2c38c6087a0c5f51b6207b6f02229854cd73b91e7	L1596308-R002
Deut	2	4	4Q35	1606683	PARTLY_RECONSTRUCTED	25	69	65	38	2	25	39	2	0	1	0	0	0	0	passage_status/DSS-Deuteronomy-Passage-Status.txt	433266	752	777525d8aa4ac58334ec4b9e84f42ace3f90129ff39a8b4f84e5904db12ccb5c	L1596308-R003,L1596309-R001
Deut	2	5	4Q35	1606683	PARTLY_RECONSTRUCTED	22	62	57	50	2	5	53	2	0	1	0	0	0	0	passage_status/DSS-Deuteronomy-Passage-Status.txt	434018	751	6d2b145d14ac4f511c273b8eb79020d7eee0f32f0444ca6486f956d7dcef6a09	L1596309-R002,L1596310-R001
Deut	2	6	4Q35	1606683	PARTLY_RECONSTRUCTED	7	19	16	11	2	3	12	2	0	1	0	0	0	0	passage_status/DSS-Deuteronomy-Passage-Status.txt	434769	734	ac143bc11427ae69c19e9700d7336bd947346cf4e874b0853edfe316beb0da4e	L1596310-R002
Deut	2	28	4Q35	1606683	PARTLY_RECONSTRUCTED	16	49	44	11	5	28	12	5	0	1	0	0	0	0	passage_status/DSS-Deuteronomy-Passage-Status.txt	435503	760	6458852d960d402fa9ed641cd719a18fd68b4253a9a7a740f9f649ba91419c32	L1596311-R001,L1596312-R001
Deut	2	29	4Q35	1606683	PARTLY_RECONSTRUCTED	32	90	84	45	5	34	50	6	0	1	0	0	0	0	passage_status/DSS-Deuteronomy-Passage-Status.txt	436263	776	b2808b22490c47d9e475289e3ebe9fc8f529bd95a142e1614b3f47280e79d97a	L1596312-R002,L1596313-R001,L1596314-R001
Deut	2	30	4Q35	1606683	PARTLY_RECONSTRUCTED	12	41	37	29	1	7	31	1	0	1	0	0	0	0	passage_status/DSS-Deuteronomy-Passage-Status.txt	437039	753	e76fc22bc25b1035fb035e775e04406d5e417c476b6d24a9706ddc070a7864a0	L1596314-R002,L1596315-R001
Deut	4	31	4Q35	1606683	PARTLY_RECONSTRUCTED	8	29	25	23	2	0	27	2	0	1	0	0	0	0	passage_status/DSS-Deuteronomy-Passage-Status.txt	437792	736	33e195b6970e11265e9b2f0e7f79ac1e67d2404cad08915ab507685c90e75560	L1596316-R001
Deut	4	32	4Q35	1606683	PARTLY_RECONSTRUCTED	45	110	106	86	1	19	87	1	0	1	0	0	0	0	passage_status/DSS-Deuteronomy-Passage-Status.txt	438528	788	77892207429a85b8d1ba4f2c2a9317213c2d562069cbf82457d5012240127979	L1596316-R002,L1596317-R001,L1596318-R001,L1596319-R001
Deut	4	33	4Q35	1606683	PARTLY_RECONSTRUCTED	17	42	40	32	0	8	32	0	0	1	0	0	0	0	passage_status/DSS-Deuteronomy-Passage-Status.txt	439316	748	932d3fe40a5d9fc37ed1026dc80c823b8ebf414b0e94058367ef5125dd96c260	L1596319-R002,L1596320-R001
Deut	4	34	4Q35	1606683	PARTLY_RECONSTRUCTED	35	83	80	72	2	5	73	2	0	1	0	1	0	0	passage_status/DSS-Deuteronomy-Passage-Status.txt	440064	764	d6b88a1e2ac9e4b4c4745b4518ccbc3745202f9cdd1474eebc2b41a2d6458d0d	L1596320-R002,L1596321-R001
Deut	19	21	4Q35	1606683	NO_LETTER_RECONSTRUCTION_MARKED	7	18	11	0	1	10	4	1	2	3	0	0	0	0	passage_status/DSS-Deuteronomy-Passage-Status.txt	440828	764	3555a696bebbf0b9d1de0b413e06201e7158a92c83112c3a8ab497bed2cb2f36	L1596322-R001,L1596323-R001
Deut	31	9	4Q35	1606683	PARTLY_RECONSTRUCTED	23	65	62	56	2	4	59	2	0	1	0	0	0	0	passage_status/DSS-Deuteronomy-Passage-Status.txt	441592	743	bc4732144b57e77e53b27cd78dec3fb163d75d26e254743d37554f936206f773	L1596324-R001
Deut	31	10	4Q35	1606683	PARTLY_RECONSTRUCTED	24	55	52	47	1	4	50	1	0	1	0	0	0	0	passage_status/DSS-Deuteronomy-Passage-Status.txt	442335	755	3379744fe31191898baf518588e3a135bc902f9eb8889c6b7c4fbfaa297cc10a	L1596324-R002,L1596325-R001
Deut	31	11	4Q35	1606683	PARTLY_RECONSTRUCTED	27	79	73	64	1	8	68	1	1	2	0	0	0	0	passage_status/DSS-Deuteronomy-Passage-Status.txt	443090	771	c15e9d6b55d8fc2f8267b25dbca380f5f747cde5ef1a8d4b8086f4a6d4df5c4c	L1596325-R002,L1596326-R001,L1596327-R001
Deut	33	8	4Q35	1606683	PARTLY_RECONSTRUCTED	23	70	61	55	2	4	64	2	1	2	0	0	0	0	passage_status/DSS-Deuteronomy-Passage-Status.txt	443861	759	f749469fd7222033e18458ef8292a32d801986ba93798f02abf7eeee93561d18	L1596328-R001,L1596329-R001
Deut	33	9	4Q35	1606683	PARTLY_RECONSTRUCTED	25	73	64	36	3	25	39	3	0	1	0	0	0	0	passage_status/DSS-Deuteronomy-Passage-Status.txt	444620	760	4cf62f4bcc6a780cee47a0cefe4ea67b955e31575c8297831b1b5dca5661279f	L1596329-R002,L1596330-R001
Deut	33	10	4Q35	1606683	PARTLY_RECONSTRUCTED	17	55	49	12	11	26	13	11	0	1	0	0	0	0	passage_status/DSS-Deuteronomy-Passage-Status.txt	445380	770	994d6511ab63bc9ab6270e7bcaa93ce1c9ab7f13711d3865d18ddafa85a9a130	L1596330-R002,L1596331-R001
Deut	33	11	4Q35	1606683	PARTLY_RECONSTRUCTED	15	52	46	14	6	26	19	6	0	1	0	0	0	0	passage_status/DSS-Deuteronomy-Passage-Status.txt	446150	752	3ad619cebbff2c6595ad8e2f17c1506093dddce1f38c713a33c4db1a26b2b8af	L1596331-R002
Deut	33	12	4Q35	1606683	PARTLY_RECONSTRUCTED	13	40	37	5	7	25	8	7	0	1	0	0	0	0	passage_status/DSS-Deuteronomy-Passage-Status.txt	446902	744	b4a039e046bc4a37a488d8953c2504bebd5d70ec07da5107f0180a02c7d9a2a4	L1596332-R001
Deut	33	13	4Q35	1606683	PARTLY_RECONSTRUCTED	19	50	47	4	4	39	4	4	0	1	0	0	0	0	passage_status/DSS-Deuteronomy-Passage-Status.txt	447646	760	91c51facae7c80367ccddb17806c5e7d94883ebc64ada777c9a67b38e04924ea	L1596332-R002,L1596333-R001
Deut	33	14	4Q35	1606683	PARTLY_RECONSTRUCTED	11	28	26	25	1	0	27	1	0	1	0	0	0	0	passage_status/DSS-Deuteronomy-Passage-Status.txt	448406	739	c3dc53a5c646f4e8120ce9750e40cdaaab676690bb0f8904336352201d97d632	L1596333-R002
Deut	33	15	4Q35	1606683	PARTLY_RECONSTRUCTED	11	27	25	1	2	22	1	2	0	1	0	0	0	0	passage_status/DSS-Deuteronomy-Passage-Status.txt	449145	760	c632f685d74c55a7f2132d68b7377f6416005f2878cff07102143b8aaf8ad0fd	L1596333-R003,L1596334-R001
Deut	33	16	4Q35	1606683	PARTLY_RECONSTRUCTED	20	57	53	27	4	22	27	4	0	1	0	0	0	0	passage_status/DSS-Deuteronomy-Passage-Status.txt	449905	774	f569424d42dc73fd63d6a9efa54fdcd6a70a40cc9fccb4830ecc910e6310eb33	L1596334-R002,L1596335-R001
Deut	33	17	4Q35	1606683	PARTLY_RECONSTRUCTED	23	76	70	26	4	40	26	4	0	1	0	0	0	0	passage_status/DSS-Deuteronomy-Passage-Status.txt	450679	762	7db080663134295acea30e2370df270462c8bfa198d41fe73029fefa7c33f724	L1596335-R002,L1596336-R001
Deut	33	18	4Q35	1606683	PARTLY_RECONSTRUCTED	13	39	35	14	1	20	18	1	0	1	0	0	0	0	passage_status/DSS-Deuteronomy-Passage-Status.txt	451441	740	747f36495c66a92a2bec0f95963ddfc37a1f2f132a15357821501f95f6eba1cf	L1596336-R002
Deut	33	19	4Q35	1606683	PARTLY_RECONSTRUCTED	16	55	52	9	1	42	12	1	0	1	0	0	0	0	passage_status/DSS-Deuteronomy-Passage-Status.txt	452181	755	67ebf724b9093139f88e94597eda971e2e5ebbac48e62d28177a89ca1b64989b	L1596336-R003,L1596337-R001
Deut	33	20	4Q35	1606683	PARTLY_RECONSTRUCTED	18	51	41	21	2	18	21	2	0	1	0	0	0	0	passage_status/DSS-Deuteronomy-Passage-Status.txt	452936	762	a6ebe34262b5565fe6f04c44a9180737dac8bf9d9ce48d97968cb51d38c7a5fb	L1596337-R002,L1596338-R001
Deut	33	21	4Q35	1606683	PARTLY_RECONSTRUCTED	21	64	60	33	2	25	33	2	0	1	0	0	0	0	passage_status/DSS-Deuteronomy-Passage-Status.txt	453698	762	9c444736a66d20d1d8b72c2d2ee4ed75e7b4b13fc3f9b0f73b4c4b711cb316b9	L1596338-R002,L1596339-R001
Deut	33	22	4Q35	1606683	PARTLY_RECONSTRUCTED	11	21	15	6	0	9	11	1	1	3	0	0	0	0	passage_status/DSS-Deuteronomy-Passage-Status.txt	454460	733	bb56099b024a73a6dc83b1a325460e77a91d987a574bed7a161f9f3e34dfbc45	L1596339-R002
Deut	4	49	4Q36	1606684	PARTLY_RECONSTRUCTED	7	19	17	14	1	2	16	1	0	1	0	0	0	0	passage_status/DSS-Deuteronomy-Passage-Status.txt	455193	736	7397b64d7d1e1040140581cff9a5a4186be271b4ff28f43b8ca7a33a01b5c13b	L1596340-R001
Deut	5	1	4Q36	1606684	PARTLY_RECONSTRUCTED	13	41	38	36	2	0	37	2	0	1	0	0	0	0	passage_status/DSS-Deuteronomy-Passage-Status.txt	455929	735	2180ed4dda93356f4434bb0e981a111fd438199e7f31689a4028edfcfbf2ea2d	L1596341-R001
Deut	20	9	4Q36	1606684	PARTLY_RECONSTRUCTED	20	46	44	37	5	2	37	5	0	1	0	0	0	0	passage_status/DSS-Deuteronomy-Passage-Status.txt	456664	737	fc7dd992d3a4c2ea76d9657ee207a2ae58ec721a306e21fd6a125d2c7d2733a3	L1596342-R001
Deut	20	10	4Q36	1606684	PARTLY_RECONSTRUCTED	13	38	34	21	7	6	22	7	0	1	0	0	0	0	passage_status/DSS-Deuteronomy-Passage-Status.txt	457401	745	1f322cedd506ae5360bb75669d7a82b22e52b51cdf66c5256c44786e915930a3	L1596343-R001
Deut	20	11	4Q36	1606684	PARTLY_RECONSTRUCTED	23	59	52	17	3	32	19	3	0	1	0	0	0	0	passage_status/DSS-Deuteronomy-Passage-Status.txt	458146	768	6059b46c09d40f8120bb40fbba74e658ab885e3fe6348001a6d2125b3bcad91e	L1596343-R002,L1596344-R001
Deut	20	12	4Q36	1606684	PARTLY_RECONSTRUCTED	13	39	34	29	2	3	34	2	0	1	0	0	0	0	passage_status/DSS-Deuteronomy-Passage-Status.txt	458914	755	909c06c06d89800428ac4cbf57816ea7764bd4f98f71d346e72855fccbea4622	L1596344-R002,L1596345-R001
Deut	20	13	4Q36	1606684	PARTLY_RECONSTRUCTED	7	23	18	7	2	9	8	2	0	1	0	0	0	0	passage_status/DSS-Deuteronomy-Passage-Status.txt	459669	742	605f35c7ef0f98000c7693e75eff03c092ebb88e6f7d9864da485b5cfd6526a9	L1596345-R002
Deut	21	23	4Q36	1606684	PARTLY_RECONSTRUCTED	20	63	58	53	5	0	56	5	0	1	0	0	0	0	passage_status/DSS-Deuteronomy-Passage-Status.txt	460411	761	3fa511f83bb56ba6e77fd1e6af561e2aa8cf811b8162575d5b747a7b5905220d	L1596347-R001,L1596348-R001
Deut	22	1	4Q36	1606684	PARTLY_RECONSTRUCTED	17	57	50	42	2	6	48	2	0	1	0	0	0	0	passage_status/DSS-Deuteronomy-Passage-Status.txt	461172	753	077e913e18ec5bd3c90366f644f131096025d278daf62118593bd250f3ed53cf	L1596348-R002,L1596349-R001
Deut	22	2	4Q36	1606684	PARTLY_RECONSTRUCTED	25	79	67	66	1	0	78	1	0	1	0	0	0	0	passage_status/DSS-Deuteronomy-Passage-Status.txt	461925	753	84470a41ce931f10e58de11eb179a0bd909fb277a9c43956f423c9254d16dd29	L1596349-R002,L1596350-R001
Deut	22	3	4Q36	1606684	PARTLY_RECONSTRUCTED	27	79	72	53	8	11	56	8	0	1	0	0	0	0	passage_status/DSS-Deuteronomy-Passage-Status.txt	462678	766	dda413dd6d752c43ce8056dfe93c349bd8d957561961a56c72580fc70445e83a	L1596350-R002,L1596351-R001
Deut	22	4	4Q36	1606684	PARTLY_RECONSTRUCTED	17	57	51	38	1	11	41	1	0	1	0	4	0	0	passage_status/DSS-Deuteronomy-Passage-Status.txt	463444	743	b8ba51b78f0a3d192c6c74ce7867f649cf8b1441709b965aad52a35088813cd9	L1596352-R001
Deut	22	5	4Q36	1606684	PARTLY_RECONSTRUCTED	20	61	58	38	3	17	41	3	0	1	0	0	0	0	passage_status/DSS-Deuteronomy-Passage-Status.txt	464187	766	fc7ec1ab10bae0c48c4c1ee5f58c1feee9fc9a14fd8956b25a0a4dcdd38946d9	L1596353-R001,L1596354-R001
Deut	22	6	4Q36	1606684	PARTLY_RECONSTRUCTED	37	92	89	56	11	22	58	11	0	1	0	0	0	0	passage_status/DSS-Deuteronomy-Passage-Status.txt	464953	790	fe03242d4850e5178ec0f8e89e98bce81c47a01e624933fef9ef5dd85d812412	L1596354-R002,L1596355-R001,L1596356-R001
Deut	22	7	4Q36	1606684	PARTLY_RECONSTRUCTED	18	49	45	44	0	1	47	0	0	1	0	0	0	0	passage_status/DSS-Deuteronomy-Passage-Status.txt	465743	748	6bb7eb3106da4faf32c5989f452e367508522555c3afcfd4d05346948ab0757a	L1596356-R002,L1596357-R001
Deut	22	8	4Q36	1606684	PARTLY_RECONSTRUCTED	21	59	54	50	0	4	55	0	0	1	0	0	0	0	passage_status/DSS-Deuteronomy-Passage-Status.txt	466491	748	acfd93f726bc82e957a4911b05eeefc8076031417f74ca1941cf887cc7a72f29	L1596357-R002,L1596358-R001
Deut	22	9	4Q36	1606684	PARTLY_RECONSTRUCTED	9	29	26	25	1	0	26	1	0	1	0	0	0	0	passage_status/DSS-Deuteronomy-Passage-Status.txt	467239	736	67937635586e93a2c7ba538709113b86b53f34c70ee6b811757c5ab73262098c	L1596358-R002
Deut	23	6	4Q36	1606684	PARTLY_RECONSTRUCTED	9	29	25	13	2	10	17	2	0	1	0	0	0	0	passage_status/DSS-Deuteronomy-Passage-Status.txt	467975	743	6dfad588dc1621e07fe4acc1df0ccc46b2c3a8ddbaab9a16490d1dfc8b157ecd	L1596359-R001
Deut	23	7	4Q36	1606684	PARTLY_RECONSTRUCTED	10	32	27	20	1	6	24	1	0	1	0	0	0	0	passage_status/DSS-Deuteronomy-Passage-Status.txt	468718	753	f911c21af0f3ef16b3334c2fa2dcc29425846d50afc097f150a6455344d769eb	L1596359-R002,L1596360-R001
Deut	23	8	4Q36	1606684	PARTLY_RECONSTRUCTED	15	46	42	40	1	1	44	1	0	1	0	0	0	0	passage_status/DSS-Deuteronomy-Passage-Status.txt	469471	753	11c2cbfcb102f00eb8b90457448ed8e0457cbd6765e11e6e41d0d4ec46d4bce1	L1596360-R002,L1596361-R001
Deut	23	9	4Q36	1606684	NO_LETTER_SLOTS	4	8	0	0	0	0	8	0	4	4	0	0	0	0	passage_status/DSS-Deuteronomy-Passage-Status.txt	470224	770	a512c55b2c7a32b49602e9cd08ae85486ce3109910dfb5284f522e6da68c2d53	L1596361-R002,L1596362-R001,L1596363-R001,L1596364-R001
Deut	23	12	4Q36	1606684	PARTLY_RECONSTRUCTED	20	46	42	33	1	8	37	1	1	2	0	0	0	0	passage_status/DSS-Deuteronomy-Passage-Status.txt	470994	755	5bd976a3866a3392ee20408068828a5a5b80e7128500438a35fd36568450441f	L1596365-R001,L1596366-R001
Deut	23	13	4Q36	1606684	PARTLY_RECONSTRUCTED	13	33	29	18	0	11	19	0	0	1	0	0	0	0	passage_status/DSS-Deuteronomy-Passage-Status.txt	471749	751	4180dea37fd88875d10c9064fe445159ba0347072ae0038f1a4a7cb8fe8d64af	L1596366-R002,L1596367-R001
Deut	23	14	4Q36	1606684	PARTLY_RECONSTRUCTED	21	57	50	37	3	10	43	3	0	1	0	0	0	0	passage_status/DSS-Deuteronomy-Passage-Status.txt	472500	756	de2fc87fed4211959b2d4c2766932d94dff2e255213653514f0005e19d4869bf	L1596367-R002,L1596368-R001
Deut	23	15	4Q36	1606684	PARTLY_RECONSTRUCTED	30	92	82	64	0	18	74	0	0	1	0	0	0	0	passage_status/DSS-Deuteronomy-Passage-Status.txt	473256	767	1b648c0d517a227d6a051892aa2aa8a5d6b1e3e488e4496606acd873b0c3e3de	L1596368-R002,L1596369-R001,L1596370-R001
Deut	23	16	4Q36	1606684	PARTLY_RECONSTRUCTED	12	41	36	32	4	0	35	4	0	1	0	0	0	0	passage_status/DSS-Deuteronomy-Passage-Status.txt	474023	755	0dff9356a98a2d258747ec33275e047a9837f770a1c66ac0d0f3a51e4d1a22f2	L1596370-R002,L1596371-R001
Deut	23	23	4Q36	1606684	PARTLY_RECONSTRUCTED	11	27	22	15	2	5	18	2	1	2	0	0	0	0	passage_status/DSS-Deuteronomy-Passage-Status.txt	474778	745	a27a4eb4b81bbb84c4d5718caa93ee4e19e435d7d3a72b1f3d6adfaff98e7fa0	L1596372-R001
Deut	23	24	4Q36	1606684	PARTLY_RECONSTRUCTED	17	57	52	32	3	17	34	3	0	1	0	0	0	0	passage_status/DSS-Deuteronomy-Passage-Status.txt	475523	762	6f1495120025187c1ecfad7b9893416b072a9533e33075950187ac84d849cc09	L1596373-R001,L1596374-R001
Deut	23	25	4Q36	1606684	PARTLY_RECONSTRUCTED	17	49	43	24	5	14	28	5	0	1	0	0	0	0	passage_status/DSS-Deuteronomy-Passage-Status.txt	476285	762	c0d20c4996f38b3c2777a296538ba4302ddf6fbb0a632a58472d3ac8acb19ddb	L1596374-R002,L1596375-R001
Deut	23	26	4Q36	1606684	PARTLY_RECONSTRUCTED	18	50	45	31	6	8	32	6	0	1	0	0	0	0	passage_status/DSS-Deuteronomy-Passage-Status.txt	477047	761	3d745930ecd2f912fe71414ea7cb27debf7bb05c95f221edcb1037f3dbb6f139	L1596375-R002,L1596376-R001
Deut	24	1	4Q36	1606684	ALL_LETTER_SLOTS_RECONSTRUCTED	7	17	9	9	0	0	13	1	2	4	0	0	0	0	passage_status/DSS-Deuteronomy-Passage-Status.txt	477808	739	739544607a2b66088ee8053d50e7c1a847f306ec21f768c9d813f6cdd35ce6b1	L1596376-R002
Deut	30	3	4Q36	1606684	ALL_LETTER_SLOTS_RECONSTRUCTED	10	33	28	28	0	0	33	0	0	1	0	0	0	0	passage_status/DSS-Deuteronomy-Passage-Status.txt	478547	742	c7407eed9815b09aaec2169c319b9e6aed6025737f259b413af716aa444d6b78	L1596377-R001
Deut	30	4	4Q36	1606684	PARTLY_RECONSTRUCTED	17	50	44	41	2	1	47	2	0	1	0	0	0	0	passage_status/DSS-Deuteronomy-Passage-Status.txt	479289	753	adbbd1d5f2df16fba498106b2643ddb94239f08af55707475ce609f0cbde2275	L1596377-R002,L1596378-R001
Deut	30	5	4Q36	1606684	PARTLY_RECONSTRUCTED	19	64	56	48	3	5	55	3	0	1	0	0	0	0	passage_status/DSS-Deuteronomy-Passage-Status.txt	480042	759	6446a0198b2a28192212ca828ebc966d05859750ab96703724a2044a203b8977	L1596378-R002,L1596379-R001
Deut	30	6	4Q36	1606684	ALL_LETTER_SLOTS_RECONSTRUCTED	4	7	3	3	0	0	5	0	1	2	0	0	0	0	passage_status/DSS-Deuteronomy-Passage-Status.txt	480801	737	880d5aba25f369a84c3bf3b9613e4c0de17673ab7fab6a7096180f3d45673946	L1596379-R002
Deut	5	1	4Q37	1606685	PARTLY_RECONSTRUCTED	35	112	105	14	18	73	17	18	0	1	0	0	0	0	passage_status/DSS-Deuteronomy-Passage-Status.txt	481538	790	5c70356d13a11eed065b52f42722905ff435e1c090e92dfd834407cdff3cd518	L1596380-R001,L1596381-R001,L1596382-R001
Deut	5	2	4Q37	1606685	PARTLY_RECONSTRUCTED	8	31	27	7	5	15	8	5	0	1	0	0	0	0	passage_status/DSS-Deuteronomy-Passage-Status.txt	482328	761	a1efec01f8ad9c0ed82bc0c258279bb4b3ba6c57e7fbb535dd5d3c0dca109888	L1596382-R002,L1596383-R001
Deut	5	3	4Q37	1606685	PARTLY_RECONSTRUCTED	20	63	58	33	12	13	33	12	0	1	0	0	0	0	passage_status/DSS-Deuteronomy-Passage-Status.txt	483089	772	60add97353b816a273151367bfcb0bf67f33ccf2c2f63a063c11fc3ef39d1ded	L1596383-R002,L1596384-R001
Deut	5	4	4Q37	1606685	PARTLY_RECONSTRUCTED	13	33	30	22	0	8	24	0	0	1	0	0	0	0	passage_status/DSS-Deuteronomy-Passage-Status.txt	483861	746	a2fa0f2f568bc4699e9557ceaa1145edd839d86a6fa7ec9c43690176a4819bac	L1596384-R002,L1596385-R001
Deut	5	5	4Q37	1606685	PARTLY_RECONSTRUCTED	30	80	76	51	9	16	53	9	0	1	0	0	0	0	passage_status/DSS-Deuteronomy-Passage-Status.txt	484607	764	4832aded1756670a4046f26ba5affe8b72591130bd0a2eb4a4949a9f04e31656	L1596385-R002,L1596386-R001
Deut	5	6	4Q37	1606685	PARTLY_RECONSTRUCTED	12	47	43	17	1	25	18	1	0	1	0	0	0	0	passage_status/DSS-Deuteronomy-Passage-Status.txt	485371	736	75ba1216930eb44b0ec639263eed65b3cd37377e0699218299d8850763ff7976	L1596387-R001
Deut	5	7	4Q37	1606685	PARTLY_RECONSTRUCTED	8	29	25	10	0	15	13	0	0	1	0	0	0	0	passage_status/DSS-Deuteronomy-Passage-Status.txt	486107	730	40f3a09bc6d0fcc8ee45e6e463230026be7bffb33ac8c5becc73cd468aafe91b	L1596388-R001
Deut	5	8	4Q37	1606685	PARTLY_RECONSTRUCTED	26	63	60	31	3	26	31	3	0	1	0	0	0	0	passage_status/DSS-Deuteronomy-Passage-Status.txt	486837	774	0f4fcbb9f716954773cac639fdf5a1d2b02a360c3468f4718efa84155a8bcbc2	L1596388-R002,L1596389-R001,L1596390-R001
Deut	5	9	4Q37	1606685	PARTLY_RECONSTRUCTED	26	85	80	51	8	21	55	8	0	1	0	0	0	0	passage_status/DSS-Deuteronomy-Passage-Status.txt	487611	786	929f6256dfb6df2b1ccc87f0fe25c5925af6bbcc5b7aa39cd9dce742425f9119	L1596390-R002,L1596391-R001,L1596392-R001
Deut	5	10	4Q37	1606685	PARTLY_RECONSTRUCTED	12	35	31	25	1	5	27	1	0	1	0	0	0	0	passage_status/DSS-Deuteronomy-Passage-Status.txt	488397	737	c7b7ff564732d8c5c96671cf95cd17d69c895547495509fa340cf8296cb899fd	L1596392-R002
Deut	5	11	4Q37	1606685	PARTLY_RECONSTRUCTED	13	38	35	29	1	5	30	1	0	1	0	0	0	0	passage_status/DSS-Deuteronomy-Passage-Status.txt	489134	737	fe094f3220cabbc1196fa5dcbd7479daafc7040b9fa62d352a66503f0015fe17	L1596393-R001
Deut	5	13	4Q37	1606685	PARTLY_RECONSTRUCTED	10	31	24	18	1	5	24	1	2	3	0	0	0	0	passage_status/DSS-Deuteronomy-Passage-Status.txt	489871	769	66c94e371cc49571e82a5c1dbd7016cdb1af434add776d57192728c089639f6e	L1596394-R001,L1596395-R001,L1596396-R001
Deut	5	14	4Q37	1606685	PARTLY_RECONSTRUCTED	40	124	109	99	0	10	113	0	0	1	0	0	0	0	passage_status/DSS-Deuteronomy-Passage-Status.txt	490640	768	c923d377efeca6cbca7f46a317c76b0b7bab1acd5ebdeb02c933e91c8abeb95c	L1596396-R002,L1596397-R001,L1596398-R001
Deut	5	15	4Q37	1606685	PARTLY_RECONSTRUCTED	39	105	87	77	2	8	93	2	5	7	0	0	0	0	passage_status/DSS-Deuteronomy-Passage-Status.txt	491408	856	0dbae57696261207b10f51b841d1437c96c88df9af5c75b0a8114caac2479361	L1596398-R002,L1596399-R001,L1596400-R001,L1596401-R001,L1596402-R001,L1596403-R001,L1596404-R001,L1596405-R001
Deut	5	21	4Q37	1606685	PARTLY_RECONSTRUCTED	25	72	57	49	4	4	60	5	2	4	0	0	0	0	passage_status/DSS-Deuteronomy-Passage-Status.txt	492264	765	ff520f00048ba9fdba5da5bf6f9fefa74c36cdf410f2c92f505783701d279a74	L1596406-R001,L1596407-R001
Deut	5	22	4Q37	1606685	PARTLY_RECONSTRUCTED	32	87	81	68	1	12	73	1	0	1	0	0	0	0	passage_status/DSS-Deuteronomy-Passage-Status.txt	493029	770	2531bdf71a1f7fe31c668eac822b9f5543a9f3ab6c495ae4a3dd49e9dcf68317	L1596408-R001,L1596409-R001,L1596410-R001
Deut	5	23	4Q37	1606685	PARTLY_RECONSTRUCTED	26	71	64	57	0	7	64	0	0	1	0	0	0	0	passage_status/DSS-Deuteronomy-Passage-Status.txt	493799	748	7f9dcfeb6fa5cef3feb973623497400b17ac6cb0a4b52fc3055f737c3d4f2fe8	L1596410-R002,L1596411-R001
Deut	5	24	4Q37	1606685	PARTLY_RECONSTRUCTED	33	94	85	65	4	16	70	5	0	2	0	0	0	0	passage_status/DSS-Deuteronomy-Passage-Status.txt	494547	782	cbf09f5001292722daccbd10bcf0abb3cc56b7a95632cdb8d0297307da3417c0	L1596411-R002,L1596412-R001,L1596413-R001
Deut	5	25	4Q37	1606685	PARTLY_RECONSTRUCTED	25	76	72	59	2	11	63	2	0	1	0	1	0	0	passage_status/DSS-Deuteronomy-Passage-Status.txt	495329	781	362b82288a8cbc3783f82135319db2bfcb3b2d3684bbecffc2e360f54efa6ec3	L1596413-R002,L1596414-R001,L1596415-R001
Deut	5	26	4Q37	1606685	PARTLY_RECONSTRUCTED	18	51	48	32	2	14	32	2	0	1	0	0	0	0	passage_status/DSS-Deuteronomy-Passage-Status.txt	496110	760	2f4acfd261332b0b4b6314be8ca81169bb0b22ba20bee8e42c08ec2928cf1286	L1596415-R002,L1596416-R001
Deut	5	27	4Q37	1606685	PARTLY_RECONSTRUCTED	26	94	87	72	9	6	77	9	0	1	0	0	0	0	passage_status/DSS-Deuteronomy-Passage-Status.txt	496870	797	b0c6815e86ca9b6a9e6d8bc6dac484df5db04b7122f3497d0155c572e171d6c5	L1596416-R002,L1596417-R001,L1596418-R001,L1596419-R001
Deut	5	28	4Q37	1606685	PARTLY_RECONSTRUCTED	30	97	88	82	2	4	89	2	1	2	0	0	0	0	passage_status/DSS-Deuteronomy-Passage-Status.txt	497667	775	fb766d1d501e5dff378d3b61706dcba71295537269ef2193a445d9193aaf3c8f	L1596419-R002,L1596420-R001,L1596421-R001
Deut	5	29	4Q37	1606685	PARTLY_RECONSTRUCTED	23	70	62	30	4	28	33	4	0	1	0	0	0	0	passage_status/DSS-Deuteronomy-Passage-Status.txt	498442	760	5786f4c03975b6d215d9cab09af0663c7eb54b140d73c9ab2ca054507b96475b	L1596422-R001,L1596423-R001
Deut	5	30	4Q37	1606685	PARTLY_RECONSTRUCTED	8	28	23	9	1	13	10	1	0	1	0	0	0	0	passage_status/DSS-Deuteronomy-Passage-Status.txt	499202	752	60c906f6b5e238d0eba79b8029bac3e0f4d082d0829600c2cc581e4509f00784	L1596423-R002,L1596424-R001
Deut	5	31	4Q37	1606685	PARTLY_RECONSTRUCTED	30	93	86	53	7	26	59	7	0	1	0	0	0	0	passage_status/DSS-Deuteronomy-Passage-Status.txt	499954	788	6abd1302c4a62066e9749aad667820a4269208bef61fc5bdca82e088d5ef3bc7	L1596424-R002,L1596425-R001,L1596426-R001
Deut	5	32	4Q37	1606685	PARTLY_RECONSTRUCTED	16	55	51	38	5	8	42	5	0	1	0	0	0	0	passage_status/DSS-Deuteronomy-Passage-Status.txt	500742	781	f7c40a3b2ad270336f5686cb45b5755573feb03a95636ed4711662e683fe274a	L1596426-R002,L1596427-R001,L1596428-R001
Deut	5	33	4Q37	1606685	PARTLY_RECONSTRUCTED	23	82	74	56	4	14	62	4	0	1	0	0	0	0	passage_status/DSS-Deuteronomy-Passage-Status.txt	501523	782	be4eb1fecc51ea41963117245482f8866b038d13b9332e269675acf622471284	L1596428-R002,L1596429-R001,L1596430-R001
Deut	6	1	4Q37	1606685	PARTLY_RECONSTRUCTED	27	83	77	63	7	7	68	7	0	1	0	0	0	0	passage_status/DSS-Deuteronomy-Passage-Status.txt	502305	779	fe86dbaa81376babe68873fb7cb16e09b1e7d758d0462ac5421433b37488bf50	L1596430-R002,L1596431-R001,L1596432-R001
Deut	6	2	4Q37	1606685	PARTLY_RECONSTRUCTED	29	107	96	86	3	7	94	3	0	1	0	0	0	0	passage_status/DSS-Deuteronomy-Passage-Status.txt	503084	780	854d525c831ac2b1fafc2021ef70b3ed397f804b43a296e8a5cfb1cef156c514	L1596432-R002,L1596433-R001,L1596434-R001
Deut	6	3	4Q37	1606685	PARTLY_RECONSTRUCTED	14	42	38	34	1	3	36	1	0	1	0	0	0	0	passage_status/DSS-Deuteronomy-Passage-Status.txt	503864	735	8f1bfab98bc0591ffbe277c8cd11f9bbb4fe82d852eff7c921ae77b09d93f824	L1596435-R001
Deut	8	5	4Q37	1606685	PARTLY_RECONSTRUCTED	16	57	51	26	11	14	29	11	0	1	0	0	0	0	passage_status/DSS-Deuteronomy-Passage-Status.txt	504599	772	bf8b82eaa523eaafff3d518547001493b664734b930c25e694891242028641c1	L1596436-R001,L1596437-R001
Deut	8	6	4Q37	1606685	PARTLY_RECONSTRUCTED	16	53	47	17	7	23	18	7	0	1	0	0	0	0	passage_status/DSS-Deuteronomy-Passage-Status.txt	505371	780	4b36f7140ec908d5ed2ef0d528a2d96a3c185ce0940a5c75981d9d357828b1ec	L1596437-R002,L1596438-R001,L1596439-R001
Deut	8	7	4Q37	1606685	PARTLY_RECONSTRUCTED	22	74	70	33	9	28	34	9	0	1	0	0	0	0	passage_status/DSS-Deuteronomy-Passage-Status.txt	506151	780	006f74bdcf2b1e6e42d4eb6c8c467deebd729a10541a88d6d900412bfbff667f	L1596439-R002,L1596440-R001,L1596441-R001
Deut	8	8	4Q37	1606685	PARTLY_RECONSTRUCTED	16	41	39	19	6	14	19	6	0	1	0	0	0	0	passage_status/DSS-Deuteronomy-Passage-Status.txt	506931	764	bdd042d159b383c88ec70e642e4b3f4bb667e79caf204dfe1e12392ed8c77ad9	L1596441-R002,L1596442-R001
Deut	8	9	4Q37	1606685	PARTLY_RECONSTRUCTED	23	78	72	24	11	37	26	11	0	1	0	0	0	0	passage_status/DSS-Deuteronomy-Passage-Status.txt	507695	798	7d85854f23c1fed57a7b7c46add9cf546f01d4b561a4082fa68ce79034a031d5	L1596442-R002,L1596443-R001,L1596444-R001,L1596445-R001
Deut	8	10	4Q37	1606685	PARTLY_RECONSTRUCTED	20	59	51	33	4	14	39	4	1	3	0	0	0	0	passage_status/DSS-Deuteronomy-Passage-Status.txt	508493	792	ee211fdd2ded22cef1b64bb5b1ddacf59f3e36e55651d381823f852aca477b64	L1596445-R002,L1596446-R001,L1596447-R001,L1596449-R001
Deut	11	6	4Q37	1606685	PARTLY_RECONSTRUCTED	25	63	57	36	5	16	40	5	1	2	0	0	0	0	passage_status/DSS-Deuteronomy-Passage-Status.txt	509285	760	aa4d2f9cf2fdf1fa3173b6a2685ac4a5f543e2ad6aa1db08fa9e527f2ee9a83e	L1596450-R001,L1596451-R001
Deut	11	7	4Q37	1606685	PARTLY_RECONSTRUCTED	13	40	37	25	0	12	28	0	0	1	0	0	0	0	passage_status/DSS-Deuteronomy-Passage-Status.txt	510045	749	6056f2158bafb3467c8fbb0075574a231c6c6adc22fe993d2ac0aad04ad49fb0	L1596451-R002,L1596452-R001
Deut	11	8	4Q37	1606685	PARTLY_RECONSTRUCTED	37	109	104	79	3	22	80	3	0	1	0	0	0	0	passage_status/DSS-Deuteronomy-Passage-Status.txt	510794	800	4c992d61163b245409a5cc2498e01c1a2c21796601e52b48fcb71f0c9253b555	L1596452-R002,L1596453-R001,L1596454-R001,L1596455-R001
Deut	11	9	4Q37	1606685	PARTLY_RECONSTRUCTED	24	72	66	54	2	10	57	2	0	1	0	0	0	0	passage_status/DSS-Deuteronomy-Passage-Status.txt	511594	760	298b94fad4d9f4337e3869c8329423b690ec44585961189d813892bdb18cf1ca	L1596455-R002,L1596456-R001
Deut	11	10	4Q37	1606685	PARTLY_RECONSTRUCTED	31	81	71	53	2	15	62	3	1	3	0	0	1	0	passage_status/DSS-Deuteronomy-Passage-Status.txt	512354	783	234c50a964b27213930536f22eb46a90c2f43e333e71d6c6c5482db351eed313	L1596457-R001,L1596458-R001,L1596459-R001
Deut	11	11	4Q37	1606685	PARTLY_RECONSTRUCTED	20	57	51	49	0	2	53	2	0	1	0	0	0	0	passage_status/DSS-Deuteronomy-Passage-Status.txt	513137	750	45a9396972121e28c71527fe327028cf7180bc254a1215c807c391c16b701d7d	L1596459-R002,L1596460-R001
Deut	11	12	4Q37	1606685	PARTLY_RECONSTRUCTED	20	68	62	57	2	3	60	2	0	1	0	0	0	0	passage_status/DSS-Deuteronomy-Passage-Status.txt	513887	777	597ca3348e583a9263d42060d1deb268b51b912ce88e175c40b163f8db3317de	L1596460-R002,L1596461-R001,L1596462-R001
Deut	11	13	4Q37	1606685	PARTLY_RECONSTRUCTED	25	80	72	66	1	5	72	1	0	1	0	0	0	0	passage_status/DSS-Deuteronomy-Passage-Status.txt	514664	755	526168bdc3cecb1dbac4f51edb093a571ebdae1d5529248ca3c7ec5947efaeae	L1596462-R002,L1596463-R001
Deut	11	20	4Q37	1606685	NO_LETTER_SLOTS	3	6	0	0	0	0	4	1	1	3	0	0	0	0	passage_status/DSS-Deuteronomy-Passage-Status.txt	515419	724	17618f25a58e81e2aa8e7c1e55a22120adc0764b09523d6a67435e82d40d2729	L1596464-R001
Deut	11	21	4Q37	1606685	PARTLY_RECONSTRUCTED	25	75	69	65	2	2	71	2	0	1	0	0	0	0	passage_status/DSS-Deuteronomy-Passage-Status.txt	516143	761	dc15d65de6ce19626015990b80a120fa3804720afad1fc56a474dc3b24ac37bf	L1596464-R002,L1596465-R001
Deut	32	7	4Q37	1606685	PARTLY_RECONSTRUCTED	14	46	39	36	3	0	42	4	0	1	0	0	0	0	passage_status/DSS-Deuteronomy-Passage-Status.txt	516904	743	2f8d9b6ef3ce7f9efbd62a06056e22c613e4e248d9afb4a6a4a39149bc8e000b	L1596487-R001
Deut	32	8	4Q37	1606685	PARTLY_RECONSTRUCTED	17	58	53	39	0	14	42	0	1	2	0	0	0	0	passage_status/DSS-Deuteronomy-Passage-Status.txt	517647	749	0af75cc7efbabcc9cbcacc6d2512222c0492bba0f58be6d7a999403f8beca11e	L1596488-R001,L1596489-R001
Deut	5	28	4Q38	1606686	PARTLY_RECONSTRUCTED	16	50	47	40	6	1	43	6	0	1	0	0	0	0	passage_status/DSS-Deuteronomy-Passage-Status.txt	518396	765	1686965f017950168e6b3a18bba0588c3f92f2e905e742240ca834dc0bda69c2	L1596513-R001,L1596514-R001
Deut	5	29	4Q38	1606686	PARTLY_RECONSTRUCTED	26	77	68	50	7	11	55	7	0	1	0	0	0	0	passage_status/DSS-Deuteronomy-Passage-Status.txt	519161	766	5476621eea1aff360a08d516e845f8ee8fed0eea2baa86bdf4a4686f691a6431	L1596514-R002,L1596515-R001
Deut	5	30	4Q38	1606686	PARTLY_RECONSTRUCTED	8	28	23	11	2	10	15	2	0	1	0	0	0	0	passage_status/DSS-Deuteronomy-Passage-Status.txt	519927	759	68b45566ee89fd9cc2d1fad70166ea7d634a5a69de1a7c86f49a8607b8ac8cc7	L1596515-R002,L1596516-R001
Deut	5	31	4Q38	1606686	PARTLY_RECONSTRUCTED	31	91	84	54	8	22	59	8	0	1	0	0	0	0	passage_status/DSS-Deuteronomy-Passage-Status.txt	520686	782	366c5cae195e93d2b70d5cda8f1666a23f5396906f340cb2436d74e8f1b0fab3	L1596516-R002,L1596517-R001,L1596518-R001
Deut	5	32	4Q38	1606686	PARTLY_RECONSTRUCTED	11	37	33	32	1	0	34	1	0	1	0	0	0	0	passage_status/DSS-Deuteronomy-Passage-Status.txt	521468	737	2d319ee363b411de6f111fb3ffd712b0aef4880fea7fb7e8a366adfec4a61bde	L1596518-R002
Deut	11	6	4Q38	1606686	PARTLY_RECONSTRUCTED	26	74	61	42	4	15	52	6	2	4	0	0	0	0	passage_status/DSS-Deuteronomy-Passage-Status.txt	522205	766	9f2818cb2d38e85b2b0bf8c4785155aebdff6abf010c97417523c6fca5bddb05	L1596519-R001,L1596520-R001
Deut	11	7	4Q38	1606686	PARTLY_RECONSTRUCTED	14	45	41	17	2	22	20	2	0	1	0	4	0	0	passage_status/DSS-Deuteronomy-Passage-Status.txt	522971	765	993b6a049eacfdb8c0e419a594b86014279d0a374a6a212d440dbe8b4945fe07	L1596520-R002,L1596521-R001
Deut	11	8	4Q38	1606686	PARTLY_RECONSTRUCTED	37	110	105	39	17	49	40	17	0	1	0	0	0	0	passage_status/DSS-Deuteronomy-Passage-Status.txt	523736	808	89e586d4729dc0e902a74acf41ad548b4d0284e5380636772e87e0d46778ae35	L1596521-R002,L1596522-R001,L1596523-R001,L1596524-R001
Deut	11	9	4Q38	1606686	PARTLY_RECONSTRUCTED	25	80	73	17	8	48	18	8	0	1	0	0	0	0	passage_status/DSS-Deuteronomy-Passage-Status.txt	524544	782	a94cdb925fc9f372b1a985026c09d7036879b1f9298e2488c82daffc65b95969	L1596524-R002,L1596525-R001,L1596526-R001
Deut	11	10	4Q38	1606686	PARTLY_RECONSTRUCTED	31	93	87	19	5	63	22	5	0	1	0	0	0	0	passage_status/DSS-Deuteronomy-Passage-Status.txt	525326	778	82af5ae5ffdcb2b062e2f774bc59e53093178d740b61f1a3e0af76e9a8c3a682	L1596526-R002,L1596527-R001,L1596528-R001
Deut	11	11	4Q38	1606686	PARTLY_RECONSTRUCTED	20	58	54	18	1	35	21	1	0	1	0	0	0	0	passage_status/DSS-Deuteronomy-Passage-Status.txt	526104	756	e61051ae5bec4e5717f77253192341adbf6c5192527b437baf1895ca9fc63021	L1596528-R002,L1596529-R001
Deut	11	12	4Q38	1606686	PARTLY_RECONSTRUCTED	19	69	63	15	3	41	17	3	0	1	0	4	0	0	passage_status/DSS-Deuteronomy-Passage-Status.txt	526860	783	62663dcc7303eaa9b7a77ffd5b538cea11caa81a6b26000aca84a64132aab745	L1596529-R002,L1596530-R001,L1596531-R001
Deut	11	13	4Q38	1606686	PARTLY_RECONSTRUCTED	9	27	24	18	1	5	19	1	0	1	0	0	0	0	passage_status/DSS-Deuteronomy-Passage-Status.txt	527643	738	796429b6454923742cb4fd81c60b318904976e2185ab1cb21ea56ad48f6b7e4a	L1596531-R002
Deut	32	17	4Q38	1606686	PARTLY_RECONSTRUCTED	17	60	53	45	1	7	52	1	1	2	0	0	0	0	passage_status/DSS-Deuteronomy-Passage-Status.txt	528381	771	588f7406b634b7f59a4582d9d97b8472f8340d3e67665a6e2462eec117b4ed80	L1596532-R001,L1596533-R001,L1596534-R001
Deut	32	18	4Q38	1606686	PARTLY_RECONSTRUCTED	8	26	22	20	2	0	22	2	0	1	0	0	0	0	passage_status/DSS-Deuteronomy-Passage-Status.txt	529152	738	c74af3e5528cffe3362f8e12df01caf5bf1f0479b8c40da0ab0a8eb5f151c77b	L1596534-R002
Deut	32	22	4Q38	1606686	PARTLY_RECONSTRUCTED	21	63	57	42	5	10	44	5	1	2	0	0	0	0	passage_status/DSS-Deuteronomy-Passage-Status.txt	529890	762	d1201310d2453bc3b65023ee667542e0621f5b6a9bab4ad173db95e428aec108	L1596535-R001,L1596536-R001
Deut	32	23	4Q38	1606686	PARTLY_RECONSTRUCTED	8	29	22	19	1	2	23	1	1	2	0	0	0	0	passage_status/DSS-Deuteronomy-Passage-Status.txt	530652	738	6064f88b4f84833cc3de98308dbffb8b8cf96d5c248d0a415c64f6088a275f7f	L1596537-R001
Deut	32	25	4Q38	1606686	PARTLY_RECONSTRUCTED	5	15	13	9	1	3	9	1	0	1	0	0	0	0	passage_status/DSS-Deuteronomy-Passage-Status.txt	531390	736	cc30bb325869b8719e1cb5b7453ec7b5e6f32ea50e36776a49bffbd245cac44b	L1596538-R001
Deut	32	26	4Q38	1606686	PARTLY_RECONSTRUCTED	7	30	26	22	1	3	26	1	0	1	0	0	0	0	passage_status/DSS-Deuteronomy-Passage-Status.txt	532126	754	4939d2f94dff9cd0c27e40df6aecdd6af49304005bd1fe76100a51a8ac2ae226	L1596538-R002,L1596539-R001
Deut	32	27	4Q38	1606686	PARTLY_RECONSTRUCTED	7	24	22	10	2	10	10	2	0	1	0	0	0	0	passage_status/DSS-Deuteronomy-Passage-Status.txt	532880	745	5387760ced4f23d35e7bfe8ae0fefcb57fed833f0cb38ef077537c9e12aa815c	L1596539-R002
Deut	19	8	4Q38a	1606687	PARTLY_RECONSTRUCTED	27	76	67	50	3	14	59	3	1	2	0	0	0	0	passage_status/DSS-Deuteronomy-Passage-Status.txt	533625	762	56ee2c748f8290a01802bc029da13b6750ea92f28f750471a84ef06556c41a95	L1596540-R001,L1596541-R001
Deut	19	9	4Q38a	1606687	PARTLY_RECONSTRUCTED	40	113	105	82	0	23	88	0	0	1	0	0	0	0	passage_status/DSS-Deuteronomy-Passage-Status.txt	534387	769	314fe2c86d87527f4bd37e3716a9cb57e40af430b8a152805d836a1819432237	L1596541-R002,L1596542-R001,L1596543-R001
Deut	19	10	4Q38a	1606687	PARTLY_RECONSTRUCTED	19	60	54	45	0	9	48	0	0	1	0	0	0	0	passage_status/DSS-Deuteronomy-Passage-Status.txt	535156	752	b3c12922c692adc702c812ddb30b6aacae06cdf8db7c2bf61ef4156db233daa0	L1596543-R002,L1596544-R001
Deut	19	11	4Q38a	1606687	PARTLY_RECONSTRUCTED	28	69	61	50	1	10	56	2	0	2	0	0	0	0	passage_status/DSS-Deuteronomy-Passage-Status.txt	535908	758	e7c36e8a064493b8944245fc9bb998c9dddf80213da4f74fdc9d606113328b50	L1596544-R002,L1596545-R001
Deut	19	12	4Q38a	1606687	ALL_LETTER_SLOTS_RECONSTRUCTED	20	49	44	44	0	0	49	0	0	1	0	0	0	0	passage_status/DSS-Deuteronomy-Passage-Status.txt	536666	762	d47593e9a3500b56bf37d83da1fa0e6a1885a00fc476c2aad5744ea6e02e9946	L1596545-R002,L1596546-R001
Deut	19	13	4Q38a	1606687	PARTLY_RECONSTRUCTED	15	44	39	28	2	9	29	2	0	1	0	0	0	0	passage_status/DSS-Deuteronomy-Passage-Status.txt	537428	747	b07a088256e74fb2b32ae618080667ee22782c912d751e44cbd11ce8c6d18de9	L1596546-R002
Deut	19	14	4Q38a	1606687	PARTLY_RECONSTRUCTED	21	74	66	57	1	8	63	2	0	1	0	0	0	0	passage_status/DSS-Deuteronomy-Passage-Status.txt	538175	757	5ae23304297f9b684b7dc2a1963ac977364f4a2201c089038ddb9fdb6e5dcaec	L1596547-R001,L1596548-R001
Deut	19	15	4Q38a	1606687	PARTLY_RECONSTRUCTED	30	79	77	66	0	11	68	0	0	1	0	0	0	0	passage_status/DSS-Deuteronomy-Passage-Status.txt	538932	753	e2b6dcd6df0ce7a6d026ece6caff095706f7447d46ae6446d7e8390f5350f1f4	L1596548-R002,L1596549-R001
Deut	19	16	4Q38a	1606687	PARTLY_RECONSTRUCTED	7	18	16	13	1	2	13	1	0	1	0	0	0	0	passage_status/DSS-Deuteronomy-Passage-Status.txt	539685	740	3203e7e67d2470b692fec4ec1a4e7d81852f8d8e3f554c4f30964ff80ca19dde	L1596549-R002
Deut	20	6	4Q38a	1606687	PARTLY_RECONSTRUCTED	20	58	53	48	0	5	53	0	0	1	0	0	0	0	passage_status/DSS-Deuteronomy-Passage-Status.txt	540425	734	e0a20d3be9877ade0bc578a160b94bca36c2098f9fb17118858d7d77fb5087e6	L1596550-R001
Deut	20	7	4Q38a	1606687	PARTLY_RECONSTRUCTED	24	65	60	51	1	8	56	1	0	1	0	0	0	0	passage_status/DSS-Deuteronomy-Passage-Status.txt	541159	755	ddd0b08e66e8fc64b1ea87d938ef1a62c34487003e8b182c28af1c3e680b3f1a	L1596550-R002,L1596551-R001
Deut	20	8	4Q38a	1606687	PARTLY_RECONSTRUCTED	34	80	75	48	1	26	49	1	0	1	0	0	0	0	passage_status/DSS-Deuteronomy-Passage-Status.txt	541914	772	303c5425486ac545213a3ccf1c1b6b0976f47fafba2d713974e740f1487aafa4	L1596551-R002,L1596552-R001,L1596553-R001
Deut	20	9	4Q38a	1606687	PARTLY_RECONSTRUCTED	20	46	44	37	2	5	37	2	0	1	0	0	0	0	passage_status/DSS-Deuteronomy-Passage-Status.txt	542686	761	6f6c953976f3ea65530a2a29411cf9ae5264e44d7d839807d8d4f9816a4bde4c	L1596553-R002,L1596554-R001
Deut	20	10	4Q38a	1606687	PARTLY_RECONSTRUCTED	14	40	36	26	1	9	30	1	0	1	0	0	0	0	passage_status/DSS-Deuteronomy-Passage-Status.txt	543447	741	735e86762bd129dc0a6b99fbcb87a0762c054137780880909f168101128c28b5	L1596554-R002
Deut	20	11	4Q38a	1606687	PARTLY_RECONSTRUCTED	23	61	54	40	4	10	45	4	0	1	0	0	0	0	passage_status/DSS-Deuteronomy-Passage-Status.txt	544188	770	f89412925a89ec1d16f5060583c55499cb2ce51e67ade313f55c03833b6c7dd2	L1596554-R003,L1596555-R001
Deut	20	12	4Q38a	1606687	PARTLY_RECONSTRUCTED	13	42	36	23	0	13	27	1	0	1	0	0	0	0	passage_status/DSS-Deuteronomy-Passage-Status.txt	544958	753	37e584110f87e3d939d4a69bdec484046bd3763ca4c210b683dff0054f47ebe1	L1596555-R002,L1596556-R001
Deut	20	13	4Q38a	1606687	PARTLY_RECONSTRUCTED	15	46	39	30	1	8	36	2	0	1	0	0	0	0	passage_status/DSS-Deuteronomy-Passage-Status.txt	545711	757	faa0a75a46708813b5f87ddb6107190ed3f7d771f929d62909642c14e73d24d9	L1596556-R002,L1596557-R001
Deut	20	14	4Q38a	1606687	PARTLY_RECONSTRUCTED	30	83	76	68	1	7	73	1	0	1	0	0	0	0	passage_status/DSS-Deuteronomy-Passage-Status.txt	546468	757	e9e5f3a6c8e00f5526fd3210e5d5bcf470fd041fc7e8f3eb6dd85a6d98b0c60d	L1596557-R002,L1596558-R001
Deut	20	15	4Q38a	1606687	PARTLY_RECONSTRUCTED	20	50	47	43	3	1	46	3	0	1	0	0	0	0	passage_status/DSS-Deuteronomy-Passage-Status.txt	547225	769	6edc89e3e457dc7b67ae28bdb265a94170761e4bee30d3c86f7330cbe6391bc9	L1596558-R002,L1596559-R001
Deut	20	16	4Q38a	1606687	PARTLY_RECONSTRUCTED	18	53	49	47	1	1	51	1	0	1	0	0	0	0	passage_status/DSS-Deuteronomy-Passage-Status.txt	547994	757	c22ae9d3c297577009c3fb242f3b15d5e29394249785233565bbdda842c39ed3	L1596559-R002,L1596560-R001
Deut	20	17	4Q38a	1606687	PARTLY_RECONSTRUCTED	25	67	62	55	1	6	60	1	0	1	0	0	0	0	passage_status/DSS-Deuteronomy-Passage-Status.txt	548751	757	027e144f8400e030c0f6e8f00b5084f13b604666f46612f311e512bf02d993d7	L1596560-R002,L1596561-R001
Deut	20	18	4Q38a	1606687	PARTLY_RECONSTRUCTED	20	70	64	56	2	6	62	2	0	1	0	0	0	0	passage_status/DSS-Deuteronomy-Passage-Status.txt	549508	779	2989b7a42cec7f3d975d42987afec3158eb8fcbae6c1b1b8b30f3c1bcda5919b	L1596561-R002,L1596562-R001,L1596563-R001
Deut	20	19	4Q38a	1606687	PARTLY_RECONSTRUCTED	33	97	89	78	2	8	84	2	0	1	0	1	0	0	passage_status/DSS-Deuteronomy-Passage-Status.txt	550287	768	7b366e532c1a09acb04e242d0c96d5a51be433b4fb1c3cd5d735beb383ba93ea	L1596563-R002,L1596564-R001
Deut	21	13	4Q38a	1606687	PARTLY_RECONSTRUCTED	17	51	43	40	2	1	46	2	1	2	0	0	0	0	passage_status/DSS-Deuteronomy-Passage-Status.txt	551055	747	8740f699b5c4e53e4da9240829f03a9d64afc1c383780e1d2b2a80c05f183d70	L1596565-R001
Deut	23	22	4Q38a	1606687	PARTLY_RECONSTRUCTED	10	34	25	21	0	4	29	1	1	3	0	0	0	0	passage_status/DSS-Deuteronomy-Passage-Status.txt	551802	736	7aa82006398b64a6cdc96ea22b19a71b784a56054b2a3b1af5a865934118acae	L1596566-R001
Deut	23	23	4Q38a	1606687	ALL_LETTER_SLOTS_RECONSTRUCTED	10	25	22	22	0	0	25	0	0	1	0	0	0	0	passage_status/DSS-Deuteronomy-Passage-Status.txt	552538	762	7133b0f635397f42929401b6253600251f0127e5ea30d532b1be3c312caf97a2	L1596566-R002,L1596567-R001
Deut	23	24	4Q38a	1606687	PARTLY_RECONSTRUCTED	17	52	44	39	0	5	44	1	1	3	0	0	0	0	passage_status/DSS-Deuteronomy-Passage-Status.txt	553300	752	9fcaddd9a663f96d2633f5e0f7f73307164bc755e0a8757f35e9f3be8a9b6e5c	L1596567-R002,L1596568-R001
Deut	23	25	4Q38a	1606687	PARTLY_RECONSTRUCTED	17	52	46	38	2	6	43	2	0	1	0	0	0	0	passage_status/DSS-Deuteronomy-Passage-Status.txt	554052	757	7951084220c56910c86f5b683365d0f5dc6109bf04d01e54704f5694db1b5fed	L1596568-R002,L1596569-R001
Deut	23	26	4Q38a	1606687	PARTLY_RECONSTRUCTED	18	51	46	39	1	6	44	1	0	1	0	0	0	0	passage_status/DSS-Deuteronomy-Passage-Status.txt	554809	757	d547adc54c3f1970a5711845833383864285ef7aac7a2a78d2120f00cdea8861	L1596569-R002,L1596570-R001
Deut	24	1	4Q38a	1606687	PARTLY_RECONSTRUCTED	33	92	83	69	1	13	74	1	0	1	0	0	0	0	passage_status/DSS-Deuteronomy-Passage-Status.txt	555566	772	b67723913e3fe0b4bd6c8328d4babcbdc4056b8337d0bbf0741cd9b3ccd3a10e	L1596570-R002,L1596571-R001,L1596572-R001
Deut	24	2	4Q38a	1606687	PARTLY_RECONSTRUCTED	12	30	27	20	1	6	23	1	0	1	0	0	0	0	passage_status/DSS-Deuteronomy-Passage-Status.txt	556338	755	75cfe6f386aabc214ee0dbcb1ed4e10374e1e08a5d48c293b8bef8502b149a19	L1596572-R002,L1596573-R001
Deut	24	3	4Q38a	1606687	PARTLY_RECONSTRUCTED	10	25	17	8	1	8	13	1	2	3	0	0	0	0	passage_status/DSS-Deuteronomy-Passage-Status.txt	557093	738	e0bdaba8aa70e362118d3cc987c3dc7c631c03765cb45bae3b83b4c9cb5d8eae	L1596573-R002
Deut	25	19	4Q38a	1606687	PARTLY_RECONSTRUCTED	18	56	51	48	1	2	53	1	0	1	0	0	0	0	passage_status/DSS-Deuteronomy-Passage-Status.txt	557831	757	da50a5e21be30ca578a1c5c33d74b839349e5f01b82c90eda7167f2525d82f9b	L1596574-R001,L1596575-R001
Deut	26	1	4Q38a	1606687	PARTLY_RECONSTRUCTED	19	59	52	46	1	5	51	2	0	1	0	0	0	0	passage_status/DSS-Deuteronomy-Passage-Status.txt	558588	755	6808d93eec7e9a723fa95ac2785cb8f064a6323bc2eeb31fc9198c271093a355	L1596575-R002,L1596576-R001
Deut	26	2	4Q38a	1606687	PARTLY_RECONSTRUCTED	35	105	97	76	4	17	81	4	0	1	0	0	0	0	passage_status/DSS-Deuteronomy-Passage-Status.txt	559343	779	ed4b427369202f7b5aa85573a6cac1527b10d6848499c688394adadc0e1afe76	L1596576-R002,L1596577-R001,L1596578-R001
Deut	26	3	4Q38a	1606687	PARTLY_RECONSTRUCTED	35	101	95	71	0	24	77	0	0	1	0	0	0	0	passage_status/DSS-Deuteronomy-Passage-Status.txt	560122	800	92436be8b7e16870e7917cbb60051c60021b2d9340ed0af7ea892b66b257d058	L1596578-R002,L1596579-R001,L1596579-R002,L1596579-R003,L1596580-R001
Deut	26	4	4Q38a	1606687	PARTLY_RECONSTRUCTED	17	47	42	31	0	11	36	0	0	1	0	0	0	0	passage_status/DSS-Deuteronomy-Passage-Status.txt	560922	751	57aa1d0dc14f0c797e1db892ca2894724bcd5dbcfd3dca86bdc98c824980c8a6	L1596580-R002,L1596581-R001
Deut	26	5	4Q38a	1606687	PARTLY_RECONSTRUCTED	9	27	24	23	0	1	24	0	0	1	0	0	0	0	passage_status/DSS-Deuteronomy-Passage-Status.txt	561673	733	fcdb134287159ecbcbdb5f014ac96def8e1d8c64fa9cf8d0a4c32e4eba444b1a	L1596581-R002
Deut	26	18	4Q38a	1606687	PARTLY_RECONSTRUCTED	13	35	31	27	1	3	31	1	0	1	0	0	0	0	passage_status/DSS-Deuteronomy-Passage-Status.txt	562406	741	86af85e58c47e79cbe7a3aaa4f762e30b7e07f49b9253ff3d0ef972dfe9e4094	L1596582-R001
Deut	26	19	4Q38a	1606687	PARTLY_RECONSTRUCTED	30	74	69	60	4	5	65	4	0	1	0	0	0	0	passage_status/DSS-Deuteronomy-Passage-Status.txt	563147	773	319a764c9a7f72287a8477bbbd5ec3a063326f46349059d353bd0f7850c4b7b8	L1596582-R002,L1596583-R001,L1596584-R001
Deut	27	1	4Q38a	1606687	PARTLY_RECONSTRUCTED	24	63	58	57	0	1	60	0	1	2	0	0	0	0	passage_status/DSS-Deuteronomy-Passage-Status.txt	563920	750	c92e8f862d18395e2fa088c05cffb8390a949fd45424c7b73688d178aaebd63d	L1596584-R002,L1596585-R001
Deut	21	16	4Q38a	1606687	PARTLY_RECONSTRUCTED	12	35	28	24	1	3	27	2	1	2	0	0	0	0	passage_status/DSS-Deuteronomy-Passage-Status.txt	564670	741	708325bff7f66195c050fb4def0eb85368233e5749e879d7e542eeeb2a1c5cda	L1596586-R001
Deut	30	16	4Q38b	1606688	PARTLY_RECONSTRUCTED	6	17	12	10	2	0	14	3	0	1	0	0	0	0	passage_status/DSS-Deuteronomy-Passage-Status.txt	565411	740	a3792c7a8198dc9cb23427baa614db828087a837265488957ea127ff199ab242	L1596593-R001
Deut	30	17	4Q38b	1606688	PARTLY_RECONSTRUCTED	17	52	48	27	9	12	30	9	0	1	0	0	0	0	passage_status/DSS-Deuteronomy-Passage-Status.txt	566151	786	b8b539cc7fe438ea284f54a5f6a75cbb1c7197583746cee7841a868b0b773a82	L1596593-R002,L1596594-R001,L1596595-R001
Deut	30	18	4Q38b	1606688	PARTLY_RECONSTRUCTED	17	56	51	37	6	8	40	6	0	1	0	0	0	0	passage_status/DSS-Deuteronomy-Passage-Status.txt	566937	785	08219246d9168753efd5c1e82da031951f5f7455c13c5f69809693e166d1ff9b	L1596595-R002,L1596596-R001,L1596597-R001
Deut	12	31	4Q38c	1606689	PARTLY_RECONSTRUCTED	18	54	42	36	3	3	45	3	3	4	0	0	0	0	passage_status/DSS-Deuteronomy-Passage-Status.txt	567722	763	cbcbe4226739d7445185cd1b592a59cad65bc70654e1a509e9c5ee6c0f1030e2	L1596598-R001,L1596599-R001
Deut	13	2	4Q38c	1606689	NO_LETTER_RECONSTRUCTION_MARKED	7	11	3	0	2	0	8	2	3	4	1	0	0	0	passage_status/DSS-Deuteronomy-Passage-Status.txt	568485	746	52d6919d49fcabd130b38a9e5466de99d8ae9734bca2a8ccbe9779479b046359	L1596600-R001
Deut	13	3	4Q38c	1606689	PARTLY_RECONSTRUCTED	12	27	22	13	0	9	16	0	1	2	0	0	0	0	passage_status/DSS-Deuteronomy-Passage-Status.txt	569231	734	92286578ba19b47626d66f3f7f290d84183a0d1001168a5ca6f7bca7a303e96b	L1596600-R002
Deut	14	28	4Q38c	1606689	PARTLY_RECONSTRUCTED	16	48	42	36	0	6	42	0	1	2	0	0	0	0	passage_status/DSS-Deuteronomy-Passage-Status.txt	569965	736	5d2941565cf344f2b8475b8a3a6c24ec01afe0b9c4e1801b73a143e256db4860	L1596602-R001
Deut	14	29	4Q38c	1606689	PARTLY_RECONSTRUCTED	25	58	51	40	0	11	45	0	1	2	0	0	0	0	passage_status/DSS-Deuteronomy-Passage-Status.txt	570701	753	6eb038b3d282abeddb45f3b35fd543f296d0c96f81d13f3af2f9217dcdbb9428	L1596602-R002,L1596603-R001
Deut	24	20	4Q38d	1606690	PARTLY_RECONSTRUCTED	15	44	40	33	3	4	37	3	0	1	0	0	0	0	passage_status/DSS-Deuteronomy-Passage-Status.txt	571454	747	21893fcea7d743c64431a77096cb9dcb5a1876520f51e0b6e1fd99190c5f2b9d	L1596604-R001
Deut	24	21	4Q38d	1606690	PARTLY_RECONSTRUCTED	15	45	41	28	2	11	31	2	0	1	0	0	0	1	passage_status/DSS-Deuteronomy-Passage-Status.txt	572201	742	107f43ed1c5d5181a0135d63aeeca5b9882a35806a5b9b511ea1fd7618507031	L1596605-R001
Deut	24	22	4Q38d	1606690	PARTLY_RECONSTRUCTED	20	51	48	27	4	17	29	4	0	1	0	0	0	0	passage_status/DSS-Deuteronomy-Passage-Status.txt	572943	758	d4c177717c78c3ae8fbdc367b4630206a46d18813c12282bb269b5b6e74799ce	L1596605-R002,L1596606-R001
Deut	10	12	4Q39	1606691	PARTLY_RECONSTRUCTED	39	111	99	88	5	6	100	5	0	1	0	0	0	0	passage_status/DSS-Deuteronomy-Passage-Status.txt	573701	785	478fd38a5a89c9567a007da62ed521d5dd02a8b387f81e7850e829a35df0936f	L1596607-R001,L1596608-R001,L1596609-R001
Deut	10	13	4Q39	1606691	ALL_LETTER_SLOTS_RECONSTRUCTED	17	48	43	43	0	0	48	0	0	1	0	0	0	0	passage_status/DSS-Deuteronomy-Passage-Status.txt	574486	760	3571f78776ddb210f8905478de518a2fec76001716a01c4f2db75260a26edc6a	L1596609-R002,L1596610-R001
Deut	10	14	4Q39	1606691	PARTLY_RECONSTRUCTED	17	42	38	31	3	4	35	3	0	1	0	0	0	0	passage_status/DSS-Deuteronomy-Passage-Status.txt	575246	761	c5291bf4ae7aee301f7645662e55b2b571fbea60feb11ef7b881258b0942416d	L1596610-R002,L1596611-R001
Deut	10	15	4Q39	1606691	PARTLY_RECONSTRUCTED	9	28	23	20	3	0	22	3	0	1	0	0	0	0	passage_status/DSS-Deuteronomy-Passage-Status.txt	576007	738	fd1d2db6c59dc57f3de21f351613c4f92b3579edd312a42d6b960c1f8f987dec	L1596611-R002
Deut	28	67	4Q39	1606691	PARTLY_RECONSTRUCTED	10	33	29	26	1	2	29	1	0	1	0	0	0	0	passage_status/DSS-Deuteronomy-Passage-Status.txt	576745	739	206daa3978d85096bbace7e0ab9b66e3307e914ebb2cdf45af133c925129158b	L1596613-R001
Deut	28	68	4Q39	1606691	PARTLY_RECONSTRUCTED	15	48	44	40	2	2	42	2	0	1	0	0	0	0	passage_status/DSS-Deuteronomy-Passage-Status.txt	577484	755	f48bd8efabaa593ccd80c96da8f3535505b5dcd0622fd9662c478f12c53be8c5	L1596613-R002,L1596614-R001
Deut	29	2	4Q39	1606691	PARTLY_RECONSTRUCTED	10	22	20	16	2	2	16	2	0	1	0	0	0	0	passage_status/DSS-Deuteronomy-Passage-Status.txt	578239	737	82eefe17e1c20588d07f269bd2ff7dfd6f59f3638d4db1e323e8fddab603cdb8	L1596615-R001
Deut	29	3	4Q39	1606691	PARTLY_RECONSTRUCTED	22	52	49	38	3	8	39	3	0	1	0	0	0	0	passage_status/DSS-Deuteronomy-Passage-Status.txt	578976	765	2ca2b77672e97fbd6857b0dba2056b79e18b50072a825175659b58fdaa7e16cb	L1596615-R002,L1596616-R001
Deut	29	4	4Q39	1606691	PARTLY_RECONSTRUCTED	20	66	59	36	5	18	39	5	0	1	0	0	0	0	passage_status/DSS-Deuteronomy-Passage-Status.txt	579741	760	b2268ae7876aae8e29c0c9b55b29f5f3ea3cfbc34fafffb62211142aea55389f	L1596616-R002,L1596617-R001
Deut	29	5	4Q39	1606691	PARTLY_RECONSTRUCTED	16	51	48	32	2	14	33	2	0	1	0	0	0	0	passage_status/DSS-Deuteronomy-Passage-Status.txt	580501	744	75334b3c56864b6ee62371143d73ae4693fba5990cb880ceef3ce19f8f3bcc27	L1596618-R001
Deut	31	12	4Q39	1606691	PARTLY_RECONSTRUCTED	16	48	45	36	3	6	36	3	0	1	0	0	0	0	passage_status/DSS-Deuteronomy-Passage-Status.txt	581245	745	f6a95a6df5de557fd9272ebbfa07d2c6070976cb2f62d8486d31afc56737eea1	L1596619-R001
Deut	33	1	4Q39	1606691	PARTLY_RECONSTRUCTED	18	50	45	34	5	6	39	5	1	2	0	0	0	0	passage_status/DSS-Deuteronomy-Passage-Status.txt	581990	759	4f74a723a892af6fef9c843d3eec0c7b3f8aa5175989f5d579be0ce0459055c9	L1596620-R001,L1596621-R001
Deut	33	2	4Q39	1606691	PARTLY_RECONSTRUCTED	15	39	36	29	6	1	30	6	0	1	0	0	0	0	passage_status/DSS-Deuteronomy-Passage-Status.txt	582749	749	9a6a1f070c3af6598736df948e6c09594dee2fa5136a37bbf0059df87cce6755	L1596621-R002
Deut	34	4	4Q39	1606691	PARTLY_RECONSTRUCTED	18	55	48	43	4	1	49	4	0	1	0	0	0	0	passage_status/DSS-Deuteronomy-Passage-Status.txt	583498	765	eb5e773e54bea0904baca9a1c3230ab2e5330e814e8d166bfad76be5bd801612	L1596622-R001,L1596623-R001
Deut	34	5	4Q39	1606691	PARTLY_RECONSTRUCTED	13	34	32	29	0	3	31	0	0	1	0	0	0	0	passage_status/DSS-Deuteronomy-Passage-Status.txt	584263	748	ef635636a0e11bf69801af6419b81d49b57e488d82a18bca11572a466b968a16	L1596623-R002,L1596624-R001
Deut	34	6	4Q39	1606691	PARTLY_RECONSTRUCTED	3	8	6	2	0	4	2	0	0	1	0	0	0	0	passage_status/DSS-Deuteronomy-Passage-Status.txt	585011	727	6660178dfa0fe7c8ce4f52303f9b92227ab2ad44f4296654b2f7a5e99529893b	L1596624-R002
Deut	34	8	4Q39	1606691	PARTLY_RECONSTRUCTED	11	31	24	21	0	3	23	3	1	2	0	0	0	0	passage_status/DSS-Deuteronomy-Passage-Status.txt	585738	732	539d4c2234e84f2ae30efea5b00d6bcc65470a4a4b81500f024cc39b40cd0494	L1596625-R001
Deut	3	18	4Q40	1606692	PARTLY_RECONSTRUCTED	26	86	80	53	2	25	57	2	0	1	0	0	0	0	passage_status/DSS-Deuteronomy-Passage-Status.txt	586470	760	438f47f5893890c622cf87cb6f222d76ee1d28ec95ad5daa22dd431426e1315d	L1596626-R001,L1596627-R001
Deut	3	19	4Q40	1606692	PARTLY_RECONSTRUCTED	18	67	59	29	16	13	31	17	0	1	0	9	0	0	passage_status/DSS-Deuteronomy-Passage-Status.txt	587230	780	59d0128e22c4d8f8bee8e885887c024cd94d6b346a11e94bd2b1663bd24848a2	L1596627-R002,L1596628-R001
Deut	3	20	4Q40	1606692	PARTLY_RECONSTRUCTED	33	114	99	37	9	45	43	11	1	3	0	11	0	0	passage_status/DSS-Deuteronomy-Passage-Status.txt	588010	779	6400871cae41d62962775060379a954275311e85d4659a89d95dff8bd32ce688	L1596628-R002,L1596629-R001,L1596630-R001
Deut	3	21	4Q40	1606692	PARTLY_RECONSTRUCTED	38	106	98	56	6	36	61	7	1	3	0	0	0	0	passage_status/DSS-Deuteronomy-Passage-Status.txt	588789	783	8bc7d74b89fdfe4518db4480c002053a90d84c2b5a8a06281e8f6fc036c79ec2	L1596630-R002,L1596631-R001,L1596632-R001
Deut	3	22	4Q40	1606692	PARTLY_RECONSTRUCTED	7	26	22	14	6	2	15	6	0	1	0	0	0	0	passage_status/DSS-Deuteronomy-Passage-Status.txt	589572	748	ce94de841679fd5dc812e3bf9487ffbfe524f4e0f562085bfdbcd9e619a9bdcd	L1596632-R002
Deut	4	32	4Q40	1606692	PARTLY_RECONSTRUCTED	43	107	99	84	6	9	89	7	1	3	0	0	0	0	passage_status/DSS-Deuteronomy-Passage-Status.txt	590320	776	fb01c323b594c50e1cb103a59c10ecb3b1dda4c2c13720de939c74a13eb38bce	L1596633-R001,L1596634-R001,L1596635-R001
Deut	4	33	4Q40	1606692	PARTLY_RECONSTRUCTED	17	45	43	35	2	6	35	2	0	1	0	0	0	0	passage_status/DSS-Deuteronomy-Passage-Status.txt	591096	737	b087c833247c9a4dd01e8f74792cee8b99076e66fdb1e33946f28d028ca89bdf	L1596635-R002
Deut	4	34	4Q40	1606692	NO_LETTER_SLOTS	4	9	0	0	0	0	5	2	2	4	0	0	0	0	passage_status/DSS-Deuteronomy-Passage-Status.txt	591833	722	c48dcf7fb7b344ba58eceb93434332557d83c9a8f84cef9455f4eee1470e42bf	L1596636-R001
Deut	7	18	4Q40	1606692	PARTLY_RECONSTRUCTED	13	40	37	34	2	1	36	2	0	1	0	0	0	0	passage_status/DSS-Deuteronomy-Passage-Status.txt	592555	743	42cb3b98d50c1ae6b5e431d3eede6b53da94a3dba48cb214c4e0195b8455d648	L1596637-R001
Deut	7	19	4Q40	1606692	PARTLY_RECONSTRUCTED	41	117	110	84	2	24	90	2	0	1	0	0	0	0	passage_status/DSS-Deuteronomy-Passage-Status.txt	593298	778	e796211962b0bdbf0fcdb84f388a000c414ef7b6f1d156c5d0bea241b5946f16	L1596637-R002,L1596638-R001,L1596639-R001
Deut	7	20	4Q40	1606692	PARTLY_RECONSTRUCTED	19	57	52	38	0	14	42	0	0	1	0	0	0	0	passage_status/DSS-Deuteronomy-Passage-Status.txt	594076	749	108bc109b43f96dec9309ad28fcbac36ed10dc93ae2b9c71c4c592585c986890	L1596639-R002,L1596640-R001
Deut	7	21	4Q40	1606692	PARTLY_RECONSTRUCTED	14	47	42	32	0	10	36	0	0	1	0	0	0	0	passage_status/DSS-Deuteronomy-Passage-Status.txt	594825	749	2fc0562af9663fd9b1fa76c4ec4ecb9a81b75bbb156ad251ec5053d781a71459	L1596640-R002,L1596641-R001
Deut	7	22	4Q40	1606692	PARTLY_RECONSTRUCTED	23	70	64	54	3	7	57	3	0	1	0	0	0	0	passage_status/DSS-Deuteronomy-Passage-Status.txt	595574	765	9e63dc7f34cf25ede90af6e56562ec2485ade2784943ff7d02d651de243422bc	L1596641-R002,L1596642-R001
Deut	8	5	4Q41	1606693	NO_LETTER_RECONSTRUCTION_MARKED	15	50	44	0	0	44	0	0	0	1	0	0	0	0	passage_status/DSS-Deuteronomy-Passage-Status.txt	596339	740	6c29e9ed298e385d2d2c8bbe870ce3bf9d26f2aa3a71636ed5863463b3af8bda	L1596643-R001
Deut	8	6	4Q41	1606693	NO_LETTER_RECONSTRUCTION_MARKED	15	48	42	0	0	42	0	0	0	1	0	0	0	0	passage_status/DSS-Deuteronomy-Passage-Status.txt	597079	756	f87f2d0929a2c2a63827758c537e255e3945df40d8954b1878c54209adf69456	L1596643-R002,L1596644-R001
Deut	8	7	4Q41	1606693	NO_LETTER_RECONSTRUCTION_MARKED	22	71	67	0	0	67	0	0	0	1	0	0	0	0	passage_status/DSS-Deuteronomy-Passage-Status.txt	597835	756	875caf404156ebc4a95e21ca5a8b72e97b92e6f3e1ced8fea2eebc345e6de10f	L1596645-R001,L1596646-R001
Deut	8	8	4Q41	1606693	NO_LETTER_RECONSTRUCTION_MARKED	15	40	38	0	0	38	0	0	0	1	0	0	0	0	passage_status/DSS-Deuteronomy-Passage-Status.txt	598591	756	3030803f726e729237a89f7a911a541fec336052042829d80286bb6a676ad5ff	L1596646-R002,L1596647-R001
Deut	8	9	4Q41	1606693	NO_LETTER_RECONSTRUCTION_MARKED	23	75	69	0	0	69	0	0	0	1	0	0	0	0	passage_status/DSS-Deuteronomy-Passage-Status.txt	599347	756	34715d428e205fdbad646edef48e0d6f59ebc9916f1f4733dbd859b7e51bb820	L1596648-R001,L1596649-R001
Deut	8	10	4Q41	1606693	NO_LETTER_RECONSTRUCTION_MARKED	18	52	48	0	0	48	0	0	0	1	0	0	0	0	passage_status/DSS-Deuteronomy-Passage-Status.txt	600103	758	0be46eb25c0cabbedcea2606c0250f081c7afbd7ca8f99ac8bf49aca3648de32	L1596649-R002,L1596650-R001
Deut	5	1	4Q41	1606693	NO_LETTER_RECONSTRUCTION_MARKED	33	107	100	0	0	100	0	0	0	1	0	0	0	0	passage_status/DSS-Deuteronomy-Passage-Status.txt	600861	791	fd7ce5e1ad0d3ebda81840c967e74f21fe2f0a318b50f7c7be70fb7707d49cad	L1596652-R001,L1596653-R001,L1596654-R001,L1596655-R001
Deut	5	2	4Q41	1606693	NO_LETTER_RECONSTRUCTION_MARKED	8	31	27	0	0	27	0	0	0	1	0	0	0	0	passage_status/DSS-Deuteronomy-Passage-Status.txt	601652	739	e56afb5ccb4ac46f40e5c1c423e0359b0093e7b0f7f65d57f3e40013ef964f66	L1596656-R001
Deut	5	3	4Q41	1606693	NO_LETTER_RECONSTRUCTION_MARKED	22	67	62	0	0	62	0	0	0	1	0	0	0	0	passage_status/DSS-Deuteronomy-Passage-Status.txt	602391	772	6932ef913e472911f4b04f08e7eec8e268fc3d6d57238d0e824e610d9df31b1a	L1596656-R002,L1596657-R001,L1596658-R001
Deut	5	4	4Q41	1606693	NO_LETTER_RECONSTRUCTION_MARKED	13	33	30	0	0	30	0	0	0	1	0	0	0	0	passage_status/DSS-Deuteronomy-Passage-Status.txt	603163	756	55f9b5ef31d8353a652d2f3e8896db6465dcd2cf47d03a8c443f974ee9354205	L1596659-R001,L1596660-R001
Deut	5	5	4Q41	1606693	NO_LETTER_RECONSTRUCTION_MARKED	34	103	86	0	0	86	0	0	0	1	0	0	0	0	passage_status/DSS-Deuteronomy-Passage-Status.txt	603919	789	6ac2f13376cf7ca5529d3df0c02a4fbc8769a4a62310ddf6ab75154278ffb75e	L1596660-R002,L1596661-R001,L1596662-R001,L1596663-R001
Deut	5	6	4Q41	1606693	NO_LETTER_RECONSTRUCTION_MARKED	12	47	43	0	0	43	0	0	0	1	0	0	0	0	passage_status/DSS-Deuteronomy-Passage-Status.txt	604708	756	a85fab4ca812b075bd96662ce059b110047b379aca286ac15662fa67025518e7	L1596663-R002,L1596664-R001
Deut	5	7	4Q41	1606693	NO_LETTER_RECONSTRUCTION_MARKED	8	29	25	0	0	25	0	0	0	1	0	0	0	0	passage_status/DSS-Deuteronomy-Passage-Status.txt	605464	755	07a3a2750d4ff1ffcf646e46b98be0a83de12088845728ca75624f057747eeb4	L1596664-R002,L1596665-R001
Deut	5	8	4Q41	1606693	NO_LETTER_RECONSTRUCTION_MARKED	27	63	60	0	0	60	0	0	0	1	0	0	0	0	passage_status/DSS-Deuteronomy-Passage-Status.txt	606219	772	5f284520bdbff1024865e4e56bf0c42feac2805ed3fd1363dc7703e198390a52	L1596665-R002,L1596666-R001,L1596667-R001
Deut	5	9	4Q41	1606693	NO_LETTER_RECONSTRUCTION_MARKED	25	88	82	0	0	82	0	0	0	1	0	0	0	0	passage_status/DSS-Deuteronomy-Passage-Status.txt	606991	772	68dde9b61e6a57bac2938da8a4c86afbce18746b4c14f2bce6a4ba123d9e30b1	L1596667-R002,L1596668-R001,L1596669-R001
Deut	5	10	4Q41	1606693	NO_LETTER_RECONSTRUCTION_MARKED	11	36	32	0	0	32	0	0	0	1	0	0	0	0	passage_status/DSS-Deuteronomy-Passage-Status.txt	607763	758	ca48bee75f6321a370c95cdede890d36a0a1beca82e09f2d12f24de8c0f76288	L1596669-R002,L1596670-R001
Deut	5	11	4Q41	1606693	NO_LETTER_RECONSTRUCTION_MARKED	20	58	54	0	0	54	0	0	0	1	0	0	0	0	passage_status/DSS-Deuteronomy-Passage-Status.txt	608521	758	30282e841fdb924a67cec8a390a08b3f17d9d7d7f2e644b1d0d7e504fc9cbb70	L1596670-R002,L1596671-R001
Deut	5	12	4Q41	1606693	NO_LETTER_RECONSTRUCTION_MARKED	14	49	35	0	0	35	0	0	0	1	0	0	0	0	passage_status/DSS-Deuteronomy-Passage-Status.txt	609279	758	8b8b03e6a2d6c0bfdddcd29f0f86f127508c54fd26f0b569fa47e751b4d4e8bd	L1596672-R001,L1596673-R001
Deut	5	13	4Q41	1606693	NO_LETTER_RECONSTRUCTION_MARKED	9	31	28	0	0	28	0	0	0	1	0	0	0	0	passage_status/DSS-Deuteronomy-Passage-Status.txt	610037	741	94eb72d87305301e1340a3bf06bb363b06dc7c61ed6d060e30e5fd03011fd8f0	L1596673-R002
Deut	5	14	4Q41	1606693	NO_LETTER_RECONSTRUCTION_MARKED	37	129	109	0	0	109	0	0	0	1	0	0	0	0	passage_status/DSS-Deuteronomy-Passage-Status.txt	610778	793	0a3ccee3a47848a8c01c8b8d5b42d7ace19d14d9628806c7713784fe778aaf0e	L1596674-R001,L1596675-R001,L1596676-R001,L1596677-R001
Deut	5	15	4Q41	1606693	NO_LETTER_RECONSTRUCTION_MARKED	38	138	97	0	0	97	0	0	0	1	0	0	0	0	passage_status/DSS-Deuteronomy-Passage-Status.txt	611571	791	1c6c7be08136da1de231079233055315674be37fc838e364655550c411f2d103	L1596677-R002,L1596678-R001,L1596679-R001,L1596680-R001
Deut	5	16	4Q41	1606693	NO_LETTER_RECONSTRUCTION_MARKED	28	105	84	0	0	84	0	0	0	1	0	0	0	0	passage_status/DSS-Deuteronomy-Passage-Status.txt	612362	775	814325d38d12c97d9f6f6166f35597bfe3f38743cf04391a045ea49e1ebd3627	L1596682-R002,L1596683-R001,L1596684-R001
Deut	5	17	4Q41	1606693	NO_LETTER_RECONSTRUCTION_MARKED	3	9	7	0	0	7	0	0	0	1	0	0	0	0	passage_status/DSS-Deuteronomy-Passage-Status.txt	613137	738	a0cff4033bdab3730b7c08ece78b060acbbaef5cc5d2a94157320daed1f6cfe5	L1596684-R002
Deut	5	18	4Q41	1606693	NO_LETTER_RECONSTRUCTION_MARKED	3	9	7	0	0	7	0	0	0	1	0	0	0	0	passage_status/DSS-Deuteronomy-Passage-Status.txt	613875	754	88dc17681914a289d2bf25c2feaebba4be8da6db143d251e993953f05b0d0324	L1596684-R003,L1596685-R001
Deut	5	19	4Q41	1606693	NO_LETTER_RECONSTRUCTION_MARKED	3	10	8	0	0	8	0	0	0	1	0	0	0	0	passage_status/DSS-Deuteronomy-Passage-Status.txt	614629	739	296174add3574c764fe0e6c3fedc6d00f90cae2c51c67b04f7765cedb05679a7	L1596685-R002
Deut	5	20	4Q41	1606693	NO_LETTER_RECONSTRUCTION_MARKED	7	20	17	0	0	17	0	0	0	1	0	0	0	0	passage_status/DSS-Deuteronomy-Passage-Status.txt	615368	741	99c89994a9b21afc55e6ad0d0d7557dd757a8912862de17ed98f02936cfcdfb6	L1596685-R003
Deut	5	21	4Q41	1606693	NO_LETTER_RECONSTRUCTION_MARKED	19	73	63	0	0	63	0	0	0	1	0	0	0	0	passage_status/DSS-Deuteronomy-Passage-Status.txt	616109	774	f7aaeb2fce6193b9833559766ea22f318fd0943641ef469a7a500727089640a5	L1596685-R004,L1596686-R001,L1596687-R001
Deut	5	22	4Q41	1606693	PARTLY_RECONSTRUCTED	35	101	95	1	2	92	1	2	0	1	0	0	0	0	passage_status/DSS-Deuteronomy-Passage-Status.txt	616883	775	0c81dd9307dd70c52184d63ed7141774295953494da0a8a01645241344d8d055	L1596688-R001,L1596689-R001,L1596690-R001
Deut	5	23	4Q41	1606693	PARTLY_RECONSTRUCTED	26	74	67	3	2	62	3	2	0	1	0	0	0	0	passage_status/DSS-Deuteronomy-Passage-Status.txt	617658	758	2e0c09870ff987355cc5166dabadd86037f454809c71cf22205b1251bb070a1d	L1596690-R002,L1596691-R001
Deut	5	24	4Q41	1606693	PARTLY_RECONSTRUCTED	33	96	89	11	8	70	11	8	0	1	0	0	0	0	passage_status/DSS-Deuteronomy-Passage-Status.txt	618416	788	10ce822d5162584757d0b7f94e79e4e1fb9011fd1ea5713f1eb50d00b60109ca	L1596691-R002,L1596692-R001,L1596693-R001
Deut	5	25	4Q41	1606693	PARTLY_RECONSTRUCTED	25	79	75	5	1	69	5	1	0	1	0	0	0	0	passage_status/DSS-Deuteronomy-Passage-Status.txt	619204	752	478d0a3ed45d56af618696968e551922394132af4e682f64442c2e0d9f0f2fc3	L1596694-R001,L1596695-R001
Deut	5	26	4Q41	1606693	PARTLY_RECONSTRUCTED	18	50	47	5	3	39	5	3	0	1	0	0	0	0	passage_status/DSS-Deuteronomy-Passage-Status.txt	619956	764	efcd84c23c18363b2d36f47928a049b4362f47e033731524bfbcfad8d1563d46	L1596695-R002,L1596696-R001
Deut	5	27	4Q41	1606693	PARTLY_RECONSTRUCTED	26	91	85	2	4	78	2	4	0	1	0	1	0	0	passage_status/DSS-Deuteronomy-Passage-Status.txt	620720	779	7ec1fcab5f3d39e1d81b118070b43ac470593af40d646bd1ef01f6c7cf3f1f4d	L1596697-R001,L1596698-R001,L1596699-R001
Deut	5	28	4Q41	1606693	PARTLY_RECONSTRUCTED	29	94	87	46	4	37	50	4	0	1	0	0	0	0	passage_status/DSS-Deuteronomy-Passage-Status.txt	621499	782	3477ddd88dfb2d39b2963596c035f73fb37dfe6ca622c8601ef81b39dd7dfaed	L1596699-R002,L1596700-R001,L1596701-R001
Deut	5	29	4Q41	1606693	PARTLY_RECONSTRUCTED	28	81	72	45	3	24	49	3	0	1	0	0	0	0	passage_status/DSS-Deuteronomy-Passage-Status.txt	622281	782	34f568178205db25cb59dcccae74de77e23080bdaf02817c6f639485f3167226	L1596701-R002,L1596702-R001,L1596703-R001
Deut	5	30	4Q41	1606693	ALL_LETTER_SLOTS_RECONSTRUCTED	8	27	22	22	0	0	27	0	0	1	0	0	0	0	passage_status/DSS-Deuteronomy-Passage-Status.txt	623063	741	0864550c26821ad07a09ff89d52d4df66f9475b24305053f9fa8b10e3cc73aab	L1596703-R002
Deut	5	31	4Q41	1606693	PARTLY_RECONSTRUCTED	31	88	81	44	1	36	46	1	0	1	0	0	0	0	passage_status/DSS-Deuteronomy-Passage-Status.txt	623804	786	9a12e5d64f3a1bc7d0c962be6ef94110c954dba92bac7c6563cc3122acd83448	L1596703-R003,L1596704-R001,L1596705-R001,L1596706-R001
Deut	5	32	4Q41	1606693	PARTLY_RECONSTRUCTED	16	53	49	30	1	18	33	1	0	1	0	0	0	0	passage_status/DSS-Deuteronomy-Passage-Status.txt	624590	754	1e7dd04045af67506d1d9c9da20b46c27ef8549629eacebad0c6e71364c24825	L1596706-R002,L1596707-R001
Deut	5	33	4Q41	1606693	PARTLY_RECONSTRUCTED	24	83	72	49	2	17	54	2	0	1	0	5	0	0	passage_status/DSS-Deuteronomy-Passage-Status.txt	625344	781	2fc746a446efb75e0f7c69386ed189e2bbd16f1d11ff855a6362e89df423f451	L1596707-R002,L1596708-R001,L1596709-R001
Deut	6	1	4Q41	1606693	PARTLY_RECONSTRUCTED	22	62	58	57	1	0	59	1	0	1	0	0	0	0	passage_status/DSS-Deuteronomy-Passage-Status.txt	626125	751	58b0c381ed919f20f5cb434606a16873d57eb721c68f8703c5b2df6c20f7b55b	L1596709-R002,L1596710-R001
Deut	2	8	4Q42	1606694	PARTLY_RECONSTRUCTED	14	34	21	10	5	6	18	7	4	6	0	0	0	0	passage_status/DSS-Deuteronomy-Passage-Status.txt	626876	757	0f20b39210015b18ca6ba5c551178404fe0f71b7541746f534da403af1e59a72	L1596711-R001,L1596712-R001
Deut	4	30	4Q42	1606694	PARTLY_RECONSTRUCTED	21	58	53	50	2	1	54	3	0	1	0	0	0	0	passage_status/DSS-Deuteronomy-Passage-Status.txt	627633	759	38a651f1fd70ebf03d691baa64daa770872c33b5c5b7cbd1f218d470c4dbe094	L1596713-R001,L1596714-R001
Deut	4	31	4Q42	1606694	PARTLY_RECONSTRUCTED	20	67	60	57	1	2	64	1	0	1	0	0	0	0	passage_status/DSS-Deuteronomy-Passage-Status.txt	628392	753	41ca4bc6286b997f771b36f102d0838e60964fb63ed06357e17eb9df294dea4f	L1596714-R002,L1596715-R001
Deut	4	32	4Q42	1606694	PARTLY_RECONSTRUCTED	45	110	106	85	4	17	88	4	0	1	0	0	0	0	passage_status/DSS-Deuteronomy-Passage-Status.txt	629145	794	7a4aab54dcb8e977356a92dc04a8fec93df8d7263b5837cea48b7732f4a11e6a	L1596715-R002,L1596716-R001,L1596717-R001,L1596718-R001
Deut	4	33	4Q42	1606694	PARTLY_RECONSTRUCTED	17	42	40	35	2	3	37	2	0	1	0	0	0	0	passage_status/DSS-Deuteronomy-Passage-Status.txt	629939	753	acafe9211e28dde6aa757ef454fcac796250f9a310e639fccd604d27f8d86411	L1596718-R002,L1596719-R001
Deut	4	34	4Q42	1606694	PARTLY_RECONSTRUCTED	47	120	109	95	2	12	103	3	2	4	0	0	0	0	passage_status/DSS-Deuteronomy-Passage-Status.txt	630692	773	e027edd53a3065ce0dc35d402d4c1c832c527583daf0b317a6430220e8e0a21b	L1596719-R002,L1596720-R001,L1596721-R001
Deut	5	1	4Q42	1606694	PARTLY_RECONSTRUCTED	33	101	94	79	3	12	83	3	0	1	0	0	0	0	passage_status/DSS-Deuteronomy-Passage-Status.txt	631465	769	1a16f626a011b815ecd272bdc0110237778717eac97317bfd4fc939a8a139027	L1596722-R001,L1596723-R001,L1596724-R001
Deut	5	2	4Q42	1606694	PARTLY_RECONSTRUCTED	8	29	25	18	1	6	20	1	0	1	0	0	0	0	passage_status/DSS-Deuteronomy-Passage-Status.txt	632234	734	0cb5926ce0eb0dec0177b6e7215800b42d909ba1cc07fbcac4acaa69d2d38bff	L1596724-R002
Deut	5	3	4Q42	1606694	PARTLY_RECONSTRUCTED	20	61	56	43	1	12	48	1	0	1	0	0	0	0	passage_status/DSS-Deuteronomy-Passage-Status.txt	632968	752	d2d879aea6c3a822c50b6d1df6d30309e6b26b316e4e506038da60d5c867b12b	L1596724-R003,L1596725-R001
Deut	5	4	4Q42	1606694	ALL_LETTER_SLOTS_RECONSTRUCTED	13	33	30	30	0	0	33	0	0	1	0	0	0	0	passage_status/DSS-Deuteronomy-Passage-Status.txt	633720	756	f3121debbba4d70c5176aa4a22579acd486502488c354cd9010b9f3e8b54908c	L1596725-R002,L1596726-R001
Deut	5	5	4Q42	1606694	PARTLY_RECONSTRUCTED	19	56	52	42	1	9	44	1	0	1	0	0	0	0	passage_status/DSS-Deuteronomy-Passage-Status.txt	634476	751	02a58922ceccc7a476994d1d1eea04f0f275f51d53c9dbc0c23964537e21ba93	L1596726-R002,L1596727-R001
Deut	5	8	4Q42	1606694	PARTLY_RECONSTRUCTED	29	60	56	44	1	11	48	1	0	2	0	0	0	0	passage_status/DSS-Deuteronomy-Passage-Status.txt	635227	752	8abae10a026438bcd1a04c2130530fff1f6062187c4c5f6e6846f524d52be6ed	L1596728-R001,L1596730-R001
Deut	5	9	4Q42	1606694	PARTLY_RECONSTRUCTED	50	155	142	132	3	7	143	3	1	3	0	0	0	0	passage_status/DSS-Deuteronomy-Passage-Status.txt	635979	815	266c4798892cc187d0a96703c57a019be0286963c833dea9eeaad6c4f510a0c8	L1596728-R002,L1596729-R001,L1596730-R002,L1596731-R001,L1596732-R001
Deut	5	10	4Q42	1606694	NO_LETTER_SLOTS	4	9	0	0	0	0	5	2	2	4	0	0	0	0	passage_status/DSS-Deuteronomy-Passage-Status.txt	636794	722	bb28b3d8f72cff420ca7a8c974ca41ed2d126a5c521127d38713b378806498b5	L1596733-R001
Deut	28	14	4Q42	1606694	NO_LETTER_SLOTS	4	8	0	0	0	0	5	1	2	4	0	0	0	0	passage_status/DSS-Deuteronomy-Passage-Status.txt	637516	724	5bfc2ac20b65017f3136c3050181110d095bf7ecbbd93ff968ab9cbdc62c049b	L1596734-R001
Deut	28	15	4Q42	1606694	PARTLY_RECONSTRUCTED	34	100	92	67	5	20	74	5	0	1	0	0	0	0	passage_status/DSS-Deuteronomy-Passage-Status.txt	638240	775	7d544d415ba523c51c836c0d0b020b8756da2f220243ddc946232a208d5e6070	L1596735-R001,L1596736-R001
Deut	28	16	4Q42	1606694	ALL_LETTER_SLOTS_RECONSTRUCTED	10	25	23	23	0	0	25	0	0	1	0	0	0	0	passage_status/DSS-Deuteronomy-Passage-Status.txt	639015	744	bae12a8aeec70e52b748dc7ea9f257e1a6a9bab2206b50bbd1eec490cb8ee7eb	L1596736-R002
Deut	28	17	4Q42	1606694	ALL_LETTER_SLOTS_RECONSTRUCTED	5	19	15	15	0	0	19	0	0	1	0	0	0	0	passage_status/DSS-Deuteronomy-Passage-Status.txt	639759	759	2adb0dadd944476746f5213506265bb4b72ae76a95291e70b8f097146744c239	L1596736-R003,L1596737-R001
Deut	28	18	4Q42	1606694	PARTLY_RECONSTRUCTED	12	45	39	27	0	12	29	0	0	1	0	0	0	0	passage_status/DSS-Deuteronomy-Passage-Status.txt	640518	735	4e3104100f28240808cb38ef263ad1297875df745c7e28af2ab1f1cd229fb9dc	L1596737-R002
Deut	28	33	4Q42	1606694	PARTLY_RECONSTRUCTED	20	58	54	43	5	6	47	5	0	1	0	0	0	0	passage_status/DSS-Deuteronomy-Passage-Status.txt	641253	751	b4c39285173414426b14066c42ad772a5189baaf4ecd28ef2a598b3b63dad624	L1596738-R001
Deut	28	34	4Q42	1606694	ALL_LETTER_SLOTS_RECONSTRUCTED	9	29	26	26	0	0	29	0	0	1	0	0	0	0	passage_status/DSS-Deuteronomy-Passage-Status.txt	642004	759	1b61ca3a268d1bbafc43accb682ee46d7b7638f702817a947e079d84d9d59d82	L1596738-R002,L1596739-R001
Deut	28	35	4Q42	1606694	PARTLY_RECONSTRUCTED	24	65	60	52	3	5	56	3	0	1	0	0	0	0	passage_status/DSS-Deuteronomy-Passage-Status.txt	642763	761	c0d3bd46e32dbd974e9cdb46a852eed2476ad571943f53da44d4afaecea00686	L1596739-R002,L1596740-R001
Deut	28	36	4Q42	1606694	PARTLY_RECONSTRUCTED	27	84	76	65	6	5	70	6	1	2	0	0	0	0	passage_status/DSS-Deuteronomy-Passage-Status.txt	643524	767	6889ab354e5fc85e7449987539c6794a26a8bf92e685107928bbc7805cb084a1	L1596740-R002,L1596741-R001
Deut	28	47	4Q42	1606694	PARTLY_RECONSTRUCTED	17	44	41	33	2	6	35	2	0	1	0	0	0	0	passage_status/DSS-Deuteronomy-Passage-Status.txt	644291	739	cb51661792acded52cc52060933273c36b186ca46208a75942d406a554fd376a	L1596742-R001
Deut	28	48	4Q42	1606694	PARTLY_RECONSTRUCTED	30	85	77	67	0	10	75	0	0	1	0	0	0	0	passage_status/DSS-Deuteronomy-Passage-Status.txt	645030	767	e720585232a0f656768e8279a9cbd1fbc18d441e391a16e5e378b13c90e64f7a	L1596742-R002,L1596743-R001,L1596744-R001
Deut	28	49	4Q42	1606694	PARTLY_RECONSTRUCTED	21	59	55	48	6	1	52	6	0	1	0	0	0	0	passage_status/DSS-Deuteronomy-Passage-Status.txt	645797	745	a15bd7d05659aaaab9d773caf3f5eb47d43bbf3330ee5e03c681ded11d179785	L1596744-R002
Deut	28	50	4Q42	1606694	ALL_LETTER_SLOTS_RECONSTRUCTED	14	36	34	34	0	0	36	0	0	1	0	0	0	0	passage_status/DSS-Deuteronomy-Passage-Status.txt	646542	760	50dffc34f5e74674efc52e434b1448811905f560c8b31e27963989bcbca03170	L1596744-R003,L1596745-R001
Deut	28	51	4Q42	1606694	PARTLY_RECONSTRUCTED	26	93	83	73	2	8	82	2	0	1	0	0	0	0	passage_status/DSS-Deuteronomy-Passage-Status.txt	647302	755	8bddf560bcea79d674828369af42f41c94d213b2374854d722ddc8eb0164f49c	L1596745-R002,L1596746-R001
Deut	28	52	4Q42	1606694	PARTLY_RECONSTRUCTED	36	106	94	88	2	4	99	2	0	1	0	0	0	0	passage_status/DSS-Deuteronomy-Passage-Status.txt	648057	778	c1522495742b2ea8a537acdb0b873fb56c14f1dfc32dd8079200b62c90998059	L1596746-R002,L1596747-R001,L1596748-R001
Deut	28	53	4Q42	1606694	NO_LETTER_SLOTS	4	10	0	0	0	0	5	3	2	4	0	0	0	0	passage_status/DSS-Deuteronomy-Passage-Status.txt	648835	725	560405a48018f4b2ef365fd2bfa930159906217208ea61f72e13af6ca396f472	L1596748-R002
Deut	28	58	4Q42	1606694	PARTLY_RECONSTRUCTED	33	81	77	68	4	5	72	4	0	1	0	0	0	0	passage_status/DSS-Deuteronomy-Passage-Status.txt	649560	755	2f67c0a4bc4c992cad6435badd4ddca772c2f5b0e566861403c55e29af8ea165	L1596749-R001,L1596750-R001
Deut	28	59	4Q42	1606694	PARTLY_RECONSTRUCTED	19	62	58	51	0	7	55	0	0	1	0	0	0	0	passage_status/DSS-Deuteronomy-Passage-Status.txt	650315	750	4f1c9fac31b81b3cacdf8c2dc266df3b7ca4c68990953c44ae42b7d7cd32d6d1	L1596750-R002,L1596751-R001
Deut	28	60	4Q42	1606694	ALL_LETTER_SLOTS_RECONSTRUCTED	15	45	40	40	0	0	45	0	0	1	0	0	0	0	passage_status/DSS-Deuteronomy-Passage-Status.txt	651065	744	cbad4d59cc286139eab83848009ef50873fa94efc703e44c6ce7fd75a3af72d9	L1596751-R002
Deut	28	61	4Q42	1606694	PARTLY_RECONSTRUCTED	21	59	54	49	1	4	54	1	0	1	0	0	0	0	passage_status/DSS-Deuteronomy-Passage-Status.txt	651809	755	0013e70c3554dfc96a03ca0ffd4b76ee025b882f9e9fd10650bc33c2ecc6ed66	L1596751-R003,L1596752-R001
Deut	28	62	4Q42	1606694	PARTLY_RECONSTRUCTED	23	65	60	55	1	4	58	1	1	2	0	0	0	0	passage_status/DSS-Deuteronomy-Passage-Status.txt	652564	755	1038d5e1751b1123c4efc40469ba21735ca44ea1bce27d0d0d3bcfe9f36147f6	L1596752-R002,L1596753-R001
Deut	29	22	4Q42	1606694	PARTLY_RECONSTRUCTED	12	34	30	25	4	1	26	4	0	1	0	0	0	0	passage_status/DSS-Deuteronomy-Passage-Status.txt	653319	739	a87c82a1eec30dd5d7460472959c735e305ffef254830e061a7ffaf2d27173fc	L1596754-R001
Deut	29	23	4Q42	1606694	PARTLY_RECONSTRUCTED	23	52	50	44	1	5	46	1	0	1	0	0	0	0	passage_status/DSS-Deuteronomy-Passage-Status.txt	654058	755	1f7a0f5ffef83760c64beafbe74ea2d0ebf8d44ee4ccd59ac38430852727392f	L1596754-R002,L1596755-R001
Deut	29	24	4Q42	1606694	PARTLY_RECONSTRUCTED	20	66	60	37	2	21	41	2	0	1	0	0	0	0	passage_status/DSS-Deuteronomy-Passage-Status.txt	654813	762	e3570c74d531763f2f2821671ff970bfaa330cedac892fc6a53d48db31d20362	L1596755-R002,L1596756-R001
Deut	29	25	4Q42	1606694	PARTLY_RECONSTRUCTED	19	62	55	52	3	0	57	3	1	2	0	0	0	0	passage_status/DSS-Deuteronomy-Passage-Status.txt	655575	761	e9548edf2e47948d17d7079cb0ce65322790790a825ca7b1f71a801b4027fb14	L1596756-R002,L1596757-R001
Deut	6	4	4Q43	1606695	PARTLY_RECONSTRUCTED	8	30	25	17	3	5	21	3	1	2	0	0	0	0	passage_status/DSS-Deuteronomy-Passage-Status.txt	656336	746	2055257ea4a1dd929246eb342b0a75185fc6649893edfddb69810d202944d610	L1596758-R001
Deut	6	5	4Q43	1606695	PARTLY_RECONSTRUCTED	17	45	39	36	1	2	42	1	0	1	0	0	0	0	passage_status/DSS-Deuteronomy-Passage-Status.txt	657082	751	09a8e550b4a14052d47d93b091324fe2acf2c1177f12e3c490be37ab8cebefb1	L1596758-R002,L1596759-R001
Deut	6	6	4Q43	1606695	PARTLY_RECONSTRUCTED	14	39	35	24	4	7	28	4	0	1	0	0	0	0	passage_status/DSS-Deuteronomy-Passage-Status.txt	657833	763	ce730a112e129dd273ce61c6aa06a68d010507a7f7b25f2f0d4b95e6cc77f784	L1596759-R002,L1596760-R001
Deut	6	7	4Q43	1606695	PARTLY_RECONSTRUCTED	23	60	50	47	1	2	56	1	0	1	0	0	0	0	passage_status/DSS-Deuteronomy-Passage-Status.txt	658596	751	ede8fc6005701739c72f25c8260f32855e95d03c45b380b953c6f5a34bb09dd3	L1596760-R002,L1596761-R001
Deut	6	8	4Q43	1606695	PARTLY_RECONSTRUCTED	13	39	34	23	5	6	28	5	0	1	0	0	0	0	passage_status/DSS-Deuteronomy-Passage-Status.txt	659347	741	417964b8a467dd06725905f9bb5d65a8fda4f6fd2e8e4e6dc3a1e4b943eacb47	L1596761-R002
Deut	6	9	4Q43	1606695	PARTLY_RECONSTRUCTED	9	29	24	20	2	2	24	2	0	1	0	0	0	0	passage_status/DSS-Deuteronomy-Passage-Status.txt	660088	750	4feb20c9766e66a553b16c3cda24df6467833d9d2814a4457d5b793984bc4e60	L1596761-R003,L1596762-R001
Deut	6	10	4Q43	1606695	PARTLY_RECONSTRUCTED	31	89	83	70	3	10	75	3	0	1	0	0	0	0	passage_status/DSS-Deuteronomy-Passage-Status.txt	660838	760	3b92c69e4fd6108b2def7ce46594fd2753b3f6da07fc468db793f06e239f0e51	L1596763-R001,L1596764-R001
Deut	6	11	4Q43	1606695	PARTLY_RECONSTRUCTED	9	26	24	19	3	2	19	3	0	1	0	0	0	0	passage_status/DSS-Deuteronomy-Passage-Status.txt	661598	736	08ea3978febac289134410d2c7327920ba8ea72e983a3da5ab58016a80eb9e81	L1596764-R002
Deut	32	9	4Q44	1606696	PARTLY_RECONSTRUCTED	8	28	24	21	0	3	22	0	0	1	0	0	0	0	passage_status/DSS-Deuteronomy-Passage-Status.txt	662334	731	3e987850be28d628c4fe40f4b70fdcdd956e89f096281c19ec13168d4f95f2e6	L1596766-R001
Deut	32	10	4Q44	1606696	PARTLY_RECONSTRUCTED	10	29	26	25	1	0	26	1	0	1	0	0	0	0	passage_status/DSS-Deuteronomy-Passage-Status.txt	663065	739	ebc2270266911112098119cc86fe13dea913bcc0182cf671a54bbc509317a033	L1596767-R001
Deut	32	37	4Q44	1606696	PARTLY_RECONSTRUCTED	13	42	26	17	3	6	25	9	2	5	0	4	0	0	passage_status/DSS-Deuteronomy-Passage-Status.txt	663804	766	452f4136d3f2ef67dc83af4430f4e61812c3a4613d4e4fd79ce3a8f53c64f860	L1596768-R001,L1596769-R001
Deut	32	38	4Q44	1606696	PARTLY_RECONSTRUCTED	14	60	54	39	5	10	42	5	0	1	0	0	0	0	passage_status/DSS-Deuteronomy-Passage-Status.txt	664570	784	e1828750da1c1fae97b9dc2975fb056ffbdc76744ac4e104fb06478a2105f5e6	L1596770-R001,L1596771-R001,L1596772-R001
Deut	32	39	4Q44	1606696	PARTLY_RECONSTRUCTED	24	71	67	58	3	6	62	3	0	1	0	0	0	0	passage_status/DSS-Deuteronomy-Passage-Status.txt	665354	783	cf7720a95c1f6677ab41481581000acbcf0801736f8fd7b5937ed49ad1ea0fb4	L1596773-R001,L1596774-R001,L1596775-R001
Deut	32	40	4Q44	1606696	PARTLY_RECONSTRUCTED	12	34	31	21	4	6	23	4	0	1	0	0	0	0	passage_status/DSS-Deuteronomy-Passage-Status.txt	666137	761	9b46b2b1881abe8fa9ee148afa721ded0930935bc00ede96978bcedd4368b168	L1596775-R002,L1596776-R001
Deut	32	41	4Q44	1606696	PARTLY_RECONSTRUCTED	18	54	48	14	10	24	14	10	0	1	0	0	0	0	passage_status/DSS-Deuteronomy-Passage-Status.txt	666898	786	9e811fd0db7012d8f3894879e1cd5d214daad2bfe0e4ae41739ceb674ed7e8d1	L1596777-R001,L1596778-R001,L1596779-R001
Deut	32	42	4Q44	1606696	PARTLY_RECONSTRUCTED	19	53	49	20	11	18	21	11	0	1	0	0	0	0	passage_status/DSS-Deuteronomy-Passage-Status.txt	667684	808	2d0513973436e90a581e55aaa1481689e2b1c8c062f0ae44cf8624eac138e1cb	L1596780-R001,L1596781-R001,L1596782-R001,L1596783-R001
Deut	32	43	4Q44	1606696	NO_LETTER_RECONSTRUCTION_MARKED	26	86	78	0	0	78	0	0	0	1	0	0	0	0	passage_status/DSS-Deuteronomy-Passage-Status.txt	668492	824	a76a675fb2a2baa02240a1766feee25764e798efe379591daa28769d94c92ad8	L1596784-R001,L1596785-R001,L1596786-R001,L1596787-R001,L1596788-R001,L1596789-R001
Deut	1	8	4Q45	1606697	PARTLY_RECONSTRUCTED	34	95	86	76	1	9	83	1	1	2	0	0	0	0	passage_status/DSS-Deuteronomy-Passage-Status.txt	669316	767	4d17130989df2e70f833e4f6f660f941f1eadf3096f981dfe1a28901e5b72c12	L1596790-R001,L1596791-R001,L1596792-R001
Deut	7	2	4Q45	1606697	PARTLY_RECONSTRUCTED	16	58	50	43	3	4	51	3	0	1	0	0	0	0	passage_status/DSS-Deuteronomy-Passage-Status.txt	670083	757	78ae1da2dc5127e11c9d39a818436acd7145d5b65f5c265ca29e8f382d1ff53d	L1596793-R001,L1596794-R001
Deut	7	3	4Q45	1606697	PARTLY_RECONSTRUCTED	16	42	35	24	2	9	27	2	0	1	0	0	0	0	passage_status/DSS-Deuteronomy-Passage-Status.txt	670840	735	d5861deedff3fdb2f18ee31cf130563e742a54f6d984f328fffa1bd0621cfbdb	L1596794-R002
Deut	7	4	4Q45	1606697	PARTLY_RECONSTRUCTED	19	59	53	44	2	7	49	2	0	1	0	0	0	0	passage_status/DSS-Deuteronomy-Passage-Status.txt	671575	757	70dc4ce99e41801fb77502dc37b473adf99ab1e4b8793fa6ea3d72782bdb3731	L1596795-R001,L1596796-R001
Deut	7	5	4Q45	1606697	PARTLY_RECONSTRUCTED	8	29	25	20	0	5	22	0	0	1	0	0	0	0	passage_status/DSS-Deuteronomy-Passage-Status.txt	672332	729	81bb2502b7543201b49d1d24daa483c0289578e5723f79c0d9953ff63f069970	L1596796-R002
Deut	7	6	4Q45	1606697	PARTLY_RECONSTRUCTED	25	72	66	44	9	13	46	10	0	1	0	0	0	0	passage_status/DSS-Deuteronomy-Passage-Status.txt	673061	765	bedd60450ccd3a3f6f794488079d4aaab431d813b793d9e49dc06cd3ae793749	L1596797-R001,L1596798-R001
Deut	7	7	4Q45	1606697	PARTLY_RECONSTRUCTED	20	50	33	30	0	3	40	4	2	7	0	0	0	0	passage_status/DSS-Deuteronomy-Passage-Status.txt	673826	762	21c5fcbc9d57611739cf5f7ca59440099adec149fc28b88a4bde6c38efb04fec	L1596798-R002,L1596799-R001,L1596800-R001
Deut	7	9	4Q45	1606697	PARTLY_RECONSTRUCTED	18	49	45	41	2	2	44	2	0	1	0	0	0	0	passage_status/DSS-Deuteronomy-Passage-Status.txt	674588	757	28d7b31be8b68798dba27b30d41f595bf9a5927a39a0cbf94a978c8e6e022cf3	L1596801-R001,L1596802-R001
Deut	7	10	4Q45	1606697	PARTLY_RECONSTRUCTED	11	33	26	22	1	3	26	1	1	2	0	0	0	0	passage_status/DSS-Deuteronomy-Passage-Status.txt	675345	737	81f9eec7dfacd6e286a3fd45a002385cb784dcdb36804d05fbc85371af9e46a4	L1596802-R002
Deut	7	16	4Q45	1606697	PARTLY_RECONSTRUCTED	26	81	71	62	0	9	69	0	1	2	0	0	0	0	passage_status/DSS-Deuteronomy-Passage-Status.txt	676082	764	77aeeed9b41db98a12191f8098b59e6566518f890fa42a6cb6cbcc66df6b8d45	L1596803-R001,L1596804-R001,L1596805-R001
Deut	7	17	4Q45	1606697	PARTLY_RECONSTRUCTED	15	48	43	27	5	11	28	5	0	1	0	0	0	0	passage_status/DSS-Deuteronomy-Passage-Status.txt	676846	760	c459448c9e01b4b6fade6daa689f8322355a66a58ba58ae10a4825f58d955e1e	L1596805-R002,L1596806-R001
Deut	7	18	4Q45	1606697	PARTLY_RECONSTRUCTED	17	51	47	20	6	21	22	6	0	1	0	0	0	0	passage_status/DSS-Deuteronomy-Passage-Status.txt	677606	760	07252d38db68da8edf391dc0ec2a0103279277ee952a496b9ea676c9f6a9186e	L1596806-R002,L1596807-R001
Deut	7	19	4Q45	1606697	PARTLY_RECONSTRUCTED	40	118	111	54	24	33	58	24	0	1	0	0	0	0	passage_status/DSS-Deuteronomy-Passage-Status.txt	678366	809	31b35e425f5be551aa7f5e8d5bbcd922566f4c10dc25e4d0e71b503cd6aa2341	L1596807-R002,L1596808-R001,L1596809-R001,L1596810-R001
Deut	7	20	4Q45	1606697	PARTLY_RECONSTRUCTED	19	55	50	37	2	11	40	2	0	1	0	0	0	0	passage_status/DSS-Deuteronomy-Passage-Status.txt	679175	776	568308c3f7c49a4dfe338c64bfc3838a3077235d07e95cf6d9e371c004835d5a	L1596810-R002,L1596811-R001,L1596812-R001
Deut	7	21	4Q45	1606697	PARTLY_RECONSTRUCTED	14	44	39	32	3	4	34	3	0	1	0	0	0	0	passage_status/DSS-Deuteronomy-Passage-Status.txt	679951	759	fbcdeaf27178ff785b5b7a1c1025414c3aad17dcfaae372c7f5ae8df2be9c55f	L1596812-R002,L1596813-R001
Deut	7	22	4Q45	1606697	PARTLY_RECONSTRUCTED	24	71	65	32	11	22	37	11	0	1	0	0	0	0	passage_status/DSS-Deuteronomy-Passage-Status.txt	680710	790	0803cce840482bd6b61a3c666afa1c86ed9e2dc44521f05aa12124d44926c47a	L1596813-R002,L1596814-R001,L1596815-R001
Deut	7	23	4Q45	1606697	PARTLY_RECONSTRUCTED	13	49	42	12	7	23	13	7	0	1	0	0	0	0	passage_status/DSS-Deuteronomy-Passage-Status.txt	681500	772	b5d964b601dcb78df8e5132af76e0b803b019c6c3492ac506a1cb31f785da1c5	L1596815-R002,L1596816-R001
Deut	7	24	4Q45	1606697	PARTLY_RECONSTRUCTED	22	69	61	11	11	39	11	12	0	1	0	0	0	0	passage_status/DSS-Deuteronomy-Passage-Status.txt	682272	768	7927d44eb6551dd650fe2699fffbb58bc0f34703428c3b8434ee83b1fd8f7896	L1596816-R002,L1596817-R001
Deut	7	25	4Q45	1606697	PARTLY_RECONSTRUCTED	15	52	46	27	3	16	30	3	0	1	0	0	0	0	passage_status/DSS-Deuteronomy-Passage-Status.txt	683040	760	1bffea2cb69ea254497d209a57902910272feb48f84e2a5cfa7ba02ffdecfb5f	L1596817-R002,L1596818-R001
Deut	10	11	4Q45	1606697	PARTLY_RECONSTRUCTED	13	35	31	29	3	1	31	3	0	1	0	0	0	0	passage_status/DSS-Deuteronomy-Passage-Status.txt	683800	739	a97bb64930d129acebc5afc095eacf6fa955f220569f17ba2b5bc7c04abd96c9	L1596819-R001
Deut	10	12	4Q45	1606697	PARTLY_RECONSTRUCTED	39	111	99	83	7	9	91	7	0	1	0	0	0	0	passage_status/DSS-Deuteronomy-Passage-Status.txt	684539	784	3f6f8feb329fdd248e8e5618c0d28705237cee5b332be833879879b9580d4ec3	L1596820-R001,L1596821-R001,L1596822-R001
Deut	11	28	4Q45	1606697	PARTLY_RECONSTRUCTED	30	93	89	76	4	9	80	4	0	1	0	0	0	0	passage_status/DSS-Deuteronomy-Passage-Status.txt	685323	789	d1948ab35df8626267af8eb95510d4dd545158a2e72c9257d6fb2885f5daf5cc	L1596823-R001,L1596824-R001,L1596825-R001
Deut	11	29	4Q45	1606697	NO_LETTER_SLOTS	4	8	0	0	0	0	5	1	2	4	0	0	0	0	passage_status/DSS-Deuteronomy-Passage-Status.txt	686112	724	10b7b156d9c44598525766ded2d90d3e86396b366182e2b6a8892b8f95d13681	L1596825-R002
Deut	11	30	4Q45	1606697	PARTLY_RECONSTRUCTED	26	68	60	56	2	2	62	4	1	4	0	0	0	0	passage_status/DSS-Deuteronomy-Passage-Status.txt	686836	761	f4ee0626135b817b4b32a83e6b58d19d8f62de7be4e4bd42d8bb8302a353deaa	L1596826-R001,L1596827-R001
Deut	11	31	4Q45	1606697	PARTLY_RECONSTRUCTED	25	73	67	50	14	3	55	14	0	1	0	0	0	0	passage_status/DSS-Deuteronomy-Passage-Status.txt	687597	786	0d424841498be79ccfbd3c8f7bb70cdf207bebf49dc8d3c4cab456c9ea31d565	L1596827-R002,L1596828-R001,L1596829-R001
Deut	11	32	4Q45	1606697	PARTLY_RECONSTRUCTED	20	53	50	23	8	19	23	8	0	1	0	0	0	0	passage_status/DSS-Deuteronomy-Passage-Status.txt	688383	774	056ea8233ed2e25eff42c6e4ebb99f654229ba72ce4f341a38d3b3842a61eba2	L1596829-R002,L1596830-R001
Deut	12	1	4Q45	1606697	PARTLY_RECONSTRUCTED	28	81	68	51	7	10	60	9	2	4	0	0	0	0	passage_status/DSS-Deuteronomy-Passage-Status.txt	689157	770	12c06b2be7131d584805a0a958d4c3474b24d55884578e07230aadd38f3f4212	L1596830-R002,L1596831-R001,L1596832-R001
Deut	12	2	4Q45	1606697	PARTLY_RECONSTRUCTED	12	28	26	14	5	7	16	5	0	1	0	0	0	0	passage_status/DSS-Deuteronomy-Passage-Status.txt	689927	749	612387a8322dcd25a6e4d11d4807431afd674f4b1a81e6ce1656c7d2198ebe9c	L1596833-R001
Deut	12	3	4Q45	1606697	PARTLY_RECONSTRUCTED	27	95	86	55	7	24	62	7	0	1	0	0	0	0	passage_status/DSS-Deuteronomy-Passage-Status.txt	690676	776	b90ed55062589750bc2a2f2c57f6d636f00a13dd98541e2762028c20ef32179e	L1596833-R002,L1596834-R001,L1596835-R001
Deut	12	4	4Q45	1606697	ALL_LETTER_SLOTS_RECONSTRUCTED	7	24	20	20	0	0	24	0	0	1	0	0	0	0	passage_status/DSS-Deuteronomy-Passage-Status.txt	691452	757	ad77e946c7ef6396114aec2aa1c28db0600bba587f6f8be8bf992896693a7a8e	L1596835-R002,L1596836-R001
Deut	12	5	4Q45	1606697	PARTLY_RECONSTRUCTED	12	34	31	16	1	14	17	1	0	1	0	0	0	0	passage_status/DSS-Deuteronomy-Passage-Status.txt	692209	738	652720e958f4d266e149ecbe5bac0311d0de45e3fab62ce0f86f19d5ecc0c4dd	L1596836-R002
Deut	12	10	4Q45	1606697	NO_LETTER_SLOTS	3	6	0	0	0	0	2	2	0	3	0	0	0	0	passage_status/DSS-Deuteronomy-Passage-Status.txt	692947	724	7d999540fa9b65fae286ef3324d72477dc5fa8e608c2210df135abe1ccad68e4	L1596837-R001
Deut	12	11	4Q45	1606697	PARTLY_RECONSTRUCTED	37	132	120	100	4	16	109	4	0	1	0	0	0	0	passage_status/DSS-Deuteronomy-Passage-Status.txt	693671	782	7fec8e4627cec4f3aeb08a08c07714ef80c3ee0ab099a155b900732ac9d5da2b	L1596838-R001,L1596839-R001,L1596840-R001
Deut	12	12	4Q45	1606697	PARTLY_RECONSTRUCTED	22	70	57	56	1	0	65	3	2	3	0	0	0	0	passage_status/DSS-Deuteronomy-Passage-Status.txt	694453	755	77a258b40f1ebd9ccb10a73d34cfcfd513015324e7fc7c0c681bcd608de4b383	L1596840-R002,L1596841-R001
Deut	12	22	4Q45	1606697	PARTLY_RECONSTRUCTED	21	55	51	44	1	6	48	1	0	1	0	0	0	0	passage_status/DSS-Deuteronomy-Passage-Status.txt	695208	755	cfb948787e50c33cf42f130296a055fd42750a19d35f40c002fb639be3090943	L1596842-R001,L1596843-R001
Deut	12	23	4Q45	1606697	NO_LETTER_SLOTS	4	10	0	0	0	0	5	3	2	4	0	0	0	0	passage_status/DSS-Deuteronomy-Passage-Status.txt	695963	725	44a7bd8e3bd6a50f15f067c4863cc7038b102cf8af74dfeeb80d7bb2f650df95	L1596843-R002
Deut	13	19	4Q45	1606697	PARTLY_RECONSTRUCTED	29	84	76	63	3	10	70	3	1	2	0	0	0	0	passage_status/DSS-Deuteronomy-Passage-Status.txt	696688	778	fc1b7fb90c1bb9b84fa40a1166616c5602b5af16262bf7efbc4f935edaeca652	L1596844-R001,L1596845-R001,L1596846-R001
Deut	14	1	4Q45	1606697	NO_LETTER_RECONSTRUCTION_MARKED	5	11	1	0	0	1	6	2	3	4	0	0	0	0	passage_status/DSS-Deuteronomy-Passage-Status.txt	697466	755	68de100a3cd85532b02c6be6fa5c1deb82fdca05b566216f87cc9603119c5a38	L1596846-R002,L1596847-R001
Deut	14	2	4Q45	1606697	PARTLY_RECONSTRUCTED	16	39	36	29	7	0	32	7	0	1	0	0	0	0	passage_status/DSS-Deuteronomy-Passage-Status.txt	698221	771	57354b89e65735490d867394c9707b92e7710484baac8c6681d9cddf56108d46	L1596848-R001,L1596849-R001
Deut	14	3	4Q45	1606697	ALL_LETTER_SLOTS_RECONSTRUCTED	5	15	13	13	0	0	15	0	0	1	0	0	0	0	passage_status/DSS-Deuteronomy-Passage-Status.txt	698992	757	bc5805c44062bd0a52d165533c5c98df369265aede002490764df44b73e5d5ef	L1596849-R002,L1596850-R001
Deut	14	4	4Q45	1606697	PARTLY_RECONSTRUCTED	14	40	31	25	2	4	30	4	2	4	0	0	0	1	passage_status/DSS-Deuteronomy-Passage-Status.txt	699749	759	dd7eabfac436c53f7102b596042f3e5cbfb1c865293a680dcbb3a8833210c880	L1596850-R002,L1596851-R001
Deut	14	19	4Q45	1606697	PARTLY_RECONSTRUCTED	11	29	26	15	1	10	15	1	0	1	0	0	0	0	passage_status/DSS-Deuteronomy-Passage-Status.txt	700508	740	e4cac7a705d3857804e56ba78bdbd4d8b447a5c1625095cc116c1f3e7feb4644	L1596852-R001
Deut	14	20	4Q45	1606697	ALL_LETTER_SLOTS_RECONSTRUCTED	5	16	14	14	0	0	16	0	0	1	0	0	0	0	passage_status/DSS-Deuteronomy-Passage-Status.txt	701248	743	a289d9dff4dd0b9b24f46fb770f1fd7d007282b6fc93b50c1fb50dc5a09a69fc	L1596853-R001
Deut	14	21	4Q45	1606697	PARTLY_RECONSTRUCTED	30	90	83	57	6	20	61	6	0	1	0	0	0	0	passage_status/DSS-Deuteronomy-Passage-Status.txt	701991	790	17ed3c2bad0c70d6fedc9a98c8e998f0cdbbe3b30bade5c45bbb68feb7db2392	L1596853-R002,L1596854-R001,L1596855-R001
Deut	14	22	4Q45	1606697	PARTLY_RECONSTRUCTED	14	38	31	24	2	5	27	4	0	3	0	0	0	0	passage_status/DSS-Deuteronomy-Passage-Status.txt	702781	745	0518db6d521a0a8bbee7bffeba08ace5f67d02519a092e682c2e026a6a3a5b4a	L1596856-R001
Deut	14	26	4Q45	1606697	PARTLY_RECONSTRUCTED	16	51	45	36	5	4	41	5	0	1	0	0	0	0	passage_status/DSS-Deuteronomy-Passage-Status.txt	703526	755	1c1843f46de8e3667d9cfb9f9bdbce0cae376ebb19741ef83a8df5e8806395b4	L1596857-R001,L1596858-R001
Deut	14	27	4Q45	1606697	PARTLY_RECONSTRUCTED	16	46	40	29	2	9	35	2	0	1	0	0	0	0	passage_status/DSS-Deuteronomy-Passage-Status.txt	704281	761	b3b1cfe633325d093657e204bb0eee5ede6ec4a1ef43f710650b24ecaf2d5523	L1596858-R002,L1596859-R001
Deut	14	28	4Q45	1606697	PARTLY_RECONSTRUCTED	18	53	49	37	2	10	38	2	0	1	0	0	0	0	passage_status/DSS-Deuteronomy-Passage-Status.txt	705042	756	534240be9e61541b9fe413875792e92a2719c489efccce6ccf80f964cd4cf28d	L1596859-R002,L1596860-R001
Deut	14	29	4Q45	1606697	PARTLY_RECONSTRUCTED	5	9	7	5	0	2	5	0	0	1	0	0	0	0	passage_status/DSS-Deuteronomy-Passage-Status.txt	705798	729	49a80c8705b9747534c6a895e55a51af5f50caa529c1ed74b1a69b81f1bd78e2	L1596860-R002
Deut	15	4	4Q45	1606697	NO_LETTER_SLOTS	4	8	0	0	0	0	6	2	1	4	0	0	0	0	passage_status/DSS-Deuteronomy-Passage-Status.txt	706527	722	2661849508a71780b807454732bf950933e1a4ca2cab1338641a4ea7f91cb71a	L1596861-R001
Deut	15	5	4Q45	1606697	PARTLY_RECONSTRUCTED	24	66	62	47	5	10	50	5	0	1	0	0	0	0	passage_status/DSS-Deuteronomy-Passage-Status.txt	707249	782	dc9564bbfbf9a029e040aa3a5142fb1d85207e7b375809d3eace0cf8d997813c	L1596861-R002,L1596862-R001,L1596863-R001
Deut	15	6	4Q45	1606697	PARTLY_RECONSTRUCTED	26	78	72	53	7	12	55	7	0	1	0	0	0	0	passage_status/DSS-Deuteronomy-Passage-Status.txt	708031	782	3782b498aa8ac99d0236946e6c821b3398abf84503af32cd6ef299345bad8064	L1596863-R002,L1596864-R001,L1596865-R001
Deut	15	8	4Q45	1606697	PARTLY_RECONSTRUCTED	12	44	37	23	2	12	26	2	0	1	0	0	0	0	passage_status/DSS-Deuteronomy-Passage-Status.txt	708813	744	a6a88f9c3348ab8fe077f973f3335c1ed02876df4730f389c81a8a0e7121b8be	L1596866-R001
Deut	15	9	4Q45	1606697	PARTLY_RECONSTRUCTED	39	108	99	61	6	32	66	6	0	1	0	0	0	0	passage_status/DSS-Deuteronomy-Passage-Status.txt	709557	783	c7c4ab4f48a884c75583561c76a778bad437b94bd513faa9482e1798ef8e4330	L1596867-R001,L1596868-R001,L1596869-R001
Deut	15	10	4Q45	1606697	PARTLY_RECONSTRUCTED	18	43	37	27	3	7	30	3	0	1	0	0	0	0	passage_status/DSS-Deuteronomy-Passage-Status.txt	710340	751	78a22b64e999aaa3d2f5bc2997499e0989a2efde716c4d5d4a3fbd4a5628eb64	L1596870-R001
Deut	19	2	4Q45	1606697	PARTLY_RECONSTRUCTED	12	39	32	28	1	3	33	1	0	1	0	0	0	0	passage_status/DSS-Deuteronomy-Passage-Status.txt	711091	737	7a824a97866cd1e56d0184cc53b20b216e19e34d754a1663895a288d1907d5e4	L1596871-R001
Deut	19	3	4Q45	1606697	PARTLY_RECONSTRUCTED	21	66	59	40	7	12	44	7	0	1	0	0	0	0	passage_status/DSS-Deuteronomy-Passage-Status.txt	711828	772	92c50038955d7c52fa60f7cd14c27d32ff09f4c7424fec7d0d64ba0e896e102a	L1596872-R001,L1596873-R001
Deut	22	3	4Q45	1606697	PARTLY_RECONSTRUCTED	7	21	18	14	3	1	15	3	0	1	0	0	0	0	passage_status/DSS-Deuteronomy-Passage-Status.txt	712600	742	336dd18343dfa2c13dd8b5c781883ed7063d8f1b7c412a934ddf4bc86053de58	L1596874-R001
Deut	22	4	4Q45	1606697	PARTLY_RECONSTRUCTED	17	58	52	39	6	7	42	6	0	1	0	0	0	0	passage_status/DSS-Deuteronomy-Passage-Status.txt	713342	787	3affc9776a794d9a0d5749626ff7c8f524abd70411a89759c5759f61b6566b3f	L1596874-R002,L1596875-R001,L1596876-R001
Deut	22	5	4Q45	1606697	PARTLY_RECONSTRUCTED	20	62	59	23	10	26	23	10	0	1	0	0	0	0	passage_status/DSS-Deuteronomy-Passage-Status.txt	714129	762	1edb8502b3af1cd5e8eefc68ca885015417e6ca8755ed53a9b2224d606f3f663	L1596876-R002,L1596877-R001
Deut	22	6	4Q45	1606697	PARTLY_RECONSTRUCTED	38	94	89	50	17	22	52	17	1	2	0	0	0	0	passage_status/DSS-Deuteronomy-Passage-Status.txt	714891	785	5fbbac9c4f783e6a789f35cbdf885731e17e78b6fd5585a2f8438815375c0a55	L1596878-R001,L1596879-R001,L1596880-R001
Deut	23	7	4Q45	1606697	PARTLY_RECONSTRUCTED	13	37	22	16	1	5	28	2	4	6	0	0	0	0	passage_status/DSS-Deuteronomy-Passage-Status.txt	715676	753	3ea0a99af299331ce921e536573b2ed3dcdeffc161dd00c3cd5160bb9f86204b	L1596881-R001,L1596882-R001
Deut	23	12	4Q45	1606697	PARTLY_RECONSTRUCTED	9	20	14	10	0	4	14	1	1	3	0	0	0	0	passage_status/DSS-Deuteronomy-Passage-Status.txt	716429	733	e53233d76f225ec43a1c5a808f1e703f90235db4ca30b7dcb9acc61e4d960519	L1596883-R001
Deut	23	13	4Q45	1606697	PARTLY_RECONSTRUCTED	13	33	29	24	5	0	27	5	0	1	0	0	0	0	passage_status/DSS-Deuteronomy-Passage-Status.txt	717162	767	0355f93306977fe5e0a7db3fad745b835b96de72d410cf09818bf272e3a10732	L1596883-R002,L1596884-R001
Deut	23	14	4Q45	1606697	PARTLY_RECONSTRUCTED	22	63	55	36	8	11	44	8	0	1	0	0	0	0	passage_status/DSS-Deuteronomy-Passage-Status.txt	717929	774	a484e1bba9092180fc2bf41e639be1fc06f96a92633db4964f279d78ee8e91c8	L1596884-R002,L1596885-R001
Deut	23	15	4Q45	1606697	PARTLY_RECONSTRUCTED	28	85	76	64	8	4	69	8	0	1	0	0	0	0	passage_status/DSS-Deuteronomy-Passage-Status.txt	718703	789	24241ef84edd95137854c550a554dfeb7ea6d0f627a92dc68411aab66f2778e4	L1596885-R002,L1596886-R001,L1596887-R001
Deut	28	14	4Q45	1606697	NO_LETTER_SLOTS	4	8	0	0	0	0	3	3	0	4	0	0	0	0	passage_status/DSS-Deuteronomy-Passage-Status.txt	719492	724	cd71534078e960887a7a0934988f53c8f32aeaa89bd78c4f140e3915f24ddfd0	L1596888-R001
Deut	28	15	4Q45	1606697	PARTLY_RECONSTRUCTED	34	102	93	56	12	25	59	12	0	1	0	0	0	0	passage_status/DSS-Deuteronomy-Passage-Status.txt	720216	793	eb5e458135f23637c950c885f839a472cb1c55c2ec2be97cdd7ff7b258214d6f	L1596889-R001,L1596890-R001,L1596891-R001
Deut	28	16	4Q45	1606697	PARTLY_RECONSTRUCTED	10	25	23	13	1	9	15	1	0	1	0	0	0	0	passage_status/DSS-Deuteronomy-Passage-Status.txt	721009	739	2e7a869ad6a8e0e126949144d586688945fb090f3d2daa653cf792d8569e30f9	L1596891-R002
Deut	28	17	4Q45	1606697	PARTLY_RECONSTRUCTED	5	19	15	7	3	5	7	3	0	1	0	0	0	0	passage_status/DSS-Deuteronomy-Passage-Status.txt	721748	758	142d210c760c20f9630786cab63bd71d899344e88a79230c74a4db12a58220c6	L1596891-R003,L1596892-R001
Deut	28	18	4Q45	1606697	PARTLY_RECONSTRUCTED	12	45	39	19	0	20	21	0	0	1	0	0	0	0	passage_status/DSS-Deuteronomy-Passage-Status.txt	722506	751	31b038974beb0b20043858f03f9cf2cc8f3ad2ff3e965e65fb1499dbd4cb6c1f	L1596892-R002,L1596893-R001
Deut	28	20	4Q45	1606697	PARTLY_RECONSTRUCTED	33	97	89	71	5	13	77	5	0	1	0	0	0	0	passage_status/DSS-Deuteronomy-Passage-Status.txt	723257	778	11869674b4bb17e5b9d9a70e1266a1556c73f0e100c4a1d0827e837ab91305a4	L1596893-R002,L1596894-R001,L1596895-R001
Deut	31	29	4Q45	1606697	PARTLY_RECONSTRUCTED	25	80	72	65	3	4	69	5	0	1	0	0	0	0	passage_status/DSS-Deuteronomy-Passage-Status.txt	724035	767	f03492144564036ebfd19fd9dffbe3d5a0474f98f26ab111ee28083a05fdfea2	L1596896-R001,L1596897-R001
Deut	32	6	4Q45	1606697	PARTLY_RECONSTRUCTED	11	35	29	25	2	2	31	2	0	1	0	0	0	0	passage_status/DSS-Deuteronomy-Passage-Status.txt	724802	743	86e6efca14c09fccf1b36f8495805e07ca80ca9e907393229f7ae9c4b1a951d4	L1596898-R001
Deut	32	7	4Q45	1606697	PARTLY_RECONSTRUCTED	17	57	51	41	2	8	46	2	0	1	0	0	0	0	passage_status/DSS-Deuteronomy-Passage-Status.txt	725545	775	eb7e6b091fa2ea80765228e7579a6cc56cd82b44ff77cec3960b680207b1dbbb	L1596898-R002,L1596899-R001,L1596900-R001
Deut	32	8	4Q45	1606697	PARTLY_RECONSTRUCTED	12	41	38	32	0	6	32	0	0	1	0	0	0	0	passage_status/DSS-Deuteronomy-Passage-Status.txt	726320	748	9316a8382cce158148b4bc54a71f218fb69a3a12897575205ae5628db6a0be28	L1596900-R002,L1596901-R001
Deut	32	10	4Q45	1606697	PARTLY_RECONSTRUCTED	12	52	38	29	2	7	38	3	2	4	0	0	0	0	passage_status/DSS-Deuteronomy-Passage-Status.txt	727068	761	bfbf5bdb9d4320b0e46449673e56d16dbe110eb67e058a54e9b42b0a5829b9ff	L1596902-R001,L1596903-R001
Deut	32	11	4Q45	1606697	PARTLY_RECONSTRUCTED	6	16	11	7	0	4	10	0	1	2	0	0	0	0	passage_status/DSS-Deuteronomy-Passage-Status.txt	727829	732	7fddbec57a6d6581e562c80c5cc1f8301466f64a5d0e0b983f6ffed93fafaff6	L1596903-R002
Deut	32	13	4Q45	1606697	PARTLY_RECONSTRUCTED	18	52	49	40	3	6	43	3	0	1	0	0	0	0	passage_status/DSS-Deuteronomy-Passage-Status.txt	728561	761	7641dc4281a6b603d6facd2c38edb38310dbcbe9e5c0299d32e00a9447f99f9e	L1596904-R001,L1596905-R001
Deut	32	14	4Q45	1606697	PARTLY_RECONSTRUCTED	23	67	65	44	7	14	44	7	0	1	0	0	0	0	passage_status/DSS-Deuteronomy-Passage-Status.txt	729322	784	25c1bc9f8064f7e07b6cfd35232f998348d18eec256d2f014113999976a56c84	L1596905-R002,L1596906-R001,L1596907-R001
Deut	32	33	4Q45	1606697	PARTLY_RECONSTRUCTED	8	28	25	19	1	5	21	1	0	1	0	0	0	0	passage_status/DSS-Deuteronomy-Passage-Status.txt	730106	738	3e8672e40aff3d9f9a5b541062a111b22c8ee1ff9ebca2390bf894f33bda22b9	L1596908-R001
Deut	32	34	4Q45	1606697	ALL_LETTER_SLOTS_RECONSTRUCTED	9	27	23	23	0	0	25	0	0	1	0	0	0	0	passage_status/DSS-Deuteronomy-Passage-Status.txt	730844	759	ca90c67f4eb45867b5dff8b4daf4758977351de8e2aeeb7cac912bb75c323ee3	L1596908-R002,L1596909-R001
Deut	32	35	4Q45	1606697	PARTLY_RECONSTRUCTED	10	26	19	17	1	1	20	2	1	2	0	0	0	0	passage_status/DSS-Deuteronomy-Passage-Status.txt	731603	739	21932e3c3d0b114c61fe04d340142f58411199d01c0c2d61027fb515833c6887	L1596909-R002
Deut	33	2	4Q45	1606697	PARTLY_RECONSTRUCTED	8	26	22	17	0	5	21	0	0	1	0	0	0	0	passage_status/DSS-Deuteronomy-Passage-Status.txt	732342	731	53460da5034d4e7682f5a410c69fa344abc1b73f69a4f196b5a50ec2b04afbf4	L1596910-R001
Deut	33	3	4Q45	1606697	PARTLY_RECONSTRUCTED	16	49	42	38	0	4	44	0	0	1	0	0	0	0	passage_status/DSS-Deuteronomy-Passage-Status.txt	733073	748	62d87a2fb99ae30fb8d62ea078b2138c1550d010cc5fd0b5934cdd4173c92b95	L1596910-R002,L1596911-R001
Deut	33	4	4Q45	1606697	ALL_LETTER_SLOTS_RECONSTRUCTED	8	29	26	26	0	0	27	0	0	1	0	0	0	0	passage_status/DSS-Deuteronomy-Passage-Status.txt	733821	741	f90ffc687fb2044fc864b886d01241f1d4f9cad9badd5686ef3fcd487e9b7e78	L1596911-R002
Deut	33	5	4Q45	1606697	PARTLY_RECONSTRUCTED	13	39	37	33	3	1	33	3	0	1	0	0	0	0	passage_status/DSS-Deuteronomy-Passage-Status.txt	734562	743	a26acbb32f716135d2f84290acb937a625d0caec281b6582471ab73cec672d66	L1596912-R001
Deut	33	6	4Q45	1606697	PARTLY_RECONSTRUCTED	10	29	26	20	0	6	23	0	0	1	0	0	0	0	passage_status/DSS-Deuteronomy-Passage-Status.txt	735305	732	e5242d0b5723c66391a32aa859fb3a13420ff09c45c2992a779095a91a51256a	L1596913-R001
Deut	33	7	4Q45	1606697	PARTLY_RECONSTRUCTED	25	74	66	53	0	13	58	0	0	1	0	0	0	0	passage_status/DSS-Deuteronomy-Passage-Status.txt	736037	765	ae83589fd3583aba4296aa4df45fdcca998d83615aedc494b6482ef095155e55	L1596913-R002,L1596914-R001,L1596915-R001
Deut	33	8	4Q45	1606697	PARTLY_RECONSTRUCTED	20	63	54	47	2	5	54	2	1	2	0	0	0	0	passage_status/DSS-Deuteronomy-Passage-Status.txt	736802	759	ac5faccd4c01b451f6b347226ee6b14e1c46ad731eff3cdc488db6785619221e	L1596915-R002,L1596916-R001
Deut	33	29	4Q45	1606697	PARTLY_RECONSTRUCTED	15	55	48	41	0	7	45	0	0	1	0	0	0	0	passage_status/DSS-Deuteronomy-Passage-Status.txt	737561	750	c21922bdf476a7f7b6113bd22ff19ad5e01113861b916a210972ccc502766ce3	L1596917-R001,L1596918-R001
Deut	34	1	4Q45	1606697	PARTLY_RECONSTRUCTED	29	76	73	68	1	4	71	1	0	1	0	0	0	0	passage_status/DSS-Deuteronomy-Passage-Status.txt	738311	769	b1872d8b2ffb30cdfdd5276dad13b8e73d8655951f7d86f582cf2116970e38ce	L1596918-R002,L1596919-R001,L1596920-R001
Deut	34	2	4Q45	1606697	NO_LETTER_RECONSTRUCTION_MARKED	4	8	1	0	1	0	4	2	2	3	0	0	0	0	passage_status/DSS-Deuteronomy-Passage-Status.txt	739080	743	a7ddd205522d26748ac52ab2000689208af0b4ece3aada94e1eff234c55969ea	L1596920-R002
Deut	26	14	4Q46	1606698	PARTLY_RECONSTRUCTED	25	75	68	56	3	9	63	3	0	1	0	0	0	0	passage_status/DSS-Deuteronomy-Passage-Status.txt	739823	761	e8765af100442a8087dd59d0482d5403a8c484cf3debcc5efee346dd4af297cd	L1596963-R001,L1596964-R001
Deut	26	15	4Q46	1606698	PARTLY_RECONSTRUCTED	33	92	85	62	1	22	67	1	0	1	0	0	0	0	passage_status/DSS-Deuteronomy-Passage-Status.txt	740584	772	e38c62d8d5baeaa5ab42897eb12abd63d0d6b18f5947918b54bb5ac5d2b1af9a	L1596964-R002,L1596965-R001,L1596966-R001
Deut	5	1	4Q128	1606786	PARTLY_RECONSTRUCTED	34	101	93	79	2	12	87	2	1	2	0	0	0	0	passage_status/DSS-Deuteronomy-Passage-Status.txt	741356	761	bc7f8efc5d570aa52689ec9872e336ebedcb5999d2148349aafbfa4a4ed51053	L1602195-R001,L1602196-R001
Deut	5	2	4Q128	1606786	ALL_LETTER_SLOTS_RECONSTRUCTED	8	29	25	25	0	0	29	0	0	1	0	0	0	0	passage_status/DSS-Deuteronomy-Passage-Status.txt	742117	741	e108e148b5dd63d1a89c162d5815969fbe2de8b7aa7a1d34a603fa89100a26b1	L1602196-R002
Deut	5	3	4Q128	1606786	PARTLY_RECONSTRUCTED	20	63	58	37	8	13	39	8	0	1	0	0	0	0	passage_status/DSS-Deuteronomy-Passage-Status.txt	742858	756	3810fff225fed39a220afeb6071b58ac6a470069394df65ace958600ef52121f	L1602196-R003
Deut	5	4	4Q128	1606786	ALL_LETTER_SLOTS_RECONSTRUCTED	13	33	30	30	0	0	33	0	0	1	0	0	0	0	passage_status/DSS-Deuteronomy-Passage-Status.txt	743614	742	745d34e61d16c3adbffaaf4ef3175bede8c1a10ae43eae5128fad268224fe55e	L1602197-R001
Deut	5	5	4Q128	1606786	PARTLY_RECONSTRUCTED	30	81	77	62	1	14	66	1	0	1	0	0	0	0	passage_status/DSS-Deuteronomy-Passage-Status.txt	744356	738	de3a86d46f4169001be3d3888fde3644f05652a7ab5ba50d8c9813b7d3052716	L1602197-R002
Deut	5	6	4Q128	1606786	ALL_LETTER_SLOTS_RECONSTRUCTED	12	45	41	41	0	0	45	0	0	1	0	0	0	0	passage_status/DSS-Deuteronomy-Passage-Status.txt	745094	742	c408eaccfa31bd747f6be63b336ed7007ed85c9f97fe35cf5cb93270b22d9112	L1602198-R001
Deut	5	7	4Q128	1606786	ALL_LETTER_SLOTS_RECONSTRUCTED	8	27	23	23	0	0	27	0	0	1	0	0	0	0	passage_status/DSS-Deuteronomy-Passage-Status.txt	745836	741	9876339ba0e95af101a82aa6a294be1b671e9dd48620559f7fa3a918698af524	L1602198-R002
Deut	5	8	4Q128	1606786	PARTLY_RECONSTRUCTED	26	61	58	43	0	15	46	0	0	1	0	0	0	0	passage_status/DSS-Deuteronomy-Passage-Status.txt	746577	749	8ba3b901da9a43fc03df58b0ba2aa36133d8cbca8b78c26eae60947ad6ea6bc5	L1602198-R003,L1602199-R001
Deut	5	9	4Q128	1606786	PARTLY_RECONSTRUCTED	26	83	77	70	4	3	73	4	0	1	0	0	0	0	passage_status/DSS-Deuteronomy-Passage-Status.txt	747326	743	5ebde47142d25c1ddd45d3ca3e608b52ba87d5f221f3e64b61c03a387e459341	L1602199-R002
Deut	5	10	4Q128	1606786	PARTLY_RECONSTRUCTED	12	33	29	19	9	1	23	9	0	1	0	0	0	0	passage_status/DSS-Deuteronomy-Passage-Status.txt	748069	767	e4f6eb1c11a8a257d877f9a920921b5b35dc21711e3c796431da4d297765fc42	L1602199-R003,L1602200-R001
Deut	5	11	4Q128	1606786	ALL_LETTER_SLOTS_RECONSTRUCTED	20	55	51	51	0	0	55	0	0	1	0	0	0	0	passage_status/DSS-Deuteronomy-Passage-Status.txt	748836	744	c0fd78da7efe0dd6b3bb4d811547ebba8535297e7441ebbb31dcc36cdd8d3f25	L1602200-R002
Deut	5	12	4Q128	1606786	PARTLY_RECONSTRUCTED	13	42	37	24	7	6	27	7	0	1	0	0	0	0	passage_status/DSS-Deuteronomy-Passage-Status.txt	749580	745	03fb3ffde902fbe20387e48e54cde357c37b1f38c58f5f3de2ebfdf583f767ca	L1602200-R003
Deut	5	13	4Q128	1606786	ALL_LETTER_SLOTS_RECONSTRUCTED	8	27	24	24	0	0	27	0	0	1	0	0	0	0	passage_status/DSS-Deuteronomy-Passage-Status.txt	750325	759	66b816333c436fd9fb66bd2c478efbe158d751c208ca380fc0ad5c8cdbf95391	L1602200-R004,L1602201-R001
Deut	5	14	4Q128	1606786	PARTLY_RECONSTRUCTED	29	87	77	73	2	2	81	2	0	1	0	0	0	0	passage_status/DSS-Deuteronomy-Passage-Status.txt	751084	745	b92b0af3b62b25f692428de1663171f0e5a4025d4f3b7e39b308c26579ad3311	L1602201-R002
Deut	5	27	4Q128	1606786	PARTLY_RECONSTRUCTED	27	89	81	78	3	0	86	3	1	2	0	0	0	0	passage_status/DSS-Deuteronomy-Passage-Status.txt	751829	755	d828fc546f9ccf13b5bea25f9176aa2bf7e596f63430b029ef7abe58e260921f	L1602202-R001,L1602203-R001
Deut	5	28	4Q128	1606786	PARTLY_RECONSTRUCTED	29	95	88	82	1	5	87	1	0	1	0	0	0	0	passage_status/DSS-Deuteronomy-Passage-Status.txt	752584	739	758b9b121d689c72d4988097201cab14f70d0501d44739dca39a03742963ed4f	L1602203-R002
Deut	5	29	4Q128	1606786	ALL_LETTER_SLOTS_RECONSTRUCTED	28	78	69	69	0	0	78	0	0	1	0	0	0	0	passage_status/DSS-Deuteronomy-Passage-Status.txt	753323	744	0c0e9d66188efa6dd0c5ee4f9da2ce5be2ee7a11cae2851b23f6bfcedd78d838	L1602204-R001
Deut	5	30	4Q128	1606786	PARTLY_RECONSTRUCTED	8	34	28	16	3	9	19	3	0	1	0	0	0	0	passage_status/DSS-Deuteronomy-Passage-Status.txt	754067	750	d2006b99ffe57ef6e62fb038e35b7e1ac177b511ea55d7a64bbd5fb8b3dc8805	L1602204-R002
Deut	5	31	4Q128	1606786	PARTLY_RECONSTRUCTED	31	88	81	73	1	7	77	1	0	1	0	0	0	0	passage_status/DSS-Deuteronomy-Passage-Status.txt	754817	739	ddd3bcdcd747aef277afe72b4ce549e98d761e0044410837079143f74ec72a74	L1602205-R001
Deut	5	32	4Q128	1606786	PARTLY_RECONSTRUCTED	16	52	48	44	2	2	48	2	0	1	0	0	0	0	passage_status/DSS-Deuteronomy-Passage-Status.txt	755556	755	70ef2f7e5c098833151e6b8dfdab9019e26f8a0e6d74b5df291ed5d68edaa136	L1602205-R002,L1602206-R001
Deut	6	2	4Q128	1606786	PARTLY_RECONSTRUCTED	29	102	91	81	7	3	92	7	0	1	0	0	0	0	passage_status/DSS-Deuteronomy-Passage-Status.txt	756311	766	cc1c2d96d3d3e143dace95a2c0e58fc94092f55da0df6059692481aae2d48260	L1602206-R002,L1602207-R001
Deut	6	3	4Q128	1606786	PARTLY_RECONSTRUCTED	27	86	79	66	8	5	70	8	0	1	0	0	0	0	passage_status/DSS-Deuteronomy-Passage-Status.txt	757077	771	b715f55c2d466f9374833bdf5222e3ac86e12f01f0f3d1a4cad139795d487fa2	L1602207-R002,L1602208-R001
Deut	10	12	4Q128	1606786	PARTLY_RECONSTRUCTED	39	113	101	81	6	14	91	6	0	1	0	0	0	0	passage_status/DSS-Deuteronomy-Passage-Status.txt	757848	772	37361fbc125316baf9d7ec2e1bf593d548a6e048e8765116d3ffef0360d47f3f	L1602208-R002,L1602209-R001
Deut	10	13	4Q128	1606786	PARTLY_RECONSTRUCTED	19	65	58	29	9	20	30	9	0	1	0	0	0	0	passage_status/DSS-Deuteronomy-Passage-Status.txt	758620	754	12cd2d8d69a2cafdd5daad01c17c03df0d86e770bb217a745fb8c5f45c4b81f5	L1602209-R002
Deut	10	14	4Q128	1606786	PARTLY_RECONSTRUCTED	17	43	39	38	1	0	42	1	0	1	0	0	0	0	passage_status/DSS-Deuteronomy-Passage-Status.txt	759374	757	ff6527bc4fc7805f6e28e010e3bc0459468cd7e1e2a9f39b7079c4cf3b04f2f5	L1602209-R003,L1602210-R001
Deut	10	15	4Q128	1606786	PARTLY_RECONSTRUCTED	23	71	63	30	5	28	33	5	0	1	0	0	0	0	passage_status/DSS-Deuteronomy-Passage-Status.txt	760131	754	ac35e13551134cdaffaa3fd166c43fa4776d2b86e6764b90fc42b4d987ce787a	L1602210-R002
Deut	10	16	4Q128	1606786	ALL_LETTER_SLOTS_RECONSTRUCTED	11	35	31	31	0	0	35	0	0	1	0	0	0	0	passage_status/DSS-Deuteronomy-Passage-Status.txt	760885	746	3739501a5a57837e97f612cc296c70cb531759b5acbbd8aa89a1076d9bfbaf4c	L1602211-R001
Deut	10	17	4Q128	1606786	PARTLY_RECONSTRUCTED	29	84	81	47	8	26	47	8	0	1	0	0	0	0	passage_status/DSS-Deuteronomy-Passage-Status.txt	761631	754	45182543fee73668d45894bd7d6144c728abe3d409f3e28737f4f1b6640c5c5b	L1602211-R002
Deut	10	18	4Q128	1606786	PARTLY_RECONSTRUCTED	12	36	34	12	5	17	12	5	0	1	0	0	0	0	passage_status/DSS-Deuteronomy-Passage-Status.txt	762385	748	e1e6d4d9fb0f67b520397236b40a31f179e1bfb012270bd70d55840f160a640d	L1602212-R001
Deut	10	19	4Q128	1606786	PARTLY_RECONSTRUCTED	12	35	33	19	1	13	19	1	0	1	0	0	0	0	passage_status/DSS-Deuteronomy-Passage-Status.txt	763133	742	e0697b03104b39a6c93323416f239ad4f16e579d5a5da35400c852390849438e	L1602212-R002
Deut	10	20	4Q128	1606786	PARTLY_RECONSTRUCTED	14	44	38	37	1	0	41	1	0	1	0	0	0	0	passage_status/DSS-Deuteronomy-Passage-Status.txt	763875	741	4c4d1af451346efad12576667ad59f97b6820c0398d5dc7fb00a1c5df1a0c08b	L1602213-R001
Deut	10	21	4Q128	1606786	PARTLY_RECONSTRUCTED	22	72	66	36	9	21	40	9	0	1	0	0	0	0	passage_status/DSS-Deuteronomy-Passage-Status.txt	764616	770	7eddcf577365560754fabc60ea5a2ee1097e593cceac9865fa515283ae34e87d	L1602213-R002,L1602214-R001
Deut	10	22	4Q128	1606786	PARTLY_RECONSTRUCTED	35	125	116	62	10	31	67	10	0	1	0	0	61	0	passage_status/DSS-Deuteronomy-Passage-Status.txt	765386	787	d3800d8f1eb0faaf119e4102373b45a66fd6a051d00aefd81ed7439847abb479	L1602214-R002,L1602215-R001
Deut	11	1	4Q128	1606786	PARTLY_RECONSTRUCTED	18	64	57	41	1	15	47	1	0	1	0	0	0	0	passage_status/DSS-Deuteronomy-Passage-Status.txt	766173	756	c060257c607bc9f4e3a5fd50ea07b4d64c05c26a395381cb3026f12bf313862f	L1602215-R002,L1602216-R001
Deut	11	2	4Q128	1606786	PARTLY_RECONSTRUCTED	31	98	91	46	20	25	52	20	0	1	0	0	0	0	passage_status/DSS-Deuteronomy-Passage-Status.txt	766929	777	686910d36ef81f27a86a1ed877fd2391fa7c8fb288492ef5f665774e8706f804	L1602216-R002,L1602217-R001
Deut	11	3	4Q128	1606786	PARTLY_RECONSTRUCTED	20	57	52	35	6	11	38	6	0	1	0	0	0	0	passage_status/DSS-Deuteronomy-Passage-Status.txt	767706	768	5722da854472c1d1387eb1d2739b9255fc450dab3132587b37e24852e5b27884	L1602217-R002,L1602218-R001
Deut	11	4	4Q128	1606786	PARTLY_RECONSTRUCTED	34	96	87	58	10	19	65	10	0	1	0	0	0	0	passage_status/DSS-Deuteronomy-Passage-Status.txt	768474	776	7eb19bcd2d8c656efd66c4688d8f92b7679f7ac0098e7075b4d8165be8b0e5a4	L1602218-R002,L1602219-R001
Deut	11	5	4Q128	1606786	PARTLY_RECONSTRUCTED	14	37	33	19	4	10	20	4	0	1	0	0	0	0	passage_status/DSS-Deuteronomy-Passage-Status.txt	769250	746	c3a2a9946026934aeaef3e8452a797668dba1e15b7d0621ff508c54bd1927557	L1602219-R002
Deut	11	6	4Q128	1606786	PARTLY_RECONSTRUCTED	47	128	121	95	13	13	102	13	0	1	0	0	0	0	passage_status/DSS-Deuteronomy-Passage-Status.txt	769996	773	4c17a5d29d61f8fde032c8ee0000162e78e67517ce559ce37191e41406c9c1fb	L1602219-R003,L1602220-R001
Deut	11	7	4Q128	1606786	PARTLY_RECONSTRUCTED	14	43	39	33	1	5	34	1	0	1	0	0	0	0	passage_status/DSS-Deuteronomy-Passage-Status.txt	770769	755	edb32882b875434c7be90a2844d2951d0c058233e756730922cf440c28632ba1	L1602220-R002,L1602221-R001
Deut	11	8	4Q128	1606786	PARTLY_RECONSTRUCTED	30	89	84	63	7	14	68	7	0	1	0	0	0	0	passage_status/DSS-Deuteronomy-Passage-Status.txt	771524	768	b4052ce2ee68795ff81b3ff28cb0859d3291a20aa4e37bdf131ec29babe0fc4b	L1602221-R002,L1602222-R001
Deut	11	9	4Q128	1606786	PARTLY_RECONSTRUCTED	24	71	65	59	4	2	63	4	0	1	0	0	0	0	passage_status/DSS-Deuteronomy-Passage-Status.txt	772292	761	5d4f3f154f0fcef30ad86c338bed0901659d7a1101326551dabe2c3a83e84982	L1602222-R002,L1602223-R001
Deut	11	10	4Q128	1606786	PARTLY_RECONSTRUCTED	31	91	84	54	14	16	58	14	0	1	0	0	0	0	passage_status/DSS-Deuteronomy-Passage-Status.txt	773053	773	d4c20b2aa658160d323fd961d436834d822ee236acaf9eecdcf6ce30ae645de3	L1602223-R002,L1602224-R001
Deut	11	11	4Q128	1606786	PARTLY_RECONSTRUCTED	20	57	53	37	8	8	41	8	0	1	0	0	0	0	passage_status/DSS-Deuteronomy-Passage-Status.txt	773826	753	bef114fb90c5c28e99f081591a2cfe7b18a08cb200e97b95458b8bc45c9a9d31	L1602224-R002
Deut	11	12	4Q128	1606786	PARTLY_RECONSTRUCTED	22	75	68	38	15	15	42	16	0	1	0	0	0	0	passage_status/DSS-Deuteronomy-Passage-Status.txt	774579	772	5b41dd7a1925b133493b19746e11a09de17418044bb4a85030c3b5594255b934	L1602224-R003,L1602225-R001
Deut	11	13	4Q128	1606786	PARTLY_RECONSTRUCTED	29	93	84	57	3	24	64	3	0	1	0	0	0	0	passage_status/DSS-Deuteronomy-Passage-Status.txt	775351	758	7fc7af4b40fa3cc45a69d57c5c14b32dd18b9430c54eafec1132faf4e77911ae	L1602225-R002,L1602226-R001
Deut	11	14	4Q128	1606786	PARTLY_RECONSTRUCTED	17	60	53	32	5	16	37	5	0	1	0	0	0	0	passage_status/DSS-Deuteronomy-Passage-Status.txt	776109	770	fb7d62324358da9548a266cd026f5c971a125692add7ef3e4025bd2a2aa0e7cf	L1602226-R002,L1602227-R001
Deut	11	15	4Q128	1606786	PARTLY_RECONSTRUCTED	12	32	28	18	3	7	22	3	0	1	0	0	0	0	passage_status/DSS-Deuteronomy-Passage-Status.txt	776879	753	b87eac59cded45d801ed84386e23316d3e50e83ce3991b10b863dbf35f54f032	L1602227-R002
Deut	11	16	4Q128	1606786	PARTLY_RECONSTRUCTED	15	62	57	25	7	25	25	7	0	1	0	5	0	0	passage_status/DSS-Deuteronomy-Passage-Status.txt	777632	769	f2380a74f764bf8a07b57670d46d2a1c75c291f2c823933d07871fa1faa10910	L1602227-R003,L1602228-R001
Deut	11	17	4Q128	1606786	PARTLY_RECONSTRUCTED	35	92	87	58	11	18	63	11	0	1	0	0	0	0	passage_status/DSS-Deuteronomy-Passage-Status.txt	778401	772	d3f5613fd10ce73fd4509125b27fc7ebbc8098e278d90c1ca7c6b96955bc9718	L1602228-R002,L1602229-R001
Deut	11	18	4Q128	1606786	PARTLY_RECONSTRUCTED	24	83	75	54	2	17	58	2	0	1	0	2	0	0	passage_status/DSS-Deuteronomy-Passage-Status.txt	779173	763	dba220a0275365a257afe58f12dd0da0699757b2c719a803739a3eb727581c50	L1602229-R002,L1602230-R001
Deut	11	19	4Q128	1606786	PARTLY_RECONSTRUCTED	24	68	58	39	4	15	43	4	0	1	0	0	0	0	passage_status/DSS-Deuteronomy-Passage-Status.txt	779936	754	5c8c9d20a6bf8d16210fb06526a1b3e9ace365f93454fd3648a0fac0d4b9ce3d	L1602231-R001
Deut	11	20	4Q128	1606786	PARTLY_RECONSTRUCTED	9	32	27	18	0	9	20	0	0	1	0	0	0	0	passage_status/DSS-Deuteronomy-Passage-Status.txt	780690	735	28523b8e6aa21c41c042f9166b554d911fae0039788484701c605c547bc1b62a	L1602232-R001
Deut	11	21	4Q128	1606786	PARTLY_RECONSTRUCTED	27	84	77	42	3	32	49	3	0	1	0	0	0	0	passage_status/DSS-Deuteronomy-Passage-Status.txt	781425	758	ead55aef37901943e9b3d8cf525657904b90058ef526287f0851662ba3c76c3b	L1602232-R002,L1602233-R001
Deut	5	1	4Q129	1606787	PARTLY_RECONSTRUCTED	17	58	51	10	3	21	12	3	1	2	0	21	0	0	passage_status/DSS-Deuteronomy-Passage-Status.txt	782183	751	26ada885c779ceb91e683d9c23f8fc4f5ccded6afb673ccf7d62670acc491cde	L1602248-R001
Deut	5	2	4Q129	1606787	PARTLY_RECONSTRUCTED	8	30	26	10	4	12	12	4	0	1	0	0	0	0	passage_status/DSS-Deuteronomy-Passage-Status.txt	782934	759	5eb3a05288bc854ac9fa4a87b6a4d2e7ffca238d40801b978b880e69886d4dfb	L1602248-R002,L1602249-R001
Deut	5	3	4Q129	1606787	ALL_LETTER_SLOTS_RECONSTRUCTED	20	61	56	56	0	0	61	0	0	1	0	0	0	0	passage_status/DSS-Deuteronomy-Passage-Status.txt	783693	742	8efbf8c4062b0216194f1b90fb2d222d2bfce4727a03cb1a154fabc80a5c1fee	L1602249-R002
Deut	5	4	4Q129	1606787	PARTLY_RECONSTRUCTED	13	34	31	6	4	21	6	4	0	1	0	0	0	0	passage_status/DSS-Deuteronomy-Passage-Status.txt	784435	748	5882efd4c8f1624419f07ab5eabbb909fa70a9fb218c3bf95da204004ac94220	L1602249-R003
Deut	5	5	4Q129	1606787	PARTLY_RECONSTRUCTED	31	82	78	53	3	21	56	3	0	1	0	1	0	0	passage_status/DSS-Deuteronomy-Passage-Status.txt	785183	765	4ebccfbdde7d613201a6608d18cd16dec5b9134b0547140dffa3d18c1e7d43b1	L1602249-R004,L1602250-R001
Deut	5	6	4Q129	1606787	PARTLY_RECONSTRUCTED	12	49	45	10	2	33	10	2	0	1	0	0	0	0	passage_status/DSS-Deuteronomy-Passage-Status.txt	785948	744	e210d4e1ee59bcda65e6c38f2b29c9e99261dbd7182f624a2a63c8cb372cbc9f	L1602250-R002
Deut	5	7	4Q129	1606787	PARTLY_RECONSTRUCTED	8	28	24	21	0	3	25	0	0	1	0	0	0	0	passage_status/DSS-Deuteronomy-Passage-Status.txt	786692	747	4504520dedbe6ca32f444e42b4570954155e6a130335ccc3fbbf2e906f9357dc	L1602250-R003,L1602251-R001
Deut	5	8	4Q129	1606787	PARTLY_RECONSTRUCTED	26	61	58	45	1	12	46	1	0	1	0	0	0	0	passage_status/DSS-Deuteronomy-Passage-Status.txt	787439	738	dec3895bf003937298f0537f7ae6198e3a54397a8be1728cb410c6f383300641	L1602251-R002
Deut	5	9	4Q129	1606787	PARTLY_RECONSTRUCTED	26	88	82	54	10	18	58	10	0	1	0	0	0	0	passage_status/DSS-Deuteronomy-Passage-Status.txt	788177	774	c131d30c4f9d594965b9a65ca6a224f7cc60e1fc1d1401c37602c355b2f39bbf	L1602251-R003,L1602252-R001
Deut	5	10	4Q129	1606787	PARTLY_RECONSTRUCTED	12	35	31	21	3	7	22	3	0	1	0	0	0	0	passage_status/DSS-Deuteronomy-Passage-Status.txt	788951	751	132ff57ab709c3d85ab964d6610289ec2c537058b5a3555627c6e364cd61efcb	L1602252-R002
Deut	5	11	4Q129	1606787	PARTLY_RECONSTRUCTED	20	59	55	21	1	33	24	1	0	1	0	0	0	0	passage_status/DSS-Deuteronomy-Passage-Status.txt	789702	756	cc3e5cb2fdee85b62ab4557ab9a2adbe54ddf6f976db1691a04cc6c4d93546de	L1602252-R003,L1602253-R001
Deut	5	12	4Q129	1606787	ALL_LETTER_SLOTS_RECONSTRUCTED	13	39	34	34	0	0	39	0	0	1	0	0	0	0	passage_status/DSS-Deuteronomy-Passage-Status.txt	790458	744	61d3a85cc746392e6d94daec2b557ae6bfdf63cf7cba8299b19d256ac7be8ff2	L1602253-R002
Deut	5	13	4Q129	1606787	PARTLY_RECONSTRUCTED	9	33	30	13	4	13	13	4	0	1	0	0	0	0	passage_status/DSS-Deuteronomy-Passage-Status.txt	791202	745	d39309c7c4c75cef32efdcf621b278c0f7f3a2d7e5ff0af257a9558f27752596	L1602253-R003
Deut	5	14	4Q129	1606787	PARTLY_RECONSTRUCTED	41	130	115	63	9	42	74	9	0	1	0	1	0	0	passage_status/DSS-Deuteronomy-Passage-Status.txt	791947	781	890d7df8a8c758dc5353bac0fd6449bca6a69f1fe61121ebb32c9f49754941c9	L1602253-R004,L1602254-R001
Deut	5	15	4Q129	1606787	PARTLY_RECONSTRUCTED	35	102	95	69	5	21	72	5	0	1	0	0	0	0	passage_status/DSS-Deuteronomy-Passage-Status.txt	792728	775	902a6c023312b4e19bee1f847c45d338b487f2e7641daa4223470b5c0288daac	L1602254-R002,L1602255-R001
Deut	5	16	4Q129	1606787	PARTLY_RECONSTRUCTED	27	93	82	65	1	16	74	1	0	1	0	0	0	0	passage_status/DSS-Deuteronomy-Passage-Status.txt	793503	756	541348e253851434e93fcb20aeabc39cdc77bc99991436f7059aff8c4dede9f3	L1602255-R002,L1602256-R001
Deut	5	17	4Q129	1606787	PARTLY_RECONSTRUCTED	3	8	6	5	1	0	5	1	0	1	0	0	0	0	passage_status/DSS-Deuteronomy-Passage-Status.txt	794259	734	5bc7aba984420916385f635ab5a68d1516497981432b8a5eb755dd879fcacab8	L1602256-R002
Deut	5	18	4Q129	1606787	NO_LETTER_RECONSTRUCTION_MARKED	4	10	8	0	0	8	0	0	0	1	0	0	0	0	passage_status/DSS-Deuteronomy-Passage-Status.txt	794993	741	28233d2359d6d1b005b8cdaa36342b5b4edd03e30b9f7606874a4eb20b3d0732	L1602256-R003
Deut	5	19	4Q129	1606787	NO_LETTER_RECONSTRUCTION_MARKED	4	11	9	0	2	7	0	2	0	1	0	0	0	0	passage_status/DSS-Deuteronomy-Passage-Status.txt	795734	746	620c585246bcee3743b43cee22c1e3b8298136f98c8d0b5afffed1319fe2f5d7	L1602256-R004
Deut	5	20	4Q129	1606787	NO_LETTER_RECONSTRUCTION_MARKED	8	21	18	0	5	13	0	5	0	1	0	0	0	0	passage_status/DSS-Deuteronomy-Passage-Status.txt	796480	754	afad1bc659baa6980c061365100df6b751120a1a67a95cecd5f095bdc7170e76	L1602256-R005
Deut	5	21	4Q129	1606787	PARTLY_RECONSTRUCTED	24	72	62	53	2	7	63	2	0	1	0	0	0	0	passage_status/DSS-Deuteronomy-Passage-Status.txt	797234	761	eb6485dcd572072eb26147b30fc1c44012c44ea6026621a987450f864a9d322c	L1602256-R006,L1602257-R001
Deut	5	22	4Q129	1606787	PARTLY_RECONSTRUCTED	36	98	92	47	10	35	52	10	0	1	0	0	0	0	passage_status/DSS-Deuteronomy-Passage-Status.txt	797995	776	22653569db071b4cf9ae289091b14f516b17f7cb89d8196a366761c75979046a	L1602257-R002,L1602258-R001
Deut	5	23	4Q129	1606787	PARTLY_RECONSTRUCTED	26	78	67	28	3	36	29	3	0	1	0	0	0	4	passage_status/DSS-Deuteronomy-Passage-Status.txt	798771	752	c887253d280d9c0b10cc019fcd587615fd36a7fba4cd7be7c0225aaa7d378625	L1602258-R002
Deut	5	24	4Q129	1606787	PARTLY_RECONSTRUCTED	46	137	122	69	8	16	75	8	1	3	0	0	45	0	passage_status/DSS-Deuteronomy-Passage-Status.txt	799523	799	0d7a172a99f5979d17c4ce91e830c3d751d3225d2401994956147d5fc4f7b4f0	L1602258-R003,L1602259-R001,L1602260-R001
Deut	5	25	4Q129	1606787	PARTLY_RECONSTRUCTED	27	82	78	38	6	32	41	6	0	1	0	0	3	0	passage_status/DSS-Deuteronomy-Passage-Status.txt	800322	773	eb5f6523205aeda35e789d13f29758b6f274488f3b77058b3edbcd41aeb3f045	L1602260-R002,L1602261-R001
Deut	5	26	4Q129	1606787	PARTLY_RECONSTRUCTED	18	50	47	27	2	18	27	2	0	1	0	0	0	0	passage_status/DSS-Deuteronomy-Passage-Status.txt	801095	746	d49e776c1860ff1a7290d1b7cca126e63f278767ec293e8c36efbe6605a57485	L1602261-R002
Deut	5	27	4Q129	1606787	PARTLY_RECONSTRUCTED	26	88	82	60	4	17	66	4	0	1	0	1	0	0	passage_status/DSS-Deuteronomy-Passage-Status.txt	801841	767	282e5878cfdb04c34247958961c60e4c8aab27968d0ae9d69e5d1cd8813e084c	L1602261-R003,L1602262-R001
Deut	5	28	4Q129	1606787	PARTLY_RECONSTRUCTED	29	96	89	49	4	36	52	4	0	1	0	0	0	0	passage_status/DSS-Deuteronomy-Passage-Status.txt	802608	768	35ac581a6259589ad9c31d547cbdc7bde562f45f57b7e75096ff20959605f0b7	L1602262-R002,L1602263-R001
Deut	5	29	4Q129	1606787	PARTLY_RECONSTRUCTED	28	84	75	36	4	34	42	4	0	1	0	1	0	0	passage_status/DSS-Deuteronomy-Passage-Status.txt	803376	767	5c257e0593cf6cc56e6613531908e9f1ece4618e1c752e0f9bfe294a76b7043e	L1602263-R002,L1602264-R001
Deut	5	30	4Q129	1606787	ALL_LETTER_SLOTS_RECONSTRUCTED	8	27	22	22	0	0	27	0	0	1	0	0	0	0	passage_status/DSS-Deuteronomy-Passage-Status.txt	804143	743	45e7b775d3f201bac4d2a32ee4db3180eae28ca25ebc8a4572f179fdff7ea3ee	L1602264-R002
Deut	5	31	4Q129	1606787	PARTLY_RECONSTRUCTED	30	90	83	48	6	28	54	6	0	1	0	1	0	0	passage_status/DSS-Deuteronomy-Passage-Status.txt	804886	773	66f515f60b94165c47200219b8d6d2060956232ab201b91077c702a271ea6909	L1602264-R003,L1602265-R001
Deut	5	32	4Q129	1606787	ALL_LETTER_SLOTS_RECONSTRUCTED	11	36	32	32	0	0	36	0	0	1	0	0	0	0	passage_status/DSS-Deuteronomy-Passage-Status.txt	805659	744	b07492c322a800e09e673597747d3ff313aafe17fe137ac45d970e09d2fe9253	L1602265-R002
Deut	6	1	4Q129	1606787	PARTLY_RECONSTRUCTED	11	32	28	5	2	21	5	2	0	1	0	0	0	0	passage_status/DSS-Deuteronomy-Passage-Status.txt	806403	736	e1213c571e37e86706d55a3782b6552f21faf9f1fff68fc2acc1890c04daa9a5	L1602265-R003
Deut	6	2	4Q129	1606787	PARTLY_RECONSTRUCTED	30	100	89	71	4	14	78	4	0	1	0	0	0	0	passage_status/DSS-Deuteronomy-Passage-Status.txt	807139	767	e95daa7b053d5c9963d0314473f0f7bbcfb96b82cf70e6f802309b297a814b56	L1602265-R004,L1602266-R001
Deut	6	3	4Q129	1606787	PARTLY_RECONSTRUCTED	27	84	78	61	6	8	67	6	0	1	0	3	0	0	passage_status/DSS-Deuteronomy-Passage-Status.txt	807906	770	f6b89a6addbf9283a7429f47c8f337005c0fbf57f4e4814baf2c8adddc668173	L1602266-R002,L1602267-R001
Deut	6	4	4Q129	1606787	ALL_LETTER_SLOTS_RECONSTRUCTED	7	28	25	25	0	0	28	0	0	1	0	0	0	0	passage_status/DSS-Deuteronomy-Passage-Status.txt	808676	741	42a738b7a891e4ea9531a3d0c942ef4ecb6553fd02daa81c15440ced4fd801c4	L1602267-R002
Deut	6	5	4Q129	1606787	PARTLY_RECONSTRUCTED	17	51	45	35	9	1	38	9	0	1	0	0	0	0	passage_status/DSS-Deuteronomy-Passage-Status.txt	809417	749	c4ff0948e870a3f40ec2f5b7eb86ca12bbdec6e06231a3fabb03b33c8d948878	L1602267-R003
Deut	6	6	4Q129	1606787	NO_LETTER_SLOTS	3	7	0	0	0	0	3	2	1	3	0	0	0	0	passage_status/DSS-Deuteronomy-Passage-Status.txt	810166	722	e3fa3d4173ab56e78b1687779962e90150fdb5980c6f6a4771e0253ee05ad44f	L1602268-R001
Deut	6	4	4Q130	1606788	PARTLY_RECONSTRUCTED	7	28	25	5	3	17	5	3	0	1	0	0	0	0	passage_status/DSS-Deuteronomy-Passage-Status.txt	810888	741	2131d7215f79de77cab5fbb5200704ad3dcbe08cf535f82101b61c6bcc09c045	L1602292-R002
Deut	6	5	4Q130	1606788	PARTLY_RECONSTRUCTED	17	48	42	3	1	38	3	1	0	1	0	0	0	0	passage_status/DSS-Deuteronomy-Passage-Status.txt	811629	752	b14e096f4ee498642aa926661a1c90067e9950c9f230fd7d15ceb73ead495064	L1602292-R003,L1602293-R001
Deut	6	6	4Q130	1606788	PARTLY_RECONSTRUCTED	14	39	35	1	6	28	1	6	0	1	0	0	0	0	passage_status/DSS-Deuteronomy-Passage-Status.txt	812381	764	e6a811e7930d15c885badffd5ca1d8594c077f352bcf0b2e815cd06f3a9379ed	L1602293-R002,L1602294-R001
Deut	6	7	4Q130	1606788	PARTLY_RECONSTRUCTED	23	59	50	15	0	34	17	0	0	1	0	0	1	0	passage_status/DSS-Deuteronomy-Passage-Status.txt	813145	754	6d649f01faf073646f37681205674590038e40fb0f8037af366a5285dea59511	L1602294-R002,L1602295-R001
Deut	6	8	4Q130	1606788	PARTLY_RECONSTRUCTED	13	38	33	10	2	21	11	2	0	1	0	0	0	0	passage_status/DSS-Deuteronomy-Passage-Status.txt	813899	738	f2d4aa9528cfb26d1374ca8b7c3bdabef0125d7be38f84b043d14d4868cb8a90	L1602295-R002
Deut	6	9	4Q130	1606788	PARTLY_RECONSTRUCTED	9	29	24	3	1	20	3	1	0	1	0	0	0	0	passage_status/DSS-Deuteronomy-Passage-Status.txt	814637	751	fdadfec1ab121411d3a8c5f5d6774435dca48378f800295bebf216ef1432fe26	L1602295-R003,L1602296-R001
Deut	11	13	4Q130	1606788	PARTLY_RECONSTRUCTED	29	92	83	10	10	63	12	10	0	1	0	0	0	0	passage_status/DSS-Deuteronomy-Passage-Status.txt	815388	772	13b41b42005432f1a8c49d790bb383c49bfa39bd1396b940e2ae2afdd70771cb	L1602296-R002,L1602297-R001
Deut	11	14	4Q130	1606788	PARTLY_RECONSTRUCTED	18	56	49	3	5	41	4	5	0	1	0	0	0	0	passage_status/DSS-Deuteronomy-Passage-Status.txt	816160	752	faf294a24431729addffeaad9f1cbc21cf3c93d2f8df1b5f2187fd7fc7ce329d	L1602298-R001
Deut	11	15	4Q130	1606788	PARTLY_RECONSTRUCTED	12	32	28	4	5	20	4	5	0	1	0	0	0	0	passage_status/DSS-Deuteronomy-Passage-Status.txt	816912	768	f7037f34764b01eeb10414730a6d0ce0f88a7be85f6be3c3b10df7a79234d12b	L1602298-R002,L1602299-R001
Deut	11	16	4Q130	1606788	PARTLY_RECONSTRUCTED	15	57	52	7	5	40	7	5	0	1	0	0	0	0	passage_status/DSS-Deuteronomy-Passage-Status.txt	817680	762	64379198f73a55929aee8615c612c6a524db76c12122a5abfee6a9ceef0b1fda	L1602299-R002,L1602300-R001
Deut	11	17	4Q130	1606788	PARTLY_RECONSTRUCTED	35	92	87	7	2	78	10	2	0	1	0	0	0	0	passage_status/DSS-Deuteronomy-Passage-Status.txt	818442	779	0b7266b0899ec9bb81cf3d6c15148daf91a96ade3361aea9881cfe080f0ed48f	L1602300-R002,L1602301-R001,L1602302-R001
Deut	11	18	4Q130	1606788	PARTLY_RECONSTRUCTED	24	75	67	19	5	43	21	5	0	1	0	0	0	0	passage_status/DSS-Deuteronomy-Passage-Status.txt	819221	770	93012adb8b9dd8a27d2f932611ae6b63731ac922462d927dfe1ebb9480b472c7	L1602302-R002,L1602303-R001
Deut	11	19	4Q130	1606788	PARTLY_RECONSTRUCTED	24	61	52	11	2	39	12	2	0	1	0	0	0	0	passage_status/DSS-Deuteronomy-Passage-Status.txt	819991	764	1a22fa171f3546d4982ef1cd430cec6baecca282e7a3f050c457b17120710403	L1602303-R002,L1602304-R001
Deut	11	20	4Q130	1606788	PARTLY_RECONSTRUCTED	9	29	24	3	0	21	6	0	0	1	0	0	0	0	passage_status/DSS-Deuteronomy-Passage-Status.txt	820755	750	c291ce1ea96cb2ef2380688840573e28834f312beb4abe6bfb091f65c6e4569d	L1602304-R002,L1602305-R001
Deut	11	21	4Q130	1606788	PARTLY_RECONSTRUCTED	25	73	67	29	4	34	30	4	0	1	0	0	0	0	passage_status/DSS-Deuteronomy-Passage-Status.txt	821505	770	5759385a396f270945d03c9ddcbc9c190cd98ae45bab6265072a39cbcbedfe53	L1602305-R002,L1602306-R001
Deut	11	13	4Q131	1606789	PARTLY_RECONSTRUCTED	20	65	57	33	10	14	38	10	0	1	0	0	0	0	passage_status/DSS-Deuteronomy-Passage-Status.txt	822275	788	2ce4ab28510bd3defd62360d1c44c2dc1118b230ab65d942a503fe2e67c794ee	L1602307-R001,L1602308-R001,L1602309-R001
Deut	11	14	4Q131	1606789	PARTLY_RECONSTRUCTED	12	35	23	19	3	1	26	6	2	4	0	0	0	0	passage_status/DSS-Deuteronomy-Passage-Status.txt	823063	763	e5b990d8ec7f8afcdd5ae27a4667959c6945efb8452ff4db8fd4e8294935b865	L1602310-R001,L1602311-R001
Deut	11	16	4Q131	1606789	PARTLY_RECONSTRUCTED	11	42	38	31	3	4	33	3	0	1	0	0	0	0	passage_status/DSS-Deuteronomy-Passage-Status.txt	823826	763	55a04f4fb82f6d5fbfc001f93b6b90a27dbba53876a944e691c7a451e3a708bb	L1602312-R001,L1602313-R001
Deut	11	17	4Q131	1606789	PARTLY_RECONSTRUCTED	15	37	34	25	2	7	26	2	0	1	0	0	0	0	passage_status/DSS-Deuteronomy-Passage-Status.txt	824589	757	a3bf69c4c573ff59ebee90ec35edb1391f392157ed04e028dd1847ea51604530	L1602313-R002,L1602314-R001
Deut	11	19	4Q131	1606789	PARTLY_RECONSTRUCTED	19	52	42	33	3	6	40	3	1	2	0	0	0	0	passage_status/DSS-Deuteronomy-Passage-Status.txt	825346	757	b6190f49fbf9d88137eb314f34809e2cbc23ba8b847d20a64adc17809e2832f5	L1602315-R001,L1602316-R001
Deut	11	21	4Q131	1606789	PARTLY_RECONSTRUCTED	11	24	21	13	0	8	14	0	0	1	0	0	0	0	passage_status/DSS-Deuteronomy-Passage-Status.txt	826103	736	6bc80a2d40ebe8fb64cbaaa42fb0f514daaf4954087df11f6b810a18499d00aa	L1602317-R001
Deut	5	1	4Q134	1606792	PARTLY_RECONSTRUCTED	71	207	192	18	27	146	21	28	1	2	0	1	0	0	passage_status/DSS-Deuteronomy-Passage-Status.txt	826839	880	185d413e9d1684e73a70509a420bb8754393dcf760469492412f6b44e6a5e9c4	L1602337-R001,L1602338-R001,L1602339-R001,L1602340-R001,L1602341-R001,L1602342-R001,L1602343-R001,L1602344-R001
Deut	5	2	4Q134	1606792	PARTLY_RECONSTRUCTED	4	12	9	2	2	5	3	2	0	1	0	0	0	0	passage_status/DSS-Deuteronomy-Passage-Status.txt	827719	739	0665d84f7532b38e2f9ea0076b5cfd39a501808af9b8fdc5e45b76b4496e6d3a	L1602344-R002
Deut	5	3	4Q134	1606792	PARTLY_RECONSTRUCTED	21	65	58	9	3	46	9	4	0	2	0	0	0	0	passage_status/DSS-Deuteronomy-Passage-Status.txt	828458	758	8e3b1acd5b1f4e6aebc64cf3bce32c8ef47128d1f3b5bdf6e96a6dc16dbedbed	L1602344-R003,L1602345-R001
Deut	5	4	4Q134	1606792	PARTLY_RECONSTRUCTED	13	33	30	4	1	24	4	1	0	1	0	1	0	0	passage_status/DSS-Deuteronomy-Passage-Status.txt	829216	757	04fd50531e4a062e6287373c49d3211aabd5027a0fbebb7cc568f8ce2eee5df2	L1602345-R002,L1602346-R001
Deut	5	5	4Q134	1606792	PARTLY_RECONSTRUCTED	19	52	49	5	6	38	5	6	0	1	0	0	2	0	passage_status/DSS-Deuteronomy-Passage-Status.txt	829973	769	8b9380240c812bfd8ade8b47f74ddbf0c517682f4e7db09c409899199c3231bf	L1602346-R002,L1602347-R001
Deut	5	6	4Q134	1606792	PARTLY_RECONSTRUCTED	13	48	42	7	5	30	7	7	0	2	0	0	0	0	passage_status/DSS-Deuteronomy-Passage-Status.txt	830742	758	303dcd78e8e5da559cefe41f09b21fc310f837aa416807cf791dae6fe40f7d5f	L1602347-R002,L1602348-R001
Deut	5	7	4Q134	1606792	PARTLY_RECONSTRUCTED	8	27	23	5	3	15	8	3	0	1	0	0	0	0	passage_status/DSS-Deuteronomy-Passage-Status.txt	831500	757	7ba1025f2e6904706f0a73bc0109b0af255089bb243385a4e0a1d1c63ee6e69c	L1602348-R002,L1602349-R001
Deut	5	8	4Q134	1606792	PARTLY_RECONSTRUCTED	27	63	60	14	8	37	14	8	0	1	0	1	0	0	passage_status/DSS-Deuteronomy-Passage-Status.txt	832257	771	7c8dbc4a7fc3be0ed76b98f2ccf914228bb6543b51375991251417c66ba3b747	L1602349-R002,L1602350-R001
Deut	5	9	4Q134	1606792	PARTLY_RECONSTRUCTED	26	87	81	34	3	43	35	3	0	1	0	1	0	0	passage_status/DSS-Deuteronomy-Passage-Status.txt	833028	787	fefd62df6190922d65a935b76b1e74b57f56e747419ecee7d8a1c434d279139f	L1602350-R002,L1602351-R001,L1602352-R001
Deut	5	10	4Q134	1606792	PARTLY_RECONSTRUCTED	12	34	30	1	2	27	4	2	0	1	0	0	0	0	passage_status/DSS-Deuteronomy-Passage-Status.txt	833815	760	e05d14f25c66e9d5bd252945d1450b3d6b10590aa74c6b1cfcc331e16150c810	L1602352-R002,L1602353-R001
Deut	5	11	4Q134	1606792	PARTLY_RECONSTRUCTED	20	57	53	21	0	32	24	0	0	1	0	0	0	0	passage_status/DSS-Deuteronomy-Passage-Status.txt	834575	751	a02e422637e5b1ef155812760690246af005cbd77259c46e78b542fd27272c22	L1602353-R002,L1602354-R001
Deut	5	12	4Q134	1606792	PARTLY_RECONSTRUCTED	8	21	18	16	2	0	17	2	0	1	0	0	0	0	passage_status/DSS-Deuteronomy-Passage-Status.txt	835326	744	bf414c46b88bd647e2e6b77bfc3f751f32ee3b768dddbc64a1b030c1a79af838	L1602354-R002
Deut	5	13	4Q134	1606792	NO_LETTER_RECONSTRUCTION_MARKED	8	30	27	0	0	23	0	0	0	1	0	3	1	0	passage_status/DSS-Deuteronomy-Passage-Status.txt	836070	769	8d0995c269e75c0941e9fc75404c0b44d373ce305fe04f7e47596db90400622a	L1602354-R003,L1602355-R001
Deut	5	14	4Q134	1606792	PARTLY_RECONSTRUCTED	40	123	110	36	13	44	38	13	0	1	0	0	18	0	passage_status/DSS-Deuteronomy-Passage-Status.txt	836839	795	d0e4bdbb6ed17621fa2b838778b6a2d998ba924330f1fd1ca2050b71e0351c96	L1602355-R002,L1602356-R001,L1602357-R001
Deut	5	16	4Q134	1606792	PARTLY_RECONSTRUCTED	21	75	66	39	7	19	46	7	0	1	0	1	0	0	passage_status/DSS-Deuteronomy-Passage-Status.txt	837634	783	780c26c7b5a50048b9d57f7173c6beb4c455a0b9b018a37b605d1560a2f8a21a	L1602359-R002,L1602360-R001,L1602361-R001
Deut	5	17	4Q134	1606792	PARTLY_RECONSTRUCTED	3	9	7	5	1	1	5	1	0	1	0	0	0	0	passage_status/DSS-Deuteronomy-Passage-Status.txt	838417	734	d07404577fb94e73ba20434dd568c171928c989f7697b2cdc7df513557874b2a	L1602361-R002
Deut	5	18	4Q134	1606792	NO_LETTER_RECONSTRUCTION_MARKED	3	9	7	0	0	7	0	0	0	1	0	0	0	0	passage_status/DSS-Deuteronomy-Passage-Status.txt	839151	740	65a3de53e537acabe7fbca67967267c58e2e755d90a47ca94db73bb7c9c59142	L1602361-R003
Deut	5	19	4Q134	1606792	NO_LETTER_RECONSTRUCTION_MARKED	3	9	7	0	1	6	0	1	0	1	0	0	0	0	passage_status/DSS-Deuteronomy-Passage-Status.txt	839891	745	c3cc230eea0f9146669b9b7e7ed3de771dec6048a90daa7d7f0752f33c9bcdd3	L1602361-R004
Deut	5	20	4Q134	1606792	PARTLY_RECONSTRUCTED	7	20	17	7	3	7	7	3	0	1	0	0	0	0	passage_status/DSS-Deuteronomy-Passage-Status.txt	840636	742	5e1dbf81a21d802057220c3e90cfac1a6efda57e9d2abf57c8f22d339fbbc684	L1602361-R005
Deut	5	21	4Q134	1606792	PARTLY_RECONSTRUCTED	17	58	49	16	7	26	18	7	0	1	0	0	0	0	passage_status/DSS-Deuteronomy-Passage-Status.txt	841378	752	d90fae23b0a7709a74e5861c25a56933a642bea78b21ca75b988c2c1045d641b	L1602362-R001
Deut	5	22	4Q135	1606793	PARTLY_RECONSTRUCTED	37	99	93	32	9	50	36	9	0	1	0	1	1	0	passage_status/DSS-Deuteronomy-Passage-Status.txt	842130	778	5fcb9de463f1363259a3f2ef83695a72873e3671eddab8905f9ac96791194847	L1602366-R001,L1602367-R001
Deut	5	23	4Q135	1606793	PARTLY_RECONSTRUCTED	21	65	58	18	4	36	19	4	0	1	0	0	0	0	passage_status/DSS-Deuteronomy-Passage-Status.txt	842908	752	96d2adf5f3fec382732ece4f5a2722ecb15e03e4ae74010db00dd45ab9ee4f88	L1602367-R002
Deut	5	24	4Q135	1606793	PARTLY_RECONSTRUCTED	34	99	91	16	7	67	17	7	0	1	0	1	0	0	passage_status/DSS-Deuteronomy-Passage-Status.txt	843660	773	9e87f36425473530e24a2ec7f4a4dd9e8b32f9eaa01fb8943150706b3b10dd64	L1602367-R003,L1602368-R001
Deut	5	25	4Q135	1606793	PARTLY_RECONSTRUCTED	27	85	80	8	12	60	8	12	0	1	0	0	0	0	passage_status/DSS-Deuteronomy-Passage-Status.txt	844433	774	4ba65116557cac6cb878071c428fd418b5e35b56a5f743f6a1665fd3c9ab883d	L1602368-R002,L1602369-R001
Deut	5	26	4Q135	1606793	PARTLY_RECONSTRUCTED	18	51	48	14	5	28	17	5	0	1	0	1	0	0	passage_status/DSS-Deuteronomy-Passage-Status.txt	845207	767	c96b8b057cfb4d61fefc99133a752c7e73a48447f5de87b94f880841c51f0331	L1602369-R002,L1602370-R001
Deut	5	27	4Q135	1606793	PARTLY_RECONSTRUCTED	27	96	89	14	5	70	17	5	0	1	0	0	0	0	passage_status/DSS-Deuteronomy-Passage-Status.txt	845974	768	d51017fd0568b409640598253c9c0f76a0244ff3fec2a4488723139affbe36f3	L1602370-R002,L1602371-R001
Deut	5	28	4Q135	1606793	PARTLY_RECONSTRUCTED	22	67	61	14	10	37	15	10	0	1	0	1	0	0	passage_status/DSS-Deuteronomy-Passage-Status.txt	846742	759	276caa46b06cfd5f606baa95f40a7ce10d87acc727c912ea5863e8e042150136	L1602371-R002
Deut	5	29	4Q135	1606793	PARTLY_RECONSTRUCTED	26	76	68	21	4	42	24	4	0	1	0	2	0	0	passage_status/DSS-Deuteronomy-Passage-Status.txt	847501	773	48e050839a14c9518847bcd81eb5c98bc3aa6ed2c8566701dba430d341f82833	L1602371-R003,L1602372-R001
Deut	5	30	4Q135	1606793	PARTLY_RECONSTRUCTED	11	35	30	2	9	14	2	9	0	1	0	8	6	0	passage_status/DSS-Deuteronomy-Passage-Status.txt	848274	766	e519021aaafb376621acebafe77c450a3de5c890bbea62248873a5e1495e10bc	L1602372-R002
Deut	5	31	4Q135	1606793	PARTLY_RECONSTRUCTED	38	119	110	14	14	81	15	14	0	1	0	1	0	0	passage_status/DSS-Deuteronomy-Passage-Status.txt	849040	777	25a8a5e8551e9f5372a78741c260281f811c04ab134d36b8002b9a7232657bcb	L1602372-R003,L1602373-R001
Deut	5	32	4Q135	1606793	PARTLY_RECONSTRUCTED	18	58	48	19	10	19	21	13	1	3	0	0	0	0	passage_status/DSS-Deuteronomy-Passage-Status.txt	849817	770	a3f667b0a7f1bad816792699d4e53c6e3ebfcb4bebe56ab3646259cd350900d9	L1602373-R002,L1602374-R001
Deut	5	33	4Q135	1606793	PARTLY_RECONSTRUCTED	23	77	70	30	4	34	35	4	0	1	0	2	0	0	passage_status/DSS-Deuteronomy-Passage-Status.txt	850587	767	4716beb5b72038b4ebef781b2b40fba2ebf43b253c24c3bceace56b1d0c4eb90	L1602374-R002,L1602375-R001
Deut	6	1	4Q135	1606793	PARTLY_RECONSTRUCTED	28	82	76	26	10	39	30	10	0	1	0	1	0	0	passage_status/DSS-Deuteronomy-Passage-Status.txt	851354	757	6a5372c85ab41a1fb788067fb7ad2e11f88ad80f916ed1f60f77c0d2bf91f65b	L1602375-R002
Deut	6	2	4Q135	1606793	PARTLY_RECONSTRUCTED	25	84	75	41	4	30	43	4	0	1	0	0	0	0	passage_status/DSS-Deuteronomy-Passage-Status.txt	852111	760	8b89ac4bbeab8b5b4c0e3711dfb071ed9e39b63b325ea61805a1570eecf38110	L1602375-R003,L1602376-R001
Deut	6	3	4Q135	1606793	PARTLY_RECONSTRUCTED	28	86	80	39	6	35	41	6	0	1	0	0	0	0	passage_status/DSS-Deuteronomy-Passage-Status.txt	852871	772	9ff6b2469f7680c1f108d094d01b7eaa7e7dc2afdf9cbfc5ee88589af46302d2	L1602376-R002,L1602377-R001
Deut	6	4	4Q135	1606793	PARTLY_RECONSTRUCTED	7	30	26	9	1	16	10	1	0	1	0	0	0	0	passage_status/DSS-Deuteronomy-Passage-Status.txt	853643	736	cd1437e7f6bc07b8b4ac07a814497eab2deea10f4b17e0a540139e05966d0425	L1602377-R002
Deut	6	5	4Q135	1606793	PARTLY_RECONSTRUCTED	6	19	16	9	2	5	10	2	0	1	0	0	0	0	passage_status/DSS-Deuteronomy-Passage-Status.txt	854379	741	f4e0313774a909a07ac4e0f7c15a8daa83691378d7a95da36d5f81821e50c7ce	L1602377-R003
Deut	11	13	4Q136	1606794	PARTLY_RECONSTRUCTED	22	67	59	43	5	11	50	5	0	1	0	0	0	0	passage_status/DSS-Deuteronomy-Passage-Status.txt	855120	754	a58fa3a118920075710c7ecfb549270c9d21101d36f290fd6cbaae3e5052e5ac	L1602386-R001
Deut	11	14	4Q136	1606794	ALL_LETTER_SLOTS_RECONSTRUCTED	17	55	48	48	0	0	55	0	0	1	0	0	0	0	passage_status/DSS-Deuteronomy-Passage-Status.txt	855874	762	59d7e3a734336480d0628d45ebb9323092a4af8f4729f632e31da5fd91fb5c9b	L1602386-R002,L1602387-R001
Deut	11	15	4Q136	1606794	PARTLY_RECONSTRUCTED	12	33	29	12	1	16	14	1	0	1	0	0	0	0	passage_status/DSS-Deuteronomy-Passage-Status.txt	856636	742	b0a317ebbca9b118525f925829d892515fc4780b439c2b00c448605ea95981c7	L1602387-R002
Deut	11	16	4Q136	1606794	ALL_LETTER_SLOTS_RECONSTRUCTED	15	57	52	52	0	0	57	0	0	1	0	0	0	0	passage_status/DSS-Deuteronomy-Passage-Status.txt	857378	762	55e0f66f5751223c946dd984cefd54d3adccc8305a965ca35814b34a7fc38ecc	L1602387-R003,L1602388-R001
Deut	11	17	4Q136	1606794	PARTLY_RECONSTRUCTED	35	91	86	68	1	17	72	1	0	1	0	0	0	0	passage_status/DSS-Deuteronomy-Passage-Status.txt	858140	758	9971c243b7b43d99c721a0b35baa74b3d7eac69768819cbf53bfe01da20b3b0c	L1602388-R002,L1602389-R001
Deut	11	18	4Q136	1606794	PARTLY_RECONSTRUCTED	24	75	67	48	0	19	53	0	0	1	0	0	0	0	passage_status/DSS-Deuteronomy-Passage-Status.txt	858898	753	77b97ed0f840d1cb1246496258c1a9b914db9a2a701f5e7adb2ded4f178090b1	L1602389-R002,L1602390-R001
Deut	11	19	4Q136	1606794	PARTLY_RECONSTRUCTED	24	62	53	39	1	13	47	1	0	1	0	0	0	0	passage_status/DSS-Deuteronomy-Passage-Status.txt	859651	742	8eb1a81e958a0a7436d3b25dec39b407e894287474dbb174899161d361284895	L1602390-R002
Deut	11	20	4Q136	1606794	ALL_LETTER_SLOTS_RECONSTRUCTED	9	30	25	25	0	0	30	0	0	1	0	0	0	0	passage_status/DSS-Deuteronomy-Passage-Status.txt	860393	761	6b3c3896cbecb3ab6e8d9ef62e644a768ce0a5263a431ed4634a4a1aaf546594	L1602390-R003,L1602391-R001
Deut	11	21	4Q136	1606794	PARTLY_RECONSTRUCTED	25	75	69	45	0	24	49	0	0	1	0	0	0	0	passage_status/DSS-Deuteronomy-Passage-Status.txt	861154	737	5ef287fea7569681062fcef2e23b7067fa8b9629fd75788caf5b3ed26b122de3	L1602391-R002
Deut	6	6	4Q136	1606794	PARTLY_RECONSTRUCTED	15	40	36	30	3	3	34	3	0	1	0	0	0	0	passage_status/DSS-Deuteronomy-Passage-Status.txt	861891	765	d94ae7640fd3bc10259fe14e15e08ee96dc0e1f19aa29bf7abb93b40f83d8d9a	L1602402-R001,L1602403-R001
Deut	6	7	4Q136	1606794	PARTLY_RECONSTRUCTED	26	64	50	46	3	1	58	3	2	3	0	0	0	0	passage_status/DSS-Deuteronomy-Passage-Status.txt	862656	769	7313dc4c3ad43fef522833d8163068efcf77741829c9354ea0026112d2e88568	L1602403-R002,L1602404-R001,L1602405-R001
Deut	5	1	4Q137	1606795	PARTLY_RECONSTRUCTED	36	119	112	25	6	81	25	6	0	1	0	1	0	0	passage_status/DSS-Deuteronomy-Passage-Status.txt	863425	853	fb9950189b02ad14a1b8560aa5ade885c6dcaa009546b237f1ef24fabe853803	L1602406-R001,L1602407-R001,L1602408-R001,L1602409-R001,L1602410-R001,L1602411-R001,L1602412-R001
Deut	5	2	4Q137	1606795	PARTLY_RECONSTRUCTED	8	31	27	1	2	24	1	2	0	1	0	0	0	0	passage_status/DSS-Deuteronomy-Passage-Status.txt	864278	757	91bfe499b5bfe418c5b73a5c4c18083142f14efe79ac1e2ca72eedf9705c2807	L1602412-R002,L1602413-R001
Deut	5	3	4Q137	1606795	NO_LETTER_RECONSTRUCTION_MARKED	22	67	62	0	6	56	0	6	0	1	0	0	0	0	passage_status/DSS-Deuteronomy-Passage-Status.txt	865035	785	ce45c73da49c52d65cf367a9fbe6ffcd40f71343c10dfd2ab27a7c55d30a46a9	L1602413-R002,L1602414-R001,L1602415-R001
Deut	5	4	4Q137	1606795	NO_LETTER_RECONSTRUCTION_MARKED	13	34	31	0	1	30	0	1	0	1	0	0	0	0	passage_status/DSS-Deuteronomy-Passage-Status.txt	865820	763	002b2a9e6c39203a295b556af165625e1e56ce371de3624ba0d8e909f8173e6b	L1602415-R002,L1602416-R001
Deut	5	5	4Q137	1606795	PARTLY_RECONSTRUCTED	32	89	85	2	2	81	2	2	0	1	0	0	0	0	passage_status/DSS-Deuteronomy-Passage-Status.txt	866583	768	7a1aaeb6d48bb71ac277f526c0753d7038c4bbb7cf6c7552809f8084bda0ba4d	L1602416-R002,L1602417-R001,L1602418-R001
Deut	5	6	4Q137	1606795	NO_LETTER_RECONSTRUCTION_MARKED	13	49	45	0	0	45	0	0	0	1	0	0	0	0	passage_status/DSS-Deuteronomy-Passage-Status.txt	867351	758	bbeb5289a8cb697d3976a5174c27a2bfa35fc974e91046a710835c8b393cb215	L1602418-R002,L1602419-R001
Deut	5	7	4Q137	1606795	NO_LETTER_RECONSTRUCTION_MARKED	8	30	26	0	0	26	0	0	0	1	0	0	0	0	passage_status/DSS-Deuteronomy-Passage-Status.txt	868109	741	c8e72998613307c3dd19cc2068784dbd795d86c26888a527960917b786f5fc43	L1602419-R002
Deut	5	8	4Q137	1606795	NO_LETTER_RECONSTRUCTION_MARKED	27	65	62	0	2	60	0	2	0	1	0	0	0	0	passage_status/DSS-Deuteronomy-Passage-Status.txt	868850	763	a7387221d8ff2ceb3ceb288794c8d96c3a32550c27b8130e55771dc6279ffa8e	L1602420-R001,L1602421-R001
Deut	5	9	4Q137	1606795	NO_LETTER_RECONSTRUCTION_MARKED	26	92	86	0	2	84	0	2	0	1	0	0	0	0	passage_status/DSS-Deuteronomy-Passage-Status.txt	869613	763	f3e5d16480162841dc60f75dea368f62074539e354d9f9661d965600a1dae115	L1602421-R002,L1602422-R001
Deut	5	10	4Q137	1606795	PARTLY_RECONSTRUCTED	11	36	32	3	3	26	3	3	0	1	0	0	0	0	passage_status/DSS-Deuteronomy-Passage-Status.txt	870376	760	c7f2c812558ffa9691d73f8eccff631c2708fc0c228812f75a9319fefb52d171	L1602422-R002,L1602423-R001
Deut	5	11	4Q137	1606795	PARTLY_RECONSTRUCTED	21	62	58	11	2	45	12	2	0	1	0	0	0	0	passage_status/DSS-Deuteronomy-Passage-Status.txt	871136	762	4d0a5f266347b42a51934949ba0e0bca8a161c43050ea43ab3723a48aaff439a	L1602423-R002,L1602424-R001
Deut	5	12	4Q137	1606795	PARTLY_RECONSTRUCTED	13	42	37	14	3	20	15	3	0	1	0	0	0	0	passage_status/DSS-Deuteronomy-Passage-Status.txt	871898	752	d785a2deaa38e9261bd9c6255d9c36461ca0b7f1157cfcdc21e6947f6555b441	L1602424-R002
Deut	5	13	4Q137	1606795	PARTLY_RECONSTRUCTED	9	33	30	4	2	24	4	2	0	1	0	0	0	0	passage_status/DSS-Deuteronomy-Passage-Status.txt	872650	759	75480f934415bc041d790d3feb129bd8d6bf4ae6541cb8018cd1a9b8daf2872b	L1602424-R003,L1602425-R001
Deut	5	14	4Q137	1606795	PARTLY_RECONSTRUCTED	41	147	131	23	8	98	24	8	0	1	0	1	1	0	passage_status/DSS-Deuteronomy-Passage-Status.txt	873409	774	e674c04104a03422813f81f0013d45a28b0c05a0d2b2ac18a7a36f4bb6fb1dfe	L1602425-R002,L1602426-R001
Deut	5	15	4Q137	1606795	PARTLY_RECONSTRUCTED	34	104	97	49	15	33	51	15	0	1	0	0	0	0	passage_status/DSS-Deuteronomy-Passage-Status.txt	874183	794	38dbd2ed68a2307f81213c5e1f3dd424d95c52376e88053bd9a0f9d11c0e469c	L1602426-R002,L1602427-R001,L1602428-R001
Deut	5	16	4Q137	1606795	PARTLY_RECONSTRUCTED	19	71	62	20	10	32	26	10	0	1	0	0	0	0	passage_status/DSS-Deuteronomy-Passage-Status.txt	874977	754	57df0f7aa8b5fa95312d404b8f3bf4c11ab125e5ac31b5a95191405fa880ef2c	L1602428-R002
Deut	5	17	4Q137	1606795	ALL_LETTER_SLOTS_RECONSTRUCTED	3	9	7	7	0	0	9	0	0	1	0	0	0	0	passage_status/DSS-Deuteronomy-Passage-Status.txt	875731	739	56c6128a2203cd1c723deedb2ca6a6e10c0389c3a88630d5c9cd8b2b78f28421	L1602428-R003
Deut	5	18	4Q137	1606795	ALL_LETTER_SLOTS_RECONSTRUCTED	4	10	8	8	0	0	10	0	0	1	0	0	0	0	passage_status/DSS-Deuteronomy-Passage-Status.txt	876470	757	2139d949ba4e5ef2ec1b47bf43fb661e182d66a0b086280481903f044983c483	L1602428-R004,L1602429-R001
Deut	5	19	4Q137	1606795	ALL_LETTER_SLOTS_RECONSTRUCTED	4	9	7	7	0	0	9	0	0	1	0	0	0	0	passage_status/DSS-Deuteronomy-Passage-Status.txt	877227	739	a0736e710b364739fd973c6de8b9df819f5930a993a4e6dc1aef8d9a757a0c14	L1602429-R002
Deut	5	20	4Q137	1606795	PARTLY_RECONSTRUCTED	8	18	15	11	1	3	12	1	0	1	0	0	0	0	passage_status/DSS-Deuteronomy-Passage-Status.txt	877966	738	78d0ac4c6dcbfc4c40e14d7feef5b8862b9f28433ab68186ca30245143abc9f0	L1602429-R003
Deut	5	21	4Q137	1606795	PARTLY_RECONSTRUCTED	23	78	68	35	14	19	42	14	0	1	0	0	0	0	passage_status/DSS-Deuteronomy-Passage-Status.txt	878704	776	bd91020b2d44a1b7dbbc3127032a360a613d3b70419854781b1fef9c5a416938	L1602429-R004,L1602430-R001
Deut	5	22	4Q137	1606795	PARTLY_RECONSTRUCTED	35	102	96	73	7	16	78	7	0	1	0	0	0	0	passage_status/DSS-Deuteronomy-Passage-Status.txt	879480	769	feb2d6556da8a64223695cf85c4cb9bd500688ba11e836e47119d355ddd32449	L1602430-R002,L1602431-R001
Deut	5	23	4Q137	1606795	PARTLY_RECONSTRUCTED	25	70	63	53	5	5	60	5	0	1	0	1	0	0	passage_status/DSS-Deuteronomy-Passage-Status.txt	880249	750	0e73ec11db8d6a50e07ceadae534ea67b003e5d03b4df84bfcc08693861e5728	L1602431-R002
Deut	5	24	4Q137	1606795	PARTLY_RECONSTRUCTED	33	96	88	18	7	61	20	8	0	1	0	2	1	0	passage_status/DSS-Deuteronomy-Passage-Status.txt	880999	810	fd84567f4e99fc71e3d759d506013454553aa76436b1eaa3202b173aa1d5d107	L1602431-R003,L1602432-R001,L1602433-R001,L1602434-R001
Deut	5	25	4Q137	1606795	PARTLY_RECONSTRUCTED	27	81	77	9	7	61	9	7	0	1	0	0	0	0	passage_status/DSS-Deuteronomy-Passage-Status.txt	881809	804	89269a96d6e7db312578cbf6da756cd1b67d34f0fb60a7e1be73756c9d8095c4	L1602434-R002,L1602435-R001,L1602436-R001,L1602437-R001
Deut	5	26	4Q137	1606795	PARTLY_RECONSTRUCTED	22	54	51	6	2	43	6	2	0	1	0	0	0	0	passage_status/DSS-Deuteronomy-Passage-Status.txt	882613	786	cc19d87df2bcc95c3a92864a0d6e78889d280d201e277d4ec22bad475e8e0bcd	L1602437-R002,L1602438-R001,L1602439-R001,L1602440-R001
Deut	5	27	4Q137	1606795	PARTLY_RECONSTRUCTED	28	99	92	30	10	53	33	10	0	1	0	0	0	0	passage_status/DSS-Deuteronomy-Passage-Status.txt	883399	856	26fe2c7ed145882f053e11ef0adf76269ca0bbc21427c1311795f35bcf9e4fa9	L1602440-R002,L1602441-R001,L1602442-R001,L1602443-R001,L1602444-R001,L1602445-R001,L1602446-R001
Deut	5	28	4Q137	1606795	PARTLY_RECONSTRUCTED	35	98	91	60	10	21	61	10	0	1	0	0	0	0	passage_status/DSS-Deuteronomy-Passage-Status.txt	884255	952	e24b7927a3487e4270a04dade2178a7cfd54c9e44bef75e8fa3862326c9918d5	L1602446-R002,L1602447-R001,L1602448-R001,L1602449-R001,L1602450-R001,L1602451-R001,L1602452-R001,L1602453-R001,L1602454-R001,L1602455-R001,L1602456-R001,L1602457-R001,L1602458-R001
Deut	5	29	4Q137	1606795	PARTLY_RECONSTRUCTED	29	88	79	14	1	63	14	1	0	1	0	1	0	0	passage_status/DSS-Deuteronomy-Passage-Status.txt	885207	761	3a9e82a675627b6b2a82a412b1f1bae7385c307457e24d1463550fb5a8e1540e	L1602459-R001,L1602460-R001
Deut	5	30	4Q137	1606795	PARTLY_RECONSTRUCTED	8	32	27	10	2	15	11	2	0	1	0	2	0	0	passage_status/DSS-Deuteronomy-Passage-Status.txt	885968	760	8639b01fa77e2e6607e2b1470ffd7d86527ec1258b75ed9883f1d554ff8be2c3	L1602460-R002,L1602461-R001
Deut	5	31	4Q137	1606795	PARTLY_RECONSTRUCTED	31	98	90	21	7	62	24	7	0	1	0	0	0	0	passage_status/DSS-Deuteronomy-Passage-Status.txt	886728	784	3631b1fcd3e2fed9b7e70b8179ac6dc7d7e66f1d7769f6aeb012b62f4c8341fa	L1602461-R002,L1602462-R001,L1602463-R001
Deut	5	32	4Q137	1606795	PARTLY_RECONSTRUCTED	16	56	50	29	3	18	30	5	0	1	0	0	0	0	passage_status/DSS-Deuteronomy-Passage-Status.txt	887512	746	6e0f8da2d0a423cf837430f65cc77243c0329e43221a09d8f39c4ada36f65433	L1602463-R002
Deut	6	2	4Q137	1606795	PARTLY_RECONSTRUCTED	19	67	59	13	3	43	14	3	0	1	0	0	0	0	passage_status/DSS-Deuteronomy-Passage-Status.txt	888258	766	b5eb24967f42279b5ce8f5b1db9d65cf4d2f269705f213462a58e31fa0071b66	L1602464-R001,L1602465-R001
Deut	6	3	4Q137	1606795	PARTLY_RECONSTRUCTED	29	97	89	30	4	55	34	4	0	1	0	0	0	0	passage_status/DSS-Deuteronomy-Passage-Status.txt	889024	760	ae28b01e10e20d90d335d0c29cb027de82fa33191c0e685f85dc65039929ddb5	L1602465-R002,L1602466-R001
Deut	10	12	4Q138	1606796	PARTLY_RECONSTRUCTED	38	126	111	36	12	63	39	12	0	1	0	0	0	3	passage_status/DSS-Deuteronomy-Passage-Status.txt	889784	780	9f7568d225074f8232592e9d3d7bee7338250db73e1e092f176bdf4df7cd8da6	L1602467-R001,L1602468-R001
Deut	10	13	4Q138	1606796	PARTLY_RECONSTRUCTED	18	61	55	10	8	37	12	8	0	1	0	0	0	0	passage_status/DSS-Deuteronomy-Passage-Status.txt	890564	748	66a6e953de8be73a5e1cab4998b93041d9b61223a3aa92f1c87d8b6e904f9423	L1602468-R002
Deut	10	14	4Q138	1606796	PARTLY_RECONSTRUCTED	18	47	43	2	6	35	3	6	0	1	0	0	0	0	passage_status/DSS-Deuteronomy-Passage-Status.txt	891312	752	000e0d873443963a89d94d1918a574ae217f538e3896ad48633a72324b8e379f	L1602469-R001
Deut	10	15	4Q138	1606796	PARTLY_RECONSTRUCTED	23	73	65	15	7	43	17	7	0	1	0	8	0	0	passage_status/DSS-Deuteronomy-Passage-Status.txt	892064	775	2be5b3f6cbab57952b3a652cd8a07023dbfac5501fc9a730586f71ce1f7dd80f	L1602469-R002,L1602470-R001
Deut	10	16	4Q138	1606796	PARTLY_RECONSTRUCTED	11	41	37	6	6	25	6	6	0	1	0	0	0	0	passage_status/DSS-Deuteronomy-Passage-Status.txt	892839	752	6a86d32dc1cbb12744f4f2a8b3f582d9967e8e6899d28596175bd0c7429567df	L1602470-R002
Deut	10	17	4Q138	1606796	PARTLY_RECONSTRUCTED	30	88	85	33	15	37	36	15	0	1	0	0	0	0	passage_status/DSS-Deuteronomy-Passage-Status.txt	893591	778	61e88f3cbdbac32b4699d6009f7a112b6109b194d9abfdcddb56b397462e4b35	L1602470-R003,L1602471-R001
Deut	10	18	4Q138	1606796	PARTLY_RECONSTRUCTED	15	43	40	4	7	29	6	7	0	1	0	0	0	0	passage_status/DSS-Deuteronomy-Passage-Status.txt	894369	768	a5dece12e3c2b1d13931bc8f222b43db57a798d941ccc49ca493491d00d1f826	L1602471-R002,L1602472-R001
Deut	10	19	4Q138	1606796	PARTLY_RECONSTRUCTED	12	34	32	6	6	20	6	6	0	1	0	0	0	0	passage_status/DSS-Deuteronomy-Passage-Status.txt	895137	752	87caaeb30e644f3c7101e37d4f730a96bfbf3e6b8f54589978ef36daf5f3f5b4	L1602472-R002
Deut	10	20	4Q138	1606796	PARTLY_RECONSTRUCTED	17	62	55	12	4	29	13	4	0	1	0	12	1	0	passage_status/DSS-Deuteronomy-Passage-Status.txt	895889	776	c52f450feb28a6968a56fa7ba1d19e994fa356a9c5b09a9fe5cc2276f0c78ddc	L1602472-R003,L1602473-R001
Deut	10	21	4Q138	1606796	PARTLY_RECONSTRUCTED	23	79	73	5	7	61	5	7	0	1	0	0	0	0	passage_status/DSS-Deuteronomy-Passage-Status.txt	896665	774	9b6b61758e006e167a081807f1b63d63ec23cf5ab90cf6aa7c6b8373b10415f5	L1602473-R002,L1602474-R001
Deut	10	22	4Q138	1606796	NO_LETTER_RECONSTRUCTION_MARKED	18	61	57	0	7	50	0	7	0	1	0	0	0	0	passage_status/DSS-Deuteronomy-Passage-Status.txt	897439	769	62a407ba39b9099ea985d4e505b0a55e48a2ae39f1517f3bcacefa66c21791b0	L1602474-R002
Deut	11	1	4Q138	1606796	PARTLY_RECONSTRUCTED	18	65	58	3	7	48	3	7	0	1	0	0	0	0	passage_status/DSS-Deuteronomy-Passage-Status.txt	898208	772	028ae8fcf6d693d58c69867b568f60807148439e9f465b8f3d8e785c3295df7c	L1602474-R003,L1602475-R001
Deut	11	2	4Q138	1606796	PARTLY_RECONSTRUCTED	35	110	102	1	1	100	1	1	0	1	0	0	0	0	passage_status/DSS-Deuteronomy-Passage-Status.txt	898980	757	83bca66bb6a805a6dd198d5bfd67e08cf186dce9b5e03606e64dab45bf5e677f	L1602475-R002,L1602476-R001
Deut	11	3	4Q138	1606796	NO_LETTER_RECONSTRUCTION_MARKED	20	59	54	0	4	50	0	4	0	1	0	0	0	0	passage_status/DSS-Deuteronomy-Passage-Status.txt	899737	761	a5b4b8f3cb88c1a430ac28f26bf123e55e4b10a4da70b2d0c04baf144d9cd8f9	L1602477-R001
Deut	11	4	4Q138	1606796	PARTLY_RECONSTRUCTED	35	105	96	1	14	81	1	14	0	1	0	0	0	0	passage_status/DSS-Deuteronomy-Passage-Status.txt	900498	775	a0c9c47f1f396bba3c67eb28c233876f6ad290681e7ad9e35cc31de5577bab37	L1602477-R002,L1602478-R001
Deut	11	5	4Q138	1606796	NO_LETTER_RECONSTRUCTION_MARKED	14	38	34	0	3	31	0	3	0	1	0	0	0	0	passage_status/DSS-Deuteronomy-Passage-Status.txt	901273	765	1976c0a3af22d92cc081469b993c49216ebbfbdb596b60f6ed0d97a3ad6329db	L1602478-R002,L1602479-R001
Deut	11	6	4Q138	1606796	PARTLY_RECONSTRUCTED	47	133	126	1	7	118	1	7	0	1	0	0	0	0	passage_status/DSS-Deuteronomy-Passage-Status.txt	902038	763	141a4f4d55eeb5e92f807ed466a70c2df012e3256c2b030d166d158fcada7a6a	L1602479-R002,L1602480-R001
Deut	11	7	4Q138	1606796	PARTLY_RECONSTRUCTED	13	47	43	5	6	30	5	6	0	1	0	2	0	0	passage_status/DSS-Deuteronomy-Passage-Status.txt	902801	787	323c57eb922bcea61a726fa379a515de3fb6f0a573aa6ac725dd92338336529a	L1602480-R002,L1602481-R001,L1602482-R001
Deut	11	8	4Q138	1606796	PARTLY_RECONSTRUCTED	33	104	96	5	4	85	8	4	0	1	0	2	0	3	passage_status/DSS-Deuteronomy-Passage-Status.txt	903588	830	161d0da4070270da42b7bb51469c885331a212ea6c324a7bb600a34fd0186119	L1602482-R002,L1602483-R001,L1602484-R001,L1602485-R001,L1602486-R001,L1602487-R001
Deut	11	9	4Q138	1606796	PARTLY_RECONSTRUCTED	27	82	75	13	4	58	15	4	0	1	0	0	0	0	passage_status/DSS-Deuteronomy-Passage-Status.txt	904418	794	6c9b96c76b4ae0143987e8a53de495a4dc5ef6556d88e583bf5bd628f4aa686f	L1602487-R002,L1602488-R001,L1602489-R001,L1602490-R001
Deut	11	10	4Q138	1606796	PARTLY_RECONSTRUCTED	31	95	88	5	7	73	6	7	0	1	0	3	0	0	passage_status/DSS-Deuteronomy-Passage-Status.txt	905212	827	f2458422e458f475fec864ded922015f376d2b6caedff3f3461ad206d9c19b29	L1602490-R002,L1602491-R001,L1602492-R001,L1602493-R001,L1602494-R001
Deut	11	11	4Q138	1606796	PARTLY_RECONSTRUCTED	21	58	53	2	1	49	2	2	0	1	0	1	1	0	passage_status/DSS-Deuteronomy-Passage-Status.txt	906039	798	e2dc694c0f48291a5ea775f5228210a5aaf4a582ccfa14d63e98d24e6345a855	L1602494-R002,L1602495-R001,L1602496-R001,L1602497-R001
Deut	11	12	4Q138	1606796	PARTLY_RECONSTRUCTED	21	77	67	4	2	61	4	2	0	1	0	0	0	4	passage_status/DSS-Deuteronomy-Passage-Status.txt	906837	794	398a6b48ffb6f16432f7a7e789430e8b01f7d7abbb5d80df3df397ff62145dee	L1602497-R002,L1602498-R001,L1602499-R001,L1602500-R001
Deut	5	7	4Q139	1606797	PARTLY_RECONSTRUCTED	7	26	22	16	2	4	20	2	0	1	0	0	0	0	passage_status/DSS-Deuteronomy-Passage-Status.txt	907631	736	faf73068db31e45928eb0cc0f3d0ec9d45e6284c94b521504bad7701bae92753	L1602501-R001
Deut	5	8	4Q139	1606797	PARTLY_RECONSTRUCTED	26	62	59	49	1	9	50	1	0	1	0	0	0	0	passage_status/DSS-Deuteronomy-Passage-Status.txt	908367	753	55676b2d0ac888d6313412bc316a2f934720ddbc5963c2fe6aeebfe7b9f006c0	L1602501-R002,L1602502-R001
Deut	5	9	4Q139	1606797	PARTLY_RECONSTRUCTED	26	83	77	62	3	12	68	3	0	1	0	0	0	0	passage_status/DSS-Deuteronomy-Passage-Status.txt	909120	760	3e19f07a246b6e288152774e2dd73ae9620f9426c71085a695e4da91a1fd59f7	L1602502-R002,L1602503-R001
Deut	5	10	4Q139	1606797	ALL_LETTER_SLOTS_RECONSTRUCTED	12	33	29	29	0	0	33	0	0	1	0	0	0	0	passage_status/DSS-Deuteronomy-Passage-Status.txt	909880	760	f74e5d4597722513fe855996c4ff309ed747e9cb56a6cd0fb04cb682990acd3f	L1602503-R002,L1602504-R001
Deut	5	11	4Q139	1606797	PARTLY_RECONSTRUCTED	20	58	54	39	1	14	42	2	0	1	0	0	0	0	passage_status/DSS-Deuteronomy-Passage-Status.txt	910640	740	ba87a8a9021ab1d3731acdd1584d3162c23f5ef42fe2eb3e471627fc9b95e4a4	L1602504-R002
Deut	5	12	4Q139	1606797	PARTLY_RECONSTRUCTED	13	41	36	34	1	1	37	1	0	1	0	0	0	0	passage_status/DSS-Deuteronomy-Passage-Status.txt	911380	755	1bab666b5bded93816470aae241a3783c96fc818d1e10af3fbacf82e1ac81407	L1602504-R003,L1602505-R001
Deut	5	13	4Q139	1606797	PARTLY_RECONSTRUCTED	8	28	25	16	0	9	19	0	0	1	0	0	0	0	passage_status/DSS-Deuteronomy-Passage-Status.txt	912135	733	5f729747ad72e8fc7ec12288a42944aefb39e1b7c6ed8658af57368965cfda96	L1602505-R002
Deut	5	14	4Q139	1606797	PARTLY_RECONSTRUCTED	40	129	114	88	5	21	99	5	0	1	0	0	0	0	passage_status/DSS-Deuteronomy-Passage-Status.txt	912868	786	ab1d8072800cab4dde5e98a28b7d5c02d640a9d350f5591da3d4f50e169eac9a	L1602505-R003,L1602506-R001,L1602507-R001
Deut	5	15	4Q139	1606797	PARTLY_RECONSTRUCTED	33	94	88	74	1	13	80	1	0	1	0	0	0	0	passage_status/DSS-Deuteronomy-Passage-Status.txt	913654	756	5e485f827f4d889abee13c6710ab5d6c69d2d3287bf2caca39f57aa040837b68	L1602507-R002,L1602508-R001
Deut	5	16	4Q139	1606797	PARTLY_RECONSTRUCTED	27	95	84	64	4	16	70	4	0	1	0	0	0	0	passage_status/DSS-Deuteronomy-Passage-Status.txt	914410	784	cc7ce8b20506eea5f4784db06b94e7e4b5fd4cd0abfb5314f674720dfc931cce	L1602508-R002,L1602509-R001,L1602510-R001
Deut	5	17	4Q139	1606797	NO_LETTER_RECONSTRUCTION_MARKED	3	9	7	0	0	7	0	0	0	1	0	0	0	0	passage_status/DSS-Deuteronomy-Passage-Status.txt	915194	740	3306201e43e4febb9b9f9935f285798e4623ae3a34e15f6936110480039c2f17	L1602510-R002
Deut	5	18	4Q139	1606797	PARTLY_RECONSTRUCTED	4	10	8	4	0	4	6	0	0	1	0	0	0	0	passage_status/DSS-Deuteronomy-Passage-Status.txt	915934	730	04ace9cf62f2890f53ec7c46c72534fa616f0e932827e50b6c9fdb67f318471b	L1602510-R003
Deut	5	19	4Q139	1606797	ALL_LETTER_SLOTS_RECONSTRUCTED	4	9	7	7	0	0	9	0	0	1	0	0	0	0	passage_status/DSS-Deuteronomy-Passage-Status.txt	916664	739	e38309f0e0f4c2324f2d6120e008af49a3d561648fa6c491c80e191b55d11460	L1602510-R004
Deut	5	20	4Q139	1606797	ALL_LETTER_SLOTS_RECONSTRUCTED	8	19	16	16	0	0	19	0	0	1	0	0	0	0	passage_status/DSS-Deuteronomy-Passage-Status.txt	917403	743	491f73a350eaf95d638e40c7b0d52a3c3177573035a83cd92228cc1f19ff7073	L1602510-R005
Deut	5	21	4Q139	1606797	PARTLY_RECONSTRUCTED	24	70	60	44	5	11	50	5	0	1	0	0	0	0	passage_status/DSS-Deuteronomy-Passage-Status.txt	918146	762	b2b4080c48e899d1041bbe07069eeb83d7a436941a6703dca791c7003cfb1167	L1602510-R006,L1602511-R001
Deut	5	22	4Q139	1606797	PARTLY_RECONSTRUCTED	36	94	88	78	0	10	84	0	0	1	0	0	0	0	passage_status/DSS-Deuteronomy-Passage-Status.txt	918908	751	2aae33a5b000cf16d5b3d1490a1deed01721276202fdf421f937107902ab3ba6	L1602511-R002,L1602512-R001
Deut	5	23	4Q139	1606797	PARTLY_RECONSTRUCTED	27	72	65	56	0	9	62	0	0	1	0	0	0	0	passage_status/DSS-Deuteronomy-Passage-Status.txt	919659	750	19c0dbb1f87e7f1113942871b6a992bb1f75477a95979d42d33bbd5c28a135d6	L1602512-R002,L1602513-R001
Deut	5	24	4Q139	1606797	PARTLY_RECONSTRUCTED	27	80	73	67	2	4	71	2	0	1	0	0	0	0	passage_status/DSS-Deuteronomy-Passage-Status.txt	920409	761	61fe21f037a3db5833d15bc82b17cbb7ba42781a6b584d9abdccc13709d62554	L1602513-R002,L1602514-R001
Deut	5	33	4Q140	1606798	PARTLY_RECONSTRUCTED	23	80	74	4	7	63	4	7	0	1	0	0	0	0	passage_status/DSS-Deuteronomy-Passage-Status.txt	921170	788	a0a7f1350875ea2215a04718b0b89f6550cda8037ef7969de0eafb85120e0dff	L1602534-R001,L1602535-R001,L1602536-R001
Deut	6	1	4Q140	1606798	PARTLY_RECONSTRUCTED	28	86	80	6	2	72	9	2	0	1	0	0	0	0	passage_status/DSS-Deuteronomy-Passage-Status.txt	921958	774	fcfd3c98addb486d08007479704c0ffc4de1da21849b9add2b0658e546d28be9	L1602536-R002,L1602537-R001,L1602538-R001
Deut	6	2	4Q140	1606798	PARTLY_RECONSTRUCTED	33	113	102	15	5	82	16	5	0	1	0	0	0	0	passage_status/DSS-Deuteronomy-Passage-Status.txt	922732	800	a36430c2f0feac316dc86ae42dcca63965f8bcd47703dea26f2bec37f34bf0b7	L1602538-R002,L1602539-R001,L1602540-R001,L1602541-R001
Deut	6	3	4Q140	1606798	PARTLY_RECONSTRUCTED	27	91	84	27	3	54	31	3	0	1	0	0	0	0	passage_status/DSS-Deuteronomy-Passage-Status.txt	923532	776	8d8ad04b831e569ce3d53bd080447e5f995653eb6e03d78c295eca59e40df563	L1602542-R001,L1602543-R001,L1602544-R001
Deut	6	4	4Q140	1606798	PARTLY_RECONSTRUCTED	7	31	27	19	1	7	23	1	0	1	0	0	0	0	passage_status/DSS-Deuteronomy-Passage-Status.txt	924308	752	f7a2bad34652d26a7966920e34339747b46a68e11c8ed106ff4ea6cdb5ca7c52	L1602544-R002,L1602545-R001
Deut	6	5	4Q140	1606798	PARTLY_RECONSTRUCTED	18	55	49	39	3	7	42	3	0	1	0	0	0	0	passage_status/DSS-Deuteronomy-Passage-Status.txt	925060	775	30015d63133bbc65f4a8f63a3d47d2918afd67619ab728d0d74150d528fe8656	L1602545-R002,L1602546-R001,L1602547-R001
Deut	32	13	4Q141	1606799	NO_LETTER_SLOTS	4	10	0	0	0	0	5	3	2	4	0	0	0	0	passage_status/DSS-Deuteronomy-Passage-Status.txt	925835	727	d6b4ea5c514a2d314227570bc1dad5856613fbdfa046c91d4630eca7d00b47de	L1602548-R001
Deut	32	14	4Q141	1606799	PARTLY_RECONSTRUCTED	25	71	69	56	2	11	58	2	0	1	0	0	0	0	passage_status/DSS-Deuteronomy-Passage-Status.txt	926562	774	e6f645839cae8b70ef8816b3dcc4741ded649f524ea943dae218d09910d51068	L1602549-R001,L1602550-R001,L1602551-R001
Deut	32	15	4Q141	1606799	PARTLY_RECONSTRUCTED	22	76	72	43	7	22	47	7	0	1	0	0	0	0	passage_status/DSS-Deuteronomy-Passage-Status.txt	927336	818	d39842fe8bf3f6464a70a674dc16b69a63611c3d00ea7f179137d55a19cfb351	L1602551-R002,L1602552-R001,L1602553-R001,L1602554-R001,L1602555-R001
Deut	32	16	4Q141	1606799	PARTLY_RECONSTRUCTED	7	32	28	16	5	7	17	5	0	1	0	0	0	0	passage_status/DSS-Deuteronomy-Passage-Status.txt	928154	768	7cad8349d4f4ebe182cb33f0b72738c650f23614b0588f7b5f72b5f0466c40a0	L1602555-R002,L1602556-R001
Deut	32	17	4Q141	1606799	PARTLY_RECONSTRUCTED	18	63	58	3	10	44	3	10	0	1	0	3	0	0	passage_status/DSS-Deuteronomy-Passage-Status.txt	928922	791	d05fd54b0d8d4d04ab3b1b1840c6fa1e46e861c84afc0a0b3cfcf255bfcfc947	L1602557-R001,L1602558-R001,L1602559-R001
Deut	32	18	4Q141	1606799	PARTLY_RECONSTRUCTED	10	30	26	6	4	16	8	4	0	1	0	0	0	0	passage_status/DSS-Deuteronomy-Passage-Status.txt	929713	762	3718da0ca61d06f6a149d0df1a5eafee941a79b5057e9ef3340efb2c5819cb58	L1602559-R002,L1602560-R001
Deut	32	19	4Q141	1606799	PARTLY_RECONSTRUCTED	6	15	13	2	1	10	2	1	0	1	0	0	0	0	passage_status/DSS-Deuteronomy-Passage-Status.txt	930475	739	a060da38a290e5431bce1ccfc765a692b1d338ebe5542267dad34adeb493a2bd	L1602561-R001
Deut	32	20	4Q141	1606799	PARTLY_RECONSTRUCTED	18	65	59	36	8	15	41	8	0	1	0	0	0	0	passage_status/DSS-Deuteronomy-Passage-Status.txt	931214	802	34eca2aadabf3a20f69127523e59dd9bf920b3bd09f11a7839137dd433c11cae	L1602561-R002,L1602562-R001,L1602563-R001,L1602564-R001
Deut	32	21	4Q141	1606799	NO_LETTER_SLOTS	3	6	0	0	0	0	3	1	1	3	0	0	0	0	passage_status/DSS-Deuteronomy-Passage-Status.txt	932016	726	8be6b8201bcad788001d312931ca0f51d932b44902e42d251f5d720981c92e12	L1602564-R002
Deut	32	32	4Q141	1606799	PARTLY_RECONSTRUCTED	9	31	27	3	6	18	3	6	0	1	0	0	0	0	passage_status/DSS-Deuteronomy-Passage-Status.txt	932742	793	d6ecb9dbe0c44beb3d92d550a2826a9106edb9c210c019c003afefdbb6e10e4c	L1602565-R001,L1602566-R001,L1602567-R001,L1602568-R001
Deut	32	33	4Q141	1606799	PARTLY_RECONSTRUCTED	9	31	28	21	4	3	21	4	0	1	0	0	0	0	passage_status/DSS-Deuteronomy-Passage-Status.txt	933535	778	c8f3c3d1f2f4b59d831e9820de91f34a4b2f91e396c09631649b1b553d9dcd74	L1602569-R001,L1602570-R001,L1602571-R001
Deut	5	1	4Q142	1606800	PARTLY_RECONSTRUCTED	33	103	97	72	5	20	75	5	0	1	0	0	0	0	passage_status/DSS-Deuteronomy-Passage-Status.txt	934313	773	12944d44a78722de63cf4446e39bf0135a41abeaf487cd6ac7afeeddcdbcbd7f	L1602572-R001,L1602573-R001
Deut	5	2	4Q142	1606800	ALL_LETTER_SLOTS_RECONSTRUCTED	8	29	25	25	0	0	29	0	0	1	0	0	0	0	passage_status/DSS-Deuteronomy-Passage-Status.txt	935086	741	387ad5c8d40ae779a7ac68a2563fff214a36e1e7fa7c2517a41adcc96034975f	L1602573-R002
Deut	5	3	4Q142	1606800	ALL_LETTER_SLOTS_RECONSTRUCTED	20	61	56	56	0	0	59	0	0	1	0	0	0	0	passage_status/DSS-Deuteronomy-Passage-Status.txt	935827	742	36ea05442e3efc82b384785b09a8e167907178a401008eff1be8813c8bb3bd02	L1602573-R003
Deut	5	4	4Q142	1606800	PARTLY_RECONSTRUCTED	13	33	30	15	4	11	18	4	0	1	0	0	0	0	passage_status/DSS-Deuteronomy-Passage-Status.txt	936569	744	f0ccfc9b2cc57f1fdc5c975dd823724c29f836dc2d9bb347ec4ebe68d34a69b9	L1602574-R001
Deut	5	5	4Q142	1606800	PARTLY_RECONSTRUCTED	30	81	77	66	2	9	70	2	0	1	0	0	0	0	passage_status/DSS-Deuteronomy-Passage-Status.txt	937313	759	6a72e23cbc4d1896053a87bb8351ebcb1e8e8f097ede23b79af524f8d1bfd60b	L1602574-R002,L1602575-R001
Deut	5	6	4Q142	1606800	ALL_LETTER_SLOTS_RECONSTRUCTED	12	45	41	41	0	0	45	0	0	1	0	0	0	0	passage_status/DSS-Deuteronomy-Passage-Status.txt	938072	742	660571ccbabdbbcc72e8a06c122f17faae231cb402de8ddb8c4adc0e0f3cbd22	L1602575-R002
Deut	5	7	4Q142	1606800	ALL_LETTER_SLOTS_RECONSTRUCTED	8	27	23	23	0	0	27	0	0	1	0	0	0	0	passage_status/DSS-Deuteronomy-Passage-Status.txt	938814	741	7177ac61c5c121e78ad425b27adea000390964da7edca676533e9679f10098a7	L1602575-R003
Deut	5	8	4Q142	1606800	PARTLY_RECONSTRUCTED	27	63	60	52	2	6	55	2	0	1	0	0	0	0	passage_status/DSS-Deuteronomy-Passage-Status.txt	939555	759	efe3cfe815f3bd72a704074eb4fd364c623c28a257dd5f35998637b0f6595f6e	L1602575-R004,L1602576-R001
Deut	5	9	4Q142	1606800	PARTLY_RECONSTRUCTED	26	82	76	64	2	10	70	2	0	1	0	0	0	0	passage_status/DSS-Deuteronomy-Passage-Status.txt	940314	760	ef5b1eba1d48b3cdc680682534a1df581d0a5beb3cad9f840cdecbebdb2ead18	L1602576-R002,L1602577-R001
Deut	5	10	4Q142	1606800	ALL_LETTER_SLOTS_RECONSTRUCTED	12	33	29	29	0	0	33	0	0	1	0	0	0	0	passage_status/DSS-Deuteronomy-Passage-Status.txt	941074	744	50d96e8643ea30ff828cf55d40a991cdf248a77df903ed46db16110639c2611e	L1602577-R002
Deut	5	11	4Q142	1606800	PARTLY_RECONSTRUCTED	21	57	53	42	2	8	46	2	0	1	0	1	0	0	passage_status/DSS-Deuteronomy-Passage-Status.txt	941818	766	77aaf32356e9567bac131b4b6722993254ce00a36bf5b961267fa8698d8413be	L1602577-R003,L1602578-R001
Deut	5	12	4Q142	1606800	ALL_LETTER_SLOTS_RECONSTRUCTED	13	39	34	34	0	0	39	0	0	1	0	0	0	0	passage_status/DSS-Deuteronomy-Passage-Status.txt	942584	744	98eff41ab57f24fdd967e87c4fe532aefe6fe435732433e888682288ae1810f5	L1602578-R002
Deut	5	13	4Q142	1606800	ALL_LETTER_SLOTS_RECONSTRUCTED	8	27	24	24	0	0	27	0	0	1	0	0	0	0	passage_status/DSS-Deuteronomy-Passage-Status.txt	943328	743	e0332d008a68615b36697306c0f8e9ab47152069fa81852d855a412670c5dd60	L1602578-R003
Deut	5	14	4Q142	1606800	PARTLY_RECONSTRUCTED	40	128	113	98	5	10	112	5	0	1	0	0	0	0	passage_status/DSS-Deuteronomy-Passage-Status.txt	944071	787	0d0cfd07a94c08774b6c482f49a4981fdbf6e7e2ef09785bf77ec8879dc4fd11	L1602578-R004,L1602579-R001,L1602580-R001
Deut	5	15	4Q142	1606800	PARTLY_RECONSTRUCTED	36	99	92	90	1	1	94	1	0	1	0	0	0	0	passage_status/DSS-Deuteronomy-Passage-Status.txt	944858	755	a0b84fafe7a20183733d0a2b8fab0d5228ea7fb0a13532620b6312ff36071242	L1602580-R002,L1602581-R001
Deut	5	16	4Q142	1606800	PARTLY_RECONSTRUCTED	30	97	80	77	1	2	91	2	2	4	0	0	0	0	passage_status/DSS-Deuteronomy-Passage-Status.txt	945613	755	80726a291d8ba1419d61b136a7d29b2126b54841e2747a0cc44bed71a7fc3cd8	L1602581-R002,L1602582-R001
Deut	6	7	4Q142	1606800	PARTLY_RECONSTRUCTED	25	68	57	40	2	15	46	2	1	2	0	0	0	0	passage_status/DSS-Deuteronomy-Passage-Status.txt	946368	776	6401a0c9774bfebedfbd061ccf0af91b931980d306cb4cdd73f6f07ac0fea4f5	L1602583-R001,L1602584-R001,L1602585-R001
Deut	6	8	4Q142	1606800	PARTLY_RECONSTRUCTED	13	42	37	12	2	21	13	2	0	1	0	2	0	0	passage_status/DSS-Deuteronomy-Passage-Status.txt	947144	765	6f760997439dbdbc21ca04055b76aceaac4237717b75369b2aa878ee90970f95	L1602586-R001,L1602587-R001
Deut	6	9	4Q142	1606800	PARTLY_RECONSTRUCTED	9	33	28	10	6	12	11	6	0	1	0	0	0	0	passage_status/DSS-Deuteronomy-Passage-Status.txt	947909	771	00897a0bf18479690052fcda249dc497033255d0c5e078ea5b236360b0a15081	L1602588-R001,L1602589-R001
Deut	10	22	4Q143	1606801	PARTLY_RECONSTRUCTED	36	127	115	91	6	15	102	6	0	2	0	0	65	0	passage_status/DSS-Deuteronomy-Passage-Status.txt	948680	796	8999a18c4b281ce43632bb962e9b03b52a262132354a96cb23b78f968150500b	L1602590-R001,L1602591-R001,L1602593-R001
Deut	11	1	4Q143	1606801	PARTLY_RECONSTRUCTED	38	133	112	87	3	8	101	3	1	4	0	0	66	3	passage_status/DSS-Deuteronomy-Passage-Status.txt	949476	809	a71c9d29141269e12fd9b9f48ebb61cad57e905a0bcfe8b4607c7aefa6fd8dba	L1602591-R002,L1602592-R001,L1602593-R002,L1602594-R001
Deut	11	2	4Q143	1606801	PARTLY_RECONSTRUCTED	30	90	83	73	2	8	80	2	0	1	0	0	0	0	passage_status/DSS-Deuteronomy-Passage-Status.txt	950285	761	8616bcc01ef23bd50247bd7f82aba5385a453f8b8a38da1ace5295ec043d8a37	L1602594-R002,L1602595-R001
Deut	11	3	4Q143	1606801	PARTLY_RECONSTRUCTED	20	58	53	46	1	6	51	1	0	1	0	0	0	0	passage_status/DSS-Deuteronomy-Passage-Status.txt	951046	755	694316a156e78762085aaea78fd8f8c71c7ccec61394ed18e0dd3e9a298c2f7a	L1602595-R002,L1602596-R001
Deut	11	4	4Q143	1606801	NO_LETTER_SLOTS	5	10	0	0	0	0	7	1	3	5	0	0	0	0	passage_status/DSS-Deuteronomy-Passage-Status.txt	951801	741	edd8c3d985139f8f9b89d0842fa663759c6e276333d66dafa1d4a64dc4ce4e84	L1602596-R002,L1602597-R001
Deut	11	18	4Q143	1606801	PARTLY_RECONSTRUCTED	15	49	43	32	3	8	35	3	0	1	0	0	0	0	passage_status/DSS-Deuteronomy-Passage-Status.txt	952542	769	a39fcee3a738c1825c82b13f6bb3ef13906d04beebdc0a58e9fd0733ff4cdb54	L1602598-R001,L1602599-R001
Deut	11	19	4Q143	1606801	PARTLY_RECONSTRUCTED	27	67	58	34	3	21	40	3	0	1	0	0	0	0	passage_status/DSS-Deuteronomy-Passage-Status.txt	953311	790	807f4fa349f06f11f6ef54641af4cd051965086d61673222efe5c5afceadabd5	L1602599-R002,L1602600-R001,L1602601-R001,L1602602-R001
Deut	11	20	4Q143	1606801	PARTLY_RECONSTRUCTED	11	33	28	9	2	16	10	2	0	1	0	1	1	0	passage_status/DSS-Deuteronomy-Passage-Status.txt	954101	789	bd4fbffa046b0d579bbf6ba2225316498725327ffdb593253747ef64a6ba8fbe	L1602602-R002,L1602603-R001,L1602604-R001
Deut	11	4	4Q144	1606802	PARTLY_RECONSTRUCTED	10	24	19	11	5	3	16	5	1	2	0	0	0	0	passage_status/DSS-Deuteronomy-Passage-Status.txt	954890	751	a8a57819ebc45f3719ebe666290b183892ea2cebac26f426061b7ac78266860b	L1602605-R001
Deut	11	5	4Q144	1606802	NO_LETTER_SLOTS	14	36	0	0	0	0	22	12	9	14	0	0	0	0	passage_status/DSS-Deuteronomy-Passage-Status.txt	955641	793	5e0a72abf4599f85ad6c50f19d2cde660db32707378438b55624f6f467fdd2bf	L1602605-R002,L1602606-R001,L1602607-R001,L1602608-R001,L1602609-R001
Deut	11	13	4Q144	1606802	PARTLY_RECONSTRUCTED	30	92	78	70	3	5	79	6	1	2	0	0	0	0	passage_status/DSS-Deuteronomy-Passage-Status.txt	956434	747	71595670d4d791a6373c7a287f3088c0338c228c4941c2c94341a5819d173152	L1602610-R001
Deut	11	15	4Q144	1606802	PARTLY_RECONSTRUCTED	13	35	29	28	0	1	32	0	1	2	0	0	0	0	passage_status/DSS-Deuteronomy-Passage-Status.txt	957181	736	5249101482d972e2cd5397a2ff434e45966a2340b685473fd68497075dc77d7b	L1602611-R001
Deut	11	16	4Q144	1606802	PARTLY_RECONSTRUCTED	15	59	54	35	6	13	38	6	0	1	0	0	0	0	passage_status/DSS-Deuteronomy-Passage-Status.txt	957917	760	ffe589f2d0f33af2b729abae88533358f70a3ad0011ba3ef3c5174cff5d8cdd7	L1602611-R002
Deut	11	17	4Q144	1606802	PARTLY_RECONSTRUCTED	35	92	87	83	0	4	85	0	0	1	0	0	0	0	passage_status/DSS-Deuteronomy-Passage-Status.txt	958677	752	ea6789e496df51386d11c33edc36d039dac6f575902e1a27627c467da62a64e8	L1602611-R003,L1602612-R001
Deut	11	18	4Q144	1606802	PARTLY_RECONSTRUCTED	24	76	68	54	4	10	59	4	0	1	0	0	0	0	passage_status/DSS-Deuteronomy-Passage-Status.txt	959429	748	64a09759e2f43945e86340a4f299592ee1361f1b80278562ec92ec4d86fd14cd	L1602612-R002
Deut	11	19	4Q146	1606804	PARTLY_RECONSTRUCTED	15	33	27	22	2	3	24	2	0	1	0	0	0	0	passage_status/DSS-Deuteronomy-Passage-Status.txt	960177	789	2f1284df9a08986b9e7e7164d5973e7d4d5a29cec611ed5f0c7813fe550833ae	L1602639-R001,L1602640-R001,L1602641-R001,L1602642-R001
Deut	11	20	4Q146	1606804	PARTLY_RECONSTRUCTED	9	30	25	3	5	15	3	5	0	1	0	2	0	0	passage_status/DSS-Deuteronomy-Passage-Status.txt	960966	810	7d3ac2d7f37d739a44d86eeb84b66319eb7ee67e771d3464deaed839e5b1be7c	L1602642-R002,L1602643-R001,L1602644-R001,L1602645-R001
Deut	11	21	4Q146	1606804	PARTLY_RECONSTRUCTED	26	75	69	14	6	44	15	6	0	1	0	6	0	0	passage_status/DSS-Deuteronomy-Passage-Status.txt	961776	893	a9b94653b8f51d68a14d363472720d9e1d2126a84fcfa8c8ff3cf21a30a07c68	L1602646-R001,L1602647-R001,L1602648-R001,L1602649-R001,L1602650-R001,L1602651-R001,L1602652-R001,L1602653-R001,L1602654-R001
Deut	6	5	4Q150	1606806	PARTLY_RECONSTRUCTED	19	47	39	33	3	3	38	3	1	2	0	0	0	0	passage_status/DSS-Deuteronomy-Passage-Status.txt	962669	759	febc87ad2384ac35cd000ec99f115e2f62b27515f5ed5e3fb1e78a5844dc92b9	L1602663-R001,L1602664-R001
Deut	6	6	4Q150	1606806	PARTLY_RECONSTRUCTED	14	39	35	32	1	2	36	1	0	1	0	0	0	0	passage_status/DSS-Deuteronomy-Passage-Status.txt	963428	737	88bce098ffb7b42aee2ad84d2df0953bc4ba132052ea6f58574c0c047db27d60	L1602664-R002
Deut	10	14	4Q150	1606806	PARTLY_RECONSTRUCTED	17	42	38	24	3	11	28	3	0	1	0	0	0	0	passage_status/DSS-Deuteronomy-Passage-Status.txt	964165	764	7630abbad776d2a132def64d26012a6623bd6445772c053e078581001af69c3e	L1602664-R003,L1602665-R001
Deut	10	15	4Q150	1606806	NO_LETTER_SLOTS	2	4	0	0	0	0	4	0	1	2	0	0	0	0	passage_status/DSS-Deuteronomy-Passage-Status.txt	964929	726	69c5549eabcab9571c62a505fc976606ef890df7f62ebb5364aeb2fedc50f4f3	L1602665-R002
Deut	10	16	4Q150	1606806	PARTLY_RECONSTRUCTED	12	35	31	17	0	14	19	0	0	1	0	0	0	0	passage_status/DSS-Deuteronomy-Passage-Status.txt	965655	753	6618434c2e7261ddde62cb5e1be9045f0639fb662225f55849490a291686af42	L1602665-R003,L1602666-R001
Deut	10	17	4Q150	1606806	NO_LETTER_SLOTS	2	4	0	0	0	0	2	0	1	2	0	0	0	0	passage_status/DSS-Deuteronomy-Passage-Status.txt	966408	726	6d3eeb53ce646d2c6415a0024be30a30f79e0fe05c18cd61259dff1635e4b19b	L1602666-R002
Deut	10	18	4Q150	1606806	PARTLY_RECONSTRUCTED	16	41	38	23	0	15	26	0	0	1	0	0	0	0	passage_status/DSS-Deuteronomy-Passage-Status.txt	967134	737	59cb0308d7d9a0735d66b0a64f471202c7eaebbdcb24c2b3e5c570a63e064c8e	L1602667-R001
Deut	10	19	4Q150	1606806	NO_LETTER_SLOTS	2	4	0	0	0	0	4	0	1	2	0	0	0	0	passage_status/DSS-Deuteronomy-Passage-Status.txt	967871	726	cc18eb544407f4b79476b5b33bb3b45eefe05b5ad3623b60200398caa7857143	L1602667-R002
Deut	10	20	4Q150	1606806	PARTLY_RECONSTRUCTED	14	44	38	23	1	14	27	1	0	1	0	0	0	0	passage_status/DSS-Deuteronomy-Passage-Status.txt	968597	758	8e6100fb32c4cafc597a021b2734b5146619fdd6bfe0e18963ec8fc61be86463	L1602667-R003,L1602668-R001
Deut	10	21	4Q150	1606806	NO_LETTER_SLOTS	2	4	0	0	0	0	4	0	1	2	0	0	0	0	passage_status/DSS-Deuteronomy-Passage-Status.txt	969355	726	ba32a04f8562e6224e2101b084aa3e7c95777449d4a934944baae8a55b9d2d28	L1602668-R002
Deut	10	22	4Q150	1606806	PARTLY_RECONSTRUCTED	18	60	54	43	3	8	47	3	0	1	0	0	0	0	passage_status/DSS-Deuteronomy-Passage-Status.txt	970081	763	eb796a7d8238c319b0f5b7d7578fcba0fef10827fef4f6c8bc3c922669780a31	L1602668-R003,L1602669-R001
Deut	11	1	4Q150	1606806	PARTLY_RECONSTRUCTED	19	61	54	46	3	5	52	3	0	1	0	0	0	0	passage_status/DSS-Deuteronomy-Passage-Status.txt	970844	761	32bad2c1b4c4af159d2cd998f025e7d27246829a3888c991db0c59ad68798120	L1602669-R002,L1602670-R001
Deut	11	2	4Q150	1606806	PARTLY_RECONSTRUCTED	31	91	82	77	1	4	83	1	1	2	0	0	0	0	passage_status/DSS-Deuteronomy-Passage-Status.txt	971605	755	d9ba31fd428fddb6a5e00d178973bd732267c0a2abcdf2f46bdf05aef6a1a7b5	L1602670-R002,L1602671-R001
Deut	5	27	4Q151	1606807	PARTLY_RECONSTRUCTED	3	8	6	5	1	0	7	1	0	1	0	0	0	0	passage_status/DSS-Deuteronomy-Passage-Status.txt	972360	734	46b475c9ecf8271d52905088826cd1355dbf6c817878a16d16eb89d0eecd6f36	L1602672-R001
Deut	5	28	4Q151	1606807	PARTLY_RECONSTRUCTED	29	94	87	84	2	1	91	2	0	1	0	0	0	0	passage_status/DSS-Deuteronomy-Passage-Status.txt	973094	761	dc60051c0c5a636160150eff2d4faf223cd0627a680e734db6bc16f598c994d0	L1602672-R002,L1602673-R001
Deut	5	29	4Q151	1606807	PARTLY_RECONSTRUCTED	28	78	69	67	2	0	76	2	0	1	0	0	0	0	passage_status/DSS-Deuteronomy-Passage-Status.txt	973855	755	64385774f5733baae19763604aa587f647db15a5ea8aab9ed8c6a1008e39a016	L1602673-R002,L1602674-R001
Deut	5	30	4Q151	1606807	ALL_LETTER_SLOTS_RECONSTRUCTED	8	27	22	22	0	0	27	0	0	1	0	0	0	0	passage_status/DSS-Deuteronomy-Passage-Status.txt	974610	743	2bbe38f12784b7209d62dbc669ff332d91bcc25f86af54905d199733415208c3	L1602674-R002
Deut	5	31	4Q151	1606807	PARTLY_RECONSTRUCTED	31	87	80	76	4	0	83	4	0	1	0	0	0	0	passage_status/DSS-Deuteronomy-Passage-Status.txt	975353	777	7cd6d3c89d471f909f0ddf60af5582ee2eea2fe499a863154d73c0877f7b9b3d	L1602674-R003,L1602675-R001,L1602676-R001
Deut	5	32	4Q151	1606807	ALL_LETTER_SLOTS_RECONSTRUCTED	11	36	32	32	0	0	36	0	0	1	0	0	0	0	passage_status/DSS-Deuteronomy-Passage-Status.txt	976130	744	36aca2e90a6d509057f654d3ddca9724bd14dd3267102799de85d9bb17531631	L1602676-R002
Deut	5	33	4Q151	1606807	PARTLY_RECONSTRUCTED	14	49	44	40	1	3	45	1	0	1	0	0	0	0	passage_status/DSS-Deuteronomy-Passage-Status.txt	976874	755	d819086bce481c9c05284a34f65b401597ba3587f7908c8767163fcd5a26aa3d	L1602676-R003,L1602677-R001
Deut	6	1	4Q151	1606807	PARTLY_RECONSTRUCTED	27	80	74	68	3	3	74	3	0	1	0	0	0	0	passage_status/DSS-Deuteronomy-Passage-Status.txt	977629	759	0eeaf63321cdff524a7e3d864d928a6fc7c1a6f04127e5326ca934ea26c168a4	L1602677-R002,L1602678-R001
Deut	6	2	4Q151	1606807	ALL_LETTER_SLOTS_RECONSTRUCTED	29	97	86	86	0	0	97	0	0	1	0	0	0	0	passage_status/DSS-Deuteronomy-Passage-Status.txt	978388	758	1d8d3f3e1afb91392db730917844b3b6754c2ee9311f10cf7b23fcbefccf2677	L1602678-R002,L1602679-R001
Deut	6	3	4Q151	1606807	PARTLY_RECONSTRUCTED	25	74	61	60	1	0	70	3	2	4	0	0	0	0	passage_status/DSS-Deuteronomy-Passage-Status.txt	979146	769	60a67cabd6d34e317add0cdcf4d0b2a9ca03fe72c5f2d1f1d9f61f847b1b3e35	L1602679-R002,L1602680-R001,L1602681-R001
Deut	6	4	4Q151	1606807	ALL_LETTER_SLOTS_RECONSTRUCTED	7	28	25	25	0	0	28	0	0	1	0	0	0	0	passage_status/DSS-Deuteronomy-Passage-Status.txt	979915	741	60bfa9cf51b16e0b1296f0318c6496f19cf1e18b750fbebdbb99d25a9d863a2b	L1602681-R002
Deut	6	5	4Q151	1606807	PARTLY_RECONSTRUCTED	17	45	39	36	2	1	42	2	0	1	0	0	0	0	passage_status/DSS-Deuteronomy-Passage-Status.txt	980656	759	757f1d3876325f1abbb2133274ab2317d37abde5957f1c6b332df91025134583	L1602681-R003,L1602682-R001
Deut	6	6	4Q151	1606807	ALL_LETTER_SLOTS_RECONSTRUCTED	14	39	35	35	0	0	39	0	0	1	0	0	0	0	passage_status/DSS-Deuteronomy-Passage-Status.txt	981415	742	1c75bb46eaa3975add2a0a19f4b19e0383099f0897b7734362f2a9b341cc2be1	L1602682-R002
Deut	6	7	4Q151	1606807	PARTLY_RECONSTRUCTED	23	60	50	47	3	0	56	3	0	1	0	0	0	0	passage_status/DSS-Deuteronomy-Passage-Status.txt	982157	759	66d4c43b15716b0f8197897b2f77d7864d9b35b28520cd0bf9dc63522cbbc6f9	L1602682-R003,L1602683-R001
Deut	6	8	4Q151	1606807	ALL_LETTER_SLOTS_RECONSTRUCTED	13	37	32	32	0	0	37	0	0	1	0	0	0	0	passage_status/DSS-Deuteronomy-Passage-Status.txt	982916	742	167cf9c275b2de40b4092afa210a188cedb4057004ed9068da2ff99f002b1ea5	L1602683-R002
Deut	6	9	4Q151	1606807	PARTLY_RECONSTRUCTED	9	29	24	16	4	4	21	4	0	1	0	0	0	0	passage_status/DSS-Deuteronomy-Passage-Status.txt	983658	764	abfd1e2737afcbe01ed59bb3adaf08285c5bb57dd155cb99cb963b16967a6bbf	L1602683-R003,L1602684-R001
Deut	10	12	4Q151	1606807	PARTLY_RECONSTRUCTED	39	111	99	93	1	5	105	1	0	1	0	0	0	0	passage_status/DSS-Deuteronomy-Passage-Status.txt	984422	759	c6627f90a39f451738bec1ad49ed0a4858db75ad9e63708abbbc6a66b920c0c0	L1602684-R002,L1602685-R001
Deut	10	13	4Q151	1606807	ALL_LETTER_SLOTS_RECONSTRUCTED	17	48	43	43	0	0	48	0	0	1	0	0	0	0	passage_status/DSS-Deuteronomy-Passage-Status.txt	985181	762	73efb86ad4002b1029f01f390880fb06d7dfa7b259ca429198aaaa1328e6bc25	L1602685-R002,L1602686-R001
Deut	10	14	4Q151	1606807	ALL_LETTER_SLOTS_RECONSTRUCTED	17	42	38	38	0	0	40	0	0	1	0	0	0	0	passage_status/DSS-Deuteronomy-Passage-Status.txt	985943	746	d50055c5a115fe1f49b12b09d7d19f3ba94b3ac718df779e4064eeb9689caa73	L1602686-R002
Deut	10	15	4Q151	1606807	PARTLY_RECONSTRUCTED	23	67	59	53	2	4	61	2	0	1	0	0	0	0	passage_status/DSS-Deuteronomy-Passage-Status.txt	986689	747	51e777eede54c74e403e23390b5aaed7271fa08450fe2bf193f98decb30b94d6	L1602687-R001
Deut	10	16	4Q151	1606807	PARTLY_RECONSTRUCTED	11	35	31	28	0	3	32	0	0	1	0	0	0	0	passage_status/DSS-Deuteronomy-Passage-Status.txt	987436	752	7a79d7e30ed200f2b07184f44a1e04d13cbe37bf5fab3f68c626a61144c97075	L1602687-R002,L1602688-R001
Deut	10	17	4Q151	1606807	PARTLY_RECONSTRUCTED	29	78	75	73	1	1	76	1	0	1	0	0	0	0	passage_status/DSS-Deuteronomy-Passage-Status.txt	988188	757	f31c792df820efa05c2b4a822fe1f3fe57183eb3255f42b26d5ac4af01750f22	L1602688-R002,L1602689-R001
Deut	10	18	4Q151	1606807	PARTLY_RECONSTRUCTED	15	39	36	34	1	1	37	1	0	1	0	0	0	0	passage_status/DSS-Deuteronomy-Passage-Status.txt	988945	757	a57ca2137b512078614c7995f637127090de7b1e5b18fd9abd97f89684ca9272	L1602689-R002,L1602690-R001
Deut	10	19	4Q151	1606807	ALL_LETTER_SLOTS_RECONSTRUCTED	12	33	31	31	0	0	33	0	0	1	0	0	0	0	passage_status/DSS-Deuteronomy-Passage-Status.txt	989702	746	f1a7e7f9e18d2c612b115ff122ce9d5a50adff62c73973c8894535336324ce6d	L1602690-R002
Deut	10	20	4Q151	1606807	PARTLY_RECONSTRUCTED	14	44	38	36	1	1	42	1	0	1	0	0	0	0	passage_status/DSS-Deuteronomy-Passage-Status.txt	990448	757	742bf04227b36b9075e541e634280fa79d39e17ddcbd0c184439f11098e0c1e6	L1602690-R003,L1602691-R001
Deut	10	21	4Q151	1606807	NO_LETTER_SLOTS	8	16	0	0	0	0	8	3	4	8	0	0	0	0	passage_status/DSS-Deuteronomy-Passage-Status.txt	991205	775	3895242811b0d7e19b36dbd6330af73c53b45dedc5c9270390fbaa7f073070dd	L1602691-R002,L1602692-R001,L1602693-R001,L1602694-R001
Deut	6	4	4Q152	1606808	NO_LETTER_SLOTS	4	8	0	0	0	0	7	1	2	4	0	0	0	0	passage_status/DSS-Deuteronomy-Passage-Status.txt	991980	722	3ba640c00f3f514dae8becba5287468f6dbf2280c0005406c6364acd96240c3d	L1602695-R001
Deut	6	5	4Q152	1606808	PARTLY_RECONSTRUCTED	17	45	39	30	1	8	32	1	0	1	0	0	0	0	passage_status/DSS-Deuteronomy-Passage-Status.txt	992702	753	98cee37d92324c24b08f94335235c545b81550aa813ce48ce9e8e4f2a7b5dbde	L1602695-R002,L1602696-R001
Deut	6	6	4Q152	1606808	PARTLY_RECONSTRUCTED	14	39	35	34	1	0	36	1	0	1	0	0	0	0	passage_status/DSS-Deuteronomy-Passage-Status.txt	993455	753	01a316c0ed63c06f5c883922b996b90da1b8273fed97819fecf02129e4f48ef5	L1602696-R002,L1602697-R001
Deut	6	7	4Q152	1606808	PARTLY_RECONSTRUCTED	23	59	44	36	2	6	47	3	2	4	0	0	0	0	passage_status/DSS-Deuteronomy-Passage-Status.txt	994208	759	15ec69ef6ea6f1d69c4f464bd579b4bd80756f721cb6d04686c84e415700ac7b	L1602697-R002,L1602698-R001
Deut	11	16	4Q153	1606809	NO_LETTER_SLOTS	4	8	0	0	0	0	7	1	2	4	0	0	0	0	passage_status/DSS-Deuteronomy-Passage-Status.txt	994967	726	1931414e8ed509873c3c18a94de05b4815c878b4c45564967c5a50f6c2bf06b6	L1602699-R001
Deut	11	17	4Q153	1606809	PARTLY_RECONSTRUCTED	35	91	86	82	0	4	86	0	0	1	0	0	0	0	passage_status/DSS-Deuteronomy-Passage-Status.txt	995693	768	fe6cde35a749dba2b8fb3517e64d8c89a33b088919a2143aec37a137c0073976	L1602699-R002,L1602700-R001,L1602701-R001
Deut	11	18	4Q153	1606809	PARTLY_RECONSTRUCTED	25	77	67	55	5	7	61	5	1	2	0	0	0	0	passage_status/DSS-Deuteronomy-Passage-Status.txt	996461	775	dce831bba018fd8ea567411a38011dbf3fb8a9c59b3e653aeac89006124fedcc	L1602701-R002,L1602702-R001
Deut	7	15	5Q1	1606814	PARTLY_RECONSTRUCTED	26	79	72	47	3	13	51	3	0	1	0	9	0	0	passage_status/DSS-Deuteronomy-Passage-Status.txt	997236	747	76dde9e66dc23e9ac5efa3742d4466afe559fbf2074e07ca1ed889e0622ac405	L1602731-R001
Deut	7	16	5Q1	1606814	PARTLY_RECONSTRUCTED	25	78	70	44	1	25	47	1	0	1	0	0	0	0	passage_status/DSS-Deuteronomy-Passage-Status.txt	997983	736	6440f849002928602799ca3df83f91ff7f5d958939b9677be1151f989707a2d3	L1602732-R001
Deut	7	17	5Q1	1606814	PARTLY_RECONSTRUCTED	15	45	40	20	1	19	21	1	0	1	0	0	0	0	passage_status/DSS-Deuteronomy-Passage-Status.txt	998719	736	dc1bb8726a2c319c9dcd23ee2bc60d952849b6df05f9922e206995cbb80a15cb	L1602733-R001
Deut	7	18	5Q1	1606814	PARTLY_RECONSTRUCTED	17	51	47	32	1	14	35	1	0	1	0	0	0	0	passage_status/DSS-Deuteronomy-Passage-Status.txt	999455	752	79ec8c3737d4cc0f14d239a8c3169b1b2f1ac04fe0850ef21079d912d402c297	L1602733-R002,L1602734-R001
Deut	7	19	5Q1	1606814	PARTLY_RECONSTRUCTED	42	119	108	46	7	55	52	7	0	1	0	0	0	0	passage_status/DSS-Deuteronomy-Passage-Status.txt	1000207	772	dbbec5f0f19c656588ea4e9afda511ba14a46532138fe936fbee3330fecb2031	L1602734-R002,L1602735-R001
Deut	7	20	5Q1	1606814	PARTLY_RECONSTRUCTED	19	55	50	42	4	4	44	4	0	1	0	0	0	0	passage_status/DSS-Deuteronomy-Passage-Status.txt	1000979	757	cf4d38747aeb6d6c8576b4da60161eaf4c95b99435e4eabec721097e8481d096	L1602735-R002,L1602736-R001
Deut	7	21	5Q1	1606814	PARTLY_RECONSTRUCTED	14	44	39	18	1	20	22	1	0	1	0	0	0	0	passage_status/DSS-Deuteronomy-Passage-Status.txt	1001736	736	aeb9dd85080770db748d32756fab10f5a747ef7f5eb3a9d2c6f8f345e1c72333	L1602736-R002
Deut	7	22	5Q1	1606814	PARTLY_RECONSTRUCTED	24	70	64	48	1	15	52	1	0	1	0	0	0	0	passage_status/DSS-Deuteronomy-Passage-Status.txt	1002472	752	61e5707300de3d6d40f65a4d628d1e71245421d4503e69cbb19a2f607c29c3c8	L1602736-R003,L1602737-R001
Deut	7	23	5Q1	1606814	PARTLY_RECONSTRUCTED	13	45	38	34	0	4	40	0	0	1	0	0	0	0	passage_status/DSS-Deuteronomy-Passage-Status.txt	1003224	746	44496e02d381cbc9ed8e496ccf4c227de154735e32327df01bf50d40387f7dd7	L1602737-R002,L1602738-R001
Deut	7	24	5Q1	1606814	PARTLY_RECONSTRUCTED	14	39	34	26	0	8	28	0	0	1	0	0	0	0	passage_status/DSS-Deuteronomy-Passage-Status.txt	1003970	730	0189ff0dd447039aaee87960d985df598ddc93cecf0dbb978e57fc4d7a2e386d	L1602738-R002
Deut	8	5	5Q1	1606814	PARTLY_RECONSTRUCTED	16	51	43	39	1	3	46	1	1	2	0	0	0	0	passage_status/DSS-Deuteronomy-Passage-Status.txt	1004700	733	e5c42968530791eaa5d3fe6d4624f049f2783914f2cc35ee8fbf50f6c46043cc	L1602739-R001
Deut	8	6	5Q1	1606814	ALL_LETTER_SLOTS_RECONSTRUCTED	15	45	39	39	0	0	45	0	0	1	0	0	0	0	passage_status/DSS-Deuteronomy-Passage-Status.txt	1005433	754	0a722e7f598a34046081eb1df9395300913d3945327b147155d770fb27870e8b	L1602739-R002,L1602740-R001
Deut	8	7	5Q1	1606814	PARTLY_RECONSTRUCTED	20	62	58	40	4	14	42	4	0	1	0	0	0	0	passage_status/DSS-Deuteronomy-Passage-Status.txt	1006187	756	40657b11d813d1130d26f0ce41b200c4f8c6124ad195947b51088e3777b867a4	L1602740-R002,L1602741-R001
Deut	8	8	5Q1	1606814	PARTLY_RECONSTRUCTED	16	40	38	20	1	17	20	1	0	1	0	0	0	0	passage_status/DSS-Deuteronomy-Passage-Status.txt	1006943	734	6d0aee572e7a9899f253d4e001d7436e9cf11b9e856a9c828f040653f42a1e71	L1602741-R002
Deut	8	9	5Q1	1606814	PARTLY_RECONSTRUCTED	22	68	62	49	5	8	52	5	0	1	0	0	0	0	passage_status/DSS-Deuteronomy-Passage-Status.txt	1007677	761	172cdeb9e727f59b0bff168a3e3b941f887b1e5767e65a78b2f3466cc584bf9a	L1602741-R003,L1602742-R001
Deut	8	10	5Q1	1606814	PARTLY_RECONSTRUCTED	18	48	44	34	4	6	38	4	0	1	0	0	0	0	passage_status/DSS-Deuteronomy-Passage-Status.txt	1008438	763	096d0329fba5bba86ae9b839d003b2e740e2cab9986530bc6213e10b3ebccf4f	L1602742-R002,L1602743-R001
Deut	8	11	5Q1	1606814	PARTLY_RECONSTRUCTED	21	73	65	37	2	26	43	2	0	1	0	0	0	0	passage_status/DSS-Deuteronomy-Passage-Status.txt	1009201	758	81a85f512fd02f1f18c1b9b3a3c4e71b217fa83c61038b3b41944ea8c92913a1	L1602743-R002,L1602744-R001
Deut	8	12	5Q1	1606814	PARTLY_RECONSTRUCTED	12	35	32	21	1	8	21	1	0	1	0	3	0	0	passage_status/DSS-Deuteronomy-Passage-Status.txt	1009959	740	7452d81fb0e4cf5b219c282338dc1e403606247b1ec8228c08d43ec3fb0c9b22	L1602744-R002
Deut	8	13	5Q1	1606814	PARTLY_RECONSTRUCTED	16	47	40	18	5	17	22	5	0	1	0	0	0	0	passage_status/DSS-Deuteronomy-Passage-Status.txt	1010699	764	3105af3e9fdc6d173cc2e7ea4287d75cbbde76844382bcc1af92c30b094374b5	L1602744-R003,L1602745-R001
Deut	8	14	5Q1	1606814	PARTLY_RECONSTRUCTED	17	53	48	28	4	16	30	4	0	1	0	0	0	0	passage_status/DSS-Deuteronomy-Passage-Status.txt	1011463	736	178dd26d022fadcc2f7a7101e2b1ad61dfaf9b6df2a9a9384e0531fd8382ff02	L1602745-R002
Deut	8	15	5Q1	1606814	PARTLY_RECONSTRUCTED	27	72	68	51	2	15	52	2	0	1	0	0	0	0	passage_status/DSS-Deuteronomy-Passage-Status.txt	1012199	742	5a70a8a1169b04d5ee1feadfe5fb84c9ea2cf11ed4500b91a110eb8a8bfbda35	L1602746-R001
Deut	8	16	5Q1	1606814	PARTLY_RECONSTRUCTED	19	66	57	45	0	12	50	0	0	1	0	0	0	0	passage_status/DSS-Deuteronomy-Passage-Status.txt	1012941	731	b83ed9df5ce9124903e146faa706648771c44d5743eb6c1de84591d7375cf38c	L1602747-R001
Deut	8	17	5Q1	1606814	PARTLY_RECONSTRUCTED	16	41	35	25	2	8	30	2	0	1	0	0	0	0	passage_status/DSS-Deuteronomy-Passage-Status.txt	1013672	757	c2ae98795e363cc49b9166631c058976eff3f81d92b3be537c8c0b4e9ed77324	L1602747-R002,L1602748-R001
Deut	8	18	5Q1	1606814	PARTLY_RECONSTRUCTED	27	78	72	56	4	12	59	4	0	1	0	0	0	0	passage_status/DSS-Deuteronomy-Passage-Status.txt	1014429	758	6e62ed69ae911d90c58d99ef49808266ac1be0d2fdfb02f090a53eb89fca7b49	L1602748-R002,L1602749-R001
Deut	8	19	5Q1	1606814	PARTLY_RECONSTRUCTED	33	104	97	76	10	10	80	10	0	1	0	14	0	0	passage_status/DSS-Deuteronomy-Passage-Status.txt	1015187	780	c31886db2311a9024ed94019841dc9181b81c5c53dc9d6912f38faf83009df3a	L1602749-R002,L1602750-R001
Deut	8	20	5Q1	1606814	PARTLY_RECONSTRUCTED	17	62	56	53	0	3	56	0	0	1	0	0	0	0	passage_status/DSS-Deuteronomy-Passage-Status.txt	1015967	730	baeece11020b964f9322aab869bfe12fbc32b5ffe8de0ca43a220b1a87b656b5	L1602751-R001
Deut	9	1	5Q1	1606814	PARTLY_RECONSTRUCTED	25	71	68	56	5	7	58	5	0	1	0	0	0	0	passage_status/DSS-Deuteronomy-Passage-Status.txt	1016697	755	246031fac1c17db321af836e66d50098437a207f11f8ec822e64f2357ee5083a	L1602752-R001,L1602753-R001
Deut	9	2	5Q1	1606814	PARTLY_RECONSTRUCTED	21	59	53	47	5	1	51	5	1	3	0	1	0	0	passage_status/DSS-Deuteronomy-Passage-Status.txt	1017452	744	96877c3aa1002ce7927c7478d3e401832a377ae569b50c948d32024a08bff128	L1602753-R002
Deut	26	19	6Q3	1606823	PARTLY_RECONSTRUCTED	30	74	69	61	3	5	65	3	0	1	0	0	0	0	passage_status/DSS-Deuteronomy-Passage-Status.txt	1018196	759	6e70439ce3b3ff3f07f22b98cd419a38f515ae2ad14304bb7833d95cb0d4def8	L1602892-R001,L1602893-R001
Deut	11	13	8Q3	1606830	PARTLY_RECONSTRUCTED	29	89	80	12	0	68	12	0	0	1	0	0	0	0	passage_status/DSS-Deuteronomy-Passage-Status.txt	1018955	765	215368da64c48c9575a33ef9f778e69f77a72c0183dc2087e980f8316a438476	L1603157-R001,L1603158-R001,L1603159-R001
Deut	11	14	8Q3	1606830	PARTLY_RECONSTRUCTED	17	55	48	1	0	44	1	0	0	1	0	3	0	0	passage_status/DSS-Deuteronomy-Passage-Status.txt	1019720	752	b2044f53f25fca3a71957dd93a475c4acc9ae3ae692c1fc7ece7d9f4c687e69e	L1603160-R001,L1603161-R001
Deut	11	15	8Q3	1606830	NO_LETTER_RECONSTRUCTION_MARKED	12	32	28	0	0	27	0	0	0	1	0	1	0	0	passage_status/DSS-Deuteronomy-Passage-Status.txt	1020472	763	7578ac22752006f33b68a5c911a764e7e5ac5ac819ac30ffcfdbd70adec87f58	L1603161-R002,L1603162-R001
Deut	11	16	8Q3	1606830	PARTLY_RECONSTRUCTED	15	57	52	8	0	41	9	0	0	1	0	3	0	0	passage_status/DSS-Deuteronomy-Passage-Status.txt	1021235	768	fb82a0ff8fe4d5cbc6b3226a48b8bbf950962d7054520258e757576b7b05b9e1	L1603162-R002,L1603163-R001,L1603164-R001
Deut	11	17	8Q3	1606830	PARTLY_RECONSTRUCTED	35	91	86	21	0	63	22	0	0	1	0	2	0	0	passage_status/DSS-Deuteronomy-Passage-Status.txt	1022003	770	f496213f5804fbe98dc9ba98a9c4d7c33c3b44a259246d52d4de9bf64e8a431b	L1603164-R002,L1603165-R001,L1603166-R001
Deut	11	18	8Q3	1606830	PARTLY_RECONSTRUCTED	24	75	67	23	0	44	29	0	0	1	0	0	0	0	passage_status/DSS-Deuteronomy-Passage-Status.txt	1022773	765	cc410dfd96eb74fcd2aeac15dfa874b65c7970fd6bf1f7914c7ccb16b6a310b4	L1603166-R002,L1603167-R001,L1603168-R001
Deut	11	19	8Q3	1606830	PARTLY_RECONSTRUCTED	24	64	54	12	0	42	15	0	0	1	0	0	0	0	passage_status/DSS-Deuteronomy-Passage-Status.txt	1023538	749	b3ea05d85f1c118d2809f42df8a6596ebf897ffd2eb030e171a627f0acc6ba37	L1603168-R002,L1603169-R001
Deut	11	20	8Q3	1606830	PARTLY_RECONSTRUCTED	9	30	25	4	0	21	4	0	0	1	0	0	0	0	passage_status/DSS-Deuteronomy-Passage-Status.txt	1024287	730	04b6445b880bd443c9e1cfe02cf6b4bfdc07fe2a679e36d8df989488e243bc65	L1603169-R002
Deut	11	21	8Q3	1606830	PARTLY_RECONSTRUCTED	25	74	68	12	0	56	12	0	0	1	0	0	0	0	passage_status/DSS-Deuteronomy-Passage-Status.txt	1025017	749	fb83a1eac4921211121ef38d9b8508f6ef5c642b6d5a48363bedb6448a8543dc	L1603169-R003,L1603170-R001
Deut	6	4	8Q3	1606830	PARTLY_RECONSTRUCTED	7	28	25	10	0	15	13	0	0	1	0	0	0	0	passage_status/DSS-Deuteronomy-Passage-Status.txt	1025766	728	502eb3d36469a919a3b5dc40a0359866d2ff7ef2809051572eb7bfcb77f4af1a	L1603171-R001
Deut	6	5	8Q3	1606830	PARTLY_RECONSTRUCTED	17	45	39	17	0	22	19	0	0	1	0	0	0	0	passage_status/DSS-Deuteronomy-Passage-Status.txt	1026494	761	df1509542354e55823eb46a6f9998aece08554887cdfe8866a95af01ce474efe	L1603171-R002,L1603172-R001,L1603173-R001
Deut	6	6	8Q3	1606830	PARTLY_RECONSTRUCTED	14	39	35	12	0	23	15	0	0	1	0	0	0	0	passage_status/DSS-Deuteronomy-Passage-Status.txt	1027255	745	f6269ba62664377a1a478d7322f796bfd32347f8efe9e6cbd3c67a6063deba4f	L1603173-R002,L1603174-R001
Deut	6	7	8Q3	1606830	PARTLY_RECONSTRUCTED	23	60	50	17	0	33	20	0	0	1	0	0	0	0	passage_status/DSS-Deuteronomy-Passage-Status.txt	1028000	761	30a2ec18c87f371bf7d20d92b49a3b76be725e49caefd63735f29c13da572afb	L1603174-R002,L1603175-R001,L1603176-R001
Deut	6	8	8Q3	1606830	PARTLY_RECONSTRUCTED	13	37	32	6	0	26	7	0	0	1	0	0	0	0	passage_status/DSS-Deuteronomy-Passage-Status.txt	1028761	743	50a1ff75eea282adebec19b746898d061364287ff9846588e0f8c5a42dc1c3e7	L1603176-R002,L1603177-R001
Deut	6	9	8Q3	1606830	PARTLY_RECONSTRUCTED	9	29	24	2	0	18	3	0	0	1	0	7	0	0	passage_status/DSS-Deuteronomy-Passage-Status.txt	1029504	747	cbce679a62246a0069ff68df9bf1437c6e2eb704f295551ea2f265da14d5c559	L1603177-R002,L1603178-R001
Deut	6	1	8Q3	1606830	PARTLY_RECONSTRUCTED	22	65	60	23	11	26	26	11	0	1	0	0	0	0	passage_status/DSS-Deuteronomy-Passage-Status.txt	1030251	774	750942a241c116b835a0b95f518fdb978b6d7a82ccf415da16b56d3a83b4a194	L1603186-R002,L1603187-R001,L1603188-R001
Deut	6	2	8Q3	1606830	PARTLY_RECONSTRUCTED	30	94	77	38	7	32	47	11	1	4	0	0	0	0	passage_status/DSS-Deuteronomy-Passage-Status.txt	1031025	773	cc6258b8ec2d8d6edf2aa0a2d21bec4815853033e09d975a62a31a9061bfdcf5	L1603188-R002,L1603189-R001,L1603190-R001
Deut	6	3	8Q3	1606830	PARTLY_RECONSTRUCTED	20	60	56	18	3	35	18	3	0	1	0	0	0	0	passage_status/DSS-Deuteronomy-Passage-Status.txt	1031798	750	dec57a80d7fe60b2773a4ff3e62b06d254752a4fc31257940f984d762a1ccdbc	L1603190-R002,L1603191-R001
Deut	10	20	8Q3	1606830	PARTLY_RECONSTRUCTED	14	46	40	6	6	28	7	6	0	1	0	0	0	0	passage_status/DSS-Deuteronomy-Passage-Status.txt	1032548	742	44e807dbac346ead34d18d80da4ddba5689eb9214f8be978f989cb7979484f6d	L1603192-R001
Deut	10	21	8Q3	1606830	PARTLY_RECONSTRUCTED	30	87	78	36	8	33	40	8	0	2	0	1	0	0	passage_status/DSS-Deuteronomy-Passage-Status.txt	1033290	781	d77cf7cb6a336ba9f52f78784325f5b3065ea8f3bb983c8756663071412d7c78	L1603193-R001,L1603194-R001,L1603233-R001
Deut	10	22	8Q3	1606830	PARTLY_RECONSTRUCTED	36	111	93	24	10	56	34	13	3	5	0	4	0	0	passage_status/DSS-Deuteronomy-Passage-Status.txt	1034071	816	9f48f856059a50da53109c8935e3c0f7585f3db4cd882a0d9eb4ece3933932a7	L1603194-R002,L1603195-R001,L1603233-R002,L1603234-R001,L1603235-R001
Deut	10	12	8Q3	1606830	PARTLY_RECONSTRUCTED	39	112	100	6	2	92	7	2	0	1	0	0	0	0	passage_status/DSS-Deuteronomy-Passage-Status.txt	1034887	808	a74c5b7051bb5f8b9e67302b912213c15a573e58dde23e7ea03fcb3437a1bdfa	L1603199-R001,L1603200-R001,L1603201-R001,L1603202-R001,L1603203-R001
Deut	10	13	8Q3	1606830	PARTLY_RECONSTRUCTED	19	55	49	2	3	41	5	3	0	1	0	3	0	0	passage_status/DSS-Deuteronomy-Passage-Status.txt	1035695	757	33b312f6bcc3356015c58b95c5fd24d307040a8deb8442ca689c99e8625f26ca	L1603203-R002,L1603204-R001
Deut	10	14	8Q3	1606830	PARTLY_RECONSTRUCTED	17	44	40	14	2	24	15	2	0	1	0	0	0	0	passage_status/DSS-Deuteronomy-Passage-Status.txt	1036452	744	49abc42c101ab8922ad527e8aeb0a2eb9d0f82dd24f4650fce10cfb8400e6ec9	L1603204-R002
Deut	10	15	8Q3	1606830	PARTLY_RECONSTRUCTED	22	58	49	21	16	12	26	17	1	2	0	0	0	0	passage_status/DSS-Deuteronomy-Passage-Status.txt	1037196	769	fc9e36d9cdd6cde8ccec7a711860f2a3a0cc0f930c88182b52043c11e6ab91ec	L1603204-R003,L1603205-R001
Deut	10	16	8Q3	1606830	PARTLY_RECONSTRUCTED	12	36	30	12	0	17	15	0	1	2	0	1	0	0	passage_status/DSS-Deuteronomy-Passage-Status.txt	1037965	754	cc55fe0285522169665aea98c4a41b4b72ba78ade9073d9d114f16446568a4d0	L1603205-R002,L1603206-R001
Deut	10	17	8Q3	1606830	PARTLY_RECONSTRUCTED	27	69	64	44	2	17	49	2	1	2	0	1	0	0	passage_status/DSS-Deuteronomy-Passage-Status.txt	1038719	759	6d2e718dd619a36acebf9f0ef09d6cb82c59f154cf561aa64817aa8a5b986d51	L1603206-R002,L1603207-R001
Deut	10	19	8Q3	1606830	PARTLY_RECONSTRUCTED	14	39	36	26	0	10	28	0	0	1	0	0	0	0	passage_status/DSS-Deuteronomy-Passage-Status.txt	1039478	749	3242674ecab0709120ba11ab0bce8fa0120558b7ff0a5fdaf949856e27a2329c	L1603207-R002,L1603208-R001
Deut	5	1	8Q3	1606830	PARTLY_RECONSTRUCTED	35	102	96	44	3	49	46	3	0	1	0	0	0	0	passage_status/DSS-Deuteronomy-Passage-Status.txt	1040227	757	ac3ec145e47ace230dd59abecd21d83b90353c245182da08d2ef2676eb396961	L1603214-R001,L1603215-R001
Deut	5	2	8Q3	1606830	NO_LETTER_RECONSTRUCTION_MARKED	8	29	26	0	1	25	2	1	0	1	0	0	0	0	passage_status/DSS-Deuteronomy-Passage-Status.txt	1040984	742	9c3282f32f770043ee6c0257206dd80ed7fcd8dc294f79a8cf31e78ca95e1695	L1603215-R002
Deut	5	3	8Q3	1606830	PARTLY_RECONSTRUCTED	18	57	52	18	4	30	20	4	0	1	0	0	0	0	passage_status/DSS-Deuteronomy-Passage-Status.txt	1041726	756	5b8110bdb97e84fd68f0721fa67f6690a85b8fbe52a18c012957bd9765456ba6	L1603215-R003,L1603216-R001
Deut	5	4	8Q3	1606830	PARTLY_RECONSTRUCTED	11	30	27	3	0	24	5	0	0	1	0	0	0	0	passage_status/DSS-Deuteronomy-Passage-Status.txt	1042482	743	3bf104a5d9e7f3b1e3c58527e22c4171048b942f0f646e27974038063eb7f1f6	L1603216-R002,L1603217-R001
Deut	5	5	8Q3	1606830	PARTLY_RECONSTRUCTED	28	70	66	15	0	51	15	0	0	1	0	0	0	0	passage_status/DSS-Deuteronomy-Passage-Status.txt	1043225	729	41eb7d67091dbb01030c1c1a4ccb043ea35b77b6695713a7c7719888885cd0e0	L1603217-R002
Deut	5	6	8Q3	1606830	PARTLY_RECONSTRUCTED	12	45	41	17	0	24	18	0	0	1	0	0	0	0	passage_status/DSS-Deuteronomy-Passage-Status.txt	1043954	729	8d80970f839ad644867827ca4d8ed4287a79c583a0289e7829b8de5b6b03dc82	L1603218-R001
Deut	5	7	8Q3	1606830	NO_LETTER_RECONSTRUCTION_MARKED	8	27	23	0	3	20	2	3	0	1	0	0	0	0	passage_status/DSS-Deuteronomy-Passage-Status.txt	1044683	748	f3e2d15adb903734af750050c31e36507cdcda38018bb2cbad07ccd7b1a8f57e	L1603218-R002
Deut	5	8	8Q3	1606830	PARTLY_RECONSTRUCTED	20	49	46	20	0	26	21	0	0	1	0	0	0	0	passage_status/DSS-Deuteronomy-Passage-Status.txt	1045431	745	c8a563c386219b629ce6b3299e8a24e7888755ae6c8f592d5aab75e01c27eacd	L1603218-R003,L1603219-R001
Deut	5	9	8Q3	1606830	PARTLY_RECONSTRUCTED	25	78	73	18	5	50	19	5	0	1	0	0	0	0	passage_status/DSS-Deuteronomy-Passage-Status.txt	1046176	750	d8ff4e4aa81c4a82ecd47b02ef4ba7b7af06bcb6a6488b1acd55ccb2e3b58b13	L1603219-R002,L1603220-R001
Deut	5	10	8Q3	1606830	PARTLY_RECONSTRUCTED	11	32	28	2	4	22	5	4	0	1	0	0	0	0	passage_status/DSS-Deuteronomy-Passage-Status.txt	1046926	756	5fe0c6c00179570b7594dd145a8484715e5a2b9c0c23bf38470d20eea5315cb9	L1603220-R002,L1603221-R001
Deut	5	11	8Q3	1606830	PARTLY_RECONSTRUCTED	9	25	22	17	1	4	18	1	0	1	0	0	0	0	passage_status/DSS-Deuteronomy-Passage-Status.txt	1047682	734	2a57a2602e5883589bd8694385281434f33bc6d524001f4b0eb531d62cd107d7	L1603221-R002
Deut	5	12	8Q3	1606830	PARTLY_RECONSTRUCTED	18	44	35	2	8	25	6	11	1	3	0	0	0	0	passage_status/DSS-Deuteronomy-Passage-Status.txt	1048416	757	5cc5820e2737ce872f8b2707dbfa874f9199daa0f7bb42f0ab3de67da7a8967c	L1603221-R003,L1603222-R001
Deut	5	13	8Q3	1606830	PARTLY_RECONSTRUCTED	8	27	24	19	1	4	22	1	0	1	0	0	0	0	passage_status/DSS-Deuteronomy-Passage-Status.txt	1049173	734	34b2e2f19dfa3233bbe91d4b8813d785d90643c680e61c739920c0c387b8a923	L1603222-R002
Deut	5	14	8Q3	1606830	PARTLY_RECONSTRUCTED	24	72	63	14	5	44	16	5	1	2	0	0	0	0	passage_status/DSS-Deuteronomy-Passage-Status.txt	1049907	758	1aac2ba5db2c10b74f5f1ed9b5acdd74232619ea5a97f9b8b448a3a998b3e4e9	L1603222-R003,L1603223-R001
Deut	11	1	8Q3	1606830	PARTLY_RECONSTRUCTED	18	58	51	12	7	28	15	7	1	2	0	4	0	0	passage_status/DSS-Deuteronomy-Passage-Status.txt	1050665	763	e50a7bb8e71bd74de4a209670bd48a03052f789f10854b7b2a8adfa5ccb1d90b	L1603235-R002,L1603236-R001
Deut	11	6	8Q3	1606830	PARTLY_RECONSTRUCTED	36	95	84	19	8	57	23	9	2	3	0	0	0	0	passage_status/DSS-Deuteronomy-Passage-Status.txt	1051428	774	7cb8653068f664cbc4883922f28ccb77bf429362d1e0a17c1b8c4ac67b7f9ec4	L1603236-R002,L1603237-R001,L1603238-R001
Deut	11	7	8Q3	1606830	PARTLY_RECONSTRUCTED	18	54	51	6	6	34	6	6	0	1	0	5	0	0	passage_status/DSS-Deuteronomy-Passage-Status.txt	1052202	777	920889e7887c95735d5d133329ad0e696c051460c7b5c4d2317fdd1e84ba5681	L1603238-R002,L1603239-R001,L1603240-R001
Deut	11	8	8Q3	1606830	NO_LETTER_RECONSTRUCTION_MARKED	14	41	38	0	4	34	0	4	0	1	0	0	0	0	passage_status/DSS-Deuteronomy-Passage-Status.txt	1052979	767	5331d17fdd089d9fb3c76d8c166ce2e4705486833c9d93495ecec8c5c81a8584	L1603240-R002,L1603241-R001
Deut	11	9	8Q3	1606830	PARTLY_RECONSTRUCTED	25	77	70	4	3	63	6	3	0	1	0	0	0	0	passage_status/DSS-Deuteronomy-Passage-Status.txt	1053746	750	e30de65ae27489a3116b6f28974b5f5176fb4fd9edf9d3a01838d491b6dc517f	L1603241-R002,L1603242-R001
Deut	11	10	8Q3	1606830	NO_LETTER_RECONSTRUCTION_MARKED	21	59	52	0	9	43	2	10	1	2	0	2	0	0	passage_status/DSS-Deuteronomy-Passage-Status.txt	1054496	775	2d73403e4f6f1ed543f9e013aef284e25b44cbd3d3b9b5ce1b33cb1ee4a0c84c	L1603243-R001,L1603244-R001
Deut	11	11	8Q3	1606830	PARTLY_RECONSTRUCTED	12	36	33	1	4	26	1	4	0	1	0	3	0	0	passage_status/DSS-Deuteronomy-Passage-Status.txt	1055271	757	728769409ea3d46f8a1b977e5e93307ffdee321ea35b681b697fccfb5cb7064b	L1603244-R002,L1603245-R001
Deut	11	12	8Q3	1606830	PARTLY_RECONSTRUCTED	21	70	63	19	5	39	20	5	0	1	0	0	0	0	passage_status/DSS-Deuteronomy-Passage-Status.txt	1056028	776	370486c60c67e433cc3a184cb5f41b8ba398ebebdf85d04a8894a118112b47c9	L1603245-R002,L1603246-R001,L1603247-R001
Deut	10	12	8Q4	1606831	PARTLY_RECONSTRUCTED	39	111	99	96	1	2	107	1	0	1	0	0	0	0	passage_status/DSS-Deuteronomy-Passage-Status.txt	1056804	771	2e1dd0bab4d3c45ce536baf3d6ba4465ca2a3c005d37cff70f901d54adb86bd6	L1603317-R001,L1603318-R001,L1603319-R001
Deut	10	13	8Q4	1606831	PARTLY_RECONSTRUCTED	18	54	48	29	1	18	34	1	0	1	0	0	0	0	passage_status/DSS-Deuteronomy-Passage-Status.txt	1057575	754	a94e02c4540ed64442d2af998e7e9f6d6a24a9007492fc6c37d45ace5e9a6d1e	L1603319-R002,L1603320-R001
Deut	10	14	8Q4	1606831	PARTLY_RECONSTRUCTED	17	42	38	29	6	3	33	6	0	1	0	0	0	0	passage_status/DSS-Deuteronomy-Passage-Status.txt	1058329	771	f087f6dc175db2f4009abf1ba5e6fc877e931887cc4d217f12a61c291a77717e	L1603320-R002,L1603321-R001
Deut	10	15	8Q4	1606831	PARTLY_RECONSTRUCTED	23	66	58	40	0	18	45	0	0	1	0	0	0	0	passage_status/DSS-Deuteronomy-Passage-Status.txt	1059100	749	de6430a59a9cab2481e48cce9246f0e2370b0b0320bfee8ebeeb159fa19a9ead	L1603321-R002,L1603322-R001
Deut	10	16	8Q4	1606831	PARTLY_RECONSTRUCTED	11	36	32	11	1	20	13	1	0	1	0	0	0	0	passage_status/DSS-Deuteronomy-Passage-Status.txt	1059849	754	586ce7b56068ba0ea58814392cb97f5110560ea133437df5632b7810e85087e6	L1603322-R002,L1603323-R001
Deut	10	17	8Q4	1606831	PARTLY_RECONSTRUCTED	29	77	74	46	0	28	47	0	0	1	0	0	0	0	passage_status/DSS-Deuteronomy-Passage-Status.txt	1060603	749	2bfc80c7ebbaafbec5c30316692d91724e84d8cf5f8ee115bf345a70613eac1f	L1603323-R002,L1603324-R001
Deut	10	18	8Q4	1606831	PARTLY_RECONSTRUCTED	15	39	36	31	0	5	34	0	0	1	0	0	0	0	passage_status/DSS-Deuteronomy-Passage-Status.txt	1061352	748	dc7d822d6f36fc06e2fe53e0579d6b807cab464fa61d657bb275bd3abde19236	L1603324-R002,L1603325-R001
Deut	10	19	8Q4	1606831	PARTLY_RECONSTRUCTED	12	33	31	24	0	7	26	0	0	1	0	0	0	0	passage_status/DSS-Deuteronomy-Passage-Status.txt	1062100	748	e60285f310b037a23f7939addc51edd93e4891493139b6f805e9fa233104e24f	L1603325-R002,L1603326-R001
Deut	10	20	8Q4	1606831	PARTLY_RECONSTRUCTED	15	46	40	19	2	19	22	2	0	1	0	0	0	0	passage_status/DSS-Deuteronomy-Passage-Status.txt	1062848	760	b6eb757fa84d11746f09fa11e149dde0562a84aa13b30b3b498e48911cbdd48f	L1603326-R002,L1603327-R001
Deut	10	21	8Q4	1606831	PARTLY_RECONSTRUCTED	21	64	58	25	0	33	25	0	0	1	0	0	0	0	passage_status/DSS-Deuteronomy-Passage-Status.txt	1063608	749	6d5664ccefcf2b68aaeb14b5673f33fcddbb9fd1da1e529775796712fa248628	L1603327-R002,L1603328-R001
Deut	10	22	8Q4	1606831	PARTLY_RECONSTRUCTED	19	61	55	23	0	32	26	0	0	1	0	0	0	0	passage_status/DSS-Deuteronomy-Passage-Status.txt	1064357	749	8da45880b6ad006bf5bfdba7036bf20dece53b7896f18ff6db4588c26fbe0670	L1603328-R002,L1603329-R001
Deut	11	1	8Q4	1606831	PARTLY_RECONSTRUCTED	18	61	54	44	3	7	50	3	0	1	0	0	0	0	passage_status/DSS-Deuteronomy-Passage-Status.txt	1065106	751	5a7baf934adfb676c85aa848e6bf5e6f630985ac0ea8eda1902131237fefcd42	L1603330-R001,L1603331-R001
Deut	11	2	8Q4	1606831	PARTLY_RECONSTRUCTED	31	91	84	34	0	50	36	0	0	1	0	0	0	0	passage_status/DSS-Deuteronomy-Passage-Status.txt	1065857	747	60646b73c92b81e4a1d95478afb4c7b49740267da5095030f3e8f46abad46a86	L1603331-R002,L1603332-R001
Deut	11	3	8Q4	1606831	PARTLY_RECONSTRUCTED	19	56	51	27	2	22	29	2	0	1	0	0	0	0	passage_status/DSS-Deuteronomy-Passage-Status.txt	1066604	774	088b6d6eda405cae73e0ac43432e14c7bf9d8a76447b1fd2a0e0632fa629b7bf	L1603332-R002,L1603333-R001,L1603334-R001
Deut	11	4	8Q4	1606831	PARTLY_RECONSTRUCTED	35	100	91	22	4	65	25	4	0	1	0	0	0	0	passage_status/DSS-Deuteronomy-Passage-Status.txt	1067378	775	16c12f55c123d48cc2e2f2eebfce2d651d9b7462a26180fe6dc42b3f25aee89b	L1603334-R002,L1603335-R001,L1603336-R001
Deut	11	5	8Q4	1606831	ALL_LETTER_SLOTS_RECONSTRUCTED	14	35	31	31	0	0	35	0	0	1	0	0	0	0	passage_status/DSS-Deuteronomy-Passage-Status.txt	1068153	740	eec81023adfc89ef2d033a28168441d84030df3da43b2a9cd2864e641c31953c	L1603336-R002
Deut	11	6	8Q4	1606831	PARTLY_RECONSTRUCTED	47	126	119	70	1	48	75	1	0	1	0	0	0	0	passage_status/DSS-Deuteronomy-Passage-Status.txt	1068893	786	e7473ceb1b1abc7f933b775e48e2d7d97ded7ded994df068e45524a4f0e289d7	L1603336-R003,L1603337-R001,L1603338-R001,L1603339-R001
Deut	11	7	8Q4	1606831	PARTLY_RECONSTRUCTED	16	50	46	17	2	27	20	2	0	1	0	0	0	0	passage_status/DSS-Deuteronomy-Passage-Status.txt	1069679	752	9d6c91e34555c80ae4a8702481cac1816a538df94286c22acec1ff265ef45092	L1603339-R002,L1603340-R001
Deut	11	8	8Q4	1606831	PARTLY_RECONSTRUCTED	33	98	93	23	7	63	25	7	0	1	0	0	0	0	passage_status/DSS-Deuteronomy-Passage-Status.txt	1070431	768	8e0786bdd067551f5c554a2b063c4e4f2c4a8d9c0f07edc7703f2a10dbae161c	L1603340-R002,L1603341-R001,L1603342-R001
Deut	11	9	8Q4	1606831	PARTLY_RECONSTRUCTED	24	70	65	37	1	27	40	1	0	1	0	0	0	0	passage_status/DSS-Deuteronomy-Passage-Status.txt	1071199	752	5892724af877076edb035471bc0f697131e9fd14b6dd669e60c6df8a74ba01a2	L1603342-R002,L1603343-R001
Deut	11	10	8Q4	1606831	PARTLY_RECONSTRUCTED	31	84	78	41	1	36	44	1	0	1	0	0	0	0	passage_status/DSS-Deuteronomy-Passage-Status.txt	1071951	770	1047325596428d509c2ea0caff9565e1e4bd8e33e34e383fb134160eb824be2c	L1603343-R002,L1603344-R001,L1603345-R001
Deut	11	11	8Q4	1606831	PARTLY_RECONSTRUCTED	20	55	51	18	1	32	20	1	0	1	0	0	0	0	passage_status/DSS-Deuteronomy-Passage-Status.txt	1072721	754	dcea8d9a085f5fdd2ccd0dd66607ab390c58e142dac80f7aee684189b38dae61	L1603345-R002,L1603346-R001
Deut	11	12	8Q4	1606831	PARTLY_RECONSTRUCTED	18	66	60	22	5	33	23	5	0	1	0	0	0	0	passage_status/DSS-Deuteronomy-Passage-Status.txt	1073475	776	3cc9ccd039c9a9981dd8f6a575b304b3b1d893d834c5ad653672f0a3578e4784	L1603346-R002,L1603347-R001,L1603348-R001
Deut	11	13	8Q4	1606831	PARTLY_RECONSTRUCTED	29	89	80	14	7	59	14	7	0	1	0	0	0	0	passage_status/DSS-Deuteronomy-Passage-Status.txt	1074251	766	ed2211c9164095f085e10f4385b6eb4a49daf84edfdeaebef097503e55a50ac8	L1603348-R002,L1603349-R001
Deut	11	14	8Q4	1606831	PARTLY_RECONSTRUCTED	17	54	47	12	4	31	16	4	0	1	0	0	0	0	passage_status/DSS-Deuteronomy-Passage-Status.txt	1075017	766	42a83f5a443dd89a9d428b3c6fd340fd47719aaff777ea022d9c7eaf364290a2	L1603349-R002,L1603350-R001
Deut	11	15	8Q4	1606831	PARTLY_RECONSTRUCTED	12	31	27	13	2	12	16	2	0	1	0	0	0	0	passage_status/DSS-Deuteronomy-Passage-Status.txt	1075783	760	599f36f5b84841ba389d3d126c503ac146167e2e4d40319801126c3932e0ff27	L1603350-R002,L1603351-R001
Deut	11	16	8Q4	1606831	PARTLY_RECONSTRUCTED	15	57	52	33	1	18	37	1	0	1	0	0	0	0	passage_status/DSS-Deuteronomy-Passage-Status.txt	1076543	754	e5004f766ff0458f07598ab3b3d044f4ab9b562e9921b1627d9e829ea58d8bd4	L1603351-R002,L1603352-R001
Deut	11	17	8Q4	1606831	PARTLY_RECONSTRUCTED	35	92	87	53	2	32	58	2	0	1	0	0	0	0	passage_status/DSS-Deuteronomy-Passage-Status.txt	1077297	776	92b08f24bc7c7a4b3adc0836dc14dbecf8070588998d5b42d293a4bd33837f1a	L1603352-R002,L1603353-R001,L1603354-R001
Deut	11	18	8Q4	1606831	PARTLY_RECONSTRUCTED	24	76	68	47	4	17	53	4	0	1	0	0	0	0	passage_status/DSS-Deuteronomy-Passage-Status.txt	1078073	760	a7f19036c50acd5b544031525fb160a004028472417e8036f453fedaf0ab8151	L1603354-R002,L1603355-R001
Deut	11	19	8Q4	1606831	PARTLY_RECONSTRUCTED	24	64	54	14	8	32	15	8	0	1	0	0	0	0	passage_status/DSS-Deuteronomy-Passage-Status.txt	1078833	766	b343aadb4f723ea58f4a158f3fe3b7d03499cf2785b47ec4183aa8a9541f2a87	L1603355-R002,L1603356-R001
Deut	11	20	8Q4	1606831	PARTLY_RECONSTRUCTED	9	30	25	16	1	8	17	1	0	1	0	0	0	0	passage_status/DSS-Deuteronomy-Passage-Status.txt	1079599	752	88cb7f2c352192594f07ce8801130c617134d4edb2d3a0e0aa0f19c1e27feaff	L1603356-R002,L1603357-R001
Deut	11	21	8Q4	1606831	PARTLY_RECONSTRUCTED	25	74	68	54	2	12	58	2	0	1	0	0	0	0	passage_status/DSS-Deuteronomy-Passage-Status.txt	1080351	760	119919dc0262bdffebf7389236579e334424cde6c7a4dbcfee6bb463a0e68058	L1603357-R002,L1603358-R001
Deut	1	4	11Q3	1606834	PARTLY_RECONSTRUCTED	21	62	60	48	2	10	48	2	0	1	0	0	0	0	passage_status/DSS-Deuteronomy-Passage-Status.txt	1081111	752	1ba601928ae6bad4ca5a036afb71a620f66de9c3745c9155b2b47048c2c56116	L1603565-R001,L1603566-R001
Deut	1	5	11Q3	1606834	PARTLY_RECONSTRUCTED	14	37	35	23	2	10	23	2	0	1	0	0	0	0	passage_status/DSS-Deuteronomy-Passage-Status.txt	1081863	758	b8adf8bfb9d2cb76246f0105549d2554d350f962568ddee66a1e28695489e585	L1603566-R002,L1603567-R001
Deut	2	28	11Q3	1606834	PARTLY_RECONSTRUCTED	14	37	31	28	2	1	34	2	1	2	0	0	0	0	passage_status/DSS-Deuteronomy-Passage-Status.txt	1082621	759	3d619cafb01f1618708a6bb54551d3710e311904dee2742f7017c2756fd49e60	L1603568-R001,L1603569-R001
Deut	2	29	11Q3	1606834	PARTLY_RECONSTRUCTED	32	95	90	72	3	15	77	3	0	1	0	0	0	0	passage_status/DSS-Deuteronomy-Passage-Status.txt	1083380	798	af0d8274ffa59427eb81198e856b2647ec68f190aba524bcae8feea1dee94c94	L1603569-R002,L1603570-R001,L1603571-R001,L1603572-R001
Deut	2	30	11Q3	1606834	PARTLY_RECONSTRUCTED	5	14	12	8	1	3	8	1	0	1	0	0	0	0	passage_status/DSS-Deuteronomy-Passage-Status.txt	1084178	734	41193322eb06a946241db727c8f1cfac686d9d23c0a00125ebce03e7080704d9	L1603572-R002
Deut	10	12	Xq1	1606841	PARTLY_RECONSTRUCTED	40	111	99	2	7	89	3	7	0	1	0	1	0	0	passage_status/DSS-Deuteronomy-Passage-Status.txt	1084912	774	29cadf5b03de12772291f1cb4049a9409bc8138acbb6161fcb0b18c46d42d366	L1604201-R001,L1604202-R001,L1604203-R001
Deut	10	13	Xq1	1606841	NO_LETTER_RECONSTRUCTION_MARKED	19	54	48	0	8	40	0	8	0	1	0	0	0	0	passage_status/DSS-Deuteronomy-Passage-Status.txt	1085686	769	1dcfdf242a433cafb0bf156768e637d86f5d170e88623ea5ab790c62d04863e6	L1604203-R002,L1604204-R001
Deut	10	14	Xq1	1606841	NO_LETTER_RECONSTRUCTION_MARKED	17	42	38	0	8	30	0	8	0	1	0	0	0	0	passage_status/DSS-Deuteronomy-Passage-Status.txt	1086455	753	23a094482a4321a8fee41b38396d2f4e4845e882f055344ab292cf8bfdb2a8b1	L1604204-R002
Deut	10	15	Xq1	1606841	NO_LETTER_RECONSTRUCTION_MARKED	23	66	58	0	8	50	0	8	0	1	0	0	0	0	passage_status/DSS-Deuteronomy-Passage-Status.txt	1087208	779	bba37a2f044aef950a285c77309a947f6fe473f2c083789cebb6150bb9abd242	L1604204-R003,L1604205-R001,L1604206-R001
Deut	10	16	Xq1	1606841	NO_LETTER_RECONSTRUCTION_MARKED	11	35	31	0	14	17	0	14	0	1	0	0	0	0	passage_status/DSS-Deuteronomy-Passage-Status.txt	1087987	756	94d95ca72cf0e1e645ab834c55cc748b5cf920a4e3504bcd270e0bcd95be8ed0	L1604206-R002
Deut	10	17	Xq1	1606841	NO_LETTER_RECONSTRUCTION_MARKED	29	79	76	0	7	67	0	7	0	1	0	2	0	0	passage_status/DSS-Deuteronomy-Passage-Status.txt	1088743	790	b5a0801e54bfe1b8e11bfd3e37e5329adad629ddc76aada0f3b725b90d09776e	L1604206-R003,L1604207-R001,L1604208-R001
Deut	10	18	Xq1	1606841	NO_LETTER_RECONSTRUCTION_MARKED	15	38	35	0	0	34	0	0	0	1	0	1	0	0	passage_status/DSS-Deuteronomy-Passage-Status.txt	1089533	763	7f60204f1ec41a746fe42b152b984d928d9bcdf6052dd72baa855ccafa2641d1	L1604208-R002,L1604209-R001
Deut	10	19	Xq1	1606841	NO_LETTER_RECONSTRUCTION_MARKED	12	33	31	0	2	29	0	2	0	1	0	0	0	0	passage_status/DSS-Deuteronomy-Passage-Status.txt	1090296	753	3061c8c86f4d5ae7167499d20c3ba20be0fb8845c83a0953384066580a7ff63a	L1604209-R002
Deut	5	22	Xq2	1606842	NO_LETTER_RECONSTRUCTION_MARKED	34	96	90	0	6	84	0	6	0	1	0	0	0	0	passage_status/DSS-Deuteronomy-Passage-Status.txt	1091049	761	12205bac484793fe18eb232c86d78ef657cf1f91bc2b008b505575e9c21c1c49	L1604210-R001,L1604211-R001
Deut	5	23	Xq2	1606842	NO_LETTER_RECONSTRUCTION_MARKED	26	71	64	0	12	52	0	12	0	1	0	0	0	0	passage_status/DSS-Deuteronomy-Passage-Status.txt	1091810	769	eea50ebcd98c6b19bcc4af63e08f027241aaf0233dd6bb4ec6610732955a2dec	L1604211-R002,L1604212-R001
Deut	5	24	Xq2	1606842	PARTLY_RECONSTRUCTED	33	95	88	5	12	70	5	12	0	1	0	1	0	0	passage_status/DSS-Deuteronomy-Passage-Status.txt	1092579	779	7278db446aa3d39aa09810fec6e76257b08ea0445d4c38f3b801ad30307fd49c	L1604212-R002,L1604213-R001,L1604214-R001
Deut	5	25	Xq2	1606842	PARTLY_RECONSTRUCTED	25	77	73	2	11	58	2	11	0	1	0	4	0	0	passage_status/DSS-Deuteronomy-Passage-Status.txt	1093358	779	15f40ac6094efea3dcc26fce8a952299dea02b07e4743257c0e650862d8ec6a1	L1604214-R002,L1604215-R001,L1604216-R001
Deut	5	26	Xq2	1606842	NO_LETTER_RECONSTRUCTION_MARKED	18	49	46	0	7	39	0	7	0	1	0	2	0	0	passage_status/DSS-Deuteronomy-Passage-Status.txt	1094137	772	8f0a660f6f10c41ec965aa25f967c8cea9787f307900744587198c3698b325b4	L1604216-R002,L1604217-R001
Deut	5	27	Xq2	1606842	NO_LETTER_RECONSTRUCTION_MARKED	26	87	81	0	7	74	0	7	0	1	0	0	0	0	passage_status/DSS-Deuteronomy-Passage-Status.txt	1094909	767	7fe4443742c02a71a7143fe1dd82d1f80a23635b7eb80ec8d5355b8a3aba8e88	L1604217-R002,L1604218-R001
Deut	5	28	Xq2	1606842	NO_LETTER_RECONSTRUCTION_MARKED	29	93	86	0	3	80	0	3	0	1	0	3	0	0	passage_status/DSS-Deuteronomy-Passage-Status.txt	1095676	788	b6c0514f84c9da8ae94fb73b20d54be5d791920cf8e3882b1d16ee1befced410	L1604218-R002,L1604219-R001,L1604220-R001
Deut	5	29	Xq2	1606842	NO_LETTER_RECONSTRUCTION_MARKED	26	74	65	0	5	58	0	5	0	1	0	3	0	0	passage_status/DSS-Deuteronomy-Passage-Status.txt	1096464	772	a3bdd128d87d434498dd0e808c76ae6a69c329cc514b4bef72aa621ca5f91314	L1604220-R002,L1604221-R001
Deut	5	30	Xq2	1606842	NO_LETTER_RECONSTRUCTION_MARKED	8	27	22	0	2	20	0	2	0	1	0	0	0	0	passage_status/DSS-Deuteronomy-Passage-Status.txt	1097236	760	65a6ef4a040de0f8764f626f2d2dca8f6795cd2179a6c21ffff95ed687107f00	L1604221-R002,L1604222-R001
Deut	5	31	Xq2	1606842	PARTLY_RECONSTRUCTED	31	87	80	1	3	72	1	3	0	1	0	4	0	0	passage_status/DSS-Deuteronomy-Passage-Status.txt	1097996	771	4a6d399a3e119f43f047751e9f4382be0e372f9b2bae05e40f0be075ab1c8553	L1604222-R002,L1604223-R001,L1604224-R001
Deut	5	32	Xq2	1606842	NO_LETTER_RECONSTRUCTION_MARKED	17	55	51	0	7	44	0	7	0	1	0	0	0	0	passage_status/DSS-Deuteronomy-Passage-Status.txt	1098767	761	f65cc53da571d83c39c935329e4e8a18b9bd548551c3f009d3ba09e4356b8a4e	L1604224-R002,L1604225-R001
Deut	5	33	Xq2	1606842	PARTLY_RECONSTRUCTED	23	78	71	1	1	69	2	1	0	1	0	0	0	0	passage_status/DSS-Deuteronomy-Passage-Status.txt	1099528	750	a631c0781d0465c21af52207ff1cad73deea9216a9de30db2593c757e97ec364	L1604225-R002,L1604226-R001
Deut	6	1	Xq2	1606842	NO_LETTER_RECONSTRUCTION_MARKED	28	79	73	0	2	71	0	2	0	1	0	0	0	0	passage_status/DSS-Deuteronomy-Passage-Status.txt	1100278	775	bbd145a9ff0374857d4280d3eaa3d10cc114631c688c137316fd9879e35a5154	L1604226-R002,L1604227-R001,L1604228-R001
Deut	6	2	Xq2	1606842	NO_LETTER_RECONSTRUCTION_MARKED	32	108	96	0	6	90	0	6	0	1	0	1	0	0	passage_status/DSS-Deuteronomy-Passage-Status.txt	1101053	787	281fc4c7909c1fe0be0f1f131955973125b860233a1cc88dae4ca6d154cc9b9e	L1604228-R002,L1604229-R001,L1604230-R001
Deut	6	3	Xq2	1606842	PARTLY_RECONSTRUCTED	27	83	78	1	7	70	1	7	0	1	0	2	0	0	passage_status/DSS-Deuteronomy-Passage-Status.txt	1101840	753	62b040c7788cf2ff3c85a9f0717fcfd1a3866c0d0741f383d51eb15bd79d5163	L1604230-R002,L1604231-R001
Deut	6	4	Xq2	1606842	NO_LETTER_RECONSTRUCTION_MARKED	7	28	25	0	2	23	0	2	0	1	0	0	0	0	passage_status/DSS-Deuteronomy-Passage-Status.txt	1102593	742	d6819e69b0960c78791caaa980790ff0005f31f56ee48b8af8041b7bdcb5f070	L1604232-R001
Deut	6	5	Xq2	1606842	NO_LETTER_RECONSTRUCTION_MARKED	17	45	39	0	5	33	0	5	0	1	0	1	0	0	passage_status/DSS-Deuteronomy-Passage-Status.txt	1103335	770	6065deb09a16c822837717afd5a8c364472bfa983a74fb70cb916b5c25e004ff	L1604232-R002,L1604233-R001
Deut	6	6	Xq2	1606842	NO_LETTER_RECONSTRUCTION_MARKED	14	39	35	0	10	25	0	10	0	1	0	1	0	0	passage_status/DSS-Deuteronomy-Passage-Status.txt	1104105	756	b5cab9a3338a17446defcd20935cbc9afcf895eff33486631ce52f82254f4cfd	L1604233-R002
Deut	6	7	Xq2	1606842	NO_LETTER_RECONSTRUCTION_MARKED	23	60	50	0	5	43	0	5	0	1	0	4	0	0	passage_status/DSS-Deuteronomy-Passage-Status.txt	1104861	754	2010504b67f21140189bde111a3642dcdc8847824c2955ee5f2b0d9f7b391266	L1604234-R001
Deut	6	8	Xq2	1606842	NO_LETTER_RECONSTRUCTION_MARKED	13	37	32	0	1	31	0	1	0	1	0	0	0	0	passage_status/DSS-Deuteronomy-Passage-Status.txt	1105615	743	9de668f51e8f9ad869259e01c6f5754b7294c6e82fbdb7ffb7405c7b6ff2f692	L1604235-R001
Deut	6	9	Xq2	1606842	NO_LETTER_RECONSTRUCTION_MARKED	9	30	25	0	2	21	0	2	0	1	0	3	0	0	passage_status/DSS-Deuteronomy-Passage-Status.txt	1106358	747	725de10dcbb24d88f4fdb398db3d0b8881487a37cc76e58cf8bca378a4a5b081	L1604235-R002
Deut	5	1	Xq3	1606843	PARTLY_RECONSTRUCTED	36	104	97	13	30	52	13	30	0	1	0	2	0	0	passage_status/DSS-Deuteronomy-Passage-Status.txt	1107105	877	7e4aa8926fe29e86ba0048559d40ec3e8516eb8802f32db757422bad472f7d35	L1604236-R001,L1604237-R001,L1604238-R001,L1604239-R001,L1604240-R001,L1604241-R001,L1604242-R001,L1604243-R001,L1604244-R001
Deut	5	2	Xq3	1606843	PARTLY_RECONSTRUCTED	8	29	25	1	8	16	1	8	0	1	0	0	0	0	passage_status/DSS-Deuteronomy-Passage-Status.txt	1107982	737	b07bafb234633a544e8d70ea90b5e9ba47a4812ad43b29db50cca27d0e8f895f	L1604244-R002
Deut	5	3	Xq3	1606843	NO_LETTER_RECONSTRUCTION_MARKED	20	61	56	0	11	45	0	11	0	1	0	0	0	0	passage_status/DSS-Deuteronomy-Passage-Status.txt	1108719	767	5f172c867bde46c2d59215a9ea0c939aefaa3ae82d63b51cea43409347eab136	L1604245-R001,L1604246-R001
Deut	5	4	Xq3	1606843	NO_LETTER_RECONSTRUCTION_MARKED	13	33	30	0	4	26	0	4	0	1	0	0	0	0	passage_status/DSS-Deuteronomy-Passage-Status.txt	1109486	743	d0ccd3dac42b3958e141732997c70e9887b62397b424a75919c780f30431490f	L1604246-R002
Deut	5	5	Xq3	1606843	PARTLY_RECONSTRUCTED	31	78	74	4	13	57	4	13	0	1	0	0	0	0	passage_status/DSS-Deuteronomy-Passage-Status.txt	1110229	773	66c84e895c5b9964869e4c79c89ac1af961cf4305788037431a230b23e15c2b9	L1604246-R003,L1604247-R001,L1604248-R001
Deut	5	6	Xq3	1606843	PARTLY_RECONSTRUCTED	12	45	41	1	7	33	1	7	0	1	0	0	0	0	passage_status/DSS-Deuteronomy-Passage-Status.txt	1111002	748	b240dc9fc61e5287f3996ad6d9a400b8bb7257739f8864d08605eafd44925ffb	L1604248-R002,L1604249-R001
Deut	5	7	Xq3	1606843	PARTLY_RECONSTRUCTED	8	27	23	2	1	20	2	1	0	1	0	0	0	0	passage_status/DSS-Deuteronomy-Passage-Status.txt	1111750	747	4106d94c78c4a4acc18fda39b74c392ce6f3e0803b2b422332b793bdb58ff676	L1604249-R002,L1604250-R001
Deut	5	8	Xq3	1606843	PARTLY_RECONSTRUCTED	25	60	57	2	1	54	2	1	0	1	0	0	0	0	passage_status/DSS-Deuteronomy-Passage-Status.txt	1112497	748	351a590520d8ae5d8e980bf58c69783677311b4b6d51183257ceef686b6bd95c	L1604250-R002,L1604251-R001
Deut	5	9	Xq3	1606843	NO_LETTER_RECONSTRUCTION_MARKED	25	81	75	0	6	69	0	6	0	1	0	3	0	0	passage_status/DSS-Deuteronomy-Passage-Status.txt	1113245	770	3575aa607cedb6ecbe98f9fa862a05b7df6cffb87c1c16bfc67c2cccc3a99fdc	L1604251-R002,L1604252-R001
Deut	5	10	Xq3	1606843	NO_LETTER_RECONSTRUCTION_MARKED	12	33	29	0	1	28	0	1	0	1	0	0	0	0	passage_status/DSS-Deuteronomy-Passage-Status.txt	1114015	745	edba3643ccf04585954eda92b2d06a61a1b932768a2c545f64229d703efbfe63	L1604253-R001
Deut	5	11	Xq3	1606843	NO_LETTER_RECONSTRUCTION_MARKED	20	55	51	0	5	46	0	5	0	1	0	0	0	0	passage_status/DSS-Deuteronomy-Passage-Status.txt	1114760	761	4855cf300a393c201814ccfb7534104a2944db21dc724e5d2cbe15060841aa04	L1604253-R002,L1604254-R001
Deut	5	12	Xq3	1606843	NO_LETTER_RECONSTRUCTION_MARKED	13	39	34	0	8	26	0	8	0	1	0	0	0	0	passage_status/DSS-Deuteronomy-Passage-Status.txt	1115521	767	3aa9e11f4c88a3c785b9d04455d8e2a79ea1ccc0efbb421f4d8d10093e4f71c2	L1604254-R002,L1604255-R001
Deut	5	13	Xq3	1606843	NO_LETTER_RECONSTRUCTION_MARKED	8	28	25	0	1	22	0	1	0	1	0	2	0	0	passage_status/DSS-Deuteronomy-Passage-Status.txt	1116288	765	e5ee3e96994f53152e48043cdeb4b9124b25c612f51e251e2c40c1f1051d1989	L1604255-R002,L1604256-R001
Deut	5	14	Xq3	1606843	NO_LETTER_RECONSTRUCTION_MARKED	41	125	110	0	16	93	0	16	0	1	0	1	0	0	passage_status/DSS-Deuteronomy-Passage-Status.txt	1117053	793	fcf81ac1cc7acbb2b26e2bb1c95056a91d132180b12fe5f2140dbd08bb58bb45	L1604256-R002,L1604257-R001,L1604258-R001
Deut	5	15	Xq3	1606843	NO_LETTER_RECONSTRUCTION_MARKED	34	97	91	0	28	61	0	28	0	1	0	2	0	0	passage_status/DSS-Deuteronomy-Passage-Status.txt	1117846	791	a7ffbfb4a0386dbab9b9e8e7a132be0758278ad112c1dc18bfc1d690c7afdf20	L1604258-R002,L1604259-R001,L1604260-R001
Deut	5	16	Xq3	1606843	NO_LETTER_RECONSTRUCTION_MARKED	27	92	81	0	10	69	0	10	0	1	0	2	0	0	passage_status/DSS-Deuteronomy-Passage-Status.txt	1118637	790	7b67f5ffc77cf9d342fab6be0326607825082a424eaaa5e5a1f7710520145094	L1604260-R002,L1604261-R001,L1604262-R001
Deut	5	17	Xq3	1606843	NO_LETTER_RECONSTRUCTION_MARKED	3	8	6	0	0	6	0	0	0	1	0	0	0	0	passage_status/DSS-Deuteronomy-Passage-Status.txt	1119427	736	037637efa2e0f7ea242336c4c2b67a57e9b7c6f41681a427dec2bb284d6ba5f0	L1604262-R002
Deut	5	18	Xq3	1606843	NO_LETTER_RECONSTRUCTION_MARKED	3	8	6	0	0	6	0	0	0	1	0	0	0	0	passage_status/DSS-Deuteronomy-Passage-Status.txt	1120163	736	f70d33a7ac18886624b883bce7cc064a0810bab2056974e1fdeae5ae2d438b91	L1604262-R003
Deut	5	19	Xq3	1606843	NO_LETTER_RECONSTRUCTION_MARKED	3	8	6	0	0	6	0	0	0	1	0	0	0	0	passage_status/DSS-Deuteronomy-Passage-Status.txt	1120899	752	2e4b08708ddc79fb1a1fe5aba10d63a770252b5802f3d3334b8401e95181b9ba	L1604262-R004,L1604263-R001
Deut	5	20	Xq3	1606843	NO_LETTER_RECONSTRUCTION_MARKED	7	18	15	0	4	11	0	4	0	1	0	0	0	0	passage_status/DSS-Deuteronomy-Passage-Status.txt	1121651	750	092528afa7d9e581385a2f89c90eec790bf68b26220eb92885040cd7b41c88ff	L1604263-R002
Deut	5	21	Xq3	1606843	NO_LETTER_RECONSTRUCTION_MARKED	20	65	55	0	2	50	0	2	0	1	0	3	0	0	passage_status/DSS-Deuteronomy-Passage-Status.txt	1122401	766	5b9f038a1a4c1fa72d148597338d7ba7a65d612c2b4570c93ca1b15c7536a2e0	L1604263-R003,L1604264-R001
Deut	10	1	Mur2	1606845	PARTLY_RECONSTRUCTED	25	72	65	57	1	7	61	1	0	1	0	0	0	0	passage_status/DSS-Deuteronomy-Passage-Status.txt	1123167	753	2744e7ddde0e621580419b3627f11552d8e6742dcbeb5e5a48882d0183d86a68	L1604340-R001,L1604341-R001
Deut	10	2	Mur2	1606845	PARTLY_RECONSTRUCTED	22	58	55	33	3	19	34	3	0	1	0	0	0	0	passage_status/DSS-Deuteronomy-Passage-Status.txt	1123920	760	a57426f8ca3b9a00b8de356e3d463fe7ca762267fdfde23d4b0f78dad1a64b5b	L1604341-R002,L1604342-R001
Deut	10	3	Mur2	1606845	NO_LETTER_RECONSTRUCTION_MARKED	4	10	8	0	3	5	0	3	0	1	0	0	0	0	passage_status/DSS-Deuteronomy-Passage-Status.txt	1124680	750	4cceb0976d10d398cba565df6615697cefc317f3a5305617da36c8c768dc5f4d	L1604342-R002
Deut	11	2	Mur2	1606845	PARTLY_RECONSTRUCTED	28	83	76	44	6	26	48	6	0	1	0	0	0	0	passage_status/DSS-Deuteronomy-Passage-Status.txt	1125430	766	90b547b4035e622d21b685745ff40831b0c7d8aebd4cae376b0e7109feee6ee3	L1604343-R001,L1604344-R001
Deut	11	3	Mur2	1606845	PARTLY_RECONSTRUCTED	16	48	44	28	7	9	28	7	0	1	0	0	0	0	passage_status/DSS-Deuteronomy-Passage-Status.txt	1126196	765	1e49c322cb4a55ebf676e86474a07a1636dd425601bff63cd336b6645c6e622b	L1604344-R002,L1604345-R001
Deut	12	25	Mur2	1606845	PARTLY_RECONSTRUCTED	17	54	48	41	3	4	45	4	0	1	0	0	0	0	passage_status/DSS-Deuteronomy-Passage-Status.txt	1126961	755	3cd347a6725a08b40b793d09e9b762eab798799acb989db7f6595c9a2b3ca69f	L1604346-R001,L1604347-R001
Deut	12	26	Mur2	1606845	PARTLY_RECONSTRUCTED	6	20	16	6	1	9	6	1	0	1	0	0	0	0	passage_status/DSS-Deuteronomy-Passage-Status.txt	1127716	736	6f63dfd35860fb9435aafc931deffc340f6c0325c80b453a2cf7a5dfa638aa2b	L1604347-R002
Deut	15	2	Mur2	1606845	PARTLY_RECONSTRUCTED	27	75	69	62	1	6	66	1	0	1	0	0	0	0	passage_status/DSS-Deuteronomy-Passage-Status.txt	1128452	753	cfc9cb8fa6775fd5b04f00d2543a0579f4344a0146653c0cc269b31c9c91d738	L1604348-R001,L1604349-R001
Deut	11	13	Mur4	1606847	NO_LETTER_RECONSTRUCTION_MARKED	29	89	80	0	0	80	0	0	0	1	0	0	0	0	passage_status/DSS-Deuteronomy-Passage-Status.txt	1129205	840	5c46b7cf35ffc267643dd350d8d533357947d05629fb0c45b2e9effdfd9b2fa4	L1604446-R001,L1604447-R001,L1604448-R001,L1604449-R001,L1604450-R001,L1604451-R001,L1604452-R001
Deut	11	14	Mur4	1606847	NO_LETTER_RECONSTRUCTION_MARKED	17	55	48	0	5	43	0	5	0	1	0	0	0	0	passage_status/DSS-Deuteronomy-Passage-Status.txt	1130045	803	0755bd635a429ef55cc3671286f92a2bb735e810e261d323d7bc3c25b35bfd30	L1604452-R002,L1604453-R001,L1604454-R001,L1604455-R001
Deut	11	15	Mur4	1606847	NO_LETTER_RECONSTRUCTION_MARKED	12	32	28	0	1	27	0	1	0	1	0	0	0	0	passage_status/DSS-Deuteronomy-Passage-Status.txt	1130848	765	009006351795681f034aacecb701b0b10cb7f2f49e5d6692e07c8de339be8073	L1604456-R001,L1604457-R001
Deut	11	16	Mur4	1606847	NO_LETTER_RECONSTRUCTION_MARKED	15	57	52	0	0	52	0	0	0	1	0	0	0	0	passage_status/DSS-Deuteronomy-Passage-Status.txt	1131613	792	76c502fa9204f32acd01f07189c7ad448e87d842dbc6c05725169477604ea7bf	L1604458-R001,L1604459-R001,L1604460-R001,L1604461-R001
Deut	11	17	Mur4	1606847	NO_LETTER_RECONSTRUCTION_MARKED	35	91	86	0	0	86	0	0	0	1	0	0	0	0	passage_status/DSS-Deuteronomy-Passage-Status.txt	1132405	840	fb60fea1ca763949a697814e97112dbb86add4b79f4995b678ad7a09f1fbe196	L1604461-R002,L1604462-R001,L1604463-R001,L1604464-R001,L1604465-R001,L1604466-R001,L1604467-R001
Deut	11	18	Mur4	1606847	NO_LETTER_RECONSTRUCTION_MARKED	24	75	67	0	4	63	0	4	0	1	0	0	0	0	passage_status/DSS-Deuteronomy-Passage-Status.txt	1133245	819	33126bd0bcd5c2b7d68bbbed45026e6eeaca81492df76eed9b5cbf92dec2abbb	L1604467-R002,L1604468-R001,L1604469-R001,L1604470-R001,L1604471-R001
Deut	11	19	Mur4	1606847	NO_LETTER_RECONSTRUCTION_MARKED	24	64	54	0	1	53	0	1	0	1	0	0	0	0	passage_status/DSS-Deuteronomy-Passage-Status.txt	1134064	813	c1624b394dc86de84a75e19a068a6f40653c08935c78764dd220a04e3c5fb517	L1604472-R001,L1604473-R001,L1604474-R001,L1604475-R001,L1604476-R001
Deut	11	20	Mur4	1606847	NO_LETTER_RECONSTRUCTION_MARKED	9	30	25	0	0	25	0	0	0	1	0	0	0	0	passage_status/DSS-Deuteronomy-Passage-Status.txt	1134877	759	fe532975198662d4e3f0b27fb60bc9c2232cb2cb2c37e29932ea3972e5dbe7a5	L1604477-R001,L1604478-R001
Deut	11	21	Mur4	1606847	PARTLY_RECONSTRUCTED	25	74	68	1	1	66	1	1	0	1	0	0	0	0	passage_status/DSS-Deuteronomy-Passage-Status.txt	1135636	802	f8a09a6bdc0a6ec377a26a0356bbfb6a1a1a2aff6036e9b522e5c6407d795a48	L1604479-R001,L1604480-R001,L1604481-R001,L1604482-R001,L1604483-R001
Deut	6	4	Mur4	1606847	NO_LETTER_RECONSTRUCTION_MARKED	7	28	25	0	3	22	0	3	0	1	0	0	0	0	passage_status/DSS-Deuteronomy-Passage-Status.txt	1136438	814	bd3d991e80f563cd7c3c89bcb2605f6f04056cd78a2815bf9786ad143e863769	L1604484-R001,L1604485-R001,L1604486-R001,L1604487-R001,L1604488-R001
Deut	6	5	Mur4	1606847	NO_LETTER_RECONSTRUCTION_MARKED	17	45	39	0	0	39	0	0	0	1	0	0	0	0	passage_status/DSS-Deuteronomy-Passage-Status.txt	1137252	804	0b2db55e8b1f86d38e8ac4a526eca137cd5cb9d744b467b5c254deff28f027cc	L1604488-R002,L1604489-R001,L1604490-R001,L1604491-R001,L1604492-R001
Deut	6	6	Mur4	1606847	NO_LETTER_RECONSTRUCTION_MARKED	14	39	35	0	0	35	0	0	0	1	0	0	0	0	passage_status/DSS-Deuteronomy-Passage-Status.txt	1138056	772	ad825fbb96c0efbc7cab50451d503ac7e0d1f8fa5889492514236119a18d485b	L1604492-R002,L1604493-R001,L1604494-R001
Deut	6	7	Mur4	1606847	NO_LETTER_RECONSTRUCTION_MARKED	23	60	50	0	0	50	0	0	0	1	0	0	0	0	passage_status/DSS-Deuteronomy-Passage-Status.txt	1138828	772	ae0e4397ed8e82c006b6d5e83a4523cabbb5ec65480279b1a6dbc97f68a9dd56	L1604495-R001,L1604496-R001,L1604497-R001
Deut	6	8	Mur4	1606847	NO_LETTER_RECONSTRUCTION_MARKED	13	37	32	0	0	32	0	0	0	1	0	0	0	0	passage_status/DSS-Deuteronomy-Passage-Status.txt	1139600	772	35fc326f32842ace37a0d743d27f75544edd0493f477d646e1edf3a99d8fb375	L1604497-R002,L1604498-R001,L1604499-R001
Deut	6	9	Mur4	1606847	NO_LETTER_RECONSTRUCTION_MARKED	9	29	24	0	0	24	0	0	0	1	0	0	0	0	passage_status/DSS-Deuteronomy-Passage-Status.txt	1140372	755	6c26f4851e83ae753fa7ac99831988e972e89d54a58bae5a8bd506d065a7c55e	L1604499-R002,L1604500-R001
Deut	9	4	Xhev/se3	1606854	PARTLY_RECONSTRUCTED	17	44	38	36	2	0	42	2	1	2	0	0	0	0	passage_status/DSS-Deuteronomy-Passage-Status.txt	1141127	765	78c507c5c4a08eb413869b198ddde347d4ff66b37d634bc696d890d3c6052dab	L1605400-R001,L1605401-R001
Deut	9	5	Xhev/se3	1606854	PARTLY_RECONSTRUCTED	44	126	117	95	2	20	101	2	0	1	0	0	0	0	passage_status/DSS-Deuteronomy-Passage-Status.txt	1141892	811	266f2e75b751bc04d8577c93d4c8848ed1bef1909de52899517f2a609216d3fd	L1605401-R002,L1605402-R001,L1605403-R001,L1605404-R001,L1605405-R001
Deut	9	6	Xhev/se3	1606854	PARTLY_RECONSTRUCTED	25	68	62	53	1	8	58	1	0	1	0	0	0	0	passage_status/DSS-Deuteronomy-Passage-Status.txt	1142703	775	635e6f1b33cd6d153bc3e06a439bc10c97b1313d71b250390d8c89810b809381	L1605405-R002,L1605406-R001,L1605407-R001
Deut	9	7	Xhev/se3	1606854	PARTLY_RECONSTRUCTED	2	5	3	2	1	0	2	1	0	1	0	0	0	0	passage_status/DSS-Deuteronomy-Passage-Status.txt	1143478	738	d4b72b80ed7810a7dd6a93959665902b42f981903795cbf47e6e9a603c266722	L1605407-R002
Deut	9	21	Xhev/se3	1606854	PARTLY_RECONSTRUCTED	13	29	26	24	0	2	27	0	0	1	0	0	0	0	passage_status/DSS-Deuteronomy-Passage-Status.txt	1144216	740	4279e94d2c160a0eed86a651fd2dd9ac0c562144ed10ac5812c1de81f922aff2	L1605408-R001
Deut	9	22	Xhev/se3	1606854	PARTLY_RECONSTRUCTED	16	42	40	32	1	7	34	1	0	1	0	0	0	0	passage_status/DSS-Deuteronomy-Passage-Status.txt	1144956	777	737a6884badd751f788fa8ccaa962dbfc3ca811e4321718209e4a579bdec6c7c	L1605408-R002,L1605409-R001,L1605410-R001
Deut	9	23	Xhev/se3	1606854	PARTLY_RECONSTRUCTED	32	87	81	78	1	2	82	1	0	1	0	0	0	0	passage_status/DSS-Deuteronomy-Passage-Status.txt	1145733	777	813c90fffed5bd5ab47af9224592bf48258aac92fd7c049007dbcc03e1222542	L1605410-R002,L1605411-R001,L1605412-R001
Deut	6	4	Xhev/se5	1606855	NO_LETTER_RECONSTRUCTION_MARKED	5	17	15	0	0	15	0	0	0	1	0	0	0	0	passage_status/DSS-Deuteronomy-Passage-Status.txt	1146510	747	5aba1aaa31c0cecab8b1096f6c05ad364a5e901b7ff8875620e94e114e12259e	L1605420-R001
Deut	6	5	Xhev/se5	1606855	NO_LETTER_RECONSTRUCTION_MARKED	17	45	39	0	19	20	0	19	0	1	0	0	0	0	passage_status/DSS-Deuteronomy-Passage-Status.txt	1147257	774	ed0b64acc7b958fb19ef8824a42b593c75b4e093c22c0e3baae9ab0b1505f935	L1605420-R002
Deut	6	6	Xhev/se5	1606855	NO_LETTER_RECONSTRUCTION_MARKED	14	40	35	0	1	34	0	2	0	1	0	0	0	0	passage_status/DSS-Deuteronomy-Passage-Status.txt	1148031	753	d8f25dd096e78904bff185698a2caadc72a11b97a5530a6339ebedc7bd9215b6	L1605420-R003
Deut	6	7	Xhev/se5	1606855	NO_LETTER_RECONSTRUCTION_MARKED	23	55	47	0	2	45	0	2	0	1	0	0	0	0	passage_status/DSS-Deuteronomy-Passage-Status.txt	1148784	775	2e13bb1cc9ad00f21fd4ff54d99db8ebec5a11d0274feb930f4a82599dbbd226	L1605420-R004,L1605421-R001
Deut	6	8	Xhev/se5	1606855	NO_LETTER_RECONSTRUCTION_MARKED	13	38	33	0	0	33	0	0	0	1	0	0	0	0	passage_status/DSS-Deuteronomy-Passage-Status.txt	1149559	748	8467698f98d4b59ccc90da71c5a2bf3d77fec905b70e3656a75b9e737961001f	L1605421-R002
Deut	6	9	Xhev/se5	1606855	NO_LETTER_RECONSTRUCTION_MARKED	9	28	23	0	0	23	0	0	0	1	0	0	0	0	passage_status/DSS-Deuteronomy-Passage-Status.txt	1150307	763	1c680749794f82b662cff18a3deaaa81e557c03c73622ddd4ae89d0f0f99059a	L1605421-R003,L1605422-R001
Deut	11	13	Xhev/se5	1606855	NO_LETTER_RECONSTRUCTION_MARKED	25	80	71	0	14	57	0	15	0	1	0	0	0	0	passage_status/DSS-Deuteronomy-Passage-Status.txt	1151070	787	9938f70ced0308de7dba5d60b5ab1e7c2dfa6c0f5d382493d9544eaaca3a2b5a	L1605422-R002,L1605423-R001
Deut	11	14	Xhev/se5	1606855	NO_LETTER_RECONSTRUCTION_MARKED	18	56	49	0	4	45	0	4	0	1	0	0	0	0	passage_status/DSS-Deuteronomy-Passage-Status.txt	1151857	785	17734f1a406e33e7a323da1424f2b6424c40eb586971f9467b60f8b8bd115013	L1605423-R002,L1605424-R001
Deut	11	15	Xhev/se5	1606855	NO_LETTER_RECONSTRUCTION_MARKED	12	32	28	0	0	28	0	0	0	1	0	0	0	0	passage_status/DSS-Deuteronomy-Passage-Status.txt	1152642	768	060fe827a5215b865336f95814f99a6936b289e502130fc2fcc2fdb2cad0567d	L1605424-R002,L1605425-R001
Deut	11	16	Xhev/se5	1606855	NO_LETTER_RECONSTRUCTION_MARKED	15	57	52	0	0	52	0	0	0	1	0	0	0	0	passage_status/DSS-Deuteronomy-Passage-Status.txt	1153410	784	f76ff29fafececc55ff07c38c553a2103f22f507880c1c3dd7f8ee510e08d907	L1605425-R002,L1605426-R001,L1605427-R001
Deut	11	17	Xhev/se5	1606855	NO_LETTER_RECONSTRUCTION_MARKED	35	91	86	0	8	78	0	8	0	1	0	0	0	0	passage_status/DSS-Deuteronomy-Passage-Status.txt	1154194	795	c8ab2e5bd9a620d7663606ca90a596a1a7ca93c5252933f3809fd6f790624d3a	L1605427-R002,L1605428-R001,L1605429-R001
Deut	11	18	Xhev/se5	1606855	PARTLY_RECONSTRUCTED	24	74	66	9	11	46	9	11	0	1	0	0	0	0	passage_status/DSS-Deuteronomy-Passage-Status.txt	1154989	782	5dc6aca38a61b3e458be45e4f394d33c88f6f6ee5defeec47d94f3bf1439b068	L1605429-R002,L1605430-R001
Deut	11	19	Xhev/se5	1606855	PARTLY_RECONSTRUCTED	24	64	54	12	6	36	14	6	0	1	0	0	0	0	passage_status/DSS-Deuteronomy-Passage-Status.txt	1155771	770	6b4507bfad7e7619cb4ca93092656bc28e09a83911d5d44e91f2e16d5603469b	L1605430-R002,L1605431-R001
Deut	11	20	Xhev/se5	1606855	NO_LETTER_RECONSTRUCTION_MARKED	9	29	24	0	2	22	0	2	0	1	0	0	0	0	passage_status/DSS-Deuteronomy-Passage-Status.txt	1156541	772	6d3dcfbf865b914a5ca17a736401f269fe23d502ee55fd40deb39f4cc941da06	L1605431-R002,L1605432-R001
Deut	11	21	Xhev/se5	1606855	PARTLY_RECONSTRUCTED	25	74	68	2	12	54	3	13	0	1	0	0	0	0	passage_status/DSS-Deuteronomy-Passage-Status.txt	1157313	782	9ee62973656aad5d5e721a97c540e29bce497e7e10332c228e3736b417354075	L1605432-R002,L1605433-R001
Deut	32	46	Mas1c	1606861	PARTLY_RECONSTRUCTED	20	56	51	50	0	1	55	0	0	1	0	0	0	0	passage_status/DSS-Deuteronomy-Passage-Status.txt	1158095	752	190fba78867b7b858b0caea2f604bd9c7dfa944ccc48f3db3b229acc2f6c1f3e	L1605575-R001,L1605576-R001
Deut	32	47	Mas1c	1606861	PARTLY_RECONSTRUCTED	4	9	7	4	1	2	4	1	0	1	0	0	0	0	passage_status/DSS-Deuteronomy-Passage-Status.txt	1158847	736	0de71cee81a2dce42246543d8eb2c553c66e2736a598efa54b97b57b3be98a75	L1605576-R002
Deut	33	17	Mas1c	1606861	PARTLY_RECONSTRUCTED	9	26	24	4	2	18	4	2	0	1	0	0	0	0	passage_status/DSS-Deuteronomy-Passage-Status.txt	1159583	739	06e34c9985fda8c8b611c66d5a2e200c6f180888cea3f81a8faf56c3dac0a814	L1605577-R001
Deut	33	18	Mas1c	1606861	PARTLY_RECONSTRUCTED	13	39	35	11	6	18	11	6	0	1	0	0	0	0	passage_status/DSS-Deuteronomy-Passage-Status.txt	1160322	770	9a367debc559cdbe7d3f6c516d87a06acb552a448a7144bd134695f38b037e31	L1605577-R002,L1605578-R001
Deut	33	19	Mas1c	1606861	PARTLY_RECONSTRUCTED	16	54	52	18	8	26	18	8	0	1	0	0	0	0	passage_status/DSS-Deuteronomy-Passage-Status.txt	1161092	786	93f768f8c4e98146bce57531f381597d0550ce098e5a997afda911ab025fea20	L1605578-R002,L1605579-R001,L1605580-R001
Deut	33	20	Mas1c	1606861	PARTLY_RECONSTRUCTED	16	42	40	19	4	17	19	4	0	1	0	0	0	0	passage_status/DSS-Deuteronomy-Passage-Status.txt	1161878	758	970e624c7484344edf046d2bbdd3672a4b620b16d4c0fe7a4ff00f33ac69b5c4	L1605580-R002,L1605581-R001
Deut	33	21	Mas1c	1606861	PARTLY_RECONSTRUCTED	21	66	62	28	13	21	31	13	0	1	0	0	0	0	passage_status/DSS-Deuteronomy-Passage-Status.txt	1162636	794	f550f7ddf8403bfaba94e57f41256a87fb22166c9d156ab960366001096f67a8	L1605581-R002,L1605582-R001,L1605583-R001
Deut	33	22	Mas1c	1606861	PARTLY_RECONSTRUCTED	12	28	26	20	1	5	22	1	0	1	0	0	0	0	passage_status/DSS-Deuteronomy-Passage-Status.txt	1163430	757	cf6a5d587f617a7a8248c17c2dfad7b1a837e5b3b97d4b1d30270263451fe6e5	L1605583-R002,L1605584-R001
Deut	33	23	Mas1c	1606861	PARTLY_RECONSTRUCTED	16	48	45	39	1	5	42	1	0	1	0	0	0	0	passage_status/DSS-Deuteronomy-Passage-Status.txt	1164187	757	4a3189caf0aa2916f362bc31c23589f3de4b55b582d15f1d23ae0de9c178c323	L1605584-R002,L1605585-R001
Deut	33	24	Mas1c	1606861	PARTLY_RECONSTRUCTED	4	7	5	3	1	1	3	1	0	1	0	0	0	0	passage_status/DSS-Deuteronomy-Passage-Status.txt	1164944	736	dbe279d964c28c8bbe1e46f25be26ebb10180793ea34d0c33278b0870766997d	L1605585-R002
Deut	34	2	Mas1c	1606861	PARTLY_RECONSTRUCTED	22	54	50	38	3	9	42	3	1	2	0	0	0	0	passage_status/DSS-Deuteronomy-Passage-Status.txt	1165680	767	7cffb1bc47c7cdea77cefe8f52187a694f70595806b4908a2e3359a236a2cf08	L1605586-R001,L1605587-R001
Deut	34	3	Mas1c	1606861	PARTLY_RECONSTRUCTED	16	38	36	32	2	2	34	2	0	1	0	0	0	0	passage_status/DSS-Deuteronomy-Passage-Status.txt	1166447	761	38651d0685d6ce0a261f59c7cea6d47235f96f6333c97d4b862a7d8f16013b3e	L1605588-R001,L1605589-R001
Deut	34	4	Mas1c	1606861	PARTLY_RECONSTRUCTED	29	91	83	56	8	19	60	8	0	1	0	0	0	0	passage_status/DSS-Deuteronomy-Passage-Status.txt	1167208	778	0d75420a21011f3eb83d77560706546ba37101a0462c7fbb4aaea80343037aca	L1605589-R002,L1605590-R001,L1605591-R001
Deut	34	5	Mas1c	1606861	PARTLY_RECONSTRUCTED	13	34	32	25	1	6	25	1	0	1	0	0	0	0	passage_status/DSS-Deuteronomy-Passage-Status.txt	1167986	755	7b8286f412aa6ddad61c8692d56d1d2abe69ec1650f9f6ea3ccacace340a93ba	L1605591-R002,L1605592-R001
Deut	34	6	Mas1c	1606861	PARTLY_RECONSTRUCTED	18	49	45	38	2	5	40	2	0	1	0	0	0	0	passage_status/DSS-Deuteronomy-Passage-Status.txt	1168741	761	57d0226fd04826bdc1f65ecdce136a2fa8eb4b61b3c22da89f01479e4a51877c	L1605592-R002,L1605593-R001
