book	chapter	verse	scroll	scroll_node	letter_reconstruction	word_nodes	sign_slots	letter_slots	reconstructed_letter_slots	uncertain_letter_slots	unmarked_letter_slots	reconstructed_sign_slots	uncertain_sign_slots	missing_sign_slots	empty_sign_slots	vacat_sign_slots	corrected_sign_slots	removed_sign_slots	alternative_sign_slots	file	byte_offset	byte_length	sha256	record_ids
Ex	16	12	1Q2	1606607	PARTLY_RECONSTRUCTED	7	24	21	10	1	10	13	1	0	1	0	0	0	0	passage_status/DSS-Exodus-Passage-Status.txt	684	733	4909dd9b77b89671e42241c63bf8c1f979956fbcb9ccbb0116e870b1ddc713f3	L1589645-R001
Ex	16	13	1Q2	1606607	PARTLY_RECONSTRUCTED	24	54	52	41	1	10	43	1	0	1	0	0	0	0	passage_status/DSS-Exodus-Passage-Status.txt	1417	750	6169e030d974ad9d9b92e07e1f315e3dd49e7e9a40a382fff54ca017a5c355b2	L1589645-R002,L1589646-R001
Ex	16	14	1Q2	1606607	PARTLY_RECONSTRUCTED	21	46	44	24	1	19	26	1	0	1	0	0	0	0	passage_status/DSS-Exodus-Passage-Status.txt	2167	750	f1c1ffb58a361daf78dd64d4fc79353c613b682f045a1af96d86ad70e855bf1c	L1589646-R002,L1589647-R001
Ex	16	15	1Q2	1606607	PARTLY_RECONSTRUCTED	30	88	83	48	4	31	51	4	0	1	0	0	0	0	passage_status/DSS-Exodus-Passage-Status.txt	2917	772	98dadd0f6a8d79b7f09788b4de6e4c6a030005d8d8fe7a61826b381a946bfcef	L1589647-R002,L1589648-R001,L1589649-R001
Ex	16	16	1Q2	1606607	PARTLY_RECONSTRUCTED	19	62	57	52	0	5	55	0	0	1	0	0	0	0	passage_status/DSS-Exodus-Passage-Status.txt	3689	744	e6c05f9aa3abb7aece19263c36d425c92cfc42a57e56c9b2e66b791e30e32cb7	L1589649-R002,L1589650-R001
Ex	19	24	1Q2	1606607	PARTLY_RECONSTRUCTED	19	48	44	29	4	11	32	4	0	1	0	0	0	0	passage_status/DSS-Exodus-Passage-Status.txt	4433	746	b82f29b1c7d3cf2653e9cccbf62053678c7d1d130c986d0b027a446d7330a06f	L1589651-R001
Ex	19	25	1Q2	1606607	PARTLY_RECONSTRUCTED	10	24	21	10	3	8	13	3	0	1	0	0	0	0	passage_status/DSS-Exodus-Passage-Status.txt	5179	733	fd025f9d592837640d90eef716463af3485f603818e192a5114b53f968d28769	L1589652-R001
Ex	20	1	1Q2	1606607	PARTLY_RECONSTRUCTED	12	30	28	15	3	10	17	3	0	1	0	0	0	0	passage_status/DSS-Exodus-Passage-Status.txt	5912	738	ad61914e7e64f8c77e3de1082e015453b70f1c1027568efc2016b7e0bcdde39e	L1589653-R001
Ex	20	2	1Q2	1606607	NO_LETTER_RECONSTRUCTION_MARKED	4	7	1	0	0	1	4	0	2	3	0	0	0	0	passage_status/DSS-Exodus-Passage-Status.txt	6650	732	34b3638e00e4fc2fc4dbf3361e877385d4d2b42858da0fa1b03125b05e3c103a	L1589654-R001
Ex	20	5	1Q2	1606607	PARTLY_RECONSTRUCTED	22	68	63	58	1	4	62	1	0	1	0	0	0	0	passage_status/DSS-Exodus-Passage-Status.txt	7382	747	2fc275b329ab95db41acb29282e911c799cd145ad09291ea1f4a062155bc0bfe	L1589655-R001,L1589656-R001
Ex	20	6	1Q2	1606607	PARTLY_RECONSTRUCTED	13	35	29	26	1	2	32	1	1	2	0	0	0	0	passage_status/DSS-Exodus-Passage-Status.txt	8129	731	86e89858d724ff21277d5753763a28f1d0eb25e5d638d8eba173ef5121916aeb	L1589656-R002
Ex	20	25	1Q2	1606607	PARTLY_RECONSTRUCTED	10	32	22	15	0	7	21	1	2	3	0	0	0	0	passage_status/DSS-Exodus-Passage-Status.txt	8860	744	30c643fc1331ebb5e80ca14871aaa3e3f9def6dde06b698491003cfce802a363	L1589657-R001,L1589658-R001
Ex	20	26	1Q2	1606607	PARTLY_RECONSTRUCTED	13	43	38	30	0	8	35	0	0	1	0	0	0	0	passage_status/DSS-Exodus-Passage-Status.txt	9604	744	1fa9d92ea960168fb2a11bebf9efb396b02df310d2fe6dc5547714370f01fddb	L1589658-R002,L1589659-R001
Ex	21	1	1Q2	1606607	PARTLY_RECONSTRUCTED	9	27	24	17	1	6	17	1	0	1	0	0	0	0	passage_status/DSS-Exodus-Passage-Status.txt	10348	730	39b6cc9f3d53b70afa558984723a099367ca28636d18e61da1af52c87b08207d	L1589660-R001
Ex	21	2	1Q2	1606607	PARTLY_RECONSTRUCTED	8	25	23	17	3	3	17	3	0	1	0	0	0	0	passage_status/DSS-Exodus-Passage-Status.txt	11078	730	1cab7b618f922c1255cc96bcaf5e8c8015ed971130338b12f10a5680acdb1365	L1589660-R002
Ex	21	4	1Q2	1606607	PARTLY_RECONSTRUCTED	14	40	35	26	2	7	30	2	0	1	0	0	0	0	passage_status/DSS-Exodus-Passage-Status.txt	11808	737	aa62fdd1ac1462d4264b00851f1d23130e446e3edcdab213742adbfb481f20be	L1589661-R001
Ex	21	5	1Q2	1606607	PARTLY_RECONSTRUCTED	19	53	46	39	0	7	45	0	1	2	0	0	0	0	passage_status/DSS-Exodus-Passage-Status.txt	12545	742	08d91529172e69724e2f0b431b2e1f753ce5917fafafb42b9971d9d2c8aa070b	L1589661-R002,L1589662-R001
Ex	13	2	1Q13	1606619	PARTLY_RECONSTRUCTED	18	47	43	39	1	3	43	1	0	1	0	0	0	0	passage_status/DSS-Exodus-Passage-Status.txt	13287	733	935396d6afba371bdb9ecd59cf6b4f6f8a37ab628089e06564e34fafa803e2c1	L1592342-R001
Ex	13	3	1Q13	1606619	PARTLY_RECONSTRUCTED	34	88	83	64	0	19	67	0	1	2	0	0	0	0	passage_status/DSS-Exodus-Passage-Status.txt	14020	761	f4378e46ab794b12debd3aa5c4ca4caeb7cea5413444ad04ae04a029f244e814	L1592342-R002,L1592343-R001,L1592344-R001
Ex	13	7	1Q13	1606619	PARTLY_RECONSTRUCTED	17	45	40	30	5	5	34	5	0	1	0	0	0	0	passage_status/DSS-Exodus-Passage-Status.txt	14781	733	a458ceb9a61a043d48f5743c913b80f123e1e46aedfe8fe1b02c2de755ed7b49	L1592345-R001
Ex	13	8	1Q13	1606619	PARTLY_RECONSTRUCTED	21	53	48	36	1	11	40	1	0	1	0	0	0	0	passage_status/DSS-Exodus-Passage-Status.txt	15514	750	58db4244d6b5925caaa158e85543b8d3d234b5cc8a8912a3d32b66d4b2ccdfa0	L1592345-R002,L1592346-R001
Ex	13	9	1Q13	1606619	PARTLY_RECONSTRUCTED	27	81	74	64	3	7	69	3	0	1	0	0	0	0	passage_status/DSS-Exodus-Passage-Status.txt	16264	761	0799dbc6e3e514a44b09f30196121ebfecf3c4e3276445691b6240fdc8a8cef6	L1592346-R002,L1592347-R001
Ex	1	11	2Q2	1606623	PARTLY_RECONSTRUCTED	13	37	33	28	1	4	32	1	1	2	0	0	0	0	passage_status/DSS-Exodus-Passage-Status.txt	17025	731	099fa812d12f7abfdc634d24482e043729f11a13ff8d1508450f45bf19d73c60	L1592446-R001
Ex	1	12	2Q2	1606623	PARTLY_RECONSTRUCTED	21	60	57	30	1	25	30	1	0	1	0	1	0	0	passage_status/DSS-Exodus-Passage-Status.txt	17756	753	404467b98fee70def83c572d2806b5f3e9516769a13438bf50718647558ac488	L1592447-R001,L1592448-R001
Ex	1	13	2Q2	1606623	PARTLY_RECONSTRUCTED	9	27	25	12	0	13	14	0	0	1	0	0	0	0	passage_status/DSS-Exodus-Passage-Status.txt	18509	726	c3d9bed4675f5969e7d3a9cf83be6e04ff94f38e074cf26376e1256d15e2fe6b	L1592448-R002
Ex	1	14	2Q2	1606623	PARTLY_RECONSTRUCTED	46	125	112	52	0	60	61	0	3	5	0	0	0	0	passage_status/DSS-Exodus-Passage-Status.txt	19235	793	2b712cc0a7cd63f5d209d75f011512c3391e424089cc3704d5facffe0cfc642b	L1592448-R003,L1592449-R001,L1592450-R001,L1592451-R001,L1592452-R001
Ex	7	1	2Q2	1606623	PARTLY_RECONSTRUCTED	18	63	54	49	0	5	58	0	2	3	0	0	0	0	passage_status/DSS-Exodus-Passage-Status.txt	20028	756	8b43e46938748226fcc8ada2f4857869cf01badaef0ebdfc9c1fbcb3ffa06093	L1592453-R001,L1592454-R001,L1592455-R001
Ex	7	2	2Q2	1606623	PARTLY_RECONSTRUCTED	20	63	58	52	0	6	57	0	0	1	0	0	0	0	passage_status/DSS-Exodus-Passage-Status.txt	20784	740	6d178023307fb3f3f8cd2bcc9461ef1043c195725648846753e8a1186fb4aedf	L1592455-R002,L1592456-R001
Ex	7	3	2Q2	1606623	PARTLY_RECONSTRUCTED	17	52	48	35	1	12	37	1	0	1	0	0	0	0	passage_status/DSS-Exodus-Passage-Status.txt	21524	746	43e402a6be5ac3ce8179a5ae7b1b87e8f72b1dbe0f0634090b87575b261881d2	L1592456-R002,L1592457-R001
Ex	7	4	2Q2	1606623	PARTLY_RECONSTRUCTED	16	51	46	42	0	4	45	0	0	1	0	0	0	0	passage_status/DSS-Exodus-Passage-Status.txt	22270	740	a63b0acab4015470a78c84cea400567bed917be521246acbbf5ab19eae03ac9f	L1592457-R002,L1592458-R001
Ex	9	27	2Q2	1606623	PARTLY_RECONSTRUCTED	10	26	23	11	3	9	13	3	0	1	0	0	0	0	passage_status/DSS-Exodus-Passage-Status.txt	23010	737	9a0489125333391d74fe0ce4e276ccf80a22c5efc120098c7421d1cf5af3493f	L1592459-R001
Ex	9	28	2Q2	1606623	PARTLY_RECONSTRUCTED	20	61	57	47	0	10	51	0	0	1	0	0	0	0	passage_status/DSS-Exodus-Passage-Status.txt	23747	759	be3eba491157562b475d68b0e2c2bbbf4c61f7b75d80ea3d0260f6e7cebc5141	L1592459-R002,L1592460-R001,L1592461-R001
Ex	9	29	2Q2	1606623	PARTLY_RECONSTRUCTED	33	96	86	61	0	25	69	0	1	3	0	0	0	0	passage_status/DSS-Exodus-Passage-Status.txt	24506	759	3d96d2ac21cf4403a2c08a689d123472610bab462e98d2d2287326262a833422	L1592461-R002,L1592462-R001,L1592463-R001
Ex	11	3	2Q2	1606623	PARTLY_RECONSTRUCTED	31	80	76	72	1	3	76	1	1	2	0	0	0	0	passage_status/DSS-Exodus-Passage-Status.txt	25265	747	db17d87e23fd4c1e4c4631cc78a7e9bebaf1c3f848837d80ceda7c67f390902c	L1592464-R001,L1592465-R001
Ex	11	4	2Q2	1606623	PARTLY_RECONSTRUCTED	18	53	51	37	0	14	37	0	0	1	0	0	0	0	passage_status/DSS-Exodus-Passage-Status.txt	26012	743	e108ab0eca0f38abd623abfe8f27a9ea41eec88561f97329190d9a9af275e47a	L1592466-R001,L1592467-R001
Ex	11	5	2Q2	1606623	PARTLY_RECONSTRUCTED	27	74	71	50	1	20	52	1	0	1	0	0	0	0	passage_status/DSS-Exodus-Passage-Status.txt	26755	764	47f042e1fcb4595c48408cf492d073712cf27fbb8b7478b2518f1aca70bb1c5a	L1592467-R002,L1592468-R001,L1592469-R001
Ex	11	6	2Q2	1606623	PARTLY_RECONSTRUCTED	17	58	54	45	0	9	49	0	0	1	0	0	0	0	passage_status/DSS-Exodus-Passage-Status.txt	27519	742	52c8054f7550e6bcac740126ee70619eebd480fa1b6098b3702a436e867ee333	L1592469-R002,L1592470-R001
Ex	11	7	2Q2	1606623	PARTLY_RECONSTRUCTED	27	82	76	68	0	8	72	0	1	2	0	0	0	0	passage_status/DSS-Exodus-Passage-Status.txt	28261	758	350f1303134be215eb0f428ac4dd0fd72cc5516e1e57c6111592c12f1f44b215	L1592470-R002,L1592471-R001,L1592472-R001
Ex	12	32	2Q2	1606623	PARTLY_RECONSTRUCTED	16	49	42	37	5	0	42	5	1	2	0	0	0	0	passage_status/DSS-Exodus-Passage-Status.txt	29019	745	ccf862c16a6cde4cf9c49d7dfde4863f3b822d45b3a81e44b6378a835c9c6b41	L1592473-R001
Ex	12	33	2Q2	1606623	PARTLY_RECONSTRUCTED	18	48	44	34	2	8	38	2	0	1	0	0	0	0	passage_status/DSS-Exodus-Passage-Status.txt	29764	733	689886077285376bed414621b40791112df13b1913da80492eb1a4957e26adf5	L1592474-R001
Ex	12	34	2Q2	1606623	PARTLY_RECONSTRUCTED	15	52	46	31	2	13	36	2	0	1	0	0	0	0	passage_status/DSS-Exodus-Passage-Status.txt	30497	750	08212351dee6732c55edd99ac30ec45c605e1ecc3d9c9464b1b5c27bd0a86999	L1592474-R002,L1592475-R001
Ex	12	35	2Q2	1606623	PARTLY_RECONSTRUCTED	19	53	51	34	0	17	36	0	0	1	0	0	0	0	passage_status/DSS-Exodus-Passage-Status.txt	31247	745	f899c37f5415b298b65efa815cfeecae904b0e53808e9936a061625196c1d2ae	L1592475-R002,L1592476-R001
Ex	12	36	2Q2	1606623	PARTLY_RECONSTRUCTED	17	48	45	33	4	8	33	4	0	1	0	0	0	0	passage_status/DSS-Exodus-Passage-Status.txt	31992	755	100d1c31b8ac362350bc63724bf496a7e8f679cb62d43a6553f7818d8633c282	L1592476-R002,L1592477-R001
Ex	12	37	2Q2	1606623	PARTLY_RECONSTRUCTED	19	52	49	30	1	18	32	1	0	1	0	0	0	0	passage_status/DSS-Exodus-Passage-Status.txt	32747	734	653f3804a092ac2f2498926539dd548cf1254ce61a9414a829aab4d4760366a4	L1592478-R001
Ex	12	38	2Q2	1606623	PARTLY_RECONSTRUCTED	14	35	32	11	0	21	13	0	0	1	0	0	0	0	passage_status/DSS-Exodus-Passage-Status.txt	33481	745	09a91e09a668a1ff6db50b60152f47b0f4dbbacb8125150325b2e775536e1a62	L1592478-R002,L1592479-R001
Ex	12	39	2Q2	1606623	PARTLY_RECONSTRUCTED	29	86	82	59	1	22	62	1	0	1	0	0	0	0	passage_status/DSS-Exodus-Passage-Status.txt	34226	750	05f7c782b62a04b2763bc7e50c950e57570b8163e07c5729f6c0c8e419ee347d	L1592479-R002,L1592480-R001
Ex	12	40	2Q2	1606623	PARTLY_RECONSTRUCTED	15	48	46	35	3	8	37	3	0	1	0	0	0	0	passage_status/DSS-Exodus-Passage-Status.txt	34976	749	be5454a0de6132684a7af5202c3c5b9240e58936fa4dcbec2326232cca52198d	L1592480-R002,L1592481-R001
Ex	12	41	2Q2	1606623	PARTLY_RECONSTRUCTED	26	68	66	63	0	3	63	0	0	1	0	0	0	0	passage_status/DSS-Exodus-Passage-Status.txt	35725	744	815cf70f8ce069ba9f4c828da351902270369ad4cb8d630b0ef0948cafcbb866	L1592481-R002,L1592482-R001
Ex	21	18	2Q2	1606623	PARTLY_RECONSTRUCTED	22	59	55	54	1	0	56	1	0	1	0	0	0	0	passage_status/DSS-Exodus-Passage-Status.txt	36469	749	4303cc9d636230ac6d5e813823589605048df670d171eab04e212c3678e4b14c	L1592483-R001,L1592484-R001
Ex	21	19	2Q2	1606623	PARTLY_RECONSTRUCTED	19	54	50	40	4	6	42	4	0	1	0	0	0	0	passage_status/DSS-Exodus-Passage-Status.txt	37218	749	a75de77e807bb318b6588bfcfae77a4b21c9456f07c5ea2ace631959cb01d27a	L1592484-R002,L1592485-R001
Ex	21	20	2Q2	1606623	NO_LETTER_RECONSTRUCTION_MARKED	5	10	5	0	1	4	2	2	1	2	0	0	0	0	passage_status/DSS-Exodus-Passage-Status.txt	37967	740	0a33fd05abe9244fbccab23e8388d7967660d8a2a88c9dc5ca284ae3b7a9c57d	L1592485-R002
Ex	26	11	2Q2	1606623	PARTLY_RECONSTRUCTED	22	64	60	46	3	11	50	3	1	2	0	0	0	0	passage_status/DSS-Exodus-Passage-Status.txt	38707	756	cd9721a7b1eb7bf86c9f6e882c4db8bd95a6568332fa358193c5084e16081667	L1592486-R001,L1592487-R001
Ex	26	12	2Q2	1606623	PARTLY_RECONSTRUCTED	19	54	52	40	2	9	42	2	0	1	0	1	0	0	passage_status/DSS-Exodus-Passage-Status.txt	39463	776	f5e11905d446ba1665f8443c311e42d9ee59c2060320edbc6563777722f2a86b	L1592487-R002,L1592488-R001,L1592489-R001
Ex	26	13	2Q2	1606623	PARTLY_RECONSTRUCTED	31	69	66	65	1	0	66	1	0	1	0	0	0	0	passage_status/DSS-Exodus-Passage-Status.txt	40239	749	5e2a1e08c1a2c2bc9c94bbf642960093231b7dfb8a9bc5710c10650ca2f9ddaa	L1592489-R002,L1592490-R001
Ex	30	21	2Q2	1606623	PARTLY_RECONSTRUCTED	21	65	55	48	2	5	54	2	1	2	0	0	0	0	passage_status/DSS-Exodus-Passage-Status.txt	40988	755	cb1950e811350d348fcc2d5704384ab4905d9031d05a45c12915b88a20c364cd	L1592491-R001,L1592492-R001
Ex	30	23	2Q2	1606623	PARTLY_RECONSTRUCTED	25	82	76	74	0	2	80	0	1	2	0	0	0	0	passage_status/DSS-Exodus-Passage-Status.txt	41743	760	fd0a4c5fa214502aeeca3ab493b71f5fd7587eac8e22b341736cf5d2cec67a48	L1592493-R001,L1592494-R001,L1592495-R001
Ex	30	24	2Q2	1606623	PARTLY_RECONSTRUCTED	13	32	30	25	0	5	27	0	0	1	0	0	0	0	passage_status/DSS-Exodus-Passage-Status.txt	42503	728	ae4510311539d51e97ebfe244ef2c8ca9ac0e2491a5cf789b7c791cbab59d931	L1592495-R002
Ex	30	25	2Q2	1606623	PARTLY_RECONSTRUCTED	18	68	62	50	0	12	54	0	1	2	0	0	0	0	passage_status/DSS-Exodus-Passage-Status.txt	43231	761	426487a26c4190d3a19e0d6173e0419cc04077681a26d7002f935f1bb35fa249	L1592495-R003,L1592496-R001,L1592497-R001
Ex	32	32	2Q2	1606623	PARTLY_RECONSTRUCTED	16	46	39	37	0	2	44	0	1	2	0	0	0	0	passage_status/DSS-Exodus-Passage-Status.txt	43992	744	7e5f9fbe1a29ee2001833dae0eaaf37b7cbaa86d4e629cf6c1c600b66aab6700	L1592498-R001,L1592499-R001
Ex	32	33	2Q2	1606623	PARTLY_RECONSTRUCTED	13	41	36	31	0	5	36	0	0	1	0	0	0	0	passage_status/DSS-Exodus-Passage-Status.txt	44736	744	239f6a6662aa557d23a91e0182d2bc7e85c0852f7c93a27e7925b14508b778fd	L1592499-R002,L1592500-R001
Ex	32	34	2Q2	1606623	PARTLY_RECONSTRUCTED	12	29	26	24	1	1	25	1	0	1	0	0	0	0	passage_status/DSS-Exodus-Passage-Status.txt	45480	733	35416dd2443ebd91324157bfd8a0d51a1bda89b9a84a686ee326de1e3ec7c424	L1592500-R002
Ex	4	31	2Q3	1606624	PARTLY_RECONSTRUCTED	23	63	58	49	1	8	52	1	1	2	0	0	0	0	passage_status/DSS-Exodus-Passage-Status.txt	46213	779	26b86f2972ad3bf89aff570220a3ffc6334ee586a660ef46413a6cb2a8e34c6f	L1592508-R001,L1592508-R002,L1592508-R003,L1592509-R001
Ex	12	26	2Q3	1606624	PARTLY_RECONSTRUCTED	13	43	38	36	2	0	41	2	0	1	0	0	0	0	passage_status/DSS-Exodus-Passage-Status.txt	46992	733	a0d93772502bb5036d8e4a81eb4069b7d84acd85f9861d47573abca172078565	L1592510-R001
Ex	12	27	2Q3	1606624	PARTLY_RECONSTRUCTED	24	74	70	58	2	10	60	2	0	1	0	0	0	0	passage_status/DSS-Exodus-Passage-Status.txt	47725	788	3566d638342f625307cfb83824192f521e14a558e709da3a776e77a3fa22c524	L1592511-R001,L1592511-R002,L1592511-R003,L1592512-R001
Ex	18	21	2Q3	1606624	PARTLY_RECONSTRUCTED	29	94	89	74	3	12	79	3	1	2	0	0	0	0	passage_status/DSS-Exodus-Passage-Status.txt	48513	778	66eb6d5471decaa0100083d65f0973060aca43a6480b49f16b3fb55d4c069639	L1592513-R001,L1592514-R001,L1592515-R001
Ex	18	22	2Q3	1606624	PARTLY_RECONSTRUCTED	16	32	30	27	2	1	27	2	0	1	0	0	0	0	passage_status/DSS-Exodus-Passage-Status.txt	49291	739	54a3354c71987f1e91903efacf31beb768ba8bf1cae4ecea6ece71355a03cc1e	L1592516-R001
Ex	21	37	2Q3	1606624	PARTLY_RECONSTRUCTED	24	67	61	52	2	7	58	2	1	2	0	0	0	0	passage_status/DSS-Exodus-Passage-Status.txt	50030	749	36a5a482b3a487062c02145015283f97789f124d410094e51782abc9ce6f4c57	L1592517-R001,L1592518-R001
Ex	22	1	2Q3	1606624	PARTLY_RECONSTRUCTED	14	36	33	29	2	2	32	2	0	1	0	0	0	0	passage_status/DSS-Exodus-Passage-Status.txt	50779	747	102a54d7aa52991fe8eaeb7bc6d517a163045a0317d4cb840b37c7bc8ca4e29b	L1592518-R002,L1592519-R001
Ex	22	2	2Q3	1606624	PARTLY_RECONSTRUCTED	20	57	49	44	1	4	50	1	1	2	0	0	0	0	passage_status/DSS-Exodus-Passage-Status.txt	51526	747	986c95036134f6606455469532900ff1c3b3466bc0680ef382ced41ba2de3d02	L1592520-R001,L1592521-R001
Ex	22	15	2Q3	1606624	PARTLY_RECONSTRUCTED	19	58	49	42	1	6	50	1	2	3	0	0	0	0	passage_status/DSS-Exodus-Passage-Status.txt	52273	765	79998aa6d4a8dbe47c79ec4a13aa50bcc6f807163a929eb02ef703dc5f53b642	L1592522-R001,L1592523-R001,L1592524-R001
Ex	22	16	2Q3	1606624	PARTLY_RECONSTRUCTED	14	44	39	35	0	4	39	0	0	1	0	0	0	0	passage_status/DSS-Exodus-Passage-Status.txt	53038	744	41a1c3c2249c302639c36ad1d3dc39da58bdba7e2348300871feb5539f0a0198	L1592524-R002,L1592525-R001
Ex	22	17	2Q3	1606624	PARTLY_RECONSTRUCTED	4	14	12	10	0	2	12	0	0	1	0	0	0	0	passage_status/DSS-Exodus-Passage-Status.txt	53782	727	07a75aff21ab13ac55b14b63f493df9d0d7ae33a0c4a421b9a407c8e58d448be	L1592525-R002
Ex	22	18	2Q3	1606624	ALL_LETTER_SLOTS_RECONSTRUCTED	7	22	20	20	0	0	22	0	0	1	0	0	0	0	passage_status/DSS-Exodus-Passage-Status.txt	54509	753	f2730082856107f868336c3f7d73a6e93309a312d7243f2a641eaf070739c3ad	L1592525-R003,L1592526-R001
Ex	22	19	2Q3	1606624	PARTLY_RECONSTRUCTED	10	32	29	27	1	1	28	1	0	1	0	0	0	0	passage_status/DSS-Exodus-Passage-Status.txt	55262	733	52cd126508b87d2dca57047801f3cdd2b5399d55f09dfef2ca6f2b26b3c3e845	L1592526-R002
Ex	27	16	2Q3	1606624	NO_LETTER_SLOTS	3	6	0	0	0	0	4	1	1	3	0	0	0	0	passage_status/DSS-Exodus-Passage-Status.txt	55995	718	99237e8a576430a47fdfdf863121e7fcabd3d8872b2856c32467ca0ae9556e87	L1592528-R001
Ex	27	17	2Q3	1606624	PARTLY_RECONSTRUCTED	13	50	46	41	3	2	45	3	0	1	0	0	0	0	passage_status/DSS-Exodus-Passage-Status.txt	56713	771	f3975bb13d6f88047a8a7d9aac3d4f27d71c1a1732fbf3fcc00cea153c7b5ea5	L1592528-R002,L1592529-R001,L1592530-R001
Ex	27	18	2Q3	1606624	PARTLY_RECONSTRUCTED	21	65	62	58	0	4	61	0	0	1	0	0	0	0	passage_status/DSS-Exodus-Passage-Status.txt	57484	760	36772db7473d49b9adbe51bfbb3ce378e556ffdd3a239df23313ce5159e8f4de	L1592530-R002,L1592531-R001,L1592532-R001
Ex	27	19	2Q3	1606624	PARTLY_RECONSTRUCTED	18	48	44	43	1	0	45	1	0	1	0	0	0	0	passage_status/DSS-Exodus-Passage-Status.txt	58244	749	55121b0051d9aca6cbe1f4b286761d03a34ed4efd83de1184c223c91ecf97698	L1592532-R002,L1592533-R001
Ex	31	16	2Q3	1606624	PARTLY_RECONSTRUCTED	17	52	48	43	1	4	47	1	0	1	0	0	0	0	passage_status/DSS-Exodus-Passage-Status.txt	58993	781	959c0d9b8cfd5be1a729b16fc2cbc08f253819b014811457e75bdf72da31abd7	L1592534-R001,L1592534-R002,L1592534-R003,L1592535-R001
Ex	31	17	2Q3	1606624	PARTLY_RECONSTRUCTED	11	32	29	25	1	3	26	1	0	1	0	0	0	0	passage_status/DSS-Exodus-Passage-Status.txt	59774	733	b2ddf31b5104ce0b17248385279bdab1fe0bbb0b33c9e122578fdf7c27b487dd	L1592535-R002
Ex	19	9	2Q3	1606624	PARTLY_RECONSTRUCTED	23	60	51	42	0	9	51	0	2	3	0	0	0	0	passage_status/DSS-Exodus-Passage-Status.txt	60507	790	961a7bfdc27f0bca4caca9f5cb24bcea1d2d5cce8c9da04f14ebc12deb8dbc31	L1592536-R001,L1592537-R001,L1592537-R002,L1592537-R003,L1592538-R001
Ex	34	10	2Q3	1606624	PARTLY_RECONSTRUCTED	47	143	136	105	11	20	108	11	1	2	0	0	0	0	passage_status/DSS-Exodus-Passage-Status.txt	61297	886	d5058dd80b7dc626701b958131c7eea498032e3a7ac00efc8ce247486b6701f3	L1592539-R001,L1592539-R002,L1592539-R003,L1592540-R001,L1592541-R001,L1592542-R001,L1592542-R002,L1592542-R003,L1592543-R001
Ex	5	3	2Q4	1606625	PARTLY_RECONSTRUCTED	20	61	57	49	1	7	53	1	0	1	0	0	0	0	passage_status/DSS-Exodus-Passage-Status.txt	62183	745	fd505a182f981c45502a157b8b5bf22acfbbc33a9d8615fa871af33b72c8a31a	L1592553-R001,L1592554-R001
Ex	5	4	2Q4	1606625	ALL_LETTER_SLOTS_RECONSTRUCTED	19	61	56	56	0	0	61	0	0	1	0	0	0	0	passage_status/DSS-Exodus-Passage-Status.txt	62928	734	3b172775c7d5a26da8b7b30b894c6c53f250ceba076c21281c7d4700e2ea6ae8	L1592554-R002
Ex	5	5	2Q4	1606625	PARTLY_RECONSTRUCTED	15	43	39	36	1	2	38	1	0	1	0	0	0	0	passage_status/DSS-Exodus-Passage-Status.txt	63662	729	19df5f9b909c2808e11fb690951cb702347a1742011b935cc3e60ac33a0bb375	L1592555-R001
Ex	1	3	4Q1	1606642	PARTLY_RECONSTRUCTED	8	22	18	10	7	1	14	7	1	2	0	0	0	0	passage_status/DSS-Exodus-Passage-Status.txt	64391	740	b36a6bd5f77c2ccae9157cb53f4f6f30e2c8a9ee6de400d8b575df7913a3c172	L1592868-R001
Ex	1	4	4Q1	1606642	ALL_LETTER_SLOTS_RECONSTRUCTED	7	16	14	14	0	0	16	0	0	1	0	0	0	0	passage_status/DSS-Exodus-Passage-Status.txt	65131	733	2e66c6160b4e378af51e42d83633e42ef8b4155f72e7c6c85b245387aa7ad0e3	L1592868-R002
Ex	1	5	4Q1	1606642	PARTLY_RECONSTRUCTED	17	48	46	34	2	10	36	2	0	1	0	0	0	0	passage_status/DSS-Exodus-Passage-Status.txt	65864	752	21712c5d345761be1590cb28701daf27c6654b20dbfdd25dcd236b278dfdada8	L1592868-R003,L1592869-R001
Ex	1	6	4Q1	1606642	PARTLY_RECONSTRUCTED	13	29	26	24	1	1	25	1	0	1	0	0	0	0	passage_status/DSS-Exodus-Passage-Status.txt	66616	745	031dad5f6b731e1a8e17c21527465bc128996df57e0019f4671c06e15e9e1588	L1592869-R002,L1592870-R001
Ex	1	7	4Q1	1606642	PARTLY_RECONSTRUCTED	20	53	48	30	1	17	32	1	1	2	0	0	0	0	passage_status/DSS-Exodus-Passage-Status.txt	67361	746	be253f9e31dce562ca1aea3e69d81fac3ec752b18b209caf8ecd063dc4f8e3d1	L1592870-R002,L1592871-R001
Ex	1	8	4Q1	1606642	PARTLY_RECONSTRUCTED	12	33	31	14	2	15	16	2	0	1	0	0	0	0	passage_status/DSS-Exodus-Passage-Status.txt	68107	736	863ae3cdbee4232e02de1abb58e9dde8033170d59b93a1197996a9f55f9f891c	L1592872-R001
Ex	1	9	4Q1	1606642	PARTLY_RECONSTRUCTED	13	38	34	22	1	11	23	1	0	1	0	0	0	0	passage_status/DSS-Exodus-Passage-Status.txt	68843	746	9682a03e0c9815c0589d8b3717f054b208bf12b66972d6c01fb64f9883a77210	L1592872-R002,L1592873-R001
Ex	1	10	4Q1	1606642	PARTLY_RECONSTRUCTED	25	76	70	31	3	36	34	3	0	1	0	0	0	0	passage_status/DSS-Exodus-Passage-Status.txt	69589	754	2d9621a7fb3501faddd73e9fb0d5ecac551a3434a409ea50ddcea9e55f2afc48	L1592873-R002,L1592874-R001
Ex	1	11	4Q1	1606642	PARTLY_RECONSTRUCTED	22	72	62	33	2	27	36	2	0	1	0	0	0	0	passage_status/DSS-Exodus-Passage-Status.txt	70343	754	5448224d190de170560a0878a099708eba48dd5eb1cb1481ab177e6d4b6ffe74	L1592874-R002,L1592875-R001
Ex	1	12	4Q1	1606642	PARTLY_RECONSTRUCTED	18	51	43	20	1	22	22	1	0	1	0	0	0	0	passage_status/DSS-Exodus-Passage-Status.txt	71097	748	0d53d46192337c51265a7a2e52d5e38d524f83573df05c2b92900a230fba2bd4	L1592875-R002,L1592876-R001
Ex	1	13	4Q1	1606642	PARTLY_RECONSTRUCTED	9	27	25	16	3	6	16	3	0	1	0	0	0	0	passage_status/DSS-Exodus-Passage-Status.txt	71845	746	6d3d2be829a2a35e7aee5a5e5b41f4e6f8f0efddc02e314ddc50fdd307930d92	L1592876-R002,L1592877-R001
Ex	1	14	4Q1	1606642	PARTLY_RECONSTRUCTED	28	76	66	26	8	32	28	8	0	1	0	0	0	0	passage_status/DSS-Exodus-Passage-Status.txt	72591	760	39a0111f381c9965b4396217486980cee9566f5d75e6a6c9740443adba373be1	L1592877-R002,L1592878-R001
Ex	1	15	4Q1	1606642	PARTLY_RECONSTRUCTED	19	52	50	28	1	21	30	1	0	1	0	0	0	0	passage_status/DSS-Exodus-Passage-Status.txt	73351	748	fd71e898dc72a7b6f47e3349f864ce7b56223f28bf00e0f160785ea57dfd4b6e	L1592878-R002,L1592879-R001
Ex	1	16	4Q1	1606642	PARTLY_RECONSTRUCTED	25	65	61	38	1	22	41	1	0	1	0	0	0	0	passage_status/DSS-Exodus-Passage-Status.txt	74099	748	f3b9bf908d6eee688c439ac9dbdfe558a9a6e776774ae1caf6d0e7deed8957be	L1592879-R002,L1592880-R001
Ex	1	17	4Q1	1606642	PARTLY_RECONSTRUCTED	19	55	52	33	2	16	33	2	0	1	0	1	0	0	passage_status/DSS-Exodus-Passage-Status.txt	74847	737	79f22149aaab8ad5fcee87a11d5b2c514a35c42371277b0ee3938dd791f4c57f	L1592881-R001
Ex	1	22	4Q1	1606642	PARTLY_RECONSTRUCTED	23	59	45	43	1	1	56	2	3	5	0	0	0	0	passage_status/DSS-Exodus-Passage-Status.txt	75584	747	6be8f245c8bbb1f6836c2a1abecc0b6a182208b3f29debf8fe72ca7b013b8194	L1592882-R001,L1592883-R001
Ex	2	1	4Q1	1606642	PARTLY_RECONSTRUCTED	12	27	25	10	3	12	10	3	0	1	0	0	0	0	passage_status/DSS-Exodus-Passage-Status.txt	76331	736	dab02c7b96d407f219aed086aba6ad1b7c98945d196de3416a9fd9a4110f3a94	L1592883-R002
Ex	2	2	4Q1	1606642	PARTLY_RECONSTRUCTED	18	49	45	26	2	17	27	2	0	1	0	0	0	0	passage_status/DSS-Exodus-Passage-Status.txt	77067	736	1e5be152367d07889a9ff98a81ab780145e1b310f2af203ad0fca9b23c4ec58f	L1592884-R001
Ex	2	3	4Q1	1606642	PARTLY_RECONSTRUCTED	32	78	72	42	2	28	46	2	0	1	0	0	0	0	passage_status/DSS-Exodus-Passage-Status.txt	77803	768	520413314476671e6b34a8d54486aaea8a0bd6c53efdc030b989d0ea5fd89e61	L1592884-R002,L1592885-R001,L1592886-R001
Ex	2	4	4Q1	1606642	PARTLY_RECONSTRUCTED	11	29	25	13	3	9	14	3	0	1	0	0	0	0	passage_status/DSS-Exodus-Passage-Status.txt	78571	735	2872013eaf7180cd8b8cb24e568fcc1b80e91fe3a65463d9a100f64cc741a3a1	L1592886-R002
Ex	2	5	4Q1	1606642	PARTLY_RECONSTRUCTED	24	56	53	46	3	4	47	3	0	1	0	0	0	0	passage_status/DSS-Exodus-Passage-Status.txt	79306	751	be6127782c54f2a083aafaf997cab015e1542d78e0c92af3149c03435248c4f9	L1592886-R003,L1592887-R001
Ex	3	8	4Q1	1606642	PARTLY_RECONSTRUCTED	30	72	70	4	4	62	4	4	0	1	0	0	0	0	passage_status/DSS-Exodus-Passage-Status.txt	80057	756	2fe4ac02fcd97f40c0d1988a462f6c904448edddba00878dff23f95bd7c3e7f2	L1592888-R001,L1592889-R001
Ex	3	9	4Q1	1606642	NO_LETTER_RECONSTRUCTION_MARKED	19	59	55	0	3	52	0	3	0	1	0	0	0	0	passage_status/DSS-Exodus-Passage-Status.txt	80813	761	e0963ee2ec9dac802d74c4a14c4696090364328a0807ca5ac770d4975e566e51	L1592889-R002,L1592890-R001
Ex	3	10	4Q1	1606642	NO_LETTER_RECONSTRUCTION_MARKED	16	48	43	0	3	40	0	3	0	1	0	0	0	0	passage_status/DSS-Exodus-Passage-Status.txt	81574	757	fce2e544270f8d2d39b2d8b998859d41e0ca6ebba80b357a1f45e9a5a964a302	L1592890-R002,L1592891-R001
Ex	3	11	4Q1	1606642	PARTLY_RECONSTRUCTED	21	59	57	9	8	40	11	8	0	1	0	0	0	0	passage_status/DSS-Exodus-Passage-Status.txt	82331	759	13a1c0d306b6973930ddd1d3dcfd530b0df899bd69e2adc62689ce508d3b727a	L1592891-R002,L1592892-R001
Ex	3	12	4Q1	1606642	PARTLY_RECONSTRUCTED	30	82	75	5	0	70	5	0	0	1	0	0	0	0	passage_status/DSS-Exodus-Passage-Status.txt	83090	757	92871f0c1499b7bed6bdd7af0f84d3794f6563a21e6bc81627cba8b30190588f	L1592892-R002,L1592893-R001,L1592894-R001
Ex	3	13	4Q1	1606642	PARTLY_RECONSTRUCTED	28	95	86	2	9	75	2	9	0	1	0	0	0	0	passage_status/DSS-Exodus-Passage-Status.txt	83847	758	c70094fb5a2eb821e12cec54b34ef9949ffba60efa31ba193c9cfa17ec2e59b4	L1592894-R002,L1592895-R001
Ex	3	14	4Q1	1606642	PARTLY_RECONSTRUCTED	19	64	60	7	11	42	10	11	0	1	0	0	0	0	passage_status/DSS-Exodus-Passage-Status.txt	84605	777	fb1c498cfda28d737312c32a9bbdeb6a5eda568e6b4f5ddd1d4d98937c99b74f	L1592895-R002,L1592896-R001,L1592897-R001
Ex	3	15	4Q1	1606642	PARTLY_RECONSTRUCTED	35	113	106	59	7	40	66	7	0	1	0	0	0	0	passage_status/DSS-Exodus-Passage-Status.txt	85382	778	9389d9ee859349982b9236a8122b53004cde40045dc666811263c3e878cfafea	L1592897-R002,L1592898-R001,L1592899-R001
Ex	3	16	4Q1	1606642	PARTLY_RECONSTRUCTED	12	38	35	34	1	0	35	1	0	1	0	0	0	0	passage_status/DSS-Exodus-Passage-Status.txt	86160	731	4dbc8c8a0505b5c5e72f012db809bdbc50b7f4229e14da2fc5b24e5735db286d	L1592899-R002
Ex	3	18	4Q1	1606642	PARTLY_RECONSTRUCTED	13	42	39	35	0	4	38	0	0	1	0	0	0	0	passage_status/DSS-Exodus-Passage-Status.txt	86891	726	ee1cb7f9b23c77f2dbf4be3d2272ab7074e747f29ca6ac97f5b586f9f980b8ce	L1592900-R001
Ex	3	19	4Q1	1606642	PARTLY_RECONSTRUCTED	17	45	42	38	2	2	41	2	0	1	0	0	0	0	passage_status/DSS-Exodus-Passage-Status.txt	87617	747	9c8dfe81856f1d003fb7d04b8c7894ef2a432696396568cd3235163f0d74ba29	L1592900-R002,L1592901-R001
Ex	3	20	4Q1	1606642	PARTLY_RECONSTRUCTED	21	66	60	56	2	2	61	2	0	1	0	0	0	0	passage_status/DSS-Exodus-Passage-Status.txt	88364	747	93ba12927d16b0bd879dd66ada2246303da13426c9a10097fd99364bbc110fe2	L1592901-R002,L1592902-R001
Ex	3	21	4Q1	1606642	PARTLY_RECONSTRUCTED	19	49	46	41	1	4	43	1	0	1	0	0	0	0	passage_status/DSS-Exodus-Passage-Status.txt	89111	747	e57020017595df4b795fbad2802520e3808b3d5a37676b02dd4a65b915dedd6e	L1592902-R002,L1592903-R001
Ex	4	4	4Q1	1606642	PARTLY_RECONSTRUCTED	25	65	56	51	0	5	60	0	1	2	0	0	0	0	passage_status/DSS-Exodus-Passage-Status.txt	89858	740	01c1b070bf1affd3d73217d9ea378e7c8becdce0d0fd420ce3b904e24e00e0ae	L1592904-R001,L1592905-R001
Ex	4	5	4Q1	1606642	PARTLY_RECONSTRUCTED	16	63	59	49	3	7	51	3	0	1	0	0	0	0	passage_status/DSS-Exodus-Passage-Status.txt	90598	757	154fe1314d0a25e7127143dba9c709b5b940f4fc04ab89df6c76152b8fdd0f34	L1592905-R002,L1592906-R001
Ex	4	6	4Q1	1606642	PARTLY_RECONSTRUCTED	26	76	66	51	4	11	60	4	0	1	0	0	0	0	passage_status/DSS-Exodus-Passage-Status.txt	91355	774	cda54aff307a7f255adcecfb9ae8ed75d7d7ed773dd82539fd0c5ad29b5b6fd4	L1592906-R002,L1592907-R001,L1592908-R001
Ex	4	7	4Q1	1606642	PARTLY_RECONSTRUCTED	16	49	41	37	2	2	41	2	0	1	0	0	0	0	passage_status/DSS-Exodus-Passage-Status.txt	92129	735	93941b9aa682b7dd4f1e2820de88f1670a591501d710858a7864672e7904d881	L1592908-R002
Ex	4	8	4Q1	1606642	PARTLY_RECONSTRUCTED	24	58	55	51	3	1	54	3	0	1	0	0	0	0	passage_status/DSS-Exodus-Passage-Status.txt	92864	751	630a2fb47d22edb3c33c1dd459c97d5b3c47933bcb3190e01ed08159cd19f6ab	L1592909-R001,L1592910-R001
Ex	4	9	4Q1	1606642	PARTLY_RECONSTRUCTED	20	51	47	43	1	3	45	1	0	1	0	0	0	0	passage_status/DSS-Exodus-Passage-Status.txt	93615	729	6661a16357c09ae1629d8940d436138a62f6a13c7a56ff78f831cabeb7a27898	L1592910-R002
Ex	4	26	4Q1	1606642	PARTLY_RECONSTRUCTED	11	31	26	15	8	3	19	8	1	2	0	0	0	0	passage_status/DSS-Exodus-Passage-Status.txt	94344	759	4b143f6b61073c6868d4d08ef56c795371125c3d2a99dc56339fdcdbeae85d7b	L1592911-R001,L1592912-R001
Ex	4	27	4Q1	1606642	PARTLY_RECONSTRUCTED	23	62	57	33	2	22	36	2	0	1	0	0	0	0	passage_status/DSS-Exodus-Passage-Status.txt	95103	754	333ff98bd6a939fec92ceec348be6878896523f256e738e8710e69fe2d133744	L1592913-R001,L1592914-R001
Ex	4	28	4Q1	1606642	PARTLY_RECONSTRUCTED	19	51	47	30	1	16	33	1	0	1	0	0	0	0	passage_status/DSS-Exodus-Passage-Status.txt	95857	748	3dbe9d0f733a006044ae80982e4685ebe767be3c6d047413921f8e01ed29b1e7	L1592914-R002,L1592915-R001
Ex	4	29	4Q1	1606642	PARTLY_RECONSTRUCTED	13	36	34	19	1	14	21	1	0	1	0	0	0	0	passage_status/DSS-Exodus-Passage-Status.txt	96605	748	31734abc3ac8a7f0dd6444c2533a062688a8e75ba1554207feb82bfd60efe233	L1592915-R002,L1592916-R001
Ex	4	30	4Q1	1606642	PARTLY_RECONSTRUCTED	21	52	50	35	1	14	37	1	0	1	0	0	0	0	passage_status/DSS-Exodus-Passage-Status.txt	97353	748	6b0eda2e44e906eef16f3fc34072d5672b3fa0af4de71b9efaae0ca0caff8fca	L1592916-R002,L1592917-R001
Ex	4	31	4Q1	1606642	PARTLY_RECONSTRUCTED	22	60	57	44	1	12	47	1	0	1	0	0	0	0	passage_status/DSS-Exodus-Passage-Status.txt	98101	748	aceffd792ac2e2d2d1573a4cb62f2401a726b7fa53f0282a23b992bd6e55b865	L1592917-R002,L1592918-R001
Ex	5	1	4Q1	1606642	PARTLY_RECONSTRUCTED	21	61	58	39	4	15	39	4	0	1	0	0	0	0	passage_status/DSS-Exodus-Passage-Status.txt	98849	752	ace715d46baf64d65192353448d1d1c0855d2c1812f334fd1f6744569fa31ee7	L1592918-R002,L1592919-R001
Ex	5	2	4Q1	1606642	NO_LETTER_SLOTS	3	6	0	0	0	0	4	1	1	3	0	0	0	0	passage_status/DSS-Exodus-Passage-Status.txt	99601	714	0abf763cb4ee92df4dc5011aca316b8108d4c4e8e42264ab949ec1717f63dce6	L1592920-R001
Ex	5	3	4Q1	1606642	PARTLY_RECONSTRUCTED	20	61	57	55	2	0	59	2	0	1	0	0	0	0	passage_status/DSS-Exodus-Passage-Status.txt	100315	751	73947df4f7ea47b424d229b92eba3e8a70a532a4b1642dcedf80c629f2d70f50	L1592920-R002,L1592921-R001
Ex	5	4	4Q1	1606642	PARTLY_RECONSTRUCTED	19	61	56	47	5	5	52	5	0	1	0	0	0	0	passage_status/DSS-Exodus-Passage-Status.txt	101066	745	0f78261ac7ce8d02846009c4966d928337c5f8ac8d179836942b3af5e8b757c2	L1592921-R002,L1592922-R001
Ex	5	5	4Q1	1606642	PARTLY_RECONSTRUCTED	15	43	39	24	4	11	28	4	0	1	0	0	0	0	passage_status/DSS-Exodus-Passage-Status.txt	101811	736	e936fddb5244f0c8825c2b5770f4f10b2e2a8b14e7e4cc101c29dd602650d1de	L1592923-R001
Ex	5	6	4Q1	1606642	PARTLY_RECONSTRUCTED	18	42	39	28	2	9	31	2	0	1	0	0	0	0	passage_status/DSS-Exodus-Passage-Status.txt	102547	729	ba6a61703860cd6f57adc4ce3a9937cc7485c45c61fcf17d2f1546d70a98856e	L1592924-R001
Ex	5	7	4Q1	1606642	PARTLY_RECONSTRUCTED	21	57	53	42	2	9	46	2	0	1	0	0	0	0	passage_status/DSS-Exodus-Passage-Status.txt	103276	767	364112e12eb008042cfcbbf932f167d8b75adb47b17a96d369d14828b24fe9e2	L1592924-R002,L1592925-R001,L1592926-R001
Ex	5	8	4Q1	1606642	PARTLY_RECONSTRUCTED	30	98	93	56	12	25	57	12	0	1	0	0	0	0	passage_status/DSS-Exodus-Passage-Status.txt	104043	782	bc3e34fa9066c5ea3f5f28f0181c2ba34929834bb9c21ab7fa5909696f2af976	L1592926-R002,L1592927-R001,L1592928-R001
Ex	5	9	4Q1	1606642	PARTLY_RECONSTRUCTED	16	42	39	25	6	8	26	6	0	1	0	0	0	0	passage_status/DSS-Exodus-Passage-Status.txt	104825	757	8d5e3f3ce0584a0a67484a8324127e95b2c56707b257d2cc6eed8714e0bd7633	L1592928-R002,L1592929-R001
Ex	5	10	4Q1	1606642	PARTLY_RECONSTRUCTED	22	61	56	28	8	20	29	8	0	1	0	0	0	0	passage_status/DSS-Exodus-Passage-Status.txt	105582	766	82676fbab40bda8dc40fe11b81e1b3c006b9a976f3aaf9718af54dad900c31b0	L1592929-R002,L1592930-R001
Ex	5	11	4Q1	1606642	PARTLY_RECONSTRUCTED	15	47	43	18	5	20	21	5	0	1	0	0	0	0	passage_status/DSS-Exodus-Passage-Status.txt	106348	754	2dd1914e40859a94e168d2a48b5359b31fce824739e6c3bcf212edcde562485c	L1592930-R002,L1592931-R001
Ex	5	12	4Q1	1606642	PARTLY_RECONSTRUCTED	14	30	28	18	0	10	18	0	0	1	0	0	0	0	passage_status/DSS-Exodus-Passage-Status.txt	107102	743	f994662b17ef2315cc3cbb3458a5b842bebc530ad7f45362171d748136f1b03f	L1592931-R002,L1592932-R001
Ex	5	13	4Q1	1606642	PARTLY_RECONSTRUCTED	21	59	54	29	2	22	33	2	0	1	0	1	0	0	passage_status/DSS-Exodus-Passage-Status.txt	107845	759	54c2fd04841e5a9b2a3798be32dd33acbf2e3dee8378f5bb8f1932d42260a395	L1592932-R002,L1592933-R001
Ex	5	14	4Q1	1606642	PARTLY_RECONSTRUCTED	27	82	78	69	8	1	72	8	0	1	0	0	0	0	passage_status/DSS-Exodus-Passage-Status.txt	108604	775	7cfc50f864c231f4d32a25a20537e9f550ac9ae029639505f6737a8d49263be0	L1592933-R002,L1592934-R001,L1592935-R001
Ex	5	15	4Q1	1606642	PARTLY_RECONSTRUCTED	17	51	48	44	1	3	47	1	0	1	0	0	0	0	passage_status/DSS-Exodus-Passage-Status.txt	109379	747	b7eea0b6f397a538e574d28416e38e041eb0e8b57ddf3e76acbdf4bd095e0e73	L1592935-R002,L1592936-R001
Ex	5	16	4Q1	1606642	PARTLY_RECONSTRUCTED	18	59	53	46	1	6	52	1	0	1	0	0	0	0	passage_status/DSS-Exodus-Passage-Status.txt	110126	747	f5a940a7a14c2983f294258e930fc9aa7a6048b69cd110824706f2e6558b3c9c	L1592936-R002,L1592937-R001
Ex	5	17	4Q1	1606642	PARTLY_RECONSTRUCTED	14	46	44	42	0	2	44	0	0	1	0	0	0	0	passage_status/DSS-Exodus-Passage-Status.txt	110873	742	62f99bf4acd38d9aff75fb71d7545a452706a76cc609b6eea4b37f69def85b1d	L1592937-R002,L1592938-R001
Ex	6	4	4Q1	1606642	NO_LETTER_RECONSTRUCTION_MARKED	2	5	2	0	0	2	0	0	0	1	0	0	0	0	passage_status/DSS-Exodus-Passage-Status.txt	111615	730	d8fca4fbb9e51e3a40ee08f2e5376a1684f7b87b69500616373ad0487ed58a39	L1592939-R001
Ex	6	5	4Q1	1606642	PARTLY_RECONSTRUCTED	17	58	54	30	4	20	31	4	0	1	0	0	0	0	passage_status/DSS-Exodus-Passage-Status.txt	112345	752	829252319f3809173066f9ba8d8ea4be861bbe2cfc50a529e3370e26220f5513	L1592939-R002,L1592940-R001
Ex	6	6	4Q1	1606642	PARTLY_RECONSTRUCTED	31	100	94	48	2	44	51	2	0	1	0	0	0	0	passage_status/DSS-Exodus-Passage-Status.txt	113097	763	f8107b83d00db9b730bed894e37e291a0550ec79158406f135682f3388fed6fb	L1592940-R002,L1592941-R001,L1592942-R001
Ex	6	7	4Q1	1606642	PARTLY_RECONSTRUCTED	25	82	75	36	6	33	40	6	0	1	0	0	0	0	passage_status/DSS-Exodus-Passage-Status.txt	113860	758	66a80744d7b9979e0b87dba0e6a799711c385d4ad29ea29412d19ab363d804ce	L1592942-R002,L1592943-R001
Ex	6	8	4Q1	1606642	PARTLY_RECONSTRUCTED	27	78	72	31	2	39	34	2	0	1	0	0	0	0	passage_status/DSS-Exodus-Passage-Status.txt	114618	752	0f15d7b3643dd112fbac972ce86083958cce91a5aa93a75d4971231253544028	L1592944-R001,L1592945-R001
Ex	6	9	4Q1	1606642	PARTLY_RECONSTRUCTED	20	50	48	29	4	15	31	4	0	1	0	0	0	0	passage_status/DSS-Exodus-Passage-Status.txt	115370	752	edb8a2df3bda1cff1f40489234f2fd065175f724be37ca865acfef11a6fd71c0	L1592945-R002,L1592946-R001
Ex	6	10	4Q1	1606642	PARTLY_RECONSTRUCTED	8	20	18	1	1	16	3	1	0	1	0	0	0	0	passage_status/DSS-Exodus-Passage-Status.txt	116122	729	26575786e188a4220d3c6304c86299ccf7f301149f2d3f38a073b2c33ac285bc	L1592947-R001
Ex	6	11	4Q1	1606642	PARTLY_RECONSTRUCTED	14	42	39	38	1	0	41	1	0	1	0	0	0	0	passage_status/DSS-Exodus-Passage-Status.txt	116851	747	edaa5ed9a52c2c484bb84342dd390dda972fd7e9b85c29e668a0537b27b068a5	L1592947-R002,L1592948-R001
Ex	6	12	4Q1	1606642	PARTLY_RECONSTRUCTED	23	69	65	62	0	3	66	0	0	1	0	0	0	0	passage_status/DSS-Exodus-Passage-Status.txt	117598	742	d413fd2b124c7bcb061de1043916b54a327b6db122b99481a15f6bd7104d76fc	L1592948-R002,L1592949-R001
Ex	6	13	4Q1	1606642	PARTLY_RECONSTRUCTED	27	79	76	64	3	9	67	3	0	1	0	0	0	0	passage_status/DSS-Exodus-Passage-Status.txt	118340	763	3dc0e7fcf03e658e1500929aac0b2154d8811b931a4f0c7ce654d2a7c2d5c053	L1592949-R002,L1592950-R001,L1592951-R001
Ex	6	14	4Q1	1606642	PARTLY_RECONSTRUCTED	18	66	63	56	1	6	59	1	0	1	0	0	0	0	passage_status/DSS-Exodus-Passage-Status.txt	119103	747	b39493a4d9cda022846c243df3833eac43d003983041cecd2f31b70196539430	L1592952-R001,L1592953-R001
Ex	6	15	4Q1	1606642	PARTLY_RECONSTRUCTED	21	61	59	37	8	14	37	8	0	1	0	0	0	0	passage_status/DSS-Exodus-Passage-Status.txt	119850	766	c02d4050bb4ef19dd83b4288aa9595b4d93d0087cb15194cf1c6032fd373af95	L1592953-R002,L1592954-R001
Ex	6	16	4Q1	1606642	PARTLY_RECONSTRUCTED	23	63	60	41	7	12	44	7	0	1	0	0	0	0	passage_status/DSS-Exodus-Passage-Status.txt	120616	754	527c16cf5fa6849d9b5dc53b645243c54dfcd7dfe3ddedb3c736edcbd44618fb	L1592954-R002,L1592955-R001
Ex	6	17	4Q1	1606642	PARTLY_RECONSTRUCTED	8	27	24	20	4	0	23	4	0	1	0	0	0	0	passage_status/DSS-Exodus-Passage-Status.txt	121370	752	2d94f9734166dc2e1bbc6553f5a8335dca06f194196af0fdffe5bc6ad9e1a95c	L1592955-R002,L1592956-R001
Ex	6	18	4Q1	1606642	PARTLY_RECONSTRUCTED	21	56	54	50	2	2	52	2	0	1	0	0	0	0	passage_status/DSS-Exodus-Passage-Status.txt	122122	747	12e484b1c58bddb7d740726d7bfde589db1c42dfb9c2ec2c52c6596f6f4118bc	L1592956-R002,L1592957-R001
Ex	6	19	4Q1	1606642	PARTLY_RECONSTRUCTED	13	39	36	35	1	0	35	1	0	1	0	0	0	0	passage_status/DSS-Exodus-Passage-Status.txt	122869	747	42ad7816b34c730c949f12215377d7bc6c759dc95dbfc2024c25bd75ee8293b4	L1592957-R002,L1592958-R001
Ex	6	20	4Q1	1606642	PARTLY_RECONSTRUCTED	28	75	70	59	2	9	64	2	0	1	0	0	0	0	passage_status/DSS-Exodus-Passage-Status.txt	123616	769	8fe768c6e13e6053c23de786732b303b92d34f950d4cf78c214b507b71fccfb3	L1592958-R002,L1592959-R001,L1592960-R001
Ex	6	21	4Q1	1606642	PARTLY_RECONSTRUCTED	9	22	20	9	2	9	11	2	0	1	0	0	0	0	passage_status/DSS-Exodus-Passage-Status.txt	124385	735	2f225cb0394ee4fb5c7f981a996633f22d5d05ddc3ef0db7cf3696d32bd4db78	L1592960-R002
Ex	6	25	4Q1	1606642	PARTLY_RECONSTRUCTED	18	52	47	42	2	3	44	2	0	1	0	0	0	0	passage_status/DSS-Exodus-Passage-Status.txt	125120	731	7348b3508166c37416e1d64d5daf97957dc89facd16e163b19c2c38f1da8225e	L1592961-R001
Ex	7	5	4Q1	1606642	PARTLY_RECONSTRUCTED	12	38	34	33	1	0	37	1	0	1	0	0	0	0	passage_status/DSS-Exodus-Passage-Status.txt	125851	729	538c3053c8e13e7589194b4ebdf6d8e7dfd70be80edf81a9cbf43fc097c3a507	L1592962-R001
Ex	7	6	4Q1	1606642	PARTLY_RECONSTRUCTED	13	34	31	9	3	19	11	3	0	1	0	0	0	0	passage_status/DSS-Exodus-Passage-Status.txt	126580	745	eb326b972d3104acc12e006df44eb64907e482def9d92ed4d8c41616c3585f41	L1592962-R002,L1592963-R001
Ex	7	7	4Q1	1606642	PARTLY_RECONSTRUCTED	17	47	44	16	3	25	18	3	0	1	0	0	0	0	passage_status/DSS-Exodus-Passage-Status.txt	127325	752	bdd0d3b6d3aecfc71077d322afff2efc1d9a1bde8cfc90635ae0f46eebf56434	L1592963-R002,L1592964-R001
Ex	7	8	4Q1	1606642	PARTLY_RECONSTRUCTED	11	27	25	10	0	15	10	0	0	1	0	0	0	0	passage_status/DSS-Exodus-Passage-Status.txt	128077	741	f9b0dc81ac88752d49af0eba567f031b408d4abe5e13e05728a382190fe912d2	L1592964-R002,L1592965-R001
Ex	7	9	4Q1	1606642	PARTLY_RECONSTRUCTED	25	72	67	31	3	33	34	3	0	1	0	0	0	0	passage_status/DSS-Exodus-Passage-Status.txt	128818	768	0e722e579b250a9f3b2c7af5840f879317d637d4a930954c4d3423f16dc85e98	L1592965-R002,L1592966-R001,L1592967-R001
Ex	7	10	4Q1	1606642	PARTLY_RECONSTRUCTED	32	84	80	17	7	56	19	7	0	1	0	0	0	0	passage_status/DSS-Exodus-Passage-Status.txt	129586	760	a85538ea73e21c2fad637f3f929fe8b92db411cd955b14759c98b3c4a9880529	L1592967-R002,L1592968-R001
Ex	7	11	4Q1	1606642	PARTLY_RECONSTRUCTED	19	56	53	16	7	30	17	7	0	1	0	0	0	0	passage_status/DSS-Exodus-Passage-Status.txt	130346	782	f4d25f3b4aae79e6ff29eb9663db3f9a151e8e287d9bc601509ae517f5afa117	L1592968-R002,L1592969-R001,L1592970-R001
Ex	7	12	4Q1	1606642	PARTLY_RECONSTRUCTED	15	47	43	24	4	15	27	4	0	1	0	0	0	0	passage_status/DSS-Exodus-Passage-Status.txt	131128	738	538a075af8a3ceba9155e67a412410d3a9a0de5158a4ea0d6d42d5fa2caef405	L1592970-R002
Ex	7	13	4Q1	1606642	PARTLY_RECONSTRUCTED	13	35	32	25	6	1	28	6	0	1	0	0	0	0	passage_status/DSS-Exodus-Passage-Status.txt	131866	743	f901e7d118ef5b4d5a7bd498d7cd013868037d1a39f334564ad7dc92ec49b7b9	L1592971-R001
Ex	7	15	4Q1	1606642	PARTLY_RECONSTRUCTED	7	18	15	6	2	7	9	2	0	1	0	0	0	0	passage_status/DSS-Exodus-Passage-Status.txt	132609	734	debfa5a5412504c1aeb8952c4d5650bf5778406729bc1d963d9c836914415047	L1592972-R001
Ex	7	16	4Q1	1606642	PARTLY_RECONSTRUCTED	25	77	70	40	11	19	44	11	0	1	0	0	0	0	passage_status/DSS-Exodus-Passage-Status.txt	133343	762	ca519d9acbe4052c563ee33c3dea5fe4c49d36bc70775328c2526a2997263b45	L1592972-R002,L1592973-R001
Ex	7	17	4Q1	1606642	PARTLY_RECONSTRUCTED	28	71	68	33	9	26	36	9	0	1	0	0	0	0	passage_status/DSS-Exodus-Passage-Status.txt	134105	766	d83264688b62507bdf04a91ed1b3f4291bbeb624eeaf61d58ecdde10eb44a71b	L1592974-R001,L1592975-R001
Ex	7	18	4Q1	1606642	PARTLY_RECONSTRUCTED	21	50	48	33	4	11	35	4	0	1	0	0	0	0	passage_status/DSS-Exodus-Passage-Status.txt	134871	754	6a8645ec60f686a52d539f94d3417f64402814bebe93e965ee21245b27c141c5	L1592975-R002,L1592976-R001
Ex	7	19	4Q1	1606642	PARTLY_RECONSTRUCTED	47	134	126	89	4	33	95	4	0	1	0	0	0	0	passage_status/DSS-Exodus-Passage-Status.txt	135625	782	ef00e03e441f925938291325e299af456471c23a17b61f8addb478a11c5912a3	L1592976-R002,L1592977-R001,L1592978-R001,L1592979-R001
Ex	7	20	4Q1	1606642	PARTLY_RECONSTRUCTED	30	73	70	66	1	3	67	1	0	1	0	0	0	0	passage_status/DSS-Exodus-Passage-Status.txt	136407	747	149492310014da54794ebbb5b405ae4b53665fc584fafc17c12bdd5c4533e06e	L1592979-R002,L1592980-R001
Ex	8	20	4Q1	1606642	PARTLY_RECONSTRUCTED	8	18	16	12	0	4	12	0	0	1	0	0	0	0	passage_status/DSS-Exodus-Passage-Status.txt	137154	725	38483b2dd09973e20d22c3bffe96234b4144893308ae900b883ea40ffa027ac5	L1592981-R001
Ex	8	21	4Q1	1606642	PARTLY_RECONSTRUCTED	17	46	43	39	1	3	42	1	0	1	0	0	0	0	passage_status/DSS-Exodus-Passage-Status.txt	137879	747	ad9440e0cf0809c92aec5dbf2e1387e24bbc03cfaed5c193bfe33c800ec34bad	L1592981-R002,L1592982-R001
Ex	8	22	4Q1	1606642	PARTLY_RECONSTRUCTED	11	30	28	20	3	5	20	3	0	1	0	0	0	0	passage_status/DSS-Exodus-Passage-Status.txt	138626	737	b86df0a21dad6d53961bcc86faa5deff55ea1349df627d2e4d3e9aa2454de1b6	L1592982-R002
Ex	9	8	4Q1	1606642	PARTLY_RECONSTRUCTED	25	76	66	58	5	3	67	5	2	3	0	0	0	0	passage_status/DSS-Exodus-Passage-Status.txt	139363	757	ced378208ae1ae23714fdeaf46742a6cb4ea7c6a04781c8d3d9078df9f1f3729	L1592983-R001,L1592984-R001
Ex	1	1	4Q11	1606655	PARTLY_RECONSTRUCTED	14	47	43	20	8	15	20	8	0	1	0	0	0	0	passage_status/DSS-Exodus-Passage-Status.txt	140120	766	586f786943009139e4ea1fe4902701d86ff1ba1ab0cf6d06fe2523a38cb2f9ac	L1593339-R001,L1593340-R001
Ex	1	2	4Q11	1606655	PARTLY_RECONSTRUCTED	6	21	19	14	2	3	16	2	0	1	0	0	0	0	passage_status/DSS-Exodus-Passage-Status.txt	140886	730	bb01b0e0872bf6142d6435313a2410b78b017335b90a1a8cae996a492852fec9	L1593340-R002
Ex	1	3	4Q11	1606655	PARTLY_RECONSTRUCTED	7	20	18	12	6	0	14	6	0	1	0	0	0	0	passage_status/DSS-Exodus-Passage-Status.txt	141616	748	74f5c8bbd43cb0f767016514c05854f238fb61a008a39eef304ed37508c0c3e1	L1593340-R003
Ex	1	4	4Q11	1606655	PARTLY_RECONSTRUCTED	7	16	14	4	2	8	6	2	0	1	0	0	0	0	passage_status/DSS-Exodus-Passage-Status.txt	142364	734	1ce100c6d93cb57d93f67edaebee24b368f9739747f9ebb92fb780c352bfb88c	L1593341-R001
Ex	1	5	4Q11	1606655	PARTLY_RECONSTRUCTED	15	43	41	21	8	12	23	8	0	1	0	0	0	0	passage_status/DSS-Exodus-Passage-Status.txt	143098	766	92d8a3d3a50a21cf2d8ac65156cd65c786dce6cc74efd0211b4b7d9015f27cbb	L1593341-R002,L1593342-R001
Ex	1	6	4Q11	1606655	NO_LETTER_SLOTS	3	7	0	0	0	0	5	2	2	3	0	0	0	0	passage_status/DSS-Exodus-Passage-Status.txt	143864	716	dd56affbfead3e850c2f5300e2dd2c016dd1fb93b16ecceff1800c17b6870913	L1593342-R002
Ex	2	9	4Q11	1606655	NO_LETTER_SLOTS	4	12	0	0	0	0	7	5	2	4	0	0	0	0	passage_status/DSS-Exodus-Passage-Status.txt	144580	733	98546fb830929534c7ef6ea85e307343dea978151194d0aaba2512887f8514f3	L1593343-R001,L1593344-R001
Ex	2	10	4Q11	1606655	PARTLY_RECONSTRUCTED	27	69	61	56	3	2	61	3	0	2	0	0	0	0	passage_status/DSS-Exodus-Passage-Status.txt	145313	761	41ba2d714eec31485fa6a397f42cbed34e5eb8f114577fea3a41b9c4a9ab8f11	L1593344-R002,L1593345-R001
Ex	2	22	4Q11	1606655	PARTLY_RECONSTRUCTED	17	47	42	37	4	1	41	4	1	2	0	0	0	0	passage_status/DSS-Exodus-Passage-Status.txt	146074	755	597f0925ade9aa2e9a43766143836ba839f6abfb796655313c389b13871a7c32	L1593346-R001,L1593347-R001
Ex	2	23	4Q11	1606655	PARTLY_RECONSTRUCTED	31	83	80	48	8	24	51	8	0	1	0	0	0	0	passage_status/DSS-Exodus-Passage-Status.txt	146829	762	47d3466a300cf866d6477ac9e90db25a15c8fa5f3d21d67324d8dfd3d004a85d	L1593348-R001,L1593349-R001
Ex	2	24	4Q11	1606655	PARTLY_RECONSTRUCTED	18	58	54	30	3	21	31	3	0	1	0	0	0	0	passage_status/DSS-Exodus-Passage-Status.txt	147591	756	739c14285f436f4f4db9d55904752f6e65f4b710fec8265b1e977b1a2e73da56	L1593350-R001,L1593351-R001
Ex	2	25	4Q11	1606655	PARTLY_RECONSTRUCTED	12	34	28	19	4	5	25	4	2	3	0	0	0	0	passage_status/DSS-Exodus-Passage-Status.txt	148347	755	bad86ea8df324fe001cca9a80628783576d9c17109c25605fb924bdbbf4f9080	L1593351-R002,L1593352-R001
Ex	3	1	4Q11	1606655	PARTLY_RECONSTRUCTED	26	71	67	46	8	13	50	8	0	1	0	0	0	0	passage_status/DSS-Exodus-Passage-Status.txt	149102	766	e32f0715883e263c3918d5c68b9af09abe8762efa61827bc01e6a5c6603e5597	L1593353-R001,L1593354-R001
Ex	3	2	4Q11	1606655	PARTLY_RECONSTRUCTED	27	65	61	47	3	11	51	3	0	1	0	0	0	0	passage_status/DSS-Exodus-Passage-Status.txt	149868	776	48e28f2dd3ce7ce65fbf36cd704a303d0d2c69f624dc3abdca0c1ee9f05d03a8	L1593354-R002,L1593355-R001,L1593356-R001
Ex	3	3	4Q11	1606655	PARTLY_RECONSTRUCTED	20	49	47	32	2	13	34	2	0	1	0	0	0	0	passage_status/DSS-Exodus-Passage-Status.txt	150644	754	6288071159d353ba3b0f60d1affbc31d093e7a82f25909b1ff8a97b67ff27c83	L1593356-R002,L1593357-R001
Ex	3	4	4Q11	1606655	PARTLY_RECONSTRUCTED	10	24	22	17	2	3	17	2	0	1	0	0	0	0	passage_status/DSS-Exodus-Passage-Status.txt	151398	737	841828e290c43f9537a7f8e68f396472d99fd94b0f813cba7fb11c4ef5eeec40	L1593357-R002
Ex	3	17	4Q11	1606655	NO_LETTER_RECONSTRUCTION_MARKED	3	6	4	0	4	0	0	4	0	1	0	0	0	0	passage_status/DSS-Exodus-Passage-Status.txt	152135	751	ff3a548c5984670ed5d7d8fd5d1450e19b32300ea79cb8092d4a2895567d92d3	L1593358-R001
Ex	3	18	4Q11	1606655	PARTLY_RECONSTRUCTED	38	120	114	100	6	8	106	6	0	1	0	0	0	0	passage_status/DSS-Exodus-Passage-Status.txt	152886	781	b60e6d5943379979b8c813ac3781b4828232f9d35eeaf390b32f2bc7fdd23fb0	L1593358-R002,L1593359-R001,L1593360-R001
Ex	3	19	4Q11	1606655	PARTLY_RECONSTRUCTED	17	45	42	39	2	1	42	2	0	1	0	0	0	0	passage_status/DSS-Exodus-Passage-Status.txt	153667	755	cdeb1ee95d959c80ed33876f8150be16d3630c0f2af5e46baf364703d1654fef	L1593360-R002,L1593361-R001
Ex	3	20	4Q11	1606655	PARTLY_RECONSTRUCTED	22	66	60	51	4	5	57	4	0	1	0	0	0	0	passage_status/DSS-Exodus-Passage-Status.txt	154422	761	a739c2ab97c4adae277676fdfe9ccad34c19391efcb5d5c440ef098e19b5d52e	L1593362-R001,L1593363-R001
Ex	3	21	4Q11	1606655	PARTLY_RECONSTRUCTED	19	49	46	43	2	1	46	2	0	1	0	0	0	0	passage_status/DSS-Exodus-Passage-Status.txt	155183	755	e5f42d98e6d84440b0f80e7cc25142f69da24a3d7db283537bc9a29503f4a932	L1593363-R002,L1593364-R001
Ex	8	13	4Q11	1606655	PARTLY_RECONSTRUCTED	24	56	54	53	1	0	55	1	0	1	0	0	0	0	passage_status/DSS-Exodus-Passage-Status.txt	155938	749	3a49dd99c238aab44af7ca87ba058515b44542ee656ef07a3ace35d71f8c873c	L1593365-R001,L1593366-R001
Ex	8	14	4Q11	1606655	PARTLY_RECONSTRUCTED	25	61	58	53	4	1	56	4	0	1	0	0	0	0	passage_status/DSS-Exodus-Passage-Status.txt	156687	761	8dce539861344918f8d9fa61d721a8e277010d00939b5e32e67b8b5491f27e09	L1593366-R002,L1593367-R001
Ex	8	15	4Q11	1606655	PARTLY_RECONSTRUCTED	22	66	63	60	1	2	63	1	0	1	0	0	0	0	passage_status/DSS-Exodus-Passage-Status.txt	157448	749	8c8c7b38001df6e0053d4e509c9d0ceb1958f6a80ab3a05ab271a4dd7dae2a52	L1593367-R002,L1593368-R001
Ex	8	19	4Q11	1606655	PARTLY_RECONSTRUCTED	16	37	28	19	9	0	26	10	1	4	0	0	0	0	passage_status/DSS-Exodus-Passage-Status.txt	158197	756	6c5155f33a1713b1e44fb566e6276fc40026778eb7ba3ffd71082de0f3506831	L1593369-R001,L1593370-R001
Ex	8	20	4Q11	1606655	PARTLY_RECONSTRUCTED	20	48	36	26	6	4	33	10	2	5	0	0	0	0	passage_status/DSS-Exodus-Passage-Status.txt	158953	762	6d5701b8dfd9c368d53724e9f78c09ddb38b297dae8f13b95f1b88cf0aa9ab9a	L1593370-R002,L1593371-R001
Ex	8	21	4Q11	1606655	PARTLY_RECONSTRUCTED	10	23	6	5	1	0	14	6	4	7	0	0	0	0	passage_status/DSS-Exodus-Passage-Status.txt	159715	747	7e6392557c933c4216901d062ff9e7b41a2a60430455ba46157af3b0220fac46	L1593371-R002,L1593372-R001
Ex	9	25	4Q11	1606655	PARTLY_RECONSTRUCTED	31	68	66	60	2	4	62	2	0	1	0	0	0	0	passage_status/DSS-Exodus-Passage-Status.txt	160462	755	6899c6711c205616f5311fc3fb9e59afc1d8fc85f0ac9e14ebc2c07d35f04e5e	L1593373-R001,L1593374-R001
Ex	9	26	4Q11	1606655	PARTLY_RECONSTRUCTED	12	32	30	29	1	0	31	1	0	1	0	0	0	0	passage_status/DSS-Exodus-Passage-Status.txt	161217	749	8066801f137f46495e25a0cbc7f3c2c713b492b5d482771dc7d478734638120b	L1593374-R002,L1593375-R001
Ex	9	27	4Q11	1606655	PARTLY_RECONSTRUCTED	26	69	65	55	6	4	59	6	0	1	0	0	0	0	passage_status/DSS-Exodus-Passage-Status.txt	161966	761	4265a89d3ea78d590b6c991b4c4b1b4c9e38c215dedbc6f32fc464f43c0a8957	L1593375-R002,L1593376-R001
Ex	9	28	4Q11	1606655	PARTLY_RECONSTRUCTED	20	58	54	43	4	7	47	4	0	1	0	0	0	0	passage_status/DSS-Exodus-Passage-Status.txt	162727	761	87287744030df181c9b7d275edc564c68271adb40e38abeae669a39deb28baea	L1593376-R002,L1593377-R001
Ex	9	29	4Q11	1606655	PARTLY_RECONSTRUCTED	31	87	81	56	14	11	61	14	0	1	0	0	0	0	passage_status/DSS-Exodus-Passage-Status.txt	163488	787	d9b6d8d3bb1ec35c4ed04a36a99c276ed8f333ce0229c1c9c3c8218968e03991	L1593377-R002,L1593378-R001,L1593379-R001
Ex	9	33	4Q11	1606655	PARTLY_RECONSTRUCTED	28	71	65	61	2	2	67	2	1	2	0	0	0	0	passage_status/DSS-Exodus-Passage-Status.txt	164275	771	34689e0670f339c3e19737b8e46f3c466bfc88c80ee1518bb846127d8039b8d2	L1593380-R001,L1593381-R001,L1593382-R001
Ex	9	34	4Q11	1606655	PARTLY_RECONSTRUCTED	18	42	32	30	2	0	39	3	2	4	0	0	0	0	passage_status/DSS-Exodus-Passage-Status.txt	165046	755	f28645306d1c8fc2749547e1f854e4a0a8593d2fdd1c4f5ec9f75e24d09f91c0	L1593382-R002,L1593383-R001
Ex	9	35	4Q11	1606655	PARTLY_RECONSTRUCTED	18	46	44	33	2	9	33	2	0	1	0	0	0	0	passage_status/DSS-Exodus-Passage-Status.txt	165801	755	9730f3c15e7f9b7e0b43ba7d61d6725a78f6d8afebc68d0a68c966fe117e739c	L1593383-R002,L1593384-R001
Ex	10	1	4Q11	1606655	PARTLY_RECONSTRUCTED	24	74	67	60	1	6	67	1	0	1	0	0	0	0	passage_status/DSS-Exodus-Passage-Status.txt	166556	749	ac1b6d2e3dd9914d88cc8e06e28d67d1983cbd0649e3a92521101a173b33a448	L1593386-R001,L1593387-R001
Ex	10	2	4Q11	1606655	PARTLY_RECONSTRUCTED	23	66	56	45	3	8	53	4	2	4	0	0	0	0	passage_status/DSS-Exodus-Passage-Status.txt	167305	777	31046bad73104fb0e52a9c68f892423ce61066b1e50e80ef38669d0ee63093c7	L1593387-R002,L1593388-R001,L1593389-R001
Ex	10	3	4Q11	1606655	PARTLY_RECONSTRUCTED	29	85	79	59	3	17	63	3	0	1	0	0	0	0	passage_status/DSS-Exodus-Passage-Status.txt	168082	762	c8c80fb20aa53882102e3d72f1f553a250f5e00cbb5f2b047e20a2cf08a0c361	L1593389-R002,L1593390-R001
Ex	10	4	4Q11	1606655	PARTLY_RECONSTRUCTED	15	45	40	35	2	3	40	2	0	1	0	0	0	0	passage_status/DSS-Exodus-Passage-Status.txt	168844	755	25b8ddb844b5fcf6fa97df18bf1f2cb29348f0ab60f70fe0e4e6f0e258853e5b	L1593390-R002,L1593391-R001
Ex	10	5	4Q11	1606655	PARTLY_RECONSTRUCTED	18	39	30	28	1	1	33	3	2	4	0	0	0	0	passage_status/DSS-Exodus-Passage-Status.txt	169599	749	e2726e834a775c1120f7245fed070a7526bed622b3423dde4e8786226e29ee2c	L1593391-R002,L1593392-R001
Ex	11	4	4Q11	1606655	PARTLY_RECONSTRUCTED	16	44	42	35	6	1	35	6	0	1	0	0	0	0	passage_status/DSS-Exodus-Passage-Status.txt	170348	761	a0ac0b16ffa93cce10a6fcc05fc3165a2b63a495de73256d66237044c545ad1e	L1593393-R001,L1593394-R001
Ex	11	5	4Q11	1606655	PARTLY_RECONSTRUCTED	27	73	70	60	8	2	63	8	0	1	0	0	0	0	passage_status/DSS-Exodus-Passage-Status.txt	171109	761	3738d141cd4bc6358bf07ee68aac9db8dcb54a34103f6c0b00438294811dbf56	L1593394-R002,L1593395-R001
Ex	11	6	4Q11	1606655	PARTLY_RECONSTRUCTED	17	53	49	39	8	2	43	8	0	1	0	0	0	0	passage_status/DSS-Exodus-Passage-Status.txt	171870	761	906b36dc3ab5cd40d63c8890002f04a4bddf05ee123a3c3855453645e396da40	L1593395-R002,L1593396-R001
Ex	11	7	4Q11	1606655	PARTLY_RECONSTRUCTED	26	78	74	55	11	8	58	11	0	1	0	0	0	0	passage_status/DSS-Exodus-Passage-Status.txt	172631	769	233937fa65a8a1ddf215f4026233064797578d18852c0c66747888f4b7df5d9b	L1593397-R001,L1593398-R001
Ex	11	8	4Q11	1606655	PARTLY_RECONSTRUCTED	33	84	78	53	11	14	56	11	0	1	0	0	0	0	passage_status/DSS-Exodus-Passage-Status.txt	173400	786	62958f79f4a5c61b21a46c2c932f3f6c59ea416c997138ca870138189b9001ad	L1593398-R002,L1593399-R001,L1593400-R001
Ex	11	9	4Q11	1606655	PARTLY_RECONSTRUCTED	16	55	51	31	10	10	33	10	0	1	0	0	0	0	passage_status/DSS-Exodus-Passage-Status.txt	174186	764	67d34570b093df6cc608a67b75e0f44037f16b62e5b84873715cf96975c20542	L1593402-R001,L1593403-R001
Ex	11	10	4Q11	1606655	PARTLY_RECONSTRUCTED	29	75	72	44	19	9	47	19	0	1	0	0	0	0	passage_status/DSS-Exodus-Passage-Status.txt	174950	772	ac75a17dee4ffde49b751f8a04174386f722f1441a14571167e77166ae4af41e	L1593403-R002,L1593404-R001
Ex	12	1	4Q11	1606655	PARTLY_RECONSTRUCTED	14	36	34	16	9	9	18	9	0	1	0	0	0	0	passage_status/DSS-Exodus-Passage-Status.txt	175722	745	da247a9f0aacd4f4f38716914094866e5028841da7e4e16d58e5baad0481b233	L1593406-R001
Ex	12	2	4Q11	1606655	PARTLY_RECONSTRUCTED	15	43	38	10	22	6	13	22	0	2	0	0	0	0	passage_status/DSS-Exodus-Passage-Status.txt	176467	764	2cb87bd62d41e6beec9cf05aec35f7cbf3e6605407b6f259dae67ad23013e4cc	L1593406-R002,L1593407-R001
Ex	12	3	4Q11	1606655	PARTLY_RECONSTRUCTED	26	64	61	24	24	13	25	24	0	1	0	0	0	0	passage_status/DSS-Exodus-Passage-Status.txt	177231	787	ebf10d1381ef61e10388d5fc4bc99443e657cf11faac3bd71cd0595d113ac266	L1593407-R002,L1593408-R001,L1593409-R001
Ex	12	4	4Q11	1606655	PARTLY_RECONSTRUCTED	30	76	71	35	11	25	39	11	0	1	0	0	0	0	passage_status/DSS-Exodus-Passage-Status.txt	178018	786	de67ac0aad444ca89cf0d09770ccb05d8021aaf1bcd36d28dc8239e023fe4099	L1593409-R002,L1593410-R001,L1593411-R001
Ex	12	5	4Q11	1606655	PARTLY_RECONSTRUCTED	16	44	41	22	2	17	24	2	0	1	0	0	0	0	passage_status/DSS-Exodus-Passage-Status.txt	178804	750	70287c5626cc028148d64358820607c504b462540f157fee2e1e7fe415bf4895	L1593411-R002,L1593412-R001
Ex	12	6	4Q11	1606655	PARTLY_RECONSTRUCTED	25	70	66	26	17	23	28	17	0	1	0	0	0	0	passage_status/DSS-Exodus-Passage-Status.txt	179554	770	7946a294b2a62f62c240ff47db80d10c1511e42028f136519dda0a41aa6639bc	L1593412-R002,L1593413-R001
Ex	12	7	4Q11	1606655	PARTLY_RECONSTRUCTED	23	61	57	27	19	11	28	19	0	1	0	0	0	0	passage_status/DSS-Exodus-Passage-Status.txt	180324	786	418d0f96bf0846667038ad75cdc9de882243def1bfaeafc5fae8115e401612ea	L1593413-R002,L1593414-R001,L1593415-R001
Ex	12	8	4Q11	1606655	PARTLY_RECONSTRUCTED	17	45	42	19	13	10	22	13	0	1	0	0	0	0	passage_status/DSS-Exodus-Passage-Status.txt	181110	764	3aeb2857858abcc33896e0c1529cde9fb5f412026074ab545950ccda1a2a578a	L1593415-R002,L1593416-R001
Ex	12	9	4Q11	1606655	PARTLY_RECONSTRUCTED	21	59	53	23	12	18	24	12	0	1	0	0	0	0	passage_status/DSS-Exodus-Passage-Status.txt	181874	764	908673144b7faa9f4bea7a9ddb2f5d34365ff2d0e12cd38f643399f667980b07	L1593416-R002,L1593417-R001
Ex	12	10	4Q11	1606655	PARTLY_RECONSTRUCTED	16	44	40	22	2	16	23	2	0	1	0	0	0	0	passage_status/DSS-Exodus-Passage-Status.txt	182638	758	5da21be5096e8612058b3d13734d73323fe11412dc617be5ebdc977003264867	L1593417-R002,L1593418-R001
Ex	12	11	4Q11	1606655	PARTLY_RECONSTRUCTED	23	82	73	39	10	24	44	10	0	1	0	0	0	0	passage_status/DSS-Exodus-Passage-Status.txt	183396	788	303e593f9b73aeb1a1502e5789cf0e9339d3750310484131cf27a344e6c23b19	L1593418-R002,L1593419-R001,L1593420-R001
Ex	12	12	4Q11	1606655	PARTLY_RECONSTRUCTED	31	86	84	61	22	1	63	22	0	1	0	0	0	0	passage_status/DSS-Exodus-Passage-Status.txt	184184	782	905a107f0f9507d67819f11f0804f2c249cf221208480e10018b966602b370ca	L1593420-R002,L1593421-R001,L1593422-R001
Ex	12	13	4Q11	1606655	NO_LETTER_SLOTS	3	6	0	0	0	0	3	1	1	3	0	0	0	0	passage_status/DSS-Exodus-Passage-Status.txt	184966	720	7de257300a14601e3acdc87dd31b7a72c186f60bd420978e4512341ce570961f	L1593422-R002
Ex	12	42	4Q11	1606655	PARTLY_RECONSTRUCTED	21	64	46	38	5	3	46	15	2	4	0	0	0	0	passage_status/DSS-Exodus-Passage-Status.txt	185686	764	42ea0c9694f6ee993d8a305b4f960e8b1f1ee00ef504cb3756e787d4d8cf7a9d	L1593423-R001,L1593424-R001
Ex	12	43	4Q11	1606655	PARTLY_RECONSTRUCTED	18	47	44	34	9	1	37	9	0	1	0	0	0	0	passage_status/DSS-Exodus-Passage-Status.txt	186450	763	b46a1d585f33395f680882be8af8e4d16f47ef9e7d5dac67dde176b5b853ec32	L1593426-R001,L1593427-R001
Ex	12	44	4Q11	1606655	PARTLY_RECONSTRUCTED	13	36	32	24	7	1	27	7	0	1	0	0	0	0	passage_status/DSS-Exodus-Passage-Status.txt	187213	741	f1cec5fb664a23773e50356f983de29fe434cd05ebfeb3ae8c2b2a0c310c7f1e	L1593427-R002
Ex	12	45	4Q11	1606655	ALL_LETTER_SLOTS_RECONSTRUCTED	7	20	17	17	0	0	20	0	0	1	0	0	0	0	passage_status/DSS-Exodus-Passage-Status.txt	187954	755	115b58ebbe5e8d07d192af05dccb8a0a31575be89b29b0e06168ee4ca82cb5cc	L1593427-R003,L1593428-R001
Ex	12	46	4Q11	1606655	PARTLY_RECONSTRUCTED	13	32	30	24	6	0	24	6	0	1	0	0	0	0	passage_status/DSS-Exodus-Passage-Status.txt	188709	747	655b2731649824c025b0e7b27b425646c07a8d98e7dbe62586c65b8f110db119	L1593428-R002
Ex	14	15	4Q11	1606655	PARTLY_RECONSTRUCTED	15	44	41	28	7	6	31	7	0	1	0	0	0	0	passage_status/DSS-Exodus-Passage-Status.txt	189456	747	b36353d66c1b429dd3a324c438538c21e8773206d6aafc71b06d992e6a3929c8	L1593429-R001
Ex	14	16	4Q11	1606655	PARTLY_RECONSTRUCTED	28	68	58	14	16	27	15	20	0	2	0	6	0	0	passage_status/DSS-Exodus-Passage-Status.txt	190203	777	da5fc4b9769603f7b92401eb20953a8aa7610bd62effe995bbad1a7bcfdd2a1a	L1593430-R001,L1593431-R001
Ex	14	17	4Q11	1606655	PARTLY_RECONSTRUCTED	23	68	50	13	12	25	22	18	2	4	0	0	0	0	passage_status/DSS-Exodus-Passage-Status.txt	190980	772	3ee8be5a696a823276a1adc9024bb49446036474cb598ed95f114cdf66a7e3bf	L1593431-R002,L1593432-R001
Ex	14	18	4Q11	1606655	PARTLY_RECONSTRUCTED	17	47	42	17	14	11	20	14	0	1	0	0	0	0	passage_status/DSS-Exodus-Passage-Status.txt	191752	772	bc0ba21c2f658d0a5e13cef9a427cfe7d3569ff1301f035544d5095016142261	L1593432-R002,L1593433-R001
Ex	14	19	4Q11	1606655	PARTLY_RECONSTRUCTED	27	77	72	27	17	28	30	17	0	1	0	0	0	0	passage_status/DSS-Exodus-Passage-Status.txt	192524	772	8fdf97799146546dccab19448c0fb65c1a09c5d8d760dabcd1e8a01fcbefeaed	L1593434-R001,L1593435-R001
Ex	14	20	4Q11	1606655	PARTLY_RECONSTRUCTED	31	74	72	42	11	19	44	11	0	1	0	0	0	0	passage_status/DSS-Exodus-Passage-Status.txt	193296	782	2c75705108e016c5342d1b6d6ca25d170a4b388457f408d6d14923490304a2e3	L1593435-R002,L1593436-R001,L1593437-R001
Ex	14	21	4Q11	1606655	PARTLY_RECONSTRUCTED	33	75	72	59	6	7	62	6	0	1	0	0	0	0	passage_status/DSS-Exodus-Passage-Status.txt	194078	785	20ff4513fb4ee44280ce15140917851149be8d7d68a78cbb3a23107c4a4a717a	L1593437-R002,L1593438-R001,L1593439-R001
Ex	14	22	4Q11	1606655	PARTLY_RECONSTRUCTED	21	55	50	32	12	6	35	12	0	1	0	0	0	0	passage_status/DSS-Exodus-Passage-Status.txt	194863	765	306c0c89089f3eeeeec1265d6f57326705ebc45158b352bd87930900da5b724c	L1593439-R002,L1593440-R001
Ex	14	23	4Q11	1606655	PARTLY_RECONSTRUCTED	18	55	50	33	6	11	36	6	0	1	0	0	0	0	passage_status/DSS-Exodus-Passage-Status.txt	195628	764	c22e08c2b1cee68bf38e71bd0d96284f0342d43dd711805b9102e66517536a05	L1593440-R002,L1593441-R001
Ex	14	24	4Q11	1606655	PARTLY_RECONSTRUCTED	18	47	45	37	5	3	37	5	0	1	0	0	0	0	passage_status/DSS-Exodus-Passage-Status.txt	196392	763	5af9cd2c31d27d6edfe5d6d21225a0122de71c4b9526fe84e523048836bb92ca	L1593441-R002,L1593442-R001
Ex	16	1	4Q11	1606655	NO_LETTER_SLOTS	5	11	0	0	0	0	9	2	3	5	0	0	0	0	passage_status/DSS-Exodus-Passage-Status.txt	197155	735	461e27a9b092264561b0e05c1fa4b9779f44f1bbb62ac0cbdeaf7c185ee839ec	L1593443-R001,L1593444-R001
Ex	16	2	4Q11	1606655	PARTLY_RECONSTRUCTED	14	38	35	30	3	2	33	3	0	2	0	0	0	0	passage_status/DSS-Exodus-Passage-Status.txt	197890	739	1698da2ee63397bf10ee6e22970493c47185d91065f2fcf78a614780a0e2e597	L1593444-R002
Ex	16	3	4Q11	1606655	PARTLY_RECONSTRUCTED	44	121	114	96	12	6	102	12	0	1	0	0	0	0	passage_status/DSS-Exodus-Passage-Status.txt	198629	804	e9f8ff12cbafb1e9a4a6cbd1b00bdb2183ba2f40b43fca0263605dd27f400117	L1593444-R003,L1593445-R001,L1593446-R001,L1593447-R001
Ex	16	4	4Q11	1606655	PARTLY_RECONSTRUCTED	31	89	82	62	16	4	67	16	0	1	0	0	0	0	passage_status/DSS-Exodus-Passage-Status.txt	199433	769	50c187229939e38348a845a95a7740446c258e4c5a6cba01721f544b36e8cb1b	L1593448-R001,L1593449-R001
Ex	16	5	4Q11	1606655	PARTLY_RECONSTRUCTED	20	54	52	43	8	1	45	8	0	1	0	0	0	0	passage_status/DSS-Exodus-Passage-Status.txt	200202	767	6be34eed3dcbe0dcef3c53432314e456cebfb2921a5c0e1c0e32b041522ed8eb	L1593449-R002,L1593450-R001
Ex	16	6	4Q11	1606655	PARTLY_RECONSTRUCTED	21	63	58	48	10	0	52	10	1	2	0	0	0	0	passage_status/DSS-Exodus-Passage-Status.txt	200969	757	e32253e485736c830913d4009c173d4e59a18f2bd04ba20251b0c7a93455b794	L1593451-R001,L1593452-R001
Ex	16	7	4Q11	1606655	PARTLY_RECONSTRUCTED	20	65	39	33	4	2	50	13	5	8	0	0	0	0	passage_status/DSS-Exodus-Passage-Status.txt	201726	778	f0971e0f427988c717e15775419ab11eddb09a318dc5d1741736058c865700fe	L1593453-R001,L1593454-R001,L1593455-R001
Ex	16	12	4Q11	1606655	NO_LETTER_SLOTS	3	8	0	0	0	0	5	3	1	3	0	0	0	0	passage_status/DSS-Exodus-Passage-Status.txt	202504	720	6134308df44df17ebc34e4b672ef220ef5c7c3876b1297de46d717d90ec9d3cf	L1593456-R001
Ex	16	13	4Q11	1606655	PARTLY_RECONSTRUCTED	24	54	52	47	2	3	49	2	0	1	0	0	0	0	passage_status/DSS-Exodus-Passage-Status.txt	203224	757	07d7a35a2dea230ddd13120e538fadd38819751e9ee0eee06c535c2b559f3804	L1593456-R002,L1593457-R001
Ex	16	14	4Q11	1606655	PARTLY_RECONSTRUCTED	20	46	44	43	0	1	45	0	0	1	0	0	0	0	passage_status/DSS-Exodus-Passage-Status.txt	203981	746	d2bb6074d6b303ec8eab1b91b4045c89f644e238ecbbfee29797ad44f0f4e672	L1593457-R002,L1593458-R001
Ex	16	17	4Q11	1606655	NO_LETTER_SLOTS	4	8	0	0	0	0	5	1	2	4	0	0	0	0	passage_status/DSS-Exodus-Passage-Status.txt	204727	720	05da44683340028e1d366e9953614aa5dbd734386d9feba1634fd349d0bad820	L1593459-R001
Ex	16	18	4Q11	1606655	PARTLY_RECONSTRUCTED	20	53	50	43	3	4	46	3	0	1	0	0	0	0	passage_status/DSS-Exodus-Passage-Status.txt	205447	757	c7a742bd2622052d4df562a615ff123f8f00f5f323b222e1fef2f1107b9032a4	L1593460-R001,L1593461-R001
Ex	16	19	4Q11	1606655	PARTLY_RECONSTRUCTED	11	34	30	24	2	4	28	2	0	1	0	0	0	0	passage_status/DSS-Exodus-Passage-Status.txt	206204	751	24536c713fe41dacee3b151c4ef3ff92d3242501e2467354f234f8a573879d70	L1593461-R002,L1593462-R001
Ex	16	20	4Q11	1606655	PARTLY_RECONSTRUCTED	18	54	42	37	1	4	43	5	2	4	0	0	0	0	passage_status/DSS-Exodus-Passage-Status.txt	206955	751	896b51653006e550dd727e204eed9b440f823f4d64eeeb3ba9b5484e8c99289b	L1593462-R002,L1593463-R001
Ex	16	21	4Q11	1606655	NO_LETTER_SLOTS	4	9	0	0	0	0	5	2	2	4	0	0	0	0	passage_status/DSS-Exodus-Passage-Status.txt	207706	720	133ffa2c2eccae29fd6f9a6b0aa8e4cfce17fe19bd09c606cfaad182ad6e29a3	L1593464-R001
Ex	16	23	4Q11	1606655	PARTLY_RECONSTRUCTED	36	104	98	80	7	11	86	7	1	2	0	0	0	0	passage_status/DSS-Exodus-Passage-Status.txt	208426	775	63e5b746b0ffd1ab1eaf79d6dee5d0e54cb8049bf4ced7981c6e20b622cdde5a	L1593465-R001,L1593466-R001,L1593467-R001
Ex	16	24	4Q11	1606655	PARTLY_RECONSTRUCTED	19	49	45	38	1	6	42	1	0	1	0	0	0	0	passage_status/DSS-Exodus-Passage-Status.txt	209201	767	1ac27461284b0f8de4f98eecb43a50777693ba9e3643c74cf7c21260d66ea090	L1593467-R002,L1593468-R001,L1593469-R001
Ex	16	25	4Q11	1606655	PARTLY_RECONSTRUCTED	14	36	31	27	4	0	30	4	1	2	0	0	0	0	passage_status/DSS-Exodus-Passage-Status.txt	209968	741	bb6aae110f457824392f4694f6ddc9a86bb51fe59ad6a6020038c8497888fd9b	L1593469-R002
Ex	16	26	4Q11	1606655	PARTLY_RECONSTRUCTED	14	41	35	27	7	1	32	7	1	2	0	0	0	0	passage_status/DSS-Exodus-Passage-Status.txt	210709	769	e4f007f4ec2af81b0152a33e660a78fbca28bf423e4d19c77a60dbf30da1a763	L1593470-R001,L1593471-R001
Ex	16	27	4Q11	1606655	PARTLY_RECONSTRUCTED	18	42	30	21	5	4	30	8	3	5	0	0	0	0	passage_status/DSS-Exodus-Passage-Status.txt	211478	773	f41b85105f245883a174e6ca17f08cd806f81c35c3fd4fa411bdb6020472f234	L1593471-R002,L1593472-R001,L1593473-R001
Ex	16	28	4Q11	1606655	PARTLY_RECONSTRUCTED	14	44	39	33	4	2	34	4	0	1	0	0	0	0	passage_status/DSS-Exodus-Passage-Status.txt	212251	747	478927a5208ffe4252f81a502957697e79319868945c6e9d1bae65f1e9c491fb	L1593474-R001
Ex	16	29	4Q11	1606655	PARTLY_RECONSTRUCTED	31	89	83	66	14	3	71	14	0	1	0	0	0	0	passage_status/DSS-Exodus-Passage-Status.txt	212998	781	778b662618ba94e7cfe015316b81596ccf747908b6a30922c07558523a37d5ed	L1593475-R001,L1593476-R001,L1593477-R001
Ex	16	30	4Q11	1606655	PARTLY_RECONSTRUCTED	9	21	19	15	3	1	15	3	0	1	0	0	0	0	passage_status/DSS-Exodus-Passage-Status.txt	213779	740	a7181760a87bffce44c51648c4f2bbfa6e2accd00bf7a5c5b636e8075bac1c65	L1593477-R002
Ex	16	31	4Q11	1606655	PARTLY_RECONSTRUCTED	11	30	21	12	6	3	18	7	2	4	0	0	0	0	passage_status/DSS-Exodus-Passage-Status.txt	214519	763	b15ffb441ca2de1f97173eec76f6a50c54fd7ffe786451c4f13d8e5cddae938a	L1593477-R003,L1593478-R001
Ex	16	33	4Q11	1606655	PARTLY_RECONSTRUCTED	26	73	68	36	25	7	40	25	0	1	0	0	0	0	passage_status/DSS-Exodus-Passage-Status.txt	215282	772	7c0b7da76750669ffb9bd050fa54eca926336037c37b562275b81dbd8da34c9e	L1593479-R001,L1593480-R001
Ex	16	34	4Q11	1606655	PARTLY_RECONSTRUCTED	16	44	41	23	12	6	25	12	0	1	0	0	0	0	passage_status/DSS-Exodus-Passage-Status.txt	216054	771	9e7e93a0aa92ded04618368f93c2bf33a7e9b2762aadedb73ad84d2df37903ca	L1593480-R002,L1593481-R001
Ex	16	35	4Q11	1606655	PARTLY_RECONSTRUCTED	25	72	68	37	24	7	40	24	0	1	0	0	0	0	passage_status/DSS-Exodus-Passage-Status.txt	216825	788	204ce266f1b8b4e06c8d3a1c8a78840b46373bba6399bf3135007d26dc9f85f2	L1593481-R002,L1593482-R001,L1593483-R001
Ex	16	36	4Q11	1606655	ALL_LETTER_SLOTS_RECONSTRUCTED	10	24	18	18	0	0	24	0	2	3	0	0	0	0	passage_status/DSS-Exodus-Passage-Status.txt	217613	756	20b5fe4f59c6ce09cb0a61d94997150afd505a764a728bf7e353400a0af670f8	L1593483-R002,L1593484-R001
Ex	17	1	4Q11	1606655	PARTLY_RECONSTRUCTED	26	72	68	50	14	4	52	14	0	2	0	0	0	0	passage_status/DSS-Exodus-Passage-Status.txt	218369	764	0c1e85be94957a664e024bfc0d11c7a01dd67e15ea1cf0725628ee8812f84c47	L1593485-R001,L1593486-R001
Ex	17	2	4Q11	1606655	PARTLY_RECONSTRUCTED	25	75	68	57	10	1	63	10	0	1	0	0	0	0	passage_status/DSS-Exodus-Passage-Status.txt	219133	779	7a5d275351cd9633ae088e62eb44af47d0ec6b131fec555af29275b9adf6c1ed	L1593486-R002,L1593487-R001,L1593488-R001
Ex	17	3	4Q11	1606655	PARTLY_RECONSTRUCTED	32	80	74	53	19	2	58	19	0	1	0	0	0	0	passage_status/DSS-Exodus-Passage-Status.txt	219912	764	d4d068a08acf40fabb8f85d3d201149e1d51c2bb46ca3bc23f2d9d6cd0b89b2c	L1593488-R002,L1593489-R001
Ex	17	5	4Q11	1606655	PARTLY_RECONSTRUCTED	14	35	30	24	6	0	28	6	0	1	0	0	0	0	passage_status/DSS-Exodus-Passage-Status.txt	220676	745	8935f1a935b6ec0ef5b4608650cc3a37b2c84bdd4da44717d18bb0f4bd9cfa53	L1593490-R001
Ex	17	6	4Q11	1606655	PARTLY_RECONSTRUCTED	31	80	71	60	8	3	63	11	0	2	0	0	0	0	passage_status/DSS-Exodus-Passage-Status.txt	221421	784	63c43eca3acf8d57677b4333dc1084f2bdbd5f4c7b3b6528a9072e8becf17446	L1593490-R002,L1593491-R001,L1593492-R001
Ex	17	7	4Q11	1606655	PARTLY_RECONSTRUCTED	28	75	69	44	20	5	49	20	1	2	0	0	0	0	passage_status/DSS-Exodus-Passage-Status.txt	222205	796	5f7030132ab66f6ee131e90406f94a97318cfd2b1cfe1dc9a9d5254e6acccd6f	L1593492-R002,L1593493-R001,L1593494-R001,L1593495-R001
Ex	17	8	4Q11	1606655	PARTLY_RECONSTRUCTED	10	29	27	25	2	0	27	2	0	1	0	0	0	0	passage_status/DSS-Exodus-Passage-Status.txt	223001	733	179d4d0f5a9d2ae308278655c9b3203311d7705d1faf36a28fa1f7016fee40e3	L1593496-R001
Ex	17	9	4Q11	1606655	PARTLY_RECONSTRUCTED	21	61	50	40	9	1	47	12	2	4	0	0	0	0	passage_status/DSS-Exodus-Passage-Status.txt	223734	778	cd964b77c99086a4814a74a620c4dfc56f443188ae079dc0473f98628ab75f75	L1593496-R002,L1593497-R001,L1593498-R001
Ex	17	10	4Q11	1606655	PARTLY_RECONSTRUCTED	22	57	54	48	5	1	51	5	0	1	0	0	0	0	passage_status/DSS-Exodus-Passage-Status.txt	224512	757	3086243a6e0bd854e01cb9cf38a3c8a72a7788b6f00e09acd7020cee02e844ec	L1593498-R002,L1593499-R001
Ex	17	11	4Q11	1606655	PARTLY_RECONSTRUCTED	19	51	47	40	6	1	44	6	0	1	0	0	0	0	passage_status/DSS-Exodus-Passage-Status.txt	225269	763	d5eb88d2b801a0698edde4035e1e909b251f5d336bcaefe5f683245fb9e40827	L1593499-R002,L1593500-R001
Ex	18	16	4Q11	1606655	NO_LETTER_RECONSTRUCTION_MARKED	8	17	1	0	1	0	10	5	4	7	0	0	0	0	passage_status/DSS-Exodus-Passage-Status.txt	226032	743	49af9d7c8a462e8214f3b0bb73c457e59b7744720344143e1394eeeb69dbe688	L1593501-R001
Ex	18	17	4Q11	1606655	PARTLY_RECONSTRUCTED	13	36	33	24	7	2	26	7	0	1	0	0	0	0	passage_status/DSS-Exodus-Passage-Status.txt	226775	747	fba39004ca9cdce42c5875f87c9a0ca115e07da7c416a441ded5841beaf20d70	L1593502-R001
Ex	18	18	4Q11	1606655	PARTLY_RECONSTRUCTED	22	58	51	31	17	3	37	17	0	2	0	0	0	0	passage_status/DSS-Exodus-Passage-Status.txt	227522	765	4db5e153559aaf0dd881c5bdebc9eb4b2207cf3c983dbde7a7fbc45b47ab881c	L1593502-R002,L1593503-R001
Ex	18	19	4Q11	1606655	PARTLY_RECONSTRUCTED	25	75	63	18	26	19	19	31	0	3	0	0	0	0	passage_status/DSS-Exodus-Passage-Status.txt	228287	773	b4a4dcbadbf98037a7ce359ce42cc7a073edb225ebfb67da845a80fed87aa9f2	L1593504-R001,L1593505-R001
Ex	18	20	4Q11	1606655	PARTLY_RECONSTRUCTED	27	74	60	10	31	19	13	36	0	4	0	0	0	0	passage_status/DSS-Exodus-Passage-Status.txt	229060	783	2254ab1b88fd8a4116ea67be9ae8f0647f07e20c0f7ca25790622e26e8eff00c	L1593505-R002,L1593506-R001,L1593507-R001
Ex	18	21	4Q11	1606655	PARTLY_RECONSTRUCTED	30	90	86	25	39	22	27	40	0	1	0	0	0	0	passage_status/DSS-Exodus-Passage-Status.txt	229843	790	532783bab775bb9a7e34ba194b03226200037388f19845ae0a914a4d78efefe4	L1593507-R002,L1593508-R001,L1593509-R001
Ex	18	22	4Q11	1606655	PARTLY_RECONSTRUCTED	33	79	74	47	21	6	51	21	0	1	0	0	0	0	passage_status/DSS-Exodus-Passage-Status.txt	230633	788	cb0a9e52dc66f2cb2faa2bc4702dfef91573f01af5b6293758c67308d05893da	L1593509-R002,L1593510-R001,L1593511-R001
Ex	18	23	4Q11	1606655	PARTLY_RECONSTRUCTED	26	61	57	37	8	12	41	8	0	1	0	0	0	0	passage_status/DSS-Exodus-Passage-Status.txt	231421	764	eade58e532eef131d7cf05e13ea46acd3ff6b2c87ce2584f0dfe5cc60d3b1730	L1593511-R002,L1593512-R001
Ex	18	24	4Q11	1606655	PARTLY_RECONSTRUCTED	12	31	28	19	8	1	22	8	0	1	0	0	0	0	passage_status/DSS-Exodus-Passage-Status.txt	232185	757	cec112de8c1be341695f04aa4d79364ed4fd94dbc4c3da8692fa30bd0844c150	L1593512-R002,L1593513-R001
Ex	18	25	4Q11	1606655	NO_LETTER_SLOTS	7	14	0	0	0	0	9	3	3	7	0	0	0	0	passage_status/DSS-Exodus-Passage-Status.txt	232942	737	8804c71fd55cec65c7b7eef524328592d26daee9e2aad261ed2243316b73b508	L1593513-R002,L1593514-R001
Ex	19	24	4Q11	1606655	PARTLY_RECONSTRUCTED	24	60	52	48	4	0	51	6	1	3	0	0	0	0	passage_status/DSS-Exodus-Passage-Status.txt	233679	763	509f0a59f2f37c6d670c0dc674b669703d81701ef5a518c17827e0b59e55301a	L1593515-R001,L1593516-R001
Ex	19	25	4Q11	1606655	PARTLY_RECONSTRUCTED	10	24	21	15	6	0	18	6	0	1	0	0	0	0	passage_status/DSS-Exodus-Passage-Status.txt	234442	757	83db2120684bb3fcc425ecc027646a3a6dbaef398782de1e04b73c4fa42ea82c	L1593516-R002,L1593517-R001
Ex	20	1	4Q11	1606655	PARTLY_RECONSTRUCTED	12	30	28	18	6	4	20	6	0	1	0	0	0	0	passage_status/DSS-Exodus-Passage-Status.txt	235199	745	a6bf01e155ddf19567925a58d9270e1ce82c335192d576f19f43e0cd6c129c34	L1593518-R001
Ex	20	2	4Q11	1606655	PARTLY_RECONSTRUCTED	12	45	41	33	4	4	36	4	0	1	0	0	0	0	passage_status/DSS-Exodus-Passage-Status.txt	235944	755	e2945a723600b55bf0c732ac09b022ef13157ed815e633d2fcd0f583188fe34b	L1593518-R002,L1593519-R001
Ex	22	22	4Q11	1606655	NO_LETTER_RECONSTRUCTION_MARKED	5	10	1	0	1	0	8	2	3	4	0	0	0	0	passage_status/DSS-Exodus-Passage-Status.txt	236699	758	a96a425e87dee67a488f77c023cc87abd63ee9e98a01acd53b296dbce22f0165	L1593520-R001,L1593521-R001
Ex	22	23	4Q11	1606655	PARTLY_RECONSTRUCTED	16	53	47	36	10	1	39	10	0	1	0	0	0	0	passage_status/DSS-Exodus-Passage-Status.txt	237457	759	3ea0d9aade1a4b3e35fabf81ea4ae74b43a0d2fb6a09eb0e697346bbe0799a1a	L1593521-R002,L1593522-R001
Ex	22	24	4Q11	1606655	PARTLY_RECONSTRUCTED	15	40	35	28	6	1	30	6	0	1	0	0	0	0	passage_status/DSS-Exodus-Passage-Status.txt	238216	741	b49e422ebe420e1fe3fcbb2b2415413b853308c42efd4a23cdc10623bbc76abf	L1593523-R001
Ex	23	4	4Q11	1606655	NO_LETTER_SLOTS	7	16	0	0	0	0	10	4	4	7	0	0	0	0	passage_status/DSS-Exodus-Passage-Status.txt	238957	736	55ab5c979e3862bbb6c1f6dfdb61e2c908805e14ece9d1fd51b84eca6e53bff7	L1593524-R001,L1593525-R001
Ex	23	5	4Q11	1606655	PARTLY_RECONSTRUCTED	16	51	45	20	12	13	21	12	0	1	0	0	0	0	passage_status/DSS-Exodus-Passage-Status.txt	239693	770	0808d56c157c5d9b3bce8178f073c8e67b12802b9d3f7db96304c0a369f2ce0a	L1593525-R002,L1593526-R001
Ex	23	6	4Q11	1606655	PARTLY_RECONSTRUCTED	7	24	20	4	14	2	4	15	0	1	0	0	0	0	passage_status/DSS-Exodus-Passage-Status.txt	240463	750	d74e44b5cde1955b513ddd48a5db8e7dd9ab3e890a9ed582a3c7b97a9986e12e	L1593528-R001
Ex	23	7	4Q11	1606655	PARTLY_RECONSTRUCTED	15	40	38	2	14	22	2	14	0	1	0	0	0	0	passage_status/DSS-Exodus-Passage-Status.txt	241213	762	bd20a65420dad680e3881a7df7f0f120311a34eff532efaa8e253538ad6d50cb	L1593528-R002,L1593529-R001
Ex	23	8	4Q11	1606655	PARTLY_RECONSTRUCTED	15	45	43	10	20	13	12	20	0	1	0	0	0	0	passage_status/DSS-Exodus-Passage-Status.txt	241975	786	acf64245f9d164b088350eeeaadceb03ad89f4c9426730dfdc90cbfac3b951ee	L1593529-R002,L1593530-R001,L1593531-R001
Ex	23	9	4Q11	1606655	PARTLY_RECONSTRUCTED	17	47	45	23	8	14	25	8	0	1	0	0	0	0	passage_status/DSS-Exodus-Passage-Status.txt	242761	762	c5da4c2fd6a0997f992770dce5f78b798546cf5ae1170a59307920962ee5faf0	L1593531-R002,L1593532-R001
Ex	23	10	4Q11	1606655	PARTLY_RECONSTRUCTED	11	34	30	16	7	7	17	7	0	1	0	0	0	0	passage_status/DSS-Exodus-Passage-Status.txt	243523	763	553225b853ba7dc25ee40f96bff414b5b780ed619f365700a3177a2006ddb8f1	L1593532-R002,L1593533-R001
Ex	23	11	4Q11	1606655	PARTLY_RECONSTRUCTED	23	74	66	30	17	19	32	17	0	1	0	0	0	0	passage_status/DSS-Exodus-Passage-Status.txt	244286	788	0389d2d72939df5e0d5cae29d356667c87d161f78770e2a428c5809747eae32a	L1593533-R002,L1593534-R001,L1593535-R001
Ex	23	12	4Q11	1606655	PARTLY_RECONSTRUCTED	23	70	64	32	8	24	36	8	0	1	0	0	0	0	passage_status/DSS-Exodus-Passage-Status.txt	245074	786	3db5389512b4bd06bb55016d95e5d0668d1ec1b20e684e66c650b153b1a39687	L1593535-R002,L1593536-R001,L1593537-R001
Ex	23	13	4Q11	1606655	PARTLY_RECONSTRUCTED	18	58	54	34	8	12	37	8	0	1	0	0	0	0	passage_status/DSS-Exodus-Passage-Status.txt	245860	764	9c567c6fc6c22e88b19d1f7c6ce9a0414f73949ed1baa522af010f3c1bb8346a	L1593537-R002,L1593538-R001
Ex	23	14	4Q11	1606655	ALL_LETTER_SLOTS_RECONSTRUCTED	7	20	17	17	0	0	20	0	0	1	0	0	0	0	passage_status/DSS-Exodus-Passage-Status.txt	246624	739	ae4d278a86c828633ab858f0ab8b078e3c1d3c4128f1c4e2861e7e008e6bd61c	L1593540-R001
Ex	23	15	4Q11	1606655	PARTLY_RECONSTRUCTED	28	85	80	52	10	18	56	10	0	1	0	0	0	0	passage_status/DSS-Exodus-Passage-Status.txt	247363	788	5fd075f173ef11be45c84dbe881a10a9a068ecae016c2f8718d51462d51736d5	L1593540-R002,L1593541-R001,L1593542-R001
Ex	23	16	4Q11	1606655	PARTLY_RECONSTRUCTED	15	39	36	31	3	2	31	3	0	1	0	0	0	0	passage_status/DSS-Exodus-Passage-Status.txt	248151	741	e8daf02c0a94d7c78ba2c4a1697b99dc2cbbd728c7c6713bc621f48f067bc790	L1593543-R001
Ex	25	7	4Q11	1606655	PARTLY_RECONSTRUCTED	7	18	16	6	7	3	8	7	0	1	0	0	0	0	passage_status/DSS-Exodus-Passage-Status.txt	248892	742	121bd90789e278297a70a72ebb66f53c755177c1a61e6e17f89bf597a8ab085b	L1593544-R001
Ex	25	8	4Q11	1606655	ALL_LETTER_SLOTS_RECONSTRUCTED	9	25	21	21	0	0	25	0	0	1	0	0	0	0	passage_status/DSS-Exodus-Passage-Status.txt	249634	737	a8ca838481a3fff453fb0d48d8cb087b0d44065a96010774ee6dac37297b1df8	L1593544-R002
Ex	25	9	4Q11	1606655	PARTLY_RECONSTRUCTED	19	54	50	39	11	0	43	11	0	1	0	0	0	0	passage_status/DSS-Exodus-Passage-Status.txt	250371	757	84bfd1ca07b929c20368d5a27132b4c0304d19b114cfd788b6936f0e71586e8d	L1593544-R003,L1593545-R001
Ex	25	10	4Q11	1606655	ALL_LETTER_SLOTS_RECONSTRUCTED	20	57	52	52	0	0	57	0	0	1	0	0	0	0	passage_status/DSS-Exodus-Passage-Status.txt	251128	756	716340ee0e9ae5eac8f2e93fcdc381764a17526877b761c53c7d1bc82f805322	L1593545-R002,L1593546-R001
Ex	25	11	4Q11	1606655	PARTLY_RECONSTRUCTED	13	38	24	19	1	4	26	6	2	4	0	0	0	0	passage_status/DSS-Exodus-Passage-Status.txt	251884	751	0aaff563ad64e39eeffcd7ce9c40c204b7bc63de2cdd0598bd0a23fd72b6c0ef	L1593546-R002,L1593547-R001
Ex	25	12	4Q11	1606655	PARTLY_RECONSTRUCTED	23	68	54	46	6	2	55	9	2	5	0	0	0	0	passage_status/DSS-Exodus-Passage-Status.txt	252635	779	8f254ad6d80d75b25b0c4c6ec643a877cc0f1a819cf3d3849e441725b4081b5b	L1593547-R002,L1593548-R001,L1593549-R001
Ex	25	13	4Q11	1606655	PARTLY_RECONSTRUCTED	10	30	18	9	3	6	16	7	2	4	0	0	0	0	passage_status/DSS-Exodus-Passage-Status.txt	253414	734	5b20a63093583484aa204c943a74eb7e85806043bf9e16bd58d6f6f201bb1897	L1593549-R002
Ex	25	14	4Q11	1606655	PARTLY_RECONSTRUCTED	18	45	42	27	9	6	29	9	0	1	0	0	0	0	passage_status/DSS-Exodus-Passage-Status.txt	254148	763	73a17946a7ca93688fd1233f42bc38b78fd6787c3e9c95e2ad6ab6f79bfc434a	L1593549-R003,L1593550-R001
Ex	25	15	4Q11	1606655	PARTLY_RECONSTRUCTED	11	33	30	15	6	9	18	6	0	1	0	0	0	0	passage_status/DSS-Exodus-Passage-Status.txt	254911	741	b13af25af04ee57d3e4e0cb37c960dbb74bc6c1a7c1b7eb8ea5455b20bde206c	L1593550-R002
Ex	25	16	4Q11	1606655	PARTLY_RECONSTRUCTED	9	23	14	12	1	1	19	2	2	4	0	0	0	0	passage_status/DSS-Exodus-Passage-Status.txt	255652	734	7392be9c881a6d8db2bec729042dfdafefd393aebe8edfa8c6c3fb065c093eac	L1593551-R001
Ex	25	17	4Q11	1606655	ALL_LETTER_SLOTS_RECONSTRUCTED	15	45	41	41	0	0	45	0	0	1	0	0	0	0	passage_status/DSS-Exodus-Passage-Status.txt	256386	740	071c5dcc3f4887669bfe7e4b3bcfea1dd73247d8fbe3dc673417a9ac909bb0d0	L1593552-R001
Ex	25	18	4Q11	1606655	PARTLY_RECONSTRUCTED	14	45	42	32	7	3	35	7	0	1	0	0	0	0	passage_status/DSS-Exodus-Passage-Status.txt	257126	763	7a6107a6deec4a89307f8d2723cb0f89aa40b8843b0f6c90693c48ad1c1d0c96	L1593552-R002,L1593553-R001
Ex	25	19	4Q11	1606655	PARTLY_RECONSTRUCTED	26	66	63	47	7	9	50	7	0	1	0	0	0	0	passage_status/DSS-Exodus-Passage-Status.txt	257889	763	4e1bc3b082f8d829d687e51b421e187a76ca045b19a140d9c0268d064d19c78d	L1593553-R002,L1593554-R001
Ex	25	20	4Q11	1606655	PARTLY_RECONSTRUCTED	27	86	79	45	12	22	48	13	0	1	0	0	1	0	passage_status/DSS-Exodus-Passage-Status.txt	258652	777	962dc0feebb9dca44743d98b468253e7876175bfc5647cb3f05931e4cffa4fd9	L1593554-R002,L1593555-R001
Ex	25	21	4Q11	1606655	NO_LETTER_SLOTS	5	11	0	0	0	0	6	3	2	5	0	0	0	0	passage_status/DSS-Exodus-Passage-Status.txt	259429	721	7415bb33391891cd81b5d46fac37b25d3f8df15d354d435e0ff905ca126ae36d	L1593556-R001
Ex	26	29	4Q11	1606655	PARTLY_RECONSTRUCTED	18	47	30	23	2	5	35	7	4	7	0	0	0	0	passage_status/DSS-Exodus-Passage-Status.txt	260150	767	a82e0c82362095bf62c8a00767f6d197029fd4b633c607159eed112c51e3b459	L1593557-R001,L1593558-R001,L1593559-R001
Ex	26	30	4Q11	1606655	PARTLY_RECONSTRUCTED	12	30	27	10	6	11	12	7	0	1	0	0	0	0	passage_status/DSS-Exodus-Passage-Status.txt	260917	736	d86c564b279d869fafaea18a63dba1afe847233c1a70cd76ff6d491411cec8ae	L1593559-R002
Ex	26	31	4Q11	1606655	PARTLY_RECONSTRUCTED	18	57	54	36	10	8	39	10	0	1	0	0	0	0	passage_status/DSS-Exodus-Passage-Status.txt	261653	765	1a6be53826a0a71c117e189e04c83763fe27489cad76247aa600e7f6a4db2a0a	L1593561-R001,L1593562-R001
Ex	26	32	4Q11	1606655	PARTLY_RECONSTRUCTED	16	58	54	44	2	8	47	2	0	1	0	0	0	0	passage_status/DSS-Exodus-Passage-Status.txt	262418	757	930129338ed1ef8d47c1c71a0d9dfdd968553642b1de829757d5bddd57f5e57f	L1593562-R002,L1593563-R001
Ex	26	33	4Q11	1606655	PARTLY_RECONSTRUCTED	33	87	84	57	13	14	58	13	0	1	0	0	0	0	passage_status/DSS-Exodus-Passage-Status.txt	263175	772	4e771afe2711cb028960ce4e9e8e17a32648ba45ccdadb82fc081b4f0e0f2218	L1593563-R002,L1593564-R001
Ex	26	34	4Q11	1606655	PARTLY_RECONSTRUCTED	14	33	31	17	8	6	19	8	0	1	0	0	0	0	passage_status/DSS-Exodus-Passage-Status.txt	263947	753	68d76be34ee5a2aec8c21f1221193a6a89e4168580b35e6c44d542e583f74bd7	L1593565-R001
Ex	26	35	4Q11	1606655	PARTLY_RECONSTRUCTED	29	73	70	32	21	17	32	21	0	1	0	0	0	0	passage_status/DSS-Exodus-Passage-Status.txt	264700	773	3b88dc7b1d3bde11090bc0b39c64777d1404dea5a138db7d6f2093cf715222e0	L1593565-R002,L1593566-R001
Ex	26	36	4Q11	1606655	PARTLY_RECONSTRUCTED	19	51	49	33	6	10	33	6	0	1	0	0	0	0	passage_status/DSS-Exodus-Passage-Status.txt	265473	748	143ddc41b9c38d6020157b90058343f9edb2fe885605ed7248200033e62f0ece	L1593567-R001
Ex	26	37	4Q11	1606655	PARTLY_RECONSTRUCTED	20	66	61	45	11	5	49	11	0	1	0	0	0	0	passage_status/DSS-Exodus-Passage-Status.txt	266221	781	d05d0c33050265ad202dec1e87e0aa7e90fff174bedd381a5d37e0a5112c81cd	L1593567-R002,L1593568-R001,L1593569-R001
Ex	27	1	4Q11	1606655	PARTLY_RECONSTRUCTED	21	59	57	55	2	0	55	2	0	1	0	0	0	0	passage_status/DSS-Exodus-Passage-Status.txt	267002	739	f4629860cca02f714634f9d9255a0c1b66a98704a44622bfabdd22ead9145c48	L1593570-R001
Ex	27	6	4Q11	1606655	PARTLY_RECONSTRUCTED	12	34	19	9	5	5	17	9	3	6	0	0	0	0	passage_status/DSS-Exodus-Passage-Status.txt	267741	760	fb6e98e902c895abc97455901b7a07e8d85181c5580048151439b523d1818770	L1593571-R001,L1593572-R001
Ex	27	7	4Q11	1606655	PARTLY_RECONSTRUCTED	19	51	47	31	10	6	31	10	0	1	0	0	0	0	passage_status/DSS-Exodus-Passage-Status.txt	268501	769	0a782e505c3e5869524d8060f82be7c6189f15d2bbce999d773377553b17a8af	L1593572-R002,L1593573-R001
Ex	27	8	4Q11	1606655	PARTLY_RECONSTRUCTED	13	39	35	16	11	8	19	11	0	1	0	0	0	0	passage_status/DSS-Exodus-Passage-Status.txt	269270	753	8534dc0ec104472d366e5c1715263ddd65906cdbe52c5bac68428d34d0965729	L1593573-R002
Ex	27	9	4Q11	1606655	PARTLY_RECONSTRUCTED	24	65	61	33	22	6	35	22	0	1	0	0	0	0	passage_status/DSS-Exodus-Passage-Status.txt	270023	770	7a28b8f147b6e036ed569337f9ec9182908167471968f66ab15b48d99038b040	L1593575-R001,L1593576-R001
Ex	27	10	4Q11	1606655	PARTLY_RECONSTRUCTED	13	49	40	23	7	10	27	11	0	2	0	0	0	0	passage_status/DSS-Exodus-Passage-Status.txt	270793	749	119064b08a8f478e5359838debdd99f787619f500192e2a8d65e2194a16dbd75	L1593576-R002
Ex	27	11	4Q11	1606655	PARTLY_RECONSTRUCTED	23	79	73	38	21	14	41	22	0	1	0	0	0	0	passage_status/DSS-Exodus-Passage-Status.txt	271542	789	ce25577c8e8d330edb656240cb463b7bf67af8ac72ec5c838340449cd482c765	L1593576-R003,L1593577-R001,L1593578-R001
Ex	27	12	4Q11	1606655	PARTLY_RECONSTRUCTED	17	55	47	32	9	6	37	11	1	2	0	0	0	0	passage_status/DSS-Exodus-Passage-Status.txt	272331	758	32b9818b8e7c5b6dfc88cb7c02446152864d6ede18c3aa2c2f9dc029d3e27e8c	L1593578-R002,L1593579-R001
Ex	27	13	4Q11	1606655	PARTLY_RECONSTRUCTED	11	33	29	22	4	3	24	4	0	1	0	0	0	0	passage_status/DSS-Exodus-Passage-Status.txt	273089	735	769be666155ca98d647c0635aadf7a3b296ec21833e061a4450fa5ae96118217	L1593579-R002
Ex	27	14	4Q11	1606655	PARTLY_RECONSTRUCTED	10	32	15	13	1	1	24	7	3	6	0	0	0	0	passage_status/DSS-Exodus-Passage-Status.txt	273824	735	00c37477c7c781339d1fba514a4eced95da5a3c4940e85a8aeacf4509133fea8	L1593580-R001
Ex	28	32	4Q11	1606655	NO_LETTER_SLOTS	5	11	0	0	0	0	9	2	3	5	0	0	0	0	passage_status/DSS-Exodus-Passage-Status.txt	274559	737	8e91a382ac3ddcfff8dbefc0acfbc8205e8eff87cfbedfc2f81992e5edd78b23	L1593581-R001,L1593582-R001
Ex	28	33	4Q11	1606655	PARTLY_RECONSTRUCTED	21	70	64	49	8	7	52	8	0	2	0	0	0	0	passage_status/DSS-Exodus-Passage-Status.txt	275296	763	e7d0dfc2cd6be3b6bb364ec467989be0c21c439c57349a059d0854fe120fefcd	L1593582-R002,L1593583-R001
Ex	28	34	4Q11	1606655	PARTLY_RECONSTRUCTED	14	42	40	35	3	2	37	3	0	1	0	0	0	0	passage_status/DSS-Exodus-Passage-Status.txt	276059	757	e5e90de19ca359e32065b09a99f5e16d20ae02f78dca6b2a40d4458167e1fb09	L1593583-R002,L1593584-R001
Ex	28	35	4Q11	1606655	PARTLY_RECONSTRUCTED	24	59	54	47	7	0	52	7	0	1	0	0	0	0	passage_status/DSS-Exodus-Passage-Status.txt	276816	763	72de7bba53cabe99cea248a3a182e0e72544759b8ee08a1a0161a65b3eb8baa9	L1593584-R002,L1593585-R001
Ex	28	36	4Q11	1606655	NO_LETTER_SLOTS	4	9	0	0	0	0	5	2	2	4	0	0	0	0	passage_status/DSS-Exodus-Passage-Status.txt	277579	720	f985c6e28445d2ee0f90d4dd3b7add22905a3a1c1bbf4ba545a78e1192ddf5ca	L1593586-R001
Ex	28	39	4Q11	1606655	NO_LETTER_SLOTS	7	16	0	0	0	0	9	4	4	7	0	0	0	0	passage_status/DSS-Exodus-Passage-Status.txt	278299	737	3debb5708969aac7325cf46163ca14d3fa68d6a906b894c4412ad976dc72f898	L1593587-R001,L1593588-R001
Ex	28	40	4Q11	1606655	PARTLY_RECONSTRUCTED	20	61	57	47	6	4	50	6	0	1	0	0	0	0	passage_status/DSS-Exodus-Passage-Status.txt	279036	763	a73236974660f8af731ef7e591b32af75dd5a0cf5c6a22f270157ae5bf66a63b	L1593589-R001,L1593590-R001
Ex	28	41	4Q11	1606655	PARTLY_RECONSTRUCTED	24	72	62	57	4	1	66	4	0	1	0	0	0	0	passage_status/DSS-Exodus-Passage-Status.txt	279799	763	77fc20af10bc790007588169683303b6cf863d1527c35298a0bdc2cde725a36f	L1593590-R002,L1593591-R001
Ex	28	42	4Q11	1606655	PARTLY_RECONSTRUCTED	16	47	44	38	6	0	41	6	0	1	0	0	0	0	passage_status/DSS-Exodus-Passage-Status.txt	280562	763	e7cce1204d2a803ab95dd3920a5c1046344e879b0479e28a37200444503efae9	L1593591-R002,L1593592-R001
Ex	28	43	4Q11	1606655	NO_LETTER_SLOTS	4	8	0	0	0	0	5	1	2	4	0	0	0	0	passage_status/DSS-Exodus-Passage-Status.txt	281325	720	241815aa883872adcdc8240ba8458333046a195f0e04454dbfd908fc485f01a8	L1593592-R002
Ex	36	34	4Q11	1606655	PARTLY_RECONSTRUCTED	17	48	45	42	3	0	45	3	0	1	0	0	0	0	passage_status/DSS-Exodus-Passage-Status.txt	282045	741	afec6c015c6014c7cd417d03f0ad7584dd60e68fd4a884e27568a68e8dd3dd3b	L1593593-R001
Ex	36	35	4Q11	1606655	PARTLY_RECONSTRUCTED	20	58	55	48	3	4	51	3	0	1	0	0	0	0	passage_status/DSS-Exodus-Passage-Status.txt	282786	757	2e72eaeaa35bba9744bb7d8fad37b3d3a8fa686f5a30862c6bd41ea75e951707	L1593593-R002,L1593594-R001
Ex	36	36	4Q11	1606655	PARTLY_RECONSTRUCTED	18	61	55	50	3	2	56	3	0	1	0	0	0	0	passage_status/DSS-Exodus-Passage-Status.txt	283543	747	fa52eb19adc1b2102ebeca891b398a5b15eb5f02c5a1cab7ef1cb124f0a8567c	L1593595-R001
Ex	36	37	4Q11	1606655	NO_LETTER_RECONSTRUCTION_MARKED	4	9	1	0	1	0	4	3	2	3	0	0	0	0	passage_status/DSS-Exodus-Passage-Status.txt	284290	741	d1ff7b6f2b47d78719384f61a859fc6e5b19bbc91b825e1cbae64dfc60006bd4	L1593597-R001
Ex	27	3	4Q11	1606655	NO_LETTER_SLOTS	5	12	0	0	0	0	5	4	2	5	0	0	0	0	passage_status/DSS-Exodus-Passage-Status.txt	285031	719	05e9db8ee6d139a34de476cac5dc647d1e2de1238b4dbebe9347a1cd205a20da	L1593598-R001
Ex	27	4	4Q11	1606655	PARTLY_RECONSTRUCTED	12	35	22	18	0	4	26	3	3	5	0	0	0	0	passage_status/DSS-Exodus-Passage-Status.txt	285750	744	4dc88eb9f4de77d50b879e295d212db2e302374d5726efaab79dd064c8cea473	L1593599-R001,L1593600-R001
Ex	40	15	4Q11	1606655	PARTLY_RECONSTRUCTED	15	47	27	20	1	6	30	8	4	6	0	0	0	0	passage_status/DSS-Exodus-Passage-Status.txt	286494	751	f08cf5cf25bfb011b71e6c8d066ffca148d4726b2c7ab041ccae50cf5e3a1a6d	L1593601-R001,L1593602-R001
Ex	40	16	4Q11	1606655	NO_LETTER_RECONSTRUCTION_MARKED	4	13	1	0	0	1	4	6	2	3	0	0	0	0	passage_status/DSS-Exodus-Passage-Status.txt	287245	737	b2bcf010887625b1c099a1ba496efa1b269fd354c77ad9ef5b4010944a9c31de	L1593603-R001
Ex	1	1	4Q13	1606658	PARTLY_RECONSTRUCTED	20	64	49	34	0	15	48	0	5	6	0	0	0	0	passage_status/DSS-Exodus-Passage-Status.txt	287982	775	69b3d5e2352c754e6b9a03cc67c12ddfa0c420e952d6efe94512f8c9275135ee	L1593646-R001,L1593647-R001,L1593648-R001,L1593649-R001
Ex	1	2	4Q13	1606658	ALL_LETTER_SLOTS_RECONSTRUCTED	6	21	19	19	0	0	21	0	0	1	0	0	0	0	passage_status/DSS-Exodus-Passage-Status.txt	288757	735	2673027e0dc8070a3bb15954c197bb7d73f8d25033e172e7202105bbef61a722	L1593649-R002
Ex	1	3	4Q13	1606658	PARTLY_RECONSTRUCTED	6	24	22	3	1	18	5	1	0	1	0	0	0	0	passage_status/DSS-Exodus-Passage-Status.txt	289492	729	efb2f9a4ebfa2574e72a585a38d38a26bb6e26369c4489a6661b7c452c230758	L1593649-R003
Ex	1	4	4Q13	1606658	ALL_LETTER_SLOTS_RECONSTRUCTED	7	16	14	14	0	0	16	0	0	1	0	0	0	0	passage_status/DSS-Exodus-Passage-Status.txt	290221	735	fc91d7068caec8daddaac6cc41adde47e0e7087b8e5fe0d61bc267f6cc874454	L1593650-R001
Ex	1	5	4Q13	1606658	PARTLY_RECONSTRUCTED	11	29	27	15	0	12	15	0	0	1	0	0	0	0	passage_status/DSS-Exodus-Passage-Status.txt	290956	727	a5a36fe9c2bae02c2e87ec71413ff76f1fc3e1a9ba0d7c2bddee6931f5f3d5e9	L1593650-R002
Ex	1	6	4Q13	1606658	PARTLY_RECONSTRUCTED	13	29	26	22	0	4	25	0	0	1	0	0	0	0	passage_status/DSS-Exodus-Passage-Status.txt	291683	742	cdcb61252de94657d4587f597fa501f4909d561445a773cd1f4f925ca4fb2aa1	L1593650-R003,L1593651-R001
Ex	1	7	4Q13	1606658	NO_LETTER_SLOTS	6	16	0	0	0	0	5	7	2	6	0	0	0	0	passage_status/DSS-Exodus-Passage-Status.txt	292425	717	00ae448891876defdc80a9f3fcdf8535d8480699633228308b3214ae939396cc	L1593651-R002
Ex	1	16	4Q13	1606658	PARTLY_RECONSTRUCTED	25	72	65	59	3	3	62	3	1	2	0	0	0	0	passage_status/DSS-Exodus-Passage-Status.txt	293142	761	6979f8eec63356d077b61cadfc1d64d268522b639cd20ce689e1b95c832e144d	L1593652-R001,L1593653-R001
Ex	1	17	4Q13	1606658	PARTLY_RECONSTRUCTED	22	65	62	56	0	6	59	0	0	1	0	0	0	0	passage_status/DSS-Exodus-Passage-Status.txt	293903	744	242a2bdfed30df519fc3e41cb6317c90b79faac1840974b33c7275a574a500de	L1593653-R002,L1593654-R001
Ex	1	18	4Q13	1606658	PARTLY_RECONSTRUCTED	23	69	66	40	16	10	42	16	0	1	0	0	0	0	passage_status/DSS-Exodus-Passage-Status.txt	294647	765	43932d17fd546568983ca0381087fc68b4cb7bd38fb3a42bf2c19fea91bb0e19	L1593655-R001,L1593656-R001
Ex	1	19	4Q13	1606658	PARTLY_RECONSTRUCTED	24	74	71	17	1	53	17	1	0	1	0	0	0	0	passage_status/DSS-Exodus-Passage-Status.txt	295412	750	3b332f26386a6bd298a9c8328d5addd4ba7c4eec1829a8ebd0e70eb7da1a7dab	L1593656-R002,L1593657-R001
Ex	1	20	4Q13	1606658	PARTLY_RECONSTRUCTED	13	35	33	21	0	12	23	0	0	1	0	0	0	0	passage_status/DSS-Exodus-Passage-Status.txt	296162	745	58e3c086197874df471abbd3ac5a273bcb354d0ec69286b1192ba5857fe626a7	L1593657-R002,L1593658-R001
Ex	1	21	4Q13	1606658	PARTLY_RECONSTRUCTED	13	38	35	32	0	3	34	0	0	1	0	0	0	0	passage_status/DSS-Exodus-Passage-Status.txt	296907	728	13317971213cc0ee813b63ad29c1d24fa68f041bb8c21470e8114904314efaea	L1593658-R002
Ex	2	2	4Q13	1606658	PARTLY_RECONSTRUCTED	5	19	16	14	1	1	15	1	0	1	0	0	0	0	passage_status/DSS-Exodus-Passage-Status.txt	297635	730	9fee0d51a69956ffc834c4c1038ffee9414b2d8604a4b5836861229aa8fcacba	L1593659-R001
Ex	2	3	4Q13	1606658	PARTLY_RECONSTRUCTED	39	105	96	40	31	25	44	31	0	1	0	0	0	0	passage_status/DSS-Exodus-Passage-Status.txt	298365	770	95e652c8a25216dad9973f6aabfdbc4c2ea3c1ed2479365d44658ce847cf6fe6	L1593659-R002,L1593660-R001
Ex	2	4	4Q13	1606658	PARTLY_RECONSTRUCTED	11	31	27	17	2	8	18	2	0	1	0	0	0	0	passage_status/DSS-Exodus-Passage-Status.txt	299135	737	63a0d8e04abea2bea4b71a4fe272bea932e5b68a6b72b18583fef737342e0fa3	L1593661-R001
Ex	2	5	4Q13	1606658	PARTLY_RECONSTRUCTED	32	82	77	25	0	51	29	0	0	1	0	1	0	0	passage_status/DSS-Exodus-Passage-Status.txt	299872	764	0c4f465ccd3b75c157a92f1dbcebfb1f892624b117ed351bc24e465be246b340	L1593661-R002,L1593662-R001,L1593663-R001
Ex	2	6	4Q13	1606658	PARTLY_RECONSTRUCTED	24	65	62	33	9	20	33	9	0	1	0	0	0	0	passage_status/DSS-Exodus-Passage-Status.txt	300636	760	48ca3d2da310f52b62fe9081ff70d73438d408ddcd126c5113a1de5de8fceb2e	L1593663-R002,L1593664-R001
Ex	2	7	4Q13	1606658	PARTLY_RECONSTRUCTED	23	68	63	17	12	34	17	12	0	1	0	0	0	0	passage_status/DSS-Exodus-Passage-Status.txt	301396	762	53e09efc4dd19dab616aec0b6006859745a7760a7bc11f4263abb8ae35be6da1	L1593664-R002,L1593665-R001
Ex	2	8	4Q13	1606658	PARTLY_RECONSTRUCTED	17	42	39	17	1	21	19	1	0	1	0	0	0	0	passage_status/DSS-Exodus-Passage-Status.txt	302158	748	46998c7946c24f3a5c2e1b7dccac9381c39899ba316e596f5de9db9d82c31bce	L1593665-R002,L1593666-R001
Ex	2	9	4Q13	1606658	PARTLY_RECONSTRUCTED	28	78	69	50	15	4	56	17	0	1	0	0	0	0	passage_status/DSS-Exodus-Passage-Status.txt	302906	756	5b28e00acce777a348820a338a799b306c54eaef670fb6fe42af8e15733fb0cf	L1593666-R002,L1593667-R001
Ex	2	10	4Q13	1606658	PARTLY_RECONSTRUCTED	28	75	65	64	0	1	74	0	2	3	0	0	0	0	passage_status/DSS-Exodus-Passage-Status.txt	303662	760	7475875601eec1342fad37207d46db16f45dde1e3304465243c2d7a37d373088	L1593667-R002,L1593668-R001,L1593669-R001
Ex	2	11	4Q13	1606658	PARTLY_RECONSTRUCTED	29	78	73	58	1	14	60	1	0	1	0	0	0	0	passage_status/DSS-Exodus-Passage-Status.txt	304422	750	9b0726210be289f1c23dcab33fe199dd019d01e85ffbf7982679ac287398b0f6	L1593670-R001,L1593671-R001
Ex	2	12	4Q13	1606658	PARTLY_RECONSTRUCTED	20	45	42	33	8	1	36	8	0	1	0	0	0	0	passage_status/DSS-Exodus-Passage-Status.txt	305172	767	2e29a9bbd3b5cf904d90cc7d4a3e45087e6aa74aa6754c211114829053496d55	L1593671-R002,L1593672-R001
Ex	2	13	4Q13	1606658	PARTLY_RECONSTRUCTED	23	61	58	19	14	25	19	14	0	1	0	0	0	0	passage_status/DSS-Exodus-Passage-Status.txt	305939	770	a0d6e284da7349f65f51caa2e6c08ed51392b6cef4e211052658adca2a044fce	L1593672-R002,L1593673-R001
Ex	2	14	4Q13	1606658	PARTLY_RECONSTRUCTED	36	102	95	23	6	66	25	6	0	1	0	0	0	0	passage_status/DSS-Exodus-Passage-Status.txt	306709	763	8f4dd45962a3fff9504a89ed35fa6b94cf25ff0ba3a15a96f8bbca1311cecf3e	L1593673-R002,L1593674-R001
Ex	2	15	4Q13	1606658	PARTLY_RECONSTRUCTED	31	76	74	41	5	28	41	5	0	1	0	0	0	0	passage_status/DSS-Exodus-Passage-Status.txt	307472	756	34b5397ee00203bb38e69b9a20a371bd28e5364befae9100e6cb9faca1d784c8	L1593675-R001,L1593676-R001
Ex	2	16	4Q13	1606658	PARTLY_RECONSTRUCTED	23	75	71	27	17	27	28	17	0	1	0	0	0	0	passage_status/DSS-Exodus-Passage-Status.txt	308228	770	b551e9b0ccd216e2775f9e633216f7cbc3cf5054f3ed7b76adf58179086e8e2b	L1593676-R002,L1593677-R001
Ex	2	17	4Q13	1606658	PARTLY_RECONSTRUCTED	16	48	43	32	2	9	36	2	0	1	0	0	0	0	passage_status/DSS-Exodus-Passage-Status.txt	308998	755	21346732135c00437b5fd3c03b79a97f886eeaa6cc6f3a35505314d374d4c112	L1593677-R002,L1593678-R001
Ex	2	18	4Q13	1606658	PARTLY_RECONSTRUCTED	14	46	41	38	3	0	43	3	1	2	0	0	0	0	passage_status/DSS-Exodus-Passage-Status.txt	309753	761	0f047120f7bdb411910aa2b247e7a9e553f1fc5d37129b9e0bc4dffef07f8331	L1593678-R002,L1593679-R001
Ex	3	13	4Q13	1606658	PARTLY_RECONSTRUCTED	20	77	68	54	9	5	58	9	0	1	0	0	0	0	passage_status/DSS-Exodus-Passage-Status.txt	310514	755	be18f522ed25d170258042b188e81d1b51525a724bf0ae288383b95529588e56	L1593680-R001,L1593681-R001
Ex	3	14	4Q13	1606658	PARTLY_RECONSTRUCTED	20	72	66	23	1	42	25	1	1	2	0	0	0	0	passage_status/DSS-Exodus-Passage-Status.txt	311269	750	2b8d4d4c4101b7b5632a5c34547283a092eef910c6ddbdafa672a9c4555b8139	L1593681-R002,L1593682-R001
Ex	3	15	4Q13	1606658	PARTLY_RECONSTRUCTED	35	126	119	34	3	82	38	3	0	1	0	0	0	0	passage_status/DSS-Exodus-Passage-Status.txt	312019	764	711086c55c1ac99d475c4349002467dc52ebbd8d6ad62382bfb9349acf879dc4	L1593683-R001,L1593684-R001
Ex	3	16	4Q13	1606658	PARTLY_RECONSTRUCTED	36	129	122	49	9	64	52	9	0	1	0	0	0	0	passage_status/DSS-Exodus-Passage-Status.txt	312783	786	3991c7228b1393312aa29f4cffa96e77b3e0bbd4489859dcb9b2912d3ff3432b	L1593685-R001,L1593686-R001,L1593687-R001
Ex	3	17	4Q13	1606658	PARTLY_RECONSTRUCTED	32	85	82	35	12	35	38	12	0	1	0	1	0	0	passage_status/DSS-Exodus-Passage-Status.txt	313569	769	67bb4a3dd96e62fb2a19a96fc3b9a76bf285099c11cf70a9ced591ae93571181	L1593687-R002,L1593688-R001
Ex	3	18	4Q13	1606658	PARTLY_RECONSTRUCTED	38	127	121	58	8	52	63	8	0	1	0	3	0	0	passage_status/DSS-Exodus-Passage-Status.txt	314338	791	46c78d4e0db54e92ab2f737bcf4d736cb45b8650dc306d1026e4039c129b8d3e	L1593688-R002,L1593689-R001,L1593690-R001
Ex	3	19	4Q13	1606658	PARTLY_RECONSTRUCTED	17	46	43	19	1	23	19	1	0	1	0	0	0	0	passage_status/DSS-Exodus-Passage-Status.txt	315129	750	9a26290f1ec9bc2c790cc42cf8b584d9c0d505d1ed56d4930e3560e9dcb2fbc3	L1593690-R002,L1593691-R001
Ex	3	20	4Q13	1606658	PARTLY_RECONSTRUCTED	21	67	61	24	11	26	25	11	0	1	0	0	0	0	passage_status/DSS-Exodus-Passage-Status.txt	315879	770	564747b428ec4f2ab11ad3015ea9d82c9352d219feadd24caba45f693cd1adbf	L1593691-R002,L1593692-R001
Ex	3	21	4Q13	1606658	PARTLY_RECONSTRUCTED	20	51	48	45	1	2	48	1	0	1	0	0	0	0	passage_status/DSS-Exodus-Passage-Status.txt	316649	749	2756ca1972820d715024e9b78c2fa4167abeb27b881716996f9753f52bf49fce	L1593692-R002,L1593693-R001
Ex	3	22	4Q13	1606658	ALL_LETTER_SLOTS_RECONSTRUCTED	28	81	75	75	0	0	81	0	0	1	0	0	0	0	passage_status/DSS-Exodus-Passage-Status.txt	317398	754	1104296862ae96e34a7426a3b209f0fc814180ee94991cce44aca378d39610db	L1593693-R002,L1593694-R001
Ex	4	1	4Q13	1606658	PARTLY_RECONSTRUCTED	23	69	62	52	5	5	58	5	1	2	0	0	0	0	passage_status/DSS-Exodus-Passage-Status.txt	318152	753	b6757fbdecaa00217b951409425bcade02f412550557b896a83c260f5cae6a31	L1593695-R001,L1593696-R001
Ex	4	2	4Q13	1606658	ALL_LETTER_SLOTS_RECONSTRUCTED	12	34	30	30	0	0	34	0	0	1	0	0	0	0	passage_status/DSS-Exodus-Passage-Status.txt	318905	736	692181da88f2d017141103e3d4c18d51747de090c5a0285f5a289638ab0d537c	L1593697-R001
Ex	4	3	4Q13	1606658	PARTLY_RECONSTRUCTED	18	59	52	33	0	19	37	0	0	1	0	0	0	0	passage_status/DSS-Exodus-Passage-Status.txt	319641	743	d9a41567a9d9f6868c66d711239cf10ec248dad4467dd408c56b9b38f7505602	L1593697-R002,L1593698-R001
Ex	4	4	4Q13	1606658	PARTLY_RECONSTRUCTED	24	66	59	43	1	15	48	1	0	1	0	0	0	0	passage_status/DSS-Exodus-Passage-Status.txt	320384	748	3c949392b25802c72da690ef429a6d225308b30e74d65d73b84002d6c91c7cf2	L1593698-R002,L1593699-R001
Ex	4	5	4Q13	1606658	PARTLY_RECONSTRUCTED	16	68	64	50	1	13	53	1	0	1	0	0	0	0	passage_status/DSS-Exodus-Passage-Status.txt	321132	748	db9bcd686887430bdda37c39398fea1ea1b5dffa0d7038aa5b7a08571e64b2e5	L1593699-R002,L1593700-R001
Ex	4	6	4Q13	1606658	PARTLY_RECONSTRUCTED	26	79	69	53	1	15	60	1	0	1	0	0	0	0	passage_status/DSS-Exodus-Passage-Status.txt	321880	748	3f9dea1e06f463a4fac2f65019cf6b967243b06fefcf691fdfdf637badfc3ca8	L1593700-R002,L1593701-R001
Ex	4	7	4Q13	1606658	PARTLY_RECONSTRUCTED	21	64	55	49	0	6	58	0	0	1	0	0	0	0	passage_status/DSS-Exodus-Passage-Status.txt	322628	742	cbb765cc0bfc70dc8cc5bf13abcdcd3748850e979762e185a1c688b33ad9dc25	L1593701-R002,L1593702-R001
Ex	4	8	4Q13	1606658	NO_LETTER_RECONSTRUCTION_MARKED	2	6	4	0	0	4	0	0	0	1	0	0	0	0	passage_status/DSS-Exodus-Passage-Status.txt	323370	732	e8d4d9b39922ff447165c3c727e0427922a8cb011505a4c4d07e7d8e8fc522a1	L1593702-R002
Ex	5	3	4Q13	1606658	PARTLY_RECONSTRUCTED	21	68	63	53	3	7	58	3	0	1	0	0	0	0	passage_status/DSS-Exodus-Passage-Status.txt	324102	753	ea5ad705a5475d1ce718b214a5f834d71ff217be387ff548812a2700bdbfe543	L1593703-R001,L1593704-R001
Ex	5	4	4Q13	1606658	PARTLY_RECONSTRUCTED	19	66	61	42	2	17	45	2	0	1	0	0	0	0	passage_status/DSS-Exodus-Passage-Status.txt	324855	754	00b2ae9050fc965df0d7ba950814731a403045f4a4be417982268af09cff8e47	L1593704-R002,L1593705-R001
Ex	5	5	4Q13	1606658	PARTLY_RECONSTRUCTED	15	46	42	23	2	17	27	2	0	1	0	0	0	0	passage_status/DSS-Exodus-Passage-Status.txt	325609	738	dc832958bbada4ebfcf847b6ac42350e1a313370d9fb29edfbca6b4952fc6ee3	L1593705-R002
Ex	5	6	4Q13	1606658	PARTLY_RECONSTRUCTED	18	44	41	3	2	36	3	2	0	1	0	0	0	0	passage_status/DSS-Exodus-Passage-Status.txt	326347	730	5c0503ef7f0ebc32215f64b188ed4cf859f49e8ba3cf62c4b0a91b0fd9d8c8a0	L1593706-R001
Ex	5	7	4Q13	1606658	PARTLY_RECONSTRUCTED	21	59	55	23	6	26	27	6	0	1	0	0	0	0	passage_status/DSS-Exodus-Passage-Status.txt	327077	760	64107774f7a87c2ac7ae72e2f4076d7595b77efe9c12c87b9ff5f36d2776a3f6	L1593706-R002,L1593707-R001
Ex	5	8	4Q13	1606658	PARTLY_RECONSTRUCTED	33	109	104	30	8	66	34	8	0	1	0	0	0	0	passage_status/DSS-Exodus-Passage-Status.txt	327837	768	72c4b1a677ea78e5e70bc2de843896d10ca7182a76bbaa742388656d9f61e756	L1593708-R001,L1593709-R001
Ex	5	9	4Q13	1606658	PARTLY_RECONSTRUCTED	16	43	40	13	9	18	15	9	0	1	0	0	0	0	passage_status/DSS-Exodus-Passage-Status.txt	328605	744	2f6ae95137a5b233b9da8b44b2435e95d5f66645ab9a69d17c9e37f8f2161ab6	L1593710-R001
Ex	5	10	4Q13	1606658	PARTLY_RECONSTRUCTED	22	65	60	30	3	27	34	3	0	1	0	0	0	0	passage_status/DSS-Exodus-Passage-Status.txt	329349	756	57b91cf35a2dbc95349a3ce2f5d589937def3b25e27f1db12a4fad589a0077b3	L1593710-R002,L1593711-R001
Ex	5	11	4Q13	1606658	PARTLY_RECONSTRUCTED	16	49	45	21	2	22	22	2	0	1	0	0	0	0	passage_status/DSS-Exodus-Passage-Status.txt	330105	756	2bb30dd319733241d9874012ece8754e26e93faeae57425967f06d205c6288da	L1593711-R002,L1593712-R001
Ex	5	12	4Q13	1606658	PARTLY_RECONSTRUCTED	14	30	28	9	2	17	9	2	0	1	0	0	0	0	passage_status/DSS-Exodus-Passage-Status.txt	330861	754	7c95364dd6e513bf252c54a11e5377d6be9806e48e6f4985f3c584e59d527b89	L1593712-R002,L1593713-R001
Ex	5	13	4Q13	1606658	PARTLY_RECONSTRUCTED	24	70	65	41	5	19	45	5	0	1	0	0	0	0	passage_status/DSS-Exodus-Passage-Status.txt	331615	768	509c7d7d66ad80fbaf931e561ddd7cd1b7346df77623112be23cd12fd1154503	L1593713-R002,L1593714-R001
Ex	5	14	4Q13	1606658	PARTLY_RECONSTRUCTED	27	85	81	72	1	8	76	1	0	1	0	0	0	0	passage_status/DSS-Exodus-Passage-Status.txt	332383	749	35be6953ce73cf5ae50c28f26db463eb00a1754ebcc8b7bb76629e953c84084b	L1593714-R002,L1593715-R001
Ex	3	13	4Q14	1606659	PARTLY_RECONSTRUCTED	28	95	86	76	0	10	85	0	0	1	0	0	0	0	passage_status/DSS-Exodus-Passage-Status.txt	333132	745	55bad2f7ee96e68028183728d509492aede02806902fbff2dc20d5098b86435e	L1593716-R001,L1593717-R001
Ex	3	14	4Q14	1606659	PARTLY_RECONSTRUCTED	19	64	60	52	0	8	56	0	0	1	0	0	0	0	passage_status/DSS-Exodus-Passage-Status.txt	333877	744	b6c70a888b4d27af68a17c9896a272b3db19d4d08f4a789c295e2ed02e7b7a81	L1593717-R002,L1593718-R001
Ex	3	15	4Q14	1606659	PARTLY_RECONSTRUCTED	11	31	29	22	0	7	22	0	0	1	0	0	0	0	passage_status/DSS-Exodus-Passage-Status.txt	334621	728	98f3b418ae0e4489abea0239382855ae388992a7e0cc16ca975475e9280ad385	L1593718-R002
Ex	5	8	4Q14	1606659	ALL_LETTER_SLOTS_RECONSTRUCTED	3	10	7	7	0	0	10	0	0	1	0	0	0	0	passage_status/DSS-Exodus-Passage-Status.txt	335349	733	bc378b321713ee84bfb3d858d86ebec5ae2760cc3df02e7ba629eb40502a2146	L1593719-R001
Ex	5	9	4Q14	1606659	PARTLY_RECONSTRUCTED	16	42	39	29	0	10	32	0	0	1	0	0	0	0	passage_status/DSS-Exodus-Passage-Status.txt	336082	727	c513a9b00a8102146af28cf77151318ca007d662a6b931a47c63f9414ee8eb07	L1593719-R002
Ex	5	10	4Q14	1606659	PARTLY_RECONSTRUCTED	22	61	56	42	0	14	44	0	0	1	0	0	0	0	passage_status/DSS-Exodus-Passage-Status.txt	336809	729	e571ee25ebf0eb97c473311ad1e1a3f1b4f38fe348f5b2e43a9ff16f90b98ca0	L1593720-R001
Ex	5	11	4Q14	1606659	PARTLY_RECONSTRUCTED	15	47	43	26	0	17	29	0	0	1	0	0	0	0	passage_status/DSS-Exodus-Passage-Status.txt	337538	729	5f88b784bbdb618c64f6d7fcdd5add8c86c67b1c7b0084eead272b3d90e2b74f	L1593721-R001
Ex	5	12	4Q14	1606659	PARTLY_RECONSTRUCTED	14	30	28	25	0	3	25	0	0	1	0	0	0	0	passage_status/DSS-Exodus-Passage-Status.txt	338267	744	b2b7b681b49c2553af9bf26d89eb5ae273fc3288d52ec9bd7cd131371f53c6b9	L1593721-R002,L1593722-R001
Ex	5	13	4Q14	1606659	PARTLY_RECONSTRUCTED	23	63	55	40	0	15	46	1	1	2	0	0	0	0	passage_status/DSS-Exodus-Passage-Status.txt	339011	745	adc53c98dbd9af4b24632f6800c49366334cdaab58239e82c7bdbb2fee64db56	L1593722-R002,L1593723-R001
Ex	5	14	4Q14	1606659	PARTLY_RECONSTRUCTED	10	31	26	21	0	5	24	0	1	2	0	0	0	0	passage_status/DSS-Exodus-Passage-Status.txt	339756	728	83384171d25a7e69f556da3d08a19128d168f7c2f71f8b229577654252476844	L1593723-R002
Ex	7	17	4Q14	1606659	PARTLY_RECONSTRUCTED	14	32	29	23	6	0	26	6	0	1	0	0	0	0	passage_status/DSS-Exodus-Passage-Status.txt	340484	745	8166521125ad4a32e6f6e7860bbc7bfd65ec362b732ad1aa2b61f803e5db0050	L1593724-R001
Ex	7	18	4Q14	1606659	ALL_LETTER_SLOTS_RECONSTRUCTED	21	50	48	48	0	0	50	0	0	1	0	0	0	0	passage_status/DSS-Exodus-Passage-Status.txt	341229	754	15a23c8e1690defb0e089fb37367a55a26e2e90bd850c62a6b578ddd15b8b56e	L1593724-R002,L1593725-R001
Ex	7	19	4Q14	1606659	PARTLY_RECONSTRUCTED	45	130	122	110	0	12	118	0	0	1	0	0	0	0	passage_status/DSS-Exodus-Passage-Status.txt	341983	749	78336701bd46f1bbfc3e32315034da5e40a53a74b56d5d9edb99bbe84e0cae23	L1593725-R002,L1593726-R001
Ex	7	20	4Q14	1606659	PARTLY_RECONSTRUCTED	40	95	92	79	0	13	80	0	0	1	0	0	0	0	passage_status/DSS-Exodus-Passage-Status.txt	342732	761	5bda3611077c45fbcf3783c5881fa03ff74fb44a11731e9ff45fa5897ee13e55	L1593726-R002,L1593727-R001,L1593728-R001
Ex	7	21	4Q14	1606659	PARTLY_RECONSTRUCTED	29	69	67	48	2	17	50	2	0	1	0	0	0	0	passage_status/DSS-Exodus-Passage-Status.txt	343493	756	ee8dcad0cf7404618869461e41d53e43b14747ef354e73bfddcba180d2257134	L1593728-R002,L1593729-R001
Ex	7	22	4Q14	1606659	PARTLY_RECONSTRUCTED	20	60	56	50	2	4	53	2	0	1	0	0	0	0	passage_status/DSS-Exodus-Passage-Status.txt	344249	755	bd9dcd427e377526b2fc360d6d0fe422473687501abf6177cc9fd4911cb5d452	L1593729-R002,L1593730-R001
Ex	7	23	4Q14	1606659	PARTLY_RECONSTRUCTED	15	36	32	25	2	5	28	2	0	1	0	0	0	0	passage_status/DSS-Exodus-Passage-Status.txt	345004	739	5aff4f50df173edaa8216ec3fb2a8a7c48a04c30bce94d840f121d138edb07b1	L1593730-R002
Ex	7	24	4Q14	1606659	ALL_LETTER_SLOTS_RECONSTRUCTED	20	53	51	51	0	0	53	0	0	1	0	0	0	0	passage_status/DSS-Exodus-Passage-Status.txt	345743	754	f305076724283073b534242c9e8f34e356e618da34e15010d68e0b56161e2152	L1593730-R003,L1593731-R001
Ex	7	25	4Q14	1606659	ALL_LETTER_SLOTS_RECONSTRUCTED	12	35	31	31	0	0	35	0	1	2	0	0	0	0	passage_status/DSS-Exodus-Passage-Status.txt	346497	754	11e0b77bea8cb714f8666b690554061753626a332e1050a945888399c3ec89ec	L1593731-R002,L1593732-R001
Ex	7	26	4Q14	1606659	PARTLY_RECONSTRUCTED	20	60	55	50	2	3	55	2	0	1	0	0	0	0	passage_status/DSS-Exodus-Passage-Status.txt	347251	739	64f0b706bdfd145da9a68cda1af641ccfb3f7341ece74da2dfe04737ff5c01d7	L1593733-R001
Ex	7	27	4Q14	1606659	PARTLY_RECONSTRUCTED	15	44	41	31	4	6	34	4	0	1	0	0	0	0	passage_status/DSS-Exodus-Passage-Status.txt	347990	755	1fdde0109296a0522888a70316efec3c32bf7dd1fd6af63f76f5588051033941	L1593733-R002,L1593734-R001
Ex	7	28	4Q14	1606659	PARTLY_RECONSTRUCTED	32	88	79	65	3	11	72	3	0	1	0	0	0	0	passage_status/DSS-Exodus-Passage-Status.txt	348745	756	64b6b824f2ae613c44b5eb02b9f36f6a48f8c7ea27fab142817c818a0184cf09	L1593734-R002,L1593735-R001
Ex	7	29	4Q14	1606659	ALL_LETTER_SLOTS_RECONSTRUCTED	13	35	30	30	0	0	35	0	0	1	0	0	0	0	passage_status/DSS-Exodus-Passage-Status.txt	349501	738	9c9b6aecd1d1976b5cec55c5f65d58a097afbf143a4da0d4cf24bc91ed808136	L1593735-R002
Ex	8	1	4Q14	1606659	PARTLY_RECONSTRUCTED	32	87	83	65	7	11	69	7	0	1	0	0	0	0	passage_status/DSS-Exodus-Passage-Status.txt	350239	760	a1ecd89929a0f84daadc390ae6fbbad37e248fdb92f717bc7f12828ff62866af	L1593737-R001,L1593738-R001
Ex	8	5	4Q14	1606659	PARTLY_RECONSTRUCTED	19	53	47	37	8	2	42	8	0	1	0	0	0	0	passage_status/DSS-Exodus-Passage-Status.txt	350999	743	6b978ffb044df5e0645302e2ded083753d10942a01390c033861842c09726cda	L1593739-R001
Ex	8	6	4Q14	1606659	PARTLY_RECONSTRUCTED	16	46	42	34	2	6	38	2	0	1	0	0	0	0	passage_status/DSS-Exodus-Passage-Status.txt	351742	747	45d2ea2b1e612e3eddf6b498d1c60d26b3f8e1fc61671bcb6b1a08a05c99ff74	L1593739-R002,L1593740-R001
Ex	8	7	4Q14	1606659	ALL_LETTER_SLOTS_RECONSTRUCTED	19	51	45	45	0	0	51	0	0	1	0	0	0	0	passage_status/DSS-Exodus-Passage-Status.txt	352489	736	d93519b51045584245c9b0b1bc114bcb714668a80a5d84ee400f1540ed098ebe	L1593740-R002
Ex	8	8	4Q14	1606659	PARTLY_RECONSTRUCTED	22	58	56	43	7	6	45	7	0	1	0	4	0	0	passage_status/DSS-Exodus-Passage-Status.txt	353225	764	75275382260442db950cdfb844b733e9bd6f38f0a1dcc45f659d752d6d505460	L1593740-R003,L1593741-R001
Ex	8	9	4Q14	1606659	PARTLY_RECONSTRUCTED	21	51	49	36	3	10	38	3	0	1	0	0	0	0	passage_status/DSS-Exodus-Passage-Status.txt	353989	754	81cc9a6b3ff87bcb5fd5760d955306906196d2df8d4eca85d4f2894c1e402053	L1593741-R002,L1593742-R001
Ex	8	10	4Q14	1606659	ALL_LETTER_SLOTS_RECONSTRUCTED	10	29	26	26	0	0	29	0	0	1	0	0	0	0	passage_status/DSS-Exodus-Passage-Status.txt	354743	738	188711a5bd7d752ed6f057a8c64aec8f7449f26971d473cd773d2fe7359a85a8	L1593742-R002
Ex	8	11	4Q14	1606659	PARTLY_RECONSTRUCTED	20	54	50	35	4	11	39	4	0	1	0	0	0	0	passage_status/DSS-Exodus-Passage-Status.txt	355481	762	e95843ab98960f8a69be9d98da5d77e71169c8d95a08c34907edca4ba845b948	L1593743-R001,L1593744-R001
Ex	8	12	4Q14	1606659	PARTLY_RECONSTRUCTED	28	70	66	55	3	8	58	3	0	1	0	0	0	0	passage_status/DSS-Exodus-Passage-Status.txt	356243	739	724a7d09dbf1defebd47d43502eb684855d3a72d680b77379127786380cee01e	L1593745-R001
Ex	8	13	4Q14	1606659	PARTLY_RECONSTRUCTED	36	85	81	70	2	9	70	2	0	1	0	0	0	0	passage_status/DSS-Exodus-Passage-Status.txt	356982	749	09422a75e422e7771745548b5111e681c10f7c5360bd25c2fc2bb83c5ac7cbdf	L1593746-R001,L1593747-R001
Ex	8	14	4Q14	1606659	PARTLY_RECONSTRUCTED	25	61	58	53	4	1	56	4	0	1	0	0	0	0	passage_status/DSS-Exodus-Passage-Status.txt	357731	761	36f7f6fd231a17ee09194cd71b3d7e743a112ecab625ace9553f0fd4b24b89f9	L1593747-R002,L1593748-R001
Ex	8	15	4Q14	1606659	ALL_LETTER_SLOTS_RECONSTRUCTED	22	66	63	63	0	0	66	0	0	1	0	0	0	0	passage_status/DSS-Exodus-Passage-Status.txt	358492	738	89e31650376c3d9ae1d4ebde83d04e1ce84e618fecd135ee56980a4957578a73	L1593748-R002
Ex	8	16	4Q14	1606659	PARTLY_RECONSTRUCTED	28	85	79	75	3	1	80	3	0	1	0	0	0	0	passage_status/DSS-Exodus-Passage-Status.txt	359230	761	34b25a57a108ea1ac1d95452aba057b2793b997a66957e6f7ed9de126c9fd7ab	L1593750-R001,L1593751-R001
Ex	8	17	4Q14	1606659	PARTLY_RECONSTRUCTED	36	98	88	42	8	38	49	8	0	1	0	0	0	0	passage_status/DSS-Exodus-Passage-Status.txt	359991	756	76525abca4e57f33ff157c989eef6fac2bf738fe4efe7cc0fb5c9e268f75ab3d	L1593751-R002,L1593752-R001
Ex	8	18	4Q14	1606659	PARTLY_RECONSTRUCTED	28	78	74	68	3	3	72	3	0	1	0	0	0	0	passage_status/DSS-Exodus-Passage-Status.txt	360747	755	bede54bc6d88740f967cc38f03b28671f64418ed3eaa3d22fa2d2c0358baf2fc	L1593752-R002,L1593753-R001
Ex	8	22	4Q14	1606659	PARTLY_RECONSTRUCTED	26	87	82	74	2	6	78	2	0	1	0	0	0	0	passage_status/DSS-Exodus-Passage-Status.txt	361502	749	4bb1abb5595545d2e4db68ff45fe85513da9ac9cf4461fc5f0204bdc8e734721	L1593754-R001,L1593755-R001
Ex	9	10	4Q14	1606659	NO_LETTER_SLOTS	5	10	0	0	0	0	9	1	3	5	0	0	0	0	passage_status/DSS-Exodus-Passage-Status.txt	362251	735	e972284c281052cee1552a12183a94509aac9c712b0d71020bf80eda7d6099e8	L1593756-R001,L1593757-R001
Ex	9	11	4Q14	1606659	PARTLY_RECONSTRUCTED	25	62	60	51	0	9	53	0	0	1	0	0	0	0	passage_status/DSS-Exodus-Passage-Status.txt	362986	728	c656ef72401bc0e70e113fcd877cef0f43abe6054a08c58f23de12725bcdd207	L1593757-R002
Ex	9	12	4Q14	1606659	ALL_LETTER_SLOTS_RECONSTRUCTED	18	48	43	43	0	0	48	0	1	2	0	0	0	0	passage_status/DSS-Exodus-Passage-Status.txt	363714	738	a162aa4efa36889304d9bcbd5cc75ca0d4f5877ed124b6daa2f2891733f52fe0	L1593758-R001
Ex	9	13	4Q14	1606659	ALL_LETTER_SLOTS_RECONSTRUCTED	28	84	79	79	0	0	84	0	0	1	0	0	0	0	passage_status/DSS-Exodus-Passage-Status.txt	364452	754	304d45dc9427e55a9ec5d69bd38b831a473c204ef479de042589f1c2f6013a53	L1593759-R001,L1593760-R001
Ex	9	14	4Q14	1606659	ALL_LETTER_SLOTS_RECONSTRUCTED	29	73	66	66	0	0	73	0	0	1	0	0	0	0	passage_status/DSS-Exodus-Passage-Status.txt	365206	754	41a7b3dfa7f44aeb2552d080d10635be46b19e43b32cce3f17b97ce0d1ffe1e8	L1593760-R002,L1593761-R001
Ex	9	15	4Q14	1606659	PARTLY_RECONSTRUCTED	19	48	43	35	2	6	40	2	0	1	0	0	0	0	passage_status/DSS-Exodus-Passage-Status.txt	365960	733	fbc60e98d1f602cdaabd0abbb8a5513f44b6c07e9a54f4c62dfe2730fe3d822d	L1593761-R002
Ex	9	16	4Q14	1606659	PARTLY_RECONSTRUCTED	19	57	49	37	5	7	42	5	1	2	0	0	0	0	passage_status/DSS-Exodus-Passage-Status.txt	366693	755	134d879e41da26ff36f5ffb75fd91a297a68cad6fb3677cacb65d7fa84043c7c	L1593761-R003,L1593762-R001
Ex	9	17	4Q14	1606659	NO_LETTER_SLOTS	3	7	0	0	0	0	5	2	1	3	0	0	0	0	passage_status/DSS-Exodus-Passage-Status.txt	367448	718	b93a7f2d48191c4575358abbca30133171012e1da3b66ba5360631061d5b445b	L1593762-R002
Ex	9	18	4Q14	1606659	PARTLY_RECONSTRUCTED	23	65	60	50	2	8	53	2	0	1	0	0	0	0	passage_status/DSS-Exodus-Passage-Status.txt	368166	755	2d7ab226d9836b345e975b2b39a4f0480456d29f0caa4016d4fc8916fa523227	L1593762-R003,L1593763-R001
Ex	9	19	4Q14	1606659	PARTLY_RECONSTRUCTED	35	86	80	45	7	28	46	7	0	1	0	0	0	0	passage_status/DSS-Exodus-Passage-Status.txt	368921	756	6516a660d068c005e357c997de5cb0808d08ff3b6e9a3f12c4d04dab2797e419	L1593763-R002,L1593764-R001
Ex	9	20	4Q14	1606659	PARTLY_RECONSTRUCTED	18	52	48	44	0	4	48	0	0	1	0	0	0	0	passage_status/DSS-Exodus-Passage-Status.txt	369677	744	6a02e640afdeb0be32731f17fa0a4aa8c49ebd3e7cc76d34e84e37362b98e3b0	L1593764-R002,L1593765-R001
Ex	9	21	4Q14	1606659	ALL_LETTER_SLOTS_RECONSTRUCTED	18	49	44	44	0	0	49	0	0	1	0	0	0	0	passage_status/DSS-Exodus-Passage-Status.txt	370421	754	d2ff2950a4fa15c45ae23179435b33b965fc8112c21d0567b30340022cf324fa	L1593765-R002,L1593766-R001
Ex	9	22	4Q14	1606659	PARTLY_RECONSTRUCTED	35	85	82	72	2	8	75	2	0	1	0	0	0	0	passage_status/DSS-Exodus-Passage-Status.txt	371175	749	eb986fab2fc46b1179b15616969c7ec257382e657afdc4efcffb43e5cdebc705	L1593767-R001,L1593768-R001
Ex	9	23	4Q14	1606659	PARTLY_RECONSTRUCTED	26	71	67	52	3	12	55	3	0	1	0	0	0	0	passage_status/DSS-Exodus-Passage-Status.txt	371924	750	ccad199e01e8ed5a679c2cac5937990194662d1d6cc6b0d85a40baceab0585e8	L1593768-R002,L1593769-R001
Ex	9	24	4Q14	1606659	PARTLY_RECONSTRUCTED	26	67	64	55	5	4	57	5	0	1	0	0	0	0	passage_status/DSS-Exodus-Passage-Status.txt	372674	745	14cbd4d2548fda65c72ef48398bd38dc67dd35a1f5b75c8e20dad415a702054b	L1593769-R002
Ex	9	25	4Q14	1606659	PARTLY_RECONSTRUCTED	35	75	73	69	3	1	71	3	0	1	0	0	0	0	passage_status/DSS-Exodus-Passage-Status.txt	373419	755	76cf3d9e2d7e077c1ff79a92aa3aa25a120e570dcbb1a3239fb66a628ea61f22	L1593769-R003,L1593770-R001
Ex	9	26	4Q14	1606659	ALL_LETTER_SLOTS_RECONSTRUCTED	12	32	30	30	0	0	32	0	0	1	0	0	0	0	passage_status/DSS-Exodus-Passage-Status.txt	374174	738	1eb18a4e636a3a9f6610b789fe26b6aff62929fd1e5c473fb67f9045f55f8c81	L1593771-R001
Ex	9	27	4Q14	1606659	PARTLY_RECONSTRUCTED	26	69	65	61	1	3	65	1	0	1	0	0	0	0	passage_status/DSS-Exodus-Passage-Status.txt	374912	749	b1b42072292602f7dca530592e812d339d27beaa936e8084cb667b245a760658	L1593771-R002,L1593772-R001
Ex	9	28	4Q14	1606659	PARTLY_RECONSTRUCTED	19	52	36	22	4	10	30	11	1	6	0	0	0	0	passage_status/DSS-Exodus-Passage-Status.txt	375661	763	7de8825f3025c42a39be6ed09a1bf51459217a69efad07b8de52f7980cb31685	L1593772-R002,L1593773-R001
Ex	9	29	4Q14	1606659	PARTLY_RECONSTRUCTED	30	83	78	44	10	24	48	10	0	1	0	0	0	0	passage_status/DSS-Exodus-Passage-Status.txt	376424	770	5c035b123212b2a4a5214938dd6cae2795fb50d3f05e8381e2a7f9975fc1a44f	L1593773-R002,L1593774-R001
Ex	9	30	4Q14	1606659	PARTLY_RECONSTRUCTED	13	40	37	9	5	23	9	5	0	1	0	0	0	0	passage_status/DSS-Exodus-Passage-Status.txt	377194	732	7ab7b58deba855aa3a2bae4255c2529654c351764b0c061ed45d78fab407a594	L1593775-R001
Ex	9	31	4Q14	1606659	PARTLY_RECONSTRUCTED	16	37	34	25	4	5	25	5	0	1	0	0	0	0	passage_status/DSS-Exodus-Passage-Status.txt	377926	755	8ffedf40567235c1a558370e614ee43f8716b5ec7a3be8598a9099ff190e7c73	L1593775-R002,L1593776-R001
Ex	9	32	4Q14	1606659	PARTLY_RECONSTRUCTED	12	29	27	12	6	9	14	6	0	1	0	0	0	0	passage_status/DSS-Exodus-Passage-Status.txt	378681	739	94987c40b28d8736ca84cda41d717868b916659df97e41af17572ac6ff4f7fdf	L1593776-R002
Ex	9	33	4Q14	1606659	PARTLY_RECONSTRUCTED	27	68	64	46	13	6	49	13	0	1	0	0	0	0	passage_status/DSS-Exodus-Passage-Status.txt	379420	769	18b196f7dc4dcbf570b90970679839b760aee8dbe071197b4f3b3d4743aabbdb	L1593776-R003,L1593777-R001
Ex	9	34	4Q14	1606659	PARTLY_RECONSTRUCTED	24	57	53	39	9	5	43	9	0	1	0	0	0	0	passage_status/DSS-Exodus-Passage-Status.txt	380189	761	d85ee2562f0e10cbdfb874cc358770650fef9976649faa615152122bc5abe311	L1593777-R002,L1593778-R001
Ex	9	35	4Q14	1606659	PARTLY_RECONSTRUCTED	18	46	44	37	5	2	39	5	0	1	0	0	0	0	passage_status/DSS-Exodus-Passage-Status.txt	380950	761	6f192698d7ca0158da16545455f47af25548d0613e8379a59bf5df0000ecf192	L1593778-R002,L1593779-R001
Ex	10	1	4Q14	1606659	PARTLY_RECONSTRUCTED	17	54	45	39	1	5	48	1	1	2	0	11	0	0	passage_status/DSS-Exodus-Passage-Status.txt	381711	756	a7797f98d07bd1c53ec59fd95c73edb1c85a7d0a345ce89dd980b3ecef652e1d	L1593780-R001,L1593781-R001
Ex	10	2	4Q14	1606659	PARTLY_RECONSTRUCTED	26	78	72	67	1	0	72	1	0	1	0	51	0	0	passage_status/DSS-Exodus-Passage-Status.txt	382467	740	85e619865cce041bc49a5959b47b76f0699c763fdb4d2e20b5c92a11f9821063	L1593781-R002
Ex	10	3	4Q14	1606659	PARTLY_RECONSTRUCTED	30	87	75	66	1	8	75	4	1	3	0	0	0	0	passage_status/DSS-Exodus-Passage-Status.txt	383207	749	3bb5665a1d1d57ceb31e3931bdedfb3b6d446f265d68f7ce3d024badda70bbd4	L1593781-R003,L1593782-R001
Ex	10	4	4Q14	1606659	PARTLY_RECONSTRUCTED	15	44	39	28	5	6	33	5	0	1	0	0	0	0	passage_status/DSS-Exodus-Passage-Status.txt	383956	755	e7ea158754d1cdd92b9e8fb278b10bd8ac3912f3857defd9c9ada14007f994f8	L1593782-R002,L1593783-R001
Ex	10	5	4Q14	1606659	PARTLY_RECONSTRUCTED	39	88	84	79	0	5	83	0	0	1	0	0	0	0	passage_status/DSS-Exodus-Passage-Status.txt	384711	744	92223ae82a102d4958dd68dd80f5334f56275702e852ab34c6653b1cb4de1a21	L1593783-R002,L1593784-R001
Ex	10	6	4Q14	1606659	ALL_LETTER_SLOTS_RECONSTRUCTED	37	101	94	94	0	0	101	0	0	1	0	0	0	0	passage_status/DSS-Exodus-Passage-Status.txt	385455	756	e02753ac10ad18f5afcbe5a899e95cee207c85b1c1a11ce9a72158d85c37acf7	L1593784-R002,L1593785-R001
Ex	10	7	4Q14	1606659	PARTLY_RECONSTRUCTED	28	89	84	75	1	8	80	1	0	1	0	0	0	0	passage_status/DSS-Exodus-Passage-Status.txt	386211	749	c169713e2c18e655562cea9c2c381bced8629973410f33a2afa18f602506eaad	L1593787-R001,L1593788-R001
Ex	10	8	4Q14	1606659	PARTLY_RECONSTRUCTED	23	67	63	40	6	17	42	6	0	1	0	0	0	0	passage_status/DSS-Exodus-Passage-Status.txt	386960	756	c8b7834cd4ca820cc11a33ceae88ea49f983056b2e2975b7be49298adb091c17	L1593788-R002,L1593789-R001
Ex	10	9	4Q14	1606659	PARTLY_RECONSTRUCTED	25	76	67	53	11	2	61	11	0	1	0	20	0	0	passage_status/DSS-Exodus-Passage-Status.txt	387716	760	b485bc4de2ed74c94e362387cf5e30f00ae7b9b4cfbe67fc283f804d232e210f	L1593789-R002
Ex	10	10	4Q14	1606659	ALL_LETTER_SLOTS_RECONSTRUCTED	20	64	57	57	0	0	64	0	0	1	0	0	0	0	passage_status/DSS-Exodus-Passage-Status.txt	388476	756	a643fb8cf0e9992b1f58f415439067746496ae0d3593ef757f9d5482c7271d26	L1593789-R003,L1593790-R001
Ex	10	11	4Q14	1606659	ALL_LETTER_SLOTS_RECONSTRUCTED	22	62	58	58	0	0	62	0	0	1	0	0	0	0	passage_status/DSS-Exodus-Passage-Status.txt	389232	756	95dbae116ccd3c0f816167300fdc6bc0b35e1841fde8e6148e9dadf29dda6827	L1593790-R002,L1593791-R001
Ex	10	12	4Q14	1606659	PARTLY_RECONSTRUCTED	31	84	81	72	3	6	73	3	0	1	0	0	0	0	passage_status/DSS-Exodus-Passage-Status.txt	389988	751	fb3c0fcf5a6ed3542d9e36de03768e38a0f4f438cd5df24a2c8eff201ff04bf2	L1593793-R001,L1593794-R001
Ex	10	13	4Q14	1606659	PARTLY_RECONSTRUCTED	36	89	86	58	11	17	61	11	0	1	0	0	0	0	passage_status/DSS-Exodus-Passage-Status.txt	390739	766	67759226dc48fadb038a8244797f3469c6cd5413180cf15e7abfe1f2a8b912bd	L1593794-R002,L1593795-R001
Ex	10	14	4Q14	1606659	PARTLY_RECONSTRUCTED	29	82	77	60	7	10	65	7	0	1	0	0	0	0	passage_status/DSS-Exodus-Passage-Status.txt	391505	764	ed66d14ae44cf5befdcc4152e8c922c6bf2a0b483cd424c38d1ad480fd6b6d11	L1593795-R002,L1593796-R001
Ex	10	15	4Q14	1606659	PARTLY_RECONSTRUCTED	45	100	91	54	16	21	61	18	2	4	0	0	0	0	passage_status/DSS-Exodus-Passage-Status.txt	392269	784	d2ececfd19a2c4769c743b03585d33decc190b79163b1dcca1b3a4030fed0048	L1593796-R002,L1593797-R001,L1593798-R001
Ex	10	16	4Q14	1606659	PARTLY_RECONSTRUCTED	19	52	48	37	7	4	37	8	0	1	0	0	0	0	passage_status/DSS-Exodus-Passage-Status.txt	393053	763	bf4ff96938d534421a03c8c715a740f408475a48eddd12433b70e7378bc5b2e3	L1593798-R002,L1593799-R001
Ex	10	17	4Q14	1606659	PARTLY_RECONSTRUCTED	24	62	57	49	1	7	54	1	0	1	0	0	0	0	passage_status/DSS-Exodus-Passage-Status.txt	393816	751	a3bda61e20e3187be47426915f5f9962ed4932758ce4bcdc8026671831876140	L1593799-R002,L1593800-R001
Ex	10	18	4Q14	1606659	PARTLY_RECONSTRUCTED	9	23	15	7	1	7	14	2	2	4	0	0	0	0	passage_status/DSS-Exodus-Passage-Status.txt	394567	733	8ae25f9fc85e99006c749605e6977fd90c6a2f0974ca536661d1f713fd47d703	L1593800-R002
Ex	10	19	4Q14	1606659	PARTLY_RECONSTRUCTED	24	68	56	50	2	4	59	5	2	4	0	0	0	0	passage_status/DSS-Exodus-Passage-Status.txt	395300	757	2e4fe179e350aec30ac52bf2d5a322e14abf79bfc810960d99fe44f0787ea87c	L1593800-R003,L1593801-R001
Ex	10	20	4Q14	1606659	ALL_LETTER_SLOTS_RECONSTRUCTED	13	35	33	33	0	0	35	0	0	1	0	0	0	0	passage_status/DSS-Exodus-Passage-Status.txt	396057	756	ed779b948ed177647bfb93592792c9febf67fd478ed17bec51ab98f32639f442	L1593801-R002,L1593802-R001
Ex	10	21	4Q14	1606659	ALL_LETTER_SLOTS_RECONSTRUCTED	20	54	51	51	0	0	54	0	0	1	0	0	0	0	passage_status/DSS-Exodus-Passage-Status.txt	396813	740	232c2a4fd6297c1907753f63542149d628e62b0399b5940ce7a6bfc1d99e48ce	L1593803-R001
Ex	10	22	4Q14	1606659	ALL_LETTER_SLOTS_RECONSTRUCTED	19	51	48	48	0	0	51	0	0	1	0	0	0	0	passage_status/DSS-Exodus-Passage-Status.txt	397553	756	0515efe8fb5bf484bb56af8c43d576a899fa9b0598de621b3dfa3a3c49d8ad69	L1593803-R002,L1593804-R001
Ex	10	23	4Q14	1606659	PARTLY_RECONSTRUCTED	23	67	62	56	2	4	61	2	0	1	0	0	0	0	passage_status/DSS-Exodus-Passage-Status.txt	398309	757	c0f55254a5ab9c6e28ad5c8a2b165bafb813387c67b6ab540bac463a88f18344	L1593804-R002,L1593805-R001
Ex	10	24	4Q14	1606659	PARTLY_RECONSTRUCTED	21	67	61	53	1	7	59	1	0	1	0	0	0	0	passage_status/DSS-Exodus-Passage-Status.txt	399066	751	980b6e88d525f2163a5e944bce265533e362ae527559709272d66842b39e2d70	L1593805-R002,L1593806-R001
Ex	11	9	4Q14	1606659	PARTLY_RECONSTRUCTED	11	41	37	14	2	21	17	2	0	1	0	0	0	0	passage_status/DSS-Exodus-Passage-Status.txt	399817	740	f8a725b0c9b8f89dccfc69fc172c783a70e5ec03868a173661ac0f3e839571d5	L1593807-R001
Ex	11	10	4Q14	1606659	PARTLY_RECONSTRUCTED	21	53	51	41	5	5	41	5	0	1	0	0	0	0	passage_status/DSS-Exodus-Passage-Status.txt	400557	763	49b65e9ab8bf7ff94d9baa3379a70f5d041be3b80e6e3b8f3589b3cea2f322dd	L1593807-R002,L1593808-R001
Ex	12	12	4Q14	1606659	PARTLY_RECONSTRUCTED	24	66	64	43	9	12	43	9	0	1	0	0	0	0	passage_status/DSS-Exodus-Passage-Status.txt	401320	770	d5b0a5ee5e78268c0a9708b7f078249ae8062bff3666721d7dde5d6a094fad63	L1593809-R001,L1593810-R001
Ex	12	13	4Q14	1606659	PARTLY_RECONSTRUCTED	34	89	83	58	5	20	61	5	0	1	0	0	0	0	passage_status/DSS-Exodus-Passage-Status.txt	402090	786	031111f721081801b234bbded3c69e239c9d50d4af5a3ac3c3e7456bd5ce1cff	L1593810-R002,L1593811-R001,L1593812-R001
Ex	12	14	4Q14	1606659	PARTLY_RECONSTRUCTED	21	60	54	33	7	14	36	8	0	1	0	0	0	0	passage_status/DSS-Exodus-Passage-Status.txt	402876	764	a652fd971c6cdb4af4e98b5fdfc9f1888bf860bc26cad1c8a7609abffdde1c24	L1593812-R002,L1593813-R001
Ex	12	15	4Q14	1606659	PARTLY_RECONSTRUCTED	34	98	93	68	11	14	72	11	0	3	0	0	0	0	passage_status/DSS-Exodus-Passage-Status.txt	403640	788	1d0821c606c8d4268941358efa621d42f78a77de23b9d424990f936c994f229e	L1593813-R002,L1593814-R001,L1593815-R001
Ex	12	16	4Q14	1606659	PARTLY_RECONSTRUCTED	16	42	40	34	3	3	34	3	0	1	0	0	0	0	passage_status/DSS-Exodus-Passage-Status.txt	404428	747	325d4d290192ce0e2547e497ef4de87528789d6533a1916b036948aed88935e5	L1593815-R002
Ex	12	31	4Q14	1606659	PARTLY_RECONSTRUCTED	29	79	73	55	4	14	58	4	1	2	0	0	0	0	passage_status/DSS-Exodus-Passage-Status.txt	405175	758	2fc3e2f4ec3b9b702b029b5b1bc1385a117fa894b52c79dcc092f308e5b90cae	L1593816-R001,L1593817-R001
Ex	12	32	4Q14	1606659	PARTLY_RECONSTRUCTED	15	46	41	27	1	13	30	1	0	1	0	0	0	0	passage_status/DSS-Exodus-Passage-Status.txt	405933	752	09591c1e9e459b2dcd57e73fac96546ca76f3fbce24ad81f2a638f681429798e	L1593817-R002,L1593818-R001
Ex	12	33	4Q14	1606659	PARTLY_RECONSTRUCTED	18	48	44	23	0	21	26	0	0	1	0	0	0	0	passage_status/DSS-Exodus-Passage-Status.txt	406685	747	a3f09487916ca8052bcfa0e372e5a25385199d27c615e505533d6a4203ce394a	L1593818-R002,L1593819-R001
Ex	12	34	4Q14	1606659	PARTLY_RECONSTRUCTED	16	50	42	18	0	24	20	1	0	2	0	2	0	0	passage_status/DSS-Exodus-Passage-Status.txt	407432	736	f87c25bd94d85c0aac9e7ee3c9fdd2f94d7f20d2cb9b43ae2e8d50138e779bed	L1593819-R002
Ex	12	35	4Q14	1606659	PARTLY_RECONSTRUCTED	17	46	44	13	3	28	13	3	0	1	0	0	0	0	passage_status/DSS-Exodus-Passage-Status.txt	408168	758	6dac5bff3677bc9f21e4b1d009edb284a6df23d7788c3143db4572d14c1cd848	L1593819-R003,L1593820-R001
Ex	12	36	4Q14	1606659	PARTLY_RECONSTRUCTED	17	48	45	21	9	15	22	9	0	1	0	0	0	0	passage_status/DSS-Exodus-Passage-Status.txt	408926	764	1596419087ee7764c6573b46496d6a01e0a2ed391076b3cc8cba81e18fc7bd1e	L1593820-R002,L1593821-R001
Ex	12	37	4Q14	1606659	PARTLY_RECONSTRUCTED	20	53	50	32	4	13	32	4	0	1	0	0	1	0	passage_status/DSS-Exodus-Passage-Status.txt	409690	747	c9aa854b4a5181bf960f8eacaa703162b052b08ed31beb49e07b03f13fcd09d8	L1593822-R001
Ex	12	38	4Q14	1606659	PARTLY_RECONSTRUCTED	14	35	32	22	2	8	23	2	0	1	0	0	0	0	passage_status/DSS-Exodus-Passage-Status.txt	410437	751	8d3a1c775008d88faa48b8ed6d2d7dbebab783363ca77eb8350378c39de6d648	L1593822-R002,L1593823-R001
Ex	12	39	4Q14	1606659	PARTLY_RECONSTRUCTED	30	85	82	32	10	40	32	10	0	1	0	0	0	0	passage_status/DSS-Exodus-Passage-Status.txt	411188	766	60159d8490ffe05cd734016ffc10eb82c6dfcec2e4f045cacde3ae5c8d974acb	L1593823-R002,L1593824-R001
Ex	12	40	4Q14	1606659	PARTLY_RECONSTRUCTED	16	51	49	23	5	21	23	5	0	1	0	0	0	0	passage_status/DSS-Exodus-Passage-Status.txt	411954	754	2c395f41fca26d87c38afe67b9064735fd1aa71da477735d89f19294f52868fb	L1593825-R001
Ex	12	41	4Q14	1606659	PARTLY_RECONSTRUCTED	26	68	63	23	10	30	25	11	0	1	0	0	0	0	passage_status/DSS-Exodus-Passage-Status.txt	412708	772	b78a6d1ed855201fea050ba173fd9ee127c01f61e713d0fa63ab24e2bb6a76fc	L1593825-R002,L1593826-R001
Ex	12	42	4Q14	1606659	PARTLY_RECONSTRUCTED	25	73	69	33	9	27	37	9	0	1	0	0	0	0	passage_status/DSS-Exodus-Passage-Status.txt	413480	764	e12a50dbc702e5a309d3fcc6ca1a4a0fdda33ef2760b277d1765093297730fe1	L1593826-R002,L1593827-R001
Ex	12	43	4Q14	1606659	PARTLY_RECONSTRUCTED	18	47	44	21	4	19	21	4	0	1	0	0	0	0	passage_status/DSS-Exodus-Passage-Status.txt	414244	742	e1adb7ea0d218c882745e5088cf56ece16f417bff1836ad6a11aeb9783589cf6	L1593828-R001
Ex	12	44	4Q14	1606659	PARTLY_RECONSTRUCTED	13	35	25	21	2	2	27	5	1	3	0	0	0	0	passage_status/DSS-Exodus-Passage-Status.txt	414986	757	1dca778bd2f98ad360aa5349d19afb62b73b3ca1b8c828e547fc000a5db9f5eb	L1593828-R002,L1593829-R001
Ex	12	45	4Q14	1606659	PARTLY_RECONSTRUCTED	7	20	17	9	0	8	9	0	0	1	0	0	0	0	passage_status/DSS-Exodus-Passage-Status.txt	415743	727	b025f589e9752a5ecf26eaa9b42c92c80e6e8f6a7419afae26ecffca8a732137	L1593829-R002
Ex	12	46	4Q14	1606659	PARTLY_RECONSTRUCTED	19	51	47	26	12	9	30	12	0	1	0	0	0	0	passage_status/DSS-Exodus-Passage-Status.txt	416470	771	fb71611688d5bc99470159e93fd5f38b3f51f91c8b90fe707d58d543d266770f	L1593829-R003,L1593830-R001
Ex	12	47	4Q14	1606659	PARTLY_RECONSTRUCTED	6	20	17	8	2	7	10	2	0	1	0	0	0	0	passage_status/DSS-Exodus-Passage-Status.txt	417241	739	6e07aa0fe045e5789cba898608d19e8d227b08dc2e3dace37d58464bf7b5a4e3	L1593830-R002
Ex	12	48	4Q14	1606659	PARTLY_RECONSTRUCTED	32	81	75	60	4	11	65	4	0	1	0	0	0	0	passage_status/DSS-Exodus-Passage-Status.txt	417980	764	fafb898b771c9206a99b8907383bc45393487a2205a54be0e25f177051ccbc38	L1593830-R003,L1593831-R001
Ex	13	18	4Q14	1606659	PARTLY_RECONSTRUCTED	21	57	53	41	2	10	45	2	1	2	0	0	0	0	passage_status/DSS-Exodus-Passage-Status.txt	418744	758	78e0056ad9ec51552eba96e09b488690b05a97b9af7ba98787edfbd2d1a2255a	L1593832-R001,L1593833-R001
Ex	13	19	4Q14	1606659	PARTLY_RECONSTRUCTED	28	95	87	40	10	35	42	11	0	2	0	10	0	0	passage_status/DSS-Exodus-Passage-Status.txt	419502	773	170047eceb0f408d78048e1c2cbd2185426eb54e980ceed6cda4b3aeca57a860	L1593833-R002,L1593834-R001
Ex	13	20	4Q14	1606659	PARTLY_RECONSTRUCTED	13	29	27	22	0	5	24	0	0	1	0	0	0	0	passage_status/DSS-Exodus-Passage-Status.txt	420275	746	1f95cfeed289faec81ea19ea0919ad344c5d6340fb20be19cf01c32b3bd475c3	L1593834-R002,L1593835-R001
Ex	13	21	4Q14	1606659	PARTLY_RECONSTRUCTED	27	74	69	41	7	21	42	7	0	1	0	0	0	0	passage_status/DSS-Exodus-Passage-Status.txt	421021	758	997dc793e181d55904ce0cc28b44d7c924f360c7f602401aa64981c21777aede	L1593835-R002,L1593836-R001
Ex	13	22	4Q14	1606659	PARTLY_RECONSTRUCTED	14	37	35	7	1	27	9	1	0	1	0	0	0	0	passage_status/DSS-Exodus-Passage-Status.txt	421779	750	7dd4717ae4e543b0cddc9301b2e674627256fee4c39c8107a2714c9c84f73548	L1593836-R002,L1593837-R001
Ex	14	1	4Q14	1606659	ALL_LETTER_SLOTS_RECONSTRUCTED	8	20	18	18	0	0	20	0	0	1	0	0	0	0	passage_status/DSS-Exodus-Passage-Status.txt	422529	737	b50fb2c7f69d6eb0779923fa781eef0d8b98cd710cf046e94ff39c4a45c758a2	L1593838-R001
Ex	14	2	4Q14	1606659	PARTLY_RECONSTRUCTED	29	74	71	35	16	20	36	16	0	1	0	0	0	0	passage_status/DSS-Exodus-Passage-Status.txt	423266	770	e9a7ffbbc718f619f70b12f6bd18204927768e8ace0127c31fd5db1297a8b4db	L1593838-R002,L1593839-R001
Ex	14	3	4Q14	1606659	PARTLY_RECONSTRUCTED	15	45	42	5	3	34	7	3	0	1	0	0	0	0	passage_status/DSS-Exodus-Passage-Status.txt	424036	748	af0a99cdf1769ab49dc9cd91b411b866276fb6446c59b26b96e0e873731a9a4b	L1593839-R002,L1593840-R001
Ex	14	4	4Q14	1606659	PARTLY_RECONSTRUCTED	26	73	69	64	1	4	68	1	0	1	0	0	0	0	passage_status/DSS-Exodus-Passage-Status.txt	424784	749	d539472fcf16d42e7f318fe99ea82f4ca40c21521a4d76cb9caf2a31892dc0e7	L1593840-R002,L1593841-R001
Ex	14	5	4Q14	1606659	PARTLY_RECONSTRUCTED	30	84	80	76	2	2	80	2	0	1	0	0	0	0	passage_status/DSS-Exodus-Passage-Status.txt	425533	755	a780de5bd8ea379b6d9fd98c10fe2835f191176b271a1dc81d1e968b8a85c7bf	L1593841-R002,L1593842-R001
Ex	14	6	4Q14	1606659	ALL_LETTER_SLOTS_RECONSTRUCTED	10	28	23	23	0	0	28	0	0	1	0	0	0	0	passage_status/DSS-Exodus-Passage-Status.txt	426288	738	e50925d55394e10b8c9422e9a0e99c0d6cc6bd0965d31fe09ba11583dbcc5b47	L1593842-R002
Ex	14	7	4Q14	1606659	PARTLY_RECONSTRUCTED	15	41	38	34	1	3	37	1	0	1	0	0	0	0	passage_status/DSS-Exodus-Passage-Status.txt	427026	749	40d19021afd052da5ef29a09bef4692e99f48c96c1bc67c64c0e7c8ba144bb8c	L1593842-R003,L1593843-R001
Ex	14	8	4Q14	1606659	PARTLY_RECONSTRUCTED	21	64	62	57	3	2	59	3	0	1	0	0	0	0	passage_status/DSS-Exodus-Passage-Status.txt	427775	761	595e99c6b853a30d049cd3eac2edb8e450c8271b9cf3473a2f367c69767a45ec	L1593843-R002,L1593844-R001
Ex	14	9	4Q14	1606659	PARTLY_RECONSTRUCTED	28	84	78	76	1	1	82	1	0	1	0	0	0	0	passage_status/DSS-Exodus-Passage-Status.txt	428536	749	76a97f5294492a453a2782adc2cabff5db64944e8e60069a71ea493c2fc58e0e	L1593844-R002,L1593845-R001
Ex	14	10	4Q14	1606659	PARTLY_RECONSTRUCTED	24	84	80	73	4	3	77	4	0	1	0	0	0	0	passage_status/DSS-Exodus-Passage-Status.txt	429285	763	b50072d0c7174f7bb4f0d4d4537e23633ef6e620e6dea202515f4cdd122339a1	L1593845-R002,L1593846-R001
Ex	14	11	4Q14	1606659	PARTLY_RECONSTRUCTED	25	76	71	63	2	6	68	2	0	1	0	0	0	0	passage_status/DSS-Exodus-Passage-Status.txt	430048	751	556f91207ca39d3486599d8c0866d1165e6b1175da4060a5173a3e3c661fec6d	L1593846-R002,L1593847-R001
Ex	14	12	4Q14	1606659	PARTLY_RECONSTRUCTED	29	85	79	77	0	2	83	0	0	1	0	0	0	0	passage_status/DSS-Exodus-Passage-Status.txt	430799	746	ed6b9aeefad830d893f2ad666bac2171f5bebebd9aba62b201b06649e86dcb51	L1593847-R002,L1593848-R001
Ex	14	13	4Q14	1606659	PARTLY_RECONSTRUCTED	27	79	76	73	0	3	74	0	0	1	0	0	0	0	passage_status/DSS-Exodus-Passage-Status.txt	431545	746	ce2b31f811c657a949cd22cbc30492abd45d507ddbd58e2d4802ddc2e1daf088	L1593848-R002,L1593849-R001
Ex	15	9	4Q14	1606659	PARTLY_RECONSTRUCTED	14	59	50	44	1	5	50	1	1	2	0	0	0	0	passage_status/DSS-Exodus-Passage-Status.txt	432291	733	e5e14c5ec7175a141541ce48ff7487cddd8646f4e3f91ff669f329faf209addc	L1593850-R001
Ex	15	10	4Q14	1606659	ALL_LETTER_SLOTS_RECONSTRUCTED	12	39	35	35	0	0	39	0	0	1	0	0	0	0	passage_status/DSS-Exodus-Passage-Status.txt	433024	740	929de5f4eeb62f2dd481213e27998d1138f34927d6e75865bc75b2a93c9d4561	L1593851-R001
Ex	15	11	4Q14	1606659	PARTLY_RECONSTRUCTED	15	47	43	31	5	7	34	5	0	1	0	0	0	0	passage_status/DSS-Exodus-Passage-Status.txt	433764	763	74bcc7d4b65fed40f1a82372b2f11714527fa506b6049276069ee53d513c4d0a	L1593851-R002,L1593852-R001
Ex	15	12	4Q14	1606659	PARTLY_RECONSTRUCTED	5	20	15	1	4	10	4	4	0	2	0	0	0	0	passage_status/DSS-Exodus-Passage-Status.txt	434527	751	b142a7c83b2cacef680e3e88b0af5d6870c21fe04417e4c460dfdbb8736db1db	L1593852-R002
Ex	15	13	4Q14	1606659	PARTLY_RECONSTRUCTED	13	39	34	18	5	11	21	5	0	1	0	0	0	0	passage_status/DSS-Exodus-Passage-Status.txt	435278	770	31f4f5383b5f2a95083bf62b5f6559cd8730374f0c8410eff7e7c6487b1a5516	L1593852-R003,L1593853-R001
Ex	15	14	4Q14	1606659	PARTLY_RECONSTRUCTED	9	31	29	12	2	15	14	2	0	1	0	0	0	0	passage_status/DSS-Exodus-Passage-Status.txt	436048	741	a5e1aa73223d6a302ec385c89aa0b9601bb1da67b8576747a78e1a8f8c8f516a	L1593853-R002
Ex	15	15	4Q14	1606659	PARTLY_RECONSTRUCTED	14	53	48	24	6	18	26	6	1	2	0	0	0	0	passage_status/DSS-Exodus-Passage-Status.txt	436789	764	7bf3c3fe2d79b99342bfb4fa6cc2a1c7decee3498a37a10ce6a76773d07f7ef6	L1593853-R003,L1593854-R001
Ex	15	16	4Q14	1606659	PARTLY_RECONSTRUCTED	21	67	61	9	6	46	10	6	0	2	0	0	0	0	passage_status/DSS-Exodus-Passage-Status.txt	437553	763	6d808b9d5a177c8d89e20327374edd427c7063c4d85770bf2f6e97d911a544b5	L1593854-R002,L1593855-R001
Ex	15	17	4Q14	1606659	PARTLY_RECONSTRUCTED	16	58	51	14	1	36	15	1	0	1	0	0	0	0	passage_status/DSS-Exodus-Passage-Status.txt	438316	752	dc24a018bd192ae84b981ad5097ce791084827f5cf23cff7bf74b8bb5a914e49	L1593855-R002,L1593856-R001
Ex	15	18	4Q14	1606659	NO_LETTER_RECONSTRUCTION_MARKED	6	17	15	0	3	12	0	3	0	1	0	0	0	0	passage_status/DSS-Exodus-Passage-Status.txt	439068	750	b849689dc388d474eedad3a884e9e5e69c9354b6e63d1620c933fd5206703865	L1593856-R002
Ex	15	19	4Q14	1606659	PARTLY_RECONSTRUCTED	30	76	71	19	6	46	20	6	0	1	0	0	0	0	passage_status/DSS-Exodus-Passage-Status.txt	439818	764	2500a3937acac710497d2e3bc4a3d2a78169515ad8a9735f0760b212cbe8ca97	L1593856-R003,L1593857-R001
Ex	15	20	4Q14	1606659	PARTLY_RECONSTRUCTED	24	65	61	20	6	35	20	6	0	1	0	0	0	0	passage_status/DSS-Exodus-Passage-Status.txt	440582	770	97229081930d60ba7b884b0b67edd8ad756b90d282495bee474f26246b8292b5	L1593857-R002,L1593858-R001
Ex	15	21	4Q14	1606659	PARTLY_RECONSTRUCTED	14	40	36	19	0	17	20	0	0	1	0	0	0	0	passage_status/DSS-Exodus-Passage-Status.txt	441352	731	e1f05197d0dcefebf67953464d9b82135b349c0c8d7b647e25ddc7b6764eb3dd	L1593858-R002
Ex	17	1	4Q14	1606659	PARTLY_RECONSTRUCTED	26	70	67	53	3	11	55	3	0	1	0	0	0	0	passage_status/DSS-Exodus-Passage-Status.txt	442083	750	8e5a51a4a96bb5179b65168e38ca2d4d15fe2d74809ad661a96c148b324ff692	L1593859-R001,L1593860-R001
Ex	17	2	4Q14	1606659	PARTLY_RECONSTRUCTED	25	71	65	40	5	20	45	5	0	1	0	0	0	0	passage_status/DSS-Exodus-Passage-Status.txt	442833	762	5aa3ad26457099a4c0a9076d4cb5ea58da9d05ce860ea4ec58cc3f9ad867ba56	L1593860-R002,L1593861-R001
Ex	17	3	4Q14	1606659	PARTLY_RECONSTRUCTED	32	80	74	59	0	15	64	0	0	1	0	0	0	0	passage_status/DSS-Exodus-Passage-Status.txt	443595	745	dff568e4c16cad36f1507180d871e7244a62c2165633a9e2de5e0f1e2096ad08	L1593861-R002,L1593862-R001
Ex	17	4	4Q14	1606659	PARTLY_RECONSTRUCTED	18	45	42	31	4	7	34	4	0	1	0	0	0	0	passage_status/DSS-Exodus-Passage-Status.txt	444340	755	2b25976b9b51903e34a0be8952a5f98531aec41b80ad0bd877dd057e465088a8	L1593862-R002,L1593863-R001
Ex	17	5	4Q14	1606659	PARTLY_RECONSTRUCTED	28	71	65	39	6	20	42	6	0	1	0	0	0	0	passage_status/DSS-Exodus-Passage-Status.txt	445095	768	44aa347e3786ce2112868793e53d52dc8830a4955270d8d2cc8edbaa9164ca5c	L1593864-R001,L1593865-R001
Ex	17	6	4Q14	1606659	PARTLY_RECONSTRUCTED	31	80	75	66	4	5	70	4	0	1	0	0	0	0	passage_status/DSS-Exodus-Passage-Status.txt	445863	761	f9290c973296770820cbeb4347deb9c04e884398664a3c9279efc8e33d36fc40	L1593865-R002,L1593866-R001
Ex	17	7	4Q14	1606659	PARTLY_RECONSTRUCTED	28	74	70	44	6	20	44	6	0	1	0	0	0	0	passage_status/DSS-Exodus-Passage-Status.txt	446624	784	ac8c0656b355f580623d6caa6731d845ad19dae1bdc8f0c442abdd9cad1478d0	L1593866-R002,L1593867-R001,L1593868-R001
Ex	17	8	4Q14	1606659	PARTLY_RECONSTRUCTED	10	28	26	7	1	18	7	1	0	1	0	0	0	0	passage_status/DSS-Exodus-Passage-Status.txt	447408	732	5360f607e99f4cc9caa70223a24e0d607cacd678d34cd63076c92b0c4b5afc82	L1593869-R001
Ex	17	9	4Q14	1606659	PARTLY_RECONSTRUCTED	27	76	72	37	10	25	41	10	0	1	0	0	0	0	passage_status/DSS-Exodus-Passage-Status.txt	448140	770	9518f044bf5dbd48b3dce76dbf6ad55bdf6a4c46d201a28a21062c1fe938c4a6	L1593869-R002,L1593870-R001
Ex	17	10	4Q14	1606659	PARTLY_RECONSTRUCTED	22	57	54	39	2	13	41	2	0	1	0	0	0	0	passage_status/DSS-Exodus-Passage-Status.txt	448910	752	bb21682b83609aedef96494a9d9a94424ecfbbe19c7f005d1af3b5b3d07dc8c9	L1593870-R002,L1593871-R001
Ex	17	11	4Q14	1606659	PARTLY_RECONSTRUCTED	19	51	47	26	7	14	29	7	0	1	0	0	0	0	passage_status/DSS-Exodus-Passage-Status.txt	449662	764	c65e8e572ea08f7ac156228840b6fdfb0d1451b9b54d7cfaeb06088deaedd490	L1593871-R002,L1593872-R001
Ex	17	12	4Q14	1606659	PARTLY_RECONSTRUCTED	36	99	93	46	16	31	50	16	0	1	0	0	0	0	passage_status/DSS-Exodus-Passage-Status.txt	450426	788	da8a47d0d579b7ad61dbce6c61dd6fbe8feae195eca09844f47a8d497df8e331	L1593872-R002,L1593873-R001,L1593874-R001
Ex	17	13	4Q14	1606659	PARTLY_RECONSTRUCTED	12	31	28	7	8	12	7	8	0	1	0	1	0	0	passage_status/DSS-Exodus-Passage-Status.txt	451214	767	b61bb235d26c4f38f68632a95c66ebfa5f09e4d9f4ce82539ee3245cfef6fa13	L1593874-R002,L1593875-R001
Ex	17	14	4Q14	1606659	PARTLY_RECONSTRUCTED	26	72	70	22	13	35	22	13	0	1	0	0	0	0	passage_status/DSS-Exodus-Passage-Status.txt	451981	772	5fcea3c799bda564d7b31e6ed9f8b63e7152a02887c8d8b6d31ae52fa3e2064a	L1593876-R001,L1593877-R001
Ex	17	15	4Q14	1606659	PARTLY_RECONSTRUCTED	10	30	26	22	0	4	26	0	0	1	0	0	0	0	passage_status/DSS-Exodus-Passage-Status.txt	452753	730	6d4f9f514e4ece8159889867cc352cc4f2b4c1decd255e57e2659657fb125df5	L1593877-R002
Ex	17	16	4Q14	1606659	PARTLY_RECONSTRUCTED	16	37	35	23	1	11	25	1	0	1	0	0	0	0	passage_status/DSS-Exodus-Passage-Status.txt	453483	736	e6c91c7742c9a953cf55ad99fb633fb85b212874113604f2731c60639b4e1faa	L1593878-R001
Ex	18	1	4Q14	1606659	PARTLY_RECONSTRUCTED	26	78	75	58	2	15	59	2	0	1	0	0	0	0	passage_status/DSS-Exodus-Passage-Status.txt	454219	756	f7267ec5fbcf2781d75c379a06109a140cbdc44651d4a50f9dc8fd4dd51d0e1b	L1593879-R001,L1593880-R001
Ex	18	2	4Q14	1606659	PARTLY_RECONSTRUCTED	12	38	35	25	4	6	28	4	0	1	0	0	0	0	passage_status/DSS-Exodus-Passage-Status.txt	454975	761	a905974812c353ff2d13de1fecb339db600a6243fa5e43513763b6c0d8a8e223	L1593880-R002,L1593881-R001
Ex	18	3	4Q14	1606659	PARTLY_RECONSTRUCTED	17	47	44	23	6	15	25	6	0	1	0	0	0	0	passage_status/DSS-Exodus-Passage-Status.txt	455736	762	4ca704be6a03fb0ae9f34397c0ee322b1d2c438d5d672571dcb662fc9a68d5d5	L1593881-R002,L1593882-R001
Ex	18	4	4Q14	1606659	PARTLY_RECONSTRUCTED	16	46	41	19	10	12	23	10	0	1	0	0	0	0	passage_status/DSS-Exodus-Passage-Status.txt	456498	764	fa53f0739032d7a484e23d9c88399e1ca170ea2336589a9c1a79a3191e872598	L1593882-R002,L1593883-R001
Ex	18	5	4Q14	1606659	PARTLY_RECONSTRUCTED	22	59	55	31	2	22	33	2	0	1	0	0	0	0	passage_status/DSS-Exodus-Passage-Status.txt	457262	750	e8ccea3dd0984ada14337ee728f11e3c5fb66c9249ea79da9a929916c33957f0	L1593883-R002,L1593884-R001
Ex	18	6	4Q14	1606659	PARTLY_RECONSTRUCTED	16	50	43	22	7	14	29	7	0	1	0	0	0	0	passage_status/DSS-Exodus-Passage-Status.txt	458012	768	c910aa08c45d3d6ce6332fcb1ec8f3d363f8ec8a54c137b5479e97daf2fd3aa0	L1593884-R002,L1593885-R001
Ex	18	7	4Q14	1606659	PARTLY_RECONSTRUCTED	23	66	59	31	9	19	36	9	0	1	0	0	0	0	passage_status/DSS-Exodus-Passage-Status.txt	458780	756	e829e7ab40d6b266d193876658a340458100f4c7801d1d6921792cf2c778779a	L1593885-R002,L1593886-R001
Ex	18	8	4Q14	1606659	PARTLY_RECONSTRUCTED	30	85	80	56	8	16	59	8	0	1	0	0	0	0	passage_status/DSS-Exodus-Passage-Status.txt	459536	778	e3b053b75d22163887c39695f612fe6666f5e468ccb1a2d7c6538c986d28bc6c	L1593886-R002,L1593887-R001,L1593888-R001
Ex	18	9	4Q14	1606659	PARTLY_RECONSTRUCTED	18	52	49	26	3	20	27	3	0	1	0	0	0	0	passage_status/DSS-Exodus-Passage-Status.txt	460314	756	93902b566c9a1b50bb48e5ac20334904ec45986d84d6b5280868e4c2f57a825e	L1593888-R002,L1593889-R001
Ex	18	10	4Q14	1606659	PARTLY_RECONSTRUCTED	25	70	67	35	5	27	38	5	0	1	0	0	0	0	passage_status/DSS-Exodus-Passage-Status.txt	461070	764	7040b9bc77de169ced3e31a3df382438a6db9b361b8673136193791fcc61af88	L1593889-R002,L1593890-R001
Ex	18	11	4Q14	1606659	PARTLY_RECONSTRUCTED	16	47	44	40	2	2	40	2	0	1	0	0	0	0	passage_status/DSS-Exodus-Passage-Status.txt	461834	751	f55ad946f883292b0f4a888d5bb4c3c791dc6aaf0fb8c12f9e8749198be35b25	L1593890-R002,L1593891-R001
Ex	18	12	4Q14	1606659	PARTLY_RECONSTRUCTED	28	76	74	67	2	5	69	2	0	1	0	0	0	0	passage_status/DSS-Exodus-Passage-Status.txt	462585	751	7a1e3dd5bf6e5f4402d1dfa43e8e6c247524161b630a6b7ad0128c0239b95808	L1593891-R002,L1593892-R001
Ex	13	15	4Q15	1606660	PARTLY_RECONSTRUCTED	37	106	102	54	7	41	57	7	0	1	0	0	0	0	passage_status/DSS-Exodus-Passage-Status.txt	463336	772	8cb555eecdd5cb263c0692a15b44b212bf4fd200deaa02a61c3eed737cb72eb9	L1593918-R001,L1593919-R001
Ex	13	16	4Q15	1606660	PARTLY_RECONSTRUCTED	20	59	54	33	2	19	37	2	0	1	0	0	0	0	passage_status/DSS-Exodus-Passage-Status.txt	464108	758	7fe3327f5017f80bd095dfa91e878f9401a2d7a8871c72302bcc5cb514b26742	L1593919-R002,L1593920-R001
Ex	15	1	4Q15	1606660	PARTLY_RECONSTRUCTED	32	82	71	48	7	16	57	8	3	5	0	0	0	0	passage_status/DSS-Exodus-Passage-Status.txt	464866	762	ff63f216f1cee4037536768bbac48b80c59e47ead70d3e99f44fabde5d33dce9	L1593921-R001,L1593922-R001
Ex	13	3	4Q16	1606661	PARTLY_RECONSTRUCTED	31	80	77	34	5	38	36	5	0	1	0	0	0	0	passage_status/DSS-Exodus-Passage-Status.txt	465628	784	a70ec7ebe1ef73ee81c16a87d685c23c186d170bce830eb0e35b914ed95a9e10	L1593923-R001,L1593924-R001,L1593925-R001
Ex	13	4	4Q16	1606661	PARTLY_RECONSTRUCTED	9	23	21	10	5	6	12	5	0	1	0	0	0	0	passage_status/DSS-Exodus-Passage-Status.txt	466412	738	445b8cb198beec529891f8dd2308f543032ff237a1fa514fdde2e63bc85d9665	L1593926-R001
Ex	13	5	4Q16	1606661	PARTLY_RECONSTRUCTED	43	114	108	29	15	64	31	15	0	1	0	0	0	0	passage_status/DSS-Exodus-Passage-Status.txt	467150	814	b6b82ad5a53085480b0db685af9f02ed098ffe14af831c7259c3ae1068e173b3	L1593926-R002,L1593927-R001,L1593928-R001,L1593929-R001,L1593930-R001
Ex	38	18	4Q17	1606662	PARTLY_RECONSTRUCTED	33	88	84	83	1	0	87	1	1	2	0	0	0	0	passage_status/DSS-Exodus-Passage-Status.txt	467964	767	5030845da417b5e5a5534ebb773d7bf98260ae08495888a793e5d7b5cd93d5bc	L1593931-R001,L1593932-R001,L1593933-R001
Ex	38	19	4Q17	1606662	PARTLY_RECONSTRUCTED	16	66	59	58	0	1	65	0	0	1	0	0	0	0	passage_status/DSS-Exodus-Passage-Status.txt	468731	746	57242e1a439480ae488468b001a7a160379cc2416c8e68f635883832b8caf3e6	L1593933-R002,L1593934-R001
Ex	38	20	4Q17	1606662	PARTLY_RECONSTRUCTED	14	33	27	22	0	5	25	1	1	3	0	0	0	0	passage_status/DSS-Exodus-Passage-Status.txt	469477	746	5ebf666c512552840b7bea6298657573ed72f1bc015311d06b48b13e16b01a4a	L1593934-R002,L1593935-R001
Ex	38	21	4Q17	1606662	PARTLY_RECONSTRUCTED	23	62	60	58	0	2	60	0	0	1	0	0	0	0	passage_status/DSS-Exodus-Passage-Status.txt	470223	746	eda87c93119c370717d24cc0f11c30f95e82acc3c87cbf600946688080bb34cd	L1593936-R001,L1593937-R001
Ex	38	22	4Q17	1606662	PARTLY_RECONSTRUCTED	12	33	31	30	1	0	30	1	0	1	0	0	0	0	passage_status/DSS-Exodus-Passage-Status.txt	470969	735	cfb2e5d782ab55cb5e9175a686d6b3c38fbd4397d3b71b0155c5af998744e0db	L1593937-R002
Ex	39	3	4Q17	1606662	NO_LETTER_SLOTS	5	12	0	0	0	0	9	3	3	5	0	0	0	0	passage_status/DSS-Exodus-Passage-Status.txt	471704	751	5438bdf9a40df12219f7b95e0a0f3ec89d80dd12911b5bc4f618ad00b15fff37	L1593938-R001,L1593939-R001,L1593940-R001
Ex	39	4	4Q17	1606662	PARTLY_RECONSTRUCTED	9	31	27	26	1	0	29	1	0	1	0	0	0	0	passage_status/DSS-Exodus-Passage-Status.txt	472455	748	b5dac2338440734f0787d463c1753d9a4a048a0597dba9619712f80cd1d6f13e	L1593940-R002,L1593941-R001
Ex	39	5	4Q17	1606662	PARTLY_RECONSTRUCTED	26	80	74	72	0	2	78	0	0	1	0	0	0	0	passage_status/DSS-Exodus-Passage-Status.txt	473203	760	dc37d4536bf9306db4a4924991ffcfaee51049f5bd6ea0e1c95f0d1d2d1232ac	L1593941-R002,L1593942-R001,L1593943-R001
Ex	39	6	4Q17	1606662	PARTLY_RECONSTRUCTED	17	57	55	53	0	2	55	0	0	1	0	0	0	0	passage_status/DSS-Exodus-Passage-Status.txt	473963	744	882e9ea51e398ff33e806c936da587428f3023415716bdc45d658737f7185dc0	L1593943-R002,L1593944-R001
Ex	39	7	4Q17	1606662	PARTLY_RECONSTRUCTED	19	56	53	47	1	5	47	1	0	1	0	0	0	0	passage_status/DSS-Exodus-Passage-Status.txt	474707	749	2fee440bdfba00126aba787a5921f905a0060dd59b9e8836a9dacae1ed05bbd6	L1593944-R002,L1593945-R001
Ex	39	8	4Q17	1606662	ALL_LETTER_SLOTS_RECONSTRUCTED	22	58	54	54	0	0	58	0	1	2	0	0	0	0	passage_status/DSS-Exodus-Passage-Status.txt	475456	754	806a9438d0b2a9d307f285585604bab7f82924c7fa06ab3cb48210c31583f8cc	L1593946-R001,L1593947-R001
Ex	39	9	4Q17	1606662	PARTLY_RECONSTRUCTED	15	45	39	37	2	0	43	2	1	2	0	0	0	0	passage_status/DSS-Exodus-Passage-Status.txt	476210	755	c6dd43dcd3245ff1844d272bec32de53b8c9808d96cd51c2c7894e2ee10861f9	L1593948-R001,L1593949-R001
Ex	39	10	4Q17	1606662	PARTLY_RECONSTRUCTED	16	46	43	40	1	2	43	1	0	1	0	0	0	0	passage_status/DSS-Exodus-Passage-Status.txt	476965	751	c39dc32c9c35f82f6e41c0b93bfab2e61fed16dce6826eaaae213efddd1127db	L1593949-R002,L1593950-R001
Ex	39	11	4Q17	1606662	PARTLY_RECONSTRUCTED	10	23	21	17	1	2	19	1	0	1	0	1	0	0	passage_status/DSS-Exodus-Passage-Status.txt	477716	756	18d285e78075cce82e1e46cfeac727281f977d94ec70b99591148ece5cba25ba	L1593950-R002,L1593951-R001
Ex	39	12	4Q17	1606662	ALL_LETTER_SLOTS_RECONSTRUCTED	10	25	23	23	0	0	25	0	0	1	0	0	0	0	passage_status/DSS-Exodus-Passage-Status.txt	478472	740	ee19d6b66c0f278d04d7a95a81f564b801a5d51c12620a2c4c3ef99aa37ecba7	L1593951-R002
Ex	39	13	4Q17	1606662	PARTLY_RECONSTRUCTED	15	46	43	39	0	4	42	0	0	1	0	0	0	0	passage_status/DSS-Exodus-Passage-Status.txt	479212	746	567dba68994117d3577bb45555b9f52bd246acedd977d8bb506d67c7938ae7e2	L1593951-R003,L1593952-R001
Ex	39	14	4Q17	1606662	PARTLY_RECONSTRUCTED	22	68	64	56	4	4	60	4	0	1	0	0	0	0	passage_status/DSS-Exodus-Passage-Status.txt	479958	779	7c60fc8142b4e6a385effd8ba183a3beb7e66e1b316c0f4f185d32ce7531d713	L1593952-R002,L1593953-R001,L1593954-R001
Ex	39	15	4Q17	1606662	PARTLY_RECONSTRUCTED	12	36	34	27	0	7	27	0	0	1	0	0	0	0	passage_status/DSS-Exodus-Passage-Status.txt	480737	746	caed7cc03b3f3ac108dcaf3d377c600ce5dae4534a93587071595219d6873835	L1593954-R002,L1593955-R001
Ex	39	16	4Q17	1606662	ALL_LETTER_SLOTS_RECONSTRUCTED	21	57	55	55	0	0	57	0	0	1	0	0	0	0	passage_status/DSS-Exodus-Passage-Status.txt	481483	756	b991fc476e16eece6772f2f889bc2e44bd8bae89b78bc6af06c0eb85a38406cb	L1593956-R001,L1593957-R001
Ex	39	17	4Q17	1606662	PARTLY_RECONSTRUCTED	15	38	36	32	2	2	34	2	0	1	0	0	0	0	passage_status/DSS-Exodus-Passage-Status.txt	482239	751	c9661dda307adbea57b83eb2717090e71134dcc1cc11f887e60d39df972a78af	L1593957-R002,L1593958-R001
Ex	39	18	4Q17	1606662	PARTLY_RECONSTRUCTED	22	61	57	54	0	3	58	0	0	1	0	0	0	0	passage_status/DSS-Exodus-Passage-Status.txt	482990	762	7564d67879a7b114115f48d014a387f994694a0e9e40f6a58e9de2f156c99007	L1593958-R002,L1593959-R001,L1593960-R001
Ex	39	19	4Q17	1606662	PARTLY_RECONSTRUCTED	22	62	56	51	2	3	57	2	1	2	0	0	0	0	passage_status/DSS-Exodus-Passage-Status.txt	483752	773	849a40bc15ca94e94d136404de1963bba99f7504ab0f4d12f7473affe4b06b21	L1593960-R002,L1593961-R001,L1593962-R001
Ex	39	20	4Q17	1606662	PARTLY_RECONSTRUCTED	13	33	23	13	3	7	19	5	2	4	0	0	0	0	passage_status/DSS-Exodus-Passage-Status.txt	484525	757	eafeee1d1c684ccee2f96b09644bdfb91fdb2113c645a333eee3c0d200c2d13f	L1593963-R001,L1593964-R001
Ex	39	21	4Q17	1606662	PARTLY_RECONSTRUCTED	58	147	143	91	4	48	92	4	0	1	0	0	0	0	passage_status/DSS-Exodus-Passage-Status.txt	485282	808	f9935549e0ca7f2f24d27e768105a69196794987d3462bb5b941e38f1b302ecb	L1593964-R002,L1593965-R001,L1593966-R001,L1593967-R001,L1593968-R001
Ex	39	22	4Q17	1606662	PARTLY_RECONSTRUCTED	10	29	27	18	4	5	20	4	0	1	0	0	0	0	passage_status/DSS-Exodus-Passage-Status.txt	486090	735	1d299c06cd56f7109f9b8562fcccf468994a125237cfe3cd9213e7da9b905481	L1593968-R002
Ex	39	23	4Q17	1606662	PARTLY_RECONSTRUCTED	16	41	37	19	2	16	21	2	0	1	0	0	0	0	passage_status/DSS-Exodus-Passage-Status.txt	486825	758	9f050920b984b1ce2a9f43174c659a26a77574bcdf576e099e79949eddaa6c0b	L1593968-R003,L1593969-R001
Ex	39	24	4Q17	1606662	PARTLY_RECONSTRUCTED	17	49	47	42	3	2	44	3	0	1	0	0	0	0	passage_status/DSS-Exodus-Passage-Status.txt	487583	757	f2ad32ed70f2362ea7a3062440c6cb630df9e797ab6761020c11fefdf9ef57b4	L1593969-R002,L1593970-R001
Ex	40	7	4Q17	1606662	NO_LETTER_SLOTS	4	9	0	0	0	0	5	2	2	4	0	0	0	0	passage_status/DSS-Exodus-Passage-Status.txt	488340	718	997fe73bb3a79c8537290a4aa4612ab166349bbc2981a2321ec2d043f9520838	L1593971-R001
Ex	40	8	4Q17	1606662	PARTLY_RECONSTRUCTED	14	32	30	11	15	4	13	15	0	1	0	0	0	0	passage_status/DSS-Exodus-Passage-Status.txt	489058	747	247c248ffb3ad3436722595cd62ebbdecd43267cd764c6421f10cf2756c7dfbe	L1593972-R001
Ex	40	9	4Q17	1606662	PARTLY_RECONSTRUCTED	27	68	63	15	7	41	16	7	0	1	0	0	0	0	passage_status/DSS-Exodus-Passage-Status.txt	489805	768	c7ce56c3aec748b472fe87ade24383e302fe3481e3e0b2e37be1c75d6710c288	L1593973-R001,L1593974-R001
Ex	40	10	4Q17	1606662	PARTLY_RECONSTRUCTED	22	55	52	16	17	19	19	17	0	1	0	0	0	0	passage_status/DSS-Exodus-Passage-Status.txt	490573	766	b2e2f2715fa8acee74be9fe1707f25e0598ec048356bdeb164710372240cf272	L1593974-R002,L1593975-R001
Ex	40	11	4Q17	1606662	PARTLY_RECONSTRUCTED	12	31	27	8	2	17	8	2	0	1	0	0	0	0	passage_status/DSS-Exodus-Passage-Status.txt	491339	750	58eccf59e259b1e80462a11ebe0c57cd4a52d7094e33cf0dfc8af03ee023a4a4	L1593975-R002,L1593976-R001
Ex	40	12	4Q17	1606662	PARTLY_RECONSTRUCTED	16	47	43	3	9	31	3	9	0	1	0	0	0	0	passage_status/DSS-Exodus-Passage-Status.txt	492089	762	43a94ac05f1bd37b067643099c7b64a52478b0e602d29e7aa9223d8904efc781	L1593976-R002,L1593977-R001
Ex	40	13	4Q17	1606662	PARTLY_RECONSTRUCTED	18	51	46	1	20	25	1	20	0	1	0	0	0	0	passage_status/DSS-Exodus-Passage-Status.txt	492851	770	7a6e8925788b9c77591e3c6689c4951e9446b0df8cb1e6ed1d72e0444e727c4d	L1593977-R002,L1593978-R001
Ex	40	14	4Q17	1606662	PARTLY_RECONSTRUCTED	11	34	30	10	11	9	13	11	0	1	0	0	0	0	passage_status/DSS-Exodus-Passage-Status.txt	493621	755	75c3084a4bdaed82ec38c92cba9999a1182b1d2183814df55b3a3719d43527d9	L1593978-R002
Ex	40	15	4Q17	1606662	PARTLY_RECONSTRUCTED	23	74	66	12	16	38	13	16	0	1	0	0	0	0	passage_status/DSS-Exodus-Passage-Status.txt	494376	772	0787ccabbcf13656ec1d31778efbe2d94528fe703038e9b9edfc64c8471c4fb3	L1593979-R001,L1593980-R001
Ex	40	16	4Q17	1606662	PARTLY_RECONSTRUCTED	10	27	24	10	2	12	10	2	0	1	0	0	0	0	passage_status/DSS-Exodus-Passage-Status.txt	495148	752	6edba6038c1f3715ccd96ca6a91dd31a55c063d06a4487f5bd597a56d1938746	L1593980-R002,L1593981-R001
Ex	40	17	4Q17	1606662	PARTLY_RECONSTRUCTED	23	55	52	2	12	38	2	12	0	1	0	0	0	0	passage_status/DSS-Exodus-Passage-Status.txt	495900	758	324833fb59866ca0be4c4e7b5d2ec2fef888e8091d20af393eba056883e915c5	L1593982-R001,L1593983-R001
Ex	40	18	4Q17	1606662	PARTLY_RECONSTRUCTED	20	62	55	4	20	31	4	20	0	1	0	0	0	0	passage_status/DSS-Exodus-Passage-Status.txt	496658	771	42b76ecade776bdfd39cdf919cb949802af95af07375b06c126c1886aa8cf84f	L1593983-R002,L1593984-R001
Ex	40	19	4Q17	1606662	NO_LETTER_RECONSTRUCTION_MARKED	25	62	58	0	18	40	0	18	0	1	0	0	0	0	passage_status/DSS-Exodus-Passage-Status.txt	497429	791	98f7135f086534ede1723a5877ff40200fd69c514ffa3299349c28daa049c699	L1593984-R002,L1593985-R001,L1593986-R001
Ex	40	20	4Q17	1606662	PARTLY_RECONSTRUCTED	27	62	60	5	21	34	5	21	0	1	0	0	0	0	passage_status/DSS-Exodus-Passage-Status.txt	498220	770	25d60ba819529f39977556badbd878a8fa6283b44b8b54d730add5042d666eb7	L1593986-R002,L1593987-R001
Ex	40	21	4Q17	1606662	PARTLY_RECONSTRUCTED	25	59	57	17	18	22	17	18	0	1	0	0	0	0	passage_status/DSS-Exodus-Passage-Status.txt	498990	789	986101d2c10ca0907d73de529c1b339fb612066773084de9f89c33524bcb50da	L1593987-R002,L1593988-R001,L1593989-R001
Ex	40	22	4Q17	1606662	PARTLY_RECONSTRUCTED	18	46	44	10	9	25	10	9	0	1	0	0	0	0	passage_status/DSS-Exodus-Passage-Status.txt	499779	764	9b6be86af9880de2a218b71c8289e14cf9b619d1586c2041ef9d60ec296cd5b2	L1593989-R002,L1593990-R001
Ex	40	23	4Q17	1606662	PARTLY_RECONSTRUCTED	15	42	39	13	14	12	13	14	0	1	0	0	0	0	passage_status/DSS-Exodus-Passage-Status.txt	500543	772	c8762f95eece8b09d1e6ff9bd3ff16166dd76148ae812599dca6821f89282fd3	L1593990-R002,L1593991-R001
Ex	40	24	4Q17	1606662	PARTLY_RECONSTRUCTED	22	56	54	31	12	11	33	12	0	1	0	0	0	0	passage_status/DSS-Exodus-Passage-Status.txt	501315	766	3a0dc9cdb82e59deeba110958688cded26bd2779d033d22fc2230baeae031626	L1593991-R002,L1593992-R001
Ex	40	25	4Q17	1606662	PARTLY_RECONSTRUCTED	14	34	32	16	7	9	16	7	0	1	0	0	0	0	passage_status/DSS-Exodus-Passage-Status.txt	502081	757	78920cc4874ece676342194fa485375897d593ddb7136faff0841517d18c9557	L1593992-R002,L1593993-R001
Ex	40	26	4Q17	1606662	PARTLY_RECONSTRUCTED	14	33	31	13	6	12	15	6	0	1	0	0	0	0	passage_status/DSS-Exodus-Passage-Status.txt	502838	748	171aad9bdc7519cd7f63a84d2f193126d2d42a96abb5cd200144b51127ca86a9	L1593994-R001
Ex	40	27	4Q17	1606662	PARTLY_RECONSTRUCTED	15	44	38	18	5	15	22	5	1	2	0	0	0	0	passage_status/DSS-Exodus-Passage-Status.txt	503586	758	b338336a99fb788a59e642664f5179a8951cabd9ccee98af57cf624d02d1fec1	L1593994-R002,L1593995-R001
Ex	14	21	4Q18	1606663	PARTLY_RECONSTRUCTED	34	77	72	62	1	9	65	1	1	2	0	0	0	0	passage_status/DSS-Exodus-Passage-Status.txt	504344	751	f86169e32b19d89b8b2498dc825752e65131591f49106abf0bfb88384d60a73b	L1594011-R001,L1594012-R001
Ex	14	22	4Q18	1606663	PARTLY_RECONSTRUCTED	21	54	49	42	2	5	44	2	0	1	0	0	0	0	passage_status/DSS-Exodus-Passage-Status.txt	505095	751	5c1db7f966330809c7e51e55e3fe8bdcb051b1529269133d39572683ff618a30	L1594012-R002,L1594013-R001
Ex	14	23	4Q18	1606663	PARTLY_RECONSTRUCTED	17	54	49	43	1	5	46	1	0	1	0	0	0	0	passage_status/DSS-Exodus-Passage-Status.txt	505846	735	a11b74545ead0014438093a35050840ec2b041d2accf93dec44345b93ffa56e6	L1594014-R001
Ex	14	24	4Q18	1606663	PARTLY_RECONSTRUCTED	23	62	59	54	1	4	56	2	0	1	0	0	0	0	passage_status/DSS-Exodus-Passage-Status.txt	506581	751	7532b9c445c22ebc3e3beed0b30409e3febef7b9e50163ad223d5048de98f2e6	L1594015-R001,L1594016-R001
Ex	14	25	4Q18	1606663	PARTLY_RECONSTRUCTED	23	77	72	61	2	9	66	2	0	1	0	0	0	0	passage_status/DSS-Exodus-Passage-Status.txt	507332	757	c4e190e1fd0772092c4ade5aa882d2ee331813d2c83a48360110d2ca4fc47d75	L1594016-R002,L1594017-R001
Ex	14	26	4Q18	1606663	PARTLY_RECONSTRUCTED	23	62	57	53	1	3	58	1	0	1	0	0	0	0	passage_status/DSS-Exodus-Passage-Status.txt	508089	751	833b307b3c2e2b291fd7e5030d109c24934980a37f238af8173f6e6a1ba4c1a1	L1594018-R001,L1594019-R001
Ex	14	27	4Q18	1606663	PARTLY_RECONSTRUCTED	16	34	31	26	1	4	27	1	0	1	0	0	0	0	passage_status/DSS-Exodus-Passage-Status.txt	508840	735	6693be8804349786f6c928fe9f7a66a4ce7de6635264608c78c31abd3990fcc1	L1594019-R002
Ex	6	3	4Q19	1606664	PARTLY_RECONSTRUCTED	7	23	19	15	3	1	16	3	0	1	0	0	0	0	passage_status/DSS-Exodus-Passage-Status.txt	509575	742	f5e7a4d96f3fc4a3fc0a930fb453ee273bdb17aaab78691940f2bbe295b7f259	L1594020-R001
Ex	6	4	4Q19	1606664	PARTLY_RECONSTRUCTED	19	59	52	39	2	11	43	2	0	1	0	0	0	0	passage_status/DSS-Exodus-Passage-Status.txt	510317	748	f658bb413cc1383c16244c86eb7b52750b33581052f483af6e66d437f95c2d73	L1594020-R002,L1594021-R001
Ex	6	5	4Q19	1606664	PARTLY_RECONSTRUCTED	17	60	56	46	0	10	49	0	0	1	0	0	0	0	passage_status/DSS-Exodus-Passage-Status.txt	511065	743	51002765255bbd701a65ffa80840211a8d0f7b6a4a99afc4f62223cad0850ed0	L1594021-R002,L1594022-R001
Ex	6	6	4Q19	1606664	PARTLY_RECONSTRUCTED	23	73	68	64	3	1	67	3	0	1	0	0	0	0	passage_status/DSS-Exodus-Passage-Status.txt	511808	753	cf57bc077ccf15f462ddab5f8d7dd8c2179bf3cc2dad305907f3ff356df25847	L1594022-R002,L1594023-R001
Ex	7	28	4Q20	1606665	PARTLY_RECONSTRUCTED	7	12	4	1	2	1	7	3	2	4	0	0	0	0	passage_status/DSS-Exodus-Passage-Status.txt	512561	729	b3c6915ad3e51fe0d0aedb1f0be37c69b264a02a0991d47106504bf6764b1ee0	L1594024-R001
Ex	7	29	4Q20	1606665	PARTLY_RECONSTRUCTED	13	34	29	23	1	5	28	1	0	1	0	0	0	0	passage_status/DSS-Exodus-Passage-Status.txt	513290	749	adf381eec216c384a6a8e6efdf229566b032f46c0611cc180695fe9e41f729c6	L1594024-R002,L1594025-R001
Ex	8	1	4Q20	1606665	PARTLY_RECONSTRUCTED	48	133	123	101	7	15	108	7	1	3	0	0	0	0	passage_status/DSS-Exodus-Passage-Status.txt	514039	811	4c882ac7cc0f8b9e7c4d200d49e869345f5cee99fa56a87e0a8ed2736388bdf8	L1594026-R001,L1594026-R002,L1594026-R003,L1594027-R001,L1594028-R001
Ex	36	9	4Q21	1606666	PARTLY_RECONSTRUCTED	25	64	62	37	10	15	39	10	0	1	0	0	0	0	passage_status/DSS-Exodus-Passage-Status.txt	514850	764	8172acc9d28a25504019187abd87553d0e444dfe8236253b642e681a90ad3708	L1594036-R001,L1594037-R001
Ex	36	10	4Q21	1606666	PARTLY_RECONSTRUCTED	13	35	33	28	1	4	28	1	0	1	0	0	0	0	passage_status/DSS-Exodus-Passage-Status.txt	515614	735	e96998866c10784408483d594944c6864337577f1497f99ddd83e4071c3d9245	L1594038-R001
Ex	6	25	4Q22	1606667	PARTLY_RECONSTRUCTED	21	64	58	49	6	3	55	6	0	1	0	0	0	0	passage_status/DSS-Exodus-Passage-Status.txt	516349	761	ebb910ded7a7fb221f99aebd74fa99ca8f10d54e4bb7042d6fa41cb522e41cb8	L1594039-R001,L1594040-R001
Ex	6	26	4Q22	1606667	PARTLY_RECONSTRUCTED	18	62	58	12	11	35	12	11	0	1	0	0	0	0	passage_status/DSS-Exodus-Passage-Status.txt	517110	786	f2bf941c2138d4da3d9c05380ad0d8ff1b02e7a47b3f191a2681062301d45719	L1594040-R002,L1594041-R001,L1594042-R001
Ex	6	27	4Q22	1606667	PARTLY_RECONSTRUCTED	19	59	57	5	0	52	5	0	0	1	0	0	0	0	passage_status/DSS-Exodus-Passage-Status.txt	517896	743	38dc40d1d210a064a458e48537020485fe8412a6e24f15ac0698b6ccc3a13a56	L1594042-R002,L1594043-R001
Ex	6	28	4Q22	1606667	PARTLY_RECONSTRUCTED	12	31	29	4	0	25	4	0	0	1	0	0	0	0	passage_status/DSS-Exodus-Passage-Status.txt	518639	743	789a99d084ce86bc11b9cb9750f442c792c69152d8ea00ef9a9877af011f5be9	L1594043-R002,L1594044-R001
Ex	6	29	4Q22	1606667	PARTLY_RECONSTRUCTED	21	64	61	9	1	51	9	1	0	1	0	0	0	0	passage_status/DSS-Exodus-Passage-Status.txt	519382	764	8ba93f8e720ff90af39d5b275849dde01ce8c04920d5029ba39d4400c112534c	L1594044-R002,L1594045-R001,L1594046-R001
Ex	6	30	4Q22	1606667	PARTLY_RECONSTRUCTED	16	47	44	5	1	38	5	1	0	1	0	0	0	0	passage_status/DSS-Exodus-Passage-Status.txt	520146	748	4aee43037da733e70bce3f129590de00572a4fb16829d945a0afae38686aad55	L1594046-R002,L1594047-R001
Ex	7	1	4Q22	1606667	PARTLY_RECONSTRUCTED	16	57	52	9	1	42	12	1	0	1	0	0	0	0	passage_status/DSS-Exodus-Passage-Status.txt	520894	763	942c4626bb9eebf3d9012921881c6c249337809834fb0d54649833c90b97e0dc	L1594047-R002,L1594048-R001,L1594049-R001
Ex	7	2	4Q22	1606667	PARTLY_RECONSTRUCTED	18	56	52	10	11	31	12	11	0	1	0	0	0	0	passage_status/DSS-Exodus-Passage-Status.txt	521657	762	eefbb83532f144d7130f682b334582b45c3fa610ec66af408a8e5a7f94093092	L1594049-R002,L1594050-R001
Ex	7	3	4Q22	1606667	PARTLY_RECONSTRUCTED	17	50	46	14	7	25	14	7	0	1	0	0	0	0	passage_status/DSS-Exodus-Passage-Status.txt	522419	766	4278f433b5feaa63ef640ef181e27c90eaba4e951b055b36d31a6c9a91e0ee22	L1594050-R002,L1594051-R001
Ex	7	4	4Q22	1606667	PARTLY_RECONSTRUCTED	26	86	75	27	6	42	32	8	1	3	0	0	0	0	passage_status/DSS-Exodus-Passage-Status.txt	523185	776	801ae4f8ec3fe9d0968b99f62459b047589360241524f56228b4a18f7b10266f	L1594051-R002,L1594052-R001,L1594053-R001
Ex	7	5	4Q22	1606667	PARTLY_RECONSTRUCTED	20	62	53	20	9	24	23	10	1	3	0	0	0	0	passage_status/DSS-Exodus-Passage-Status.txt	523961	771	74c8991498c9a7248d3986bde3e51a513bfcfe6cef8fffed3546fb4f48b48f48	L1594053-R002,L1594054-R001,L1594055-R001
Ex	7	6	4Q22	1606667	PARTLY_RECONSTRUCTED	13	36	33	13	8	12	13	8	0	1	0	0	0	0	passage_status/DSS-Exodus-Passage-Status.txt	524732	760	16662b870e6f0801bf601b7e966e5f6780fd5c5c06ad3729a363fce0efad77b1	L1594055-R002,L1594056-R001
Ex	7	7	4Q22	1606667	PARTLY_RECONSTRUCTED	17	49	46	19	9	18	19	9	0	1	0	0	0	0	passage_status/DSS-Exodus-Passage-Status.txt	525492	766	c488d87d2e0456f9eb82e7a62cde54cc8af7aac7a2dae9bdd29d627c7c69f256	L1594056-R002,L1594057-R001
Ex	7	8	4Q22	1606667	PARTLY_RECONSTRUCTED	11	29	27	17	3	7	17	3	0	1	0	0	0	0	passage_status/DSS-Exodus-Passage-Status.txt	526258	753	825eae494683cb84a22a68786e62de9065378dd6f58bca2d35d4193b4b319306	L1594057-R002,L1594058-R001
Ex	7	9	4Q22	1606667	PARTLY_RECONSTRUCTED	24	69	57	30	10	17	37	11	2	5	0	0	0	0	passage_status/DSS-Exodus-Passage-Status.txt	527011	778	8b3ff775fb27b2f319390ea6c6e3ae8a9d2cbeec6ae46cdeb4a5381a1753c3a4	L1594058-R002,L1594059-R001,L1594060-R001
Ex	7	10	4Q22	1606667	PARTLY_RECONSTRUCTED	32	86	82	49	8	25	51	8	0	1	0	0	0	0	passage_status/DSS-Exodus-Passage-Status.txt	527789	778	2d3896710067249abca829e3847795605f8541cb768e9350f4bc2f47713b8ce2	L1594060-R002,L1594061-R001,L1594062-R001
Ex	7	11	4Q22	1606667	PARTLY_RECONSTRUCTED	19	55	45	38	1	6	45	4	2	4	0	0	0	0	passage_status/DSS-Exodus-Passage-Status.txt	528567	765	1e9cb53e7e187d18e43def79566deee591d69c69fa9f7fcb812057fa7407f380	L1594062-R002,L1594063-R001,L1594064-R001
Ex	7	12	4Q22	1606667	PARTLY_RECONSTRUCTED	15	49	45	26	0	19	26	0	0	1	0	0	0	0	passage_status/DSS-Exodus-Passage-Status.txt	529332	745	74fd4fc0dc4766d7c6c3f18b899a603d0b1ae5926a89a67e3879644d51d61fb2	L1594064-R002,L1594065-R001
Ex	7	13	4Q22	1606667	PARTLY_RECONSTRUCTED	13	35	32	21	1	10	22	1	0	1	0	0	0	0	passage_status/DSS-Exodus-Passage-Status.txt	530077	750	7b6e0d62816a19bbd71df3691712f3b03fac79d5e35cefb012a0e49e05049468	L1594065-R002,L1594066-R001
Ex	7	14	4Q22	1606667	PARTLY_RECONSTRUCTED	14	35	33	20	1	12	20	1	0	1	0	0	0	0	passage_status/DSS-Exodus-Passage-Status.txt	530827	750	901ad148c03f742ebdf0e8d7b016f2ba1d7a9dcfb8372750d2fc0c24b2d02797	L1594066-R002,L1594067-R001
Ex	7	15	4Q22	1606667	PARTLY_RECONSTRUCTED	29	70	60	27	3	30	36	4	2	4	0	0	0	0	passage_status/DSS-Exodus-Passage-Status.txt	531577	772	f2f7ecb6d1beb18a90e26068f54bc081fb23a922027224d52e842b0d2d0af4f0	L1594067-R002,L1594068-R001,L1594069-R001
Ex	7	16	4Q22	1606667	PARTLY_RECONSTRUCTED	25	77	70	63	0	7	70	0	0	1	0	0	0	0	passage_status/DSS-Exodus-Passage-Status.txt	532349	760	30e489b4c516b18f4cbcd4a044899443371846819533c077cc16e328958de675	L1594069-R002,L1594070-R001,L1594071-R001
Ex	7	17	4Q22	1606667	PARTLY_RECONSTRUCTED	27	67	56	46	5	5	54	8	2	4	0	0	0	0	passage_status/DSS-Exodus-Passage-Status.txt	533109	765	71e82a572b08350b9959149acea0776d0cb5c158335bcfee1542b67f46057a90	L1594071-R002,L1594072-R001,L1594073-R001
Ex	7	18	4Q22	1606667	PARTLY_RECONSTRUCTED	106	276	262	184	10	68	194	10	0	4	0	0	0	0	passage_status/DSS-Exodus-Passage-Status.txt	533874	902	5c933e84d81ca844bae42fad0c83848c90ba2fcb8678ce15d171fe052303973c	L1594073-R002,L1594074-R001,L1594075-R001,L1594075-R002,L1594076-R001,L1594077-R001,L1594078-R001,L1594079-R001,L1594080-R001,L1594081-R001
Ex	7	19	4Q22	1606667	PARTLY_RECONSTRUCTED	38	113	105	84	2	19	90	2	0	1	0	0	0	0	passage_status/DSS-Exodus-Passage-Status.txt	534776	784	6cd4cf3225802db4ff0ca54df9e921c53165be7de8499d9adc83c3408e963c19	L1594081-R002,L1594082-R001,L1594083-R001,L1594084-R001
Ex	7	29	4Q22	1606667	PARTLY_RECONSTRUCTED	45	123	109	97	3	9	111	3	0	2	0	0	0	0	passage_status/DSS-Exodus-Passage-Status.txt	535560	775	f11cf2812b8233a9df30fc9150cfa680b352a50d82b02453e1955c7cf66e51af	L1594085-R001,L1594086-R001,L1594087-R001
Ex	8	1	4Q22	1606667	PARTLY_RECONSTRUCTED	20	54	50	46	0	4	47	0	0	1	0	0	0	0	passage_status/DSS-Exodus-Passage-Status.txt	536335	742	d975631a90f0cbb899625022c6ca98e863437b97ec617ef6ac3cf86c8895fe33	L1594087-R002,L1594088-R001
Ex	8	12	4Q22	1606667	PARTLY_RECONSTRUCTED	22	54	49	43	3	3	48	3	1	2	0	0	0	0	passage_status/DSS-Exodus-Passage-Status.txt	537077	755	014c8479b3b5c901d417910038b0701f8f0a3cb377851054203555b80f0e81d9	L1594089-R001,L1594090-R001
Ex	8	13	4Q22	1606667	PARTLY_RECONSTRUCTED	36	86	82	60	5	17	63	5	0	1	0	0	0	0	passage_status/DSS-Exodus-Passage-Status.txt	537832	772	7ea95c6e747f0b4b0e7e48cfad4b5678877ac64808232f6d434072455bafc67d	L1594090-R002,L1594091-R001,L1594092-R001
Ex	8	14	4Q22	1606667	PARTLY_RECONSTRUCTED	25	60	54	36	7	11	40	8	1	3	0	0	0	0	passage_status/DSS-Exodus-Passage-Status.txt	538604	768	f6ecdfd9e88967ea834c97e6fb950996c22b53ec7413396fc10346769b20df8b	L1594092-R002,L1594093-R001
Ex	8	15	4Q22	1606667	PARTLY_RECONSTRUCTED	22	68	65	47	4	14	49	4	0	1	0	0	0	0	passage_status/DSS-Exodus-Passage-Status.txt	539372	756	09efff704a54292b41f4a81318043b43b6ef55412d3463d00f6ed34f7e668510	L1594094-R001,L1594095-R001
Ex	8	16	4Q22	1606667	PARTLY_RECONSTRUCTED	30	90	84	75	5	4	80	5	0	1	0	0	0	0	passage_status/DSS-Exodus-Passage-Status.txt	540128	761	aa1cdc113e88058987337b4c3010315716b92989d18b8944556cfdcc01662d3e	L1594096-R001,L1594097-R001
Ex	8	17	4Q22	1606667	PARTLY_RECONSTRUCTED	36	100	90	71	1	18	77	1	0	1	0	0	0	0	passage_status/DSS-Exodus-Passage-Status.txt	540889	767	4a99a684290e93252542888e07bf063fce315b95c5358db239ad02d89f996ec7	L1594098-R001,L1594099-R001,L1594100-R001
Ex	8	18	4Q22	1606667	PARTLY_RECONSTRUCTED	12	32	29	28	1	0	29	1	0	1	0	0	0	0	passage_status/DSS-Exodus-Passage-Status.txt	541656	733	2ad2d0514700e05274da1de7ae160699940d1699165b4b3f0f6a72e4fc42256d	L1594100-R002
Ex	8	19	4Q22	1606667	PARTLY_RECONSTRUCTED	112	309	288	237	7	44	256	7	0	2	0	0	0	0	passage_status/DSS-Exodus-Passage-Status.txt	542389	868	13cc1cb8e47f435241268fb430563fb0cece5c9ca0c3bd91a6eeb86c2ffacee7	L1594101-R001,L1594102-R001,L1594103-R001,L1594104-R001,L1594105-R001,L1594106-R001,L1594107-R001,L1594108-R001
Ex	8	20	4Q22	1606667	PARTLY_RECONSTRUCTED	27	73	69	50	4	15	51	4	0	1	0	0	0	0	passage_status/DSS-Exodus-Passage-Status.txt	543257	762	282dabebbe71784f41153853222ee89c325acf148ac3f9da7d51599c18ff4c73	L1594108-R002,L1594109-R001
Ex	8	21	4Q22	1606667	PARTLY_RECONSTRUCTED	17	46	43	31	3	9	31	3	0	1	0	0	0	0	passage_status/DSS-Exodus-Passage-Status.txt	544019	749	f0fcdbc68b139261548f5c8d4679c26db8606a92b4addc228e083715dba9fa10	L1594109-R002,L1594110-R001
Ex	8	22	4Q22	1606667	PARTLY_RECONSTRUCTED	26	87	82	78	1	3	83	1	0	1	0	0	0	0	passage_status/DSS-Exodus-Passage-Status.txt	544768	765	cc10eec4458459cef5b799986a69f7322e89f10bd336494d1ceca943c1258dca	L1594110-R002,L1594111-R001,L1594112-R001
Ex	8	23	4Q22	1606667	NO_LETTER_SLOTS	3	7	0	0	0	0	3	2	1	3	0	0	0	0	passage_status/DSS-Exodus-Passage-Status.txt	545533	718	bfbaa8b415c03c61058f453da3c561b44d550232e55036a2ff52b37e1883e5c2	L1594112-R002
Ex	9	5	4Q22	1606667	PARTLY_RECONSTRUCTED	44	116	112	57	7	48	57	7	0	2	0	0	0	0	passage_status/DSS-Exodus-Passage-Status.txt	546251	779	50c937455eea8ba4961727bb693c4c29e65284c35f986319098adedcc3f27387	L1594113-R001,L1594114-R001,L1594115-R001
Ex	9	6	4Q22	1606667	PARTLY_RECONSTRUCTED	24	61	59	25	1	33	27	1	0	1	0	0	0	0	passage_status/DSS-Exodus-Passage-Status.txt	547030	748	93ffa52a1848a2cab861c2caa0798a5b512088b69368ba3e40cf8041be068d99	L1594115-R002,L1594116-R001
Ex	9	7	4Q22	1606667	PARTLY_RECONSTRUCTED	24	59	57	21	3	33	21	3	0	1	0	0	0	0	passage_status/DSS-Exodus-Passage-Status.txt	547778	776	40410a89635cd2342f03bf367b743fba66b24a38e48829f7d37ec5595b24ed50	L1594116-R002,L1594117-R001,L1594118-R001
Ex	9	8	4Q22	1606667	PARTLY_RECONSTRUCTED	25	76	71	25	5	41	26	5	0	1	0	0	0	0	passage_status/DSS-Exodus-Passage-Status.txt	548554	776	5b7e0d32663781072e596dffd55edb063e71cb476ac2689901080827f179eef4	L1594118-R002,L1594119-R001,L1594120-R001
Ex	9	9	4Q22	1606667	PARTLY_RECONSTRUCTED	25	65	63	22	13	28	24	13	0	1	0	0	0	0	passage_status/DSS-Exodus-Passage-Status.txt	549330	763	6f01f301d149f75deae5ce70055dd407405a4d51281acf829a13d85e915cff47	L1594120-R002,L1594121-R001
Ex	9	10	4Q22	1606667	PARTLY_RECONSTRUCTED	28	78	74	54	9	11	55	9	0	1	0	0	0	0	passage_status/DSS-Exodus-Passage-Status.txt	550093	762	5e05de495ed224e37edce9235dc8274ce5c093d3c64f7bf9511c02d1fc635484	L1594122-R001,L1594123-R001
Ex	9	11	4Q22	1606667	PARTLY_RECONSTRUCTED	25	63	61	46	0	15	48	0	0	1	0	0	0	0	passage_status/DSS-Exodus-Passage-Status.txt	550855	745	ddd54dd29c782c30c17ba967a17d6ac95aa5a69d779851a1c55ab2bcd3d30d49	L1594123-R002,L1594124-R001
Ex	9	12	4Q22	1606667	PARTLY_RECONSTRUCTED	17	46	43	38	1	4	41	1	0	1	0	0	0	0	passage_status/DSS-Exodus-Passage-Status.txt	551600	733	171d409a7292f1ee4b02df9caee1c0cb360e6faa448f0b6778096564a19e9878	L1594125-R001
Ex	9	13	4Q22	1606667	PARTLY_RECONSTRUCTED	28	84	79	74	1	4	79	1	0	1	0	0	0	0	passage_status/DSS-Exodus-Passage-Status.txt	552333	749	ea97d5411ea2837fcb73de9e07a788bc319009c8b1a462d0313848b14b26a20c	L1594126-R001,L1594127-R001
Ex	9	14	4Q22	1606667	PARTLY_RECONSTRUCTED	29	74	67	59	1	7	64	1	0	1	0	0	0	0	passage_status/DSS-Exodus-Passage-Status.txt	553082	765	d516173136d708f76846c09b6eded226983c00abf9076a4465007721a5041a32	L1594127-R002,L1594128-R001,L1594129-R001
Ex	9	15	4Q22	1606667	PARTLY_RECONSTRUCTED	19	48	43	42	1	0	47	1	0	1	0	0	0	0	passage_status/DSS-Exodus-Passage-Status.txt	553847	749	f73de6bf790f74575c07ffbe4916e6b82d87d0eac718e90ad2b8b8880567f799	L1594129-R002,L1594130-R001
Ex	9	16	4Q22	1606667	PARTLY_RECONSTRUCTED	12	40	35	31	2	2	34	2	0	1	0	0	0	0	passage_status/DSS-Exodus-Passage-Status.txt	554596	733	1387301f42cff49f1c3aa10ad60b7d2784d7c675b8a097abacc57f702a159abd	L1594130-R002
Ex	9	19	4Q22	1606667	PARTLY_RECONSTRUCTED	81	217	189	141	17	31	159	22	3	7	0	0	0	0	passage_status/DSS-Exodus-Passage-Status.txt	555329	839	b010dc38015764f7870cf58d1915ed31fd0182b5f6cc69877f5cac9bdca39c7e	L1594131-R001,L1594132-R001,L1594133-R001,L1594134-R001,L1594135-R001,L1594136-R001
Ex	9	20	4Q22	1606667	PARTLY_RECONSTRUCTED	18	52	48	39	1	8	42	1	0	1	0	0	0	0	passage_status/DSS-Exodus-Passage-Status.txt	556168	749	8a607b3818f9f9d1a58cb1edc0dea5048612c9a72ae9c0702a52c69c7b0c7508	L1594136-R002,L1594137-R001
Ex	9	21	4Q22	1606667	PARTLY_RECONSTRUCTED	18	49	44	41	1	2	46	1	0	1	0	0	0	0	passage_status/DSS-Exodus-Passage-Status.txt	556917	733	ae0f2437776d2af02997f44bfd156dbfcd9f440ff277c7aa7c46ea73e4c789ad	L1594137-R002
Ex	9	35	4Q22	1606667	PARTLY_RECONSTRUCTED	19	48	44	38	0	6	42	0	1	2	0	0	0	0	passage_status/DSS-Exodus-Passage-Status.txt	557650	744	249699bf5f15f52853eaaa2b4e1646d7a9f81773d5e5726915cae05f1d523282	L1594138-R001,L1594139-R001
Ex	10	1	4Q22	1606667	PARTLY_RECONSTRUCTED	24	76	69	59	4	6	66	4	0	1	0	0	0	0	passage_status/DSS-Exodus-Passage-Status.txt	558394	771	fc54a1312ee89345b345aac9f0f5ec11d93e2244c852ca02e0f67c53733d2436	L1594139-R002,L1594140-R001,L1594141-R001
Ex	10	2	4Q22	1606667	PARTLY_RECONSTRUCTED	79	208	195	191	3	1	202	3	0	2	0	0	0	0	passage_status/DSS-Exodus-Passage-Status.txt	559165	818	8d867e0795442544a7749767cba3d13f75a34d2c5f66109a3497177e755d00ac	L1594141-R002,L1594142-R001,L1594143-R001,L1594144-R001,L1594145-R001
Ex	10	3	4Q22	1606667	PARTLY_RECONSTRUCTED	28	83	77	73	3	2	79	3	0	1	0	0	0	0	passage_status/DSS-Exodus-Passage-Status.txt	559983	771	4ea525b8a8789524dabb192f26848b5f4b298c9e0b5e59c0c775330f6767d55e	L1594145-R002,L1594146-R001,L1594147-R001
Ex	10	4	4Q22	1606667	PARTLY_RECONSTRUCTED	15	44	39	38	0	1	43	0	0	1	0	0	0	0	passage_status/DSS-Exodus-Passage-Status.txt	560754	744	aedc9c02974ffed3c029ed05e071b90fa350174fbd15998680c92eccae1c9317	L1594147-R002,L1594148-R001
Ex	10	5	4Q22	1606667	PARTLY_RECONSTRUCTED	46	103	99	73	5	21	77	5	0	1	0	0	0	0	passage_status/DSS-Exodus-Passage-Status.txt	561498	773	fa7be08884e38bc6f5ecbad91abc5e98bee873588e29ea085c40caa51d30084d	L1594148-R002,L1594149-R001,L1594150-R001
Ex	10	6	4Q22	1606667	PARTLY_RECONSTRUCTED	37	101	94	73	7	14	79	7	0	1	0	0	0	0	passage_status/DSS-Exodus-Passage-Status.txt	562271	779	9b0a2a780ccdc358923b8e04a022d961615c3d590fca6c6983235059e45bd0d6	L1594150-R002,L1594151-R001,L1594152-R001
Ex	10	7	4Q22	1606667	PARTLY_RECONSTRUCTED	28	89	84	66	4	14	69	4	0	1	0	0	0	0	passage_status/DSS-Exodus-Passage-Status.txt	563050	778	58015f80fdfb5aaacaf367cf3a1fcc3a2eb45a81d4d05a5779ee281dcc6d6ca0	L1594152-R002,L1594153-R001,L1594154-R001
Ex	10	8	4Q22	1606667	PARTLY_RECONSTRUCTED	23	68	64	42	6	16	44	6	0	1	0	0	0	0	passage_status/DSS-Exodus-Passage-Status.txt	563828	772	616083f758265ed54861048a91ef4aee2463263682504f7f6c7540b42bef0696	L1594154-R002,L1594155-R001,L1594156-R001
Ex	10	9	4Q22	1606667	PARTLY_RECONSTRUCTED	25	77	68	42	8	18	48	8	0	1	0	0	0	0	passage_status/DSS-Exodus-Passage-Status.txt	564600	762	04215298b765bfe1e80f18a59c2806011d756fe4d9aa5b0244a5662ce38c7195	L1594156-R002,L1594157-R001
Ex	10	10	4Q22	1606667	PARTLY_RECONSTRUCTED	20	65	58	31	4	23	33	4	0	1	0	0	0	0	passage_status/DSS-Exodus-Passage-Status.txt	565362	774	a18be24e2019f3e857682322275545e955c5fc69b9a74358bd73d420c461df9f	L1594157-R002,L1594158-R001,L1594159-R001
Ex	10	11	4Q22	1606667	PARTLY_RECONSTRUCTED	23	64	54	39	2	13	48	3	2	4	0	0	0	0	passage_status/DSS-Exodus-Passage-Status.txt	566136	758	a98e483fc40fe83fee99b649d7e75c1d05ab5b86e06d0bedf24d0a42eeb9fc4d	L1594159-R002,L1594160-R001
Ex	10	12	4Q22	1606667	PARTLY_RECONSTRUCTED	31	85	82	71	2	9	74	2	0	1	0	0	0	0	passage_status/DSS-Exodus-Passage-Status.txt	566894	773	ba4b8a797656fba953eea3377e4862a590d8e113c032119efa2ee21036c93624	L1594160-R002,L1594161-R001,L1594162-R001
Ex	10	19	4Q22	1606667	PARTLY_RECONSTRUCTED	5	14	12	7	2	3	9	2	0	1	0	0	0	0	passage_status/DSS-Exodus-Passage-Status.txt	567667	738	a03ede0831485c87e1dadf10616928dab1dd249eea171282d05c573dcb4c55aa	L1594163-R001
Ex	10	20	4Q22	1606667	PARTLY_RECONSTRUCTED	15	37	33	30	0	3	32	0	1	2	0	0	0	0	passage_status/DSS-Exodus-Passage-Status.txt	568405	746	d9eb9e8e50c216c6b417cb13e6b72182751ba7534cb5517ae46f5a56e3e3967b	L1594163-R002,L1594164-R001
Ex	10	21	4Q22	1606667	PARTLY_RECONSTRUCTED	18	47	44	25	0	19	26	0	0	1	0	0	0	0	passage_status/DSS-Exodus-Passage-Status.txt	569151	763	a90661953ac308787959099cd1374e364d8b5a56c0733744c885f5bd61b620b5	L1594164-R002,L1594165-R001,L1594166-R001
Ex	10	22	4Q22	1606667	PARTLY_RECONSTRUCTED	20	51	48	28	0	20	29	0	0	1	0	0	0	0	passage_status/DSS-Exodus-Passage-Status.txt	569914	747	98abf6290f9f64ac265ccd6da7a5208fac1f2c3bd80fe0bbab987dd3489d6ed2	L1594166-R002,L1594167-R001
Ex	10	23	4Q22	1606667	PARTLY_RECONSTRUCTED	23	67	62	45	2	15	50	2	0	1	0	0	0	0	passage_status/DSS-Exodus-Passage-Status.txt	570661	758	bc1f80e59ff00090f53591762c2122bd048d2f0f37e7c0619a7c99faf11fb8dc	L1594167-R002,L1594168-R001
Ex	10	24	4Q22	1606667	PARTLY_RECONSTRUCTED	25	74	68	36	3	29	41	3	0	1	0	0	0	0	passage_status/DSS-Exodus-Passage-Status.txt	571419	780	2caef3ea3ebf69c93839112610c40df44db1d4abc1f8ab0e715155af2fb1b05f	L1594168-R002,L1594169-R001,L1594170-R001
Ex	10	25	4Q22	1606667	PARTLY_RECONSTRUCTED	9	30	27	18	1	8	21	1	0	1	0	0	0	0	passage_status/DSS-Exodus-Passage-Status.txt	572199	734	9ea47949053334b2913ace3fb60fe4b8e4d77b86086eb19fb6fc8b3691f617ec	L1594171-R001
Ex	10	26	4Q22	1606667	PARTLY_RECONSTRUCTED	28	91	83	42	6	35	47	6	0	1	0	0	0	0	passage_status/DSS-Exodus-Passage-Status.txt	572933	780	7e7c0461d6dedb97fce43ae277ade6aad5fea2a529394107e38a7115d634b9f1	L1594171-R002,L1594172-R001,L1594173-R001
Ex	10	27	4Q22	1606667	PARTLY_RECONSTRUCTED	12	31	28	12	5	11	15	5	0	1	0	0	0	0	passage_status/DSS-Exodus-Passage-Status.txt	573713	758	1acc69b51508d0f735e6b1dc216baf84d1deb125b8b0d25480e77da830f8f2bf	L1594173-R002,L1594174-R001
Ex	10	28	4Q22	1606667	PARTLY_RECONSTRUCTED	13	35	23	18	0	5	27	2	2	4	0	0	0	0	passage_status/DSS-Exodus-Passage-Status.txt	574471	746	5395d28e56ba5d4687ade178ee26ac23d6a5c0a77d0f05ec29d0320f57de3373	L1594174-R002,L1594175-R001
Ex	11	8	4Q22	1606667	PARTLY_RECONSTRUCTED	27	64	60	49	0	11	51	0	0	1	0	0	0	0	passage_status/DSS-Exodus-Passage-Status.txt	575217	745	5799c4fd57a65614340529576db4341a1054f39f181729b9ef6e48591e5fa332	L1594176-R001,L1594177-R001
Ex	11	9	4Q22	1606667	PARTLY_RECONSTRUCTED	16	55	51	28	0	23	31	0	0	1	0	0	0	0	passage_status/DSS-Exodus-Passage-Status.txt	575962	745	b57f3fbf48254679fef9e0036adfe0848652047ebaba1a72b5cea2e36a644de3	L1594177-R002,L1594178-R001
Ex	11	10	4Q22	1606667	PARTLY_RECONSTRUCTED	29	75	72	57	1	14	60	1	0	1	0	0	0	0	passage_status/DSS-Exodus-Passage-Status.txt	576707	768	6d52475fb6b8c75359d87c9f767ebb5607c17590ce9c8a1f9d813180152fe675	L1594178-R002,L1594179-R001,L1594180-R001
Ex	12	1	4Q22	1606667	PARTLY_RECONSTRUCTED	14	36	34	20	0	14	22	0	0	1	0	0	0	0	passage_status/DSS-Exodus-Passage-Status.txt	577475	745	86fe5fdf23671e70a16f97556048801126f1b737f6f0c33561905c9a44f00324	L1594180-R002,L1594181-R001
Ex	12	2	4Q22	1606667	PARTLY_RECONSTRUCTED	16	44	38	27	0	11	32	0	1	2	0	0	0	0	passage_status/DSS-Exodus-Passage-Status.txt	578220	729	91083c38cde12795762db537abe4a90fe2cb99b6a757d700a538b1043453b15d	L1594181-R002
Ex	12	6	4Q22	1606667	PARTLY_RECONSTRUCTED	18	52	49	44	1	4	46	1	0	1	0	0	0	0	passage_status/DSS-Exodus-Passage-Status.txt	578949	749	5d25e0b8de6ee65f9c384ce197666405dd221ed49aa4aedec9c050f173702c89	L1594182-R001,L1594183-R001
Ex	12	7	4Q22	1606667	PARTLY_RECONSTRUCTED	23	62	58	41	1	16	45	1	0	1	0	0	0	0	passage_status/DSS-Exodus-Passage-Status.txt	579698	750	68d149389176cd31cb87b1e3d5e27ff460584fe42de7d4e807b1ead6efe0b508	L1594183-R002,L1594184-R001
Ex	12	8	4Q22	1606667	PARTLY_RECONSTRUCTED	18	47	42	40	1	1	45	1	1	2	0	0	0	0	passage_status/DSS-Exodus-Passage-Status.txt	580448	749	32420cc74069341e2588b30a34c234996d1989563d9603553ad2962a0f7c8122	L1594184-R002,L1594185-R001
Ex	12	13	4Q22	1606667	PARTLY_RECONSTRUCTED	23	65	60	49	4	7	52	4	0	1	0	0	0	0	passage_status/DSS-Exodus-Passage-Status.txt	581197	763	3d06e60c2b1a1c9a4da3c5420f773145e4afbaa7c0d306aaf1b03a99280f0ea3	L1594186-R001,L1594187-R001
Ex	12	14	4Q22	1606667	PARTLY_RECONSTRUCTED	21	65	59	32	6	21	37	6	0	1	0	0	0	0	passage_status/DSS-Exodus-Passage-Status.txt	581960	758	dbac53905c08496885010cd3b9484d0d5adf9a1a88dbe69a154fa71809eb3930	L1594187-R002,L1594188-R001
Ex	12	15	4Q22	1606667	PARTLY_RECONSTRUCTED	35	99	96	68	8	20	70	8	0	1	0	0	0	0	passage_status/DSS-Exodus-Passage-Status.txt	582718	790	86fce4a5d59b31805dcf27082b6b24b7348ca4d075375e2615f25590e0081c84	L1594188-R002,L1594189-R001,L1594190-R001,L1594191-R001
Ex	12	16	4Q22	1606667	ALL_LETTER_SLOTS_RECONSTRUCTED	33	94	88	88	0	0	94	0	0	1	0	0	0	0	passage_status/DSS-Exodus-Passage-Status.txt	583508	772	2176ba320f4111fd2339c22a819d69866b7fbf6ef8121eed557a28109e67d54f	L1594191-R002,L1594192-R001,L1594193-R001
Ex	12	17	4Q22	1606667	PARTLY_RECONSTRUCTED	30	84	80	77	1	2	81	1	0	1	0	0	0	0	passage_status/DSS-Exodus-Passage-Status.txt	584280	767	457c224547cc8bec665ae66258f82271ba62aa403ab637dd28be0c11938df779	L1594193-R002,L1594194-R001,L1594195-R001
Ex	12	18	4Q22	1606667	PARTLY_RECONSTRUCTED	23	60	58	51	4	3	53	4	0	1	0	0	0	0	passage_status/DSS-Exodus-Passage-Status.txt	585047	779	3904c346ed58a758731e9859c3ffdb9ce6681549fb54aaaeeb660a7c56e5a425	L1594195-R002,L1594196-R001,L1594197-R001
Ex	12	19	4Q22	1606667	PARTLY_RECONSTRUCTED	28	74	71	48	8	15	50	8	0	1	0	0	0	0	passage_status/DSS-Exodus-Passage-Status.txt	585826	780	2f3cbb13b2c8fa2c525530200f282e007384a88f590295ec075f4be4324b5ac3	L1594197-R002,L1594198-R001,L1594199-R001
Ex	12	20	4Q22	1606667	PARTLY_RECONSTRUCTED	10	38	35	31	1	3	32	1	0	1	0	0	0	0	passage_status/DSS-Exodus-Passage-Status.txt	586606	735	f2a1def252a6c7015ab2639e280e7a87d120914cdcc83d8a5905ba667da88dbd	L1594199-R002
Ex	12	21	4Q22	1606667	PARTLY_RECONSTRUCTED	22	68	63	59	2	2	64	2	0	1	0	0	0	0	passage_status/DSS-Exodus-Passage-Status.txt	587341	757	c9a7639ee7aea27d87d3a22683de9bc3d33279efe50017f2f00b41460e4458a4	L1594200-R001,L1594201-R001
Ex	12	22	4Q22	1606667	PARTLY_RECONSTRUCTED	3	8	6	5	0	1	5	0	0	1	0	0	0	0	passage_status/DSS-Exodus-Passage-Status.txt	588098	725	f247a351a7fe5c5bf8e9f1cecdb2244df3e0a6ed99228896da2cb4eaa2e59c98	L1594201-R002
Ex	12	30	4Q22	1606667	NO_LETTER_SLOTS	5	10	0	0	0	0	9	1	3	5	0	0	0	0	passage_status/DSS-Exodus-Passage-Status.txt	588823	737	d304e73745f2059599dfe0b56b972a16b974e8c6b44172600cc13569297c5672	L1594202-R001,L1594203-R001
Ex	12	31	4Q22	1606667	PARTLY_RECONSTRUCTED	28	77	73	61	4	8	61	4	0	1	0	0	0	0	passage_status/DSS-Exodus-Passage-Status.txt	589560	779	5b681827372721fcdfdda51157833e2c8dc65be3002c994801ecf41258aa80ed	L1594203-R002,L1594204-R001,L1594205-R001
Ex	12	32	4Q22	1606667	PARTLY_RECONSTRUCTED	15	46	41	39	2	0	44	2	0	1	0	0	0	0	passage_status/DSS-Exodus-Passage-Status.txt	590339	757	24e3cdf21899ebe06a98a788606a72b3890d4163f26f108d4ab29d2a21cc54b0	L1594205-R002,L1594206-R001
Ex	12	33	4Q22	1606667	ALL_LETTER_SLOTS_RECONSTRUCTED	18	48	44	44	0	0	48	0	0	1	0	0	0	0	passage_status/DSS-Exodus-Passage-Status.txt	591096	756	c303dfa7315698910801eb9418873b4200d7f04459324a0c6913cb2031970330	L1594206-R002,L1594207-R001
Ex	12	34	4Q22	1606667	PARTLY_RECONSTRUCTED	16	48	36	32	1	3	41	3	2	4	0	0	0	0	passage_status/DSS-Exodus-Passage-Status.txt	591852	751	b7faf56e0ad90cd74c32d475eab05b3624e092643ade307e0c42a26073180894	L1594208-R001,L1594209-R001
Ex	12	35	4Q22	1606667	PARTLY_RECONSTRUCTED	19	52	50	43	1	6	45	1	0	1	0	0	0	0	passage_status/DSS-Exodus-Passage-Status.txt	592603	751	33264bf6ca31b76562f34cd436cea23e50ad282143f1babe7fc1657adca4a27e	L1594209-R002,L1594210-R001
Ex	12	36	4Q22	1606667	PARTLY_RECONSTRUCTED	17	49	46	32	6	8	33	6	0	1	0	0	0	0	passage_status/DSS-Exodus-Passage-Status.txt	593354	757	9d5826faac321de14fd02dcb2b4077deee5e671fcd4c03bd9fc3ee7c5a8161dc	L1594211-R001,L1594212-R001
Ex	12	37	4Q22	1606667	PARTLY_RECONSTRUCTED	19	52	49	31	3	15	34	3	0	1	0	0	0	0	passage_status/DSS-Exodus-Passage-Status.txt	594111	774	361d03fd2960fe4ed424b253a7e966796676b07b8d9e5aae704dc8160f1ad052	L1594212-R002,L1594213-R001,L1594214-R001
Ex	12	38	4Q22	1606667	PARTLY_RECONSTRUCTED	14	37	33	21	2	10	22	2	0	1	0	0	0	0	passage_status/DSS-Exodus-Passage-Status.txt	594885	758	7dcd35fc9d75923bad5f40b254b866981f6105681f2a0ce9211f8ce05b57b2d5	L1594214-R002,L1594215-R001
Ex	12	39	4Q22	1606667	PARTLY_RECONSTRUCTED	18	50	42	25	5	12	30	6	2	4	0	0	0	0	passage_status/DSS-Exodus-Passage-Status.txt	595643	764	b267e2ba7a4a7f2b6f8ad69650007904534eb7fc01462f7166980177f583e3fa	L1594215-R002,L1594216-R001
Ex	13	3	4Q22	1606667	PARTLY_RECONSTRUCTED	30	78	75	67	3	5	70	3	0	1	0	0	0	0	passage_status/DSS-Exodus-Passage-Status.txt	596407	771	17bf0951d7c33a0cbdf414f70dcbf409e6f404055d0820a516abc7a0066a2fc9	L1594217-R001,L1594218-R001,L1594219-R001
Ex	13	4	4Q22	1606667	PARTLY_RECONSTRUCTED	9	25	23	17	2	4	19	2	0	1	0	0	0	0	passage_status/DSS-Exodus-Passage-Status.txt	597178	732	b41c5978861aded435fa306642036146399acf24777aaec1833aaee4b42af5b7	L1594219-R002
Ex	13	5	4Q22	1606667	PARTLY_RECONSTRUCTED	45	109	104	84	3	17	89	3	0	1	0	0	0	0	passage_status/DSS-Exodus-Passage-Status.txt	597910	774	bcf10615e227cca4372ff9250fb71d66e42dbe83fa9774ee1534f1929c7cab50	L1594220-R001,L1594221-R001,L1594222-R001
Ex	13	6	4Q22	1606667	PARTLY_RECONSTRUCTED	13	35	33	22	4	7	24	4	0	1	0	0	0	0	passage_status/DSS-Exodus-Passage-Status.txt	598684	761	43008f0b221703ad7c4decaa59283361b7504b6601aec7302213ba3e573e8269	L1594222-R002,L1594223-R001
Ex	13	7	4Q22	1606667	PARTLY_RECONSTRUCTED	20	55	50	44	0	6	49	0	0	1	0	0	0	0	passage_status/DSS-Exodus-Passage-Status.txt	599445	744	2652cf87794602f468df3d5f4e6d98b4379ac9f25f0e02b4a51f5e820701a8b1	L1594223-R002,L1594224-R001
Ex	13	8	4Q22	1606667	NO_LETTER_SLOTS	3	8	0	0	0	0	3	3	1	3	0	0	0	0	passage_status/DSS-Exodus-Passage-Status.txt	600189	718	024c68ac231b1b3d4b9ca2afe76c8ae0cd4a25aa99b5ac13d2fc46f721ed6f49	L1594224-R002
Ex	13	12	4Q22	1606667	PARTLY_RECONSTRUCTED	14	38	33	31	2	0	36	2	1	2	0	0	0	0	passage_status/DSS-Exodus-Passage-Status.txt	600907	757	95f3daeaf0e762b93ec238c5d6d167f0ca4536c28bcc8feca51a38e06a691dfd	L1594225-R001,L1594226-R001
Ex	13	13	4Q22	1606667	PARTLY_RECONSTRUCTED	10	21	19	12	1	6	12	1	0	1	0	0	0	0	passage_status/DSS-Exodus-Passage-Status.txt	601664	735	de5a9fabe37f4d7dae6f17bdb2dc7074d1dc23227d2a4b29d97911653b773340	L1594226-R002
Ex	14	3	4Q22	1606667	PARTLY_RECONSTRUCTED	10	33	30	26	2	2	29	2	0	1	0	0	0	0	passage_status/DSS-Exodus-Passage-Status.txt	602399	733	9816b38a1c2b66ce30efef65b80bab563abc3b2819a23ce290e4c4aca05adc59	L1594227-R001
Ex	14	4	4Q22	1606667	PARTLY_RECONSTRUCTED	26	71	59	48	2	9	58	4	2	5	0	0	0	0	passage_status/DSS-Exodus-Passage-Status.txt	603132	771	fae5e4feb6e4767eea863427d9c4691fdac53f84a7f8138b9a32c454266c0b7b	L1594227-R002,L1594228-R001,L1594229-R001
Ex	14	5	4Q22	1606667	PARTLY_RECONSTRUCTED	29	82	76	55	9	12	59	10	1	2	0	0	0	0	passage_status/DSS-Exodus-Passage-Status.txt	603903	779	2813d80e9c6941939973b5d914424c8bc3a71ae297bb1661e464ea61571b40e1	L1594229-R002,L1594230-R001,L1594231-R001
Ex	14	6	4Q22	1606667	ALL_LETTER_SLOTS_RECONSTRUCTED	10	28	23	23	0	0	28	0	0	1	0	0	0	0	passage_status/DSS-Exodus-Passage-Status.txt	604682	754	d8c33e6682334aafc07c5702469342db9b92bfc39a493386f848440abe5acfdc	L1594231-R002,L1594232-R001
Ex	14	7	4Q22	1606667	ALL_LETTER_SLOTS_RECONSTRUCTED	8	21	17	17	0	0	21	0	1	2	0	0	0	0	passage_status/DSS-Exodus-Passage-Status.txt	605436	753	031a00ad5014073e131aa337b052a0679bc389409f124e25c6d2eba3f12eabe8	L1594232-R002,L1594233-R001
Ex	14	8	4Q22	1606667	PARTLY_RECONSTRUCTED	21	64	62	53	2	7	55	2	0	1	0	0	0	0	passage_status/DSS-Exodus-Passage-Status.txt	606189	755	71ab556111d8421f24f61da258ccf58fc097eadc03d70e1ad2f6b8e6ed6e09bd	L1594233-R002,L1594234-R001
Ex	14	9	4Q22	1606667	PARTLY_RECONSTRUCTED	29	88	80	58	3	19	66	3	1	2	0	0	0	0	passage_status/DSS-Exodus-Passage-Status.txt	606944	772	998b61a318cf765abb6becda153a33b950ea9576f15346388b9d0dbc1ba4b85b	L1594235-R001,L1594236-R001,L1594237-R001
Ex	14	25	4Q22	1606667	PARTLY_RECONSTRUCTED	24	79	72	62	8	2	69	8	1	2	0	0	0	0	passage_status/DSS-Exodus-Passage-Status.txt	607716	785	d8d588b6e157ec701a3a06e259bbc83e7a5abee1828baf152815d7f22b8781e7	L1594238-R001,L1594239-R001,L1594240-R001
Ex	14	26	4Q22	1606667	PARTLY_RECONSTRUCTED	16	40	37	36	0	1	37	0	0	1	0	0	0	0	passage_status/DSS-Exodus-Passage-Status.txt	608501	746	7c9cc8078702ca6a4ad63d2c0f407eaba52772c77734db76227ad4b91bc23019	L1594240-R002,L1594241-R001
Ex	15	23	4Q22	1606667	PARTLY_RECONSTRUCTED	21	54	48	31	6	11	36	6	1	2	0	0	0	0	passage_status/DSS-Exodus-Passage-Status.txt	609247	770	97cf22212cc61f02b51f04b2f3959c2632841728390ff35a537902eb314931e6	L1594242-R001,L1594243-R001
Ex	15	24	4Q22	1606667	PARTLY_RECONSTRUCTED	11	26	24	17	0	7	19	0	0	1	0	0	0	0	passage_status/DSS-Exodus-Passage-Status.txt	610017	746	d20e9ae4441b13f82ffc8777c156209272282a3e85d566fdc82756657f59a731	L1594243-R002,L1594244-R001
Ex	15	25	4Q22	1606667	PARTLY_RECONSTRUCTED	27	69	64	46	3	15	48	3	0	1	0	0	0	0	passage_status/DSS-Exodus-Passage-Status.txt	610763	780	5ca1dd55b9ac6f652d8a36f0df6ff9c56aa1badbe80c39126f4d1ecbb6d0a4c3	L1594244-R002,L1594245-R001,L1594246-R001
Ex	15	26	4Q22	1606667	PARTLY_RECONSTRUCTED	38	119	111	70	14	27	71	14	0	1	0	0	0	0	passage_status/DSS-Exodus-Passage-Status.txt	611543	806	7d96d0d4203832063cd1ee55cd01832259069fa783394915a2d1961bcb76eafd	L1594246-R002,L1594247-R001,L1594248-R001,L1594249-R001
Ex	15	27	4Q22	1606667	PARTLY_RECONSTRUCTED	19	56	53	33	2	18	34	2	0	1	0	0	0	0	passage_status/DSS-Exodus-Passage-Status.txt	612349	768	4c9e6c10acd1eb58ca746e51d763c68eb024d11d46ebf97d13985dad7001802a	L1594249-R002,L1594250-R001,L1594251-R001
Ex	16	1	4Q22	1606667	PARTLY_RECONSTRUCTED	17	50	48	33	6	9	33	6	0	1	0	0	0	0	passage_status/DSS-Exodus-Passage-Status.txt	613117	767	0c5b9c5c54dbda68cab990c8eea2ed1e2d06102067c91b6142c01c313e876b84	L1594251-R002,L1594252-R001
Ex	16	4	4Q22	1606667	PARTLY_RECONSTRUCTED	15	44	39	34	1	4	38	1	0	1	0	0	0	0	passage_status/DSS-Exodus-Passage-Status.txt	613884	733	0e8dcb5c3b5877b3723889b36fb7931843c1c29bd8debc6dc7ac64035d8b366d	L1594253-R001
Ex	16	5	4Q22	1606667	PARTLY_RECONSTRUCTED	20	54	52	50	0	2	52	0	0	1	0	0	0	0	passage_status/DSS-Exodus-Passage-Status.txt	614617	760	ffa6723133b60c48cc22d788f89aa00b2e52fead3167430531b3e38e83ec8b46	L1594253-R002,L1594254-R001,L1594255-R001
Ex	16	6	4Q22	1606667	ALL_LETTER_SLOTS_RECONSTRUCTED	20	61	58	58	0	0	61	0	0	1	0	0	0	0	passage_status/DSS-Exodus-Passage-Status.txt	615377	754	20778bc8494cab6524e9d3d0b486e09d36f4f17381b834127c66420f034d077d	L1594255-R002,L1594256-R001
Ex	16	7	4Q22	1606667	PARTLY_RECONSTRUCTED	20	64	59	51	4	4	55	4	0	1	0	0	0	0	passage_status/DSS-Exodus-Passage-Status.txt	616131	755	b4cb2d0dd7d1caf1b0cd5a92a546bc4edaa18b1b8771070f3e71ce1fda371e8f	L1594257-R001,L1594258-R001
Ex	16	8	4Q22	1606667	PARTLY_RECONSTRUCTED	19	45	42	38	1	3	39	1	0	1	0	0	0	0	passage_status/DSS-Exodus-Passage-Status.txt	616886	749	5abb1426813375d7d2bc3c8fc12a71a9d4cd7599eec2a4f27d709c8aea96904f	L1594258-R002,L1594259-R001
Ex	16	31	4Q22	1606667	PARTLY_RECONSTRUCTED	21	55	49	37	1	11	41	1	1	2	0	0	0	0	passage_status/DSS-Exodus-Passage-Status.txt	617635	752	37e7b0734a10710175a2a5fd7bef84698eb578c54fe67166ce4da74f0e00e6d1	L1594260-R001,L1594261-R001
Ex	16	32	4Q22	1606667	PARTLY_RECONSTRUCTED	34	108	101	72	6	23	77	6	0	1	0	0	0	0	passage_status/DSS-Exodus-Passage-Status.txt	618387	782	ff59bedc1578921183c10a563d35bbef31d654285824ad2b7e0ba0488e0bb90f	L1594261-R002,L1594262-R001,L1594263-R001
Ex	16	33	4Q22	1606667	PARTLY_RECONSTRUCTED	26	74	69	46	3	20	50	3	0	1	0	0	0	0	passage_status/DSS-Exodus-Passage-Status.txt	619169	774	7193ba21e8106162b0c116995d05f1eb074434f82dc60d7f28d57da2554f84d8	L1594263-R002,L1594264-R001,L1594265-R001
Ex	16	34	4Q22	1606667	PARTLY_RECONSTRUCTED	16	44	41	30	2	9	32	2	0	1	0	0	0	0	passage_status/DSS-Exodus-Passage-Status.txt	619943	757	dc64155ffdc4f5d13add9dd8c5218f7166acf20bbdf7d0dcc900707d9a53914e	L1594265-R002,L1594266-R001
Ex	16	35	4Q22	1606667	PARTLY_RECONSTRUCTED	25	72	68	65	1	2	69	1	0	1	0	0	0	0	passage_status/DSS-Exodus-Passage-Status.txt	620700	767	b55d1453e7d7cb39b4daaeef83b564fafb2f36d1825f91591dc26d68a799d71a	L1594266-R002,L1594267-R001,L1594268-R001
Ex	16	36	4Q22	1606667	ALL_LETTER_SLOTS_RECONSTRUCTED	8	20	18	18	0	0	20	0	0	1	0	0	0	0	passage_status/DSS-Exodus-Passage-Status.txt	621467	739	0442cbda95c99902414d4ea5af302f30dfff6665838663734de8cb0cc094deb1	L1594268-R002
Ex	17	1	4Q22	1606667	PARTLY_RECONSTRUCTED	26	70	67	54	4	9	57	4	0	1	0	0	0	0	passage_status/DSS-Exodus-Passage-Status.txt	622206	765	8ca61ea378ae2592284d3d172241409beb169808ed9c932294d6efda5f312261	L1594268-R003,L1594269-R001,L1594270-R001
Ex	17	2	4Q22	1606667	PARTLY_RECONSTRUCTED	26	75	68	58	1	9	63	1	0	1	0	0	0	0	passage_status/DSS-Exodus-Passage-Status.txt	622971	765	0c0643920812dd5418a9972a07cf3c92ea6e8b4ff2e5dbf81f251d228da1f37f	L1594270-R002,L1594271-R001,L1594272-R001
Ex	17	3	4Q22	1606667	PARTLY_RECONSTRUCTED	32	80	74	68	2	4	74	2	0	1	0	0	0	0	passage_status/DSS-Exodus-Passage-Status.txt	623736	765	d2a5ed64634ac7d1ea31dc320ea2622dc1fc6f961ff39c755138b2a1c5b151a2	L1594272-R002,L1594273-R001,L1594274-R001
Ex	17	4	4Q22	1606667	PARTLY_RECONSTRUCTED	18	45	42	37	0	5	40	0	0	1	0	0	0	0	passage_status/DSS-Exodus-Passage-Status.txt	624501	744	280db72051b79eb79bbb9012459c9e59709b731ff6efb3595b0ef8f5fa5f809a	L1594274-R002,L1594275-R001
Ex	17	5	4Q22	1606667	PARTLY_RECONSTRUCTED	30	76	70	51	2	17	56	2	0	1	0	0	0	0	passage_status/DSS-Exodus-Passage-Status.txt	625245	772	0e77ec7d4197617077aa437a31ff2c7f896d48928d37f6a2d9f59ee04caf17ba	L1594276-R001,L1594277-R001,L1594278-R001
Ex	17	6	4Q22	1606667	PARTLY_RECONSTRUCTED	31	81	76	50	6	20	54	6	0	1	0	0	0	0	passage_status/DSS-Exodus-Passage-Status.txt	626017	778	8734adac1673f4d43a87f9d2dfff24ee3065e6f2b1fc853f56e4bb3163f92175	L1594278-R002,L1594279-R001,L1594280-R001
Ex	17	7	4Q22	1606667	PARTLY_RECONSTRUCTED	27	73	69	59	2	8	62	2	0	1	0	0	0	0	passage_status/DSS-Exodus-Passage-Status.txt	626795	765	1bc4b9746ffc9835b24323463e0efbb6c6b189d2b038df82e405853a8adefe65	L1594280-R002,L1594281-R001,L1594282-R001
Ex	17	8	4Q22	1606667	PARTLY_RECONSTRUCTED	10	29	27	19	2	6	21	2	0	1	0	0	0	0	passage_status/DSS-Exodus-Passage-Status.txt	627560	755	f4d7b96dfeddaf0527da23c9fa5c84b4e684aeeaca19a07c942188f02070201e	L1594282-R002,L1594283-R001
Ex	17	9	4Q22	1606667	PARTLY_RECONSTRUCTED	27	76	72	62	4	6	66	4	0	1	0	0	0	0	passage_status/DSS-Exodus-Passage-Status.txt	628315	771	27cae900ae31104474f0745de27a51d2c055a45fb2d5a218324c1d76e72953f5	L1594283-R002,L1594284-R001,L1594285-R001
Ex	17	10	4Q22	1606667	PARTLY_RECONSTRUCTED	22	57	54	34	5	15	36	5	0	1	0	0	0	0	passage_status/DSS-Exodus-Passage-Status.txt	629086	780	3f793b61d5a12d6ddd56e2ee10753843fb0dcb9f3bfb2a53bd5f5137d340ef1a	L1594285-R002,L1594286-R001,L1594287-R001
Ex	17	11	4Q22	1606667	PARTLY_RECONSTRUCTED	19	51	47	30	1	16	31	1	0	1	0	0	0	0	passage_status/DSS-Exodus-Passage-Status.txt	629866	752	5635b1986c2c00dfdc50e003d191b701bdc1a8472d0b89e750bc884a4a9d0ab6	L1594287-R002,L1594288-R001
Ex	17	12	4Q22	1606667	PARTLY_RECONSTRUCTED	36	98	92	46	7	39	49	7	0	1	0	0	0	0	passage_status/DSS-Exodus-Passage-Status.txt	630618	796	4a3068b2dba9b88a91fa935d38e91eb2e78f1a80fc0191dc62f2fa340887dae6	L1594288-R002,L1594289-R001,L1594290-R001,L1594291-R001
Ex	17	13	4Q22	1606667	PARTLY_RECONSTRUCTED	14	36	32	10	0	16	12	0	0	1	0	7	0	0	passage_status/DSS-Exodus-Passage-Status.txt	631414	736	7e95b4502d83588629da10513f5ff29869e2be6421f716e57dfe5477b9900943	L1594291-R002
Ex	17	14	4Q22	1606667	PARTLY_RECONSTRUCTED	26	73	71	37	2	32	39	2	0	1	0	0	0	0	passage_status/DSS-Exodus-Passage-Status.txt	632150	758	ea57b0c342a0573d1455e110bceb5e9fa9a2487a82c31ada38a64224e45699ff	L1594292-R001,L1594293-R001
Ex	17	15	4Q22	1606667	PARTLY_RECONSTRUCTED	10	30	26	12	0	10	12	0	0	1	0	4	0	0	passage_status/DSS-Exodus-Passage-Status.txt	632908	752	14ec40436c39060d6877f776a9aeb14bad22cabca04cc87e491bfc48493a9902	L1594293-R002,L1594294-R001
Ex	17	16	4Q22	1606667	PARTLY_RECONSTRUCTED	17	41	39	17	1	21	19	1	0	1	0	0	0	0	passage_status/DSS-Exodus-Passage-Status.txt	633660	752	ca8e9c86646fc2bbca219a70c8c08dcebd3f38576136448dea3007516ef84b75	L1594294-R002,L1594295-R001
Ex	18	1	4Q22	1606667	PARTLY_RECONSTRUCTED	26	78	75	40	3	32	41	3	0	1	0	0	0	0	passage_status/DSS-Exodus-Passage-Status.txt	634412	778	87b9a85c2e7f2f1b5cbe3856aa8b9633c0737bb71e5a177807427befc08ee207	L1594295-R002,L1594296-R001,L1594297-R001
Ex	18	2	4Q22	1606667	PARTLY_RECONSTRUCTED	12	40	37	21	1	15	21	1	0	1	0	0	0	0	passage_status/DSS-Exodus-Passage-Status.txt	635190	750	d8e655346b76eb7e1802b89eac48bd2091824595ae915a607a86de1f06780e20	L1594297-R002,L1594298-R001
Ex	18	3	4Q22	1606667	PARTLY_RECONSTRUCTED	17	48	45	27	1	17	30	1	0	1	0	0	0	0	passage_status/DSS-Exodus-Passage-Status.txt	635940	750	8b07f528ebc3cc802f507e1a77eddabde3377a50da970a78a1f2aa1f8958ad01	L1594298-R002,L1594299-R001
Ex	18	4	4Q22	1606667	PARTLY_RECONSTRUCTED	16	47	42	19	2	21	21	2	0	1	0	0	0	0	passage_status/DSS-Exodus-Passage-Status.txt	636690	756	444526bb97a260a616183209045f22607134670ab27ec4ae131f1bedbda375be	L1594299-R002,L1594300-R001
Ex	18	5	4Q22	1606667	PARTLY_RECONSTRUCTED	22	59	55	18	5	32	18	5	0	1	0	0	0	0	passage_status/DSS-Exodus-Passage-Status.txt	637446	762	a6df2caf69958383f71f521d02dfd687b9538fd813dd7820a8376199b920314f	L1594301-R001,L1594302-R001
Ex	18	6	4Q22	1606667	PARTLY_RECONSTRUCTED	16	50	43	14	8	21	16	8	0	1	0	0	0	0	passage_status/DSS-Exodus-Passage-Status.txt	638208	768	b1908d2837ea960c0d09544b001152a9f0dd975721b0eeee615ba03954dd2a8f	L1594302-R002,L1594303-R001
Ex	18	7	4Q22	1606667	PARTLY_RECONSTRUCTED	23	63	57	29	10	18	33	10	0	1	0	0	0	0	passage_status/DSS-Exodus-Passage-Status.txt	638976	770	4632e29e450a55befbbcd5283d602c1ffdb058088dee6437c1b313f9ef2fd56e	L1594303-R002,L1594304-R001
Ex	18	8	4Q22	1606667	PARTLY_RECONSTRUCTED	30	85	80	52	3	25	57	3	0	1	0	0	0	0	passage_status/DSS-Exodus-Passage-Status.txt	639746	766	61efc2a2e1403e2d43f0449e7cd1cace9024d0220f7bd688411ba74342ce911d	L1594305-R001,L1594306-R001,L1594307-R001
Ex	18	9	4Q22	1606667	PARTLY_RECONSTRUCTED	18	53	50	25	5	20	27	5	0	1	0	0	0	0	passage_status/DSS-Exodus-Passage-Status.txt	640512	756	03efa882d6aa7e45e8de29322796145d1c200ab08307e55d2112420d6488c9ea	L1594307-R002,L1594308-R001
Ex	18	10	4Q22	1606667	PARTLY_RECONSTRUCTED	25	72	69	21	9	39	23	9	0	1	0	0	0	0	passage_status/DSS-Exodus-Passage-Status.txt	641268	786	6f813732146abaecc9f610a02d91d5bcf3b15fd642a314718aa13c2de03412ab	L1594308-R002,L1594309-R001,L1594310-R001
Ex	18	11	4Q22	1606667	PARTLY_RECONSTRUCTED	16	47	44	22	2	20	22	2	0	1	0	0	0	0	passage_status/DSS-Exodus-Passage-Status.txt	642054	752	32184f9e92ddfba9d122807a218893c2f83a0092bb94b00ad93f735673120ce6	L1594310-R002,L1594311-R001
Ex	18	12	4Q22	1606667	PARTLY_RECONSTRUCTED	28	80	78	38	8	32	40	8	0	1	0	0	0	0	passage_status/DSS-Exodus-Passage-Status.txt	642806	780	129f82f95ced6a7ddb1bbc232f17cd8527fa89c35f05ef1332b29fb860a87ab8	L1594311-R002,L1594312-R001,L1594313-R001
Ex	18	13	4Q22	1606667	PARTLY_RECONSTRUCTED	23	52	50	23	7	20	25	7	0	1	0	0	0	0	passage_status/DSS-Exodus-Passage-Status.txt	643586	774	fd4e48c1b7bdabe9bc9c58066ba17b62bedce3faf4da623941284adbea7dae9d	L1594313-R002,L1594314-R001,L1594315-R001
Ex	18	14	4Q22	1606667	PARTLY_RECONSTRUCTED	38	93	82	58	5	19	66	7	2	4	0	0	0	0	passage_status/DSS-Exodus-Passage-Status.txt	644360	780	096fa055896576e2e72a3b92f36dcd9fe3a10639cf16c6da288626c96388b8d9	L1594315-R002,L1594316-R001,L1594317-R001
Ex	18	15	4Q22	1606667	PARTLY_RECONSTRUCTED	14	37	33	26	0	7	29	0	0	1	0	0	0	0	passage_status/DSS-Exodus-Passage-Status.txt	645140	746	391a953b133abf5735f2f1f5bd91960c1350ebcbe5c67fb4e10121a290f2312a	L1594317-R002,L1594318-R001
Ex	18	16	4Q22	1606667	PARTLY_RECONSTRUCTED	24	74	67	37	5	25	42	5	0	2	0	0	0	0	passage_status/DSS-Exodus-Passage-Status.txt	645886	780	affc79ec0336a2c81711cbaeaacd5a6986dd0d8f0d407c49844fd783a74e97a0	L1594318-R002,L1594319-R001,L1594320-R001
Ex	18	17	4Q22	1606667	PARTLY_RECONSTRUCTED	13	36	33	24	3	6	26	3	0	1	0	0	0	0	passage_status/DSS-Exodus-Passage-Status.txt	646666	757	a47171f35da126ce77d81506afc37a7690d7d5e468276d22563ae6f4cbc36e28	L1594320-R002,L1594321-R001
Ex	18	18	4Q22	1606667	PARTLY_RECONSTRUCTED	22	57	51	46	0	5	51	0	0	1	0	0	0	0	passage_status/DSS-Exodus-Passage-Status.txt	647423	762	cea88bb20a0475abad6eaa10a60f46dc7622f05fa684b5d48d961e5705fe4582	L1594321-R002,L1594322-R001,L1594323-R001
Ex	18	19	4Q22	1606667	ALL_LETTER_SLOTS_RECONSTRUCTED	22	62	51	51	0	0	61	1	2	4	0	0	0	0	passage_status/DSS-Exodus-Passage-Status.txt	648185	756	c20593f1b3a167827afcaa3acc1fe1f79a047eea5346d0e698d57fd96946554f	L1594323-R002,L1594324-R001
Ex	18	20	4Q22	1606667	PARTLY_RECONSTRUCTED	26	72	66	58	2	6	64	2	0	1	0	0	0	0	passage_status/DSS-Exodus-Passage-Status.txt	648941	751	f300e55299b553e72f4e39b96787ed20b3ad72a6a940bb81b08752a13b92b966	L1594325-R001,L1594326-R001
Ex	18	21	4Q22	1606667	PARTLY_RECONSTRUCTED	30	90	87	55	8	24	58	8	0	1	0	0	0	0	passage_status/DSS-Exodus-Passage-Status.txt	649692	802	fb3f8270eeb5392594b7f1b9c78d99d2ca726d601537ed30ef7b254d3c60eff4	L1594326-R002,L1594327-R001,L1594328-R001,L1594329-R001
Ex	18	22	4Q22	1606667	PARTLY_RECONSTRUCTED	33	79	74	52	6	16	57	6	0	1	0	0	0	0	passage_status/DSS-Exodus-Passage-Status.txt	650494	780	580ef3e4557c1501cc3662fd3d7fd41e757467f5ad14fc4caf3e542a5f77ae22	L1594329-R002,L1594330-R001,L1594331-R001
Ex	18	23	4Q22	1606667	PARTLY_RECONSTRUCTED	26	63	59	46	7	6	50	7	0	1	0	0	0	0	passage_status/DSS-Exodus-Passage-Status.txt	651274	763	15730fa7f2d50d419fa6f4a4463a20c45e751127eb9798f9088ffd090f46e50e	L1594331-R002,L1594332-R001
Ex	18	24	4Q22	1606667	PARTLY_RECONSTRUCTED	12	31	28	22	1	5	24	1	0	1	0	0	0	0	passage_status/DSS-Exodus-Passage-Status.txt	652037	751	bcbd571994793370ffcc7ddfa27e858f3555a1118ae47a0fbd498ec4c90519dc	L1594332-R002,L1594333-R001
Ex	18	25	4Q22	1606667	PARTLY_RECONSTRUCTED	131	423	376	243	52	82	267	53	2	11	0	0	0	0	passage_status/DSS-Exodus-Passage-Status.txt	652788	940	0b1d03996c7a70e7389942a4a31b67bbbbaac343ba830dff0a476f4fcd58c712	L1594333-R002,L1594334-R001,L1594335-R001,L1594336-R001,L1594337-R001,L1594338-R001,L1594339-R001,L1594340-R001,L1594341-R001,L1594342-R001,L1594343-R001,L1594344-R001
Ex	18	26	4Q22	1606667	PARTLY_RECONSTRUCTED	13	28	20	15	1	4	20	2	2	4	0	0	0	0	passage_status/DSS-Exodus-Passage-Status.txt	653728	751	b9c2c0ecf7d72fb893c0d6511cb24bdb5d7e015993690467c6303af0f55e28e7	L1594345-R001,L1594346-R001
Ex	18	27	4Q22	1606667	PARTLY_RECONSTRUCTED	10	28	24	18	2	4	22	2	0	1	0	0	0	0	passage_status/DSS-Exodus-Passage-Status.txt	654479	757	4cd0d25fc08e4eded055365e2db2c78ead4db57bd99e9c3a606211a9a4e574b8	L1594346-R002,L1594347-R001
Ex	19	1	4Q22	1606667	PARTLY_RECONSTRUCTED	14	37	35	32	1	2	32	1	0	1	0	0	0	0	passage_status/DSS-Exodus-Passage-Status.txt	655236	733	a14441e249c33b136fb3b36e913323fb4c1a4555a368d14a7b5e4848e791d4e6	L1594348-R001
Ex	19	7	4Q22	1606667	PARTLY_RECONSTRUCTED	15	41	35	32	1	2	38	1	1	2	0	0	0	0	passage_status/DSS-Exodus-Passage-Status.txt	655969	749	6b39b16b7b73af50c50f8c15bfd80bc07f4f8aa9c5c6bc0d55d8009224897fb9	L1594349-R001,L1594350-R001
Ex	19	8	4Q22	1606667	PARTLY_RECONSTRUCTED	23	60	58	54	2	2	54	2	0	1	0	0	0	0	passage_status/DSS-Exodus-Passage-Status.txt	656718	755	1cd7c661fb5c9138765f1d4cba801fc4201e8166735b2f79a6c5871869b84e1a	L1594350-R002,L1594351-R001
Ex	19	9	4Q22	1606667	PARTLY_RECONSTRUCTED	37	99	93	84	2	7	90	2	0	1	0	0	0	0	passage_status/DSS-Exodus-Passage-Status.txt	657473	787	8182266deb6fb1dec908fe38dfdd9e15a6df79a836a99705fcfed5f03472307d	L1594351-R002,L1594352-R001,L1594353-R001,L1594354-R001
Ex	19	10	4Q22	1606667	PARTLY_RECONSTRUCTED	19	49	45	41	0	4	45	0	0	1	0	0	0	0	passage_status/DSS-Exodus-Passage-Status.txt	658260	746	6b544422e15c8cd46adfa2e36e6ec0b9f089bc30e8be9177a9eaaa29c5d20243	L1594354-R002,L1594355-R001
Ex	19	11	4Q22	1606667	PARTLY_RECONSTRUCTED	24	60	52	41	3	8	48	4	2	4	0	0	0	0	passage_status/DSS-Exodus-Passage-Status.txt	659006	773	af2863a79065e0365511c111d7af103e24c6d3ddb703bf99ad1e98f5f3ebf6a0	L1594355-R002,L1594356-R001,L1594357-R001
Ex	19	12	4Q22	1606667	PARTLY_RECONSTRUCTED	25	64	60	36	3	21	40	3	0	1	0	0	0	0	passage_status/DSS-Exodus-Passage-Status.txt	659779	752	b14f33670fffb2fd31d7e1fc1651c1a92e95676f0d8cb5817efdfa0f37b40418	L1594357-R002,L1594358-R001
Ex	19	13	4Q22	1606667	PARTLY_RECONSTRUCTED	25	66	63	50	2	11	52	2	0	1	0	0	0	0	passage_status/DSS-Exodus-Passage-Status.txt	660531	758	694d5d655587789144f3798a2c5df983ac45cc481b57262c8b14b9f63e6317f9	L1594359-R001,L1594360-R001
Ex	19	14	4Q22	1606667	PARTLY_RECONSTRUCTED	18	41	38	26	3	9	28	3	0	1	0	0	0	0	passage_status/DSS-Exodus-Passage-Status.txt	661289	757	fd0aed8f332308154959ce9ed72a2c3f19fcd4c5e2727eae553f72533c04e381	L1594360-R002,L1594361-R001
Ex	19	15	4Q22	1606667	PARTLY_RECONSTRUCTED	15	40	38	26	3	9	28	3	0	1	0	0	0	0	passage_status/DSS-Exodus-Passage-Status.txt	662046	763	9cc60bcb21bba1f32ebe8ef3ca2689b022ea1e6973598b536a887eb88f62e408	L1594361-R002,L1594362-R001
Ex	19	16	4Q22	1606667	PARTLY_RECONSTRUCTED	35	81	79	65	7	7	67	7	0	1	0	0	0	0	passage_status/DSS-Exodus-Passage-Status.txt	662809	779	e0dc5dfcebbe1b174ffc77867082eb0e0330dd069b8c004b5737361474139814	L1594362-R002,L1594363-R001,L1594364-R001
Ex	19	17	4Q22	1606667	PARTLY_RECONSTRUCTED	20	49	47	41	1	5	43	1	0	1	0	0	0	0	passage_status/DSS-Exodus-Passage-Status.txt	663588	751	3ace2c2ae807f0bc6df37167709cc96e221db1a10281301f38e99824394b245b	L1594364-R002,L1594365-R001
Ex	19	23	4Q22	1606667	PARTLY_RECONSTRUCTED	18	49	45	33	3	10	36	3	0	1	0	0	0	0	passage_status/DSS-Exodus-Passage-Status.txt	664339	764	041061bd98e45dda4c2e6f9bcb539462c14e63a8eea250181f8ee5a54dc6f376	L1594366-R001,L1594367-R001
Ex	19	24	4Q22	1606667	PARTLY_RECONSTRUCTED	28	75	70	49	7	14	50	7	0	1	0	0	0	0	passage_status/DSS-Exodus-Passage-Status.txt	665103	780	220d11dd2974cda66917a9e38f35fcd190b2dec35da588a5e696cb0130bbbab1	L1594367-R002,L1594368-R001,L1594369-R001
Ex	19	25	4Q22	1606667	PARTLY_RECONSTRUCTED	10	26	23	13	0	10	16	0	0	1	0	0	0	0	passage_status/DSS-Exodus-Passage-Status.txt	665883	731	c43bbbdbf985b4ec2a556f5cc250dcd8f1756cc20cd94fd7a38ebf5cbc067870	L1594369-R002
Ex	20	1	4Q22	1606667	PARTLY_RECONSTRUCTED	12	30	28	17	1	10	19	1	0	1	0	0	0	0	passage_status/DSS-Exodus-Passage-Status.txt	666614	750	56dfe4df51fb8597e3b3fc249fececbc27f39cb11f0d68ec3f22e32702fc5965	L1594369-R003,L1594370-R001
Ex	20	18	4Q22	1606667	PARTLY_RECONSTRUCTED	12	26	22	19	1	2	23	1	1	2	0	0	0	0	passage_status/DSS-Exodus-Passage-Status.txt	667364	751	56a3cfcb9fcf7e6b9bb1dd3d31225a5603565bc8f9e4ed619afc6091b105fb98	L1594371-R001,L1594372-R001
Ex	20	19	4Q22	1606667	PARTLY_RECONSTRUCTED	96	277	259	231	5	23	244	5	0	4	0	0	0	0	passage_status/DSS-Exodus-Passage-Status.txt	668115	870	c104adc845a27c3a1df234fe0cba97722f97be32a5f771a101747c2d56f484eb	L1594372-R002,L1594373-R001,L1594374-R001,L1594375-R001,L1594376-R001,L1594377-R001,L1594378-R001,L1594379-R001
Ex	21	5	4Q22	1606667	PARTLY_RECONSTRUCTED	12	38	33	25	4	4	29	4	0	1	0	0	0	0	passage_status/DSS-Exodus-Passage-Status.txt	668985	739	7ff78e123449367fec7ce06501c0f4a4fbe970382b54ec8cc97b033a86f65868	L1594380-R001
Ex	21	6	4Q22	1606667	PARTLY_RECONSTRUCTED	27	79	71	33	2	36	36	2	0	1	0	0	0	0	passage_status/DSS-Exodus-Passage-Status.txt	669724	750	3ec764473a4606c76130823b846ef1332d5aba56c54d3b8795444dc2e5317924	L1594381-R001,L1594382-R001
Ex	21	13	4Q22	1606667	PARTLY_RECONSTRUCTED	11	31	27	21	2	4	23	2	0	1	0	0	0	0	passage_status/DSS-Exodus-Passage-Status.txt	670474	741	2e3cffaad86bdffbfef0db20335752649901da4c0b8dd4ff1943808553b7d449	L1594383-R001
Ex	21	14	4Q22	1606667	PARTLY_RECONSTRUCTED	18	50	42	34	0	8	41	0	1	2	0	0	0	0	passage_status/DSS-Exodus-Passage-Status.txt	671215	746	fd5f588d02bf65f52ff4abec5d80a31b3bf2de76b94b01a35c05a38b10ad35c3	L1594383-R002,L1594384-R001
Ex	21	22	4Q22	1606667	PARTLY_RECONSTRUCTED	22	66	62	53	2	7	57	2	0	1	0	0	0	0	passage_status/DSS-Exodus-Passage-Status.txt	671961	757	2ce97ed7c561343d0ba30f5949859c932173aad7e812d25b815429a92e0b5af8	L1594385-R001,L1594386-R001
Ex	21	23	4Q22	1606667	ALL_LETTER_SLOTS_RECONSTRUCTED	10	27	25	25	0	0	27	0	0	1	0	0	0	0	passage_status/DSS-Exodus-Passage-Status.txt	672718	756	73d3652ed145ce14030fbedd5063449fb5d9cb87676d8d0d4d326f051a80e915	L1594386-R002,L1594387-R001
Ex	21	24	4Q22	1606667	PARTLY_RECONSTRUCTED	13	34	32	27	0	5	29	0	0	1	0	0	0	0	passage_status/DSS-Exodus-Passage-Status.txt	673474	730	e6b2b6ec35c84921d6e8434d2a1f77a7e6140a4a8ef12512c1c5e87282bdaff0	L1594387-R002
Ex	21	25	4Q22	1606667	PARTLY_RECONSTRUCTED	10	35	33	27	1	5	29	1	0	1	0	0	0	0	passage_status/DSS-Exodus-Passage-Status.txt	674204	735	d02986a2a585e90aa5b7cec6e04f8ab315486f056bf0bd0211f449b14562eda8	L1594388-R001
Ex	21	26	4Q22	1606667	PARTLY_RECONSTRUCTED	19	60	52	44	7	1	51	7	0	2	0	0	0	0	passage_status/DSS-Exodus-Passage-Status.txt	674939	763	182f595ab43916b9d671bd74ef91eebb98c78f5143f7121a87113d74c9a9b3d4	L1594389-R001,L1594390-R001
Ex	21	27	4Q22	1606667	PARTLY_RECONSTRUCTED	14	44	38	29	0	9	35	0	0	1	0	0	0	0	passage_status/DSS-Exodus-Passage-Status.txt	675702	746	f9c54548426f64e1a8071a9d946d52aa390788698f1f61f73dec4cbbd151cf8a	L1594390-R002,L1594391-R001
Ex	21	28	4Q22	1606667	PARTLY_RECONSTRUCTED	26	63	60	56	3	1	59	3	0	1	0	0	0	0	passage_status/DSS-Exodus-Passage-Status.txt	676448	773	807e663f70fc90f9855fe4523a5404bb01d11cd4d3dee1f3c204976de03e02b4	L1594391-R002,L1594392-R001,L1594393-R001
Ex	21	29	4Q22	1606667	PARTLY_RECONSTRUCTED	28	78	73	64	1	8	69	1	0	1	0	0	0	0	passage_status/DSS-Exodus-Passage-Status.txt	677221	767	aa14998a02a8ec6c53e5ab37acbffcfd3dfe02733be6b23ba603b608d70b8365	L1594393-R002,L1594394-R001,L1594395-R001
Ex	21	30	4Q22	1606667	PARTLY_RECONSTRUCTED	14	45	40	30	5	5	34	5	0	1	0	0	0	0	passage_status/DSS-Exodus-Passage-Status.txt	677988	779	ca1755f04e10e0a2249b5fa30710dea7fda37f66b86280b5254f6e3a0ed9a7e3	L1594395-R002,L1594396-R001,L1594397-R001
Ex	21	31	4Q22	1606667	PARTLY_RECONSTRUCTED	13	31	28	21	3	4	24	3	0	1	0	0	0	0	passage_status/DSS-Exodus-Passage-Status.txt	678767	751	1770d447b642a229dc2c7a964daed043f46a6e2dbfdf892eeee6f7dfbb21c2b2	L1594397-R002,L1594398-R001
Ex	21	32	4Q22	1606667	PARTLY_RECONSTRUCTED	12	35	33	29	3	1	29	3	0	1	0	0	0	0	passage_status/DSS-Exodus-Passage-Status.txt	679518	735	17e97203caf37c854c8591ae05c5f78f96263951e0de48c86a9850fe52d20f8a	L1594398-R002
Ex	22	3	4Q22	1606667	PARTLY_RECONSTRUCTED	15	41	33	28	1	4	33	2	2	4	0	0	0	0	passage_status/DSS-Exodus-Passage-Status.txt	680253	749	3b1475dc0556158990b40fd53f2410749246eb64d19b1ef48f5962c18cd81cb1	L1594399-R001,L1594400-R001
Ex	22	4	4Q22	1606667	PARTLY_RECONSTRUCTED	29	78	73	65	2	6	68	2	0	1	0	0	0	0	passage_status/DSS-Exodus-Passage-Status.txt	681002	755	31d1d9486939624cce2e6e66b9a9b97731c03a6c8e6dce35f709cdc9b9e62b55	L1594401-R001,L1594402-R001
Ex	22	6	4Q22	1606667	PARTLY_RECONSTRUCTED	18	46	44	38	1	5	40	1	0	1	0	0	0	0	passage_status/DSS-Exodus-Passage-Status.txt	681757	749	36f4cd5b7c4c444e3707cc0a3bf254072a980c4d2459b3322feefb0d934f45b8	L1594403-R001,L1594404-R001
Ex	22	7	4Q22	1606667	PARTLY_RECONSTRUCTED	22	58	52	45	4	3	50	4	1	2	0	0	0	0	passage_status/DSS-Exodus-Passage-Status.txt	682506	755	297b9fae69aa630b421976a9e7ed9c3ba8197fef487bb4fb49b42f1ec43fa563	L1594404-R002,L1594405-R001
Ex	22	11	4Q22	1606667	PARTLY_RECONSTRUCTED	11	30	24	23	1	0	29	1	1	2	0	0	0	0	passage_status/DSS-Exodus-Passage-Status.txt	683261	735	b7e1a8e1297af396def1f482e7f476ae3bd8494c4eb7b47c074be8bf654928e3	L1594406-R001
Ex	22	12	4Q22	1606667	PARTLY_RECONSTRUCTED	10	30	27	24	0	3	27	0	0	1	0	0	0	0	passage_status/DSS-Exodus-Passage-Status.txt	683996	746	1693c1b7bbdfe06d745c417c09891d99f10f26bf918a047d8faceaff065683dc	L1594406-R002,L1594407-R001
Ex	22	13	4Q22	1606667	PARTLY_RECONSTRUCTED	18	51	44	41	1	2	48	1	1	2	0	0	0	0	passage_status/DSS-Exodus-Passage-Status.txt	684742	751	a559b0f4e5b55bd7894abd50b6366ef2870042a69d86c325647fff565d850017	L1594407-R002,L1594408-R001
Ex	22	15	4Q22	1606667	NO_LETTER_SLOTS	4	8	0	0	0	0	7	1	2	4	0	0	0	0	passage_status/DSS-Exodus-Passage-Status.txt	685493	720	28482063225a054f30b69216c024930575b9213b0a6b379dff5d268f454f4295	L1594409-R001
Ex	22	16	4Q22	1606667	PARTLY_RECONSTRUCTED	14	41	36	31	0	5	36	0	0	1	0	0	0	0	passage_status/DSS-Exodus-Passage-Status.txt	686213	746	d3526ce58a8d16ac9d07d8f06f1b6febcb882f28aaec9b1ba5caed7f443d0f8b	L1594409-R002,L1594410-R001
Ex	22	17	4Q22	1606667	ALL_LETTER_SLOTS_RECONSTRUCTED	4	13	11	11	0	0	13	0	0	1	0	0	0	0	passage_status/DSS-Exodus-Passage-Status.txt	686959	739	ceba835f4fe4ae256a75b5278d2b72ffc2b3b6aa1875c15c698af6be1c32feb7	L1594410-R002
Ex	22	18	4Q22	1606667	PARTLY_RECONSTRUCTED	7	20	18	13	2	3	15	2	0	1	0	0	0	0	passage_status/DSS-Exodus-Passage-Status.txt	687698	740	1a0088108e7f0cb790b4e8d6e0e1a5af5c805a7fece229d246de8422b6f17dcd	L1594411-R001
Ex	22	19	4Q22	1606667	PARTLY_RECONSTRUCTED	9	23	10	9	0	1	17	3	3	6	0	0	0	0	passage_status/DSS-Exodus-Passage-Status.txt	688438	744	e15c4d3c5ee546d1fa1bfb0e129f89d9c098948237ba411dac0a6cc81b485c63	L1594411-R002,L1594412-R001
Ex	22	20	4Q22	1606667	PARTLY_RECONSTRUCTED	4	11	9	3	1	5	5	1	0	1	0	0	0	0	passage_status/DSS-Exodus-Passage-Status.txt	689182	731	e8051eb1cda82e69a83d9affc6c04dd38026d1da1fe7f2f78b6557ea678fc36f	L1594413-R001
Ex	22	21	4Q22	1606667	ALL_LETTER_SLOTS_RECONSTRUCTED	7	22	19	19	0	0	22	0	0	1	0	0	0	0	passage_status/DSS-Exodus-Passage-Status.txt	689913	739	482676c68199dac641e95cc3597663c31cb765a3895bea9a333eca7731a1b38d	L1594413-R002
Ex	22	22	4Q22	1606667	PARTLY_RECONSTRUCTED	13	44	39	28	2	9	33	2	0	1	0	0	0	0	passage_status/DSS-Exodus-Passage-Status.txt	690652	757	c577a8000fa178e917c086db941a4a334822b637fef90053174be930289833fb	L1594413-R003,L1594414-R001
Ex	22	23	4Q22	1606667	PARTLY_RECONSTRUCTED	16	53	47	27	5	15	32	5	0	1	0	0	0	0	passage_status/DSS-Exodus-Passage-Status.txt	691409	764	36cc9d17a30c9aeb5dc03f290530d1f1bd5eba6597346d15f23979e0dcfe024a	L1594414-R002,L1594415-R001
Ex	22	24	4Q22	1606667	PARTLY_RECONSTRUCTED	18	57	50	17	7	26	22	7	0	1	0	0	0	0	passage_status/DSS-Exodus-Passage-Status.txt	692173	764	7e4359b733f84ad3cf8060342769d65410f7a1f600722a3a253e7b0c36fdf0c8	L1594416-R001,L1594417-R001
Ex	22	25	4Q22	1606667	PARTLY_RECONSTRUCTED	12	38	33	14	6	13	15	6	0	1	0	0	0	0	passage_status/DSS-Exodus-Passage-Status.txt	692937	758	6ed4bca961dcfaca7d500650e84790945fa508c9f4c73834d744242ca5f7be41	L1594417-R002,L1594418-R001
Ex	22	26	4Q22	1606667	PARTLY_RECONSTRUCTED	23	69	62	29	7	26	31	7	0	1	0	0	0	0	passage_status/DSS-Exodus-Passage-Status.txt	693695	770	76d52536972c2166519e17897c844890077ef535d11c33f0cd7cdd9955e94951	L1594418-R002,L1594419-R001
Ex	22	27	4Q22	1606667	PARTLY_RECONSTRUCTED	10	28	25	11	1	13	13	1	0	1	0	0	0	0	passage_status/DSS-Exodus-Passage-Status.txt	694465	752	e47309760f1c93a9edc8b5c3cf9786bc53e3fc879c59feee44ad0c2ce1c431ae	L1594419-R002,L1594420-R001
Ex	22	28	4Q22	1606667	PARTLY_RECONSTRUCTED	10	35	29	16	4	9	21	4	0	1	0	0	0	0	passage_status/DSS-Exodus-Passage-Status.txt	695217	741	ae42237c0471ce8494c4242ea71fcd432643da2bf3dda8a3b575c0d5d86a6e2d	L1594420-R002
Ex	22	29	4Q22	1606667	PARTLY_RECONSTRUCTED	18	56	49	28	6	15	34	6	0	1	0	0	0	0	passage_status/DSS-Exodus-Passage-Status.txt	695958	770	25a59859fe2a202c9e825c1ab6b81dd86943281fde93ca5198cf349b885fbc58	L1594421-R001,L1594422-R001
Ex	22	30	4Q22	1606667	PARTLY_RECONSTRUCTED	18	55	47	46	0	1	54	0	1	2	0	0	0	0	passage_status/DSS-Exodus-Passage-Status.txt	696728	746	5318f86d38febb23358b4564e1f007137b3fd9acb338569e67a9d186d0eb89a5	L1594422-R002,L1594423-R001
Ex	23	14	4Q22	1606667	NO_LETTER_SLOTS	4	8	0	0	0	0	7	1	2	4	0	0	0	0	passage_status/DSS-Exodus-Passage-Status.txt	697474	736	8f283986feafdf883723234c336cde2daa0477f8c2032dd93398d8769aaf5478	L1594424-R001,L1594425-R001
Ex	23	15	4Q22	1606667	PARTLY_RECONSTRUCTED	28	84	79	73	2	4	78	2	0	1	0	0	0	0	passage_status/DSS-Exodus-Passage-Status.txt	698210	767	d248dfd970b80300af124495dc5312b1f4efa4fde3851ad29e0b6d6f7c76f0ab	L1594425-R002,L1594426-R001,L1594427-R001
Ex	23	16	4Q22	1606667	PARTLY_RECONSTRUCTED	7	21	18	14	0	4	14	0	0	1	0	0	0	0	passage_status/DSS-Exodus-Passage-Status.txt	698977	729	b17c2f083837fddcb225cad10a33aa6189d2b4cd832dbb94e690ba731869a640	L1594427-R002
Ex	23	29	4Q22	1606667	PARTLY_RECONSTRUCTED	18	52	47	42	3	2	44	3	0	1	0	0	0	0	passage_status/DSS-Exodus-Passage-Status.txt	699706	763	7cf9196efcf6a4b210fb8f17401682da65cb2c1a52abd8806eb2b753e60bf270	L1594428-R001,L1594429-R001
Ex	23	30	4Q22	1606667	PARTLY_RECONSTRUCTED	14	41	37	34	1	2	38	1	0	1	0	0	0	0	passage_status/DSS-Exodus-Passage-Status.txt	700469	735	0ecc60159257e2dfb0ca52de022ed258e0a7bf3fc35de8e52ce9a755004dcf94	L1594429-R002
Ex	23	31	4Q22	1606667	PARTLY_RECONSTRUCTED	32	82	72	62	2	8	71	2	2	3	0	0	0	0	passage_status/DSS-Exodus-Passage-Status.txt	701204	773	355b180fde474f7de968cbe5562b94442ccc0a962ee66c7b23ca291cd100702a	L1594430-R001,L1594431-R001,L1594432-R001
Ex	24	1	4Q22	1606667	PARTLY_RECONSTRUCTED	27	80	76	71	3	2	75	3	1	2	0	0	0	0	passage_status/DSS-Exodus-Passage-Status.txt	701977	771	859cecef96fcaadd0d730ea8e394d1f305dd82ee70418b72b4ad93c001cee551	L1594433-R001,L1594434-R001,L1594435-R001
Ex	24	2	4Q22	1606667	PARTLY_RECONSTRUCTED	18	43	39	35	0	4	38	0	0	1	0	0	0	0	passage_status/DSS-Exodus-Passage-Status.txt	702748	744	6c503d6728210e64bf028d0c8f40e3b6983d6a9d1bde66adc9d5dff558edfb2e	L1594435-R002,L1594436-R001
Ex	24	3	4Q22	1606667	PARTLY_RECONSTRUCTED	33	84	82	73	5	4	75	5	0	1	0	0	0	0	passage_status/DSS-Exodus-Passage-Status.txt	703492	777	0aa3a1f5595ba337e3438cddf55aac243e82940a8c1fe11a8d91b4c22fd0d46a	L1594436-R002,L1594437-R001,L1594438-R001
Ex	24	4	4Q22	1606667	PARTLY_RECONSTRUCTED	27	75	73	70	2	1	72	2	0	1	0	0	0	0	passage_status/DSS-Exodus-Passage-Status.txt	704269	771	5130508d5b5dda057ab670dd5a427d353512c6074d4a03baae5dc8d34bccd30d	L1594438-R002,L1594439-R001,L1594440-R001
Ex	24	5	4Q22	1606667	NO_LETTER_SLOTS	3	6	0	0	0	0	6	0	2	3	0	0	0	0	passage_status/DSS-Exodus-Passage-Status.txt	705040	734	262a1eb7cda831a6171274f6b99406b82c568a5e00c909ba048414707f3ee3df	L1594440-R002,L1594441-R001
Ex	24	6	4Q22	1606667	PARTLY_RECONSTRUCTED	19	41	39	36	2	1	38	2	0	1	0	0	0	0	passage_status/DSS-Exodus-Passage-Status.txt	705774	749	56378bf0666a7f8518bdb1bb12cb0c0c9c7d90fa19103cb8b57d28ca8ae58a93	L1594441-R002,L1594442-R001
Ex	24	7	4Q22	1606667	PARTLY_RECONSTRUCTED	21	54	52	43	2	7	45	2	0	1	0	0	0	0	passage_status/DSS-Exodus-Passage-Status.txt	706523	771	882b1bb7fb3bf1bb12d2e85023304adc40538a6334e3b6887f76e563dc99fafe	L1594442-R002,L1594443-R001,L1594444-R001
Ex	24	8	4Q22	1606667	PARTLY_RECONSTRUCTED	28	68	65	56	0	9	57	0	0	1	0	0	0	0	passage_status/DSS-Exodus-Passage-Status.txt	707294	744	33dcc644c795a9c6d9876f3acfb3d39b0427b2f12d2e61e3570ccc00b21cedc4	L1594444-R002,L1594445-R001
Ex	24	9	4Q22	1606667	PARTLY_RECONSTRUCTED	17	52	50	38	1	11	40	1	0	1	0	0	0	0	passage_status/DSS-Exodus-Passage-Status.txt	708038	750	d7b641c118edc92a75dcd3b3fc332fbcffabe4d0e624a2c022d7d28340483d28	L1594446-R001,L1594447-R001
Ex	24	10	4Q22	1606667	PARTLY_RECONSTRUCTED	21	56	53	45	1	7	48	1	0	1	0	0	0	0	passage_status/DSS-Exodus-Passage-Status.txt	708788	751	157ccad4429e71afe3865be04108be150d6e3a861beef557ac46e019311aec1c	L1594447-R002,L1594448-R001
Ex	24	11	4Q22	1606667	PARTLY_RECONSTRUCTED	11	32	29	26	0	3	27	0	0	1	0	0	0	0	passage_status/DSS-Exodus-Passage-Status.txt	709539	730	d99f6f7ae0ec4d2b95cbad76861eb85e0f0ac55e3a961f0a4482568080b5d66e	L1594448-R002
Ex	25	11	4Q22	1606667	PARTLY_RECONSTRUCTED	19	54	47	42	1	4	49	1	1	2	0	0	0	0	passage_status/DSS-Exodus-Passage-Status.txt	710269	751	7de812d6f098e0b9a81de3b609678a6e2704f896950c0220953e97e9af81142f	L1594449-R001,L1594450-R001
Ex	25	12	4Q22	1606667	PARTLY_RECONSTRUCTED	15	46	36	31	2	3	38	3	2	4	0	0	0	0	passage_status/DSS-Exodus-Passage-Status.txt	711020	757	86d064831985bf857f2aa3b47f37e6bb9da78a1b587686f8344efd7b873ad307	L1594450-R002,L1594451-R001
Ex	25	20	4Q22	1606667	PARTLY_RECONSTRUCTED	27	82	77	73	4	0	78	4	0	1	0	0	0	0	passage_status/DSS-Exodus-Passage-Status.txt	711777	751	a470625516198d309779d2516cdc3c18d1ee02f0164cc3cd4e0baaa725cfb13c	L1594452-R001,L1594453-R001
Ex	25	21	4Q22	1606667	PARTLY_RECONSTRUCTED	23	54	50	42	2	6	46	2	0	1	0	0	0	0	passage_status/DSS-Exodus-Passage-Status.txt	712528	757	6dddc18681dd9b1c8dd2bee3c088853374fbded05660de05f055c574269ed2c3	L1594453-R002,L1594454-R001
Ex	25	22	4Q22	1606667	PARTLY_RECONSTRUCTED	30	83	78	55	4	19	58	4	0	1	0	0	0	0	passage_status/DSS-Exodus-Passage-Status.txt	713285	774	2df3a281a16534e3df21f3e9dd75fd517f6df28724a60649059bad3bb679b3a6	L1594454-R002,L1594455-R001,L1594456-R001
Ex	25	23	4Q22	1606667	PARTLY_RECONSTRUCTED	16	50	45	32	1	12	37	1	0	1	0	0	0	0	passage_status/DSS-Exodus-Passage-Status.txt	714059	752	102fc5aa7fa91eeec1dcf36142e4e5e1502e7dfeb7a62ff0eca5c47626d4afbd	L1594456-R002,L1594457-R001
Ex	25	24	4Q22	1606667	PARTLY_RECONSTRUCTED	12	36	32	18	1	13	21	1	0	1	0	0	0	0	passage_status/DSS-Exodus-Passage-Status.txt	714811	752	2dd1ce363c7d02be5335f4e5952944b3b43f1c78c2bb580e17052bd279519433	L1594457-R002,L1594458-R001
Ex	25	25	4Q22	1606667	PARTLY_RECONSTRUCTED	14	44	40	28	0	12	32	0	0	1	0	0	0	0	passage_status/DSS-Exodus-Passage-Status.txt	715563	747	e122018266929fc6f8cc5b0191e5a27db98c32ac2ec593929649a482c2807fbf	L1594458-R002,L1594459-R001
Ex	25	26	4Q22	1606667	PARTLY_RECONSTRUCTED	20	58	54	43	1	10	47	1	0	1	0	0	0	0	passage_status/DSS-Exodus-Passage-Status.txt	716310	752	cb0da737f6a3d550190c4614da8713aac4a31c7e39b17e99aa4328f8c204e1ab	L1594459-R002,L1594460-R001
Ex	25	27	4Q22	1606667	PARTLY_RECONSTRUCTED	17	44	42	29	2	11	31	2	0	1	0	0	0	0	passage_status/DSS-Exodus-Passage-Status.txt	717062	758	c8cc48c9698fae4389ddb2fa200f09ce0d7e777b63e3bca5aad70308c14c8eea	L1594460-R002,L1594461-R001
Ex	25	28	4Q22	1606667	PARTLY_RECONSTRUCTED	18	47	43	33	3	7	37	3	0	1	0	0	0	0	passage_status/DSS-Exodus-Passage-Status.txt	717820	757	3868e5b872c68f1a81ef93117d836905bb7e857b887e6e11c99718435c73eeb8	L1594461-R002,L1594462-R001
Ex	25	29	4Q22	1606667	PARTLY_RECONSTRUCTED	18	65	55	47	7	1	56	7	1	2	0	0	0	0	passage_status/DSS-Exodus-Passage-Status.txt	718577	769	750067b7d1404a253a2e8022ca33bc9ab08dfd1ba49ce90f16198d86755cfc86	L1594463-R001,L1594464-R001
Ex	25	31	4Q22	1606667	PARTLY_RECONSTRUCTED	19	72	64	61	1	2	68	1	0	1	0	0	0	0	passage_status/DSS-Exodus-Passage-Status.txt	719346	751	ab9dbdd52980f44f14454642526cf4db1a77260d4be20b1c8c4c88c28ab435a1	L1594465-R001,L1594466-R001
Ex	25	32	4Q22	1606667	PARTLY_RECONSTRUCTED	22	64	59	46	2	11	50	2	0	1	0	0	0	0	passage_status/DSS-Exodus-Passage-Status.txt	720097	774	4a8169914f4f6a6dd757167ec1564d9edc78643d4e27b5de9315c59b3fd93a58	L1594466-R002,L1594467-R001,L1594468-R001
Ex	25	33	4Q22	1606667	PARTLY_RECONSTRUCTED	32	89	87	79	3	5	81	3	0	1	0	0	0	0	passage_status/DSS-Exodus-Passage-Status.txt	720871	767	a7521b48feaab03a61c2ad44e20eda855a0758e35151449d5eaf36ef6a6ccc28	L1594468-R002,L1594469-R001,L1594470-R001
Ex	25	34	4Q22	1606667	PARTLY_RECONSTRUCTED	6	19	17	12	1	4	12	1	0	1	0	0	0	0	passage_status/DSS-Exodus-Passage-Status.txt	721638	734	1d548411fc60000ff212b551b0baab9eb8b70974d85a998cd92570f2e6925ede	L1594470-R002
Ex	26	8	4Q22	1606667	PARTLY_RECONSTRUCTED	5	17	15	6	0	9	6	0	0	1	0	0	0	0	passage_status/DSS-Exodus-Passage-Status.txt	722372	725	e2c9d1a75d0dbfcccf961694d5a9e4b6f14716735a688e4ac9dd307edc4d4a17	L1594471-R001
Ex	26	9	4Q22	1606667	PARTLY_RECONSTRUCTED	28	65	63	51	1	11	53	1	0	1	0	0	0	0	passage_status/DSS-Exodus-Passage-Status.txt	723097	750	a8a86c1933b87b57f45559486c2c7744b1aa3a96d006103c92415ca62a010fd4	L1594471-R002,L1594472-R001
Ex	26	10	4Q22	1606667	PARTLY_RECONSTRUCTED	26	75	73	51	2	20	53	2	0	1	0	0	0	0	passage_status/DSS-Exodus-Passage-Status.txt	723847	752	f43cb56e9b778a0e68f28cad2ecea28ba959151bea6c6af4b12a01c84d9a349a	L1594473-R001,L1594474-R001
Ex	26	11	4Q22	1606667	PARTLY_RECONSTRUCTED	21	56	54	38	4	12	40	4	0	1	0	0	0	0	passage_status/DSS-Exodus-Passage-Status.txt	724599	774	a29dd2354ef3e3dd782db99bec92c07f6f0ae3f03d0d1926cc273877d6b9a437	L1594474-R002,L1594475-R001,L1594476-R001
Ex	26	12	4Q22	1606667	PARTLY_RECONSTRUCTED	19	52	49	35	2	12	38	2	0	2	0	0	0	0	passage_status/DSS-Exodus-Passage-Status.txt	725373	758	0fb14cb7bc510bf2c59ec61a42e86c962e79d6ff3c2bf44c96bf21910c34966c	L1594476-R002,L1594477-R001
Ex	26	13	4Q22	1606667	PARTLY_RECONSTRUCTED	31	67	64	51	3	10	54	3	0	1	0	0	0	0	passage_status/DSS-Exodus-Passage-Status.txt	726131	758	eb41953977d631d334c652a9bebe8a29ab04c5418d8659f8786fd7d4da6f0a47	L1594477-R002,L1594478-R001
Ex	26	14	4Q22	1606667	PARTLY_RECONSTRUCTED	16	49	46	41	0	5	44	0	0	1	0	0	0	0	passage_status/DSS-Exodus-Passage-Status.txt	726889	746	af3faf97e793b151cbd78001f141b1db3f1169406f0a746aa12d54ef23e02acf	L1594478-R002,L1594479-R001
Ex	26	15	4Q22	1606667	PARTLY_RECONSTRUCTED	11	32	30	25	1	4	27	1	0	1	0	0	0	0	passage_status/DSS-Exodus-Passage-Status.txt	727635	751	8bdb144083547a581d38265b092f411f920a3fa861a23920bdf548f7445ea332	L1594479-R002,L1594480-R001
Ex	26	16	4Q22	1606667	NO_LETTER_SLOTS	5	10	0	0	0	0	7	1	3	5	0	0	0	0	passage_status/DSS-Exodus-Passage-Status.txt	728386	737	17d73b17f16e5a118efb7091d7056186ef76b173352c44dc79a2056aa1425ad9	L1594480-R002,L1594481-R001
Ex	26	21	4Q22	1606667	PARTLY_RECONSTRUCTED	21	60	55	49	6	0	54	6	1	2	0	0	0	0	passage_status/DSS-Exodus-Passage-Status.txt	729123	757	68e7f4adf285619587fe5042c811918622697b8f66113425de334c0b2a249000	L1594482-R001,L1594483-R001
Ex	26	22	4Q22	1606667	PARTLY_RECONSTRUCTED	10	30	27	19	1	7	20	1	0	1	0	0	0	0	passage_status/DSS-Exodus-Passage-Status.txt	729880	735	49f59b41f31783023d4d5a1f7c1794b452a253badd412a359ce1843d8d7e13be	L1594483-R002
Ex	26	23	4Q22	1606667	PARTLY_RECONSTRUCTED	11	33	31	21	2	8	23	2	0	1	0	0	0	0	passage_status/DSS-Exodus-Passage-Status.txt	730615	757	af20c562d493daf6c96dfa7830811fcdf83805bc33813c23af543b9030a07490	L1594483-R003,L1594484-R001
Ex	26	24	4Q22	1606667	PARTLY_RECONSTRUCTED	27	76	72	55	3	14	58	3	0	1	0	0	0	0	passage_status/DSS-Exodus-Passage-Status.txt	731372	764	488bccb28e20c2f4c08099f85c9010dc9f539a4dc309c44434fce5e7dc14a01b	L1594484-R002,L1594485-R001
Ex	26	25	4Q22	1606667	PARTLY_RECONSTRUCTED	26	76	73	64	7	2	67	7	0	1	0	0	0	0	passage_status/DSS-Exodus-Passage-Status.txt	732136	757	062538e6d80db12daf94d21bfa400af6dd76cfdd5d0d44877f5f175addec0778	L1594486-R001,L1594487-R001
Ex	26	26	4Q22	1606667	PARTLY_RECONSTRUCTED	14	40	38	26	5	7	28	5	0	1	0	0	0	0	passage_status/DSS-Exodus-Passage-Status.txt	732893	757	98408d6bbd4a8812da300d7dc58a3f591825c58d1e8d73e2896b25eeabeef099	L1594487-R002,L1594488-R001
Ex	26	27	4Q22	1606667	PARTLY_RECONSTRUCTED	22	65	62	41	3	18	41	3	0	1	0	0	0	0	passage_status/DSS-Exodus-Passage-Status.txt	733650	758	20fffd6dd3fb258ae4ef073bba60392739b382be7ee519a3633ee408709ff98a	L1594488-R002,L1594489-R001
Ex	26	28	4Q22	1606667	PARTLY_RECONSTRUCTED	17	39	37	31	0	6	31	0	0	1	0	0	0	0	passage_status/DSS-Exodus-Passage-Status.txt	734408	746	a8fd198e658701e93c73b59d81b1b892456d6b386ae2fe4f27ad307489223352	L1594489-R002,L1594490-R001
Ex	26	29	4Q22	1606667	PARTLY_RECONSTRUCTED	21	65	62	40	2	20	43	2	0	1	0	0	0	0	passage_status/DSS-Exodus-Passage-Status.txt	735154	752	c898fd28c91e5600161c34c8cc522e787863315d20b94db85e8312cf82d9a70d	L1594490-R002,L1594491-R001
Ex	26	30	4Q22	1606667	PARTLY_RECONSTRUCTED	13	34	29	24	5	0	29	5	1	2	0	0	0	0	passage_status/DSS-Exodus-Passage-Status.txt	735906	757	ffc9b2808ec231fafd7140f431603d33aef90366b73373b4eb9e2bcc0615e701	L1594491-R002,L1594492-R001
Ex	30	9	4Q22	1606667	NO_LETTER_SLOTS	4	9	0	0	0	0	4	2	2	4	0	0	0	0	passage_status/DSS-Exodus-Passage-Status.txt	736663	718	294d452f9893296f4aabb03cae57aa2657aff1283da769bab4352021ba102ea1	L1594493-R001
Ex	30	10	4Q22	1606667	PARTLY_RECONSTRUCTED	26	81	76	64	2	10	68	2	0	1	0	0	0	0	passage_status/DSS-Exodus-Passage-Status.txt	737381	758	13be64131e92b893fec5d22be3b3f60adcdd86066f70f429be578e847e30929e	L1594494-R001,L1594495-R001
Ex	30	11	4Q22	1606667	NO_LETTER_SLOTS	6	12	0	0	0	0	11	1	5	6	0	0	0	0	passage_status/DSS-Exodus-Passage-Status.txt	738139	770	b052ef1a9e32c47cc39ccb559ba8df71132a6944e2d67d545a9338fa956d8c43	L1594495-R002,L1594496-R001,L1594497-R001,L1594498-R001
Ex	27	1	4Q22	1606667	PARTLY_RECONSTRUCTED	13	39	36	33	2	1	36	2	0	1	0	0	0	0	passage_status/DSS-Exodus-Passage-Status.txt	738909	733	f856f98ba83a3073d2b295e231fc6699edb1838993113ad68011042230eef492	L1594499-R001
Ex	27	2	4Q22	1606667	PARTLY_RECONSTRUCTED	14	56	49	42	1	6	49	1	0	1	0	0	0	0	passage_status/DSS-Exodus-Passage-Status.txt	739642	749	eda988bb98ab250164918c3e7341598b2ebed0cb2440843429e2c8fb8cec06cc	L1594499-R002,L1594500-R001
Ex	27	3	4Q22	1606667	PARTLY_RECONSTRUCTED	16	55	47	44	2	1	50	2	0	1	0	0	0	0	passage_status/DSS-Exodus-Passage-Status.txt	740391	739	07bc21087d5f48918ae8a138804f2a340013cb6f041f14f64885b8ecea29cf0d	L1594501-R001
Ex	27	9	4Q22	1606667	PARTLY_RECONSTRUCTED	25	65	60	54	1	5	58	1	1	2	0	0	0	0	passage_status/DSS-Exodus-Passage-Status.txt	741130	749	9deb550d296249ab2991c003cd1ae2132e51bfe788c743283a53a4c8aee7b5ac	L1594502-R001,L1594503-R001
Ex	27	10	4Q22	1606667	PARTLY_RECONSTRUCTED	14	51	46	39	1	6	43	1	0	1	0	0	0	0	passage_status/DSS-Exodus-Passage-Status.txt	741879	751	a334161159f599f7dc0b6cf0eecc2c3529ca1459d89ec88b4c8bed26296de62c	L1594503-R002,L1594504-R001
Ex	27	11	4Q22	1606667	PARTLY_RECONSTRUCTED	24	78	73	62	3	8	67	3	0	1	0	0	0	0	passage_status/DSS-Exodus-Passage-Status.txt	742630	773	1a6dca53a9ffc260336a569a849a3f6a5775c97f6500f4a742ca509655422fde	L1594504-R002,L1594505-R001,L1594506-R001
Ex	27	12	4Q22	1606667	PARTLY_RECONSTRUCTED	16	52	48	40	0	8	44	0	0	1	0	0	0	0	passage_status/DSS-Exodus-Passage-Status.txt	743403	746	23506e7aba71fe89fd0daf7802d285e2f9b7e232c47e4d5e833492ff0911bbea	L1594506-R002,L1594507-R001
Ex	27	13	4Q22	1606667	PARTLY_RECONSTRUCTED	11	33	29	19	4	6	21	4	0	1	0	0	0	0	passage_status/DSS-Exodus-Passage-Status.txt	744149	757	d7cf259bf5a06fc334a0b1feca169610dad56a345e572c20e60ab61d6d2884e9	L1594507-R002,L1594508-R001
Ex	27	14	4Q22	1606667	PARTLY_RECONSTRUCTED	12	41	37	29	2	6	30	2	0	1	0	0	0	0	passage_status/DSS-Exodus-Passage-Status.txt	744906	741	b6d261a83b47260b34ead90d7f1dd1cd873147154e6f0aa0d0e7484730ec0ce1	L1594508-R002
Ex	27	18	4Q22	1606667	PARTLY_RECONSTRUCTED	12	37	34	31	1	2	34	1	0	1	0	0	0	0	passage_status/DSS-Exodus-Passage-Status.txt	745647	735	22e49a3cce564e5c6cd84293deadfc7c29bd47cf0a290e1baf77b6fc085cc921	L1594509-R001
Ex	27	19	4Q22	1606667	PARTLY_RECONSTRUCTED	30	84	78	71	1	6	73	1	0	2	0	0	0	0	passage_status/DSS-Exodus-Passage-Status.txt	746382	772	b0f380ea76b63ea5d64a2eb9bfdd6230c9187bc98e7bab64e13b569215f20abf	L1594510-R001,L1594511-R001,L1594511-R002
Ex	28	3	4Q22	1606667	PARTLY_RECONSTRUCTED	23	69	61	47	6	8	52	6	1	2	0	0	0	0	passage_status/DSS-Exodus-Passage-Status.txt	747154	777	f990fdb41849a36883e1d7a4683e1ebe35c97366423342829d59de07ac5458b8	L1594512-R001,L1594513-R001,L1594514-R001
Ex	28	4	4Q22	1606667	PARTLY_RECONSTRUCTED	24	67	65	59	0	6	59	0	0	1	0	0	0	0	passage_status/DSS-Exodus-Passage-Status.txt	747931	744	a473014565abf9cffe2591c9f9e95e95353afef7afcec7677ed535742e8dab87	L1594514-R002,L1594515-R001
Ex	28	8	4Q22	1606667	PARTLY_RECONSTRUCTED	17	55	50	37	4	9	41	4	0	1	0	0	0	0	passage_status/DSS-Exodus-Passage-Status.txt	748675	761	40dbe281fab4fc48aae4f4cfc078f245766cac82ae7c346c52f2c9ce08130eb8	L1594516-R001,L1594517-R001
Ex	28	9	4Q22	1606667	PARTLY_RECONSTRUCTED	13	42	39	37	1	1	40	1	0	1	0	0	0	0	passage_status/DSS-Exodus-Passage-Status.txt	749436	749	ef56c20cf30b39fd21e837a75727495aae45aab5da1ce1370799d2873ff8d2ef	L1594517-R002,L1594518-R001
Ex	28	10	4Q22	1606667	PARTLY_RECONSTRUCTED	23	58	54	46	3	5	50	3	0	1	0	0	0	0	passage_status/DSS-Exodus-Passage-Status.txt	750185	757	b4a210646f561d1f640906708650a3b491ca78f0dd21c3387adea2b551fde767	L1594518-R002,L1594519-R001
Ex	28	11	4Q22	1606667	PARTLY_RECONSTRUCTED	20	70	67	50	5	12	53	5	0	1	0	0	0	0	passage_status/DSS-Exodus-Passage-Status.txt	750942	774	feeb17a77cdc152d0a9259eb073c19fa8aa81a078116b8bb8eaf749e98bccdb2	L1594519-R002,L1594520-R001,L1594521-R001
Ex	28	12	4Q22	1606667	PARTLY_RECONSTRUCTED	9	24	22	21	1	0	21	1	0	1	0	0	0	0	passage_status/DSS-Exodus-Passage-Status.txt	751716	734	5c0faa0cfbe583015884c3cac3b8d1f3ef9c995f94369dc0153419551900e142	L1594521-R002
Ex	28	22	4Q22	1606667	PARTLY_RECONSTRUCTED	12	37	35	29	2	4	31	2	0	1	0	0	0	0	passage_status/DSS-Exodus-Passage-Status.txt	752450	735	c8abfd8fa3d0268e309ac1e96eb1c67b19b2bf86ff97774f50cd3dcdac8d1b55	L1594522-R001
Ex	28	23	4Q22	1606667	PARTLY_RECONSTRUCTED	20	53	51	45	2	4	47	2	0	1	0	0	0	0	passage_status/DSS-Exodus-Passage-Status.txt	753185	757	f9ab934e54b5373f398c8eb2af725f81a8710758435c59b27ca8864d00855b5c	L1594522-R002,L1594523-R001
Ex	28	24	4Q22	1606667	PARTLY_RECONSTRUCTED	9	21	15	14	0	1	19	1	1	3	0	0	0	0	passage_status/DSS-Exodus-Passage-Status.txt	753942	729	8792df9ff55b0bb880f217a4c4365903d841207bd8cae566f51dc217f3cdc796	L1594524-R001
Ex	28	26	4Q22	1606667	NO_LETTER_RECONSTRUCTION_MARKED	2	7	4	0	3	1	0	3	0	1	0	0	0	0	passage_status/DSS-Exodus-Passage-Status.txt	754671	747	9bf5dff069b7ca97149773f9552f8b3615caad487bfc885c66dc0f1b9ad001c5	L1594525-R001
Ex	28	27	4Q22	1606667	PARTLY_RECONSTRUCTED	29	80	75	56	4	15	60	4	0	1	0	0	0	0	passage_status/DSS-Exodus-Passage-Status.txt	755418	758	ae9874bcda331a7ef93f51fbb44c64bbb412c3e1fde529d3cca1d8d835824b05	L1594525-R002,L1594526-R001
Ex	28	28	4Q22	1606667	PARTLY_RECONSTRUCTED	30	76	73	55	4	14	58	4	0	1	0	0	0	0	passage_status/DSS-Exodus-Passage-Status.txt	756176	774	d417a9fc7b3d6d49888e478d9ef52310760b10dd8fcbfb441c727d10f5468a0d	L1594526-R002,L1594527-R001,L1594528-R001
Ex	28	29	4Q22	1606667	ALL_LETTER_SLOTS_RECONSTRUCTED	25	67	63	63	0	0	67	0	0	1	0	0	0	0	passage_status/DSS-Exodus-Passage-Status.txt	756950	772	e89c2f3a976bf92a1ae46e00a0cb7d6034b1733c99596d411cad461751e29bd3	L1594528-R002,L1594529-R001,L1594530-R001
Ex	28	30	4Q22	1606667	PARTLY_RECONSTRUCTED	37	98	94	74	10	10	77	10	0	1	0	0	0	0	passage_status/DSS-Exodus-Passage-Status.txt	757722	788	55af717cad79663a9e63431e85a191fd970c043c0c96487f8c422fcf2f8804b2	L1594530-R002,L1594531-R001,L1594532-R001
Ex	28	31	4Q22	1606667	PARTLY_RECONSTRUCTED	9	26	24	17	2	5	19	2	0	1	0	0	0	0	passage_status/DSS-Exodus-Passage-Status.txt	758510	756	7df58c1aa2f9d3a8bec3a44fd5ef7b9a6b4374095e673689be9e01eb926eee03	L1594532-R002,L1594533-R001
Ex	28	32	4Q22	1606667	PARTLY_RECONSTRUCTED	21	62	56	40	7	9	44	7	0	1	0	0	0	0	passage_status/DSS-Exodus-Passage-Status.txt	759266	763	1ff1efe29c677fb44e16f404f5910de1f92e553faa6bf5d20f3b90274e7b9d2b	L1594533-R002,L1594534-R001
Ex	28	33	4Q22	1606667	PARTLY_RECONSTRUCTED	19	56	45	41	1	3	50	3	2	4	0	0	0	0	passage_status/DSS-Exodus-Passage-Status.txt	760029	767	b6ce0a02d7a9eabf5efe8754099c828c617424c03339becd499bcc988d5ee7b4	L1594534-R002,L1594535-R001,L1594536-R001
Ex	28	34	4Q22	1606667	PARTLY_RECONSTRUCTED	14	42	40	37	1	2	39	1	0	1	0	0	0	0	passage_status/DSS-Exodus-Passage-Status.txt	760796	751	2477301ff5a353dba29d7ba855d42da71db171495b5b454dc387b6d0fdb0d917	L1594536-R002,L1594537-R001
Ex	28	35	4Q22	1606667	PARTLY_RECONSTRUCTED	24	59	54	51	1	2	56	1	0	1	0	0	0	0	passage_status/DSS-Exodus-Passage-Status.txt	761547	751	c2b002077e4a8bf25361ccea6d5db166cb127f21d43fbf12498e6ed8c95ae0b0	L1594537-R002,L1594538-R001
Ex	28	36	4Q22	1606667	PARTLY_RECONSTRUCTED	14	43	40	39	1	0	42	1	0	1	0	0	0	0	passage_status/DSS-Exodus-Passage-Status.txt	762298	735	92642e88c3d82f149807c8b3098c4057709ef7e2e1422232e19db83878d9a1f3	L1594539-R001
Ex	28	37	4Q22	1606667	ALL_LETTER_SLOTS_RECONSTRUCTED	18	50	47	47	0	0	50	0	0	1	0	0	0	0	passage_status/DSS-Exodus-Passage-Status.txt	763033	756	94f43e4645237f504eeaab938c9998cd35f88be5c8ebf6b4b31923fb75489448	L1594540-R001,L1594541-R001
Ex	28	38	4Q22	1606667	PARTLY_RECONSTRUCTED	32	98	93	82	7	4	86	7	0	1	0	0	0	0	passage_status/DSS-Exodus-Passage-Status.txt	763789	779	756e24f62a9f16ff857d53b1cb09d8dc91bca1c842f98fc1ef4aa0aceee690fb	L1594541-R002,L1594542-R001,L1594543-R001
Ex	28	39	4Q22	1606667	PARTLY_RECONSTRUCTED	15	42	40	25	2	13	27	2	0	1	0	0	0	0	passage_status/DSS-Exodus-Passage-Status.txt	764568	752	31c1876492fbe228793e04e6ccbaa5f5a2b570ee2856c3c94be14320a698ab23	L1594543-R002,L1594544-R001
Ex	28	40	4Q22	1606667	PARTLY_RECONSTRUCTED	20	62	58	31	1	26	33	1	0	1	0	0	0	0	passage_status/DSS-Exodus-Passage-Status.txt	765320	768	dcdb11edfcb46205406d70fbcaf025033ecf0de85f610961edaa81b5e8db2056	L1594544-R002,L1594545-R001,L1594546-R001
Ex	28	41	4Q22	1606667	PARTLY_RECONSTRUCTED	22	67	52	34	5	13	46	6	2	4	0	0	0	0	passage_status/DSS-Exodus-Passage-Status.txt	766088	780	213f37bcabca4a965e68c2ccf15844879cde4c775b46153f80b0f293abe4fb75	L1594546-R002,L1594547-R001,L1594548-R001
Ex	28	42	4Q22	1606667	PARTLY_RECONSTRUCTED	16	47	44	41	1	2	44	1	0	1	0	0	0	0	passage_status/DSS-Exodus-Passage-Status.txt	766868	751	3e44a3c92f247f8fb92df6d41a8e2cac29351ca304b86199ae8b1a96952cdf28	L1594548-R002,L1594549-R001
Ex	28	43	4Q22	1606667	PARTLY_RECONSTRUCTED	36	97	89	56	4	29	62	4	0	1	0	0	0	0	passage_status/DSS-Exodus-Passage-Status.txt	767619	780	4a1274579474c2fd5c967d8aedcad90ca42083743d428d66b55ad59b0e1e5e65	L1594549-R002,L1594550-R001,L1594551-R001
Ex	29	1	4Q22	1606667	PARTLY_RECONSTRUCTED	23	65	60	26	3	31	26	3	0	1	0	0	0	0	passage_status/DSS-Exodus-Passage-Status.txt	768399	772	b859145f9dfeb2f5adb54b9a57c085f0156583529dcf82d68e354b51ae216f11	L1594551-R002,L1594552-R001,L1594553-R001
Ex	29	2	4Q22	1606667	PARTLY_RECONSTRUCTED	17	52	49	16	3	30	19	3	0	1	0	0	0	0	passage_status/DSS-Exodus-Passage-Status.txt	769171	756	71d103453b75a0e1c49cd319777c632e32c9ad2a6c8308b7d0b2240a00074aa2	L1594553-R002,L1594554-R001
Ex	29	3	4Q22	1606667	PARTLY_RECONSTRUCTED	21	48	44	30	3	11	34	3	0	1	0	0	0	0	passage_status/DSS-Exodus-Passage-Status.txt	769927	772	9a0f01a264afb77d1e92c723645a8002a9d039d3c1f883be36285963bf9f6ccc	L1594554-R002,L1594555-R001,L1594556-R001
Ex	29	4	4Q22	1606667	PARTLY_RECONSTRUCTED	17	47	43	39	0	4	42	0	0	1	0	0	0	0	passage_status/DSS-Exodus-Passage-Status.txt	770699	744	54e2fb3acdf34bb569142f48faf7399ecc7494af32b5c50acc226b334ed5b349	L1594556-R002,L1594557-R001
Ex	29	5	4Q22	1606667	PARTLY_RECONSTRUCTED	8	21	19	14	0	5	14	0	0	1	0	0	0	0	passage_status/DSS-Exodus-Passage-Status.txt	771443	727	db997d4c61dce16760ce8f2de69247db0e1cd8dd593aef0e6620caddec094fc8	L1594557-R002
Ex	29	20	4Q22	1606667	PARTLY_RECONSTRUCTED	44	118	112	95	5	12	98	5	0	1	0	0	0	0	passage_status/DSS-Exodus-Passage-Status.txt	772170	798	bf15155fdc0cdb1a38749b156de62070e00711197da7cfcc506780028b5c196f	L1594558-R001,L1594559-R001,L1594560-R001,L1594561-R001
Ex	29	22	4Q22	1606667	PARTLY_RECONSTRUCTED	46	106	103	65	10	28	66	10	0	1	0	0	0	0	passage_status/DSS-Exodus-Passage-Status.txt	772968	800	a044d536277d762e42f082b3f3ff29a3ccb181c60fe7391eec38dcd256f2de5e	L1594561-R002,L1594562-R001,L1594563-R001,L1594564-R001
Ex	29	23	4Q22	1606667	PARTLY_RECONSTRUCTED	21	52	50	41	4	5	43	4	0	1	0	0	0	0	passage_status/DSS-Exodus-Passage-Status.txt	773768	757	86d5d68ddd7e03cfed4610ab699a0b319790debf6a943eab84292edc03292dfc	L1594564-R002,L1594565-R001
Ex	29	24	4Q22	1606667	PARTLY_RECONSTRUCTED	19	54	49	24	4	21	27	4	0	2	0	0	0	0	passage_status/DSS-Exodus-Passage-Status.txt	774525	752	aa968df94a4e48dd037fd854287d2d1411f3b0028d006450b5fea92fff87fbfb	L1594566-R001,L1594567-R001
Ex	29	25	4Q22	1606667	PARTLY_RECONSTRUCTED	14	39	25	19	1	5	26	4	2	5	0	0	0	0	passage_status/DSS-Exodus-Passage-Status.txt	775277	751	fa13605254828aa27b16df9503377bbb1171f4734c6e8142d5732dda1e028764	L1594567-R002,L1594568-R001
Ex	29	31	4Q22	1606667	PARTLY_RECONSTRUCTED	9	25	22	18	0	4	21	0	0	1	0	0	0	0	passage_status/DSS-Exodus-Passage-Status.txt	776028	729	91be530bf6176b5b83fc69aa46c935c4c70d4f59bf4ec9ced0792ed2cd44c8c2	L1594569-R001
Ex	29	32	4Q22	1606667	PARTLY_RECONSTRUCTED	20	49	46	31	4	11	34	4	0	1	0	0	0	0	passage_status/DSS-Exodus-Passage-Status.txt	776757	758	fc7b818d150f732063279b010a45da9195f94a8bf3f4967793ce028a98cef134	L1594569-R002,L1594570-R001
Ex	29	33	4Q22	1606667	PARTLY_RECONSTRUCTED	21	55	49	41	1	7	46	1	0	1	0	0	0	0	passage_status/DSS-Exodus-Passage-Status.txt	777515	751	efd6ebe8000996ef8519b616d5db8e833601a39e1d2aea6f395e9680aa742484	L1594571-R001,L1594572-R001
Ex	29	34	4Q22	1606667	PARTLY_RECONSTRUCTED	27	62	60	42	1	17	42	1	0	1	0	0	0	0	passage_status/DSS-Exodus-Passage-Status.txt	778266	768	7cc1c4dd33f94bef84d9720a071b5ede8b443564fea3921a246b4217d2d4c62b	L1594572-R002,L1594573-R001,L1594574-R001
Ex	29	35	4Q22	1606667	PARTLY_RECONSTRUCTED	18	55	50	24	5	21	24	5	0	1	0	0	0	0	passage_status/DSS-Exodus-Passage-Status.txt	779034	786	44845651b906dae1ec75842a5bff3542e1195ef7da8215e6189f47cd01da18f9	L1594574-R002,L1594575-R001,L1594576-R001
Ex	29	36	4Q22	1606667	PARTLY_RECONSTRUCTED	23	65	59	39	4	16	45	4	0	1	0	0	0	0	passage_status/DSS-Exodus-Passage-Status.txt	779820	764	50a8f32eb99a3aed0b04357b0f4e57fd81e34e78154eb239a2dbb5e1b3e05b6f	L1594576-R002,L1594577-R001
Ex	29	37	4Q22	1606667	PARTLY_RECONSTRUCTED	22	66	63	22	4	37	24	4	0	1	0	0	0	0	passage_status/DSS-Exodus-Passage-Status.txt	780584	758	8c81b3cd216759ee753e068654141cc8078aba44764fe732bbc35dbf16332c12	L1594578-R001,L1594579-R001
Ex	29	38	4Q22	1606667	PARTLY_RECONSTRUCTED	15	42	40	26	3	11	28	3	0	1	0	0	0	0	passage_status/DSS-Exodus-Passage-Status.txt	781342	774	bfe2b092d4ee083e801693a699848d26802187c79d710465d951267a62c90f97	L1594579-R002,L1594580-R001,L1594581-R001
Ex	29	39	4Q22	1606667	PARTLY_RECONSTRUCTED	19	45	43	23	2	18	23	2	0	1	0	0	0	0	passage_status/DSS-Exodus-Passage-Status.txt	782116	758	95e6d3d025d0178461f8f045597e69381c452284ceb47461f66da7f02bc3b4b0	L1594581-R002,L1594582-R001
Ex	29	40	4Q22	1606667	PARTLY_RECONSTRUCTED	21	53	51	42	1	8	44	1	0	1	0	0	0	0	passage_status/DSS-Exodus-Passage-Status.txt	782874	751	129fc6465839e7374c0b91871287fa20ffc362933e1a8483e7c40bc983093e9c	L1594582-R002,L1594583-R001
Ex	29	41	4Q22	1606667	PARTLY_RECONSTRUCTED	27	67	61	48	0	13	54	0	1	2	0	0	0	0	passage_status/DSS-Exodus-Passage-Status.txt	783625	763	ccc840e55f20ffa0b6800e859234bc5c52430a30d3ae223dcbc17410e59ed07c	L1594583-R002,L1594584-R001,L1594585-R001
Ex	30	12	4Q22	1606667	PARTLY_RECONSTRUCTED	12	32	27	24	2	1	29	2	0	1	0	0	0	0	passage_status/DSS-Exodus-Passage-Status.txt	784388	741	2c5bc15ba1b91d8e60dd3ac2825d63feb03d5adc6b2c772ee344a500a0097569	L1594586-R001
Ex	30	13	4Q22	1606667	PARTLY_RECONSTRUCTED	26	72	70	56	2	12	58	2	0	1	0	0	0	0	passage_status/DSS-Exodus-Passage-Status.txt	785129	768	4bde35b5c1aaac5c72e04d58d2d37960d99a0e9fce6159668b94df32bef00c10	L1594586-R002,L1594587-R001,L1594588-R001
Ex	30	14	4Q22	1606667	PARTLY_RECONSTRUCTED	16	45	42	39	1	2	40	1	0	1	0	0	0	0	passage_status/DSS-Exodus-Passage-Status.txt	785897	751	d9b768b2f3b9cadfbb3097cd95346ff7a8917c0423e1f793f20980803a291af8	L1594588-R002,L1594589-R001
Ex	30	15	4Q22	1606667	PARTLY_RECONSTRUCTED	23	63	60	52	3	5	53	3	0	1	0	0	0	0	passage_status/DSS-Exodus-Passage-Status.txt	786648	773	49cef05ac35dded7eacb19d96f7d555b59ba1664a599c194cab50775e75cb4c6	L1594589-R002,L1594590-R001,L1594591-R001
Ex	30	16	4Q22	1606667	PARTLY_RECONSTRUCTED	32	96	92	55	8	29	58	8	0	1	0	0	0	0	passage_status/DSS-Exodus-Passage-Status.txt	787421	796	6fd3fe20bfe265977165daf51e18a58912915331aae150335d0e13c875f3ac60	L1594591-R002,L1594592-R001,L1594593-R001,L1594594-R001
Ex	30	17	4Q22	1606667	PARTLY_RECONSTRUCTED	8	22	20	15	3	2	17	3	0	1	0	0	0	0	passage_status/DSS-Exodus-Passage-Status.txt	788217	756	fdb5c1ee8d372e6215b3cc3bd1dee4b28bf2ef3b543d61eaccb3af0ad7aeb899	L1594594-R002,L1594595-R001
Ex	30	18	4Q22	1606667	PARTLY_RECONSTRUCTED	20	58	53	20	5	28	21	5	0	1	0	0	0	0	passage_status/DSS-Exodus-Passage-Status.txt	788973	764	18b1b815988ac084bcf656a7fac3d15e54132bcc3400cb8ac20cbc4ec1646265	L1594595-R002,L1594596-R001
Ex	30	29	4Q22	1606667	PARTLY_RECONSTRUCTED	14	40	34	31	0	3	37	0	1	2	0	0	0	0	passage_status/DSS-Exodus-Passage-Status.txt	789737	746	78b3061af96f859cd816f54f00aafc6d35af17a71c2855d89f63f0f904a69662	L1594597-R001,L1594598-R001
Ex	30	30	4Q22	1606667	PARTLY_RECONSTRUCTED	14	38	33	29	1	3	34	1	0	1	0	0	0	0	passage_status/DSS-Exodus-Passage-Status.txt	790483	735	0fad43110aba7b8ee9f9e0195f24fa9a40e83497f74d8262ce33b6ae2a539c1b	L1594598-R002
Ex	30	31	4Q22	1606667	PARTLY_RECONSTRUCTED	18	53	45	41	1	3	49	1	2	3	0	0	0	0	passage_status/DSS-Exodus-Passage-Status.txt	791218	767	3dad5a5f4fd1bd7b2dad328ed433ecaac2274158473bb0ba76ac807374fd1cc4	L1594599-R001,L1594600-R001,L1594601-R001
Ex	30	34	4Q22	1606667	PARTLY_RECONSTRUCTED	23	63	58	48	3	7	53	3	1	2	0	0	0	0	passage_status/DSS-Exodus-Passage-Status.txt	791985	773	020811abc088d1d590e583bb5ba1cb6784f73632cfebae32919570629de2f2b8	L1594602-R001,L1594603-R001,L1594604-R001
Ex	30	35	4Q22	1606667	PARTLY_RECONSTRUCTED	11	38	35	30	5	0	33	5	0	1	0	0	0	0	passage_status/DSS-Exodus-Passage-Status.txt	792758	763	f31baa0ad46c02acdd60ba217bbf9de9e470357951479517896b49f7d6d83726	L1594604-R002,L1594605-R001
Ex	30	36	4Q22	1606667	PARTLY_RECONSTRUCTED	23	73	66	43	6	17	49	6	0	1	0	0	0	0	passage_status/DSS-Exodus-Passage-Status.txt	793521	786	f09731f97b06d2ab0414dbec4e575b64d1ac5768d5c35280231dda291b36c60f	L1594605-R002,L1594606-R001,L1594607-R001
Ex	30	37	4Q22	1606667	PARTLY_RECONSTRUCTED	16	49	44	27	2	15	30	2	0	1	0	0	0	0	passage_status/DSS-Exodus-Passage-Status.txt	794307	752	f73b5304d20c943bbd8dd8f3d7194155290a57db0f5bda74529d620a738f42d8	L1594607-R002,L1594608-R001
Ex	30	38	4Q22	1606667	PARTLY_RECONSTRUCTED	12	36	31	12	4	15	14	4	0	1	0	0	0	0	passage_status/DSS-Exodus-Passage-Status.txt	795059	758	d698c8ccea142b668d9c6a54065a2ec7c918c49e9f04e47406f29220a57fbd66	L1594608-R002,L1594609-R001
Ex	31	1	4Q22	1606667	PARTLY_RECONSTRUCTED	8	21	19	6	6	7	8	6	0	1	0	0	0	0	passage_status/DSS-Exodus-Passage-Status.txt	795817	752	8a0b3174ea4b98832598122c6d3d9a5016eae8b63bf70a4c483100326c3f6aa3	L1594609-R002,L1594610-R001
Ex	31	2	4Q22	1606667	PARTLY_RECONSTRUCTED	13	38	36	34	1	1	36	1	0	1	0	0	0	0	passage_status/DSS-Exodus-Passage-Status.txt	796569	749	9cd940bc16c65e45ec7ad93dc1ffa762832f829958f52de23439c5da2a5b74af	L1594610-R002,L1594611-R001
Ex	31	3	4Q22	1606667	PARTLY_RECONSTRUCTED	18	39	31	24	4	3	31	5	2	4	0	0	0	0	passage_status/DSS-Exodus-Passage-Status.txt	797318	755	c52deda6a161b71298b7e1e5df6994877ed08f6a8d8936907cf107575e440c97	L1594611-R002,L1594612-R001
Ex	31	4	4Q22	1606667	PARTLY_RECONSTRUCTED	14	30	28	11	2	15	13	2	0	1	0	0	0	0	passage_status/DSS-Exodus-Passage-Status.txt	798073	756	79fe209ec2a969aab421cdc038e41ce47a1ede718b916cf8780c1f9dcc5988f4	L1594612-R002,L1594613-R001
Ex	31	5	4Q22	1606667	PARTLY_RECONSTRUCTED	16	37	35	22	4	9	24	4	0	1	0	0	0	0	passage_status/DSS-Exodus-Passage-Status.txt	798829	755	a3ff06a5d13ce64dbd702afd7fefebc36f49299d10fb567376294296326745b9	L1594613-R002,L1594614-R001
Ex	31	6	4Q22	1606667	PARTLY_RECONSTRUCTED	27	76	72	49	11	12	52	11	0	1	0	0	0	0	passage_status/DSS-Exodus-Passage-Status.txt	799584	770	2b708570621ae271413c1742bbb07e1b10d60721114d2f16a2abd2693456ed63	L1594614-R002,L1594615-R001
Ex	31	7	4Q22	1606667	PARTLY_RECONSTRUCTED	22	50	47	38	4	5	41	4	0	1	0	0	0	0	passage_status/DSS-Exodus-Passage-Status.txt	800354	755	d8bbf5351827c44d7cea6c1a64b102350ef4eaee00fe97a36adf1c868cc08db6	L1594616-R001,L1594617-R001
Ex	31	8	4Q22	1606667	PARTLY_RECONSTRUCTED	26	59	49	46	1	2	56	1	3	4	0	0	0	0	passage_status/DSS-Exodus-Passage-Status.txt	801109	781	bb07861d038c2dc18da64e80ae010bb5b0874b707a5ad73c6fb08a8080112f9a	L1594617-R002,L1594618-R001,L1594619-R001,L1594620-R001
Ex	31	12	4Q22	1606667	ALL_LETTER_SLOTS_RECONSTRUCTED	8	19	9	9	0	0	18	1	3	5	0	0	0	0	passage_status/DSS-Exodus-Passage-Status.txt	801890	753	0f7de40b1a7225240051c28510f09a4962ac9135b68212428b35550749f64aac	L1594621-R001,L1594622-R001
Ex	31	13	4Q22	1606667	PARTLY_RECONSTRUCTED	16	46	43	33	3	7	36	3	0	1	0	0	0	0	passage_status/DSS-Exodus-Passage-Status.txt	802643	757	0d196f31a8361c2381965c1525b57ae2a64b8c2f6c3bbef7789a40cc62909f36	L1594622-R002,L1594623-R001
Ex	31	14	4Q22	1606667	PARTLY_RECONSTRUCTED	20	60	54	35	7	12	39	7	0	1	0	0	0	0	passage_status/DSS-Exodus-Passage-Status.txt	803400	780	a2f8858cdc9f8a286f71a8a7c9d17ad51b34a4ef62a7c4fb1372632ce0b550a4	L1594623-R002,L1594624-R001,L1594625-R001
Ex	31	15	4Q22	1606667	PARTLY_RECONSTRUCTED	12	34	30	20	5	5	22	5	1	2	0	0	0	0	passage_status/DSS-Exodus-Passage-Status.txt	804180	747	60b514ec3dc466dfa89fcf6e4d58fa524e6d98368ff7f766030d11406b7010b3	L1594625-R002
Ex	32	2	4Q22	1606667	PARTLY_RECONSTRUCTED	20	70	61	48	1	12	54	1	1	2	0	0	0	0	passage_status/DSS-Exodus-Passage-Status.txt	804927	750	ac22c01b416696c36762a367f64ddf74e2c7bc2681686e2811692bf0cfc7b264	L1594626-R001,L1594627-R001
Ex	32	3	4Q22	1606667	PARTLY_RECONSTRUCTED	17	47	44	39	3	2	42	3	0	1	0	0	0	0	passage_status/DSS-Exodus-Passage-Status.txt	805677	761	0015716986957e261784b0b9c6d7c7699c79c0edfe55bbb9b3c0d21310efb971	L1594628-R001,L1594629-R001
Ex	32	4	4Q22	1606667	PARTLY_RECONSTRUCTED	24	75	68	63	0	5	70	0	0	1	0	0	0	0	passage_status/DSS-Exodus-Passage-Status.txt	806438	760	2d6a1678598ef589ccf1b57383704b8eda670033c82e469ff24a49f3cbf1e7fe	L1594629-R002,L1594630-R001,L1594631-R001
Ex	32	5	4Q22	1606667	PARTLY_RECONSTRUCTED	18	48	45	42	1	2	44	1	0	1	0	0	0	0	passage_status/DSS-Exodus-Passage-Status.txt	807198	749	1cd5d44e722e5879152e284b33b41fb8d41d52a56b205ed874992dfcf27e9d68	L1594632-R001,L1594633-R001
Ex	32	6	4Q22	1606667	PARTLY_RECONSTRUCTED	23	59	57	42	3	12	44	3	0	1	0	0	0	0	passage_status/DSS-Exodus-Passage-Status.txt	807947	778	4ddd9185c63e9af7797f50d3f14dd967101d20019b55b6a9579c8e34549850b1	L1594633-R002,L1594634-R001,L1594635-R001
Ex	32	7	4Q22	1606667	PARTLY_RECONSTRUCTED	17	49	46	39	1	6	42	1	0	1	0	0	0	0	passage_status/DSS-Exodus-Passage-Status.txt	808725	765	406b8de0013f997171f4c08b45fc64955089258efa338901c117414e0fc6561c	L1594635-R002,L1594636-R001,L1594637-R001
Ex	32	8	4Q22	1606667	PARTLY_RECONSTRUCTED	28	94	86	57	8	21	63	8	0	1	0	0	0	0	passage_status/DSS-Exodus-Passage-Status.txt	809490	784	a30a411191ccada46db9f83eee81a894877bf66f178c7d49308a10b77c83bc57	L1594637-R002,L1594638-R001,L1594639-R001
Ex	32	9	4Q22	1606667	PARTLY_RECONSTRUCTED	18	45	43	38	3	2	40	3	0	1	0	0	0	0	passage_status/DSS-Exodus-Passage-Status.txt	810274	771	6b798c638f8c9d96711a393e2cb1b0a85576207e6f9c34f12bb4c0624a2a6b49	L1594639-R002,L1594640-R001,L1594641-R001
Ex	32	10	4Q22	1606667	PARTLY_RECONSTRUCTED	31	94	85	51	4	30	59	4	0	1	0	0	0	0	passage_status/DSS-Exodus-Passage-Status.txt	811045	786	8688a15d2232646999a335c80b89f988ab55bd1b83c93dfa9a8d4a0f26c68452	L1594641-R002,L1594642-R001,L1594643-R001
Ex	32	11	4Q22	1606667	PARTLY_RECONSTRUCTED	28	83	78	40	9	29	44	9	0	1	0	0	0	0	passage_status/DSS-Exodus-Passage-Status.txt	811831	786	5d2ddc55019437f361834481282979b3dfa965d4255b5e3f64c4eae4af07d2ef	L1594643-R002,L1594644-R001,L1594645-R001
Ex	32	12	4Q22	1606667	PARTLY_RECONSTRUCTED	33	92	85	56	11	18	58	11	0	1	0	0	0	0	passage_status/DSS-Exodus-Passage-Status.txt	812617	772	755a68bac759f0832595e499b1e6932c400f903b2a9b217b5e033d4384d458a1	L1594646-R001,L1594647-R001
Ex	32	13	4Q22	1606667	PARTLY_RECONSTRUCTED	39	118	109	76	11	22	82	11	0	1	0	0	0	0	passage_status/DSS-Exodus-Passage-Status.txt	813389	790	39c75d2a197fc1d9c19dc47eec7e0de3dd523e1a27e7b321353c50ea41b24215	L1594648-R001,L1594649-R001,L1594650-R001
Ex	32	14	4Q22	1606667	PARTLY_RECONSTRUCTED	13	33	30	23	1	6	23	1	0	1	0	0	0	0	passage_status/DSS-Exodus-Passage-Status.txt	814179	751	9d70ed04ccb9cc9889062084a38db144982fea8321a3ea89b60f85f08b35db65	L1594650-R002,L1594651-R001
Ex	32	15	4Q22	1606667	PARTLY_RECONSTRUCTED	28	69	65	47	7	11	50	7	0	1	0	0	0	0	passage_status/DSS-Exodus-Passage-Status.txt	814930	774	a49bb4a70435b719520928361e0910a369bd7b864498790ee53587ec523b8ec3	L1594651-R002,L1594652-R001,L1594653-R001
Ex	32	16	4Q22	1606667	PARTLY_RECONSTRUCTED	17	47	45	30	4	11	32	4	0	1	0	0	0	0	passage_status/DSS-Exodus-Passage-Status.txt	815704	758	8826bb734cf24de65dba1a77cd86b45622560cf5df27b21b1ce87e6b92a90db0	L1594653-R002,L1594654-R001
Ex	32	17	4Q22	1606667	PARTLY_RECONSTRUCTED	17	46	41	20	4	17	24	4	1	2	0	0	0	0	passage_status/DSS-Exodus-Passage-Status.txt	816462	758	1c9eb2e8701ec87d2e03cba9a17bb03d883aa0e5de538a604085d99ebb341523	L1594654-R002,L1594655-R001
Ex	32	18	4Q22	1606667	PARTLY_RECONSTRUCTED	16	53	42	28	2	12	35	6	2	4	0	0	0	0	passage_status/DSS-Exodus-Passage-Status.txt	817220	758	a83295ac91068535a44ca5c99c8366a0ca47b80c23ca325be219847d956f9b03	L1594655-R002,L1594656-R001
Ex	32	19	4Q22	1606667	PARTLY_RECONSTRUCTED	24	54	51	49	1	1	50	1	0	1	0	0	0	0	passage_status/DSS-Exodus-Passage-Status.txt	817978	751	daea71dd618ecc10e0221b4381bc9db664538c37375fb88be4e517d66c1e86ca	L1594656-R002,L1594657-R001
Ex	32	25	4Q22	1606667	PARTLY_RECONSTRUCTED	10	30	24	21	1	2	27	1	1	2	0	0	0	0	passage_status/DSS-Exodus-Passage-Status.txt	818729	735	9280741fa6a1c4036f0ca519056678743ba2863ef4ff95f3fcb6f1518db15e03	L1594658-R001
Ex	32	26	4Q22	1606667	PARTLY_RECONSTRUCTED	20	55	51	41	4	6	45	4	0	1	0	0	0	0	passage_status/DSS-Exodus-Passage-Status.txt	819464	785	9a69a20b8accf5916cee77f5f2ca93c3863d8cbde9e222ce3f2c3e64cbb1f7f0	L1594658-R002,L1594659-R001,L1594660-R001
Ex	32	27	4Q22	1606667	PARTLY_RECONSTRUCTED	37	110	96	66	3	27	78	4	2	4	0	0	0	0	passage_status/DSS-Exodus-Passage-Status.txt	820249	769	1903ee9734279dde04659ba15325bc17fa4c7101aed8330d9bb78a43129fe3fd	L1594660-R002,L1594661-R001,L1594662-R001
Ex	32	28	4Q22	1606667	PARTLY_RECONSTRUCTED	21	49	47	18	6	23	18	6	0	1	0	0	0	0	passage_status/DSS-Exodus-Passage-Status.txt	821018	774	ef3579c07b749e250ff673b198605123be12805a433b6709d9e74e22e73c0355	L1594662-R002,L1594663-R001,L1594664-R001
Ex	32	29	4Q22	1606667	PARTLY_RECONSTRUCTED	24	65	59	18	6	35	18	6	0	1	0	0	0	0	passage_status/DSS-Exodus-Passage-Status.txt	821792	758	1f70352c44d15a541af5ddf10634b23b2417ab9a0d0a2772b30f7de865bb5751	L1594664-R002,L1594665-R001
Ex	32	30	4Q22	1606667	PARTLY_RECONSTRUCTED	20	57	55	18	5	32	18	5	0	1	0	0	0	0	passage_status/DSS-Exodus-Passage-Status.txt	822550	764	3664d2e4f65eec3da020f1d552159b580caf7fa9f3f730ae3d20afeaaec8cfc6	L1594665-R002,L1594666-R001
Ex	33	12	4Q22	1606667	PARTLY_RECONSTRUCTED	9	20	17	14	3	0	17	3	0	1	0	0	0	0	passage_status/DSS-Exodus-Passage-Status.txt	823314	740	0fde8a1b1de7cde915b0f1d4760c309ca10d8b192fb838c1b9e395573a0b7909	L1594667-R001
Ex	33	13	4Q22	1606667	PARTLY_RECONSTRUCTED	28	81	73	60	2	11	66	2	0	1	0	0	0	0	passage_status/DSS-Exodus-Passage-Status.txt	824054	774	9f090f40062db1c581ed5cd2140a47c91390fec43ffa6a343ce0045df6371342	L1594667-R002,L1594668-R001,L1594669-R001
Ex	33	14	4Q22	1606667	ALL_LETTER_SLOTS_RECONSTRUCTED	8	24	20	20	0	0	24	0	0	1	0	0	0	0	passage_status/DSS-Exodus-Passage-Status.txt	824828	739	997bb041ddf6285cf7521ecac79c3ee7806fe55e1542dea55f6f90d6e3834122	L1594669-R002
Ex	33	15	4Q22	1606667	PARTLY_RECONSTRUCTED	14	42	33	26	1	6	32	1	1	3	0	0	0	0	passage_status/DSS-Exodus-Passage-Status.txt	825567	751	0555d1ff7cb8afa74b87c28786a21401caa25788ce2876412de95f48753f2aa2	L1594669-R003,L1594670-R001
Ex	33	16	4Q22	1606667	PARTLY_RECONSTRUCTED	28	75	68	51	4	13	57	4	0	1	0	0	0	0	passage_status/DSS-Exodus-Passage-Status.txt	826318	758	03e26419f4a7627cd7da0794ac5bfad84b9ffb54a275d013ea5d791126499204	L1594671-R001,L1594672-R001
Ex	33	17	4Q22	1606667	PARTLY_RECONSTRUCTED	24	62	58	36	7	15	37	7	0	1	0	0	0	0	passage_status/DSS-Exodus-Passage-Status.txt	827076	780	87b8331e2ee81e5f9973718c6d385248fe6bb33d940cdc795ac9f2ef25dd818f	L1594672-R002,L1594673-R001,L1594674-R001
Ex	33	18	4Q22	1606667	PARTLY_RECONSTRUCTED	7	23	19	9	0	10	12	0	0	1	0	0	0	0	passage_status/DSS-Exodus-Passage-Status.txt	827856	729	e886d31046071d1f16f7caf8840056d3e5212b02d2197050d092ea71451e3181	L1594674-R002
Ex	33	19	4Q22	1606667	PARTLY_RECONSTRUCTED	25	70	61	52	4	5	58	5	1	3	0	0	0	0	passage_status/DSS-Exodus-Passage-Status.txt	828585	763	21e671bfd282f5b2c3589b9da39a3a357e9fe241050ee56aff4f242b4ae21078	L1594675-R001,L1594676-R001
Ex	33	20	4Q22	1606667	PARTLY_RECONSTRUCTED	16	41	37	32	0	5	36	0	0	1	0	0	0	0	passage_status/DSS-Exodus-Passage-Status.txt	829348	746	b2986f8845a83acfe9254d0391e59019da7c26e9bebc06c8b0a431a7b57cdc48	L1594676-R002,L1594677-R001
Ex	33	21	4Q22	1606667	PARTLY_RECONSTRUCTED	12	33	30	27	0	3	28	0	0	1	0	0	0	0	passage_status/DSS-Exodus-Passage-Status.txt	830094	730	f5368c48bd41f71cfad2faab142185de2d8beeac0be8c375858bf8f6b78d042d	L1594678-R001
Ex	33	22	4Q22	1606667	PARTLY_RECONSTRUCTED	18	52	45	33	5	7	38	5	0	1	0	0	0	0	passage_status/DSS-Exodus-Passage-Status.txt	830824	757	97c036650da95b94aae1ce86a6c58ec09164d1212f73eea22cdb834e3d2ec01e	L1594678-R002,L1594679-R001
Ex	33	23	4Q22	1606667	PARTLY_RECONSTRUCTED	13	37	32	28	0	4	31	0	0	1	0	0	0	0	passage_status/DSS-Exodus-Passage-Status.txt	831581	730	068e218d16b99a58a6e75560420b3a70591ca0b0c2b88183c9a8b8980b3f0f5b	L1594680-R001
Ex	34	1	4Q22	1606667	PARTLY_RECONSTRUCTED	28	82	79	57	6	16	60	6	0	1	0	0	0	0	passage_status/DSS-Exodus-Passage-Status.txt	832311	778	5f717c216f24b6d25757521564e992875c6f1afcbf40eb46f4a688e56c27d055	L1594680-R002,L1594681-R001,L1594682-R001
Ex	34	2	4Q22	1606667	PARTLY_RECONSTRUCTED	21	50	47	41	0	6	44	0	0	1	0	0	0	0	passage_status/DSS-Exodus-Passage-Status.txt	833089	744	a70393c09d40fcb066fc0d61b9a8950005ca07105f4c91e2b2c6a1bb5a8613d9	L1594683-R001,L1594684-R001
Ex	34	3	4Q22	1606667	PARTLY_RECONSTRUCTED	11	27	24	20	0	4	21	0	0	1	0	0	0	0	passage_status/DSS-Exodus-Passage-Status.txt	833833	728	d97ab897f9e8775573900ea1b4cba7935b62178bbc42099fd4f8aece70f503cf	L1594684-R002
Ex	34	10	4Q22	1606667	PARTLY_RECONSTRUCTED	11	34	31	26	2	3	29	2	0	1	0	0	0	0	passage_status/DSS-Exodus-Passage-Status.txt	834561	741	02bb13b52e90ff78ee2bc2e28c0771aef84214cb74f99a9463c907decb2e794c	L1594685-R001
Ex	34	11	4Q22	1606667	PARTLY_RECONSTRUCTED	34	84	78	68	0	10	73	0	0	1	0	0	0	0	passage_status/DSS-Exodus-Passage-Status.txt	835302	747	2178ca1846362fecde9a54fdb82ff92eda293f9376291ef044e02cea46543358	L1594686-R001,L1594687-R001
Ex	34	12	4Q22	1606667	PARTLY_RECONSTRUCTED	20	58	53	47	3	3	52	3	0	1	0	0	0	0	passage_status/DSS-Exodus-Passage-Status.txt	836049	763	546635c939fe92440041e60bd469a7c748bc77d1cd968ee883f39f16534da661	L1594688-R001,L1594689-R001
Ex	34	13	4Q22	1606667	PARTLY_RECONSTRUCTED	15	53	40	34	0	6	44	0	2	4	0	0	0	0	passage_status/DSS-Exodus-Passage-Status.txt	836812	762	a6b0bf461239e20b2a8260200040028c7591d4c69cdee8f3935e1465af4180b8	L1594689-R002,L1594690-R001,L1594691-R001
Ex	34	15	4Q22	1606667	PARTLY_RECONSTRUCTED	16	48	42	37	2	3	43	2	0	1	0	0	0	0	passage_status/DSS-Exodus-Passage-Status.txt	837574	741	6ac2fe5ed6a8dadc473534944e890bfa8ac502624e22ae6ea095c265f196f98a	L1594692-R001
Ex	34	16	4Q22	1606667	PARTLY_RECONSTRUCTED	20	70	61	48	1	12	55	1	0	1	0	0	0	0	passage_status/DSS-Exodus-Passage-Status.txt	838315	752	5410c6acd7de1aa65f9d8e58adeca4317a293ff1788a25c4b509155fe8340339	L1594693-R001,L1594694-R001
Ex	34	17	4Q22	1606667	PARTLY_RECONSTRUCTED	6	19	16	10	4	2	12	4	0	1	0	0	0	0	passage_status/DSS-Exodus-Passage-Status.txt	839067	740	55bbee632211b35e5ffa2b4c9b1e0c0b7624528d149b88b1bc06ab30feb4a915	L1594694-R002
Ex	34	18	4Q22	1606667	PARTLY_RECONSTRUCTED	18	56	53	47	2	4	47	2	0	1	0	0	0	0	passage_status/DSS-Exodus-Passage-Status.txt	839807	751	cc066b46acac143cb42174e52152d47fa8913b8d470509ebb3a1c9ff4dfe5a62	L1594694-R003,L1594695-R001
Ex	34	20	4Q22	1606667	PARTLY_RECONSTRUCTED	4	12	7	3	0	4	6	0	1	2	0	0	0	0	passage_status/DSS-Exodus-Passage-Status.txt	840558	726	452c98ef21c7cd8b30c69a9862397585df15d6cbabd0eac4826b33fc68fb2c3b	L1594696-R001
Ex	34	21	4Q22	1606667	PARTLY_RECONSTRUCTED	16	44	42	32	3	7	34	3	0	1	0	0	0	0	passage_status/DSS-Exodus-Passage-Status.txt	841284	779	02b759f1868bc3b8883f7c42d90b92ca72dd12e02996cfda640621a30490bffc	L1594696-R002,L1594697-R001,L1594698-R001
Ex	34	22	4Q22	1606667	PARTLY_RECONSTRUCTED	16	46	43	35	2	6	38	2	0	1	0	0	0	0	passage_status/DSS-Exodus-Passage-Status.txt	842063	757	ecff08d7f7d594b17aee84f8995c5e68e6cf30d6da241ce678e7a6351a96b5ce	L1594698-R002,L1594699-R001
Ex	34	23	4Q22	1606667	PARTLY_RECONSTRUCTED	15	48	45	31	1	13	34	1	0	1	0	0	0	0	passage_status/DSS-Exodus-Passage-Status.txt	842820	752	5b2e1659135c09ffb49276d7a43cccbb3f6905ca82e01d5abd01343aa0a73155	L1594699-R002,L1594700-R001
Ex	34	24	4Q22	1606667	PARTLY_RECONSTRUCTED	13	41	37	31	6	0	32	6	0	1	0	0	0	0	passage_status/DSS-Exodus-Passage-Status.txt	843572	757	a687f2e16f9f2e18ebca55830ccb092aab97d7a66c8eec4927d7e550928cc296	L1594700-R002,L1594701-R001
Ex	34	27	4Q22	1606667	PARTLY_RECONSTRUCTED	26	70	66	62	1	3	66	1	0	1	0	0	0	0	passage_status/DSS-Exodus-Passage-Status.txt	844329	751	795120e775dc880d5f42dcdd303db374d92339bd14f91827e690dd490848eba1	L1594702-R001,L1594703-R001
Ex	34	28	4Q22	1606667	PARTLY_RECONSTRUCTED	12	37	35	30	1	4	30	1	0	1	0	0	0	0	passage_status/DSS-Exodus-Passage-Status.txt	845080	751	6ca4f2ca6148add395745bdce88bd437f409cc6d6c76b496670253ea3b6e66d5	L1594703-R002,L1594704-R001
Ex	35	1	4Q22	1606667	PARTLY_RECONSTRUCTED	23	67	59	50	3	6	56	3	1	3	0	0	0	0	passage_status/DSS-Exodus-Passage-Status.txt	845831	755	2de3f2d9413fed41c1f139eb1f034a9ac5ba94773ce2743308ce49f34483adac	L1594705-R001,L1594706-R001
Ex	36	21	4Q22	1606667	PARTLY_RECONSTRUCTED	13	28	26	23	3	0	25	3	0	1	0	0	0	0	passage_status/DSS-Exodus-Passage-Status.txt	846586	741	a94af9355c7ce6eb395682dd1dc932b810f87aad97c0968af28b2154a9bcdb49	L1594707-R001
Ex	36	22	4Q22	1606667	PARTLY_RECONSTRUCTED	18	47	45	37	3	5	39	3	0	1	0	0	0	0	passage_status/DSS-Exodus-Passage-Status.txt	847327	751	dda1fb33395d97143b2b87be2c11f6cbf468e8e3533913be28fbc3026d231795	L1594707-R002,L1594708-R001
Ex	36	23	4Q22	1606667	PARTLY_RECONSTRUCTED	14	42	39	26	3	10	29	3	0	1	0	0	0	0	passage_status/DSS-Exodus-Passage-Status.txt	848078	758	09556ef0dee3adf381525f3b423056155cf9e3c5e6495b9e3b3e80a54e67b2ba	L1594708-R002,L1594709-R001
Ex	36	24	4Q22	1606667	PARTLY_RECONSTRUCTED	32	94	88	76	3	9	82	3	1	2	0	0	0	0	passage_status/DSS-Exodus-Passage-Status.txt	848836	767	adda069a19e3de2011622f2272c4331748c0707a7c5f333a925e4b88796de06e	L1594709-R002,L1594710-R001,L1594711-R001
Ex	37	9	4Q22	1606667	PARTLY_RECONSTRUCTED	19	60	55	42	3	10	46	3	0	1	0	0	0	0	passage_status/DSS-Exodus-Passage-Status.txt	849603	762	a377ecf8bd69097d14511a2760c14f381811726432fc313bc20217246231d14b	L1594712-R001,L1594713-R001
Ex	37	10	4Q22	1606667	PARTLY_RECONSTRUCTED	18	53	48	20	11	17	21	11	0	1	0	0	0	0	passage_status/DSS-Exodus-Passage-Status.txt	850365	782	1bddda3ea7e50a8cecc0e12236ee263d7113ef6ea270892be0b97cccce0f3ece	L1594713-R002,L1594714-R001,L1594715-R001
Ex	37	11	4Q22	1606667	PARTLY_RECONSTRUCTED	12	33	29	12	3	14	13	3	0	1	0	0	0	0	passage_status/DSS-Exodus-Passage-Status.txt	851147	758	0bae2bc2dbd4e4eb23d760cc519863760d3e90fd02ed7f6f96255c0a43d47232	L1594715-R002,L1594716-R001
Ex	37	12	4Q22	1606667	PARTLY_RECONSTRUCTED	14	42	38	15	3	20	17	3	0	1	0	0	0	0	passage_status/DSS-Exodus-Passage-Status.txt	851905	758	f5004d5d428490c6ecbda19269ea7e24073ee86f0f57f8b94740feaf5ae5cec3	L1594716-R002,L1594717-R001
Ex	37	13	4Q22	1606667	PARTLY_RECONSTRUCTED	20	58	54	27	3	24	31	3	0	1	0	0	0	0	passage_status/DSS-Exodus-Passage-Status.txt	852663	774	45a49b886895665f9769d84847c89f3b560b9f62df64f9151e9de97c600d9e77	L1594717-R002,L1594718-R001,L1594719-R001
Ex	37	14	4Q22	1606667	PARTLY_RECONSTRUCTED	16	41	39	17	3	19	17	3	0	1	0	0	0	0	passage_status/DSS-Exodus-Passage-Status.txt	853437	758	0dafcfadf8c93ba7c684903bd7c9a1a3a7174c8b1ecc0ed6a61c0f4196490809	L1594719-R002,L1594720-R001
Ex	37	15	4Q22	1606667	PARTLY_RECONSTRUCTED	17	43	40	20	6	14	23	6	0	1	0	0	0	0	passage_status/DSS-Exodus-Passage-Status.txt	854195	752	3aa2de085b5eb966286aad17f2409ac3b3fc4f0e6ccdc3dd7774d657d92ce699	L1594720-R002,L1594721-R001
Ex	37	16	4Q22	1606667	PARTLY_RECONSTRUCTED	15	41	37	30	0	7	32	0	0	1	0	0	0	0	passage_status/DSS-Exodus-Passage-Status.txt	854947	746	a909dc10bedd9ddb75f465d6e55dd077eb7b28f2eee06278d72e6579fe11e2c7	L1594721-R002,L1594722-R001
Ex	12	43	4Q37	1606685	PARTLY_RECONSTRUCTED	18	56	53	45	1	7	48	1	0	1	0	0	0	0	passage_status/DSS-Exodus-Passage-Status.txt	855693	751	af2c4121595447a7e7ade496c125d43ec58ae3c5cf901a98481b6d11a44d4799	L1596466-R001,L1596467-R001
Ex	12	44	4Q37	1606685	PARTLY_RECONSTRUCTED	14	39	33	29	0	4	33	0	1	2	0	0	0	0	passage_status/DSS-Exodus-Passage-Status.txt	856444	746	80fb9d501594a166d0a3849fbb4c8128bf89281f7a90ce266dfa740534c7f366	L1596467-R002,L1596468-R001
Ex	12	46	4Q37	1606685	PARTLY_RECONSTRUCTED	20	50	47	38	1	8	41	1	0	1	0	0	0	0	passage_status/DSS-Exodus-Passage-Status.txt	857190	751	d506d192fba88d3c331a169fc19f646f3b2e6de3335840cb10f04a90a6b10fe8	L1596469-R001,L1596470-R001
Ex	12	47	4Q37	1606685	ALL_LETTER_SLOTS_RECONSTRUCTED	6	20	17	17	0	0	20	0	0	1	0	0	0	0	passage_status/DSS-Exodus-Passage-Status.txt	857941	739	edfef045c396f6f6a2f11903e4fe8095489f2a3fc2e776ad9fe35b0fb65a2167	L1596470-R002
Ex	12	48	4Q37	1606685	PARTLY_RECONSTRUCTED	32	82	76	59	0	17	64	0	0	1	0	0	0	0	passage_status/DSS-Exodus-Passage-Status.txt	858680	763	ae637fc2d4fc1bafcabd9a3fb6d85dbab4eec80fed0c5c647245fa837a8543a3	L1596470-R003,L1596471-R001,L1596472-R001
Ex	12	49	4Q37	1606685	PARTLY_RECONSTRUCTED	13	32	29	21	1	7	24	1	0	1	0	0	0	0	passage_status/DSS-Exodus-Passage-Status.txt	859443	751	f469890ddc8fc6dc9ebc1087ddb3f2bc5a1bef3aa6b764007eb0f6950cf74f9b	L1596472-R002,L1596473-R001
Ex	12	50	4Q37	1606685	PARTLY_RECONSTRUCTED	17	47	45	32	1	12	34	1	0	1	0	0	0	0	passage_status/DSS-Exodus-Passage-Status.txt	860194	752	1d947aeec0cd7be7d867fe757dfb8ecfcb2a8e8e8032f28340cd90221b144571	L1596473-R002,L1596474-R001
Ex	12	51	4Q37	1606685	PARTLY_RECONSTRUCTED	19	54	51	37	3	11	40	3	0	1	0	0	0	0	passage_status/DSS-Exodus-Passage-Status.txt	860946	758	175718717a7cf364b050da792b9d99c1af48d71741247dc138840c7ca5c40bd5	L1596474-R002,L1596475-R001
Ex	13	1	4Q37	1606685	PARTLY_RECONSTRUCTED	8	22	20	15	1	4	17	1	0	1	0	0	0	0	passage_status/DSS-Exodus-Passage-Status.txt	861704	732	7900e8fd6fc28072301a474f9d420fffc4c3e7d69e41bb24bd50581841e92275	L1596475-R002
Ex	13	2	4Q37	1606685	PARTLY_RECONSTRUCTED	18	47	43	37	5	1	40	5	0	1	0	0	0	0	passage_status/DSS-Exodus-Passage-Status.txt	862436	755	50bf17b6ddd92b3cb274b251ee2635a299a0d64bb69ef1f079a5621beab46e15	L1596475-R003,L1596476-R001
Ex	13	3	4Q37	1606685	PARTLY_RECONSTRUCTED	35	94	90	82	6	2	86	6	0	1	0	0	0	0	passage_status/DSS-Exodus-Passage-Status.txt	863191	771	d2910ed3842f0c750acad2f47413106d96774e905f14925cf41960cad2aa88ee	L1596477-R001,L1596478-R001,L1596479-R001
Ex	13	4	4Q37	1606685	PARTLY_RECONSTRUCTED	9	26	24	17	2	5	17	2	0	1	0	0	0	0	passage_status/DSS-Exodus-Passage-Status.txt	863962	732	187248a9069f30607cdd9338623ab42554b094d7a29acbf274a69788913f501c	L1596479-R002
Ex	13	5	4Q37	1606685	PARTLY_RECONSTRUCTED	53	138	130	84	17	29	88	17	1	2	0	0	0	0	passage_status/DSS-Exodus-Passage-Status.txt	864694	799	f490e88b3f99cb562e5a863d1ff366734d69670d1cc25f8e5924364a2686cbc3	L1596479-R003,L1596480-R001,L1596481-R001,L1596482-R001
Ex	13	9	4Q37	1606685	PARTLY_RECONSTRUCTED	25	75	68	62	2	4	66	2	0	1	0	0	0	0	passage_status/DSS-Exodus-Passage-Status.txt	865493	755	0631d0d7b74cf1e0bf77b9777030ac41a9cdf4b6f47ae4c2efaa76a97aa190e9	L1596483-R001,L1596484-R001
Ex	13	15	4Q37	1606685	PARTLY_RECONSTRUCTED	17	49	46	42	2	2	45	2	0	1	0	0	0	0	passage_status/DSS-Exodus-Passage-Status.txt	866248	757	71908228acf168716c98a42aea730ea23330b09c2d129093f7b2ef579641a5bf	L1596485-R001,L1596486-R001
Ex	13	16	4Q37	1606685	PARTLY_RECONSTRUCTED	17	45	39	37	1	1	41	1	1	2	0	0	0	0	passage_status/DSS-Exodus-Passage-Status.txt	867005	735	2762fb59dd9b47c347ff72614dd312f116260ba2b6e7ce2b4a4186976afcb2df	L1596486-R002
Ex	20	11	4Q41	1606693	NO_LETTER_RECONSTRUCTION_MARKED	37	93	84	0	0	84	0	0	0	1	0	0	0	0	passage_status/DSS-Exodus-Passage-Status.txt	867740	772	a01d3ea9cfdf2979da7f7c09b8f6a006c7800b1ef56643da488eac8a9e7fa8c8	L1596680-R002,L1596681-R001,L1596682-R001
Ex	12	43	4Q128	1606786	PARTLY_RECONSTRUCTED	19	57	54	31	6	17	31	6	0	1	0	0	0	0	passage_status/DSS-Exodus-Passage-Status.txt	868512	760	f0d360b37aa3b3808f956852862c655a50b76066ab3a416e11f31d3e9f2dfa4f	L1602233-R002,L1602234-R001
Ex	12	44	4Q128	1606786	PARTLY_RECONSTRUCTED	13	38	34	25	3	6	26	3	0	1	0	0	0	0	passage_status/DSS-Exodus-Passage-Status.txt	869272	743	b312d48d5c8aaa826d25cbd5754377e791b5e66b0cf7e4013e33f6df99d236ae	L1602234-R002
Ex	12	45	4Q128	1606786	PARTLY_RECONSTRUCTED	7	24	20	5	5	9	8	6	0	1	0	1	1	0	passage_status/DSS-Exodus-Passage-Status.txt	870015	766	5c83d0c68ec9e605b8cb54ff6925412fa99a6e78ab7dc3885ed0c8665626cb8c	L1602234-R003,L1602235-R001
Ex	12	46	4Q128	1606786	PARTLY_RECONSTRUCTED	20	53	47	45	0	2	46	1	0	2	0	0	0	0	passage_status/DSS-Exodus-Passage-Status.txt	870781	748	58be314ef11791348ac8d5674af4ef8054e82bdfe3b963d79030380417fd6b07	L1602235-R002,L1602236-R001
Ex	12	47	4Q128	1606786	PARTLY_RECONSTRUCTED	5	20	13	4	4	5	7	7	0	2	0	0	0	0	passage_status/DSS-Exodus-Passage-Status.txt	871529	740	4fc992887291ee5641a45be33f9aaf9116cdac5a2f2407d5292d0f27499aaca0	L1602236-R002
Ex	12	48	4Q128	1606786	PARTLY_RECONSTRUCTED	32	85	79	53	3	22	58	3	0	1	0	0	1	0	passage_status/DSS-Exodus-Passage-Status.txt	872269	765	cd9c3e836ee8bf7658d2ca569d985ce4c55a483b2a57b3425bc75b510cea73f7	L1602236-R003,L1602237-R001
Ex	12	49	4Q128	1606786	PARTLY_RECONSTRUCTED	13	33	30	23	2	5	23	2	0	1	0	0	0	0	passage_status/DSS-Exodus-Passage-Status.txt	873034	753	8f88f955fc13454a64d0fbf1a01298afad7cfe20d45272adc958912ee02e06f0	L1602237-R002,L1602238-R001
Ex	12	50	4Q128	1606786	PARTLY_RECONSTRUCTED	16	45	43	13	6	24	15	6	0	1	0	0	0	0	passage_status/DSS-Exodus-Passage-Status.txt	873787	744	27a9e3f8d7e5b0f7dc2319c0aeab3974433b96587fb4e38c52e50bdebee2719e	L1602238-R002
Ex	12	51	4Q128	1606786	PARTLY_RECONSTRUCTED	19	55	52	24	3	25	24	3	0	1	0	0	0	0	passage_status/DSS-Exodus-Passage-Status.txt	874531	760	e85d2fe6d3ce2c05f513a95b6c2fc9488f4cc1f047e56f2cf7331475eecb6f6c	L1602238-R003,L1602239-R001
Ex	13	1	4Q128	1606786	PARTLY_RECONSTRUCTED	8	22	20	8	1	11	10	1	0	1	0	0	0	0	passage_status/DSS-Exodus-Passage-Status.txt	875291	734	b82358cdf954db4162d555f414c82e329713f6041693a0816d6807e6f692a593	L1602239-R002
Ex	13	2	4Q128	1606786	PARTLY_RECONSTRUCTED	18	50	46	11	6	19	12	6	0	1	0	10	0	0	passage_status/DSS-Exodus-Passage-Status.txt	876025	771	c2decb441aed2a45e4880b0bec1ccba7d400d3fec8715f08f98683008fee4df3	L1602239-R003,L1602240-R001
Ex	13	3	4Q128	1606786	PARTLY_RECONSTRUCTED	34	93	90	34	7	49	36	7	0	1	0	0	0	0	passage_status/DSS-Exodus-Passage-Status.txt	876796	770	1ed814b7308c77390a5753270f2ff5eab8c986cebb467f53e73e9752a2d4abf7	L1602240-R002,L1602241-R001
Ex	13	4	4Q128	1606786	PARTLY_RECONSTRUCTED	9	25	23	11	5	7	11	5	0	1	0	0	0	0	passage_status/DSS-Exodus-Passage-Status.txt	877566	750	a3af80d895f5caa4bd3837d51175164b1f7c455cd138a4d4170dac5f8f504270	L1602241-R002,L1602242-R001
Ex	13	5	4Q128	1606786	PARTLY_RECONSTRUCTED	46	121	116	75	15	26	79	15	0	1	0	0	0	0	passage_status/DSS-Exodus-Passage-Status.txt	878316	790	00d557c14debf579c7dfd66d3aee4819493f16ec8ca116709d49f3d600d2f450	L1602242-R002,L1602243-R001,L1602244-R001
Ex	13	6	4Q128	1606786	PARTLY_RECONSTRUCTED	13	35	33	24	0	9	26	0	0	1	0	0	0	0	passage_status/DSS-Exodus-Passage-Status.txt	879106	746	2eaf527eca0d80b7fc5271656bab9ffe1e293ffe83d45105e80ff3b48d1a6715	L1602244-R002,L1602245-R001
Ex	13	7	4Q128	1606786	PARTLY_RECONSTRUCTED	20	57	52	45	2	5	50	2	0	1	0	0	0	0	passage_status/DSS-Exodus-Passage-Status.txt	879852	757	2609c1425fe471a1e8af817b66be39c14892bd613794d36916e8f0a9035a3178	L1602245-R002,L1602246-R001
Ex	13	8	4Q128	1606786	NO_LETTER_SLOTS	4	9	0	0	0	0	5	2	2	4	0	0	0	0	passage_status/DSS-Exodus-Passage-Status.txt	880609	720	77ed805d93d380b69116e22a4d83ec81c19e79debd3a449bdf7542b8a2d70c5b	L1602247-R001
Ex	13	16	4Q129	1606787	PARTLY_RECONSTRUCTED	21	65	59	29	6	24	33	6	0	1	0	0	0	0	passage_status/DSS-Exodus-Passage-Status.txt	881329	750	6e2cbecb997b87ebecb2beec71e2b222b2bef6b0dbfe6331e60493048f018528	L1602269-R001
Ex	13	9	4Q129	1606787	PARTLY_RECONSTRUCTED	15	51	47	13	3	31	16	3	0	1	0	0	0	0	passage_status/DSS-Exodus-Passage-Status.txt	882079	742	e979dd63612ad63c7e4848a7bcf0fa687e0be0982bcd5823ecc5bce10dd50dcc	L1602270-R001
Ex	13	10	4Q129	1606787	PARTLY_RECONSTRUCTED	13	38	34	17	4	13	18	4	0	1	0	0	0	0	passage_status/DSS-Exodus-Passage-Status.txt	882821	772	4711c4e09a1213e61b3adeef7518e2c50af2a31c90f96ec910deb69c6eb2c9fe	L1602270-R002,L1602271-R001
Ex	13	11	4Q129	1606787	PARTLY_RECONSTRUCTED	20	61	54	25	1	28	26	1	0	1	0	0	0	0	passage_status/DSS-Exodus-Passage-Status.txt	883593	754	1cfa9f9ed30b9e51d8be1c0ac60552fca1666f2237ed705bed81383a4e7157a3	L1602271-R002,L1602272-R001
Ex	13	12	4Q129	1606787	PARTLY_RECONSTRUCTED	20	58	54	33	2	18	34	3	0	1	0	1	1	0	passage_status/DSS-Exodus-Passage-Status.txt	884347	764	29e020d8695c5b1ece070fe2c37fa6294e74dc67f5e7a40e6d73c02a95829b9e	L1602272-R002,L1602273-R001
Ex	13	13	4Q129	1606787	PARTLY_RECONSTRUCTED	21	61	53	30	6	17	34	6	0	1	0	0	0	4	passage_status/DSS-Exodus-Passage-Status.txt	885111	750	da2dcb2799a4b20f1eb921a551f21f7c9d1d031590e690f2201d2ae83dba5467	L1602273-R002
Ex	13	14	4Q129	1606787	PARTLY_RECONSTRUCTED	24	78	72	31	3	38	33	3	0	1	0	0	0	0	passage_status/DSS-Exodus-Passage-Status.txt	885861	776	5d72ec1d5cb07777b4181c8227006499583aed4540c5909ede0b1ff9c2f4c431	L1602273-R003,L1602274-R001,L1602275-R001
Ex	13	15	4Q129	1606787	PARTLY_RECONSTRUCTED	42	121	117	42	7	68	42	7	0	1	0	0	0	0	passage_status/DSS-Exodus-Passage-Status.txt	886637	790	a79bde9e3b7c518887bed72e6dc4dbb9b4ddb1aee630965b8c6ff1db2ee10d01	L1602275-R002,L1602276-R001,L1602277-R001
Ex	13	1	4Q130	1606788	PARTLY_RECONSTRUCTED	8	21	19	11	0	8	13	0	0	1	0	0	0	0	passage_status/DSS-Exodus-Passage-Status.txt	887427	729	c1278dfb7d0bc38ab4e2642a7791ab6804c796ee6935c77bd5e51bb543117f4b	L1602278-R001
Ex	13	2	4Q130	1606788	ALL_LETTER_SLOTS_RECONSTRUCTED	18	47	43	43	0	0	47	0	0	1	0	0	0	0	passage_status/DSS-Exodus-Passage-Status.txt	888156	740	6776a8d5e2a5a68d72aff0c46a3836f5d73706fcd8dbb8109240f1f216347495	L1602278-R002
Ex	13	3	4Q130	1606788	PARTLY_RECONSTRUCTED	33	86	83	75	0	8	78	0	0	1	0	0	0	0	passage_status/DSS-Exodus-Passage-Status.txt	888896	762	2ee68aa56cb77e5c1d2a272baa650b9cbc0c7ab3d4c067de30efe1a8806ad724	L1602278-R003,L1602279-R001,L1602280-R001
Ex	13	4	4Q130	1606788	PARTLY_RECONSTRUCTED	9	24	22	18	1	3	20	1	0	1	0	0	0	0	passage_status/DSS-Exodus-Passage-Status.txt	889658	734	5bf5da3e7c0a487fd1f44f9e450128e77560eb2024ca6a8cb45116e984fcd9e1	L1602280-R002
Ex	13	5	4Q130	1606788	PARTLY_RECONSTRUCTED	46	113	108	50	19	39	51	19	0	1	0	0	0	0	passage_status/DSS-Exodus-Passage-Status.txt	890392	768	320e4cdecb2140c8abe8032a70e68ed537f9d98173d0dd014a617c31581948a8	L1602280-R003,L1602281-R001
Ex	13	6	4Q130	1606788	PARTLY_RECONSTRUCTED	13	36	34	13	1	20	13	1	0	1	0	0	0	0	passage_status/DSS-Exodus-Passage-Status.txt	891160	736	15e60f0df5122ef5a5f394247ff52969a131e07753ef4d1ccdf93bb446de72b4	L1602282-R001
Ex	13	7	4Q130	1606788	PARTLY_RECONSTRUCTED	20	54	49	13	1	35	16	1	0	1	0	0	0	0	passage_status/DSS-Exodus-Passage-Status.txt	891896	752	ad19cdfac8baafbfd8597536f9f011ff34d0c568a2a1edd7778e33c1e8fa8e2f	L1602282-R002,L1602283-R001
Ex	13	8	4Q130	1606788	PARTLY_RECONSTRUCTED	21	54	49	15	8	26	16	8	0	1	0	0	0	0	passage_status/DSS-Exodus-Passage-Status.txt	892648	748	b1b0aa1111a6e691b73c00507af5ab578adf6fa9f9d8d6ce95f975a545470c6e	L1602283-R002
Ex	13	9	4Q130	1606788	PARTLY_RECONSTRUCTED	27	82	75	20	7	48	22	7	0	1	0	0	0	0	passage_status/DSS-Exodus-Passage-Status.txt	893396	754	25c1051b47952207c71f6646d01f333a6c5bc155470ffdc89b4dba7d344217d9	L1602284-R001
Ex	13	10	4Q130	1606788	PARTLY_RECONSTRUCTED	13	36	32	12	1	19	13	1	0	1	0	0	0	0	passage_status/DSS-Exodus-Passage-Status.txt	894150	738	f2425b0facc7840087dbf6cba4c200e6f90a5db9bed98681f16646fd35f3507a	L1602285-R001
Ex	13	11	4Q130	1606788	PARTLY_RECONSTRUCTED	21	57	50	9	2	39	14	2	0	1	0	0	0	0	passage_status/DSS-Exodus-Passage-Status.txt	894888	759	ecba9839f97cbd50f84253a2603bb8be090eb02cae00ddad578aebcaaff18639	L1602285-R002,L1602286-R001
Ex	13	12	4Q130	1606788	PARTLY_RECONSTRUCTED	21	58	55	6	4	45	8	4	0	1	0	0	0	0	passage_status/DSS-Exodus-Passage-Status.txt	895647	764	5cf34988195a7659dbe341f9154de8a994118e9f56cade5e6875c3bc2a338549	L1602286-R002,L1602287-R001
Ex	13	13	4Q130	1606788	PARTLY_RECONSTRUCTED	20	57	52	9	2	41	9	2	0	1	0	0	0	0	passage_status/DSS-Exodus-Passage-Status.txt	896411	758	3d1a97839e8bcbf5d5bcc45ad601986bbd97677735a805f43cc2152e506e1b6b	L1602287-R002,L1602288-R001
Ex	13	14	4Q130	1606788	PARTLY_RECONSTRUCTED	25	73	67	8	5	54	10	5	0	1	0	0	0	0	passage_status/DSS-Exodus-Passage-Status.txt	897169	759	56d6d111081c382ab697776e52c7c832426e6fc5b0ca6ac6c036c55b8cf05571	L1602288-R002,L1602289-R001
Ex	13	15	4Q130	1606788	PARTLY_RECONSTRUCTED	41	120	116	9	4	103	9	4	0	1	0	0	0	0	passage_status/DSS-Exodus-Passage-Status.txt	897928	783	3d11bdf570846eb6f5f175165ea25dfb03ddf38267329ab8682f300eb62f622a	L1602289-R002,L1602290-R001,L1602291-R001
Ex	13	16	4Q130	1606788	PARTLY_RECONSTRUCTED	21	59	53	5	7	41	5	7	0	1	0	0	0	0	passage_status/DSS-Exodus-Passage-Status.txt	898711	770	2f8b7f837051038f64399f6979957b4cb082538316df1ad2247bebf7fb00d44e	L1602291-R002,L1602292-R001
Ex	13	1	4Q132	1606790	PARTLY_RECONSTRUCTED	8	20	18	10	3	5	12	3	0	1	0	0	0	0	passage_status/DSS-Exodus-Passage-Status.txt	899481	740	11c2c462ad110358333352ddcdf69b4463bb6728f57d04101a13c28ba9dff673	L1602318-R001
Ex	13	2	4Q132	1606790	PARTLY_RECONSTRUCTED	19	49	43	37	4	2	40	4	1	2	0	0	0	0	passage_status/DSS-Exodus-Passage-Status.txt	900221	763	9b35156b7ad45b9ba2e10c6ed44a841eb822349efaecc1f8338542dd467bb5c1	L1602318-R002,L1602319-R001
Ex	13	5	4Q132	1606790	PARTLY_RECONSTRUCTED	18	40	36	32	2	2	36	2	1	2	0	0	0	0	passage_status/DSS-Exodus-Passage-Status.txt	900984	741	17a17ba77880d05a92f808c9439ddacff74f59901d330124a034b91bed6683ed	L1602320-R001
Ex	13	6	4Q132	1606790	PARTLY_RECONSTRUCTED	12	32	32	25	4	3	25	4	0	0	0	0	0	0	passage_status/DSS-Exodus-Passage-Status.txt	901725	757	6a91f3827da3c6bb8f9e1b3138cf7032302ef87765e9940b5dfb5ee34f3bffdc	L1602320-R002,L1602321-R001
Ex	13	7	4Q132	1606790	PARTLY_RECONSTRUCTED	10	28	26	23	2	1	23	2	0	1	0	0	0	0	passage_status/DSS-Exodus-Passage-Status.txt	902482	741	9de2993a5daed0435034bb8b0bd754b3b8a8614c0674d20210bf5154e8d1b786	L1602321-R002
Ex	13	8	4Q132	1606790	PARTLY_RECONSTRUCTED	25	71	27	25	0	2	51	18	8	15	0	0	0	0	passage_status/DSS-Exodus-Passage-Status.txt	903223	764	9c8d678ccf980ca1298dcdbffff2ccf96eda5498fc02149e7175b77a018aa8c0	L1602322-R001,L1602323-R001,L1602324-R001
Ex	13	9	4Q132	1606790	PARTLY_RECONSTRUCTED	23	66	60	49	3	8	52	3	0	1	0	0	0	0	passage_status/DSS-Exodus-Passage-Status.txt	903987	763	c0f370152dc3be4436913967f07abf8fe391d695f5258b8550a571ba5b1e6f51	L1602324-R002,L1602325-R001
Ex	13	11	4Q133	1606791	PARTLY_RECONSTRUCTED	20	58	51	29	5	17	31	5	0	1	0	0	0	0	passage_status/DSS-Exodus-Passage-Status.txt	904750	750	86d597b11568af0c817d2fb782ac93b527a64b5a1b62adf0af51a0d92c91b63f	L1602326-R001
Ex	13	12	4Q133	1606791	PARTLY_RECONSTRUCTED	20	55	52	31	5	16	31	5	0	1	0	0	0	0	passage_status/DSS-Exodus-Passage-Status.txt	905500	760	07089e9960ec232fcbe7e3daa0fe499b448a772e6fea244909432f445b60a02f	L1602326-R002,L1602327-R001
Ex	13	13	4Q133	1606791	PARTLY_RECONSTRUCTED	21	55	51	18	8	25	19	8	0	1	0	0	0	0	passage_status/DSS-Exodus-Passage-Status.txt	906260	766	6b4529a1e2a09284576a8e411b2a6db21d00036eec4867731a7167d2a98be4a2	L1602328-R001,L1602329-R001
Ex	13	14	4Q133	1606791	PARTLY_RECONSTRUCTED	25	75	69	26	7	36	27	7	0	1	0	0	0	0	passage_status/DSS-Exodus-Passage-Status.txt	907026	772	141173f3cb00f73862d0a26171392a99535c90e1727fedfb2406d97106c15992	L1602329-R002,L1602330-R001
Ex	13	15	4Q133	1606791	PARTLY_RECONSTRUCTED	39	111	107	65	20	22	66	20	0	1	0	0	0	0	passage_status/DSS-Exodus-Passage-Status.txt	907798	809	95ebee31c24025c51350a2a70e870503cd7e7de6b69c20a487a789706fac9fc5	L1602331-R001,L1602332-R001,L1602333-R001,L1602334-R001
Ex	13	16	4Q133	1606791	PARTLY_RECONSTRUCTED	20	59	54	37	9	8	40	9	0	1	0	0	0	0	passage_status/DSS-Exodus-Passage-Status.txt	908607	787	1939697211cd60d0b9fd71730eeacdb5c3d628f520de9e064255155339324065	L1602334-R002,L1602335-R001,L1602336-R001
Ex	20	11	4Q134	1606792	PARTLY_RECONSTRUCTED	37	92	88	30	7	51	30	7	0	1	0	0	0	0	passage_status/DSS-Exodus-Passage-Status.txt	909394	782	f5f207b081d079b003aadd28e9037fd71efab3e261515b88a4422832619b71d0	L1602357-R002,L1602358-R001,L1602359-R001
Ex	13	11	4Q134	1606792	PARTLY_RECONSTRUCTED	21	64	56	2	6	48	3	6	0	1	0	0	0	0	passage_status/DSS-Exodus-Passage-Status.txt	910176	764	55dd8ebcc3a9280cea6e6ec5863a9a81ced43297b6b3b1169d056883187dab47	L1602363-R001,L1602364-R001
Ex	13	12	4Q134	1606792	PARTLY_RECONSTRUCTED	22	58	55	5	7	43	5	7	0	1	0	0	0	0	passage_status/DSS-Exodus-Passage-Status.txt	910940	764	2be57b04225a9977a807ff289c346fb4547624f1b97c45974cd19b40a9bd0b7d	L1602364-R002,L1602365-R001
Ex	13	14	4Q135	1606793	NO_LETTER_RECONSTRUCTION_MARKED	13	42	39	0	5	32	0	5	0	1	0	2	5	0	passage_status/DSS-Exodus-Passage-Status.txt	911704	779	8992127c71e47a77cf6b02f942255acd0bf89452f332c1a3b13138fba28ff302	L1602378-R001,L1602379-R001
Ex	13	15	4Q135	1606793	PARTLY_RECONSTRUCTED	42	115	111	18	6	87	18	6	0	1	0	0	0	0	passage_status/DSS-Exodus-Passage-Status.txt	912483	838	bf4575249c9e16e2d79ed713b1b7d39fcd1b382bf7557df424f9a1d5c60be65f	L1602379-R002,L1602380-R001,L1602381-R001,L1602382-R001,L1602383-R001,L1602384-R001
Ex	13	16	4Q135	1606793	PARTLY_RECONSTRUCTED	13	33	29	11	3	15	12	3	0	1	0	0	0	0	passage_status/DSS-Exodus-Passage-Status.txt	913321	760	0787d907cf4084c396d61f9a63ee01a74071722af628c5819d121730815a0865	L1602384-R002,L1602385-R001
Ex	12	43	4Q136	1606794	ALL_LETTER_SLOTS_RECONSTRUCTED	18	47	44	44	0	0	47	0	0	1	0	0	0	0	passage_status/DSS-Exodus-Passage-Status.txt	914081	758	7d9d7bedf071b71c00757f681029fe6f6fe743bddeec658002f49f54120bee72	L1602391-R003,L1602392-R001
Ex	12	44	4Q136	1606794	PARTLY_RECONSTRUCTED	10	28	24	8	2	14	8	2	0	1	0	0	0	0	passage_status/DSS-Exodus-Passage-Status.txt	914839	736	e7f2812a51d2f567a50c0789a23594fc6cfadfd3499746b0cac31dd9922dfbcd	L1602392-R002
Ex	12	45	4Q136	1606794	PARTLY_RECONSTRUCTED	7	20	17	1	1	15	4	1	0	1	0	0	0	0	passage_status/DSS-Exodus-Passage-Status.txt	915575	735	17938a6af75b10652a4adcdc91fa33211f46dcf77131bb02d23defad5a891594	L1602392-R003
Ex	12	46	4Q136	1606794	ALL_LETTER_SLOTS_RECONSTRUCTED	19	51	47	47	0	0	51	0	0	1	0	0	0	0	passage_status/DSS-Exodus-Passage-Status.txt	916310	758	1434f7eb50f925e74fe71d1c88a102868a2b8d4c6dae1b02a1b968cea6a1ac4f	L1602392-R004,L1602393-R001
Ex	12	47	4Q136	1606794	PARTLY_RECONSTRUCTED	6	21	18	12	1	5	12	1	0	1	0	0	0	0	passage_status/DSS-Exodus-Passage-Status.txt	917068	736	05938d97d4f7940bb685a9fef40a68f463c85baa4da1305d03fa982aca95a9b7	L1602393-R002
Ex	12	48	4Q136	1606794	PARTLY_RECONSTRUCTED	31	81	75	42	3	29	46	3	0	1	0	1	0	0	passage_status/DSS-Exodus-Passage-Status.txt	917804	765	4663668e134b4b69924bbc15d15e8a2283ca128d8b0407e651d23ee8af4ea18e	L1602393-R003,L1602394-R001
Ex	12	49	4Q136	1606794	PARTLY_RECONSTRUCTED	13	32	29	18	1	10	18	1	0	1	0	0	0	0	passage_status/DSS-Exodus-Passage-Status.txt	918569	738	ba2c9eef980f53c46e914f03dde013f709f3eb9a0fada1a4fc0be4380d26b2fb	L1602394-R002
Ex	12	50	4Q136	1606794	PARTLY_RECONSTRUCTED	17	45	43	15	3	25	17	3	0	1	0	0	0	0	passage_status/DSS-Exodus-Passage-Status.txt	919307	760	51e1ddc312c4aaf5f9ebfd47eb29f91d5d04730e19a910c4b2ac0068bb0dd462	L1602394-R003,L1602395-R001
Ex	12	51	4Q136	1606794	PARTLY_RECONSTRUCTED	19	54	51	34	2	15	34	2	0	1	0	0	0	0	passage_status/DSS-Exodus-Passage-Status.txt	920067	744	c7aeaaed0e8f6d2366d9d6a0c0d2a4d466313e558d4e44392bcd759f75c3626e	L1602395-R002
Ex	13	1	4Q136	1606794	PARTLY_RECONSTRUCTED	8	22	20	4	1	15	6	1	0	1	0	0	0	0	passage_status/DSS-Exodus-Passage-Status.txt	920811	733	6690fd7f2a031b4128971b971029c242a30b406aa38ff72162b079c1ae9c33a3	L1602395-R003
Ex	13	2	4Q136	1606794	ALL_LETTER_SLOTS_RECONSTRUCTED	18	47	43	43	0	0	47	0	0	1	0	0	0	0	passage_status/DSS-Exodus-Passage-Status.txt	921544	756	cb23d332342c7d5dad14960ec1263e768c665007b252c91348f3312ee260089f	L1602395-R004,L1602396-R001
Ex	13	3	4Q136	1606794	PARTLY_RECONSTRUCTED	35	94	89	45	9	33	48	10	0	1	0	4	0	0	passage_status/DSS-Exodus-Passage-Status.txt	922300	776	31c4507afa16d8db688495052f8bf7ee6fd707af4820b93b90f122517ad75653	L1602396-R002,L1602397-R001
Ex	13	4	4Q136	1606794	PARTLY_RECONSTRUCTED	9	23	21	13	1	7	13	1	0	1	0	0	0	0	passage_status/DSS-Exodus-Passage-Status.txt	923076	734	60840d66ac7bbe5c4f5737b5c25aee31d84bcd5e5a2f4c3f9a939a9fcca1ce36	L1602397-R002
Ex	13	5	4Q136	1606794	PARTLY_RECONSTRUCTED	44	108	103	45	7	51	47	7	0	1	0	0	0	0	passage_status/DSS-Exodus-Passage-Status.txt	923810	760	464dba9d84ba8e19a7ca3fe9787ba7a3986dd0f5e64324f0c08010065d6becc8	L1602397-R003,L1602398-R001
Ex	13	6	4Q136	1606794	PARTLY_RECONSTRUCTED	13	34	32	27	3	2	29	3	0	1	0	0	0	0	passage_status/DSS-Exodus-Passage-Status.txt	924570	741	b82fa7a31505de04427e610c95ee2d5d7eb12a5d7873eeaf5098f47a7dc17423	L1602398-R002
Ex	13	7	4Q136	1606794	PARTLY_RECONSTRUCTED	20	56	51	25	1	25	25	1	0	1	0	0	0	0	passage_status/DSS-Exodus-Passage-Status.txt	925311	752	894c4fe9dd8c02cda5512fa183f42b0199d7ffa4f90a5379ddab208421de0417	L1602398-R003,L1602399-R001
Ex	13	8	4Q136	1606794	PARTLY_RECONSTRUCTED	21	53	48	42	2	4	47	2	0	1	0	0	0	0	passage_status/DSS-Exodus-Passage-Status.txt	926063	757	5f9440fcb0598cf4f9d0988b5803da4cf0439810b0d8d3488defa794fdd6698f	L1602399-R002,L1602400-R001
Ex	13	9	4Q136	1606794	PARTLY_RECONSTRUCTED	27	82	75	50	0	25	56	0	0	1	0	0	0	0	passage_status/DSS-Exodus-Passage-Status.txt	926820	747	cbe4fc4ccbfe6f246a6058f8f0253c474570ede63f728a86ef5811423055e6ee	L1602400-R002,L1602401-R001
Ex	13	10	4Q136	1606794	PARTLY_RECONSTRUCTED	13	37	33	26	1	6	28	1	0	1	0	0	0	0	passage_status/DSS-Exodus-Passage-Status.txt	927567	737	887224d87699ab1511b91b7442a9fb86eee81edaa6093f32c1245628199e1fcf	L1602401-R002
Ex	12	44	4Q140	1606798	PARTLY_RECONSTRUCTED	17	45	33	25	1	6	36	2	3	5	0	1	0	0	passage_status/DSS-Exodus-Passage-Status.txt	928304	758	4b198d367328a9b1a64dacd65f29d00db521c99078cdf6a325639ddf8e66e2c4	L1602515-R001,L1602516-R001
Ex	12	46	4Q140	1606798	PARTLY_RECONSTRUCTED	19	54	50	38	6	6	42	6	0	1	0	1	0	0	passage_status/DSS-Exodus-Passage-Status.txt	929062	770	79c384cf1ddd10b850d1c5f97d3a9892613a43ba9d52388518a1df62f5ef29e6	L1602516-R002,L1602517-R001
Ex	12	47	4Q140	1606798	NO_LETTER_SLOTS	5	12	0	0	0	0	9	3	3	5	0	0	0	0	passage_status/DSS-Exodus-Passage-Status.txt	929832	739	50fba0a4af2e9762de2d7e8e79797842bd2bc3a8146c106cbee46c715ff97a94	L1602517-R002,L1602518-R001
Ex	12	48	4Q140	1606798	PARTLY_RECONSTRUCTED	32	83	77	52	10	15	56	10	0	1	0	0	0	0	passage_status/DSS-Exodus-Passage-Status.txt	930571	774	7f604d658554f676cb2e3043ab5b76f1d6a73d602fc1b3cea3be1b7eab7c8093	L1602518-R002,L1602519-R001
Ex	12	49	4Q140	1606798	PARTLY_RECONSTRUCTED	15	35	32	8	4	20	10	4	0	1	0	0	0	0	passage_status/DSS-Exodus-Passage-Status.txt	931345	743	3c2fc3b03cd0b2db5205b947714f48dc0f634415ed401647085aaff5789c0a9a	L1602519-R002
Ex	12	50	4Q140	1606798	PARTLY_RECONSTRUCTED	17	47	45	22	6	16	22	6	0	1	0	1	0	0	passage_status/DSS-Exodus-Passage-Status.txt	932088	777	040b532dd7de778fd486650dd2f156ff23d60de00c4aa6cb68f0077b0f7beb78	L1602519-R003,L1602520-R001
Ex	12	51	4Q140	1606798	PARTLY_RECONSTRUCTED	19	55	52	25	8	18	25	8	0	1	0	1	0	0	passage_status/DSS-Exodus-Passage-Status.txt	932865	771	311e9de736ef64cfc12978b4ea78f518d9b2c32b0033046824e56a9c1ecd7fbd	L1602520-R002,L1602521-R001
Ex	13	1	4Q140	1606798	PARTLY_RECONSTRUCTED	8	20	18	7	2	9	9	2	0	1	0	0	0	0	passage_status/DSS-Exodus-Passage-Status.txt	933636	748	bd203e9613ad23f2ff5e0e795da320d4d4a0e1fb7bc7af8bc291e60d80130eab	L1602521-R002,L1602522-R001
Ex	13	2	4Q140	1606798	PARTLY_RECONSTRUCTED	18	48	44	16	1	25	17	1	0	1	0	2	0	0	passage_status/DSS-Exodus-Passage-Status.txt	934384	741	19f26b73c85fe8a4444aebb97bc3f378035644952137f04b35008e1d9a8c8d0b	L1602522-R002
Ex	13	3	4Q140	1606798	PARTLY_RECONSTRUCTED	35	96	92	52	3	37	52	3	0	1	0	0	0	0	passage_status/DSS-Exodus-Passage-Status.txt	935125	758	8e3539f4f3ec035325c9c69490eeb166e8446fa1c134cb6a7d73d74268651835	L1602523-R001,L1602524-R001
Ex	13	4	4Q140	1606798	PARTLY_RECONSTRUCTED	9	23	21	19	1	1	19	1	0	1	0	0	0	0	passage_status/DSS-Exodus-Passage-Status.txt	935883	734	28dc03896ba9303dace3d4c0383d2503a465c89f96046860a732dbbdee041ea6	L1602525-R001
Ex	13	5	4Q140	1606798	PARTLY_RECONSTRUCTED	49	135	129	35	11	83	38	11	0	1	0	0	0	0	passage_status/DSS-Exodus-Passage-Status.txt	936617	800	4194751b0ca5560c6222c1895b558c7437f413ab1831c6a7b98bfb0a97712d5c	L1602525-R002,L1602526-R001,L1602527-R001,L1602528-R001
Ex	13	6	4Q140	1606798	PARTLY_RECONSTRUCTED	13	37	35	1	1	33	1	1	0	1	0	0	0	0	passage_status/DSS-Exodus-Passage-Status.txt	937417	734	25f66fc5132722a5cc02cda4a25fa9723f73a8d8c22f6e774db4d15bc7ff44cc	L1602528-R002
Ex	13	7	4Q140	1606798	PARTLY_RECONSTRUCTED	20	66	61	11	3	46	11	3	0	1	0	1	0	0	passage_status/DSS-Exodus-Passage-Status.txt	938151	785	8cd50afde18648cfb4479b438902fa1276b84300591dcc277d85638fadfdbec0	L1602528-R003,L1602529-R001,L1602530-R001
Ex	13	8	4Q140	1606798	NO_LETTER_RECONSTRUCTION_MARKED	21	57	52	0	1	51	0	1	0	1	0	0	0	0	passage_status/DSS-Exodus-Passage-Status.txt	938936	761	904d8bdaa393aae88a515beb2cecc6ee21d840fc26c96c244a69ec094ef6eaba	L1602530-R002,L1602531-R001
Ex	13	9	4Q140	1606798	PARTLY_RECONSTRUCTED	27	88	81	2	1	77	2	1	0	1	0	1	0	0	passage_status/DSS-Exodus-Passage-Status.txt	939697	755	2a93a1298179b20e488a2d51481700357844134ca6bdf0486e98a5590a049b30	L1602531-R002,L1602532-R001
Ex	13	10	4Q140	1606798	PARTLY_RECONSTRUCTED	13	42	38	5	2	31	5	2	0	1	0	0	0	0	passage_status/DSS-Exodus-Passage-Status.txt	940452	758	1321423d6e211730d6fc4fec71d00bf9e31bdce7ae5e0c935b292bd865621dae	L1602532-R002,L1602533-R001
Ex	13	4	4Q144	1606802	PARTLY_RECONSTRUCTED	7	21	19	13	4	2	15	4	0	1	0	0	0	0	passage_status/DSS-Exodus-Passage-Status.txt	941210	746	3e2537320b2bfc7967dfc042582e3e9ca5e33832458da76573beafa9f2890610	L1602613-R001
Ex	13	5	4Q144	1606802	PARTLY_RECONSTRUCTED	50	121	116	102	5	9	104	5	0	1	0	0	0	0	passage_status/DSS-Exodus-Passage-Status.txt	941956	805	c513e86866324a586519a41d8a91bdd9ba9bdcdc318cccc328d341364f48c47b	L1602613-R002,L1602614-R001,L1602615-R001,L1602616-R001
Ex	13	6	4Q144	1606802	PARTLY_RECONSTRUCTED	13	34	32	28	2	2	30	2	0	1	0	0	0	0	passage_status/DSS-Exodus-Passage-Status.txt	942761	735	b49643a93d35d045f5b12fbebc96882f81082ca28bb297a2a2a1fc8efd3e4f6b	L1602616-R002
Ex	13	7	4Q144	1606802	PARTLY_RECONSTRUCTED	19	55	50	41	2	7	46	2	0	1	0	0	0	0	passage_status/DSS-Exodus-Passage-Status.txt	943496	757	b3404fbbafc404a036eed4c51eec35677bc29038d0dba5123d20a8d66c58748d	L1602616-R003,L1602617-R001
Ex	13	8	4Q144	1606802	PARTLY_RECONSTRUCTED	21	55	50	39	1	10	43	1	0	1	0	0	0	0	passage_status/DSS-Exodus-Passage-Status.txt	944253	752	13939dc309be5408e0079313ca7c41e20df0130ed5b84c467bcbdb7a4864184e	L1602617-R002,L1602618-R001
Ex	13	9	4Q144	1606802	PARTLY_RECONSTRUCTED	19	57	51	42	2	7	46	2	0	1	0	0	0	0	passage_status/DSS-Exodus-Passage-Status.txt	945005	741	150d4e104d0700f9fe0adb4750a7b042a86e662c8d180f5e894a505f1ced4011	L1602619-R001
Ex	13	1	4Q145	1606803	PARTLY_RECONSTRUCTED	8	20	18	2	3	13	2	3	0	1	0	0	0	0	passage_status/DSS-Exodus-Passage-Status.txt	945746	745	24b7fa68383c2aa5e213e71744dc8977c763ad968769d977fb97159c5b0de963	L1602620-R001
Ex	13	2	4Q145	1606803	PARTLY_RECONSTRUCTED	19	47	43	18	5	20	18	5	0	1	0	0	0	0	passage_status/DSS-Exodus-Passage-Status.txt	946491	758	41ce5ed2f49ed350e4b93f5cc0c1d205038c436197640a56c40c5dc44e59b496	L1602620-R002,L1602621-R001
Ex	13	3	4Q145	1606803	PARTLY_RECONSTRUCTED	33	87	84	36	6	42	37	6	0	1	0	0	0	0	passage_status/DSS-Exodus-Passage-Status.txt	947249	774	da363019650a3f57af6c81ecbffd8a9f5b3b4289e630741dc294f8e8e419d19c	L1602621-R002,L1602622-R001,L1602623-R001
Ex	13	4	4Q145	1606803	PARTLY_RECONSTRUCTED	9	23	21	5	5	11	7	5	0	1	0	0	0	0	passage_status/DSS-Exodus-Passage-Status.txt	948023	739	14387e4f0cb27da051e74558dc0dd3a75753024eaba3d0e69c9223b76950f1df	L1602623-R002
Ex	13	5	4Q145	1606803	PARTLY_RECONSTRUCTED	45	114	106	34	10	62	37	10	1	2	0	0	0	0	passage_status/DSS-Exodus-Passage-Status.txt	948762	794	d72cb20357f95adf9d0cdc1f6a434795a099bcb651ea264b495def4fde72ceb7	L1602623-R003,L1602624-R001,L1602625-R001,L1602626-R001
Ex	13	6	4Q145	1606803	PARTLY_RECONSTRUCTED	13	35	33	20	2	11	20	2	0	1	0	0	0	0	passage_status/DSS-Exodus-Passage-Status.txt	949556	752	840a8026bc69f1ebbbd3ab59e1d2c0a455b6844a2c660e809bc3b53d8d25580b	L1602626-R002,L1602627-R001
Ex	13	7	4Q145	1606803	PARTLY_RECONSTRUCTED	20	57	52	18	7	27	20	7	0	1	0	0	0	0	passage_status/DSS-Exodus-Passage-Status.txt	950308	780	e1a380074d7df52451f698a7bc8881a45cc5221123c1885da5c5246e9b9ad0b2	L1602627-R002,L1602628-R001,L1602629-R001
Ex	13	8	4Q145	1606803	NO_LETTER_RECONSTRUCTION_MARKED	23	57	52	0	11	38	0	11	0	1	0	3	0	0	passage_status/DSS-Exodus-Passage-Status.txt	951088	818	c708c7a2b4ea91c87ad336979baa3edb3d0008d24c2331d8d4c838ab913984a1	L1602629-R002,L1602630-R001,L1602631-R001,L1602632-R001
Ex	13	9	4Q145	1606803	PARTLY_RECONSTRUCTED	28	82	75	5	16	54	5	16	0	1	0	0	0	0	passage_status/DSS-Exodus-Passage-Status.txt	951906	818	6055ee2ba1d3a9639cc1b8965d21ca78c05b66ea8d811b6a3288e961a7ec6736	L1602632-R002,L1602633-R001,L1602634-R001,L1602635-R001,L1602636-R001
Ex	13	10	4Q145	1606803	PARTLY_RECONSTRUCTED	13	36	32	4	5	23	4	5	0	1	0	0	0	0	passage_status/DSS-Exodus-Passage-Status.txt	952724	774	9abd31efe57fef9090443bca16ce9ae0fef01c1da7f6e8dd1aedbe078925e0c6	L1602636-R002,L1602637-R001,L1602638-R001
Ex	20	7	4Q149	1606805	PARTLY_RECONSTRUCTED	15	39	32	9	12	11	15	12	2	3	0	0	0	0	passage_status/DSS-Exodus-Passage-Status.txt	953498	759	3f832e4c78b2ffcfc3b5c2b8e23b560c0d58cf0aeab2a9528362461b96c8a256	L1602655-R001,L1602656-R001
Ex	20	8	4Q149	1606805	ALL_LETTER_SLOTS_RECONSTRUCTED	8	21	18	18	0	0	21	0	0	1	0	0	0	0	passage_status/DSS-Exodus-Passage-Status.txt	954257	739	fe14580cebe8e4a94327f84c0e13c1ade9376f382f4bbd69a4e62622a2af9d69	L1602656-R002
Ex	20	9	4Q149	1606805	PARTLY_RECONSTRUCTED	9	32	29	8	1	20	8	1	0	1	0	0	0	0	passage_status/DSS-Exodus-Passage-Status.txt	954996	733	51466060960cf755e80ddee0b8ad3b9f4ab3c31cbcf3fbeae98d3f62076a1297	L1602657-R001
Ex	20	10	4Q149	1606805	PARTLY_RECONSTRUCTED	28	95	84	65	3	16	73	3	0	1	0	0	0	0	passage_status/DSS-Exodus-Passage-Status.txt	955729	766	74b7d646cd5aa621bcbe91307df0c0a1dac30ba8c5b98777fcf8799925cc69bc	L1602657-R002,L1602658-R001
Ex	20	11	4Q149	1606805	PARTLY_RECONSTRUCTED	37	92	88	74	3	11	78	3	0	1	0	0	0	0	passage_status/DSS-Exodus-Passage-Status.txt	956495	770	2b48c348323690064dbe35730fcb60c6b7dedb5e1660e2818b21cfa1ca3a772c	L1602658-R002,L1602659-R001,L1602660-R001
Ex	20	12	4Q149	1606805	PARTLY_RECONSTRUCTED	23	74	58	39	9	10	52	9	3	5	0	0	0	0	passage_status/DSS-Exodus-Passage-Status.txt	957265	788	754349e30b890e1983f58d62eca2555ac3d889d8a251460fd6da27eaae4938e3	L1602660-R002,L1602661-R001,L1602662-R001
Ex	13	1	4Q154	1606810	PARTLY_RECONSTRUCTED	8	20	18	9	2	7	11	2	0	1	0	0	0	0	passage_status/DSS-Exodus-Passage-Status.txt	958053	733	0c44ad01720f3e8259efe7d7e4e2c8c441dfb2b1083ba628e59c952c8a52d80b	L1602703-R001
Ex	13	2	4Q154	1606810	PARTLY_RECONSTRUCTED	18	47	43	28	5	10	32	5	0	1	0	0	0	0	passage_status/DSS-Exodus-Passage-Status.txt	958786	764	8475faf053999578ec2bf0973e876644af7bfa3d0e581c7fb03cfdca0743a01f	L1602703-R002,L1602704-R001
Ex	13	3	4Q154	1606810	PARTLY_RECONSTRUCTED	33	86	83	53	19	11	54	19	0	1	0	0	0	0	passage_status/DSS-Exodus-Passage-Status.txt	959550	804	5c158dc1a0a6c3036d6ecc34b1a4495dd6ca4edd032a50e3071536c93be78250	L1602704-R002,L1602705-R001,L1602706-R001,L1602707-R001
Ex	13	4	4Q154	1606810	PARTLY_RECONSTRUCTED	9	23	21	19	1	1	21	1	0	1	0	0	0	0	passage_status/DSS-Exodus-Passage-Status.txt	960354	734	b62b341e2b43398d2fb3aac0d2f5c7f8a9dc9a001405e476280778bf0edab320	L1602707-R002
Ex	13	5	4Q154	1606810	NO_LETTER_SLOTS	4	8	0	0	0	0	5	1	2	4	0	0	0	0	passage_status/DSS-Exodus-Passage-Status.txt	961088	720	667c1698d6185664f6177c3fe8bad9abca4f21177a54d34443944ed28daec942	L1602708-R001
Ex	13	11	4Q155	1606811	NO_LETTER_RECONSTRUCTION_MARKED	21	57	50	0	3	47	0	3	0	1	0	0	0	0	passage_status/DSS-Exodus-Passage-Status.txt	961808	769	7809458d2e35bb5e83cbebe440ed72af78529fbe28c6de404f5c2bdc0329285e	L1602709-R001,L1602710-R001
Ex	13	12	4Q155	1606811	NO_LETTER_RECONSTRUCTION_MARKED	21	56	53	0	4	47	0	4	0	1	0	2	0	0	passage_status/DSS-Exodus-Passage-Status.txt	962577	784	d2ab350cf8d1aa71665c3bc235f75b8597146d72698afad5414575b53d3f02a6	L1602710-R002,L1602711-R001,L1602712-R001
Ex	13	13	4Q155	1606811	PARTLY_RECONSTRUCTED	21	57	52	1	6	45	1	6	0	1	0	0	0	0	passage_status/DSS-Exodus-Passage-Status.txt	963361	786	504ed35dd1286ad305c02c6ac18751c7e396ac344ec5067dd4af13793be3e0e0	L1602713-R001,L1602714-R001,L1602715-R001
Ex	13	14	4Q155	1606811	PARTLY_RECONSTRUCTED	24	73	67	15	10	42	15	10	0	1	0	0	0	0	passage_status/DSS-Exodus-Passage-Status.txt	964147	806	e04967791ad17bf84b46f0d586d6bb5db779a6dd0adcc8864f6c4d8d9b32988f	L1602715-R002,L1602716-R001,L1602717-R001,L1602718-R001
Ex	13	15	4Q155	1606811	PARTLY_RECONSTRUCTED	39	110	106	45	6	55	48	6	0	1	0	0	0	0	passage_status/DSS-Exodus-Passage-Status.txt	964953	794	7619214cf92420062b1ca64c3e50dcd8edadfb1c812a792d4ab1ad62422fdc67	L1602718-R002,L1602719-R001,L1602720-R001,L1602721-R001
Ex	13	16	4Q155	1606811	PARTLY_RECONSTRUCTED	20	59	54	42	1	11	44	1	0	1	0	0	0	0	passage_status/DSS-Exodus-Passage-Status.txt	965747	770	4b51d0c7bb95b85cde7786292949f4f5413b43458a3ce6498a10a2020906c7de	L1602721-R002,L1602722-R001,L1602723-R001
Ex	13	1	8Q3	1606830	PARTLY_RECONSTRUCTED	8	20	18	10	0	8	10	0	0	1	0	0	0	0	passage_status/DSS-Exodus-Passage-Status.txt	966517	725	ad36ac5f59b98d226aec317ba2fb9f2b830d583b5a60a3d15feac3c0ce300751	L1603134-R001
Ex	13	2	8Q3	1606830	PARTLY_RECONSTRUCTED	18	47	43	8	0	35	8	0	0	1	0	0	0	0	passage_status/DSS-Exodus-Passage-Status.txt	967242	741	b27230c01cc9949c881b5c0e5d0aeb725210ad561b3868beb5d045ca988dcf77	L1603134-R002,L1603135-R001
Ex	13	3	8Q3	1606830	PARTLY_RECONSTRUCTED	33	86	83	19	0	63	21	0	0	1	0	1	0	0	passage_status/DSS-Exodus-Passage-Status.txt	967983	780	e9b60ad0f3fb6ee86a9ecd5011a5e962b71d417c878667706d3df4834a2c1a19	L1603135-R002,L1603136-R001,L1603137-R001,L1603138-R001
Ex	13	4	8Q3	1606830	PARTLY_RECONSTRUCTED	9	23	21	8	0	13	8	0	0	1	0	0	0	0	passage_status/DSS-Exodus-Passage-Status.txt	968763	724	a33f1f38191efc5f72139fd070c23b28d8957ae327ba6919c958cb7c989ea64a	L1603138-R002
Ex	13	5	8Q3	1606830	PARTLY_RECONSTRUCTED	45	109	104	38	0	66	39	0	0	1	0	0	0	0	passage_status/DSS-Exodus-Passage-Status.txt	969487	777	32f8ed811dcc3e999094d63c663409493b26e932ae17ad525401f9a51e05f1cc	L1603138-R003,L1603139-R001,L1603140-R001,L1603141-R001
Ex	13	6	8Q3	1606830	PARTLY_RECONSTRUCTED	13	35	33	4	0	29	4	0	0	1	0	0	0	0	passage_status/DSS-Exodus-Passage-Status.txt	970264	741	4741978a97d6c5cbe310faccc006c2bdab232ef498d3b72725f17e9bf16f1b74	L1603141-R002,L1603142-R001
Ex	13	7	8Q3	1606830	PARTLY_RECONSTRUCTED	20	55	50	16	2	32	20	2	0	1	0	0	0	0	passage_status/DSS-Exodus-Passage-Status.txt	971005	754	232b4136ac3c70aa92afa6390175332efa5032f3409a6349dc7fb9f9b730181c	L1603143-R001,L1603144-R001
Ex	13	8	8Q3	1606830	PARTLY_RECONSTRUCTED	21	53	48	40	0	8	43	0	0	1	0	0	0	0	passage_status/DSS-Exodus-Passage-Status.txt	971759	758	ac77686b718697831f67bf3c7c5dded8d54ec03d02d92c8ecfa2020e05c45555	L1603144-R002,L1603145-R001,L1603146-R001
Ex	13	9	8Q3	1606830	PARTLY_RECONSTRUCTED	27	81	74	42	0	32	47	0	0	1	0	0	0	0	passage_status/DSS-Exodus-Passage-Status.txt	972517	759	ca28aa5cb3b12497d3148429f011d3b1f5cc384562df7a4d0c6671c91088ad09	L1603146-R002,L1603147-R001,L1603148-R001
Ex	13	10	8Q3	1606830	PARTLY_RECONSTRUCTED	13	35	31	20	0	11	23	0	0	1	0	0	0	0	passage_status/DSS-Exodus-Passage-Status.txt	973276	729	4297988bd4a9106ec2548985274d5b12e74929bb89a87e5b12c18c85805b8101	L1603149-R001
Ex	13	11	8Q3	1606830	PARTLY_RECONSTRUCTED	20	56	49	30	0	19	37	0	0	1	0	0	0	0	passage_status/DSS-Exodus-Passage-Status.txt	974005	729	4faddbc25557f56779a20d1480adf5d6b1536952d98aa87360967ebe7436a6bd	L1603150-R001
Ex	13	12	8Q3	1606830	PARTLY_RECONSTRUCTED	15	44	40	15	2	23	18	2	0	1	0	0	0	0	passage_status/DSS-Exodus-Passage-Status.txt	974734	740	a68cfcb78a81a5885036302ab869ef730d09aa0114ea25d7b0f12c293423c9c4	L1603151-R001
Ex	13	13	8Q3	1606830	PARTLY_RECONSTRUCTED	21	54	50	31	0	19	32	0	0	1	0	0	0	0	passage_status/DSS-Exodus-Passage-Status.txt	975474	745	be7ec8b5b2c8e6c64580e4ac723a45e5ae5a6d2181d25fd1aed53bde69d4978f	L1603151-R002,L1603152-R001
Ex	13	14	8Q3	1606830	PARTLY_RECONSTRUCTED	24	73	67	30	0	37	31	0	0	1	0	0	0	0	passage_status/DSS-Exodus-Passage-Status.txt	976219	745	eafa7f9e91357ca51ff12387e0246a090ef4ebf2d38cb550a1e48b7df7e309ce	L1603152-R002,L1603153-R001
Ex	13	15	8Q3	1606830	PARTLY_RECONSTRUCTED	39	109	105	51	0	54	52	0	0	1	0	0	0	0	passage_status/DSS-Exodus-Passage-Status.txt	976964	763	187d2d595bef43ba231b0ff27df00288735f421b6df3ef1ad0efaf0386fdd549	L1603153-R002,L1603154-R001,L1603155-R001
Ex	13	16	8Q3	1606830	PARTLY_RECONSTRUCTED	20	59	54	19	0	35	20	0	0	1	0	0	0	0	passage_status/DSS-Exodus-Passage-Status.txt	977727	745	3e92006bbf6f806dfa0ebce9dd7468235a2091514a338a594f2bb73f24f27ef4	L1603155-R002,L1603156-R001
Ex	12	43	8Q3	1606830	PARTLY_RECONSTRUCTED	17	46	42	32	2	8	35	3	0	1	0	0	0	0	passage_status/DSS-Exodus-Passage-Status.txt	978472	755	0bd3d62e596c0a57f8bb3f86ea1455f01cbefac312b3600cb6570bd0cdd51e8e	L1603208-R002,L1603209-R001
Ex	12	44	8Q3	1606830	PARTLY_RECONSTRUCTED	8	24	20	16	0	4	19	0	0	1	0	0	0	0	passage_status/DSS-Exodus-Passage-Status.txt	979227	727	fc04d8cb737c390105f30635e95617b66417507801d01c65b438bb0ab1489417	L1603209-R002
Ex	12	45	8Q3	1606830	PARTLY_RECONSTRUCTED	7	20	17	14	0	3	17	0	0	1	0	0	0	0	passage_status/DSS-Exodus-Passage-Status.txt	979954	727	69971e3dcfb9995267977d574dba8976ec693dca1d29625af9256ed24fdea238	L1603209-R003
Ex	12	46	8Q3	1606830	PARTLY_RECONSTRUCTED	15	40	34	22	4	8	27	4	1	2	0	0	0	0	passage_status/DSS-Exodus-Passage-Status.txt	980681	755	b5f240998ca5f5aaa7110ca4e1ce3f2c18c2df2bed4eeceaf7ae4dd141135e47	L1603209-R004,L1603210-R001
Ex	12	47	8Q3	1606830	PARTLY_RECONSTRUCTED	6	20	17	6	0	11	9	0	0	1	0	0	0	0	passage_status/DSS-Exodus-Passage-Status.txt	981436	726	2d5c2f5689db79a08eb14622bfa741a5051980d6aa1d148eaaebb67255965638	L1603210-R002
Ex	12	48	8Q3	1606830	PARTLY_RECONSTRUCTED	7	18	13	4	1	8	6	1	1	2	0	0	0	0	passage_status/DSS-Exodus-Passage-Status.txt	982162	746	65b321ac06c724a2fbd66c3c4aa9c386cc930d7dbb603d705ee10af42c076c8e	L1603210-R003,L1603211-R001
Ex	12	49	8Q3	1606830	PARTLY_RECONSTRUCTED	13	33	30	9	5	16	9	5	0	1	0	0	0	0	passage_status/DSS-Exodus-Passage-Status.txt	982908	738	eea65de4b726f1d13d91a9dd21f1aefc61e982abc5e9875e5aaa70605d66cb14	L1603211-R002
Ex	12	50	8Q3	1606830	PARTLY_RECONSTRUCTED	16	44	42	21	1	20	21	1	0	1	0	0	0	0	passage_status/DSS-Exodus-Passage-Status.txt	983646	750	611925b1274a06c8cdf51ef1f899870ae2afca6739a3787abbfdbce7ce960065	L1603211-R003,L1603212-R001
Ex	12	51	8Q3	1606830	PARTLY_RECONSTRUCTED	19	55	51	19	2	30	19	2	0	1	0	0	0	0	passage_status/DSS-Exodus-Passage-Status.txt	984396	750	219e3768a3488dacdba7247bde2712133c8caf08848b59e87f00a61b0b427ef8	L1603212-R002,L1603213-R001
Ex	20	11	8Q3	1606830	PARTLY_RECONSTRUCTED	35	80	68	47	5	16	55	7	3	5	0	0	0	0	passage_status/DSS-Exodus-Passage-Status.txt	985146	772	0a3fd18c64904a4e3c57f4c12be7b60d61f932e87264fa90c1502722b7d20ba0	L1603223-R002,L1603224-R001,L1603225-R001
Ex	12	43	Xq1	1606841	NO_LETTER_RECONSTRUCTION_MARKED	18	47	44	0	2	42	0	2	0	1	0	0	0	0	passage_status/DSS-Exodus-Passage-Status.txt	985918	749	42192154ac225ea24b9a02af4ed5d16eaeee1ec3a05c21e3ba882999e956537b	L1604184-R001
Ex	12	44	Xq1	1606841	PARTLY_RECONSTRUCTED	13	36	32	1	1	28	2	1	0	1	0	2	0	0	passage_status/DSS-Exodus-Passage-Status.txt	986667	753	033e1738b4425fe8f376d351003afd4e545e5d17f36929abed9f85ce160e90f7	L1604184-R002,L1604185-R001
Ex	12	45	Xq1	1606841	NO_LETTER_RECONSTRUCTION_MARKED	7	20	17	0	4	13	0	4	0	1	0	0	0	0	passage_status/DSS-Exodus-Passage-Status.txt	987420	742	f5ae33433421d72b83c1964de94d3e870ef7e3e6fcd16d1b802cc6e838a1be74	L1604185-R002
Ex	12	46	Xq1	1606841	PARTLY_RECONSTRUCTED	18	52	47	1	2	44	1	2	0	1	0	0	0	0	passage_status/DSS-Exodus-Passage-Status.txt	988162	748	847589a9c033826e2e2ab1797c1f21e6953cdd9714ec149af05bbf19c2e52546	L1604185-R003,L1604186-R001
Ex	12	47	Xq1	1606841	NO_LETTER_RECONSTRUCTION_MARKED	6	21	18	0	0	18	0	0	0	1	0	0	0	0	passage_status/DSS-Exodus-Passage-Status.txt	988910	737	1bdbd39e698e7fa59cb975e69fc54b59e3e8799cc472fce73322250d009bbf34	L1604186-R002
Ex	12	48	Xq1	1606841	NO_LETTER_RECONSTRUCTION_MARKED	31	81	75	0	8	64	0	8	0	1	0	3	0	0	passage_status/DSS-Exodus-Passage-Status.txt	989647	786	76a03ace347bba8e2ba7e8afbbe25fbef8105fc250d9fb0947112bbf90b94ff9	L1604186-R003,L1604187-R001,L1604188-R001
Ex	12	49	Xq1	1606841	NO_LETTER_RECONSTRUCTION_MARKED	13	32	29	0	7	22	0	7	0	1	0	0	0	0	passage_status/DSS-Exodus-Passage-Status.txt	990433	749	94d969703742ca2c08dd12fd8e83f8effd9fc0fe260c6ec64035534367d5c3ee	L1604188-R002
Ex	12	50	Xq1	1606841	NO_LETTER_RECONSTRUCTION_MARKED	18	47	45	0	6	39	0	6	0	1	0	0	0	0	passage_status/DSS-Exodus-Passage-Status.txt	991182	765	2e7c10b29428af8a6ed6b03bf974901957e8078d26abcc9cc1c5ee0427c910f3	L1604188-R003,L1604189-R001
Ex	12	51	Xq1	1606841	PARTLY_RECONSTRUCTED	19	54	51	1	10	40	1	10	0	1	0	1	0	0	passage_status/DSS-Exodus-Passage-Status.txt	991947	756	d8d689f38bb3b863048afdaf153914a8765b7fa92e2578de7378ce1ef97025c3	L1604189-R002,L1604190-R001
Ex	13	1	Xq1	1606841	NO_LETTER_RECONSTRUCTION_MARKED	8	21	19	0	1	15	0	1	0	1	0	3	0	0	passage_status/DSS-Exodus-Passage-Status.txt	992703	745	89b9ad73163fa1e61590201313e8c3cb33a58678c862b1191bbe2d478579f2d3	L1604190-R002
Ex	13	2	Xq1	1606841	NO_LETTER_RECONSTRUCTION_MARKED	18	47	43	0	7	36	0	7	0	1	0	0	0	0	passage_status/DSS-Exodus-Passage-Status.txt	993448	747	babd42c9af32781a874a547668b52500b07bfe1a26140795f04f693f094d7b6f	L1604191-R001
Ex	13	3	Xq1	1606841	NO_LETTER_RECONSTRUCTION_MARKED	33	86	83	0	7	74	0	7	0	1	0	2	0	0	passage_status/DSS-Exodus-Passage-Status.txt	994195	784	5b21d6ca4aca926412aabe30957577b36e1dc8910db51cca13f418641949710e	L1604191-R002,L1604192-R001,L1604193-R001
Ex	13	4	Xq1	1606841	NO_LETTER_RECONSTRUCTION_MARKED	9	23	21	0	0	21	0	0	0	1	0	0	0	0	passage_status/DSS-Exodus-Passage-Status.txt	994979	735	28f1c4af9f13eade1cf2e7e91e822629f0e52ef4850a3021dd4a95d6ce5b05f7	L1604193-R002
Ex	13	5	Xq1	1606841	NO_LETTER_RECONSTRUCTION_MARKED	45	109	104	0	6	94	0	6	0	1	0	5	0	0	passage_status/DSS-Exodus-Passage-Status.txt	995714	786	55770882c6467f39ccaef2db111db7195a44359d8b1dc764c9e32b59fe28ab97	L1604193-R003,L1604194-R001,L1604195-R001
Ex	13	6	Xq1	1606841	NO_LETTER_RECONSTRUCTION_MARKED	13	36	34	0	3	29	0	3	0	1	0	2	0	0	passage_status/DSS-Exodus-Passage-Status.txt	996500	768	f5eb0d779aac08d180c067593128912f6e0c45943df0105480c8230978e1de0f	L1604195-R002,L1604196-R001
Ex	13	7	Xq1	1606841	NO_LETTER_RECONSTRUCTION_MARKED	20	56	51	0	8	43	0	8	0	1	0	0	0	0	passage_status/DSS-Exodus-Passage-Status.txt	997268	763	4cfcb96501e43d3f73f4beb6893c53f3e8eff5148ea54aae461c86ba50da321a	L1604196-R002,L1604197-R001
Ex	13	8	Xq1	1606841	PARTLY_RECONSTRUCTED	21	53	48	1	11	36	1	11	0	1	0	0	0	0	passage_status/DSS-Exodus-Passage-Status.txt	998031	754	5bba7a3e339583a8f5ece2ff6fe79e7ddddf1ed7d9d854938e4f245b2b968ee8	L1604197-R002,L1604198-R001
Ex	13	9	Xq1	1606841	PARTLY_RECONSTRUCTED	27	83	76	2	16	58	2	16	0	1	0	0	0	0	passage_status/DSS-Exodus-Passage-Status.txt	998785	771	c476aede0529dc5157fa1a5b308228e8725b8f2cd743c92c26b9b03073020dd4	L1604198-R002,L1604199-R001,L1604200-R001
Ex	13	10	Xq1	1606841	NO_LETTER_RECONSTRUCTION_MARKED	13	35	31	0	8	23	0	8	0	1	0	0	0	0	passage_status/DSS-Exodus-Passage-Status.txt	999556	749	c429aff3fec0e83e6ee7d9c5d38286cc2220e3531404b4d6ba38f40544a2e34b	L1604200-R002
Ex	13	11	Xq3	1606843	NO_LETTER_RECONSTRUCTION_MARKED	20	57	50	0	4	45	0	4	0	1	0	1	0	0	passage_status/DSS-Exodus-Passage-Status.txt	1000305	770	1a52ad28adc7cd683b205058d5b004c397b7d21d94561f7f77cbfd1fe9457016	L1604264-R002,L1604265-R001
Ex	13	12	Xq3	1606843	NO_LETTER_RECONSTRUCTION_MARKED	20	55	52	0	6	45	0	6	0	1	0	1	0	0	passage_status/DSS-Exodus-Passage-Status.txt	1001075	770	b713bf4f5e9585191b6cf1f63a52e427ee44f2f6066cc0a845ed67ff8d579ab7	L1604265-R002,L1604266-R001
Ex	13	13	Xq3	1606843	PARTLY_RECONSTRUCTED	21	54	50	1	11	38	1	11	0	1	0	0	0	0	passage_status/DSS-Exodus-Passage-Status.txt	1001845	757	8ab7765b2596bea38b0f7c1461dbc8c8de6c300793f3f1fcba8bd201d49a6240	L1604266-R002,L1604267-R001
Ex	13	14	Xq3	1606843	NO_LETTER_RECONSTRUCTION_MARKED	24	73	67	0	2	63	0	2	0	1	0	2	0	0	passage_status/DSS-Exodus-Passage-Status.txt	1002602	770	0c07e4b51a1e2cc1edd4a492f2f468bc9bee0b135689f2f85347b06eac007ff1	L1604268-R001,L1604269-R001
Ex	13	15	Xq3	1606843	NO_LETTER_RECONSTRUCTION_MARKED	39	109	105	0	2	100	0	2	0	1	0	3	0	0	passage_status/DSS-Exodus-Passage-Status.txt	1003372	789	0198db915cdb6abb0cb209fac7b76783fe7a21154ca7ffd016af932baacaf50d	L1604269-R002,L1604270-R001,L1604271-R001
Ex	13	16	Xq3	1606843	PARTLY_RECONSTRUCTED	20	59	54	1	4	49	1	4	0	1	0	0	0	0	passage_status/DSS-Exodus-Passage-Status.txt	1004161	748	201589a4df92a54d5cfe7642e7b1b9d3c663055e65b4089e651e0f7085ce836b	L1604271-R002,L1604272-R001
Ex	4	27	Mur1	1606844	NO_LETTER_SLOTS	5	10	0	0	0	0	9	1	3	5	0	0	0	0	passage_status/DSS-Exodus-Passage-Status.txt	1004909	735	71c5d1c475e30b4ef74bf47c75edeea2f2caac362cb82803e0eaf9febeb26a6f	L1604302-R001,L1604303-R001
Ex	4	28	Mur1	1606844	PARTLY_RECONSTRUCTED	19	51	47	9	5	33	9	5	0	1	0	0	0	0	passage_status/DSS-Exodus-Passage-Status.txt	1005644	748	393a7fa5f9a97a9bd9e3d74232c3493df1eff03332081c7043599107d34ba977	L1604303-R002,L1604304-R001
Ex	4	29	Mur1	1606844	NO_LETTER_RECONSTRUCTION_MARKED	13	36	34	0	1	33	0	1	0	1	0	0	0	0	passage_status/DSS-Exodus-Passage-Status.txt	1006392	759	d0a5c5aa9acc84cfb57f7fbae0cf6a038dd94399853c990598775d8c07719c99	L1604304-R002,L1604305-R001
Ex	4	30	Mur1	1606844	PARTLY_RECONSTRUCTED	21	52	50	3	2	45	3	2	0	1	0	0	0	0	passage_status/DSS-Exodus-Passage-Status.txt	1007151	764	1fefd7263b303b18b15324eeefcf32ea3aaba4bc06a8d919ca8f80b3f01fe051	L1604305-R002,L1604306-R001,L1604307-R001
Ex	4	31	Mur1	1606844	PARTLY_RECONSTRUCTED	22	60	57	37	6	14	40	6	0	1	0	0	0	0	passage_status/DSS-Exodus-Passage-Status.txt	1007915	784	a506da88a239c04446f355173634a3efde7608e27911e11852b95061d5740ea3	L1604307-R002,L1604308-R001,L1604309-R001
Ex	5	1	Mur1	1606844	ALL_LETTER_SLOTS_RECONSTRUCTED	24	69	65	65	0	0	69	0	0	1	0	0	0	0	passage_status/DSS-Exodus-Passage-Status.txt	1008699	768	84716903a36c2319c315495ca7e35bb4b31e7e7e5349bd718c3b5ede8092fde4	L1604309-R002,L1604310-R001,L1604311-R001
Ex	5	2	Mur1	1606844	ALL_LETTER_SLOTS_RECONSTRUCTED	24	69	66	66	0	0	69	0	0	1	0	0	0	0	passage_status/DSS-Exodus-Passage-Status.txt	1009467	768	c73dea4e938c5d00229e0afe0e20e2068bfd67156f2566de9d78e6c8164527d5	L1604311-R002,L1604312-R001,L1604313-R001
Ex	5	3	Mur1	1606844	PARTLY_RECONSTRUCTED	21	70	66	53	5	8	54	5	0	1	0	0	0	0	passage_status/DSS-Exodus-Passage-Status.txt	1010235	769	3d8fe61c9eb03458250ec0f68518adaa2ee980a72559c60cf1380cc0b5216051	L1604313-R002,L1604314-R001,L1604315-R001
Ex	6	5	Mur1	1606844	PARTLY_RECONSTRUCTED	9	33	29	15	12	2	15	12	0	1	0	0	0	0	passage_status/DSS-Exodus-Passage-Status.txt	1011004	760	b8e68f20995f793eb9a09d9aa05ff654ede6c5a6f84c4eb3738364b13607e628	L1604316-R001,L1604317-R001
Ex	6	6	Mur1	1606844	PARTLY_RECONSTRUCTED	31	100	94	18	11	65	20	11	0	1	0	0	0	0	passage_status/DSS-Exodus-Passage-Status.txt	1011764	801	8debf65ffb93be9a45fade9e43ecbbf6de6fe47c3f237fa608ed7c00c0d4b4bf	L1604317-R002,L1604318-R001,L1604319-R001,L1604320-R001
Ex	6	7	Mur1	1606844	PARTLY_RECONSTRUCTED	25	82	75	25	10	40	27	10	0	1	0	0	0	0	passage_status/DSS-Exodus-Passage-Status.txt	1012565	794	0ebdc9fa71de3fb89e17a527249d61e4828284e0206530d2babb2c587a4bd619	L1604320-R002,L1604321-R001,L1604322-R001,L1604323-R001
Ex	6	8	Mur1	1606844	PARTLY_RECONSTRUCTED	28	82	75	2	3	70	2	3	0	1	0	0	0	0	passage_status/DSS-Exodus-Passage-Status.txt	1013359	768	6d25c07a7c37f0658b348b53ba8d3bffe011b3bbd66d62926b546deb6ad29133	L1604323-R002,L1604324-R001,L1604325-R001
Ex	6	9	Mur1	1606844	PARTLY_RECONSTRUCTED	20	50	48	9	3	36	9	3	0	1	0	0	0	0	passage_status/DSS-Exodus-Passage-Status.txt	1014127	752	a1d4c56b89649f5cfe3a672e0a38ff349d7e95495cb3b4323613b2bdf552209c	L1604326-R001,L1604327-R001
Ex	6	10	Mur1	1606844	ALL_LETTER_SLOTS_RECONSTRUCTED	8	20	18	18	0	0	20	0	0	1	0	0	0	0	passage_status/DSS-Exodus-Passage-Status.txt	1014879	737	57389ac779a814423f16966b1dc73f9668a5862bc9be1ac88799968975aba52b	L1604329-R001
Ex	6	11	Mur1	1606844	PARTLY_RECONSTRUCTED	5	13	11	8	3	0	8	3	0	1	0	0	0	0	passage_status/DSS-Exodus-Passage-Status.txt	1015616	736	f4465bd58a545a1ef53737f69dc4a8a042d0779d2859715e3342df40fdd45b0b	L1604329-R002
Ex	13	1	Mur4	1606847	NO_LETTER_RECONSTRUCTION_MARKED	8	20	18	0	0	18	0	0	0	1	0	0	0	0	passage_status/DSS-Exodus-Passage-Status.txt	1016352	785	dc7fb4c87d61388cbe1c178d1d11fdd1222133fe44798794db0a0cbfee29ec07	L1604371-R001,L1604372-R001,L1604373-R001,L1604374-R001
Ex	13	2	Mur4	1606847	NO_LETTER_RECONSTRUCTION_MARKED	18	47	43	0	0	43	0	0	0	1	0	0	0	0	passage_status/DSS-Exodus-Passage-Status.txt	1017137	802	9d86ed5f9513a90f08b2e7398eab936d805382141b5a43f4bf53698ce35b22bd	L1604374-R002,L1604375-R001,L1604376-R001,L1604377-R001,L1604378-R001
Ex	13	3	Mur4	1606847	NO_LETTER_RECONSTRUCTION_MARKED	33	86	83	0	0	82	0	0	0	1	0	1	0	0	passage_status/DSS-Exodus-Passage-Status.txt	1017939	839	88464de763d5d67b11fbd7f9ef67fcb2f8c654f8b100ce3b1266b21df09ae0c9	L1604379-R001,L1604380-R001,L1604381-R001,L1604382-R001,L1604383-R001,L1604384-R001,L1604385-R001
Ex	13	4	Mur4	1606847	NO_LETTER_RECONSTRUCTION_MARKED	9	23	21	0	0	21	0	0	0	1	0	0	0	0	passage_status/DSS-Exodus-Passage-Status.txt	1018778	769	61d18fa054d78aa397050adb568decc1ef4acdf6b80705bb8ca58859a81d2193	L1604385-R002,L1604386-R001,L1604387-R001
Ex	13	5	Mur4	1606847	NO_LETTER_RECONSTRUCTION_MARKED	45	108	103	0	1	102	0	1	0	1	0	0	0	0	passage_status/DSS-Exodus-Passage-Status.txt	1019547	858	095849393fc8ca67795a58b7e1e20c63ab5b4b30e8afd02727c66439bced5369	L1604387-R002,L1604388-R001,L1604389-R001,L1604390-R001,L1604391-R001,L1604392-R001,L1604393-R001,L1604394-R001
Ex	13	6	Mur4	1606847	NO_LETTER_RECONSTRUCTION_MARKED	13	35	33	0	0	33	0	0	0	1	0	0	0	0	passage_status/DSS-Exodus-Passage-Status.txt	1020405	770	2e5841b211406e65f6e902a131782e7812f15d799f2ffaa246c297a7352b54a9	L1604394-R002,L1604395-R001,L1604396-R001
Ex	13	7	Mur4	1606847	NO_LETTER_RECONSTRUCTION_MARKED	20	55	50	0	0	50	0	0	0	1	0	0	0	0	passage_status/DSS-Exodus-Passage-Status.txt	1021175	786	865520d8a397fe49b14807224501d0be6c3aa14bd4de108160aa2141496e42f1	L1604397-R001,L1604398-R001,L1604399-R001,L1604400-R001
Ex	13	8	Mur4	1606847	NO_LETTER_RECONSTRUCTION_MARKED	21	53	48	0	0	48	0	0	0	1	0	0	0	0	passage_status/DSS-Exodus-Passage-Status.txt	1021961	786	dc405fe5c0e71780c64917f95bf5bb677880a1335ea9b12ee8f15e9cd0a0da96	L1604400-R002,L1604401-R001,L1604402-R001,L1604403-R001
Ex	13	9	Mur4	1606847	NO_LETTER_RECONSTRUCTION_MARKED	27	81	74	0	1	73	0	1	0	1	0	0	0	0	passage_status/DSS-Exodus-Passage-Status.txt	1022747	823	a2c48c5bb170e42ff97163eb3f47e04192cdbb4c3bea680d9fb986a3057eb501	L1604403-R002,L1604404-R001,L1604405-R001,L1604406-R001,L1604407-R001,L1604408-R001
Ex	13	10	Mur4	1606847	NO_LETTER_RECONSTRUCTION_MARKED	13	35	31	0	3	28	0	3	0	1	0	0	0	0	passage_status/DSS-Exodus-Passage-Status.txt	1023570	789	84f79b84eab5e2e47e8ccbdaa3db10f4e2625f064861ec5498d38ace707660dd	L1604408-R002,L1604409-R001,L1604410-R001
Ex	13	11	Mur4	1606847	NO_LETTER_RECONSTRUCTION_MARKED	20	56	49	0	0	49	0	0	0	1	0	0	0	0	passage_status/DSS-Exodus-Passage-Status.txt	1024359	788	c67e6daf46a474c2ef3a583c4a146c6a1d1ed32d6e078cb65f24cca8d2fa25fc	L1604412-R001,L1604413-R001,L1604414-R001,L1604415-R001
Ex	13	12	Mur4	1606847	NO_LETTER_RECONSTRUCTION_MARKED	20	55	52	0	0	52	0	0	0	1	0	0	0	0	passage_status/DSS-Exodus-Passage-Status.txt	1025147	804	f831b402b0f1ad8a5e23a46b7f20cc90f578a5271e16d9dc26a9f0bfc007c64d	L1604415-R002,L1604416-R001,L1604417-R001,L1604418-R001,L1604419-R001
Ex	13	13	Mur4	1606847	NO_LETTER_RECONSTRUCTION_MARKED	21	54	50	0	0	50	0	0	0	1	0	0	0	0	passage_status/DSS-Exodus-Passage-Status.txt	1025951	788	b5cf9503f82227793513ad3c044d77049ae02a38f33aec247946b28ddfc22de0	L1604420-R001,L1604421-R001,L1604422-R001,L1604423-R001
Ex	13	14	Mur4	1606847	NO_LETTER_RECONSTRUCTION_MARKED	24	73	67	0	1	66	0	1	0	1	0	0	0	0	passage_status/DSS-Exodus-Passage-Status.txt	1026739	841	f843366aa1a5ca0bc71d610ebe2226d4c0319d8ee0da1ebe7f1816a8894702dc	L1604424-R001,L1604425-R001,L1604426-R001,L1604427-R001,L1604428-R001,L1604429-R001,L1604430-R001
Ex	13	15	Mur4	1606847	NO_LETTER_RECONSTRUCTION_MARKED	39	109	105	0	3	102	0	3	0	1	0	0	0	0	passage_status/DSS-Exodus-Passage-Status.txt	1027580	898	6a398716e3ff0cc36065e26a6b9cd2359a815c6c592870027ca939eae117e1d8	L1604430-R002,L1604431-R001,L1604432-R001,L1604433-R001,L1604434-R001,L1604435-R001,L1604436-R001,L1604437-R001,L1604438-R001,L1604439-R001
Ex	13	16	Mur4	1606847	NO_LETTER_RECONSTRUCTION_MARKED	20	61	54	0	0	54	0	0	0	1	0	0	0	0	passage_status/DSS-Exodus-Passage-Status.txt	1028478	804	7f4c321fc5b0a0946dc327c593889761885e37b2d6f381bd5d82677d52671b20	L1604440-R001,L1604441-R001,L1604442-R001,L1604443-R001,L1604444-R001
Ex	13	1	Xhev/se5	1606855	NO_LETTER_RECONSTRUCTION_MARKED	8	20	18	0	0	18	0	0	0	1	0	0	0	0	passage_status/DSS-Exodus-Passage-Status.txt	1029282	745	435bdb96ed678cedf099a55956f552c25a4237ce1daa9be9082ba78088ec942c	L1605413-R001
Ex	13	2	Xhev/se5	1606855	NO_LETTER_RECONSTRUCTION_MARKED	18	49	43	0	5	30	0	5	0	1	0	8	0	0	passage_status/DSS-Exodus-Passage-Status.txt	1030027	784	f1f1964938d99f1ccc37e76b2e046be18a2468de46929fbe8644074540b6d707	L1605413-R002,L1605414-R002
Ex	13	3	Xhev/se5	1606855	NO_LETTER_RECONSTRUCTION_MARKED	33	85	82	0	4	78	0	4	0	1	0	0	0	0	passage_status/DSS-Exodus-Passage-Status.txt	1030811	757	0836cc40f7642ebaccd194a86258ed5503360aa6a1387d1d44933fdf19eb86fd	L1605413-R003
Ex	13	4	Xhev/se5	1606855	NO_LETTER_RECONSTRUCTION_MARKED	9	24	22	0	1	21	0	1	0	1	0	0	0	0	passage_status/DSS-Exodus-Passage-Status.txt	1031568	766	4fe4f2a3fa928c741abaed74513c2b07c73d0c1f6159097698c8a0561b768797	L1605413-R004,L1605414-R001
Ex	13	5	Xhev/se5	1606855	NO_LETTER_RECONSTRUCTION_MARKED	45	107	102	0	0	102	0	0	0	1	0	0	0	0	passage_status/DSS-Exodus-Passage-Status.txt	1032334	749	22147dfb4af2bc5087f7b5c76be7d9e3dd667808a11cdd1d8332c4d3d403ae6c	L1605414-R003
Ex	13	6	Xhev/se5	1606855	NO_LETTER_RECONSTRUCTION_MARKED	13	34	32	0	3	29	0	3	0	1	0	0	0	0	passage_status/DSS-Exodus-Passage-Status.txt	1033083	773	aff2fd891bb8065034f00dca7aa9aa2509221ed8d91919e7af99cddc82279ef6	L1605414-R004,L1605415-R001
Ex	13	7	Xhev/se5	1606855	NO_LETTER_RECONSTRUCTION_MARKED	19	53	49	0	1	48	0	1	0	1	0	0	0	0	passage_status/DSS-Exodus-Passage-Status.txt	1033856	751	6a2ad4a70c357f7a3d57e643d15ed45c5ec0e6a309db9bdf20cee6c56753f28e	L1605415-R002
Ex	13	8	Xhev/se5	1606855	NO_LETTER_RECONSTRUCTION_MARKED	19	49	44	0	1	43	0	1	0	1	0	0	0	0	passage_status/DSS-Exodus-Passage-Status.txt	1034607	751	fc6b222e3a9e3cc3ab64030fb311860094bc07bb97804fdfd16901c51a37a008	L1605415-R003
Ex	13	9	Xhev/se5	1606855	NO_LETTER_RECONSTRUCTION_MARKED	28	83	76	0	5	71	0	5	0	1	0	0	0	0	passage_status/DSS-Exodus-Passage-Status.txt	1035358	779	9069b529bf1e17437017f6322c5a4ecebb2bd783c4e4cb356bd4773c3e84b766	L1605415-R004,L1605416-R001
Ex	13	10	Xhev/se5	1606855	NO_LETTER_RECONSTRUCTION_MARKED	13	34	30	0	0	30	0	0	0	1	0	0	0	0	passage_status/DSS-Exodus-Passage-Status.txt	1036137	748	a94722e0934cf7b728e5502ff5e6b20e8917accf5b9c049df15f8ee5ff4084c6	L1605416-R002
Ex	13	11	Xhev/se5	1606855	NO_LETTER_RECONSTRUCTION_MARKED	20	56	49	0	4	45	0	4	0	1	0	0	0	0	passage_status/DSS-Exodus-Passage-Status.txt	1036885	781	74631f490f3084b5e87a2807d9e92337cab314d4d6e1f8c305dc7114c8ddb870	L1605416-R003,L1605417-R001
Ex	13	12	Xhev/se5	1606855	NO_LETTER_RECONSTRUCTION_MARKED	19	52	50	0	0	50	0	0	0	1	0	0	0	0	passage_status/DSS-Exodus-Passage-Status.txt	1037666	748	df9d761b2954b47df9bbe8bb1d5d0c9c1b6c8bb4015983237d325e13d9a83474	L1605417-R002
Ex	13	13	Xhev/se5	1606855	NO_LETTER_RECONSTRUCTION_MARKED	21	53	49	0	0	49	0	0	0	1	0	0	0	0	passage_status/DSS-Exodus-Passage-Status.txt	1038414	748	121a55aa14e816a382f7632379bdb9bd40bc374497dd01505a671e9ae13b5357	L1605417-R003
Ex	13	14	Xhev/se5	1606855	NO_LETTER_RECONSTRUCTION_MARKED	21	64	58	0	19	39	0	19	0	1	0	0	0	0	passage_status/DSS-Exodus-Passage-Status.txt	1039162	789	2a70d6814b322804b585d32944a4c2d9caa9a0ec65f677e04c1c9efecfc1b881	L1605417-R004,L1605418-R001
Ex	13	15	Xhev/se5	1606855	NO_LETTER_RECONSTRUCTION_MARKED	38	107	103	0	6	97	0	6	0	1	0	0	0	0	passage_status/DSS-Exodus-Passage-Status.txt	1039951	777	dd1d7ddd05028aee1d3aaeca91856884737211514b77dcdd32f0e0d5aab7a3f2	L1605418-R002,L1605419-R001
Ex	13	16	Xhev/se5	1606855	PARTLY_RECONSTRUCTED	20	58	53	1	6	46	1	6	0	1	0	0	0	0	passage_status/DSS-Exodus-Passage-Status.txt	1040728	754	1c695e3849c0cea0b46a14ba46fd421040789ebd1af75fe0d30d4ecdf65df6a3	L1605419-R002
Ex	13	1	34Se1	1606856	ALL_LETTER_SLOTS_RECONSTRUCTED	8	20	18	18	0	0	20	0	0	1	0	0	0	0	passage_status/DSS-Exodus-Passage-Status.txt	1041482	739	775c079ae80cdaea3a3023ab4b70809917b5521a74f799bbf090b38a5accfb08	L1605434-R001
Ex	13	2	34Se1	1606856	PARTLY_RECONSTRUCTED	18	47	43	8	0	35	11	0	0	1	0	0	0	0	passage_status/DSS-Exodus-Passage-Status.txt	1042221	746	d72796bb0348a1f4b630f27a6e49add53c81740009249a21e610aad6a7848f08	L1605434-R002,L1605435-R001
Ex	13	3	34Se1	1606856	PARTLY_RECONSTRUCTED	33	86	83	24	0	59	24	0	0	1	0	0	0	0	passage_status/DSS-Exodus-Passage-Status.txt	1042967	747	9a146f8823c3766515320e437fbbc4d5fb0988b6482ce3faff1c82a594b30ebb	L1605435-R002,L1605436-R001
Ex	13	4	34Se1	1606856	PARTLY_RECONSTRUCTED	9	23	21	9	0	12	11	0	0	1	0	0	0	0	passage_status/DSS-Exodus-Passage-Status.txt	1043714	745	28fed8d4ea35e06ad71121e7750d4275082f94fc27b23558767d5b47e5e661d2	L1605436-R002,L1605437-R001
Ex	13	5	34Se1	1606856	PARTLY_RECONSTRUCTED	45	108	103	37	0	66	39	0	0	1	0	0	0	0	passage_status/DSS-Exodus-Passage-Status.txt	1044459	765	7c631f82014bb5e8a8b761b27ed123bfa8fdb59bba7255e13e58b2d053b34281	L1605437-R002,L1605438-R001,L1605439-R001
Ex	13	6	34Se1	1606856	PARTLY_RECONSTRUCTED	13	35	33	5	0	28	7	0	0	1	0	0	0	0	passage_status/DSS-Exodus-Passage-Status.txt	1045224	745	bd28d871d5fc0358bed315109996079c1e9ae8dd548c4c07d069c5a332e18f3d	L1605439-R002,L1605440-R001
Ex	13	7	34Se1	1606856	PARTLY_RECONSTRUCTED	20	55	50	24	0	26	28	0	0	1	0	0	0	0	passage_status/DSS-Exodus-Passage-Status.txt	1045969	747	15fe394605dac7e472a3442a068af853857d2c8f6fe8a1f93738c0fa3c5bb0cf	L1605440-R002,L1605441-R001
Ex	13	8	34Se1	1606856	PARTLY_RECONSTRUCTED	21	53	48	23	1	24	27	1	0	1	0	0	0	0	passage_status/DSS-Exodus-Passage-Status.txt	1046716	752	6fda448fabb49aa8494e16f872e5545dfa74a8ebfe73d4bc9fdb8f35526f5b85	L1605441-R002,L1605442-R001
Ex	13	9	34Se1	1606856	PARTLY_RECONSTRUCTED	27	81	74	24	2	48	25	2	0	1	0	0	0	0	passage_status/DSS-Exodus-Passage-Status.txt	1047468	758	58db2f3b5e298fed8cf1fdf15bf74deb6d78e2ac93c206bb28f062ac1c27c18e	L1605442-R002,L1605443-R001
Ex	13	10	34Se1	1606856	PARTLY_RECONSTRUCTED	13	35	31	18	0	13	18	0	0	1	0	0	0	0	passage_status/DSS-Exodus-Passage-Status.txt	1048226	733	fc19ac1070e21ba73025be9f8adb699e4b3a0f7e7d42fde0cc4aac03c2e853e0	L1605444-R001
Ex	13	11	34Se1	1606856	PARTLY_RECONSTRUCTED	20	56	49	37	0	12	44	0	0	1	0	0	0	0	passage_status/DSS-Exodus-Passage-Status.txt	1048959	749	9d430537e489545abf2dea466501c600be9390fa83830a50f1dd81b23cf25f44	L1605445-R001,L1605446-R001
Ex	13	12	34Se1	1606856	PARTLY_RECONSTRUCTED	20	55	52	28	0	24	29	0	0	1	0	0	0	0	passage_status/DSS-Exodus-Passage-Status.txt	1049708	749	909ffe12e4f0ff1a7e1885b43c8365c1aec3c34c334b7793047e6aca3d2844b8	L1605446-R002,L1605447-R001
Ex	13	13	34Se1	1606856	PARTLY_RECONSTRUCTED	21	54	50	35	0	15	38	0	0	1	0	0	0	0	passage_status/DSS-Exodus-Passage-Status.txt	1050457	765	8c51b48a72319fece3e1baf6dc554e934f66bc69b6956d0744d5a1fa1b63d733	L1605447-R002,L1605448-R001,L1605449-R001
Ex	13	14	34Se1	1606856	PARTLY_RECONSTRUCTED	24	73	67	42	0	25	46	0	0	1	0	0	0	0	passage_status/DSS-Exodus-Passage-Status.txt	1051222	765	730c5fac9d2e49be2b106fbc8269ad130a3b5297050db459c3e2112495d8ea89	L1605449-R002,L1605450-R001,L1605451-R001
Ex	13	15	34Se1	1606856	PARTLY_RECONSTRUCTED	39	109	105	60	0	45	63	0	0	1	0	0	0	0	passage_status/DSS-Exodus-Passage-Status.txt	1051987	783	5c1f99f53584e285ac942af6dbf508cfb1428214fda4d6a70549ebfaf424bb12	L1605451-R002,L1605452-R001,L1605453-R001,L1605454-R001
Ex	13	16	34Se1	1606856	PARTLY_RECONSTRUCTED	20	59	54	33	2	19	35	2	0	1	0	0	0	0	passage_status/DSS-Exodus-Passage-Status.txt	1052770	754	9c590b151b7bd919511b8a05f87b9a76bef3d392428a5ef40b1389cc66c1b29b	L1605454-R002,L1605455-R001
