book	chapter	verse	scroll	scroll_node	letter_reconstruction	word_nodes	sign_slots	letter_slots	reconstructed_letter_slots	uncertain_letter_slots	unmarked_letter_slots	reconstructed_sign_slots	uncertain_sign_slots	missing_sign_slots	empty_sign_slots	vacat_sign_slots	corrected_sign_slots	removed_sign_slots	alternative_sign_slots	file	byte_offset	byte_length	sha256	record_ids
Gen	1	27	4Q483	1606388	ALL_LETTER_SLOTS_RECONSTRUCTED	11	36	32	32	0	0	36	0	0	1	0	0	0	0	passage_status/DSS-Genesis-Passage-Status.txt	684	742	51a5922dc1934f8944230b27480a5bfc95ff4ffb4f9192789977d723b167bd35	L1575897-R001
Gen	1	28	4Q483	1606388	PARTLY_RECONSTRUCTED	39	101	96	84	0	12	86	0	0	1	0	0	0	0	passage_status/DSS-Genesis-Passage-Status.txt	1426	766	4f3759185e393a67908a916ad5237ea5bd27a36f7ec94327e95e99e32210cb6b	L1575897-R002,L1575898-R001,L1575899-R001
Gen	1	9	4Q483	1606388	PARTLY_RECONSTRUCTED	15	36	34	32	0	2	34	0	0	1	0	0	0	0	passage_status/DSS-Genesis-Passage-Status.txt	2192	730	92c3da6829ade523c2956fc95fe8ff5fa0bcf6a0e69089827804d14cb290a360	L1575900-R001
Gen	1	10	4Q483	1606388	PARTLY_RECONSTRUCTED	17	48	46	44	0	2	44	0	0	1	0	0	0	0	passage_status/DSS-Genesis-Passage-Status.txt	2922	748	2504d6833c23beba010b3a6711b7fab7afa80b4e080ba8caac5eea523ee4c108	L1575900-R002,L1575901-R001
Gen	1	18	1Q1	1606606	PARTLY_RECONSTRUCTED	6	16	14	9	0	5	11	0	0	1	0	0	0	0	passage_status/DSS-Genesis-Passage-Status.txt	3670	726	b62864a292070e1c9682a5f89ec60d3497d6375654df93933ab275773c914362	L1589604-R001
Gen	1	19	1Q1	1606606	ALL_LETTER_SLOTS_RECONSTRUCTED	9	24	22	22	0	0	24	0	0	1	0	0	0	0	passage_status/DSS-Genesis-Passage-Status.txt	4396	737	00de0bdcb865041edecacdcd6be50b3f381d05becc4c24b952a16cab3343efb2	L1589604-R002
Gen	1	20	1Q1	1606606	PARTLY_RECONSTRUCTED	21	60	58	48	1	9	50	1	0	1	0	0	0	0	passage_status/DSS-Genesis-Passage-Status.txt	5133	749	c275f55dc0222cb8d3fe961a261aae61bcc2bd513cbf182f568337ee1c0536e7	L1589604-R003,L1589605-R001
Gen	1	21	1Q1	1606606	PARTLY_RECONSTRUCTED	21	54	52	51	0	1	51	0	0	1	0	0	0	0	passage_status/DSS-Genesis-Passage-Status.txt	5882	728	e70f9837050f2f7665f7d8b6abfe110571a0c4511ea40baed4f370fb7be8e739	L1589606-R001
Gen	3	11	1Q1	1606606	PARTLY_RECONSTRUCTED	20	58	53	48	2	3	53	2	0	1	0	0	0	0	passage_status/DSS-Genesis-Passage-Status.txt	6610	755	bd89d3bf1a93bc0b4581317691ba3daedfe6ae3c8ff4d4cc5391e39122de6dd3	L1589607-R001,L1589608-R001
Gen	3	12	1Q1	1606606	PARTLY_RECONSTRUCTED	18	46	42	30	3	9	33	3	0	1	0	0	0	0	passage_status/DSS-Genesis-Passage-Status.txt	7365	739	f6b027435fa24c1860b50b0c4dd664f14b7b5c15be3427411cf7213db89c7c4a	L1589608-R002
Gen	3	13	1Q1	1606606	PARTLY_RECONSTRUCTED	19	53	50	37	1	12	40	1	0	1	0	0	0	0	passage_status/DSS-Genesis-Passage-Status.txt	8104	750	8362ebab7b42987877a461178745d36f73823aea90bdbf3dbba06d7acc724d13	L1589608-R003,L1589609-R001
Gen	3	14	1Q1	1606606	PARTLY_RECONSTRUCTED	32	88	84	69	2	13	73	2	0	1	0	0	0	0	passage_status/DSS-Genesis-Passage-Status.txt	8854	766	d3613d120372bee745abf22974f3f6a3d5fd594617ae1857ae126d3d1e4f438e	L1589609-R002,L1589610-R001,L1589611-R001
Gen	22	13	1Q1	1606606	PARTLY_RECONSTRUCTED	17	46	41	35	2	4	40	2	0	1	0	0	0	0	passage_status/DSS-Genesis-Passage-Status.txt	9620	741	bdc0c652dacaa4bff910d84776b541eabc08350399f62d63942adee267a8bbae	L1589612-R001
Gen	22	14	1Q1	1606606	PARTLY_RECONSTRUCTED	20	55	53	44	0	9	46	0	0	1	0	0	0	0	passage_status/DSS-Genesis-Passage-Status.txt	10361	746	ab3a9c9d20c66424df6d9ba5c224b7010e97d98993f74c92d4e7c95d331e13f4	L1589613-R001,L1589614-R001
Gen	22	15	1Q1	1606606	PARTLY_RECONSTRUCTED	11	33	31	19	0	12	21	0	0	1	0	0	0	0	passage_status/DSS-Genesis-Passage-Status.txt	11107	731	357841f0eac5f24af6634b4ecae9e6e17d1eb73e178135d8c93467eaaff044e7	L1589614-R002
Gen	23	17	1Q1	1606606	PARTLY_RECONSTRUCTED	32	82	76	62	2	12	66	2	1	2	0	0	0	0	passage_status/DSS-Genesis-Passage-Status.txt	11838	774	62feae65fb96d0e7857ef1cabd1e58a9fc69c2fcb7d1fcaec1a4d43b77046107	L1589615-R001,L1589616-R001,L1589617-R001
Gen	23	18	1Q1	1606606	PARTLY_RECONSTRUCTED	14	38	35	29	0	6	32	0	0	1	0	0	0	0	passage_status/DSS-Genesis-Passage-Status.txt	12612	746	ed125afac01a76366fe26b746f390db26635cf75ade8983617a9184fd6ce16b7	L1589617-R002,L1589618-R001
Gen	23	19	1Q1	1606606	PARTLY_RECONSTRUCTED	22	67	64	52	2	10	55	2	0	1	0	0	0	0	passage_status/DSS-Genesis-Passage-Status.txt	13358	752	0b24f66469faa20d2c807a28ddde47494aa095b0846f30b019eb1d417ea9ce67	L1589618-R002,L1589619-R001
Gen	24	22	1Q1	1606606	PARTLY_RECONSTRUCTED	26	77	72	65	1	6	69	1	0	1	0	0	0	0	passage_status/DSS-Genesis-Passage-Status.txt	14110	751	cdb4ee934b25f85a777c7007d43b9089e42eac2cd9a45fa2da45380edd6a1516	L1589620-R001,L1589621-R001
Gen	24	23	1Q1	1606606	ALL_LETTER_SLOTS_RECONSTRUCTED	17	46	41	41	0	0	46	0	0	1	0	0	0	0	passage_status/DSS-Genesis-Passage-Status.txt	14861	756	5cc5f56fd7608ac774f8eb9cb7e619a773ba0023dc8e705fba5aba961e223653	L1589621-R002,L1589622-R001
Gen	24	24	1Q1	1606606	PARTLY_RECONSTRUCTED	6	19	16	12	1	3	13	1	0	1	0	0	0	0	passage_status/DSS-Genesis-Passage-Status.txt	15617	734	7966926f4cc9a81ac1c1af23f51535ca99b511be50b77cb212acd2c5706a7ee8	L1589622-R002
Gen	19	27	2Q1	1606622	PARTLY_RECONSTRUCTED	16	42	38	32	2	4	36	2	1	2	0	0	0	0	passage_status/DSS-Genesis-Passage-Status.txt	16351	773	f4575d364a3787d3882daedf5dcb9ed317bce49769ffa55566160491be5fc027	L1592435-R001,L1592436-R001,L1592437-R001
Gen	19	28	2Q1	1606622	PARTLY_RECONSTRUCTED	8	20	18	11	1	6	11	1	0	1	0	0	0	0	passage_status/DSS-Genesis-Passage-Status.txt	17124	734	40ff00c4e2c7948c8210da3d3dde641ae9f7270c6549c4f5a3414035b80b66ad	L1592437-R002
Gen	36	6	2Q1	1606622	PARTLY_RECONSTRUCTED	42	117	105	94	6	5	105	6	1	2	0	0	0	0	passage_status/DSS-Genesis-Passage-Status.txt	17858	790	75a94b5b6efe5261fcbc8515b4b1ba44b50afd37373a6c426c40d11ffc992426	L1592438-R001,L1592439-R001,L1592440-R001,L1592441-R001
Gen	36	35	2Q1	1606622	PARTLY_RECONSTRUCTED	16	46	42	41	1	0	45	1	0	1	0	0	0	0	passage_status/DSS-Genesis-Passage-Status.txt	18648	751	a9be562997e39a33e3720a1f33b96e4d3158f6f08be042993ab208c247ba3440	L1592442-R001,L1592443-R001
Gen	36	36	2Q1	1606622	PARTLY_RECONSTRUCTED	10	30	27	20	0	7	23	0	0	1	0	0	0	0	passage_status/DSS-Genesis-Passage-Status.txt	19399	746	d8a5e3c7e02d75c7d8e1020c0142685082ade00fa70ff14aba8326c1d7e41b64	L1592443-R002,L1592444-R001
Gen	36	37	2Q1	1606622	PARTLY_RECONSTRUCTED	12	35	32	30	1	1	33	1	0	1	0	0	0	0	passage_status/DSS-Genesis-Passage-Status.txt	20145	751	8afc07b543f78581c9114ab5990a486150192ab58f8d01a389574e3e8d7f1da9	L1592444-R002,L1592445-R001
Gen	36	38	2Q1	1606622	NO_LETTER_SLOTS	2	4	0	0	0	0	2	0	1	2	0	0	0	0	passage_status/DSS-Genesis-Passage-Status.txt	20896	720	bc86b192851934eaed19f7cb2bc3ca98ab7049dbe27bd93e26b047cad4290a21	L1592445-R002
Gen	22	14	4Q1	1606642	PARTLY_RECONSTRUCTED	19	54	52	40	3	9	42	3	0	1	0	0	0	0	passage_status/DSS-Genesis-Passage-Status.txt	21616	741	b6ec7e67c719b1261da6323eabe553ada7fb94efd454636eaddc2978c2646c14	L1592783-R001
Gen	27	38	4Q1	1606642	PARTLY_RECONSTRUCTED	10	26	22	20	1	1	22	1	0	1	0	0	0	0	passage_status/DSS-Genesis-Passage-Status.txt	22357	735	fe3a894d25983a9f4ba891fdb7df364211198a06e0b8b5b7c864b41c83b46cb6	L1592784-R001
Gen	27	39	4Q1	1606642	PARTLY_RECONSTRUCTED	22	59	54	48	2	4	53	2	0	1	0	0	0	0	passage_status/DSS-Genesis-Passage-Status.txt	23092	757	a81236e01a096ed98170286c751bae192379c06349f8ecfba638a136e7b69e7c	L1592784-R002,L1592785-R001
Gen	27	42	4Q1	1606642	PARTLY_RECONSTRUCTED	30	86	78	64	7	5	71	7	0	1	0	3	0	0	passage_status/DSS-Genesis-Passage-Status.txt	23849	768	a5637379eda40e8d491e7f8ddf71d701001c22ee941779c08b8564d0c098cfe0	L1592786-R001,L1592787-R001
Gen	27	43	4Q1	1606642	PARTLY_RECONSTRUCTED	15	42	35	30	5	0	36	5	0	1	0	0	0	0	passage_status/DSS-Genesis-Passage-Status.txt	24617	763	b7e0eda3a1cb3816bd4f95f56904e603df12f69e0846ffbb6a153aa5016268ac	L1592787-R002,L1592788-R001
Gen	34	16	4Q1	1606642	NO_LETTER_SLOTS	4	9	0	0	0	0	5	2	2	4	0	0	0	0	passage_status/DSS-Genesis-Passage-Status.txt	25380	720	38629b1d951e2184afd696c046916bd3fd7ab20a0ad8f194ae93f41e015f231b	L1592789-R001
Gen	34	17	4Q1	1606642	PARTLY_RECONSTRUCTED	14	42	38	31	4	3	35	4	0	1	0	0	0	0	passage_status/DSS-Genesis-Passage-Status.txt	26100	741	7ac4403fafb57281664006dafc288186fdce951a32b5bd82c701a10a1e3c3ecd	L1592790-R001
Gen	34	18	4Q1	1606642	PARTLY_RECONSTRUCTED	13	39	36	29	2	5	30	2	0	1	0	0	0	0	passage_status/DSS-Genesis-Passage-Status.txt	26841	757	eecd31611fce3a008a4434ac4d36f9b6aabb9d46276244556d95e1ab219ec27b	L1592790-R002,L1592791-R001
Gen	34	19	4Q1	1606642	PARTLY_RECONSTRUCTED	22	52	49	29	3	17	31	3	0	1	0	0	0	0	passage_status/DSS-Genesis-Passage-Status.txt	27598	758	7d34937375d2eded6a181c4ca20b84a02ce74ad2f94efb1f9c2828b4419041d6	L1592791-R002,L1592792-R001
Gen	34	20	4Q1	1606642	PARTLY_RECONSTRUCTED	17	49	44	35	1	8	39	1	0	1	0	0	0	0	passage_status/DSS-Genesis-Passage-Status.txt	28356	751	4d4bab5527f5409085047e01df19e1e197846cd75bc86aa0424d77d314a302b4	L1592792-R002,L1592793-R001
Gen	34	21	4Q1	1606642	PARTLY_RECONSTRUCTED	29	85	78	77	1	0	82	1	0	1	0	0	0	0	passage_status/DSS-Genesis-Passage-Status.txt	29107	751	c2984ee7b0a3f92d0a649344fc57f4ab4fd165bdb8b2d6d86af00a35ee8741f6	L1592793-R002,L1592794-R001
Gen	35	17	4Q1	1606642	PARTLY_RECONSTRUCTED	19	51	45	42	3	0	48	3	0	1	0	0	0	0	passage_status/DSS-Genesis-Passage-Status.txt	29858	735	b340f606975982aed27e7565e2140111390cb253054265f1ccb8ae3a5481367f	L1592795-R001
Gen	35	18	4Q1	1606642	PARTLY_RECONSTRUCTED	18	53	47	43	1	3	48	1	0	1	0	0	0	0	passage_status/DSS-Genesis-Passage-Status.txt	30593	751	1c1bfda2ae5a97536309ce44593f64810c2fae30cdd9027a196444552b0839e7	L1592795-R002,L1592796-R001
Gen	35	19	4Q1	1606642	PARTLY_RECONSTRUCTED	12	33	30	19	2	9	19	2	0	1	0	0	0	0	passage_status/DSS-Genesis-Passage-Status.txt	31344	751	f21214667ed39bb1d89fd98cbe2124a3471b90f0270b85a8ad90d2cb080a55f3	L1592796-R002,L1592797-R001
Gen	35	20	4Q1	1606642	PARTLY_RECONSTRUCTED	14	42	39	35	0	4	38	0	0	1	0	0	0	0	passage_status/DSS-Genesis-Passage-Status.txt	32095	746	608cff037a612676b12063fc9b6d2f64e3c0d01797a7ec69ddf57c0f26440f40	L1592797-R002,L1592798-R001
Gen	35	21	4Q1	1606642	PARTLY_RECONSTRUCTED	12	32	29	7	5	16	9	5	0	1	0	5	0	0	passage_status/DSS-Genesis-Passage-Status.txt	32841	745	e917bec005fc1c99f1009317664f076d9f6da24763adc06f8f195bf1d3da2730	L1592798-R002
Gen	35	22	4Q1	1606642	PARTLY_RECONSTRUCTED	28	82	79	54	4	21	54	4	0	1	0	0	0	0	passage_status/DSS-Genesis-Passage-Status.txt	33586	758	a28dbc8b8326ea9ed7e18ffadd7a91a54e328bad7ea4c09ba1c4d1848c48dacb	L1592799-R001,L1592800-R001
Gen	35	23	4Q1	1606642	PARTLY_RECONSTRUCTED	15	48	46	24	5	17	26	5	0	1	0	0	0	0	passage_status/DSS-Genesis-Passage-Status.txt	34344	764	497595d8c98e6720df95f548a1b06c21c69241c37a4d7f25691af3165986adeb	L1592800-R002,L1592801-R001
Gen	35	24	4Q1	1606642	PARTLY_RECONSTRUCTED	6	18	16	10	2	4	10	2	0	1	0	0	0	0	passage_status/DSS-Genesis-Passage-Status.txt	35108	740	b014af212c36eb165258116f6e22f6362309f13db932452d6d9d30060693dc18	L1592801-R002
Gen	35	25	4Q1	1606642	NO_LETTER_RECONSTRUCTION_MARKED	8	24	22	0	0	22	0	0	0	1	0	0	0	0	passage_status/DSS-Genesis-Passage-Status.txt	35848	739	69fc9b158ad29b70d6502b954d02fb363ce9a4b036d4a18c5d259d79d2f4ce73	L1592801-R003
Gen	35	26	4Q1	1606642	PARTLY_RECONSTRUCTED	17	49	46	29	5	12	29	5	0	1	0	0	0	0	passage_status/DSS-Genesis-Passage-Status.txt	36587	764	1cdf7175e6f2da9e3c017573353df5f86fc05f65955c1329579da3b0f1d60d02	L1592801-R004,L1592802-R001
Gen	35	27	4Q1	1606642	PARTLY_RECONSTRUCTED	19	59	56	29	7	20	30	7	0	1	0	0	0	0	passage_status/DSS-Genesis-Passage-Status.txt	37351	764	e834bb3c88a733c3d05f685001d9c5d894d7fdd266d76ed7a0e861a8de71a830	L1592802-R002,L1592803-R001
Gen	35	28	4Q1	1606642	PARTLY_RECONSTRUCTED	10	29	27	11	1	15	13	1	0	1	0	0	0	0	passage_status/DSS-Genesis-Passage-Status.txt	38115	752	6da80f77545d017d7ce9d9f80d779e66bbcdebd538b09c60f120617425ece396	L1592803-R002,L1592804-R001
Gen	35	29	4Q1	1606642	PARTLY_RECONSTRUCTED	21	61	56	36	1	19	40	1	0	1	0	0	0	0	passage_status/DSS-Genesis-Passage-Status.txt	38867	736	3e30a982923b470f0e9e997a0f00f2df857b675db3d06e6a7ef15e1c20691871	L1592804-R002
Gen	36	1	4Q1	1606642	ALL_LETTER_SLOTS_RECONSTRUCTED	7	21	19	19	0	0	21	0	0	1	0	0	0	0	passage_status/DSS-Genesis-Passage-Status.txt	39603	737	5761881f520e64c7bad7b179896487c4319b8b9a6ab0ac4fcda53eed59dd01b9	L1592806-R001
Gen	36	2	4Q1	1606642	PARTLY_RECONSTRUCTED	23	65	62	44	3	15	47	3	0	1	0	0	0	0	passage_status/DSS-Genesis-Passage-Status.txt	40340	756	0ef47f4af056822298ffa1a1bcba05d3d39fee3dcc9f3cef1085c3b8f1ca6c7a	L1592806-R002,L1592807-R001
Gen	36	3	4Q1	1606642	PARTLY_RECONSTRUCTED	8	26	24	7	1	16	9	1	0	1	0	0	0	0	passage_status/DSS-Genesis-Passage-Status.txt	41096	731	e8b7ffaed1cab957bad799ba1450ce50b7878daf3ac530b6b220ee937dc0dd16	L1592807-R002
Gen	36	4	4Q1	1606642	PARTLY_RECONSTRUCTED	13	36	34	33	1	0	33	1	0	1	0	0	0	0	passage_status/DSS-Genesis-Passage-Status.txt	41827	749	5c075e60b6c163de0b4fd8fcc812ba4d5d89e3af998ce75c2ca67ea3b1bc5904	L1592807-R003,L1592808-R001
Gen	36	5	4Q1	1606642	PARTLY_RECONSTRUCTED	21	59	56	36	4	16	37	4	0	1	0	0	0	0	passage_status/DSS-Genesis-Passage-Status.txt	42576	762	338db0925bcda315b7ec1bc0011fd762103d058d780676a46e7ee3064602a4c8	L1592808-R002,L1592809-R001
Gen	36	6	4Q1	1606642	PARTLY_RECONSTRUCTED	41	115	105	66	9	30	73	9	0	1	0	0	0	0	passage_status/DSS-Genesis-Passage-Status.txt	43338	770	2b89d30c2affe3467135fee8bb51a608cd6cfc3c76a7aaf69eaf2e3669acf21d	L1592809-R002,L1592810-R001
Gen	36	7	4Q1	1606642	PARTLY_RECONSTRUCTED	19	60	54	35	7	12	41	7	0	1	0	0	0	0	passage_status/DSS-Genesis-Passage-Status.txt	44108	752	920437cb3c91ac01b5c9d7bc43880d93e64c4098733cff7bb97431a5edae1852	L1592811-R001
Gen	36	8	4Q1	1606642	PARTLY_RECONSTRUCTED	10	26	24	18	4	2	20	4	0	1	0	0	0	0	passage_status/DSS-Genesis-Passage-Status.txt	44860	745	112e7f3233582ad0e7995d911b6f30fc6b4dc4781f32b596ccd70f89d068ed13	L1592812-R001
Gen	36	9	4Q1	1606642	PARTLY_RECONSTRUCTED	10	28	26	15	2	9	17	2	0	1	0	0	0	0	passage_status/DSS-Genesis-Passage-Status.txt	45605	739	326061692e1f3e611c49e0f618b30f7a17e824c48ba4a19c43043a7d99d062b1	L1592812-R002
Gen	36	10	4Q1	1606642	PARTLY_RECONSTRUCTED	15	48	46	36	2	8	38	2	0	1	0	0	0	0	passage_status/DSS-Genesis-Passage-Status.txt	46344	751	12529ed0544ecf1e5e03f62052e52ec31061753894e00be79528ed9f07e856d2	L1592812-R003,L1592813-R001
Gen	36	11	4Q1	1606642	ALL_LETTER_SLOTS_RECONSTRUCTED	12	35	33	33	0	0	35	0	0	1	0	0	0	0	passage_status/DSS-Genesis-Passage-Status.txt	47095	756	5ca52909ba234c6f2a2854e1cbe0e4fd32f9033b7ebba053d070b371ded493a9	L1592813-R002,L1592814-R001
Gen	36	12	4Q1	1606642	PARTLY_RECONSTRUCTED	20	58	56	40	4	12	42	4	0	1	0	0	0	0	passage_status/DSS-Genesis-Passage-Status.txt	47851	770	ad9d425c8506c7de10a4cdd7722b883ec2cd5cf821e2f705ae94cf9b9aa4f9db	L1592814-R002,L1592815-R001
Gen	36	13	4Q1	1606642	PARTLY_RECONSTRUCTED	17	47	45	38	3	4	40	3	0	1	0	0	0	0	passage_status/DSS-Genesis-Passage-Status.txt	48621	747	b67fb8ff21c2800e25778598c8cf43604ef6a04c3b28fe2106acbde3082d5cbd	L1592815-R002
Gen	36	19	4Q1	1606642	PARTLY_RECONSTRUCTED	9	30	27	22	3	2	24	3	0	1	0	0	0	0	passage_status/DSS-Genesis-Passage-Status.txt	49368	740	ab36b257d213744cfc9aa02bab940dcba9ed4e75c002b7d59b1324983f3c5a94	L1592816-R001
Gen	36	20	4Q1	1606642	ALL_LETTER_SLOTS_RECONSTRUCTED	16	43	41	41	0	0	43	0	0	1	0	0	0	0	passage_status/DSS-Genesis-Passage-Status.txt	50108	756	e82e7a1c9784c419aab4d2a901ef62cf91957073be6fa9230ffbc3c448c459bb	L1592816-R002,L1592817-R001
Gen	36	21	4Q1	1606642	PARTLY_RECONSTRUCTED	16	43	41	36	0	5	38	0	0	1	0	0	0	0	passage_status/DSS-Genesis-Passage-Status.txt	50864	746	ee4aea36864e6455024d67be6814ddd5ce7aabf743a1a67cd962dac2a31b2355	L1592817-R002,L1592818-R001
Gen	36	22	4Q1	1606642	PARTLY_RECONSTRUCTED	12	35	33	29	0	4	31	0	0	1	0	0	0	0	passage_status/DSS-Genesis-Passage-Status.txt	51610	730	0e35ef8b529fb3ff4e5665fb378ca8e7b95e5b80f91acb481f0682347ab6f2d0	L1592818-R002
Gen	36	23	4Q1	1606642	ALL_LETTER_SLOTS_RECONSTRUCTED	13	35	33	33	0	0	35	0	0	1	0	0	0	0	passage_status/DSS-Genesis-Passage-Status.txt	52340	756	4860334c18cd82270297376883de6e6c9229a84e37cda557fb86f33c3e27e2f8	L1592818-R003,L1592819-R001
Gen	36	24	4Q1	1606642	PARTLY_RECONSTRUCTED	26	70	66	41	3	22	42	3	0	1	0	0	0	0	passage_status/DSS-Genesis-Passage-Status.txt	53096	758	067a2f1a3b51e62eb9a8316a4581f87ca3d3aed9fb7617cb862b401d8620664e	L1592819-R002,L1592820-R001
Gen	36	25	4Q1	1606642	PARTLY_RECONSTRUCTED	10	28	26	24	1	1	26	1	0	1	0	0	0	0	passage_status/DSS-Genesis-Passage-Status.txt	53854	735	2353001bc94efd535fd4e34aa9b495e8fd3dcf13422b2657ec1a6d40749f01ad	L1592820-R002
Gen	36	26	4Q1	1606642	PARTLY_RECONSTRUCTED	12	31	29	24	4	1	24	4	0	1	0	0	0	0	passage_status/DSS-Genesis-Passage-Status.txt	54589	747	cdac2b0ed7c53ebd7abc83d25f7519998dce6f3b2ba9c79feb1bd4edcb319abc	L1592821-R001
Gen	36	27	4Q1	1606642	PARTLY_RECONSTRUCTED	9	24	22	18	1	3	20	1	0	1	0	0	0	0	passage_status/DSS-Genesis-Passage-Status.txt	55336	734	cfd4a0aa048eef5bf3c970d312f2cc6fbe5750b85f27a564b5108992b60bc7ab	L1592821-R002
Gen	37	5	4Q1	1606642	PARTLY_RECONSTRUCTED	15	43	37	29	5	3	35	5	1	2	0	0	0	0	passage_status/DSS-Genesis-Passage-Status.txt	56070	745	a7afaa42894c6d4ae7581b3c62b3939826bff5650d118fb7303f89cf25e99ff5	L1592822-R001
Gen	37	6	4Q1	1606642	PARTLY_RECONSTRUCTED	12	35	32	26	1	5	29	1	0	1	0	0	0	0	passage_status/DSS-Genesis-Passage-Status.txt	56815	749	615b9db35acd62c1782cd79dc3f5be80fd832b77d83a99b7fecd9762f194cdca	L1592822-R002,L1592823-R001
Gen	37	7	4Q1	1606642	NO_LETTER_SLOTS	5	10	0	0	0	0	7	1	3	5	0	0	0	0	passage_status/DSS-Genesis-Passage-Status.txt	57564	735	19659cdad992528a8a2dfab25f42ed5e00b911bfd68dd880b39a7ca604ca3934	L1592823-R002,L1592824-R001
Gen	37	22	4Q1	1606642	PARTLY_RECONSTRUCTED	18	54	47	45	2	0	52	2	0	1	0	0	0	0	passage_status/DSS-Genesis-Passage-Status.txt	58299	735	d58a8f57494f9304a98405f21f1f6a0064e22c37b2790d716e63dc943965d8de	L1592825-R001
Gen	37	23	4Q1	1606642	PARTLY_RECONSTRUCTED	21	63	58	47	0	11	49	0	0	1	0	0	0	0	passage_status/DSS-Genesis-Passage-Status.txt	59034	747	b6eb42a68788e6e6a9860eebaef82aa2b5edc1ada632f74523896fbc738ba5cf	L1592826-R001,L1592827-R001
Gen	37	24	4Q1	1606642	PARTLY_RECONSTRUCTED	15	40	34	28	2	4	33	2	0	1	0	0	0	0	passage_status/DSS-Genesis-Passage-Status.txt	59781	741	4641f16af9e4dd1217ba1ca1c82d9d031f793b2dc21d4d011fdfe5d7e6973b54	L1592827-R002
Gen	37	25	4Q1	1606642	PARTLY_RECONSTRUCTED	30	98	93	74	3	16	78	3	0	1	0	0	0	0	passage_status/DSS-Genesis-Passage-Status.txt	60522	780	78085dc705c33cc47766d888a8a960048e9547bff94dbfd193ca114cbef7fc4d	L1592827-R003,L1592828-R001,L1592829-R001
Gen	37	26	4Q1	1606642	PARTLY_RECONSTRUCTED	16	50	45	39	0	6	44	0	0	1	0	0	0	0	passage_status/DSS-Genesis-Passage-Status.txt	61302	746	20f7aee9f07d44ea0e1c2bcc1ad394190f34dc017016d390f7ff86ede9c5f64a	L1592829-R002,L1592830-R001
Gen	37	27	4Q1	1606642	PARTLY_RECONSTRUCTED	18	64	56	54	1	1	62	1	0	1	0	0	0	0	passage_status/DSS-Genesis-Passage-Status.txt	62048	751	6c1dffe1ad2f93265a39fd3d431a5e3e289ec7db6ebdac5edc5c7b7f50adad36	L1592830-R002,L1592831-R001
Gen	39	11	4Q1	1606642	PARTLY_RECONSTRUCTED	25	58	54	25	0	29	27	0	0	1	0	0	0	0	passage_status/DSS-Genesis-Passage-Status.txt	62799	731	c4075c6fcbfb75d9cdf65a5a1e04efd37cb224e6754e1e51fb2b9749b5562436	L1592832-R001
Gen	39	12	4Q1	1606642	PARTLY_RECONSTRUCTED	20	58	49	18	2	29	23	2	0	1	0	0	0	0	passage_status/DSS-Genesis-Passage-Status.txt	63530	742	81c80c4d4936f84d6c30b2b5f4f1d1498f27fbd7157b2ac132a9f3ca13c20242	L1592833-R001
Gen	39	13	4Q1	1606642	PARTLY_RECONSTRUCTED	14	38	32	14	3	15	15	3	0	1	0	0	0	0	passage_status/DSS-Genesis-Passage-Status.txt	64272	748	386b61eeefc160711f95d68660af1b1da4469198f15daeadec5fefb6e35561bd	L1592834-R001
Gen	39	14	4Q1	1606642	PARTLY_RECONSTRUCTED	29	83	75	21	3	51	24	3	0	1	0	0	0	0	passage_status/DSS-Genesis-Passage-Status.txt	65020	768	390df3b798b88ec42c3a0cb9db51e5c135458366edff61ee9369505057041855	L1592834-R002,L1592835-R001,L1592836-R001
Gen	39	15	4Q1	1606642	PARTLY_RECONSTRUCTED	20	59	52	16	3	33	20	3	0	1	0	0	0	0	passage_status/DSS-Genesis-Passage-Status.txt	65788	748	84a784165391b93e1f118ad811c3c7adef3002b70264f064f554ac61c8d7abe2	L1592836-R002
Gen	39	16	4Q1	1606642	PARTLY_RECONSTRUCTED	10	34	28	11	2	15	12	2	0	1	0	0	0	0	passage_status/DSS-Genesis-Passage-Status.txt	66536	742	0bce227d2134bb399f31fcc1e55ba720f48c34749f283a583320e1d351ca507d	L1592837-R001
Gen	39	17	4Q1	1606642	PARTLY_RECONSTRUCTED	22	59	53	19	1	33	20	1	0	1	0	0	0	0	passage_status/DSS-Genesis-Passage-Status.txt	67278	752	309c6ea9b49f242e23cd9c1d02b33930ee035f1c7057561f870ceb066ea5146f	L1592837-R002,L1592838-R001
Gen	39	18	4Q1	1606642	PARTLY_RECONSTRUCTED	16	48	41	21	2	18	23	2	0	1	0	0	0	0	passage_status/DSS-Genesis-Passage-Status.txt	68030	758	3ee316a0496df7b1fd13c62046fe751ba374c9dd411294e2408570a090ce45fc	L1592838-R002,L1592839-R001
Gen	39	19	4Q1	1606642	PARTLY_RECONSTRUCTED	24	72	64	19	0	45	20	0	0	1	0	0	0	0	passage_status/DSS-Genesis-Passage-Status.txt	68788	747	b7d773f7bd60dafdf639d6bab3dec82b06da65982db794a95c479f40d9302e25	L1592839-R002,L1592840-R001
Gen	39	20	4Q1	1606642	PARTLY_RECONSTRUCTED	25	70	66	24	3	39	28	3	0	1	0	0	0	0	passage_status/DSS-Genesis-Passage-Status.txt	69535	780	30f1f14b3487729c95a835684b49727b12536474891f2bcbdec2f139aa7ad77b	L1592840-R002,L1592841-R001,L1592842-R001
Gen	39	21	4Q1	1606642	PARTLY_RECONSTRUCTED	19	49	45	10	4	31	12	4	0	1	0	0	0	0	passage_status/DSS-Genesis-Passage-Status.txt	70315	742	08f66e0ec5ea68bd9addedab811359ece3fcf971135ab03e8dcc6215214da841	L1592842-R002
Gen	39	22	4Q1	1606642	PARTLY_RECONSTRUCTED	28	66	64	38	2	24	40	2	0	1	0	0	0	0	passage_status/DSS-Genesis-Passage-Status.txt	71057	768	8aa26a37d66187e4c088e6270830215e7e913c00c7239099629c12ef28c311a6	L1592842-R003,L1592843-R001,L1592844-R001
Gen	39	23	4Q1	1606642	PARTLY_RECONSTRUCTED	22	62	58	24	3	31	26	3	0	1	0	0	0	0	passage_status/DSS-Genesis-Passage-Status.txt	71825	764	bb923fa59594a1fd55b77ac83104bf6b1676a10718179e4c5ba1e242d34cc57b	L1592844-R002,L1592845-R001
Gen	40	1	4Q1	1606642	PARTLY_RECONSTRUCTED	20	57	54	38	12	4	41	12	0	1	0	0	0	0	passage_status/DSS-Genesis-Passage-Status.txt	72589	747	6f2b0fe83e09d05edf1d00ed5e4ceadaef2772c996e38453c95c95d04a44d412	L1592846-R001
Gen	45	23	4Q1	1606642	PARTLY_RECONSTRUCTED	18	50	47	42	2	3	45	2	0	1	0	0	0	0	passage_status/DSS-Genesis-Passage-Status.txt	73336	741	88930e4091ea6627e24da95ebd6be50ce7de994d04634c380ca307690e54601a	L1592847-R001
Gen	47	13	4Q1	1606642	PARTLY_RECONSTRUCTED	8	18	16	15	1	0	15	1	0	1	0	0	0	0	passage_status/DSS-Genesis-Passage-Status.txt	74077	734	366763244abab7b5905f326880a3163419583094265431d15f130fecd8ada67e	L1592848-R001
Gen	47	14	4Q1	1606642	PARTLY_RECONSTRUCTED	30	79	76	70	2	4	73	2	0	1	0	0	0	0	passage_status/DSS-Genesis-Passage-Status.txt	74811	757	c8b2eaa36088ec379348d3304cd85a98f7f6e9a35beea3162496accf868e1131	L1592848-R002,L1592849-R001
Gen	48	2	4Q1	1606642	PARTLY_RECONSTRUCTED	20	55	51	48	1	2	52	1	0	1	0	0	0	0	passage_status/DSS-Genesis-Passage-Status.txt	75568	749	feb4b88bf01f22a152177724942d52c77b31da1e28bfcd899ce25ecd41264b62	L1592850-R001,L1592851-R001
Gen	48	3	4Q1	1606642	PARTLY_RECONSTRUCTED	18	51	47	44	1	2	48	1	0	1	0	0	0	0	passage_status/DSS-Genesis-Passage-Status.txt	76317	749	de626061f8f74debc65154b79213e06899caa97635a39f68f22c4047f5ad9d11	L1592851-R002,L1592852-R001
Gen	48	4	4Q1	1606642	PARTLY_RECONSTRUCTED	12	40	33	29	3	1	33	3	0	1	0	0	0	0	passage_status/DSS-Genesis-Passage-Status.txt	77066	739	3cf543fdfb2d1d4a168fee8a4d68316a050fb6931cec6ae71e7c6ee76c08b078	L1592852-R002
Gen	48	15	4Q1	1606642	PARTLY_RECONSTRUCTED	25	72	66	55	5	6	60	5	0	1	0	0	0	0	passage_status/DSS-Genesis-Passage-Status.txt	77805	763	621b5e78f978743c050409df5f8bb1263cad71cc050e0776d30b3094c75cb50a	L1592853-R001,L1592854-R001
Gen	48	16	4Q1	1606642	PARTLY_RECONSTRUCTED	31	79	73	54	5	14	59	5	0	1	0	0	0	0	passage_status/DSS-Genesis-Passage-Status.txt	78568	774	4b247f735ef3048cddae3676c5f9c2b58d1cb8bd00459b68f39822465e145448	L1592854-R002,L1592855-R001,L1592856-R001
Gen	48	17	4Q1	1606642	PARTLY_RECONSTRUCTED	16	50	45	32	3	10	34	3	0	1	0	0	0	0	passage_status/DSS-Genesis-Passage-Status.txt	79342	742	74729e021956a8951d54b92e9ce49673b681330e941b4b72019d10391e2f2810	L1592856-R002
Gen	48	18	4Q1	1606642	PARTLY_RECONSTRUCTED	7	22	18	14	2	2	17	2	0	1	0	0	0	0	passage_status/DSS-Genesis-Passage-Status.txt	80084	740	1382ec029cf83965ebd5b545e0896e543e4af791343f82e2a8a4a6b9f1ec7f95	L1592857-R001
Gen	48	19	4Q1	1606642	PARTLY_RECONSTRUCTED	31	94	87	79	5	3	84	5	0	1	0	0	0	0	passage_status/DSS-Genesis-Passage-Status.txt	80824	779	6800984e5bf16d069ed65d5f9a11be00d54898ee8045cdb67302be56a2db5554	L1592857-R002,L1592858-R001,L1592859-R001
Gen	48	20	4Q1	1606642	PARTLY_RECONSTRUCTED	28	79	74	40	14	20	42	14	0	1	0	0	0	0	passage_status/DSS-Genesis-Passage-Status.txt	81603	766	11d555ca25165203f5f8d18a06fc4a7606b1e1a565cccc2f29c34aa502ead418	L1592859-R002,L1592860-R001
Gen	48	21	4Q1	1606642	PARTLY_RECONSTRUCTED	19	63	58	35	8	15	38	8	0	1	0	0	0	0	passage_status/DSS-Genesis-Passage-Status.txt	82369	780	bc5006fffa69a1ed9c1a23784871a8ed8b7463fda8315dc0f28513d7f293f019	L1592860-R002,L1592861-R001,L1592862-R001
Gen	48	22	4Q1	1606642	PARTLY_RECONSTRUCTED	15	42	38	32	2	4	34	2	0	1	0	0	0	0	passage_status/DSS-Genesis-Passage-Status.txt	83149	735	e985c3d2c5e736777250966aec425ab017abcb41dbbf1604433c1ca70fa36792	L1592862-R002
Gen	49	1	4Q1	1606642	PARTLY_RECONSTRUCTED	17	54	49	46	3	0	50	3	0	1	0	0	0	0	passage_status/DSS-Genesis-Passage-Status.txt	83884	755	b5256d61f74902c4887ea6aa3c75a72bc119d3553701f0e5e69363f80f2c36f4	L1592863-R001,L1592864-R001
Gen	49	2	4Q1	1606642	PARTLY_RECONSTRUCTED	11	37	34	29	0	5	31	0	0	1	0	0	0	0	passage_status/DSS-Genesis-Passage-Status.txt	84639	728	e945949419578ab87658370f42901a355f182abf5b7dd2d58f0fd6c0f2974010	L1592864-R002
Gen	49	3	4Q1	1606642	PARTLY_RECONSTRUCTED	13	42	37	33	1	3	37	1	0	1	0	0	0	0	passage_status/DSS-Genesis-Passage-Status.txt	85367	749	60d870c86c20bd869a65d73f7b25c32f29f373dd9921b32c8985eb9362baa3fa	L1592864-R003,L1592865-R001
Gen	49	4	4Q1	1606642	PARTLY_RECONSTRUCTED	14	46	42	33	5	5	37	5	0	1	0	0	0	0	passage_status/DSS-Genesis-Passage-Status.txt	86116	761	a8ef56a39a135a945c5380df7c65ec484c634de6c7761066b8e62a54484de01b	L1592865-R002,L1592866-R001
Gen	49	5	4Q1	1606642	PARTLY_RECONSTRUCTED	8	29	26	25	1	0	28	1	0	1	0	0	0	0	passage_status/DSS-Genesis-Passage-Status.txt	86877	748	f77c2cc6740ef36d99c4f6a47fa4a464491159926d8acc4ff1fa8af93ca91374	L1592866-R002,L1592867-R001
Gen	1	1	4Q2	1606643	PARTLY_RECONSTRUCTED	12	30	28	15	0	13	17	0	0	1	0	0	0	0	passage_status/DSS-Genesis-Passage-Status.txt	87625	727	f0e25aaf2ce8aa9396287c29c799bc41e697d8fa3b5ed6d271e6f6c92ef8ee4c	L1593033-R001
Gen	1	2	4Q2	1606643	PARTLY_RECONSTRUCTED	21	54	52	30	2	20	32	2	0	1	0	0	0	0	passage_status/DSS-Genesis-Passage-Status.txt	88352	754	42126e56085db2b85ead137391c0bbb754eb410dcf6b2e741b4e79954a42499c	L1593033-R002,L1593034-R001
Gen	1	3	4Q2	1606643	PARTLY_RECONSTRUCTED	9	25	23	7	0	16	9	0	0	1	0	0	0	0	passage_status/DSS-Genesis-Passage-Status.txt	89106	724	10f76584ac337b4e03e85f819109a5851acccfafd7a29d656095df98cd418260	L1593035-R001
Gen	1	4	4Q2	1606643	PARTLY_RECONSTRUCTED	19	47	45	24	1	20	26	1	0	1	0	0	0	0	passage_status/DSS-Genesis-Passage-Status.txt	89830	748	bf19736456789abbf410b5cc29e5d920b61449ec0d35802626948933dc1a1503	L1593035-R002,L1593036-R001
Gen	1	5	4Q2	1606643	PARTLY_RECONSTRUCTED	20	51	49	32	1	16	34	1	0	1	0	0	0	0	passage_status/DSS-Genesis-Passage-Status.txt	90578	748	386dd4f06667004282b448c646dd38ab608c0797b1d6de16a20f33369f8a43ad	L1593036-R002,L1593037-R001
Gen	1	6	4Q2	1606643	PARTLY_RECONSTRUCTED	17	46	44	33	4	7	35	4	0	1	0	0	0	0	passage_status/DSS-Genesis-Passage-Status.txt	91326	743	013732622caaa970a235c531906727b26b6869a43bc95d09e4460cfe89bb872c	L1593038-R001
Gen	1	7	4Q2	1606643	PARTLY_RECONSTRUCTED	29	67	65	30	4	31	30	4	0	1	0	0	0	0	passage_status/DSS-Genesis-Passage-Status.txt	92069	764	cc1675dc0f668e4c7af332bc62705d0f18122f60eff34f88528938421d008846	L1593038-R002,L1593039-R001,L1593040-R001
Gen	1	8	4Q2	1606643	PARTLY_RECONSTRUCTED	15	41	39	10	2	27	10	2	0	1	0	0	0	0	passage_status/DSS-Genesis-Passage-Status.txt	92833	754	90c06df3bdcf15f507bd5b99b4e71f33237a22881870c737ad384e44a0398445	L1593040-R002,L1593041-R001
Gen	1	9	4Q2	1606643	PARTLY_RECONSTRUCTED	21	54	52	2	3	47	2	3	0	1	0	0	0	0	passage_status/DSS-Genesis-Passage-Status.txt	93587	752	dadbdac9f9a6ab79fc12794ebadf0128a1544f39ae36c7afbaf6f3cab7b9d618	L1593042-R001,L1593043-R001
Gen	1	10	4Q2	1606643	NO_LETTER_RECONSTRUCTION_MARKED	19	51	49	0	2	47	0	2	0	1	0	0	0	0	passage_status/DSS-Genesis-Passage-Status.txt	94339	759	5b06fa698aef65e8773c371ddbccbc8cdf91716c50660b35962499c5171d3816	L1593043-R002,L1593044-R001
Gen	1	11	4Q2	1606643	NO_LETTER_RECONSTRUCTION_MARKED	26	74	69	0	28	41	0	28	0	1	0	0	0	0	passage_status/DSS-Genesis-Passage-Status.txt	95098	780	5d1892eb4220f6c4bed47a7d88670422cffe05aaccc69257936ee6e088f22269	L1593044-R002,L1593045-R001
Gen	1	12	4Q2	1606643	PARTLY_RECONSTRUCTED	25	73	67	14	19	34	15	19	0	1	0	0	0	0	passage_status/DSS-Genesis-Passage-Status.txt	95878	787	ca5e1b39c9f7a7472b82bb5436a554b00677276e6c2110056ae305b37f9edbc3	L1593045-R002,L1593046-R001,L1593047-R001
Gen	1	13	4Q2	1606643	PARTLY_RECONSTRUCTED	9	24	22	6	1	15	6	1	0	1	0	0	0	0	passage_status/DSS-Genesis-Passage-Status.txt	96665	731	cc407349b04de1a2fef2bea1522fce62e3f8bad42b36cafe81452f13111a526c	L1593047-R002
Gen	1	14	4Q2	1606643	PARTLY_RECONSTRUCTED	31	78	76	18	18	40	18	18	0	1	0	0	0	0	passage_status/DSS-Genesis-Passage-Status.txt	97396	770	2c92ee0fecff87e4aabb28a9ef94f3c4f6f26e8809b3ceb97bb0f9e4171523e7	L1593048-R001,L1593049-R001
Gen	1	15	4Q2	1606643	PARTLY_RECONSTRUCTED	17	38	36	7	17	12	9	17	0	1	0	0	0	0	passage_status/DSS-Genesis-Passage-Status.txt	98166	769	44b250f67299537f0b8b71efdc031ba97d891363a7cc37ecad78553de28ca296	L1593049-R002,L1593050-R001
Gen	1	16	4Q2	1606643	PARTLY_RECONSTRUCTED	33	81	79	30	11	37	30	11	0	1	0	1	0	0	passage_status/DSS-Genesis-Passage-Status.txt	98935	785	ee14d06e4b84b08e2d66975f9c2ddbb0143bfc335ef32d3ae95ea3a4e5360252	L1593050-R002,L1593051-R001,L1593052-R001
Gen	1	17	4Q2	1606643	PARTLY_RECONSTRUCTED	14	36	33	14	4	15	15	4	0	1	0	0	0	0	passage_status/DSS-Genesis-Passage-Status.txt	99720	756	2167174d115765f9e9d13872828bdcc2eb6516e400e6fb117d61bb02532b4540	L1593052-R002,L1593053-R001
Gen	1	18	4Q2	1606643	PARTLY_RECONSTRUCTED	24	53	51	9	8	34	9	8	0	1	0	0	0	0	passage_status/DSS-Genesis-Passage-Status.txt	100476	766	7afcaa256a2c3dff410de2a03f0c57b760e7fb8b533621bf424b16087fb693e1	L1593053-R002,L1593054-R001
Gen	1	19	4Q2	1606643	NO_LETTER_RECONSTRUCTION_MARKED	9	24	22	0	4	18	0	4	0	1	0	0	0	0	passage_status/DSS-Genesis-Passage-Status.txt	101242	748	8fe79b056d57b24d3008b6be35f3761af5f7470c1efc3bf397df81ba042d5279	L1593054-R002
Gen	1	20	4Q2	1606643	NO_LETTER_RECONSTRUCTION_MARKED	21	59	57	0	10	47	0	10	0	1	0	0	0	0	passage_status/DSS-Genesis-Passage-Status.txt	101990	779	d94905ea5b10d86999c106ba7ece42adb6ab6406406037537cc2bde1cb42e1a3	L1593055-R001,L1593056-R001
Gen	1	21	4Q2	1606643	PARTLY_RECONSTRUCTED	35	93	89	3	8	78	3	8	0	1	0	0	0	0	passage_status/DSS-Genesis-Passage-Status.txt	102769	776	df0c468c02b1cf1a409b875b84e8a1857edd91c280a4a95019223bc9e5d16b30	L1593056-R002,L1593057-R001,L1593058-R001
Gen	1	22	4Q2	1606643	PARTLY_RECONSTRUCTED	23	55	52	13	8	31	13	8	0	1	0	0	0	0	passage_status/DSS-Genesis-Passage-Status.txt	103545	762	8bce649f8a7d5cc43ecc3a02498ff5e89cbf4677cd59e3d7604ad2d8739fb5ff	L1593058-R002,L1593059-R001
Gen	1	23	4Q2	1606643	PARTLY_RECONSTRUCTED	9	24	22	20	1	1	22	1	0	1	0	0	0	0	passage_status/DSS-Genesis-Passage-Status.txt	104307	732	17a20b95368a48d5165164c451601128622df7cde099854d2d23885aedf34b50	L1593059-R002
Gen	1	24	4Q2	1606643	PARTLY_RECONSTRUCTED	22	60	56	37	2	17	40	2	0	1	0	0	0	0	passage_status/DSS-Genesis-Passage-Status.txt	105039	756	c9ca9db8771e11159fb2f446a8304be1bfe0fec930bc672d4346542a76cac6d7	L1593061-R001,L1593062-R001
Gen	1	25	4Q2	1606643	PARTLY_RECONSTRUCTED	26	68	61	57	3	1	64	3	1	2	0	0	0	0	passage_status/DSS-Genesis-Passage-Status.txt	105795	761	cf3446f256a65cda841f5351fc4c3ca99f9618f5ccbc11a79f6042f3eeebc5e5	L1593062-R002,L1593063-R001
Gen	1	26	4Q2	1606643	PARTLY_RECONSTRUCTED	39	88	84	77	4	3	81	4	0	1	0	0	0	0	passage_status/DSS-Genesis-Passage-Status.txt	106556	783	23e2c74c409ccb6f7fd79f7777a6a43d821bce836cdd790a32fadb4f2e43d743	L1593063-R002,L1593064-R001,L1593065-R001
Gen	1	27	4Q2	1606643	PARTLY_RECONSTRUCTED	19	55	50	38	5	7	40	5	0	1	0	0	0	0	passage_status/DSS-Genesis-Passage-Status.txt	107339	755	9a61972ee2f20f0328e6994cbeebe9e9a8fd5ed49685e76e506adc1de4ae9af9	L1593065-R002,L1593066-R001
Gen	1	28	4Q2	1606643	PARTLY_RECONSTRUCTED	15	45	33	28	2	3	35	5	2	4	0	0	0	0	passage_status/DSS-Genesis-Passage-Status.txt	108094	749	04b148a0db0227df2e939871e63df763914cfea007d860c1cf039e7dfa356fc2	L1593066-R002,L1593067-R001
Gen	2	14	4Q2	1606643	PARTLY_RECONSTRUCTED	16	44	42	24	3	15	26	3	0	1	0	0	0	0	passage_status/DSS-Genesis-Passage-Status.txt	108843	740	44cafd3c1c9c11b3bfae5f448a59e74c304f01fd16ff5eebe19af6ca52f525ac	L1593068-R001
Gen	2	15	4Q2	1606643	PARTLY_RECONSTRUCTED	18	47	42	6	16	20	6	16	0	1	0	0	0	0	passage_status/DSS-Genesis-Passage-Status.txt	109583	747	feab7e6c2edb08709e57ea412d78d6e236c7244c02bc1177313ef699c673335a	L1593069-R001
Gen	2	16	4Q2	1606643	PARTLY_RECONSTRUCTED	17	40	38	6	10	22	6	10	0	1	0	0	0	0	passage_status/DSS-Genesis-Passage-Status.txt	110330	746	488b891f5e9345b501d8e8fb7a49f32c35fee502d8c9451776723b4120803d6a	L1593070-R001
Gen	2	17	4Q2	1606643	PARTLY_RECONSTRUCTED	19	50	45	10	22	13	11	22	0	1	0	0	0	0	passage_status/DSS-Genesis-Passage-Status.txt	111076	770	a8f8a9385d277777564958acc2adfa82c8c4ba48f2dd4852153a4b7367539da2	L1593070-R002,L1593071-R001
Gen	2	18	4Q2	1606643	PARTLY_RECONSTRUCTED	17	50	45	12	7	26	12	7	0	1	0	0	0	0	passage_status/DSS-Genesis-Passage-Status.txt	111846	762	b573311952285c8f3cdde1c7d76b3a1174a286761f647140d9ea690ef9bfd5e2	L1593071-R002,L1593072-R001
Gen	2	19	4Q2	1606643	PARTLY_RECONSTRUCTED	39	98	93	66	11	16	71	11	0	1	0	0	0	0	passage_status/DSS-Genesis-Passage-Status.txt	112608	774	4dff157c019e51e4f52be17894bd840434f0ba2f19af06ec4066e980dfdd23ca	L1593072-R002,L1593073-R001,L1593074-R001
Gen	4	1	4Q2	1606643	ALL_LETTER_SLOTS_RECONSTRUCTED	3	8	6	6	0	0	8	0	0	1	0	0	0	0	passage_status/DSS-Genesis-Passage-Status.txt	113382	731	af31627dd4c0891cb6fccd3eaee53168adf253107efa10bd5a4d0958850d83cf	L1593075-R001
Gen	4	2	4Q2	1606643	PARTLY_RECONSTRUCTED	19	49	46	23	6	17	23	6	0	1	0	0	0	0	passage_status/DSS-Genesis-Passage-Status.txt	114113	748	618d3676d321f6a62387ba963137b917a98d18947da5521d8de8d2cf6fdd9e61	L1593075-R002,L1593076-R001
Gen	4	3	4Q2	1606643	PARTLY_RECONSTRUCTED	16	38	36	14	3	19	14	3	0	1	0	0	0	0	passage_status/DSS-Genesis-Passage-Status.txt	114861	754	55ed1248e1bcb091026525fae4b907abe75e1045bededf2b8c1451381defa093	L1593076-R002,L1593077-R001
Gen	4	4	4Q2	1606643	PARTLY_RECONSTRUCTED	20	56	51	16	4	31	18	4	0	1	0	0	0	0	passage_status/DSS-Genesis-Passage-Status.txt	115615	748	64d131edca854e2be71632904e21d858b9fe71442dff887123721ccd58705fe4	L1593077-R002,L1593078-R001
Gen	4	5	4Q2	1606643	PARTLY_RECONSTRUCTED	17	43	39	15	2	22	16	2	0	1	0	0	0	0	passage_status/DSS-Genesis-Passage-Status.txt	116363	748	c2e8a4d8bb701bccdaefa25bd1ce5e3488bbc5b9c2cd717748a3dd7928a89adf	L1593078-R002,L1593079-R001
Gen	4	6	4Q2	1606643	PARTLY_RECONSTRUCTED	13	38	34	22	3	9	23	3	0	1	0	0	0	0	passage_status/DSS-Genesis-Passage-Status.txt	117111	759	74990893dc412bf6e97b3f8bd96595f74d1ebd781131bb2ccc2dde202ac37c46	L1593079-R002,L1593080-R001
Gen	4	7	4Q2	1606643	PARTLY_RECONSTRUCTED	21	61	56	27	14	15	30	14	0	1	0	0	0	0	passage_status/DSS-Genesis-Passage-Status.txt	117870	784	3b2f2ce393647b30b8d25f6321ecf2ffa862fdbbd32948d5a8695e1f47088162	L1593080-R002,L1593081-R001,L1593082-R001
Gen	4	8	4Q2	1606643	PARTLY_RECONSTRUCTED	21	60	54	32	5	17	33	5	0	1	0	0	0	0	passage_status/DSS-Genesis-Passage-Status.txt	118654	760	5da362e64c2e6cc8fa2844a096d4ec9df75426dfa7d3a5e9512ea796712e5e8c	L1593082-R002,L1593083-R001
Gen	4	9	4Q2	1606643	PARTLY_RECONSTRUCTED	17	50	46	19	8	19	22	8	0	1	0	0	0	0	passage_status/DSS-Genesis-Passage-Status.txt	119414	760	4be023e9d409eaf4b79d186d89d2a53ff64481acc17d7acdafb0c560a7520c02	L1593083-R002,L1593084-R001
Gen	4	10	4Q2	1606643	PARTLY_RECONSTRUCTED	14	42	36	21	7	8	26	7	1	2	0	0	0	0	passage_status/DSS-Genesis-Passage-Status.txt	120174	755	5591824b2711708665f9b3b3e2e9ed263b6fceb9f0988c28403ee35c1e5e8086	L1593084-R002,L1593085-R001
Gen	4	11	4Q2	1606643	PARTLY_RECONSTRUCTED	14	37	34	30	4	0	31	4	0	1	0	0	0	0	passage_status/DSS-Genesis-Passage-Status.txt	120929	739	1b3aee8fefdc026d5b0babc5fc878eaf0f454a49bd476bfd7ec67492b96a7a09	L1593086-R001
Gen	5	13	4Q2	1606643	PARTLY_RECONSTRUCTED	16	54	43	39	1	3	47	2	3	5	0	0	0	0	passage_status/DSS-Genesis-Passage-Status.txt	121668	749	3692a5bb578af5267a2d9b61f82ca4d8c1c5ae8b5516757993a01877420b2f0d	L1593087-R001,L1593088-R001
Gen	40	11	4Q3	1606644	NO_LETTER_SLOTS	4	8	0	0	0	0	7	1	2	4	0	0	0	0	passage_status/DSS-Genesis-Passage-Status.txt	122417	736	4e6f6ea3dcabc38f1622a42c34eb7b9562d789d72cc2b317edcebc2266b5ec84	L1593092-R001,L1593093-R001
Gen	40	12	4Q3	1606644	PARTLY_RECONSTRUCTED	13	42	38	36	0	2	40	0	0	1	0	0	0	0	passage_status/DSS-Genesis-Passage-Status.txt	123153	746	167caf80c38f9459dbacb5be72dba18cfaca8a1650c3639ebb8705e5f7565c57	L1593093-R002,L1593094-R001
Gen	40	13	4Q3	1606644	PARTLY_RECONSTRUCTED	7	21	19	14	1	4	14	1	0	1	0	0	0	0	passage_status/DSS-Genesis-Passage-Status.txt	123899	734	cfaf47f6e3990eb2c4ca9161f0a03d9e2e1a801a41cfa028596629cdd32dafe8	L1593094-R002
Gen	40	18	4Q3	1606644	PARTLY_RECONSTRUCTED	14	42	39	37	1	1	40	1	0	1	0	0	0	0	passage_status/DSS-Genesis-Passage-Status.txt	124633	751	29c39dfcf377922eec24baeade46caf0a664a01b9e2519dbfceffdec3994aa1d	L1593095-R001,L1593096-R001
Gen	40	19	4Q3	1606644	PARTLY_RECONSTRUCTED	24	68	61	59	1	1	66	1	0	1	0	0	0	0	passage_status/DSS-Genesis-Passage-Status.txt	125384	751	f3b31ffc7ace0be813e05e6849b423f2e046cbccbb2e37a13b8d3736c674a4cb	L1593096-R002,L1593097-R001
Gen	40	20	4Q3	1606644	PARTLY_RECONSTRUCTED	33	86	82	77	1	4	81	1	0	1	0	0	0	0	passage_status/DSS-Genesis-Passage-Status.txt	126135	767	1f71c9f2dc454d93d3bd0642215ace005c896677b69ba917c9b6a063ddaf4da4	L1593097-R002,L1593098-R001,L1593099-R001
Gen	40	21	4Q3	1606644	ALL_LETTER_SLOTS_RECONSTRUCTED	16	40	37	37	0	0	40	0	0	1	0	0	0	0	passage_status/DSS-Genesis-Passage-Status.txt	126902	756	804f02b1e42d7b86221b58de5b7788163128895764982dbaf18b75c016ddc578	L1593099-R002,L1593100-R001
Gen	40	22	4Q3	1606644	ALL_LETTER_SLOTS_RECONSTRUCTED	12	30	27	27	0	0	30	0	0	1	0	0	0	0	passage_status/DSS-Genesis-Passage-Status.txt	127658	740	e191db4cbdbf9cdf4ae64c8d4014f8075d51718d600c555549605195432b8947	L1593100-R002
Gen	40	23	4Q3	1606644	PARTLY_RECONSTRUCTED	11	30	27	21	0	6	24	0	0	1	0	0	0	0	passage_status/DSS-Genesis-Passage-Status.txt	128398	746	0fca57bd090d0d0b3d4893f9cea44330b2f2acb5586cae46bc1e5780c503c2c7	L1593100-R003,L1593101-R001
Gen	41	1	4Q3	1606644	PARTLY_RECONSTRUCTED	16	39	37	27	5	5	29	5	0	1	0	0	0	0	passage_status/DSS-Genesis-Passage-Status.txt	129144	755	6f3d996cdba8486105e13224a86e497112b9820721dad2ab65b96f747163177b	L1593101-R002,L1593102-R001
Gen	41	2	4Q3	1606644	PARTLY_RECONSTRUCTED	18	51	49	32	5	12	34	5	0	1	0	0	0	0	passage_status/DSS-Genesis-Passage-Status.txt	129899	762	850a51360934b0f692de9949491c952aad8be2f6d42acc6ea37bec8091086c51	L1593102-R002,L1593103-R001
Gen	41	3	4Q3	1606644	PARTLY_RECONSTRUCTED	25	75	72	57	1	14	58	1	0	1	0	0	0	0	passage_status/DSS-Genesis-Passage-Status.txt	130661	750	276623e2dafa7033c3f95d4c6323483a9d7ca7671cb0b17e2c37a749f7e6c52d	L1593103-R002,L1593104-R001
Gen	41	4	4Q3	1606644	PARTLY_RECONSTRUCTED	25	67	65	26	9	30	28	9	0	1	0	0	0	0	passage_status/DSS-Genesis-Passage-Status.txt	131411	778	94a7b93d08c2f3fa0e02915a280c4023e711f3bcf43eb72b526e36be70dd085e	L1593104-R002,L1593105-R001,L1593106-R001
Gen	41	5	4Q3	1606644	PARTLY_RECONSTRUCTED	17	50	48	26	1	21	28	1	0	1	0	0	0	0	passage_status/DSS-Genesis-Passage-Status.txt	132189	750	eb0362716f63d4174557c5f2e7666ab2a4556da0846edbf2e24e38ef97d463e7	L1593106-R002,L1593107-R001
Gen	41	6	4Q3	1606644	PARTLY_RECONSTRUCTED	11	40	37	12	4	21	12	4	0	1	0	0	0	0	passage_status/DSS-Genesis-Passage-Status.txt	132939	746	fdec5734838fd6ef393cee47d0e21ec90c07e774b1c8451625f2468227ab53b3	L1593107-R002
Gen	41	7	4Q3	1606644	PARTLY_RECONSTRUCTED	25	67	65	14	7	44	14	7	0	1	0	0	0	0	passage_status/DSS-Genesis-Passage-Status.txt	133685	778	f1c93c506a9b44a88a2a85f2e37b206c92ff5a29d480bc950c0ca491957d5831	L1593107-R003,L1593108-R001,L1593109-R001
Gen	41	8	4Q3	1606644	NO_LETTER_RECONSTRUCTION_MARKED	32	91	84	0	5	79	0	5	0	1	0	0	0	0	passage_status/DSS-Genesis-Passage-Status.txt	134463	765	fb3b3ddde220922afa084582517f78be01f63d48c626b6be568a02a5063f7fa5	L1593109-R002,L1593110-R001
Gen	41	9	4Q3	1606644	NO_LETTER_RECONSTRUCTION_MARKED	16	44	41	0	1	24	0	1	0	1	0	19	0	0	passage_status/DSS-Genesis-Passage-Status.txt	135228	766	7a0ce762f792e902e662f52ead198639d1770dc8bf656d6dd39a05f14c70d7e8	L1593110-R002,L1593111-R001
Gen	41	10	4Q3	1606644	PARTLY_RECONSTRUCTED	20	55	50	1	1	41	1	1	0	1	0	7	0	0	passage_status/DSS-Genesis-Passage-Status.txt	135994	755	36436b8c7db9366be81c31bddbdc55e3884f51f2220b9ce78783b61059701a0f	L1593111-R002,L1593112-R001
Gen	41	11	4Q3	1606644	NO_LETTER_RECONSTRUCTION_MARKED	7	19	17	0	0	17	0	0	0	1	0	0	0	0	passage_status/DSS-Genesis-Passage-Status.txt	136749	739	5f80c01623c60feb2e3f9cb6dab018e804fb20a69bf87601cae725360a3cae2e	L1593112-R002
Gen	1	18	4Q4	1606645	PARTLY_RECONSTRUCTED	19	45	43	18	5	20	18	5	0	1	0	0	0	0	passage_status/DSS-Genesis-Passage-Status.txt	137488	746	5ade344f2a2a6b484bcc79f92bd48a8f0a594b259966de880ffb2a48a052eb01	L1593113-R001
Gen	1	19	4Q4	1606645	PARTLY_RECONSTRUCTED	9	24	22	13	1	8	15	1	0	1	0	0	0	0	passage_status/DSS-Genesis-Passage-Status.txt	138234	748	3ad4d1f052c93fccfcd4a57add0d2d2e4d0e7bc2e15187887b478bef98839e1b	L1593113-R002,L1593114-R001
Gen	1	20	4Q4	1606645	PARTLY_RECONSTRUCTED	21	59	57	18	7	32	20	7	0	1	0	0	0	0	passage_status/DSS-Genesis-Passage-Status.txt	138982	762	8942b165ada5ad03a4c45fbd36faee4bf3cfab758877917e33793359dccc348c	L1593114-R002,L1593115-R001
Gen	1	21	4Q4	1606645	PARTLY_RECONSTRUCTED	35	95	91	45	9	37	48	9	0	1	0	0	0	0	passage_status/DSS-Genesis-Passage-Status.txt	139744	784	88e8a5be86f16e85bf3fe484a41da7892306fe4fb6bd11224cd3f1cd1910f59c	L1593115-R002,L1593116-R001,L1593117-R001
Gen	1	22	4Q4	1606645	PARTLY_RECONSTRUCTED	23	56	53	28	5	19	28	5	0	1	0	1	0	0	passage_status/DSS-Genesis-Passage-Status.txt	140528	761	6516ad6ff429edf320e2724de966498a1f979227a863f8a68aba67a21d38db3a	L1593117-R002,L1593118-R001
Gen	1	23	4Q4	1606645	PARTLY_RECONSTRUCTED	9	24	22	2	3	17	2	3	0	1	0	0	0	0	passage_status/DSS-Genesis-Passage-Status.txt	141289	737	d55cce22a0d35f536779fd3822a785d917c04838c821ff7b97382a7ce0a98e71	L1593118-R002
Gen	1	24	4Q4	1606645	PARTLY_RECONSTRUCTED	22	60	56	36	7	13	39	7	0	1	0	0	0	0	passage_status/DSS-Genesis-Passage-Status.txt	142026	756	a84858d444727f1b0cc795d653c8c4683ee39a2bde231e618fde1cfc5291167c	L1593119-R001,L1593120-R001
Gen	1	25	4Q4	1606645	PARTLY_RECONSTRUCTED	29	74	69	44	11	14	46	11	0	1	0	0	0	0	passage_status/DSS-Genesis-Passage-Status.txt	142782	764	08f05a0491a8874c65053947eda542eb32f73cc8bc0e108409075f154d07e7e8	L1593120-R002,L1593121-R001
Gen	1	26	4Q4	1606645	PARTLY_RECONSTRUCTED	39	88	84	60	6	18	62	6	0	1	0	0	0	0	passage_status/DSS-Genesis-Passage-Status.txt	143546	756	73551d3508e4457b76a310c818fff84443e9be18368c36fd6d6d441f34717d2d	L1593122-R001,L1593123-R001
Gen	1	27	4Q4	1606645	NO_LETTER_RECONSTRUCTION_MARKED	7	18	16	0	5	11	0	5	0	1	0	0	0	0	passage_status/DSS-Genesis-Passage-Status.txt	144302	748	360d5b8ac7a609c4151b3ef33c8b4aed9c7499ab20263c4da76d75c14cfbd7f8	L1593123-R002
Gen	36	43	4Q5	1606646	PARTLY_RECONSTRUCTED	20	68	58	40	3	15	48	3	2	4	0	0	0	0	passage_status/DSS-Genesis-Passage-Status.txt	145050	774	83c90e3b252e7e6c12789c408d3a099186911f04d38441ca29f5be957773bf3a	L1593124-R001,L1593125-R001,L1593126-R001
Gen	37	1	4Q5	1606646	PARTLY_RECONSTRUCTED	11	32	29	13	2	14	15	2	0	1	0	0	0	0	passage_status/DSS-Genesis-Passage-Status.txt	145824	740	01a12fdd949e89e6c650761301e1bde691e7107f5917425c8d4c40840156d34a	L1593127-R001
Gen	37	2	4Q5	1606646	PARTLY_RECONSTRUCTED	35	107	101	79	9	13	83	9	0	1	0	0	0	0	passage_status/DSS-Genesis-Passage-Status.txt	146564	780	753de89966daca5d0d4ba1523ca3d573e0d712e482ecd353c10a2e7cd57fd990	L1593127-R002,L1593128-R001,L1593129-R001
Gen	37	27	4Q5	1606646	PARTLY_RECONSTRUCTED	18	64	56	43	6	7	49	6	0	1	0	0	0	0	passage_status/DSS-Genesis-Passage-Status.txt	147344	747	330043c6cc0030bb192e0f6a4af24a4763e9a62db7951e82b9d4c1b30e393d28	L1593130-R001
Gen	37	28	4Q5	1606646	PARTLY_RECONSTRUCTED	29	96	93	71	8	14	74	8	0	1	0	0	0	0	passage_status/DSS-Genesis-Passage-Status.txt	148091	780	7901cb1a8c20e515604984c995f12428fe8f8c6ba2e8b728c8a5f3e538feee59	L1593130-R002,L1593131-R001,L1593132-R001
Gen	37	29	4Q5	1606646	PARTLY_RECONSTRUCTED	17	45	42	37	1	4	40	1	0	1	0	0	0	0	passage_status/DSS-Genesis-Passage-Status.txt	148871	735	7d3efe741e6ef5cb7421efba9cfb92d063ac69dfe4bc00c273ba7db3d9830575	L1593132-R002
Gen	37	30	4Q5	1606646	PARTLY_RECONSTRUCTED	15	41	36	32	2	2	37	2	0	1	0	0	0	0	passage_status/DSS-Genesis-Passage-Status.txt	149606	741	fd8fdad657de2ca76ea9303850f5c74bf14703bb9f911db22383824f074e0a28	L1593133-R001
Gen	40	18	4Q5	1606646	PARTLY_RECONSTRUCTED	14	42	39	36	2	1	39	2	0	1	0	0	0	0	passage_status/DSS-Genesis-Passage-Status.txt	150347	741	ecf8867f12e3dd92efc99a4126945dcea8dcb8c09167787e346fb34fad38c0a0	L1593134-R001
Gen	40	19	4Q5	1606646	PARTLY_RECONSTRUCTED	25	68	55	45	2	8	54	4	2	4	0	0	0	0	passage_status/DSS-Genesis-Passage-Status.txt	151088	773	7d9852e8c2c000a599d848999c487fb481e10a74c8962e4324dd13e0ca747a92	L1593134-R002,L1593135-R001,L1593136-R001
Gen	40	20	4Q5	1606646	PARTLY_RECONSTRUCTED	33	86	82	42	6	34	43	6	0	1	0	0	0	0	passage_status/DSS-Genesis-Passage-Status.txt	151861	774	8786ad7c674305fe55c464f8a342757b074da07caf070c0198bb7b6a5320202e	L1593136-R002,L1593137-R001,L1593138-R001
Gen	40	21	4Q5	1606646	PARTLY_RECONSTRUCTED	16	40	37	26	1	10	29	1	0	1	0	0	0	0	passage_status/DSS-Genesis-Passage-Status.txt	152635	736	8218952333dee0a1cbcab1066ba5aa315f7bb2b97639c9af6c6d72dd0100f7c0	L1593138-R002
Gen	40	22	4Q5	1606646	PARTLY_RECONSTRUCTED	12	30	27	22	1	4	25	1	0	1	0	0	0	0	passage_status/DSS-Genesis-Passage-Status.txt	153371	751	481264b332f81394cb29bd164c0c0391ba4cc9b09462568f28177752f61d0dd4	L1593138-R003,L1593139-R001
Gen	40	23	4Q5	1606646	PARTLY_RECONSTRUCTED	11	30	27	10	3	14	10	3	0	1	0	0	0	0	passage_status/DSS-Genesis-Passage-Status.txt	154122	736	7bf6e797fc33c60d2295a106935f879d5abe2f13249441dd8efd2dfa4a0e9c3d	L1593139-R002
Gen	41	1	4Q5	1606646	PARTLY_RECONSTRUCTED	16	40	38	24	1	13	24	1	0	1	0	0	0	0	passage_status/DSS-Genesis-Passage-Status.txt	154858	734	0bdd94451e2285881f0ea95bef74e975df263a480e3e8ab762776e7432f47541	L1593141-R001
Gen	41	2	4Q5	1606646	PARTLY_RECONSTRUCTED	18	50	48	29	4	15	31	4	0	1	0	0	0	0	passage_status/DSS-Genesis-Passage-Status.txt	155592	762	18821c83c3d448390234ef391a4581f96236d30a8ec94a820d45f1c565acfb0d	L1593141-R002,L1593142-R001
Gen	41	3	4Q5	1606646	PARTLY_RECONSTRUCTED	25	75	72	49	3	20	52	3	0	1	0	0	0	0	passage_status/DSS-Genesis-Passage-Status.txt	156354	772	98d8ccc40e6aa7d993bab4273d720292891b0ab393482cc1d621a78b99122fdb	L1593142-R002,L1593143-R001,L1593144-R001
Gen	41	4	4Q5	1606646	PARTLY_RECONSTRUCTED	25	66	64	44	3	17	44	3	0	1	0	0	0	0	passage_status/DSS-Genesis-Passage-Status.txt	157126	756	d186607989a1fd6e25666def7f5f7ced82f0ec6039f5a148c2851388f55b40fc	L1593144-R002,L1593145-R001
Gen	41	5	4Q5	1606646	PARTLY_RECONSTRUCTED	17	50	48	34	1	13	36	1	0	1	0	0	0	0	passage_status/DSS-Genesis-Passage-Status.txt	157882	750	99fe0b1af95a1231186e75615c45d9467d3ef1d014ad21deeb7cb0b540821209	L1593145-R002,L1593146-R001
Gen	41	6	4Q5	1606646	PARTLY_RECONSTRUCTED	10	36	33	20	1	12	23	1	0	1	0	0	0	0	passage_status/DSS-Genesis-Passage-Status.txt	158632	750	ccbcf276b92288ef8407504bc87168b212ec6c93b687e169ab53084531596d58	L1593146-R002,L1593147-R001
Gen	41	7	4Q5	1606646	PARTLY_RECONSTRUCTED	25	69	67	59	1	7	61	1	0	1	0	0	0	0	passage_status/DSS-Genesis-Passage-Status.txt	159382	749	3a61d57d53f0334755f10f5978eb5df9af2eee9f30deaeedda30bdea57569293	L1593147-R002,L1593148-R001
Gen	41	8	4Q5	1606646	PARTLY_RECONSTRUCTED	12	30	27	26	1	0	27	1	0	1	0	0	0	0	passage_status/DSS-Genesis-Passage-Status.txt	160131	733	5516dc41df60778f63ad78166c778b2f3c08608deddb94c4de97c5162fc1a68d	L1593148-R002
Gen	41	34	4Q5	1606646	NO_LETTER_SLOTS	4	8	0	0	0	0	5	1	2	4	0	0	0	0	passage_status/DSS-Genesis-Passage-Status.txt	160864	720	327c492447a92abf85ff3de65077bfa632c2cdc742ac919bc456810d04264fbe	L1593149-R001
Gen	41	35	4Q5	1606646	PARTLY_RECONSTRUCTED	14	36	34	29	1	4	31	1	0	1	0	0	0	0	passage_status/DSS-Genesis-Passage-Status.txt	161584	735	ce38419cd85ca587324326fce8d588ff77a8bfa55212ae7cc147b3c7148ac9ba	L1593150-R001
Gen	41	36	4Q5	1606646	PARTLY_RECONSTRUCTED	26	63	61	34	2	25	36	2	0	1	0	0	0	0	passage_status/DSS-Genesis-Passage-Status.txt	162319	752	fbbcdf6f298ff7625cba09c30c49448d6a84f48ef91bc1bda8ca10a7f23516ba	L1593151-R001,L1593152-R001
Gen	41	37	4Q5	1606646	PARTLY_RECONSTRUCTED	13	34	31	30	0	1	33	0	0	1	0	0	0	0	passage_status/DSS-Genesis-Passage-Status.txt	163071	746	6564839e79f3f779c885a6f839b71ceeca39b2a992da2bb8fe5a9015a2ddff6c	L1593152-R002,L1593153-R001
Gen	41	38	4Q5	1606646	PARTLY_RECONSTRUCTED	15	44	40	30	1	9	34	1	0	1	0	0	0	0	passage_status/DSS-Genesis-Passage-Status.txt	163817	751	6ebf72021dc43fc13b74ee9a4a6ac6038baaf9c87566ea022370e14d147108a7	L1593153-R002,L1593154-R001
Gen	41	39	4Q5	1606646	PARTLY_RECONSTRUCTED	18	59	55	54	1	0	58	1	0	1	0	0	0	0	passage_status/DSS-Genesis-Passage-Status.txt	164568	751	12e37412559d9e70de9c252a30e7397fe4ba573e60753fb58103bd7eb1a04886	L1593154-R002,L1593155-R001
Gen	41	40	4Q5	1606646	PARTLY_RECONSTRUCTED	16	46	40	38	1	1	44	1	0	1	0	0	0	0	passage_status/DSS-Genesis-Passage-Status.txt	165319	751	55f7f7cb337c3dcc3fbdc000cdd9c342a742c7f6d4ccd6ea2bcd5f24b8ca9860	L1593155-R002,L1593156-R001
Gen	41	41	4Q5	1606646	PARTLY_RECONSTRUCTED	13	40	37	35	0	2	38	0	0	1	0	0	0	0	passage_status/DSS-Genesis-Passage-Status.txt	166070	746	7d2ad7abc17862dd091649f6dc0f2464d96deea5c8b7e4427888ee8311a4d083	L1593156-R002,L1593157-R001
Gen	41	42	4Q5	1606646	PARTLY_RECONSTRUCTED	27	75	68	57	1	10	63	1	0	1	0	0	0	0	passage_status/DSS-Genesis-Passage-Status.txt	166816	768	629d44544df7ea58918d2773cb69aa884e94b2e864580a5a7d28326f11a504a0	L1593157-R002,L1593158-R001,L1593159-R001
Gen	41	43	4Q5	1606646	PARTLY_RECONSTRUCTED	22	65	59	55	0	4	61	0	0	1	0	0	0	0	passage_status/DSS-Genesis-Passage-Status.txt	167584	746	9247a52ed1cc30dde01e77e62b259ebf579540e63276ff94ab5cd740af68f3d6	L1593159-R002,L1593160-R001
Gen	41	44	4Q5	1606646	PARTLY_RECONSTRUCTED	22	66	61	53	0	8	58	0	0	1	0	0	0	0	passage_status/DSS-Genesis-Passage-Status.txt	168330	746	075731834cc47183e79f1ba11efbbe6a4bfdb17a1a50423a4b72af2dd9245200	L1593161-R001,L1593162-R001
Gen	42	17	4Q5	1606646	PARTLY_RECONSTRUCTED	6	20	17	13	2	2	16	2	0	1	0	0	0	0	passage_status/DSS-Genesis-Passage-Status.txt	169076	740	cd26fa6f6337b681bdad17194e7fcba8e503500c8b8f55b006bd2348bf1e445e	L1593163-R001
Gen	42	18	4Q5	1606646	PARTLY_RECONSTRUCTED	18	50	47	44	1	2	47	1	0	1	0	0	0	0	passage_status/DSS-Genesis-Passage-Status.txt	169816	751	52b67335341ba4cdca3d5054f74ed5cd633843253c9c8ccc09646a7bec9b7b11	L1593163-R002,L1593164-R001
Gen	42	19	4Q5	1606646	PARTLY_RECONSTRUCTED	17	61	56	55	0	1	60	0	0	1	0	0	0	0	passage_status/DSS-Genesis-Passage-Status.txt	170567	746	db1a800face99c711466b28ef511897c929a20ac80c12d629460f652376e06c0	L1593164-R002,L1593165-R001
Gen	43	8	4Q5	1606646	PARTLY_RECONSTRUCTED	12	33	30	6	1	23	6	1	0	1	0	0	0	0	passage_status/DSS-Genesis-Passage-Status.txt	171313	732	5a24aedf886979a5e9c6b3d9402e83737df60fa820eb3760d69e871607ce8c33	L1593166-R001
Gen	43	9	4Q5	1606646	PARTLY_RECONSTRUCTED	21	73	63	20	2	41	23	2	0	1	0	0	0	0	passage_status/DSS-Genesis-Passage-Status.txt	172045	750	afecf4db030d44e4a593afc3130ccdfd30f57b5c1f88c68e933dea42ada0f44b	L1593166-R002,L1593167-R001
Gen	43	10	4Q5	1606646	PARTLY_RECONSTRUCTED	9	32	30	11	0	19	11	0	0	1	0	0	0	0	passage_status/DSS-Genesis-Passage-Status.txt	172795	746	563097585fb87f8b28658ddb320871e22ca40bf2b1aa81d73da41e8f3dedaaf3	L1593167-R002,L1593168-R001
Gen	43	11	4Q5	1606646	PARTLY_RECONSTRUCTED	34	103	98	67	5	26	71	5	0	1	0	0	0	0	passage_status/DSS-Genesis-Passage-Status.txt	173541	781	f81f284bcbd827bd3273027a07010a4c66dc29efe2b5c0cbb7a394f5e3379e66	L1593169-R001,L1593170-R001,L1593171-R001
Gen	43	12	4Q5	1606646	PARTLY_RECONSTRUCTED	22	65	60	47	3	10	51	3	0	1	0	0	0	0	passage_status/DSS-Genesis-Passage-Status.txt	174322	758	dadd2c0db116bcfbcb2a88799f40d82769593ef4d1a08abf2ef5eb7a284f8f64	L1593171-R002,L1593172-R001
Gen	43	13	4Q5	1606646	PARTLY_RECONSTRUCTED	11	29	26	18	1	7	20	1	0	1	0	0	0	0	passage_status/DSS-Genesis-Passage-Status.txt	175080	735	eaffe0717a30b0561d78fcd02c9d81cbce298078cc82ac4ae433d870de636a67	L1593172-R002
Gen	43	14	4Q5	1606646	PARTLY_RECONSTRUCTED	26	74	69	62	2	5	67	2	0	1	0	0	0	0	passage_status/DSS-Genesis-Passage-Status.txt	175815	751	87ae5e6f37da42b9472823cbba724207d13ff8249ec9a5cf29d06274480045a6	L1593173-R001,L1593174-R001
Gen	49	6	4Q5	1606646	PARTLY_RECONSTRUCTED	21	61	53	51	2	0	59	2	0	1	0	0	0	0	passage_status/DSS-Genesis-Passage-Status.txt	176566	749	2dcf8bb96a08bbf92b8d0c7291e568f61b5c631aa99c8449992a094927a93d86	L1593175-R001,L1593176-R001
Gen	49	7	4Q5	1606646	PARTLY_RECONSTRUCTED	17	58	45	43	0	2	48	6	0	2	0	0	6	0	passage_status/DSS-Genesis-Passage-Status.txt	177315	749	8be0af22a037cc926ceac2dbac8221b9140e73c2fbbd9383bbaed0f553161007	L1593176-R002,L1593177-R001
Gen	49	8	4Q5	1606646	PARTLY_RECONSTRUCTED	13	53	45	37	1	7	44	1	0	1	0	0	0	0	passage_status/DSS-Genesis-Passage-Status.txt	178064	733	780ee3710b39f444d4394a1dbdfac8f2d4aac0cf731f411ead1484e1d6c1ff0b	L1593177-R002
Gen	33	19	4Q6	1606647	PARTLY_RECONSTRUCTED	5	14	12	7	0	5	7	0	0	1	0	0	0	0	passage_status/DSS-Genesis-Passage-Status.txt	178797	727	7d22653aff0ee4dd5868e3487e64f4f0c0cb1d9e2341c228ac000b49f9be7c2d	L1593180-R001
Gen	33	20	4Q6	1606647	PARTLY_RECONSTRUCTED	11	31	28	4	11	13	5	11	0	1	0	0	0	0	passage_status/DSS-Genesis-Passage-Status.txt	179524	770	f68d50cece4a95afeaabd350f2dc92d4d6279f2cad0601c36bc278ea71b2cbaf	L1593180-R002,L1593181-R001
Gen	34	1	4Q6	1606647	PARTLY_RECONSTRUCTED	16	41	39	6	2	31	6	2	0	1	0	0	0	0	passage_status/DSS-Genesis-Passage-Status.txt	180294	748	dd5ba82ba04ca0ac9533f6fa8bf8e6ae49fe056873780d9d5164c1812dc00fd9	L1593181-R002,L1593182-R001
Gen	34	2	4Q6	1606647	PARTLY_RECONSTRUCTED	4	10	7	3	1	3	4	1	0	1	0	0	0	0	passage_status/DSS-Genesis-Passage-Status.txt	181042	729	5425af4a24cc70b816f4a9bb367187c090401308430f8e1ebb7636af302d2625	L1593182-R002
Gen	48	1	4Q6	1606647	PARTLY_RECONSTRUCTED	26	73	68	30	4	34	34	4	0	1	0	0	0	1	passage_status/DSS-Genesis-Passage-Status.txt	181771	762	0ce7f3bc25f8260a623f43c5971f88a135705ff784b744659b577852fa137a7d	L1593183-R001,L1593184-R001
Gen	48	2	4Q6	1606647	PARTLY_RECONSTRUCTED	20	55	51	26	12	13	28	12	0	1	0	0	0	0	passage_status/DSS-Genesis-Passage-Status.txt	182533	780	a13cb39f38051433a94e8fc06006ee6e41fac964080d2c8af1f31ced068e531f	L1593184-R002,L1593185-R001,L1593186-R001
Gen	48	3	4Q6	1606647	PARTLY_RECONSTRUCTED	18	53	48	29	5	14	34	5	0	1	0	0	0	1	passage_status/DSS-Genesis-Passage-Status.txt	183313	750	cac2c07593e124dee480c7c609258d54fc2e8efee58310b9cd68dd30ea35b57d	L1593186-R002,L1593187-R001
Gen	48	4	4Q6	1606647	PARTLY_RECONSTRUCTED	25	79	70	58	4	8	66	4	0	1	0	0	0	0	passage_status/DSS-Genesis-Passage-Status.txt	184063	771	622c564211a7e75a786081670aa245938149e16eb042ca09e0fb206967f24c99	L1593187-R002,L1593188-R001,L1593189-R001
Gen	48	5	4Q6	1606647	PARTLY_RECONSTRUCTED	27	87	78	33	12	33	37	12	0	1	0	0	0	1	passage_status/DSS-Genesis-Passage-Status.txt	184834	786	acd2b5370d1ddc2151fbf063e7a012cc4cfe62c8c0cd866f247b9da1a3760535	L1593190-R001,L1593191-R001,L1593192-R001
Gen	48	6	4Q6	1606647	PARTLY_RECONSTRUCTED	14	52	46	7	6	33	8	6	0	1	0	0	0	0	passage_status/DSS-Genesis-Passage-Status.txt	185620	754	a143d9d6552f2c459ef08a1f2d3c91bea2e607beee956d7c3e4932d69d39ebc2	L1593192-R002,L1593193-R001
Gen	48	7	4Q6	1606647	PARTLY_RECONSTRUCTED	25	70	64	3	12	49	3	12	0	1	0	0	0	0	passage_status/DSS-Genesis-Passage-Status.txt	186374	778	66c29a105dd310a24d234b6befc82b10c0de7351bcd060523fceb1a7ce431860	L1593193-R002,L1593194-R001,L1593195-R001
Gen	48	8	4Q6	1606647	NO_LETTER_RECONSTRUCTION_MARKED	11	30	28	0	3	25	0	3	0	1	0	0	0	0	passage_status/DSS-Genesis-Passage-Status.txt	187152	759	aefa24686746d84872e97a6c2518092de1045f56a4d5535d157bacbad52386d1	L1593195-R002,L1593196-R001
Gen	48	9	4Q6	1606647	NO_LETTER_RECONSTRUCTION_MARKED	19	56	49	0	5	44	0	5	0	1	0	0	0	0	passage_status/DSS-Genesis-Passage-Status.txt	187911	765	af02b55ba21e2a80f46772dec75f9b73296cae758b0cf9ef16918d6ad663a017	L1593196-R002,L1593197-R001
Gen	48	10	4Q6	1606647	NO_LETTER_RECONSTRUCTION_MARKED	21	62	56	0	8	48	0	8	0	1	0	0	0	0	passage_status/DSS-Genesis-Passage-Status.txt	188676	779	1a0879f2c56cdb6f72cd9927701c74e1aab59e7ec16e62674ff57cafb1a59b32	L1593198-R001,L1593199-R001
Gen	48	11	4Q6	1606647	NO_LETTER_RECONSTRUCTION_MARKED	6	18	16	0	3	13	0	3	0	1	0	0	0	0	passage_status/DSS-Genesis-Passage-Status.txt	189455	750	ac020d0df7dd19fd85fead7ca5219269d7a45bf41fd3e5c4802bc74605422cc2	L1593199-R002
Gen	1	1	4Q7	1606648	PARTLY_RECONSTRUCTED	12	30	28	5	2	21	5	2	0	1	0	0	0	0	passage_status/DSS-Genesis-Passage-Status.txt	190205	730	9fe3d0f011fa4d554ec7e98f567f17daf8be0e33fb2df62fca6aefec446c4b92	L1593200-R001
Gen	1	2	4Q7	1606648	PARTLY_RECONSTRUCTED	21	54	52	27	2	23	29	2	0	1	0	0	0	0	passage_status/DSS-Genesis-Passage-Status.txt	190935	754	71784d4010d78d2fb83722f3f4b4ab01af491f329342281b6f6d981842692738	L1593200-R002,L1593201-R001
Gen	1	3	4Q7	1606648	ALL_LETTER_SLOTS_RECONSTRUCTED	9	25	23	23	0	0	25	0	0	1	0	0	0	0	passage_status/DSS-Genesis-Passage-Status.txt	191689	751	6083c7aca52e841a2dba1f0963e6fbe2181523844dacf6cbcacb88bcbb573953	L1593201-R002,L1593202-R001
Gen	1	4	4Q7	1606648	PARTLY_RECONSTRUCTED	19	47	45	19	3	23	19	3	0	1	0	0	0	0	passage_status/DSS-Genesis-Passage-Status.txt	192440	738	0598f1541c9c84f3368a43d5c634715a96f13a0c6f379262f3377455209dff61	L1593202-R002
Gen	1	5	4Q7	1606648	PARTLY_RECONSTRUCTED	20	52	50	19	0	31	19	0	0	1	0	0	0	0	passage_status/DSS-Genesis-Passage-Status.txt	193178	743	f8eaa9536e12eb6eca53edb10a7bc2fe4441477ffef1fc5124a9e0bbdc0b7222	L1593203-R001,L1593204-R001
Gen	1	6	4Q7	1606648	PARTLY_RECONSTRUCTED	17	46	44	13	1	30	15	1	0	1	0	0	0	0	passage_status/DSS-Genesis-Passage-Status.txt	193921	732	2f28ed57324e9462a2c9e4b2826b2f88a352c6ef3f8522c7766a17c95626dc98	L1593205-R001
Gen	1	7	4Q7	1606648	PARTLY_RECONSTRUCTED	29	67	65	21	0	44	21	0	0	1	0	0	0	0	passage_status/DSS-Genesis-Passage-Status.txt	194653	759	49144d8b6e6ea00113f82adf29d37669827096b58f3e979a86708f27ed2c3a7e	L1593205-R002,L1593206-R001,L1593207-R001
Gen	1	8	4Q7	1606648	PARTLY_RECONSTRUCTED	15	41	39	17	1	21	17	1	0	1	0	0	0	0	passage_status/DSS-Genesis-Passage-Status.txt	195412	748	596a3d011e07b169e2f248fae7d12fc3e26fd68f5018f5804a96d90d10038b07	L1593207-R002,L1593208-R001
Gen	1	9	4Q7	1606648	PARTLY_RECONSTRUCTED	21	54	52	19	6	27	19	6	0	1	0	0	0	0	passage_status/DSS-Genesis-Passage-Status.txt	196160	760	5e7f8479401745d90c4e3b856a4f9f4445479fd96cfcb374c8185fb0aadf3d2d	L1593209-R001,L1593210-R001
Gen	1	10	4Q7	1606648	PARTLY_RECONSTRUCTED	19	51	49	28	4	17	28	4	0	1	0	0	0	0	passage_status/DSS-Genesis-Passage-Status.txt	196920	762	db6f53f0641d412167f476999006e063d5bf12da0049f07d0e39a6e292ab8b6d	L1593210-R002,L1593211-R001
Gen	1	11	4Q7	1606648	PARTLY_RECONSTRUCTED	9	25	21	17	1	3	19	1	1	2	0	0	0	0	passage_status/DSS-Genesis-Passage-Status.txt	197682	732	80ae898e4b452d2c603a0cbe234cdfdb14d2cf27445544d15d8b01129fce5f35	L1593211-R002
Gen	1	13	4Q7	1606648	NO_LETTER_RECONSTRUCTION_MARKED	7	18	14	0	5	9	2	5	1	2	0	0	0	0	passage_status/DSS-Genesis-Passage-Status.txt	198414	747	75a4b8bddb02b60d12653079e3d336e70e6f40bd1f69448980f94cbbb5fe74c3	L1593212-R001
Gen	1	14	4Q7	1606648	PARTLY_RECONSTRUCTED	30	79	77	28	4	40	30	4	0	1	0	5	0	0	passage_status/DSS-Genesis-Passage-Status.txt	199161	767	047f06851e992136aced92dca20949cacf133527f19f4ba231b177556bd0afa6	L1593213-R001,L1593214-R001
Gen	1	15	4Q7	1606648	PARTLY_RECONSTRUCTED	17	39	37	11	1	25	13	1	0	1	0	0	0	0	passage_status/DSS-Genesis-Passage-Status.txt	199928	750	839f4e8d3efbd602b72cc15802844cf044ddd0fb43d4cf60c615142091b19b86	L1593214-R002,L1593215-R001
Gen	1	16	4Q7	1606648	PARTLY_RECONSTRUCTED	33	84	82	32	8	42	34	8	0	1	0	0	0	0	passage_status/DSS-Genesis-Passage-Status.txt	200678	784	2921e21d5068cdf873a2661f68999d8d0e2c32063e47b4ebf02bb171db7fc24d	L1593215-R002,L1593216-R001,L1593217-R001
Gen	1	17	4Q7	1606648	PARTLY_RECONSTRUCTED	14	36	33	21	1	11	22	1	0	1	0	0	0	0	passage_status/DSS-Genesis-Passage-Status.txt	201462	750	a9b49d073f08773095f0b20b8a959775213a6eea5ec1f9d4df86ebed1e689519	L1593217-R002,L1593218-R001
Gen	1	18	4Q7	1606648	PARTLY_RECONSTRUCTED	24	54	52	25	2	25	25	2	0	1	0	0	0	0	passage_status/DSS-Genesis-Passage-Status.txt	202212	756	49c46ada96a032c513c8346ef6d413375e9c8feee418db1018f07e3ebd23e806	L1593218-R002,L1593219-R001
Gen	1	19	4Q7	1606648	PARTLY_RECONSTRUCTED	9	24	22	20	1	1	20	1	0	1	0	0	0	0	passage_status/DSS-Genesis-Passage-Status.txt	202968	748	1aab2f7560c55a6be0482ba038283a1e343fd3aa3f3cfc0aaa3e5bddd47923fb	L1593219-R002,L1593220-R001
Gen	1	20	4Q7	1606648	PARTLY_RECONSTRUCTED	21	59	57	41	3	13	43	3	0	1	0	0	0	0	passage_status/DSS-Genesis-Passage-Status.txt	203716	750	d9089b1f38715dd629d4ad6d5ef8767c7208e52eb919407457624b5aec9c21fa	L1593221-R001,L1593222-R001
Gen	1	21	4Q7	1606648	PARTLY_RECONSTRUCTED	35	95	91	45	3	43	47	3	0	1	0	0	0	0	passage_status/DSS-Genesis-Passage-Status.txt	204466	772	87c07db76e613e318ef0a1081bf30bc1e6315b8a317960b5ef067c327e09a7e6	L1593222-R002,L1593223-R001,L1593224-R001
Gen	1	22	4Q7	1606648	PARTLY_RECONSTRUCTED	23	56	53	38	5	10	41	5	0	1	0	0	0	0	passage_status/DSS-Genesis-Passage-Status.txt	205238	762	8d058cc682bea7eb60365641c02211d312c7a265e31f8e8f054bda8d0a236902	L1593224-R002,L1593225-R001
Gen	2	6	4Q7	1606648	NO_LETTER_SLOTS	3	6	0	0	0	0	3	1	1	3	0	0	0	0	passage_status/DSS-Genesis-Passage-Status.txt	206000	716	3ff919368db53faea24f8a93970b3852a93a9f7c227e2f4892ebcfc06cb10839	L1593226-R001
Gen	2	7	4Q7	1606648	PARTLY_RECONSTRUCTED	13	34	30	24	0	5	26	0	1	2	0	1	0	0	passage_status/DSS-Genesis-Passage-Status.txt	206716	731	fd4f2792c9b3ca60dee198bdd0e306bebd5617dbcfe74a247dcdb876aec1c691	L1593226-R002
Gen	1	8	4Q8a	1606649	NO_LETTER_RECONSTRUCTION_MARKED	3	5	1	0	1	0	4	1	1	2	0	0	0	0	passage_status/DSS-Genesis-Passage-Status.txt	207447	739	9507cbddb0a8c4089feb3b72876763d0c249ff42275994fc6476874ad61b16bc	L1593227-R001
Gen	1	9	4Q8a	1606649	PARTLY_RECONSTRUCTED	21	54	52	43	1	8	45	1	0	1	0	0	0	0	passage_status/DSS-Genesis-Passage-Status.txt	208186	749	7863aa47518698389e8d291c3bfa281db04d879f54c5de2456d749cc44674411	L1593228-R001,L1593229-R001
Gen	1	10	4Q8a	1606649	PARTLY_RECONSTRUCTED	17	46	44	39	1	4	41	1	0	1	0	0	0	0	passage_status/DSS-Genesis-Passage-Status.txt	208935	751	0bd167e5c7ff756cac0e6a6e0d643200da729abc97cb3415a2b2b3e8c6c7dc76	L1593229-R002,L1593230-R001
Gen	2	17	4Q8b	1606650	PARTLY_RECONSTRUCTED	7	23	19	14	1	4	18	1	0	1	0	0	0	0	passage_status/DSS-Genesis-Passage-Status.txt	209686	734	ef185fd703dcf04320ffd6c82aa133fcd8f72a2009870edbd965e2aeb9294afc	L1593231-R001
Gen	2	18	4Q8b	1606650	PARTLY_RECONSTRUCTED	17	50	45	41	1	3	46	1	0	1	0	0	0	0	passage_status/DSS-Genesis-Passage-Status.txt	210420	751	672806aeb13e2a0383b67b636a3714986e33e31adb9bd8c359380df341641347	L1593231-R002,L1593232-R001
Gen	12	4	4Q8c	1606651	NO_LETTER_RECONSTRUCTION_MARKED	6	15	7	0	0	7	5	1	2	4	0	0	0	0	passage_status/DSS-Genesis-Passage-Status.txt	211171	737	8277b4e238d3851d4206f0948fc770b2df37c8cf7e0b45c85e74f933639e1589	L1593233-R001
Gen	12	5	4Q8c	1606651	NO_LETTER_RECONSTRUCTION_MARKED	6	12	4	0	0	4	5	1	2	4	0	0	0	0	passage_status/DSS-Genesis-Passage-Status.txt	211908	737	860d16c3ef515193ca368159bbc1ba5886d8b28bfc526e8bf2521f1990595057	L1593234-R001
Gen	1	1	4Q8d	1606652	NO_LETTER_RECONSTRUCTION_MARKED	3	7	5	0	1	4	0	1	0	1	0	0	0	0	passage_status/DSS-Genesis-Passage-Status.txt	212645	739	7453c80eb7ff0e2e01e82e0697870da1072a996de19c705881be17eb3e5fc86c	L1593235-R001
Gen	41	15	4Q9	1606653	PARTLY_RECONSTRUCTED	16	47	42	40	2	0	45	2	0	1	0	0	0	0	passage_status/DSS-Genesis-Passage-Status.txt	213384	741	c58a852de40e1e3ff60e432a005f430e5908bbfc209c39309d15a9c33164a754	L1593236-R001
Gen	41	16	4Q9	1606653	PARTLY_RECONSTRUCTED	15	47	44	30	2	12	33	2	0	1	0	2	0	0	passage_status/DSS-Genesis-Passage-Status.txt	214125	763	28c881976ff89245d2d54e828e1e5d7ff5ffb34cd9f353c8dd7a13155f46cd1f	L1593236-R002,L1593237-R001
Gen	41	17	4Q9	1606653	PARTLY_RECONSTRUCTED	14	40	36	26	0	10	28	0	0	1	0	0	0	0	passage_status/DSS-Genesis-Passage-Status.txt	214888	747	3b5cb62fabfa747435f5d47c21932a58a3f38f1e55d70b6c81c6a3f20696534d	L1593237-R002,L1593238-R001
Gen	41	18	4Q9	1606653	PARTLY_RECONSTRUCTED	18	49	47	34	11	2	36	11	0	1	0	0	0	0	passage_status/DSS-Genesis-Passage-Status.txt	215635	765	54691c47b460f727785c1e0bb8a8a196cf3eae8f6c089d95bf46f831ad84845e	L1593238-R002,L1593239-R001
Gen	41	23	4Q9	1606653	PARTLY_RECONSTRUCTED	13	47	41	37	2	2	42	3	1	2	0	0	0	0	passage_status/DSS-Genesis-Passage-Status.txt	216400	757	7ec203d645a37b9b279c5533c0723beeddaac821f771b29725b6f8c363e2287c	L1593240-R001,L1593241-R001
Gen	41	24	4Q9	1606653	PARTLY_RECONSTRUCTED	23	63	60	36	10	13	36	10	0	1	0	3	0	0	passage_status/DSS-Genesis-Passage-Status.txt	217157	787	b1b691650a5fa56787478a30ceb3dfca80424fea252e5574fc0b47e8c2276bb3	L1593241-R002,L1593242-R001,L1593243-R001
Gen	41	25	4Q9	1606653	PARTLY_RECONSTRUCTED	18	54	52	34	2	16	36	2	0	1	0	0	0	0	passage_status/DSS-Genesis-Passage-Status.txt	217944	768	cc753543a0727326556eb47610b92fb1ff951717fa25f4ead9dfc1e0124c20d1	L1593243-R002,L1593244-R001,L1593245-R001
Gen	41	26	4Q9	1606653	PARTLY_RECONSTRUCTED	20	56	54	43	3	8	45	3	0	1	0	0	0	0	passage_status/DSS-Genesis-Passage-Status.txt	218712	773	cf6c35add2676cd9048d1c149e2856b4cb5428a4e2b5e13def79c4fb0dff7d4a	L1593245-R002,L1593246-R001,L1593247-R001
Gen	41	27	4Q9	1606653	PARTLY_RECONSTRUCTED	31	84	77	74	2	1	78	3	1	3	0	0	0	0	passage_status/DSS-Genesis-Passage-Status.txt	219485	757	ec8b41c509b673f54084cca97109285d01f3e12b0b79721a1b0470b9c841b4a3	L1593247-R002,L1593248-R001
Gen	41	29	4Q9	1606653	PARTLY_RECONSTRUCTED	10	30	22	19	1	2	22	4	1	3	0	0	0	0	passage_status/DSS-Genesis-Passage-Status.txt	220242	751	1fa7f5630378691ccc90a22c8c9c349a4ef6ad92c1d0743ad7ce6f48a0d7ceb9	L1593249-R001,L1593250-R001
Gen	41	30	4Q9	1606653	PARTLY_RECONSTRUCTED	22	57	54	31	3	20	34	3	0	1	0	0	0	0	passage_status/DSS-Genesis-Passage-Status.txt	220993	774	2ae8459e8957765cba508d402f36f0475682f120b0c78a00e87f4f4ff3ae6027	L1593250-R002,L1593251-R001,L1593252-R001
Gen	41	31	4Q9	1606653	PARTLY_RECONSTRUCTED	20	46	44	26	3	15	26	3	0	1	0	0	0	0	passage_status/DSS-Genesis-Passage-Status.txt	221767	758	c701da597f6e0211d0e5f313107b8ad41330f460ff14e386cdf6330f8cd19365	L1593252-R002,L1593253-R001
Gen	41	32	4Q9	1606653	PARTLY_RECONSTRUCTED	23	62	59	27	14	18	30	14	0	1	0	0	0	0	passage_status/DSS-Genesis-Passage-Status.txt	222525	788	1a3ad643fdc72df45b4f0b27bdb5c4f160dc87e595914f154a0ce383a0ff53af	L1593253-R002,L1593254-R001,L1593255-R001
Gen	41	33	4Q9	1606653	PARTLY_RECONSTRUCTED	14	42	39	26	5	8	29	5	0	1	0	0	0	0	passage_status/DSS-Genesis-Passage-Status.txt	223313	763	6066f74134aea58fc2136e43217cb9d0c23b1438b232b7134b0b68c8fb5465be	L1593255-R002,L1593256-R001
Gen	41	34	4Q9	1606653	PARTLY_RECONSTRUCTED	19	50	45	21	10	14	25	11	0	1	0	0	0	0	passage_status/DSS-Genesis-Passage-Status.txt	224076	760	942466c8e3fbbf17ea7c3059055b8ee5c9557268cf6243d47674ac7da499fbf7	L1593256-R002,L1593257-R001
Gen	41	35	4Q9	1606653	PARTLY_RECONSTRUCTED	24	59	51	31	10	10	36	12	1	4	0	0	0	0	passage_status/DSS-Genesis-Passage-Status.txt	224836	776	e2d7fdd766c7d91d7e0464abb83ba069b1504f548b3e692caa4d34a92326a5aa	L1593257-R002,L1593258-R001,L1593259-R001
Gen	41	36	4Q9	1606653	NO_LETTER_RECONSTRUCTION_MARKED	5	9	1	0	1	0	4	3	1	4	0	0	0	0	passage_status/DSS-Genesis-Passage-Status.txt	225612	741	4d0b307bb6df108a9e89191c36c34efd9c43f942e707704f61ffd1f5ff3c5afb	L1593259-R002
Gen	41	38	4Q9	1606653	PARTLY_RECONSTRUCTED	8	22	19	11	5	3	14	5	0	1	0	0	0	0	passage_status/DSS-Genesis-Passage-Status.txt	226353	740	0e0e08e43160de595c51afd3d724ede0961aa99dd6345bcedaa5af600c97f9f2	L1593260-R001
Gen	41	39	4Q9	1606653	PARTLY_RECONSTRUCTED	18	59	55	38	2	15	39	2	0	1	0	0	0	0	passage_status/DSS-Genesis-Passage-Status.txt	227093	774	b069743dd9507ac22b48d53ab429146ba8e46f4b0d272a19fb2fe9bf7046dacc	L1593260-R002,L1593261-R001,L1593262-R001
Gen	41	40	4Q9	1606653	PARTLY_RECONSTRUCTED	16	46	40	20	1	19	23	1	0	1	0	0	0	0	passage_status/DSS-Genesis-Passage-Status.txt	227867	752	dbdafba8bb810ebf098977cc9f75987c350735df278a0c04cfaac75d57e033f3	L1593262-R002,L1593263-R001
Gen	41	41	4Q9	1606653	PARTLY_RECONSTRUCTED	13	40	37	22	8	7	24	8	0	1	0	0	0	0	passage_status/DSS-Genesis-Passage-Status.txt	228619	763	ef9ef34704c987a589245267835c4f2659eef2002803dbdae8f154907d33ac64	L1593263-R002,L1593264-R001
Gen	41	42	4Q9	1606653	PARTLY_RECONSTRUCTED	27	75	68	59	8	1	65	8	0	1	0	0	0	0	passage_status/DSS-Genesis-Passage-Status.txt	229382	779	11e1978b4d4873e3ccbb49cc6c24ac2e00eb83852bf9f37e497f46b089c8ffbf	L1593264-R002,L1593265-R001,L1593266-R001
Gen	41	43	4Q9	1606653	PARTLY_RECONSTRUCTED	25	71	59	55	3	1	63	4	1	4	0	0	0	0	passage_status/DSS-Genesis-Passage-Status.txt	230161	773	661eb4a5ff31fadbace9cae5536eb63fd75d39251a84662c62b240b7f4b2287e	L1593266-R002,L1593267-R001,L1593268-R001
Gen	42	15	4Q9	1606653	PARTLY_RECONSTRUCTED	9	22	19	16	2	1	19	2	0	1	0	0	0	0	passage_status/DSS-Genesis-Passage-Status.txt	230934	734	8ead37d7f04f67bf139c6c6c439a7520a29bb0aad18c9d868b0bf42e515d4507	L1593269-R001
Gen	42	16	4Q9	1606653	PARTLY_RECONSTRUCTED	25	78	72	65	2	5	71	2	0	1	0	0	0	0	passage_status/DSS-Genesis-Passage-Status.txt	231668	773	abf4c97b4cf7ce7075a964b7862386c32116d250f2c89e1ab8c3689c21375a00	L1593269-R002,L1593270-R001,L1593271-R001
Gen	42	17	4Q9	1606653	PARTLY_RECONSTRUCTED	8	25	22	13	4	5	13	4	0	1	0	0	0	0	passage_status/DSS-Genesis-Passage-Status.txt	232441	734	7ebae1ca80db2bf9400646c54252756433863df6be834f2caf3af623e76cb428	L1593271-R002
Gen	42	18	4Q9	1606653	PARTLY_RECONSTRUCTED	18	49	46	20	6	20	23	6	0	1	0	0	0	0	passage_status/DSS-Genesis-Passage-Status.txt	233175	764	3b7250ff28ffebd6e7a6a070c323f71ba6b1374ecb1fca8acf627129b192ea9a	L1593271-R003,L1593272-R001
Gen	42	19	4Q9	1606653	PARTLY_RECONSTRUCTED	18	62	57	31	8	18	32	9	0	1	0	0	0	0	passage_status/DSS-Genesis-Passage-Status.txt	233939	774	c5d838763ea62ed1bb7571fcd7bcc49846bf74a5723aa108e68a98cf8d25b6f7	L1593272-R002,L1593273-R001,L1593274-R001
Gen	42	20	4Q9	1606653	PARTLY_RECONSTRUCTED	17	52	47	19	8	20	20	8	0	1	0	0	0	0	passage_status/DSS-Genesis-Passage-Status.txt	234713	770	f20394417661561a8f2a5d7f565ec5891e19ad891d93ed55605c6a1cfdce9592	L1593274-R002,L1593275-R001
Gen	42	21	4Q9	1606653	PARTLY_RECONSTRUCTED	29	98	90	29	22	39	30	22	0	1	0	0	0	0	passage_status/DSS-Genesis-Passage-Status.txt	235483	789	1679728737c5b74bb61ff7cb536f379f8313a461806a6417e0f94efcee13036e	L1593275-R002,L1593276-R001,L1593277-R001
Gen	42	22	4Q9	1606653	PARTLY_RECONSTRUCTED	24	67	62	45	4	13	46	4	0	1	0	0	0	0	passage_status/DSS-Genesis-Passage-Status.txt	236272	758	f74f2daca657253276e2b817ab63da6020ec3587d921a9347c2c14166bdba082	L1593277-R002,L1593278-R001
Gen	42	37	4Q9	1606653	NO_LETTER_SLOTS	4	10	0	0	0	0	7	3	3	4	0	0	0	0	passage_status/DSS-Genesis-Passage-Status.txt	237030	737	a2c0898d217131cb396c6b2dfffeb7251325d2357fb6815d03f63154340c400a	L1593279-R001,L1593280-R001
Gen	42	38	4Q9	1606653	PARTLY_RECONSTRUCTED	30	93	83	56	9	18	63	9	0	1	0	0	0	0	passage_status/DSS-Genesis-Passage-Status.txt	237767	780	2eb0f09bf0730921e1e658e29a938464a93dd704566142cb8564765bca5beb34	L1593280-R002,L1593281-R001,L1593282-R001
Gen	43	1	4Q9	1606653	NO_LETTER_RECONSTRUCTION_MARKED	7	14	12	0	3	9	0	3	0	1	0	0	0	0	passage_status/DSS-Genesis-Passage-Status.txt	238547	741	c92c2d949bfe95f65bbc7447d6a9d369de920ae4f2f802c5576ee4bfe920ef6b	L1593282-R002
Gen	43	2	4Q9	1606653	PARTLY_RECONSTRUCTED	17	42	40	31	2	7	31	2	0	1	0	0	0	0	passage_status/DSS-Genesis-Passage-Status.txt	239288	733	3a278e9d646263a5fbbebee6e0188a48d1816479ac31651f79661fb1f9f734ca	L1593283-R001
Gen	43	5	4Q9	1606653	PARTLY_RECONSTRUCTED	16	56	49	44	1	4	51	1	0	1	0	0	0	0	passage_status/DSS-Genesis-Passage-Status.txt	240021	749	87afd19ca080fc737eb1ab85049d6da679032fa606d8eff4646933f9f1a421fc	L1593284-R001,L1593285-R001
Gen	43	6	4Q9	1606653	PARTLY_RECONSTRUCTED	15	42	38	24	4	10	25	4	0	1	0	0	0	0	passage_status/DSS-Genesis-Passage-Status.txt	240770	740	46f269d6a239bde7bea0be70b46d62dc71d3f91f3fc04ac2e611e84487528fdc	L1593285-R002
Gen	43	7	4Q9	1606653	PARTLY_RECONSTRUCTED	38	107	99	76	5	18	83	5	0	1	0	0	0	0	passage_status/DSS-Genesis-Passage-Status.txt	241510	773	a405cbc3d9e89f07c2a33a6fcb337eac251e36e4e8bcbeed38c16e2f474c7dbf	L1593286-R001,L1593287-R001,L1593288-R001
Gen	43	8	4Q9	1606653	PARTLY_RECONSTRUCTED	8	29	25	23	2	0	24	2	0	1	0	0	0	0	passage_status/DSS-Genesis-Passage-Status.txt	242283	732	6d35e4c60b3ce46a06e175b526cded74e585a8ea6e1aa6f54f3981cba00efad4	L1593288-R002
Gen	45	13	4Q9	1606653	NO_LETTER_SLOTS	5	13	0	0	0	0	7	5	2	5	0	0	0	0	passage_status/DSS-Genesis-Passage-Status.txt	243015	737	8d59971838bf8d624ef46e2779dbb765d04652f7ca36e693662f38609cd279cd	L1593289-R001,L1593290-R001
Gen	45	14	4Q9	1606653	PARTLY_RECONSTRUCTED	14	51	43	24	6	13	28	6	0	1	0	0	0	0	passage_status/DSS-Genesis-Passage-Status.txt	243752	770	bc8671c82991caa22655398e4d132e0049e8624453c189eb50ec41a3fd040d40	L1593290-R002,L1593291-R001
Gen	45	15	4Q9	1606653	PARTLY_RECONSTRUCTED	15	45	39	17	5	17	22	5	0	1	0	0	0	0	passage_status/DSS-Genesis-Passage-Status.txt	244522	780	d303daa388a9872e286135d9f5b94fcd08bf8bb5d985eaacea26179d1713ea6e	L1593291-R002,L1593292-R001,L1593293-R001
Gen	45	16	4Q9	1606653	PARTLY_RECONSTRUCTED	21	57	54	24	11	19	24	11	0	1	0	0	0	0	passage_status/DSS-Genesis-Passage-Status.txt	245302	772	6ac60efb31bd50dac8799c0dcb6c1ba15509a929d8132b08abb92c8bc2bf18fa	L1593293-R002,L1593294-R001
Gen	45	17	4Q9	1606653	PARTLY_RECONSTRUCTED	19	62	56	26	13	17	29	14	0	1	0	0	0	0	passage_status/DSS-Genesis-Passage-Status.txt	246074	766	e08eeb38fbce223a10c4852fb30a40f34f0c3461c73b7e8f9110bfb69d91b8d7	L1593294-R002,L1593295-R001
Gen	45	18	4Q9	1606653	PARTLY_RECONSTRUCTED	24	67	61	32	9	20	35	9	0	1	0	0	0	0	passage_status/DSS-Genesis-Passage-Status.txt	246840	764	d0c0d7c69f1490e0d1e12f5cfd15d9e21d430165c0a24a62f3835474ff5759aa	L1593296-R001,L1593297-R001
Gen	45	19	4Q9	1606653	PARTLY_RECONSTRUCTED	23	71	65	58	4	3	63	4	0	1	0	0	0	0	passage_status/DSS-Genesis-Passage-Status.txt	247604	751	92ba4bf204f32aeb937bcbbcf9ddac9e2986b09e0d331bea59ed55193206d550	L1593297-R002,L1593298-R001
Gen	45	20	4Q9	1606653	PARTLY_RECONSTRUCTED	14	44	39	35	1	3	40	1	0	1	0	0	0	0	passage_status/DSS-Genesis-Passage-Status.txt	248355	751	eeaa9260d0b4e831b5ad712d487a214203228393b99175cdc58891a1582b366d	L1593299-R001,L1593300-R001
Gen	45	21	4Q9	1606653	PARTLY_RECONSTRUCTED	20	57	53	49	1	3	53	1	0	1	0	0	0	0	passage_status/DSS-Genesis-Passage-Status.txt	249106	751	193ea71487635ecbcb05ccab3780d12e5e8d7c29e0443023e7f06e2963ae5371	L1593300-R002,L1593301-R001
Gen	45	22	4Q9	1606653	PARTLY_RECONSTRUCTED	19	55	52	51	1	0	54	1	0	1	0	0	0	0	passage_status/DSS-Genesis-Passage-Status.txt	249857	751	db3248b1dc2ec7fc827f0380b16ea36e80e4c638ced75d148bd0518c4553b8a5	L1593301-R002,L1593302-R001
Gen	45	25	4Q9	1606653	NO_LETTER_SLOTS	5	11	0	0	0	0	8	3	2	5	0	0	0	0	passage_status/DSS-Genesis-Passage-Status.txt	250608	737	a1bce9d64512dbec184c918ad3d77899c1e5b629039fa3bab1bf4f1622f00afb	L1593303-R001,L1593304-R001
Gen	45	26	4Q9	1606653	PARTLY_RECONSTRUCTED	24	64	59	54	3	2	58	3	0	1	0	0	0	0	passage_status/DSS-Genesis-Passage-Status.txt	251345	773	6de587788df7ea6e5741b691f3a1c2f7876c9d46c51d5304289a10389c4eeb62	L1593304-R002,L1593305-R001,L1593306-R001
Gen	45	27	4Q9	1606653	PARTLY_RECONSTRUCTED	27	83	77	74	2	1	80	2	0	1	0	0	0	0	passage_status/DSS-Genesis-Passage-Status.txt	252118	751	c686efe6c40d297c2202a39526c8b3a3eb9eb19fa6a05fcc2ead8c1cce60c44a	L1593306-R002,L1593307-R001
Gen	45	28	4Q9	1606653	PARTLY_RECONSTRUCTED	15	46	42	39	2	1	43	2	0	1	0	0	0	0	passage_status/DSS-Genesis-Passage-Status.txt	252869	735	0fd57a9bb012f436300ebc257c43e2287d915eb30a86a8c85b7eb03e04f39d51	L1593308-R001
Gen	1	9	4Q10	1606654	PARTLY_RECONSTRUCTED	8	17	15	8	1	6	10	1	0	1	0	0	0	0	passage_status/DSS-Genesis-Passage-Status.txt	253604	731	57a430800297f0b5149ecf229c5d27359cf12268048627c10da3c5c180f16073	L1593319-R001
Gen	1	10	4Q10	1606654	ALL_LETTER_SLOTS_RECONSTRUCTED	7	20	18	18	0	0	18	0	0	1	0	0	0	0	passage_status/DSS-Genesis-Passage-Status.txt	254335	739	2730ca2b22f54c789e218ffad82fd8630ad4941b7d0958f105eb37d9d37d7c49	L1593319-R002
Gen	1	13	4Q10	1606654	NO_LETTER_SLOTS	1	2	0	0	0	0	1	1	0	1	0	0	0	0	passage_status/DSS-Genesis-Passage-Status.txt	255074	720	eaafd85f0f57b57d79ff79a71a858a55aff97e9bd59e8f56bafece4fbca3387b	L1593320-R001
Gen	1	14	4Q10	1606654	PARTLY_RECONSTRUCTED	32	80	78	20	8	50	22	8	0	1	0	0	0	0	passage_status/DSS-Genesis-Passage-Status.txt	255794	770	c2a75e05358d051157eaa98244dddb19880756af51c4cd497d82bb801814a4ac	L1593321-R001,L1593322-R001
Gen	1	15	4Q10	1606654	PARTLY_RECONSTRUCTED	17	39	37	6	10	21	6	10	0	1	0	0	0	0	passage_status/DSS-Genesis-Passage-Status.txt	256564	748	76564e04889f0db54d42ce3ca29589c5737080573a109c41aadcc54f95457bd7	L1593323-R001
Gen	1	16	4Q10	1606654	PARTLY_RECONSTRUCTED	3	6	4	2	2	0	2	2	0	1	0	0	0	0	passage_status/DSS-Genesis-Passage-Status.txt	257312	730	b0f10ca5e553a9760fdeebfe5abdd723361fff54e7730aefb9a0342106a0f71c	L1593323-R002
Gen	1	26	4Q10	1606654	NO_LETTER_SLOTS	2	4	0	0	0	0	2	1	0	2	0	0	0	0	passage_status/DSS-Genesis-Passage-Status.txt	258042	720	5f0f29d5d4e1deab723084ce005c3544e5f5c849ef289f0779a095ab791a9fff	L1593324-R001
Gen	1	27	4Q10	1606654	PARTLY_RECONSTRUCTED	20	61	50	39	2	9	44	7	0	2	0	0	5	0	passage_status/DSS-Genesis-Passage-Status.txt	258762	772	315783a433dafda79f87eedf8a2091e0f481fe6cd40189b4e4ee56b59f007c04	L1593324-R002,L1593325-R001,L1593326-R001
Gen	1	28	4Q10	1606654	PARTLY_RECONSTRUCTED	25	65	60	57	0	3	60	0	0	1	0	0	0	0	passage_status/DSS-Genesis-Passage-Status.txt	259534	746	f781fc1e712fdf25b51441f45806e3141f67d35d467c4fe6a5ff87f8f390bc03	L1593326-R002,L1593327-R001
Gen	2	1	4Q10	1606654	PARTLY_RECONSTRUCTED	12	27	22	17	2	3	22	2	1	2	0	0	0	0	passage_status/DSS-Genesis-Passage-Status.txt	260280	733	5e8a059ec34a80302bb4ce36ea9a6694e2f4cfc1de95d1ad73725a2fca7812bf	L1593328-R001
Gen	2	2	4Q10	1606654	PARTLY_RECONSTRUCTED	22	65	61	57	2	2	60	2	0	1	0	0	0	0	passage_status/DSS-Genesis-Passage-Status.txt	261013	771	7891069bc8562e2dd9ac7cc0968a436f40ecd0c11778f163db42ceeecfc16237	L1593328-R002,L1593329-R001,L1593330-R001
Gen	2	3	4Q10	1606654	PARTLY_RECONSTRUCTED	22	66	61	49	3	9	53	3	0	1	0	0	0	0	passage_status/DSS-Genesis-Passage-Status.txt	261784	755	ce9d4db81b1706602d9959ba4200643b745d624988df2314b5b9d3525aaeec24	L1593330-R002,L1593331-R001
Gen	3	1	4Q10	1606654	PARTLY_RECONSTRUCTED	32	78	76	59	6	11	59	6	0	1	0	0	0	0	passage_status/DSS-Genesis-Passage-Status.txt	262539	778	34580552f397d924805d549df88e18f4e03d68ade5fcf5d50fa270b7771f52ac	L1593332-R001,L1593333-R001,L1593334-R001
Gen	3	2	4Q10	1606654	PARTLY_RECONSTRUCTED	10	21	19	5	1	13	5	1	0	1	0	0	0	0	passage_status/DSS-Genesis-Passage-Status.txt	263317	732	59e5a2c6191ac0102f947a3653260c8189d8b64be80825ab8de05a01cfa39eed	L1593334-R002
Gen	50	26	4Q11	1606655	PARTLY_RECONSTRUCTED	4	10	6	4	2	0	6	2	0	2	0	0	0	0	passage_status/DSS-Genesis-Passage-Status.txt	264049	749	00425c3fc5bb1a6190af6f33bc0e7cb6f323152d08d6a8fee4df77319b731608	L1593335-R001,L1593338-R001
Gen	26	21	4Q12	1606656	PARTLY_RECONSTRUCTED	14	43	37	33	1	3	39	1	1	2	0	0	0	0	passage_status/DSS-Genesis-Passage-Status.txt	264798	753	ad0e70e2b5b9703716e4e7d53c21a38f27d99d51a9034436d4f9ea8adf0437ac	L1593636-R001,L1593637-R001
Gen	26	22	4Q12	1606656	PARTLY_RECONSTRUCTED	28	82	77	66	3	8	71	3	0	1	0	0	0	0	passage_status/DSS-Genesis-Passage-Status.txt	265551	759	fe03667bcea1813fac5f177eee7e8a96507afefa985649220a1f419003bbce98	L1593637-R002,L1593638-R001
Gen	26	23	4Q12	1606656	PARTLY_RECONSTRUCTED	8	15	13	2	1	10	4	1	0	1	0	0	0	0	passage_status/DSS-Genesis-Passage-Status.txt	266310	751	ea6bff6d1fa575eee3b23444346e05e1a4ddd8336d102f77326fc221e0a10c2c	L1593638-R002,L1593639-R001
Gen	26	24	4Q12	1606656	PARTLY_RECONSTRUCTED	30	100	92	80	2	10	87	2	0	1	0	0	0	0	passage_status/DSS-Genesis-Passage-Status.txt	267061	755	54f52e42fc2f911738013e4557d03ee4da1d965e3a4ddd623f1b97ae1e5cb171	L1593639-R002,L1593640-R001
Gen	26	25	4Q12	1606656	PARTLY_RECONSTRUCTED	20	53	50	41	1	8	44	1	0	1	0	0	0	0	passage_status/DSS-Genesis-Passage-Status.txt	267816	753	084074876127e46f70b47bd0fc43c3183620a330125e64a51c709a31182f325a	L1593640-R002,L1593641-R001
Gen	26	26	4Q12	1606656	PARTLY_RECONSTRUCTED	14	44	39	30	0	9	34	0	0	1	0	0	0	0	passage_status/DSS-Genesis-Passage-Status.txt	268569	748	e0c6672c940939b9bb8a39300f7b4a05d8684e219a4859b286546ae212c11ae4	L1593641-R002,L1593642-R001
Gen	26	27	4Q12	1606656	PARTLY_RECONSTRUCTED	16	56	49	47	2	0	51	2	0	1	0	0	0	0	passage_status/DSS-Genesis-Passage-Status.txt	269317	737	bbcf8734ce18ee871e6a1c3c7402aab5756a70839c4348c8c78a960c37ad1505	L1593642-R002
Gen	26	28	4Q12	1606656	PARTLY_RECONSTRUCTED	6	14	10	8	0	2	10	0	1	2	0	0	0	0	passage_status/DSS-Genesis-Passage-Status.txt	270054	746	6bef7a470c34e05d921fd26209f34565d3a1997ab9731718fb130be35cd6f350	L1593642-R003,L1593643-R001
Gen	50	15	4Q12a	1606657	PARTLY_RECONSTRUCTED	21	67	61	45	1	15	51	1	0	1	0	0	0	0	passage_status/DSS-Genesis-Passage-Status.txt	270800	756	52e7b26e9bda0582449cf66b05f8a34139efdf6d6eef00ecc65967317c932dd7	L1593644-R001,L1593645-R001
Gen	50	16	4Q12a	1606657	ALL_LETTER_SLOTS_RECONSTRUCTED	8	22	19	19	0	0	20	0	0	1	0	0	0	0	passage_status/DSS-Genesis-Passage-Status.txt	271556	743	874af641cf6697d57d3c096a3210a4c9a121972900276e8a3f1c42c9ebc3f9e6	L1593645-R002
Gen	1	29	4Q483	1606812	PARTLY_RECONSTRUCTED	19	57	52	49	0	3	52	0	1	2	0	0	0	0	passage_status/DSS-Genesis-Passage-Status.txt	272299	748	f485e981dc468e618210f4746ee93e3f181b1ddd24e632ec153b3ddefb9bc23b	L1602724-R001,L1602725-R001
Gen	34	7	4Q576	1606813	PARTLY_RECONSTRUCTED	33	87	81	78	1	2	84	1	1	2	0	0	0	0	passage_status/DSS-Genesis-Passage-Status.txt	273047	753	30acc77f5b22beb1abca6374e6132ff58b07f948e0a042108163fa4d405fa3b1	L1602726-R001,L1602727-R001
Gen	34	8	4Q576	1606813	ALL_LETTER_SLOTS_RECONSTRUCTED	19	57	49	49	0	0	57	0	0	1	0	0	0	0	passage_status/DSS-Genesis-Passage-Status.txt	273800	758	a1e68718125899231cf07d65a2d769759d1d88b5f8c49b96eecd505c2f93ed5b	L1602727-R002,L1602728-R001
Gen	34	9	4Q576	1606813	PARTLY_RECONSTRUCTED	12	47	40	35	1	4	42	1	0	1	0	0	0	0	passage_status/DSS-Genesis-Passage-Status.txt	274558	753	23dfcd8fd297d3a0c8c3035719561052bf6d23c8efa26e41a9804acb10669b95	L1602728-R002,L1602729-R001
Gen	34	10	4Q576	1606813	PARTLY_RECONSTRUCTED	16	47	41	37	1	3	43	1	0	1	0	0	0	0	passage_status/DSS-Genesis-Passage-Status.txt	275311	739	bbb82187a97b28498c2cbfbd661e8d27e04fdf1439307c483f803782b848e3f2	L1602729-R002
Gen	34	11	4Q576	1606813	NO_LETTER_SLOTS	2	4	0	0	0	0	2	0	1	2	0	0	0	0	passage_status/DSS-Genesis-Passage-Status.txt	276050	724	7a8897e2114b6a4e5c50b0dabf039ba741c41f0ab83092d48aea6472a848728e	L1602729-R003
Gen	50	3	4Q576	1606813	PARTLY_RECONSTRUCTED	18	60	56	52	1	3	56	1	0	1	0	0	0	0	passage_status/DSS-Genesis-Passage-Status.txt	276774	737	95e694a835e772b6f34ef5e3ff5ca3f7dd52104e2a1869384f1d4de0c4e91a53	L1602730-R001
Gen	6	12	6Q1	1606821	NO_LETTER_SLOTS	3	6	0	0	0	0	4	0	2	3	0	0	0	0	passage_status/DSS-Genesis-Passage-Status.txt	277511	718	939563f919143f2b2cec6de3e5249c739a54fc99c2906dd8783935c3dbe27252	L1602878-R001
Gen	6	13	6Q1	1606821	PARTLY_RECONSTRUCTED	25	68	62	58	0	4	63	0	0	1	0	0	0	0	passage_status/DSS-Genesis-Passage-Status.txt	278229	744	627d6b1da937b828e8b300b2d17474a4ff10ce30a74237cb7e65825adfe537c5	L1602879-R001,L1602880-R001
Gen	6	14	6Q1	1606821	PARTLY_RECONSTRUCTED	21	53	49	43	0	6	47	0	0	1	0	0	0	0	passage_status/DSS-Genesis-Passage-Status.txt	278973	728	44c66a88ea381ebc9a8c9f3bb691b887d7c1bc73c3c3c7894aa8920e25833e4b	L1602880-R002
Gen	6	15	6Q1	1606821	PARTLY_RECONSTRUCTED	19	61	56	52	0	4	57	0	0	1	0	0	0	0	passage_status/DSS-Genesis-Passage-Status.txt	279701	744	81bf650e08f9fdd73a3bea6eda46b6fc01c5890bf718b78f428d18fee179abd7	L1602880-R003,L1602881-R001
Gen	6	16	6Q1	1606821	PARTLY_RECONSTRUCTED	24	68	63	55	3	5	60	3	0	1	0	0	0	0	passage_status/DSS-Genesis-Passage-Status.txt	280445	749	06fd23955dcf470950a63b274a0ed3ecb8358a300f7dfe52f94238cb32e5da8b	L1602881-R002,L1602882-R001
Gen	6	17	6Q1	1606821	PARTLY_RECONSTRUCTED	29	75	71	63	0	8	67	0	0	1	0	0	0	0	passage_status/DSS-Genesis-Passage-Status.txt	281194	760	167a468a501c3a17a4e32de05b26cb62a1236e5be0bfaac16e2ea23c95e8be57	L1602882-R002,L1602883-R001,L1602884-R001
Gen	6	18	6Q1	1606821	PARTLY_RECONSTRUCTED	20	58	50	38	2	10	44	2	0	1	0	0	0	0	passage_status/DSS-Genesis-Passage-Status.txt	281954	750	881415604dc2bc7afaeeb96867f39d4c7148a3d69409a0b7b5af19984d57f1e8	L1602884-R002,L1602885-R001
Gen	6	19	6Q1	1606821	PARTLY_RECONSTRUCTED	23	54	51	46	0	5	48	0	0	1	0	0	0	0	passage_status/DSS-Genesis-Passage-Status.txt	282704	744	eeeb0dd870d35144b4546f601f02029f4fc2765e238ee6f9d30096ea3689c167	L1602885-R002,L1602886-R001
Gen	6	20	6Q1	1606821	PARTLY_RECONSTRUCTED	26	69	63	55	0	8	60	0	0	1	0	0	0	0	passage_status/DSS-Genesis-Passage-Status.txt	283448	744	23d54e776fe009072c3c9192b0fdde9bd28272626acf0d802af3373fbff64255	L1602886-R002,L1602887-R001
Gen	6	21	6Q1	1606821	PARTLY_RECONSTRUCTED	20	52	46	39	1	6	43	1	0	1	0	0	0	0	passage_status/DSS-Genesis-Passage-Status.txt	284192	733	e50784fcd36f6f21bd18fabf580c8ca7c6895246af78a9b55642a9078dd04074	L1602887-R002
Gen	13	1	8Q1	1606828	PARTLY_RECONSTRUCTED	18	48	42	36	0	6	42	0	0	1	0	0	0	0	passage_status/DSS-Genesis-Passage-Status.txt	284925	728	2d537572dd0c06b2f1f4892a289b286da0e9ce30e4a1dc47564c21604f878536	L1603097-R001
Gen	13	2	8Q1	1606828	PARTLY_RECONSTRUCTED	12	27	25	17	2	6	19	2	0	1	0	0	0	0	passage_status/DSS-Genesis-Passage-Status.txt	285653	755	1a61ebb640e71805ec22683a0ed2d5cc490318e75addcd670968d4f3e4df5d98	L1603097-R002,L1603098-R001
Gen	13	3	8Q1	1606828	PARTLY_RECONSTRUCTED	27	65	61	60	1	0	64	1	0	1	0	0	0	0	passage_status/DSS-Genesis-Passage-Status.txt	286408	749	885de3cdea45adfa2aa0d5f85c1c8ed118c7bd68637d5bffae975ee975fa4132	L1603098-R002,L1603099-R001
Gen	17	12	8Q1	1606828	PARTLY_RECONSTRUCTED	26	73	66	65	1	0	72	1	1	2	0	0	0	0	passage_status/DSS-Genesis-Passage-Status.txt	287157	751	eb99a00e900e642cca4dc401d95c4fe2b2e4e537a4865e54fb521644d562a9d7	L1603100-R001,L1603101-R001
Gen	17	13	8Q1	1606828	PARTLY_RECONSTRUCTED	16	56	50	49	0	1	55	0	0	1	0	0	0	0	passage_status/DSS-Genesis-Passage-Status.txt	287908	746	42e060f2eb82a6e8c526a1074c2a2f296bec1272195372ceaf26b6508dfd82da	L1603101-R002,L1603102-R001
Gen	17	14	8Q1	1606828	ALL_LETTER_SLOTS_RECONSTRUCTED	21	60	55	55	0	0	60	0	0	1	0	0	0	0	passage_status/DSS-Genesis-Passage-Status.txt	288654	756	783c0940616fa79c6b6712756804f1ffc62f528519f8cf517088d4589de0fddc	L1603102-R002,L1603103-R001
Gen	17	15	8Q1	1606828	PARTLY_RECONSTRUCTED	16	51	46	45	1	0	50	1	0	1	0	0	0	0	passage_status/DSS-Genesis-Passage-Status.txt	289410	751	77463466365276c228c808caef5c2631e6a2dc4b7593e069a4d33462adb0dfbc	L1603103-R002,L1603104-R001
Gen	17	16	8Q1	1606828	PARTLY_RECONSTRUCTED	20	64	57	56	0	1	63	0	0	1	0	0	0	0	passage_status/DSS-Genesis-Passage-Status.txt	290161	746	283d396c465da8a1eba087e1ff42c3885389a37c33749babef334bf973015e6d	L1603104-R002,L1603105-R001
Gen	17	17	8Q1	1606828	ALL_LETTER_SLOTS_RECONSTRUCTED	26	67	63	63	0	0	67	0	0	1	0	0	0	0	passage_status/DSS-Genesis-Passage-Status.txt	290907	756	dfd41e0df5a9643653a07981fed4b7e4e38e01656f95c7ec4fe0c9c53f691898	L1603105-R002,L1603106-R001
Gen	17	18	8Q1	1606828	PARTLY_RECONSTRUCTED	12	38	35	30	0	5	33	0	0	1	0	0	0	0	passage_status/DSS-Genesis-Passage-Status.txt	291663	730	c2f200548db6c28fca1103521da01beb9cb84fa2c8ccd604bdf1328938f5fc6d	L1603106-R002
Gen	17	19	8Q1	1606828	PARTLY_RECONSTRUCTED	26	86	77	74	0	3	83	0	0	1	0	0	0	0	passage_status/DSS-Genesis-Passage-Status.txt	292393	746	61195c344f04a7dc9d2d9ee5c25ce3c1ad8f52d2f4516355aa1faf0b1c38ca89	L1603106-R003,L1603107-R001
Gen	18	20	8Q1	1606828	PARTLY_RECONSTRUCTED	16	46	41	40	1	0	45	1	1	2	0	0	0	0	passage_status/DSS-Genesis-Passage-Status.txt	293139	751	4b7dff8f285edd6c14583c68973cc156079dec85e7ac0f0d7ac0c52bfa96211d	L1603108-R001,L1603109-R001
Gen	18	21	8Q1	1606828	PARTLY_RECONSTRUCTED	17	44	40	32	2	6	35	2	0	1	0	0	0	0	passage_status/DSS-Genesis-Passage-Status.txt	293890	735	1ac4d92442a7b78984b90999c8d168b3b62ed0eed4ba585c7d0472f9234997c5	L1603109-R002
Gen	18	22	8Q1	1606828	PARTLY_RECONSTRUCTED	17	49	45	40	1	4	44	1	0	1	0	0	0	0	passage_status/DSS-Genesis-Passage-Status.txt	294625	751	2283fb06de2f10d9e1c05de56f2dda5dbb4b5e51ffe3e2cb8035c2882acefafb	L1603109-R003,L1603110-R001
Gen	18	23	8Q1	1606828	ALL_LETTER_SLOTS_RECONSTRUCTED	12	32	30	30	0	0	32	0	0	1	0	0	0	0	passage_status/DSS-Genesis-Passage-Status.txt	295376	756	0c4304999cb540d504232b4f1e21b99a8361652c68a74f16ca65375c1f728e21	L1603110-R002,L1603111-R001
Gen	18	24	8Q1	1606828	PARTLY_RECONSTRUCTED	24	68	65	63	1	1	66	1	0	1	0	0	0	0	passage_status/DSS-Genesis-Passage-Status.txt	296132	751	41c9cd5a02f33711a8a5afc2129069a8f4d7a7d64e05b51144b755b3c8567067	L1603111-R002,L1603112-R001
Gen	18	25	8Q1	1606828	PARTLY_RECONSTRUCTED	34	85	77	66	0	10	72	0	1	2	0	6	0	0	passage_status/DSS-Genesis-Passage-Status.txt	296883	752	1cd8790f77af2c98ce8a2e81ab103181b26226bc46a6badcc146380878d7a752	L1603112-R002,L1603113-R001
Gen	32	4	Mur1	1606844	PARTLY_RECONSTRUCTED	14	49	44	24	4	16	27	4	0	1	0	0	0	0	passage_status/DSS-Genesis-Passage-Status.txt	297635	758	4ff999cf7c450343ac49843a77ef87c6ae99a65a86eadd82889869e41f3025b3	L1604273-R001,L1604274-R001
Gen	32	5	Mur1	1606844	PARTLY_RECONSTRUCTED	6	14	11	3	5	3	3	5	0	1	0	0	0	0	passage_status/DSS-Genesis-Passage-Status.txt	298393	738	d5e60e90bd65a81be2fec89d03b103d4e4e2f8fdc2e7e2601637d57e999661c0	L1604274-R002
Gen	32	30	Mur1	1606844	PARTLY_RECONSTRUCTED	18	53	47	27	6	14	31	6	0	1	0	0	0	0	passage_status/DSS-Genesis-Passage-Status.txt	299131	766	1b9ef0981f71aa31cfbb6fada483cc2dba34690a2212651f79fb25365b3f38c8	L1604275-R001,L1604276-R001
Gen	32	31	Mur1	1606844	ALL_LETTER_SLOTS_RECONSTRUCTED	17	55	52	52	0	0	55	0	0	1	0	0	0	0	passage_status/DSS-Genesis-Passage-Status.txt	299897	774	16f8f6d2b334cc354bf7ad6bdf8dae146d09ec67ebf8b1adcdacf794b286deef	L1604276-R002,L1604277-R001,L1604278-R001
Gen	32	32	Mur1	1606844	ALL_LETTER_SLOTS_RECONSTRUCTED	16	42	38	38	0	0	42	0	0	1	0	0	0	0	passage_status/DSS-Genesis-Passage-Status.txt	300671	758	56af28750872cdf7887f2a7b23e2dee7039fb09f2825e24f540d2dd40f25564c	L1604278-R002,L1604279-R001
Gen	32	33	Mur1	1606844	PARTLY_RECONSTRUCTED	31	73	71	25	8	38	25	8	0	1	0	0	0	0	passage_status/DSS-Genesis-Passage-Status.txt	301429	776	3ee8c459b3eb8a2cb36c6e6df914b62a0e2bb68c0056708eefc07c67f603a9c4	L1604280-R001,L1604281-R001,L1604282-R001
Gen	33	1	Mur1	1606844	NO_LETTER_RECONSTRUCTION_MARKED	5	16	13	0	0	13	0	0	0	1	0	0	0	0	passage_status/DSS-Genesis-Passage-Status.txt	302205	739	179a3e011aedb7f68299eb8f784bd8b9da771d75a3e6c8269f662d533d5a2f3b	L1604282-R002
Gen	34	5	Mur1	1606844	PARTLY_RECONSTRUCTED	14	42	36	31	1	4	37	1	0	1	0	0	0	0	passage_status/DSS-Genesis-Passage-Status.txt	302944	751	9277f8baf28e6ee9060d1d2caeac2e2aa3306dfe2abc7815fc970a16bb7be731	L1604283-R001,L1604284-R001
Gen	34	6	Mur1	1606844	PARTLY_RECONSTRUCTED	11	30	27	10	3	14	10	3	0	1	0	0	0	0	passage_status/DSS-Genesis-Passage-Status.txt	303695	752	e4c999bff41cbc73ed30dc76e0bf82d59865563a80f14208168f194c4848a85f	L1604284-R002,L1604285-R001
Gen	34	7	Mur1	1606844	NO_LETTER_RECONSTRUCTION_MARKED	32	85	81	0	12	69	0	12	0	1	0	0	0	0	passage_status/DSS-Genesis-Passage-Status.txt	304447	813	bfc06e918ac4f857ff158b58e9070cb8eec2d44b6e1084e64e79bf4faf8b0617	L1604285-R002,L1604286-R001,L1604287-R001,L1604288-R001
Gen	34	8	Mur1	1606844	NO_LETTER_SLOTS	2	4	0	0	0	0	2	0	1	2	0	0	0	0	passage_status/DSS-Genesis-Passage-Status.txt	305260	720	6bb8484f00315a860658c9cccd765aac783401603ca454f1ee659126bec2d1ac	L1604288-R002
Gen	34	30	Mur1	1606844	PARTLY_RECONSTRUCTED	20	58	53	6	3	44	7	3	0	1	0	0	0	0	passage_status/DSS-Genesis-Passage-Status.txt	305980	758	f7073bfa30a1f9b8589a9b94f021f79923345e069133f19bc22f35d47b57890a	L1604289-R001,L1604290-R001
Gen	34	31	Mur1	1606844	PARTLY_RECONSTRUCTED	9	27	24	9	1	13	9	1	0	1	0	1	0	0	passage_status/DSS-Genesis-Passage-Status.txt	306738	756	c8b0270eb1a9a400c3843e1dc2273ec4fee8cb7f80fa4269dfd52374c51d4f60	L1604290-R002,L1604291-R001
Gen	35	1	Mur1	1606844	PARTLY_RECONSTRUCTED	28	75	70	52	1	17	57	1	0	1	0	0	0	0	passage_status/DSS-Genesis-Passage-Status.txt	307494	768	d053605e31e42e6332dc8622e884284bdd3de738cf30c6723967bdf3b4334e3b	L1604292-R001,L1604293-R001,L1604294-R001
Gen	35	4	Mur1	1606844	PARTLY_RECONSTRUCTED	26	70	65	32	12	21	34	12	0	1	0	0	0	0	passage_status/DSS-Genesis-Passage-Status.txt	308262	788	3a2f90d41cad742770f88cb1ac59c8e2ebca5f6a73c1028651a38f7c475eceb2	L1604295-R001,L1604296-R001,L1604297-R001
Gen	35	5	Mur1	1606844	PARTLY_RECONSTRUCTED	18	56	53	41	3	9	44	3	0	1	0	0	0	0	passage_status/DSS-Genesis-Passage-Status.txt	309050	767	957a3b4b6cf6615939acd0c89a311299a3d4886dcf1a30cb862be57dccf3e7e2	L1604297-R002,L1604298-R001,L1604299-R001
Gen	35	6	Mur1	1606844	PARTLY_RECONSTRUCTED	19	50	46	34	2	10	38	2	0	1	0	0	0	0	passage_status/DSS-Genesis-Passage-Status.txt	309817	768	a289c210824a719e10b81fd258f0cb3bc870f65f2eb6ed28ae6a7b0f2e69702f	L1604299-R002,L1604300-R001,L1604301-R001
Gen	35	7	Mur1	1606844	PARTLY_RECONSTRUCTED	12	29	27	15	2	10	15	2	0	1	0	0	0	0	passage_status/DSS-Genesis-Passage-Status.txt	310585	736	3a2190581bcc01fa4ec6dbf470e6d24ceb706ba46c99c3cabdade57daef7b22d	L1604301-R002
Gen	33	18	Murx	1606849	PARTLY_RECONSTRUCTED	4	9	7	5	2	0	7	2	0	1	0	0	0	0	passage_status/DSS-Genesis-Passage-Status.txt	311321	738	e7df37dc0f88e8c8b11d6a1ce8162867717cf9e35537f1f7287782c37300ba49	L1605156-R001
Gen	33	19	Murx	1606849	PARTLY_RECONSTRUCTED	20	54	51	43	1	7	46	1	0	1	0	0	0	0	passage_status/DSS-Genesis-Passage-Status.txt	312059	769	3aca262c7570101c976e79683f4730ddd19b8015cf0f9f06ec57e828d7a0b3ec	L1605156-R002,L1605157-R001,L1605158-R001
Gen	33	20	Murx	1606849	PARTLY_RECONSTRUCTED	11	31	28	21	0	7	24	0	0	1	0	0	0	0	passage_status/DSS-Genesis-Passage-Status.txt	312828	748	2def6b1f91b121588da901815f7abd03434ee05aed904189ebfddfe9336e3b34	L1605158-R002,L1605159-R001
Gen	34	1	Murx	1606849	PARTLY_RECONSTRUCTED	16	41	39	30	1	8	32	1	0	1	0	0	0	0	passage_status/DSS-Genesis-Passage-Status.txt	313576	751	2920fad40908b713e7c6e850af5f94d0b8546835aa9130ccff7767a3d4c9bac1	L1605159-R002,L1605160-R001
Gen	34	2	Murx	1606849	PARTLY_RECONSTRUCTED	20	54	48	42	5	1	47	5	0	1	0	0	0	0	passage_status/DSS-Genesis-Passage-Status.txt	314327	779	7b0157facb99511da09cd1436989a54c6d07a93d2411e20bfc82aa30590b419c	L1605160-R002,L1605161-R001,L1605162-R001
Gen	34	3	Murx	1606849	PARTLY_RECONSTRUCTED	13	34	31	30	0	1	33	0	0	1	0	0	0	0	passage_status/DSS-Genesis-Passage-Status.txt	315106	746	ac481fd3685adc2d719461bdf741e83b803505a5dd911e66071ea569c407ee8e	L1605162-R002,L1605163-R001
Gen	35	5	Sdeir1	1606850	ALL_LETTER_SLOTS_RECONSTRUCTED	9	32	29	29	0	0	32	0	0	1	0	0	0	0	passage_status/DSS-Genesis-Passage-Status.txt	315852	743	9954d42ee2fcc429350313f725d61c828701c82f3a16fb29d606570a555a346f	L1605164-R001
Gen	35	6	Sdeir1	1606850	PARTLY_RECONSTRUCTED	19	50	46	39	1	6	43	1	0	1	0	0	0	0	passage_status/DSS-Genesis-Passage-Status.txt	316595	771	a83ccb427b83570695e88b57eb9262dbf1ecf9b47bb5122b7361853bb5133c46	L1605164-R002,L1605165-R001,L1605166-R001
Gen	35	7	Sdeir1	1606850	PARTLY_RECONSTRUCTED	23	63	58	53	1	4	58	1	0	1	0	0	0	0	passage_status/DSS-Genesis-Passage-Status.txt	317366	755	11cc4592604a91ef63ddcbde70b790917d1a449a93735cfd7d0a928b794b5152	L1605166-R002,L1605167-R001
Gen	35	8	Sdeir1	1606850	PARTLY_RECONSTRUCTED	21	59	56	49	0	7	52	0	0	1	0	0	0	0	passage_status/DSS-Genesis-Passage-Status.txt	318121	766	53bcfd18b993cb1a5564743fc844747b65d5d21d235055dacfcfd54ed22e7540	L1605167-R002,L1605168-R001,L1605169-R001
Gen	35	9	Sdeir1	1606850	PARTLY_RECONSTRUCTED	16	47	37	36	1	0	40	6	0	2	0	0	5	0	passage_status/DSS-Genesis-Passage-Status.txt	318887	760	9cccd50ea9465b0a1d1d5c7fc042eadc101210d5b9f8ce0faabc77b0812cec84	L1605170-R001,L1605171-R001
Gen	35	10	Sdeir1	1606850	PARTLY_RECONSTRUCTED	10	33	28	26	2	0	28	2	0	1	0	0	0	0	passage_status/DSS-Genesis-Passage-Status.txt	319647	747	4716b0ac5618e44483da5c1d8cd68456f18703843957c6af9eb7480517a8c11c	L1605171-R002
Gen	35	24	Sdeir1	1606850	ALL_LETTER_SLOTS_RECONSTRUCTED	4	11	6	6	0	0	8	2	0	2	0	0	0	0	passage_status/DSS-Genesis-Passage-Status.txt	320394	742	97907049d27fce2353c2cc2967deeb582ceca86fd146f187d2d8f4dfd4ab6bdf	L1605172-R001
Gen	35	25	Sdeir1	1606850	ALL_LETTER_SLOTS_RECONSTRUCTED	9	25	23	23	0	0	25	0	0	1	0	0	0	0	passage_status/DSS-Genesis-Passage-Status.txt	321136	745	847657d27611017b8b637418af5f763c064efb64c5c6a0d2d0801af15e93b8b0	L1605172-R002
Gen	35	26	Sdeir1	1606850	PARTLY_RECONSTRUCTED	18	49	46	40	1	5	43	1	0	1	0	0	0	0	passage_status/DSS-Genesis-Passage-Status.txt	321881	773	48b50bad83a124d117c4b404f335c328f6621de813ed8b4590427651f544eed5	L1605172-R003,L1605173-R001,L1605174-R001
Gen	35	27	Sdeir1	1606850	PARTLY_RECONSTRUCTED	19	59	56	43	4	9	46	4	0	1	0	0	0	0	passage_status/DSS-Genesis-Passage-Status.txt	322654	779	8e102fef50e212ad399fb1e95a5083b708c2ba9d2adcb0e910f36ea3ca41aaab	L1605174-R002,L1605175-R001,L1605176-R001
Gen	35	28	Sdeir1	1606850	PARTLY_RECONSTRUCTED	10	29	27	24	0	3	24	0	0	1	0	0	0	0	passage_status/DSS-Genesis-Passage-Status.txt	323433	752	8bc752f6d830581e4a752cfcc5637d1fa5510bfc66f306061d744a5e289a82d6	L1605176-R002,L1605177-R001
Gen	35	29	Sdeir1	1606850	PARTLY_RECONSTRUCTED	21	61	56	41	3	12	46	3	0	1	0	0	0	0	passage_status/DSS-Genesis-Passage-Status.txt	324185	764	df0bc99879e0dd3a33fb197fc099d69b97254a2cfe81c1f10a2a325f1bb57b30	L1605177-R002,L1605178-R001
Gen	36	1	Sdeir1	1606850	PARTLY_RECONSTRUCTED	7	21	19	15	1	3	17	1	0	1	0	0	0	0	passage_status/DSS-Genesis-Passage-Status.txt	324949	738	f8fa80764e6c406b7146ed4bc2c523de2d098074fa3d4648d16357c50d110883	L1605179-R001
Gen	36	2	Sdeir1	1606850	PARTLY_RECONSTRUCTED	17	50	47	45	1	1	46	1	0	1	0	0	0	0	passage_status/DSS-Genesis-Passage-Status.txt	325687	755	7f495f2990fdf73529a0f91b97d122c0e949ecd084482f2f9f21442812c8ab03	L1605179-R002,L1605180-R001
Gen	36	5	Sdeir1	1606850	PARTLY_RECONSTRUCTED	16	42	39	31	3	5	32	3	0	1	0	0	0	0	passage_status/DSS-Genesis-Passage-Status.txt	326442	755	3c0d6ede0c6238d0b8892cf0c2b20cc72bbdfb8822a3f20935c0e4fcf8bb790f	L1605181-R001,L1605182-R001
Gen	36	6	Sdeir1	1606850	PARTLY_RECONSTRUCTED	41	115	105	26	6	73	32	6	0	1	0	0	0	0	passage_status/DSS-Genesis-Passage-Status.txt	327197	802	2c8d213f84df9e51fd9f2c6970eccabd927bc89d73b939a02f5ec160dc64fe74	L1605182-R002,L1605183-R001,L1605184-R001,L1605185-R001
Gen	36	7	Sdeir1	1606850	PARTLY_RECONSTRUCTED	19	60	54	15	2	37	16	2	0	1	0	0	0	0	passage_status/DSS-Genesis-Passage-Status.txt	327999	778	366822726817cb0c65cea297794d78b51181d61e8375324b35ce32bece3883cc	L1605185-R002,L1605186-R001,L1605187-R001
Gen	36	8	Sdeir1	1606850	PARTLY_RECONSTRUCTED	10	26	24	8	2	14	8	2	0	1	0	0	0	0	passage_status/DSS-Genesis-Passage-Status.txt	328777	754	200cf748f2885aadd8cbb4bc055a2194ef6e8a0f1e9b79c70526e0acaa51faf1	L1605187-R002,L1605188-R001
Gen	36	9	Sdeir1	1606850	PARTLY_RECONSTRUCTED	10	28	26	10	2	14	10	2	0	1	0	0	0	0	passage_status/DSS-Genesis-Passage-Status.txt	329531	756	3e993f1aa296f42d8bd307836c2cebd76fd10c98bf594904ec069fa9adc10324	L1605188-R002,L1605189-R001
Gen	36	10	Sdeir1	1606850	PARTLY_RECONSTRUCTED	15	48	46	24	1	21	26	1	0	1	0	0	0	0	passage_status/DSS-Genesis-Passage-Status.txt	330287	758	40b61004ff30bb3944f198ddd5bdf8f0f468ed359938b6f9851bea8681243c87	L1605189-R002,L1605190-R001
Gen	36	11	Sdeir1	1606850	PARTLY_RECONSTRUCTED	12	35	33	12	1	20	14	1	0	1	0	0	0	0	passage_status/DSS-Genesis-Passage-Status.txt	331045	742	a8ca5e5ef599c9f246b412123af7ace48c635a485e58a5947367e65e155da8d6	L1605191-R001
Gen	36	12	Sdeir1	1606850	PARTLY_RECONSTRUCTED	20	58	56	34	8	14	36	8	0	1	0	0	0	0	passage_status/DSS-Genesis-Passage-Status.txt	331787	770	c7faae7326fbcd47959785164c676fcd4e3213da175d31a265211d4e6c3fc79b	L1605192-R001,L1605193-R001
Gen	36	13	Sdeir1	1606850	PARTLY_RECONSTRUCTED	17	47	45	42	1	2	44	1	0	1	0	0	0	0	passage_status/DSS-Genesis-Passage-Status.txt	332557	757	0f963a517eaf4d54881b303fcf3fbf65560b356278f31aa7c71059f5fec2ea93	L1605194-R001,L1605195-R001
Gen	36	14	Sdeir1	1606850	PARTLY_RECONSTRUCTED	24	64	62	45	5	12	45	5	0	1	0	0	0	0	passage_status/DSS-Genesis-Passage-Status.txt	333314	780	c310847d2c222821ecc5ce4b1876828a7c416d8677eb945238a04cb33ef1a17f	L1605195-R002,L1605196-R001,L1605197-R001
Gen	36	15	Sdeir1	1606850	PARTLY_RECONSTRUCTED	17	61	59	37	7	15	39	7	0	1	0	0	0	0	passage_status/DSS-Genesis-Passage-Status.txt	334094	786	8d65185eb5abb5996b0fe864cb3075c85a707885bd723e6e92c3bc9a11bce2bf	L1605197-R002,L1605198-R001,L1605199-R001
Gen	36	16	Sdeir1	1606850	PARTLY_RECONSTRUCTED	16	55	53	24	6	23	26	6	0	1	0	0	0	0	passage_status/DSS-Genesis-Passage-Status.txt	334880	792	d032b8f533637964744dd3167e87cf86606a9fa23db99d605973193b51b0960b	L1605199-R002,L1605200-R001,L1605201-R001
Gen	36	17	Sdeir1	1606850	PARTLY_RECONSTRUCTED	10	30	28	19	4	5	19	4	0	1	0	0	0	0	passage_status/DSS-Genesis-Passage-Status.txt	335672	753	f43c6a0558af31062b3a83cf801aefad5cd920a78c8dbf2fe577758db322af04	L1605201-R002
Gen	46	7	Mas1	1606858	PARTLY_RECONSTRUCTED	10	34	29	24	0	5	27	0	0	1	0	0	0	0	passage_status/DSS-Genesis-Passage-Status.txt	336425	730	5b715c55980a900ce0a5cd6522ec28e66abef9a87ef0de5bc1780e9c38bffdb1	L1605458-R001
Gen	46	8	Mas1	1606858	PARTLY_RECONSTRUCTED	15	55	52	44	0	8	47	0	0	1	0	0	0	0	passage_status/DSS-Genesis-Passage-Status.txt	337155	746	0c1cd45e0a3d758295865a9145782c29d88132652db276d7e319e32b1d44ee52	L1605459-R001,L1605460-R001
Gen	46	9	Mas1	1606858	PARTLY_RECONSTRUCTED	11	31	29	18	1	10	20	1	0	1	0	0	0	0	passage_status/DSS-Genesis-Passage-Status.txt	337901	752	d36da8c4b52f8923049a5ddaa7c67ad70011b562a80a0621abfc0dc2e4070197	L1605460-R002,L1605461-R001
Gen	46	10	Mas1	1606858	PARTLY_RECONSTRUCTED	18	50	48	40	1	7	42	1	0	1	0	0	0	0	passage_status/DSS-Genesis-Passage-Status.txt	338653	753	2ad717ad6fb959b35886a1ef0cfafe0a9e3b743f56b0bd22c35639ebf8f22e2f	L1605461-R002,L1605462-R001
Gen	46	11	Mas1	1606858	NO_LETTER_RECONSTRUCTION_MARKED	4	9	7	0	2	5	0	2	0	1	0	0	0	0	passage_status/DSS-Genesis-Passage-Status.txt	339406	743	e93ff4913d72df4bf4d0419a13d3c31ae7c7cfcdd91b9c545258c61af8b3bdde	L1605462-R002
