book	chapter	verse	scroll	scroll_node	letter_reconstruction	word_nodes	sign_slots	letter_slots	reconstructed_letter_slots	uncertain_letter_slots	unmarked_letter_slots	reconstructed_sign_slots	uncertain_sign_slots	missing_sign_slots	empty_sign_slots	vacat_sign_slots	corrected_sign_slots	removed_sign_slots	alternative_sign_slots	file	byte_offset	byte_length	sha256	record_ids
Lev	26	14	4Q249j	1606050	PARTLY_RECONSTRUCTED	8	19	17	16	1	0	18	1	0	1	0	0	0	0	passage_status/DSS-Leviticus-Passage-Status.txt	684	740	2b06566ebb39269644068094056a0b1b9d64e0dc84abcafd5380464d95fe2b7a	L1561752-R001
Lev	26	15	4Q249j	1606050	PARTLY_RECONSTRUCTED	22	71	63	57	3	3	64	3	0	1	0	0	0	0	passage_status/DSS-Leviticus-Passage-Status.txt	1424	785	2a84a935cb818f9355c44b3a4ba50af07411f200dc82d6f01290cae913b4f666	L1561752-R002,L1561753-R001,L1561754-R001
Lev	26	16	4Q249j	1606050	PARTLY_RECONSTRUCTED	30	99	92	81	7	4	86	7	0	1	0	0	0	0	passage_status/DSS-Leviticus-Passage-Status.txt	2209	801	80fc54992eac750ea904f5b8ad08f2501b8babe60ede298b9afbfd34bcc676f0	L1561754-R002,L1561755-R001,L1561756-R001,L1561757-R001
Lev	11	10	1Q3	1606608	PARTLY_RECONSTRUCTED	32	77	70	45	4	21	51	4	1	3	0	0	0	0	passage_status/DSS-Leviticus-Passage-Status.txt	3010	780	7f0ae412b525a32db874d85a12ed28d91ee7731069f2a30bbe2a559b49f730c9	L1589674-R001,L1589675-R001,L1589676-R001
Lev	11	11	1Q3	1606608	PARTLY_RECONSTRUCTED	9	27	23	20	1	2	22	1	0	1	0	0	0	0	passage_status/DSS-Leviticus-Passage-Status.txt	3790	734	c2b331ca1ec8a78211498ba4b79fe9aa3cd1049156be7a4055a8def60c6bdf56	L1589676-R002
Lev	19	30	1Q3	1606608	PARTLY_RECONSTRUCTED	6	21	18	14	2	2	16	2	0	1	0	0	0	0	passage_status/DSS-Leviticus-Passage-Status.txt	4524	734	83f9d6ac28900da8e0aa91ecc8027ba59c9608b77a3014bc52d4d80fa3bb73b0	L1589677-R001
Lev	19	31	1Q3	1606608	PARTLY_RECONSTRUCTED	18	56	51	35	1	15	37	1	0	1	0	0	0	0	passage_status/DSS-Leviticus-Passage-Status.txt	5258	768	f95c1706220739b167e287eec95dfa6cac3228d27042ef2d4e458230361ff3e7	L1589677-R002,L1589678-R001,L1589679-R001
Lev	19	32	1Q3	1606608	PARTLY_RECONSTRUCTED	15	44	41	25	1	15	27	1	0	1	0	0	0	0	passage_status/DSS-Leviticus-Passage-Status.txt	6026	752	3036cdefdc0de8bdd32fecaee15e53c97674fceeb4b4f70a8d27572f68471b38	L1589679-R002,L1589680-R001
Lev	19	33	1Q3	1606608	PARTLY_RECONSTRUCTED	11	32	27	25	0	2	29	0	0	1	0	0	0	0	passage_status/DSS-Leviticus-Passage-Status.txt	6778	746	64b1d8f37a03f4193b665b46444ba92bcec5f7df15ff88f43aa8492b65741877	L1589680-R002,L1589681-R001
Lev	19	34	1Q3	1606608	PARTLY_RECONSTRUCTED	16	40	31	22	1	8	28	1	2	3	0	0	0	0	passage_status/DSS-Leviticus-Passage-Status.txt	7524	751	fe2db2ca6edae41e2ef6af7521006759747888440c7d617fec25557604a80de9	L1589681-R002,L1589682-R001
Lev	20	20	1Q3	1606608	PARTLY_RECONSTRUCTED	5	21	18	13	2	3	16	2	0	1	0	0	0	0	passage_status/DSS-Leviticus-Passage-Status.txt	8275	740	bd3c31cd4c250e621d0172b714f48e1aab9a0dbcd8da483e956a822cbf78668b	L1589683-R001
Lev	20	21	1Q3	1606608	PARTLY_RECONSTRUCTED	15	50	46	34	1	11	37	1	0	1	0	0	0	0	passage_status/DSS-Leviticus-Passage-Status.txt	9015	768	f4dd3c9f6df2a8bb2adfa4b38de22c257852b818c2f32ce3a076f0bdc3b8ccd5	L1589683-R002,L1589684-R001,L1589685-R001
Lev	20	22	1Q3	1606608	PARTLY_RECONSTRUCTED	27	80	71	41	2	28	48	2	0	1	0	0	0	0	passage_status/DSS-Leviticus-Passage-Status.txt	9783	768	66bdb26f8da5331ba1d5a92934ff8a3983c952ba24897fa37e350e4501fef83f	L1589685-R002,L1589686-R001,L1589687-R001
Lev	20	23	1Q3	1606608	PARTLY_RECONSTRUCTED	22	60	50	33	2	15	38	6	0	3	0	0	3	0	passage_status/DSS-Leviticus-Passage-Status.txt	10551	763	fde8b77e743220e023053260fb9ed6be0414ec4e535e98d807d910c35aefd526	L1589687-R002,L1589688-R001
Lev	20	24	1Q3	1606608	PARTLY_RECONSTRUCTED	29	96	87	75	3	9	82	3	0	1	0	0	0	0	passage_status/DSS-Leviticus-Passage-Status.txt	11314	767	ced5befa20ff1e50aa3e48e3b1773784e2662a6a574edd782f3552baf915ad70	L1589688-R002,L1589689-R001,L1589690-R001
Lev	21	24	1Q3	1606608	PARTLY_RECONSTRUCTED	14	37	34	26	1	7	27	1	0	1	0	0	0	0	passage_status/DSS-Leviticus-Passage-Status.txt	12081	735	c1cceed487f98d0ad70ce892261f80914f86d76ff1e8ca2281d8a26fc0e85073	L1589691-R001
Lev	22	1	1Q3	1606608	ALL_LETTER_SLOTS_RECONSTRUCTED	8	20	18	18	0	0	20	0	0	1	0	0	0	0	passage_status/DSS-Leviticus-Passage-Status.txt	12816	737	57881296e759de0b727f59604246c045467b6f7bc6c2965eb12a76cfbddd3e52	L1589692-R001
Lev	22	2	1Q3	1606608	PARTLY_RECONSTRUCTED	25	76	71	60	2	9	64	2	0	1	0	0	0	0	passage_status/DSS-Leviticus-Passage-Status.txt	13553	771	8a26e22f84e6390b58b59368ba1da0764e45c6b70daf81020a563563f0b53ce4	L1589692-R002,L1589693-R001,L1589694-R001
Lev	22	3	1Q3	1606608	PARTLY_RECONSTRUCTED	35	109	100	74	8	18	81	8	0	2	0	0	0	0	passage_status/DSS-Leviticus-Passage-Status.txt	14324	780	1e88e78b1f7cabecf55453adc05914df3c2a42d0944cb5812acfbd7e5bf2ace6	L1589694-R002,L1589695-R001,L1589696-R001
Lev	22	4	1Q3	1606608	PARTLY_RECONSTRUCTED	32	86	83	67	6	10	70	6	0	1	0	0	0	0	passage_status/DSS-Leviticus-Passage-Status.txt	15104	772	0efd2c0e1866fe6bb815ab39eb0ace9b7360952ef4225f79fd7fec122dfe3019	L1589696-R002,L1589697-R001,L1589698-R001
Lev	22	5	1Q3	1606608	PARTLY_RECONSTRUCTED	20	54	49	37	1	11	41	1	0	1	0	0	0	0	passage_status/DSS-Leviticus-Passage-Status.txt	15876	766	a63a8c7f48ebc237cd8f722eb797015ed287056fa332303da5833e29e99ebd03	L1589698-R002,L1589699-R001,L1589700-R001
Lev	22	6	1Q3	1606608	PARTLY_RECONSTRUCTED	11	26	23	20	0	3	21	0	0	1	0	0	0	0	passage_status/DSS-Leviticus-Passage-Status.txt	16642	728	a114011448cddd2ec2a13b153c9f658b33389cadd6a341701d53d61edd599751	L1589700-R002
Lev	23	4	1Q3	1606608	PARTLY_RECONSTRUCTED	7	25	21	18	0	3	21	0	0	1	0	0	0	0	passage_status/DSS-Leviticus-Passage-Status.txt	17370	727	dbd4cc6ac83997586b450970c7f14f3c3ea5413e9458ed7091e9324747aa1020	L1589701-R001
Lev	23	5	1Q3	1606608	PARTLY_RECONSTRUCTED	16	42	40	35	0	5	37	0	0	1	0	0	0	0	passage_status/DSS-Leviticus-Passage-Status.txt	18097	744	50ce363904d64b13c161f594d4ff22730b9636d94a3a4a5eef79ecf6b328cdd1	L1589701-R002,L1589702-R001
Lev	23	6	1Q3	1606608	PARTLY_RECONSTRUCTED	19	50	48	41	2	5	43	2	0	1	0	0	0	0	passage_status/DSS-Leviticus-Passage-Status.txt	18841	755	d6d91b9330e710d1c9440f5718f64b28b2ecb7fc486cbcb649e3e3c9e982ecaa	L1589703-R001,L1589704-R001
Lev	23	7	1Q3	1606608	PARTLY_RECONSTRUCTED	14	45	42	25	4	13	26	4	0	1	0	0	0	0	passage_status/DSS-Leviticus-Passage-Status.txt	19596	756	c78531d53d66a72a3bf91dc940ad3d1882ca514e1c7aa1a566637912687924c7	L1589704-R002,L1589705-R001
Lev	23	8	1Q3	1606608	PARTLY_RECONSTRUCTED	18	55	51	29	3	19	31	3	1	2	0	0	0	0	passage_status/DSS-Leviticus-Passage-Status.txt	20352	756	347038fc58c7f7b7b8685abd39deb867caa5b5b83b7141e7409127a7353b265d	L1589705-R002,L1589706-R001
Lev	11	22	2Q5	1606626	PARTLY_RECONSTRUCTED	29	75	66	60	0	6	65	0	1	2	0	0	0	0	passage_status/DSS-Leviticus-Passage-Status.txt	21108	746	ae053bc7e87609fe9e5219b50faa0061c93820c19d98e9734b3582c902e742bf	L1592556-R001,L1592557-R001
Lev	11	23	2Q5	1606626	ALL_LETTER_SLOTS_RECONSTRUCTED	13	37	33	33	0	0	37	0	0	1	0	0	0	0	passage_status/DSS-Leviticus-Passage-Status.txt	21854	740	06fd5b8555b56beeb9c4c48de923ea4fe9eb43d0fa7f06f96a2efc4f09d01a7a	L1592558-R001
Lev	11	24	2Q5	1606626	PARTLY_RECONSTRUCTED	14	36	33	24	0	9	27	0	0	1	0	0	0	0	passage_status/DSS-Leviticus-Passage-Status.txt	22594	746	44b37ba92adf628691d049ca4dfb4a582e805cddbba5c88e0804ed9905e41454	L1592558-R002,L1592559-R001
Lev	11	25	2Q5	1606626	PARTLY_RECONSTRUCTED	18	45	41	32	0	9	35	0	0	1	0	0	0	0	passage_status/DSS-Leviticus-Passage-Status.txt	23340	746	72dabd1ba011ee97911b8635f5169f3f6415cca8e05a7f773a4db33f19c04bbc	L1592559-R002,L1592560-R001
Lev	11	26	2Q5	1606626	PARTLY_RECONSTRUCTED	25	79	74	53	0	21	57	0	0	1	0	0	0	0	passage_status/DSS-Leviticus-Passage-Status.txt	24086	763	605636d8d77c3142286931cc04bac5659cce229f0da4a6a957dd257f2e7c4580	L1592560-R002,L1592561-R001,L1592562-R001
Lev	11	27	2Q5	1606626	PARTLY_RECONSTRUCTED	26	69	64	58	0	6	63	0	0	1	0	0	0	0	passage_status/DSS-Leviticus-Passage-Status.txt	24849	746	cb68722862f30d206779dd0c1d5e4e181f4f67cccf2677004ee24f2e8b702f86	L1592562-R002,L1592563-R001
Lev	11	28	2Q5	1606626	PARTLY_RECONSTRUCTED	16	49	43	37	0	6	42	0	0	2	0	0	0	0	passage_status/DSS-Leviticus-Passage-Status.txt	25595	746	97d90f0059e9e36552a9274eccca9e21da2800e9f596941994a68b5a06418f53	L1592563-R002,L1592564-R001
Lev	11	29	2Q5	1606626	PARTLY_RECONSTRUCTED	13	28	25	24	1	0	25	1	0	1	0	0	0	0	passage_status/DSS-Leviticus-Passage-Status.txt	26341	735	a6dcf29edf2de80b6b8cf0423d479049d0c000dbc4335e11ff8afe48031a4364	L1592564-R002
Lev	1	12	4Q17	1606662	NO_LETTER_SLOTS	3	6	0	0	0	0	4	1	1	3	0	0	0	0	passage_status/DSS-Leviticus-Passage-Status.txt	27076	720	86b1fe689b68174ae80d20a03ada283a04278b3d6b8e7f2346c40f5ef1fa648c	L1593996-R001
Lev	1	13	4Q17	1606662	PARTLY_RECONSTRUCTED	28	71	68	66	0	2	69	0	0	1	0	0	0	0	passage_status/DSS-Leviticus-Passage-Status.txt	27796	762	424b596f1e1cd9c4a07dfc00b000f1e02b14d231de5f5acb725392fea6d0abed	L1593996-R002,L1593997-R001,L1593998-R001
Lev	1	14	4Q17	1606662	PARTLY_RECONSTRUCTED	22	58	54	51	1	2	55	1	0	1	0	0	0	0	passage_status/DSS-Leviticus-Passage-Status.txt	28558	751	5ec5f509d9128b39ac9c168dcc27e0a5f9c09eb3f3ec8e5dd11aab657324ffaf	L1593998-R002,L1593999-R001
Lev	1	15	4Q17	1606662	PARTLY_RECONSTRUCTED	23	64	58	54	1	3	60	1	0	1	0	0	0	0	passage_status/DSS-Leviticus-Passage-Status.txt	29309	767	4c05792f1ffc76ba17c54630313bcfd49acaf30b9f3a4dedb70065e4f6eb8af9	L1593999-R002,L1594000-R001,L1594001-R001
Lev	1	17	4Q17	1606662	PARTLY_RECONSTRUCTED	17	45	42	38	1	3	41	1	0	1	0	0	0	0	passage_status/DSS-Leviticus-Passage-Status.txt	30076	751	0f77e7052a24c6f99865bfbc9c5d836bca641f0025d48fa162f965a956f6a2f3	L1594002-R001,L1594003-R001
Lev	2	1	4Q17	1606662	PARTLY_RECONSTRUCTED	22	74	68	54	1	13	59	1	0	1	0	0	0	0	passage_status/DSS-Leviticus-Passage-Status.txt	30827	750	83350c712b15d2f319fd872c68be2b2554b1318770915d30e55e51847f76fd55	L1594004-R001,L1594005-R001
Lev	13	32	4Q23	1606668	PARTLY_RECONSTRUCTED	31	71	68	63	1	4	66	1	0	1	0	0	0	0	passage_status/DSS-Leviticus-Passage-Status.txt	31577	753	4d5ff462532d59eff609df0fea283b64e0265a9425e54beb0ac6dda7d0eb5576	L1594723-R001,L1594724-R001
Lev	13	33	4Q23	1606668	PARTLY_RECONSTRUCTED	19	49	47	42	2	3	44	2	0	1	0	0	0	0	passage_status/DSS-Leviticus-Passage-Status.txt	32330	759	4dba15045930041bfeebd9e8cb7320a85cd19a9bc662503548371f0dea2e004c	L1594724-R002,L1594725-R001
Lev	14	22	4Q23	1606668	PARTLY_RECONSTRUCTED	19	52	49	35	11	3	38	11	0	1	0	0	0	0	passage_status/DSS-Leviticus-Passage-Status.txt	33089	757	7000a62185283b96d2660bdca262242e5afee3ecfbd8a28055f5b76a00739ad5	L1594726-R001
Lev	14	23	4Q23	1606668	PARTLY_RECONSTRUCTED	20	54	50	41	4	5	44	4	0	1	0	0	0	0	passage_status/DSS-Leviticus-Passage-Status.txt	33846	743	22e714a71203e5196557f847fc49b04475f838141a291672aead9973a1250d10	L1594727-R001
Lev	14	25	4Q23	1606668	PARTLY_RECONSTRUCTED	36	87	83	49	6	28	51	6	0	1	0	0	0	0	passage_status/DSS-Leviticus-Passage-Status.txt	34589	766	d574344d7adf42143c54597b28927cc72aa70dfc0888395f95158c1f3810c885	L1594728-R001,L1594729-R001
Lev	14	26	4Q23	1606668	PARTLY_RECONSTRUCTED	14	31	29	26	0	3	26	0	0	1	0	0	0	0	passage_status/DSS-Leviticus-Passage-Status.txt	35355	748	44454daa3252082371d0bb0cee3acdfe9859b9865124fbb94cd459705fc2bec2	L1594729-R002,L1594730-R001
Lev	14	27	4Q23	1606668	PARTLY_RECONSTRUCTED	22	61	57	40	10	7	43	10	0	1	0	0	0	0	passage_status/DSS-Leviticus-Passage-Status.txt	36103	773	efc4fc79c68d73b8adb991d9170e9f491b53043ff5e1b1278f79c751ea040966	L1594730-R002,L1594731-R001
Lev	14	28	4Q23	1606668	PARTLY_RECONSTRUCTED	29	74	70	65	1	4	69	1	0	1	0	0	0	0	passage_status/DSS-Leviticus-Passage-Status.txt	36876	753	3c05e82b5a49aad6ea9592a3780a216b0e9812a01f69534bc111f8eddc7638d2	L1594731-R002,L1594732-R001
Lev	14	29	4Q23	1606668	PARTLY_RECONSTRUCTED	23	55	52	46	3	3	49	3	0	1	0	0	0	0	passage_status/DSS-Leviticus-Passage-Status.txt	37629	759	303652646082d921bc38c1c3df0ac933ea2705a8d79403ec39bb542cfc6fb7b5	L1594732-R002,L1594733-R001
Lev	14	30	4Q23	1606668	PARTLY_RECONSTRUCTED	18	43	40	36	1	3	39	1	0	1	0	0	0	0	passage_status/DSS-Leviticus-Passage-Status.txt	38388	737	5c54be22a80a1c79de01f102c355c4b6e8f984b5acba0ee143df2c17f0c7f8be	L1594734-R001
Lev	14	31	4Q23	1606668	PARTLY_RECONSTRUCTED	27	65	62	49	5	8	52	5	0	1	0	0	0	0	passage_status/DSS-Leviticus-Passage-Status.txt	39125	775	178a5d351647b6f137fc4adfb9df4b3473558dc03597e1de33ab5cc54db8e789	L1594734-R002,L1594735-R001,L1594736-R001
Lev	14	32	4Q23	1606668	PARTLY_RECONSTRUCTED	13	42	37	26	2	9	30	2	0	1	0	0	0	0	passage_status/DSS-Leviticus-Passage-Status.txt	39900	737	6e7aa75a935b04a37b21270fd27a7a2a2fab24607df4e26b67063538005fd0c4	L1594736-R002
Lev	14	33	4Q23	1606668	PARTLY_RECONSTRUCTED	11	27	25	22	3	0	22	3	0	1	0	0	0	0	passage_status/DSS-Leviticus-Passage-Status.txt	40637	737	1b854da442225d869dd5abc73f9c78af568ccf9046045bb70f0149fb547c4cb7	L1594737-R001
Lev	14	34	4Q23	1606668	PARTLY_RECONSTRUCTED	9	26	24	20	1	3	20	1	0	1	0	0	0	0	passage_status/DSS-Leviticus-Passage-Status.txt	41374	736	73522c2ec78127b2b6fa0625a95fb8c67bfa2c0e149d13bfca86aef5e34d1899	L1594737-R002
Lev	14	40	4Q23	1606668	PARTLY_RECONSTRUCTED	10	26	23	19	4	0	22	4	0	1	0	0	0	0	passage_status/DSS-Leviticus-Passage-Status.txt	42110	743	e09cf2838c79d1750a22fd99764eaf7ac2418652312d3f0e84a8128f3f0aa743	L1594738-R001
Lev	14	41	4Q23	1606668	PARTLY_RECONSTRUCTED	24	58	56	37	3	16	39	3	0	1	0	0	0	0	passage_status/DSS-Leviticus-Passage-Status.txt	42853	760	78cb1c0c6cc393140a82ca770e9223d83572b876869c2e72ef6da32df5306deb	L1594738-R002,L1594739-R001
Lev	14	42	4Q23	1606668	PARTLY_RECONSTRUCTED	20	55	53	31	1	21	33	1	0	1	0	0	0	0	passage_status/DSS-Leviticus-Passage-Status.txt	43613	754	a3a8f6515c8eec22f4c48bf6c0e3f68fc35f406fc5c23beeee66729726a8e8b4	L1594739-R002,L1594740-R001
Lev	14	43	4Q23	1606668	PARTLY_RECONSTRUCTED	21	51	49	26	4	19	28	4	0	1	0	0	0	0	passage_status/DSS-Leviticus-Passage-Status.txt	44367	760	149594e7effcfdd663307e348b69abf247ce745e8df053a6a7c77b001a019b4f	L1594740-R002,L1594741-R001
Lev	14	44	4Q23	1606668	PARTLY_RECONSTRUCTED	21	50	48	30	4	14	32	4	0	1	0	0	0	0	passage_status/DSS-Leviticus-Passage-Status.txt	45127	760	b0144c4bab8888ad08e144152a363875f19b8a37905dd6e2de1ea00149f51f6b	L1594741-R002,L1594742-R001
Lev	14	45	4Q23	1606668	PARTLY_RECONSTRUCTED	27	63	60	39	12	0	39	12	0	1	0	61	0	0	passage_status/DSS-Leviticus-Passage-Status.txt	45887	764	2ee18a498a5beae71b9518ed07331874c388bfb91c904121816e37bbbd175628	L1594743-R001
Lev	14	46	4Q23	1606668	PARTLY_RECONSTRUCTED	14	34	31	15	3	13	17	3	0	1	0	0	0	0	passage_status/DSS-Leviticus-Passage-Status.txt	46651	744	fbf345462c7ae83e75fae8169c566b745f9598bc413d5f9a767888f55d7a7079	L1594743-R002
Lev	14	47	4Q23	1606668	PARTLY_RECONSTRUCTED	17	44	40	22	1	17	25	1	0	1	0	0	0	0	passage_status/DSS-Leviticus-Passage-Status.txt	47395	754	65b8ca703a3a831158a4a56ee3b760e9d03827179d9fa53cdfe57c35ce512d76	L1594743-R003,L1594744-R001
Lev	14	48	4Q23	1606668	PARTLY_RECONSTRUCTED	33	72	70	49	2	19	49	2	0	1	0	0	0	0	passage_status/DSS-Leviticus-Passage-Status.txt	48149	770	60bad632f692cfe4ff6097aaf5080bc8d1c112508afce2493c12b69b870042ae	L1594744-R002,L1594745-R001,L1594746-R001
Lev	14	49	4Q23	1606668	PARTLY_RECONSTRUCTED	17	43	41	29	2	10	29	2	0	1	0	0	0	0	passage_status/DSS-Leviticus-Passage-Status.txt	48919	760	60fc8afc75d7a080743a4ba5f56572ef5012be46a7ec3d3c0cdbaff1202af4f0	L1594746-R002,L1594747-R001
Lev	14	50	4Q23	1606668	PARTLY_RECONSTRUCTED	14	35	33	17	1	15	19	1	0	1	0	0	0	0	passage_status/DSS-Leviticus-Passage-Status.txt	49679	738	1083e6d68b1b2649c5568a8d886844f7b06697059ee2b0d2425817ab7cba0d7f	L1594747-R002
Lev	14	51	4Q23	1606668	PARTLY_RECONSTRUCTED	43	94	91	52	6	33	55	6	0	1	0	0	0	0	passage_status/DSS-Leviticus-Passage-Status.txt	50417	776	813d31b6dae45611d1b2178ea55472ba8cffcccc6db741c722184bf21076fc37	L1594747-R003,L1594748-R001,L1594749-R001
Lev	14	52	4Q23	1606668	PARTLY_RECONSTRUCTED	33	64	62	43	1	18	45	1	0	1	0	0	0	0	passage_status/DSS-Leviticus-Passage-Status.txt	51193	754	7ec920c03c2991e1df3fc33dea8ba68f43a176abdaa7fbce85745a5a64a619f6	L1594749-R002,L1594750-R001
Lev	14	53	4Q23	1606668	PARTLY_RECONSTRUCTED	24	50	48	27	4	17	29	4	0	1	0	0	0	0	passage_status/DSS-Leviticus-Passage-Status.txt	51947	750	efbe52bc1dfe41002469448c28f25b2eaa5907080a4c8986fc69fe25872ab2c4	L1594751-R001
Lev	14	54	4Q23	1606668	PARTLY_RECONSTRUCTED	12	26	24	12	7	5	14	7	0	1	0	0	0	0	passage_status/DSS-Leviticus-Passage-Status.txt	52697	755	36837144d03eb8544259fcb6591641d828bd0eed948cc2df3356fcb9b5bfe59f	L1594752-R001
Lev	15	10	4Q23	1606668	PARTLY_RECONSTRUCTED	21	57	52	40	3	9	42	3	0	1	0	0	0	0	passage_status/DSS-Leviticus-Passage-Status.txt	53452	765	f4dc3e2483a66b28bd98377448a554dc185a447f86e69a7986c5d8fdffb26744	L1594753-R001,L1594754-R001
Lev	15	11	4Q23	1606668	PARTLY_RECONSTRUCTED	19	46	41	36	0	5	39	0	0	1	0	0	0	0	passage_status/DSS-Leviticus-Passage-Status.txt	54217	732	c8581cf26861a76990d5722a238061d862c8ff041e0cfd81a2fff2321dd2d1c4	L1594754-R002
Lev	15	18	4Q23	1606668	ALL_LETTER_SLOTS_RECONSTRUCTED	3	6	4	4	0	0	6	0	0	1	0	0	0	0	passage_status/DSS-Leviticus-Passage-Status.txt	54949	737	14e69f409860e7ca9e63b5de5a6fc3f346c540ee8bc913c8d99a682c46ed840e	L1594755-R001
Lev	15	19	4Q23	1606668	PARTLY_RECONSTRUCTED	25	69	63	57	1	5	62	1	0	1	0	0	0	0	passage_status/DSS-Leviticus-Passage-Status.txt	55686	753	54f59acda184b029075c917db1370d0a5e7d2350a61e38b65e0689389af28fe8	L1594755-R002,L1594756-R001
Lev	15	20	4Q23	1606668	PARTLY_RECONSTRUCTED	15	45	40	32	1	7	37	1	0	1	0	0	0	0	passage_status/DSS-Leviticus-Passage-Status.txt	56439	753	50350969ce1eb24b0c3548fa834b704397afb3716604845f0109878638dbc152	L1594756-R002,L1594757-R001
Lev	15	21	4Q23	1606668	PARTLY_RECONSTRUCTED	18	44	40	31	0	9	35	0	0	1	0	0	0	0	passage_status/DSS-Leviticus-Passage-Status.txt	57192	732	5f00434d2f0a24344e014c3b4bbce07cc4fc7de4abfc7234fcdb0de9af2f1b59	L1594757-R002
Lev	15	22	4Q23	1606668	PARTLY_RECONSTRUCTED	22	54	50	41	0	9	43	0	0	1	0	0	0	0	passage_status/DSS-Leviticus-Passage-Status.txt	57924	732	609574398b8a935b67a6397d05d3f694d2b00240477dc36c9b8a70a422c44e5d	L1594758-R001
Lev	15	23	4Q23	1606668	PARTLY_RECONSTRUCTED	22	57	52	44	0	8	48	0	0	1	0	0	0	0	passage_status/DSS-Leviticus-Passage-Status.txt	58656	748	2bd1bbd620c3d620d5e3b4741fc042e3c0252bb5ff872827f2467aa5c2f26d03	L1594759-R001,L1594760-R001
Lev	15	24	4Q23	1606668	PARTLY_RECONSTRUCTED	17	48	43	39	4	0	42	4	0	1	0	0	0	0	passage_status/DSS-Leviticus-Passage-Status.txt	59404	749	3fd82712497f63f93318e1bed696d3bb603986c93784f45f1fa619be60de579a	L1594760-R002
Lev	16	15	4Q23	1606668	PARTLY_RECONSTRUCTED	23	50	46	43	3	0	47	3	0	1	0	0	0	0	passage_status/DSS-Leviticus-Passage-Status.txt	60153	743	5efa498dd05f363c9a0074856fb2c4c08ba9376327208b0beb572ce45f710011	L1594761-R001
Lev	16	16	4Q23	1606668	PARTLY_RECONSTRUCTED	28	76	70	66	2	2	72	2	0	1	0	0	0	0	passage_status/DSS-Leviticus-Passage-Status.txt	60896	753	73288b1ab74f847e02d0c687758099bf214f00a03a6c1755191e6a8f5bdf7a44	L1594761-R002,L1594762-R001
Lev	16	17	4Q23	1606668	PARTLY_RECONSTRUCTED	28	74	68	53	5	10	58	5	0	1	0	0	0	0	passage_status/DSS-Leviticus-Passage-Status.txt	61649	760	56d4f9e7062a77dbd82b357cedcc20d49bf51456960ab7c3e493485a54a53938	L1594763-R001,L1594764-R001
Lev	16	18	4Q23	1606668	PARTLY_RECONSTRUCTED	31	72	69	54	4	11	57	4	0	1	0	0	0	0	passage_status/DSS-Leviticus-Passage-Status.txt	62409	760	c01ee1c97f76363754ce65e4cd475bbfecb0f8c7c05d4d8d6d74c3c7b4ebf719	L1594764-R002,L1594765-R001
Lev	16	19	4Q23	1606668	PARTLY_RECONSTRUCTED	19	56	50	38	6	6	40	6	0	1	0	0	0	0	passage_status/DSS-Leviticus-Passage-Status.txt	63169	765	ce4205085c71120311c121a45f8820b87c976076f870e62232cd63667fd82be0	L1594765-R002,L1594766-R001
Lev	16	20	4Q23	1606668	PARTLY_RECONSTRUCTED	23	50	48	34	7	7	36	7	0	1	0	0	0	0	passage_status/DSS-Leviticus-Passage-Status.txt	63934	743	aadd3b70fe898449ce2289ec13ef30ef70863aae074578b11f9c29a589705a85	L1594766-R002
Lev	16	21	4Q23	1606668	PARTLY_RECONSTRUCTED	43	117	109	66	13	30	70	14	0	1	0	0	0	0	passage_status/DSS-Leviticus-Passage-Status.txt	64677	786	d4e4df84c9448cb3ce20288312e03061909b49fd90f66f7aff8a7ba1e9c00f28	L1594766-R003,L1594767-R001,L1594768-R001
Lev	16	22	4Q23	1606668	PARTLY_RECONSTRUCTED	19	51	47	41	1	5	44	1	0	1	0	0	0	0	passage_status/DSS-Leviticus-Passage-Status.txt	65463	753	5e228a6ba524d87a2282331aaeeb520bae99bf1d4080acfc447e2a53592968a6	L1594768-R002,L1594769-R001
Lev	16	23	4Q23	1606668	PARTLY_RECONSTRUCTED	23	55	52	37	3	12	37	3	0	1	0	0	0	0	passage_status/DSS-Leviticus-Passage-Status.txt	66216	766	f6c4bfa64de965f922ff6961658716d7b2f042810096ba67d756693aa98c6cac	L1594769-R002,L1594770-R001
Lev	16	24	4Q23	1606668	PARTLY_RECONSTRUCTED	24	55	48	39	3	6	44	3	1	2	0	0	0	0	passage_status/DSS-Leviticus-Passage-Status.txt	66982	759	d23bd7218715bd51b8d4815bc458acc7bdc81a0559d12e34406cb560396529b9	L1594770-R002,L1594771-R001
Lev	16	25	4Q23	1606668	PARTLY_RECONSTRUCTED	9	25	22	19	3	0	22	3	0	1	0	0	0	0	passage_status/DSS-Leviticus-Passage-Status.txt	67741	748	d5f784502538b1a1c20c7706f9ba24e8050e62a47b5443d992b826e65d56903b	L1594771-R002
Lev	16	26	4Q23	1606668	PARTLY_RECONSTRUCTED	24	64	60	52	2	6	56	2	0	1	0	0	0	0	passage_status/DSS-Leviticus-Passage-Status.txt	68489	753	ed6ae3d11e078c97a5a10d52cb69afb0b82c52e8c6ac087fb682949fe794cbf4	L1594771-R003,L1594772-R001
Lev	16	27	4Q23	1606668	PARTLY_RECONSTRUCTED	37	92	86	64	3	19	69	3	0	1	0	0	0	0	passage_status/DSS-Leviticus-Passage-Status.txt	69242	776	c5fafd89040a8f1b531325a64b65624770c2cd7f6db294cc6bfdafc4c1533a13	L1594772-R002,L1594773-R001,L1594774-R001
Lev	16	28	4Q23	1606668	PARTLY_RECONSTRUCTED	20	54	49	40	2	6	45	2	0	1	0	1	0	0	passage_status/DSS-Leviticus-Passage-Status.txt	70018	764	c5008fe11aba3ad0e267ca0bc47878f629d4e289bf346eb4e3da25af9da9edf4	L1594774-R002,L1594775-R001
Lev	16	29	4Q23	1606668	PARTLY_RECONSTRUCTED	32	85	80	79	1	0	84	1	0	1	0	0	0	0	passage_status/DSS-Leviticus-Passage-Status.txt	70782	753	469c72a5f85b13967d275e6a76e796647e0990910545861b5a7e005ca5e4ca48	L1594775-R002,L1594776-R001
Lev	18	16	4Q23	1606668	PARTLY_RECONSTRUCTED	7	25	21	9	3	9	12	3	0	1	0	0	0	0	passage_status/DSS-Leviticus-Passage-Status.txt	71535	741	f3cd21c7d982480c6e5cade8f158bcc8a6e101baee09f2e1d6afe2430026710e	L1594777-R001
Lev	18	17	4Q23	1606668	PARTLY_RECONSTRUCTED	23	67	60	46	0	14	52	0	0	2	0	0	0	0	passage_status/DSS-Leviticus-Passage-Status.txt	72276	749	a9dae4521e104ffd4931cd90ec7668adfcb3ecec2240c9e1408548d24a3dd28b	L1594777-R002,L1594778-R001
Lev	18	18	4Q23	1606668	PARTLY_RECONSTRUCTED	15	44	38	27	2	9	31	2	0	1	0	0	0	0	passage_status/DSS-Leviticus-Passage-Status.txt	73025	759	a0a8ffca4328945c3f508e00297c581988f24762a69292778970bdc0ff39b01a	L1594778-R002,L1594779-R001
Lev	18	19	4Q23	1606668	ALL_LETTER_SLOTS_RECONSTRUCTED	12	35	31	31	0	0	35	0	0	1	0	0	0	0	passage_status/DSS-Leviticus-Passage-Status.txt	73784	742	574026387cf25f7b25acead4484562daa2dd05e959c0ae89a65f379d25d5b4e7	L1594779-R002
Lev	18	20	4Q23	1606668	PARTLY_RECONSTRUCTED	13	38	32	31	1	0	37	1	0	1	0	0	0	0	passage_status/DSS-Leviticus-Passage-Status.txt	74526	753	e15ec991b46b4a579bc623b299b621231f3b99685417fe1827cc361a8a59aad3	L1594779-R003,L1594780-R001
Lev	18	21	4Q23	1606668	PARTLY_RECONSTRUCTED	18	48	44	41	3	0	45	3	0	1	0	0	0	0	passage_status/DSS-Leviticus-Passage-Status.txt	75279	759	5f1fdb8fd2e8aa6e0519047273ffef764e119baf723537bbe3d6930c8bd368c8	L1594780-R002,L1594781-R001
Lev	19	3	4Q23	1606668	PARTLY_RECONSTRUCTED	8	30	26	16	10	0	17	10	0	1	0	0	0	0	passage_status/DSS-Leviticus-Passage-Status.txt	76038	748	3ade86ead90b42adaf65c065ec8e6f3c2e1a46733b52850a7696e00e45435372	L1594782-R001
Lev	19	4	4Q23	1606668	PARTLY_RECONSTRUCTED	15	50	46	34	7	5	37	7	0	1	0	0	0	0	passage_status/DSS-Leviticus-Passage-Status.txt	76786	763	1b8a90dc13934dd6019635e09eed536bc1bebb7f4fb825a2cb548ff485aa3bb1	L1594782-R002,L1594783-R001
Lev	19	5	4Q23	1606668	PARTLY_RECONSTRUCTED	11	37	33	13	3	17	17	3	0	1	0	0	0	0	passage_status/DSS-Leviticus-Passage-Status.txt	77549	742	6ba029870beefba5e77bbe6e2a44f76aaa1ea41f12c5dc0a024967a5e0fb01b1	L1594783-R002
Lev	19	6	4Q23	1606668	PARTLY_RECONSTRUCTED	18	46	43	25	2	16	28	2	0	1	0	0	0	0	passage_status/DSS-Leviticus-Passage-Status.txt	78291	758	a4d398ccbb0a8c91c0318c0465ff5d9c948664e2b86b7e403398a73adcffa00c	L1594783-R003,L1594784-R001
Lev	19	7	4Q23	1606668	PARTLY_RECONSTRUCTED	13	36	34	28	2	4	30	2	0	1	0	0	0	0	passage_status/DSS-Leviticus-Passage-Status.txt	79049	757	e58820f94da3df4b0fc47ba21637985e784f372dbae5d8628ea3be3cd1bddd66	L1594784-R002,L1594785-R001
Lev	19	8	4Q23	1606668	PARTLY_RECONSTRUCTED	18	52	46	35	5	6	40	5	0	2	0	0	0	0	passage_status/DSS-Leviticus-Passage-Status.txt	79806	747	ef465be55449dc2212d7db57f456f4b76ffe4cfa44e3ebb14f36ca7f29cc8407	L1594785-R002
Lev	24	11	4Q23	1606668	PARTLY_RECONSTRUCTED	12	31	28	23	0	5	26	0	0	1	0	0	0	0	passage_status/DSS-Leviticus-Passage-Status.txt	80553	732	73bd6799f31fa83174c01290db347ceae37fe8aab637b64126e6fbd6eec6b127	L1594786-R001
Lev	24	12	4Q23	1606668	PARTLY_RECONSTRUCTED	11	31	27	19	0	8	23	0	0	1	0	0	0	0	passage_status/DSS-Leviticus-Passage-Status.txt	81285	748	46ea9de6628f9c3d7f4ba2f1a0cc9da1b1d4cbda0812bd48b18be0e9270a9139	L1594786-R002,L1594787-R001
Lev	26	26	4Q23	1606668	PARTLY_RECONSTRUCTED	25	76	68	60	3	5	66	3	1	2	0	0	0	0	passage_status/DSS-Leviticus-Passage-Status.txt	82033	759	d6993ca57945e7f3eb628c028e86d139772feaca5f80b2df3d6b0a32c4d838aa	L1594788-R001,L1594789-R001
Lev	26	27	4Q23	1606668	ALL_LETTER_SLOTS_RECONSTRUCTED	13	33	29	29	0	0	33	0	0	1	0	0	0	0	passage_status/DSS-Leviticus-Passage-Status.txt	82792	742	956a8ff01a9831981b0e8d3c2715734e3843068526316a8614a58660cacee13e	L1594790-R001
Lev	26	28	4Q23	1606668	PARTLY_RECONSTRUCTED	15	49	44	34	0	10	38	0	0	1	0	0	0	0	passage_status/DSS-Leviticus-Passage-Status.txt	83534	749	faed53b65e71afe53ea5e0939fba56bc6161dd18a95fa219e08a2fdb4a22e986	L1594790-R002,L1594791-R001
Lev	26	29	4Q23	1606668	PARTLY_RECONSTRUCTED	9	33	29	19	0	10	22	0	0	1	0	0	0	0	passage_status/DSS-Leviticus-Passage-Status.txt	84283	748	581a6ef956cc34f69a3ea32990c6fbe01b7eb5960c9c6530166ac6fcdaae5c9f	L1594791-R002,L1594792-R001
Lev	26	30	4Q23	1606668	PARTLY_RECONSTRUCTED	20	77	68	46	4	18	50	4	0	2	0	0	0	0	passage_status/DSS-Leviticus-Passage-Status.txt	85031	766	ab5c7c9efd2b5e1b3db00efb3adfae95c229d0fa4f587cadbc1872e88f3f7549	L1594792-R002,L1594793-R001
Lev	26	31	4Q23	1606668	PARTLY_RECONSTRUCTED	16	54	49	28	1	20	29	1	0	1	0	0	0	0	passage_status/DSS-Leviticus-Passage-Status.txt	85797	754	81862c788c033059fc170489ddd0cf6e7543762646e0bb09ded739c3842d0d2e	L1594793-R002,L1594794-R001
Lev	26	32	4Q23	1606668	PARTLY_RECONSTRUCTED	14	43	38	27	2	9	29	2	0	1	0	0	0	0	passage_status/DSS-Leviticus-Passage-Status.txt	86551	759	55e579017feffc1270f8826ba56345a7f8f13141671356ca49fe722ebab99e30	L1594794-R002,L1594795-R001
Lev	26	33	4Q23	1606668	PARTLY_RECONSTRUCTED	18	64	58	27	3	28	29	3	0	1	0	0	0	0	passage_status/DSS-Leviticus-Passage-Status.txt	87310	760	6514ed58b39ac3d5640dac2b3d9751e17b7df9dc06105a4c509e7675f405d3f2	L1594795-R002,L1594796-R001
Lev	27	5	4Q23	1606668	PARTLY_RECONSTRUCTED	11	36	33	32	1	0	33	1	0	1	0	0	0	0	passage_status/DSS-Leviticus-Passage-Status.txt	88070	735	8df8d0fd312000ffbb89e8af6b9521ced165c41ab6d426b1b52869f1298e91e4	L1594797-R001
Lev	27	6	4Q23	1606668	PARTLY_RECONSTRUCTED	26	71	67	62	1	4	66	1	0	1	0	0	0	0	passage_status/DSS-Leviticus-Passage-Status.txt	88805	767	c34cecebd8aa680694fe68ce322169ff24f492ce89fa17a761c0106e1126d864	L1594797-R002,L1594798-R001,L1594799-R001
Lev	27	7	4Q23	1606668	PARTLY_RECONSTRUCTED	22	60	56	48	3	5	52	3	0	1	0	0	0	0	passage_status/DSS-Leviticus-Passage-Status.txt	89572	763	44951640c522377563abb2314221c26fc36f9067c512a404d7ff120afad1ad42	L1594799-R002,L1594800-R001
Lev	27	8	4Q23	1606668	PARTLY_RECONSTRUCTED	28	75	69	59	8	2	64	8	0	1	0	0	0	0	passage_status/DSS-Leviticus-Passage-Status.txt	90335	763	1d43f294432e754fab638342ee6f3badee28257f8ac3bfe67ea58b1440676655	L1594801-R001,L1594802-R001
Lev	27	9	4Q23	1606668	PARTLY_RECONSTRUCTED	18	57	53	34	9	10	37	9	0	1	0	0	0	0	passage_status/DSS-Leviticus-Passage-Status.txt	91098	774	0339df4d31c32292063bca7ae473892d576d638c25a81b4ec5d2d83e462a6dc4	L1594802-R002,L1594803-R001,L1594804-R001
Lev	27	10	4Q23	1606668	PARTLY_RECONSTRUCTED	28	79	73	47	8	18	51	8	0	2	0	0	0	0	passage_status/DSS-Leviticus-Passage-Status.txt	91872	772	fb1d9829c8ff827cc13cab72a6babdcc17b8daa51a3e387425a9a1b80240e9f8	L1594804-R002,L1594805-R001
Lev	27	11	4Q23	1606668	PARTLY_RECONSTRUCTED	22	61	58	27	4	27	30	4	0	1	0	0	0	0	passage_status/DSS-Leviticus-Passage-Status.txt	92644	776	51c1920de88f9987fe835bb92d310f3a4944b55d9274903d36b6e7338f434cf2	L1594805-R002,L1594806-R001,L1594807-R001
Lev	27	12	4Q23	1606668	PARTLY_RECONSTRUCTED	17	44	40	32	1	7	36	1	0	1	0	0	0	0	passage_status/DSS-Leviticus-Passage-Status.txt	93420	753	12522de7a473e1618e3c704e894bf2b4a57036b50460cbc37bad3b3b11b4deed	L1594807-R002,L1594808-R001
Lev	27	13	4Q23	1606668	PARTLY_RECONSTRUCTED	10	33	28	22	1	5	26	1	0	1	0	0	0	0	passage_status/DSS-Leviticus-Passage-Status.txt	94173	753	9d6f6c7410225cfac9f5854a3a6657d1e9ae2367ebb526812ab97de5b47bcaf2	L1594808-R002,L1594809-R001
Lev	27	14	4Q23	1606668	PARTLY_RECONSTRUCTED	20	54	50	37	7	6	38	7	0	1	0	0	0	0	passage_status/DSS-Leviticus-Passage-Status.txt	94926	743	3fd8e7cd09cb1e67ae800086debd42f0e1de811c96c49c78c9c07bd2e2fa30f4	L1594810-R001
Lev	27	15	4Q23	1606668	PARTLY_RECONSTRUCTED	17	52	46	28	5	13	33	5	0	1	0	0	0	0	passage_status/DSS-Leviticus-Passage-Status.txt	95669	766	2e48c3b1aa928bd56bba1bd4ace831b8855ae42420bcdd502388c77cc198e32b	L1594810-R002,L1594811-R001
Lev	27	16	4Q23	1606668	PARTLY_RECONSTRUCTED	23	68	63	45	3	15	47	3	0	1	0	0	0	0	passage_status/DSS-Leviticus-Passage-Status.txt	96435	754	086525da13f448a9dc3a150f00774653c28b100e2e50e115cb0a413da04c2f69	L1594811-R002,L1594812-R001
Lev	27	17	4Q23	1606668	PARTLY_RECONSTRUCTED	12	33	29	20	1	8	24	1	0	1	0	0	0	0	passage_status/DSS-Leviticus-Passage-Status.txt	97189	753	6c9839f1af16c6580ac6a1c5163f92d1a4207f38b402b30fadf8404eba9bd130	L1594812-R002,L1594813-R001
Lev	27	18	4Q23	1606668	PARTLY_RECONSTRUCTED	30	74	69	58	1	10	62	1	0	1	0	0	0	0	passage_status/DSS-Leviticus-Passage-Status.txt	97942	754	93b6d064217412497ebd156209e47eca726bc8df97db1ee5763b4dea1a2437fd	L1594813-R002,L1594814-R001
Lev	27	19	4Q23	1606668	PARTLY_RECONSTRUCTED	20	56	50	43	1	6	49	1	0	1	0	0	0	0	passage_status/DSS-Leviticus-Passage-Status.txt	98696	753	88c0d269b2b2f13a889ff1f77c84d93b16d0021b4e9a8f1396beff1e88f9e20d	L1594814-R002,L1594815-R001
Lev	27	20	4Q23	1606668	PARTLY_RECONSTRUCTED	20	45	43	34	6	3	34	6	0	1	0	0	0	0	passage_status/DSS-Leviticus-Passage-Status.txt	99449	759	827b1ace20d79098e999498be006c83920b63879f21520e3244a3a11a6576300	L1594815-R002,L1594816-R001
Lev	27	21	4Q23	1606668	PARTLY_RECONSTRUCTED	20	50	46	44	2	0	48	2	0	1	0	0	0	0	passage_status/DSS-Leviticus-Passage-Status.txt	100208	759	12ed9cdc5b89c18450b95c45dcdd114f4ef9d29bfcec195606bed4c5231a2ffb	L1594816-R002,L1594817-R001
Lev	27	22	4Q23	1606668	PARTLY_RECONSTRUCTED	14	41	37	32	2	3	36	2	0	1	0	0	0	0	passage_status/DSS-Leviticus-Passage-Status.txt	100967	737	71029d3ff34b44a5589443c63f0d754e2ce69343e62e05b5434a38683a824967	L1594817-R002
Lev	1	11	4Q24	1606669	PARTLY_RECONSTRUCTED	26	69	63	53	3	7	58	3	1	2	0	0	0	0	passage_status/DSS-Leviticus-Passage-Status.txt	101704	757	f4f64614ee230208c09b4a87637148173c324c1470018e0e5327631cd31b394e	L1595044-R001,L1595045-R001
Lev	1	12	4Q24	1606669	PARTLY_RECONSTRUCTED	28	70	63	51	2	10	57	2	0	1	0	0	0	0	passage_status/DSS-Leviticus-Passage-Status.txt	102461	758	4a0627551bcde0eab684de4b5387c169351001a5cc07368b29a316f45a541f92	L1595045-R002,L1595046-R001
Lev	1	13	4Q24	1606669	PARTLY_RECONSTRUCTED	28	73	69	45	4	20	47	4	0	2	0	0	0	0	passage_status/DSS-Leviticus-Passage-Status.txt	103219	774	293c58b52c23d6475a14b5c6d2d39a1ba152700fa03bf24f5287026bd72ad443	L1595046-R002,L1595047-R001,L1595048-R001
Lev	1	14	4Q24	1606669	PARTLY_RECONSTRUCTED	22	59	55	33	1	21	36	1	0	1	0	0	0	0	passage_status/DSS-Leviticus-Passage-Status.txt	103993	736	69f0659493231a459eb38c0574b646c14af5e9d103f56f98c78ab550943093ae	L1595049-R001
Lev	1	15	4Q24	1606669	PARTLY_RECONSTRUCTED	23	64	58	38	5	15	41	5	0	1	0	0	0	0	passage_status/DSS-Leviticus-Passage-Status.txt	104729	770	4389f6da47ee6a96f8b1d67d61eb6cdb9c8f9232c926247ff44adcb34a869f3e	L1595050-R001,L1595051-R001
Lev	1	16	4Q24	1606669	PARTLY_RECONSTRUCTED	18	54	48	27	3	18	29	3	0	1	0	0	0	0	passage_status/DSS-Leviticus-Passage-Status.txt	105499	758	8a5fc6dbf27018c7b24f20c11d64b37dfa49ccdbe3d9146bc63bb46409b07c05	L1595051-R002,L1595052-R001
Lev	1	17	4Q24	1606669	PARTLY_RECONSTRUCTED	29	81	75	28	6	41	32	6	0	1	0	0	0	0	passage_status/DSS-Leviticus-Passage-Status.txt	106257	764	9b499152062295b8e55a2e6ef9b01cf2c41382f7b0af2257d151ec17f7badf6e	L1595052-R002,L1595053-R001
Lev	2	1	4Q24	1606669	PARTLY_RECONSTRUCTED	20	65	60	39	3	18	44	3	0	1	0	0	0	0	passage_status/DSS-Leviticus-Passage-Status.txt	107021	756	748f28586dc969daf23373c2d598d6456f662da7f4996801a5baebcbb784586a	L1595054-R001,L1595055-R001
Lev	2	2	4Q24	1606669	PARTLY_RECONSTRUCTED	35	105	96	79	5	12	87	5	0	1	0	0	0	0	passage_status/DSS-Leviticus-Passage-Status.txt	107777	779	083bf77e6268f793c91e3f3d4dae078a5365db2f950e82a4af471f9a07080910	L1595055-R002,L1595056-R001,L1595057-R001
Lev	2	3	4Q24	1606669	PARTLY_RECONSTRUCTED	17	44	41	39	2	0	41	2	0	1	0	0	0	0	passage_status/DSS-Leviticus-Passage-Status.txt	108556	733	f51f9dba078ae0cca67d828d3d163af7fefd475c6436a7944cafab33417defe3	L1595057-R002
Lev	2	4	4Q24	1606669	ALL_LETTER_SLOTS_RECONSTRUCTED	20	64	62	62	0	0	64	0	0	1	0	0	0	0	passage_status/DSS-Leviticus-Passage-Status.txt	109289	754	e542a20cbc9839b30e2820b8a5662c0908de3cf4be131b1917de7fca0fd6648b	L1595058-R001,L1595059-R001
Lev	2	5	4Q24	1606669	PARTLY_RECONSTRUCTED	14	41	38	27	3	8	29	3	0	1	0	0	0	0	passage_status/DSS-Leviticus-Passage-Status.txt	110043	733	0de30f9ea297b938e232d542c6c712e129eff0775ea0f86d2c79c2b5d9ea85db	L1595059-R002
Lev	2	6	4Q24	1606669	PARTLY_RECONSTRUCTED	10	34	30	18	3	9	20	3	0	1	0	0	0	0	passage_status/DSS-Leviticus-Passage-Status.txt	110776	761	4766271b4e1620deebbb68007dc614710263f0c753b7d00884b090dce24cb269	L1595059-R003,L1595060-R001
Lev	2	7	4Q24	1606669	PARTLY_RECONSTRUCTED	10	31	28	24	0	4	25	0	0	1	0	0	0	0	passage_status/DSS-Leviticus-Passage-Status.txt	111537	744	ba77071a350b33700d564663b6efef930612f6f2d5b71a4522f7b1535e45e764	L1595060-R002,L1595061-R001
Lev	2	8	4Q24	1606669	PARTLY_RECONSTRUCTED	22	58	54	34	4	16	36	4	0	1	0	0	0	0	passage_status/DSS-Leviticus-Passage-Status.txt	112281	756	91ea896261542938af9030d10ae558185c4ea1a087f47f35449192071cbd36ed	L1595061-R002,L1595062-R001
Lev	2	9	4Q24	1606669	PARTLY_RECONSTRUCTED	19	56	52	35	1	16	37	1	0	1	0	0	0	0	passage_status/DSS-Leviticus-Passage-Status.txt	113037	750	1a868aa7712f5513ea6b9c0b3352c8fb567b2062a786fb543b6b6441ca2d0cd1	L1595062-R002,L1595063-R001
Lev	2	10	4Q24	1606669	PARTLY_RECONSTRUCTED	17	44	41	37	1	3	40	1	0	1	0	0	0	0	passage_status/DSS-Leviticus-Passage-Status.txt	113787	735	13e00a4b4645df7fe062cd1feafee2a88f52f6dae26b2c6e51afb258b508ceae	L1595063-R002
Lev	2	11	4Q24	1606669	PARTLY_RECONSTRUCTED	22	65	62	34	1	27	34	1	0	1	0	0	0	0	passage_status/DSS-Leviticus-Passage-Status.txt	114522	752	a8a44d8ebc7c808be8c688af25482e9995203d4afe490163510539057287e63a	L1595064-R001,L1595065-R001
Lev	2	12	4Q24	1606669	PARTLY_RECONSTRUCTED	16	49	46	36	1	9	37	1	0	1	0	0	0	0	passage_status/DSS-Leviticus-Passage-Status.txt	115274	751	44ed0937c3c736ef9970f83ab584c5cd74aad0f5950996048a3bd5cc48ee9116	L1595065-R002,L1595066-R001
Lev	2	13	4Q24	1606669	PARTLY_RECONSTRUCTED	22	71	65	37	4	24	40	4	0	1	0	0	0	0	passage_status/DSS-Leviticus-Passage-Status.txt	116025	752	64c5b23915a59d8660fac27f1e30c939017ecc67b9507f74c0d7f8cd48500c19	L1595066-R002,L1595067-R001
Lev	2	14	4Q24	1606669	PARTLY_RECONSTRUCTED	18	61	58	17	5	36	20	5	0	1	0	0	0	0	passage_status/DSS-Leviticus-Passage-Status.txt	116777	764	649a982708f110943338ae9ed6f19339028dcc9efbfc1373cf91f650653f1eda	L1595068-R001,L1595069-R001
Lev	2	15	4Q24	1606669	PARTLY_RECONSTRUCTED	11	35	31	12	3	16	14	3	0	1	0	0	0	0	passage_status/DSS-Leviticus-Passage-Status.txt	117541	748	eb64acc275b1cc940d7048a83c8d3a7746afe2361bec9be9bb2060d2fbe31c8c	L1595069-R002
Lev	2	16	4Q24	1606669	PARTLY_RECONSTRUCTED	18	52	46	14	7	25	16	7	0	1	0	0	0	0	passage_status/DSS-Leviticus-Passage-Status.txt	118289	764	53e7d0b264bc30e62fdb295c3f8c3f5ab1c7257500ebc56c0f52e992a40d519d	L1595069-R003,L1595070-R001
Lev	3	1	4Q24	1606669	PARTLY_RECONSTRUCTED	16	45	42	21	3	18	21	3	0	1	0	0	0	0	passage_status/DSS-Leviticus-Passage-Status.txt	119053	740	27a33a164f4ac9e4d1fb253dade423f153af232562cce9423cea648088f950fa	L1595071-R001
Lev	3	8	4Q24	1606669	PARTLY_RECONSTRUCTED	6	17	14	3	0	11	4	0	0	1	0	0	0	0	passage_status/DSS-Leviticus-Passage-Status.txt	119793	726	de32d3486c401176fc39bfc42f785e526222b7d3ec2240707e25108e7f27099f	L1595072-R001
Lev	3	9	4Q24	1606669	PARTLY_RECONSTRUCTED	37	92	88	48	5	35	51	5	0	1	0	0	0	0	passage_status/DSS-Leviticus-Passage-Status.txt	120519	756	edcdaa611d28ae7f3bf5e1333c140ff94c2f27f9644b9e1c375a246f99c97b5e	L1595072-R002,L1595073-R001
Lev	3	10	4Q24	1606669	PARTLY_RECONSTRUCTED	27	71	67	40	5	22	40	5	0	1	0	0	0	0	passage_status/DSS-Leviticus-Passage-Status.txt	121275	764	85cebab568ebbe6d3367e21b039779e103969f150e083646e4795ff942c8d0c3	L1595074-R001,L1595075-R001
Lev	3	11	4Q24	1606669	PARTLY_RECONSTRUCTED	11	30	27	11	1	15	13	1	0	1	0	0	0	0	passage_status/DSS-Leviticus-Passage-Status.txt	122039	736	fa72675dfe3496134cec8f31c75a4d3d6af70198a7151e7bfb409f73490e0ae4	L1595075-R002
Lev	3	12	4Q24	1606669	PARTLY_RECONSTRUCTED	10	29	25	19	2	4	21	2	0	1	0	0	0	0	passage_status/DSS-Leviticus-Passage-Status.txt	122775	741	4d301ea4322d0c9cb80e7e18a51cc97b5841eaa3b81a7e769f21adfc0937c441	L1595076-R001
Lev	3	13	4Q24	1606669	PARTLY_RECONSTRUCTED	24	67	61	48	2	11	52	2	0	1	0	0	0	0	passage_status/DSS-Leviticus-Passage-Status.txt	123516	752	1ffceac5bb77412fd118a54ab58fb2849e1a0aca459330fc62a86161c0926918	L1595076-R002,L1595077-R001
Lev	3	14	4Q24	1606669	PARTLY_RECONSTRUCTED	25	62	58	55	3	0	59	3	0	1	0	0	0	0	passage_status/DSS-Leviticus-Passage-Status.txt	124268	757	16790f00e8239210ba9d2ed21a77095e4be93879a57f20837ac663d80ee36bdc	L1595077-R002,L1595078-R001
Lev	21	17	4Q24	1606669	PARTLY_RECONSTRUCTED	22	66	58	54	1	3	62	1	1	2	0	0	0	0	passage_status/DSS-Leviticus-Passage-Status.txt	125025	753	7b1957b5db66269c0f0c4985e16b7688c1927cebeb1472be3c77f430d8b77fc5	L1595079-R001,L1595080-R001
Lev	21	18	4Q24	1606669	PARTLY_RECONSTRUCTED	17	46	43	40	1	2	43	1	0	1	0	0	0	0	passage_status/DSS-Leviticus-Passage-Status.txt	125778	753	db7945d4fcbd566c74f1f887525db9476f9e510a1a84948ec677d7319652571f	L1595080-R002,L1595081-R001
Lev	21	19	4Q24	1606669	ALL_LETTER_SLOTS_RECONSTRUCTED	11	30	27	27	0	0	30	0	0	1	0	0	0	0	passage_status/DSS-Leviticus-Passage-Status.txt	126531	742	1c5e0a4065e18ae474acb5c3eb71355f9b2537556b672cf663a9d1afb3679e53	L1595081-R002
Lev	21	20	4Q24	1606669	PARTLY_RECONSTRUCTED	16	43	40	38	0	2	41	0	0	1	0	0	0	0	passage_status/DSS-Leviticus-Passage-Status.txt	127273	748	085bc65f74ba6bccbef9e60183034cbd3364ec87b82d369ae9ab274ae3900862	L1595081-R003,L1595082-R001
Lev	21	21	4Q24	1606669	ALL_LETTER_SLOTS_RECONSTRUCTED	27	76	71	71	0	0	76	0	0	1	0	0	0	0	passage_status/DSS-Leviticus-Passage-Status.txt	128021	774	da6b404563dd301a83a3811df45cd699db83edf851240f694caa397a72fc383f	L1595082-R002,L1595083-R001,L1595084-R001
Lev	21	22	4Q24	1606669	ALL_LETTER_SLOTS_RECONSTRUCTED	12	35	32	32	0	0	35	0	0	1	0	0	0	0	passage_status/DSS-Leviticus-Passage-Status.txt	128795	742	4f042f936439da0bbcb81652e2ff146bfd82e93a33249494a4ddbf43c0219026	L1595084-R002
Lev	21	23	4Q24	1606669	ALL_LETTER_SLOTS_RECONSTRUCTED	25	67	62	62	0	0	67	0	0	1	0	0	0	0	passage_status/DSS-Leviticus-Passage-Status.txt	129537	774	658a18d96c8e0f7ca694a7268da22cd5d41d61c71b8a22140159ca3492cc5742	L1595084-R003,L1595085-R001,L1595086-R001
Lev	21	24	4Q24	1606669	PARTLY_RECONSTRUCTED	14	37	34	32	0	2	35	0	0	1	0	0	0	0	passage_status/DSS-Leviticus-Passage-Status.txt	130311	732	e0e18b5050088acd9832ee87a94b7a93702ea61bba1637ed3baa4088530129ef	L1595086-R002
Lev	22	1	4Q24	1606669	ALL_LETTER_SLOTS_RECONSTRUCTED	8	20	18	18	0	0	20	0	0	1	0	0	0	0	passage_status/DSS-Leviticus-Passage-Status.txt	131043	739	09da8dac1fc3ebbdc641dce0ff54be1befe20595318ec20357034be03b0e03b0	L1595087-R001
Lev	22	2	4Q24	1606669	PARTLY_RECONSTRUCTED	25	76	71	56	4	11	59	4	0	1	0	0	0	0	passage_status/DSS-Leviticus-Passage-Status.txt	131782	758	80d14feb5d610970e200b2e25be9f1ea16dba7d1200e30a14c602a7cbc181811	L1595087-R002,L1595088-R001
Lev	22	3	4Q24	1606669	PARTLY_RECONSTRUCTED	35	109	101	86	3	12	94	3	0	1	0	0	0	0	passage_status/DSS-Leviticus-Passage-Status.txt	132540	776	114937f7487273165b3efc1313fbcb1fc993a94a5000cb895938e4574269030a	L1595088-R002,L1595089-R001,L1595090-R001
Lev	22	4	4Q24	1606669	PARTLY_RECONSTRUCTED	32	86	83	81	2	0	84	2	0	1	0	0	0	0	passage_status/DSS-Leviticus-Passage-Status.txt	133316	767	c43afe250a40f67b408cd7fc53b791ef5811dfe2c8d4c7403c0d7bf1ac423f60	L1595090-R002,L1595091-R001,L1595092-R001
Lev	22	5	4Q24	1606669	PARTLY_RECONSTRUCTED	20	55	49	43	3	3	49	3	0	2	0	0	0	0	passage_status/DSS-Leviticus-Passage-Status.txt	134083	741	c558b1e1bd7eb0498a7d509d03956ef5360308618aa7534091ad993cb4ee97c0	L1595092-R002
Lev	22	6	4Q24	1606669	PARTLY_RECONSTRUCTED	22	56	52	42	6	4	45	6	0	1	0	0	0	0	passage_status/DSS-Leviticus-Passage-Status.txt	134824	747	7fc3d1732ae7ec53bf442a24bce6eedf7abd8ec402e960ac566c4db8749d1bb7	L1595093-R001
Lev	22	7	4Q24	1606669	ALL_LETTER_SLOTS_RECONSTRUCTED	16	39	36	36	0	0	39	0	0	1	0	0	0	0	passage_status/DSS-Leviticus-Passage-Status.txt	135571	740	e3a183359af476d7f9c16aaf87be445085ef7c099716eefcc38d92103fc0dec7	L1595094-R001
Lev	22	8	4Q24	1606669	PARTLY_RECONSTRUCTED	11	33	29	10	16	3	14	16	0	1	0	0	0	0	passage_status/DSS-Leviticus-Passage-Status.txt	136311	771	61b9a06d6c08abb4453e87463374e8b5b7f43fb34d09a3a4149066531851e44c	L1595094-R002,L1595095-R001
Lev	22	9	4Q24	1606669	PARTLY_RECONSTRUCTED	18	60	53	23	20	10	24	20	0	1	0	0	0	0	passage_status/DSS-Leviticus-Passage-Status.txt	137082	772	d1a9461741ebe29482a4ba1ac03e028160dec9e83d2f292f66ec5faae38fbd91	L1595095-R002,L1595096-R001
Lev	22	10	4Q24	1606669	PARTLY_RECONSTRUCTED	14	37	35	21	4	10	23	4	0	1	0	0	0	0	passage_status/DSS-Leviticus-Passage-Status.txt	137854	738	e754c7e813fbf168ca6a0785857f857a864338a3f42d954e09485a93db43c8a2	L1595096-R002
Lev	22	11	4Q24	1606669	PARTLY_RECONSTRUCTED	18	60	52	3	31	18	6	32	0	2	0	0	0	0	passage_status/DSS-Leviticus-Passage-Status.txt	138592	773	04188fad0c7fdb79fd7e16ace2c6a8107f60a0468008d308f5317febbe01e53d	L1595096-R003,L1595097-R001
Lev	22	12	4Q24	1606669	PARTLY_RECONSTRUCTED	16	41	39	13	10	16	13	10	0	1	0	0	0	0	passage_status/DSS-Leviticus-Passage-Status.txt	139365	774	7675c5b207af5647d846f5b5f212821c4048001f203f40b49f22deb58287850c	L1595097-R002,L1595098-R001
Lev	22	13	4Q24	1606669	PARTLY_RECONSTRUCTED	30	83	76	23	18	35	26	18	0	1	0	0	0	0	passage_status/DSS-Leviticus-Passage-Status.txt	140139	774	a957a5c746c609455d25986cad3094fa0982aadfe2ee15c374024d5630cce77d	L1595098-R002,L1595099-R001
Lev	22	14	4Q24	1606669	PARTLY_RECONSTRUCTED	19	50	46	13	14	19	14	14	0	1	0	0	0	0	passage_status/DSS-Leviticus-Passage-Status.txt	140913	774	e03c42461e59adcc657004e56004682727cde509432b1af5a5051d79e2db4987	L1595099-R002,L1595100-R001
Lev	22	15	4Q24	1606669	PARTLY_RECONSTRUCTED	13	39	37	17	9	11	19	9	0	1	0	0	0	0	passage_status/DSS-Leviticus-Passage-Status.txt	141687	766	1ee5b142463fc5ee34f4991258a47ef1a8e8e328d9f8fb938c92667e9bd15d22	L1595100-R002,L1595101-R001
Lev	22	16	4Q24	1606669	PARTLY_RECONSTRUCTED	14	50	44	11	17	16	11	17	0	1	0	0	0	0	passage_status/DSS-Leviticus-Passage-Status.txt	142453	774	a9da105d3a73d56402a353a8e614dd6ebea8522fdf6feae595ff796734fa17c0	L1595101-R002,L1595102-R001
Lev	22	17	4Q24	1606669	NO_LETTER_RECONSTRUCTION_MARKED	8	20	18	0	3	15	0	3	0	1	0	0	0	0	passage_status/DSS-Leviticus-Passage-Status.txt	143227	746	e48d85e01cb9a3a53f3c5be4501a0a3c1cd51547f873e9061d89338698d6bd30	L1595103-R001
Lev	22	18	4Q24	1606669	PARTLY_RECONSTRUCTED	44	127	120	30	30	60	33	30	0	1	0	0	0	0	passage_status/DSS-Leviticus-Passage-Status.txt	143973	793	50c92ce28e5b25f36f6aaf5411744e43872240b8b3578278a8c4e224bfadaf2f	L1595103-R002,L1595104-R001,L1595105-R001
Lev	22	19	4Q24	1606669	PARTLY_RECONSTRUCTED	12	32	29	5	10	14	5	10	0	1	0	0	0	0	passage_status/DSS-Leviticus-Passage-Status.txt	144766	744	3816cc0cdd531a54615aa63607a257050c856c73116e085e145d2dcd88454d7b	L1595105-R002
Lev	22	20	4Q24	1606669	NO_LETTER_RECONSTRUCTION_MARKED	13	38	34	0	5	29	0	5	0	1	0	0	0	0	passage_status/DSS-Leviticus-Passage-Status.txt	145510	759	264531c5c3d1dc6998bdaa41a014541dc40c8d4ef9875a964f31f216c2ae7c07	L1595106-R001
Lev	22	21	4Q24	1606669	PARTLY_RECONSTRUCTED	29	77	74	9	17	48	9	17	0	1	0	0	0	0	passage_status/DSS-Leviticus-Passage-Status.txt	146269	772	bf6e49e29db3a3a134148ef1a2f6147ea832dc146e0c67a6f7a958796e81dc99	L1595107-R001,L1595108-R001
Lev	22	22	4Q24	1606669	PARTLY_RECONSTRUCTED	30	85	82	19	18	45	21	18	0	1	0	0	0	0	passage_status/DSS-Leviticus-Passage-Status.txt	147041	774	45b4032c58f34af11d492dec126b56860450f581df8d21e0075cb44209a6ff54	L1595108-R002,L1595109-R001
Lev	22	23	4Q24	1606669	PARTLY_RECONSTRUCTED	17	45	42	8	13	21	8	13	0	1	0	0	4	0	passage_status/DSS-Leviticus-Passage-Status.txt	147815	777	cbc6bfb9c25c4c04029f2300bc6e8e0212e907106056fd3c6f2c2847df36ce6b	L1595109-R002,L1595110-R001
Lev	22	24	4Q24	1606669	PARTLY_RECONSTRUCTED	18	49	46	25	10	11	25	10	0	1	0	0	0	0	passage_status/DSS-Leviticus-Passage-Status.txt	148592	774	04622ccadd936da45d7f20d710327107083b2c1dc89ed077e1b250935937c402	L1595110-R002,L1595111-R001
Lev	22	25	4Q24	1606669	PARTLY_RECONSTRUCTED	22	65	58	40	6	12	45	6	0	1	0	0	0	0	passage_status/DSS-Leviticus-Passage-Status.txt	149366	760	feefc37525ca19cf88bc898a5c710cfea04e6411844b52f092729faa4c27c3a4	L1595111-R002,L1595112-R001
Lev	22	26	4Q24	1606669	PARTLY_RECONSTRUCTED	8	20	18	15	2	1	17	2	0	1	0	0	0	0	passage_status/DSS-Leviticus-Passage-Status.txt	150126	736	518776811728404cbbfa439325a27e13253863c966f2e5600fb0be02fc52ef73	L1595113-R001
Lev	22	27	4Q24	1606669	PARTLY_RECONSTRUCTED	27	72	69	58	4	7	61	4	0	1	0	0	0	0	passage_status/DSS-Leviticus-Passage-Status.txt	150862	759	5d093677d5c26d0aa79826346f994c875c3081370c1a808d0ffa81824c5187c1	L1595113-R002,L1595114-R001
Lev	22	28	4Q24	1606669	PARTLY_RECONSTRUCTED	14	35	31	14	5	12	16	5	0	1	0	0	0	0	passage_status/DSS-Leviticus-Passage-Status.txt	151621	772	c988951e619846218ded98c710139d1089d2b12466ddfabd1a04abbd7b4c6d1a	L1595114-R002,L1595115-R001
Lev	22	29	4Q24	1606669	ALL_LETTER_SLOTS_RECONSTRUCTED	11	34	31	31	0	0	34	0	0	1	0	0	0	0	passage_status/DSS-Leviticus-Passage-Status.txt	152393	742	ea803968c65d5102d75bd4dd109665e0da72032312d0098278fc5f17475213ea	L1595115-R002
Lev	22	30	4Q24	1606669	PARTLY_RECONSTRUCTED	13	40	36	19	7	10	22	7	0	2	0	0	0	0	passage_status/DSS-Leviticus-Passage-Status.txt	153135	772	15c3e353358fd58e7f8e42f47bff68c26163407cf65b60a43ceadecefd405e7d	L1595115-R003,L1595116-R001
Lev	22	31	4Q24	1606669	PARTLY_RECONSTRUCTED	7	24	20	14	1	5	15	1	0	1	0	0	0	0	passage_status/DSS-Leviticus-Passage-Status.txt	153907	736	f77ba6dafa9da04d1cb9841a12ee820fcd4117591291e2b6a52a60e463de64dc	L1595116-R002
Lev	22	32	4Q24	1606669	PARTLY_RECONSTRUCTED	16	53	48	37	7	4	41	7	0	2	0	0	0	0	passage_status/DSS-Leviticus-Passage-Status.txt	154643	765	a252a541cb396a41abda61f1c4cbd40397687baf8e913e2a286ac9106db42837	L1595116-R003,L1595117-R001
Lev	22	33	4Q24	1606669	PARTLY_RECONSTRUCTED	14	45	40	28	4	8	31	4	0	2	0	0	0	0	passage_status/DSS-Leviticus-Passage-Status.txt	155408	759	6d76bea4bc59767429892f4425950b2241160b6c9771e9d2f81978fe6fbbaf33	L1595117-R002,L1595118-R001
Lev	23	1	4Q24	1606669	PARTLY_RECONSTRUCTED	8	20	18	10	3	5	12	3	0	1	0	0	0	0	passage_status/DSS-Leviticus-Passage-Status.txt	156167	740	2f0b84f2b3f77ab64dbf6ce5a121e17c3629bc7310a40a718552ba23cf1bacbf	L1595119-R001
Lev	23	2	4Q24	1606669	PARTLY_RECONSTRUCTED	8	30	26	2	3	21	3	3	0	1	0	0	0	0	passage_status/DSS-Leviticus-Passage-Status.txt	156907	739	636280cfc4e980b02c843feb2b6143e3bb59ca6779ec99f4279b2bd9a1da2b47	L1595120-R001
Lev	23	3	4Q24	1606669	PARTLY_RECONSTRUCTED	25	80	77	31	3	43	34	3	0	1	0	0	0	0	passage_status/DSS-Leviticus-Passage-Status.txt	157646	774	c272326bea7ec4c9f241bba1807c993ee4ba36ef574777cdff72d81739b33c37	L1595120-R002,L1595121-R001,L1595122-R001
Lev	23	4	4Q24	1606669	PARTLY_RECONSTRUCTED	11	41	37	19	1	17	23	1	0	1	0	0	0	0	passage_status/DSS-Leviticus-Passage-Status.txt	158420	752	5be7aaf557c5147805cfd544b8179ad683de08a887429fa99184c8782df58cc4	L1595122-R002,L1595123-R001
Lev	23	5	4Q24	1606669	PARTLY_RECONSTRUCTED	16	42	40	27	1	12	29	1	0	1	0	0	0	0	passage_status/DSS-Leviticus-Passage-Status.txt	159172	736	18f551537f2c9f507aaea51cd4c369f107fd7c4ba611d56d012df67279050b1e	L1595123-R002
Lev	23	6	4Q24	1606669	PARTLY_RECONSTRUCTED	19	50	48	44	3	1	46	3	0	1	0	0	0	0	passage_status/DSS-Leviticus-Passage-Status.txt	159908	747	6fc95c3657333d513fb92909253ebae20150f129521996f1dc9eb411f5f86004	L1595124-R001
Lev	23	7	4Q24	1606669	ALL_LETTER_SLOTS_RECONSTRUCTED	14	45	42	42	0	0	45	0	0	1	0	0	0	0	passage_status/DSS-Leviticus-Passage-Status.txt	160655	756	f2e3cdc30bf130ddb269bdf57e699395e1be701caebb7d3415df2612dfef288b	L1595124-R002,L1595125-R001
Lev	23	8	4Q24	1606669	PARTLY_RECONSTRUCTED	19	60	58	51	2	5	53	2	0	1	0	0	0	0	passage_status/DSS-Leviticus-Passage-Status.txt	161411	751	7d3ad39a1fdf2a682d86dd88b7aafc9d26a1397148cb7a9ba5877c708152cb8e	L1595125-R002,L1595126-R001
Lev	23	9	4Q24	1606669	ALL_LETTER_SLOTS_RECONSTRUCTED	8	20	18	18	0	0	20	0	0	1	0	0	0	0	passage_status/DSS-Leviticus-Passage-Status.txt	162162	739	0263a93d97ef42dfe5779b0a5695a1e3d25ef03082238fd7d53145e91632f878	L1595127-R001
Lev	23	10	4Q24	1606669	PARTLY_RECONSTRUCTED	30	95	89	83	3	3	89	3	0	1	0	0	0	0	passage_status/DSS-Leviticus-Passage-Status.txt	162901	775	cc7f74be51e36201d9e526a799b0e265016af08827c2aa2947a90226d5e92a7d	L1595127-R002,L1595128-R001,L1595129-R001
Lev	23	11	4Q24	1606669	PARTLY_RECONSTRUCTED	18	48	44	26	9	9	27	9	0	1	0	0	0	0	passage_status/DSS-Leviticus-Passage-Status.txt	163676	755	424408883d9b10b70d8ff93899bb0dafb31c259a8dcdb43ae3bf6fc86068adef	L1595129-R002
Lev	23	12	4Q24	1606669	PARTLY_RECONSTRUCTED	17	48	44	28	1	15	29	1	0	1	0	0	0	0	passage_status/DSS-Leviticus-Passage-Status.txt	164431	754	1b85ff6b7193b6a86164b2adc1d053fa46364e642e1337ed28d80816a420595f	L1595129-R003,L1595130-R001
Lev	23	13	4Q24	1606669	PARTLY_RECONSTRUCTED	20	63	59	40	2	17	43	2	0	1	0	0	0	0	passage_status/DSS-Leviticus-Passage-Status.txt	165185	760	87a795b338cb669a9b97b3d95830c22771ff690eeeb718a1cbf745349a067a81	L1595130-R002,L1595131-R001
Lev	23	14	4Q24	1606669	PARTLY_RECONSTRUCTED	26	81	75	51	6	18	56	6	0	1	0	0	0	0	passage_status/DSS-Leviticus-Passage-Status.txt	165945	782	0c1c3ea0887ff05c704f4fd6ab45117bdd4336b43e5e7e8e47ac73757df8bdfe	L1595131-R002,L1595132-R001,L1595133-R001
Lev	23	15	4Q24	1606669	PARTLY_RECONSTRUCTED	19	62	58	57	1	0	61	1	0	1	0	0	0	0	passage_status/DSS-Leviticus-Passage-Status.txt	166727	753	effa314f7691eb1dfdb54adca4718eb1551c707f25f88cb30e38b75c1b1eb36c	L1595134-R001,L1595135-R001
Lev	23	16	4Q24	1606669	PARTLY_RECONSTRUCTED	17	52	50	40	3	7	42	3	0	1	0	0	0	0	passage_status/DSS-Leviticus-Passage-Status.txt	167480	753	b8ea532121bd4365038f6570e3be35e66f8774dc3a9b63b774ee0fbc427bddf6	L1595135-R002,L1595136-R001
Lev	23	17	4Q24	1606669	PARTLY_RECONSTRUCTED	16	67	64	57	5	2	60	5	0	1	0	0	0	0	passage_status/DSS-Leviticus-Passage-Status.txt	168233	753	03b4e2b5d6b7f9840338ae000871467594c30cedf74cdabbb57fbc2115caf013	L1595136-R002,L1595137-R001
Lev	23	18	4Q24	1606669	PARTLY_RECONSTRUCTED	32	98	94	75	10	9	79	10	0	1	0	0	0	0	passage_status/DSS-Leviticus-Passage-Status.txt	168986	783	b6d2b45f9116033a1dc784a19093b3eea1f7a2f784feb91f769d576962b814bb	L1595137-R002,L1595138-R001,L1595139-R001
Lev	23	19	4Q24	1606669	PARTLY_RECONSTRUCTED	16	48	46	34	0	12	34	0	0	1	0	0	0	0	passage_status/DSS-Leviticus-Passage-Status.txt	169769	733	0f7d8663d60c1f5a12d735ec3fe012d553624af67e429eab3011580a6f43cd24	L1595139-R002
Lev	23	20	4Q24	1606669	PARTLY_RECONSTRUCTED	23	66	63	42	11	10	45	11	0	1	0	0	0	0	passage_status/DSS-Leviticus-Passage-Status.txt	170502	774	869130059883f43f26fb555c1d3cb4733697db83ed509f1243894daf2d9ced78	L1595140-R001,L1595141-R001
Lev	23	21	4Q24	1606669	PARTLY_RECONSTRUCTED	25	79	74	63	1	10	68	1	0	1	0	0	0	0	passage_status/DSS-Leviticus-Passage-Status.txt	171276	754	db4c8a422b115747f135978920de486932be5beeb7c7e3c3104d30d7350c203d	L1595141-R002,L1595142-R001
Lev	23	22	4Q24	1606669	PARTLY_RECONSTRUCTED	28	87	78	58	5	15	63	5	0	1	0	0	0	0	passage_status/DSS-Leviticus-Passage-Status.txt	172030	760	0ab1f5d20e1f0daa602da74b23c4c75411e8c250497b6f011b1fe0fc1289b8cc	L1595142-R002,L1595143-R001
Lev	23	23	4Q24	1606669	ALL_LETTER_SLOTS_RECONSTRUCTED	8	20	18	18	0	0	20	0	0	1	0	0	0	0	passage_status/DSS-Leviticus-Passage-Status.txt	172790	741	93a7c2cec4253638e784db36d8ffb5d267ebd7af264a34da2f67a8d6dcd20ec9	L1595144-R001
Lev	23	24	4Q24	1606669	PARTLY_RECONSTRUCTED	22	67	64	61	2	1	64	2	0	1	0	0	0	0	passage_status/DSS-Leviticus-Passage-Status.txt	173531	759	5367f4ba3ed57399c70c23fa800c1f83c0ba585dfa1e8afa48b39173358430da	L1595144-R002,L1595145-R001
Lev	23	25	4Q24	1606669	PARTLY_RECONSTRUCTED	11	35	33	32	1	0	34	1	0	1	0	0	0	0	passage_status/DSS-Leviticus-Passage-Status.txt	174290	737	b7fbb57b08be6c76472fb6ac61f6d451d699c43203aa40884920d00f76fba60e	L1595145-R002
Lev	23	40	4Q24	1606669	PARTLY_RECONSTRUCTED	29	86	80	73	3	4	79	3	1	2	0	0	0	0	passage_status/DSS-Leviticus-Passage-Status.txt	175027	759	e8731473cf50d47d28ea4df1bc0d974dacb6d8ca45bf9e480634140279359f03	L1595146-R001,L1595147-R001
Lev	24	1	4Q24	1606669	ALL_LETTER_SLOTS_RECONSTRUCTED	8	20	18	18	0	0	20	0	0	1	0	0	0	0	passage_status/DSS-Leviticus-Passage-Status.txt	175786	739	b1bd36adfb10770ee30e90e0e6de1725de250d09dc4328afc6b3fb0a39191cc3	L1595148-R001
Lev	24	2	4Q24	1606669	PARTLY_RECONSTRUCTED	18	52	49	41	3	5	44	3	0	1	0	0	0	0	passage_status/DSS-Leviticus-Passage-Status.txt	176525	763	475767ca28745ba0cc122c91f0dc8f2432c8c3154cdec90248dd81771e5245cf	L1595148-R002,L1595149-R001
Lev	24	3	4Q24	1606669	PARTLY_RECONSTRUCTED	25	71	67	55	3	9	56	3	0	1	0	0	0	0	passage_status/DSS-Leviticus-Passage-Status.txt	177288	751	46f5214586e03cdb9b10c3a5b0159b4fe61447f96a49caeec0475cb7c862739a	L1595149-R002,L1595150-R001
Lev	24	4	4Q24	1606669	PARTLY_RECONSTRUCTED	14	37	35	24	5	6	26	5	0	1	0	0	0	0	passage_status/DSS-Leviticus-Passage-Status.txt	178039	757	289a0d9e1ffe2a8c5e566e411a3d85accd3753ed4a5dbbf32b8556862e150788	L1595150-R002,L1595151-R001
Lev	24	5	4Q24	1606669	PARTLY_RECONSTRUCTED	17	53	50	37	4	9	39	4	0	1	0	0	0	0	passage_status/DSS-Leviticus-Passage-Status.txt	178796	769	f1d680d92fc0e747a2da6e364f0b1ccc2540af4716a301f04dc6150318726f7a	L1595151-R002,L1595152-R001
Lev	24	6	4Q24	1606669	PARTLY_RECONSTRUCTED	17	48	45	28	7	10	29	7	0	1	0	0	0	0	passage_status/DSS-Leviticus-Passage-Status.txt	179565	748	b089cca328cf42d8f29c08e5aff244904c82c91107ee0500d60d47e99a9de783	L1595152-R002
Lev	24	7	4Q24	1606669	PARTLY_RECONSTRUCTED	17	45	43	36	2	5	38	2	0	1	0	0	0	0	passage_status/DSS-Leviticus-Passage-Status.txt	180313	735	5d0df23992c63f56213b1ef1f8298bb9f9c420e5aa0dc2e90c5d322d9fddb3e6	L1595153-R001
Lev	24	8	4Q24	1606669	PARTLY_RECONSTRUCTED	20	56	53	39	1	13	42	1	0	1	0	0	0	0	passage_status/DSS-Leviticus-Passage-Status.txt	181048	752	940565d1813de28854c42d5f7c4cd5081c3b28d196b3523447254668434d630b	L1595153-R002,L1595154-R001
Lev	24	9	4Q24	1606669	PARTLY_RECONSTRUCTED	23	64	59	53	1	5	57	1	0	1	0	0	0	0	passage_status/DSS-Leviticus-Passage-Status.txt	181800	751	ff410aa85a0cec4b64248866a226dabe6bbc43284d5b03695ceef650e7fc4aa0	L1595154-R002,L1595155-R001
Lev	24	10	4Q24	1606669	PARTLY_RECONSTRUCTED	27	75	73	60	5	8	62	5	0	1	0	0	0	0	passage_status/DSS-Leviticus-Passage-Status.txt	182551	759	415e99bd25811dc0e9143a8501de421e3d6b3d816ed6452b639761858249d210	L1595156-R001,L1595157-R001
Lev	24	11	4Q24	1606669	PARTLY_RECONSTRUCTED	27	69	65	53	7	5	55	7	0	1	0	0	0	0	passage_status/DSS-Leviticus-Passage-Status.txt	183310	765	5074ee7c97decd772b178eed7f9d8bf36ab95258eb80931849391e88eaa6b1ba	L1595157-R002,L1595158-R001
Lev	24	12	4Q24	1606669	PARTLY_RECONSTRUCTED	11	31	27	26	1	0	30	1	0	1	0	0	0	0	passage_status/DSS-Leviticus-Passage-Status.txt	184075	737	3dd1b0ec940e008689b023734c71ff103856a70ca8309b2411c94b75d9668954	L1595158-R002
Lev	24	13	4Q24	1606669	NO_LETTER_RECONSTRUCTION_MARKED	8	20	18	0	5	13	2	5	0	1	0	0	0	0	passage_status/DSS-Leviticus-Passage-Status.txt	184812	752	49648ffdd5b15a5f102abb19a33d4f9bd3124e554c102e234533f2d9ca4f0e89	L1595159-R001
Lev	24	14	4Q24	1606669	PARTLY_RECONSTRUCTED	25	67	62	51	6	5	55	6	0	1	0	0	0	0	passage_status/DSS-Leviticus-Passage-Status.txt	185564	771	60b7f766299f54f38b11eeb9222647ba4402a77577c3c43edbbee13dec250c83	L1595159-R002,L1595160-R001
Lev	24	15	4Q24	1606669	ALL_LETTER_SLOTS_RECONSTRUCTED	16	48	44	44	0	0	48	0	0	1	0	0	0	0	passage_status/DSS-Leviticus-Passage-Status.txt	186335	742	958fabec56cda6aaa5eec06102f696b3560333255c3122b0930ac9125747900f	L1595160-R002
Lev	24	16	4Q24	1606669	PARTLY_RECONSTRUCTED	21	57	53	37	13	3	41	13	0	1	0	0	0	0	passage_status/DSS-Leviticus-Passage-Status.txt	187077	751	19b7575fc9a1c7f18195474035c78e7952cb73e26f7b9ed75fd92bf8e29017a0	L1595161-R001
Lev	24	17	4Q24	1606669	PARTLY_RECONSTRUCTED	10	26	24	14	7	3	16	7	0	1	0	0	0	0	passage_status/DSS-Leviticus-Passage-Status.txt	187828	753	3393c1ebd48db57e5fe09bf46d0c41098c6b8d8a7e0224c4209321675bec6cf0	L1595161-R002,L1595162-R001
Lev	24	18	4Q24	1606669	ALL_LETTER_SLOTS_RECONSTRUCTED	9	29	26	26	0	0	29	0	0	1	0	0	0	0	passage_status/DSS-Leviticus-Passage-Status.txt	188581	741	b3357c13bb80cb723d871cc0863acc8d5365bc77d44deaa364d3471715205c09	L1595162-R002
Lev	24	19	4Q24	1606669	PARTLY_RECONSTRUCTED	14	37	33	17	6	10	20	6	0	1	0	0	0	0	passage_status/DSS-Leviticus-Passage-Status.txt	189322	760	144ca6827277a799ad325d71eeadd2ce6874503a7dd3e2ba3f935d7cb9f00c57	L1595162-R003,L1595163-R001
Lev	24	20	4Q24	1606669	PARTLY_RECONSTRUCTED	19	50	47	37	1	9	40	1	0	1	0	0	0	0	passage_status/DSS-Leviticus-Passage-Status.txt	190082	753	0fc3322393e980ab6685d00b549b43d6e04e32c47591367fea883f3264ed885c	L1595163-R002,L1595164-R001
Lev	24	21	4Q24	1606669	PARTLY_RECONSTRUCTED	9	28	25	16	3	6	19	3	0	1	0	0	0	0	passage_status/DSS-Leviticus-Passage-Status.txt	190835	758	838af5a57aa6380424374bcadbc50f62f50ac5be6bb01a83132fb1932431274a	L1595164-R002,L1595165-R001
Lev	24	22	4Q24	1606669	ALL_LETTER_SLOTS_RECONSTRUCTED	14	45	41	41	0	0	45	0	0	1	0	0	0	0	passage_status/DSS-Leviticus-Passage-Status.txt	191593	742	0a76997f97df55784caf337ee1de3b31a784db01757cca42fe856e3d6274ffc3	L1595165-R002
Lev	24	23	4Q24	1606669	PARTLY_RECONSTRUCTED	31	86	83	73	2	8	76	2	0	1	0	0	0	0	passage_status/DSS-Leviticus-Passage-Status.txt	192335	759	be2442fa68928f2b788ef1998c47c6703a02d61b3af178dec8ed26fc1b3fdce2	L1595166-R001,L1595167-R001
Lev	25	28	4Q24	1606669	PARTLY_RECONSTRUCTED	29	73	66	60	2	4	67	2	0	1	0	0	0	0	passage_status/DSS-Leviticus-Passage-Status.txt	193094	759	3210d5e83b372dd6b28d792ae013b2d70ae10f620aa55dbe0323f8379f029524	L1595168-R001,L1595169-R001
Lev	25	29	4Q24	1606669	PARTLY_RECONSTRUCTED	15	44	41	33	0	8	33	0	0	1	0	0	0	0	passage_status/DSS-Leviticus-Passage-Status.txt	193853	732	e4caa38608677dae72974b01bd61430609ce8e5cf4437495536bd583ddc70bdf	L1595169-R002
Lev	25	45	4Q24	1606669	PARTLY_RECONSTRUCTED	24	77	69	61	3	5	65	3	0	1	0	0	0	0	passage_status/DSS-Leviticus-Passage-Status.txt	194585	759	e29c1ba1f6920a8ca19579e31cf5b74b87df609328f896280aaaf93e0b5730cb	L1595170-R001,L1595171-R001
Lev	25	46	4Q24	1606669	PARTLY_RECONSTRUCTED	27	86	77	58	4	15	66	4	0	1	0	0	0	0	passage_status/DSS-Leviticus-Passage-Status.txt	195344	766	577702958484691fb31d28edb99002ceca8e81b9f442ce8960a35d89e6ce773b	L1595171-R002,L1595172-R001
Lev	25	47	4Q24	1606669	PARTLY_RECONSTRUCTED	24	63	57	40	3	14	44	3	0	1	0	0	0	0	passage_status/DSS-Leviticus-Passage-Status.txt	196110	766	768b7b5090c557c419b411457da1f27fb9912b93e1fcfdaba9e4d244831e8c8c	L1595172-R002,L1595173-R001
Lev	25	48	4Q24	1606669	PARTLY_RECONSTRUCTED	10	37	32	29	2	1	31	2	0	1	0	0	0	0	passage_status/DSS-Leviticus-Passage-Status.txt	196876	753	c1936e5110e8ef0cb1e7ac80756b1222e30c5905f061b5c1c4035e8ee4c23f03	L1595173-R002,L1595174-R001
Lev	25	49	4Q24	1606669	PARTLY_RECONSTRUCTED	19	65	56	45	1	10	52	1	0	1	0	0	0	0	passage_status/DSS-Leviticus-Passage-Status.txt	197629	754	a8f3dd80f0b0ebb034b87bde9a3677edbfd985902c3473862ca597676fa5ab42	L1595174-R002,L1595175-R001
Lev	25	50	4Q24	1606669	ALL_LETTER_SLOTS_RECONSTRUCTED	25	73	66	66	0	0	73	0	0	1	0	0	0	0	passage_status/DSS-Leviticus-Passage-Status.txt	198383	758	bd81efd21944602a780a4e3f0a4fc0c0e02c2d0e39c673c9ea55bdee80843a2f	L1595175-R002,L1595176-R001
Lev	25	51	4Q24	1606669	PARTLY_RECONSTRUCTED	13	42	37	32	1	4	36	1	0	1	0	0	0	0	passage_status/DSS-Leviticus-Passage-Status.txt	199141	737	a1fa7671b3a6522f60338905e431d2c870ab11a31d7b648225fa3e8e61fe668d	L1595176-R002
Lev	25	52	4Q24	1606669	PARTLY_RECONSTRUCTED	20	53	48	43	1	4	48	1	0	1	0	0	0	0	passage_status/DSS-Leviticus-Passage-Status.txt	199878	753	5643e69e5ef6dd07827dc0476848ddc3906444299600827edb076936937952d6	L1595176-R003,L1595177-R001
Lev	25	53	4Q24	1606669	NO_LETTER_SLOTS	5	10	0	0	0	0	6	2	2	5	0	0	0	0	passage_status/DSS-Leviticus-Passage-Status.txt	200631	723	c31834f79b7b4ef51cd35956a059ded2097e179b476e705656a0e893aa129243	L1595178-R001
Lev	1	1	4Q25	1606670	PARTLY_RECONSTRUCTED	14	38	35	31	0	4	32	0	0	1	0	0	0	0	passage_status/DSS-Leviticus-Passage-Status.txt	201354	728	dae85297e1d0007e4e760928239162046c04ef9d9d516b21c4ec4e60220a4c3c	L1595183-R001
Lev	1	2	4Q25	1606670	PARTLY_RECONSTRUCTED	28	83	78	43	3	32	48	3	0	1	0	0	0	0	passage_status/DSS-Leviticus-Passage-Status.txt	202082	778	d00dbb814ff9ac539f9d68f8807b932d17d6fea0fcd739ce7ebf4004f40823e6	L1595183-R002,L1595184-R001,L1595185-R001
Lev	1	3	4Q25	1606670	PARTLY_RECONSTRUCTED	21	69	62	40	4	18	46	5	0	1	0	0	0	0	passage_status/DSS-Leviticus-Passage-Status.txt	202860	756	515406041d01bca0c357156ee38bf11115d1a09c172500b3f70f867571429acf	L1595185-R002,L1595186-R001
Lev	1	4	4Q25	1606670	PARTLY_RECONSTRUCTED	14	36	31	25	2	4	29	2	0	1	0	0	0	0	passage_status/DSS-Leviticus-Passage-Status.txt	203616	755	abe5a4290288fb2482ca46c27e65114c1394a5272ed962f2386d00e3a4f9c1d1	L1595186-R002,L1595187-R001
Lev	1	5	4Q25	1606670	PARTLY_RECONSTRUCTED	32	81	79	75	2	2	77	2	0	1	0	0	0	0	passage_status/DSS-Leviticus-Passage-Status.txt	204371	771	04e7710b66d28bd32b23571f99884e360836652750b23a956af519d8068b9468	L1595187-R002,L1595188-R001,L1595189-R001
Lev	1	6	4Q25	1606670	ALL_LETTER_SLOTS_RECONSTRUCTED	11	29	25	25	0	0	29	0	0	1	0	0	0	0	passage_status/DSS-Leviticus-Passage-Status.txt	205142	738	1f3992657bf9be6cd2ba540026837666ebf3b26ff46dd492854c6dcf8a99b2f5	L1595189-R002
Lev	1	7	4Q25	1606670	PARTLY_RECONSTRUCTED	4	10	8	6	2	0	6	2	0	1	0	0	0	0	passage_status/DSS-Leviticus-Passage-Status.txt	205880	729	c1cb8eef3f2e6677c9a60a9b75ec80b2dfcba93ced24b349effb8e10982e7953	L1595189-R003
Lev	3	16	4Q25	1606670	PARTLY_RECONSTRUCTED	17	47	41	24	2	15	29	2	1	2	0	0	0	0	passage_status/DSS-Leviticus-Passage-Status.txt	206609	758	1efbf42adb3a224efbbd3c6d9bfd82c4d1bcddbe07354bea2c6a1a9e1a5c143d	L1595193-R001,L1595194-R001
Lev	3	17	4Q25	1606670	PARTLY_RECONSTRUCTED	15	46	42	15	6	21	15	6	0	1	0	0	0	0	passage_status/DSS-Leviticus-Passage-Status.txt	207367	764	c15e44c0ce9a9d6615cb1f64cac4f44969d31583ac96d8e8a24ded750fbb27cc	L1595194-R002,L1595195-R001
Lev	4	1	4Q25	1606670	PARTLY_RECONSTRUCTED	8	20	18	10	1	7	10	1	0	1	0	0	0	0	passage_status/DSS-Leviticus-Passage-Status.txt	208131	732	8da12b4b7725c6f577cb9c51ac4d9a187d3e97b3bde806813f70726ae71e0355	L1595196-R001
Lev	4	2	4Q25	1606670	PARTLY_RECONSTRUCTED	24	68	65	27	3	35	30	3	0	1	0	0	0	0	passage_status/DSS-Leviticus-Passage-Status.txt	208863	772	47563b144f2619254a82d2f468ee754ccb9954109229ea94b6f86ac37cdf773d	L1595196-R002,L1595197-R001,L1595198-R001
Lev	4	3	4Q25	1606670	PARTLY_RECONSTRUCTED	25	66	63	47	3	13	50	3	0	1	0	0	0	0	passage_status/DSS-Leviticus-Passage-Status.txt	209635	762	36b0079dcb009009a8c39827e6ba34829e6d6e872636a9b89a29d3953f5f1a66	L1595198-R002,L1595199-R001
Lev	4	4	4Q25	1606670	PARTLY_RECONSTRUCTED	29	67	64	38	11	15	38	11	0	1	0	0	0	0	passage_status/DSS-Leviticus-Passage-Status.txt	210397	780	397c6a208222f04d2ee649e5f26ffba92eae7cac42ed2f4e86f2acb5db732dac	L1595199-R002,L1595200-R001,L1595201-R001
Lev	4	5	4Q25	1606670	PARTLY_RECONSTRUCTED	17	39	36	29	2	5	30	2	0	1	0	0	0	0	passage_status/DSS-Leviticus-Passage-Status.txt	211177	755	7fd9d9114dba8d0e2f1913540e0ff68b74f352601c6262eee5cd83d13b631174	L1595201-R002,L1595202-R001
Lev	4	6	4Q25	1606670	PARTLY_RECONSTRUCTED	24	59	56	44	5	7	47	5	0	1	0	0	0	0	passage_status/DSS-Leviticus-Passage-Status.txt	211932	761	0654ac9ed0e4ec74429205e5230186a6b1abd4bfefb7c9a028f212ca204c4c22	L1595202-R002,L1595203-R001
Lev	4	12	4Q25	1606670	PARTLY_RECONSTRUCTED	24	60	57	53	1	3	55	1	0	1	0	0	0	0	passage_status/DSS-Leviticus-Passage-Status.txt	212693	751	1c361dc6545415882f4e2bb1c2e66252a3732afc6d7a009a865b664d1a348c36	L1595204-R001,L1595205-R001
Lev	4	13	4Q25	1606670	PARTLY_RECONSTRUCTED	26	70	68	55	1	12	57	1	0	1	0	0	0	0	passage_status/DSS-Leviticus-Passage-Status.txt	213444	752	3854ce6977c7947151873bffa6ced16aee2e79bc71e5ed57c5eafafd7a2139b3	L1595206-R001,L1595207-R001
Lev	4	14	4Q25	1606670	PARTLY_RECONSTRUCTED	20	58	54	40	3	11	41	3	0	1	0	0	0	0	passage_status/DSS-Leviticus-Passage-Status.txt	214196	764	32581e7c109ddb65d8fcefe9d5537627c0a19b82508c13ae70fce6b7597fab6f	L1595207-R002,L1595208-R001
Lev	4	23	4Q25	1606670	PARTLY_RECONSTRUCTED	11	36	33	15	1	11	17	1	0	1	0	0	6	0	passage_status/DSS-Leviticus-Passage-Status.txt	214960	741	6daad10289f1dd6bc726f2a7b5d18ca083a106ac9c146687b1a16b1ece29778e	L1595209-R001
Lev	4	24	4Q25	1606670	PARTLY_RECONSTRUCTED	23	61	57	46	2	9	49	2	0	1	0	0	0	0	passage_status/DSS-Leviticus-Passage-Status.txt	215701	767	54b7487168d4afc3669f643fa1c94cbe5029681ad7bcf0b4708a5701b8d4c53f	L1595209-R002,L1595210-R001,L1595211-R001
Lev	4	25	4Q25	1606670	PARTLY_RECONSTRUCTED	27	68	64	50	1	13	53	1	0	1	0	0	0	0	passage_status/DSS-Leviticus-Passage-Status.txt	216468	752	2d204bf908acec1e0a1ae1a8cd435f37599da929a0c0185b1cf0f897277611d6	L1595211-R002,L1595212-R001
Lev	4	26	4Q25	1606670	PARTLY_RECONSTRUCTED	23	65	58	53	0	5	59	0	0	1	0	0	0	0	passage_status/DSS-Leviticus-Passage-Status.txt	217220	762	752b88100f2cf26fb9d09b48e1cc20d57d3b8864801c1e01c36f45341fb9e78c	L1595212-R002,L1595213-R001,L1595214-R001
Lev	4	27	4Q25	1606670	PARTLY_RECONSTRUCTED	23	60	57	56	1	0	59	1	0	1	0	0	0	0	passage_status/DSS-Leviticus-Passage-Status.txt	217982	751	c599b9c4c3e1b555504a1ba896ffcc893bb1d5ca52900cd49b39ee89b43394a3	L1595214-R002,L1595215-R001
Lev	4	28	4Q25	1606670	PARTLY_RECONSTRUCTED	5	19	15	9	1	5	10	1	0	1	0	0	0	0	passage_status/DSS-Leviticus-Passage-Status.txt	218733	733	5d9c48cd1926ecfa0ff32d85ee82495445b3c434f87abd9e7842b7201ac670c1	L1595215-R002
Lev	5	12	4Q25	1606670	PARTLY_RECONSTRUCTED	19	62	56	47	1	8	53	1	0	1	0	0	0	0	passage_status/DSS-Leviticus-Passage-Status.txt	219466	751	37b1f2972c22ae470b6a7649a901faa687c82585f9eb4616e87933cef7d60bef	L1595216-R001,L1595217-R001
Lev	5	13	4Q25	1606670	PARTLY_RECONSTRUCTED	6	15	12	6	1	5	6	1	0	1	0	0	0	0	passage_status/DSS-Leviticus-Passage-Status.txt	220217	732	f46686858d1b9d60e15b504d52c007d68105649dd175cbb358950baba0a67580	L1595217-R002
Lev	8	26	4Q25	1606670	PARTLY_RECONSTRUCTED	15	36	34	32	1	1	34	1	0	1	0	0	0	0	passage_status/DSS-Leviticus-Passage-Status.txt	220949	735	8bf4e160a83cdd7421fd5596ac7805580ad16e5a889c490735047f2fa4245e65	L1595218-R001
Lev	8	27	4Q25	1606670	PARTLY_RECONSTRUCTED	20	52	48	44	1	3	48	1	0	1	0	0	0	0	passage_status/DSS-Leviticus-Passage-Status.txt	221684	751	1f124d1543e7cba34c6919eff903b851da95f1c606c2561c4e1237def7463099	L1595218-R002,L1595219-R001
Lev	8	28	4Q25	1606670	PARTLY_RECONSTRUCTED	24	66	61	49	1	11	53	1	0	1	0	0	0	0	passage_status/DSS-Leviticus-Passage-Status.txt	222435	768	41a76007cd78551bc715facb87fd8b5e6519430f781f75bf654d4f744ca28028	L1595219-R002,L1595220-R001,L1595221-R001
Lev	8	29	4Q25	1606670	ALL_LETTER_SLOTS_RECONSTRUCTED	10	28	25	25	0	0	26	0	0	1	0	0	0	0	passage_status/DSS-Leviticus-Passage-Status.txt	223203	740	90c7ac5181364d6e44df2934418e45110857cf85a8d43513e4e61f34cb27d82d	L1595221-R002
Lev	14	27	4Q26	1606671	PARTLY_RECONSTRUCTED	23	63	57	51	2	4	57	2	1	2	0	0	0	0	passage_status/DSS-Leviticus-Passage-Status.txt	223943	759	e1bace6ccb1570698d974c706b805182c4f9019e79581093a857826a9708b8c1	L1595227-R001,L1595228-R001
Lev	14	28	4Q26	1606671	PARTLY_RECONSTRUCTED	35	92	87	60	12	15	63	12	0	1	0	0	0	0	passage_status/DSS-Leviticus-Passage-Status.txt	224702	778	dfc1f774c399a85fea21182f82708be4d9c9e0d5b2e86ff7919baf139a17c844	L1595229-R001,L1595230-R001,L1595231-R001
Lev	14	29	4Q26	1606671	PARTLY_RECONSTRUCTED	23	55	52	38	5	9	41	5	0	1	0	0	0	0	passage_status/DSS-Leviticus-Passage-Status.txt	225480	759	e1dabab5b50ea17449e96c43af199f34f6ea59f6bf69102fa5f28ab1ab203e07	L1595231-R002,L1595232-R001
Lev	14	33	4Q26	1606671	PARTLY_RECONSTRUCTED	6	15	13	4	5	4	4	5	0	1	0	0	0	0	passage_status/DSS-Leviticus-Passage-Status.txt	226239	740	18cb309340d2b114ec8b84942c184f24298718b476e0d5cacd23c2b7942e4704	L1595233-R001
Lev	14	34	4Q26	1606671	PARTLY_RECONSTRUCTED	20	61	57	48	4	5	52	4	0	1	0	0	0	0	passage_status/DSS-Leviticus-Passage-Status.txt	226979	759	841367e3766b3601950a3d0393fad09c6e8dfdda271c862dfc58a6480c0f9e58	L1595233-R002,L1595234-R001
Lev	14	35	4Q26	1606671	PARTLY_RECONSTRUCTED	19	44	40	32	4	4	33	4	0	1	0	0	0	0	passage_status/DSS-Leviticus-Passage-Status.txt	227738	765	deff0baae3c9887f5fdc0c08096c24dbed818da98a5bf6583d6acdfb3b7c7aa4	L1595234-R002,L1595235-R001
Lev	14	36	4Q26	1606671	PARTLY_RECONSTRUCTED	39	88	86	70	5	11	72	5	0	1	0	0	0	0	passage_status/DSS-Leviticus-Passage-Status.txt	228503	782	ebf573ba0b5e07c20e182c3c2a58c7acd1b309b9590ddb703f829ac5830e8ba4	L1595235-R002,L1595236-R001,L1595237-R001
Lev	15	20	4Q26	1606671	PARTLY_RECONSTRUCTED	8	25	22	20	2	0	23	2	0	1	0	0	0	0	passage_status/DSS-Leviticus-Passage-Status.txt	229285	736	ec10f4d398bb18056673430cc1390f97df353bd88d625948c7a681da29255a4b	L1595238-R001
Lev	15	21	4Q26	1606671	PARTLY_RECONSTRUCTED	18	45	41	33	3	5	35	3	0	1	0	0	0	0	passage_status/DSS-Leviticus-Passage-Status.txt	230021	753	5d9290cc4f8e460c8560e5a67e5ef666e2d3ea73d51692b6aab1c1b66f6cb110	L1595238-R002,L1595239-R001
Lev	15	22	4Q26	1606671	PARTLY_RECONSTRUCTED	22	56	52	34	8	10	38	8	0	1	0	0	0	0	passage_status/DSS-Leviticus-Passage-Status.txt	230774	766	a1b2e8aec6c76b5b5a13e7a4d34e38c87bfebbd3c3b7cd07d641fdc9cfca3425	L1595239-R002,L1595240-R001
Lev	15	23	4Q26	1606671	PARTLY_RECONSTRUCTED	22	57	52	51	1	0	54	1	0	1	0	0	0	0	passage_status/DSS-Leviticus-Passage-Status.txt	231540	753	8c50c37233a812e9a1d12ce7c32be65cf0be3d195803bae5e3708d3045fc2712	L1595240-R002,L1595241-R001
Lev	15	24	4Q26	1606671	PARTLY_RECONSTRUCTED	5	12	10	7	2	1	7	2	0	1	0	0	0	0	passage_status/DSS-Leviticus-Passage-Status.txt	232293	740	246769345868656ecec75f7cb08d646a973fcf4f112258837a7382367621cf47	L1595241-R002
Lev	17	2	4Q26	1606671	PARTLY_RECONSTRUCTED	24	68	62	45	13	4	50	13	1	2	0	0	0	0	passage_status/DSS-Leviticus-Passage-Status.txt	233033	760	c85c9b0942a19a610a00f0fd4274d6594c9d72600cf9fd1bf702d23ba738b01c	L1595242-R001,L1595243-R001
Lev	17	3	4Q26	1606671	PARTLY_RECONSTRUCTED	29	74	71	47	4	20	47	4	0	1	0	0	0	0	passage_status/DSS-Leviticus-Passage-Status.txt	233793	768	a87819e10f4b9b17f22c9708205d5f1136744c1fae68c59b12b141fd01e588d3	L1595243-R002,L1595244-R001,L1595245-R001
Lev	17	4	4Q26	1606671	PARTLY_RECONSTRUCTED	58	169	160	105	21	34	111	21	0	1	0	0	0	0	passage_status/DSS-Leviticus-Passage-Status.txt	234561	809	406784619879e5f445b48eb5d8eb74bd6cfaed0e2667fad46b99f1ff824b498e	L1595245-R002,L1595246-R001,L1595247-R001,L1595248-R001
Lev	17	5	4Q26	1606671	PARTLY_RECONSTRUCTED	33	105	100	75	13	12	79	14	0	1	0	0	0	0	passage_status/DSS-Leviticus-Passage-Status.txt	235370	784	f3dbc3a7e3d82f5bd049ff999ed33056a24c2b08e39baada84e58cecdd67d8b2	L1595249-R001,L1595250-R001,L1595251-R001
Lev	17	6	4Q26	1606671	PARTLY_RECONSTRUCTED	23	59	57	42	5	10	42	5	0	1	0	0	0	0	passage_status/DSS-Leviticus-Passage-Status.txt	236154	758	00ed954e8fff3d331d52e1f4ec4008bf8bc39f083153d0b526a3890d059db4e8	L1595251-R002,L1595252-R001
Lev	17	7	4Q26	1606671	PARTLY_RECONSTRUCTED	20	69	63	53	1	9	59	1	0	1	0	0	0	0	passage_status/DSS-Leviticus-Passage-Status.txt	236912	751	389504839954ac0e719416b978b076bdef9df71245ef52e80f0038ef4f016785	L1595252-R002,L1595253-R001
Lev	17	8	4Q26	1606671	PARTLY_RECONSTRUCTED	22	61	57	55	2	0	59	2	0	1	0	0	0	0	passage_status/DSS-Leviticus-Passage-Status.txt	237663	757	b45b569d6d4ee2c5d5a335e237b625ad99afc3ea332df192689eb9abf9f7b7e8	L1595254-R001,L1595255-R001
Lev	17	9	4Q26	1606671	PARTLY_RECONSTRUCTED	21	58	53	38	12	3	40	12	0	1	0	0	0	0	passage_status/DSS-Leviticus-Passage-Status.txt	238420	771	183907951d5419ea73d7724cc951f36e14726792edc74008bd8dd85840da81cb	L1595255-R002,L1595256-R001
Lev	17	10	4Q26	1606671	PARTLY_RECONSTRUCTED	36	88	82	51	7	24	56	7	0	1	0	0	0	0	passage_status/DSS-Leviticus-Passage-Status.txt	239191	782	ca5763d2665e1c9a386805e3404f5690dd64ae8b1e6cf233c688fc2a682341dd	L1595256-R002,L1595257-R001,L1595258-R001
Lev	17	11	4Q26	1606671	PARTLY_RECONSTRUCTED	26	72	66	48	7	11	53	7	0	1	0	0	0	0	passage_status/DSS-Leviticus-Passage-Status.txt	239973	766	4aa0ebc11ba59b894029e0576e0ea3d33223f0f21a4c29dd27e63ea4b9f6b4f4	L1595258-R002,L1595259-R001
Lev	3	2	4Q26a	1606672	PARTLY_RECONSTRUCTED	26	73	66	59	6	1	63	6	1	2	0	0	0	0	passage_status/DSS-Leviticus-Passage-Status.txt	240739	763	fa6bfbc8f8cd617535e1a40797b7752c261bbb2f10c351ac28823040e7a85928	L1595260-R001,L1595261-R001
Lev	3	3	4Q26a	1606672	PARTLY_RECONSTRUCTED	27	61	59	45	3	11	45	3	0	1	0	0	0	0	passage_status/DSS-Leviticus-Passage-Status.txt	241502	764	db33079f31bd1c2f6c55f7eab28eb4ac360d07ff9701feddc2f207501f213deb	L1595261-R002,L1595262-R001
Lev	3	4	4Q26a	1606672	PARTLY_RECONSTRUCTED	20	47	44	37	1	6	38	1	0	1	0	0	0	0	passage_status/DSS-Leviticus-Passage-Status.txt	242266	735	45eeb7012840d00963b7bafd01c48be8ddc75548e9c2558512267e6a10eb7ff8	L1595262-R002
Lev	3	5	4Q26a	1606672	PARTLY_RECONSTRUCTED	29	78	72	64	7	1	70	7	1	2	0	0	0	0	passage_status/DSS-Leviticus-Passage-Status.txt	243001	763	f4bcfff8ea392d6e09cad4617a596568175d070f5a5d4093aa3d2e24ff774bd4	L1595263-R001,L1595264-R001
Lev	3	6	4Q26a	1606672	PARTLY_RECONSTRUCTED	18	53	49	34	1	14	37	1	0	1	0	0	0	0	passage_status/DSS-Leviticus-Passage-Status.txt	243764	736	454f9ca3d5e79154dbb6c8fc5a2a67fdbc09687a0396c64f947306b68c39b562	L1595265-R001
Lev	3	7	4Q26a	1606672	PARTLY_RECONSTRUCTED	13	41	37	22	1	14	25	1	0	1	0	0	0	0	passage_status/DSS-Leviticus-Passage-Status.txt	244500	752	536856b11e5be07d1c3c184c581ae0730302574d7e6c380e03f1466c6a505267	L1595265-R002,L1595266-R001
Lev	3	8	4Q26a	1606672	PARTLY_RECONSTRUCTED	25	71	65	55	8	2	61	8	0	1	0	0	0	0	passage_status/DSS-Leviticus-Passage-Status.txt	245252	769	658d3b93a511a556c030532e7c8be08c441da337cb827580aae9488f8c6e5111	L1595266-R002,L1595267-R001
Lev	19	34	4Q26a	1606672	PARTLY_RECONSTRUCTED	24	77	69	58	0	11	63	0	0	1	0	0	0	0	passage_status/DSS-Leviticus-Passage-Status.txt	246021	751	5181f75c57692776b2fdd7102211b2f98c9347f28236068439c92db5046c5974	L1595268-R001,L1595269-R001
Lev	19	35	4Q26a	1606672	PARTLY_RECONSTRUCTED	13	32	30	24	0	6	24	0	0	1	0	0	0	0	passage_status/DSS-Leviticus-Passage-Status.txt	246772	734	38d504a9c204fcd835495b3234206a5ceb9a4419eac41348720b0693a8db64d6	L1595270-R001
Lev	19	36	4Q26a	1606672	PARTLY_RECONSTRUCTED	19	68	63	47	2	14	51	2	0	1	0	0	0	0	passage_status/DSS-Leviticus-Passage-Status.txt	247506	772	a8ace3d5c362104d0254c118ace07b7d5818ae6d0d996695ffa5a311767d7e57	L1595270-R002,L1595271-R001,L1595272-R001
Lev	19	37	4Q26a	1606672	PARTLY_RECONSTRUCTED	8	20	17	14	3	0	14	3	0	1	0	0	0	0	passage_status/DSS-Leviticus-Passage-Status.txt	248278	744	325eba94b5ca35724f5ae1067a7ec56a2b54a9baff949165cf44b0e598b2e6c2	L1595272-R002
Lev	20	1	4Q26a	1606672	PARTLY_RECONSTRUCTED	5	11	9	8	1	0	8	1	0	1	0	0	0	0	passage_status/DSS-Leviticus-Passage-Status.txt	249022	733	8b82f4fe6fd3886ba9eb231709023b9248b8c367b5cf91d37b0bd50f24adbcc7	L1595273-R001
Lev	20	2	4Q26a	1606672	PARTLY_RECONSTRUCTED	33	87	83	65	3	15	68	3	0	1	0	0	0	0	passage_status/DSS-Leviticus-Passage-Status.txt	249755	776	5ff51da4b3f42890f6cb17a62aa669fa5b04db4aa7a70dcfb16fc2ab7d1cd42b	L1595273-R002,L1595274-R001,L1595275-R001
Lev	20	3	4Q26a	1606672	PARTLY_RECONSTRUCTED	24	63	57	55	2	0	58	2	0	1	0	0	0	0	passage_status/DSS-Leviticus-Passage-Status.txt	250531	759	74bcf593310a03d22054cbbf5ac98c59c9b91f642e7e1643f1491bf7f33de446	L1595275-R002,L1595276-R001
Lev	20	26	4Q26a	1606672	NO_LETTER_SLOTS	4	8	0	0	0	0	7	1	2	4	0	0	0	0	passage_status/DSS-Leviticus-Passage-Status.txt	251290	724	60765bf242e868240d9444cb9ca2dda65e326c23a0ed2f1c195f60695fcc3fbf	L1595277-R001
Lev	20	27	4Q26a	1606672	PARTLY_RECONSTRUCTED	19	61	55	47	2	6	53	2	0	1	0	0	0	0	passage_status/DSS-Leviticus-Passage-Status.txt	252014	761	65de8cd35fd275148503f2e48d2a2e71fd7aaf1823802517ffb5b4ff1c24c34c	L1595277-R002,L1595278-R001
Lev	21	1	4Q26a	1606672	PARTLY_RECONSTRUCTED	21	59	55	38	0	17	39	0	0	1	0	0	0	0	passage_status/DSS-Leviticus-Passage-Status.txt	252775	749	ae466331a615a4200e96a3f9d4fa2b66b6dbec35f3ecfe203b256af5d17dc138	L1595279-R001,L1595280-R001
Lev	21	2	4Q26a	1606672	PARTLY_RECONSTRUCTED	22	52	43	38	0	5	46	0	0	1	0	0	0	0	passage_status/DSS-Leviticus-Passage-Status.txt	253524	748	96312d6e019397bb44f106efde9ead9df85faccbfccb5be6b4d30d4146feb058	L1595280-R002,L1595281-R001
Lev	21	3	4Q26a	1606672	PARTLY_RECONSTRUCTED	16	46	41	40	0	1	45	0	0	1	0	0	0	0	passage_status/DSS-Leviticus-Passage-Status.txt	254272	732	42c351ea99fefc24962ac855f9604dc919be34a181fba1a83a9ae33ece44466c	L1595281-R002
Lev	21	4	4Q26a	1606672	PARTLY_RECONSTRUCTED	9	24	20	19	1	0	23	1	0	1	0	0	0	0	passage_status/DSS-Leviticus-Passage-Status.txt	255004	736	4c51650e1a5ab98b523b1f36be06b9d678be6ec4eea8f74dc3f0d27f00787608	L1595282-R001
Lev	21	8	4Q26a	1606672	NO_LETTER_SLOTS	4	9	0	0	0	0	7	2	2	4	0	0	0	0	passage_status/DSS-Leviticus-Passage-Status.txt	255740	722	cd0eb86be4791a3edfbec474810c60c9308f57ab97bf95b38e7927e948a6902f	L1595283-R001
Lev	21	9	4Q26a	1606672	PARTLY_RECONSTRUCTED	17	46	43	33	0	10	36	0	0	1	0	0	0	0	passage_status/DSS-Leviticus-Passage-Status.txt	256462	749	34f091f2a591261ab66d8e75ffeb050d08f95f67fed5e9a28550808a57dd500f	L1595283-R002,L1595284-R001
Lev	21	10	4Q26a	1606672	PARTLY_RECONSTRUCTED	32	88	81	65	3	13	72	3	0	1	0	0	0	0	passage_status/DSS-Leviticus-Passage-Status.txt	257211	778	13137163c7986107a7e7ade6f1e88488b79bba37152666893d4f5ba48191e66c	L1595284-R002,L1595285-R001,L1595286-R001
Lev	21	11	4Q26a	1606672	PARTLY_RECONSTRUCTED	15	36	32	29	0	3	31	0	0	1	0	0	0	0	passage_status/DSS-Leviticus-Passage-Status.txt	257989	750	78a6b19fc3d1cdd3a8c49212a3b8acd7957c9959e0ab0a1cbb90b4025db2b60b	L1595286-R002,L1595287-R001
Lev	21	12	4Q26a	1606672	PARTLY_RECONSTRUCTED	12	28	26	25	0	1	25	0	0	1	0	0	0	0	passage_status/DSS-Leviticus-Passage-Status.txt	258739	734	16ae1fdc6e1c55f8c283f45f9c5370afffd581a0686de167e55853f4114bf2b5	L1595287-R002
Lev	21	21	4Q26a	1606672	PARTLY_RECONSTRUCTED	16	48	44	41	1	2	44	1	0	1	0	0	0	0	passage_status/DSS-Leviticus-Passage-Status.txt	259473	739	e9b2c46a0a62d8e5d2db424f8cccf62b9a3b9f5e197ab06eef83691c10081805	L1595288-R001
Lev	21	22	4Q26a	1606672	PARTLY_RECONSTRUCTED	12	35	32	27	1	4	30	1	0	1	0	0	0	0	passage_status/DSS-Leviticus-Passage-Status.txt	260212	739	49b811d849ec4013cf544e2ccf5fa72c9ef447073c6fbfee67bf19cd01299d1f	L1595289-R001
Lev	21	23	4Q26a	1606672	PARTLY_RECONSTRUCTED	25	67	62	58	0	4	62	0	0	1	0	0	0	0	passage_status/DSS-Leviticus-Passage-Status.txt	260951	766	8b0b48870396db871547eddbc1fb14c8cdd1098d00da434a49f8ca80f9552395	L1595289-R002,L1595290-R001,L1595291-R001
Lev	21	24	4Q26a	1606672	PARTLY_RECONSTRUCTED	13	34	31	28	1	2	31	1	0	1	0	0	0	0	passage_status/DSS-Leviticus-Passage-Status.txt	261717	755	aee4a453d6314d0fa4a5ce193ffada2807215327f8d27bbd77d3571254602c3a	L1595291-R002,L1595292-R001
Lev	22	4	4Q26a	1606672	PARTLY_RECONSTRUCTED	33	88	83	78	2	3	83	2	1	2	0	0	0	0	passage_status/DSS-Leviticus-Passage-Status.txt	262472	775	ee647d404d8c846c3286267a19287a8c95b6cb66a95122604ccbd9a2e8e4dc0b	L1595293-R001,L1595294-R001,L1595295-R001
Lev	22	5	4Q26a	1606672	PARTLY_RECONSTRUCTED	21	57	52	47	1	4	52	1	0	1	0	0	0	0	passage_status/DSS-Leviticus-Passage-Status.txt	263247	753	1e4c8d97aa86d28ed7289df2401380ec3a17e2951f36b88cd92d88ebfcce8018	L1595295-R002,L1595296-R001
Lev	22	6	4Q26a	1606672	PARTLY_RECONSTRUCTED	4	11	9	7	1	1	7	1	0	1	0	0	0	0	passage_status/DSS-Leviticus-Passage-Status.txt	264000	733	f4e73f51261cbabbfba28f382d3ad826dbe3f8a8906f41d82812df32e738b666	L1595296-R002
Lev	22	11	4Q26a	1606672	PARTLY_RECONSTRUCTED	8	25	21	16	2	3	17	2	0	1	0	0	0	0	passage_status/DSS-Leviticus-Passage-Status.txt	264733	744	2e17c9e599df6d91b637f249b8ef81e56473b39edd3a3cab6f1a9748f3662283	L1595297-R001
Lev	22	12	4Q26a	1606672	PARTLY_RECONSTRUCTED	16	41	39	33	2	4	33	2	0	1	0	0	0	0	passage_status/DSS-Leviticus-Passage-Status.txt	265477	761	426215afcb258a86b955e16367b5c80d0a394f84711fb961157df445d89dc868	L1595297-R002,L1595298-R001
Lev	22	13	4Q26a	1606672	PARTLY_RECONSTRUCTED	30	84	77	59	4	15	65	4	0	1	0	0	0	0	passage_status/DSS-Leviticus-Passage-Status.txt	266238	784	e242908a684d160a629f5b875147dd24a810e7209a711b1795d29ad270533c35	L1595298-R002,L1595299-R001,L1595300-R001
Lev	22	14	4Q26a	1606672	PARTLY_RECONSTRUCTED	19	50	46	36	0	10	40	0	0	1	0	0	0	0	passage_status/DSS-Leviticus-Passage-Status.txt	267022	751	42552acc8be4f148d79edcea6b104353c32c8d5bafbcd6adce29cddd6f6725cb	L1595300-R002,L1595301-R001
Lev	22	15	4Q26a	1606672	PARTLY_RECONSTRUCTED	13	39	37	26	3	8	28	3	0	1	0	0	0	0	passage_status/DSS-Leviticus-Passage-Status.txt	267773	761	5976749b0b78a7d3f45907ea91c9ce29b7a71e4df79ed7a964c27adb89b0bcb2	L1595301-R002,L1595302-R001
Lev	22	16	4Q26a	1606672	PARTLY_RECONSTRUCTED	14	50	44	36	2	6	41	2	0	1	0	0	0	0	passage_status/DSS-Leviticus-Passage-Status.txt	268534	755	775ffb7e3f5911b86939e1a738c42b7a4713f8b2d2cbb551f75b5f1500226dd8	L1595302-R002,L1595303-R001
Lev	22	17	4Q26a	1606672	PARTLY_RECONSTRUCTED	8	20	18	14	0	4	14	0	0	1	0	0	0	0	passage_status/DSS-Leviticus-Passage-Status.txt	269289	733	377a13455b43fcc58f66608df4f93a484d1f0ecf8479d5057a82987e942bb219	L1595304-R001
Lev	22	18	4Q26a	1606672	PARTLY_RECONSTRUCTED	11	27	24	23	1	0	24	1	0	1	0	0	0	0	passage_status/DSS-Leviticus-Passage-Status.txt	270022	739	8c9e23240ffe49af7a7ae1ebb0b9f86b7016f8b680f1675146318c08e0666457	L1595304-R002
Lev	7	19	4Q26b	1606673	PARTLY_RECONSTRUCTED	16	41	39	26	4	9	28	4	0	1	0	0	0	0	passage_status/DSS-Leviticus-Passage-Status.txt	270761	749	9abef78d5276efab7865ecd2b53f3f8335d96fcf56849d9cf43ff846b319afb5	L1595305-R001
Lev	7	20	4Q26b	1606673	PARTLY_RECONSTRUCTED	25	67	62	28	4	30	31	4	0	1	0	0	0	0	passage_status/DSS-Leviticus-Passage-Status.txt	271510	754	f0d5f68df34457ff87e15442c57fef125f9696c3f44af1d3a4e17ddf65e3c8a7	L1595305-R002,L1595306-R001
Lev	7	21	4Q26b	1606673	PARTLY_RECONSTRUCTED	38	94	91	50	11	30	50	11	0	1	0	0	0	0	passage_status/DSS-Leviticus-Passage-Status.txt	272264	768	c7f6998cbd724f8b0c49e4b97456a910da4e4794a536a4c5e3373bfa508f4009	L1595307-R001,L1595308-R001
Lev	7	22	4Q26b	1606673	ALL_LETTER_SLOTS_RECONSTRUCTED	8	21	19	19	0	0	21	0	0	1	0	0	0	0	passage_status/DSS-Leviticus-Passage-Status.txt	273032	741	9b9025423056b44e3bf353f4b72770f82fb8482e40997d215e9eb8180e678caa	L1595310-R001
Lev	7	23	4Q26b	1606673	PARTLY_RECONSTRUCTED	16	43	41	21	6	14	23	6	0	1	0	0	0	0	passage_status/DSS-Leviticus-Passage-Status.txt	273773	760	3a9e7e3429427385e6ac8d524c57a4684c1e225526b0b2e819d3193ed3933cb3	L1595310-R002,L1595311-R001
Lev	7	24	4Q26b	1606673	PARTLY_RECONSTRUCTED	15	45	42	19	6	17	22	6	0	1	0	0	0	0	passage_status/DSS-Leviticus-Passage-Status.txt	274533	744	f185e9e6d74b33fa575d850f26dc0cfbfedb84137ce7cfc7903b3c4c582aa6ab	L1595311-R002
Lev	7	25	4Q26b	1606673	PARTLY_RECONSTRUCTED	22	66	62	45	9	8	48	9	0	1	0	0	0	0	passage_status/DSS-Leviticus-Passage-Status.txt	275277	803	275b19c77c59a2b8004218de2c0944cd67458ada59f332cf3e648761aa6d217d	L1595312-R001,L1595312-R002,L1595312-R003,L1595313-R001
Lev	7	26	4Q26b	1606673	PARTLY_RECONSTRUCTED	14	38	35	30	4	1	33	4	0	1	0	0	0	0	passage_status/DSS-Leviticus-Passage-Status.txt	276080	743	ef4a903756a09cd2a932fb3d76efca2ed35a2420905d32e8c1d3e9d0d219861b	L1595313-R002
Lev	26	3	4Q26c	1606674	PARTLY_RECONSTRUCTED	12	38	33	5	0	28	5	0	0	1	0	0	0	0	passage_status/DSS-Leviticus-Passage-Status.txt	276823	731	f89cb19fd9f7c4afc13c9e3d5c64257930f32de476f1c65c6cd1a0d61aba464f	L1595314-R001
Lev	26	4	4Q26c	1606674	PARTLY_RECONSTRUCTED	17	49	43	12	0	31	12	0	0	1	0	0	0	0	passage_status/DSS-Leviticus-Passage-Status.txt	277554	749	2ef1243131bb297686bcf45fa981bb8e8d69d0946759bf57f2acf16c93b9f624	L1595315-R001,L1595316-R001
Lev	26	5	4Q26c	1606674	PARTLY_RECONSTRUCTED	23	67	62	7	0	55	7	0	0	1	0	0	0	0	passage_status/DSS-Leviticus-Passage-Status.txt	278303	747	f43669e6ad2dc758cb15b03b2b74d22e57eef969808792cc6cea8c1dfeaa0073	L1595316-R002,L1595317-R001
Lev	26	6	4Q26c	1606674	PARTLY_RECONSTRUCTED	24	65	62	4	0	58	4	0	0	1	0	0	0	0	passage_status/DSS-Leviticus-Passage-Status.txt	279050	747	43377036cdf9e31d0e7b64c0b9fc41089065f28d45a33e1cd3ace3f1dcc13d8e	L1595318-R001,L1595319-R001
Lev	26	7	4Q26c	1606674	NO_LETTER_RECONSTRUCTION_MARKED	11	33	29	0	0	29	0	0	0	1	0	0	0	0	passage_status/DSS-Leviticus-Passage-Status.txt	279797	758	3dfcafeaa163a049ad515227f04d0a74abbb06ef83edb5640e3904e794d8194e	L1595319-R002,L1595320-R001
Lev	26	8	4Q26c	1606674	PARTLY_RECONSTRUCTED	18	58	52	15	0	37	17	0	0	1	0	0	0	0	passage_status/DSS-Leviticus-Passage-Status.txt	280555	765	3db9c0126a6e7689808829608024b93fe713d9da692b51b6d532a93ac4ce2e73	L1595320-R002,L1595321-R001,L1595322-R001
Lev	26	9	4Q26c	1606674	PARTLY_RECONSTRUCTED	10	38	33	20	0	13	21	0	0	1	0	0	0	0	passage_status/DSS-Leviticus-Passage-Status.txt	281320	733	68c540603b6f1854b1328191da8edcbd29130ef39747f7e0c94360a19dc7c64f	L1595322-R002
Lev	26	33	4Q26c	1606674	NO_LETTER_RECONSTRUCTION_MARKED	2	6	4	0	0	4	0	0	0	1	0	0	0	0	passage_status/DSS-Leviticus-Passage-Status.txt	282053	740	21e90222cd2f12868d4d072c42dcf29074d4c19bf07fe5f8990678363fa10531	L1595323-R001
Lev	26	34	4Q26c	1606674	PARTLY_RECONSTRUCTED	23	70	64	10	0	54	10	0	0	1	0	0	0	0	passage_status/DSS-Leviticus-Passage-Status.txt	282793	767	7c96bdfd52b60312b1220c8cc329aacbf8ffbebfd1ad77deab9c60f11fbcd661	L1595323-R002,L1595324-R001,L1595325-R001
Lev	26	35	4Q26c	1606674	PARTLY_RECONSTRUCTED	14	48	42	13	0	29	18	0	0	1	0	0	0	0	passage_status/DSS-Leviticus-Passage-Status.txt	283560	751	1117f7f42eb956a8bb3ff2a92bdf7a8da2a0bc3c1d329a8e769891d085256966	L1595325-R002,L1595326-R001
Lev	26	36	4Q26c	1606674	PARTLY_RECONSTRUCTED	28	81	75	32	0	43	33	0	0	1	0	0	0	0	passage_status/DSS-Leviticus-Passage-Status.txt	284311	783	7768122a6c90a974f7a873a46f365ecba8ad74f6974fdbdb42e4f7ec25584139	L1595326-R002,L1595327-R001,L1595328-R001,L1595329-R001
Lev	26	37	4Q26c	1606674	PARTLY_RECONSTRUCTED	21	58	53	36	0	17	39	0	0	1	0	0	0	0	passage_status/DSS-Leviticus-Passage-Status.txt	285094	751	db349d5b25fd74593e9d3e01e1b6b986044f6a02ecca5ef41232b6e284b1aba1	L1595329-R002,L1595330-R001
Lev	26	38	4Q26c	1606674	ALL_LETTER_SLOTS_RECONSTRUCTED	3	8	6	6	0	0	6	0	0	1	0	0	0	0	passage_status/DSS-Leviticus-Passage-Status.txt	285845	739	a467869455da81d212588a0c771ea0bad0ca6c172a7c383534149df20c9b15b6	L1595330-R002
Lev	8	12	6Q2	1606822	PARTLY_RECONSTRUCTED	15	41	36	31	3	2	34	3	0	2	0	0	0	0	passage_status/DSS-Leviticus-Passage-Status.txt	286584	755	7fc937e534d1d6c793cb26e74307e2bbc6737c602cde675c53e45a7d9db9a107	L1602888-R001,L1602889-R001
Lev	8	13	6Q2	1606822	PARTLY_RECONSTRUCTED	18	61	56	31	2	23	33	2	0	1	0	0	0	0	passage_status/DSS-Leviticus-Passage-Status.txt	287339	772	1edce3ec49cd064e5845348be82689a0c71411d3730334490d0041005e692c0d	L1602889-R002,L1602890-R001,L1602891-R001
Lev	4	24	11Q1	1606832	PARTLY_RECONSTRUCTED	24	63	57	50	2	5	56	2	1	2	0	0	0	0	passage_status/DSS-Leviticus-Passage-Status.txt	288111	757	15e2fff2277d882275ccc6504af607cff68ef74435bccc1582e811ba271c7e35	L1603359-R001,L1603360-R001
Lev	4	25	11Q1	1606832	PARTLY_RECONSTRUCTED	28	67	64	54	1	9	57	1	0	1	0	0	0	0	passage_status/DSS-Leviticus-Passage-Status.txt	288868	751	37dacca75d0791d87fed6ba2874a9fd5abfa6742147269bc1b06acd2080fdc94	L1603360-R002,L1603361-R001
Lev	4	26	11Q1	1606832	PARTLY_RECONSTRUCTED	16	44	36	26	0	10	32	0	1	3	0	0	0	0	passage_status/DSS-Leviticus-Passage-Status.txt	289619	747	b3d2ff0e76535979479b775a5ad67af177348bcf6cc82f0cb75f77b99d0b4676	L1603361-R002,L1603362-R001
Lev	10	4	11Q1	1606832	PARTLY_RECONSTRUCTED	25	70	66	54	1	11	56	1	0	1	0	0	0	0	passage_status/DSS-Leviticus-Passage-Status.txt	290366	752	2f3c767482d304a570c5fde84d6e4bce5dd9f794ca1f0459fe3a9bf216d235e7	L1603363-R001,L1603364-R001
Lev	10	5	11Q1	1606832	PARTLY_RECONSTRUCTED	16	42	38	32	1	5	36	1	0	1	0	0	0	0	passage_status/DSS-Leviticus-Passage-Status.txt	291118	751	12b6e3e457fbd97718c946d3ab669ed60e7852e893e99c415c6690b5453c2499	L1603364-R002,L1603365-R001
Lev	10	6	11Q1	1606832	PARTLY_RECONSTRUCTED	41	122	116	90	0	26	96	0	0	1	0	0	0	0	passage_status/DSS-Leviticus-Passage-Status.txt	291869	765	7121aaa9d4ddebe62344df565de6c0a7927db45b75372bba99540002ff8598a1	L1603365-R002,L1603366-R001,L1603367-R001
Lev	10	7	11Q1	1606832	NO_LETTER_RECONSTRUCTION_MARKED	6	15	13	0	0	13	0	0	0	1	0	0	0	0	passage_status/DSS-Leviticus-Passage-Status.txt	292634	739	e06d1cff82e27fc8d3a0ceac48bf54ea02a8b4441fd950448d3e6dd9bf3fc0f5	L1603367-R002
Lev	11	27	11Q1	1606832	PARTLY_RECONSTRUCTED	27	72	65	42	2	21	48	2	1	2	0	0	0	0	passage_status/DSS-Leviticus-Passage-Status.txt	293373	754	79d4840646afc2e1a82d6ed041d78bd32e14d780d685864f31551c6c5d200baf	L1603368-R001,L1603369-R001
Lev	11	28	11Q1	1606832	PARTLY_RECONSTRUCTED	16	47	42	32	0	10	37	0	0	1	0	0	0	0	passage_status/DSS-Leviticus-Passage-Status.txt	294127	749	9e2ff5edd0f1d99437359920ce7944976d48eade0b32adade5cd77ad3a3a8604	L1603369-R002,L1603370-R001
Lev	11	29	11Q1	1606832	PARTLY_RECONSTRUCTED	23	48	44	34	0	10	38	0	0	1	0	0	0	0	passage_status/DSS-Leviticus-Passage-Status.txt	294876	749	cbf10e37943316c4a9dee3fd0d8762dd57b17587fcf26b3cfe6faee774b3eb98	L1603370-R002,L1603371-R001
Lev	11	30	11Q1	1606832	PARTLY_RECONSTRUCTED	16	30	28	16	1	11	18	1	0	1	0	0	0	0	passage_status/DSS-Leviticus-Passage-Status.txt	295625	738	2421f26ed6e3d5a6a77ca362d7d7529db6a64142a02a1162c4c66e418bcb2e6b	L1603372-R001
Lev	11	31	11Q1	1606832	PARTLY_RECONSTRUCTED	19	48	43	30	0	13	34	0	0	1	0	0	0	0	passage_status/DSS-Leviticus-Passage-Status.txt	296363	749	d6610f8b20e9afd95dca3e1eb5ac3c8d7c8e3149c31452394d2de30d052d9727	L1603372-R002,L1603373-R001
Lev	11	32	11Q1	1606832	PARTLY_RECONSTRUCTED	36	94	88	66	2	20	71	2	0	1	0	0	0	0	passage_status/DSS-Leviticus-Passage-Status.txt	297112	770	cde4415ea7351e335b6360a518bd426dfae4fae3db50df913bf4bf9db7369781	L1603373-R002,L1603374-R001,L1603375-R001
Lev	13	3	11Q1	1606832	PARTLY_RECONSTRUCTED	10	27	23	7	0	16	10	0	0	1	0	0	0	0	passage_status/DSS-Leviticus-Passage-Status.txt	297882	730	d9c86609cb8ba1c6eaa3bf31e6e7a47d4980d513bd38fefb75c2b4e18f417889	L1603376-R001
Lev	13	4	11Q1	1606832	PARTLY_RECONSTRUCTED	30	82	77	63	1	13	67	1	0	1	0	0	0	0	passage_status/DSS-Leviticus-Passage-Status.txt	298612	752	7cb5395549ebe3c782f7acdd45a3fd0e4eb669c790463b88462b8541714cf3a5	L1603376-R002,L1603377-R001
Lev	13	5	11Q1	1606832	PARTLY_RECONSTRUCTED	30	77	72	50	0	22	55	0	0	1	0	0	0	0	passage_status/DSS-Leviticus-Passage-Status.txt	299364	763	05d620a9a37fe376ce423f5d97bd888ef6ab0c3d1f6de8dfe76a58d046f0e1d8	L1603377-R002,L1603378-R001,L1603379-R001
Lev	13	6	11Q1	1606832	PARTLY_RECONSTRUCTED	35	85	80	68	0	12	73	0	0	1	0	0	0	0	passage_status/DSS-Leviticus-Passage-Status.txt	300127	747	53cb7db86e7e12b8a33bf31d2179cec27099af3e5973c85401a67554b052930d	L1603379-R002,L1603380-R001
Lev	13	7	11Q1	1606832	PARTLY_RECONSTRUCTED	23	60	56	45	0	11	49	0	0	1	0	0	0	0	passage_status/DSS-Leviticus-Passage-Status.txt	300874	747	e2946a71eb8858f22429501e6709b5b1d27f4dddb91fbd9d7d712f44e87c5632	L1603380-R002,L1603381-R001
Lev	13	8	11Q1	1606832	PARTLY_RECONSTRUCTED	19	45	42	34	0	8	37	0	0	1	0	0	0	0	passage_status/DSS-Leviticus-Passage-Status.txt	301621	746	f37740c66165f10ef51c9a71fbf9c1b1990a2d749d5e573dd01661c82c2f71b0	L1603381-R002,L1603382-R001
Lev	13	9	11Q1	1606832	PARTLY_RECONSTRUCTED	12	30	28	21	1	6	23	1	0	1	0	0	0	0	passage_status/DSS-Leviticus-Passage-Status.txt	302367	735	b871a7068f566d2a39167ce636186bb84f0cafee5ec4f7539acd1ebfd9a9c60f	L1603383-R001
Lev	13	39	11Q1	1606832	PARTLY_RECONSTRUCTED	14	44	41	38	1	2	41	1	0	1	0	0	0	0	passage_status/DSS-Leviticus-Passage-Status.txt	303102	737	4acb3c333a6e92353b1219a5123a30995ef3ff847288296e496f23df13221177	L1603384-R001
Lev	13	40	11Q1	1606832	PARTLY_RECONSTRUCTED	10	30	27	21	0	6	24	0	0	1	0	0	0	0	passage_status/DSS-Leviticus-Passage-Status.txt	303839	748	1c2decf70086a9de739d93c8be3f64bfa16ea6c3500f198ecea4af9d148ede75	L1603384-R002,L1603385-R001
Lev	13	41	11Q1	1606832	ALL_LETTER_SLOTS_RECONSTRUCTED	12	36	32	32	0	0	36	0	0	1	0	0	0	0	passage_status/DSS-Leviticus-Passage-Status.txt	304587	758	7d8a47955826442180e7162155651edd2ce8c8a32c89c61f9644f766bdc6c13f	L1603385-R002,L1603386-R001
Lev	13	42	11Q1	1606832	PARTLY_RECONSTRUCTED	20	61	56	49	0	6	53	0	0	1	0	1	0	0	passage_status/DSS-Leviticus-Passage-Status.txt	305345	753	85c7d12c08a4d502694bd551cd0a8cf8316266d5c21b10bff4cc797f96548554	L1603386-R002,L1603387-R001
Lev	13	43	11Q1	1606832	PARTLY_RECONSTRUCTED	12	29	26	22	0	4	23	0	0	1	0	0	0	0	passage_status/DSS-Leviticus-Passage-Status.txt	306098	732	5657f9c651ea8804a4a2721b2c71a4d2b36ce0005e9a71c47f40dbe02739a523	L1603387-R002
Lev	14	16	11Q1	1606832	PARTLY_RECONSTRUCTED	28	74	68	44	0	24	50	0	1	2	0	0	0	0	passage_status/DSS-Leviticus-Passage-Status.txt	306830	749	5f168f3a8ac30826ae5b35f5850465e9adf4753b8b8674ae66bcc6055e9f6d60	L1603388-R001,L1603389-R001
Lev	14	17	11Q1	1606832	PARTLY_RECONSTRUCTED	36	92	85	48	1	36	53	1	0	3	0	0	0	0	passage_status/DSS-Leviticus-Passage-Status.txt	307579	770	35811036d0856be4e5d98eb97b5252b455d1a3b50034a5f324a3b777020d625a	L1603389-R002,L1603390-R001,L1603391-R001
Lev	14	18	11Q1	1606832	PARTLY_RECONSTRUCTED	24	59	55	33	3	19	36	3	0	1	0	0	0	0	passage_status/DSS-Leviticus-Passage-Status.txt	308349	760	47a713f580e8fd50a135383d7ef5a652312d91e99a5a5c5a33cc5d1446642be3	L1603391-R002,L1603392-R001
Lev	14	19	11Q1	1606832	PARTLY_RECONSTRUCTED	21	49	46	30	0	16	33	0	0	1	0	0	0	0	passage_status/DSS-Leviticus-Passage-Status.txt	309109	749	41c3573775c0244688b375055044b87ee8a10d7127127b3742e93b8a7a5fa2a0	L1603392-R002,L1603393-R001
Lev	14	20	11Q1	1606832	PARTLY_RECONSTRUCTED	21	47	44	39	0	5	42	0	0	1	0	0	0	0	passage_status/DSS-Leviticus-Passage-Status.txt	309858	748	2c34111c032287a8cf9cf974e51ea79bd512fee78f5e5c1ef75b4e0056a68901	L1603393-R002,L1603394-R001
Lev	14	21	11Q1	1606832	PARTLY_RECONSTRUCTED	28	75	71	60	0	11	62	0	0	1	0	0	0	0	passage_status/DSS-Leviticus-Passage-Status.txt	310606	749	78a69d63c82a84ef44a844448c53f336a419afc2c70c7aca808add373f5c2e4c	L1603394-R002,L1603395-R001
Lev	14	52	11Q1	1606832	PARTLY_RECONSTRUCTED	34	65	61	60	1	0	64	1	1	2	0	0	0	0	passage_status/DSS-Leviticus-Passage-Status.txt	311355	753	476801dab93a9f3d129b29044896616721033ff4f351a4eb3d897f69f4c5486b	L1603396-R001,L1603397-R001
Lev	14	53	11Q1	1606832	PARTLY_RECONSTRUCTED	24	49	47	39	0	8	41	0	0	1	0	0	0	0	passage_status/DSS-Leviticus-Passage-Status.txt	312108	748	00724545834e2da383deabd3573ee9b21cfe3b819c3b3e408162e8014bc8998a	L1603397-R002,L1603398-R001
Lev	14	54	11Q1	1606832	PARTLY_RECONSTRUCTED	12	26	24	15	1	8	15	1	0	1	0	0	0	0	passage_status/DSS-Leviticus-Passage-Status.txt	312856	737	5e8e655d551fc57665c1604467d85f56afed3fced1b49fbdf82c4c2ec4d1eb15	L1603398-R002
Lev	14	55	11Q1	1606832	PARTLY_RECONSTRUCTED	9	17	15	14	0	1	16	0	0	1	0	0	0	0	passage_status/DSS-Leviticus-Passage-Status.txt	313593	747	1a73af2fbf3c3ce19644b0444e4e8e4b1bfecc00c971dc0bdc744e8d6f3ea6de	L1603398-R003,L1603399-R001
Lev	14	56	11Q1	1606832	ALL_LETTER_SLOTS_RECONSTRUCTED	10	19	17	17	0	0	19	0	0	1	0	0	0	0	passage_status/DSS-Leviticus-Passage-Status.txt	314340	742	4f84e4eb81510d9647a2866f2306244b2e5ca12e63b1b812e800649f9701e05f	L1603399-R002
Lev	14	57	11Q1	1606832	PARTLY_RECONSTRUCTED	17	36	34	24	1	9	26	1	0	1	0	0	0	0	passage_status/DSS-Leviticus-Passage-Status.txt	315082	753	5d9ef3abdf41fd985cf9f8e19e69be877c7c95a75075ca749dd4e38cfd6004e7	L1603399-R003,L1603400-R001
Lev	15	1	11Q1	1606832	ALL_LETTER_SLOTS_RECONSTRUCTED	11	27	25	25	0	0	27	0	0	1	0	0	0	0	passage_status/DSS-Leviticus-Passage-Status.txt	315835	740	86620e6fe1cafaf37ad4df63627d572fbce7e8377aec565dd87baabf0d884d9a	L1603401-R001
Lev	15	2	11Q1	1606832	PARTLY_RECONSTRUCTED	18	58	53	41	2	10	45	2	0	1	0	0	0	0	passage_status/DSS-Leviticus-Passage-Status.txt	316575	752	d679a01488b397752af59dfcee44685890b9eb4392852a0964848066963319c5	L1603401-R002,L1603402-R001
Lev	15	3	11Q1	1606832	PARTLY_RECONSTRUCTED	24	72	62	44	1	17	52	1	0	1	0	0	0	0	passage_status/DSS-Leviticus-Passage-Status.txt	317327	768	11f444cb8812bfc25da899476fb02fc01f3997053be09412d07eed45bcedf792	L1603402-R002,L1603403-R001,L1603404-R001
Lev	15	4	11Q1	1606832	PARTLY_RECONSTRUCTED	18	50	46	38	0	8	41	0	0	1	0	0	0	0	passage_status/DSS-Leviticus-Passage-Status.txt	318095	746	958368bb053d4487a041b55a407fb35205d9a40a157574bc53135566f051ae07	L1603404-R002,L1603405-R001
Lev	15	5	11Q1	1606832	PARTLY_RECONSTRUCTED	8	23	20	9	0	11	9	0	0	1	0	0	0	0	passage_status/DSS-Leviticus-Passage-Status.txt	318841	728	bd2d5e6b60eb13068e9d5906a6543713251213c1e4274c6dada313862b2f8e95	L1603405-R002
Lev	16	1	11Q1	1606832	PARTLY_RECONSTRUCTED	19	55	50	35	0	15	40	0	1	2	0	0	0	0	passage_status/DSS-Leviticus-Passage-Status.txt	319569	747	79b8b56b58fe28cf02df251c127730b7719b6f4003e713a0ae91c637e5a09a38	L1603406-R001,L1603407-R001
Lev	16	2	11Q1	1606832	PARTLY_RECONSTRUCTED	41	99	96	63	0	33	65	0	0	1	0	0	0	0	passage_status/DSS-Leviticus-Passage-Status.txt	320316	763	790fb6bb628930f3fd7d0f044b6b1c8701d92a902534b691a6c47f4a69c1f696	L1603407-R002,L1603408-R001,L1603409-R001
Lev	16	3	11Q1	1606832	PARTLY_RECONSTRUCTED	18	41	39	21	0	18	23	0	0	1	0	0	0	0	passage_status/DSS-Leviticus-Passage-Status.txt	321079	747	be5f34c9e3b933f35a3be6756cb35c41e0ee863907904f49d724500a3cd9ef25	L1603409-R002,L1603410-R001
Lev	16	4	11Q1	1606832	PARTLY_RECONSTRUCTED	33	89	84	41	2	41	45	2	0	1	0	0	0	0	passage_status/DSS-Leviticus-Passage-Status.txt	321826	768	f81b2bb41bdab59504b5d6c27d4fe97ee56838291c9600eab7dfdf5f3b4f683f	L1603410-R002,L1603411-R001,L1603412-R001
Lev	16	5	11Q1	1606832	PARTLY_RECONSTRUCTED	18	47	45	28	0	17	30	0	0	1	0	0	0	0	passage_status/DSS-Leviticus-Passage-Status.txt	322594	747	c21363400cc9523076973183cd7be1d403e22b8f85d229e5a5e743865d994d43	L1603412-R002,L1603413-R001
Lev	16	6	11Q1	1606832	PARTLY_RECONSTRUCTED	16	46	40	21	0	19	24	0	0	2	0	0	0	0	passage_status/DSS-Leviticus-Passage-Status.txt	323341	731	65d8cb374a8478dc35b698e1818d6d9ee2fd2025cb197c408eff231ea448eb98	L1603413-R002
Lev	16	34	11Q1	1606832	PARTLY_RECONSTRUCTED	29	74	68	53	2	13	59	2	1	2	0	0	0	0	passage_status/DSS-Leviticus-Passage-Status.txt	324072	760	54f368c136d8fbba6e9bfbcbab9856b8f08cbc4a9333bfcc4ce08e7cd3ee0991	L1603414-R001,L1603415-R001
Lev	17	1	11Q1	1606832	PARTLY_RECONSTRUCTED	8	20	18	6	0	12	8	0	0	1	0	0	0	0	passage_status/DSS-Leviticus-Passage-Status.txt	324832	728	030b7b3661eca9df8053d6d59133aa6fc03d42bda520f69b42b7cececdb90dda	L1603417-R001
Lev	17	2	11Q1	1606832	PARTLY_RECONSTRUCTED	21	54	51	11	2	38	11	2	0	1	0	0	0	0	passage_status/DSS-Leviticus-Passage-Status.txt	325560	758	9df959535f11978167642cec3f2b19361558255f68d6fa2870dac6167d533c04	L1603417-R002,L1603418-R001
Lev	17	3	11Q1	1606832	PARTLY_RECONSTRUCTED	24	61	58	9	1	48	10	1	0	2	0	0	0	0	passage_status/DSS-Leviticus-Passage-Status.txt	326318	767	796466d67455495d77885f7785b8dccf96d9184fecd775f9a733fd89817b859b	L1603418-R002,L1603419-R001,L1603420-R001
Lev	17	4	11Q1	1606832	PARTLY_RECONSTRUCTED	34	90	86	21	1	64	22	1	0	1	0	0	0	0	passage_status/DSS-Leviticus-Passage-Status.txt	327085	768	301188416e8055b4be945682e453376e209cfe1677b661bd47ecef5a16309ba5	L1603420-R002,L1603421-R001,L1603422-R001
Lev	17	5	11Q1	1606832	PARTLY_RECONSTRUCTED	30	90	86	28	3	55	28	3	0	1	0	0	0	0	passage_status/DSS-Leviticus-Passage-Status.txt	327853	752	42b38cd01787014a597c96eeb3766e1f24570f6a8d0459cbc8f74901d363e9d7	L1603422-R002,L1603423-R001
Lev	18	27	11Q1	1606832	PARTLY_RECONSTRUCTED	31	82	73	28	5	28	34	5	1	3	0	0	0	32	passage_status/DSS-Leviticus-Passage-Status.txt	328605	771	c7f0b268ca17afd5fd21c89cda13909b7457dcfd7a59786020708ebbfb701f0f	L1603424-R001,L1603425-R001,L1603426-R001
Lev	18	28	11Q1	1606832	PARTLY_RECONSTRUCTED	19	52	46	7	1	38	7	1	0	1	0	0	0	0	passage_status/DSS-Leviticus-Passage-Status.txt	329376	752	2145da7b91ef557bd600e83269cee09ef20eecf914ce11a5f232bf7782af8399	L1603426-R002,L1603427-R001
Lev	18	29	11Q1	1606832	PARTLY_RECONSTRUCTED	21	51	48	8	0	40	8	0	0	1	0	0	0	0	passage_status/DSS-Leviticus-Passage-Status.txt	330128	747	345ee684d5643c8e26251c9d48f7276ccc00fe696fb7d8361427abcfc4ff7386	L1603427-R002,L1603428-R001
Lev	18	30	11Q1	1606832	PARTLY_RECONSTRUCTED	25	79	73	18	3	52	19	3	0	1	0	0	0	0	passage_status/DSS-Leviticus-Passage-Status.txt	330875	776	49b45039385a2e3c0ac2106d8c712695ead1947fef2dcbd95096f96447d8f467	L1603428-R002,L1603429-R001,L1603430-R001
Lev	19	1	11Q1	1606832	PARTLY_RECONSTRUCTED	8	20	18	4	1	13	4	1	0	1	0	0	0	0	passage_status/DSS-Leviticus-Passage-Status.txt	331651	733	3599bea5462246a5fcd8de99243a6a5b1adf679ac2bc0c4cc9dbcac5b8e06bd8	L1603431-R001
Lev	19	2	11Q1	1606832	PARTLY_RECONSTRUCTED	16	57	53	17	0	36	18	0	0	1	0	0	0	0	passage_status/DSS-Leviticus-Passage-Status.txt	332384	747	efe91f2b6ad78a183fbe293b00df2034faf57d387cd970d66126c2b2aa7c4b0d	L1603431-R002,L1603432-R001
Lev	19	3	11Q1	1606832	PARTLY_RECONSTRUCTED	13	49	43	15	1	27	16	1	0	1	0	0	0	0	passage_status/DSS-Leviticus-Passage-Status.txt	333131	752	ee51687a8c0d33eaae5aea9b6f04bc14fb0099efb1ba5af4f425575348607a59	L1603432-R002,L1603433-R001
Lev	19	4	11Q1	1606832	NO_LETTER_RECONSTRUCTION_MARKED	3	8	6	0	0	6	0	0	0	1	0	0	0	0	passage_status/DSS-Leviticus-Passage-Status.txt	333883	736	2390d43d7fe91298cac09c8c7f17b683ddec933491a0cc4473316788937f2dfe	L1603433-R002
Lev	20	1	11Q1	1606832	PARTLY_RECONSTRUCTED	8	21	19	4	0	14	4	0	0	1	0	1	0	0	passage_status/DSS-Leviticus-Passage-Status.txt	334619	733	ba6a810e5ca972019a3b3a2a275194ce9f82ad6b9ebae2d72fdefc2c689418bc	L1603434-R001
Lev	20	2	11Q1	1606832	PARTLY_RECONSTRUCTED	34	87	83	19	4	60	20	4	0	1	0	0	0	0	passage_status/DSS-Leviticus-Passage-Status.txt	335352	774	6ae559c7ad716b060d7b32c7e01fe2091795d5303df71ded13237fbe68aac9a7	L1603434-R002,L1603435-R001,L1603436-R001
Lev	20	3	11Q1	1606832	PARTLY_RECONSTRUCTED	33	84	76	13	0	63	17	0	0	1	0	0	0	0	passage_status/DSS-Leviticus-Passage-Status.txt	336126	763	5cc48fccab81591ba4070fd3bad32eec84cbff980fc308a3905000f536edf58b	L1603436-R002,L1603437-R001,L1603438-R001
Lev	20	4	11Q1	1606832	PARTLY_RECONSTRUCTED	25	67	61	13	1	47	17	1	0	1	0	0	0	0	passage_status/DSS-Leviticus-Passage-Status.txt	336889	752	3ba87a44d0fc3754e7d93cf16922486e67cb5366a567808394f3664a7557ffe0	L1603438-R002,L1603439-R001
Lev	20	5	11Q1	1606832	PARTLY_RECONSTRUCTED	33	82	75	25	3	46	25	3	0	1	0	0	1	0	passage_status/DSS-Leviticus-Passage-Status.txt	337641	779	f09f1349149d9f4df23044ab4a10d20ea370c21d19153e7c8a00ed91f617120d	L1603439-R002,L1603440-R001,L1603441-R001
Lev	20	6	11Q1	1606832	PARTLY_RECONSTRUCTED	13	31	29	9	0	20	9	0	0	1	0	0	0	0	passage_status/DSS-Leviticus-Passage-Status.txt	338420	729	df78d20d5ca267a85de56cbe179277fa5806785f20794878b21547adfb3c5e5d	L1603441-R002
Lev	21	6	11Q1	1606832	PARTLY_RECONSTRUCTED	21	71	64	30	5	29	35	5	0	3	0	0	0	0	passage_status/DSS-Leviticus-Passage-Status.txt	339149	758	a39dc707eee43c8cbeacec4a88d73bfd1a420fcad380642c67af81467bccfe0a	L1603442-R001,L1603443-R001
Lev	21	7	11Q1	1606832	PARTLY_RECONSTRUCTED	20	57	53	1	1	51	1	1	0	1	0	0	0	0	passage_status/DSS-Leviticus-Passage-Status.txt	339907	750	02c11f8b19f0dbb95a3dd4e2a392e3c912799abe28ef6fdf7982b9cc36d9b0ee	L1603443-R002,L1603444-R001
Lev	21	8	11Q1	1606832	NO_LETTER_RECONSTRUCTION_MARKED	17	56	50	0	2	48	0	2	0	1	0	0	0	0	passage_status/DSS-Leviticus-Passage-Status.txt	340657	777	339e371a952c7a548dbc574398be5781b4885fa807c1db3f838856a3de11f4e5	L1603444-R002,L1603445-R001,L1603446-R001
Lev	21	9	11Q1	1606832	NO_LETTER_RECONSTRUCTION_MARKED	17	43	40	0	4	36	0	4	0	1	0	0	0	0	passage_status/DSS-Leviticus-Passage-Status.txt	341434	761	04f53f7f4b67df1a1aa971d6586c36d4967fe1862f529dca780d284a2ece261c	L1603446-R002,L1603447-R001
Lev	21	10	11Q1	1606832	PARTLY_RECONSTRUCTED	33	88	80	16	2	62	18	2	0	2	0	0	0	0	passage_status/DSS-Leviticus-Passage-Status.txt	342195	760	c075c0220a4ab3b93f2205937996ac0839298e92c7003b290d12269f3ba0272c	L1603448-R001,L1603449-R001
Lev	21	11	11Q1	1606832	PARTLY_RECONSTRUCTED	15	37	33	11	0	22	12	0	0	1	0	0	0	0	passage_status/DSS-Leviticus-Passage-Status.txt	342955	749	64b315b910b99a02c09f842f381e81ffa90391d372e8aaddab043c6f7bd3aeb7	L1603449-R002,L1603450-R001
Lev	21	12	11Q1	1606832	NO_LETTER_RECONSTRUCTION_MARKED	6	12	10	0	0	10	0	0	0	1	0	0	0	0	passage_status/DSS-Leviticus-Passage-Status.txt	343704	741	4802abbdb305d5877ef5c809b4f6e50449bbe670ff051c888c26f3d4a895fec2	L1603450-R002
Lev	22	20	11Q1	1606832	PARTLY_RECONSTRUCTED	3	8	3	1	0	2	5	0	1	2	0	0	0	0	passage_status/DSS-Leviticus-Passage-Status.txt	344445	727	a866f78588d8aef64cfcfc82388422fa81999e4bbd7926aa4ce8f11cca44f77f	L1603451-R001
Lev	22	21	11Q1	1606832	PARTLY_RECONSTRUCTED	32	79	75	31	7	37	32	7	0	2	0	0	0	0	passage_status/DSS-Leviticus-Passage-Status.txt	345172	776	7e5e5bc441c3f87d20ecf1395b3c58146285fb16435d5f1c6797bb4eedc233f7	L1603451-R002,L1603452-R001,L1603453-R001
Lev	22	22	11Q1	1606832	NO_LETTER_RECONSTRUCTION_MARKED	27	75	72	0	3	69	0	3	0	1	0	0	0	0	passage_status/DSS-Leviticus-Passage-Status.txt	345948	763	7e3d9e2439418f98258af3f189838521ea983162e02d717d726f518952827335	L1603453-R002,L1603454-R001
Lev	22	23	11Q1	1606832	NO_LETTER_RECONSTRUCTION_MARKED	17	41	38	0	1	37	0	1	0	1	0	0	0	0	passage_status/DSS-Leviticus-Passage-Status.txt	346711	763	aac4664c3636f17f442b565c7c084f08794bc01295883fe41c43ca8170a4225b	L1603454-R002,L1603455-R001
Lev	22	24	11Q1	1606832	NO_LETTER_RECONSTRUCTION_MARKED	19	52	49	0	3	46	0	3	0	1	0	0	0	0	passage_status/DSS-Leviticus-Passage-Status.txt	347474	769	c9ae1d18c8ab8562bf450062627b4ad2dee78c75cee60bbafda938a6bb8d47cd	L1603455-R002,L1603456-R001
Lev	22	25	11Q1	1606832	PARTLY_RECONSTRUCTED	23	63	58	3	1	54	6	1	0	1	0	0	0	0	passage_status/DSS-Leviticus-Passage-Status.txt	348243	768	7e49f2a0fd5bc4c91c4a0c7d79bd964c20a06adb7af645c0798b959620406048	L1603456-R002,L1603457-R001,L1603458-R001
Lev	22	26	11Q1	1606832	PARTLY_RECONSTRUCTED	8	20	18	6	0	12	6	0	0	1	0	0	0	0	passage_status/DSS-Leviticus-Passage-Status.txt	349011	746	20e7d3a44dde16d0507f2af14263b57acf72bb63384f3b7d4f19b3f3ace7e884	L1603458-R002,L1603459-R001
Lev	22	27	11Q1	1606832	PARTLY_RECONSTRUCTED	11	28	26	6	0	20	6	0	0	1	0	0	0	0	passage_status/DSS-Leviticus-Passage-Status.txt	349757	731	7098e531dc4ad01d455243e5b11573c4d8a8fb1b8781f7b32216adfec105d8cf	L1603459-R002
Lev	23	22	11Q1	1606832	PARTLY_RECONSTRUCTED	18	55	48	32	12	4	34	12	0	2	0	0	0	0	passage_status/DSS-Leviticus-Passage-Status.txt	350488	761	43ab28a5d0fbb45901f1db311aec08ec0acfa7e146db6ecfeb5f07cbd1baabe7	L1603460-R001,L1603461-R001
Lev	23	23	11Q1	1606832	NO_LETTER_RECONSTRUCTION_MARKED	8	20	18	0	1	17	0	1	0	1	0	0	0	0	passage_status/DSS-Leviticus-Passage-Status.txt	351249	762	b9afed0793fe7afb489c5218f34c2d2e58cdb1824dadca37cab673d87ae5ab73	L1603461-R002,L1603462-R001
Lev	23	24	11Q1	1606832	NO_LETTER_RECONSTRUCTION_MARKED	23	66	63	0	1	62	0	1	0	1	0	0	0	0	passage_status/DSS-Leviticus-Passage-Status.txt	352011	763	20e68681ce16ed391318cb06ce2c15d34de5df6e58efaf001a739de68a595148	L1603462-R002,L1603463-R001
Lev	23	25	11Q1	1606832	NO_LETTER_RECONSTRUCTION_MARKED	12	34	32	0	1	31	0	1	0	1	0	0	0	0	passage_status/DSS-Leviticus-Passage-Status.txt	352774	763	c0403354e60cffe07b45e74b6727e175231de712e5bb458b7eb0c7fe407454a1	L1603463-R002,L1603464-R001
Lev	23	26	11Q1	1606832	NO_LETTER_RECONSTRUCTION_MARKED	8	20	18	0	1	17	0	1	0	1	0	0	0	0	passage_status/DSS-Leviticus-Passage-Status.txt	353537	746	95a559d0d967879f9fec8b93a243add6ed4b847b35d8f05a42f9da6d8c964713	L1603465-R001
Lev	23	27	11Q1	1606832	NO_LETTER_RECONSTRUCTION_MARKED	28	81	75	0	10	65	2	10	0	3	0	0	0	0	passage_status/DSS-Leviticus-Passage-Status.txt	354283	787	74155165ccc82b6f702b92f90739a6aeb6ccd2fc672cb4b0360298c53a7002dc	L1603465-R002,L1603466-R001,L1603467-R001
Lev	23	28	11Q1	1606832	PARTLY_RECONSTRUCTED	24	66	61	7	9	45	8	9	0	2	0	0	0	0	passage_status/DSS-Leviticus-Passage-Status.txt	355070	758	6078c84d296f56e9e000504d465fef89f8549a62905ace9b14d4a90cf62cce61	L1603467-R002,L1603468-R001
Lev	23	29	11Q1	1606832	NO_LETTER_RECONSTRUCTION_MARKED	6	13	11	0	1	10	0	1	0	1	0	0	0	0	passage_status/DSS-Leviticus-Passage-Status.txt	355828	746	b00e989abdf6312bc86797f1136be6f20bfebbd6c8cc4466719166d254424b9f	L1603468-R002
Lev	24	8	11Q1	1606832	PARTLY_RECONSTRUCTED	5	18	16	13	0	3	15	0	0	1	0	0	0	0	passage_status/DSS-Leviticus-Passage-Status.txt	356574	729	08bef6770cebb4eec0c633998d983e5b1ca3e8b9d93c65ee3c026dccb6ca9f49	L1603469-R001
Lev	24	9	11Q1	1606832	PARTLY_RECONSTRUCTED	25	65	60	12	8	40	13	8	0	1	0	0	0	0	passage_status/DSS-Leviticus-Passage-Status.txt	357303	774	3863331eb8c7f61bcb49ed3392e253d91e28c4fd36fc6be5c4d438c6bebb9c75	L1603469-R002,L1603470-R001,L1603471-R001
Lev	24	10	11Q1	1606832	NO_LETTER_RECONSTRUCTION_MARKED	28	75	73	0	1	72	0	1	0	1	0	0	0	0	passage_status/DSS-Leviticus-Passage-Status.txt	358077	779	801f970d3943ec09a2379d9ba5b32eea309c6aaf5416af4b58b2b51ddba9f186	L1603471-R002,L1603472-R001,L1603473-R001
Lev	24	11	11Q1	1606832	NO_LETTER_RECONSTRUCTION_MARKED	29	69	65	0	0	65	0	0	0	1	0	0	0	0	passage_status/DSS-Leviticus-Passage-Status.txt	358856	774	3fbe212877ce3c43a3cb0d85ec93ad4970da9657d6783f8d48ea1dda897bf9da	L1603473-R002,L1603474-R001,L1603475-R001
Lev	24	12	11Q1	1606832	NO_LETTER_RECONSTRUCTION_MARKED	13	33	29	0	1	28	0	1	0	1	0	0	0	0	passage_status/DSS-Leviticus-Passage-Status.txt	359630	763	5c6574ce1ebc1812ca9277f25ebf7e6c82ffa41a248710156dd316a1f523a10b	L1603475-R002,L1603476-R001
Lev	24	13	11Q1	1606832	NO_LETTER_RECONSTRUCTION_MARKED	8	20	18	0	2	16	0	2	0	1	0	0	0	0	passage_status/DSS-Leviticus-Passage-Status.txt	360393	762	91140a50ba87f1e1b95bdd25644e128c5ea815edcfa996ff06f11bde4b898c4f	L1603476-R002,L1603477-R001
Lev	24	14	11Q1	1606832	NO_LETTER_RECONSTRUCTION_MARKED	8	20	18	0	2	16	0	2	0	1	0	0	0	0	passage_status/DSS-Leviticus-Passage-Status.txt	361155	746	9fd5508b1e5cd05c05723cd6e6ba924c44ff06f6f0552a999725d2fa3dabde48	L1603477-R002
Lev	25	28	11Q1	1606832	PARTLY_RECONSTRUCTED	20	51	46	20	7	19	25	7	0	1	0	0	0	0	passage_status/DSS-Leviticus-Passage-Status.txt	361901	744	05b9ecd524c035d3faf8d661ff1ffd9578fbc2d03266b9f3c16d6e24a1d44f3f	L1603478-R001
Lev	25	29	11Q1	1606832	NO_LETTER_RECONSTRUCTION_MARKED	19	64	59	0	0	59	0	0	0	1	0	0	0	0	passage_status/DSS-Leviticus-Passage-Status.txt	362645	758	b2f45428d1e7703631735522b290c39769e2b592c67c758f4c0a17cd68ba8348	L1603479-R001,L1603480-R001
Lev	25	30	11Q1	1606832	NO_LETTER_RECONSTRUCTION_MARKED	31	82	76	0	0	76	0	0	0	1	0	0	0	0	passage_status/DSS-Leviticus-Passage-Status.txt	363403	758	0670055940dbeb1920fb1beb940276d998a725f169f0863e34b4aa74aafc11d8	L1603480-R002,L1603481-R001
Lev	25	31	11Q1	1606832	NO_LETTER_RECONSTRUCTION_MARKED	22	66	59	0	0	59	0	0	0	1	0	0	0	0	passage_status/DSS-Leviticus-Passage-Status.txt	364161	758	71f063864ee573699e52a68131b0cbe34d25c3a13489a2e6cb9ab6f111a6dc14	L1603481-R002,L1603482-R001
Lev	25	32	11Q1	1606832	NO_LETTER_RECONSTRUCTION_MARKED	13	39	36	0	0	36	0	0	0	1	0	0	0	0	passage_status/DSS-Leviticus-Passage-Status.txt	364919	758	9d086fb16ded009bae2f193b68df8b825828391afe7e58ce2ac5f7f288bcdc82	L1603482-R002,L1603483-R001
Lev	25	33	11Q1	1606832	NO_LETTER_RECONSTRUCTION_MARKED	28	77	73	0	0	72	0	0	0	1	0	1	0	0	passage_status/DSS-Leviticus-Passage-Status.txt	365677	763	82f84645ac30c5a10cb45d4756e25935c045e1bf0b7b8d0a970de89449d4bb1b	L1603483-R002,L1603484-R001
Lev	25	34	11Q1	1606832	NO_LETTER_RECONSTRUCTION_MARKED	13	39	34	0	0	34	0	0	0	1	0	0	0	0	passage_status/DSS-Leviticus-Passage-Status.txt	366440	758	67a91d69918095e1cad10fff996208abb7fafd6f5a7d62bba8c0775bba28485c	L1603484-R002,L1603485-R001
Lev	25	35	11Q1	1606832	NO_LETTER_RECONSTRUCTION_MARKED	19	49	42	0	2	40	0	2	0	1	0	0	0	0	passage_status/DSS-Leviticus-Passage-Status.txt	367198	763	daa66ccab2178c23dda0c0228630209e78d05fbb176323a9251b0a51b927e722	L1603485-R002,L1603486-R001
Lev	25	36	11Q1	1606832	NO_LETTER_RECONSTRUCTION_MARKED	16	44	38	0	1	37	0	1	0	1	0	0	0	0	passage_status/DSS-Leviticus-Passage-Status.txt	367961	747	21b473d1549742bfa19aa2b31aab5f5c2676105af70722b15c4427a1a6c717ad	L1603486-R002
Lev	26	17	11Q1	1606832	PARTLY_RECONSTRUCTED	4	13	10	3	1	6	6	1	0	1	0	0	0	0	passage_status/DSS-Leviticus-Passage-Status.txt	368708	734	01a81bc1bb16ef2e765088529b66f401101ee6362b9b812290ea1c2a60b9a4ff	L1603487-R001
Lev	26	18	11Q1	1606832	PARTLY_RECONSTRUCTED	16	50	43	19	5	19	22	5	0	2	0	0	0	0	passage_status/DSS-Leviticus-Passage-Status.txt	369442	754	9b3c16e744632418df3f9501f4bb22d622178898a8db9d3b452494e0e34201b0	L1603487-R002,L1603488-R001
Lev	26	19	11Q1	1606832	NO_LETTER_RECONSTRUCTION_MARKED	17	51	43	0	0	43	0	0	0	1	0	0	0	0	passage_status/DSS-Leviticus-Passage-Status.txt	370196	758	410d96b306775f33c46845851f60214e8153d93aafb77dfd919a8fa975e8c9c8	L1603488-R002,L1603489-R001
Lev	26	20	11Q1	1606832	NO_LETTER_RECONSTRUCTION_MARKED	19	51	45	0	0	45	0	0	0	1	0	0	0	0	passage_status/DSS-Leviticus-Passage-Status.txt	370954	758	e8b93de8df2d6dfed054377df1936b62445cbc7a212a02e71e74e217c48ed464	L1603489-R002,L1603490-R001
Lev	26	21	11Q1	1606832	NO_LETTER_RECONSTRUCTION_MARKED	20	55	49	0	0	49	0	0	0	1	0	0	0	0	passage_status/DSS-Leviticus-Passage-Status.txt	371712	758	5e8d378c7b2cdeea7ce0418d0086e747c22a67415d5dbff7c9160b6b5e7d36eb	L1603490-R002,L1603491-R001
Lev	26	22	11Q1	1606832	NO_LETTER_RECONSTRUCTION_MARKED	22	71	64	0	0	64	0	0	0	1	0	0	0	0	passage_status/DSS-Leviticus-Passage-Status.txt	372470	758	41c806073f7367630c51007137a03947f8fc1f53d5c8b29e931d4b4ac2bed4fa	L1603491-R002,L1603492-R001
Lev	26	23	11Q1	1606832	NO_LETTER_RECONSTRUCTION_MARKED	13	32	28	0	0	28	0	0	0	1	0	0	0	0	passage_status/DSS-Leviticus-Passage-Status.txt	373228	758	88ea00152c60359ed129b54f2613ae0412889e14a2aed799aa27d76b8b0f8808	L1603492-R002,L1603493-R001
Lev	26	24	11Q1	1606832	PARTLY_RECONSTRUCTED	15	49	44	1	1	42	1	1	0	1	0	0	0	0	passage_status/DSS-Leviticus-Passage-Status.txt	373986	752	12f7355bdb4d65e13d527dadf75a7cf456e1db745614f013465831e86579c9a3	L1603493-R002,L1603494-R001
Lev	26	25	11Q1	1606832	PARTLY_RECONSTRUCTED	23	71	66	1	4	61	1	4	0	1	0	0	0	0	passage_status/DSS-Leviticus-Passage-Status.txt	374738	758	683c29cf96bd7d8e6053754db279f0d92381084cf2bbee5716aeb2146016eb87	L1603494-R002,L1603495-R001
Lev	26	26	11Q1	1606832	NO_LETTER_RECONSTRUCTION_MARKED	5	15	11	0	0	11	0	0	0	1	0	0	0	0	passage_status/DSS-Leviticus-Passage-Status.txt	375496	741	b43af23e6f15ef89077810de1318ea7b6770f555bf5717ecc18116b2607626c3	L1603495-R002
Lev	27	11	11Q1	1606832	PARTLY_RECONSTRUCTED	11	28	24	2	4	18	4	4	0	3	0	0	0	0	passage_status/DSS-Leviticus-Passage-Status.txt	376237	742	fba0264c34e470f62654a1b5ba77fe27cb6a9d923ec6f2990e23b72ccb7c1d84	L1603496-R001
Lev	27	12	11Q1	1606832	PARTLY_RECONSTRUCTED	17	48	40	2	6	32	6	6	0	5	0	0	0	0	passage_status/DSS-Leviticus-Passage-Status.txt	376979	758	d68e056ee400579571889926db8011a878e0cc5809066c62a728c2e3f9026df2	L1603496-R002,L1603497-R001
Lev	27	13	11Q1	1606832	NO_LETTER_RECONSTRUCTION_MARKED	10	34	29	0	0	29	0	0	0	1	0	0	0	0	passage_status/DSS-Leviticus-Passage-Status.txt	377737	742	04918dbd211c8c649e052c54115321fcbdeac6ef570dd3343cf9effb1ef2807c	L1603497-R002
Lev	27	14	11Q1	1606832	NO_LETTER_RECONSTRUCTION_MARKED	28	75	70	0	0	70	0	0	0	1	0	0	0	0	passage_status/DSS-Leviticus-Passage-Status.txt	378479	774	efdcc26b505aa91a19a93bd3fbcf6ffea915e1a6b30e14c79cda374939347792	L1603497-R003,L1603498-R001,L1603499-R001
Lev	27	15	11Q1	1606832	PARTLY_RECONSTRUCTED	17	51	45	1	0	44	1	0	0	1	0	0	0	0	passage_status/DSS-Leviticus-Passage-Status.txt	379253	747	175a0855df18bfb97322d56845400a71b244627bc74b5a1e457ffedfb078a86e	L1603499-R002,L1603500-R001
Lev	27	16	11Q1	1606832	NO_LETTER_RECONSTRUCTION_MARKED	23	68	63	0	0	63	0	0	0	1	0	0	0	0	passage_status/DSS-Leviticus-Passage-Status.txt	380000	758	3b1e727a11daac88ad3aa16d3cda469edbd6e7de697b6a17f432cf4018104bd9	L1603500-R002,L1603501-R001
Lev	27	17	11Q1	1606832	NO_LETTER_RECONSTRUCTION_MARKED	11	33	29	0	0	29	0	0	0	1	0	0	0	0	passage_status/DSS-Leviticus-Passage-Status.txt	380758	758	b9c0bb9bae8db543d939738f2afcc44692550a3712d505763f3b46f18da963d7	L1603501-R002,L1603502-R001
Lev	27	18	11Q1	1606832	NO_LETTER_RECONSTRUCTION_MARKED	32	76	71	0	1	70	0	1	0	1	0	0	0	0	passage_status/DSS-Leviticus-Passage-Status.txt	381516	779	27d144b28359a626af2012083e9ead48823c379c5a2180440e2451c0feddb893	L1603502-R002,L1603503-R001,L1603504-R001
Lev	27	19	11Q1	1606832	NO_LETTER_RECONSTRUCTION_MARKED	16	45	40	0	3	37	1	3	0	2	0	0	1	0	passage_status/DSS-Leviticus-Passage-Status.txt	382295	758	631e24e50edea05d998cb3f87940e30c33928681e5bc92ab32164cb73a6a9cfa	L1603504-R002
Lev	7	34	11Q2	1606833	PARTLY_RECONSTRUCTED	18	44	40	37	1	2	41	1	0	1	0	0	0	0	passage_status/DSS-Leviticus-Passage-Status.txt	383053	751	adda92f8521a1f7ecb57f9ab176a95ab82108e0f7e4629a9e9d4c65046fdb2a1	L1603534-R001,L1603535-R001
Lev	7	35	11Q2	1606833	PARTLY_RECONSTRUCTED	9	28	25	22	0	3	23	0	0	1	0	0	0	0	passage_status/DSS-Leviticus-Passage-Status.txt	383804	729	935817db8cb463bf2b3015ca3e6d0ff3ebf8c01148aa044c3b6a5d76da65a081	L1603535-R002
Lev	8	8	11Q2	1606833	PARTLY_RECONSTRUCTED	19	43	40	37	1	2	38	1	0	1	0	0	0	0	passage_status/DSS-Leviticus-Passage-Status.txt	384533	733	e3c255c79eb83a87feeb98c30e22596c02264d31c0f385d1592fdcad35b27c80	L1603536-R001
Lev	9	23	11Q2	1606833	PARTLY_RECONSTRUCTED	18	43	39	32	2	5	36	2	1	2	0	0	0	0	passage_status/DSS-Leviticus-Passage-Status.txt	385266	773	162e4774809205fbe493e3b4fa88784dd43b58ef2f43b22c9c9562b55e3a9682	L1603537-R001,L1603537-R002,L1603538-R001
Lev	9	24	11Q2	1606833	PARTLY_RECONSTRUCTED	33	78	75	43	1	31	43	1	0	1	0	0	0	0	passage_status/DSS-Leviticus-Passage-Status.txt	386039	800	e3f986c03c882180def7d372a69da9ed2d8037431e6e7c094d68568633cf17ec	L1603538-R002,L1603538-R003,L1603538-R004,L1603539-R001,L1603540-R001
Lev	10	1	11Q2	1606833	PARTLY_RECONSTRUCTED	31	102	96	58	6	32	59	6	0	1	0	0	0	0	passage_status/DSS-Leviticus-Passage-Status.txt	386839	861	122c2aa628f952d328d680911ce220aa90b35305805a0fef05cdb56db58d25c5	L1603540-R002,L1603541-R001,L1603542-R001,L1603542-R002,L1603542-R003,L1603543-R001,L1603543-R002,L1603543-R003
Lev	10	2	11Q2	1606833	PARTLY_RECONSTRUCTED	16	42	39	34	0	5	37	0	0	1	0	0	0	0	passage_status/DSS-Leviticus-Passage-Status.txt	387700	794	b4efa6c535d597e0671669de850e47dca05b05c033bd48fd9baa5d970e83e253	L1603543-R004,L1603543-R005,L1603544-R001,L1603544-R002,L1603544-R003
Lev	13	57	11Q2	1606833	NO_LETTER_SLOTS	5	10	0	0	0	0	5	2	2	5	0	0	0	0	passage_status/DSS-Leviticus-Passage-Status.txt	388494	723	d945ac4576bba423cfcaf34360f7723c89fc42442e89ab1345bc722dccc405d1	L1603545-R001
Lev	13	58	11Q2	1606833	PARTLY_RECONSTRUCTED	27	61	58	40	2	15	43	2	0	1	0	1	0	0	passage_status/DSS-Leviticus-Passage-Status.txt	389217	765	7d5320c294001a64bc31ad3d5d716038df7d14c58fbc5b2cd77ad000621cd97e	L1603546-R001,L1603547-R001
Lev	13	59	11Q2	1606833	PARTLY_RECONSTRUCTED	25	72	62	36	3	23	43	3	2	4	0	0	0	0	passage_status/DSS-Leviticus-Passage-Status.txt	389982	798	93101ef980e244b630fdccb1c7f9c4eb2d2fde9a6a0ef1c21acc9e9bd6d14685	L1603547-R002,L1603548-R001,L1603549-R001,L1603550-R001
Lev	14	16	11Q2	1606833	PARTLY_RECONSTRUCTED	8	25	22	17	1	4	19	1	0	1	0	0	0	0	passage_status/DSS-Leviticus-Passage-Status.txt	390780	768	ede34bfa5a6cd20542307d3aec1c7475e322002e56a6f451e9316b19c56debf1	L1603551-R001,L1603551-R002,L1603551-R003
Lev	14	17	11Q2	1606833	PARTLY_RECONSTRUCTED	19	47	44	43	1	0	44	1	0	1	0	0	0	0	passage_status/DSS-Leviticus-Passage-Status.txt	391548	753	56b26176cab27eb41c48aef627576e00c708a2a931e04833bd5f12238226c210	L1603551-R004,L1603552-R001
Lev	15	18	11Q2	1606833	PARTLY_RECONSTRUCTED	14	36	33	31	1	1	34	1	0	1	0	0	0	0	passage_status/DSS-Leviticus-Passage-Status.txt	392301	737	9880e15781c30b1286a3a1438e87ede3ea684e117330fd68c24cb409cd7b3e67	L1603553-R001
Lev	15	19	11Q2	1606833	PARTLY_RECONSTRUCTED	11	32	28	16	2	10	18	2	0	1	0	0	0	0	passage_status/DSS-Leviticus-Passage-Status.txt	393038	744	37b36799642015b08e694f5722e7559acd0e0d478c62e5bd46257692ab3c816b	L1603554-R001
Lev	25	31	11Q2	1606833	PARTLY_RECONSTRUCTED	9	24	19	12	4	3	16	4	1	2	0	0	0	0	passage_status/DSS-Leviticus-Passage-Status.txt	393782	748	750cdbb11f3ce0a230471ff6fbc5b49c0b8d9925f09d851c5687d36a3dd7d6bc	L1603555-R001
Lev	25	32	11Q2	1606833	PARTLY_RECONSTRUCTED	13	44	41	30	1	10	33	1	0	1	0	0	0	0	passage_status/DSS-Leviticus-Passage-Status.txt	394530	754	041abee1745eb859ba3d43a4b5b84b90fa1708fa61c9b8db41b904f2640013a0	L1603555-R002,L1603556-R001
Lev	25	33	11Q2	1606833	PARTLY_RECONSTRUCTED	26	83	78	66	2	10	70	2	0	1	0	0	0	0	passage_status/DSS-Leviticus-Passage-Status.txt	395284	770	9f88681202a59591dc8016bd4cc4f5a72cb885967cfb938dc4c453a434155cb4	L1603556-R002,L1603557-R001,L1603558-R001
Lev	4	3	Mas1a	1606859	PARTLY_RECONSTRUCTED	26	68	63	57	0	6	60	0	1	2	0	0	0	0	passage_status/DSS-Leviticus-Passage-Status.txt	396054	746	fa5e6a80b2497df02284856a522ad234d6e721f4fc99ffb32bea7851d7b7fd03	L1605463-R001,L1605464-R001
Lev	4	4	Mas1a	1606859	PARTLY_RECONSTRUCTED	29	67	64	26	6	32	27	6	0	1	0	0	0	0	passage_status/DSS-Leviticus-Passage-Status.txt	396800	758	1acca7b3cc28e5f4594051fd9d7b189d4bf199d6f76158fa456eb7e2f5b2b7ba	L1605464-R002,L1605465-R001
Lev	4	5	Mas1a	1606859	PARTLY_RECONSTRUCTED	17	39	36	23	0	13	24	0	0	1	0	0	0	0	passage_status/DSS-Leviticus-Passage-Status.txt	397558	747	7540a4a6abd4d86228a3db84801b9e05ee8a02c2145a337b07da22e2d1f2152a	L1605465-R002,L1605466-R001
Lev	4	6	Mas1a	1606859	PARTLY_RECONSTRUCTED	24	59	56	20	5	31	20	5	0	1	0	0	0	0	passage_status/DSS-Leviticus-Passage-Status.txt	398305	758	eef650b948bb2e702d5494637ae4eb3ad6cbecd584d3de1790b2576764aa6780	L1605466-R002,L1605467-R001
Lev	4	7	Mas1a	1606859	PARTLY_RECONSTRUCTED	37	96	94	30	3	61	32	3	0	1	0	0	0	0	passage_status/DSS-Leviticus-Passage-Status.txt	399063	774	a3feb5110c764b510c88fe7073c5e36b5eea0c0af0c6750583f3a091476472f9	L1605467-R002,L1605468-R001,L1605469-R001
Lev	4	8	Mas1a	1606859	PARTLY_RECONSTRUCTED	27	61	58	30	2	26	32	2	0	1	0	0	0	0	passage_status/DSS-Leviticus-Passage-Status.txt	399837	752	7c1f9abb3782c61da1dc6c02d278c86d1d5169b17680d92a430897a190bbece7	L1605469-R002,L1605470-R001
Lev	4	9	Mas1a	1606859	PARTLY_RECONSTRUCTED	21	50	47	23	1	23	23	1	0	1	0	0	0	0	passage_status/DSS-Leviticus-Passage-Status.txt	400589	736	781df9cf604e7253165506e0cf41c70e5894d9babf5b3dacbe9a53d530ffe1f8	L1605470-R002
Lev	8	31	Mas1b	1606860	PARTLY_RECONSTRUCTED	28	77	72	64	2	6	66	2	0	1	0	0	0	0	passage_status/DSS-Leviticus-Passage-Status.txt	401325	753	2c08e33871211b38dc31db9d73c1ba4523a8e0f901091c6c44363f2b6ec9df0d	L1605471-R001,L1605472-R001
Lev	8	32	Mas1b	1606860	ALL_LETTER_SLOTS_RECONSTRUCTED	12	25	23	23	0	0	25	0	0	1	0	0	0	0	passage_status/DSS-Leviticus-Passage-Status.txt	402078	742	ff49e95612f62003239a31843eb10edd31b7aee55902f72ff5a8b7e9262b73cf	L1605473-R001
Lev	8	33	Mas1b	1606860	PARTLY_RECONSTRUCTED	21	68	64	62	1	1	66	1	0	1	0	0	0	0	passage_status/DSS-Leviticus-Passage-Status.txt	402820	769	395f3e00dfa4e22995942bba7c599d73114d482d49d6032335a77d01b605b703	L1605473-R002,L1605474-R001,L1605475-R001
Lev	8	34	Mas1b	1606860	PARTLY_RECONSTRUCTED	16	39	34	33	1	0	38	1	1	2	0	0	0	0	passage_status/DSS-Leviticus-Passage-Status.txt	403589	753	1fedbd0788bedf14d3ebc3d52035907b7e4656c38ce910d6dab8c677788dfdef	L1605475-R002,L1605476-R001
Lev	9	1	Mas1b	1606860	PARTLY_RECONSTRUCTED	18	45	42	37	3	2	38	3	0	1	0	0	0	0	passage_status/DSS-Leviticus-Passage-Status.txt	404342	757	8efe9ccf0f506728530faa6f5c0d17eecbf86331b92e625d7b6ef0759d8b7315	L1605477-R001,L1605478-R001
Lev	9	2	Mas1b	1606860	PARTLY_RECONSTRUCTED	22	57	54	36	5	13	39	5	0	1	0	0	0	0	passage_status/DSS-Leviticus-Passage-Status.txt	405099	764	89ff532608e87a20e5b5fc1b5556b10097a68ba57c877ebf9f6a607f178ece55	L1605478-R002,L1605479-R001
Lev	9	3	Mas1b	1606860	PARTLY_RECONSTRUCTED	22	60	58	33	9	16	33	9	0	1	0	0	0	0	passage_status/DSS-Leviticus-Passage-Status.txt	405863	774	df3667b85669703e4171431419f568c6d7f03f5b1f8643847e917419ad047d9b	L1605479-R002,L1605480-R001,L1605481-R001
Lev	9	4	Mas1b	1606860	PARTLY_RECONSTRUCTED	23	62	59	30	7	22	33	7	0	1	0	0	0	0	passage_status/DSS-Leviticus-Passage-Status.txt	406637	780	655012566e915385f01aa4325a7b5b0a2d6bb040b17add3a85238b67c0acb66c	L1605481-R002,L1605482-R001,L1605483-R001
Lev	9	5	Mas1b	1606860	PARTLY_RECONSTRUCTED	21	56	54	42	4	8	44	4	0	1	0	0	0	0	passage_status/DSS-Leviticus-Passage-Status.txt	407417	763	6b8a1c81e37b827894ce74c62347ebb0a9b142a3cb40f967d3fa755db6e880b3	L1605483-R002,L1605484-R001
Lev	9	6	Mas1b	1606860	PARTLY_RECONSTRUCTED	16	48	45	40	0	5	43	0	0	1	0	0	0	0	passage_status/DSS-Leviticus-Passage-Status.txt	408180	746	451b8371beae40be323edff2c3748fd1afe2e2b14c5a2ee46bda0827f6e94741	L1605484-R002,L1605485-R001
Lev	9	7	Mas1b	1606860	PARTLY_RECONSTRUCTED	37	95	89	67	8	14	69	8	0	1	0	0	0	0	passage_status/DSS-Leviticus-Passage-Status.txt	408926	790	4be75ebb14c160619fc3987b06d56c146746b30d00071e5bbf2d6b218ab2f885	L1605485-R002,L1605486-R001,L1605487-R001,L1605488-R001
Lev	9	8	Mas1b	1606860	PARTLY_RECONSTRUCTED	15	39	36	8	5	23	8	5	0	1	0	0	0	0	passage_status/DSS-Leviticus-Passage-Status.txt	409716	762	e434aaa3daf39eaa91f0f4794c374e40f2684f9f7547b3e87db1bf54472024e6	L1605488-R002,L1605489-R001
Lev	9	9	Mas1b	1606860	PARTLY_RECONSTRUCTED	29	75	71	48	3	20	50	3	0	1	0	0	0	0	passage_status/DSS-Leviticus-Passage-Status.txt	410478	758	c56a298885687e07bbde62d7bf68848c5cfa308a231575e5366f6b13e2082ad7	L1605489-R002,L1605490-R001
Lev	9	10	Mas1b	1606860	PARTLY_RECONSTRUCTED	28	66	63	56	1	6	59	1	0	1	0	0	0	0	passage_status/DSS-Leviticus-Passage-Status.txt	411236	753	75b6748ee58ec6f871b7d26a705d8f7bd31f056a1b4f69a2ec9b8fe49b5bf5b5	L1605491-R001,L1605492-R001
Lev	9	11	Mas1b	1606860	NO_LETTER_SLOTS	3	6	0	0	0	0	6	0	2	3	0	0	0	0	passage_status/DSS-Leviticus-Passage-Status.txt	411989	738	7762d3ec6a6b176f1fc2fbdf422abbe037e2affd3f1ae59af543f98424d39bd6	L1605492-R002,L1605493-R001
Lev	9	12	Mas1b	1606860	PARTLY_RECONSTRUCTED	20	55	51	46	4	1	50	4	0	1	0	0	0	0	passage_status/DSS-Leviticus-Passage-Status.txt	412727	765	137e26cbb40ed25eeab12546a81b168f5e712ce92bdc339837be09b8e6d34558	L1605493-R002,L1605494-R001
Lev	9	13	Mas1b	1606860	PARTLY_RECONSTRUCTED	18	46	42	35	1	6	38	1	0	1	0	0	0	0	passage_status/DSS-Leviticus-Passage-Status.txt	413492	753	2ed83ab11fabfaa8fc2dfe8f45320be89f3d823f5edad3727ee6eab3deeb869a	L1605494-R002,L1605495-R001
Lev	9	14	Mas1b	1606860	ALL_LETTER_SLOTS_RECONSTRUCTED	17	40	37	37	0	0	40	0	0	1	0	0	0	0	passage_status/DSS-Leviticus-Passage-Status.txt	414245	758	461eefe87326cbf1b34eccd4b652947b7768bb7b7eb9c428395a9f5c1abeca38	L1605495-R002,L1605496-R001
Lev	9	15	Mas1b	1606860	ALL_LETTER_SLOTS_RECONSTRUCTED	23	61	55	55	0	0	61	0	1	2	0	0	0	0	passage_status/DSS-Leviticus-Passage-Status.txt	415003	774	7597efab08fc37b82f3a8066b5d9c10076779dcf12670d98d2300538925e64e5	L1605496-R002,L1605497-R001,L1605498-R001
Lev	9	22	Mas1b	1606860	PARTLY_RECONSTRUCTED	24	55	49	45	2	2	51	2	1	2	0	0	0	0	passage_status/DSS-Leviticus-Passage-Status.txt	415777	753	766691547bd0647f8511ff625cafbab932ce720bf00fc4e6b60f19df517f24a5	L1605499-R001,L1605500-R001
Lev	9	23	Mas1b	1606860	PARTLY_RECONSTRUCTED	24	58	56	43	1	12	43	1	0	1	0	0	0	0	passage_status/DSS-Leviticus-Passage-Status.txt	416530	770	10a9068d471aecaf0f59854f04946a2314d881022e532f4df53b4bc3d989b593	L1605500-R002,L1605501-R001,L1605502-R001
Lev	9	24	Mas1b	1606860	PARTLY_RECONSTRUCTED	31	71	68	55	3	10	58	3	0	1	0	0	0	0	passage_status/DSS-Leviticus-Passage-Status.txt	417300	754	faae78a22df586d2c20e8252693c9188b68917569cc1f047cc30a4d396eb2f13	L1605502-R002,L1605503-R001
Lev	10	1	Mas1b	1606860	PARTLY_RECONSTRUCTED	30	92	84	82	2	0	90	2	1	2	0	0	0	0	passage_status/DSS-Leviticus-Passage-Status.txt	418054	775	f98e0c072ac8b5d284fee49ae7b1378c59d8e75dc9968899f5d31388986ee271	L1605504-R001,L1605505-R001,L1605506-R001
Lev	10	8	Mas1b	1606860	ALL_LETTER_SLOTS_RECONSTRUCTED	8	21	19	19	0	0	19	0	0	1	0	0	0	0	passage_status/DSS-Leviticus-Passage-Status.txt	418829	741	46e8a04d8a5bbabf8ab236a0363939873bb1d0cedb9626bd3f1454619af4bdfb	L1605507-R001
Lev	10	9	Mas1b	1606860	PARTLY_RECONSTRUCTED	22	64	58	20	6	32	22	6	0	1	0	0	0	0	passage_status/DSS-Leviticus-Passage-Status.txt	419570	766	bc6aac4c56921edd86110357fa35bdd859b0ef5899b0eb73257b16b3d7a2e6d6	L1605507-R002,L1605508-R001
Lev	10	10	Mas1b	1606860	PARTLY_RECONSTRUCTED	19	40	38	14	3	21	14	3	0	1	0	0	0	0	passage_status/DSS-Leviticus-Passage-Status.txt	420336	746	d65975000b4981690dd2852e3a7f9c6bd887670bde81ffa7ca15a9f8c34ef94c	L1605509-R001
Lev	10	11	Mas1b	1606860	PARTLY_RECONSTRUCTED	18	49	46	25	6	15	26	6	0	1	0	0	0	0	passage_status/DSS-Leviticus-Passage-Status.txt	421082	762	bc409d8ef2ea5ea4771ec6db478502f0b488296e6042d2525236133866cdd99a	L1605510-R001,L1605511-R001
Lev	10	12	Mas1b	1606860	PARTLY_RECONSTRUCTED	34	100	96	75	3	18	77	3	0	1	0	0	0	0	passage_status/DSS-Leviticus-Passage-Status.txt	421844	773	e2e7d02e0235011270ebc92d7e1adc6f50954b75bf8a04d2c859ba3ca4744988	L1605512-R001,L1605513-R001,L1605514-R001
Lev	10	13	Mas1b	1606860	PARTLY_RECONSTRUCTED	19	55	50	37	3	10	41	3	0	1	0	0	0	0	passage_status/DSS-Leviticus-Passage-Status.txt	422617	762	bac5227978439c29ae96c90473eec57cd4a0230d87b048a87d6515fab458fceb	L1605514-R002,L1605515-R001
Lev	10	14	Mas1b	1606860	PARTLY_RECONSTRUCTED	32	95	88	84	0	4	91	0	0	1	0	0	0	0	passage_status/DSS-Leviticus-Passage-Status.txt	423379	782	769bbbdb8c83cda48596b07aea09ef9b0276ecd1073f7249c04a206bdc19642d	L1605515-R002,L1605516-R001,L1605517-R001,L1605518-R001
Lev	10	15	Mas1b	1606860	PARTLY_RECONSTRUCTED	33	91	86	60	11	15	63	11	0	1	0	0	0	0	passage_status/DSS-Leviticus-Passage-Status.txt	424161	780	2f25e707e1be1c20657f886ddf6d1afd4e115ec5254387eec5bafe826485fba7	L1605518-R002,L1605519-R001,L1605520-R001
Lev	10	16	Mas1b	1606860	PARTLY_RECONSTRUCTED	25	68	66	31	5	30	31	5	0	1	0	0	0	0	passage_status/DSS-Leviticus-Passage-Status.txt	424941	790	e74e6b802e75f845244349b50bb5d24c0070d1a0ba1b5413ad7f0381a0bd45d6	L1605520-R002,L1605521-R001,L1605522-R001
Lev	10	17	Mas1b	1606860	PARTLY_RECONSTRUCTED	31	85	80	22	8	47	22	8	0	1	0	3	0	0	passage_status/DSS-Leviticus-Passage-Status.txt	425731	783	4920e2c449b8a3e80f11ddc187fe163e2a9a5937747c63f2cb6ce5b3fb7d755e	L1605522-R002,L1605523-R001,L1605524-R001
Lev	10	18	Mas1b	1606860	PARTLY_RECONSTRUCTED	18	53	49	34	4	11	35	4	0	1	0	0	0	0	passage_status/DSS-Leviticus-Passage-Status.txt	426514	768	08b5a69f59a96f96382ca3a291ea4e2607e7dcfa5f843e092a2f9463ffa0e3d8	L1605524-R002,L1605525-R001
Lev	10	19	Mas1b	1606860	PARTLY_RECONSTRUCTED	33	95	90	64	6	20	67	6	0	1	0	0	0	0	passage_status/DSS-Leviticus-Passage-Status.txt	427282	784	2225592a8f1a45793d1b3644e28b9f0a098dd3126f39cd3a50bc958b3be7161d	L1605525-R002,L1605526-R001,L1605527-R001
Lev	10	20	Mas1b	1606860	PARTLY_RECONSTRUCTED	8	22	19	17	1	1	20	1	0	1	0	0	0	0	passage_status/DSS-Leviticus-Passage-Status.txt	428066	754	9527e481a8362d3bfb261533c659e0e82a22f06e9e4e5334a886aea0945d9bf8	L1605527-R002,L1605528-R001
Lev	11	1	Mas1b	1606860	PARTLY_RECONSTRUCTED	12	32	29	26	3	0	29	3	0	1	0	0	0	0	passage_status/DSS-Leviticus-Passage-Status.txt	428820	743	21456ccbe0a770bbd4a772d9e0f61e47704510b3a2a5033930a5a30cd619f10b	L1605529-R001
Lev	11	2	Mas1b	1606860	PARTLY_RECONSTRUCTED	20	52	50	38	5	7	40	5	0	1	0	0	0	0	passage_status/DSS-Leviticus-Passage-Status.txt	429563	775	85245b39a136ab6b98c88105195f29fa94f81a64a6ffc9c57f12d550b7665e79	L1605529-R002,L1605530-R001,L1605531-R001
Lev	11	3	Mas1b	1606860	PARTLY_RECONSTRUCTED	14	46	43	26	4	13	27	4	0	1	0	0	0	0	passage_status/DSS-Leviticus-Passage-Status.txt	430338	760	248da37b3bd6e38464dd983fc9f336504ada612952c7be97ec47c397801420e3	L1605531-R002,L1605532-R001
Lev	11	4	Mas1b	1606860	PARTLY_RECONSTRUCTED	29	81	77	52	6	19	55	6	0	1	0	0	0	0	passage_status/DSS-Leviticus-Passage-Status.txt	431098	776	553258de12515a272fe21ad39999249c39dbc76295e888f332ab9655e48ef413	L1605532-R002,L1605533-R001,L1605534-R001
Lev	11	5	Mas1b	1606860	PARTLY_RECONSTRUCTED	16	43	40	32	2	6	35	2	0	1	0	0	0	0	passage_status/DSS-Leviticus-Passage-Status.txt	431874	753	387a3d50f15fa97b2e2da06b156bf380454660d5e9796f559d0bfb6920c3858d	L1605534-R002,L1605535-R001
Lev	11	6	Mas1b	1606860	PARTLY_RECONSTRUCTED	16	47	44	34	2	8	37	2	0	1	0	0	0	0	passage_status/DSS-Leviticus-Passage-Status.txt	432627	759	1a07ec9f5be4b38c1163c3efa493e5cb9504f9990c7b9d13c7cf4aff49564baa	L1605535-R002,L1605536-R001
Lev	11	7	Mas1b	1606860	PARTLY_RECONSTRUCTED	21	57	54	26	3	25	26	3	0	1	0	0	0	0	passage_status/DSS-Leviticus-Passage-Status.txt	433386	760	e29fc52772c1d88aaee4132c188048159de8543daa9410a355d19163bbdb8f46	L1605537-R001,L1605538-R001
Lev	11	8	Mas1b	1606860	PARTLY_RECONSTRUCTED	13	40	35	24	3	8	26	3	0	1	0	0	0	0	passage_status/DSS-Leviticus-Passage-Status.txt	434146	759	7c60a7f6ebc451f2eff625f105270275bd0adca5d9f0ced952a830d5a0dba1e5	L1605538-R002,L1605539-R001
Lev	11	9	Mas1b	1606860	PARTLY_RECONSTRUCTED	24	65	61	45	5	11	46	5	0	1	0	0	0	0	passage_status/DSS-Leviticus-Passage-Status.txt	434905	770	0172ce202cba35393608e4e3b61241d6568c6dae262becb5873c4b2f6e257372	L1605539-R002,L1605540-R001,L1605541-R001
Lev	11	10	Mas1b	1606860	PARTLY_RECONSTRUCTED	31	74	70	61	1	8	62	1	0	1	0	0	0	0	passage_status/DSS-Leviticus-Passage-Status.txt	435675	771	61aaa97b819be247b7e290a7168d3b84f497a097f32d56d6bcdadb67eff0d417	L1605541-R002,L1605542-R001,L1605543-R001
Lev	11	11	Mas1b	1606860	PARTLY_RECONSTRUCTED	13	41	36	22	1	13	26	1	0	1	0	0	0	0	passage_status/DSS-Leviticus-Passage-Status.txt	436446	740	be3c57a8eeffbbd7123041dd75ea6017a4bf2c15417176cf28763f9ace6e74f8	L1605543-R002
Lev	11	12	Mas1b	1606860	PARTLY_RECONSTRUCTED	13	38	34	10	1	23	13	1	0	1	0	0	0	0	passage_status/DSS-Leviticus-Passage-Status.txt	437186	740	9c9b9218f3a6ea69de9c9d64c3c0c61944cb37af26499c7e5f6ad14480cacb36	L1605544-R001
Lev	11	13	Mas1b	1606860	PARTLY_RECONSTRUCTED	23	53	51	35	8	8	37	8	0	1	0	0	0	0	passage_status/DSS-Leviticus-Passage-Status.txt	437926	767	221dff6d1b4cf86f6f160d5b5fd1512b86bfcb702fe7e33867e78c9ab0e69aeb	L1605545-R001,L1605546-R001
Lev	11	14	Mas1b	1606860	ALL_LETTER_SLOTS_RECONSTRUCTED	11	22	19	19	0	0	22	0	0	1	0	0	0	0	passage_status/DSS-Leviticus-Passage-Status.txt	438693	744	25494c2fbc1309e697e755f23a80d50bb7b40501455ee0c65f9cc29eff08714f	L1605546-R002
Lev	11	15	Mas1b	1606860	PARTLY_RECONSTRUCTED	6	15	12	2	2	8	2	2	0	1	0	0	0	0	passage_status/DSS-Leviticus-Passage-Status.txt	439437	736	42fbc1f38aa1ead554233792a04478dd0cd9edfde13c488c38eeb015b08bb287	L1605547-R001
Lev	11	16	Mas1b	1606860	PARTLY_RECONSTRUCTED	20	40	37	33	0	4	34	0	0	1	0	0	0	0	passage_status/DSS-Leviticus-Passage-Status.txt	440173	750	cd74b6350a74c5740cc95da24f3a9185aeca6fdb28ebfb24213a5da99cbc0d4c	L1605547-R002,L1605548-R001
Lev	11	17	Mas1b	1606860	PARTLY_RECONSTRUCTED	13	25	23	17	2	4	19	2	0	1	0	0	0	0	passage_status/DSS-Leviticus-Passage-Status.txt	440923	745	648ecbac14ac3e432802e4f7f6ef9568940d4e301e96557ef71df6c6e13d37ca	L1605548-R002
Lev	11	18	Mas1b	1606860	PARTLY_RECONSTRUCTED	13	25	23	14	2	7	16	2	0	1	0	0	0	0	passage_status/DSS-Leviticus-Passage-Status.txt	441668	745	412cef807ea98c9eb1279baa14489cd95d2045d3517f38e00c6b21c78d462f13	L1605549-R001
Lev	11	19	Mas1b	1606860	PARTLY_RECONSTRUCTED	17	40	37	34	1	2	37	1	0	1	0	0	0	0	passage_status/DSS-Leviticus-Passage-Status.txt	442413	755	33f5995f5125ec779149c125a6052ac3c277ea2ca3ac84c3190732cd1fcc461b	L1605549-R002,L1605550-R001
Lev	11	20	Mas1b	1606860	PARTLY_RECONSTRUCTED	12	31	28	25	1	2	25	1	0	1	0	0	0	0	passage_status/DSS-Leviticus-Passage-Status.txt	443168	755	3447e485ca9890da5d166a47d8f7388f4e5d519a052fbe6e421bbd1f800449ba	L1605550-R002,L1605551-R001
Lev	11	21	Mas1b	1606860	PARTLY_RECONSTRUCTED	23	58	55	52	2	1	53	2	0	1	0	0	0	0	passage_status/DSS-Leviticus-Passage-Status.txt	443923	755	e91ad0a67cc40d1b46ce8e13d9e74210cd3e6573f3b735954be470c037f436c3	L1605551-R002,L1605552-R001
Lev	11	24	Mas1b	1606860	PARTLY_RECONSTRUCTED	11	30	27	18	2	7	21	2	0	1	0	0	0	0	passage_status/DSS-Leviticus-Passage-Status.txt	444678	745	cf4a687c67a065840aec3b6e1eed62058b6cd03c771a6dea1eb159abddda9bb5	L1605553-R001
Lev	11	25	Mas1b	1606860	PARTLY_RECONSTRUCTED	14	36	32	30	1	1	32	1	0	1	0	0	0	0	passage_status/DSS-Leviticus-Passage-Status.txt	445423	755	0a01a80acc6117c56a3400a10b13e804aa1c4b4d41e70a9411c31f9cab707903	L1605553-R002,L1605554-R001
Lev	11	26	Mas1b	1606860	PARTLY_RECONSTRUCTED	25	78	72	48	8	16	51	8	0	1	0	0	0	0	passage_status/DSS-Leviticus-Passage-Status.txt	446178	784	dc32c6adae04dacb008b2c12ec75d3a334e49a6d6d7c8afd4d144c09073bf066	L1605554-R002,L1605555-R001,L1605556-R001
Lev	11	27	Mas1b	1606860	PARTLY_RECONSTRUCTED	26	68	63	31	6	26	32	6	0	1	0	0	0	0	passage_status/DSS-Leviticus-Passage-Status.txt	446962	784	415ebcbca58cf8c5d995ecb150c83e543b2dec4997bdc9dfa3ce9284647daebd	L1605556-R002,L1605557-R001,L1605558-R001
Lev	11	28	Mas1b	1606860	PARTLY_RECONSTRUCTED	16	47	42	10	3	29	11	3	0	1	0	0	0	0	passage_status/DSS-Leviticus-Passage-Status.txt	447746	762	4a381a9fea642720f958b1b44dc49172c1d32dbc21a3c08c8ad035658eb41022	L1605558-R002,L1605559-R001
Lev	11	29	Mas1b	1606860	PARTLY_RECONSTRUCTED	23	48	44	8	7	29	8	7	0	1	0	0	0	0	passage_status/DSS-Leviticus-Passage-Status.txt	448508	760	583a2fbd73ed50d96b251d3806634d4bb1fa92d7922677cc632bd8bfc92577be	L1605559-R002,L1605560-R001
Lev	11	30	Mas1b	1606860	PARTLY_RECONSTRUCTED	16	30	28	5	3	20	5	3	0	1	0	0	0	0	passage_status/DSS-Leviticus-Passage-Status.txt	449268	754	c651561438d566c18ded31f4dd0e3111b2e9738c4722f66d325c4e3a035ece30	L1605560-R002,L1605561-R001
Lev	11	31	Mas1b	1606860	PARTLY_RECONSTRUCTED	19	47	42	8	5	29	9	5	0	1	0	0	0	0	passage_status/DSS-Leviticus-Passage-Status.txt	450022	760	2c8a14e3560c50889f82e103989d54c1981ed6e0d97eed3669740a8e68a0747a	L1605561-R002,L1605562-R001
Lev	11	32	Mas1b	1606860	PARTLY_RECONSTRUCTED	36	94	88	11	18	58	11	18	0	1	0	1	0	0	passage_status/DSS-Leviticus-Passage-Status.txt	450782	813	c9b7096f8c5fc2b46a735f8c2b67aeb3307e9d21d966862b50686cafb57fc331	L1605562-R002,L1605563-R001,L1605564-R001,L1605565-R001
Lev	11	33	Mas1b	1606860	PARTLY_RECONSTRUCTED	18	53	47	7	18	22	7	18	0	1	0	0	0	0	passage_status/DSS-Leviticus-Passage-Status.txt	451595	774	722469fc407ca04a7480f5ab3787a6bb8905c4dd99595d2bae4f9bcaa20b2342	L1605565-R002,L1605566-R001
Lev	11	34	Mas1b	1606860	PARTLY_RECONSTRUCTED	21	59	56	6	7	43	6	7	0	1	0	0	0	0	passage_status/DSS-Leviticus-Passage-Status.txt	452369	760	2d6812036511d47e8eed0bfdeaed16156360a94da7f0533b3c952c3c4a9082ce	L1605566-R002,L1605567-R001
Lev	11	35	Mas1b	1606860	PARTLY_RECONSTRUCTED	19	61	56	9	8	38	9	8	0	1	0	1	0	0	passage_status/DSS-Leviticus-Passage-Status.txt	453129	777	f24a005192d292a7e75845e8be8192a08dcd23f9504b97e883540af297dede73	L1605568-R001,L1605569-R001
Lev	11	36	Mas1b	1606860	PARTLY_RECONSTRUCTED	14	42	39	9	4	26	11	4	0	1	0	0	0	0	passage_status/DSS-Leviticus-Passage-Status.txt	453906	767	d1f046b25d5412687e28edbecd1e4425f986e85344a6e4fa50569b768055e848	L1605569-R002,L1605570-R001
Lev	11	37	Mas1b	1606860	PARTLY_RECONSTRUCTED	14	40	37	3	1	33	5	1	0	1	0	0	0	0	passage_status/DSS-Leviticus-Passage-Status.txt	454673	754	a1f1dea18cbabc0914a0c707d85b890a7a4e6231de9004d5a47bf06538e334fe	L1605570-R002,L1605571-R001
Lev	11	38	Mas1b	1606860	PARTLY_RECONSTRUCTED	15	42	37	7	1	29	10	1	0	1	0	0	0	0	passage_status/DSS-Leviticus-Passage-Status.txt	455427	755	8cd518f397d731d090951e3fb703559c66d0021efb424ac6c1f6e589cbebf71e	L1605571-R002,L1605572-R001
Lev	11	39	Mas1b	1606860	PARTLY_RECONSTRUCTED	20	52	48	9	1	38	10	1	0	1	0	0	0	0	passage_status/DSS-Leviticus-Passage-Status.txt	456182	755	3452bfca912cbb294e6a3cda73078ae1cc8a89197aec75c01ee22d1565fca29c	L1605572-R002,L1605573-R001
Lev	11	40	Mas1b	1606860	PARTLY_RECONSTRUCTED	23	63	57	10	2	45	10	2	0	1	0	0	0	0	passage_status/DSS-Leviticus-Passage-Status.txt	456937	756	cee92488d5c08ad5342c8752c3e0a64aebdc786a7b971141d3a8e0a692c97cd0	L1605573-R002,L1605574-R001
Lev	23	38	Arugleviticus	1606865	PARTLY_RECONSTRUCTED	17	44	40	21	1	18	22	1	0	1	0	0	0	0	passage_status/DSS-Leviticus-Passage-Status.txt	457693	772	f7b2535c079a39e78bc43b3cd6d5944271babdeae766bcf84742e17e0723e7ee	L1605811-R001,L1605812-R001
Lev	23	39	Arugleviticus	1606865	PARTLY_RECONSTRUCTED	22	64	61	53	4	4	54	4	0	1	0	0	0	0	passage_status/DSS-Leviticus-Passage-Status.txt	458465	793	8c7cdf8433aeb7fc8e1bf0815fcaaf1c06cd6376e5bffd7733f79cdae42732f6	L1605812-R002,L1605813-R001,L1605814-R001
Lev	23	40	Arugleviticus	1606865	PARTLY_RECONSTRUCTED	10	34	31	25	3	3	27	3	0	1	0	0	0	0	passage_status/DSS-Leviticus-Passage-Status.txt	459258	771	1d5db20590bcddc0ec451d66b637b69418599c07da5b8b11c49074fa927673ca	L1605815-R001,L1605816-R001
Lev	23	41	Arugleviticus	1606865	PARTLY_RECONSTRUCTED	21	63	58	43	3	12	47	3	0	1	0	0	0	0	passage_status/DSS-Leviticus-Passage-Status.txt	460029	788	6eb165fb0eeb253007a312b43d07954ee29f2c6c7880ea7e6c38bf52c7a1011d	L1605816-R002,L1605817-R001,L1605818-R001
Lev	23	42	Arugleviticus	1606865	PARTLY_RECONSTRUCTED	14	40	38	23	2	13	23	2	0	1	0	0	0	0	passage_status/DSS-Leviticus-Passage-Status.txt	460817	778	c8fc391b2f36874700edcc17a457e5574f70d959b0e7b01c01395a8eae9b2b73	L1605818-R002,L1605819-R001
Lev	23	43	Arugleviticus	1606865	PARTLY_RECONSTRUCTED	20	76	70	58	1	11	64	1	0	1	0	0	0	0	passage_status/DSS-Leviticus-Passage-Status.txt	461595	788	cb4b11e8ee69486098e3258ae18ecdd434cb4c030ed8966496c8f0b6128fe0db	L1605820-R001,L1605821-R001,L1605822-R001
Lev	23	44	Arugleviticus	1606865	PARTLY_RECONSTRUCTED	4	10	8	5	1	2	5	1	0	1	0	0	0	0	passage_status/DSS-Leviticus-Passage-Status.txt	462383	751	9914d347022bf36f78cdc08fbdad57ef804abae4fafec27e3c5f5eafef462898	L1605822-R002
Lev	24	16	Arugleviticus	1606865	PARTLY_RECONSTRUCTED	17	47	43	40	1	2	44	1	0	1	0	0	0	0	passage_status/DSS-Leviticus-Passage-Status.txt	463134	771	b53441f804409f3171b3fa7126037f427cbb0921ab9ba8ea7e91f894542d5194	L1605823-R001,L1605824-R001
Lev	24	17	Arugleviticus	1606865	PARTLY_RECONSTRUCTED	10	26	24	20	1	3	20	1	0	1	0	0	0	0	passage_status/DSS-Leviticus-Passage-Status.txt	463905	771	90aceca54b23a800d106d6c6256d6a36b44abec362e3f69878270a3550fceca0	L1605824-R002,L1605825-R001
Lev	24	18	Arugleviticus	1606865	PARTLY_RECONSTRUCTED	9	29	26	20	1	5	23	1	0	1	0	0	0	0	passage_status/DSS-Leviticus-Passage-Status.txt	464676	770	df99c5541edddae6ed7476621a9fccdf34bf731b4d690e6e8a1e7fe375a39dc5	L1605826-R001,L1605827-R001
