book	chapter	verse	scroll	scroll_node	letter_reconstruction	word_nodes	sign_slots	letter_slots	reconstructed_letter_slots	uncertain_letter_slots	unmarked_letter_slots	reconstructed_sign_slots	uncertain_sign_slots	missing_sign_slots	empty_sign_slots	vacat_sign_slots	corrected_sign_slots	removed_sign_slots	alternative_sign_slots	file	byte_offset	byte_length	sha256	record_ids
Num	23	5	2Q29	1605939	PARTLY_RECONSTRUCTED	12	31	29	24	5	0	24	5	0	1	0	0	0	0	passage_status/DSS-Numbers-Passage-Status.txt	684	741	b77b9183e22920e959278cb82ef35f3bb3fbd4587da5f34df6dc49522b38c852	L1556985-R001
Num	23	6	2Q29	1605939	PARTLY_RECONSTRUCTED	14	41	37	36	1	0	40	1	0	1	0	0	0	0	passage_status/DSS-Numbers-Passage-Status.txt	1425	751	d67c364c25c17fc7fdd51dd36164b001a9845c3d1245bcd4fd549a37a64aaa56	L1556985-R002,L1556986-R001
Num	23	7	2Q29	1605939	PARTLY_RECONSTRUCTED	23	77	68	59	2	7	67	2	0	1	0	0	0	0	passage_status/DSS-Numbers-Passage-Status.txt	2176	757	7a316074094f3fd14e8b5375151098b0132eea2ecd6d061f19b65949e8febdbb	L1556986-R002,L1556987-R001
Num	23	8	2Q29	1605939	ALL_LETTER_SLOTS_RECONSTRUCTED	12	35	32	32	0	0	35	0	0	1	0	0	0	0	passage_status/DSS-Numbers-Passage-Status.txt	2933	740	f44d019c671730f42f204d27e653406d245dd5828fa4faeed248ef3052ff0368	L1556987-R002
Num	1	48	1Q3	1606608	PARTLY_RECONSTRUCTED	9	22	18	17	0	1	21	0	1	2	0	0	0	0	passage_status/DSS-Numbers-Passage-Status.txt	3673	727	201b35d5e48521bb9b40f9a6c60e0a901e3b1f666a978eaeb68c3b039dff30e4	L1589707-R001
Num	1	49	1Q3	1606608	PARTLY_RECONSTRUCTED	16	43	40	35	0	5	38	0	0	1	0	0	0	0	passage_status/DSS-Numbers-Passage-Status.txt	4400	760	05fb222fe9d57092a444b7e2c29bd33d1268ea963d16a383a76804a548b48ce6	L1589707-R002,L1589708-R001,L1589709-R001
Num	1	50	1Q3	1606608	PARTLY_RECONSTRUCTED	13	30	28	25	1	2	25	1	0	1	0	0	0	0	passage_status/DSS-Numbers-Passage-Status.txt	5160	733	9d3a4236683fba71b29704f0b5bd790007571d9e3e716e6c41110862ebb97c80	L1589709-R002
Num	36	7	1Q3	1606608	PARTLY_RECONSTRUCTED	22	65	60	52	1	7	56	1	1	2	0	0	0	0	passage_status/DSS-Numbers-Passage-Status.txt	5893	749	ac7844bf6e64a7b665a43610410466f4f12e270111c20224450e6c7f39ce9eb3	L1589710-R001,L1589711-R001
Num	36	8	1Q3	1606608	PARTLY_RECONSTRUCTED	17	50	47	46	0	1	47	0	0	1	0	0	0	0	passage_status/DSS-Numbers-Passage-Status.txt	6642	744	e3f9aa90cde8e760540e47cb63fabacebaac68366b326d15b06686a603fd3cee	L1589711-R002,L1589712-R001
Num	3	38	2Q6	1606627	PARTLY_RECONSTRUCTED	21	59	54	50	1	3	55	1	1	2	0	0	0	0	passage_status/DSS-Numbers-Passage-Status.txt	7386	765	6f60f8f096eed340701c26a0dd358a54a7a3cf9741d81569fa27e0782877aba5	L1592565-R001,L1592566-R001,L1592567-R001
Num	3	39	2Q6	1606627	PARTLY_RECONSTRUCTED	26	74	70	62	1	7	66	1	0	1	0	0	0	0	passage_status/DSS-Numbers-Passage-Status.txt	8151	781	014a575e5c4a2a229938442c51bfe4d82296662a216f98dc16d0c87d69f35009	L1592567-R002,L1592568-R001,L1592569-R001,L1592570-R001
Num	3	40	2Q6	1606627	PARTLY_RECONSTRUCTED	23	62	58	48	1	9	52	1	0	1	0	0	0	0	passage_status/DSS-Numbers-Passage-Status.txt	8932	765	9788675ff223e41e75ffe3876ef2b8affa6feef9551c4aeff83fb925338254dd	L1592571-R001,L1592572-R001,L1592573-R001
Num	3	41	2Q6	1606627	PARTLY_RECONSTRUCTED	25	67	64	59	0	5	60	0	0	1	0	0	0	0	passage_status/DSS-Numbers-Passage-Status.txt	9697	760	0bbcdafc318c31ba24ce785497edf682af2c6f27af8f3c45fe4486eaaad874f6	L1592573-R002,L1592574-R001,L1592575-R001
Num	3	51	2Q6	1606627	PARTLY_RECONSTRUCTED	23	57	52	43	0	9	47	0	1	2	0	0	0	0	passage_status/DSS-Numbers-Passage-Status.txt	10457	760	792c8b053431b8779a940458324f72ffc27b8c818053c5b1ed71afef4dad70df	L1592576-R001,L1592577-R001,L1592578-R001
Num	4	1	2Q6	1606627	PARTLY_RECONSTRUCTED	11	27	25	19	1	5	21	1	0	1	0	0	0	0	passage_status/DSS-Numbers-Passage-Status.txt	11217	731	b780ffe63b7a75044465c32bc9dc2dad3328db76946e989e2dfd4a7cab6159a3	L1592579-R001
Num	4	2	2Q6	1606627	PARTLY_RECONSTRUCTED	15	43	39	27	2	10	30	2	0	1	0	0	0	0	passage_status/DSS-Numbers-Passage-Status.txt	11948	748	99a2a9977d4cd3ac5ffb3b63f8ace180d9d398f8c2e20aa6b519dc9c714afe98	L1592580-R001,L1592581-R001
Num	4	3	2Q6	1606627	PARTLY_RECONSTRUCTED	22	58	55	47	0	8	47	0	0	1	0	0	0	0	passage_status/DSS-Numbers-Passage-Status.txt	12696	758	e27810d2cd8f2c5d3456956321f745cceec6956e4d54d9f2841687b5abdf8ae5	L1592581-R002,L1592582-R001,L1592583-R001
Num	33	47	2Q7	1606628	PARTLY_RECONSTRUCTED	11	31	29	24	0	5	26	0	0	1	0	0	0	0	passage_status/DSS-Numbers-Passage-Status.txt	13454	730	4a88c3a4e3e913f9e76bf1b03090f689ae0f3567ba09ec1f13e868ad970d5766	L1592584-R001
Num	33	48	2Q7	1606628	ALL_LETTER_SLOTS_RECONSTRUCTED	15	42	40	40	0	0	42	0	0	1	0	0	0	0	passage_status/DSS-Numbers-Passage-Status.txt	14184	756	77c643ef21f6f4ee1123f04be2e186891904c70ee0f526542e91e81bc8cfed5b	L1592584-R002,L1592585-R001
Num	33	49	2Q7	1606628	PARTLY_RECONSTRUCTED	17	44	42	32	0	10	34	0	0	1	0	0	0	0	passage_status/DSS-Numbers-Passage-Status.txt	14940	731	aeaefe81839c456a6463422f85ce9d2ad0e1b9d3257a800636121b9f62f24edf	L1592585-R002
Num	33	50	2Q7	1606628	ALL_LETTER_SLOTS_RECONSTRUCTED	14	42	40	40	0	0	42	0	0	1	0	0	0	0	passage_status/DSS-Numbers-Passage-Status.txt	15671	756	a2ec3f344fff54b940d292e4763c5e7267b6438540d86bd45f0c8c8cba34e114	L1592586-R001,L1592587-R001
Num	33	51	2Q7	1606628	PARTLY_RECONSTRUCTED	17	56	53	39	1	13	42	1	0	1	0	0	0	0	passage_status/DSS-Numbers-Passage-Status.txt	16427	736	db54430459b8adf3a2b693675161d994c60ebcc242b95c195587986d410b86e2	L1592587-R002
Num	33	52	2Q7	1606628	PARTLY_RECONSTRUCTED	25	92	86	62	1	23	67	1	0	1	0	0	0	0	passage_status/DSS-Numbers-Passage-Status.txt	17163	752	bc301d9c33a0d637f47c264d10495143ee4447f9c89db449c1c4ab7d64ea9e88	L1592588-R001,L1592589-R001
Num	33	53	2Q7	1606628	PARTLY_RECONSTRUCTED	18	52	47	46	0	1	49	0	0	1	0	0	0	0	passage_status/DSS-Numbers-Passage-Status.txt	17915	746	2efb91ecdfacead16ca155d6a78fa693dce347552cae3e589b7e61f3a2e3499c	L1592589-R002,L1592590-R001
Num	7	88	2Q8	1606629	PARTLY_RECONSTRUCTED	19	64	62	48	3	11	48	3	0	1	0	0	0	0	passage_status/DSS-Numbers-Passage-Status.txt	18661	756	58c275d99f7591c65726e7292b1e7be7bb20c8ddfd23d8abe54a5844a7530fb9	L1592591-R001,L1592592-R001
Num	18	8	2Q9	1606630	PARTLY_RECONSTRUCTED	29	94	87	80	1	6	87	1	0	1	0	0	0	0	passage_status/DSS-Numbers-Passage-Status.txt	19417	749	a09313f4dce8105c93701b70df73fd21d7c1d6b155c561dd8495e90c1952e82c	L1592593-R001,L1592594-R001
Num	18	9	2Q9	1606630	PARTLY_RECONSTRUCTED	8	23	20	19	0	1	19	0	0	1	0	0	0	0	passage_status/DSS-Numbers-Passage-Status.txt	20166	743	a4c79f1534d0867ead44b2438cf3cbbab1d5b8c36dc73d506c87d0e90c6d7599	L1592594-R002,L1592595-R001
Num	1	1	4Q23	1606668	PARTLY_RECONSTRUCTED	29	73	70	61	0	9	63	0	0	1	0	0	0	0	passage_status/DSS-Numbers-Passage-Status.txt	20909	744	8704222c81cecda9144a78fb82ef49114e5012cc3aef4e356d61c273821863f6	L1594818-R001,L1594819-R001
Num	1	2	4Q23	1606668	PARTLY_RECONSTRUCTED	20	62	57	47	0	10	52	0	0	1	0	0	0	0	passage_status/DSS-Numbers-Passage-Status.txt	21653	745	c19161283693bb66602efcdf136f75e06c4e95ed8e91564e1ca6a62c6bf5baf7	L1594819-R002,L1594820-R001
Num	1	3	4Q23	1606668	PARTLY_RECONSTRUCTED	19	57	52	45	0	7	49	0	0	1	0	0	0	0	passage_status/DSS-Numbers-Passage-Status.txt	22398	744	5f0101646d72e88f0b81507fd601d4e7bf37fb7e6cbf455737e2004b5587d8e7	L1594820-R002,L1594821-R001
Num	1	4	4Q23	1606668	PARTLY_RECONSTRUCTED	14	41	37	34	3	0	36	3	0	1	0	0	0	0	passage_status/DSS-Numbers-Passage-Status.txt	23142	761	a922e4bff8a58f4cd84b11726f5aeaa25b1d0aad1f5978ed432f779f45fd45da	L1594821-R002,L1594822-R001
Num	1	5	4Q23	1606668	PARTLY_RECONSTRUCTED	14	49	46	43	2	1	46	2	0	1	0	0	0	0	passage_status/DSS-Numbers-Passage-Status.txt	23903	739	8100ae90ba55f10791988959fe16ae7f6793ea7ccae0f58d5ccb5c521b174801	L1594822-R002
Num	1	21	4Q23	1606668	PARTLY_RECONSTRUCTED	13	41	36	31	0	5	36	0	1	2	0	0	0	0	passage_status/DSS-Numbers-Passage-Status.txt	24642	746	ec990b4fde4e339bdde219612847f2abffd0f0febccc9e62633cf9069a7f0121	L1594823-R001,L1594824-R001
Num	1	22	4Q23	1606668	PARTLY_RECONSTRUCTED	13	46	40	33	3	4	36	3	0	1	0	0	0	0	passage_status/DSS-Numbers-Passage-Status.txt	25388	741	9579d26a45ffab7d4d04cb9d0bac82fbf06e74e6a0506fb071061cfce3941018	L1594824-R002
Num	1	36	4Q23	1606668	NO_LETTER_RECONSTRUCTION_MARKED	3	8	6	0	1	5	0	1	0	1	0	0	0	0	passage_status/DSS-Numbers-Passage-Status.txt	26129	741	25e2fee4d7252900e990c363646d370a65cbc3c17263d643b595bd92e9de2972	L1594825-R001
Num	1	37	4Q23	1606668	PARTLY_RECONSTRUCTED	12	40	37	36	1	0	39	1	0	1	0	0	0	0	passage_status/DSS-Numbers-Passage-Status.txt	26870	735	dc3152b378a0c62f75257b5bb4406977b19b6f7bf7a20429aa37c0bb6c3247cc	L1594825-R002
Num	1	38	4Q23	1606668	PARTLY_RECONSTRUCTED	22	64	58	41	3	14	44	3	0	1	0	0	0	0	passage_status/DSS-Numbers-Passage-Status.txt	27605	758	842ab70011b99bf4d8829e8d7bc9e252f32d7ca3fee27f714c073454d507ba52	L1594826-R001,L1594827-R001
Num	1	39	4Q23	1606668	PARTLY_RECONSTRUCTED	12	35	32	25	4	3	27	4	0	1	0	0	0	0	passage_status/DSS-Numbers-Passage-Status.txt	28363	741	06723ab77b8d18416272f0ad4bfb7e2465595fe3d1ba569e1e0cb7560de6fc01	L1594827-R002
Num	1	40	4Q23	1606668	PARTLY_RECONSTRUCTED	20	60	54	48	3	3	52	3	0	1	0	0	0	0	passage_status/DSS-Numbers-Passage-Status.txt	29104	747	32c344c011fd13cd26a18457c8aa27cb118953294923c233b92867e1c0f8cede	L1594828-R001
Num	2	18	4Q23	1606668	PARTLY_RECONSTRUCTED	13	43	37	28	1	8	32	1	1	2	0	0	0	0	passage_status/DSS-Numbers-Passage-Status.txt	29851	735	95a7bc3e5cb919535b491ad87e83823124027e5f1d673ee6cd874b1b3547dba5	L1594829-R001
Num	2	19	4Q23	1606668	NO_LETTER_SLOTS	3	6	0	0	0	0	6	0	2	3	0	0	0	0	passage_status/DSS-Numbers-Passage-Status.txt	30586	736	c97d74a28e1067c2e354321b3ee9d36dd73ae9ee999f9530f7cb9db7ba0d62d6	L1594829-R002,L1594830-R001
Num	2	20	4Q23	1606668	PARTLY_RECONSTRUCTED	6	17	12	11	0	1	14	0	1	2	0	0	0	0	passage_status/DSS-Numbers-Passage-Status.txt	31322	729	3c6549870851ffb71dc0b759cf33537d9ca12e70f279ffc7083e971e2b08d93f	L1594830-R002
Num	2	31	4Q23	1606668	PARTLY_RECONSTRUCTED	7	24	21	10	3	8	13	3	0	1	0	0	0	0	passage_status/DSS-Numbers-Passage-Status.txt	32051	746	ed870aac00a920470e08c9f14126197344f2300b94d4c60c547c60bbfc86ca4f	L1594831-R001
Num	2	32	4Q23	1606668	PARTLY_RECONSTRUCTED	25	79	75	70	1	4	73	1	0	1	0	0	0	0	passage_status/DSS-Numbers-Passage-Status.txt	32797	751	38e813af9b14a2e85b42cc59f778d92e8439d4be2989b91d2a364ab6d135ae8b	L1594831-R002,L1594832-R001
Num	2	33	4Q23	1606668	NO_LETTER_SLOTS	4	8	0	0	0	0	6	0	3	4	0	0	0	0	passage_status/DSS-Numbers-Passage-Status.txt	33548	752	366a0bca78a2a1dbf34c3cfcef632cc47068db811ef0cae152979dc496f09583	L1594833-R001,L1594834-R001,L1594835-R001
Num	3	3	4Q23	1606668	PARTLY_RECONSTRUCTED	15	45	40	31	6	3	33	6	1	2	0	0	0	0	passage_status/DSS-Numbers-Passage-Status.txt	34300	751	756bac389712f2838d62892ed2d34432ffffa264692cf3464dba304ab52085da	L1594836-R001
Num	3	4	4Q23	1606668	PARTLY_RECONSTRUCTED	33	98	93	66	9	18	70	9	0	1	0	0	0	0	passage_status/DSS-Numbers-Passage-Status.txt	35051	762	de4495eebdb6caf41d86515308680a331a07259d376cca9a3a25edd8fb8d4542	L1594837-R001,L1594838-R001
Num	3	5	4Q23	1606668	PARTLY_RECONSTRUCTED	8	20	18	4	4	10	4	4	0	1	0	0	0	0	passage_status/DSS-Numbers-Passage-Status.txt	35813	737	5c11aef32c9a7cd5dea9416c2e98285754d03a25664d1fac9893b6a4f917a7d4	L1594839-R001
Num	3	6	4Q23	1606668	PARTLY_RECONSTRUCTED	16	45	41	24	2	15	25	2	0	1	0	0	0	0	passage_status/DSS-Numbers-Passage-Status.txt	36550	740	abd1ca51ccbfd2cb4fd91780c5c460ec00fc2f1bd4f6d1727a6ac8d2ef9a4905	L1594839-R002
Num	3	7	4Q23	1606668	PARTLY_RECONSTRUCTED	21	56	53	23	6	24	23	6	0	1	0	0	0	0	passage_status/DSS-Numbers-Passage-Status.txt	37290	752	c4e3df1f776d61b23ac9732da729eba7a5a084c5832f12b382a8b05815bd451a	L1594840-R001
Num	3	8	4Q23	1606668	PARTLY_RECONSTRUCTED	19	52	50	34	3	13	34	3	0	1	0	0	0	0	passage_status/DSS-Numbers-Passage-Status.txt	38042	756	d7360d10521987c48d95b29248c9538d93af6ccf5c55928d8accf8de9c995e91	L1594840-R002,L1594841-R001
Num	3	9	4Q23	1606668	PARTLY_RECONSTRUCTED	19	52	48	36	2	10	40	2	0	1	0	0	0	0	passage_status/DSS-Numbers-Passage-Status.txt	38798	756	edace61fddc3f4c39398a8d9fa59755466a5ef20733f07ad6417996b3e4a32fa	L1594841-R002,L1594842-R001
Num	3	10	4Q23	1606668	PARTLY_RECONSTRUCTED	18	46	42	18	13	11	21	13	0	1	0	0	0	0	passage_status/DSS-Numbers-Passage-Status.txt	39554	772	532f04fe0fbd67c37db4296f3a0e133d5b23827b5facd0f415eb36298a26a27b	L1594842-R002,L1594843-R001
Num	3	11	4Q23	1606668	PARTLY_RECONSTRUCTED	8	20	18	5	1	12	7	1	0	1	0	0	0	0	passage_status/DSS-Numbers-Passage-Status.txt	40326	733	66260bad5964e185c68c4a44c24bda850b6f2f81d33e0b2699c79e591c20db6d	L1594843-R002
Num	3	12	4Q23	1606668	PARTLY_RECONSTRUCTED	25	69	66	49	1	16	51	1	0	1	0	0	0	0	passage_status/DSS-Numbers-Passage-Status.txt	41059	752	3f1703f60bacaa8c28669ed392b05916db3e94ebe85ef3afe3e8bea6e652bebe	L1594843-R003,L1594844-R001
Num	3	13	4Q23	1606668	PARTLY_RECONSTRUCTED	27	82	76	60	1	15	66	1	0	1	0	0	0	0	passage_status/DSS-Numbers-Passage-Status.txt	41811	752	7769ca11798539a0f4e6156f0f0e9180d363a25cd9cd4e9cb0c5068b0621a082	L1594845-R001,L1594846-R001
Num	3	14	4Q23	1606668	PARTLY_RECONSTRUCTED	11	29	27	23	0	4	23	0	0	1	0	0	0	0	passage_status/DSS-Numbers-Passage-Status.txt	42563	730	5f6961cba7aa2195e5c5f1ee70a7208b9f3bb5846fa898848e08272b41208699	L1594846-R002
Num	3	15	4Q23	1606668	PARTLY_RECONSTRUCTED	18	54	48	41	1	6	47	1	0	1	0	0	0	0	passage_status/DSS-Numbers-Passage-Status.txt	43293	751	e6f59bd2a319e030e47019ba3c8589f45842bc2bb8384de8c2e0ad2d5ffdb421	L1594846-R003,L1594847-R001
Num	3	16	4Q23	1606668	PARTLY_RECONSTRUCTED	11	29	26	17	1	8	19	1	0	1	0	0	0	0	passage_status/DSS-Numbers-Passage-Status.txt	44044	751	35cb89353869a4e71b7a0bd6d6a4289ebf66447ffa157d5c96bb05af3d8047a9	L1594847-R002,L1594848-R001
Num	3	17	4Q23	1606668	ALL_LETTER_SLOTS_RECONSTRUCTED	13	36	33	33	0	0	36	0	0	1	0	0	0	0	passage_status/DSS-Numbers-Passage-Status.txt	44795	740	3f56d3f965c3222bb83ac977479f842d47378f918f7ac0200f8e9004779ca0b4	L1594848-R002
Num	3	18	4Q23	1606668	PARTLY_RECONSTRUCTED	11	35	32	25	0	7	28	0	0	1	0	0	0	0	passage_status/DSS-Numbers-Passage-Status.txt	45535	746	9f0dbbad4c1b8c4e436cf07d4b269f7f049e18b7dccf944f1b4f0e8e2e93aa2d	L1594848-R003,L1594849-R001
Num	3	19	4Q23	1606668	PARTLY_RECONSTRUCTED	13	39	34	33	0	1	38	0	1	2	0	0	0	0	passage_status/DSS-Numbers-Passage-Status.txt	46281	730	83501904bb20bbabf50e4a59fadf2cc82fb18d81be4914585f04275d38fc8fd4	L1594849-R002
Num	3	51	4Q23	1606668	PARTLY_RECONSTRUCTED	16	40	35	24	5	6	26	5	1	2	0	0	0	0	passage_status/DSS-Numbers-Passage-Status.txt	47011	757	5ca1b8022986b417429dc0645b759902bfa9f3e5404268986d11af0b82bc79c2	L1594850-R001,L1594851-R001
Num	4	1	4Q23	1606668	PARTLY_RECONSTRUCTED	11	27	25	6	7	12	6	7	0	1	0	0	0	0	passage_status/DSS-Numbers-Passage-Status.txt	47768	744	6eae4ac7f87480f6afc37ffb6fd2f1a364652f13243b137aef356be5511ac62f	L1594852-R001
Num	4	2	4Q23	1606668	NO_LETTER_RECONSTRUCTION_MARKED	15	43	39	0	3	36	0	3	0	1	0	0	0	0	passage_status/DSS-Numbers-Passage-Status.txt	48512	759	751898c76c44e865bd0de582c2972c390ef604ed299ed462085445672cccd63f	L1594852-R002,L1594853-R001
Num	4	3	4Q23	1606668	PARTLY_RECONSTRUCTED	22	58	55	9	16	30	9	16	0	1	0	0	0	0	passage_status/DSS-Numbers-Passage-Status.txt	49271	747	4e086354742127edf25c15a30983cd2bf4441b652bf4ecd3146a755ec8861ee4	L1594853-R002
Num	4	4	4Q23	1606668	PARTLY_RECONSTRUCTED	11	32	30	14	11	5	14	11	0	1	0	0	0	0	passage_status/DSS-Numbers-Passage-Status.txt	50018	747	d8f77df86e3fa4cb1f9819a1fd51f2a62af73bbbd8facf381bcf3fc3597c626d	L1594854-R001
Num	4	5	4Q23	1606668	PARTLY_RECONSTRUCTED	23	58	54	26	4	24	28	4	0	1	0	0	0	0	passage_status/DSS-Numbers-Passage-Status.txt	50765	762	c6bcbff202f3c1bd6e728951c65c38474081382756ce535fc7202ca36c31e246	L1594854-R002,L1594855-R001
Num	4	6	4Q23	1606668	PARTLY_RECONSTRUCTED	18	54	49	38	0	11	40	0	0	1	0	0	0	0	passage_status/DSS-Numbers-Passage-Status.txt	51527	745	2012d16545f71f751ee5e6092cf9ad105089838966843ac0b507e69b0fd165f0	L1594855-R002,L1594856-R001
Num	4	7	4Q23	1606668	PARTLY_RECONSTRUCTED	34	86	81	50	4	27	54	5	0	1	0	0	0	0	passage_status/DSS-Numbers-Passage-Status.txt	52272	756	a42789ac63edcf16528fbf1bd09be2812596166a70de810445fa2ebaa4fa5e93	L1594856-R002,L1594857-R001
Num	4	8	4Q23	1606668	PARTLY_RECONSTRUCTED	18	54	49	21	8	20	21	8	0	1	0	0	0	0	passage_status/DSS-Numbers-Passage-Status.txt	53028	768	28b846a7fa6f1277733b5b74035d38fb9e0330b8d6edbc6d055aaa70bdf0d533	L1594857-R002,L1594858-R001
Num	4	9	4Q23	1606668	PARTLY_RECONSTRUCTED	29	87	79	50	9	20	55	9	0	1	0	0	0	0	passage_status/DSS-Numbers-Passage-Status.txt	53796	762	5293fed8dc9db9e7277b6eedfd0d182957698ef77eb02de50946e00b4e27efcf	L1594858-R002,L1594859-R001
Num	4	10	4Q23	1606668	PARTLY_RECONSTRUCTED	17	44	40	26	3	11	30	3	0	1	0	0	0	0	passage_status/DSS-Numbers-Passage-Status.txt	54558	764	45c4b8f86097e561ee54c28c1970e6dc5c755b5f8669eb823a9a251173ecc0b9	L1594859-R002,L1594860-R001
Num	4	11	4Q23	1606668	PARTLY_RECONSTRUCTED	20	55	51	40	3	8	43	3	0	1	0	0	0	0	passage_status/DSS-Numbers-Passage-Status.txt	55322	757	a9be008340b8f5c184cfe2bdf0f867d4e501d7a5c0eb9835fe5a1cbd24c912c4	L1594860-R002,L1594861-R001
Num	4	12	4Q23	1606668	PARTLY_RECONSTRUCTED	18	48	44	30	10	4	32	10	0	2	0	0	0	0	passage_status/DSS-Numbers-Passage-Status.txt	56079	749	5ad5233275327814d0908d8e98782dc759eb82447fd59c60c78fd8978b6f7385	L1594861-R002
Num	4	40	4Q23	1606668	PARTLY_RECONSTRUCTED	13	44	39	29	3	7	32	3	0	1	0	0	0	0	passage_status/DSS-Numbers-Passage-Status.txt	56828	741	7c6e74b351afaa58feafe3fb083a21a2cb93fd531229caff9089b6c39082c384	L1594862-R001
Num	4	41	4Q23	1606668	PARTLY_RECONSTRUCTED	20	59	57	31	4	22	31	4	0	1	0	0	0	0	passage_status/DSS-Numbers-Passage-Status.txt	57569	780	ba0a309eae89ae3c1dcc93d200481011d39db475e8a1da3ba84fc7709af9ab9d	L1594862-R002,L1594863-R001,L1594864-R001
Num	4	42	4Q23	1606668	PARTLY_RECONSTRUCTED	11	36	32	11	3	18	14	3	0	1	0	0	0	0	passage_status/DSS-Numbers-Passage-Status.txt	58349	736	2a4a72eeba2e7c9333e11146f40211cafa360ed8ae061b6d7a5ddfad8bf1ce06	L1594864-R002
Num	4	43	4Q23	1606668	PARTLY_RECONSTRUCTED	22	54	51	27	7	17	29	7	0	1	0	0	0	0	passage_status/DSS-Numbers-Passage-Status.txt	59085	764	89f8f5e55457bb3bb98e1bed243797ed74e0d822c0cb2b0963490d31c01b0989	L1594864-R003,L1594865-R001
Num	4	44	4Q23	1606668	PARTLY_RECONSTRUCTED	10	37	33	9	5	19	9	5	0	1	0	0	0	0	passage_status/DSS-Numbers-Passage-Status.txt	59849	740	34fb3365371ad3ff7f36d8fdb2cdcaf320fe17f9cfb401cbf647730f8a6b234f	L1594866-R001
Num	4	45	4Q23	1606668	PARTLY_RECONSTRUCTED	17	50	48	35	4	9	35	4	0	1	0	0	0	0	passage_status/DSS-Numbers-Passage-Status.txt	60589	763	bb2943ee68cd0a6ee44250dce5e98e4baaa6ebc14901317f63170440560a656b	L1594866-R002,L1594867-R001
Num	4	46	4Q23	1606668	PARTLY_RECONSTRUCTED	21	60	56	37	8	11	37	8	0	1	0	0	0	0	passage_status/DSS-Numbers-Passage-Status.txt	61352	764	99905925e5424e09a964680d940fd5324c28e7ac517d30e44432d016a7755088	L1594867-R002,L1594868-R001
Num	4	47	4Q23	1606668	PARTLY_RECONSTRUCTED	25	65	62	42	7	13	42	7	0	1	0	0	0	0	passage_status/DSS-Numbers-Passage-Status.txt	62116	764	16fa9059a9c3bef8d49204c216dbcabd03333a9244b2a527a2cbd500fe6c93fb	L1594869-R001,L1594870-R001
Num	4	48	4Q23	1606668	PARTLY_RECONSTRUCTED	11	37	34	33	0	1	36	0	0	1	0	0	0	0	passage_status/DSS-Numbers-Passage-Status.txt	62880	746	eb55a4313a475bb4ed5a3a629f6d72683fcf3a4389931ebf0c770ae314b56525	L1594870-R002,L1594871-R001
Num	4	49	4Q23	1606668	PARTLY_RECONSTRUCTED	23	68	62	50	5	7	55	5	0	1	0	0	0	0	passage_status/DSS-Numbers-Passage-Status.txt	63626	763	3342c7432fd4e4ab42953a44623273ad585f6f3669066fe3eae3eb5b98fd3daa	L1594871-R002,L1594872-R001
Num	5	1	4Q23	1606668	PARTLY_RECONSTRUCTED	8	20	18	16	0	2	16	0	0	1	0	0	0	0	passage_status/DSS-Numbers-Passage-Status.txt	64389	727	29fc0913df20e36556fb132f63bc274e1ba6207b815496d1c4142425185b2182	L1594873-R001
Num	5	2	4Q23	1606668	PARTLY_RECONSTRUCTED	20	48	46	32	3	11	34	3	0	1	0	0	0	0	passage_status/DSS-Numbers-Passage-Status.txt	65116	762	a6db5225b849af36dacde66aeb537d857dcbea2bb0dc18ee95018ea5e5f67360	L1594873-R002,L1594874-R001
Num	5	3	4Q23	1606668	PARTLY_RECONSTRUCTED	23	68	63	43	3	17	48	3	0	1	0	0	0	0	passage_status/DSS-Numbers-Passage-Status.txt	65878	756	7cf13efd1ee07fa9ac5af4d100bcd2e3f85eacbfb738a872d6f2f39d5436ba38	L1594874-R002,L1594875-R001
Num	5	4	4Q23	1606668	PARTLY_RECONSTRUCTED	24	68	65	56	1	8	59	1	0	1	0	0	0	0	passage_status/DSS-Numbers-Passage-Status.txt	66634	749	8dd5e29a9015017387dd7892b3762a534aa1d1c3e8af34c27a61336279d0e982	L1594876-R001,L1594877-R001
Num	5	5	4Q23	1606668	PARTLY_RECONSTRUCTED	8	20	18	17	1	0	19	1	0	1	0	0	0	0	passage_status/DSS-Numbers-Passage-Status.txt	67383	732	6da76570290d64d6d50616313164256dceb381e44f30d29c59bc8bceb4ec267f	L1594877-R002
Num	5	6	4Q23	1606668	PARTLY_RECONSTRUCTED	27	67	65	52	3	10	52	3	0	1	0	0	0	0	passage_status/DSS-Numbers-Passage-Status.txt	68115	756	ea65df1bc330bd12a81141f6a43c9b1efebab66d378d0b30104fdb92ea4114bd	L1594878-R001,L1594879-R001
Num	5	7	4Q23	1606668	PARTLY_RECONSTRUCTED	21	64	56	48	1	7	55	1	0	1	0	0	0	0	passage_status/DSS-Numbers-Passage-Status.txt	68871	749	a583de9e3defb0688ec9cc32fea50319ebf656f788b2b24ff8825ab11456b68c	L1594879-R002,L1594880-R001
Num	5	8	4Q23	1606668	PARTLY_RECONSTRUCTED	30	74	69	57	2	10	62	2	0	1	0	0	0	0	passage_status/DSS-Numbers-Passage-Status.txt	69620	772	b6e7645f104394f8b4f14369added41c1b81e217302caf68f21a8ac9532681aa	L1594880-R002,L1594881-R001,L1594882-R001
Num	5	9	4Q23	1606668	PARTLY_RECONSTRUCTED	15	45	42	38	2	2	38	2	0	1	0	0	0	0	passage_status/DSS-Numbers-Passage-Status.txt	70392	733	c02f1749899a427208145448638258bd6776002b5e22f13813fba17797a96149	L1594882-R002
Num	8	7	4Q23	1606668	PARTLY_RECONSTRUCTED	18	60	54	33	2	19	37	2	0	1	0	0	0	0	passage_status/DSS-Numbers-Passage-Status.txt	71125	740	81c8a81778494516360cb4d033c6fc5c7e4d2ab1fc995932413ddb050ba1050b	L1594883-R001
Num	8	8	4Q23	1606668	PARTLY_RECONSTRUCTED	20	52	49	27	1	21	29	1	0	1	0	0	0	0	passage_status/DSS-Numbers-Passage-Status.txt	71865	750	c4eac1a6d99d23428d35c99ca88cd1c5c57189aa9c538d582ae16ed98ae64b61	L1594883-R002,L1594884-R001
Num	8	9	4Q23	1606668	PARTLY_RECONSTRUCTED	17	47	45	26	0	19	28	0	0	1	0	0	0	0	passage_status/DSS-Numbers-Passage-Status.txt	72615	745	2dba65121c92123efcc05536c1b1f269df7a7387c2606529d6e256b29345b473	L1594884-R002,L1594885-R001
Num	8	10	4Q23	1606668	PARTLY_RECONSTRUCTED	18	51	48	28	7	13	30	7	0	1	0	0	0	0	passage_status/DSS-Numbers-Passage-Status.txt	73360	764	371baa315cefccb93e6c150b4935714dd34262b761567846902d4c347c660f82	L1594885-R002,L1594886-R001
Num	8	11	4Q23	1606668	PARTLY_RECONSTRUCTED	22	60	58	44	4	10	46	4	0	1	0	0	0	0	passage_status/DSS-Numbers-Passage-Status.txt	74124	770	16147a475657569ebf9cfff569770de182121ff3854cef775e0a7955a03e520a	L1594886-R002,L1594887-R001
Num	8	12	4Q23	1606668	PARTLY_RECONSTRUCTED	22	54	49	40	3	6	43	3	1	2	0	0	0	0	passage_status/DSS-Numbers-Passage-Status.txt	74894	751	6a080ea04f590cbc6d59b404f4fafc2b2d98e0cdb5ba47333b3168b28596d641	L1594887-R002,L1594888-R001
Num	8	21	4Q23	1606668	PARTLY_RECONSTRUCTED	22	73	67	65	0	2	70	0	0	1	0	0	0	0	passage_status/DSS-Numbers-Passage-Status.txt	75645	746	a74aae59ed17dccdccd10f6ae2fb5c97ce2a6e2f8a02ccf52150ab000f489850	L1594889-R001,L1594890-R001
Num	8	22	4Q23	1606668	PARTLY_RECONSTRUCTED	21	55	51	43	2	6	44	2	0	1	0	0	0	0	passage_status/DSS-Numbers-Passage-Status.txt	76391	741	119eee505b444ec56c5ab9437775cb7c43ddf0ddc4b6b929c2ba236835b898af	L1594890-R002
Num	9	3	4Q23	1606668	PARTLY_RECONSTRUCTED	19	49	42	25	7	10	28	7	1	2	0	0	0	0	passage_status/DSS-Numbers-Passage-Status.txt	77132	762	897994792f708fea20de16f5a80947545fbf7ae1b5d7806ba3b00e3216706c33	L1594891-R001,L1594892-R001
Num	9	4	4Q23	1606668	PARTLY_RECONSTRUCTED	11	28	26	17	1	8	19	1	0	1	0	0	0	0	passage_status/DSS-Numbers-Passage-Status.txt	77894	733	7cfa1a186af77f5bc1f0f2739a67d18101bec33665aa461e9b0f6fbbdf5b6bf5	L1594892-R002
Num	9	5	4Q23	1606668	PARTLY_RECONSTRUCTED	31	84	82	49	8	25	51	8	0	1	0	0	0	0	passage_status/DSS-Numbers-Passage-Status.txt	78627	784	ab5c920d174688fc583aa789a09167de0708021c01ff6ce055f0a84a4395bbab	L1594892-R003,L1594893-R001,L1594894-R001
Num	9	6	4Q23	1606668	PARTLY_RECONSTRUCTED	34	83	81	49	6	26	49	6	0	1	0	0	0	0	passage_status/DSS-Numbers-Passage-Status.txt	79411	756	c6b9646c5afe13572fbd604f1ebe501d6ab9d662aea8cd0e60a65180c1a35251	L1594894-R002,L1594895-R001
Num	9	7	4Q23	1606668	PARTLY_RECONSTRUCTED	27	84	80	55	2	23	59	2	0	1	0	0	0	0	passage_status/DSS-Numbers-Passage-Status.txt	80167	766	b09265ab982907fdec6e2821e63f6848cd0579f32f558dbe415d4636ca91d865	L1594895-R002,L1594896-R001,L1594897-R001
Num	9	8	4Q23	1606668	PARTLY_RECONSTRUCTED	12	39	35	21	0	14	22	0	0	1	0	0	0	0	passage_status/DSS-Numbers-Passage-Status.txt	80933	729	47320a93eb5cf5ce3552fb4e5eb9729b65f00d2a2a82add8fa7337b8e3c1ed60	L1594897-R002
Num	9	9	4Q23	1606668	ALL_LETTER_SLOTS_RECONSTRUCTED	8	20	18	18	0	0	20	0	0	1	0	0	0	0	passage_status/DSS-Numbers-Passage-Status.txt	81662	737	2603de7262b70d8169868711475979dfa20b26ffa7328230f50be573a6dd4613	L1594898-R001
Num	9	10	4Q23	1606668	PARTLY_RECONSTRUCTED	27	73	69	39	7	22	40	7	0	1	0	1	0	0	passage_status/DSS-Numbers-Passage-Status.txt	82399	763	55fd4f8e452d1b97c423c134c4d09fc26d775c46035ec9aeb9ab297aa0d75163	L1594898-R002,L1594899-R001
Num	9	19	4Q23	1606668	PARTLY_RECONSTRUCTED	21	59	57	45	3	9	47	3	0	1	0	0	0	0	passage_status/DSS-Numbers-Passage-Status.txt	83162	763	8daf2e8dab95ec60c4034599a533a63fdfddb94f10b2bc7d81568aa5c29c8c60	L1594900-R001,L1594901-R001
Num	9	20	4Q23	1606668	PARTLY_RECONSTRUCTED	10	26	22	17	3	2	19	3	1	2	0	0	0	0	passage_status/DSS-Numbers-Passage-Status.txt	83925	741	8d99fa64f07d78dd2e935360710883f8f1bad8f170504fbd0d872b130263365e	L1594901-R002
Num	10	13	4Q23	1606668	PARTLY_RECONSTRUCTED	12	29	25	19	3	3	23	3	1	2	0	0	0	0	passage_status/DSS-Numbers-Passage-Status.txt	84666	743	d5829277472935de15db4546853354b2b3a7b9e72b62c1195c26481a127a46d3	L1594902-R001
Num	10	14	4Q23	1606668	PARTLY_RECONSTRUCTED	17	55	51	37	4	10	38	4	0	1	0	0	0	0	passage_status/DSS-Numbers-Passage-Status.txt	85409	760	1bac21303a6c5f00584410fcec1497e592358d5717d5c1c9a4fd235450384b20	L1594902-R002,L1594903-R001
Num	10	15	4Q23	1606668	PARTLY_RECONSTRUCTED	10	30	28	27	1	0	29	1	0	1	0	0	0	0	passage_status/DSS-Numbers-Passage-Status.txt	86169	753	d92fee16148868213d2bf222657b13ed2090f75c8373c742830a2b2ae4096e92	L1594903-R002,L1594904-R001
Num	10	16	4Q23	1606668	PARTLY_RECONSTRUCTED	10	30	28	7	2	19	9	2	0	1	0	0	0	0	passage_status/DSS-Numbers-Passage-Status.txt	86922	742	673bd244d5f977388b5c9bc781531435d639018d3f00356f2a7aebf545e1cdca	L1594904-R002
Num	10	17	4Q23	1606668	PARTLY_RECONSTRUCTED	15	42	40	29	1	10	29	1	0	1	0	0	0	0	passage_status/DSS-Numbers-Passage-Status.txt	87664	754	80bf705d8082939686c87a6ed027c585920118f25d0b3ef9119c5612b3a55841	L1594904-R003,L1594905-R001
Num	10	18	4Q23	1606668	PARTLY_RECONSTRUCTED	14	47	43	23	0	20	27	0	0	1	0	0	0	0	passage_status/DSS-Numbers-Passage-Status.txt	88418	749	575e60e3eff84693d506d3e00ff3cba8d1633d7844330e6790c168eb5d2c69e8	L1594905-R002,L1594906-R001
Num	10	19	4Q23	1606668	PARTLY_RECONSTRUCTED	10	36	32	11	2	19	15	2	0	1	0	0	0	0	passage_status/DSS-Numbers-Passage-Status.txt	89167	744	0b3ab55fa8257a461160c477910e228dca2e3c141d916322129ec2122f7df97a	L1594906-R002
Num	10	20	4Q23	1606668	ALL_LETTER_SLOTS_RECONSTRUCTED	10	28	26	26	0	0	28	0	0	1	0	0	0	0	passage_status/DSS-Numbers-Passage-Status.txt	89911	758	0a80576096b148b9ec5904f5c7e66b3a401187317e6a736f973f5b22fdc7f423	L1594906-R003,L1594907-R001
Num	10	21	4Q23	1606668	PARTLY_RECONSTRUCTED	15	41	38	19	4	15	22	4	0	1	0	0	0	0	passage_status/DSS-Numbers-Passage-Status.txt	90669	766	6b5418a8ee8b062f6e24e08ae39f68b9cf543b969934267bfb6fb1824f1b7322	L1594907-R002,L1594908-R001
Num	10	22	4Q23	1606668	PARTLY_RECONSTRUCTED	15	50	46	28	5	13	31	5	0	1	0	0	0	0	passage_status/DSS-Numbers-Passage-Status.txt	91435	766	ccde869816a5d4b458dba7d310e6c2b93ec02e53fe48b1d9bee927a832599ab9	L1594908-R002,L1594909-R001
Num	10	23	4Q23	1606668	PARTLY_RECONSTRUCTED	12	36	30	26	4	0	30	4	1	3	0	0	0	0	passage_status/DSS-Numbers-Passage-Status.txt	92201	743	7637ee0076921e66efdf6b85332233110c01b87d094cb3d847b23ec43df62da2	L1594909-R002
Num	11	4	4Q23	1606668	PARTLY_RECONSTRUCTED	13	40	37	27	2	8	30	2	0	1	0	0	0	0	passage_status/DSS-Numbers-Passage-Status.txt	92944	741	da1fcccea245f34c28013a8b60246a1340efb1f40a8fe4e6896a5dd3061784f9	L1594910-R001
Num	11	5	4Q23	1606668	PARTLY_RECONSTRUCTED	29	73	71	66	3	2	68	3	0	1	0	0	0	0	passage_status/DSS-Numbers-Passage-Status.txt	93685	757	2387c3c6328411c54d72118950ee2827b169356e3ab690452fa0e4dab83a3f4c	L1594910-R002,L1594911-R001
Num	11	16	4Q23	1606668	PARTLY_RECONSTRUCTED	20	58	53	52	1	0	57	1	0	1	0	0	0	0	passage_status/DSS-Numbers-Passage-Status.txt	94442	753	1258682b5b3b5123b7fde6a7b6d3744fb5ddfd5b06f1088e5065a4bc97248715	L1594912-R001,L1594913-R001
Num	11	17	4Q23	1606668	PARTLY_RECONSTRUCTED	30	81	74	71	0	3	77	0	0	1	0	0	0	0	passage_status/DSS-Numbers-Passage-Status.txt	95195	748	b1091a51c7f1f3ae24e0a5d224e6c7d47f371f62c72c0972b243786ffae78f34	L1594913-R002,L1594914-R001
Num	11	18	4Q23	1606668	PARTLY_RECONSTRUCTED	34	99	94	83	3	8	88	3	0	1	0	0	0	0	passage_status/DSS-Numbers-Passage-Status.txt	95943	769	25a675579f447f0fd1156bd0205bcf991237806a6f35788682d427747bf264f2	L1594914-R002,L1594915-R001,L1594916-R001
Num	11	19	4Q23	1606668	PARTLY_RECONSTRUCTED	20	58	55	48	1	6	51	1	0	1	0	0	0	0	passage_status/DSS-Numbers-Passage-Status.txt	96712	753	90833959bf1876441e4954171bc72322144a7ca06d11314601104d4f6a754f0b	L1594916-R002,L1594917-R001
Num	11	20	4Q23	1606668	PARTLY_RECONSTRUCTED	33	94	88	77	6	5	81	6	0	1	0	0	0	0	passage_status/DSS-Numbers-Passage-Status.txt	97465	781	799056983b45067a68489d0be2ea0a8e6852d8b30322275a3e03eed1c572d6f7	L1594917-R002,L1594918-R001,L1594919-R001
Num	11	21	4Q23	1606668	PARTLY_RECONSTRUCTED	24	69	65	59	2	4	62	2	0	1	0	0	0	0	passage_status/DSS-Numbers-Passage-Status.txt	98246	759	bebcb8ec13de9067d2f7ccf28aed73aa328cece2cc97caa75462fbca6744bd3f	L1594919-R002,L1594920-R001
Num	11	22	4Q23	1606668	PARTLY_RECONSTRUCTED	9	22	19	15	0	4	16	0	0	1	0	0	0	0	passage_status/DSS-Numbers-Passage-Status.txt	99005	731	a53ae1802aa68b1d386f665863b7fd0e0a2dcb5c714d0b67ef5d5ab50d4a1da2	L1594920-R002
Num	12	3	4Q23	1606668	PARTLY_RECONSTRUCTED	17	40	35	33	2	0	37	2	1	2	0	0	0	0	passage_status/DSS-Numbers-Passage-Status.txt	99736	735	cba421a15e22ab768959dd487add497e39b2f711a8fdf3ab50a84b5ba66f4f27	L1594921-R001
Num	12	4	4Q23	1606668	PARTLY_RECONSTRUCTED	21	65	60	48	10	2	53	10	0	2	0	0	0	0	passage_status/DSS-Numbers-Passage-Status.txt	100471	765	e22a7da881bfc06aa3d15129d4aef558dc4d45a2b5bd4970aa3d2c121e1bbeb1	L1594922-R001,L1594923-R001
Num	12	5	4Q23	1606668	PARTLY_RECONSTRUCTED	20	54	51	20	16	15	23	16	0	1	0	0	0	0	passage_status/DSS-Numbers-Passage-Status.txt	101236	772	9f95fd56f93793e476a3ab09d03226dc460a7165e89b831104e58b15d9895bf0	L1594923-R002,L1594924-R001
Num	12	6	4Q23	1606668	PARTLY_RECONSTRUCTED	18	62	56	28	6	22	31	6	0	1	0	0	0	0	passage_status/DSS-Numbers-Passage-Status.txt	102008	764	23f1ebee2146b00da5955ffc9cc1bfda55e2fe7fc3154cd338c9a4d1144806b5	L1594924-R002,L1594925-R001
Num	12	7	4Q23	1606668	PARTLY_RECONSTRUCTED	10	29	25	8	5	12	9	5	0	1	0	0	0	0	passage_status/DSS-Numbers-Passage-Status.txt	102772	746	c35f4f5e540a5ccd498f9312cd9b2689adc4876503de7f30a59d17ed5420e480	L1594925-R002
Num	12	8	4Q23	1606668	PARTLY_RECONSTRUCTED	27	68	64	33	9	22	33	9	0	1	0	0	0	0	passage_status/DSS-Numbers-Passage-Status.txt	103518	770	3cbdf98a6cc5f2210a3c0a3d7c60bc4d4eb43ec7846b1e3c74cedfa9787fcb42	L1594925-R003,L1594926-R001
Num	12	9	4Q23	1606668	PARTLY_RECONSTRUCTED	8	19	16	12	4	0	15	4	0	1	0	0	0	0	passage_status/DSS-Numbers-Passage-Status.txt	104288	756	4ae693b428df7ecd3f3d5f067bc40c460b6426c93569e845636145331190a312	L1594926-R002,L1594927-R001
Num	12	10	4Q23	1606668	PARTLY_RECONSTRUCTED	23	56	54	38	2	14	40	2	0	1	0	0	0	0	passage_status/DSS-Numbers-Passage-Status.txt	105044	760	8be751889ca180a1142d2191870c64c8ccdf00fa0aeaad0400b2688b037c027f	L1594927-R002,L1594928-R001
Num	12	11	4Q23	1606668	PARTLY_RECONSTRUCTED	17	51	36	27	3	6	35	7	2	5	0	0	0	0	passage_status/DSS-Numbers-Passage-Status.txt	105804	759	b29a3323ebf391b18cce03a76cf1b8f891c30c443cbf432e0fccbab808075940	L1594928-R002,L1594929-R001
Num	13	21	4Q23	1606668	PARTLY_RECONSTRUCTED	15	36	34	30	1	3	30	1	0	1	0	0	0	0	passage_status/DSS-Numbers-Passage-Status.txt	106563	737	5e2b23987f9ba6ac63d59fed8608372997f6adc427fc36ba3a085b8b1a2c2198	L1594930-R001
Num	22	5	4Q23	1606668	PARTLY_RECONSTRUCTED	27	68	63	42	8	13	47	8	0	1	0	0	0	0	passage_status/DSS-Numbers-Passage-Status.txt	107300	764	1251a3a3272d8be35184364453d51d7a8fe068876aa3ffc8347544308fa56296	L1594931-R001,L1594932-R001
Num	22	6	4Q23	1606668	PARTLY_RECONSTRUCTED	34	100	81	67	2	12	77	8	2	4	0	0	0	0	passage_status/DSS-Numbers-Passage-Status.txt	108064	775	dd956471396be9a4d0818ea1d63eb419d4b4baca0fa0a0e193582eee38c20b0e	L1594932-R002,L1594933-R001,L1594934-R001
Num	22	22	4Q23	1606668	PARTLY_RECONSTRUCTED	23	68	62	47	8	7	49	8	0	1	0	0	0	0	passage_status/DSS-Numbers-Passage-Status.txt	108839	765	af956b44302a6249cde59e71e0b57eeff63caa2941b2b9e2bbd30633898499bd	L1594935-R001,L1594936-R001
Num	22	23	4Q23	1606668	PARTLY_RECONSTRUCTED	37	90	85	64	10	11	69	10	0	1	0	0	0	0	passage_status/DSS-Numbers-Passage-Status.txt	109604	768	f4f206d31ff9692ac882a0baab265ed3f34d84a6a25bef9c43c51aedcd093ec9	L1594936-R002,L1594937-R001
Num	22	24	4Q23	1606668	PARTLY_RECONSTRUCTED	16	41	38	33	4	1	36	4	0	2	0	0	0	0	passage_status/DSS-Numbers-Passage-Status.txt	110372	753	03bb68166312df37c3a3564cccfc62b75e2b7113c773b4c1dbfed1f3c9c4701f	L1594937-R002,L1594938-R001
Num	26	5	4Q23	1606668	PARTLY_RECONSTRUCTED	13	44	42	35	4	3	37	4	0	1	0	0	0	0	passage_status/DSS-Numbers-Passage-Status.txt	111125	753	1f872deb817848b611aa0294fe8136beeb1df3a578b865c47f3532bf91c8829d	L1594939-R001
Num	26	6	4Q23	1606668	PARTLY_RECONSTRUCTED	11	34	32	24	5	3	26	5	0	1	0	0	0	0	passage_status/DSS-Numbers-Passage-Status.txt	111878	757	357149d226b4a53bc2d2d3a26cb37ac8ea0aa1763174ada3838a3afe675e5694	L1594939-R002,L1594940-R001
Num	26	7	4Q23	1606668	PARTLY_RECONSTRUCTED	18	59	54	49	4	1	52	4	1	2	0	0	0	0	passage_status/DSS-Numbers-Passage-Status.txt	112635	757	318b425b559fad3199183b10a13f394c5e4765808409263b98fe8a6bdf5ae5b7	L1594940-R002,L1594941-R001
Num	30	3	4Q23	1606668	PARTLY_RECONSTRUCTED	5	13	8	4	1	3	8	1	1	2	0	0	0	0	passage_status/DSS-Numbers-Passage-Status.txt	113392	731	b60c66fe2016c3c755c320fc685ce1c8db89521400b9d7b2b3ae19041bf2c85a	L1594942-R001
Num	30	4	4Q23	1606668	NO_LETTER_RECONSTRUCTION_MARKED	5	9	1	0	0	1	6	0	3	4	0	0	0	0	passage_status/DSS-Numbers-Passage-Status.txt	114123	752	17a5e0538730e4bcfc9ce9122eeedccc5d1d67340d04d58e857de2ae21cfd5d2	L1594942-R002,L1594943-R001
Num	30	7	4Q23	1606668	NO_LETTER_RECONSTRUCTION_MARKED	4	12	5	0	1	4	4	1	2	3	0	0	0	0	passage_status/DSS-Numbers-Passage-Status.txt	114875	742	700b418eaf7edf1fce15de085ac7758cf788444ee3c80ba3458656bcb1463297	L1594944-R001
Num	32	8	4Q23	1606668	PARTLY_RECONSTRUCTED	16	45	38	25	2	11	31	2	1	2	0	0	0	0	passage_status/DSS-Numbers-Passage-Status.txt	115617	742	b7cb9ab5e12c608b171b4605a2f49a7418c861a80f91f563ffd4dede7bbe10c7	L1594945-R001
Num	32	9	4Q23	1606668	PARTLY_RECONSTRUCTED	27	72	69	33	1	35	36	1	0	1	0	0	0	0	passage_status/DSS-Numbers-Passage-Status.txt	116359	752	7e4a9019931d7f140f06a4afd61b8b82483abf330cc38fa00e2cff29e93e4db6	L1594946-R001,L1594947-R001
Num	32	10	4Q23	1606668	PARTLY_RECONSTRUCTED	13	29	27	9	0	18	9	0	0	1	0	0	0	0	passage_status/DSS-Numbers-Passage-Status.txt	117111	731	e93a8da7a8b4dd08c45b5cc4b0f584849f4dfd8043f99e532a10a133cfc2b8db	L1594947-R002
Num	32	11	4Q23	1606668	PARTLY_RECONSTRUCTED	31	88	84	23	1	60	27	1	0	1	0	0	0	0	passage_status/DSS-Numbers-Passage-Status.txt	117842	770	e0f3a649355dac50833f38683bee9726436f492a54e202379f9a7f8b8a0f5193	L1594947-R003,L1594948-R001,L1594949-R001
Num	32	12	4Q23	1606668	PARTLY_RECONSTRUCTED	15	45	43	35	2	6	35	2	0	1	0	0	0	0	passage_status/DSS-Numbers-Passage-Status.txt	118612	743	24b9b3d0cd8afdf3b461a4c6c7a8012262bff3787a60fd9a1b5c06e68871a81b	L1594949-R002
Num	32	13	4Q23	1606668	PARTLY_RECONSTRUCTED	25	64	61	38	1	22	39	1	0	1	0	0	0	0	passage_status/DSS-Numbers-Passage-Status.txt	119355	754	76a150df01da7d00e9a9d59c0bf381670910a039aeb6eccb86215474917d61dd	L1594949-R003,L1594950-R001
Num	32	14	4Q23	1606668	PARTLY_RECONSTRUCTED	18	62	59	40	1	18	41	1	0	1	0	0	0	0	passage_status/DSS-Numbers-Passage-Status.txt	120109	754	d1ff01554bb39f8e454a42196d84fa5776ba389aaa2720131ad4282bf8d12102	L1594950-R002,L1594951-R001
Num	32	15	4Q23	1606668	NO_LETTER_RECONSTRUCTION_MARKED	5	17	13	0	3	10	0	3	0	1	0	0	0	0	passage_status/DSS-Numbers-Passage-Status.txt	120863	752	97f22d54202b345bfd68fdfac41d26f769fe4f9ca194c5da18cd8f3d433e9909	L1594951-R002
Num	32	23	4Q23	1606668	PARTLY_RECONSTRUCTED	17	54	46	42	4	0	49	4	1	3	0	0	0	0	passage_status/DSS-Numbers-Passage-Status.txt	121615	759	da7355b856896d2670d4c6977ff2ff90542b78d938c396c248780c183b216efb	L1594952-R001,L1594953-R001
Num	32	24	4Q23	1606668	PARTLY_RECONSTRUCTED	16	46	40	27	1	12	31	1	0	1	0	0	0	0	passage_status/DSS-Numbers-Passage-Status.txt	122374	754	f9fcd27b2664d226d2a16fae136fe458e88a004038b4a281fa6090dd2a747ece	L1594953-R002,L1594954-R001
Num	32	25	4Q23	1606668	PARTLY_RECONSTRUCTED	18	53	49	37	1	11	38	1	0	1	0	0	0	0	passage_status/DSS-Numbers-Passage-Status.txt	123128	738	b578e1c4bc9339d177d1de4799585a3cc1166fc4611eaf47bebb5c628b746493	L1594954-R002
Num	32	26	4Q23	1606668	ALL_LETTER_SLOTS_RECONSTRUCTED	13	44	38	38	0	0	44	0	0	1	0	0	0	0	passage_status/DSS-Numbers-Passage-Status.txt	123866	742	9f791cbbd0077be9adb8c948c058ea47376bac0a26441eef8c7acaf0b526c5bb	L1594955-R001
Num	32	27	4Q23	1606668	PARTLY_RECONSTRUCTED	16	49	45	27	1	17	31	1	0	1	0	0	0	0	passage_status/DSS-Numbers-Passage-Status.txt	124608	754	cadc7d561496d7976c17dbc001c609f62a5128caf6de64a6ed927375402f9987	L1594955-R002,L1594956-R001
Num	32	28	4Q23	1606668	PARTLY_RECONSTRUCTED	23	62	59	39	4	16	42	4	0	1	0	0	0	0	passage_status/DSS-Numbers-Passage-Status.txt	125362	766	85defaa2df275e22a8699e7caaeb87925ea84955a7347cb4e388596b1e0f11d6	L1594956-R002,L1594957-R001
Num	32	29	4Q23	1606668	PARTLY_RECONSTRUCTED	38	109	103	68	7	28	70	7	0	1	0	0	0	0	passage_status/DSS-Numbers-Passage-Status.txt	126128	774	91675eb906ccad14b69248e6481395572f6c0ad3f4711556b2206490b782af0a	L1594957-R002,L1594958-R001
Num	32	30	4Q23	1606668	PARTLY_RECONSTRUCTED	14	43	39	30	2	7	32	2	0	1	0	0	0	0	passage_status/DSS-Numbers-Passage-Status.txt	126902	743	2eb2884ce6b3184ab5eaab45f09640b256e9ef9914afb12360042397a9751070	L1594959-R001
Num	32	31	4Q23	1606668	PARTLY_RECONSTRUCTED	18	51	48	36	6	6	39	6	0	1	0	0	0	0	passage_status/DSS-Numbers-Passage-Status.txt	127645	765	c508cc9588d167b003a78ab0937eca79664d341150e8207eafe8eea184a1dbf9	L1594959-R002,L1594960-R001
Num	32	32	4Q23	1606668	PARTLY_RECONSTRUCTED	17	56	52	34	1	17	38	1	0	1	0	0	0	0	passage_status/DSS-Numbers-Passage-Status.txt	128410	754	e4796ffd847a694093fa9d0343ba55acf8a0f215f41e84792d97023397fdea52	L1594960-R002,L1594961-R001
Num	32	33	4Q23	1606668	PARTLY_RECONSTRUCTED	42	110	106	57	5	44	60	5	0	1	0	0	0	0	passage_status/DSS-Numbers-Passage-Status.txt	129164	784	2a34bd7a0036e0b2810b0aaccfe89d87f42d4664d4a267ad8979f8f7bf9dc020	L1594961-R002,L1594962-R001,L1594963-R001
Num	32	34	4Q23	1606668	PARTLY_RECONSTRUCTED	13	32	30	11	7	12	11	7	0	1	0	0	0	0	passage_status/DSS-Numbers-Passage-Status.txt	129948	750	9df544013be32d8903b78979eee26ede7a252eb4783c36410882c57f399244fc	L1594963-R002
Num	32	35	4Q23	1606668	PARTLY_RECONSTRUCTED	10	26	24	13	1	10	15	1	0	1	0	0	0	0	passage_status/DSS-Numbers-Passage-Status.txt	130698	738	060f6d4e2fa43203d505a7bf3a4acf8a4e24c2981d5e1ea4c446f9f9411a34bf	L1594963-R003
Num	32	36	4Q23	1606668	PARTLY_RECONSTRUCTED	14	36	34	15	5	14	15	5	0	1	0	0	0	0	passage_status/DSS-Numbers-Passage-Status.txt	131436	750	ec2c27776b3fba9ae9eddfe7502abd7d94562281f613cab9f126be9b2b4aba6c	L1594964-R001
Num	32	37	4Q23	1606668	PARTLY_RECONSTRUCTED	13	38	36	25	2	9	27	2	0	1	0	0	0	0	passage_status/DSS-Numbers-Passage-Status.txt	132186	759	209dad199a920fedc0f5428b25d78b9632725d962a6eef679e89c457e28191ff	L1594964-R002,L1594965-R001
Num	32	38	4Q23	1606668	PARTLY_RECONSTRUCTED	23	59	57	42	2	13	44	2	0	1	0	0	0	0	passage_status/DSS-Numbers-Passage-Status.txt	132945	754	e7e90f763d222facd0cb3b180fa210204ab9f77e216d014c8c2b29593c7c61de	L1594965-R002,L1594966-R001
Num	32	39	4Q23	1606668	PARTLY_RECONSTRUCTED	17	50	45	31	5	9	34	6	0	1	0	0	0	0	passage_status/DSS-Numbers-Passage-Status.txt	133699	771	ff01c973d0d5ef2a8695718eb3b2c543c045bc0073a0b1294336fe0bba4ff837	L1594966-R002,L1594967-R001
Num	32	40	4Q23	1606668	ALL_LETTER_SLOTS_RECONSTRUCTED	14	34	31	31	0	0	32	0	0	1	0	0	0	0	passage_status/DSS-Numbers-Passage-Status.txt	134470	742	d8e060f377fd6ca4fae85fc544053ce86a1aecae06b3b1e538c574d34ecc58bd	L1594967-R002
Num	32	41	4Q23	1606668	PARTLY_RECONSTRUCTED	15	47	43	36	1	6	40	1	0	1	0	0	0	0	passage_status/DSS-Numbers-Passage-Status.txt	135212	753	d6e4332501e590ed0c036e6fa8110a018e50f7e3d8dc9a9c7773825a8df2dd50	L1594967-R003,L1594968-R001
Num	32	42	4Q23	1606668	PARTLY_RECONSTRUCTED	14	36	32	25	3	4	27	3	0	1	0	0	0	0	passage_status/DSS-Numbers-Passage-Status.txt	135965	743	c660d6b94fea5e079ede5d3b9ec2271e0a4b0fa99d667bd2ddabefc843e9ffaf	L1594968-R002
Num	33	5	4Q23	1606668	PARTLY_RECONSTRUCTED	6	15	4	1	1	2	4	6	1	4	0	0	0	0	passage_status/DSS-Numbers-Passage-Status.txt	136708	747	934f45d8d2b0917a5902e3c50992c67596bbda002e2c59e026378fc511c34559	L1594969-R001,L1594970-R001
Num	33	6	4Q23	1606668	PARTLY_RECONSTRUCTED	14	32	30	21	3	6	23	3	0	1	0	0	0	0	passage_status/DSS-Numbers-Passage-Status.txt	137455	741	fc51c64c1c798e8d994c2538c3061de055749d347d7e20f83610b522b8c839fb	L1594970-R002
Num	33	7	4Q23	1606668	PARTLY_RECONSTRUCTED	21	52	50	39	3	8	41	3	0	1	0	0	0	0	passage_status/DSS-Numbers-Passage-Status.txt	138196	757	e1387f07f1273e10b85ec8b522c37e43476d7fa28cb8cfcfef8e7547ac66d4a5	L1594970-R003,L1594971-R001
Num	33	8	4Q23	1606668	PARTLY_RECONSTRUCTED	27	69	66	55	5	6	58	5	0	1	0	0	0	0	passage_status/DSS-Numbers-Passage-Status.txt	138953	763	d105e28080eeafb379b97537bd23bf71f931578058d77ca53caa70bc258fb57e	L1594971-R002,L1594972-R001
Num	33	9	4Q23	1606668	PARTLY_RECONSTRUCTED	16	45	40	39	1	0	42	1	1	2	0	0	0	0	passage_status/DSS-Numbers-Passage-Status.txt	139716	751	0546d4bf5e12d9c5fd209fa434fe8bee40c41f578a2fbf54b6febf06d1b6c983	L1594972-R002,L1594973-R001
Num	33	22	4Q23	1606668	PARTLY_RECONSTRUCTED	7	18	16	12	3	1	14	3	0	1	0	0	0	0	passage_status/DSS-Numbers-Passage-Status.txt	140467	742	176d2d67819e6eff095e95ee4a5f7998ef76b50b1036c5503c62979cc25bf58d	L1594974-R001
Num	33	23	4Q23	1606668	ALL_LETTER_SLOTS_RECONSTRUCTED	10	24	22	22	0	0	24	0	0	1	0	0	0	0	passage_status/DSS-Numbers-Passage-Status.txt	141209	742	7d5096b1d27c7ca0b8f6155a62b1efd0154dd253e62026f2d9f579091acbeab3	L1594974-R002
Num	33	24	4Q23	1606668	ALL_LETTER_SLOTS_RECONSTRUCTED	10	23	21	21	0	0	23	0	0	1	0	0	0	0	passage_status/DSS-Numbers-Passage-Status.txt	141951	742	685c3822241456835c3bf54d4a27dfff32038a87d0194ff700f4e1599ec9e96b	L1594974-R003
Num	33	25	4Q23	1606668	PARTLY_RECONSTRUCTED	9	23	21	12	1	8	14	1	0	1	0	0	0	0	passage_status/DSS-Numbers-Passage-Status.txt	142693	736	5c455b92d77e34d7f2591deac70deb06918865d0952a7b8e24d417896635afb2	L1594975-R001
Num	33	26	4Q23	1606668	ALL_LETTER_SLOTS_RECONSTRUCTED	9	22	20	20	0	0	22	0	0	1	0	0	0	0	passage_status/DSS-Numbers-Passage-Status.txt	143429	741	3cadf6d747dafa3b4c42841e753029552c02c54d0fe26761286be663ca6c281f	L1594975-R002
Num	33	27	4Q23	1606668	ALL_LETTER_SLOTS_RECONSTRUCTED	9	20	18	18	0	0	20	0	0	1	0	0	0	0	passage_status/DSS-Numbers-Passage-Status.txt	144170	741	8fcca76f9518f6561f8f5c25c1f9184872f0f4faf8f600e0fc4c7ed2538652b3	L1594975-R003
Num	33	28	4Q23	1606668	PARTLY_RECONSTRUCTED	9	21	19	11	1	7	13	1	0	1	0	0	0	0	passage_status/DSS-Numbers-Passage-Status.txt	144911	736	c14145801752f9f3fc7a7f40195e6de99df1085d1408231c7cab27ec1aa3600f	L1594976-R001
Num	33	29	4Q23	1606668	ALL_LETTER_SLOTS_RECONSTRUCTED	9	23	21	21	0	0	23	0	0	1	0	0	0	0	passage_status/DSS-Numbers-Passage-Status.txt	145647	741	81ad6a8e50b48967df37f1df91bf37c2957b4dcc1ed35dfa45122cca6263df96	L1594976-R002
Num	33	30	4Q23	1606668	ALL_LETTER_SLOTS_RECONSTRUCTED	9	24	22	22	0	0	24	0	0	1	0	0	0	0	passage_status/DSS-Numbers-Passage-Status.txt	146388	741	924f92475f9c4403a6bb12e7336cbd91355c544b07a6f2ab585b78b5d98f3a94	L1594976-R003
Num	33	31	4Q23	1606668	PARTLY_RECONSTRUCTED	10	26	24	11	5	8	13	5	0	1	0	0	0	0	passage_status/DSS-Numbers-Passage-Status.txt	147129	749	81d369cb889c1030433630222fa40ba4947ed2199ab2d90fcfe4531a7a34fc27	L1594977-R001
Num	33	32	4Q23	1606668	ALL_LETTER_SLOTS_RECONSTRUCTED	12	28	26	26	0	0	28	0	0	1	0	0	0	0	passage_status/DSS-Numbers-Passage-Status.txt	147878	742	34492965bc8a04497e5a384754564c082ac18077b1f00afe9197a5103c7786c1	L1594977-R002
Num	33	33	4Q23	1606668	PARTLY_RECONSTRUCTED	11	26	24	13	0	11	13	0	0	1	0	0	0	0	passage_status/DSS-Numbers-Passage-Status.txt	148620	749	cf085b76462888414e438609636f251123bd133203ab835f428174ae01160605	L1594977-R003,L1594978-R001
Num	33	34	4Q23	1606668	PARTLY_RECONSTRUCTED	9	24	22	17	0	5	19	0	0	1	0	0	0	0	passage_status/DSS-Numbers-Passage-Status.txt	149369	731	dada29a5fe2d912d6f45d466509fc2e2fb1fa0375cd88953954fc6cfaf6302a5	L1594978-R002
Num	33	52	4Q23	1606668	PARTLY_RECONSTRUCTED	27	83	75	63	4	8	70	4	1	2	0	0	0	0	passage_status/DSS-Numbers-Passage-Status.txt	150100	759	7c7599f6d68726ecd60cb453a174b050b77d006ac3de5bff2330148f98bd9123	L1594979-R001,L1594980-R001
Num	33	53	4Q23	1606668	PARTLY_RECONSTRUCTED	18	48	43	32	1	10	35	1	0	1	0	0	0	0	passage_status/DSS-Numbers-Passage-Status.txt	150859	754	de5f47f528687d15bfab98da362a7972ed2280e63a98b2f0492b871ea68253e1	L1594980-R002,L1594981-R001
Num	33	54	4Q23	1606668	PARTLY_RECONSTRUCTED	31	93	83	65	8	10	71	8	1	2	0	0	0	0	passage_status/DSS-Numbers-Passage-Status.txt	151613	788	8776ebb34b63fa4b2bda0d5a6549b832ce27a5fd27ffc6307ad52189b35ee9cd	L1594981-R002,L1594982-R001,L1594983-R001
Num	35	4	4Q23	1606668	PARTLY_RECONSTRUCTED	19	51	46	39	2	5	42	2	1	2	0	0	0	0	passage_status/DSS-Numbers-Passage-Status.txt	152401	735	3876d201f2120998e96324c4befb53d452a1d8b018ba828862fb088462f944c9	L1594984-R001
Num	35	5	4Q23	1606668	PARTLY_RECONSTRUCTED	13	34	31	23	3	5	25	3	0	1	0	0	0	0	passage_status/DSS-Numbers-Passage-Status.txt	153136	741	662425e1fe6fb2048d3c08cdbfb80f4d5e5ae3d7cffefdcb6815841cee413ae2	L1594985-R001
Num	11	31	4Q27	1606675	PARTLY_RECONSTRUCTED	10	24	21	7	3	11	8	3	0	2	0	0	0	0	passage_status/DSS-Numbers-Passage-Status.txt	153877	742	3434a6c960c035a4a1a7e5cb57eb9ce7dff145ef5d8b456d6780d2c47342b849	L1595331-R001
Num	11	32	4Q27	1606675	PARTLY_RECONSTRUCTED	38	106	103	40	9	54	40	9	0	1	0	0	0	0	passage_status/DSS-Numbers-Passage-Status.txt	154619	784	aafd20000b3e744c375c961ba5eeb3a861212fa85c7456c5f3d3182ae668375f	L1595331-R002,L1595332-R001,L1595333-R001
Num	11	33	4Q27	1606675	PARTLY_RECONSTRUCTED	22	63	58	26	6	26	27	6	0	1	0	0	0	0	passage_status/DSS-Numbers-Passage-Status.txt	155403	766	46cdedc0527fcb88f4f949b15d0ab97702565560c3e3735bf93390d1cdb4b34f	L1595333-R002,L1595334-R001
Num	11	34	4Q27	1606675	PARTLY_RECONSTRUCTED	20	52	50	45	1	4	47	1	0	1	0	0	0	0	passage_status/DSS-Numbers-Passage-Status.txt	156169	753	e928a8569edb730489d23af193457092159093fa208752b2cbf6b0e1d8378ba0	L1595334-R002,L1595335-R001
Num	11	35	4Q27	1606675	PARTLY_RECONSTRUCTED	12	30	28	18	2	8	20	2	0	1	0	0	0	0	passage_status/DSS-Numbers-Passage-Status.txt	156922	753	350b5ebb685f511be28f5c2e92b8455af78e3b87359ea42f989a92b3449e6478	L1595335-R002,L1595336-R001
Num	12	1	4Q27	1606675	PARTLY_RECONSTRUCTED	21	62	60	41	7	12	43	7	0	1	0	0	0	0	passage_status/DSS-Numbers-Passage-Status.txt	157675	758	1a1116bfc10d751c4a507e741dfc16e5b5c8e09a85447dce582fa181d0b30a71	L1595337-R001,L1595338-R001
Num	12	2	4Q27	1606675	PARTLY_RECONSTRUCTED	21	56	52	29	4	19	32	4	0	1	0	0	0	0	passage_status/DSS-Numbers-Passage-Status.txt	158433	764	c1d79c77af9877eacd63082328d0e60e9c9403a822257bc94c000ed8ab1dbe83	L1595338-R002,L1595339-R001
Num	12	3	4Q27	1606675	PARTLY_RECONSTRUCTED	16	41	38	23	2	13	24	2	0	1	0	0	0	0	passage_status/DSS-Numbers-Passage-Status.txt	159197	742	82c89512157297a26ef6ee6f64fcfa549765f66cb1e8da3c1cacdfd39d5a0106	L1595339-R002
Num	12	4	4Q27	1606675	PARTLY_RECONSTRUCTED	24	81	77	63	2	12	66	2	0	1	0	0	0	0	passage_status/DSS-Numbers-Passage-Status.txt	159939	758	1c1a29b983a827d7daa6802c3449830b6f9081c80d22ea8faba79b8e83b3f832	L1595340-R001,L1595341-R001
Num	12	5	4Q27	1606675	PARTLY_RECONSTRUCTED	20	61	58	44	3	11	47	3	0	1	0	0	0	0	passage_status/DSS-Numbers-Passage-Status.txt	160697	758	83e14440305bd92855ef945c33d4a2e95d7a9262d18675b54c74497269cadf2f	L1595341-R002,L1595342-R001
Num	12	6	4Q27	1606675	PARTLY_RECONSTRUCTED	20	71	64	44	2	18	47	2	0	1	0	0	0	0	passage_status/DSS-Numbers-Passage-Status.txt	161455	752	7e4129d7323f5ee804faac677232e2a9acaa47df39db8c5bfddcb6de7aeccd9a	L1595342-R002,L1595343-R001
Num	12	7	4Q27	1606675	ALL_LETTER_SLOTS_RECONSTRUCTED	10	33	29	29	0	0	33	0	0	1	0	0	0	0	passage_status/DSS-Numbers-Passage-Status.txt	162207	740	d66d6011b369d4ae88581af510a40225f85e6a81888ce0a9c2a29dd55e97e640	L1595344-R001
Num	12	8	4Q27	1606675	PARTLY_RECONSTRUCTED	26	72	68	51	6	11	51	6	0	1	0	0	0	0	passage_status/DSS-Numbers-Passage-Status.txt	162947	764	e4ba3aab892c7b60e29cc193b45ebaf89174eb06e7cfcaf6654ee725b0deefd4	L1595344-R002,L1595345-R001
Num	12	9	4Q27	1606675	PARTLY_RECONSTRUCTED	8	19	16	10	0	6	13	0	0	1	0	0	0	0	passage_status/DSS-Numbers-Passage-Status.txt	163711	745	39f7285fc70bfeb7cb48b2de8bdcfc490af3a30c18a4015fd9ace503a73a3c37	L1595345-R002,L1595346-R001
Num	12	10	4Q27	1606675	PARTLY_RECONSTRUCTED	23	60	58	44	1	13	46	1	0	1	0	0	0	0	passage_status/DSS-Numbers-Passage-Status.txt	164456	754	1f30c8e9945548eac6234818eb8276c2b45cbca0562788aef79abeebab633c67	L1595346-R002,L1595347-R001
Num	12	11	4Q27	1606675	PARTLY_RECONSTRUCTED	12	41	36	35	1	0	38	1	0	1	0	0	0	0	passage_status/DSS-Numbers-Passage-Status.txt	165210	737	93ae2b64b4c21d4e166d372b94bd2e75bdad453fdb4d42aafd2f2568f7291ccd	L1595347-R002
Num	13	7	4Q27	1606675	PARTLY_RECONSTRUCTED	8	23	19	5	6	8	9	6	1	2	0	0	0	0	passage_status/DSS-Numbers-Passage-Status.txt	165947	744	78b56bce4448b956456c697e1a4ebe642154e731189f713218dafe09fa0d2ff3	L1595348-R001
Num	13	8	4Q27	1606675	ALL_LETTER_SLOTS_RECONSTRUCTED	7	20	18	18	0	0	20	0	0	1	0	0	0	0	passage_status/DSS-Numbers-Passage-Status.txt	166691	755	45273f28e4d0d98d14221e4650c99e4f4be90a9775f88dd9f68f40e19057fe06	L1595348-R002,L1595349-R001
Num	13	9	4Q27	1606675	ALL_LETTER_SLOTS_RECONSTRUCTED	7	22	20	20	0	0	20	0	0	1	0	0	0	0	passage_status/DSS-Numbers-Passage-Status.txt	167446	739	06a0cee93f36457b9491a714686360167e87e34618b32bb553fc4e421373f6d9	L1595349-R002
Num	13	10	4Q27	1606675	PARTLY_RECONSTRUCTED	7	23	21	4	1	16	4	1	0	1	0	0	0	0	passage_status/DSS-Numbers-Passage-Status.txt	168185	751	d9613203e94dce70a4181e7f51eaf8af761dde347dcb08304d117365c2f6caa3	L1595349-R003,L1595350-R001
Num	13	11	4Q27	1606675	PARTLY_RECONSTRUCTED	10	27	25	22	3	0	24	3	0	1	0	0	0	0	passage_status/DSS-Numbers-Passage-Status.txt	168936	749	5ccb1d522f57b2defc4772d66702e9631f007d711878337ce7998c8705e72af1	L1595350-R002
Num	13	12	4Q27	1606675	PARTLY_RECONSTRUCTED	7	19	17	6	2	9	6	2	0	1	0	0	0	0	passage_status/DSS-Numbers-Passage-Status.txt	169685	740	f7bb8935813d3653f022c98e1cef5c2b38e550d58fdc01a9e459c4a08d0b2c84	L1595350-R003
Num	13	13	4Q27	1606675	PARTLY_RECONSTRUCTED	7	21	18	7	2	9	10	2	0	2	0	0	0	0	passage_status/DSS-Numbers-Passage-Status.txt	170425	757	25a073e914a3dd50ed641e986f6af6f63f1699a404cf1aeaf51b386f7ba6883c	L1595350-R004,L1595351-R001
Num	13	14	4Q27	1606675	ALL_LETTER_SLOTS_RECONSTRUCTED	7	21	19	19	0	0	21	0	0	1	0	0	0	0	passage_status/DSS-Numbers-Passage-Status.txt	171182	741	69173a830692ed3e9c113a43d6d31104ea34618db931b53d15a383a36b1c394c	L1595351-R002
Num	13	15	4Q27	1606675	PARTLY_RECONSTRUCTED	7	19	16	8	2	6	9	2	0	2	0	0	0	0	passage_status/DSS-Numbers-Passage-Status.txt	171923	740	d8caa078b2ae94d82811103df66bc2a90491a9fa426f79d9c733bb8ae99b49c3	L1595351-R003
Num	13	16	4Q27	1606675	PARTLY_RECONSTRUCTED	21	62	60	36	3	21	36	3	0	1	0	0	0	0	passage_status/DSS-Numbers-Passage-Status.txt	172663	766	c131d8d8d3b1be8a19a9cb35f50d6be35da52707133e075071e8f4714800f1ce	L1595351-R004,L1595352-R001
Num	13	17	4Q27	1606675	PARTLY_RECONSTRUCTED	22	62	58	32	3	23	33	3	0	1	0	0	0	0	passage_status/DSS-Numbers-Passage-Status.txt	173429	760	bd271d010bf6ced5827bdd73a61f78666c983471889f34d13ca9f5b53575f438	L1595353-R001,L1595354-R001
Num	13	18	4Q27	1606675	PARTLY_RECONSTRUCTED	29	74	71	43	5	23	45	5	0	1	0	0	0	0	passage_status/DSS-Numbers-Passage-Status.txt	174189	760	d7af7ac5b6ff21e7a966eb1b09cf922954bec2e5451bdfa9b37aaab86b3384b8	L1595354-R002,L1595355-R001
Num	13	19	4Q27	1606675	PARTLY_RECONSTRUCTED	31	84	79	43	9	27	47	9	0	2	0	0	0	0	passage_status/DSS-Numbers-Passage-Status.txt	174949	788	f8d4a463b7b3d7d544504aba5b7ae60b0cd5ce601bba68e1090ec3efa7a3de81	L1595355-R002,L1595356-R001,L1595357-R001
Num	13	20	4Q27	1606675	PARTLY_RECONSTRUCTED	35	93	89	41	3	45	42	3	0	1	0	0	0	0	passage_status/DSS-Numbers-Passage-Status.txt	175737	760	5744e6ae91ef5b89f57ab01788d99a138e9dce9a70a43bac729f133fbfb6f249	L1595357-R002,L1595358-R001
Num	13	21	4Q27	1606675	PARTLY_RECONSTRUCTED	17	48	45	10	3	32	13	3	0	1	0	0	0	0	passage_status/DSS-Numbers-Passage-Status.txt	176497	744	6005c1a65d2fb3a719e3f1d5c4fc93b221ca6bcc94ebdcb68895342c6185d332	L1595359-R001
Num	13	22	4Q27	1606675	PARTLY_RECONSTRUCTED	26	80	77	34	3	40	34	3	0	1	0	0	0	0	passage_status/DSS-Numbers-Passage-Status.txt	177241	776	7a78e387960882b054711f24e8c1138e92c9964eb73ef9edeb9fb677d1c25aeb	L1595359-R002,L1595360-R001,L1595361-R001
Num	13	23	4Q27	1606675	PARTLY_RECONSTRUCTED	31	88	84	59	2	23	62	2	0	1	0	0	0	0	passage_status/DSS-Numbers-Passage-Status.txt	178017	760	9242a2395e3b194f92c72e551053f987245145ebe93246cfb1bd35b6cebe8ce7	L1595361-R002,L1595362-R001
Num	13	24	4Q27	1606675	PARTLY_RECONSTRUCTED	19	56	52	28	1	23	32	1	1	2	0	0	0	0	passage_status/DSS-Numbers-Passage-Status.txt	178777	754	1f1cf13fae786b7f2310a64422b06f14e84a0d4986b58f42aee9ccb627f956cb	L1595362-R002,L1595363-R001
Num	15	41	4Q27	1606675	PARTLY_RECONSTRUCTED	2	11	8	4	3	1	7	3	0	1	0	0	0	0	passage_status/DSS-Numbers-Passage-Status.txt	179531	745	953e0313e8adba45db499f35ab983a4f8e48ecb58799239e5fb82090ee53a6fb	L1595364-R001
Num	16	1	4Q27	1606675	PARTLY_RECONSTRUCTED	22	61	59	29	8	24	29	8	0	1	0	0	0	0	passage_status/DSS-Numbers-Passage-Status.txt	180276	764	429997819b285bdc666a0138076d11a069dca8d9577274f34005f76ff42f6939	L1595365-R001,L1595366-R001
Num	16	2	4Q27	1606675	PARTLY_RECONSTRUCTED	21	66	64	24	7	33	24	7	0	1	0	0	0	0	passage_status/DSS-Numbers-Passage-Status.txt	181040	764	7410ced0b00c90050641dbe83df0c9c53ebef7ba887fe3a277a16088d2b75bff	L1595366-R002,L1595367-R001
Num	16	3	4Q27	1606675	PARTLY_RECONSTRUCTED	29	95	89	42	6	41	45	6	0	1	0	0	0	0	passage_status/DSS-Numbers-Passage-Status.txt	181804	764	51ad3ccf93ffab5abfb5ddaef470732c98f40b43064b68ab8beca9242b58f417	L1595367-R002,L1595368-R001
Num	16	4	4Q27	1606675	PARTLY_RECONSTRUCTED	8	23	20	10	2	8	10	2	0	1	0	0	0	0	passage_status/DSS-Numbers-Passage-Status.txt	182568	756	a4c8cfbb53949096b75d73105543b407fb9c84a45e0f10595174d3cb3dcd50c7	L1595368-R002,L1595369-R001
Num	16	5	4Q27	1606675	PARTLY_RECONSTRUCTED	31	88	81	48	2	31	54	2	0	1	0	0	0	0	passage_status/DSS-Numbers-Passage-Status.txt	183324	758	a2f0763afac4bcc348af573de0fc76a25de6aa13b64eb2efc447c141b7ce7c21	L1595369-R002,L1595370-R001
Num	16	6	4Q27	1606675	PARTLY_RECONSTRUCTED	10	35	31	16	1	14	17	1	0	1	0	0	0	0	passage_status/DSS-Numbers-Passage-Status.txt	184082	752	8626a25f295f8502ebf05b8720a6336b4ca2b36df992c95a7ea980f4edf36a8d	L1595370-R002,L1595371-R001
Num	16	7	4Q27	1606675	PARTLY_RECONSTRUCTED	27	82	77	67	2	8	72	2	0	1	0	0	0	0	passage_status/DSS-Numbers-Passage-Status.txt	184834	757	b459dc2dc77260a9e2701724c8705880552d50f21635faf9df2d49a620ff106b	L1595371-R002,L1595372-R001
Num	16	8	4Q27	1606675	PARTLY_RECONSTRUCTED	14	41	38	23	0	15	25	0	0	1	0	0	0	0	passage_status/DSS-Numbers-Passage-Status.txt	185591	731	532de33516de446b2e0ff08cedd1c65f0d6d92b1b1404ba5a1c8a8b9855490e5	L1595374-R001
Num	16	9	4Q27	1606675	PARTLY_RECONSTRUCTED	31	101	94	74	5	15	77	5	0	1	0	0	0	0	passage_status/DSS-Numbers-Passage-Status.txt	186322	769	1ec59bf9a249d13cf8cb357f83f680d60dfa8a946b5fc9f49508c0c76a6f5c1b	L1595374-R002,L1595375-R001,L1595376-R001
Num	16	10	4Q27	1606675	PARTLY_RECONSTRUCTED	15	49	44	31	4	9	35	4	0	1	0	0	0	0	passage_status/DSS-Numbers-Passage-Status.txt	187091	765	3f68ebb8a93617d7d1691d391f4775452df605d8e6acd84d990dab819f919aa2	L1595376-R002,L1595377-R001
Num	16	11	4Q27	1606675	PARTLY_RECONSTRUCTED	13	37	34	27	5	2	27	5	0	1	0	0	0	0	passage_status/DSS-Numbers-Passage-Status.txt	187856	743	0279c1962f1d92271509282ecd5dbdee35bfdb6044b698f6893a0cb4d9e017f6	L1595377-R002
Num	16	14	4Q27	1606675	PARTLY_RECONSTRUCTED	14	39	37	33	2	2	35	2	0	1	0	0	0	0	passage_status/DSS-Numbers-Passage-Status.txt	188599	743	96126461928023990bf0a802faa3a2d4d88a58997bfb1edd6648dec4f3d17a4e	L1595378-R001
Num	16	15	4Q27	1606675	PARTLY_RECONSTRUCTED	25	80	74	71	1	2	76	1	0	1	0	0	0	0	passage_status/DSS-Numbers-Passage-Status.txt	189342	753	a990b570d2e0f95a51c6e90a78f52eae4b8f79d732e02b1b3a02b57bcfb5e1a3	L1595378-R002,L1595379-R001
Num	16	16	4Q27	1606675	PARTLY_RECONSTRUCTED	20	58	55	50	2	3	53	2	0	1	0	0	0	0	passage_status/DSS-Numbers-Passage-Status.txt	190095	743	7dc9d4dc107533a1c324b15edf5154d052caae137b70f0bf09d5a2ab78670ff1	L1595380-R001
Num	17	12	4Q27	1606675	PARTLY_RECONSTRUCTED	31	72	70	58	3	9	60	3	0	1	0	0	0	0	passage_status/DSS-Numbers-Passage-Status.txt	190838	759	52a16e09d32007a30c5b1e870666f1242310756a324b69c7c5069cefd6dcb5a1	L1595381-R001,L1595382-R001
Num	17	13	4Q27	1606675	PARTLY_RECONSTRUCTED	18	42	40	27	3	10	29	3	0	1	0	0	0	0	passage_status/DSS-Numbers-Passage-Status.txt	191597	760	4309040230117f7f6b7daa0eb4a748ab7e11b2013c5a955cad95a0f5852cf467	L1595382-R002,L1595383-R001
Num	17	14	4Q27	1606675	PARTLY_RECONSTRUCTED	21	54	52	40	3	9	42	3	0	1	0	0	0	0	passage_status/DSS-Numbers-Passage-Status.txt	192357	765	4eece34444c17944cd9cfa9e788dfef070af4b8ba097322367758f2d1f3c7f02	L1595383-R002,L1595384-R001
Num	17	15	4Q27	1606675	PARTLY_RECONSTRUCTED	14	42	40	33	1	6	35	1	0	1	0	0	0	0	passage_status/DSS-Numbers-Passage-Status.txt	193122	753	03285a18fb33e7e3131fdd4b879286e5a313ed8e2d6edfecb9444b713d15cdd3	L1595384-R002,L1595385-R001
Num	17	16	4Q27	1606675	PARTLY_RECONSTRUCTED	8	22	20	19	1	0	19	1	0	1	0	0	0	0	passage_status/DSS-Numbers-Passage-Status.txt	193875	736	916159fc54ce071356211fd47e7bdc6869fcc04361c9899be92ed5229a9e7de0	L1595386-R001
Num	17	17	4Q27	1606675	PARTLY_RECONSTRUCTED	27	79	73	53	5	15	56	5	0	1	0	0	0	0	passage_status/DSS-Numbers-Passage-Status.txt	194611	772	12551eaef8964246b190ae66dbeea56a1563797dd1bbac65f88c463b2617edeb	L1595386-R002,L1595387-R001
Num	18	25	4Q27	1606675	PARTLY_RECONSTRUCTED	3	7	5	3	1	1	3	1	0	1	0	0	0	0	passage_status/DSS-Numbers-Passage-Status.txt	195383	732	8bef4b77da193fa0c2aae2216a43151eefef7e1a7fc258520526c6c5faae545a	L1595388-R001
Num	18	26	4Q27	1606675	PARTLY_RECONSTRUCTED	36	115	108	51	6	51	55	6	0	1	0	0	0	0	passage_status/DSS-Numbers-Passage-Status.txt	196115	778	06247460dfc66010882fb0b89e12d70898201d31f377207806d9ea6394ac311b	L1595388-R002,L1595389-R001,L1595390-R001
Num	18	27	4Q27	1606675	PARTLY_RECONSTRUCTED	16	44	40	23	6	11	24	6	0	1	0	0	0	0	passage_status/DSS-Numbers-Passage-Status.txt	196893	766	5c843d3e37a713961c0c56c3f8d80f15293b82e861be63eaf58dc1824d4a7838	L1595390-R002,L1595391-R001
Num	18	28	4Q27	1606675	PARTLY_RECONSTRUCTED	26	88	84	48	4	32	51	4	0	1	0	0	0	0	passage_status/DSS-Numbers-Passage-Status.txt	197659	766	a796a5363684a9ce926c0e9fcab04d49bbcfc91d5414f0419a37b5d98c38871b	L1595391-R002,L1595392-R001
Num	18	29	4Q27	1606675	PARTLY_RECONSTRUCTED	15	57	51	18	10	23	22	10	0	1	0	0	0	0	passage_status/DSS-Numbers-Passage-Status.txt	198425	774	70a75503694d1ca44f26a61055f0a4e2c2d7e67ed17e121abe7598edd786147a	L1595392-R002,L1595393-R001
Num	18	30	4Q27	1606675	PARTLY_RECONSTRUCTED	24	79	71	29	7	35	30	7	0	1	0	0	0	0	passage_status/DSS-Numbers-Passage-Status.txt	199199	788	a008e02fb1fb2fb15131d78952716c9981aa6682f14706c7fe6c21bd35f9075d	L1595393-R002,L1595394-R001,L1595395-R001
Num	18	31	4Q27	1606675	PARTLY_RECONSTRUCTED	19	70	64	16	3	45	17	3	0	1	0	0	0	0	passage_status/DSS-Numbers-Passage-Status.txt	199987	766	a64678e2f97f13fddebe0dabfbe26a2b387e25b5e2a03be8eddf6200d1ddde22	L1595395-R002,L1595396-R001
Num	18	32	4Q27	1606675	PARTLY_RECONSTRUCTED	21	72	66	14	1	51	16	1	0	1	0	0	0	0	passage_status/DSS-Numbers-Passage-Status.txt	200753	754	7a12f9115945cca5aaa9d5985e4aa44d1f3d1094cec9a49b000c86ea1c490d21	L1595396-R002,L1595397-R001
Num	19	1	4Q27	1606675	NO_LETTER_RECONSTRUCTION_MARKED	11	30	28	0	0	27	0	0	0	1	0	1	0	0	passage_status/DSS-Numbers-Passage-Status.txt	201507	745	9e0a61ec8e8fe6f6f64b517448d013b39fe3829b03decde01d51771690e18abb	L1595398-R001
Num	19	2	4Q27	1606675	PARTLY_RECONSTRUCTED	29	96	91	28	6	57	28	6	0	1	0	0	0	0	passage_status/DSS-Numbers-Passage-Status.txt	202252	780	e8838ca1e342c1cb987b5287d6f496534b2a4268417e5aea468150aca1e7eb69	L1595398-R002,L1595399-R001,L1595400-R001
Num	19	3	4Q27	1606675	PARTLY_RECONSTRUCTED	21	64	57	19	2	36	20	2	0	2	0	0	0	0	passage_status/DSS-Numbers-Passage-Status.txt	203032	758	f723a5526f67f91878e3e82e908913118787de1c8fccbea39131d63d66dd5aeb	L1595400-R002,L1595401-R001
Num	19	4	4Q27	1606675	PARTLY_RECONSTRUCTED	21	63	57	28	3	26	33	3	0	2	0	0	0	0	passage_status/DSS-Numbers-Passage-Status.txt	203790	764	4147fc55f14078db8da68a69257e40c8299bb1ef8a3d6deb7561b334aecc08a1	L1595401-R002,L1595402-R001
Num	19	5	4Q27	1606675	PARTLY_RECONSTRUCTED	19	54	46	27	1	18	33	1	0	2	0	0	0	0	passage_status/DSS-Numbers-Passage-Status.txt	204554	752	d41f827535f3c8396bbc07815af19a6c266c43ad498c0c3112e8fca827cf3be8	L1595402-R002,L1595403-R001
Num	19	6	4Q27	1606675	PARTLY_RECONSTRUCTED	20	51	47	42	4	1	46	4	1	2	0	0	0	0	passage_status/DSS-Numbers-Passage-Status.txt	205306	757	03b1c273067312866d123cc27f0acad1ac9184750b9c59c0413c1fc8aef0085b	L1595403-R002,L1595404-R001
Num	20	12	4Q27	1606675	PARTLY_RECONSTRUCTED	18	48	45	44	1	0	44	1	0	1	0	0	0	0	passage_status/DSS-Numbers-Passage-Status.txt	206063	737	01623a319b8fa9cc40f91c406b7ab748e1a57e6da5228449d707481d29995364	L1595405-R001
Num	20	13	4Q27	1606675	PARTLY_RECONSTRUCTED	101	289	270	204	16	50	214	16	0	4	0	0	0	0	passage_status/DSS-Numbers-Passage-Status.txt	206800	864	84f5c4a97c3ea41b0dd31672de517455cf06818f9e024219bcd4a6c8257103a5	L1595406-R001,L1595406-R002,L1595407-R001,L1595408-R001,L1595409-R001,L1595410-R001,L1595411-R001
Num	20	16	4Q27	1606675	PARTLY_RECONSTRUCTED	17	58	53	52	0	1	57	0	0	1	0	0	0	0	passage_status/DSS-Numbers-Passage-Status.txt	207664	748	876fd4a210517f35da2fca3b0096a632fdcbde3c93dfe9186cbb975d5c70461f	L1595412-R001,L1595413-R001
Num	20	17	4Q27	1606675	PARTLY_RECONSTRUCTED	30	91	87	74	3	10	76	3	0	1	0	0	0	0	passage_status/DSS-Numbers-Passage-Status.txt	208412	760	3a5c28afad04b7387204fa4b8a297e8fa978204ffa5fd3eb9a250ba319dba449	L1595413-R002,L1595414-R001
Num	20	18	4Q27	1606675	ALL_LETTER_SLOTS_RECONSTRUCTED	14	45	40	40	0	0	45	0	0	1	0	0	0	0	passage_status/DSS-Numbers-Passage-Status.txt	209172	742	e7aa479c31ec650619fbf37d35d7fcdd6c40e12db9979594946ded194578ed95	L1595415-R001
Num	20	19	4Q27	1606675	PARTLY_RECONSTRUCTED	26	84	77	69	3	5	75	3	0	1	0	0	0	0	passage_status/DSS-Numbers-Passage-Status.txt	209914	775	dfc852111af38ebb23da121ce14984caf5d0b8ba0b738cd7d9a6fa638535b769	L1595415-R002,L1595416-R001,L1595417-R001
Num	20	20	4Q27	1606675	PARTLY_RECONSTRUCTED	24	65	60	48	5	7	50	5	0	1	0	0	0	0	passage_status/DSS-Numbers-Passage-Status.txt	210689	759	8c2357c7a6fa97289dc3d74297b0e5dbf9ca9e1986b49007c0ab167c378c1251	L1595417-R002,L1595418-R001
Num	20	21	4Q27	1606675	PARTLY_RECONSTRUCTED	15	47	43	33	7	3	37	7	0	1	0	0	0	0	passage_status/DSS-Numbers-Passage-Status.txt	211448	771	0c68a9fc9ecca1aee570d3ad529351113a91ef2222d47a929a1d48e6df642818	L1595418-R002,L1595419-R001
Num	20	22	4Q27	1606675	PARTLY_RECONSTRUCTED	15	38	36	33	1	2	33	1	0	1	0	0	0	0	passage_status/DSS-Numbers-Passage-Status.txt	212219	737	104beadd1540cb5dd3862c52562854e89f65436c592453a43c91daae1498b407	L1595420-R001
Num	20	23	4Q27	1606675	PARTLY_RECONSTRUCTED	16	43	41	26	1	14	28	1	0	1	0	0	0	0	passage_status/DSS-Numbers-Passage-Status.txt	212956	754	5d80186c02e7cdeff0e85909a5ed9564a48cacd018c53324630f58cd1c96867d	L1595420-R002,L1595421-R001
Num	20	24	4Q27	1606675	PARTLY_RECONSTRUCTED	23	71	66	24	7	35	25	7	0	2	0	0	0	0	passage_status/DSS-Numbers-Passage-Status.txt	213710	766	622461be4c920d789cf99039f8ca44655889be997f1363dc1fe6cb41d3ffbeb1	L1595421-R002,L1595422-R001
Num	20	25	4Q27	1606675	PARTLY_RECONSTRUCTED	14	39	35	23	5	7	27	5	0	1	0	0	0	0	passage_status/DSS-Numbers-Passage-Status.txt	214476	749	326f1d059a20141cdc90bb436e97bb8af75d278e6b164afc07dbb230e86f81ad	L1595423-R001
Num	20	26	4Q27	1606675	PARTLY_RECONSTRUCTED	18	60	55	32	3	19	36	3	0	1	0	1	0	0	passage_status/DSS-Numbers-Passage-Status.txt	215225	765	67bd717df3027ccdce78de258da24b70b2d763f388221c4ba457ea8694189ac4	L1595423-R002,L1595424-R001
Num	20	27	4Q27	1606675	PARTLY_RECONSTRUCTED	19	48	45	33	4	8	36	4	0	1	0	0	0	0	passage_status/DSS-Numbers-Passage-Status.txt	215990	765	237d48d826b73a2c9303bf83881b6323f9691eb8571aa02c83a42e43a6c74666	L1595424-R002,L1595425-R001
Num	20	28	4Q27	1606675	PARTLY_RECONSTRUCTED	30	88	82	48	12	22	54	12	0	2	0	0	0	0	passage_status/DSS-Numbers-Passage-Status.txt	216755	790	3d1b371c7c48b3c36e35f91a091726ffddc66e1c4bf68e74fabe530952f00ae3	L1595425-R002,L1595426-R001,L1595427-R001
Num	20	29	4Q27	1606675	PARTLY_RECONSTRUCTED	18	58	55	38	8	9	41	8	0	2	0	0	0	0	passage_status/DSS-Numbers-Passage-Status.txt	217545	759	c8f74b1edafb7e40cb69855d4b4e71c640a8cf2d983dac55698bfe8d0b361a06	L1595427-R002,L1595428-R001
Num	21	1	4Q27	1606675	PARTLY_RECONSTRUCTED	24	69	66	60	2	4	63	2	0	1	0	0	0	0	passage_status/DSS-Numbers-Passage-Status.txt	218304	757	993243cb9f89c1f6b1cb3e5475b401e4a9900c19aa4e0faa30152ca741b84d0a	L1595428-R002,L1595429-R001
Num	21	2	4Q27	1606675	PARTLY_RECONSTRUCTED	4	11	9	8	1	0	8	1	0	1	0	0	0	0	passage_status/DSS-Numbers-Passage-Status.txt	219061	731	1aa0bc16ecffdaf0707348eb6b5a4aab6dfa1e798d7d3a040d56fb5a9793dd4d	L1595429-R002
Num	21	12	4Q27	1606675	PARTLY_RECONSTRUCTED	38	108	102	85	5	12	91	5	0	2	0	0	0	0	passage_status/DSS-Numbers-Passage-Status.txt	219792	805	b88824fd704859c1b3c4b9635dd25c43c1da24b24f6ebcac3f2cf32cab61eaca	L1595430-R001,L1595431-R001,L1595432-R001,L1595432-R002
Num	21	13	4Q27	1606675	PARTLY_RECONSTRUCTED	34	97	90	81	4	5	86	4	0	3	0	0	0	0	passage_status/DSS-Numbers-Passage-Status.txt	220597	760	cca647f03ae035c7d755d1c78bfc64e6b7a261b674cf3866c4521d244b3bd066	L1595433-R001,L1595434-R001
Num	21	20	4Q27	1606675	PARTLY_RECONSTRUCTED	11	33	31	26	2	3	28	2	0	1	0	0	0	0	passage_status/DSS-Numbers-Passage-Status.txt	221357	737	9907129eaf3e2ff92f3db2c685ef94e3df53452ddfe0f6dd3378034d285f43ec	L1595435-R001
Num	21	21	4Q27	1606675	PARTLY_RECONSTRUCTED	52	155	145	132	4	9	140	4	0	2	0	0	0	0	passage_status/DSS-Numbers-Passage-Status.txt	222094	780	2c3c91767e312c91ba487b0e6e48137eb9311f072c144377002aa6ceffea6f91	L1595436-R001,L1595437-R001,L1595438-R001
Num	22	5	4Q27	1606675	PARTLY_RECONSTRUCTED	39	110	103	87	2	14	93	2	1	2	0	0	0	0	passage_status/DSS-Numbers-Passage-Status.txt	222874	776	3d1accd6eb7a8c22331872cd09066453672e4212d98cf973afaae53dcc818146	L1595439-R001,L1595440-R001,L1595441-R001
Num	22	6	4Q27	1606675	PARTLY_RECONSTRUCTED	36	107	99	75	3	21	82	3	0	1	0	0	0	0	passage_status/DSS-Numbers-Passage-Status.txt	223650	781	104867666ddbbb22ba0266100282e9a40178146b9157b9e43bdc96fca7794df6	L1595441-R002,L1595442-R001,L1595443-R001
Num	22	7	4Q27	1606675	PARTLY_RECONSTRUCTED	22	69	64	48	3	13	51	3	0	1	0	0	0	0	passage_status/DSS-Numbers-Passage-Status.txt	224431	764	640cced86192f97df6d75301c4c9eb8ac01510cba4026516e3011ab6b0527ac9	L1595444-R001,L1595445-R001
Num	22	8	4Q27	1606675	PARTLY_RECONSTRUCTED	23	78	72	31	12	30	33	12	0	2	0	0	0	0	passage_status/DSS-Numbers-Passage-Status.txt	225195	772	8b9798b61a7b798011dbcd09f2b3c3c8933eaee961934041fdac4b36e97f8a90	L1595445-R002,L1595446-R001
Num	22	9	4Q27	1606675	PARTLY_RECONSTRUCTED	15	47	43	15	2	26	15	2	0	1	0	0	0	0	passage_status/DSS-Numbers-Passage-Status.txt	225967	752	eec0a7731edcd344e627075e1393593e87003fb7e82d13ccde846d03147f61fb	L1595446-R002,L1595447-R001
Num	22	10	4Q27	1606675	PARTLY_RECONSTRUCTED	16	49	46	13	7	26	13	7	0	1	0	0	0	0	passage_status/DSS-Numbers-Passage-Status.txt	226719	772	91ef26086ec4c7ea97a97927885f51ddc11c79a0405ccf878476d940aa4468a5	L1595447-R002,L1595448-R001
Num	22	11	4Q27	1606675	PARTLY_RECONSTRUCTED	33	96	87	21	16	50	24	16	0	1	0	0	0	0	passage_status/DSS-Numbers-Passage-Status.txt	227491	774	a2098014fa72e8e2396ac28797195e24b4f17108f4b0cd166a2923432bbebbf7	L1595448-R002,L1595449-R001
Num	22	12	4Q27	1606675	PARTLY_RECONSTRUCTED	20	57	54	20	6	28	21	6	0	2	0	0	0	0	passage_status/DSS-Numbers-Passage-Status.txt	228265	760	02e81c190ef02f542686900635b2b701f5d445a9e6e46beebe94ab9dcb33cb29	L1595449-R002,L1595450-R001
Num	22	13	4Q27	1606675	PARTLY_RECONSTRUCTED	22	71	66	29	17	21	32	18	0	1	0	0	0	0	passage_status/DSS-Numbers-Passage-Status.txt	229025	774	a4db30d3a64e2ea3b877cc03c8c0c5d20855ee7e555fdc917f81cdcbfd061ca0	L1595450-R002,L1595451-R001
Num	22	14	4Q27	1606675	PARTLY_RECONSTRUCTED	16	54	50	15	4	31	15	4	0	1	0	0	0	0	passage_status/DSS-Numbers-Passage-Status.txt	229799	760	c7c7435d00061258491f85372b87413f2f116bb801a7e24358f0acf4e607a055	L1595451-R002,L1595452-R001
Num	22	15	4Q27	1606675	PARTLY_RECONSTRUCTED	12	36	34	18	7	9	18	7	0	1	0	0	0	0	passage_status/DSS-Numbers-Passage-Status.txt	230559	765	f195ebbc0b0ac208f4671759ad3c8123a4cf0f29fdafb66c3e022041816cce90	L1595452-R002,L1595453-R001
Num	22	16	4Q27	1606675	PARTLY_RECONSTRUCTED	21	65	61	27	8	26	29	8	0	1	0	0	0	0	passage_status/DSS-Numbers-Passage-Status.txt	231324	772	bd072b29cc5aab7504b219148165628670430d94eb4ae90275649d3c47703e12	L1595453-R002,L1595454-R001
Num	22	17	4Q27	1606675	PARTLY_RECONSTRUCTED	22	68	59	26	8	24	29	8	0	1	0	1	0	0	passage_status/DSS-Numbers-Passage-Status.txt	232096	777	f71ead7e86fe123364eb02c4a5c89b87fbe75ed6ee1c4f8abaca180eab90a71e	L1595454-R002,L1595455-R001
Num	22	18	4Q27	1606675	PARTLY_RECONSTRUCTED	33	100	93	48	12	33	52	12	0	2	0	0	0	0	passage_status/DSS-Numbers-Passage-Status.txt	232873	775	784693f8e5f8688a8cf6e2179131bb67700507b5a79897cff403d33d97dff883	L1595455-R002,L1595456-R001
Num	22	19	4Q27	1606675	PARTLY_RECONSTRUCTED	24	65	62	50	3	9	53	3	0	1	0	0	0	0	passage_status/DSS-Numbers-Passage-Status.txt	233648	765	902d9266bec75e82cee52a3aa980bfad37e89dc91c76bb6d4b68079998b30908	L1595457-R001,L1595458-R001
Num	22	20	4Q27	1606675	PARTLY_RECONSTRUCTED	33	101	94	63	6	25	65	6	0	1	0	0	0	0	passage_status/DSS-Numbers-Passage-Status.txt	234413	761	8242b605900090675106a6c682ac05a7785a8eb20ed23faffba60321ae783ba0	L1595458-R002,L1595459-R001
Num	22	21	4Q27	1606675	PARTLY_RECONSTRUCTED	15	43	40	33	1	6	34	1	0	1	0	0	0	0	passage_status/DSS-Numbers-Passage-Status.txt	235174	737	303ab4e8f5d75d85351ae9915755cb170c9cbd467dc07c14b511547e2af221e6	L1595460-R001
Num	22	31	4Q27	1606675	PARTLY_RECONSTRUCTED	21	60	55	46	9	0	49	9	0	1	0	0	0	0	passage_status/DSS-Numbers-Passage-Status.txt	235911	771	34503154cef074ce532351f8a3a478df1acf2ee5a724f586b1152a3518ccf2ce	L1595461-R001,L1595462-R001
Num	22	32	4Q27	1606675	PARTLY_RECONSTRUCTED	26	87	81	30	9	42	30	9	0	1	0	0	0	0	passage_status/DSS-Numbers-Passage-Status.txt	236682	772	953d64908008ba737b0d9cdb7c0b298bc45bcaed7347eb8bae0fa98945aeba7a	L1595462-R002,L1595463-R001
Num	22	33	4Q27	1606675	PARTLY_RECONSTRUCTED	26	79	72	8	14	49	9	14	0	1	0	1	0	0	passage_status/DSS-Numbers-Passage-Status.txt	237454	777	4dc9a0364beccb95e02f6e360952c00b5ddf510d70300fe9ccad8e6506cb7a06	L1595463-R002,L1595464-R001
Num	22	34	4Q27	1606675	NO_LETTER_RECONSTRUCTION_MARKED	22	66	63	0	7	56	0	7	0	1	0	0	0	0	passage_status/DSS-Numbers-Passage-Status.txt	238231	775	6a9e9dee1d60f6e29701217ee26c5641222b31199e149ca5c70fad91fa54299d	L1595464-R002,L1595465-R001
Num	22	37	4Q27	1606675	PARTLY_RECONSTRUCTED	13	44	39	35	2	2	40	2	0	1	0	0	0	0	passage_status/DSS-Numbers-Passage-Status.txt	239006	737	6b54d76cfd30ec8063a403df41b3e05bb84a82b60192013f9f9bca03ab0ebaf1	L1595466-R001
Num	22	38	4Q27	1606675	PARTLY_RECONSTRUCTED	18	57	54	50	2	2	51	2	0	1	0	0	0	0	passage_status/DSS-Numbers-Passage-Status.txt	239743	759	2d796e140c266eaed9d8e00e3c9abd33315fb74060844fcabcd8be991487c2ae	L1595466-R002,L1595467-R001
Num	22	40	4Q27	1606675	ALL_LETTER_SLOTS_RECONSTRUCTED	17	43	38	38	0	0	43	0	1	2	0	0	0	0	passage_status/DSS-Numbers-Passage-Status.txt	240502	742	eae4bc0c8b046bf781b7fc9d9977cc03ca5c9cab60a960005fd189943fe0cfef	L1595468-R001
Num	22	41	4Q27	1606675	PARTLY_RECONSTRUCTED	21	51	48	41	2	5	42	2	0	1	0	0	0	0	passage_status/DSS-Numbers-Passage-Status.txt	241244	753	c7eb4715cf04940c617c810673ef3582f3e08e1fc683cf5b85d48df3c74bf8fa	L1595468-R002,L1595469-R001
Num	23	1	4Q27	1606675	PARTLY_RECONSTRUCTED	22	64	60	47	3	10	51	3	0	1	0	0	0	0	passage_status/DSS-Numbers-Passage-Status.txt	241997	780	1cf1bf4af8364dd7df219d7aa557f97be838af0fb0e274261ab0bc1956586c3c	L1595469-R002,L1595470-R001,L1595471-R001
Num	23	2	4Q27	1606675	PARTLY_RECONSTRUCTED	18	43	41	25	5	11	25	5	0	1	0	0	0	0	passage_status/DSS-Numbers-Passage-Status.txt	242777	742	5e291d0e00957ef4198afe746a43ba6c59555126bd309e4845a5e78c7b98bf35	L1595471-R002
Num	23	3	4Q27	1606675	PARTLY_RECONSTRUCTED	39	128	121	67	7	46	71	7	0	1	0	1	0	0	passage_status/DSS-Numbers-Passage-Status.txt	243519	781	43dc33809cbaf91699b2e429976f772a4bb019379ba645d8cd140796f8a73d8a	L1595472-R001,L1595473-R001,L1595474-R001
Num	23	4	4Q27	1606675	PARTLY_RECONSTRUCTED	22	67	64	49	10	6	51	10	0	1	0	0	0	0	passage_status/DSS-Numbers-Passage-Status.txt	244300	765	41b52e1fc59a02044d841e93f3e3a08c648879c9b5222acab3713066a672b634	L1595474-R002,L1595475-R001
Num	23	5	4Q27	1606675	ALL_LETTER_SLOTS_RECONSTRUCTED	17	46	44	44	0	0	46	0	0	1	0	0	0	0	passage_status/DSS-Numbers-Passage-Status.txt	245065	756	9414cdd95125254a80355675b9a1479baa1e46efa7b445c28de11cc1d9ed4a04	L1595475-R002,L1595476-R001
Num	23	6	4Q27	1606675	PARTLY_RECONSTRUCTED	8	21	18	17	0	1	18	0	0	1	0	0	0	0	passage_status/DSS-Numbers-Passage-Status.txt	245821	729	cf2d731fd0895e8b93f4f9525669be8b23ca5546cf337eb9bf646dcadf2d6ccc	L1595476-R002
Num	23	13	4Q27	1606675	PARTLY_RECONSTRUCTED	26	82	72	69	1	2	78	1	0	1	0	0	0	0	passage_status/DSS-Numbers-Passage-Status.txt	246550	753	98af3c7e9d9912213409a071480fc4861770da77c278e361eebee3aad3e18e8a	L1595477-R001,L1595478-R001
Num	23	14	4Q27	1606675	PARTLY_RECONSTRUCTED	21	59	56	51	2	3	54	2	0	1	0	0	0	0	passage_status/DSS-Numbers-Passage-Status.txt	247303	753	6f3d9cbdfdd31dd836a587f8eccec16b1cba232e5bae142ba5166e05c2352bb0	L1595478-R002,L1595479-R001
Num	23	15	4Q27	1606675	PARTLY_RECONSTRUCTED	7	22	20	17	1	2	17	1	0	1	0	0	0	0	passage_status/DSS-Numbers-Passage-Status.txt	248056	736	6a9169a93efe25f67e8b3867ff9e01f82236551c744758250683bad7c6c4c6aa	L1595479-R002
Num	23	21	4Q27	1606675	PARTLY_RECONSTRUCTED	20	63	56	52	0	4	59	0	1	2	0	0	0	0	passage_status/DSS-Numbers-Passage-Status.txt	248792	748	151f5173f980c0459e4ff7048bd7d04a4a86b3d0a493ad7b86fc294bf5908ffc	L1595480-R001,L1595481-R001
Num	23	22	4Q27	1606675	PARTLY_RECONSTRUCTED	5	17	14	12	1	1	13	1	0	1	0	0	0	0	passage_status/DSS-Numbers-Passage-Status.txt	249540	736	5d78b8383d7e376ed85c6226dc6b7208f17b3b59bbd76d3d102e2430619db3e8	L1595481-R002
Num	23	27	4Q27	1606675	PARTLY_RECONSTRUCTED	11	35	30	17	6	7	22	6	0	2	0	0	0	0	passage_status/DSS-Numbers-Passage-Status.txt	250276	755	33d2505553e40d5e479065e6cd3b98e3ee53ae6b521cb795cff6633b74f13ca5	L1595482-R001
Num	23	28	4Q27	1606675	PARTLY_RECONSTRUCTED	15	41	39	17	6	16	19	6	0	1	0	0	0	0	passage_status/DSS-Numbers-Passage-Status.txt	251031	766	c273e1a47e92c5549ed5edfd3aeba943b503a713776e79f22b0770365d2cd9e1	L1595482-R002,L1595483-R001
Num	23	29	4Q27	1606675	PARTLY_RECONSTRUCTED	22	64	60	37	1	22	40	1	0	1	0	0	0	0	passage_status/DSS-Numbers-Passage-Status.txt	251797	754	9d9c08368eed418cd08810c7b081b18b4ff171dc5a8cf2964986e63c1ad6652b	L1595483-R002,L1595484-R001
Num	23	30	4Q27	1606675	PARTLY_RECONSTRUCTED	15	35	33	18	1	14	18	1	0	1	0	0	0	0	passage_status/DSS-Numbers-Passage-Status.txt	252551	754	e166758817868adb2ff5ddabc2f1f6abf7be480d6cf1fb442f8dd76909e882b0	L1595484-R002,L1595485-R001
Num	24	1	4Q27	1606675	PARTLY_RECONSTRUCTED	37	97	94	54	3	37	54	3	0	1	0	0	0	0	passage_status/DSS-Numbers-Passage-Status.txt	253305	774	e7f84c6e622eb339fda3c45307d7f7555a95f2bad98a284f58259da60ec84b1c	L1595485-R002,L1595486-R001,L1595487-R001
Num	24	2	4Q27	1606675	PARTLY_RECONSTRUCTED	18	58	53	38	2	13	41	2	0	1	0	0	0	0	passage_status/DSS-Numbers-Passage-Status.txt	254079	752	a03dac450167f2c78ed94447c4601db0f0d5f9777b8ebfbde374a744be9c47e4	L1595487-R002,L1595488-R001
Num	24	3	4Q27	1606675	PARTLY_RECONSTRUCTED	17	50	46	28	1	17	31	1	0	1	0	0	0	0	passage_status/DSS-Numbers-Passage-Status.txt	254831	736	ab7d43f57a192a74b7d6fc2952f3b145d38c8de00bd763f8c68f70546c097919	L1595489-R001
Num	24	4	4Q27	1606675	PARTLY_RECONSTRUCTED	9	30	28	20	6	2	22	6	0	1	0	0	0	0	passage_status/DSS-Numbers-Passage-Status.txt	255567	762	5825fba7752b3ef2ee3cff0ade68cfd77fd5baf164498ac8730e417e303c82ce	L1595489-R002,L1595490-R001
Num	24	5	4Q27	1606675	PARTLY_RECONSTRUCTED	7	36	32	30	2	0	33	2	0	1	0	0	0	0	passage_status/DSS-Numbers-Passage-Status.txt	256329	734	5aa9847d2c756729008177c921ffcfd4e490f59ebb380a881072b61391a9e238	L1595490-R002
Num	24	6	4Q27	1606675	PARTLY_RECONSTRUCTED	16	50	48	35	2	8	37	2	0	1	0	4	0	0	passage_status/DSS-Numbers-Passage-Status.txt	257063	746	ef295575f500fe58e3201abd3dd14bfac209fd1ebf73cff858a76798bf93d302	L1595491-R001
Num	24	7	4Q27	1606675	PARTLY_RECONSTRUCTED	18	54	48	34	1	13	37	1	0	1	0	0	0	0	passage_status/DSS-Numbers-Passage-Status.txt	257809	752	a894834c8ca1c5bd56a0b6136ee14613b81e060ff4c832a2c38c7a94d077e57c	L1595491-R002,L1595492-R001
Num	24	8	4Q27	1606675	PARTLY_RECONSTRUCTED	19	70	63	48	1	14	52	1	0	1	0	0	0	0	passage_status/DSS-Numbers-Passage-Status.txt	258561	752	7322b82d2d21d0fc26c12fba299c14fee06c5fb88d466adea8b580af92d77a90	L1595492-R002,L1595493-R001
Num	24	9	4Q27	1606675	PARTLY_RECONSTRUCTED	15	53	48	40	1	7	45	1	0	1	0	0	0	0	passage_status/DSS-Numbers-Passage-Status.txt	259313	735	6a8848473ba25966a9bcd1a74b13c49d4fa04266741051f87e789d0ec29ccd41	L1595494-R001
Num	24	10	4Q27	1606675	PARTLY_RECONSTRUCTED	16	45	42	36	1	5	37	1	0	1	0	0	0	0	passage_status/DSS-Numbers-Passage-Status.txt	260048	753	4060d1faa2ef43ab7b392ea4605f002cba0a05cd1ca53f6333e7ba0878a94172	L1595494-R002,L1595495-R001
Num	25	4	4Q27	1606675	PARTLY_RECONSTRUCTED	28	78	73	64	0	9	69	0	1	2	0	0	0	0	passage_status/DSS-Numbers-Passage-Status.txt	260801	762	4d64ce72ea941a2818018298ae05754db63633963c8e23b7025b4512d6e18188	L1595496-R001,L1595497-R001,L1595498-R001
Num	25	5	4Q27	1606675	PARTLY_RECONSTRUCTED	16	54	51	37	3	11	40	3	0	1	0	0	0	0	passage_status/DSS-Numbers-Passage-Status.txt	261563	758	05d0f4ee83248d4249dae6f7ef6ac29d6d65430ece78fdbf364aa58e31ac21b7	L1595498-R002,L1595499-R001
Num	25	6	4Q27	1606675	PARTLY_RECONSTRUCTED	31	90	87	77	5	5	80	5	0	1	0	0	0	0	passage_status/DSS-Numbers-Passage-Status.txt	262321	757	cdbf7722d9a8bcf11f055150db25433dbe87756d728e4f53910a35eed1f5bc0a	L1595499-R002,L1595500-R001
Num	25	7	4Q27	1606675	PARTLY_RECONSTRUCTED	21	56	53	49	1	3	52	1	0	1	0	0	0	0	passage_status/DSS-Numbers-Passage-Status.txt	263078	751	26b194eccaf40fe3dd9ce7ab604c77694b175752917eb26fbfe348f763442263	L1595501-R001,L1595502-R001
Num	25	8	4Q27	1606675	PARTLY_RECONSTRUCTED	14	42	39	37	0	2	38	0	0	1	0	0	0	0	passage_status/DSS-Numbers-Passage-Status.txt	263829	730	884afd8b877d1e9e7b56830825a26e48e3cef5ded357ce4ba468a88c339724fd	L1595502-R002
Num	25	16	4Q27	1606675	PARTLY_RECONSTRUCTED	15	41	37	34	2	1	38	2	1	2	0	0	0	0	passage_status/DSS-Numbers-Passage-Status.txt	264559	753	dc3d13a733b1fe6a0b6ff9a5bde4458279f3cea1708f512de9a863980abeb9c9	L1595503-R001,L1595504-R001
Num	25	17	4Q27	1606675	PARTLY_RECONSTRUCTED	8	28	25	16	0	9	19	0	0	1	0	0	0	0	passage_status/DSS-Numbers-Passage-Status.txt	265312	747	93c8054efc2fc4efda03e6cf6035c725ae018cb0833a488da4f2cabe6ba86cf5	L1595504-R002,L1595505-R001
Num	25	18	4Q27	1606675	PARTLY_RECONSTRUCTED	31	103	95	69	8	18	74	8	0	3	0	0	0	0	passage_status/DSS-Numbers-Passage-Status.txt	266059	783	6d2ede056cb03e68f1c26f703faca87eb82e73cc43df815e9b16182b02339242	L1595505-R002,L1595506-R001,L1595507-R001
Num	25	19	4Q27	1606675	ALL_LETTER_SLOTS_RECONSTRUCTED	6	15	13	13	0	0	13	0	0	1	0	0	0	0	passage_status/DSS-Numbers-Passage-Status.txt	266842	741	1596b7d1f1c4fbdf5f89f7347b20fbde691dd4ccc7fb2e01806710965a580065	L1595507-R002
Num	26	1	4Q27	1606675	PARTLY_RECONSTRUCTED	15	43	41	29	2	10	31	2	0	1	0	0	0	0	passage_status/DSS-Numbers-Passage-Status.txt	267583	758	cdcedbf09a0ce72ba9f1d236ee3a2d086f73f6337965f9641e337da0517120aa	L1595507-R003,L1595508-R001
Num	26	2	4Q27	1606675	PARTLY_RECONSTRUCTED	22	68	64	36	2	26	38	2	0	1	0	0	0	0	passage_status/DSS-Numbers-Passage-Status.txt	268341	752	6e9de9b7672423a0282dd1518f08cea0c1bc6e72709171cb659d2250ad446218	L1595508-R002,L1595509-R001
Num	26	3	4Q27	1606675	PARTLY_RECONSTRUCTED	19	59	56	48	2	6	51	2	0	1	0	0	0	0	passage_status/DSS-Numbers-Passage-Status.txt	269093	757	88acfe2f1be48fb698a7ab8faa499b221358d86eb379e76b77c0ad0cdd0c7448	L1595510-R001,L1595511-R001
Num	26	4	4Q27	1606675	PARTLY_RECONSTRUCTED	21	62	58	51	3	4	55	3	0	2	0	0	0	0	passage_status/DSS-Numbers-Passage-Status.txt	269850	751	9703cd390b09a109432b93d76e72b40dd5611a8d1e67d7bb113a5715f49fd568	L1595511-R002,L1595512-R001
Num	26	5	4Q27	1606675	PARTLY_RECONSTRUCTED	19	66	63	40	7	16	41	7	0	1	0	0	0	0	passage_status/DSS-Numbers-Passage-Status.txt	270601	770	3a034488663294672c1effcacafd2831e245124895c982bc481297894340337b	L1595512-R002,L1595513-R001
Num	26	6	4Q27	1606675	ALL_LETTER_SLOTS_RECONSTRUCTED	11	35	33	33	0	0	35	0	0	1	0	0	0	0	passage_status/DSS-Numbers-Passage-Status.txt	271371	740	f7f27b217268a7902423c092bbadd5760564775c4cdefc7b600e7ac445764b85	L1595514-R001
Num	26	7	4Q27	1606675	PARTLY_RECONSTRUCTED	17	61	58	45	3	10	48	3	0	1	0	0	0	0	passage_status/DSS-Numbers-Passage-Status.txt	272111	764	3059600f4533e8af2f54a3acea18dfcad6d6b5805257867c033794c5127a3e65	L1595514-R002,L1595515-R001
Num	26	8	4Q27	1606675	PARTLY_RECONSTRUCTED	4	15	12	6	0	6	7	0	0	2	0	0	0	0	passage_status/DSS-Numbers-Passage-Status.txt	272875	727	026790b9d9b5fb43196f15d26bc208d42b7c6ef2f835f28959db223da7b370e4	L1595515-R002
Num	26	9	4Q27	1606675	PARTLY_RECONSTRUCTED	30	93	90	72	10	8	74	10	0	1	0	0	0	0	passage_status/DSS-Numbers-Passage-Status.txt	273602	771	efcd863adcb152901940b1b6d8e7d2526dd2c1ecf0c88d42a183c9706b381804	L1595516-R001,L1595517-R001
Num	26	10	4Q27	1606675	PARTLY_RECONSTRUCTED	38	97	93	76	4	13	79	4	0	1	0	0	0	0	passage_status/DSS-Numbers-Passage-Status.txt	274373	782	4b94c3689c8b577d54a56bf2fd2d9999eb32250034f9d6463859b6416e7e7e2b	L1595517-R002,L1595518-R001,L1595519-R001
Num	26	11	4Q27	1606675	ALL_LETTER_SLOTS_RECONSTRUCTED	6	16	14	14	0	0	16	0	0	1	0	0	0	0	passage_status/DSS-Numbers-Passage-Status.txt	275155	757	37bf46b40b153d1fb0243eac9fb9c43ba196e30ce40b84e1bca4ae357b1d8eb5	L1595519-R002,L1595520-R001
Num	26	12	4Q27	1606675	PARTLY_RECONSTRUCTED	22	74	72	68	4	0	70	4	0	1	0	0	0	0	passage_status/DSS-Numbers-Passage-Status.txt	275912	765	9b9dc8e62d2714b654e42fe147122908d4f239cea0ff86ec5462bebf1ee03aac	L1595521-R001,L1595522-R001
Num	26	13	4Q27	1606675	ALL_LETTER_SLOTS_RECONSTRUCTED	11	32	30	30	0	0	32	0	0	1	0	0	0	0	passage_status/DSS-Numbers-Passage-Status.txt	276677	758	9c6da4d5103a8d19a0771247182a99124055b95e04eb8650b4d13d2d532e0c36	L1595522-R002,L1595523-R001
Num	26	14	4Q27	1606675	PARTLY_RECONSTRUCTED	13	46	43	31	3	9	32	3	0	1	0	0	0	0	passage_status/DSS-Numbers-Passage-Status.txt	277435	743	085026bc2864b0bcad761ebd98a5e698aa6e2568484225572911657f35e4c46f	L1595523-R002
Num	26	15	4Q27	1606675	PARTLY_RECONSTRUCTED	21	61	58	36	6	16	36	6	0	1	0	0	0	0	passage_status/DSS-Numbers-Passage-Status.txt	278178	766	5d6e435c411f54ee95bf78ee28d8879a2eaf98aa36453db58244e2e007b490b4	L1595524-R001,L1595525-R001
Num	26	16	4Q27	1606675	PARTLY_RECONSTRUCTED	11	30	28	16	1	11	18	1	0	1	0	0	0	0	passage_status/DSS-Numbers-Passage-Status.txt	278944	738	d19227af6ab611d2090360f2f349820e6c9fb97c82a8a692778890c4bf99bc84	L1595525-R002
Num	26	17	4Q27	1606675	PARTLY_RECONSTRUCTED	11	36	34	18	4	12	20	4	0	1	0	0	0	0	passage_status/DSS-Numbers-Passage-Status.txt	279682	766	efc8571127071bdfdc8a5d3539947efae08dd03e9973f307e0aeaca08d52a685	L1595525-R003,L1595526-R001
Num	26	18	4Q27	1606675	PARTLY_RECONSTRUCTED	14	48	45	41	0	4	43	0	0	1	0	0	0	0	passage_status/DSS-Numbers-Passage-Status.txt	280448	748	3f5381e97014a84ded76d7d4386a70866cb9ece529b303516b779d64deb585c7	L1595526-R002,L1595527-R001
Num	26	19	4Q27	1606675	PARTLY_RECONSTRUCTED	14	37	35	29	1	5	31	1	0	1	0	0	0	0	passage_status/DSS-Numbers-Passage-Status.txt	281196	753	29a3caa6932d03685f32c50ce6ccf9f1953d3ff0727bca99807d0937b449e334	L1595527-R002,L1595528-R001
Num	26	20	4Q27	1606675	PARTLY_RECONSTRUCTED	22	66	63	49	3	11	50	3	0	1	0	0	0	0	passage_status/DSS-Numbers-Passage-Status.txt	281949	766	870e9f4b4ff5c7091100773483e6ac5c61a3d966be88d8d3004525b826f962d4	L1595528-R002,L1595529-R001
Num	26	21	4Q27	1606675	PARTLY_RECONSTRUCTED	15	49	47	42	1	4	42	1	0	1	0	0	0	0	passage_status/DSS-Numbers-Passage-Status.txt	282715	753	1064569896c2360a050b526a98eaa79e374b219089a71caeed8d11723fbeb717	L1595529-R002,L1595530-R001
Num	26	22	4Q27	1606675	PARTLY_RECONSTRUCTED	13	45	42	39	1	2	42	1	0	1	0	0	0	0	passage_status/DSS-Numbers-Passage-Status.txt	283468	753	16e981ff4a4605ae2c4c0deefa3b63d5b0075f075148cc040f997bea0d1c105e	L1595530-R002,L1595531-R001
Num	26	23	4Q27	1606675	PARTLY_RECONSTRUCTED	15	50	47	42	3	2	43	3	0	1	0	0	0	0	passage_status/DSS-Numbers-Passage-Status.txt	284221	759	d9f670594a849941a93820b07a0dd514772a6018e372c3a45829fcc860a44bf6	L1595531-R002,L1595532-R001
Num	26	24	4Q27	1606675	PARTLY_RECONSTRUCTED	11	36	34	28	1	5	30	1	0	1	0	0	0	0	passage_status/DSS-Numbers-Passage-Status.txt	284980	753	c0a074389541450a5b2575e11b8a60ad57542ac00f82018826e2aa808ac8fda4	L1595532-R002,L1595533-R001
Num	26	25	4Q27	1606675	PARTLY_RECONSTRUCTED	13	47	44	41	3	0	43	3	0	1	0	0	0	0	passage_status/DSS-Numbers-Passage-Status.txt	285733	759	6a523caae3b8a81e05e1525a6b3c2679cdb5cf4fbf9e68a0aba4253112521795	L1595533-R002,L1595534-R001
Num	26	26	4Q27	1606675	PARTLY_RECONSTRUCTED	20	68	65	59	2	4	59	2	0	1	0	0	0	0	passage_status/DSS-Numbers-Passage-Status.txt	286492	759	c2236453ac9257efad0a43d9e8542652149a47940206d58c7f84d79baec5cee7	L1595534-R002,L1595535-R001
Num	26	27	4Q27	1606675	PARTLY_RECONSTRUCTED	11	41	38	35	1	2	38	1	0	1	0	0	0	0	passage_status/DSS-Numbers-Passage-Status.txt	287251	737	6122b5e4ce79e053d2f7c70c871f588e5d944c8072d87b87d4f8887a20f72af2	L1595536-R001
Num	26	28	4Q27	1606675	PARTLY_RECONSTRUCTED	8	28	25	16	2	7	19	2	0	1	0	0	0	0	passage_status/DSS-Numbers-Passage-Status.txt	287988	758	62739d51d08a7a8053fa6d1454afb24f91ed59396bafe5793087b4665d7324ad	L1595536-R002,L1595537-R001
Num	26	29	4Q27	1606675	PARTLY_RECONSTRUCTED	18	61	58	43	2	13	46	2	0	1	0	0	0	0	passage_status/DSS-Numbers-Passage-Status.txt	288746	754	f0899575f0ce0d3254dfe81ca01744cc57d04dd57771ac4438d156f9d0fd499c	L1595537-R002,L1595538-R001
Num	26	30	4Q27	1606675	PARTLY_RECONSTRUCTED	14	46	44	30	3	11	32	3	0	1	0	0	0	0	passage_status/DSS-Numbers-Passage-Status.txt	289500	766	6202dcf6c15d2f18ac21b0f4a9cc1c58fdfef440467c2d1db70c9b7f6fbbc6e7	L1595538-R002,L1595539-R001
Num	26	31	4Q27	1606675	PARTLY_RECONSTRUCTED	11	34	32	12	2	18	14	2	0	1	0	1	0	0	passage_status/DSS-Numbers-Passage-Status.txt	290266	759	4ff45b0ae919b3ee38c945999e713e891bfec0dc5f5020a2c533e965a5e94c1b	L1595539-R002,L1595540-R001
Num	26	32	4Q27	1606675	PARTLY_RECONSTRUCTED	11	36	34	17	0	17	17	0	0	1	0	0	0	0	passage_status/DSS-Numbers-Passage-Status.txt	291025	733	c715d39ca2e0166082a8da5190e47e8aacd8c4a1313a30f8305d1f5d14ec074b	L1595540-R002
Num	26	33	4Q27	1606675	PARTLY_RECONSTRUCTED	24	79	76	50	1	25	53	1	0	1	0	0	0	0	passage_status/DSS-Numbers-Passage-Status.txt	291758	770	454d1e32123735461f57e674d7bcf88b583316327cf443a3bb44400c42de60e7	L1595540-R003,L1595541-R001,L1595542-R001
Num	26	34	4Q27	1606675	NO_LETTER_RECONSTRUCTION_MARKED	7	28	25	0	0	25	0	0	0	1	0	0	0	0	passage_status/DSS-Numbers-Passage-Status.txt	292528	741	d90ef6e792284b5018a6839018753793990d3958b88eb05724a35df8df2af2d0	L1595542-R002
Num	26	62	4Q27	1606675	PARTLY_RECONSTRUCTED	15	50	47	25	11	11	25	11	0	1	0	0	0	0	passage_status/DSS-Numbers-Passage-Status.txt	293269	752	e4cd8223600dbb7a9c6d45344e109501329e4122b622fbf2002ba9e86b8495d0	L1595543-R001
Num	26	63	4Q27	1606675	PARTLY_RECONSTRUCTED	19	62	60	20	7	33	20	7	0	1	0	0	0	0	passage_status/DSS-Numbers-Passage-Status.txt	294021	772	153a299cfda86d239a10b63a5bbfe9b7a088a3050b177b14edf6fd89e704f5b0	L1595544-R001,L1595545-R001
Num	26	64	4Q27	1606675	PARTLY_RECONSTRUCTED	22	63	61	36	4	21	38	4	0	1	0	0	0	0	passage_status/DSS-Numbers-Passage-Status.txt	294793	766	1f3882326483cc381465150c57976f3c86c2c6d1f2b7ec349b7f6b59bce65fa8	L1595545-R002,L1595546-R001
Num	26	65	4Q27	1606675	PARTLY_RECONSTRUCTED	23	72	68	33	11	24	36	11	0	1	0	0	0	0	passage_status/DSS-Numbers-Passage-Status.txt	295559	790	757bd17d503b5704e2ba34203a9b32f39b49355824e3b716be742bbc32fccb57	L1595546-R002,L1595547-R001,L1595548-R001
Num	27	1	4Q27	1606675	PARTLY_RECONSTRUCTED	30	100	97	41	9	48	41	9	0	1	0	0	0	0	passage_status/DSS-Numbers-Passage-Status.txt	296349	765	8af04e73301b1babb3280c361d026a6589d7c15a4050f8e9382d9ef04444520e	L1595548-R002,L1595549-R001
Num	27	2	4Q27	1606675	PARTLY_RECONSTRUCTED	26	69	67	64	2	1	66	2	0	1	0	0	0	0	passage_status/DSS-Numbers-Passage-Status.txt	297114	757	3847d3c9a002a853bada19dd298aa58dda4ffe31f9d174ec75d3110fc90d54bf	L1595550-R001,L1595551-R001
Num	27	3	4Q27	1606675	PARTLY_RECONSTRUCTED	30	86	80	70	2	8	76	2	0	1	0	0	0	0	passage_status/DSS-Numbers-Passage-Status.txt	297871	757	5e3680a1f999403813e4cba051ecf1fb1248f93ee8bfee304137fc0c61cfeeba	L1595551-R002,L1595552-R001
Num	27	4	4Q27	1606675	PARTLY_RECONSTRUCTED	19	64	57	45	1	11	49	1	0	1	0	0	0	0	passage_status/DSS-Numbers-Passage-Status.txt	298628	752	3da6b235cda92910287d2ffa7424dc6d754739bfb399d0908b876e071533e110	L1595552-R002,L1595553-R001
Num	27	5	4Q27	1606675	PARTLY_RECONSTRUCTED	9	27	24	19	1	4	22	1	0	1	0	0	0	0	passage_status/DSS-Numbers-Passage-Status.txt	299380	750	814f574393d446a0b53cd5f87fbc13aa886d07c4416f33223f9ce23d391288ca	L1595553-R002,L1595554-R001
Num	27	6	4Q27	1606675	ALL_LETTER_SLOTS_RECONSTRUCTED	8	22	20	20	0	0	22	0	0	1	0	0	0	0	passage_status/DSS-Numbers-Passage-Status.txt	300130	739	a28df43834c9525165b467973256b29b06601e8046b0fbfe7c0dd712a518dd7c	L1595555-R001
Num	27	7	4Q27	1606675	PARTLY_RECONSTRUCTED	20	78	72	68	2	2	74	2	0	1	0	0	0	0	passage_status/DSS-Numbers-Passage-Status.txt	300869	757	bf39dd218a594be82c4112e298555000cfa5077389fe2029c2451885da61a0ab	L1595555-R002,L1595556-R001
Num	27	8	4Q27	1606675	PARTLY_RECONSTRUCTED	21	59	54	48	2	4	50	2	0	1	0	0	0	0	passage_status/DSS-Numbers-Passage-Status.txt	301626	741	b93e335e3124ebb5df5c304a559287f1768ffa381f5165b94c7997ec3b8dfeec	L1595557-R001
Num	27	9	4Q27	1606675	ALL_LETTER_SLOTS_RECONSTRUCTED	12	32	27	27	0	0	32	0	0	1	0	0	0	0	passage_status/DSS-Numbers-Passage-Status.txt	302367	740	7857a39294448efa667bf60cf7f632f42ea78773ddaa73e3367c4465981f50c7	L1595558-R001
Num	27	10	4Q27	1606675	PARTLY_RECONSTRUCTED	9	22	19	15	1	3	16	1	0	1	0	0	0	0	passage_status/DSS-Numbers-Passage-Status.txt	303107	736	ee913b93c24bb985d8afd457a0bf9e869df85f7f0b2c147103e73dee3b064b31	L1595558-R002
Num	27	18	4Q27	1606675	PARTLY_RECONSTRUCTED	23	69	61	55	3	3	62	3	1	2	0	0	0	0	passage_status/DSS-Numbers-Passage-Status.txt	303843	775	4ebc3019f594a933856d45faf1fd7de12c7d66cc33b626084f10903ee99dd28c	L1595559-R001,L1595560-R001,L1595561-R001
Num	27	19	4Q27	1606675	PARTLY_RECONSTRUCTED	17	50	46	44	0	2	46	0	0	1	0	0	0	0	passage_status/DSS-Numbers-Passage-Status.txt	304618	732	ea6b3a67744660414eb8d558b91a6665c2245cebeb113a8d23a5dd7506a20f24	L1595561-R002
Num	27	21	4Q27	1606675	PARTLY_RECONSTRUCTED	15	42	38	30	2	6	31	2	0	1	0	0	0	0	passage_status/DSS-Numbers-Passage-Status.txt	305350	753	627fe844bf873228cf5e51a252c85c56b74981f4b6905c62082730fa09dca670	L1595562-R001,L1595563-R001
Num	27	22	4Q27	1606675	PARTLY_RECONSTRUCTED	28	77	73	42	1	30	43	1	0	1	0	0	0	0	passage_status/DSS-Numbers-Passage-Status.txt	306103	754	60560ce86a25ec069dc99261f9e5ad2b8358eacaa517743d7aedac283c0d5258	L1595563-R002,L1595564-R001
Num	27	23	4Q27	1606675	PARTLY_RECONSTRUCTED	35	107	98	28	2	68	30	2	0	2	0	0	0	0	passage_status/DSS-Numbers-Passage-Status.txt	306857	782	b3d7c21e4a11d36dd5d573d12e126febf44dc2da65a5bf110d8b7a1aedfe0c29	L1595565-R001,L1595565-R002,L1595566-R001
Num	28	13	4Q27	1606675	NO_LETTER_RECONSTRUCTION_MARKED	3	7	5	0	0	5	0	0	0	1	0	0	0	0	passage_status/DSS-Numbers-Passage-Status.txt	307639	738	8f60a1488fc603ab6d48e6ff14f6e180766867ba2e29df18f1bd9d1a541ae07c	L1595567-R001
Num	28	14	4Q27	1606675	PARTLY_RECONSTRUCTED	33	88	85	40	3	42	40	3	0	1	0	0	0	0	passage_status/DSS-Numbers-Passage-Status.txt	308377	782	c93aecc3ce65301e0b6bd3959f95d5bfe6ddcd8ac6fcac7406308c865a47f47a	L1595567-R002,L1595568-R001,L1595569-R001
Num	28	15	4Q27	1606675	PARTLY_RECONSTRUCTED	16	45	42	26	1	15	28	1	0	1	0	0	0	0	passage_status/DSS-Numbers-Passage-Status.txt	309159	754	8bee6c839ed01a2ae491bb4540ed71b09dfaac6da36028d4a745bcd33c8f8558	L1595569-R002,L1595570-R001
Num	28	16	4Q27	1606675	PARTLY_RECONSTRUCTED	15	39	37	28	1	8	30	1	0	1	0	0	0	0	passage_status/DSS-Numbers-Passage-Status.txt	309913	737	c67d591dae374e9c4fce4d49032919d2de6adcfb87e0c4fa2373e68d8ad4277d	L1595571-R001
Num	28	17	4Q27	1606675	PARTLY_RECONSTRUCTED	15	42	40	31	4	5	31	4	0	1	0	0	0	0	passage_status/DSS-Numbers-Passage-Status.txt	310650	743	6f39c203eb33c9ed78cf8bf5937c0b287d1d2c310ba3c8f65e52f2c50c48520a	L1595572-R001
Num	28	28	4Q27	1606675	PARTLY_RECONSTRUCTED	14	40	38	36	2	0	38	2	0	1	0	0	0	0	passage_status/DSS-Numbers-Passage-Status.txt	311393	743	12f7f66cb90bd922ee9dfe722d488ee9e6d56f521cf0ac566576048eeb90fa49	L1595573-R001
Num	28	29	4Q27	1606675	ALL_LETTER_SLOTS_RECONSTRUCTED	12	32	30	30	0	0	32	0	0	1	0	0	0	0	passage_status/DSS-Numbers-Passage-Status.txt	312136	758	21a9adfc7298f3c75ed9d0ad186dc61fd704c8c4a26857d9c62fda398f099072	L1595573-R002,L1595574-R001
Num	28	30	4Q27	1606675	PARTLY_RECONSTRUCTED	10	30	27	21	1	5	24	1	0	1	0	0	0	0	passage_status/DSS-Numbers-Passage-Status.txt	312894	737	d56b001c96107039ed9af07eacfe83d15ffaaff3dc6f50ab3fc3c1a3affec98c	L1595574-R002
Num	28	31	4Q27	1606675	PARTLY_RECONSTRUCTED	17	54	46	41	3	2	46	3	0	2	0	0	0	0	passage_status/DSS-Numbers-Passage-Status.txt	313631	765	b17ac1099665a27e35c2572855b588ea704aa5e953e882ea6135010b656fd39e	L1595574-R003,L1595575-R001
Num	29	10	4Q27	1606675	PARTLY_RECONSTRUCTED	13	34	30	28	2	0	32	2	1	2	0	0	0	0	passage_status/DSS-Numbers-Passage-Status.txt	314396	737	43aa5fdf49f4c11abde8894c345d5aed9c532847d479703ad7d085a7cde041bc	L1595576-R001
Num	29	11	4Q27	1606675	PARTLY_RECONSTRUCTED	21	59	55	50	1	4	53	1	0	1	0	0	0	0	passage_status/DSS-Numbers-Passage-Status.txt	315133	753	1f1d04b256b62dd1ac5369614577d31034c96ef851a74fd0a2d3128589d35e6e	L1595576-R002,L1595577-R001
Num	29	12	4Q27	1606675	PARTLY_RECONSTRUCTED	28	86	83	79	0	4	82	0	0	1	0	0	0	0	passage_status/DSS-Numbers-Passage-Status.txt	315886	748	0971bdc4b09d83d910e5683d28dfeb1d08e7e952dbb704d5ad36b259079bbabc	L1595578-R001,L1595579-R001
Num	29	13	4Q27	1606675	PARTLY_RECONSTRUCTED	9	29	27	24	3	0	24	3	0	1	0	0	0	0	passage_status/DSS-Numbers-Passage-Status.txt	316634	742	63bb163fc470d59d827ef1c8cfd9941d5e2fe000349050490c1e79b137066216	L1595579-R002
Num	29	15	4Q27	1606675	ALL_LETTER_SLOTS_RECONSTRUCTED	5	16	13	13	0	0	16	0	0	1	0	0	0	0	passage_status/DSS-Numbers-Passage-Status.txt	317376	741	e7f5c93b78bd7ba9e66bbb67817fd06de0b6485e6c3cf3d4a52338852a755106	L1595580-R001
Num	29	16	4Q27	1606675	PARTLY_RECONSTRUCTED	17	46	42	40	2	0	44	2	0	1	0	0	0	0	passage_status/DSS-Numbers-Passage-Status.txt	318117	737	cc4347b467472d194e89c644b1212d5d36548639886a0f71ff87adc48fddd0f7	L1595580-R002
Num	29	17	4Q27	1606675	PARTLY_RECONSTRUCTED	19	62	60	52	1	7	54	1	0	1	0	0	0	0	passage_status/DSS-Numbers-Passage-Status.txt	318854	753	5f6ec215dc08a6666c986c30d073f49120fa7c9fc2632fb7d9331ea4a5337ae1	L1595581-R001,L1595582-R001
Num	29	18	4Q27	1606675	PARTLY_RECONSTRUCTED	16	47	42	41	0	1	46	0	0	1	0	0	0	0	passage_status/DSS-Numbers-Passage-Status.txt	319607	732	e6116b3fe5867ad8e909a1baea55dd11589b02d4b7f40f3c42fc48dc8a25678b	L1595582-R002
Num	29	26	4Q27	1606675	PARTLY_RECONSTRUCTED	16	55	53	45	2	6	47	2	0	1	0	0	0	0	passage_status/DSS-Numbers-Passage-Status.txt	320339	759	57032b4afbb3103e7503b941de298f3dac4e301433ccddd2d90dddfdca6b4857	L1595583-R001,L1595584-R001
Num	29	27	4Q27	1606675	PARTLY_RECONSTRUCTED	16	47	42	34	0	8	39	0	0	1	0	0	0	0	passage_status/DSS-Numbers-Passage-Status.txt	321098	748	1bdd7fb3de7dada30d7d5ab08bb43aa4d75a9a55abc9d3d18603ea4d92d6e4a9	L1595584-R002,L1595585-R001
Num	29	28	4Q27	1606675	PARTLY_RECONSTRUCTED	20	57	52	37	2	13	41	2	0	1	0	0	0	0	passage_status/DSS-Numbers-Passage-Status.txt	321846	760	167c5c32aff713fdb0dee42ea9978a14f60a40be93f38def15c16198072007ab	L1595585-R002,L1595586-R001
Num	29	29	4Q27	1606675	PARTLY_RECONSTRUCTED	16	54	52	43	0	9	45	0	0	1	0	0	0	0	passage_status/DSS-Numbers-Passage-Status.txt	322606	748	bfc5aaee8edf5b55737cfbb5edb33fe18b6171d53920e398a29fb8e2ea7f04d5	L1595587-R001,L1595588-R001
Num	29	30	4Q27	1606675	PARTLY_RECONSTRUCTED	14	42	37	30	1	6	32	1	0	1	0	0	0	0	passage_status/DSS-Numbers-Passage-Status.txt	323354	737	a13bb0fb11e44b9b187576663c1b4898681034037b4b9cd4c056a61142e7515b	L1595588-R002
Num	29	39	4Q27	1606675	ALL_LETTER_SLOTS_RECONSTRUCTED	7	22	18	18	0	0	22	0	0	1	0	0	0	0	passage_status/DSS-Numbers-Passage-Status.txt	324091	741	05c12ab26591a37ce7241e9081750344ecd73ea0eac42ffda7be4196eea0887c	L1595589-R001
Num	30	1	4Q27	1606675	PARTLY_RECONSTRUCTED	14	42	40	21	2	17	23	2	0	1	0	0	0	0	passage_status/DSS-Numbers-Passage-Status.txt	324832	736	697acd7e86042c0c2b83ce81bcf210138685184cf3b1f4580ae29e50871fa42a	L1595590-R001
Num	30	2	4Q27	1606675	PARTLY_RECONSTRUCTED	19	52	50	36	2	12	38	2	0	1	0	0	0	0	passage_status/DSS-Numbers-Passage-Status.txt	325568	758	42fb7b9ff7614f26ba92bf83383ade14c87dc38e98e5815b579a15d7027e9703	L1595590-R002,L1595591-R001
Num	30	3	4Q27	1606675	PARTLY_RECONSTRUCTED	17	52	49	39	1	9	40	1	0	1	0	0	0	0	passage_status/DSS-Numbers-Passage-Status.txt	326326	751	90377c40da46220f3fb7671deba81a48e538d9c09357979bd703f3929da0577b	L1595591-R002,L1595592-R001
Num	30	5	4Q27	1606675	PARTLY_RECONSTRUCTED	2	9	6	2	3	1	2	3	0	1	0	0	0	0	passage_status/DSS-Numbers-Passage-Status.txt	327077	736	e77f5df32d6d9060291c1d10ec96e9bd2f44ea1c4403f089745051410e6c34fb	L1595593-R001
Num	30	6	4Q27	1606675	PARTLY_RECONSTRUCTED	28	99	88	72	6	10	78	6	0	1	0	0	0	0	passage_status/DSS-Numbers-Passage-Status.txt	327813	764	ff0db66be653cd35a6d75980bbb4b9c643f250af1b84a7686d6412cefde094db	L1595593-R002,L1595594-R001
Num	30	7	4Q27	1606675	PARTLY_RECONSTRUCTED	17	54	48	31	4	13	34	4	0	1	0	0	0	0	passage_status/DSS-Numbers-Passage-Status.txt	328577	770	67cccadb1e51cc67400c1abba05a95632488007b6528356705d137669c1a2746	L1595594-R002,L1595595-R001
Num	30	8	4Q27	1606675	PARTLY_RECONSTRUCTED	22	73	65	28	8	29	30	8	0	1	0	0	0	0	passage_status/DSS-Numbers-Passage-Status.txt	329347	786	8aa8e718e7e4fdad2c17b367459079017e53d451fbbb51a2ef6151e4b91d0634	L1595595-R002,L1595596-R001,L1595597-R001
Num	30	9	4Q27	1606675	PARTLY_RECONSTRUCTED	16	49	43	27	0	16	29	0	0	1	0	0	0	0	passage_status/DSS-Numbers-Passage-Status.txt	330133	731	e00e149d14a956361ac254f0d5cf55202cfd3610bb636673ace9a0ae711c8789	L1595597-R002
Num	30	15	4Q27	1606675	PARTLY_RECONSTRUCTED	20	70	62	61	1	0	69	1	0	1	0	0	0	0	passage_status/DSS-Numbers-Passage-Status.txt	330864	753	bbe02855ded638c54fd635157b66804b60dbcdaf399bae80cfb9b9ae590371ac	L1595598-R001,L1595599-R001
Num	30	16	4Q27	1606675	PARTLY_RECONSTRUCTED	13	41	36	31	2	3	35	2	0	1	0	0	0	0	passage_status/DSS-Numbers-Passage-Status.txt	331617	759	a475f7ead9341e8bd16b08ed915dd780b45d0642bcdfa1b35f30c545b4bef304	L1595599-R002,L1595600-R001
Num	30	17	4Q27	1606675	PARTLY_RECONSTRUCTED	23	67	61	60	1	0	66	1	0	1	0	0	0	0	passage_status/DSS-Numbers-Passage-Status.txt	332376	753	7fd7852a6462d180706c51af041a47cf3f799691c3f75d2532409f9b59eb4418	L1595600-R002,L1595601-R001
Num	31	1	4Q27	1606675	ALL_LETTER_SLOTS_RECONSTRUCTED	8	22	20	20	0	0	22	0	0	1	0	0	0	0	passage_status/DSS-Numbers-Passage-Status.txt	333129	739	b259d8132900cbbcea9982d62826b404d35b136bb39bcb4d7cf7d9cb10f170b3	L1595602-R001
Num	31	2	4Q27	1606675	PARTLY_RECONSTRUCTED	15	46	43	31	2	10	34	2	0	1	0	0	0	0	passage_status/DSS-Numbers-Passage-Status.txt	333868	752	d1b98c876e1bba34878cf87527b7ffb769d2bd42b5fdc60e05e57f6922d49529	L1595602-R002,L1595603-R001
Num	31	3	4Q27	1606675	PARTLY_RECONSTRUCTED	25	74	71	54	1	16	55	1	0	1	0	0	0	0	passage_status/DSS-Numbers-Passage-Status.txt	334620	752	15fc2381206dcbafae5e8674bf0642cd161ab943170654459d0bd7b06d93d860	L1595603-R002,L1595604-R001
Num	31	4	4Q27	1606675	PARTLY_RECONSTRUCTED	15	41	39	32	1	6	34	1	0	1	0	0	0	0	passage_status/DSS-Numbers-Passage-Status.txt	335372	751	bf76d5a8f68ef93d41da1fde221246951720c8da459161a962d538054b4c95ab	L1595604-R002,L1595605-R001
Num	31	5	4Q27	1606675	PARTLY_RECONSTRUCTED	22	66	64	49	4	11	49	4	0	1	0	0	0	0	passage_status/DSS-Numbers-Passage-Status.txt	336123	758	59851c4be5b15325b0939eb3b35a85c74ad6022a6709988b82f031303514f7c5	L1595605-R002,L1595606-R001
Num	31	6	4Q27	1606675	PARTLY_RECONSTRUCTED	27	74	70	59	7	4	61	7	0	1	0	0	0	0	passage_status/DSS-Numbers-Passage-Status.txt	336881	769	7f34eb3529908d3da4200cc0b3676cd07c985dfdde8992a9ac866e5a69075f96	L1595606-R002,L1595607-R001
Num	31	21	4Q27	1606675	PARTLY_RECONSTRUCTED	5	15	13	10	1	2	12	1	0	1	0	0	0	0	passage_status/DSS-Numbers-Passage-Status.txt	337650	737	3defff8c5fb73e5318100d7399682974c23b335f7d4b033d4f244cf1ec6bd9a9	L1595608-R001
Num	31	22	4Q27	1606675	PARTLY_RECONSTRUCTED	24	50	48	47	0	1	49	0	0	1	0	0	0	0	passage_status/DSS-Numbers-Passage-Status.txt	338387	748	b15b3a4ed748ed6329b9ed272748c4b00f27a1b40f60be6dd2fe4e41680e28c5	L1595608-R002,L1595609-R001
Num	31	23	4Q27	1606675	PARTLY_RECONSTRUCTED	28	73	71	67	2	2	69	2	0	1	0	0	0	0	passage_status/DSS-Numbers-Passage-Status.txt	339135	759	dd51edbf4a6eb9c0906e9e92acc5fe840b8cd7ea3202e46a2d2476647402cf8e	L1595609-R002,L1595610-R001
Num	31	24	4Q27	1606675	PARTLY_RECONSTRUCTED	16	48	45	40	1	4	43	1	0	1	0	0	0	0	passage_status/DSS-Numbers-Passage-Status.txt	339894	753	b4d27cd45be2b8af24a9cd4894754927c09597ef2e22f04e60ec8180b1361570	L1595610-R002,L1595611-R001
Num	31	25	4Q27	1606675	PARTLY_RECONSTRUCTED	8	23	21	19	2	0	21	2	0	1	0	0	0	0	passage_status/DSS-Numbers-Passage-Status.txt	340647	742	e6594e8a2319896d86ad680c5280a3b76abcbb16a5b7671608868159029332ca	L1595612-R001
Num	31	26	4Q27	1606675	ALL_LETTER_SLOTS_RECONSTRUCTED	13	30	28	28	0	0	28	0	0	1	0	0	0	0	passage_status/DSS-Numbers-Passage-Status.txt	341389	742	4bc404bf5ae234a84ac86b3e348804e10dc7fcc427b53e2de85cad1e0e76665d	L1595612-R002
Num	31	30	4Q27	1606675	PARTLY_RECONSTRUCTED	33	96	91	68	7	16	71	7	0	3	0	0	0	0	passage_status/DSS-Numbers-Passage-Status.txt	342131	772	9d22b54eed3669f7367c1e2e06dda042e9bbea6ea57bec78c8457955b79228ff	L1595613-R001,L1595614-R001
Num	31	31	4Q27	1606675	PARTLY_RECONSTRUCTED	14	38	36	30	4	2	30	4	0	1	0	0	0	0	passage_status/DSS-Numbers-Passage-Status.txt	342903	749	8a0177d3bf157a5a6e14ec6f72d0826f0e0955337f0b0d19763e3ef196d82141	L1595615-R001
Num	31	32	4Q27	1606675	PARTLY_RECONSTRUCTED	23	63	61	33	4	24	33	4	0	1	0	0	0	0	passage_status/DSS-Numbers-Passage-Status.txt	343652	772	4a5475d714fa2aad3354f1c731b91dd406e8f1ef47bac71cd2606e2f92cd4bfd	L1595615-R002,L1595616-R001
Num	31	33	4Q27	1606675	PARTLY_RECONSTRUCTED	7	19	17	13	2	2	15	2	0	1	0	0	0	0	passage_status/DSS-Numbers-Passage-Status.txt	344424	758	92d6b1d6aee5a87923764b4015fcbcf124450014f86aba8a08fd174d7b235657	L1595616-R002,L1595617-R001
Num	31	34	4Q27	1606675	ALL_LETTER_SLOTS_RECONSTRUCTED	7	20	18	18	0	0	20	0	0	1	0	0	0	0	passage_status/DSS-Numbers-Passage-Status.txt	345182	741	0f4948eda97cc22398e5ddc3aae6436dd76fb3ad0241b5dfaef746d2611ed5b7	L1595617-R002
Num	31	35	4Q27	1606675	PARTLY_RECONSTRUCTED	18	53	51	37	1	13	39	1	0	1	0	0	0	0	passage_status/DSS-Numbers-Passage-Status.txt	345923	754	83485c0cca24e7ab59329457259ab9c883a65ef1e932b26b1143be4fed078dc7	L1595617-R003,L1595618-R001
Num	31	36	4Q27	1606675	PARTLY_RECONSTRUCTED	24	72	70	54	7	9	54	7	0	1	0	0	0	0	passage_status/DSS-Numbers-Passage-Status.txt	346677	765	53e622d0a37e21b950cf8a09c3f3e89ef0ca7358d77898844febe5a18b4f5f8f	L1595618-R002,L1595619-R001
Num	31	37	4Q27	1606675	ALL_LETTER_SLOTS_RECONSTRUCTED	15	38	36	36	0	0	38	0	0	1	0	0	0	0	passage_status/DSS-Numbers-Passage-Status.txt	347442	742	86fa5050a64c0f159c6f931d354f37eb7f462c4790d6c65487e70f2f4a63d6aa	L1595620-R001
Num	31	38	4Q27	1606675	PARTLY_RECONSTRUCTED	7	19	17	15	2	0	15	2	0	1	0	0	0	0	passage_status/DSS-Numbers-Passage-Status.txt	348184	736	c7cc2d6aa06c90ce8849211552e06ed7b911696b23e80ff94e2a45ee03b551b6	L1595620-R002
Num	31	43	4Q27	1606675	PARTLY_RECONSTRUCTED	16	48	46	41	3	2	43	3	0	1	0	0	0	0	passage_status/DSS-Numbers-Passage-Status.txt	348920	743	bc2623131f762610663bb4e91960c84b0efcd584ed62735e69defb899fa11f95	L1595621-R001
Num	31	44	4Q27	1606675	PARTLY_RECONSTRUCTED	7	19	17	5	3	9	7	3	0	1	0	0	0	0	passage_status/DSS-Numbers-Passage-Status.txt	349663	750	5b7fec6e30efc3bfbb69326853b273993fc92f2081d733f3493004bb038be8d5	L1595621-R002,L1595622-R001
Num	31	45	4Q27	1606675	ALL_LETTER_SLOTS_RECONSTRUCTED	8	26	24	24	0	0	26	0	0	1	0	0	0	0	passage_status/DSS-Numbers-Passage-Status.txt	350413	741	b7452c519b7771abf32b446b892e132e3bde1702304dffc8549f8fb8b2dbcafe	L1595622-R002
Num	31	46	4Q27	1606675	PARTLY_RECONSTRUCTED	7	18	16	13	1	2	13	1	0	1	0	0	0	0	passage_status/DSS-Numbers-Passage-Status.txt	351154	752	2c8efa9fce9aeec3893f5fc12a66e731b057d8513e7ea9a8a99b601cb46f389b	L1595622-R003,L1595623-R001
Num	31	47	4Q27	1606675	PARTLY_RECONSTRUCTED	19	53	49	45	0	4	49	0	1	2	0	0	0	0	passage_status/DSS-Numbers-Passage-Status.txt	351906	764	98419a1e1bf7a5cd7f09c4e153d0adec0cb096f8dfa6569601cadfd9b0c1959c	L1595623-R002,L1595624-R001,L1595625-R001
Num	31	48	4Q27	1606675	PARTLY_RECONSTRUCTED	26	69	67	33	10	24	33	10	0	1	0	0	0	0	passage_status/DSS-Numbers-Passage-Status.txt	352670	774	9d69cbae26e9fab00074dcd2ae19357c9532940857af5276d103c933e35937b3	L1595626-R001,L1595627-R001
Num	31	49	4Q27	1606675	PARTLY_RECONSTRUCTED	20	67	62	31	2	29	32	2	0	1	0	0	0	0	passage_status/DSS-Numbers-Passage-Status.txt	353444	754	da571e87fcbd1c399762185396576ce35e0fc8b192d5f545b893d56a8d9fe315	L1595627-R002,L1595628-R001
Num	31	50	4Q27	1606675	PARTLY_RECONSTRUCTED	27	81	78	58	5	15	61	5	0	1	0	0	0	0	passage_status/DSS-Numbers-Passage-Status.txt	354198	766	c26362821cec56520c51e80a6b1af13375d544b8796512a3fdbcfde0fd959f37	L1595628-R002,L1595629-R001
Num	31	51	4Q27	1606675	PARTLY_RECONSTRUCTED	16	42	39	23	5	11	23	5	0	1	0	0	0	0	passage_status/DSS-Numbers-Passage-Status.txt	354964	766	c6a4f043b3b94cbcafcf60df357e4ba823e9996189b8562c7c26ccbd276fb24b	L1595629-R002,L1595630-R001
Num	31	52	4Q27	1606675	PARTLY_RECONSTRUCTED	31	81	79	49	3	27	51	3	0	1	0	0	0	0	passage_status/DSS-Numbers-Passage-Status.txt	355730	754	50918b50b86a0da0338e2aac69a8c8687b137a2f3bd2423da22d1d9deaaea72f	L1595630-R002,L1595631-R001
Num	31	53	4Q27	1606675	NO_LETTER_RECONSTRUCTION_MARKED	7	20	17	0	1	16	0	1	0	1	0	0	0	0	passage_status/DSS-Numbers-Passage-Status.txt	356484	746	61af48af55acc2e5fc21b7f4f2b96e32059a9fb05011ac22bd9e0b66043486e4	L1595632-R001
Num	31	54	4Q27	1606675	PARTLY_RECONSTRUCTED	32	89	86	42	2	42	44	2	0	1	0	0	0	0	passage_status/DSS-Numbers-Passage-Status.txt	357230	760	5d64b585ee3d68262acf540cf785650539a9da80ee49e4856e4010a8fb804e50	L1595632-R002,L1595633-R001
Num	32	1	4Q27	1606675	PARTLY_RECONSTRUCTED	35	92	89	59	6	24	62	6	0	1	0	0	0	0	passage_status/DSS-Numbers-Passage-Status.txt	357990	764	b48f01b3a8f304166c555db86b748c7928d7c0743801e1f781bea1f1fa7ec60c	L1595634-R001,L1595635-R001
Num	32	2	4Q27	1606675	ALL_LETTER_SLOTS_RECONSTRUCTED	8	22	20	20	0	0	20	0	0	1	0	0	0	0	passage_status/DSS-Numbers-Passage-Status.txt	358754	739	4c149c51b3da50e5abddfad86aaf1ece84fe97efdce6b72d9b54e3d3b6fb52fb	L1595635-R002
Num	32	4	4Q27	1606675	PARTLY_RECONSTRUCTED	9	31	28	25	3	0	28	3	0	1	0	0	0	0	passage_status/DSS-Numbers-Passage-Status.txt	359493	740	4dc07704c1e6c95df55dad0bbae75f228faed3c22037a08e03c5b634393c7cea	L1595636-R001
Num	32	5	4Q27	1606675	PARTLY_RECONSTRUCTED	24	73	68	57	5	6	61	5	0	1	0	0	0	0	passage_status/DSS-Numbers-Passage-Status.txt	360233	763	ca07fdf54b3e7dc2ccec4e39277d9cf49b177344750c50d2181b1a4107476e17	L1595637-R001,L1595638-R001
Num	32	6	4Q27	1606675	ALL_LETTER_SLOTS_RECONSTRUCTED	26	72	69	69	0	0	72	0	0	1	0	0	0	0	passage_status/DSS-Numbers-Passage-Status.txt	360996	756	df509e804a8e915ccf3cdae57c6d38673149280e04569e07d35379ab674e94ed	L1595638-R002,L1595639-R001
Num	32	7	4Q27	1606675	PARTLY_RECONSTRUCTED	17	51	47	37	3	7	41	3	0	1	0	0	0	0	passage_status/DSS-Numbers-Passage-Status.txt	361752	763	91282487daccc3dd9e99b56232a4b8823a6f3e1c7b7642dedb068d4a1b67dba3	L1595639-R002,L1595640-R001
Num	32	8	4Q27	1606675	PARTLY_RECONSTRUCTED	15	48	43	32	3	8	35	3	0	1	0	0	0	0	passage_status/DSS-Numbers-Passage-Status.txt	362515	757	a72e8af3c216444e18dae3075fa9ab803d3cd84e65629aa311fa94e5fab77128	L1595640-R002,L1595641-R001
Num	32	9	4Q27	1606675	PARTLY_RECONSTRUCTED	27	76	72	63	3	6	67	3	0	2	0	0	0	0	passage_status/DSS-Numbers-Passage-Status.txt	363272	757	59eab27e3be558a3971d4e62d0357dd96345cf1741e3dcc7a58954d7e824ee3d	L1595641-R002,L1595642-R001
Num	32	10	4Q27	1606675	PARTLY_RECONSTRUCTED	9	21	19	16	2	1	16	2	0	1	0	0	0	0	passage_status/DSS-Numbers-Passage-Status.txt	364029	736	b4706c5d75675170430b6e446bdf4cf75b019a27c8f42c6a00999edae54e082e	L1595642-R002
Num	32	13	4Q27	1606675	PARTLY_RECONSTRUCTED	19	51	48	44	2	2	46	2	0	1	0	0	0	0	passage_status/DSS-Numbers-Passage-Status.txt	364765	743	3cbac9baf35502602d4fe6f2c86656ad924472bbd2158d9ec2a0d1afe8664dd7	L1595643-R001
Num	32	14	4Q27	1606675	PARTLY_RECONSTRUCTED	18	64	61	54	3	4	57	3	0	1	0	0	0	0	passage_status/DSS-Numbers-Passage-Status.txt	365508	759	cdb7db16a86b307b81120b29b2c3619c0c5e48ba4121f477f6fccefd6560c30e	L1595644-R001,L1595645-R001
Num	32	15	4Q27	1606675	PARTLY_RECONSTRUCTED	20	53	48	43	2	3	48	2	0	1	0	0	0	0	passage_status/DSS-Numbers-Passage-Status.txt	366267	737	4d98cbf154746d8554d2258e2c1795828733f503b9bd9763596ec967e2311e53	L1595645-R002
Num	32	16	4Q27	1606675	PARTLY_RECONSTRUCTED	16	54	49	38	5	6	43	5	0	1	0	0	0	0	passage_status/DSS-Numbers-Passage-Status.txt	367004	749	632be6df4051fec7fa2a0262bcf4047f47752870d121fe9d148a25aa4608f044	L1595646-R001
Num	32	17	4Q27	1606675	PARTLY_RECONSTRUCTED	27	84	79	66	1	12	71	1	0	1	0	0	0	0	passage_status/DSS-Numbers-Passage-Status.txt	367753	754	62695af1389c736d682c485b3f54976e1d12729cfefe910e8ccc5ee1251f7464	L1595647-R001,L1595648-R001
Num	32	18	4Q27	1606675	ALL_LETTER_SLOTS_RECONSTRUCTED	12	45	40	40	0	0	45	0	0	1	0	0	0	0	passage_status/DSS-Numbers-Passage-Status.txt	368507	758	b288029b203635c801314d115b18e4d100dbba734c5388db30b93047e8b2a8bc	L1595648-R002,L1595649-R001
Num	32	19	4Q27	1606675	PARTLY_RECONSTRUCTED	17	53	48	46	1	1	48	1	0	1	0	0	0	0	passage_status/DSS-Numbers-Passage-Status.txt	369265	737	2860aee1baf144e2b29a8afc8ae8c2484d155f6da4dbc4f7bec6b89b11ebdde9	L1595649-R002
Num	32	21	4Q27	1606675	PARTLY_RECONSTRUCTED	18	57	51	49	2	0	55	2	0	1	0	0	0	0	passage_status/DSS-Numbers-Passage-Status.txt	370002	743	865ddc9de7b737b790b443800df3f846484ced57cd15bcae916f5ae288ced7cb	L1595650-R001
Num	32	22	4Q27	1606675	PARTLY_RECONSTRUCTED	31	85	82	79	1	2	82	1	0	1	0	0	0	0	passage_status/DSS-Numbers-Passage-Status.txt	370745	753	de504d732a65e4c91df45e6d655d7a365c912f30e962a015764ab4295e8cf9da	L1595651-R001,L1595652-R001
Num	32	23	4Q27	1606675	PARTLY_RECONSTRUCTED	16	56	51	35	4	12	38	4	0	1	0	0	0	0	passage_status/DSS-Numbers-Passage-Status.txt	371498	744	21b4dc4af727c9d405ba39ae9f8c7e3c1e3019822beef6238e553356b5eda904	L1595652-R002
Num	32	24	4Q27	1606675	PARTLY_RECONSTRUCTED	16	53	47	26	6	15	28	6	0	1	0	0	0	0	passage_status/DSS-Numbers-Passage-Status.txt	372242	756	827c5facd243e7023546522e5ad7ce911493e3007e1bc1141b7081329a6c2dc8	L1595653-R001
Num	32	25	4Q27	1606675	PARTLY_RECONSTRUCTED	23	71	67	29	4	34	32	4	0	1	0	0	0	0	passage_status/DSS-Numbers-Passage-Status.txt	372998	744	42ad7ba7855b1804b2aa181fbe312fcda56ae1d12a9fe48c06d297319da994fa	L1595654-R001
Num	32	26	4Q27	1606675	PARTLY_RECONSTRUCTED	15	48	42	23	5	14	26	5	0	1	0	0	0	0	passage_status/DSS-Numbers-Passage-Status.txt	373742	744	55c5891e8b7e04fd666e7645ef52523e81ea42074ad9b231c81c8396fd35f28b	L1595655-R001
Num	32	27	4Q27	1606675	PARTLY_RECONSTRUCTED	16	54	50	26	6	18	29	6	0	1	0	0	0	0	passage_status/DSS-Numbers-Passage-Status.txt	374486	760	23692601b8c9d67fc1d006f09832cca0415e990f89b2140cc091b69ed2c1c2af	L1595655-R002,L1595656-R001
Num	32	28	4Q27	1606675	PARTLY_RECONSTRUCTED	25	72	69	63	2	4	66	2	0	1	0	0	0	0	passage_status/DSS-Numbers-Passage-Status.txt	375246	753	68b9e183cfa621c39b096ffab31c8506474847c7b0e27383e948e28d27f8af4f	L1595656-R002,L1595657-R001
Num	32	29	4Q27	1606675	PARTLY_RECONSTRUCTED	43	130	124	105	7	12	111	7	0	1	0	1	0	0	passage_status/DSS-Numbers-Passage-Status.txt	375999	791	5f5d48894ea4a36c74fa130f3417d47cd9e1de082013d9fd434ed2b0f8a10657	L1595657-R002,L1595658-R001,L1595659-R001
Num	32	30	4Q27	1606675	PARTLY_RECONSTRUCTED	29	96	89	83	3	3	87	3	0	1	0	0	0	0	passage_status/DSS-Numbers-Passage-Status.txt	376790	765	1b7bc1da98e12380d2da1d4fbf92ce084d26183e84e7a609034b087a27f9d571	L1595659-R002,L1595660-R001
Num	32	35	4Q27	1606675	PARTLY_RECONSTRUCTED	11	31	27	25	2	0	29	2	1	2	0	0	0	0	passage_status/DSS-Numbers-Passage-Status.txt	377555	743	d8a1aec4ab2690dd472675ed9851f5bac549130476baa760bcf060ef0b8034d7	L1595661-R001
Num	32	36	4Q27	1606675	ALL_LETTER_SLOTS_RECONSTRUCTED	14	38	36	36	0	0	38	0	0	1	0	0	0	0	passage_status/DSS-Numbers-Passage-Status.txt	378298	758	09db574f205d62b39b3dd23a3600f175a03929b987e3cb224d15c191e2dbc7ff	L1595661-R002,L1595662-R001
Num	32	37	4Q27	1606675	PARTLY_RECONSTRUCTED	13	39	36	25	1	10	28	1	0	2	0	0	0	0	passage_status/DSS-Numbers-Passage-Status.txt	379056	738	2f384baf00b14588bcb8d1a617d5804454a74a48fda9d04773ee5d7868147206	L1595662-R002
Num	32	38	4Q27	1606675	PARTLY_RECONSTRUCTED	23	61	59	49	2	8	51	2	0	1	0	0	0	0	passage_status/DSS-Numbers-Passage-Status.txt	379794	759	aa9b934d2485fbd4eee0ccdc8d031706e7a7ee8cc742fb85a6f7a81e982e6585	L1595663-R001,L1595664-R001
Num	32	39	4Q27	1606675	PARTLY_RECONSTRUCTED	20	63	56	48	4	4	54	4	1	2	0	0	0	0	passage_status/DSS-Numbers-Passage-Status.txt	380553	759	28aaf1085bbbb8d5fb26801cfef5bc8923552ba410082eacbb5e3761d9744f80	L1595664-R002,L1595665-R001
Num	32	41	4Q27	1606675	PARTLY_RECONSTRUCTED	15	48	44	41	0	3	45	0	0	1	0	0	0	0	passage_status/DSS-Numbers-Passage-Status.txt	381312	748	a4884b8ec91a71d43232009cd88b558a985c73de6779454b03fc8f1b68d17188	L1595665-R002,L1595666-R001
Num	32	42	4Q27	1606675	ALL_LETTER_SLOTS_RECONSTRUCTED	17	48	43	43	0	0	48	0	0	1	0	0	0	0	passage_status/DSS-Numbers-Passage-Status.txt	382060	758	d6f7b10e2624e7bdc77600e6582e08b0cb346fd56f5c389c266fd4a863146a85	L1595666-R002,L1595667-R001
Num	33	1	4Q27	1606675	PARTLY_RECONSTRUCTED	17	54	51	46	0	5	49	0	0	1	0	0	0	0	passage_status/DSS-Numbers-Passage-Status.txt	382818	730	fcd096997e454d46e8b5a68228fcd88280ad8fb5e4a0071c175adbd8b77982f6	L1595668-R001
Num	33	2	4Q27	1606675	PARTLY_RECONSTRUCTED	16	58	52	43	2	7	48	2	0	1	0	0	0	0	passage_status/DSS-Numbers-Passage-Status.txt	383548	751	0c33b6ed0ce6906748f783722d09ff4cba8b89c65e9c179f196b39fa2e3bbc75	L1595668-R002,L1595669-R001
Num	33	3	4Q27	1606675	PARTLY_RECONSTRUCTED	31	87	85	78	2	5	78	2	0	1	0	0	0	0	passage_status/DSS-Numbers-Passage-Status.txt	384299	773	0f6ce45a900011cfa4691b9ac275d266c064bc036b795eb9f11934f2669dc75c	L1595669-R002,L1595670-R001,L1595671-R001
Num	33	4	4Q27	1606675	PARTLY_RECONSTRUCTED	15	51	47	41	3	3	43	3	0	1	0	0	0	0	passage_status/DSS-Numbers-Passage-Status.txt	385072	741	4864c36fe2097bf667719fb3baed39d7f94f2813bc92704ec1218dd263bc2891	L1595671-R002
Num	33	23	4Q27	1606675	PARTLY_RECONSTRUCTED	11	26	22	20	1	1	24	1	1	2	0	0	0	0	passage_status/DSS-Numbers-Passage-Status.txt	385813	753	d55d9a43a3eef0f3a0106e6d8ccf643454128fd1c50005fd68205d3e6e89a04f	L1595672-R001,L1595673-R001
Num	33	24	4Q27	1606675	ALL_LETTER_SLOTS_RECONSTRUCTED	10	23	21	21	0	0	23	0	0	1	0	0	0	0	passage_status/DSS-Numbers-Passage-Status.txt	386566	742	e38042e484675b04c4959dccb07b64d711d4ae777bb2d2bf872d205cf5462bf4	L1595673-R002
Num	33	25	4Q27	1606675	PARTLY_RECONSTRUCTED	9	24	22	18	1	3	20	1	0	1	0	0	0	0	passage_status/DSS-Numbers-Passage-Status.txt	387308	752	32d3cdd560e0f645e642e657b834557d84867e5c0df9ced8b6238a8ced95e540	L1595673-R003,L1595674-R001
Num	33	26	4Q27	1606675	ALL_LETTER_SLOTS_RECONSTRUCTED	9	23	21	21	0	0	23	0	0	1	0	0	0	0	passage_status/DSS-Numbers-Passage-Status.txt	388060	741	6e4b844cb3595abe45b4156c273ac37241b8f13cd70ff1ea82e5a6fe6b4fcd15	L1595674-R002
Num	33	27	4Q27	1606675	ALL_LETTER_SLOTS_RECONSTRUCTED	9	20	18	18	0	0	20	0	0	1	0	0	0	0	passage_status/DSS-Numbers-Passage-Status.txt	388801	741	dbfa66f80940544a54d6655e9d9b7e8d50fa67478dd03b1c5f0f684f413c6dfd	L1595674-R003
Num	33	28	4Q27	1606675	PARTLY_RECONSTRUCTED	9	21	19	17	0	2	19	0	0	1	0	0	0	0	passage_status/DSS-Numbers-Passage-Status.txt	389542	747	4e406a58f2192b9ec5156948e731c23b377738fc030bfdb6a6c2ce93739e590e	L1595674-R004,L1595675-R001
Num	33	29	4Q27	1606675	ALL_LETTER_SLOTS_RECONSTRUCTED	9	24	22	22	0	0	24	0	0	1	0	0	0	0	passage_status/DSS-Numbers-Passage-Status.txt	390289	741	8d12416aabcccdf9f19395d62b6360d44fa508b72b6eadfe1359ec0af41151db	L1595675-R002
Num	33	30	4Q27	1606675	ALL_LETTER_SLOTS_RECONSTRUCTED	9	26	24	24	0	0	26	0	0	1	0	0	0	0	passage_status/DSS-Numbers-Passage-Status.txt	391030	741	07a88b382283f5ac53decebc3624088698159b6d972f5facdd888e1e1891357d	L1595675-R003
Num	33	31	4Q27	1606675	PARTLY_RECONSTRUCTED	3	7	5	1	0	4	1	0	0	1	0	0	0	0	passage_status/DSS-Numbers-Passage-Status.txt	391771	727	90afb51c6fb5d623022d54b1d5f9e48a9ef9742dbc7e2a51d64acba3cb2a9c54	L1595675-R004
Num	33	45	4Q27	1606675	PARTLY_RECONSTRUCTED	11	27	23	22	0	1	26	0	1	2	0	0	0	0	passage_status/DSS-Numbers-Passage-Status.txt	392498	748	8146fdffb5057b1de5ff0f1d0b05bb8b5847ab1e448f10c90d1262de7276842f	L1595676-R001,L1595677-R001
Num	33	46	4Q27	1606675	ALL_LETTER_SLOTS_RECONSTRUCTED	11	33	31	31	0	0	33	0	0	1	0	0	0	0	passage_status/DSS-Numbers-Passage-Status.txt	393246	742	2e0ab7f716274fa3e07de2db3c694b745560dd97fb870b221796cefb2d413901	L1595677-R002
Num	33	47	4Q27	1606675	PARTLY_RECONSTRUCTED	15	42	40	36	1	3	38	1	0	1	0	0	0	0	passage_status/DSS-Numbers-Passage-Status.txt	393988	753	a6d2e9f7e1998cb7997e1745cd77612a2a149e8ba735fab6a343519510054619	L1595677-R003,L1595678-R001
Num	33	48	4Q27	1606675	PARTLY_RECONSTRUCTED	12	32	30	28	0	2	28	0	0	1	0	0	0	0	passage_status/DSS-Numbers-Passage-Status.txt	394741	732	21b2fa300b10ee1dcf05c1666ba5d8d3690b7f38228e6dd739301b450b8da56c	L1595678-R002
Num	33	50	4Q27	1606675	PARTLY_RECONSTRUCTED	14	42	40	34	2	4	36	2	0	1	0	0	0	0	passage_status/DSS-Numbers-Passage-Status.txt	395473	743	af19aea736962f93e1017a10da096da0885521c186f9513bdbb9b28954868061	L1595679-R001
Num	33	51	4Q27	1606675	PARTLY_RECONSTRUCTED	17	56	53	48	1	4	49	1	0	1	0	0	0	0	passage_status/DSS-Numbers-Passage-Status.txt	396216	753	29e2aaf044fafea2301af39f8bf6e951fe89da0ca76ce52b78be52364c9264dc	L1595679-R002,L1595680-R001
Num	33	52	4Q27	1606675	PARTLY_RECONSTRUCTED	18	56	52	51	0	1	52	0	0	1	0	0	0	0	passage_status/DSS-Numbers-Passage-Status.txt	396969	732	03c09ef5aba613197097d4c823812e1ca9d9a97d0dd734f516654b18d3cd9703	L1595681-R001
Num	34	4	4Q27	1606675	PARTLY_RECONSTRUCTED	30	87	79	66	7	6	74	7	1	2	0	0	0	0	passage_status/DSS-Numbers-Passage-Status.txt	397701	763	6eb0ddbdba18ea92f500bf5b7eee00f1141c842b095a7145da895afe68f2fe15	L1595682-R001,L1595683-R001
Num	34	5	4Q27	1606675	PARTLY_RECONSTRUCTED	14	45	40	38	0	2	40	0	0	1	0	0	0	0	passage_status/DSS-Numbers-Passage-Status.txt	398464	746	bbe01ddedc777cbe60e2bfd4a39ce3e54c64b9d12d9876a801608bd78607ee90	L1595683-R002,L1595684-R001
Num	34	6	4Q27	1606675	PARTLY_RECONSTRUCTED	16	52	46	43	0	3	49	0	0	1	0	0	0	0	passage_status/DSS-Numbers-Passage-Status.txt	399210	746	a1484196710aacfae81c7773c738b1673d3413427e7d23760561efb8ddae8fc8	L1595684-R002,L1595685-R001
Num	34	7	4Q27	1606675	PARTLY_RECONSTRUCTED	17	49	44	39	0	5	44	0	0	1	0	0	0	0	passage_status/DSS-Numbers-Passage-Status.txt	399956	730	01185a3f8f72e1b44e011514903463ee2520b0ca507ecb5eb50ba3b155d6bcc9	L1595685-R002
Num	34	8	4Q27	1606675	PARTLY_RECONSTRUCTED	15	45	41	31	3	7	35	3	0	1	0	0	0	0	passage_status/DSS-Numbers-Passage-Status.txt	400686	735	cf75bc95efc02d4f52cdeae7a26b93d886b5fe132a2481453ec05fa2c088d51c	L1595686-R001
Num	34	9	4Q27	1606675	PARTLY_RECONSTRUCTED	18	63	53	47	0	6	55	0	1	3	0	0	0	0	passage_status/DSS-Numbers-Passage-Status.txt	401421	746	1966f067929c806c2c1edff472411baf687b26947de62fd9e90c653f6be41a7e	L1595686-R002,L1595687-R001
Num	34	19	4Q27	1606675	PARTLY_RECONSTRUCTED	12	36	34	31	1	2	33	1	0	1	0	0	0	0	passage_status/DSS-Numbers-Passage-Status.txt	402167	737	4ea1df186cb23651f662d07d7e0846ac89eaafc80cde97999a1bf817c6815a0e	L1595688-R001
Num	34	20	4Q27	1606675	PARTLY_RECONSTRUCTED	8	27	25	24	1	0	24	1	0	1	0	0	0	0	passage_status/DSS-Numbers-Passage-Status.txt	402904	752	3495a4582d8ff5bc9879416c990ab04cbae2484b11d94c66e2b83a773f5c7611	L1595688-R002,L1595689-R001
Num	34	21	4Q27	1606675	PARTLY_RECONSTRUCTED	7	24	22	18	0	4	20	0	0	1	0	0	0	0	passage_status/DSS-Numbers-Passage-Status.txt	403656	731	7dd65bedad86c7cd83c49b92251b1b141a2f382dba8d312aac219cfec1b0ffd5	L1595689-R002
Num	34	22	4Q27	1606675	ALL_LETTER_SLOTS_RECONSTRUCTED	9	26	24	24	0	0	26	0	0	1	0	0	0	0	passage_status/DSS-Numbers-Passage-Status.txt	404387	741	99247fef1721cead761db743797575bc5ed97b667903584602f74e9fb510c38e	L1595689-R003
Num	34	23	4Q27	1606675	PARTLY_RECONSTRUCTED	11	32	26	23	1	2	27	1	1	3	0	0	0	0	passage_status/DSS-Numbers-Passage-Status.txt	405128	753	361e79efbecfa2e3c633dbd540988ffbbff802d864c3fa187494672fd6f309e7	L1595689-R004,L1595690-R001
Num	35	3	4Q27	1606675	PARTLY_RECONSTRUCTED	22	62	55	41	3	11	44	3	0	1	0	0	0	0	passage_status/DSS-Numbers-Passage-Status.txt	405881	758	3e0c4deb4f9495cb59098a10d242a07e2f31e42bdadaba3062672abc0d0ee17f	L1595691-R001,L1595692-R001
Num	35	4	4Q27	1606675	PARTLY_RECONSTRUCTED	18	50	47	40	3	4	43	3	0	1	0	0	0	0	passage_status/DSS-Numbers-Passage-Status.txt	406639	741	cbead7db38c6474f6715ba6dc2cdbd20861e82f2cd9687661a2d3c4e2d9ae703	L1595692-R002
Num	35	5	4Q27	1606675	PARTLY_RECONSTRUCTED	47	129	118	97	4	17	105	4	1	3	0	0	0	0	passage_status/DSS-Numbers-Passage-Status.txt	407380	783	c6c25bf84f872dc3d5c7e41e8eb09e3ce26761f41a22c662af5d6c5cea7b4849	L1595693-R001,L1595694-R001,L1595695-R001
Num	35	11	4Q27	1606675	PARTLY_RECONSTRUCTED	8	22	19	18	0	1	21	0	0	1	0	0	0	0	passage_status/DSS-Numbers-Passage-Status.txt	408163	731	bfdeb8c3ef6c4de43a04bfe9a6a44394945a1792464d5d294393488d72d15a7a	L1595696-R001
Num	35	12	4Q27	1606675	PARTLY_RECONSTRUCTED	23	60	56	49	4	3	53	4	0	1	0	0	0	0	passage_status/DSS-Numbers-Passage-Status.txt	408894	765	b4b3618f4c391597accaf4f28ac266d4d28f0b8443686a16450e6fb9b6b1e54b	L1595696-R002,L1595697-R001
Num	35	13	4Q27	1606675	ALL_LETTER_SLOTS_RECONSTRUCTED	11	35	32	32	0	0	35	0	0	1	0	0	0	0	passage_status/DSS-Numbers-Passage-Status.txt	409659	742	3a7c3e1941f12a4bacc3b5996d0ab4a9bca3d42d1a32f4f505d47b50fa9d384a	L1595697-R002
Num	35	14	4Q27	1606675	PARTLY_RECONSTRUCTED	22	63	61	54	1	6	56	1	0	1	0	0	0	0	passage_status/DSS-Numbers-Passage-Status.txt	410401	769	e9240542506839bf2536a919d79c7f1453645d86836c292f91fb8677d4d0ae6a	L1595697-R003,L1595698-R001,L1595699-R001
Num	35	15	4Q27	1606675	PARTLY_RECONSTRUCTED	22	53	50	45	4	1	46	4	0	1	0	0	0	0	passage_status/DSS-Numbers-Passage-Status.txt	411170	749	abb9de06d1c2c5cf2b30cfb10592caaf0337e06807b2facbc397df802382f349	L1595699-R002
Num	35	18	4Q27	1606675	PARTLY_RECONSTRUCTED	23	64	60	54	2	4	58	2	0	1	0	0	0	0	passage_status/DSS-Numbers-Passage-Status.txt	411919	753	374dd3b7ce0811be280fb9ad9fab56f2df8d0e033a3ddffb45e6a65922b41a88	L1595700-R001,L1595701-R001
Num	35	19	4Q27	1606675	PARTLY_RECONSTRUCTED	14	44	39	31	0	8	35	0	0	1	0	0	0	0	passage_status/DSS-Numbers-Passage-Status.txt	412672	732	d7dfd83b3cb7e7c38d8d695788317859eaed4b6b1cd4bfd14652a30aaa9b04e5	L1595701-R002
Num	35	20	4Q27	1606675	PARTLY_RECONSTRUCTED	14	42	38	30	3	5	32	3	0	1	0	0	0	0	passage_status/DSS-Numbers-Passage-Status.txt	413404	759	18c36586804c7c45c3996e947e190f8ab4b92299bdafe3b04634afa5d65b1d03	L1595701-R003,L1595702-R001
Num	35	21	4Q27	1606675	PARTLY_RECONSTRUCTED	30	85	79	31	5	43	31	5	0	1	0	0	0	0	passage_status/DSS-Numbers-Passage-Status.txt	414163	760	03de39ac639283084a982b012b0c7ad3dcdc3074d9ebfbb9906ffa2e725376e8	L1595702-R002,L1595703-R001
Num	35	22	4Q27	1606675	PARTLY_RECONSTRUCTED	17	48	44	23	3	18	24	3	0	1	0	0	0	0	passage_status/DSS-Numbers-Passage-Status.txt	414923	744	72e92220add165cd2c87a3354c6f0983263018761ea9365527881ad41696504e	L1595705-R001
Num	35	23	4Q27	1606675	PARTLY_RECONSTRUCTED	25	71	65	30	7	27	34	7	0	1	0	1	0	0	passage_status/DSS-Numbers-Passage-Status.txt	415667	787	68c6e5001d50839d5ecff4682ce1e3d34fda9f16e055782c92fd02ccc9027b2a	L1595705-R002,L1595706-R001,L1595707-R001
Num	35	24	4Q27	1606675	PARTLY_RECONSTRUCTED	18	42	40	25	0	15	25	0	0	1	0	0	0	0	passage_status/DSS-Numbers-Passage-Status.txt	416454	733	a0f80028588aacd91b86ca8b4b59607672eec015f968b398e57386a9c4590776	L1595707-R002
Num	35	25	4Q27	1606675	NO_LETTER_RECONSTRUCTION_MARKED	3	8	6	0	0	6	0	0	0	1	0	0	0	0	passage_status/DSS-Numbers-Passage-Status.txt	417187	738	ce299d3ab6bf8ff8b8cd5fee0b16a4fd126d5caefc1741831d19c883e6d8d403	L1595707-R003
Num	35	27	4Q27	1606675	PARTLY_RECONSTRUCTED	27	66	60	47	2	11	52	2	1	2	0	0	0	0	passage_status/DSS-Numbers-Passage-Status.txt	417925	754	b1d4288759868aac259cea06807ebb7405537a843527c472f6c9329feaece427	L1595708-R001,L1595709-R001
Num	35	28	4Q27	1606675	PARTLY_RECONSTRUCTED	25	72	68	60	5	3	63	5	0	1	0	0	0	0	passage_status/DSS-Numbers-Passage-Status.txt	418679	765	d7848fd033c011eb6fb6647cddfe50a07b2d75c48d0ad53b01d43685e2dea753	L1595709-R002,L1595710-R001
Num	35	33	4Q27	1606675	PARTLY_RECONSTRUCTED	24	63	59	53	2	4	57	2	0	1	0	0	0	0	passage_status/DSS-Numbers-Passage-Status.txt	419444	759	e29650020454458e55f377327e4b22e34decbd4000c723f456c95a5c137c7ca8	L1595711-R001,L1595712-R001
Num	35	34	4Q27	1606675	PARTLY_RECONSTRUCTED	24	75	71	53	5	13	55	5	0	1	0	0	0	0	passage_status/DSS-Numbers-Passage-Status.txt	420203	760	87ccfef8f9b6cdf6a55fa64da4e4739c3837745ae7307e92a8c3dc55102c918c	L1595712-R002,L1595713-R001
Num	36	1	4Q27	1606675	PARTLY_RECONSTRUCTED	40	115	113	88	4	21	90	4	0	1	0	0	0	0	passage_status/DSS-Numbers-Passage-Status.txt	420963	788	fe1f8d34d8e0c6fe469145f006ae115c6b02364d03622acd30ab9135a9688bad	L1595714-R001,L1595715-R001,L1595716-R001
Num	36	2	4Q27	1606675	PARTLY_RECONSTRUCTED	18	47	44	33	1	10	34	1	0	1	0	0	0	0	passage_status/DSS-Numbers-Passage-Status.txt	421751	737	77c22f7a9a567e6e747f9159c3ef75744fab6f3f61bffdc477f91e2dfdb39651	L1595716-R002
Num	36	4	4Q27	1606675	PARTLY_RECONSTRUCTED	60	175	167	151	1	15	159	1	0	2	0	0	0	0	passage_status/DSS-Numbers-Passage-Status.txt	422488	793	01a457814fe0a84bc61fc55b56a56fbcde54ea8835f305fd9e83635b9b3986ff	L1595717-R001,L1595717-R002,L1595718-R001,L1595719-R001
Num	36	5	4Q27	1606675	PARTLY_RECONSTRUCTED	17	51	49	39	0	10	41	0	0	1	0	0	0	0	passage_status/DSS-Numbers-Passage-Status.txt	423281	747	c615b3637528113685096e98a641063aa0df2289b7456384ac561d204bef9dc3	L1595719-R002,L1595720-R001
Num	36	6	4Q27	1606675	PARTLY_RECONSTRUCTED	28	90	85	76	8	1	80	8	0	2	0	0	0	0	passage_status/DSS-Numbers-Passage-Status.txt	424028	757	73351972f7ca59b7cbb384f899a022370dbcf5dc84f2c4f580880c2d47558dfb	L1595720-R002,L1595721-R001
Num	36	7	4Q27	1606675	PARTLY_RECONSTRUCTED	21	66	63	62	1	0	65	1	0	1	0	0	0	0	passage_status/DSS-Numbers-Passage-Status.txt	424785	751	15cd550f08da5984cd0265fb07e59730ee2e8be4f77dad40b468d8ad0ea88d33	L1595721-R002,L1595722-R001
Num	34	10	Mur1	1606844	PARTLY_RECONSTRUCTED	9	29	24	17	4	3	21	4	0	1	0	0	0	0	passage_status/DSS-Numbers-Passage-Status.txt	425536	748	ba20ce99168f72461b6d0038af8edfd7f417f3acc585f19b724157bd8492bb08	L1604331-R001
Num	36	7	Mur1	1606844	PARTLY_RECONSTRUCTED	15	48	45	36	4	5	37	4	0	1	0	0	0	0	passage_status/DSS-Numbers-Passage-Status.txt	426284	763	93142e0ae4b2e4486942c09c00275ff2a95691eb606150a1d42d1bfe579cc2e5	L1604332-R001,L1604333-R001
Num	36	8	Mur1	1606844	PARTLY_RECONSTRUCTED	26	84	80	45	11	24	46	11	0	1	0	0	0	0	passage_status/DSS-Numbers-Passage-Status.txt	427047	804	167a193377608a61a142f958628d6b6abb83ecd73338ed70ad6433d717d76f89	L1604333-R002,L1604334-R001,L1604335-R001,L1604336-R001
Num	36	9	Mur1	1606844	PARTLY_RECONSTRUCTED	18	52	49	24	7	18	26	7	0	1	0	0	0	0	passage_status/DSS-Numbers-Passage-Status.txt	427851	764	d27fde5cd7b5076e6de721f9eb0c4e9fc93f898a63f385ff50379e3be92daae5	L1604336-R002,L1604337-R001
Num	36	10	Mur1	1606844	PARTLY_RECONSTRUCTED	11	32	30	20	4	6	20	4	0	1	0	0	0	0	passage_status/DSS-Numbers-Passage-Status.txt	428615	759	8a3d4a10224881e0dd9551c3f725a93f310c437c8fec32c8fed1c6cd2ce16030	L1604337-R002,L1604338-R001
Num	36	11	Mur1	1606844	PARTLY_RECONSTRUCTED	11	31	29	26	2	1	26	2	0	1	0	0	0	0	passage_status/DSS-Numbers-Passage-Status.txt	429374	743	82b7c69353fd016afbdd65849675005bc6b9a1f9e4b5949595f18b3fe5ce8540	L1604339-R001
Num	19	2	5/6hev1a	1606851	PARTLY_RECONSTRUCTED	14	46	41	37	2	2	41	2	0	1	0	0	0	0	passage_status/DSS-Numbers-Passage-Status.txt	430117	759	0f87840390574fd8137a5fe2aa06a90e07796077e8e80aae04138ec5cffc34e0	L1605202-R001,L1605203-R001
Num	19	3	5/6hev1a	1606851	PARTLY_RECONSTRUCTED	17	45	40	24	4	12	24	4	0	1	0	0	0	0	passage_status/DSS-Numbers-Passage-Status.txt	430876	766	d0f4852a5c26871a81a63d5caf37f953d15d683dbb2c74c8e5868006ae69046d	L1605203-R002,L1605204-R001
Num	19	4	5/6hev1a	1606851	PARTLY_RECONSTRUCTED	21	59	54	47	2	5	52	2	0	1	0	0	0	0	passage_status/DSS-Numbers-Passage-Status.txt	431642	759	bfad974a054bf3eb84bef04458831aa86815a7c3e696871838a1e1116979c31d	L1605204-R002,L1605205-R001
Num	20	7	5/6hev1a	1606851	PARTLY_RECONSTRUCTED	5	11	9	1	0	8	1	0	0	1	0	0	0	0	passage_status/DSS-Numbers-Passage-Status.txt	432401	734	9caeff6e195e6ad2d2f26bb609f356a441db1971e0aeb456eb10f5ca62b91684	L1605206-R001
Num	20	8	5/6hev1a	1606851	PARTLY_RECONSTRUCTED	10	21	19	11	2	6	11	2	0	1	0	0	0	0	passage_status/DSS-Numbers-Passage-Status.txt	433135	743	cb604d10f609914d5ae938a20e0cd523feac2fc67acdd93f66023c55bd22e73e	L1605206-R002
Num	27	2	Xhev/se2	1606853	PARTLY_RECONSTRUCTED	26	62	59	47	4	8	49	5	0	1	0	0	0	0	passage_status/DSS-Numbers-Passage-Status.txt	433878	787	7ba3ccdc68e33a7009419a262dbebaec52a5774d0d8c85ac31e4b5f59e03314d	L1605369-R001,L1605370-R001,L1605371-R001
Num	27	3	Xhev/se2	1606853	PARTLY_RECONSTRUCTED	29	75	70	52	2	16	57	2	0	1	0	0	0	0	passage_status/DSS-Numbers-Passage-Status.txt	434665	782	a237c496b1ac7205db0194bb533fd9b273315cff7c1c07b581829a6ae5fa4078	L1605371-R002,L1605372-R001,L1605373-R001
Num	27	4	Xhev/se2	1606853	PARTLY_RECONSTRUCTED	19	63	54	40	2	12	47	3	0	1	0	0	0	0	passage_status/DSS-Numbers-Passage-Status.txt	435447	782	d009fade3dba540fe8cd6660b8d337124b268aca3633b35ec80ed84a22422485	L1605373-R002,L1605374-R001,L1605375-R001
Num	27	5	Xhev/se2	1606853	PARTLY_RECONSTRUCTED	9	26	23	18	2	3	20	2	0	1	0	0	0	0	passage_status/DSS-Numbers-Passage-Status.txt	436229	742	df234deb0f5ea5c6b9cbbf9856fa609d2324ab812d93fae2ef2cd93fa870ea06	L1605376-R001
Num	27	6	Xhev/se2	1606853	PARTLY_RECONSTRUCTED	8	20	18	9	5	4	11	5	0	1	0	0	0	0	passage_status/DSS-Numbers-Passage-Status.txt	436971	747	3f03ba4a75480bb29071d151100c6a3b4f42fff613b33f660c9cfe6c8a3e15c9	L1605378-R001
Num	27	7	Xhev/se2	1606853	PARTLY_RECONSTRUCTED	20	70	64	41	12	11	45	12	0	1	0	0	0	0	passage_status/DSS-Numbers-Passage-Status.txt	437718	812	8378f12d813d828ff621fd09cfc6774ae5af1e6df35b67de86b1c35d9223a284	L1605378-R002,L1605379-R001,L1605380-R001,L1605381-R001
Num	27	8	Xhev/se2	1606853	PARTLY_RECONSTRUCTED	21	59	53	15	7	31	15	8	0	1	0	0	0	0	passage_status/DSS-Numbers-Passage-Status.txt	438530	794	9852300a5c70b5274c1da655db45e3bebac5e18e0a9013afd17e8cb921841472	L1605381-R002,L1605382-R001,L1605383-R001
Num	27	9	Xhev/se2	1606853	PARTLY_RECONSTRUCTED	12	32	27	6	10	11	7	10	0	1	0	0	0	0	passage_status/DSS-Numbers-Passage-Status.txt	439324	772	a4c16322f1b51c3fdd6db478e4668b7d041f68dd0e30e73ff5d7b686065a9649	L1605383-R002,L1605384-R001
Num	27	10	Xhev/se2	1606853	PARTLY_RECONSTRUCTED	13	37	32	4	8	20	4	8	0	1	0	0	0	0	passage_status/DSS-Numbers-Passage-Status.txt	440096	778	603850189cb1fd43c3488d4329b99e72afd5601dbfb724862e580c61709aeb5f	L1605384-R002,L1605385-R001
Num	27	11	Xhev/se2	1606853	PARTLY_RECONSTRUCTED	35	100	91	59	21	11	65	22	0	1	0	0	0	0	passage_status/DSS-Numbers-Passage-Status.txt	440874	820	a5146b688f5d8a1d20dea1d14694440f82d9340bf49a6f7d8f140802d90277c9	L1605385-R002,L1605386-R001,L1605387-R001,L1605388-R001,L1605389-R001
Num	27	12	Xhev/se2	1606853	PARTLY_RECONSTRUCTED	23	58	56	21	9	26	23	9	0	1	0	0	0	0	passage_status/DSS-Numbers-Passage-Status.txt	441694	784	68b12da15971964418e43acabf1786a0b4c3158eeadcafda7e23af0913a0352b	L1605390-R001,L1605391-R001,L1605392-R001
Num	27	13	Xhev/se2	1606853	PARTLY_RECONSTRUCTED	8	25	21	2	4	15	2	4	0	1	0	0	0	0	passage_status/DSS-Numbers-Passage-Status.txt	442478	743	fa2efec8b6a508414e6423543e009bd8b0f27a151b7961495ce70905e9635605	L1605392-R002
Num	28	11	Xhev/se2	1606853	PARTLY_RECONSTRUCTED	16	51	49	43	1	5	45	1	0	1	0	0	0	0	passage_status/DSS-Numbers-Passage-Status.txt	443221	761	559b96b3310b62fc42133e33ec6610357f04667ff093a4bcbaa241b2b831a4d6	L1605393-R001,L1605394-R001
Num	28	12	Xhev/se2	1606853	PARTLY_RECONSTRUCTED	18	53	51	38	3	10	38	3	0	1	0	0	0	0	passage_status/DSS-Numbers-Passage-Status.txt	443982	768	210cda8b1d11e1c79e82befd17758d4e7ceade300c9043a193017221e8926a8b	L1605395-R001,L1605396-R001
Num	18	21	34Se2	1606857	NO_LETTER_RECONSTRUCTION_MARKED	5	11	7	0	4	3	2	4	1	2	0	0	0	0	passage_status/DSS-Numbers-Passage-Status.txt	444750	758	e96e0aaee2f4fb1152054d970a659adb5e0746597d1970cbd8e83ccbf603d170	L1605456-R001
Num	19	11	34Se2	1606857	NO_LETTER_RECONSTRUCTION_MARKED	5	10	6	0	2	4	2	2	1	2	0	0	0	0	passage_status/DSS-Numbers-Passage-Status.txt	445508	752	d67da830aedb21a00a2c5c2bf46685f6f9cc9c9b9e83eed0f34473c467455597	L1605457-R001
