book	chapter	verse	scroll	scroll_node	letter_reconstruction	word_nodes	sign_slots	letter_slots	reconstructed_letter_slots	uncertain_letter_slots	unmarked_letter_slots	reconstructed_sign_slots	uncertain_sign_slots	missing_sign_slots	empty_sign_slots	vacat_sign_slots	corrected_sign_slots	removed_sign_slots	alternative_sign_slots	file	byte_offset	byte_length	sha256	record_ids
Ps	86	5	1Q10	1606616	PARTLY_RECONSTRUCTED	14	35	30	20	2	8	25	2	1	2	0	0	0	0	passage_status/DSS-Psalms-Passage-Status.txt	684	755	604ab10c9868ba9be48a754b9119eb5ab15e011091120ee73c67ab8bff4e49df	L1592239-R001,L1592240-R001
Ps	86	6	1Q10	1606616	PARTLY_RECONSTRUCTED	9	40	34	25	2	7	28	2	0	1	0	0	0	0	passage_status/DSS-Psalms-Passage-Status.txt	1439	732	43f26a50d4ee9ac23e8c13cc4cab74eed58937fa9927cf9e37514e002af7bc43	L1592240-R002
Ps	86	7	1Q10	1606616	ALL_LETTER_SLOTS_RECONSTRUCTED	7	25	20	20	0	0	25	0	0	1	0	0	0	0	passage_status/DSS-Psalms-Passage-Status.txt	2171	737	2a791b3abbe8b8ca039d063a9b0a54331d4abc72efcb39094dbcfde9c9e5e068	L1592241-R001
Ps	86	8	1Q10	1606616	PARTLY_RECONSTRUCTED	6	20	17	14	1	2	15	1	0	1	0	0	0	0	passage_status/DSS-Psalms-Passage-Status.txt	2908	732	1e4c240d748bfa134dadab28da3d03023a64010de9dd6e02735da5484695dd18	L1592241-R002
Ps	92	12	1Q10	1606616	PARTLY_RECONSTRUCTED	9	31	26	20	0	6	23	0	0	1	0	0	0	0	passage_status/DSS-Psalms-Passage-Status.txt	3640	729	cfb34b8d78206aa5e41c7829993b53bf3c29d780165abb2e3a664c064d45f2ea	L1592242-R001
Ps	92	13	1Q10	1606616	PARTLY_RECONSTRUCTED	10	28	26	18	1	7	20	1	0	1	0	0	0	0	passage_status/DSS-Psalms-Passage-Status.txt	4369	735	363441ae8292605714a475cd28bd4a7788cb654620a8d23d6d70972c0b700650	L1592243-R001
Ps	92	14	1Q10	1606616	PARTLY_RECONSTRUCTED	9	24	8	6	0	2	16	4	4	7	0	0	0	0	passage_status/DSS-Psalms-Passage-Status.txt	5104	759	a279773dbcffd82cfa9904244c7afc1049ecb78fca0e37d144d2bbb40e6d7615	L1592243-R002,L1592244-R001,L1592245-R001
Ps	94	16	1Q10	1606616	PARTLY_RECONSTRUCTED	13	39	33	22	2	9	26	2	1	2	0	0	0	0	passage_status/DSS-Psalms-Passage-Status.txt	5863	741	aff9af90edfd77ca4ab8ae97e8ac5639633cbc6851e6b8eaee3d698a39e2614d	L1592246-R001
Ps	95	11	1Q10	1606616	PARTLY_RECONSTRUCTED	9	33	28	20	1	7	22	1	0	1	0	0	0	0	passage_status/DSS-Psalms-Passage-Status.txt	6604	734	eb41a8d34992c231daa234bbd22a75a1c28ea8e8057c0a8a566c1425ba8bfe71	L1592247-R001
Ps	96	1	1Q10	1606616	PARTLY_RECONSTRUCTED	12	32	30	23	0	7	23	0	0	1	0	0	0	0	passage_status/DSS-Psalms-Passage-Status.txt	7338	728	c71c5b502f572f0e74a555e19f2ed447686f0e5a134342829ae98abe6868d14e	L1592248-R001
Ps	96	2	1Q10	1606616	PARTLY_RECONSTRUCTED	12	38	34	27	0	7	28	0	0	1	0	0	0	0	passage_status/DSS-Psalms-Passage-Status.txt	8066	728	ae38b3c3e00808f1d728e5fd06acae730c494cf4fb30a4a2b7cd8642bcb14909	L1592249-R001
Ps	119	16	1Q10	1606616	PARTLY_RECONSTRUCTED	7	27	23	19	1	3	20	1	0	1	0	0	0	0	passage_status/DSS-Psalms-Passage-Status.txt	8794	736	1499fd8242202552eea606f8950ce5ddd735497a845347579d2986e2a1e722d8	L1592250-R001
Ps	119	17	1Q10	1606616	PARTLY_RECONSTRUCTED	8	29	25	24	0	1	26	0	0	1	0	0	0	0	passage_status/DSS-Psalms-Passage-Status.txt	9530	731	baf7b30a03035b33b2d72b4e80bf074eb8b433412f3d28c54dc2d818d0d7c9ad	L1592251-R001
Ps	119	29	1Q10	1606616	PARTLY_RECONSTRUCTED	8	28	23	22	0	1	25	0	0	1	0	0	0	0	passage_status/DSS-Psalms-Passage-Status.txt	10261	731	355cf43e571e1607b99e419e21aa1bb10aa50325f72240b4ee95248fe786c7c0	L1592252-R001
Ps	119	30	1Q10	1606616	PARTLY_RECONSTRUCTED	6	27	24	22	0	2	23	0	0	1	0	0	0	0	passage_status/DSS-Psalms-Passage-Status.txt	10992	731	a9a1cb61bd8b118745cbb04fb064d83fe7630d9d5d9d7b1c3d8e136104778539	L1592253-R001
Ps	119	31	1Q10	1606616	PARTLY_RECONSTRUCTED	7	28	24	20	3	2	21	4	0	1	0	0	0	0	passage_status/DSS-Psalms-Passage-Status.txt	11723	736	246e1b23475d72b841b4c2a9f71d6dacd0e83c7d88cb4cffc8e284ea03908764	L1592254-R001
Ps	119	32	1Q10	1606616	PARTLY_RECONSTRUCTED	7	26	22	14	0	8	15	0	0	1	0	0	0	0	passage_status/DSS-Psalms-Passage-Status.txt	12459	731	98a319911538a735979d91ba6efd60b2406cdfe5747cd1e83bcab7df93c5fb56	L1592255-R001
Ps	119	33	1Q10	1606616	PARTLY_RECONSTRUCTED	8	30	25	15	2	8	17	2	0	1	0	0	0	0	passage_status/DSS-Psalms-Passage-Status.txt	13190	742	c8635cb03bb99619c902a552beb666ba01e9e87ad60229725a54f843cd579b8b	L1592256-R001
Ps	119	34	1Q10	1606616	PARTLY_RECONSTRUCTED	10	33	28	21	0	7	23	0	0	1	0	0	0	0	passage_status/DSS-Psalms-Passage-Status.txt	13932	732	eeb20d2b220d0f0452935fef5d2556940340264985d3c99ca418f27a3203d74c	L1592257-R001
Ps	119	42	1Q10	1606616	NO_LETTER_SLOTS	4	9	0	0	0	0	5	2	2	4	0	0	0	0	passage_status/DSS-Psalms-Passage-Status.txt	14664	722	f8bbd0874850175b6fadb525f1206b0cb0a6fc2d31b5e4c843248460ef0ef254	L1592258-R001
Ps	119	43	1Q10	1606616	PARTLY_RECONSTRUCTED	14	37	33	25	1	7	26	1	0	1	0	0	0	0	passage_status/DSS-Psalms-Passage-Status.txt	15386	737	f210d45ccec30ecd653b27300ba4e1f97bf1ada9418363d059043b9c5ee52833	L1592259-R001
Ps	119	44	1Q10	1606616	PARTLY_RECONSTRUCTED	9	26	23	9	1	13	11	1	0	1	0	0	0	0	passage_status/DSS-Psalms-Passage-Status.txt	16123	736	418c67e10ed09129b1eb348b351f7564aeed0a9a590b5c7035d5cdb01fb0a5d3	L1592260-R001
Ps	119	45	1Q10	1606616	PARTLY_RECONSTRUCTED	8	27	24	19	1	4	21	1	0	1	0	0	0	0	passage_status/DSS-Psalms-Passage-Status.txt	16859	752	4f6a1c03bdadbf991cae965da90dc657a98782ddfad1b48d90249886d684ca02	L1592260-R002,L1592261-R001
Ps	119	46	1Q10	1606616	PARTLY_RECONSTRUCTED	10	30	27	17	2	8	18	2	0	1	0	0	0	0	passage_status/DSS-Psalms-Passage-Status.txt	17611	737	fb424e2db4a1fd3b0bc4339fb18d3551dcf7f8fa4bf80d7bdb5b33c0f9fe9396	L1592262-R001
Ps	119	47	1Q10	1606616	PARTLY_RECONSTRUCTED	7	25	22	13	5	4	15	5	0	1	0	0	0	0	passage_status/DSS-Psalms-Passage-Status.txt	18348	748	73579650ebfd1c5258698f26903d6474d6ebf286cb18a9c7485320c530919506	L1592263-R001
Ps	119	48	1Q10	1606616	PARTLY_RECONSTRUCTED	12	39	34	26	1	7	29	1	0	1	0	0	0	0	passage_status/DSS-Psalms-Passage-Status.txt	19096	753	6e229ae8a4ee20a9bd05ab14b7c128f12ce9d6a805a3788f99bf8154d63260b8	L1592263-R002,L1592264-R001
Ps	119	55	1Q10	1606616	PARTLY_RECONSTRUCTED	9	32	28	25	2	1	27	2	0	1	0	0	0	0	passage_status/DSS-Psalms-Passage-Status.txt	19849	742	34dc74957d2ce744f96f6f88e7ead5f87974a68eb427904085f1aa6d938b97b6	L1592265-R001
Ps	119	56	1Q10	1606616	PARTLY_RECONSTRUCTED	7	25	21	18	0	3	20	0	0	1	0	0	0	0	passage_status/DSS-Psalms-Passage-Status.txt	20591	731	64fb1d0514a1ce38b71a59fed98c7e5e28f79bb881890fd675479b49d1682b21	L1592266-R001
Ps	119	57	1Q10	1606616	PARTLY_RECONSTRUCTED	7	26	22	21	0	1	23	0	0	1	0	0	0	0	passage_status/DSS-Psalms-Passage-Status.txt	21322	731	81eb343b88595954ac4512582b4e150602faf24aa7b3550d92c90f48079b4277	L1592267-R001
Ps	119	77	1Q10	1606616	PARTLY_RECONSTRUCTED	8	34	28	19	1	8	22	1	0	1	0	0	0	0	passage_status/DSS-Psalms-Passage-Status.txt	22053	736	48653e6590d633da221066252ff048ba14adaeb7b9add89ee2bf54cbcba43719	L1592268-R001
Ps	119	78	1Q10	1606616	PARTLY_RECONSTRUCTED	11	38	31	15	1	15	15	3	0	2	0	0	0	0	passage_status/DSS-Psalms-Passage-Status.txt	22789	754	2bd36db80a941b44ed21f88b0df8931e0c128d53592dbdab97b08039e11fe1cc	L1592268-R002,L1592269-R001
Ps	119	79	1Q10	1606616	PARTLY_RECONSTRUCTED	8	30	23	12	0	11	16	0	1	2	0	0	0	0	passage_status/DSS-Psalms-Passage-Status.txt	23543	732	5d9e78f1ec0d06b8a02cd06a09e59aab506966eff33eaef11a8b0118a836d277	L1592270-R001
Ps	119	80	1Q10	1606616	NO_LETTER_RECONSTRUCTION_MARKED	4	7	1	0	0	1	4	0	2	3	0	0	0	0	passage_status/DSS-Psalms-Passage-Status.txt	24275	738	998a6ae357d9d44b6a8c171ffe7fd52970115e3a21d44eceba70197a4f36f2cf	L1592271-R001
Ps	126	6	1Q11	1606617	PARTLY_RECONSTRUCTED	15	47	44	35	2	7	36	2	0	1	0	0	0	0	passage_status/DSS-Psalms-Passage-Status.txt	25013	741	27138e001de41b2ce3d9e4bddd902134c7c21199521bd0375a7236651ba95a76	L1592287-R001
Ps	127	1	1Q11	1606617	PARTLY_RECONSTRUCTED	16	52	48	34	2	12	36	2	0	1	0	0	0	0	passage_status/DSS-Psalms-Passage-Status.txt	25754	758	6eb624d22c80d7c67bde4dfd09ae8fc51815a425c2790bafcc07ab17ae24c882	L1592288-R001,L1592289-R001
Ps	127	2	1Q11	1606617	PARTLY_RECONSTRUCTED	16	54	50	34	1	15	37	1	0	1	0	0	0	0	passage_status/DSS-Psalms-Passage-Status.txt	26512	752	2b608c52fab48e2547d184b7233240052383c0f3cd457035a4fad45254ad5d4a	L1592289-R002,L1592290-R001
Ps	127	3	1Q11	1606617	PARTLY_RECONSTRUCTED	9	27	25	19	2	4	21	2	0	1	0	0	0	0	passage_status/DSS-Psalms-Passage-Status.txt	27264	772	e8fde8ea0ff2a3da8a4fd0af893ab30194cc3c28e39ff47445b6848a42aba7d1	L1592290-R002,L1592290-R003,L1592291-R001
Ps	127	4	1Q11	1606617	PARTLY_RECONSTRUCTED	10	26	24	18	1	5	18	1	0	1	0	0	0	0	passage_status/DSS-Psalms-Passage-Status.txt	28036	735	ca02db8855ebabe2b8f245f02fc16342b66446b1b5dfd95728b6b8bbcd9a977f	L1592291-R002
Ps	127	5	1Q11	1606617	PARTLY_RECONSTRUCTED	12	36	32	22	1	9	24	1	0	1	0	0	0	0	passage_status/DSS-Psalms-Passage-Status.txt	28771	735	aa51b8dd6ca76c98b918ba172ab50a04ba672b358cc09b5963e02ec41046864b	L1592292-R001
Ps	128	2	1Q11	1606617	NO_LETTER_SLOTS	4	8	0	0	0	0	7	1	2	4	0	0	0	0	passage_status/DSS-Psalms-Passage-Status.txt	29506	720	cbb05c666f895ce3019c937df852034621b6388a80831bc730fc727de04ed409	L1592293-R001
Ps	128	3	1Q11	1606617	PARTLY_RECONSTRUCTED	17	56	48	38	0	10	44	0	1	2	0	0	0	0	passage_status/DSS-Psalms-Passage-Status.txt	30226	763	3ee475dd901febadd140be684ecca2d4eb6afa2ce013480dd45314518dc5dbac	L1592293-R002,L1592294-R001,L1592295-R001
Ps	44	2	1Q12	1606618	PARTLY_RECONSTRUCTED	12	45	40	37	0	3	41	0	0	1	0	0	0	0	passage_status/DSS-Psalms-Passage-Status.txt	30989	728	9f37e35d2c7b8c4478ba684f02b0c1a40d402af48828e4ba83424abbee419ecd	L1592296-R001
Ps	44	3	1Q12	1606618	PARTLY_RECONSTRUCTED	11	39	34	25	0	9	27	0	0	1	0	0	0	0	passage_status/DSS-Psalms-Passage-Status.txt	31717	744	5871b9de23bf40ab9ca9246adabd9f2ed4945fb1e99d9dcb1cc2ad3a07e0f1d4	L1592296-R002,L1592297-R001
Ps	44	4	1Q12	1606618	PARTLY_RECONSTRUCTED	21	71	62	48	2	12	55	2	0	1	0	0	0	0	passage_status/DSS-Psalms-Passage-Status.txt	32461	766	91033a6e7a04e2a98435799715a2be14b6a87b4e5925d07b8bbf494b6c44218c	L1592297-R002,L1592298-R001,L1592299-R001
Ps	44	5	1Q12	1606618	PARTLY_RECONSTRUCTED	8	31	28	24	1	3	25	1	0	1	0	0	0	0	passage_status/DSS-Psalms-Passage-Status.txt	33227	732	aa65058f8d0d7299b803fc77d874feababe0d9939ae44b9ad9d3fa7a66b5a583	L1592299-R002
Ps	44	6	1Q12	1606618	ALL_LETTER_SLOTS_RECONSTRUCTED	8	32	26	26	0	0	32	0	0	1	0	0	0	0	passage_status/DSS-Psalms-Passage-Status.txt	33959	737	b4ff07e9020b3b0e3bdbd651cda9047269df2e1a40ef04888cda9d7f341d13ff	L1592300-R001
Ps	44	7	1Q12	1606618	PARTLY_RECONSTRUCTED	10	33	28	24	0	4	28	0	0	1	0	0	0	0	passage_status/DSS-Psalms-Passage-Status.txt	34696	744	4838c1fae21a6b2d6ccb185da34174d3dfd21246997d1b88af9af1cb6aa3c19b	L1592300-R002,L1592301-R001
Ps	44	8	1Q12	1606618	PARTLY_RECONSTRUCTED	8	34	29	27	0	2	32	0	0	1	0	0	0	0	passage_status/DSS-Psalms-Passage-Status.txt	35440	727	ac268e1861d441884549d5dcfcdd240f84fa1b93e7f373b09881297e2639fc79	L1592301-R002
Ps	44	9	1Q12	1606618	PARTLY_RECONSTRUCTED	3	9	7	3	1	3	3	1	0	1	0	0	0	0	passage_status/DSS-Psalms-Passage-Status.txt	36167	728	59acdf661259f21e32db79a37f70917f284ebdbe926b4d64483b865b368bb3af	L1592301-R003
Ps	44	23	1Q12	1606618	PARTLY_RECONSTRUCTED	11	35	32	27	2	3	28	2	0	1	0	0	0	0	passage_status/DSS-Psalms-Passage-Status.txt	36895	741	25911b61e9065c4824fe8f20f63ae64e2102ab8f36ff8aee368e5b531d24a4e5	L1592302-R001
Ps	44	24	1Q12	1606618	PARTLY_RECONSTRUCTED	10	34	30	21	0	9	22	0	0	1	0	0	0	0	passage_status/DSS-Psalms-Passage-Status.txt	37636	730	b0c7d31178a84c254617519f1eb59117bfffe0bd63d584eed6597c11b75c7ed9	L1592303-R001
Ps	44	25	1Q12	1606618	PARTLY_RECONSTRUCTED	8	32	27	23	1	3	26	1	0	1	0	0	0	0	passage_status/DSS-Psalms-Passage-Status.txt	38366	734	ebda5229fa1655f38d22247222982e56a054fd0356039958c74e970093a5044e	L1592304-R001
Ps	103	2	2Q14	1606635	PARTLY_RECONSTRUCTED	11	37	31	22	1	8	26	1	1	2	0	0	0	0	passage_status/DSS-Psalms-Passage-Status.txt	39100	735	a0c71cf3a3c6eeae0638da41bbaca1965212f46ab5f66c536efca3908fc79bfc	L1592710-R001
Ps	103	3	2Q14	1606635	ALL_LETTER_SLOTS_RECONSTRUCTED	11	33	29	29	0	0	33	0	0	1	0	0	0	0	passage_status/DSS-Psalms-Passage-Status.txt	39835	740	3a089e1485a187fe5a825a551d146edf9dac96ce232427b5130ffd1bfffb3bf4	L1592711-R001
Ps	103	4	2Q14	1606635	PARTLY_RECONSTRUCTED	11	32	28	17	0	11	18	0	0	1	0	0	0	0	passage_status/DSS-Psalms-Passage-Status.txt	40575	731	49a8f1d3c263f706b509f2b41f47e672408a70ef53fcc6846ba20469a5e09a4b	L1592711-R002
Ps	103	5	2Q14	1606635	ALL_LETTER_SLOTS_RECONSTRUCTED	10	33	29	29	0	0	33	0	0	1	0	0	0	0	passage_status/DSS-Psalms-Passage-Status.txt	41306	740	5f3947b7a0185fe6a3f748caaf1179907ab7137455916326f4ac11a6fbb47ee9	L1592712-R001
Ps	103	6	2Q14	1606635	PARTLY_RECONSTRUCTED	9	32	30	17	0	13	17	0	0	1	0	0	0	0	passage_status/DSS-Psalms-Passage-Status.txt	42046	730	419d142d9aac690f43bc771cf274400091171ba14cc055b09ec0e353145ac6b1	L1592712-R002
Ps	103	7	2Q14	1606635	ALL_LETTER_SLOTS_RECONSTRUCTED	9	36	32	32	0	0	36	0	0	1	0	0	0	0	passage_status/DSS-Psalms-Passage-Status.txt	42776	739	363c1223c2897a3a9ff0ea3114dd9fa6f8e63e0a6762165c1fb84dc63dfbad7d	L1592713-R001
Ps	103	8	2Q14	1606635	PARTLY_RECONSTRUCTED	10	28	26	17	0	9	17	0	0	1	0	0	0	0	passage_status/DSS-Psalms-Passage-Status.txt	43515	730	c8c60f19c2aa2318e5b8026eab821e95a045827ad8f1874833ee2a6dee9667e8	L1592713-R002
Ps	103	9	2Q14	1606635	PARTLY_RECONSTRUCTED	10	26	24	23	0	1	25	0	0	1	0	0	0	0	passage_status/DSS-Psalms-Passage-Status.txt	44245	746	9b8742495fd8fe5f727efa1787eb9fac1e706e4d64e00197f47c1b2ddf84f3a8	L1592713-R003,L1592714-R001
Ps	103	10	2Q14	1606635	PARTLY_RECONSTRUCTED	12	43	37	33	0	4	36	0	0	1	0	0	0	0	passage_status/DSS-Psalms-Passage-Status.txt	44991	732	af87bc1a430624504f8db174ab8fc80ff6c29745bae262d4fb62d2bea6e1cb91	L1592714-R002
Ps	103	11	2Q14	1606635	PARTLY_RECONSTRUCTED	13	37	31	27	0	4	31	0	1	2	0	0	0	0	passage_status/DSS-Psalms-Passage-Status.txt	45723	748	693ecacb7b78b666e088d7b1ecb857fa590b34fdd949d0ddf3fa231478e42f91	L1592714-R003,L1592715-R001
Ps	104	6	2Q14	1606635	PARTLY_RECONSTRUCTED	10	33	28	23	0	5	28	0	1	2	0	0	0	0	passage_status/DSS-Psalms-Passage-Status.txt	46471	730	12e76eb9494d10cc3918db2c4d94f37e086d89c952b3177a46fba721d820e022	L1592716-R001
Ps	104	7	2Q14	1606635	ALL_LETTER_SLOTS_RECONSTRUCTED	8	34	28	28	0	0	34	0	0	1	0	0	0	0	passage_status/DSS-Psalms-Passage-Status.txt	47201	755	a642c97f562175487551cf3998e42969a670389e12f719fcf841d096b96b5064	L1592716-R002,L1592717-R001
Ps	104	8	2Q14	1606635	PARTLY_RECONSTRUCTED	12	38	35	26	1	8	27	1	0	1	0	0	0	0	passage_status/DSS-Psalms-Passage-Status.txt	47956	735	05b4ba039684e692699cd6580751e07ea9b4a2cf27ab839686d62b6896ca0810	L1592717-R002
Ps	104	9	2Q14	1606635	PARTLY_RECONSTRUCTED	11	36	32	25	0	7	29	0	0	1	0	0	0	0	passage_status/DSS-Psalms-Passage-Status.txt	48691	730	cd4e049c8253b94b342c75c5ffeff06443e050f67be311ba2d0d1ba2cc21704a	L1592718-R001
Ps	104	10	2Q14	1606635	ALL_LETTER_SLOTS_RECONSTRUCTED	9	33	30	30	0	0	33	0	0	1	0	0	0	0	passage_status/DSS-Psalms-Passage-Status.txt	49421	757	da72488a2bcb7f9f8303c5768efcf904d4ca45a938238cd05bbcb4ee617b724d	L1592718-R002,L1592719-R001
Ps	104	11	2Q14	1606635	PARTLY_RECONSTRUCTED	8	31	28	24	2	2	25	2	0	1	0	0	0	0	passage_status/DSS-Psalms-Passage-Status.txt	50178	742	ee85051b9e27720b43c30e02886b4ef94e476eec55cd0c39b695fb48c46cd45c	L1592719-R002
Ps	2	6	3Q2	1606640	PARTLY_RECONSTRUCTED	9	29	25	18	0	7	19	0	0	1	0	0	0	0	passage_status/DSS-Psalms-Passage-Status.txt	50920	723	72674ba0b88bc8ca70d48b751bf992a14fc9bb1755b6a2ae5a9d042d2deea9d2	L1592773-R001
Ps	2	7	3Q2	1606640	PARTLY_RECONSTRUCTED	14	45	38	31	1	6	34	1	1	2	0	0	0	0	passage_status/DSS-Psalms-Passage-Status.txt	51643	745	98fb1b415e210fedc7af580d4435c7f33fcd4dfe7d7c37f28f6a220267945662	L1592774-R001,L1592775-R001
Ps	5	9	4Q83	1606742	PARTLY_RECONSTRUCTED	7	25	18	13	2	3	17	2	1	2	0	0	0	0	passage_status/DSS-Psalms-Passage-Status.txt	52388	730	2df2b85c8c96c7ef24c78d6880c34cd51ebe8d268367f4b9d693dbd14ed8ac95	L1600686-R001
Ps	5	10	4Q83	1606742	PARTLY_RECONSTRUCTED	16	62	48	41	2	5	49	5	2	3	0	0	0	0	passage_status/DSS-Psalms-Passage-Status.txt	53118	755	344d1724e134625d35a6dfec6bbd2cac41348570641bdff4f60ac889c9b4dfc2	L1600686-R002,L1600687-R001
Ps	5	11	4Q83	1606742	PARTLY_RECONSTRUCTED	13	53	46	37	3	6	43	3	0	1	0	0	0	0	passage_status/DSS-Psalms-Passage-Status.txt	53873	749	29d929dffcdf15b02ee4647608561e05623887f42c25bf671a55dcff69db118c	L1600687-R002,L1600688-R001
Ps	5	12	4Q83	1606742	PARTLY_RECONSTRUCTED	17	57	51	37	2	12	42	2	0	1	0	0	0	0	passage_status/DSS-Psalms-Passage-Status.txt	54622	756	ffaa15bf71aa1495d922915f2b4e17a2d0a5853484c6646e33770a9e2f9fcae7	L1600688-R002,L1600689-R001
Ps	5	13	4Q83	1606742	PARTLY_RECONSTRUCTED	11	36	31	14	5	12	16	5	1	2	0	0	0	0	passage_status/DSS-Psalms-Passage-Status.txt	55378	762	19aa8a49a6be46a97f15e09d75a9137d513b467a3d4c673ae8c7b64c7faad54f	L1600689-R002,L1600690-R001
Ps	6	1	4Q83	1606742	ALL_LETTER_SLOTS_RECONSTRUCTED	11	32	30	30	0	0	32	0	0	1	0	0	0	0	passage_status/DSS-Psalms-Passage-Status.txt	56140	736	ccf307f57528a8283dca2b25ba77ddfc95357dca49a0ff3180edf40ff710b233	L1600691-R001
Ps	6	2	4Q83	1606742	PARTLY_RECONSTRUCTED	11	39	33	20	2	11	22	2	0	1	0	0	0	0	passage_status/DSS-Psalms-Passage-Status.txt	56876	732	f731b5d008697cf746b9aa36141b1732d74cb6a7538113782a3719b428856f09	L1600691-R002
Ps	6	3	4Q83	1606742	ALL_LETTER_SLOTS_RECONSTRUCTED	11	42	37	37	0	0	42	0	0	1	0	0	0	0	passage_status/DSS-Psalms-Passage-Status.txt	57608	736	608528fea60011dab488a46f8cfd316bf0e11c80e8d84c859f32d7caaee04833	L1600692-R001
Ps	6	4	4Q83	1606742	PARTLY_RECONSTRUCTED	10	28	25	17	3	5	18	3	0	1	0	0	0	0	passage_status/DSS-Psalms-Passage-Status.txt	58344	737	b8f47d9f13237dc98aad56566bf0e1f468c17e32e568e2038b5069be0391026b	L1600692-R002
Ps	6	5	4Q83	1606742	NO_LETTER_SLOTS	2	4	0	0	0	0	4	0	1	2	0	0	0	0	passage_status/DSS-Psalms-Passage-Status.txt	59081	716	1c33c3d6518ca5c980112ce29563c183ab097cbc718fe47eb846d17620340a7d	L1600693-R001
Ps	6	6	4Q83	1606742	NO_LETTER_SLOTS	3	7	0	0	0	0	3	2	1	3	0	0	0	0	passage_status/DSS-Psalms-Passage-Status.txt	59797	716	5a4bb09054756b957fce08e02c75c409ef1684b46e829fa26b869fa3c4274c47	L1600693-R002
Ps	25	8	4Q83	1606742	PARTLY_RECONSTRUCTED	11	30	28	25	1	2	27	1	0	1	0	0	0	0	passage_status/DSS-Psalms-Passage-Status.txt	60513	733	f0b2805c37d5bcf2b7cb118ac473681decbf5a99df1892228342f985015351c3	L1600694-R001
Ps	25	9	4Q83	1606742	ALL_LETTER_SLOTS_RECONSTRUCTED	9	31	28	28	0	0	31	0	0	1	0	0	0	0	passage_status/DSS-Psalms-Passage-Status.txt	61246	753	7ef7f205e22faa7dfbd43a76f5120979c210f7aa220cfbafba2c06f37e0e31f4	L1600694-R002,L1600695-R001
Ps	25	10	4Q83	1606742	PARTLY_RECONSTRUCTED	12	38	34	28	1	5	31	1	0	1	0	0	0	0	passage_status/DSS-Psalms-Passage-Status.txt	61999	735	80adcf646ba829129b09b883c088ddb60faaf112e5ea6f948909d372086ac0cf	L1600695-R002
Ps	25	11	4Q83	1606742	ALL_LETTER_SLOTS_RECONSTRUCTED	11	32	28	28	0	0	32	0	0	1	0	0	0	0	passage_status/DSS-Psalms-Passage-Status.txt	62734	756	d1531564abda068ac182f8b4e235e20c6a480bef4cfbbd0ea57cb07d712ef471	L1600695-R003,L1600696-R001
Ps	25	12	4Q83	1606742	PARTLY_RECONSTRUCTED	11	31	28	24	2	2	24	2	0	1	0	0	0	0	passage_status/DSS-Psalms-Passage-Status.txt	63490	741	470d79e5d55cbf305a617247c93962b7d3e1a53d5d28651989b00d0f848358f2	L1600696-R002
Ps	25	15	4Q83	1606742	PARTLY_RECONSTRUCTED	12	38	32	24	2	6	27	2	1	2	0	0	0	0	passage_status/DSS-Psalms-Passage-Status.txt	64231	741	ebf691fbe30f98a1d31308c316c6ea171681fe409b192bba5352ff7813a021b9	L1600697-R001
Ps	31	23	4Q83	1606742	PARTLY_RECONSTRUCTED	17	62	55	54	0	1	61	0	0	1	0	0	0	0	passage_status/DSS-Psalms-Passage-Status.txt	64972	746	4433317cdc2e0968526c6a3aca1eac80418033ae3d86489ed6a4f282c591c539	L1600698-R001,L1600699-R001
Ps	31	24	4Q83	1606742	PARTLY_RECONSTRUCTED	15	51	48	40	3	5	42	3	0	1	0	0	0	0	passage_status/DSS-Psalms-Passage-Status.txt	65718	757	66ca61aa0fad5d538c1f301ef9c019d6181ae469e28144c92324fcb288b68a0d	L1600699-R002,L1600700-R001
Ps	31	25	4Q83	1606742	ALL_LETTER_SLOTS_RECONSTRUCTED	10	32	29	29	0	0	32	0	0	1	0	0	0	0	passage_status/DSS-Psalms-Passage-Status.txt	66475	740	8c5ed68b340f5f8039edb6227e8a7b89e754fbcaf2370866e21053c0b17511dd	L1600700-R002
Ps	33	1	4Q83	1606742	ALL_LETTER_SLOTS_RECONSTRUCTED	9	31	29	29	0	0	31	0	0	1	0	0	0	0	passage_status/DSS-Psalms-Passage-Status.txt	67215	737	ddd2dff2017475ff8ba994e210e591ac4955e511965b4b7588c2c8fec85e5f72	L1600701-R001
Ps	33	2	4Q83	1606742	PARTLY_RECONSTRUCTED	11	31	28	18	2	8	18	2	0	1	0	0	0	0	passage_status/DSS-Psalms-Passage-Status.txt	67952	739	017899409c0480c9f07ec61af48aa23704efee5dc50946c8de3f9294b012aaea	L1600701-R002
Ps	33	3	4Q83	1606742	ALL_LETTER_SLOTS_RECONSTRUCTED	9	30	27	27	0	0	30	0	0	1	0	0	0	0	passage_status/DSS-Psalms-Passage-Status.txt	68691	737	c8bed0d50c23382aab94d045c28d4c7a31a1020f7f12e143aee2346364045122	L1600702-R001
Ps	33	4	4Q83	1606742	PARTLY_RECONSTRUCTED	10	30	27	21	3	3	22	3	0	1	0	0	0	0	passage_status/DSS-Psalms-Passage-Status.txt	69428	739	ee4fa37190e4798420e3308b1c9dea4a5c3a018e3c34d9d790dae0f2b7755579	L1600702-R002
Ps	33	5	4Q83	1606742	PARTLY_RECONSTRUCTED	10	29	27	24	0	3	26	0	0	1	0	0	0	0	passage_status/DSS-Psalms-Passage-Status.txt	70167	744	d38616e7805cee371248512798ead09643865b8f2909a5c1987e3eb2525d8068	L1600702-R003,L1600703-R001
Ps	33	6	4Q83	1606742	PARTLY_RECONSTRUCTED	12	35	31	23	2	6	23	2	0	1	0	0	0	0	passage_status/DSS-Psalms-Passage-Status.txt	70911	739	e900f48080f05421c0705a280552f97b02de9c043a7cc92e34e8682851ddd182	L1600703-R002
Ps	33	7	4Q83	1606742	ALL_LETTER_SLOTS_RECONSTRUCTED	17	46	44	44	0	0	46	0	0	1	0	0	0	0	passage_status/DSS-Psalms-Passage-Status.txt	71650	738	bd006e2bc0df22d9401fff0ac1af5d48a17da292edf601b998bee5b15f8fc178	L1600704-R001
Ps	33	8	4Q83	1606742	PARTLY_RECONSTRUCTED	12	38	35	26	3	6	29	3	0	1	0	0	0	0	passage_status/DSS-Psalms-Passage-Status.txt	72388	755	8e05c09e5f4762b8e33da0a3d880507584c25235d93e91107a10e0d854be1854	L1600704-R002,L1600705-R001
Ps	33	9	4Q83	1606742	ALL_LETTER_SLOTS_RECONSTRUCTED	10	25	23	23	0	0	25	0	0	1	0	0	0	0	passage_status/DSS-Psalms-Passage-Status.txt	73143	738	4f971591a5fdee67c3e4b26f7997272e1d83a7bafa473c685730677cee008e9d	L1600705-R002
Ps	33	10	4Q83	1606742	PARTLY_RECONSTRUCTED	8	31	29	22	4	3	24	4	0	1	0	0	0	0	passage_status/DSS-Psalms-Passage-Status.txt	73881	756	cba72d2dba768e2ae3e62f43475cd973372b49c648da74f162368a68f4bc2e21	L1600705-R003,L1600706-R001
Ps	33	11	4Q83	1606742	ALL_LETTER_SLOTS_RECONSTRUCTED	12	34	31	31	0	0	34	0	0	1	0	0	0	0	passage_status/DSS-Psalms-Passage-Status.txt	74637	740	731fcfad887f0cb13c1a195f767488eba5ae0c405917cc2706a106f6866105b4	L1600706-R002
Ps	33	12	4Q83	1606742	PARTLY_RECONSTRUCTED	5	13	11	8	2	1	8	2	0	1	0	0	0	0	passage_status/DSS-Psalms-Passage-Status.txt	75377	738	14b28caf1764f5518593ae8a92b3db8578eb527a1ecbe1805689d0003e74ca53	L1600706-R003
Ps	34	21	4Q83	1606742	PARTLY_RECONSTRUCTED	8	29	25	24	1	0	26	1	0	1	0	0	0	0	passage_status/DSS-Psalms-Passage-Status.txt	76115	734	eb3cc4cd387bac47181722dc0376e23f96ba4a135c43d1d6ac4a7d104feb53ed	L1600707-R001
Ps	34	22	4Q83	1606742	PARTLY_RECONSTRUCTED	8	27	25	22	1	2	24	1	0	1	0	0	0	0	passage_status/DSS-Psalms-Passage-Status.txt	76849	750	ec56ae141dd29a9c8ca363508ceee64f955a47b763ee7bb70c2e156d10233eeb	L1600707-R002,L1600708-R001
Ps	35	1	4Q83	1606742	ALL_LETTER_SLOTS_RECONSTRUCTED	10	33	28	28	0	0	33	0	0	1	0	0	0	0	passage_status/DSS-Psalms-Passage-Status.txt	77599	738	1eb312369dcf23a2687bb8898bc7d1d5bc0c322bc5c22a04456eb832451e5ccb	L1600709-R001
Ps	35	2	4Q83	1606742	PARTLY_RECONSTRUCTED	9	26	22	16	2	4	18	2	0	1	0	0	0	0	passage_status/DSS-Psalms-Passage-Status.txt	78337	738	7bece0976d65db17173e28fb0937dde9ce23e66366ed2f175b8e9652227b05f8	L1600709-R002
Ps	35	13	4Q83	1606742	PARTLY_RECONSTRUCTED	14	49	42	38	3	1	45	3	0	1	0	0	0	0	passage_status/DSS-Psalms-Passage-Status.txt	79075	747	a77f5be30f9521fda880375f56b510ac20c9c7bba1bcd9e3f3252f77dd3b9bab	L1600710-R001
Ps	35	14	4Q83	1606742	PARTLY_RECONSTRUCTED	12	32	29	21	0	8	22	0	0	1	0	0	0	0	passage_status/DSS-Psalms-Passage-Status.txt	79822	746	97e35320ecfdd66c77a554961e0b9d4b2d140f9cc3fb5b7a2b94d2256d5fb14b	L1600710-R002,L1600711-R001
Ps	35	15	4Q83	1606742	PARTLY_RECONSTRUCTED	15	40	33	18	4	11	22	5	1	3	0	0	0	0	passage_status/DSS-Psalms-Passage-Status.txt	80568	748	4a6451b584cd4f6de5c3cb99fd7dd31b74b002be955807245276c9096642bd4f	L1600711-R002
Ps	35	16	4Q83	1606742	PARTLY_RECONSTRUCTED	8	28	24	9	0	15	9	0	0	1	0	0	0	0	passage_status/DSS-Psalms-Passage-Status.txt	81316	744	6861f20d5c26668fbeecd0f01c667e3adfc763ae06b3ec9613cec5afa90f4306	L1600711-R003,L1600712-R001
Ps	35	17	4Q83	1606742	PARTLY_RECONSTRUCTED	12	46	40	32	3	5	38	3	0	1	0	0	0	0	passage_status/DSS-Psalms-Passage-Status.txt	82060	747	455c3e8921a330182bc5a512d2318d1c54cdf23f7ed78394671c67ff02eb0849	L1600712-R002
Ps	35	18	4Q83	1606742	PARTLY_RECONSTRUCTED	9	28	23	8	4	11	13	4	0	2	0	0	0	0	passage_status/DSS-Psalms-Passage-Status.txt	82807	756	8051ef4819ca568e8810ec423f1030e1fe8e818f8bff64ba8ea19c40d77fbdef	L1600712-R003,L1600713-R001
Ps	35	19	4Q83	1606742	ALL_LETTER_SLOTS_RECONSTRUCTED	10	36	31	31	0	0	36	0	0	1	0	0	0	0	passage_status/DSS-Psalms-Passage-Status.txt	83563	740	be0ae8c9046dc9198ae4e4aa0b7fefd2a680d236873c71b183f2434c397a015d	L1600713-R002
Ps	35	20	4Q83	1606742	PARTLY_RECONSTRUCTED	13	43	38	29	6	3	34	6	1	2	0	0	0	0	passage_status/DSS-Psalms-Passage-Status.txt	84303	757	8bf65476764404539201d4f721442bce27c0a7754dfb305846679c7bc433de04	L1600713-R003,L1600714-R001
Ps	35	26	4Q83	1606742	PARTLY_RECONSTRUCTED	10	36	32	25	3	4	28	3	0	1	0	0	0	0	passage_status/DSS-Psalms-Passage-Status.txt	85060	741	3c72d9d891a7ac7c893695af76f4cc70f3c9ded99917bce96477c12a7936737f	L1600715-R001
Ps	35	27	4Q83	1606742	PARTLY_RECONSTRUCTED	14	52	48	40	4	4	44	4	0	1	0	0	0	0	passage_status/DSS-Psalms-Passage-Status.txt	85801	757	eb849c3afba2c5eca8686959289e761fccedcc50d28512083b3cbea94a27d372	L1600715-R002,L1600716-R001
Ps	35	28	4Q83	1606742	ALL_LETTER_SLOTS_RECONSTRUCTED	9	30	25	25	0	0	30	0	0	1	0	0	0	0	passage_status/DSS-Psalms-Passage-Status.txt	86558	739	7592a61ccf0adb914f19d04ffb54c6732d94efa1ca46fb9707cebf8fbad4f2e7	L1600716-R002
Ps	36	1	4Q83	1606742	PARTLY_RECONSTRUCTED	8	20	18	1	6	11	3	6	0	1	0	0	0	0	passage_status/DSS-Psalms-Passage-Status.txt	87297	737	b00d4cc41784755c16e7a3cde1305a2d89a1b89462009c89f668b8e4e7a3e72c	L1600717-R001
Ps	36	2	4Q83	1606742	ALL_LETTER_SLOTS_RECONSTRUCTED	14	41	37	37	0	0	41	0	0	1	0	0	0	0	passage_status/DSS-Psalms-Passage-Status.txt	88034	738	d2f6adf0e6980917c7772209196567f488a0486478a6de715975a90b492cd255	L1600717-R002
Ps	36	3	4Q83	1606742	PARTLY_RECONSTRUCTED	11	35	30	11	5	14	13	5	0	1	0	0	0	0	passage_status/DSS-Psalms-Passage-Status.txt	88772	762	0746cec39a4b468c584a248efc823051b0b9d2cca9a237510ff485e091cd3a17	L1600717-R003,L1600718-R001
Ps	36	4	4Q83	1606742	ALL_LETTER_SLOTS_RECONSTRUCTED	11	33	30	30	0	0	33	0	0	1	0	0	0	0	passage_status/DSS-Psalms-Passage-Status.txt	89534	738	53a13e51a455535abb03427fa291385c4d177d3e0ddc0f6f1fcc11d4f2ab5c56	L1600718-R002
Ps	36	5	4Q83	1606742	PARTLY_RECONSTRUCTED	13	43	40	23	5	12	25	5	0	1	0	0	0	0	passage_status/DSS-Psalms-Passage-Status.txt	90272	756	943ca32d3c7cf577ba617d9e5d643421873b964d2434427a4cc87f8f46bb8006	L1600718-R003,L1600719-R001
Ps	36	6	4Q83	1606742	PARTLY_RECONSTRUCTED	9	32	28	15	3	10	18	3	0	1	0	0	0	0	passage_status/DSS-Psalms-Passage-Status.txt	91028	733	2276a695dace191a68561bc16d28596d9f61bcae9df920956e11c8a204d7ae80	L1600720-R001
Ps	36	7	4Q83	1606742	PARTLY_RECONSTRUCTED	14	48	43	36	1	6	40	1	0	1	0	0	0	0	passage_status/DSS-Psalms-Passage-Status.txt	91761	749	81ec649b306c1094c6f06910d082120e5f11a5ea308da6881f5b64f873365051	L1600720-R002,L1600721-R001
Ps	36	8	4Q83	1606742	ALL_LETTER_SLOTS_RECONSTRUCTED	12	40	35	35	0	0	40	0	0	1	0	0	0	0	passage_status/DSS-Psalms-Passage-Status.txt	92510	738	698d0a67782695222ba64fc84ee5ba7c09a6e566dfcb1a60f58187d57f34f79b	L1600721-R002
Ps	36	9	4Q83	1606742	PARTLY_RECONSTRUCTED	10	35	27	23	1	3	29	1	1	2	0	0	0	0	passage_status/DSS-Psalms-Passage-Status.txt	93248	749	71ccfe64d6e9b1a5b28d3f11d8df6be7f1e3f0303d4988aeb3f29e083b506956	L1600721-R003,L1600722-R001
Ps	38	2	4Q83	1606742	PARTLY_RECONSTRUCTED	10	37	31	26	3	2	31	3	0	1	0	0	0	0	passage_status/DSS-Psalms-Passage-Status.txt	93997	739	b862ae0e87d372f6610a6d16eb78ad275720663fd3e2cdf4197c170e9df6c8fc	L1600723-R001
Ps	38	3	4Q83	1606742	ALL_LETTER_SLOTS_RECONSTRUCTED	9	29	23	23	0	0	29	0	0	1	0	0	0	0	passage_status/DSS-Psalms-Passage-Status.txt	94736	753	a44bf12d1f5b2f1adcdc3aa513e5cafe25b91ec25a2ec85204a3eade3082ddaf	L1600723-R002,L1600724-R001
Ps	38	4	4Q83	1606742	PARTLY_RECONSTRUCTED	15	47	40	23	5	12	27	6	0	1	0	0	0	0	passage_status/DSS-Psalms-Passage-Status.txt	95489	740	8401c996b6cf2d2492c2d6a68236a42b1330326c081bb2c50b6f4827b201e650	L1600724-R002
Ps	38	5	4Q83	1606742	ALL_LETTER_SLOTS_RECONSTRUCTED	10	36	31	31	0	0	36	0	0	1	0	0	0	0	passage_status/DSS-Psalms-Passage-Status.txt	96229	754	ad847ac7edefbc6b7fe840882474c3b7242c37fcd8f6d059615cd1275810d867	L1600724-R003,L1600725-R001
Ps	38	6	4Q83	1606742	PARTLY_RECONSTRUCTED	8	31	27	9	6	12	11	6	0	1	0	0	0	0	passage_status/DSS-Psalms-Passage-Status.txt	96983	750	4cdf8a58ef3bff1ddac7dae1795bcf85cf0b130d7c7987c64441a5f1d281c398	L1600725-R002
Ps	38	7	4Q83	1606742	ALL_LETTER_SLOTS_RECONSTRUCTED	10	31	29	29	0	0	31	0	0	1	0	0	0	0	passage_status/DSS-Psalms-Passage-Status.txt	97733	754	f3908986588458e369c3e3cd055302719a83f86ec028733a31f57489a126c9f3	L1600725-R003,L1600726-R001
Ps	38	8	4Q83	1606742	PARTLY_RECONSTRUCTED	9	21	12	4	6	2	9	7	2	4	0	0	0	0	passage_status/DSS-Psalms-Passage-Status.txt	98487	736	73b27b7c1976ddc98b07b524905f60ea1a4fa86a73222791570d12468e8fbf5d	L1600726-R002
Ps	38	9	4Q83	1606742	PARTLY_RECONSTRUCTED	10	33	29	25	2	2	28	3	0	1	0	0	0	0	passage_status/DSS-Psalms-Passage-Status.txt	99223	755	6ba1c17e12d8964de53a4d12b302921b8c41d44a5e9f1818e9a1a1ed25a2ef2d	L1600726-R003,L1600727-R001
Ps	38	10	4Q83	1606742	PARTLY_RECONSTRUCTED	10	38	32	21	1	10	24	1	0	1	0	0	0	0	passage_status/DSS-Psalms-Passage-Status.txt	99978	736	8169210233461f2d70c167d19f1eab29a3a139a17fbc4785e0b36dd9e86c9149	L1600727-R002
Ps	38	11	4Q83	1606742	ALL_LETTER_SLOTS_RECONSTRUCTED	12	41	34	34	0	0	41	0	0	1	0	0	0	0	passage_status/DSS-Psalms-Passage-Status.txt	100714	756	84da6f1d8599bbf4e8f8642dc9f3f8e8e6e0fb90a6cdf4ddad84415d6679e285	L1600727-R003,L1600728-R001
Ps	38	12	4Q83	1606742	PARTLY_RECONSTRUCTED	8	22	14	4	2	8	9	2	2	3	0	0	0	0	passage_status/DSS-Psalms-Passage-Status.txt	101470	738	ecbff4de702e7902a2668a71dc2a3ee2fdfc023fd8843daac3ba757c06f984aa	L1600728-R002
Ps	38	15	4Q83	1606742	NO_LETTER_SLOTS	4	8	0	0	0	0	7	1	2	4	0	0	0	0	passage_status/DSS-Psalms-Passage-Status.txt	102208	720	dca6f186a6c6b1877cb5821e86b5c3a611469407adfae72e44e2b4c05148c76c	L1600732-R001
Ps	38	16	4Q83	1606742	PARTLY_RECONSTRUCTED	10	37	32	14	2	16	15	2	0	1	0	0	0	0	passage_status/DSS-Psalms-Passage-Status.txt	102928	758	ef7ed3d7b4723115a368329bf3437b18fbfde559a53fdb81bdd931f934b5c5ba	L1600732-R002,L1600733-R001
Ps	38	17	4Q83	1606742	PARTLY_RECONSTRUCTED	10	36	31	25	1	5	28	1	0	1	0	0	0	0	passage_status/DSS-Psalms-Passage-Status.txt	103686	735	1cdb6d94e9429437cc48d924a4550f2a78aa1e4d37ceafb1ef3b4e6efdbf7160	L1600733-R002
Ps	38	18	4Q83	1606742	PARTLY_RECONSTRUCTED	10	31	27	6	1	20	6	1	0	1	0	0	0	0	passage_status/DSS-Psalms-Passage-Status.txt	104421	750	dd1b482420580b4b0ac8f66d98a440c7ee78945ab23396831fb89d9d0c818668	L1600733-R003,L1600734-R001
Ps	38	19	4Q83	1606742	PARTLY_RECONSTRUCTED	7	27	23	4	3	16	4	3	0	1	0	0	0	0	passage_status/DSS-Psalms-Passage-Status.txt	105171	739	1ece862740ef01087f48eb82d06953b7612780e06801b2f5343b36b18664c447	L1600734-R002
Ps	38	20	4Q83	1606742	PARTLY_RECONSTRUCTED	9	29	24	6	6	12	7	6	0	1	0	0	0	0	passage_status/DSS-Psalms-Passage-Status.txt	105910	761	dbaa71cf5b49ee6883a1e0e4b41f135818e6d962b78be3bdd50d6101e671ed43	L1600734-R003,L1600735-R001
Ps	38	21	4Q83	1606742	NO_LETTER_RECONSTRUCTION_MARKED	9	33	30	0	5	25	0	5	0	1	0	0	0	0	passage_status/DSS-Psalms-Passage-Status.txt	106671	762	056457670d73ba52f0cbbe2596572fbb7cd51e4e3d2addce7b31f8a523f9f5e0	L1600735-R002
Ps	38	22	4Q83	1606742	PARTLY_RECONSTRUCTED	7	28	23	8	4	11	9	4	0	1	0	0	0	0	passage_status/DSS-Psalms-Passage-Status.txt	107433	755	c330c4da093365c49a6c5539f3c1f73681af94dd6df41070199632884ac50e0f	L1600735-R003,L1600736-R001
Ps	38	23	4Q83	1606742	NO_LETTER_RECONSTRUCTION_MARKED	7	28	22	0	1	21	0	1	0	1	0	0	0	0	passage_status/DSS-Psalms-Passage-Status.txt	108188	744	0a825ff62460bcbba8c92c181490ad1ca36d89ca59291a2fffd971881755e945	L1600736-R002
Ps	71	1	4Q83	1606742	PARTLY_RECONSTRUCTED	8	27	24	2	2	20	4	2	0	1	0	0	0	0	passage_status/DSS-Psalms-Passage-Status.txt	108932	737	5c5d9d629831610b42ebfbcf0c555bc6b8773ba0e8404893bd1357de7471e9db	L1600736-R003
Ps	71	2	4Q83	1606742	PARTLY_RECONSTRUCTED	9	45	37	7	0	30	8	0	0	1	0	0	0	0	passage_status/DSS-Psalms-Passage-Status.txt	109669	742	5c6bdef0019124a8a5d385d5993ab629802dce9d561788995a4fcc9188aa51d3	L1600736-R004,L1600737-R001
Ps	71	3	4Q83	1606742	NO_LETTER_RECONSTRUCTION_MARKED	14	44	35	0	6	29	2	7	1	2	0	0	0	0	passage_status/DSS-Psalms-Passage-Status.txt	110411	777	f323f1b4ef73a2d175689b337e1982772cfc4e89af70a19bdad7101141cb21fe	L1600737-R002,L1600738-R001
Ps	71	4	4Q83	1606742	NO_LETTER_RECONSTRUCTION_MARKED	11	31	27	0	4	23	0	4	0	1	0	0	0	0	passage_status/DSS-Psalms-Passage-Status.txt	111188	755	7f8ca9c3b12dc09bec2140ca64b48e5bf9734048ff76999c13242f2e595321ea	L1600738-R002
Ps	71	5	4Q83	1606742	PARTLY_RECONSTRUCTED	9	34	29	12	2	15	13	2	0	1	0	0	0	0	passage_status/DSS-Psalms-Passage-Status.txt	111943	755	5428c027135479dfa2786a23efaac94301b9f69e13acb6aaff4f8b8df9aed04a	L1600738-R003,L1600739-R001
Ps	71	6	4Q83	1606742	PARTLY_RECONSTRUCTED	13	48	41	12	11	18	13	11	0	1	0	0	0	0	passage_status/DSS-Psalms-Passage-Status.txt	112698	754	b25b6de549611b531c5b9b2450fa6661818e632428016a29bc8c76f65df45f76	L1600739-R002
Ps	71	7	4Q83	1606742	NO_LETTER_RECONSTRUCTION_MARKED	10	29	26	0	0	26	0	0	0	1	0	0	0	0	passage_status/DSS-Psalms-Passage-Status.txt	113452	738	a07741c968e9f79c4bbf10d9f0125fab983c64dcd135c64250c7319a2ee30e2d	L1600740-R001
Ps	71	8	4Q83	1606742	PARTLY_RECONSTRUCTED	8	31	26	6	3	17	7	3	0	1	0	0	0	0	passage_status/DSS-Psalms-Passage-Status.txt	114190	737	769fcc55b4045ac253fa83616c6f481c502c12c3badd26c9179406a2a8a8a13d	L1600740-R002
Ps	71	9	4Q83	1606742	PARTLY_RECONSTRUCTED	11	38	33	3	2	28	4	2	0	1	0	0	0	0	passage_status/DSS-Psalms-Passage-Status.txt	114927	738	98b0c84e248f6645bd9a6372d9484b59297d12915fe389774474d0b0de40025c	L1600741-R001
Ps	71	10	4Q83	1606742	PARTLY_RECONSTRUCTED	10	35	30	15	6	9	16	6	0	1	0	0	0	0	passage_status/DSS-Psalms-Passage-Status.txt	115665	763	9d9d3d7605a7b773ddf7fe180b6bc8137213bcb51c522e251cd31f94f2189887	L1600741-R002,L1600742-R001
Ps	71	11	4Q83	1606742	PARTLY_RECONSTRUCTED	10	37	33	13	3	17	16	3	0	1	0	0	0	0	passage_status/DSS-Psalms-Passage-Status.txt	116428	742	b35b6d95d07839efe71961e2f80ce600526f13bc2d3a0ff07b433e1acf8fd5f0	L1600742-R002
Ps	71	12	4Q83	1606742	PARTLY_RECONSTRUCTED	9	35	29	19	3	7	21	3	0	1	0	0	0	0	passage_status/DSS-Psalms-Passage-Status.txt	117170	762	0e53c74af4cd33eb274829a261a2f2b0b9ab7960cbab57ee22a6a25ef149a4bc	L1600742-R003,L1600743-R001
Ps	71	13	4Q83	1606742	PARTLY_RECONSTRUCTED	12	44	40	31	0	9	35	0	0	1	0	0	0	0	passage_status/DSS-Psalms-Passage-Status.txt	117932	730	380d507322c1d91af37ee9b12dd82079863f9366a43b25d093302d4a5303277d	L1600743-R002
Ps	71	14	4Q83	1606742	PARTLY_RECONSTRUCTED	11	36	31	15	4	12	18	4	1	2	0	0	0	0	passage_status/DSS-Psalms-Passage-Status.txt	118662	764	93b7455a9549793436c564456976f1960b819e0fd56383faeb3a9c28b64b6a24	L1600743-R003,L1600744-R001
Ps	47	2	4Q83	1606742	PARTLY_RECONSTRUCTED	13	35	31	25	1	5	27	1	1	2	0	0	0	0	passage_status/DSS-Psalms-Passage-Status.txt	119426	733	21d4a0591391b924b33145be8a8510ba5acda8fd96fd77b4f600bb511fcabf56	L1600745-R001
Ps	53	2	4Q83	1606742	PARTLY_RECONSTRUCTED	9	33	31	28	3	0	30	3	0	1	0	0	0	0	passage_status/DSS-Psalms-Passage-Status.txt	120159	744	e01112776d6ef60227a89c823a4fda5836dfbda1f871f003c8d95ad7eef7b70b	L1600746-R001
Ps	53	3	4Q83	1606742	ALL_LETTER_SLOTS_RECONSTRUCTED	16	48	46	46	0	0	48	0	0	1	0	0	0	0	passage_status/DSS-Psalms-Passage-Status.txt	120903	754	8a25a5a701b06d6f4c130ccaa32cb977e570c38122ad68a28f399a7b3f03280e	L1600746-R002,L1600747-R001
Ps	53	4	4Q83	1606742	PARTLY_RECONSTRUCTED	11	33	31	23	1	7	25	1	0	1	0	0	0	0	passage_status/DSS-Psalms-Passage-Status.txt	121657	733	9905ba00126b0af4c2c1b9480cfcf4c04266529a24b536867c1ab7636854e23e	L1600747-R002
Ps	53	5	4Q83	1606742	PARTLY_RECONSTRUCTED	13	42	39	27	3	9	28	3	0	1	0	0	0	0	passage_status/DSS-Psalms-Passage-Status.txt	122390	755	42831c1c21cd38786f4ed997e7bd0204b5e38f35b43585945b5e8262a270966a	L1600747-R003,L1600748-R001
Ps	53	6	4Q83	1606742	ALL_LETTER_SLOTS_RECONSTRUCTED	16	55	51	51	0	0	55	0	0	1	0	0	0	0	passage_status/DSS-Psalms-Passage-Status.txt	123145	738	e70c745ebac90304e26f7426139eae8307d6504dfeabf1f82e8fd01f38f4266e	L1600749-R001
Ps	53	7	4Q83	1606742	PARTLY_RECONSTRUCTED	17	58	55	45	1	9	48	1	0	1	0	0	0	0	passage_status/DSS-Psalms-Passage-Status.txt	123883	749	fe533c39045637c2d7da980e7e07cd8e5d7984c3401c7e37c0a0183133169370	L1600749-R002,L1600750-R001
Ps	54	1	4Q83	1606742	ALL_LETTER_SLOTS_RECONSTRUCTED	8	22	20	20	0	0	22	0	0	1	0	0	0	0	passage_status/DSS-Psalms-Passage-Status.txt	124632	737	20bf5edcc1210c69170b4a14c84144940e77bff30846c2d258b051b1bbb69f15	L1600751-R001
Ps	54	2	4Q83	1606742	PARTLY_RECONSTRUCTED	14	41	38	29	1	8	29	1	0	1	0	0	0	0	passage_status/DSS-Psalms-Passage-Status.txt	125369	733	acf4a1801a2c4da33a97b8fdcef24b2490b2317e52add9264eb95449b138534c	L1600751-R002
Ps	54	3	4Q83	1606742	PARTLY_RECONSTRUCTED	9	36	30	25	0	5	31	0	0	1	0	0	0	0	passage_status/DSS-Psalms-Passage-Status.txt	126102	743	c6af00d5335cef9a4a258c2bf02f4d502aaf0e97e7d66c5c13d56b8ace22e834	L1600751-R003,L1600752-R001
Ps	54	4	4Q83	1606742	ALL_LETTER_SLOTS_RECONSTRUCTED	8	31	26	26	0	0	31	0	0	1	0	0	0	0	passage_status/DSS-Psalms-Passage-Status.txt	126845	737	f07db0fce68eafee6842f0901062bbf8eb1165b44aa35c1f346b072cad88100a	L1600752-R002
Ps	54	5	4Q83	1606742	PARTLY_RECONSTRUCTED	15	50	45	35	0	10	39	0	0	1	0	0	0	0	passage_status/DSS-Psalms-Passage-Status.txt	127582	745	1ecc9205567249a0e3a376466762d4bf41aa80fe7355d5d865fb23fd222b4024	L1600752-R003,L1600753-R001
Ps	54	6	4Q83	1606742	PARTLY_RECONSTRUCTED	9	30	26	20	2	4	22	2	0	1	0	0	0	0	passage_status/DSS-Psalms-Passage-Status.txt	128327	732	25cb27935c098bed7a23fd8cbe9c20bc97ec88ec85d8c07b698481e8ce61180b	L1600753-R002
Ps	56	4	4Q83	1606742	PARTLY_RECONSTRUCTED	12	34	19	12	0	7	23	2	4	7	0	0	0	0	passage_status/DSS-Psalms-Passage-Status.txt	129059	744	6fb78e270ff4a517c858ebe604902308929ec0ad350d482f882020900d6e812b	L1600754-R001,L1600756-R001
Ps	62	13	4Q83	1606742	PARTLY_RECONSTRUCTED	15	39	29	27	0	2	32	0	2	4	0	0	0	0	passage_status/DSS-Psalms-Passage-Status.txt	129803	746	86ee80f4eb3da8d2f515986848f531c317e3323aba7aa738b962a30a1f8cf48b	L1600757-R001,L1600758-R001
Ps	63	1	4Q83	1606742	ALL_LETTER_SLOTS_RECONSTRUCTED	9	28	25	25	0	0	28	0	0	1	0	0	0	0	passage_status/DSS-Psalms-Passage-Status.txt	130549	737	402e564cad619018f5f62b1ccb7bec0c2a78cf807ee5955486545cc091b99ed6	L1600759-R001
Ps	63	2	4Q83	1606742	PARTLY_RECONSTRUCTED	18	63	55	46	2	7	53	2	0	1	0	0	0	0	passage_status/DSS-Psalms-Passage-Status.txt	131286	755	26cc9bc38441aa131711eddfefd612af14da391922b4025f15bd848f4f51b9ff	L1600759-R002,L1600760-R001
Ps	63	3	4Q83	1606742	ALL_LETTER_SLOTS_RECONSTRUCTED	10	31	26	26	0	0	29	0	0	1	0	0	0	0	passage_status/DSS-Psalms-Passage-Status.txt	132041	738	6c43f85a3194deba7b42d51e4d39dfcc7d890e2eebf1ce195dfe048975a07519	L1600760-R002
Ps	63	4	4Q83	1606742	PARTLY_RECONSTRUCTED	9	35	27	20	1	6	25	1	1	2	0	0	0	0	passage_status/DSS-Psalms-Passage-Status.txt	132779	732	17f0ff35b5412fb34894bd293835d5f3659fb12998085a851c51eae6350a04db	L1600761-R001
Ps	66	16	4Q83	1606742	PARTLY_RECONSTRUCTED	14	42	37	26	3	8	31	3	1	2	0	0	0	0	passage_status/DSS-Psalms-Passage-Status.txt	133511	757	9a498d59bb0369b9ef46f42b8feca8fa0636c073f1912462473f6e31b616a774	L1600762-R001,L1600763-R001
Ps	66	17	4Q83	1606742	ALL_LETTER_SLOTS_RECONSTRUCTED	8	29	24	24	0	0	29	0	0	1	0	0	0	0	passage_status/DSS-Psalms-Passage-Status.txt	134268	739	f2fab95063cf26b6c5636d15fe02f055c84410026040182728dab792709d3908	L1600763-R002
Ps	66	18	4Q83	1606742	PARTLY_RECONSTRUCTED	9	28	25	16	2	7	17	2	0	1	0	0	0	0	passage_status/DSS-Psalms-Passage-Status.txt	135007	756	0c134984b87ec3aa84ba3c346d6e86fc5413b086b938d502e097e3eb2e847c58	L1600763-R003,L1600764-R001
Ps	66	19	4Q83	1606742	PARTLY_RECONSTRUCTED	8	28	25	22	1	2	25	1	0	1	0	0	0	0	passage_status/DSS-Psalms-Passage-Status.txt	135763	734	9f47508dd714988592ba96c41f5e30b1e2652ae1b4610d23bf700a6bc60ffcb9	L1600764-R002
Ps	66	20	4Q83	1606742	PARTLY_RECONSTRUCTED	11	39	34	17	2	15	17	2	0	1	0	0	0	0	passage_status/DSS-Psalms-Passage-Status.txt	136497	758	75dd02ba1d6225d82ce4d6af91e7e93b64ff3e0ce153fee62a9bc5b43736257b	L1600764-R003,L1600765-R001
Ps	67	1	4Q83	1606742	PARTLY_RECONSTRUCTED	7	21	19	14	2	3	16	2	0	1	0	0	0	0	passage_status/DSS-Psalms-Passage-Status.txt	137255	738	d3d64d0c149c99cd71b3382c3992b75d5bb8d891492c8278988a2c67120c0290	L1600766-R001
Ps	67	2	4Q83	1606742	PARTLY_RECONSTRUCTED	9	37	31	20	3	8	24	3	0	1	0	0	0	0	passage_status/DSS-Psalms-Passage-Status.txt	137993	738	4a937cf9e5df38e83d082b1ade7720fae6e4554158d1942ecfd2433f8192c5f1	L1600766-R002
Ps	67	3	4Q83	1606742	ALL_LETTER_SLOTS_RECONSTRUCTED	10	29	25	25	0	0	29	0	0	1	0	0	0	0	passage_status/DSS-Psalms-Passage-Status.txt	138731	754	58701a17b8be08c4c333b93c1a37d9e1ccabca9b7475a2e4b41ce1c0a869361c	L1600766-R003,L1600767-R001
Ps	67	4	4Q83	1606742	PARTLY_RECONSTRUCTED	7	34	29	18	0	11	22	0	0	1	0	0	0	0	passage_status/DSS-Psalms-Passage-Status.txt	139485	728	4ca966bf65ea05414aece393c8a6893d8c99220b6520743e681f1e5cdf22a33e	L1600767-R002
Ps	67	5	4Q83	1606742	PARTLY_RECONSTRUCTED	15	51	48	41	1	6	41	1	0	1	0	0	0	0	passage_status/DSS-Psalms-Passage-Status.txt	140213	749	872ad5ff5e043ba5d2b86a32df139075ba1abe423120fc6419c965a839aacf1b	L1600767-R003,L1600768-R001
Ps	67	6	4Q83	1606742	PARTLY_RECONSTRUCTED	8	32	27	21	0	6	25	0	0	1	0	0	0	0	passage_status/DSS-Psalms-Passage-Status.txt	140962	743	bb120b6d700c4fb4a8a50584501c48ae30e1e6f366d32024fe77f189bfe07adc	L1600768-R002,L1600769-R001
Ps	67	7	4Q83	1606742	PARTLY_RECONSTRUCTED	7	34	29	27	2	0	29	2	0	1	0	0	0	0	passage_status/DSS-Psalms-Passage-Status.txt	141705	732	ed5b76bbcc617d3f970e17e0a48dde586f4dc7c98e6e17363cd87f79b2be33b2	L1600769-R002
Ps	67	8	4Q83	1606742	PARTLY_RECONSTRUCTED	9	34	30	18	0	12	19	0	0	1	0	0	0	0	passage_status/DSS-Psalms-Passage-Status.txt	142437	728	043708b08fcf1842e3d1bb2722d563d62af5f8660701f3560aa3a87cc71cf1a9	L1600769-R003
Ps	69	1	4Q83	1606742	PARTLY_RECONSTRUCTED	7	20	18	5	1	12	5	1	0	1	0	0	0	0	passage_status/DSS-Psalms-Passage-Status.txt	143165	731	934477e8231142b660f882876907678838995ec5c10f5d87ad39ce8c12c88c8d	L1600771-R001
Ps	69	2	4Q83	1606742	PARTLY_RECONSTRUCTED	8	28	25	18	1	6	19	1	0	1	0	0	0	0	passage_status/DSS-Psalms-Passage-Status.txt	143896	732	2b8607a2a682882b9e92977f097f5f4f064e2a98e7a02406bb4f7a4a51975dcf	L1600771-R002
Ps	69	3	4Q83	1606742	PARTLY_RECONSTRUCTED	12	47	44	12	1	31	15	1	0	1	0	0	0	0	passage_status/DSS-Psalms-Passage-Status.txt	144628	750	c2693e66a05b528d1e4e6761b0ad585eb9ea9c138dd9e0944fe33e66072808ee	L1600771-R003,L1600772-R001
Ps	69	4	4Q83	1606742	PARTLY_RECONSTRUCTED	13	45	39	20	1	18	21	1	0	1	0	0	0	0	passage_status/DSS-Psalms-Passage-Status.txt	145378	734	b0f4be47c6178eab309ec59b74c1d71aa8b813a546f9659fd4df965cf5445c5b	L1600772-R002
Ps	69	5	4Q83	1606742	PARTLY_RECONSTRUCTED	16	60	54	27	5	22	31	5	0	1	0	0	0	0	passage_status/DSS-Psalms-Passage-Status.txt	146112	746	97d7affa05d2cc432bc34937f7c70419ddff8647ac6c2be6890efb53a619b3a6	L1600773-R001
Ps	69	6	4Q83	1606742	PARTLY_RECONSTRUCTED	9	32	27	5	3	19	9	3	1	2	0	0	0	0	passage_status/DSS-Psalms-Passage-Status.txt	146858	759	375195c458d26757bc4ccef4073844c85cc4f8cbef41e759b73bbf3ce2008455	L1600773-R002,L1600774-R001
Ps	69	7	4Q83	1606742	PARTLY_RECONSTRUCTED	12	52	48	16	7	25	16	7	0	1	0	0	0	0	passage_status/DSS-Psalms-Passage-Status.txt	147617	762	5aed003bc440b284effefe2438d9ecce6660c3b2ace176855cf1cddaa77fd5a0	L1600774-R002,L1600775-R001
Ps	69	8	4Q83	1606742	PARTLY_RECONSTRUCTED	8	31	27	13	2	12	13	2	0	1	0	0	0	0	passage_status/DSS-Psalms-Passage-Status.txt	148379	733	84cbbc7a125ef8cbd12eca18758d6431beb0d9fa79b5496f419956e3069001c7	L1600775-R002
Ps	69	9	4Q83	1606742	PARTLY_RECONSTRUCTED	10	28	24	5	0	19	6	0	0	1	0	0	0	0	passage_status/DSS-Psalms-Passage-Status.txt	149112	743	0ea2527fcd396594bdc7533e1f62dd4ae341bcf58b5a9c35d6e0fddf49a7a8f5	L1600775-R003,L1600776-R001
Ps	69	10	4Q83	1606742	PARTLY_RECONSTRUCTED	10	43	37	16	3	18	18	3	0	1	0	0	0	0	passage_status/DSS-Psalms-Passage-Status.txt	149855	742	66c4d836bcd4eb193e0b17383c13d5ff2546ca0c116c4b8bef8349803ceb0d48	L1600776-R002
Ps	69	11	4Q83	1606742	PARTLY_RECONSTRUCTED	11	27	23	2	1	20	2	1	0	1	0	0	0	0	passage_status/DSS-Psalms-Passage-Status.txt	150597	750	523a4233a1f4887655cad5c68c129457a98b1d7e96acb5aa06fb19296a0b96f9	L1600776-R003,L1600777-R001
Ps	69	12	4Q83	1606742	PARTLY_RECONSTRUCTED	10	27	23	7	1	15	10	1	0	1	0	0	0	0	passage_status/DSS-Psalms-Passage-Status.txt	151347	735	c69c4aae85b74c0c063c62300bba6d8a26fc3df059e95d59ba6016d48b11f92b	L1600777-R002
Ps	69	13	4Q83	1606742	PARTLY_RECONSTRUCTED	8	28	25	2	4	19	2	4	0	1	0	0	0	0	passage_status/DSS-Psalms-Passage-Status.txt	152082	755	ce0e0f659506ba3405b909f9481441b45fc69c26d6bac28ada9e1183140608cb	L1600777-R003,L1600778-R001
Ps	69	14	4Q83	1606742	PARTLY_RECONSTRUCTED	17	57	49	6	2	41	6	3	0	2	0	0	0	0	passage_status/DSS-Psalms-Passage-Status.txt	152837	740	b8d4f990c5e7e3e2019d512559a930ee4e4283126a59c283d10714fc5977fac3	L1600778-R002
Ps	69	15	4Q83	1606742	PARTLY_RECONSTRUCTED	16	54	47	4	8	35	4	8	0	1	0	0	0	0	passage_status/DSS-Psalms-Passage-Status.txt	153577	746	079e20940f583be6bb05c42076deb8065d5f370d4cc3c062f3a154959874eeb1	L1600779-R001
Ps	69	16	4Q83	1606742	PARTLY_RECONSTRUCTED	15	50	45	8	6	31	9	6	0	1	0	0	0	0	passage_status/DSS-Psalms-Passage-Status.txt	154323	756	40dfc376693b4a9a7db309ec6ebda8ebce65abd39ab0903627b570ba9cefcfa9	L1600779-R002,L1600780-R001
Ps	69	17	4Q83	1606742	PARTLY_RECONSTRUCTED	10	34	28	7	1	20	8	1	0	1	0	0	0	0	passage_status/DSS-Psalms-Passage-Status.txt	155079	750	1587f4c653332344b9aafcbff0208f54e567ff63d6a3319c6938a292dd3deb49	L1600780-R002,L1600781-R001
Ps	69	18	4Q83	1606742	PARTLY_RECONSTRUCTED	11	37	31	6	4	21	7	4	0	1	0	0	0	0	passage_status/DSS-Psalms-Passage-Status.txt	155829	740	c7b11221154f09405dbae211e5c8332f9401ffb4ad87bdab84b7f5bd654ab527	L1600781-R002
Ps	69	19	4Q83	1606742	PARTLY_RECONSTRUCTED	7	26	21	7	0	14	8	0	0	1	0	0	0	0	passage_status/DSS-Psalms-Passage-Status.txt	156569	728	52f7c640f0aaae1e3caa7ff352c0fc6e20a4cd2b5e3c8cadff7107dc21eca4a5	L1600781-R003
Ps	91	5	4Q84	1606743	PARTLY_RECONSTRUCTED	5	13	11	8	1	2	8	1	0	1	0	0	0	0	passage_status/DSS-Psalms-Passage-Status.txt	157297	730	77f29f80dc95aa289164a2c69b8d5f67fa8a76f4cb6711f1553015826934fdcc	L1600791-R001
Ps	91	6	4Q84	1606743	PARTLY_RECONSTRUCTED	10	27	25	12	2	11	12	2	0	1	0	0	0	0	passage_status/DSS-Psalms-Passage-Status.txt	158027	750	3c546e8270c2390969eb971e0196b31475602f062106c18f154f0ff3d240dae2	L1600792-R001,L1600793-R001
Ps	91	7	4Q84	1606743	PARTLY_RECONSTRUCTED	12	35	30	17	5	8	18	5	0	1	0	0	0	0	passage_status/DSS-Psalms-Passage-Status.txt	158777	777	67606085ee67463cecf07a261c096a4388953dc0f3bc28985427b59be5ddfa82	L1600794-R001,L1600795-R001,L1600796-R001
Ps	91	8	4Q84	1606743	PARTLY_RECONSTRUCTED	5	15	12	8	1	3	9	1	0	1	0	0	0	0	passage_status/DSS-Psalms-Passage-Status.txt	159554	730	cd8f09f9094f9f13ce2cab95fb4dc0f70b691442c72776244d370b40c2571cdb	L1600797-R001
Ps	91	12	4Q84	1606743	PARTLY_RECONSTRUCTED	9	30	25	6	5	14	7	5	0	1	0	0	0	0	passage_status/DSS-Psalms-Passage-Status.txt	160284	755	49572a491f6211a5995aa66e62b63c21f0480d3633c6c3f1102069be8f7b81f6	L1600798-R001,L1600799-R001
Ps	91	13	4Q84	1606743	NO_LETTER_RECONSTRUCTION_MARKED	10	28	26	0	0	26	0	0	0	1	0	0	0	0	passage_status/DSS-Psalms-Passage-Status.txt	161039	756	57b08106c4327926faddc2f0407624d9b6faef72d516532b86289363a965cbe5	L1600800-R001,L1600801-R001
Ps	91	14	4Q84	1606743	PARTLY_RECONSTRUCTED	10	34	27	7	4	16	7	5	0	1	0	0	0	0	passage_status/DSS-Psalms-Passage-Status.txt	161795	756	77200519b1fe8783afee66c6265290dfe8011f5eed983ab4895a988add5c0245	L1600802-R001,L1600803-R001
Ps	91	15	4Q84	1606743	PARTLY_RECONSTRUCTED	11	43	36	28	2	6	32	2	0	1	0	0	0	0	passage_status/DSS-Psalms-Passage-Status.txt	162551	773	dc480262377f78138104735b12713b6dbb94031f78ee985b791204b4ea86312a	L1600804-R001,L1600805-R001,L1600806-R001
Ps	92	4	4Q84	1606743	PARTLY_RECONSTRUCTED	10	29	27	8	5	14	8	5	0	1	0	0	0	0	passage_status/DSS-Psalms-Passage-Status.txt	163324	760	5f3a2aeabfec048b183e1ce25ade73a38ab81fa0a134a0fe2c3e66b9a006355d	L1600807-R001,L1600808-R001
Ps	92	5	4Q84	1606743	PARTLY_RECONSTRUCTED	10	35	30	7	0	23	8	0	0	1	0	0	0	0	passage_status/DSS-Psalms-Passage-Status.txt	164084	743	1d56e8b54edd28efcc2bc21cac6c237a66d3214daeb7b1d1e84af6f32f335d1c	L1600809-R001,L1600810-R001
Ps	92	6	4Q84	1606743	PARTLY_RECONSTRUCTED	8	33	29	6	3	20	7	3	0	1	0	0	0	0	passage_status/DSS-Psalms-Passage-Status.txt	164827	753	1bc43ae8e228cd485a1208cd47387285c1d438d57745355b1f5acd588481149c	L1600811-R001,L1600812-R001
Ps	92	7	4Q84	1606743	PARTLY_RECONSTRUCTED	12	30	28	1	3	24	1	3	0	1	0	0	0	0	passage_status/DSS-Psalms-Passage-Status.txt	165580	754	dfe0b50ea932ebca2bf1dfb13ff0c3fa2f670889b1b6d13253249647f4caff1e	L1600813-R001,L1600814-R001
Ps	92	8	4Q84	1606743	PARTLY_RECONSTRUCTED	6	17	15	1	0	14	1	0	0	1	0	0	0	0	passage_status/DSS-Psalms-Passage-Status.txt	166334	726	2b72c0b4e8910ab66a1db326b231ca5608ee2dce5b923503e006e207f4ec6c24	L1600815-R001
Ps	92	13	4Q84	1606743	PARTLY_RECONSTRUCTED	6	16	14	12	1	1	12	1	0	1	0	0	0	0	passage_status/DSS-Psalms-Passage-Status.txt	167060	734	7b36b4e1e5a841c3c01164902819d23fd0513253548d265f480d664161acf0c1	L1600816-R001
Ps	92	14	4Q84	1606743	PARTLY_RECONSTRUCTED	9	34	31	6	4	21	6	4	0	1	0	0	0	0	passage_status/DSS-Psalms-Passage-Status.txt	167794	755	20f17ee00ae0a0a36cf8846561a7fcc52573a4c1fe3d0df76957e72561f49645	L1600817-R001,L1600818-R001
Ps	92	15	4Q84	1606743	PARTLY_RECONSTRUCTED	11	36	33	5	6	22	5	6	0	1	0	0	0	0	passage_status/DSS-Psalms-Passage-Status.txt	168549	768	525d4b675ad1332600d806fb1bf928c2c397c415835b1b2eb3c49af26709f1e3	L1600819-R001,L1600820-R001
Ps	93	5	4Q84	1606743	PARTLY_RECONSTRUCTED	16	47	37	17	6	14	24	6	2	4	0	0	0	0	passage_status/DSS-Psalms-Passage-Status.txt	169317	782	306036dfc1343baeee266de7054d787be3ef4e87398324d9733aeaf6dd771728	L1600821-R001,L1600822-R001,L1600823-R001,L1600824-R001
Ps	94	1	4Q84	1606743	PARTLY_RECONSTRUCTED	7	25	23	14	0	9	14	0	0	1	0	0	0	0	passage_status/DSS-Psalms-Passage-Status.txt	170099	743	8655c00ed00a0feaf4fb13ceaa67da0c41cafdebdae2ff5213067faf502cb55a	L1600825-R001,L1600826-R001
Ps	94	2	4Q84	1606743	PARTLY_RECONSTRUCTED	9	26	24	15	1	8	15	1	0	1	0	0	0	0	passage_status/DSS-Psalms-Passage-Status.txt	170842	748	4d26766eb4ee0cfd5ad0562bd81f26b0aca7b87138afcc3ecc7a9dfcdcd404f7	L1600827-R001,L1600828-R001
Ps	94	3	4Q84	1606743	PARTLY_RECONSTRUCTED	9	31	29	15	3	11	15	3	0	1	0	0	0	0	passage_status/DSS-Psalms-Passage-Status.txt	171590	755	dba5f31358a7cd0f9dac959af1de89ddb9680f576bfb1073c902f2d6310ca69e	L1600829-R001,L1600830-R001
Ps	94	4	4Q84	1606743	PARTLY_RECONSTRUCTED	8	30	28	26	0	2	26	0	0	1	0	0	0	0	passage_status/DSS-Psalms-Passage-Status.txt	172345	743	68091d2c56861a449ed90bcf0168f6851fdef3a8880b542d1015a3396c6ea907	L1600831-R001,L1600832-R001
Ps	94	7	4Q84	1606743	PARTLY_RECONSTRUCTED	11	31	29	26	3	0	26	3	0	1	0	0	0	0	passage_status/DSS-Psalms-Passage-Status.txt	173088	749	2a17f827802d0f703c63ef17158ea1a91c0bae63b2151e80d6007a043f651889	L1600833-R001,L1600834-R001
Ps	94	8	4Q84	1606743	PARTLY_RECONSTRUCTED	9	30	28	22	1	5	22	1	0	1	0	0	0	0	passage_status/DSS-Psalms-Passage-Status.txt	173837	748	7ea4c15bcf42b4166705979bf01687d74883d2e4d2fadc54b3c54b53787fd13f	L1600835-R001,L1600836-R001
Ps	94	9	4Q84	1606743	PARTLY_RECONSTRUCTED	13	31	29	19	1	9	19	1	0	1	0	0	0	0	passage_status/DSS-Psalms-Passage-Status.txt	174585	749	2a04bf17e2f0c98b5f4f9191a9eb235a560623e617e9d0dc5bbd771030a2fb09	L1600837-R001,L1600838-R001
Ps	94	10	4Q84	1606743	PARTLY_RECONSTRUCTED	11	29	27	21	1	5	21	1	0	1	0	0	0	0	passage_status/DSS-Psalms-Passage-Status.txt	175334	751	eed5d66a75b6cd633d21c35896fee798cdfa6225a80d4d75d2b791c71c732b0c	L1600839-R001,L1600840-R001
Ps	94	11	4Q84	1606743	NO_LETTER_RECONSTRUCTION_MARKED	8	26	24	0	4	20	0	4	0	1	0	0	0	0	passage_status/DSS-Psalms-Passage-Status.txt	176085	772	088ebfae7d19c92eab1a18fb261108b898b2f9d41bd2a0379ce8e96e9b71f078	L1600841-R001,L1600842-R001
Ps	94	12	4Q84	1606743	NO_LETTER_RECONSTRUCTION_MARKED	11	37	32	0	0	32	0	0	0	1	0	0	0	0	passage_status/DSS-Psalms-Passage-Status.txt	176857	756	e3837d37dd88b76abffd54d2182871e127776c9dfd959c3eb0df7c788113de9d	L1600843-R001,L1600844-R001
Ps	94	13	4Q84	1606743	PARTLY_RECONSTRUCTED	12	30	27	1	3	23	1	3	0	1	0	0	0	0	passage_status/DSS-Psalms-Passage-Status.txt	177613	750	a01a5d1327f944e0d08ec7934ca666c0317b5767adeb2412256bd9933fa972fb	L1600845-R001,L1600846-R001
Ps	94	14	4Q84	1606743	PARTLY_RECONSTRUCTED	11	33	28	14	4	10	16	4	0	2	0	0	0	0	passage_status/DSS-Psalms-Passage-Status.txt	178363	758	5533c007fbc9e4abe8d98b014a9f9acce071d2fad77fbb55f9918ec41e3e0a82	L1600847-R001,L1600848-R001
Ps	94	15	4Q84	1606743	ALL_LETTER_SLOTS_RECONSTRUCTED	11	32	29	29	0	0	30	0	0	1	0	0	0	0	passage_status/DSS-Psalms-Passage-Status.txt	179121	756	6e03fc1a7dbede20b04360f206a0ccbfa1d7ef1872cfe96f96488ec0e74ab66e	L1600849-R001,L1600850-R001
Ps	94	16	4Q84	1606743	PARTLY_RECONSTRUCTED	12	37	33	32	1	0	34	1	0	1	0	0	0	0	passage_status/DSS-Psalms-Passage-Status.txt	179877	751	a7cb0c9d034fc9b9de6c8e1f0ae469286fa8ecb8374fcf114411afadbc39414a	L1600851-R001,L1600852-R001
Ps	94	17	4Q84	1606743	PARTLY_RECONSTRUCTED	10	36	31	4	1	26	6	1	0	1	0	0	0	0	passage_status/DSS-Psalms-Passage-Status.txt	180628	750	311029a03113ea3c26d791257ab896db33f070cc92e6ed33a579664fff22595a	L1600853-R001,L1600854-R001
Ps	94	18	4Q84	1606743	PARTLY_RECONSTRUCTED	8	33	28	4	2	22	4	2	0	1	0	0	0	0	passage_status/DSS-Psalms-Passage-Status.txt	181378	749	5c5afa2f74796daf845eb920194b87b04788221b0395de02722337ce9cc059a5	L1600855-R001,L1600856-R001
Ps	94	21	4Q84	1606743	PARTLY_RECONSTRUCTED	9	28	26	22	2	2	22	2	0	1	0	0	0	0	passage_status/DSS-Psalms-Passage-Status.txt	182127	756	4c26055c5760f454f68dc210b4fd8553151c7f06139f498b244dce2ac332065f	L1600857-R001,L1600858-R001
Ps	94	22	4Q84	1606743	PARTLY_RECONSTRUCTED	12	33	28	23	1	4	26	1	0	1	0	0	0	0	passage_status/DSS-Psalms-Passage-Status.txt	182883	751	79133d4b77952b4aa51a132f70cf2fd3248a2102e3d810a9da2c7c70538603a4	L1600859-R001,L1600860-R001
Ps	96	2	4Q84	1606743	PARTLY_RECONSTRUCTED	12	38	34	30	1	3	32	1	0	1	0	0	0	0	passage_status/DSS-Psalms-Passage-Status.txt	183634	749	1102bbcab365538e635aab0b8b09895145faba93bb4e905ba1fae620e3166f9c	L1600861-R001,L1600862-R001
Ps	98	4	4Q84	1606743	PARTLY_RECONSTRUCTED	12	32	30	22	1	7	22	1	0	1	0	0	0	0	passage_status/DSS-Psalms-Passage-Status.txt	184383	749	1cc88b7b8d79ff123a66b2df295e6cb3f36beec77e66b86f3d191614e89d1697	L1600863-R001,L1600864-R001
Ps	98	5	4Q84	1606743	PARTLY_RECONSTRUCTED	11	29	27	23	4	0	23	4	0	1	0	0	0	0	passage_status/DSS-Psalms-Passage-Status.txt	185132	755	b808cfbfaf0e1bd0d53ff2ca33c858cb12151e111a6e6e8013c6abb105ec4abf	L1600865-R001,L1600866-R001
Ps	99	5	4Q84	1606743	PARTLY_RECONSTRUCTED	12	44	40	18	2	20	18	2	0	1	0	0	0	0	passage_status/DSS-Psalms-Passage-Status.txt	185887	766	eee61462e4ddaa4ec7b15c25de47d5a991e409ed392b97a046238c68fa12016b	L1600867-R001,L1600868-R001,L1600869-R001
Ps	99	6	4Q84	1606743	PARTLY_RECONSTRUCTED	6	17	14	5	0	9	5	0	0	1	0	0	0	0	passage_status/DSS-Psalms-Passage-Status.txt	186653	725	199ce002c6b1f3337abd321b23c876556228c904b698c3816e9a6e83eb9632c4	L1600870-R001
Ps	100	1	4Q84	1606743	PARTLY_RECONSTRUCTED	7	18	16	15	1	0	15	1	0	1	0	0	0	0	passage_status/DSS-Psalms-Passage-Status.txt	187378	734	c71c63f030cf6bf795b4fcdc13db503d6a098dacdfee2e35610119a94f7d7cf0	L1600871-R001
Ps	100	2	4Q84	1606743	PARTLY_RECONSTRUCTED	11	31	28	22	0	6	23	0	0	1	0	0	0	0	passage_status/DSS-Psalms-Passage-Status.txt	188112	746	35579fc3ee03c6aca2b0091bd41fb726e454540971b2c1256647dccdab274eeb	L1600872-R001,L1600873-R001
Ps	102	5	4Q84	1606743	PARTLY_RECONSTRUCTED	12	34	30	25	1	4	26	1	0	1	0	0	0	0	passage_status/DSS-Psalms-Passage-Status.txt	188858	751	28749bc8b6de8ba897358938b6f969106174df0403f149c2d03c0115a0420a16	L1600874-R001,L1600875-R001
Ps	102	10	4Q84	1606743	NO_LETTER_RECONSTRUCTION_MARKED	11	31	28	0	1	27	0	1	0	1	0	0	0	0	passage_status/DSS-Psalms-Passage-Status.txt	189609	763	68a8a16801ed17e49a572b3b129ebf3f7bb08c1444eec2071f4af86891636089	L1600876-R001,L1600877-R001
Ps	102	11	4Q84	1606743	PARTLY_RECONSTRUCTED	10	35	29	15	1	13	17	1	0	1	0	0	0	0	passage_status/DSS-Psalms-Passage-Status.txt	190372	754	8c4ab913a914e8695eb98b40e905909ca106cb69045391e7ec09f1f06a9f455e	L1600878-R001,L1600879-R001
Ps	102	12	4Q84	1606743	PARTLY_RECONSTRUCTED	10	25	22	15	3	4	16	3	0	1	0	0	0	0	passage_status/DSS-Psalms-Passage-Status.txt	191126	759	f857446438249ae45d57982707ef1fcc75eb14f0025227beefdd25b64a193a2b	L1600880-R001,L1600881-R001
Ps	102	13	4Q84	1606743	PARTLY_RECONSTRUCTED	13	31	28	11	5	12	11	5	0	1	0	0	0	0	passage_status/DSS-Psalms-Passage-Status.txt	191885	760	3fe0b9950c9d3d0933f65954119a0840ea12add7865f042d5ba11fda87cbe138	L1600882-R001,L1600883-R001
Ps	102	14	4Q84	1606743	PARTLY_RECONSTRUCTED	12	35	32	6	7	19	6	7	0	1	0	0	0	0	passage_status/DSS-Psalms-Passage-Status.txt	192645	764	455f7a022af7b014c864fafc5b9caaeb677f6b2dc8fe8ce75010c6a1229030df	L1600884-R001,L1600885-R001
Ps	102	15	4Q84	1606743	PARTLY_RECONSTRUCTED	10	34	29	7	5	17	8	5	0	1	0	0	0	0	passage_status/DSS-Psalms-Passage-Status.txt	193409	764	0f8cbaedb1b17827f2e05deaccb9aa3871f19a80c55ade692de1f1ea7e5fcc2b	L1600886-R001,L1600887-R001
Ps	102	16	4Q84	1606743	NO_LETTER_RECONSTRUCTION_MARKED	13	38	35	0	3	31	0	3	0	1	0	1	0	0	passage_status/DSS-Psalms-Passage-Status.txt	194173	780	482d8de7fc09fea5a8e4404ddc2ddba371a1ffb13a48b9c6150b06d77bed55ed	L1600888-R001,L1600889-R001
Ps	102	17	4Q84	1606743	PARTLY_RECONSTRUCTED	8	24	22	2	3	17	2	3	0	1	0	0	0	0	passage_status/DSS-Psalms-Passage-Status.txt	194953	757	d47aeb228d7f2ed1e2cbdbc4b77c8c7867331ee296e9f2167fc910550f0fc3f0	L1600890-R001,L1600891-R001
Ps	102	18	4Q84	1606743	NO_LETTER_RECONSTRUCTION_MARKED	11	30	27	0	0	27	0	0	0	1	0	0	0	0	passage_status/DSS-Psalms-Passage-Status.txt	195710	758	f3dfe5c14708e469fa1cf794e1733c07358ba18dd9e06dec36109265756a648c	L1600892-R001,L1600893-R001
Ps	102	19	4Q84	1606743	NO_LETTER_RECONSTRUCTION_MARKED	11	31	29	0	0	29	0	0	0	1	0	0	0	0	passage_status/DSS-Psalms-Passage-Status.txt	196468	758	9c6308aba89beec17c0797df02c4403215a31ac6651d6f07381df6ae7d7245b6	L1600894-R001,L1600895-R001
Ps	102	20	4Q84	1606743	PARTLY_RECONSTRUCTED	12	36	33	4	4	25	4	4	0	1	0	0	0	0	passage_status/DSS-Psalms-Passage-Status.txt	197226	758	a6cfdbdfcc3f96cd81a5bc5808da4785e3da99f827e728b9eb12567b1005121c	L1600896-R001,L1600897-R001
Ps	102	21	4Q84	1606743	PARTLY_RECONSTRUCTED	9	26	24	6	2	16	6	2	0	1	0	0	0	0	passage_status/DSS-Psalms-Passage-Status.txt	197984	757	6ab85a87a5d5a02de0c68a13fc3221b65a49ba2c029feac0f0402735158b8e90	L1600898-R001,L1600899-R001
Ps	102	22	4Q84	1606743	PARTLY_RECONSTRUCTED	11	31	28	14	4	10	15	4	0	1	0	0	0	0	passage_status/DSS-Psalms-Passage-Status.txt	198741	760	b645feca21b3be6953d1eaac6b18b97563ff9ab130b90f6fd5433373f4cd7164	L1600900-R001,L1600901-R001
Ps	102	23	4Q84	1606743	PARTLY_RECONSTRUCTED	11	32	30	17	2	11	17	2	0	1	0	0	0	0	passage_status/DSS-Psalms-Passage-Status.txt	199501	754	09b95e30554f15126b3a04baf6e0c29adde6f2877d1acccfe8c17135c3872ebf	L1600902-R001,L1600903-R001
Ps	102	24	4Q84	1606743	PARTLY_RECONSTRUCTED	7	20	16	2	2	12	2	2	0	1	0	0	0	0	passage_status/DSS-Psalms-Passage-Status.txt	200255	751	004ec73b563f9be47a7b163bc4206bcac567fa8e939c01447d51ab033c02f672	L1600904-R001,L1600905-R001
Ps	102	25	4Q84	1606743	PARTLY_RECONSTRUCTED	12	39	33	1	2	30	1	2	0	1	0	0	0	0	passage_status/DSS-Psalms-Passage-Status.txt	201006	774	a2e761756211c976a8d4a76adb2e06a018c214aef984a7b2e1626e31ff72240a	L1600905-R002,L1600906-R001,L1600907-R001
Ps	102	26	4Q84	1606743	NO_LETTER_RECONSTRUCTION_MARKED	10	29	26	0	0	26	0	0	0	1	0	0	0	0	passage_status/DSS-Psalms-Passage-Status.txt	201780	758	59978540b99b271835b4744f4874df5a9eaeb3473b8c620a9e3443b0437003d5	L1600908-R001,L1600909-R001
Ps	102	27	4Q84	1606743	NO_LETTER_RECONSTRUCTION_MARKED	16	49	45	0	0	45	0	0	0	1	0	0	0	0	passage_status/DSS-Psalms-Passage-Status.txt	202538	774	1805d18727f4b289a4061a1a23ab0c2742cf98d669fc727e3fd4812a74c39af4	L1600910-R001,L1600911-R001,L1600912-R001
Ps	102	28	4Q84	1606743	PARTLY_RECONSTRUCTED	8	23	20	6	3	11	7	3	0	1	0	0	0	0	passage_status/DSS-Psalms-Passage-Status.txt	203312	741	e7c3c3cec89b9793413fc9148981a12c0c1fde37688aa4d630be68ef455da705	L1600913-R001
Ps	102	29	4Q84	1606743	PARTLY_RECONSTRUCTED	9	33	28	24	3	1	27	3	0	1	0	0	0	0	passage_status/DSS-Psalms-Passage-Status.txt	204053	752	faab0e03d3ae0a66a8aac9fa93c68a794da8e1b840009e15d3cc66b7f7db881e	L1600914-R001,L1600915-R001
Ps	103	1	4Q84	1606743	PARTLY_RECONSTRUCTED	13	38	33	12	2	19	12	2	0	1	0	0	0	0	passage_status/DSS-Psalms-Passage-Status.txt	204805	774	e831706fe5a0ecde4c6dd4a5a321d1d108e22ee5c43a0c3354710f55196cae2e	L1600917-R001,L1600918-R001,L1600919-R001
Ps	103	2	4Q84	1606743	PARTLY_RECONSTRUCTED	10	34	30	10	0	19	11	0	0	1	0	1	0	0	passage_status/DSS-Psalms-Passage-Status.txt	205579	752	b61367aa0ca5a18d4b093d82e132ed0eb32f87ef8431c550b69e1520daa6119a	L1600920-R001,L1600921-R001
Ps	103	3	4Q84	1606743	NO_LETTER_RECONSTRUCTION_MARKED	11	30	26	0	2	23	0	2	0	1	0	1	0	0	passage_status/DSS-Psalms-Passage-Status.txt	206331	772	175bec5dd6da2d853d7fcc104ff64b161c63b0ed5283d4d89498ac86db8fe115	L1600922-R001,L1600923-R001
Ps	103	4	4Q84	1606743	NO_LETTER_RECONSTRUCTION_MARKED	11	31	27	0	0	27	0	0	0	1	0	0	0	0	passage_status/DSS-Psalms-Passage-Status.txt	207103	756	cf9b5a6d82e50aeb4805567604fe6b928c0ad344b1a4619f55bbfbbd96e1a05a	L1600924-R001,L1600925-R001
Ps	103	5	4Q84	1606743	PARTLY_RECONSTRUCTED	10	33	29	1	3	25	1	3	0	1	0	0	0	0	passage_status/DSS-Psalms-Passage-Status.txt	207859	750	b39822b93dc0758bc275ce3a6776f6e3ea975e903b21f4144eb88be576470bad	L1600926-R001,L1600927-R001
Ps	103	6	4Q84	1606743	PARTLY_RECONSTRUCTED	9	30	28	6	1	21	6	1	0	1	0	0	0	0	passage_status/DSS-Psalms-Passage-Status.txt	208609	749	c17688c4c009c66b39080487d1227bb4c699dd279e013e2390e9ea3fc4e2d7cb	L1600928-R001,L1600929-R001
Ps	103	9	4Q84	1606743	PARTLY_RECONSTRUCTED	10	24	22	18	1	3	18	1	0	1	0	0	0	0	passage_status/DSS-Psalms-Passage-Status.txt	209358	751	5991770175eb34dd51849bc8dfadadfe215db0bb26de2908410aa51ba7d3f4f0	L1600930-R001,L1600931-R001
Ps	103	10	4Q84	1606743	PARTLY_RECONSTRUCTED	12	40	34	28	1	5	32	1	0	1	0	0	0	0	passage_status/DSS-Psalms-Passage-Status.txt	210109	753	d0ed7dc001acfed4f477899a49e80a9d8cf4b32353c5c853e224acdf21e8b7e4	L1600932-R001,L1600933-R001
Ps	103	11	4Q84	1606743	PARTLY_RECONSTRUCTED	12	34	30	23	2	5	25	2	0	1	0	0	0	0	passage_status/DSS-Psalms-Passage-Status.txt	210862	759	7e049ab8451929261319ba1bebb0b3c86c7a63d84e020ab3fa6931dfae4043e7	L1600934-R001,L1600935-R001
Ps	103	12	4Q84	1606743	NO_LETTER_RECONSTRUCTION_MARKED	10	34	30	0	3	27	0	3	0	1	0	0	0	0	passage_status/DSS-Psalms-Passage-Status.txt	211621	775	f4e7a821ad8a92a8b2ec825d58d1e167f40458cbf59ccbbe5e6f4ec1e2bfc6e8	L1600936-R001,L1600937-R001
Ps	103	13	4Q84	1606743	NO_LETTER_RECONSTRUCTION_MARKED	10	29	26	0	0	26	0	0	0	1	0	0	0	0	passage_status/DSS-Psalms-Passage-Status.txt	212396	758	062f9a85958925dabad2bfca9c8d83d9ae4cc696da486ebc38e31bf6fd45b308	L1600938-R001,L1600939-R001
Ps	103	14	4Q84	1606743	PARTLY_RECONSTRUCTED	5	16	13	1	8	4	1	8	0	1	0	0	0	0	passage_status/DSS-Psalms-Passage-Status.txt	213154	752	d8b9ee83a79c9bd8a415ec25193e8cdd0a75205cb2b4d367a1e8a03f11be810b	L1600940-R001
Ps	103	20	4Q84	1606743	NO_LETTER_RECONSTRUCTION_MARKED	14	49	44	0	0	44	0	0	0	1	0	0	0	0	passage_status/DSS-Psalms-Passage-Status.txt	213906	774	c6dcf2049f869d7ba5828b7bb7a4d32b560d56462e390935253d17556f696acb	L1600941-R001,L1600942-R001,L1600943-R001
Ps	103	21	4Q84	1606743	PARTLY_RECONSTRUCTED	8	34	29	9	5	15	10	5	0	1	0	0	0	0	passage_status/DSS-Psalms-Passage-Status.txt	214680	758	6e83ee6c3099adef6c298d579f74e98940c9a0711831d5f40755a155e2ed5acf	L1600944-R001,L1600945-R001
Ps	112	4	4Q84	1606743	PARTLY_RECONSTRUCTED	12	32	30	1	1	28	1	1	0	1	0	0	0	0	passage_status/DSS-Psalms-Passage-Status.txt	215438	750	219730a90a7c42fcb0d100da8cc040b3516af8d27e5867e595fdd7801976b2d3	L1600946-R001,L1600947-R001
Ps	112	5	4Q84	1606743	PARTLY_RECONSTRUCTED	6	17	15	10	0	5	10	0	0	1	0	0	0	0	passage_status/DSS-Psalms-Passage-Status.txt	216188	729	a513efc3f84e5529e5f6279ce61d840e637e08429ea480521dd550a04b137354	L1600948-R001
Ps	113	1	4Q84	1606743	PARTLY_RECONSTRUCTED	10	32	30	24	1	5	24	1	0	1	0	0	0	0	passage_status/DSS-Psalms-Passage-Status.txt	216917	767	7cee93c6931c1b9e1478ff5fec0d30736351744b4cfd85ab49c9747b9ff7a112	L1600949-R001,L1600950-R001,L1600951-R001
Ps	115	2	4Q84	1606743	PARTLY_RECONSTRUCTED	7	25	22	13	4	5	13	4	0	1	0	0	0	0	passage_status/DSS-Psalms-Passage-Status.txt	217684	762	1ca53e9aaa432034ad0cc6f64d4be92c9ec35a71ed595ac779af25ba6e7bb9f3	L1600952-R001,L1600953-R001
Ps	115	3	4Q84	1606743	PARTLY_RECONSTRUCTED	9	26	23	3	2	18	3	2	0	1	0	0	0	0	passage_status/DSS-Psalms-Passage-Status.txt	218446	755	9d3b34260e8b877c141a881ac5dc4896264abe031a437725f3f8de545f5c4686	L1600954-R001,L1600955-R001
Ps	116	17	4Q84	1606743	PARTLY_RECONSTRUCTED	10	28	25	15	0	10	16	0	0	1	0	0	0	0	passage_status/DSS-Psalms-Passage-Status.txt	219201	749	91d00682c24d47f267ce5a09fb3065106a5a8697723bf1d42864ca0cd674bdda	L1600956-R001,L1600957-R001
Ps	116	18	4Q84	1606743	PARTLY_RECONSTRUCTED	10	30	25	16	0	9	18	0	0	1	0	0	0	0	passage_status/DSS-Psalms-Passage-Status.txt	219950	748	ecd6cf07b307f76b5012f83ba46b3a1dd2b3c2bca3ea7b4cb8abfc5733e49a42	L1600958-R001,L1600959-R001
Ps	116	19	4Q84	1606743	PARTLY_RECONSTRUCTED	8	28	25	9	1	15	9	1	0	1	0	0	0	0	passage_status/DSS-Psalms-Passage-Status.txt	220698	751	37ffe135b00db9b77ea5af0720302fe181b7fced553b0cf507a6ab1b1b74ac54	L1600960-R001,L1600961-R001
Ps	118	1	4Q84	1606743	PARTLY_RECONSTRUCTED	10	28	25	8	0	17	8	0	0	1	0	0	0	0	passage_status/DSS-Psalms-Passage-Status.txt	221449	729	6b1cde67c5ea5ee73bd1bb59194a9d288c0b401ce456613eac54a4ea1b1d3832	L1600962-R001
Ps	118	2	4Q84	1606743	PARTLY_RECONSTRUCTED	8	25	22	7	0	15	7	0	0	1	0	0	0	0	passage_status/DSS-Psalms-Passage-Status.txt	222178	728	8ece47b20fc77766a0de7dbc177cf26335cf81ce927c75f3f9f9e68485f7ce64	L1600963-R001
Ps	118	3	4Q84	1606743	PARTLY_RECONSTRUCTED	9	28	25	22	3	0	23	3	0	1	0	0	0	0	passage_status/DSS-Psalms-Passage-Status.txt	222906	740	70522bf204f81e28db566748bba9ffcd5bd27d88e2ba87a5a6cb62ca6f3b5c3f	L1600964-R001
Ps	118	4	4Q84	1606743	ALL_LETTER_SLOTS_RECONSTRUCTED	9	29	26	26	0	0	27	0	0	1	0	0	0	0	passage_status/DSS-Psalms-Passage-Status.txt	223646	739	9b62eea63bdfee33eeb6a608f8ad0026251e2130db75905dc0b24b3cbf979a05	L1600965-R001
Ps	118	5	4Q84	1606743	PARTLY_RECONSTRUCTED	10	27	24	21	3	0	22	3	0	1	0	0	0	0	passage_status/DSS-Psalms-Passage-Status.txt	224385	741	f348d2c4833e8c523a9b2e42433bc5ca08aeb5cae0153b687317bf533fad7a08	L1600966-R001
Ps	118	6	4Q84	1606743	PARTLY_RECONSTRUCTED	9	27	23	6	3	14	6	3	0	1	0	0	0	0	passage_status/DSS-Psalms-Passage-Status.txt	225126	739	dc19dc918d42232158e4be65b033ba9c6198f38e682c071f28ba6d36368c9825	L1600967-R001
Ps	118	7	4Q84	1606743	NO_LETTER_RECONSTRUCTION_MARKED	9	28	23	0	4	19	0	4	0	1	0	0	0	0	passage_status/DSS-Psalms-Passage-Status.txt	225865	756	e08b3789092715ff5107f290c44a37f496fc926e92b9fbe6a6e7700e319149ca	L1600968-R001
Ps	118	8	4Q84	1606743	PARTLY_RECONSTRUCTED	10	22	20	2	2	16	2	2	0	1	0	0	0	0	passage_status/DSS-Psalms-Passage-Status.txt	226621	734	ee93ef6f0d5afe31cbe74299658af8339c02f609008bfb2d076496587f7274f3	L1600969-R001
Ps	118	9	4Q84	1606743	PARTLY_RECONSTRUCTED	10	26	24	6	2	16	6	2	0	1	0	0	0	0	passage_status/DSS-Psalms-Passage-Status.txt	227355	734	e1d8defa19a0d31aeba17ad785c4a2a654363e86db3cd151d13a2dab678d746e	L1600970-R001
Ps	118	10	4Q84	1606743	PARTLY_RECONSTRUCTED	9	29	25	9	0	16	10	0	0	1	0	0	0	0	passage_status/DSS-Psalms-Passage-Status.txt	228089	731	136ceaf95b0a77bad9081c7eb8638cbce4523d7329ea1b000f79b4e1376bfa4e	L1600971-R001
Ps	118	12	4Q84	1606743	PARTLY_RECONSTRUCTED	13	40	36	5	1	30	5	1	0	1	0	0	0	0	passage_status/DSS-Psalms-Passage-Status.txt	228820	752	7c3d70db61c24d04f2670e55fc1d5c4c46e3c8fbcaed8d5ce1b0fe5e06c808e2	L1600972-R001,L1600973-R001
Ps	118	18	4Q84	1606743	PARTLY_RECONSTRUCTED	9	27	23	2	2	19	2	2	0	1	0	0	0	0	passage_status/DSS-Psalms-Passage-Status.txt	229572	741	d6e78f2259a0c46539f38d1f612cc12b149e886fc22e42eb4559cc770ecef269	L1600974-R001
Ps	118	19	4Q84	1606743	NO_LETTER_RECONSTRUCTION_MARKED	8	28	24	0	0	24	0	0	0	1	0	0	0	0	passage_status/DSS-Psalms-Passage-Status.txt	230313	741	f21f39bfcdfb3f10d90fc1273c7c4818204a0b2ea6f95b7060e521f947556bb1	L1600975-R001
Ps	118	20	4Q84	1606743	PARTLY_RECONSTRUCTED	9	26	23	22	0	1	23	0	0	1	0	0	0	0	passage_status/DSS-Psalms-Passage-Status.txt	231054	731	cb9b46e952941ecfe0ab33ae0a6cc03f8e871c4035e1f521d95e29f6e69ec673	L1600976-R001
Ps	118	23	4Q84	1606743	PARTLY_RECONSTRUCTED	10	32	29	20	0	9	21	0	0	1	0	0	0	0	passage_status/DSS-Psalms-Passage-Status.txt	231785	732	0c5955c4b80897590a9fde737b095fbf2f07f2b51c13868c0a42097bf8483191	L1600977-R001
Ps	118	24	4Q84	1606743	PARTLY_RECONSTRUCTED	10	29	26	16	5	5	17	5	0	1	0	0	0	0	passage_status/DSS-Psalms-Passage-Status.txt	232517	749	afb93744616880d836d07107d17163da64383d90ef9d580b625425f3ceaff009	L1600978-R001
Ps	118	25	4Q84	1606743	PARTLY_RECONSTRUCTED	9	34	30	11	2	17	11	2	0	1	0	0	0	0	passage_status/DSS-Psalms-Passage-Status.txt	233266	753	30d02b9cd0bed769c18e3e1d8ed5749c09f142b7b5f8514a31d5f76d32783306	L1600979-R001,L1600980-R001
Ps	118	26	4Q84	1606743	PARTLY_RECONSTRUCTED	12	34	31	2	4	25	2	4	0	1	0	0	0	0	passage_status/DSS-Psalms-Passage-Status.txt	234019	764	4ae610767d1c79faebb9f9f8bc18c80af3cdeb4c88b8836201141eb7d3ee3967	L1600981-R001,L1600982-R001
Ps	118	29	4Q84	1606743	PARTLY_RECONSTRUCTED	11	30	25	23	0	2	24	0	0	2	0	0	0	0	passage_status/DSS-Psalms-Passage-Status.txt	234783	764	9caeb4bcd91362c65b6d6b45aa5f048bf145357f70b97793d85294b92211e238	L1600983-R001,L1600984-R001,L1600985-R001
Ps	16	6	4Q85	1606744	PARTLY_RECONSTRUCTED	5	16	13	9	4	0	9	4	0	1	0	0	0	0	passage_status/DSS-Psalms-Passage-Status.txt	235547	742	7d1e2eb3d63b91f3c17f36d6c567aa1aa7dca7310bb7e6f6909e8b5057e11309	L1600993-R001
Ps	16	7	4Q85	1606744	PARTLY_RECONSTRUCTED	10	41	36	26	3	7	27	3	0	1	0	0	0	0	passage_status/DSS-Psalms-Passage-Status.txt	236289	755	21d4db0105302545fa31ef8f139ac090bc17ed1c257009456a186c4ad334cbd1	L1600993-R002,L1600994-R001
Ps	16	8	4Q85	1606744	PARTLY_RECONSTRUCTED	11	36	32	24	2	6	26	2	0	1	0	0	0	0	passage_status/DSS-Psalms-Passage-Status.txt	237044	755	0474c6e2f1a5ca5f99bbc2256e3be90b039d0f8e74b998d609c1ab45b4f35b3c	L1600994-R002,L1600995-R001
Ps	16	9	4Q85	1606744	PARTLY_RECONSTRUCTED	13	37	32	24	3	5	28	3	0	1	0	0	0	0	passage_status/DSS-Psalms-Passage-Status.txt	237799	761	6ce7788d12ba27c0f49c25535235646dff43fabee1fde3556a67d28564e14228	L1600995-R002,L1600996-R001
Ps	16	10	4Q85	1606744	PARTLY_RECONSTRUCTED	14	41	35	32	3	0	37	3	1	2	0	0	0	0	passage_status/DSS-Psalms-Passage-Status.txt	238560	751	e20f0f6361bf2051d492ef323a0a5cd2c11c0c141d1c8367870ac758ca66c53f	L1600996-R002,L1600997-R001
Ps	17	1	4Q85	1606744	PARTLY_RECONSTRUCTED	15	58	51	42	5	4	46	5	0	1	0	0	0	0	passage_status/DSS-Psalms-Passage-Status.txt	239311	767	df83262e368914389c3d927b25ea6141496d0b5816dae1c3b5e9dbe3b4b6e751	L1600998-R001,L1600999-R001
Ps	18	1	4Q85	1606744	PARTLY_RECONSTRUCTED	15	39	35	32	2	1	36	2	0	1	0	0	0	0	passage_status/DSS-Psalms-Passage-Status.txt	240078	739	793b8a21ea72c7662ea10e5d93fc5f2c36106e73a0092c837e87dfa1396ce442	L1601000-R001
Ps	18	2	4Q85	1606744	PARTLY_RECONSTRUCTED	6	22	18	13	2	3	16	2	0	1	0	0	0	0	passage_status/DSS-Psalms-Passage-Status.txt	240817	754	1588d7d330aefd53932ac9cfae08f76966ffe8d9b99aad0d70b89e922b39f0de	L1601000-R002,L1601001-R001
Ps	18	3	4Q85	1606744	PARTLY_RECONSTRUCTED	16	62	51	32	4	15	37	4	0	1	0	0	0	0	passage_status/DSS-Psalms-Passage-Status.txt	241571	756	fd1dfe4106b3994243b060b056c299682b6afb4cfccfa90439012c4881b78105	L1601001-R002,L1601002-R001
Ps	18	4	4Q85	1606744	PARTLY_RECONSTRUCTED	8	26	23	21	0	2	22	0	0	1	0	0	0	0	passage_status/DSS-Psalms-Passage-Status.txt	242327	727	a5c0233106783aa2f84f3180d99ee8442f31a8eff0950d08c7475c863a7ef269	L1601003-R001
Ps	18	5	4Q85	1606744	PARTLY_RECONSTRUCTED	8	34	30	23	1	6	24	1	0	1	0	0	0	0	passage_status/DSS-Psalms-Passage-Status.txt	243054	732	634af043cb838cf9341eefb62ad69716698356dc1906f07c3c6051102eaa7da2	L1601004-R001
Ps	18	6	4Q85	1606744	PARTLY_RECONSTRUCTED	7	32	28	20	2	6	22	2	0	1	0	0	0	0	passage_status/DSS-Psalms-Passage-Status.txt	243786	732	21271b2ec658d284b3289096a3c34750e72085b610a00a20983c7d544204e5ff	L1601005-R001
Ps	18	7	4Q85	1606744	PARTLY_RECONSTRUCTED	21	68	59	41	3	15	46	3	0	1	0	0	0	0	passage_status/DSS-Psalms-Passage-Status.txt	244518	756	346b1504eaea756a83c4e3388a91ef83588bc9bf0ae4d26ec5c3d7ae0a82f51c	L1601006-R001,L1601007-R001
Ps	18	8	4Q85	1606744	PARTLY_RECONSTRUCTED	16	46	43	38	1	4	41	1	0	1	0	0	0	0	passage_status/DSS-Psalms-Passage-Status.txt	245274	749	a62c73bd18b75d50cd76b4faff75e240cfaa29861356e0c1e6e57b8a8f0f50cc	L1601008-R001,L1601009-R001
Ps	18	9	4Q85	1606744	PARTLY_RECONSTRUCTED	13	39	34	31	0	3	33	0	0	1	0	0	0	0	passage_status/DSS-Psalms-Passage-Status.txt	246023	744	536e8c1940187f6baf70a806692d015517894e40b06179f3be5f00d33619b171	L1601009-R002,L1601010-R001
Ps	18	10	4Q85	1606744	PARTLY_RECONSTRUCTED	10	27	24	18	4	2	18	4	0	1	0	0	0	0	passage_status/DSS-Psalms-Passage-Status.txt	246767	741	83027eb7120346f45b5868e86fb8448c81f83f8232be93b11d7cae179980d48a	L1601011-R001
Ps	18	11	4Q85	1606744	PARTLY_RECONSTRUCTED	12	30	28	21	1	6	21	1	0	1	0	0	0	0	passage_status/DSS-Psalms-Passage-Status.txt	247508	735	26ef5cec3b8c1ed9687e483f6702fa730e6ee339bb14bee5917ceb77bb7e6645	L1601012-R001
Ps	18	12	4Q85	1606744	PARTLY_RECONSTRUCTED	10	42	37	33	1	3	37	1	0	1	0	0	0	0	passage_status/DSS-Psalms-Passage-Status.txt	248243	751	e9ff6c96d8b54181be7a8b4114894e6886294b2d23dff27dcdfc6a72fe4ffe4d	L1601013-R001,L1601014-R001
Ps	18	13	4Q85	1606744	PARTLY_RECONSTRUCTED	10	30	26	18	1	7	21	1	0	1	0	0	0	0	passage_status/DSS-Psalms-Passage-Status.txt	248994	751	a292389d0367a3bf7ba20f1ca92d382f257a630c2034add0f417900190ab5977	L1601014-R002,L1601015-R001
Ps	18	14	4Q85	1606744	PARTLY_RECONSTRUCTED	14	39	36	26	1	9	27	1	0	1	0	0	0	0	passage_status/DSS-Psalms-Passage-Status.txt	249745	751	4da569fa8a79162b10fe3d0b404aa0f46e6490c8dce4bb436f2014aff01e5019	L1601015-R002,L1601016-R001
Ps	18	16	4Q85	1606744	PARTLY_RECONSTRUCTED	12	39	35	19	4	12	23	4	0	1	0	0	0	0	passage_status/DSS-Psalms-Passage-Status.txt	250496	764	47236862c590d73b198444261a564cf1658ec5288a26a613f8f607ee83ced310	L1601017-R001,L1601018-R001
Ps	18	17	4Q85	1606744	PARTLY_RECONSTRUCTED	9	31	27	22	1	4	25	1	0	1	0	0	0	0	passage_status/DSS-Psalms-Passage-Status.txt	251260	750	e09e032e5d514d3e0bfb61e531cd11769108b8bcbcb48a3c07903ee3a875883c	L1601018-R002,L1601019-R001
Ps	18	18	4Q85	1606744	PARTLY_RECONSTRUCTED	12	37	29	27	2	0	33	2	1	2	0	0	0	0	passage_status/DSS-Psalms-Passage-Status.txt	252010	757	12765d24479f996f061a031a931770e293855121b626d9b2a7400fe134cd0989	L1601019-R002,L1601020-R001
Ps	18	32	4Q85	1606744	PARTLY_RECONSTRUCTED	6	20	17	15	2	0	18	2	0	1	0	0	0	0	passage_status/DSS-Psalms-Passage-Status.txt	252767	740	4032226d4cb6f5bd6cbf852f9f304c390bad97355f57a4c927081ce7ed116bba	L1601021-R001
Ps	18	33	4Q85	1606744	PARTLY_RECONSTRUCTED	10	29	25	22	1	2	26	1	0	1	0	0	0	0	passage_status/DSS-Psalms-Passage-Status.txt	253507	751	439ffea0a1900e813f7bbd946df6b8d501c5d3b3deae5fb2b59e2c65b5bfffd8	L1601021-R002,L1601022-R001
Ps	18	34	4Q85	1606744	PARTLY_RECONSTRUCTED	9	33	28	25	1	2	30	1	0	1	0	0	0	0	passage_status/DSS-Psalms-Passage-Status.txt	254258	750	fba4028a68c11b129aae71aa5abcbcb974e7b934dbdff64c0dcdf32c415d7e88	L1601022-R002,L1601023-R001
Ps	18	35	4Q85	1606744	PARTLY_RECONSTRUCTED	10	36	32	29	1	2	33	1	0	1	0	0	0	0	passage_status/DSS-Psalms-Passage-Status.txt	255008	751	5260a97ae39213af010ca3610822c49abfa00744698ad4b6ea4398622b48b904	L1601023-R002,L1601024-R001
Ps	18	36	4Q85	1606744	PARTLY_RECONSTRUCTED	12	44	36	34	0	2	40	0	0	1	0	0	0	0	passage_status/DSS-Psalms-Passage-Status.txt	255759	746	aef326c229552879a2002bf464fc6a1802c44b5164bafaef647b38e342c47af6	L1601024-R002,L1601025-R001
Ps	18	37	4Q85	1606744	ALL_LETTER_SLOTS_RECONSTRUCTED	8	29	25	25	0	0	27	0	0	1	0	0	0	0	passage_status/DSS-Psalms-Passage-Status.txt	256505	739	62a1cbc1335b277bcc13650e1f9afd4d1074744576a99b0820579f362e9227d6	L1601026-R001
Ps	18	38	4Q85	1606744	ALL_LETTER_SLOTS_RECONSTRUCTED	10	35	30	30	0	0	33	0	0	1	0	0	0	0	passage_status/DSS-Psalms-Passage-Status.txt	257244	740	f1e448ab07d1dbc83d74f785febd118c17bcbf95e788600ff844bc1342ececa6	L1601027-R001
Ps	18	39	4Q85	1606744	PARTLY_RECONSTRUCTED	9	30	26	23	1	2	25	1	0	1	0	0	0	0	passage_status/DSS-Psalms-Passage-Status.txt	257984	734	b603f32d651793464874d5f7408bc421be51885c5c4b11c771a597c4cfe529e0	L1601028-R001
Ps	18	40	4Q85	1606744	PARTLY_RECONSTRUCTED	9	33	28	23	1	4	25	1	0	1	0	0	0	0	passage_status/DSS-Psalms-Passage-Status.txt	258718	734	8c1da2906f8424f1db2753d77e5e25caa2a941eaef4413872703360d283684d4	L1601029-R001
Ps	18	41	4Q85	1606744	PARTLY_RECONSTRUCTED	9	32	26	22	1	3	25	1	0	1	0	0	0	0	passage_status/DSS-Psalms-Passage-Status.txt	259452	734	a43aaf3277555668d83075a7bd0de3b1dd4e43b4b0df02974aa8c8eb101901e8	L1601030-R001
Ps	27	12	4Q85	1606744	PARTLY_RECONSTRUCTED	14	39	34	28	0	6	31	0	0	1	0	0	0	0	passage_status/DSS-Psalms-Passage-Status.txt	260186	730	6e1cc46c3fb42f88df149aea83ba1744f62127f22516bbbe629845fdc949db98	L1601031-R001
Ps	27	13	4Q85	1606744	PARTLY_RECONSTRUCTED	10	29	27	20	4	3	20	4	0	1	0	0	0	0	passage_status/DSS-Psalms-Passage-Status.txt	260916	747	d0706d0c3b1d0c9a3ce17b76682f28b2c78732c2788cea6e0e8ecad44a3c1441	L1601032-R001
Ps	27	14	4Q85	1606744	PARTLY_RECONSTRUCTED	12	33	30	23	2	5	25	2	0	1	0	0	0	0	passage_status/DSS-Psalms-Passage-Status.txt	261663	741	831824aa051d79743a7be1158bea29231708f3f55364426287996c711a745d70	L1601033-R001
Ps	28	1	4Q85	1606744	PARTLY_RECONSTRUCTED	18	63	57	34	4	19	38	4	0	1	0	0	0	0	passage_status/DSS-Psalms-Passage-Status.txt	262404	772	570030d54b67d87f4701a86f43b4c4e64805c0cb4fd2700d2782a5f42adc68c0	L1601034-R001,L1601035-R001,L1601036-R001
Ps	28	2	4Q85	1606744	PARTLY_RECONSTRUCTED	13	47	39	23	2	14	29	2	0	1	0	0	0	0	passage_status/DSS-Psalms-Passage-Status.txt	263176	772	8cc04233db791c6853ffeed437fe82c237525ced599605f462c1d89198d297ac	L1601036-R002,L1601037-R001,L1601038-R001
Ps	28	3	4Q85	1606744	PARTLY_RECONSTRUCTED	17	54	49	48	0	1	53	0	0	1	0	0	0	0	passage_status/DSS-Psalms-Passage-Status.txt	263948	760	c3faea8ef5d67727f1255521862ab88d4175e1145122845f03a254d3bbd32520	L1601038-R002,L1601039-R001,L1601040-R001
Ps	28	4	4Q85	1606744	PARTLY_RECONSTRUCTED	17	56	47	38	3	6	46	3	0	1	0	0	0	0	passage_status/DSS-Psalms-Passage-Status.txt	264708	771	ec46b2d00d6a1c09b2933427cf15129ca9a7c87377c4e496e1761ba2b5713f95	L1601040-R002,L1601041-R001,L1601042-R001
Ps	28	5	4Q85	1606744	PARTLY_RECONSTRUCTED	7	21	19	18	1	0	18	1	0	1	0	0	0	0	passage_status/DSS-Psalms-Passage-Status.txt	265479	732	ee5e9e28c645f7f2eb61505ac6919d7d490ca298d8b2f7cde95ca0b37228749d	L1601042-R002
Ps	35	27	4Q85	1606744	PARTLY_RECONSTRUCTED	12	42	38	29	3	6	33	3	0	1	0	0	0	0	passage_status/DSS-Psalms-Passage-Status.txt	266211	757	330cb9cd99d7878dc832adcb2e9cdf537b421f1c7c9cf2567cdce72c7df73375	L1601043-R001,L1601044-R001
Ps	35	28	4Q85	1606744	PARTLY_RECONSTRUCTED	9	30	25	18	2	5	20	2	0	1	0	0	0	0	passage_status/DSS-Psalms-Passage-Status.txt	266968	740	2aaaefe1e162b6c165becf6798235be634808cc6b4a32ea47d4b18250faf820f	L1601044-R002
Ps	37	18	4Q85	1606744	PARTLY_RECONSTRUCTED	10	34	31	23	1	7	24	1	0	1	0	0	0	0	passage_status/DSS-Psalms-Passage-Status.txt	267708	735	104a4531545f81ca3abedbe53ac2576d3577aed0e27650ea452ae08a392011a9	L1601045-R001
Ps	37	19	4Q85	1606744	PARTLY_RECONSTRUCTED	11	29	27	19	1	7	19	1	0	1	0	0	0	0	passage_status/DSS-Psalms-Passage-Status.txt	268443	735	3a2a3871dd06c40a91dd2da84abda744deb0a07c6a3b1d93182b149034b038b4	L1601046-R001
Ps	42	5	4Q85	1606744	PARTLY_RECONSTRUCTED	15	42	37	30	2	5	33	2	1	2	0	0	0	0	passage_status/DSS-Psalms-Passage-Status.txt	269178	739	6420101ba30b53f70236c9c8f1917955882f8aafb709ae052443ed28957f18bb	L1601047-R001
Ps	44	7	4Q85	1606744	NO_LETTER_SLOTS	4	8	0	0	0	0	5	1	2	4	0	0	0	0	passage_status/DSS-Psalms-Passage-Status.txt	269917	718	68284e71897de93ad6f60272840c5f0f04a9ca77cb3f00247737c49acaf206ec	L1601048-R001
Ps	44	8	4Q85	1606744	PARTLY_RECONSTRUCTED	7	33	28	24	1	3	28	1	0	1	0	0	0	0	passage_status/DSS-Psalms-Passage-Status.txt	270635	732	fb1158d811636eb949b33cd27d2ade27493f3c48508a015db8961deae114f69d	L1601049-R001
Ps	44	9	4Q85	1606744	PARTLY_RECONSTRUCTED	14	38	33	31	1	1	34	1	1	2	0	0	0	0	passage_status/DSS-Psalms-Passage-Status.txt	271367	749	9aac3e8c813d41958cd1c7d306281eb6989cb072371c1116c6672557851950b4	L1601049-R002,L1601050-R001
Ps	45	8	4Q85	1606744	PARTLY_RECONSTRUCTED	15	50	45	35	5	5	40	5	0	1	0	0	0	0	passage_status/DSS-Psalms-Passage-Status.txt	272116	755	3e678c8e881016395a3b2bb4c0ee6c21e57198ac437f819b80dc32c7225eb82f	L1601051-R001,L1601052-R001
Ps	45	9	4Q85	1606744	PARTLY_RECONSTRUCTED	12	43	39	26	3	10	30	3	0	1	0	0	0	0	passage_status/DSS-Psalms-Passage-Status.txt	272871	756	e67152675bbfbcb8dd0ff351b901034ff1c88e05bd60183af569a1b246e3e50a	L1601052-R002,L1601053-R001
Ps	45	10	4Q85	1606744	PARTLY_RECONSTRUCTED	12	43	39	23	4	12	26	4	0	1	0	0	0	0	passage_status/DSS-Psalms-Passage-Status.txt	273627	764	b056d4ee6b8c924f0d9f0ed1bd44d38dc62f77e90d23b4e7d1564eaa69b9d51f	L1601053-R002,L1601054-R001
Ps	45	11	4Q85	1606744	PARTLY_RECONSTRUCTED	15	41	34	20	9	5	24	9	1	2	0	0	0	0	passage_status/DSS-Psalms-Passage-Status.txt	274391	769	dfd5d70b98abe2a31b0a474c915227420c4873576542fb19120534d0a44fc789	L1601054-R002,L1601055-R001
Ps	49	1	4Q85	1606744	PARTLY_RECONSTRUCTED	12	31	17	7	7	3	17	11	3	6	0	0	0	0	passage_status/DSS-Psalms-Passage-Status.txt	275160	761	e4ef82e0ae72376f30b8ebbd63780288b2b07762911333aded123f60e517db7c	L1601056-R001,L1601058-R001
Ps	49	2	4Q85	1606744	PARTLY_RECONSTRUCTED	10	31	29	27	1	1	27	1	0	1	0	0	0	0	passage_status/DSS-Psalms-Passage-Status.txt	275921	749	8a4de4c6ef2a61f6214ca80d5aeddb1f9d079b168e3a04bc595b38e369b20b76	L1601058-R002,L1601059-R001
Ps	49	3	4Q85	1606744	PARTLY_RECONSTRUCTED	11	31	29	23	1	5	23	1	0	1	0	0	0	0	passage_status/DSS-Psalms-Passage-Status.txt	276670	749	30db8bf0bae893fc18fa22d6f9052e8c7e7ed61d6baabbb9c72c7e51f75d1cf0	L1601059-R002,L1601060-R001
Ps	49	4	4Q85	1606744	PARTLY_RECONSTRUCTED	8	29	25	17	1	7	18	1	0	1	0	0	0	0	passage_status/DSS-Psalms-Passage-Status.txt	277419	732	dc228383069afe1213ee8b3326b0a633ab4ba1a026c03f42cdf46585f50c8c81	L1601060-R002
Ps	49	5	4Q85	1606744	PARTLY_RECONSTRUCTED	9	29	25	16	1	8	17	1	0	1	0	0	0	0	passage_status/DSS-Psalms-Passage-Status.txt	278151	732	b719f3394937b8ac2b5401e7d0bbdb620db256aea38b1b12f163e69aeefa0188	L1601061-R001
Ps	49	6	4Q85	1606744	PARTLY_RECONSTRUCTED	9	30	26	21	2	3	22	2	0	1	0	0	0	0	passage_status/DSS-Psalms-Passage-Status.txt	278883	738	7fc3a51e7b2e7d624ab97bdf85e254676b8f64572fd5f05141a458ded454bda2	L1601062-R001
Ps	49	7	4Q85	1606744	PARTLY_RECONSTRUCTED	10	30	26	13	4	9	13	4	0	1	0	0	0	0	passage_status/DSS-Psalms-Passage-Status.txt	279621	745	034f620bb9fab0f2d4ebdf7382f3ab168980a43927646ad775916c1ecd0d5651	L1601063-R001
Ps	49	8	4Q85	1606744	PARTLY_RECONSTRUCTED	11	32	29	14	2	13	14	2	0	1	0	0	0	0	passage_status/DSS-Psalms-Passage-Status.txt	280366	734	b81c3d72deb3a6544c6c2005be7f2f7d0d3391f5a83d1bfb4e13b8771aac9579	L1601064-R001
Ps	49	9	4Q85	1606744	PARTLY_RECONSTRUCTED	9	25	22	13	1	8	14	1	0	1	0	0	0	0	passage_status/DSS-Psalms-Passage-Status.txt	281100	732	098241ffd71e87daceaa6dea78d3b20baa0b8c7681317ec0677e989f466fbb83	L1601065-R001
Ps	49	10	4Q85	1606744	PARTLY_RECONSTRUCTED	11	24	22	8	0	14	8	0	0	1	0	0	0	0	passage_status/DSS-Psalms-Passage-Status.txt	281832	745	e7985244a96d3908a82eb16e6e07c30736b0e9c414541129b3b1a2474df71641	L1601065-R002,L1601066-R001
Ps	49	11	4Q85	1606744	PARTLY_RECONSTRUCTED	15	49	46	6	3	37	6	3	0	1	0	0	0	0	passage_status/DSS-Psalms-Passage-Status.txt	282577	756	f5fe4c2fbd859f67148e8d4fe8dd5984b8eb6abcb47ca571aa4492cfd3918266	L1601066-R002,L1601067-R001
Ps	49	12	4Q85	1606744	PARTLY_RECONSTRUCTED	15	51	45	11	1	33	12	1	0	1	0	0	0	0	passage_status/DSS-Psalms-Passage-Status.txt	283333	752	446e2fd00013c1d80270cf250cd84450f57791b44c1692f628470dc60ae9c360	L1601068-R001,L1601069-R001
Ps	49	13	4Q85	1606744	PARTLY_RECONSTRUCTED	11	30	28	8	3	17	8	3	0	1	0	0	0	0	passage_status/DSS-Psalms-Passage-Status.txt	284085	756	b34777d3b2d2ddf37a2f3ded553cafe54c10b4e494e493e1d86d30e5658f0606	L1601069-R002,L1601070-R001
Ps	49	14	4Q85	1606744	PARTLY_RECONSTRUCTED	11	37	31	16	4	11	18	4	0	1	0	0	0	0	passage_status/DSS-Psalms-Passage-Status.txt	284841	764	ac6f855d222027fbadb4af32396ab013cf22eb150aed99a2f6ebc27bd9d2d9f4	L1601070-R002,L1601071-R001
Ps	49	15	4Q85	1606744	PARTLY_RECONSTRUCTED	22	61	55	32	5	18	34	5	0	1	0	0	0	0	passage_status/DSS-Psalms-Passage-Status.txt	285605	774	eb4287d3205a46fa6c3c8cd2814b19ec7020b00a9084ceb4d50c4a46b75088e9	L1601071-R002,L1601072-R001,L1601073-R001
Ps	49	16	4Q85	1606744	PARTLY_RECONSTRUCTED	11	36	32	11	3	18	12	3	0	1	0	0	0	0	passage_status/DSS-Psalms-Passage-Status.txt	286379	752	9b945e373994fc2fffbc2b8f0e5c6742e448e2aa658f1c0a1910b957a7889d9a	L1601073-R002,L1601074-R001
Ps	49	17	4Q85	1606744	PARTLY_RECONSTRUCTED	10	32	29	21	3	5	21	3	0	1	0	0	0	0	passage_status/DSS-Psalms-Passage-Status.txt	287131	741	e8dc9507491d5ad89859f131fc5215cafd8dabb9a77fef9d4689797fa578af08	L1601075-R001
Ps	50	14	4Q85	1606744	PARTLY_RECONSTRUCTED	9	24	15	6	3	6	14	4	2	4	0	0	0	0	passage_status/DSS-Psalms-Passage-Status.txt	287872	755	0613870443d46a28153fe5c89a3157254a06947c83b8d04e0e1834b8c0f94eb9	L1601076-R001,L1601077-R001
Ps	50	15	4Q85	1606744	PARTLY_RECONSTRUCTED	9	30	25	22	2	1	27	2	0	1	0	0	0	0	passage_status/DSS-Psalms-Passage-Status.txt	288627	756	a21d4532ad8ecd34c2111d2d24e9d4bf8ae0dc3a1e5432b0c965ce43c5506fe9	L1601077-R002,L1601078-R001
Ps	50	16	4Q85	1606744	PARTLY_RECONSTRUCTED	16	45	39	31	1	7	34	1	0	1	0	0	0	0	passage_status/DSS-Psalms-Passage-Status.txt	289383	751	85d315339b2b845fac6e72b49f87431a163ab3e08f1f424c864cb96f51bb4520	L1601078-R002,L1601079-R001
Ps	50	17	4Q85	1606744	PARTLY_RECONSTRUCTED	9	30	26	16	2	8	18	2	0	1	0	0	0	0	passage_status/DSS-Psalms-Passage-Status.txt	290134	740	a062ea63f3ae9c88fbcfa12891f9dc963de51691505a2af88f4e388d7a5967e3	L1601080-R001
Ps	50	18	4Q85	1606744	PARTLY_RECONSTRUCTED	11	33	29	3	4	22	4	4	0	1	0	0	0	0	passage_status/DSS-Psalms-Passage-Status.txt	290874	746	ca876d0bd94cd0602aeb8efc5c4b35c590cf47197228cbdb272c58f2bb62891d	L1601081-R001
Ps	50	19	4Q85	1606744	NO_LETTER_RECONSTRUCTION_MARKED	9	30	26	0	0	26	0	0	0	1	0	0	0	0	passage_status/DSS-Psalms-Passage-Status.txt	291620	739	e172bd138eb053838cebfaf3e8839d6f0020e5114a267a4fb75675c897bc087a	L1601082-R001
Ps	50	20	4Q85	1606744	PARTLY_RECONSTRUCTED	10	28	24	2	1	21	2	1	0	1	0	0	0	0	passage_status/DSS-Psalms-Passage-Status.txt	292359	734	62be4b2d3f63b75197e69767f21ba0da321fd9dae0c22d150dafa6d719268b19	L1601083-R001
Ps	50	21	4Q85	1606744	PARTLY_RECONSTRUCTED	14	52	47	3	7	37	3	7	0	1	0	0	0	0	passage_status/DSS-Psalms-Passage-Status.txt	293093	762	68edfbd82290aa880fa62d21bb67c4066bd1c918adb4199f814ce837a0ee062c	L1601084-R001,L1601085-R001
Ps	50	22	4Q85	1606744	PARTLY_RECONSTRUCTED	11	33	31	3	3	25	3	3	0	1	0	0	0	0	passage_status/DSS-Psalms-Passage-Status.txt	293855	756	f209fe6915d49cb0df30878bb813d9fcc655cb66bc9d9ffbcfb08f3247a25694	L1601085-R002,L1601086-R001
Ps	50	23	4Q85	1606744	NO_LETTER_RECONSTRUCTION_MARKED	11	38	34	0	1	33	0	1	0	1	0	0	0	0	passage_status/DSS-Psalms-Passage-Status.txt	294611	761	e152c5a65155e6de77bea28e0d6a787aa9db010a61e09e265e307ae05081b7b6	L1601086-R002,L1601087-R001
Ps	51	1	4Q85	1606744	NO_LETTER_RECONSTRUCTION_MARKED	6	16	14	0	1	13	0	1	0	1	0	0	0	0	passage_status/DSS-Psalms-Passage-Status.txt	295372	742	35594ec339e637d7b55b69a02c275484c2544934178521760550dcbdb9cdf8a9	L1601088-R001
Ps	51	2	4Q85	1606744	PARTLY_RECONSTRUCTED	13	32	29	2	2	25	2	2	0	1	0	0	0	0	passage_status/DSS-Psalms-Passage-Status.txt	296114	748	085e6f64c1c5a548bb4b4feac0e4fef02007464c931d6d845e2bd04464f6000a	L1601088-R002,L1601089-R001
Ps	51	3	4Q85	1606744	PARTLY_RECONSTRUCTED	10	35	29	1	6	22	1	6	0	1	0	0	0	0	passage_status/DSS-Psalms-Passage-Status.txt	296862	754	c3354b5e7ff9413a2434944dca2b294a7b9cb2b7cdcf9df72058836b02dcf65d	L1601089-R002,L1601090-R001
Ps	51	4	4Q85	1606744	PARTLY_RECONSTRUCTED	9	32	26	1	3	22	1	3	0	1	0	0	0	0	passage_status/DSS-Psalms-Passage-Status.txt	297616	753	d835c5f3588653106713026c0784aa4cf37d025925363ed167b3a0f9dcc0c1e1	L1601090-R002,L1601091-R001
Ps	51	5	4Q85	1606744	NO_LETTER_RECONSTRUCTION_MARKED	5	15	12	0	0	12	0	0	0	1	0	0	0	0	passage_status/DSS-Psalms-Passage-Status.txt	298369	737	0b39eb587e92abab5885dc730d5b7dea7d9b9885bd881b5dad6efe12b158e18a	L1601091-R002
Ps	52	5	4Q85	1606744	PARTLY_RECONSTRUCTED	6	15	13	12	1	0	14	1	0	1	0	0	0	0	passage_status/DSS-Psalms-Passage-Status.txt	299106	732	6a8e0db12a385940a6a8a7da97a058d664926bf55c155500bf45a672a6c3e33b	L1601092-R001
Ps	52	6	4Q85	1606744	PARTLY_RECONSTRUCTED	7	23	21	18	1	2	18	1	0	1	0	0	0	0	passage_status/DSS-Psalms-Passage-Status.txt	299838	748	014ef26bba60a4f3b2214ca3a8570b18a796430d5af85ee8bf81afb82921f7b3	L1601092-R002,L1601093-R001
Ps	52	7	4Q85	1606744	PARTLY_RECONSTRUCTED	18	48	42	4	8	30	5	8	0	1	0	0	0	0	passage_status/DSS-Psalms-Passage-Status.txt	300586	760	b6f41e234e9632d318ebb9f53e0308022a5f10868bfc488265d1e9521209ceb9	L1601093-R002,L1601094-R001
Ps	52	8	4Q85	1606744	PARTLY_RECONSTRUCTED	8	29	26	1	2	23	1	2	0	1	0	0	0	0	passage_status/DSS-Psalms-Passage-Status.txt	301346	753	ca0a259bcee605e3fe0a8860de746062ce98b74e5d630d18d93f971a79d0e5d9	L1601094-R002,L1601095-R001
Ps	52	9	4Q85	1606744	NO_LETTER_RECONSTRUCTION_MARKED	16	48	43	0	2	41	0	2	0	1	0	0	0	0	passage_status/DSS-Psalms-Passage-Status.txt	302099	781	8acd02c5fe0596fc1a5bbc2c25fc4ee137a24c31f3970855a45f4013486015b4	L1601095-R002,L1601096-R001,L1601097-R001
Ps	52	10	4Q85	1606744	PARTLY_RECONSTRUCTED	16	44	42	2	3	37	2	3	0	1	0	0	0	0	passage_status/DSS-Psalms-Passage-Status.txt	302880	756	fad5d84869bdf545789b4d3f3f0ec975d04b25205124b2ed6ca49e4e09f9bf49	L1601097-R002,L1601098-R001
Ps	52	11	4Q85	1606744	PARTLY_RECONSTRUCTED	14	42	37	5	7	25	5	7	0	1	0	0	0	0	passage_status/DSS-Psalms-Passage-Status.txt	303636	762	e402baa85361df375bb8eddff84ecd6c2a6ffc7fdc6de5fdda4b6b965c013083	L1601099-R001,L1601100-R001
Ps	53	1	4Q85	1606744	PARTLY_RECONSTRUCTED	8	22	20	2	0	18	2	0	0	1	0	0	0	0	passage_status/DSS-Psalms-Passage-Status.txt	304398	726	f7a759818bc0d98f5851bbb7f54450d064832cef703728788e86e1d40433284f	L1601101-R001
Ps	106	48	4Q86	1606745	PARTLY_RECONSTRUCTED	9	20	18	12	3	3	12	3	0	1	0	0	0	0	passage_status/DSS-Psalms-Passage-Status.txt	305124	742	6b446d09ae382d4ff467b927269016890569d10ba8a99426528b9dd4a9b4fce6	L1601122-R001
Ps	147	1	4Q86	1606745	PARTLY_RECONSTRUCTED	13	53	47	13	7	27	14	7	0	1	0	0	0	0	passage_status/DSS-Psalms-Passage-Status.txt	305866	770	5f8187cd7418447877a4238a865f897cea05c34c3b9aea791966008f6541d57a	L1601123-R001,L1601124-R001
Ps	147	2	4Q86	1606745	PARTLY_RECONSTRUCTED	7	29	27	10	0	17	10	0	0	1	0	0	0	0	passage_status/DSS-Psalms-Passage-Status.txt	306636	746	ae805aae582cafc544b921786e069dc649ef52acd8876949639fe77349dd7ea3	L1601124-R002,L1601125-R001
Ps	147	3	4Q86	1606745	PARTLY_RECONSTRUCTED	10	26	23	11	1	11	13	1	0	1	0	0	0	0	passage_status/DSS-Psalms-Passage-Status.txt	307382	752	9516bd33518716c92e917070e336e63015933a4c338a21205cd15c81e1d84b6b	L1601125-R002,L1601126-R001
Ps	147	4	4Q86	1606745	PARTLY_RECONSTRUCTED	10	32	27	25	0	2	27	0	1	2	0	0	0	0	passage_status/DSS-Psalms-Passage-Status.txt	308134	746	b86c17b3f04bc871b0769bceda39cbbbad3ed7f940586f2ad26d4b3ac3592a67	L1601126-R002,L1601127-R001
Ps	147	13	4Q86	1606745	PARTLY_RECONSTRUCTED	6	22	17	3	5	9	3	5	0	1	0	0	0	0	passage_status/DSS-Psalms-Passage-Status.txt	308880	740	81b3105e3bdd7341fedc7a26f475f7bd4e173cfb4048f0dcbb628de9f08bf7b7	L1601128-R001
Ps	147	14	4Q86	1606745	PARTLY_RECONSTRUCTED	9	30	26	4	4	18	5	4	0	1	0	0	0	0	passage_status/DSS-Psalms-Passage-Status.txt	309620	763	1a8c7379471276e099b101d91bd902a180115265b3e96192eb70904c88abfbf8	L1601128-R002,L1601129-R001
Ps	147	15	4Q86	1606745	PARTLY_RECONSTRUCTED	9	30	26	11	4	11	12	4	0	1	0	0	0	0	passage_status/DSS-Psalms-Passage-Status.txt	310383	759	06a6d1402ae7c06e3dd9a817893b9d046dd891ffbfffe3612006b94cf4b27ff4	L1601130-R001,L1601131-R001
Ps	147	16	4Q86	1606745	PARTLY_RECONSTRUCTED	10	25	23	16	1	6	18	1	0	1	0	0	0	0	passage_status/DSS-Psalms-Passage-Status.txt	311142	753	24289bf2db53b16c34f6f2d004af9742d0b3c110a59269f4fe50decd097997c6	L1601131-R002,L1601132-R001
Ps	147	17	4Q86	1606745	PARTLY_RECONSTRUCTED	11	34	28	24	0	4	28	0	1	2	0	0	0	0	passage_status/DSS-Psalms-Passage-Status.txt	311895	748	6cda27a0a4fab0475f19f477e4f134355376394f47111030ed9db01bb38a16d8	L1601132-R002,L1601133-R001
Ps	147	20	4Q86	1606745	PARTLY_RECONSTRUCTED	13	36	33	20	4	9	21	4	0	1	0	0	0	0	passage_status/DSS-Psalms-Passage-Status.txt	312643	753	8a941ea1ff4b88b027319a19f00675b09f3f07551dfa8f21dc5d31bf5c36b55d	L1601134-R001,L1601135-R001
Ps	104	1	4Q86	1606745	PARTLY_RECONSTRUCTED	13	44	41	19	5	17	20	5	0	1	0	0	0	0	passage_status/DSS-Psalms-Passage-Status.txt	313396	764	537657beb0f6148f2857ad2773cfd2c7df4fc3a89f2b8ad6689be1bbfa2f0ff2	L1601136-R001,L1601137-R001
Ps	104	2	4Q86	1606745	PARTLY_RECONSTRUCTED	9	27	25	6	1	6	6	1	0	1	0	14	0	0	passage_status/DSS-Psalms-Passage-Status.txt	314160	755	58b23c76e5a2f8298108a00bd880ce3e53f2fd913fe25e26ed6a0cca064a1515	L1601137-R002,L1601138-R001
Ps	104	3	4Q86	1606745	PARTLY_RECONSTRUCTED	13	42	38	7	3	28	7	3	0	1	0	0	0	0	passage_status/DSS-Psalms-Passage-Status.txt	314915	756	290f2d2fffb0184ff0e470493894092c83680d38d3de1f4fcdecb17975aad63d	L1601138-R002,L1601139-R001
Ps	104	4	4Q86	1606745	PARTLY_RECONSTRUCTED	7	29	25	8	3	14	8	3	0	1	0	0	0	0	passage_status/DSS-Psalms-Passage-Status.txt	315671	755	7d3182016b10f9789a5255459854120f9b67c1470c64ec5b9a8a158ead436186	L1601140-R001,L1601141-R001
Ps	104	5	4Q86	1606745	PARTLY_RECONSTRUCTED	7	24	21	14	1	6	15	1	0	1	0	0	0	0	passage_status/DSS-Psalms-Passage-Status.txt	316426	734	bb80b4909be82e75e7495c36fb857cca9b9420ffd906b2cb36a1f815c1cf5112	L1601141-R002
Ps	104	8	4Q86	1606745	PARTLY_RECONSTRUCTED	12	42	31	8	4	19	11	8	1	4	0	0	0	0	passage_status/DSS-Psalms-Passage-Status.txt	317160	763	3ceaa8b780e0c672d1fc77471ebeadca5feed9e03b718ca2357c39f2693e7a74	L1601142-R001,L1601143-R001
Ps	104	9	4Q86	1606745	PARTLY_RECONSTRUCTED	11	36	32	14	5	13	15	5	0	1	0	0	0	0	passage_status/DSS-Psalms-Passage-Status.txt	317923	764	6c41cb3682f2a54097abe0fe93b374ed3fc8453df9716ddf67dedae154d2e51a	L1601143-R002,L1601144-R001
Ps	104	10	4Q86	1606745	NO_LETTER_RECONSTRUCTION_MARKED	9	31	29	0	1	28	0	1	0	1	0	0	0	0	passage_status/DSS-Psalms-Passage-Status.txt	318687	762	136da530d1c5fb973a740a4e7b2591e4208f40b9a83ebf3a7765eed73e08ca3b	L1601145-R001,L1601146-R001
Ps	104	11	4Q86	1606745	NO_LETTER_RECONSTRUCTION_MARKED	11	36	27	0	9	18	2	12	1	3	0	0	3	0	passage_status/DSS-Psalms-Passage-Status.txt	319449	787	f9efa29d35427f50188fc00539b843940f65e5ba476ebbb60b40e11297a478fc	L1601146-R002,L1601147-R001
Ps	104	14	4Q86	1606745	PARTLY_RECONSTRUCTED	7	16	14	11	1	2	11	1	0	1	0	0	0	0	passage_status/DSS-Psalms-Passage-Status.txt	320236	736	c78fd0f4af5df8a7a11140165ff4d50d968f6e515d3d12e62f702ba05168d6e8	L1601148-R001
Ps	104	15	4Q86	1606745	PARTLY_RECONSTRUCTED	16	47	43	27	3	13	28	4	0	2	0	0	0	0	passage_status/DSS-Psalms-Passage-Status.txt	320972	776	4022ef2e9974ace788543c0a55d57867ecca79b8df75040fa6d074a434c14535	L1601149-R001,L1601150-R001,L1601151-R001
Ps	104	22	4Q86	1606745	PARTLY_RECONSTRUCTED	10	30	26	13	1	12	13	3	0	1	0	0	0	0	passage_status/DSS-Psalms-Passage-Status.txt	321748	754	65a83e3a63850fdaa776f7247544c12395d392fe0b8b90599dfc0830b446b6d3	L1601152-R001,L1601153-R001
Ps	104	23	4Q86	1606745	PARTLY_RECONSTRUCTED	10	28	24	5	1	18	6	1	0	1	0	0	0	0	passage_status/DSS-Psalms-Passage-Status.txt	322502	752	7711b48364fe376762d845dc279e90408b9067e2b2361c1ee0548327d9679e68	L1601154-R001,L1601155-R001
Ps	104	24	4Q86	1606745	PARTLY_RECONSTRUCTED	13	44	39	3	1	35	3	1	0	1	0	0	0	0	passage_status/DSS-Psalms-Passage-Status.txt	323254	768	982a4890aecbb081ae533a1db93ed3d59e49b4b93fa96d7c94cf7fd5dbf9b0b9	L1601156-R001,L1601157-R001,L1601158-R001
Ps	104	25	4Q86	1606745	PARTLY_RECONSTRUCTED	17	48	46	34	3	9	34	3	0	1	0	0	0	0	passage_status/DSS-Psalms-Passage-Status.txt	324022	775	f665372523d7e21797232cb75c95fc9ba3c1e60d8ea5c90747a2a1de47288024	L1601159-R001,L1601160-R001,L1601161-R001
Ps	104	33	4Q86	1606745	PARTLY_RECONSTRUCTED	11	33	28	11	8	9	12	8	0	1	0	0	0	0	passage_status/DSS-Psalms-Passage-Status.txt	324797	765	dd99216fd9235ec14f2bab09d971dab5d68869e9279ec652aeac069ae70c672e	L1601162-R001,L1601163-R001
Ps	104	34	4Q86	1606745	PARTLY_RECONSTRUCTED	4	16	12	4	1	7	5	1	0	1	0	0	0	0	passage_status/DSS-Psalms-Passage-Status.txt	325562	734	0c46501d601659da0607575d6829885000bf9548525be24b9cda71cb779db64a	L1601164-R001
Ps	104	35	4Q86	1606745	PARTLY_RECONSTRUCTED	11	33	30	16	2	12	17	2	0	1	0	0	0	0	passage_status/DSS-Psalms-Passage-Status.txt	326296	754	19dbf450f619b364d6cebd3adf1597eab7bb53a7c12f8b32437133c8bc770d64	L1601165-R001,L1601166-R001
Ps	76	10	4Q87	1606746	PARTLY_RECONSTRUCTED	10	32	30	25	2	3	27	2	0	1	0	0	0	0	passage_status/DSS-Psalms-Passage-Status.txt	327050	741	c99f2ba1648e753c68900fe0dccf344f5a00be4e84edfe1ba091e8f3aebd8bc8	L1601167-R001
Ps	76	11	4Q87	1606746	PARTLY_RECONSTRUCTED	8	29	26	18	1	7	21	1	0	1	0	0	0	0	passage_status/DSS-Psalms-Passage-Status.txt	327791	750	e4cc25f7e14edb17f25dfc063688eac9c53264fe4fca10dff1d99cb72de19b45	L1601167-R002,L1601168-R001
Ps	76	12	4Q87	1606746	PARTLY_RECONSTRUCTED	13	46	42	32	0	10	35	0	0	1	0	0	0	0	passage_status/DSS-Psalms-Passage-Status.txt	328541	747	4b6bb1f1ebeab67aa17b69aa92148c9f2b55188d3d415841e60e5e45a615b7e9	L1601168-R002,L1601169-R001
Ps	76	13	4Q87	1606746	ALL_LETTER_SLOTS_RECONSTRUCTED	8	27	25	25	0	0	27	0	0	1	0	0	0	0	passage_status/DSS-Psalms-Passage-Status.txt	329288	755	0cb40697c9561325e1aa48d41ac93df5a342db760e0bef24ac267c47992f6097	L1601169-R002,L1601170-R001
Ps	77	1	4Q87	1606746	PARTLY_RECONSTRUCTED	9	26	22	19	3	0	21	3	1	2	0	0	0	0	passage_status/DSS-Psalms-Passage-Status.txt	330043	738	459cd0d29127deaedea518f9db010c347f712aa7070b47846d613cbcf05d41c2	L1601171-R001
Ps	78	6	4Q87	1606746	PARTLY_RECONSTRUCTED	13	47	42	39	0	3	44	0	1	2	0	0	0	0	passage_status/DSS-Psalms-Passage-Status.txt	330781	744	3d3349bbbcc6c83e1e079f0b85d2bb7d2b92dbd9d0a5be298fc063970ca534bf	L1601172-R001,L1601173-R001
Ps	78	7	4Q87	1606746	PARTLY_RECONSTRUCTED	6	19	16	12	1	3	12	1	0	1	0	0	0	0	passage_status/DSS-Psalms-Passage-Status.txt	331525	732	bf21164a89091532e93d978d7005934f1d917dfdff582afef5a30b9301f7e51a	L1601173-R002
Ps	78	31	4Q87	1606746	PARTLY_RECONSTRUCTED	6	26	23	19	2	2	22	2	0	1	0	0	0	0	passage_status/DSS-Psalms-Passage-Status.txt	332257	740	6800c1024bc657c8364a5cd63ab9e90e30e02ebe228fd24293fcf021e320b588	L1601174-R001
Ps	78	32	4Q87	1606746	PARTLY_RECONSTRUCTED	11	37	34	29	0	5	32	0	0	1	0	0	0	0	passage_status/DSS-Psalms-Passage-Status.txt	332997	746	ff567da8ce0f041aee9b1bdbabf02477ae60661d71908b962f0fa7e4cf54be53	L1601174-R002,L1601175-R001
Ps	78	33	4Q87	1606746	PARTLY_RECONSTRUCTED	10	28	24	20	0	4	24	0	0	1	0	0	0	0	passage_status/DSS-Psalms-Passage-Status.txt	333743	746	046700a6c31a50892c462a62bb4b05e19df1eaec34c30c923e42fd13e0afd4a9	L1601175-R002,L1601176-R001
Ps	78	34	4Q87	1606746	ALL_LETTER_SLOTS_RECONSTRUCTED	10	28	24	24	0	0	28	0	0	1	0	0	0	0	passage_status/DSS-Psalms-Passage-Status.txt	334489	740	c3415d8278740c8c743bfb9cda2063612814033821c799fa74a9222e8fea56cc	L1601176-R002
Ps	78	35	4Q87	1606746	ALL_LETTER_SLOTS_RECONSTRUCTED	3	8	6	6	0	0	6	0	0	1	0	0	0	0	passage_status/DSS-Psalms-Passage-Status.txt	335229	735	5efeaa43830d9c5b1ffb0d6f46820bbbec820175aabf3a05f29fc6ca552f9139	L1601176-R003
Ps	81	2	4Q87	1606746	PARTLY_RECONSTRUCTED	10	37	32	27	0	5	32	0	1	2	0	0	0	0	passage_status/DSS-Psalms-Passage-Status.txt	335964	744	5e64b46811847e5167c76b021af35a99abe9d378c57b5022cc57bc294e885cba	L1601177-R001,L1601178-R001
Ps	81	3	4Q87	1606746	PARTLY_RECONSTRUCTED	10	29	27	24	3	0	24	3	0	1	0	0	0	0	passage_status/DSS-Psalms-Passage-Status.txt	336708	745	68def881fb44f603f04876a30248718cd9e968f34fd67830b869509e121de6ab	L1601178-R002
Ps	86	10	4Q87	1606746	PARTLY_RECONSTRUCTED	10	35	32	27	1	4	29	1	0	1	0	0	0	0	passage_status/DSS-Psalms-Passage-Status.txt	337453	735	5785d5afbb2bd07a22b9037bceabf1b386be02793797dcad36825c66183c071d	L1601179-R001
Ps	86	11	4Q87	1606746	PARTLY_RECONSTRUCTED	12	48	40	37	1	2	43	1	0	1	0	0	0	0	passage_status/DSS-Psalms-Passage-Status.txt	338188	751	cd831d17a7e710aaa0a50f97c3ec46c53894376ade85a7c3410231b98ccc6586	L1601179-R002,L1601180-R001
Ps	88	1	4Q87	1606746	PARTLY_RECONSTRUCTED	18	52	48	39	1	8	41	1	1	2	0	0	0	0	passage_status/DSS-Psalms-Passage-Status.txt	338939	749	849c6dc43994454af3bbcfe361437431688e80d28d1cbe4aaabfd9cdb6d78e28	L1601181-R001,L1601182-R001
Ps	88	2	4Q87	1606746	PARTLY_RECONSTRUCTED	9	37	33	27	1	5	28	1	0	1	0	0	0	0	passage_status/DSS-Psalms-Passage-Status.txt	339688	732	dc78c5371aa1cd7362e03379adf974b8726ae46908d144c2c62fbd3c6f284404	L1601183-R001
Ps	88	3	4Q87	1606746	PARTLY_RECONSTRUCTED	9	34	28	24	1	3	30	1	0	1	0	0	0	0	passage_status/DSS-Psalms-Passage-Status.txt	340420	748	3958071967bab2e157d5a0b6256ae14b03fd51da62556d5f82368b5e1a18843b	L1601183-R002,L1601184-R001
Ps	88	4	4Q87	1606746	PARTLY_RECONSTRUCTED	11	33	29	22	0	7	26	0	0	1	0	0	0	0	passage_status/DSS-Psalms-Passage-Status.txt	341168	744	46c7b9487e4aeee75f38229e557cb4e19c657af5e7743f7eda6af170c1130e46	L1601184-R002,L1601185-R001
Ps	88	5	4Q87	1606746	PARTLY_RECONSTRUCTED	6	23	21	19	2	0	19	2	0	1	0	0	0	0	passage_status/DSS-Psalms-Passage-Status.txt	341912	738	cecd6ce3b40b231c0ae628ad6ec9fa9181dd924f706668bd866b4d2dc3dd20fb	L1601185-R002
Ps	89	44	4Q87	1606746	PARTLY_RECONSTRUCTED	10	34	30	23	2	5	24	2	0	1	0	0	0	0	passage_status/DSS-Psalms-Passage-Status.txt	342650	741	f0657df5a357519fa15d10e57df9ef7b1224e745b547bc78e6df831785241fbe	L1601186-R001
Ps	89	45	4Q87	1606746	PARTLY_RECONSTRUCTED	9	28	24	23	0	1	27	0	0	1	0	0	0	0	passage_status/DSS-Psalms-Passage-Status.txt	343391	745	d26379222b77e92ba613a853ba71d126f004423e4662220c6eab4029a9c973fc	L1601186-R002,L1601187-R001
Ps	89	46	4Q87	1606746	PARTLY_RECONSTRUCTED	8	36	32	22	3	7	26	3	0	1	0	0	0	0	passage_status/DSS-Psalms-Passage-Status.txt	344136	762	7590cb1a421c1689eb00aee2e4d6c5d7d233e1702666eb8f476647b094f10152	L1601187-R002,L1601188-R001
Ps	89	47	4Q87	1606746	PARTLY_RECONSTRUCTED	11	32	29	24	3	2	27	3	0	1	0	0	0	0	passage_status/DSS-Psalms-Passage-Status.txt	344898	763	ba383cae7bffb510ba71cac745b0e41a3e0f20889405bbaa872b58d893f0c4be	L1601188-R002,L1601189-R001
Ps	89	48	4Q87	1606746	PARTLY_RECONSTRUCTED	8	20	18	17	1	0	17	1	0	1	0	0	0	0	passage_status/DSS-Psalms-Passage-Status.txt	345661	734	167147bb15f38c28f4321eea1d74f0d6a0f6b150521fbbf28c5e042f1f2b0442	L1601189-R002
Ps	89	50	4Q87	1606746	PARTLY_RECONSTRUCTED	13	50	44	40	1	3	46	1	1	2	0	0	0	0	passage_status/DSS-Psalms-Passage-Status.txt	346395	751	81e95d0b89f9a255f4db3abed8c02a7b1378d5349f67a769105519760d661e4f	L1601190-R001,L1601191-R001
Ps	89	51	4Q87	1606746	PARTLY_RECONSTRUCTED	11	44	39	29	1	9	34	1	0	1	0	0	0	0	passage_status/DSS-Psalms-Passage-Status.txt	347146	751	90aaed866dcd39d7a48237f799a853db06338047333d1d6ec4b4ae70030da960	L1601191-R002,L1601192-R001
Ps	89	52	4Q87	1606746	PARTLY_RECONSTRUCTED	9	40	36	24	1	11	25	1	0	1	0	0	0	0	passage_status/DSS-Psalms-Passage-Status.txt	347897	751	706c9f580e6e23a74a0f54c7b8d41acf313bd855280e55c64be50a995673da60	L1601192-R002,L1601193-R001
Ps	89	53	4Q87	1606746	NO_LETTER_RECONSTRUCTION_MARKED	2	6	4	0	2	2	0	2	0	1	0	0	0	0	passage_status/DSS-Psalms-Passage-Status.txt	348648	747	0f29f8cb79254d8a769a34a13f3035cab998c510c6b9988dc87796d1aab406e1	L1601193-R002
Ps	103	22	4Q87	1606746	PARTLY_RECONSTRUCTED	4	13	10	9	1	0	10	1	0	1	0	0	0	0	passage_status/DSS-Psalms-Passage-Status.txt	349395	735	18d26af4e6943f1cbf54886a277712de3cadc78f8593a83adc141d944c442e42	L1601194-R001
Ps	109	1	4Q87	1606746	PARTLY_RECONSTRUCTED	10	33	30	24	1	5	25	1	0	1	0	0	0	0	passage_status/DSS-Psalms-Passage-Status.txt	350130	735	1cb65063ebb2323714a98c55c1d526de93643ea39f3ba6ba38a448ec6d0a5199	L1601195-R001
Ps	109	8	4Q87	1606746	PARTLY_RECONSTRUCTED	8	30	24	21	1	2	25	1	1	2	0	0	0	0	passage_status/DSS-Psalms-Passage-Status.txt	350865	734	e5005507fb91c432ff6da61fd5e356ada19aa210e6572bd2657fc3adf9e337fa	L1601196-R001
Ps	109	13	4Q87	1606746	PARTLY_RECONSTRUCTED	10	32	28	20	2	6	21	2	0	1	0	0	0	0	passage_status/DSS-Psalms-Passage-Status.txt	351599	743	d0e29fcd851d6d5b7239a39657dc7581b821fa68923a75aa204ab1ae034b4c76	L1601197-R001
Ps	109	14	4Q87	1606746	NO_LETTER_SLOTS	4	8	0	0	0	0	5	1	2	4	0	0	0	0	passage_status/DSS-Psalms-Passage-Status.txt	352342	722	fd42af788a34991d7cfed9bb95f5778c3b5b1ac44a0b90f3881ba50fd3c3d87d	L1601198-R001
Ps	114	5	4Q87	1606746	PARTLY_RECONSTRUCTED	12	30	27	23	0	4	24	0	0	1	0	0	0	0	passage_status/DSS-Psalms-Passage-Status.txt	353064	730	391644a8ac866e225d5e3662615235cd80afe1a8617beecff118c8bda54032a3	L1601199-R001
Ps	115	15	4Q87	1606746	PARTLY_RECONSTRUCTED	10	30	26	19	2	5	23	2	1	2	0	0	0	0	passage_status/DSS-Psalms-Passage-Status.txt	353794	743	167b71a3fff249b73f94691331b8da581664c05033e06314a70a20dc804b2b78	L1601200-R001
Ps	115	16	4Q87	1606746	PARTLY_RECONSTRUCTED	13	31	29	25	1	3	25	1	0	1	0	0	0	0	passage_status/DSS-Psalms-Passage-Status.txt	354537	753	bc5eaf1e9f83b6ab8794bc9561e252d74ab768078c0dadf8b3095dfde9269d38	L1601200-R002,L1601201-R001
Ps	115	17	4Q87	1606746	PARTLY_RECONSTRUCTED	10	32	30	20	0	10	22	0	0	1	0	0	0	0	passage_status/DSS-Psalms-Passage-Status.txt	355290	749	83f2330209ec4f8c56f2aec84da4637ada9c0695cdb4528e006656008a6f298c	L1601201-R002,L1601202-R001
Ps	115	18	4Q87	1606746	PARTLY_RECONSTRUCTED	12	31	29	17	1	11	19	1	0	1	0	0	0	0	passage_status/DSS-Psalms-Passage-Status.txt	356039	738	a06799708ac94119a2e5aedd116a557f93eb822835485c54e9495aa41717ff82	L1601202-R002
Ps	116	1	4Q87	1606746	PARTLY_RECONSTRUCTED	8	31	27	21	0	6	22	0	0	1	0	0	0	0	passage_status/DSS-Psalms-Passage-Status.txt	356777	729	be867d2326ab42ff4ae2800b511cbe9f9dc60294c90c04d963ef931fca34ac6a	L1601203-R001
Ps	116	2	4Q87	1606746	PARTLY_RECONSTRUCTED	9	25	20	14	0	6	19	0	0	1	0	0	0	0	passage_status/DSS-Psalms-Passage-Status.txt	357506	745	b588b0cec42da9d869dbf7a522079ccc71820aecad7982cea25ccc1a6e58f279	L1601203-R002,L1601204-R001
Ps	116	3	4Q87	1606746	PARTLY_RECONSTRUCTED	12	44	40	28	1	11	29	1	0	1	0	0	0	0	passage_status/DSS-Psalms-Passage-Status.txt	358251	736	ed9503cf7510e94feb306094de0a538ade2c0b809d3d73b53dcc1923b2e99191	L1601204-R002
Ps	116	4	4Q87	1606746	PARTLY_RECONSTRUCTED	11	33	27	25	2	0	28	2	1	2	0	0	0	0	passage_status/DSS-Psalms-Passage-Status.txt	358987	741	69bf64a92928533c5b5d60b1c116db975c0f97a77fa73085784fdb7de873fd7f	L1601205-R001
Ps	118	29	4Q87	1606746	PARTLY_RECONSTRUCTED	9	24	21	14	3	4	17	3	0	1	0	0	0	0	passage_status/DSS-Psalms-Passage-Status.txt	359728	742	712373cf831b93416421fa2f11a45c5db4d7e1596c147ea98f07b930b493f4ea	L1601206-R001
Ps	104	1	4Q87	1606746	PARTLY_RECONSTRUCTED	15	55	51	37	2	12	40	2	0	1	0	0	0	0	passage_status/DSS-Psalms-Passage-Status.txt	360470	736	fc3199871fbb2608def68cc56340d145d73e29215ac57ae5916b68cbe61cae4f	L1601207-R001
Ps	104	2	4Q87	1606746	PARTLY_RECONSTRUCTED	9	28	26	15	1	10	17	1	0	1	0	0	0	0	passage_status/DSS-Psalms-Passage-Status.txt	361206	751	b57869a049116161a2cab2d9fea29b0b054471aaa5cfabceef66c94d38a540ed	L1601207-R002,L1601208-R001
Ps	104	3	4Q87	1606746	PARTLY_RECONSTRUCTED	16	48	42	35	0	7	39	0	1	2	0	0	0	0	passage_status/DSS-Psalms-Passage-Status.txt	361957	746	59b66cbfdbf2aaa6208726eb51e5d55596dd81607df71894a53b4dd89f006168	L1601208-R002,L1601209-R001
Ps	104	20	4Q87	1606746	PARTLY_RECONSTRUCTED	12	38	32	18	1	13	20	1	1	2	0	0	0	0	passage_status/DSS-Psalms-Passage-Status.txt	362703	738	6f240301d0bb9152b6b2754e93835c685422b363f01a6a579b3ad0a0d09ee890	L1601210-R001
Ps	104	21	4Q87	1606746	PARTLY_RECONSTRUCTED	12	32	29	19	3	7	21	3	0	1	0	0	0	0	passage_status/DSS-Psalms-Passage-Status.txt	363441	737	1dbfecb8c58b9bb98864e79d5f33da4e27bf0ebc14abdb875277781c235f786b	L1601211-R001
Ps	104	22	4Q87	1606746	PARTLY_RECONSTRUCTED	11	40	33	29	2	2	33	2	1	2	0	0	0	0	passage_status/DSS-Psalms-Passage-Status.txt	364178	753	1e40d1bd67e1ac5db00a9664f1ce42f298e4c40742166660b9323a106c2f95ec	L1601211-R002,L1601212-R001
Ps	105	1	4Q87	1606746	PARTLY_RECONSTRUCTED	12	42	36	30	1	5	35	1	1	2	0	0	0	0	passage_status/DSS-Psalms-Passage-Status.txt	364931	751	74dbdad0947e7dfd6650d6cb654151163bd15c3ff777ebcb99c74d23819a32d6	L1601213-R001,L1601214-R001
Ps	105	2	4Q87	1606746	PARTLY_RECONSTRUCTED	9	33	28	24	1	3	25	1	0	1	0	0	0	0	passage_status/DSS-Psalms-Passage-Status.txt	365682	750	86b836374f35c07b526069686fa6a34634bbaff607c205cfe65f62c3bb8ddd01	L1601214-R002,L1601215-R001
Ps	105	3	4Q87	1606746	PARTLY_RECONSTRUCTED	7	22	19	14	2	3	15	2	0	1	0	0	0	0	passage_status/DSS-Psalms-Passage-Status.txt	366432	740	78794b5d6e42ccf2224cb01240ef82c999fd2c757f33d7b0410501fc450a8809	L1601215-R002
Ps	105	23	4Q87	1606746	PARTLY_RECONSTRUCTED	11	32	28	22	1	5	24	1	1	2	0	0	0	0	passage_status/DSS-Psalms-Passage-Status.txt	367172	737	d12d55291f39a254e098ecb071dac7300a8b7050ac38a77b7ac441617564be88	L1601216-R001
Ps	105	24	4Q87	1606746	PARTLY_RECONSTRUCTED	10	29	24	19	0	5	21	0	0	1	0	0	0	0	passage_status/DSS-Psalms-Passage-Status.txt	367909	732	2de1d4c154ef7ee100cb0fe827db86e1112adaeede01cebe5766bb2184fd552e	L1601217-R001
Ps	105	25	4Q87	1606746	PARTLY_RECONSTRUCTED	5	13	10	9	0	1	10	0	0	1	0	0	0	0	passage_status/DSS-Psalms-Passage-Status.txt	368641	730	0f0b57cdc9bbd8650d30dceaf9ddbae527d6e9de37a3ca718726e511ceb77d2c	L1601217-R002
Ps	105	36	4Q87	1606746	PARTLY_RECONSTRUCTED	11	32	28	22	2	4	22	2	0	1	0	0	0	0	passage_status/DSS-Psalms-Passage-Status.txt	369371	743	c5ecdda27e0781abfb13f0c934805c38a3bc031878f869ee9d404124502a23be	L1601218-R001
Ps	105	37	4Q87	1606746	PARTLY_RECONSTRUCTED	13	34	30	13	4	13	13	4	0	1	0	0	0	0	passage_status/DSS-Psalms-Passage-Status.txt	370114	766	150c2e5459876c4fb7d4ecc57351f4504a491d8b2f83d612718735a8c23b780e	L1601218-R002,L1601219-R001
Ps	105	38	4Q87	1606746	PARTLY_RECONSTRUCTED	9	33	28	10	4	14	12	4	0	1	0	0	0	0	passage_status/DSS-Psalms-Passage-Status.txt	370880	743	517633a71bf2992f4078549ba894a4f19e190d78e49e2d8e3d2778513fbc2a90	L1601219-R002
Ps	105	39	4Q87	1606746	PARTLY_RECONSTRUCTED	10	24	22	5	2	15	5	2	0	1	0	0	0	0	passage_status/DSS-Psalms-Passage-Status.txt	371623	742	9a59efe8ebb56e82dad78bc38d363ef0c285b2e088782c77d82ada6710f2db76	L1601220-R001
Ps	105	40	4Q87	1606746	PARTLY_RECONSTRUCTED	9	28	25	14	6	5	14	6	0	1	0	0	0	0	passage_status/DSS-Psalms-Passage-Status.txt	372365	764	0c758040af1ded08e00259b544c1fbd6d2850de341df6283ca303732c78492ba	L1601220-R002,L1601221-R001
Ps	105	41	4Q87	1606746	PARTLY_RECONSTRUCTED	10	29	27	22	0	5	22	0	0	1	0	0	0	0	passage_status/DSS-Psalms-Passage-Status.txt	373129	732	1b3105373906c99dd6d659ff71bbab64bf702c8529f62fda91b2fe0473b5bea1	L1601221-R002
Ps	105	42	4Q87	1606746	PARTLY_RECONSTRUCTED	9	30	26	16	0	10	20	0	0	1	0	0	0	0	passage_status/DSS-Psalms-Passage-Status.txt	373861	748	79eb0ab3cbe117c3d4f097d4c219fd7383dab05caa078ba82cbf5d2f6fe6d1c5	L1601221-R003,L1601222-R001
Ps	105	43	4Q87	1606746	PARTLY_RECONSTRUCTED	10	29	25	15	1	9	18	1	0	1	0	0	0	0	passage_status/DSS-Psalms-Passage-Status.txt	374609	753	7d40c8fbb4a3221c4ea98661597a7399a4ed0e266e59fa3a29b422a686bcd63a	L1601222-R002,L1601223-R001
Ps	105	44	4Q87	1606746	PARTLY_RECONSTRUCTED	10	34	31	26	0	5	29	0	0	1	0	0	0	0	passage_status/DSS-Psalms-Passage-Status.txt	375362	732	c5636dffb16900d60324dffe4d888ccd539d263d1a48910b22d309f1995b6b0e	L1601223-R002
Ps	105	45	4Q87	1606746	PARTLY_RECONSTRUCTED	10	39	35	27	3	5	29	3	0	1	0	0	0	0	passage_status/DSS-Psalms-Passage-Status.txt	376094	759	3d14d28a7f933b59c0f605ebc5d0c1526f40232cfd83dc2a2218ec528a8da769	L1601223-R003,L1601224-R001
Ps	146	1	4Q87	1606746	NO_LETTER_RECONSTRUCTION_MARKED	4	10	6	0	0	6	2	0	1	2	0	0	0	0	passage_status/DSS-Psalms-Passage-Status.txt	376853	737	cb50c784acf9dfb5a6a8c71ca2d2f5716036ea33dfa561fb3301bd7a5f3f44bb	L1601225-R001
Ps	120	5	4Q87	1606746	NO_LETTER_SLOTS	5	10	0	0	0	0	9	1	3	5	0	0	0	0	passage_status/DSS-Psalms-Passage-Status.txt	377590	737	2731f2b490c8d9be427fc76f02f4afd993a565bc4179be28cb1262df56d0d464	L1601226-R001,L1601227-R001
Ps	120	6	4Q87	1606746	PARTLY_RECONSTRUCTED	8	25	22	13	0	9	14	0	0	1	0	0	0	0	passage_status/DSS-Psalms-Passage-Status.txt	378327	729	84a4342ea5b5ed4d07d69e8d371b9a29d71ce70958ecde06232a218bbfa64fb6	L1601227-R002
Ps	120	7	4Q87	1606746	PARTLY_RECONSTRUCTED	10	27	23	20	2	1	22	2	1	2	0	0	0	0	passage_status/DSS-Psalms-Passage-Status.txt	379056	735	d0731bbfaa8011f8e20826ae49dbb6753c4fd2e02fdf1bcf7b63cfc7e94c7ec4	L1601228-R001
Ps	125	2	4Q87	1606746	PARTLY_RECONSTRUCTED	15	38	30	15	5	10	19	6	1	3	0	0	0	0	passage_status/DSS-Psalms-Passage-Status.txt	379791	764	af8083da9a5f0f70ac65168a62a597f74ebc3ef9c9b472be13cd83ac7d583266	L1601229-R001,L1601230-R001
Ps	125	3	4Q87	1606746	PARTLY_RECONSTRUCTED	19	61	58	15	3	39	15	3	0	1	0	1	0	0	passage_status/DSS-Psalms-Passage-Status.txt	380555	779	e7f0c2790c44366b9516e92189f66da3751b24ee9a231d68f00ac43e8a61ed79	L1601230-R002,L1601231-R001,L1601232-R001
Ps	125	4	4Q87	1606746	PARTLY_RECONSTRUCTED	10	29	26	9	0	17	9	0	0	1	0	0	0	0	passage_status/DSS-Psalms-Passage-Status.txt	381334	745	e97dadf7daf5fdca5a350b345088970cca9a4ad29a2e36118ff2eb5aee2fa466	L1601232-R002,L1601233-R001
Ps	125	5	4Q87	1606746	PARTLY_RECONSTRUCTED	14	51	47	6	3	31	6	3	0	1	0	7	0	0	passage_status/DSS-Psalms-Passage-Status.txt	382079	761	e1001e0fe1b2d3f3f4548634ace9a0d56fa73cd9d2a0af67431358f2a7107ccb	L1601233-R002,L1601234-R001
Ps	126	1	4Q87	1606746	PARTLY_RECONSTRUCTED	13	40	38	11	1	17	11	1	0	1	0	9	0	0	passage_status/DSS-Psalms-Passage-Status.txt	382840	757	bb0cb7ca18d0c84075a1b12820e89a11f62ec381b3b1a5da94e398dfb40b4b78	L1601234-R002,L1601235-R001
Ps	126	2	4Q87	1606746	PARTLY_RECONSTRUCTED	18	61	57	10	2	41	10	2	0	1	0	4	0	0	passage_status/DSS-Psalms-Passage-Status.txt	383597	763	4c151ce5e871dbf27ebbf94fbd70904b7d68ebf01321aa1d7c7e3d2e837de6d5	L1601235-R002,L1601236-R001
Ps	126	3	4Q87	1606746	PARTLY_RECONSTRUCTED	8	31	28	13	0	15	14	0	0	1	0	0	0	0	passage_status/DSS-Psalms-Passage-Status.txt	384360	746	ea6a047e528502ac525cccbc5ad535211669a4ad8fab08d74404facb74a2ad28	L1601236-R002,L1601237-R001
Ps	126	4	4Q87	1606746	PARTLY_RECONSTRUCTED	9	31	27	15	2	10	16	2	0	1	0	0	0	0	passage_status/DSS-Psalms-Passage-Status.txt	385106	757	b58c6ca30169ebc87f488c06b49291d121d5f489b9a64867e6892c7ce723aaf3	L1601237-R002,L1601238-R001
Ps	126	5	4Q87	1606746	PARTLY_RECONSTRUCTED	8	23	21	9	4	8	11	4	0	1	0	0	0	0	passage_status/DSS-Psalms-Passage-Status.txt	385863	755	1de20f4862d96d7f4dd045f943adc79f74e83b0ead776ed1d1014d63d2ad7bc0	L1601238-R002,L1601239-R001
Ps	126	6	4Q87	1606746	NO_LETTER_SLOTS	4	9	0	0	0	0	5	2	2	4	0	0	0	0	passage_status/DSS-Psalms-Passage-Status.txt	386618	720	5f782a1d32f9314935a56fbad977dce7e78c72a8f77dbf3653ce3d858f5ba95b	L1601239-R002
Ps	129	8	4Q87	1606746	PARTLY_RECONSTRUCTED	12	44	40	34	2	4	38	2	0	1	0	0	0	0	passage_status/DSS-Psalms-Passage-Status.txt	387338	757	fd7a1d122242006d7f9c3ea65a68225af2740864b163d5894622fae15f4c27b3	L1601240-R001,L1601241-R001
Ps	130	1	4Q87	1606746	PARTLY_RECONSTRUCTED	9	31	28	23	0	2	26	0	0	1	0	5	0	0	passage_status/DSS-Psalms-Passage-Status.txt	388095	750	3276c45f70e24d137936892f323e7069996cc3cd0d562aa561a6b68de8495595	L1601241-R002,L1601242-R001
Ps	130	2	4Q87	1606746	PARTLY_RECONSTRUCTED	13	48	41	39	1	1	46	1	0	1	0	0	0	0	passage_status/DSS-Psalms-Passage-Status.txt	388845	751	e5e9a743b58a85e3639c2bc12a9fb2bf995011939300d7330d834c131d81679a	L1601242-R002,L1601243-R001
Ps	130	3	4Q87	1606746	PARTLY_RECONSTRUCTED	8	28	26	24	0	2	26	0	0	1	0	0	0	0	passage_status/DSS-Psalms-Passage-Status.txt	389596	745	8c29239abcf0b25f767e5e0539d0ccc248b5d6de68a03f2c677344ea2f89270e	L1601243-R002,L1601244-R001
Ps	130	4	4Q87	1606746	ALL_LETTER_SLOTS_RECONSTRUCTED	7	23	20	20	0	0	23	0	0	1	0	0	0	0	passage_status/DSS-Psalms-Passage-Status.txt	390341	739	82745f3d5d01f94c4ddad2481aead3ab9c9bdb1bd2d8377cf37ae4a910d55400	L1601244-R002
Ps	130	5	4Q87	1606746	ALL_LETTER_SLOTS_RECONSTRUCTED	9	33	29	29	0	0	33	0	0	1	0	0	0	0	passage_status/DSS-Psalms-Passage-Status.txt	391080	755	708897b30c629b5e7fea298627038e5d8f210332a81716f7062e0369135adfeb	L1601244-R003,L1601245-R001
Ps	130	6	4Q87	1606746	PARTLY_RECONSTRUCTED	12	42	39	37	1	1	40	1	0	1	0	0	0	0	passage_status/DSS-Psalms-Passage-Status.txt	391835	751	f3971a61a77e4f0140b666a1258f0700c453cb333705017273ab08f283b2be24	L1601245-R002,L1601246-R001
Ps	130	7	4Q87	1606746	NO_LETTER_SLOTS	4	8	0	0	0	0	4	1	2	4	0	0	0	0	passage_status/DSS-Psalms-Passage-Status.txt	392586	736	6f8c02322a7c6183125791a34faf7400bb83f5c256f1a972514aa03e7c8c7eb7	L1601246-R002,L1601247-R001
Ps	22	14	4Q88	1606747	PARTLY_RECONSTRUCTED	7	22	18	15	3	0	17	3	0	1	0	0	0	0	passage_status/DSS-Psalms-Passage-Status.txt	393322	740	9f8a0c73ca4c84ee8720a19e5bd198b5bf6ced77082fbdcf406dbbfae05c33cd	L1601248-R001
Ps	22	15	4Q88	1606747	PARTLY_RECONSTRUCTED	16	50	45	24	6	15	25	6	0	1	0	0	0	0	passage_status/DSS-Psalms-Passage-Status.txt	394062	780	c1c82ce0476bf7f06966c370ec9a7733935509030bbb7bf4bcd7084ee416c6d7	L1601249-R001,L1601250-R001,L1601251-R001
Ps	22	16	4Q88	1606747	PARTLY_RECONSTRUCTED	14	44	39	17	2	20	21	2	0	1	0	0	0	0	passage_status/DSS-Psalms-Passage-Status.txt	394842	774	ab36a28f6fd9f0c980285e144f954843b9ea4ab5bff97c1255daf08951226f2b	L1601251-R002,L1601252-R001,L1601253-R001
Ps	22	17	4Q88	1606747	PARTLY_RECONSTRUCTED	11	44	38	12	11	15	13	11	0	1	0	0	0	0	passage_status/DSS-Psalms-Passage-Status.txt	395616	782	055f8af051096bffaf592acfaefcd7f70710c5b6510aaf0f3f2f6089ee809807	L1601253-R002,L1601254-R001,L1601255-R001
Ps	107	2	4Q88	1606747	PARTLY_RECONSTRUCTED	9	29	26	16	4	6	16	4	0	1	0	0	0	0	passage_status/DSS-Psalms-Passage-Status.txt	396398	762	0c5c1e5eeb09795d44aa470868bcabb7370a558be396a811e91e075ad9ebf006	L1601256-R001,L1601257-R001
Ps	107	3	4Q88	1606747	PARTLY_RECONSTRUCTED	15	34	31	21	3	7	21	3	0	1	0	0	0	0	passage_status/DSS-Psalms-Passage-Status.txt	397160	773	277a58125391637e51b2f03e1bf3f9e28425958358d35ea1cd4150996f613f04	L1601258-R001,L1601259-R001,L1601260-R001
Ps	107	4	4Q88	1606747	PARTLY_RECONSTRUCTED	11	34	32	7	7	18	9	7	0	1	0	0	0	0	passage_status/DSS-Psalms-Passage-Status.txt	397933	782	540ad184bc941bfbca09cff856f9cdc47cb077aedb3b68836b736145c52f310b	L1601260-R002,L1601261-R001,L1601262-R001,L1601263-R001
Ps	107	5	4Q88	1606747	PARTLY_RECONSTRUCTED	6	23	19	18	1	0	20	1	0	1	0	0	0	0	passage_status/DSS-Psalms-Passage-Status.txt	398715	750	1958920658d83147edc4a0274c061a96c812e476bf9a8895a1bbac8f1f149c42	L1601263-R002,L1601264-R001
Ps	107	8	4Q88	1606747	PARTLY_RECONSTRUCTED	11	35	29	26	1	2	30	1	1	2	0	0	0	0	passage_status/DSS-Psalms-Passage-Status.txt	399465	751	b57d4cca095b79948c2e2487a289b04e158dac8d07e4a5773d06ed7946c68107	L1601265-R001,L1601266-R001
Ps	107	9	4Q88	1606747	PARTLY_RECONSTRUCTED	10	30	28	19	5	4	21	5	0	1	0	0	0	0	passage_status/DSS-Psalms-Passage-Status.txt	400216	773	c13eabeee0769fc83055b6dec2a07dc96c566014fe63c6420e103b38f1496f09	L1601267-R001,L1601268-R001,L1601269-R001
Ps	107	10	4Q88	1606747	PARTLY_RECONSTRUCTED	9	29	27	20	2	5	22	2	0	1	0	0	0	0	passage_status/DSS-Psalms-Passage-Status.txt	400989	768	33aa5bb7d8067957fc2f8bffb7bbf72deb01e160e0e865c68c03e433a4c678b4	L1601269-R002,L1601270-R001,L1601271-R001
Ps	107	11	4Q88	1606747	PARTLY_RECONSTRUCTED	9	27	25	22	2	1	24	2	0	1	0	0	0	0	passage_status/DSS-Psalms-Passage-Status.txt	401757	768	6d5a1434bc66be530da575f50ea942996184a56eea822635b7d4d100698435d1	L1601271-R002,L1601272-R001,L1601273-R001
Ps	107	12	4Q88	1606747	PARTLY_RECONSTRUCTED	10	26	23	19	2	2	22	2	0	1	0	0	0	0	passage_status/DSS-Psalms-Passage-Status.txt	402525	769	ee57080ade1946ff7c66be604473fc310b96c4ebbb1f605d8e5362c34116d90c	L1601273-R002,L1601274-R001,L1601275-R001
Ps	107	13	4Q88	1606747	PARTLY_RECONSTRUCTED	12	39	34	10	5	19	11	5	0	1	0	0	0	0	passage_status/DSS-Psalms-Passage-Status.txt	403294	782	4fc86add421c929c9f7e6e3610569dd36035fd1b21901677ab1bfe291c0b21cf	L1601275-R002,L1601276-R001,L1601277-R001
Ps	107	14	4Q88	1606747	PARTLY_RECONSTRUCTED	10	36	32	3	4	25	3	4	0	1	0	0	0	0	passage_status/DSS-Psalms-Passage-Status.txt	404076	780	69a91643c3cd6bee864668d72da667cf79d5c22bd8787258ecfacdb8c8d7c9c5	L1601277-R002,L1601278-R001,L1601279-R001
Ps	107	15	4Q88	1606747	PARTLY_RECONSTRUCTED	10	34	30	13	1	16	14	1	0	1	0	0	0	0	passage_status/DSS-Psalms-Passage-Status.txt	404856	754	2c0c3029404005db837697f263ce9510f71bd0bf10a61c6bafedc3e0ad89fce3	L1601279-R002,L1601280-R001
Ps	107	16	4Q88	1606747	PARTLY_RECONSTRUCTED	9	29	27	22	3	2	22	3	0	1	0	0	0	0	passage_status/DSS-Psalms-Passage-Status.txt	405610	774	259d6016e177fdae9a920ab4068578a48d9189b7abf505c3c72c79ea2954ab4a	L1601280-R002,L1601281-R001,L1601282-R001
Ps	107	18	4Q88	1606747	PARTLY_RECONSTRUCTED	10	31	28	24	1	3	24	1	0	1	0	0	0	0	passage_status/DSS-Psalms-Passage-Status.txt	406384	753	48f92715184f31165de3e8ea8f3b3d809f44c4b8700cb505860240aca192ee8e	L1601283-R001,L1601284-R001
Ps	107	19	4Q88	1606747	PARTLY_RECONSTRUCTED	11	38	33	22	2	9	26	2	0	1	0	0	0	0	passage_status/DSS-Psalms-Passage-Status.txt	407137	775	08fbb743ab3e4997f9d26a085df938cc6e6f6a7dcda962df645762ac5b2fe6d7	L1601285-R001,L1601286-R001,L1601287-R001
Ps	107	20	4Q88	1606747	ALL_LETTER_SLOTS_RECONSTRUCTED	9	32	27	27	0	0	30	0	0	1	0	0	0	0	passage_status/DSS-Psalms-Passage-Status.txt	407912	757	4d7520be3be3bc2e56050df9c78714630161ee8c8da8ffdf773a30ec974eb585	L1601287-R002,L1601288-R001
Ps	107	22	4Q88	1606747	PARTLY_RECONSTRUCTED	10	32	29	21	4	4	22	4	0	1	0	0	0	0	passage_status/DSS-Psalms-Passage-Status.txt	408669	759	c522e2c7c1e959904547f7cdd36628823cf12ce3610609fb8ae8228f0fcdbf04	L1601289-R001,L1601290-R001
Ps	107	23	4Q88	1606747	PARTLY_RECONSTRUCTED	11	33	31	16	3	12	18	3	0	1	0	0	0	0	passage_status/DSS-Psalms-Passage-Status.txt	409428	776	7e870ba356f1e27e35eb7c0a47ef4b845e1a97a7786a58fe11d7f482fad0e511	L1601291-R001,L1601292-R001,L1601293-R001
Ps	107	24	4Q88	1606747	PARTLY_RECONSTRUCTED	9	34	31	20	3	8	22	3	0	1	0	0	0	0	passage_status/DSS-Psalms-Passage-Status.txt	410204	774	4e9729e3c7b0e2053fe40e3a7af8ad98c2993290691e0ce2e0285ea4ac6edacd	L1601293-R002,L1601294-R001,L1601295-R001
Ps	107	25	4Q88	1606747	PARTLY_RECONSTRUCTED	10	29	27	17	1	9	17	1	0	1	0	0	0	0	passage_status/DSS-Psalms-Passage-Status.txt	410978	753	1b805e985799dcc377d4b69013ae1915729b0a8c016c4b13ef149e43d39fa317	L1601295-R002,L1601296-R001
Ps	107	26	4Q88	1606747	PARTLY_RECONSTRUCTED	9	36	32	3	2	27	3	2	0	1	0	0	0	0	passage_status/DSS-Psalms-Passage-Status.txt	411731	767	f712bd4c5d3e3a5489cc211d6e7166734973ed763896c17cc4db27effde3c7e5	L1601296-R002,L1601297-R001,L1601298-R001
Ps	107	27	4Q88	1606747	PARTLY_RECONSTRUCTED	11	34	31	6	3	21	6	3	0	1	0	1	0	0	passage_status/DSS-Psalms-Passage-Status.txt	412498	779	a6da3f24e5bd8fb5fd410b4b0be3e5410be47ba3e120c4094956d47aaa05b1f3	L1601298-R002,L1601299-R001,L1601300-R001
Ps	107	28	4Q88	1606747	PARTLY_RECONSTRUCTED	12	39	34	2	4	28	2	4	0	1	0	0	0	0	passage_status/DSS-Psalms-Passage-Status.txt	413277	780	83af6c848941b3de65bf857075c67ed0d4cfaf70e43aa4ce34fb0571b70d9b83	L1601300-R002,L1601301-R001,L1601302-R001
Ps	107	29	4Q88	1606747	PARTLY_RECONSTRUCTED	10	26	24	1	1	22	1	1	0	1	0	0	0	0	passage_status/DSS-Psalms-Passage-Status.txt	414057	752	7c470ba5e7703b9c0ce8b3c79a35c763f70d1c7e470cac628da0258427001607	L1601302-R002,L1601303-R001
Ps	107	30	4Q88	1606747	PARTLY_RECONSTRUCTED	6	19	15	6	1	8	7	1	0	1	0	0	0	0	passage_status/DSS-Psalms-Passage-Status.txt	414809	734	8010f7f0f3cd3ee31561d60292bf67aee1960bd70ead4a2a6101143ecea5490c	L1601304-R001
Ps	107	35	4Q88	1606747	PARTLY_RECONSTRUCTED	12	33	29	14	1	14	16	1	1	2	0	0	0	0	passage_status/DSS-Psalms-Passage-Status.txt	415543	770	82242ae5d5455412594edd04e6c165723eb9a8d4f5660cce219fb67c8dd379d9	L1601305-R001,L1601306-R001,L1601308-R001
Ps	107	36	4Q88	1606747	PARTLY_RECONSTRUCTED	10	26	24	6	1	17	8	1	0	1	0	0	0	0	passage_status/DSS-Psalms-Passage-Status.txt	416313	752	8ac2aa701c97fe03299e6b4af9dc553630fa1b50b9bc12eed96239ae1af5c4d9	L1601309-R001,L1601310-R001
Ps	107	37	4Q88	1606747	PARTLY_RECONSTRUCTED	11	35	33	23	5	5	25	5	0	1	0	0	0	0	passage_status/DSS-Psalms-Passage-Status.txt	417065	781	bd5c38edfbe32a99dc1b885c4b4a056f48841c45d515026a2f7d464924727d1c	L1601310-R002,L1601311-R001,L1601312-R001
Ps	107	38	4Q88	1606747	PARTLY_RECONSTRUCTED	10	32	28	25	1	2	27	1	0	1	0	0	0	0	passage_status/DSS-Psalms-Passage-Status.txt	417846	753	d4d6f58c07f60f6966fbc7b3fd8ac9c82a67eccf8c7dc2ae500565148dea934b	L1601312-R002,L1601313-R001
Ps	107	39	4Q88	1606747	PARTLY_RECONSTRUCTED	9	24	22	17	2	3	19	2	0	1	0	0	0	0	passage_status/DSS-Psalms-Passage-Status.txt	418599	758	05adfd712c063b03cdeb291ef87372fd845685966930a6f834654f2745343dfd	L1601314-R001,L1601315-R001
Ps	107	40	4Q88	1606747	PARTLY_RECONSTRUCTED	11	31	28	22	3	3	25	3	0	1	0	0	0	0	passage_status/DSS-Psalms-Passage-Status.txt	419357	753	1a4bb73a3b85fb15a184c5a563125c66fbaaf0ccfcacc4269438fa265b8d1a31	L1601315-R002,L1601316-R001
Ps	107	41	4Q88	1606747	PARTLY_RECONSTRUCTED	12	34	27	13	2	12	16	4	1	3	0	0	0	0	passage_status/DSS-Psalms-Passage-Status.txt	420110	776	6219ed97ac3a6b41f95a3cdc349c89bb6037497ed314da750004e446e72baf3d	L1601316-R002,L1601317-R001,L1601318-R001
Ps	107	42	4Q88	1606747	PARTLY_RECONSTRUCTED	11	33	28	11	1	16	13	1	1	2	0	0	0	0	passage_status/DSS-Psalms-Passage-Status.txt	420886	754	b16423740bab438bc7f2a249532684c547b0a543f8e42661814ff97bb9d6aa82	L1601319-R001,L1601320-R001
Ps	109	4	4Q88	1606747	PARTLY_RECONSTRUCTED	3	16	12	5	0	7	6	0	0	1	0	0	0	0	passage_status/DSS-Psalms-Passage-Status.txt	421640	727	4c325541537f6a60b64f29ec9ba70e16e69d814014aad32c5bd971abaa39a10d	L1601321-R001
Ps	109	5	4Q88	1606747	PARTLY_RECONSTRUCTED	10	35	31	19	0	12	21	0	0	1	0	0	0	0	passage_status/DSS-Psalms-Passage-Status.txt	422367	747	156937c447dd758495c8bf02f8e549c8ca006d845478a9cca1a9b561932d1df6	L1601321-R002,L1601322-R001
Ps	109	6	4Q88	1606747	PARTLY_RECONSTRUCTED	9	31	27	20	1	6	24	1	0	1	0	0	0	0	passage_status/DSS-Psalms-Passage-Status.txt	423114	750	cbae5e70b0a025a8b6825329d9ad514ca3d996d9357915df060b9324930a4b61	L1601323-R001,L1601324-R001
Ps	109	7	4Q88	1606747	NO_LETTER_SLOTS	4	10	0	0	0	0	5	3	2	4	0	0	0	0	passage_status/DSS-Psalms-Passage-Status.txt	423864	721	545deb915f41ac8859adeb5434cbf6ac7e414f8deb3326aeccf1e2c2de1d20c9	L1601324-R002
Ps	109	24	4Q88	1606747	PARTLY_RECONSTRUCTED	11	30	24	21	3	0	24	3	1	2	0	0	0	0	passage_status/DSS-Psalms-Passage-Status.txt	424585	759	d0f372d2c6323b5674fe07ad4fccf685215168a1e21e6f1777ff1a9cf953d415	L1601325-R001,L1601326-R001
Ps	109	25	4Q88	1606747	PARTLY_RECONSTRUCTED	9	38	32	23	1	8	25	1	0	1	0	0	0	0	passage_status/DSS-Psalms-Passage-Status.txt	425344	752	539f032cce734df01cafa974a491ecf5a061d393e66e2b64c9a8412ceb025876	L1601327-R001,L1601328-R001
Ps	109	26	4Q88	1606747	PARTLY_RECONSTRUCTED	4	19	15	8	2	5	11	2	0	1	0	0	0	0	passage_status/DSS-Psalms-Passage-Status.txt	426096	751	a45f296f0b1da9f0ba94d5f5d6207da7bcdeb604fe6a977d164f66fa4fe2b03c	L1601328-R002,L1601329-R001
Ps	109	27	4Q88	1606747	PARTLY_RECONSTRUCTED	6	17	14	2	2	10	2	2	0	1	0	0	0	0	passage_status/DSS-Psalms-Passage-Status.txt	426847	735	140cefaa7f4cfe1a5bded2cffb2eea4e738f7fb58333092e6fd6595e4ecbd9cf	L1601329-R002
Ps	109	28	4Q88	1606747	PARTLY_RECONSTRUCTED	11	37	34	19	2	13	19	2	0	1	0	0	0	0	passage_status/DSS-Psalms-Passage-Status.txt	427582	760	aeaf163c8950bf322b7ccf86b64c6b734c3583ad7a86f5e75564cff15eeb153e	L1601330-R001,L1601331-R001
Ps	119	37	4Q89	1606748	NO_LETTER_RECONSTRUCTION_MARKED	9	31	26	0	1	25	0	1	0	1	0	0	0	0	passage_status/DSS-Psalms-Passage-Status.txt	428342	746	d38d254992c417fe392a056544e9cfcdf17874f33bf9cb08faa6d3bab9eefc2a	L1601334-R001
Ps	119	38	4Q89	1606748	NO_LETTER_RECONSTRUCTION_MARKED	8	27	22	0	0	22	0	0	0	1	0	0	0	0	passage_status/DSS-Psalms-Passage-Status.txt	429088	741	124e37a36312535ad98aef9b4e7429c81d354b5da163b0d16bcd48e16dd392cc	L1601335-R001
Ps	119	39	4Q89	1606748	PARTLY_RECONSTRUCTED	8	34	30	4	1	25	4	1	0	1	0	0	0	0	passage_status/DSS-Psalms-Passage-Status.txt	429829	735	d142f9be9d82f8799eafb7040ff0cb6f78310aaae2397ed4fbce42dfe007003e	L1601336-R001
Ps	119	40	4Q89	1606748	NO_LETTER_RECONSTRUCTION_MARKED	8	29	24	0	1	23	0	1	0	1	0	0	0	0	passage_status/DSS-Psalms-Passage-Status.txt	430564	746	7ae293d41c1b629d91dce19cfa4ec5c9914c000462205a5bd9363b9fea42caf9	L1601337-R001
Ps	119	41	4Q89	1606748	PARTLY_RECONSTRUCTED	8	33	27	1	1	25	1	1	0	1	0	0	0	0	passage_status/DSS-Psalms-Passage-Status.txt	431310	735	ed168003a1e8a3e9fc2deb5029e1a4f081eb014b7eee2b57a806d4810c24c3ae	L1601339-R001
Ps	119	42	4Q89	1606748	NO_LETTER_RECONSTRUCTION_MARKED	8	30	26	0	1	25	0	1	0	1	0	0	0	0	passage_status/DSS-Psalms-Passage-Status.txt	432045	746	e025c2dabef272ffa78826c14e08b03dcedd5d1006ff7f13f4744b9d9977a6b2	L1601340-R001
Ps	119	43	4Q89	1606748	NO_LETTER_RECONSTRUCTION_MARKED	14	39	34	0	3	31	0	3	0	1	0	0	0	0	passage_status/DSS-Psalms-Passage-Status.txt	432791	753	8d4dfe1baa5ca96de85b4b9e441bf238516e0f1d6ee5b257f3fd765a5c10b694	L1601341-R001
Ps	119	44	4Q89	1606748	PARTLY_RECONSTRUCTED	9	27	24	18	2	4	18	2	0	1	0	0	0	0	passage_status/DSS-Psalms-Passage-Status.txt	433544	736	c4464f97d25624bbaf5a33da8d2f785412c5afce735d7c2dea8a9a1f6a2d18fd	L1601342-R001
Ps	119	45	4Q89	1606748	PARTLY_RECONSTRUCTED	8	27	24	19	2	3	20	2	0	1	0	0	0	0	passage_status/DSS-Psalms-Passage-Status.txt	434280	736	fcc5b6dc3563b993dbeb36910d0cede6d83710247ac667ab9059fdd562257cf2	L1601343-R001
Ps	119	46	4Q89	1606748	PARTLY_RECONSTRUCTED	10	30	27	23	3	1	23	3	0	1	0	0	0	0	passage_status/DSS-Psalms-Passage-Status.txt	435016	743	caf6dd7ba95a84513d2b1e3b4e1275b5faf27daa71f46371ffe8a5efba27d248	L1601344-R001
Ps	119	49	4Q89	1606748	PARTLY_RECONSTRUCTED	8	28	24	18	1	5	19	1	0	1	0	0	0	0	passage_status/DSS-Psalms-Passage-Status.txt	435759	736	43c8738d015f7a42ffce2074c5f4ec0f013b21e835f1512201a00f6cfcb30ec4	L1601345-R001
Ps	119	50	4Q89	1606748	PARTLY_RECONSTRUCTED	8	32	26	19	3	4	21	3	0	1	0	0	0	0	passage_status/DSS-Psalms-Passage-Status.txt	436495	742	6aa1e60107090e5a03a27c8370ea7367a85b4889133887638f5505110ef4817f	L1601346-R001
Ps	119	73	4Q89	1606748	PARTLY_RECONSTRUCTED	9	43	36	25	1	10	29	1	0	1	0	0	0	0	passage_status/DSS-Psalms-Passage-Status.txt	437237	737	ba034908ea2c88dc786e3a1464af8c782599eb603cfc37122c096f2f717c73a9	L1601348-R001
Ps	119	74	4Q89	1606748	PARTLY_RECONSTRUCTED	10	36	29	24	4	1	29	4	1	2	0	0	0	0	passage_status/DSS-Psalms-Passage-Status.txt	437974	743	a1527bd482e711be69b2c8b82d5cdde54d1aebeb3a255dd30298fba40949a4da	L1601349-R001
Ps	119	81	4Q89	1606748	PARTLY_RECONSTRUCTED	8	30	25	17	2	6	20	2	0	1	0	0	0	0	passage_status/DSS-Psalms-Passage-Status.txt	438717	742	09f7d7cb24c4d807c98849967331c30098252dfad3a62f88a0bafd8af8e2767c	L1601351-R001
Ps	119	82	4Q89	1606748	PARTLY_RECONSTRUCTED	9	32	27	16	2	9	17	2	0	1	0	0	0	0	passage_status/DSS-Psalms-Passage-Status.txt	439459	742	f90f5db447d911f351c406a4b6c260bf86a2bfdead7da662c61ba6b02dc474a9	L1601352-R001
Ps	119	83	4Q89	1606748	PARTLY_RECONSTRUCTED	10	32	29	16	2	10	17	2	0	1	0	1	0	0	passage_status/DSS-Psalms-Passage-Status.txt	440201	749	e77f165bf3cae923bd9d4f9a376854c89e428d38e9e3a4343ab185ff12305528	L1601353-R001
Ps	119	89	4Q89	1606748	PARTLY_RECONSTRUCTED	8	24	21	20	1	0	21	1	0	1	0	0	0	0	passage_status/DSS-Psalms-Passage-Status.txt	440950	736	77af010610edb8ff498dded8ad66fe2a45b51e64a8ea7d10cd7f451b45bb71e5	L1601354-R001
Ps	119	90	4Q89	1606748	PARTLY_RECONSTRUCTED	11	31	25	17	3	5	19	5	0	2	0	3	0	0	passage_status/DSS-Psalms-Passage-Status.txt	441686	742	687a0c31de9a7233e6db9856aa3979a962f90c35a8125a017ed7f709f7375df9	L1601355-R001
Ps	119	91	4Q89	1606748	PARTLY_RECONSTRUCTED	10	29	25	19	0	6	20	0	0	1	0	0	0	0	passage_status/DSS-Psalms-Passage-Status.txt	442428	732	d8a41b9477b832d767fc697b89ec16f885f73a176f943a9fbc2c75a3678e5e51	L1601356-R001
Ps	119	92	4Q89	1606748	PARTLY_RECONSTRUCTED	8	31	26	20	5	1	22	5	0	1	0	0	0	0	passage_status/DSS-Psalms-Passage-Status.txt	443160	742	ad3002a09dbe9cc6b03d89b9e28177dfba9e966a73e68f1e608bac9eacb7b0da	L1601357-R001
Ps	119	10	4Q90	1606749	PARTLY_RECONSTRUCTED	9	32	26	19	6	1	21	7	0	1	0	0	0	0	passage_status/DSS-Psalms-Passage-Status.txt	443902	748	90122b651268e7b8db4c31e7fdf7097a0b2179f6ebecf7339b1295f38537ea2d	L1601358-R001
Ps	119	11	4Q90	1606749	PARTLY_RECONSTRUCTED	9	32	27	16	3	8	18	3	0	1	0	0	0	0	passage_status/DSS-Psalms-Passage-Status.txt	444650	742	819c8399b8cfbb50f512e3b8ef1d27474c38f7eb5dfb6f113fe69fdd18bf2e82	L1601359-R001
Ps	119	12	4Q90	1606749	PARTLY_RECONSTRUCTED	6	25	21	9	3	9	11	3	0	1	0	0	0	0	passage_status/DSS-Psalms-Passage-Status.txt	445392	747	6fc759402f3809d962e1a2e232f800c81653be1c69f1c2cc64ac5f67854392bb	L1601360-R001
Ps	119	13	4Q90	1606749	PARTLY_RECONSTRUCTED	7	24	20	7	2	11	8	2	0	1	0	0	0	0	passage_status/DSS-Psalms-Passage-Status.txt	446139	741	64a1816e551232e5801fff4d66693affcbf5b71f40718ffe32bba773ec8a332d	L1601361-R001
Ps	119	14	4Q90	1606749	PARTLY_RECONSTRUCTED	9	26	23	11	0	12	11	0	0	1	0	0	0	0	passage_status/DSS-Psalms-Passage-Status.txt	446880	732	c6734dff999247fbff9e97502f07e332c1e3329e22880892dfc837b102f4dac7	L1601362-R001
Ps	119	15	4Q90	1606749	PARTLY_RECONSTRUCTED	7	28	24	8	2	14	9	2	0	1	0	0	0	0	passage_status/DSS-Psalms-Passage-Status.txt	447612	741	a9c3544c9b401b52717d15bc1681bf76191c158ee19bed0b86e0539af7299169	L1601363-R001
Ps	119	16	4Q90	1606749	PARTLY_RECONSTRUCTED	7	29	25	10	0	15	11	0	0	1	0	0	0	0	passage_status/DSS-Psalms-Passage-Status.txt	448353	732	7b8002d2c593f9cdbd6098c2e1c2545cc7bac01862c9de0887ecd7f1c08f12b9	L1601364-R001
Ps	119	17	4Q90	1606749	PARTLY_RECONSTRUCTED	9	28	24	9	1	14	10	1	0	1	0	0	0	0	passage_status/DSS-Psalms-Passage-Status.txt	449085	736	43032698c57e8d4b00c484814749c9226aa10c39367aad45acdc8fb553114298	L1601365-R001
Ps	119	18	4Q90	1606749	PARTLY_RECONSTRUCTED	7	26	22	7	6	9	8	6	0	1	0	0	0	0	passage_status/DSS-Psalms-Passage-Status.txt	449821	746	c342cf2272879fd3316ce9c39501327e5ee05ca94be57af172c84ea59eb9acca	L1601366-R001
Ps	119	19	4Q90	1606749	PARTLY_RECONSTRUCTED	9	31	27	17	1	9	19	1	0	1	0	0	0	0	passage_status/DSS-Psalms-Passage-Status.txt	450567	736	9b146d5350020819126637fec0ab976adb2edfa56338972516e4d3a07bec7e6e	L1601367-R001
Ps	119	20	4Q90	1606749	PARTLY_RECONSTRUCTED	10	30	26	18	2	6	19	2	0	1	0	0	0	0	passage_status/DSS-Psalms-Passage-Status.txt	451303	743	9257f64506ab654460f0b4df7f09bd2b785d03da428cd8442a82e067f5ea7219	L1601368-R001
Ps	119	21	4Q90	1606749	PARTLY_RECONSTRUCTED	8	31	28	19	1	8	22	1	0	1	0	0	0	0	passage_status/DSS-Psalms-Passage-Status.txt	452046	736	db9570d6bb5c9eaf2e191d6d028259c7c5a0b7b06e32a9d2aa8171f126893d6b	L1601369-R001
Ps	48	1	4Q91	1606750	PARTLY_RECONSTRUCTED	6	18	16	11	1	4	13	1	0	1	0	0	0	0	passage_status/DSS-Psalms-Passage-Status.txt	452782	732	1af5279eda1dbc77e458df117555238d8987558bdacf98e02bd9e3b176dab519	L1601370-R001
Ps	48	2	4Q91	1606750	PARTLY_RECONSTRUCTED	11	39	35	28	2	5	31	2	0	1	0	0	0	0	passage_status/DSS-Psalms-Passage-Status.txt	453514	755	af904d40faf0098ad5cf238d7db0490ed7c1681d91e6c9725c654273e617dbe2	L1601370-R002,L1601371-R001
Ps	48	3	4Q91	1606750	PARTLY_RECONSTRUCTED	14	43	41	37	4	0	39	4	0	1	0	0	0	0	passage_status/DSS-Psalms-Passage-Status.txt	454269	755	19875dec55fc9d32ff80d8c199622b4530dfed0f8406261c3d3031e18a439978	L1601371-R002,L1601372-R001
Ps	48	4	4Q91	1606750	ALL_LETTER_SLOTS_RECONSTRUCTED	7	27	24	24	0	0	27	0	0	1	0	0	0	0	passage_status/DSS-Psalms-Passage-Status.txt	455024	737	9f22e770399de0f6f3e8a1fe62a4c7e49216f15362830c0edd7cb739c2e30317	L1601372-R002
Ps	48	5	4Q91	1606750	PARTLY_RECONSTRUCTED	7	25	23	17	2	4	19	2	0	1	0	0	0	0	passage_status/DSS-Psalms-Passage-Status.txt	455761	754	5ef64340c2299439eb290f46dcc336562bc5819e6eaedf004130479e4db89e3b	L1601372-R003,L1601373-R001
Ps	48	6	4Q91	1606750	ALL_LETTER_SLOTS_RECONSTRUCTED	7	24	22	22	0	0	24	0	0	1	0	0	0	0	passage_status/DSS-Psalms-Passage-Status.txt	456515	737	ebf7d6936432f005189da24cccba3f26698e2f6d1fd6715a2ac704bc4399596e	L1601373-R002
Ps	48	7	4Q91	1606750	PARTLY_RECONSTRUCTED	7	23	20	15	1	4	18	1	0	1	0	0	0	0	passage_status/DSS-Psalms-Passage-Status.txt	457252	732	162ccf802bd1fc2b10a64adaa0b464498ddecf8f7617249c032c8462236c2a38	L1601374-R001
Ps	48	8	4Q91	1606750	ALL_LETTER_SLOTS_RECONSTRUCTED	7	24	22	22	0	0	22	0	0	1	0	0	0	0	passage_status/DSS-Psalms-Passage-Status.txt	457984	737	f71a032bcde204f5e41bb38af7fd69b43e5c3a9a97ebdc6906729fcdbbb50a21	L1601374-R002
Ps	48	9	4Q91	1606750	PARTLY_RECONSTRUCTED	14	49	46	43	3	0	44	3	0	1	0	0	0	0	passage_status/DSS-Psalms-Passage-Status.txt	458721	733	8d0ebe133248cecfc89c58b5d59833f078102c049e1ba28c289453303e36e301	L1601375-R001
Ps	49	6	4Q91	1606750	PARTLY_RECONSTRUCTED	10	32	26	22	2	2	26	2	1	2	0	0	0	0	passage_status/DSS-Psalms-Passage-Status.txt	459454	739	3338f8c5e8f80d3c2f82f04df1dea847491b0f387f0bd8378d72a9f7310253bd	L1601376-R001
Ps	49	9	4Q91	1606750	PARTLY_RECONSTRUCTED	8	23	17	5	5	7	9	6	1	2	0	0	0	0	passage_status/DSS-Psalms-Passage-Status.txt	460193	742	f83dad8c5e87e74d5b22d2745cfa9ed13fa2b4c626b249b6f37c4f6fcfc75697	L1601377-R001
Ps	49	10	4Q91	1606750	PARTLY_RECONSTRUCTED	10	24	22	17	1	4	17	1	0	1	0	0	0	0	passage_status/DSS-Psalms-Passage-Status.txt	460935	735	21031a070ff4478b83b776f307a72465b1eead4edec631034e42ed4b8b9073ee	L1601377-R002
Ps	49	11	4Q91	1606750	PARTLY_RECONSTRUCTED	15	51	48	30	7	11	33	7	0	1	0	0	0	0	passage_status/DSS-Psalms-Passage-Status.txt	461670	764	2c08c96ae4e4d34bf9a2b6690681911ead3c31ed777583e59724fefaa4089db9	L1601378-R001,L1601379-R001
Ps	49	12	4Q91	1606750	PARTLY_RECONSTRUCTED	15	53	47	35	5	7	40	5	0	1	0	0	0	0	passage_status/DSS-Psalms-Passage-Status.txt	462434	763	9c2cf3a06e310b9aad0716eab89ef3e15bad12d81bb57c4997ea5d4cf9a04159	L1601379-R002,L1601380-R001
Ps	49	13	4Q91	1606750	ALL_LETTER_SLOTS_RECONSTRUCTED	11	30	28	28	0	0	30	0	0	1	0	0	0	0	passage_status/DSS-Psalms-Passage-Status.txt	463197	740	ed1e3c8e9ad560398ffb23a8c7b289882df89621c5e37474a18dbef92328f1f7	L1601380-R002
Ps	49	14	4Q91	1606750	ALL_LETTER_SLOTS_RECONSTRUCTED	11	37	31	31	0	0	37	0	0	1	0	0	0	0	passage_status/DSS-Psalms-Passage-Status.txt	463937	756	69830321bb62674ccdd47c832e7af55423cf25ca4bd649bfe4acc82b32c8eb93	L1601380-R003,L1601381-R001
Ps	49	15	4Q91	1606750	PARTLY_RECONSTRUCTED	22	64	58	53	1	4	59	1	0	1	0	0	0	0	passage_status/DSS-Psalms-Passage-Status.txt	464693	751	fb153b0b8e125845ddf495e1c2873a2749822ad4bc9a0d53c1a02808fa8d2334	L1601381-R002,L1601382-R001
Ps	49	16	4Q91	1606750	ALL_LETTER_SLOTS_RECONSTRUCTED	11	37	33	33	0	0	37	0	0	1	0	0	0	0	passage_status/DSS-Psalms-Passage-Status.txt	465444	756	6f4590f41dbb9864aef8f5d0e08b82ca55ab03c5847768d7a453a3a33e5c8d6e	L1601382-R002,L1601383-R001
Ps	49	17	4Q91	1606750	PARTLY_RECONSTRUCTED	11	34	29	24	3	2	27	3	1	2	0	0	0	0	passage_status/DSS-Psalms-Passage-Status.txt	466200	763	f0d5e84252328d49058936e1388a43c0845dc831d3ebe74326cc25ba332b858a	L1601383-R002,L1601384-R001
Ps	51	2	4Q91	1606750	PARTLY_RECONSTRUCTED	14	34	29	27	2	0	32	2	1	2	0	0	0	0	passage_status/DSS-Psalms-Passage-Status.txt	466963	749	32af67169f6e729060a2334baf852730773ea1939a5d55ce476627d255a17b0c	L1601385-R001,L1601386-R001
Ps	51	3	4Q91	1606750	PARTLY_RECONSTRUCTED	10	39	33	27	3	3	30	3	0	1	0	0	0	0	passage_status/DSS-Psalms-Passage-Status.txt	467712	739	8effa26556abe90a43215f604d7bc40917336943e109dff7b5bee29c5ae1dab8	L1601386-R002
Ps	51	4	4Q91	1606750	PARTLY_RECONSTRUCTED	9	33	27	23	0	4	29	0	0	1	0	0	0	0	passage_status/DSS-Psalms-Passage-Status.txt	468451	743	036200c2b290c23a624400c214c54bbda097234b0031482886abfc63b44b622e	L1601386-R003,L1601387-R001
Ps	51	5	4Q91	1606750	PARTLY_RECONSTRUCTED	9	31	26	18	4	4	21	4	0	1	0	0	0	0	passage_status/DSS-Psalms-Passage-Status.txt	469194	754	01a46124f9e0969a81b3a551e99337ae15e1d5ef981383f74239637efc6837c2	L1601387-R002,L1601388-R001
Ps	51	6	4Q91	1606750	PARTLY_RECONSTRUCTED	13	42	37	31	6	0	34	6	0	1	0	0	0	0	passage_status/DSS-Psalms-Passage-Status.txt	469948	739	c3628617a4194aa423d87982b8de1eb51c84cf283cedb66a91b25596430fe69e	L1601388-R002
Ps	135	6	4Q92	1606751	PARTLY_RECONSTRUCTED	29	74	72	70	2	0	70	2	0	1	0	0	0	0	passage_status/DSS-Psalms-Passage-Status.txt	470687	735	c248df4389e1836731dda1599c47225b1f09ae713a0d6580dd720b6f3b6e853d	L1601392-R001
Ps	135	7	4Q92	1606751	PARTLY_RECONSTRUCTED	15	46	43	36	1	6	36	1	0	1	0	0	0	0	passage_status/DSS-Psalms-Passage-Status.txt	471422	735	87883cd4363377692465a0fc05caaecbac4690968e499c5fb442c261cf92bb2f	L1601393-R001
Ps	135	8	4Q92	1606751	PARTLY_RECONSTRUCTED	9	26	24	15	1	8	17	1	0	1	0	0	0	0	passage_status/DSS-Psalms-Passage-Status.txt	472157	734	dfddc39877f67471f54f434f3c39f237d345524a7b279329b92118941a34bedf	L1601393-R002
Ps	135	9	4Q92	1606751	ALL_LETTER_SLOTS_RECONSTRUCTED	14	42	38	38	0	0	42	0	0	1	0	0	0	0	passage_status/DSS-Psalms-Passage-Status.txt	472891	756	c296d7669b1edab905fd19a883f5b7b682da0325165c4a37f236f2ce8b120164	L1601393-R003,L1601394-R001
Ps	135	10	4Q92	1606751	PARTLY_RECONSTRUCTED	7	25	23	6	1	16	6	1	0	1	0	0	0	0	passage_status/DSS-Psalms-Passage-Status.txt	473647	735	edef49087ac7d2ad4e5f87096f259c4e5ebd926e9742fcf2336ebb06a63fbffb	L1601394-R002
Ps	135	11	4Q92	1606751	PARTLY_RECONSTRUCTED	17	43	41	29	2	10	31	2	0	1	0	0	0	0	passage_status/DSS-Psalms-Passage-Status.txt	474382	760	6b578a2ab0adf6b0f077188d88f50834f19bf868ae04d2077966fc4aa02f0538	L1601394-R003,L1601395-R001
Ps	135	12	4Q92	1606751	PARTLY_RECONSTRUCTED	9	29	25	16	2	7	17	2	0	1	0	0	0	0	passage_status/DSS-Psalms-Passage-Status.txt	475142	736	37a6338fc6754812a91f3c6808676de8f183d12a430a4e12dce05ae4db97c3f0	L1601395-R002
Ps	135	13	4Q92	1606751	PARTLY_RECONSTRUCTED	11	30	26	14	0	12	17	0	0	1	0	0	0	0	passage_status/DSS-Psalms-Passage-Status.txt	475878	749	b07ead33f75abdd8a7feb3ef621cd8c32acc4fa9dce85768c5add3711a07d546	L1601395-R003,L1601396-R001
Ps	135	14	4Q92	1606751	ALL_LETTER_SLOTS_RECONSTRUCTED	9	30	26	26	0	0	30	0	0	1	0	0	0	0	passage_status/DSS-Psalms-Passage-Status.txt	476627	741	9132ada10d28d4aad46f7ee4b04fae3d53a069c80ecb811d7003f8f452bd4838	L1601396-R002
Ps	135	15	4Q92	1606751	PARTLY_RECONSTRUCTED	10	28	26	15	1	10	15	1	0	1	0	0	0	0	passage_status/DSS-Psalms-Passage-Status.txt	477368	738	e58fb05654bf437d3dad6c16f4fbd905706827b90b2756f8a78b93685bc6898f	L1601396-R003
Ps	135	16	4Q92	1606751	NO_LETTER_RECONSTRUCTION_MARKED	2	4	2	0	0	2	0	0	0	1	0	0	0	0	passage_status/DSS-Psalms-Passage-Status.txt	478106	738	c21477e9ad8164caa796d4551e141975e036f069f488cee75b4dd22959a185af	L1601396-R004
Ps	99	1	4Q92	1606751	PARTLY_RECONSTRUCTED	13	44	42	39	3	0	41	3	0	1	0	0	0	0	passage_status/DSS-Psalms-Passage-Status.txt	478844	739	15738101e0545f7680d737790a269028d646ea30a2a08ebd6eb9b615ede186e8	L1601397-R001
Ps	99	2	4Q92	1606751	PARTLY_RECONSTRUCTED	12	30	28	23	1	4	23	1	0	1	0	0	0	0	passage_status/DSS-Psalms-Passage-Status.txt	479583	749	534bee43f3c43cbc883770107ee3f5b37a3d35628eede2af4f0ca82c4160b4f6	L1601397-R002,L1601398-R001
Ps	99	3	4Q92	1606751	ALL_LETTER_SLOTS_RECONSTRUCTED	8	26	23	23	0	0	26	0	0	1	0	0	0	0	passage_status/DSS-Psalms-Passage-Status.txt	480332	737	eaf1b0f47ea88efa9a35addc5f1335b53b45b21b5e0551c215028be482fd5855	L1601398-R002
Ps	99	4	4Q92	1606751	ALL_LETTER_SLOTS_RECONSTRUCTED	16	50	48	48	0	0	48	0	0	1	0	0	0	0	passage_status/DSS-Psalms-Passage-Status.txt	481069	738	eb154a2c4a306a5820f692c7389f7a3c78103508f6594e6f66b4973ae67a1ee5	L1601398-R003
Ps	99	5	4Q92	1606751	PARTLY_RECONSTRUCTED	12	43	37	31	1	5	35	1	1	2	0	0	0	0	passage_status/DSS-Psalms-Passage-Status.txt	481807	733	0d7a16b7b566f15ac3dd82e5cb857efb355a8432752fd589d040c461d5f80137	L1601399-R001
Ps	104	3	4Q93	1606752	PARTLY_RECONSTRUCTED	15	46	42	24	4	14	26	4	0	1	0	0	0	0	passage_status/DSS-Psalms-Passage-Status.txt	482540	780	3574bde90f7f9e40dbf4eb3f0bdfe0392ffc772905fd6ad8a45d38b96d382325	L1601400-R001,L1601401-R001,L1601402-R001
Ps	104	4	4Q93	1606752	NO_LETTER_RECONSTRUCTION_MARKED	7	28	24	0	1	23	0	1	0	1	0	0	0	0	passage_status/DSS-Psalms-Passage-Status.txt	483320	760	43e0ce9570788d3a6cd53259ce11408918b43843076c2c0b446388d4836c89d4	L1601403-R001,L1601404-R001
Ps	104	5	4Q93	1606752	PARTLY_RECONSTRUCTED	11	30	27	2	6	19	2	6	0	1	0	0	0	0	passage_status/DSS-Psalms-Passage-Status.txt	484080	762	e10d527043d1bcc05bc3520b804f61fc4cb0698a460a6adf464afe462aeb4a77	L1601405-R001,L1601406-R001
Ps	104	11	4Q93	1606752	PARTLY_RECONSTRUCTED	8	30	27	24	2	1	25	2	0	1	0	0	0	0	passage_status/DSS-Psalms-Passage-Status.txt	484842	758	65b6b2d76439a3ac6fa42fae05178e3f0e5dcb0dfd28955dde6be3a24e726eb3	L1601407-R001,L1601408-R001
Ps	104	12	4Q93	1606752	PARTLY_RECONSTRUCTED	11	37	34	28	2	4	28	2	0	1	0	0	0	0	passage_status/DSS-Psalms-Passage-Status.txt	485600	759	7d806c6b8ae7852b76d34126ef85c1ab2e6651887ca8d2829adfe429a1a153e8	L1601409-R001,L1601410-R001
Ps	93	3	4Q94	1606753	PARTLY_RECONSTRUCTED	11	45	39	33	0	6	39	0	1	2	0	0	0	0	passage_status/DSS-Psalms-Passage-Status.txt	486359	744	886c63517f7447bd380467916c7569f11c59db21058ec46ef028ca77f47692f9	L1601411-R001,L1601412-R001
Ps	93	4	4Q94	1606753	PARTLY_RECONSTRUCTED	12	40	38	31	0	7	33	0	0	1	0	0	0	0	passage_status/DSS-Psalms-Passage-Status.txt	487103	744	404ef2d18417c474bd9137c550d2d68ed10da6d767828b34d73d4a2a405d537c	L1601412-R002,L1601413-R001
Ps	93	5	4Q94	1606753	PARTLY_RECONSTRUCTED	12	41	37	24	0	13	26	0	0	1	0	0	0	0	passage_status/DSS-Psalms-Passage-Status.txt	487847	745	3addba5843ccc5569c992fa18dc8f00ceb5e0c7f1546f380c309766a09b3cea0	L1601413-R002,L1601414-R001
Ps	95	3	4Q94	1606753	PARTLY_RECONSTRUCTED	7	19	17	15	1	1	15	1	0	1	0	0	0	0	passage_status/DSS-Psalms-Passage-Status.txt	488592	732	809a04bc20f36f0a8d9f8896bac0881dc9a34caf3a4894a3018d6c6986e80a88	L1601415-R001
Ps	95	4	4Q94	1606753	PARTLY_RECONSTRUCTED	10	32	28	25	1	2	29	1	0	1	0	0	0	0	passage_status/DSS-Psalms-Passage-Status.txt	489324	749	a80a8da6508d2c1593f6f0ad66d969e4f183e054a3b19752814b592c794db952	L1601415-R002,L1601416-R001
Ps	95	5	4Q94	1606753	PARTLY_RECONSTRUCTED	12	34	29	17	1	11	21	1	0	1	0	0	0	0	passage_status/DSS-Psalms-Passage-Status.txt	490073	750	e9bee9e619b30e23c104cc9133558150e2437ae8ae8ca278ec2dc9ffca95adc6	L1601416-R002,L1601417-R001
Ps	95	6	4Q94	1606753	PARTLY_RECONSTRUCTED	10	35	32	19	5	8	19	5	0	1	0	0	0	0	passage_status/DSS-Psalms-Passage-Status.txt	490823	745	9b6c87fed3e2cd62faf4c48790623411079852b8f0f32ae22791bbe2198fd3b1	L1601417-R002
Ps	95	7	4Q94	1606753	PARTLY_RECONSTRUCTED	17	53	47	41	2	4	44	2	0	1	0	0	0	0	passage_status/DSS-Psalms-Passage-Status.txt	491568	755	5af1596e6a592fa93ff5e54578e18c59a8083c9d4fafd9421e71923b5abf9d01	L1601417-R003,L1601418-R001
Ps	97	6	4Q94	1606753	PARTLY_RECONSTRUCTED	12	36	30	24	1	5	28	1	1	2	0	0	0	0	passage_status/DSS-Psalms-Passage-Status.txt	492323	733	25aeb64e040f9a96fb34318df74371b1e1079ea133dfeb37bc4c56815b5da39b	L1601419-R001
Ps	97	7	4Q94	1606753	PARTLY_RECONSTRUCTED	13	46	43	33	1	9	36	1	0	1	0	0	0	0	passage_status/DSS-Psalms-Passage-Status.txt	493056	749	7fc174fb0e46a81faae3a7fc0bf150d486743fa38ca62d9293b0c63a19124064	L1601420-R001,L1601421-R001
Ps	97	8	4Q94	1606753	PARTLY_RECONSTRUCTED	12	45	42	27	3	12	30	3	0	1	0	0	0	0	passage_status/DSS-Psalms-Passage-Status.txt	493805	762	5bdfbecb8d462fb9dfac11f89fa5495db0e6e73576f97e29c23984b79be59d99	L1601421-R002,L1601422-R001
Ps	97	9	4Q94	1606753	PARTLY_RECONSTRUCTED	4	11	9	5	1	3	5	1	0	1	0	0	0	0	passage_status/DSS-Psalms-Passage-Status.txt	494567	729	d8c8ca22465e11036ba507edf4573cdf9bdaf6571071c3798be3718e0a5658b3	L1601422-R002
Ps	98	4	4Q94	1606753	PARTLY_RECONSTRUCTED	12	32	30	21	1	8	21	1	0	1	0	0	0	0	passage_status/DSS-Psalms-Passage-Status.txt	495296	733	6d178856f238d18810627d423d69d85a6a3d8004cb1ce4cb19fb426902851b48	L1601423-R001
Ps	98	5	4Q94	1606753	PARTLY_RECONSTRUCTED	11	29	27	11	4	12	11	4	0	1	0	0	0	0	passage_status/DSS-Psalms-Passage-Status.txt	496029	746	f4b5ae761b7161b33e267e163311acc5341ae8e297dffc861e19c07a55721eb4	L1601424-R001
Ps	98	6	4Q94	1606753	PARTLY_RECONSTRUCTED	12	34	32	24	1	7	26	1	0	1	0	0	0	0	passage_status/DSS-Psalms-Passage-Status.txt	496775	749	78f3f6cc91e891fd59415b2c5332fe4edc59f06a954e06db9c520dee0effd074	L1601425-R001,L1601426-R001
Ps	98	7	4Q94	1606753	PARTLY_RECONSTRUCTED	10	26	22	14	1	7	17	1	0	1	0	0	0	0	passage_status/DSS-Psalms-Passage-Status.txt	497524	749	b7e8fc2951bcd05756bb35456c4eb4ae272bffb50206ccaedcb50d5fca0f0d2e	L1601426-R002,L1601427-R001
Ps	98	8	4Q94	1606753	PARTLY_RECONSTRUCTED	6	21	19	17	1	1	17	1	0	1	0	0	0	0	passage_status/DSS-Psalms-Passage-Status.txt	498273	732	e5ee654cfd6e7ceae24fbe135f54b0366b951720c3315000800be35e388f7ed5	L1601427-R002
Ps	135	6	4Q95	1606754	PARTLY_RECONSTRUCTED	31	82	80	68	4	8	68	4	0	1	0	0	0	0	passage_status/DSS-Psalms-Passage-Status.txt	499005	757	27d61e1dd1eb3b4614631c5081570dd1cf1ee9cb3888d772775417463cd71f25	L1601428-R001,L1601429-R001
Ps	135	7	4Q95	1606754	PARTLY_RECONSTRUCTED	15	50	47	33	2	12	33	2	0	1	0	0	0	0	passage_status/DSS-Psalms-Passage-Status.txt	499762	752	cc80b2a86cee92e7c45c893c85386b13efaaf39e2ca5f9cbfe0403a76a14164b	L1601429-R002,L1601430-R001
Ps	135	8	4Q95	1606754	PARTLY_RECONSTRUCTED	9	26	24	10	2	12	10	2	0	1	0	0	0	0	passage_status/DSS-Psalms-Passage-Status.txt	500514	741	356a2187c0c7e336afd286b4ed7bbfc26bf8ac8c5cf1d891ce49010081b6ec9f	L1601430-R002
Ps	135	9	4Q95	1606754	PARTLY_RECONSTRUCTED	15	49	43	40	3	0	44	3	1	2	0	0	0	0	passage_status/DSS-Psalms-Passage-Status.txt	501255	741	b965c87d613d757fd698477419755adfe1d827fa1e1b9afba9fb2c1c6c35cfa2	L1601431-R001
Ps	136	19	4Q95	1606754	ALL_LETTER_SLOTS_RECONSTRUCTED	5	14	11	11	0	0	14	0	0	1	0	0	0	0	passage_status/DSS-Psalms-Passage-Status.txt	501996	741	23214eb5f6168b40db17c39b6c47db74c0407aae1f193e3c04ec5538d0879515	L1601432-R001
Ps	136	20	4Q95	1606754	PARTLY_RECONSTRUCTED	11	26	23	18	2	3	21	2	0	1	0	0	0	0	passage_status/DSS-Psalms-Passage-Status.txt	502737	753	899d24cfa9e85a19bdf099a672969a4aa30873893d14bf3a636468f6b503257a	L1601432-R002,L1601433-R001
Ps	136	21	4Q95	1606754	PARTLY_RECONSTRUCTED	10	31	26	14	5	7	17	5	0	1	0	0	0	0	passage_status/DSS-Psalms-Passage-Status.txt	503490	765	7edf93675a8dcc6fb9231cd1d266d2f756d4ff63548342e9408a05759d23f444	L1601433-R002,L1601434-R001
Ps	136	22	4Q95	1606754	PARTLY_RECONSTRUCTED	9	28	24	14	1	9	15	1	0	1	0	0	0	0	passage_status/DSS-Psalms-Passage-Status.txt	504255	736	8802c13084bb5bd78278f4fc08efd822cdf2fffdfd3e685c4fd1af09cccc9ce4	L1601434-R002
Ps	136	23	4Q95	1606754	PARTLY_RECONSTRUCTED	10	29	24	14	3	7	16	3	0	1	0	0	0	0	passage_status/DSS-Psalms-Passage-Status.txt	504991	743	c5eb67d4aa34fc64adec8b5dcc66b0527d2913b311767c53002833e60757a423	L1601435-R001
Ps	136	24	4Q95	1606754	PARTLY_RECONSTRUCTED	9	29	24	21	2	1	26	2	0	1	0	0	0	0	passage_status/DSS-Psalms-Passage-Status.txt	505734	736	572d8af4de45938d9cd5f76cf9193ca709c7a9a5d06c501bcc5de4e4465de9fa	L1601436-R001
Ps	136	25	4Q95	1606754	ALL_LETTER_SLOTS_RECONSTRUCTED	3	9	7	7	0	0	7	0	0	1	0	0	0	0	passage_status/DSS-Psalms-Passage-Status.txt	506470	737	127166e577f173f1656a4c84e5506f0d43996a204469de7f52329398121dff6f	L1601436-R002
Ps	114	7	4Q96	1606755	PARTLY_RECONSTRUCTED	10	30	26	12	3	11	16	3	0	3	0	0	0	0	passage_status/DSS-Psalms-Passage-Status.txt	507207	742	20b1a45de45a5bf4f73406ecd148a0501c0066dce785c590f552d83356e0d509	L1601437-R001
Ps	114	8	4Q96	1606755	ALL_LETTER_SLOTS_RECONSTRUCTED	11	33	30	30	0	0	33	0	0	1	0	0	0	0	passage_status/DSS-Psalms-Passage-Status.txt	507949	756	d608f33439b9a1521d5b72974506f2218f2d32218f94fb1fbba8c1660c990cc0	L1601437-R002,L1601438-R001
Ps	115	1	4Q96	1606755	PARTLY_RECONSTRUCTED	16	52	45	34	0	11	40	0	0	1	0	0	0	0	passage_status/DSS-Psalms-Passage-Status.txt	508705	747	12087e14606094c8d9f188ea096b179513aa516cfc9232acb20dca3a76fcf0d5	L1601438-R002,L1601439-R001
Ps	115	2	4Q96	1606755	PARTLY_RECONSTRUCTED	7	28	25	17	3	5	20	3	0	1	0	0	0	0	passage_status/DSS-Psalms-Passage-Status.txt	509452	740	29b890ff55d27207a53eb7a8895eb98cec2560616024f2c145fd7c3a047a6796	L1601439-R002
Ps	115	3	4Q96	1606755	ALL_LETTER_SLOTS_RECONSTRUCTED	9	28	25	25	0	0	28	0	0	1	0	0	0	0	passage_status/DSS-Psalms-Passage-Status.txt	510192	755	da0942737919d7cccfdc9289c5b4941c250444483e069bbd9b19ae0e402d9808	L1601439-R003,L1601440-R001
Ps	115	4	4Q96	1606755	PARTLY_RECONSTRUCTED	10	29	27	22	3	2	24	3	0	1	0	0	0	0	passage_status/DSS-Psalms-Passage-Status.txt	510947	735	e6f5ea3a97d5df92b56c7a1f763d942f70b595652b327e073bfcb4256378e3e9	L1601440-R002
Ps	115	5	4Q96	1606755	NO_LETTER_SLOTS	5	10	0	0	0	0	7	1	3	5	0	0	0	0	passage_status/DSS-Psalms-Passage-Status.txt	511682	737	d872aaa3b25e7e732d5fb47f706e54586240ae949901aff27c8a6fb3ef1f4993	L1601440-R003,L1601441-R001
Ps	116	3	4Q96	1606755	PARTLY_RECONSTRUCTED	4	11	9	8	1	0	10	1	0	1	0	0	0	0	passage_status/DSS-Psalms-Passage-Status.txt	512419	732	7525548cd6306b7780785ade484a09e63e6f062b286e3e328ab1baafe7f04191	L1601442-R001
Ps	116	4	4Q96	1606755	ALL_LETTER_SLOTS_RECONSTRUCTED	10	31	27	27	0	0	31	0	0	1	0	0	0	0	passage_status/DSS-Psalms-Passage-Status.txt	513151	740	0b95cf67f5026425e5f1445f8c7bb51f88cf75727cee696d9736e09ab06e7221	L1601442-R002
Ps	116	5	4Q96	1606755	PARTLY_RECONSTRUCTED	8	28	25	16	0	9	18	0	0	1	0	0	0	0	passage_status/DSS-Psalms-Passage-Status.txt	513891	745	d30c2c4a72c847dc1fe011f92dd21d1e0f7e92f1058174d12f0b7ac42712db3b	L1601442-R003,L1601443-R001
Ps	116	6	4Q96	1606755	ALL_LETTER_SLOTS_RECONSTRUCTED	8	30	27	27	0	0	30	0	0	1	0	0	0	0	passage_status/DSS-Psalms-Passage-Status.txt	514636	739	9563407ff04922ea005692bf412d5a32294b640070c68636e0f7c47ec241273a	L1601443-R002
Ps	116	7	4Q96	1606755	PARTLY_RECONSTRUCTED	9	36	31	21	0	10	26	0	0	1	0	0	0	0	passage_status/DSS-Psalms-Passage-Status.txt	515375	746	3bea2c65dd0513934d281e1822f769b930350f0bd1d9717a96edc474296ff789	L1601443-R003,L1601444-R001
Ps	116	8	4Q96	1606755	PARTLY_RECONSTRUCTED	14	42	37	32	0	5	35	0	0	1	0	0	0	0	passage_status/DSS-Psalms-Passage-Status.txt	516121	746	b020b950402d8327429aa8e7f583bb3d4535925f6b7bba453418615eb58f1a3e	L1601444-R002,L1601445-R001
Ps	116	9	4Q96	1606755	PARTLY_RECONSTRUCTED	9	26	24	20	0	4	22	0	0	1	0	0	0	0	passage_status/DSS-Psalms-Passage-Status.txt	516867	729	90d2297d837a795e70be4d0b6d2f770c2f29c7bba15bc01dd61019f4fc3003b6	L1601445-R002
Ps	116	10	4Q96	1606755	PARTLY_RECONSTRUCTED	8	29	25	20	3	2	22	3	1	2	0	0	0	0	passage_status/DSS-Psalms-Passage-Status.txt	517596	742	57f53771f3ac24cc9fdb77650b5e9939f1473ab1b980908e7a6e4257d7f3cd77	L1601446-R001
Ps	143	2	4Q97	1606756	PARTLY_RECONSTRUCTED	10	27	23	20	3	0	23	3	0	1	0	0	0	0	passage_status/DSS-Psalms-Passage-Status.txt	518338	741	3d973c044727761f338ab05a81b221dbe9d4c36b1b50c27caab33d39186160f4	L1601447-R001
Ps	143	3	4Q97	1606756	PARTLY_RECONSTRUCTED	15	52	45	33	7	5	36	8	0	2	0	0	0	0	passage_status/DSS-Psalms-Passage-Status.txt	519079	773	9fb65c198b98f374e998686a28693bf1a491bb819c132014a78701d775e0bb31	L1601447-R002,L1601448-R001,L1601449-R001
Ps	143	4	4Q97	1606756	PARTLY_RECONSTRUCTED	9	33	27	20	4	3	24	4	0	1	0	0	0	0	passage_status/DSS-Psalms-Passage-Status.txt	519852	756	7fbd9c794038a328ffe005c8729ad71343f6dbe0fdb0eb453958e51409776f39	L1601449-R002,L1601450-R001
Ps	143	5	4Q97	1606756	ALL_LETTER_SLOTS_RECONSTRUCTED	13	43	39	39	0	0	43	0	0	1	0	0	0	0	passage_status/DSS-Psalms-Passage-Status.txt	520608	756	891a401b68bc2b7394e2c05aee610049a134e05eb18b20a0c395ab951da73067	L1601450-R002,L1601451-R001
Ps	143	6	4Q97	1606756	PARTLY_RECONSTRUCTED	10	35	29	21	6	2	26	6	0	1	0	0	0	0	passage_status/DSS-Psalms-Passage-Status.txt	521364	763	708cfd33f2810bcb2f27ba5f80189d3afd45c9dab36e31b074f482680886eb88	L1601451-R002,L1601452-R001
Ps	143	7	4Q97	1606756	PARTLY_RECONSTRUCTED	15	55	49	27	12	10	29	12	0	1	0	0	0	0	passage_status/DSS-Psalms-Passage-Status.txt	522127	766	ebcad497d750f60c1f4d2c4bbd8ffa8ba9bc8a13ac72fb725524a73f17ba6784	L1601452-R002,L1601453-R001
Ps	143	8	4Q97	1606756	PARTLY_RECONSTRUCTED	5	19	15	13	0	2	15	0	0	1	0	0	0	0	passage_status/DSS-Psalms-Passage-Status.txt	522893	729	816c8868a8cbaacc3a1e76559fc38f80e760018b3c0e69fab957b148dd3ab30e	L1601453-R002
Ps	31	24	4Q98	1606757	PARTLY_RECONSTRUCTED	9	28	26	22	2	2	24	2	0	1	0	0	0	0	passage_status/DSS-Psalms-Passage-Status.txt	523622	740	bf33cb357d7b1dbdd137f65bde295593e169a0262c52c674b271aa9eb81a6026	L1601454-R001
Ps	31	25	4Q98	1606757	PARTLY_RECONSTRUCTED	10	32	29	8	5	16	8	5	0	1	0	0	0	0	passage_status/DSS-Psalms-Passage-Status.txt	524362	740	e1d70171133ab65cc4f706edfd5043e6c6294ee10e4fd283abfebbc83b6c9cae	L1601454-R002
Ps	33	1	4Q98	1606757	PARTLY_RECONSTRUCTED	13	44	42	22	2	18	24	2	0	1	0	0	0	0	passage_status/DSS-Psalms-Passage-Status.txt	525102	756	7af3427c67ea8692b364c510626efa00f4f566ffed093660474b80e3ecfcc27d	L1601455-R001,L1601456-R001
Ps	33	2	4Q98	1606757	PARTLY_RECONSTRUCTED	11	31	28	4	5	19	4	5	0	1	0	0	0	0	passage_status/DSS-Psalms-Passage-Status.txt	525858	738	1888ae0b1cd0029b810ff31a7d68b0d5bbbeb68b861bb7b9bbff4c4b5eba0485	L1601456-R002
Ps	33	3	4Q98	1606757	PARTLY_RECONSTRUCTED	10	32	30	20	2	8	20	2	0	1	0	0	0	0	passage_status/DSS-Psalms-Passage-Status.txt	526596	755	70bd13fe18388b6df74f56af645dac01de164d1162f1294aba2f691a8932576a	L1601456-R003,L1601457-R001
Ps	33	4	4Q98	1606757	PARTLY_RECONSTRUCTED	10	30	27	8	2	17	8	2	0	1	0	0	0	0	passage_status/DSS-Psalms-Passage-Status.txt	527351	732	387abb96024db3aa7f4d74a3f511ebbf245df13b835fadd404677ecfdc8c310c	L1601457-R002
Ps	33	5	4Q98	1606757	PARTLY_RECONSTRUCTED	10	29	27	20	0	7	22	0	0	1	0	0	0	0	passage_status/DSS-Psalms-Passage-Status.txt	528083	744	c67c77730b58422402d240450f0ef122913e7d3ec465f160d413067ade172e0b	L1601457-R003,L1601458-R001
Ps	33	6	4Q98	1606757	PARTLY_RECONSTRUCTED	12	35	31	9	3	19	9	3	0	1	0	0	0	0	passage_status/DSS-Psalms-Passage-Status.txt	528827	744	c13c8a6cf70358712c2d611db3b466e9169cf724a3d05b76a24cc808dc9a3835	L1601458-R002
Ps	33	7	4Q98	1606757	PARTLY_RECONSTRUCTED	17	47	45	27	6	12	27	6	0	1	0	0	0	0	passage_status/DSS-Psalms-Passage-Status.txt	529571	768	078f2385beb7b336d7885f3abf79e090963c862113d8400226ba4b436e39dae1	L1601458-R003,L1601459-R001
Ps	33	8	4Q98	1606757	PARTLY_RECONSTRUCTED	12	38	35	10	0	25	12	0	0	1	0	0	0	0	passage_status/DSS-Psalms-Passage-Status.txt	530339	745	4cbc772b8f826b41f32b120f760cb1adbd7b254ea25444592347832f81117716	L1601459-R002,L1601460-R001
Ps	33	9	4Q98	1606757	PARTLY_RECONSTRUCTED	10	25	23	17	1	5	17	1	0	1	0	0	0	0	passage_status/DSS-Psalms-Passage-Status.txt	531084	733	abefa8b0bfc6e0d2c40443d04c2383b021e68a6dcf7407d31b949a8122acace8	L1601460-R002
Ps	33	10	4Q98	1606757	PARTLY_RECONSTRUCTED	8	29	27	4	0	23	6	0	0	1	0	0	0	0	passage_status/DSS-Psalms-Passage-Status.txt	531817	744	cf5e1627a938668424c6d7b25cf353d2388a38047a40db248db3b59284924444	L1601460-R003,L1601461-R001
Ps	33	11	4Q98	1606757	PARTLY_RECONSTRUCTED	12	33	30	25	0	5	27	0	0	1	0	0	0	0	passage_status/DSS-Psalms-Passage-Status.txt	532561	730	399aaf1a7195403b7f5858b39b5af7eef1a49b67511febbbe5cb10bdfb18408a	L1601461-R002
Ps	33	12	4Q98	1606757	PARTLY_RECONSTRUCTED	14	36	32	7	2	23	10	2	0	1	0	0	0	0	passage_status/DSS-Psalms-Passage-Status.txt	533291	751	d6a9c4e0d3a32d314d67ca3e39639e8e6dd2ebef6db9390eda23351129b3872d	L1601461-R003,L1601462-R001
Ps	33	13	4Q98	1606757	PARTLY_RECONSTRUCTED	11	30	28	24	3	1	24	3	0	1	0	0	0	0	passage_status/DSS-Psalms-Passage-Status.txt	534042	735	98df519041bcf5b8a6a471cc2f0fe508dec6228ae99ecac31377643cf8c8d893	L1601463-R001
Ps	33	14	4Q98	1606757	PARTLY_RECONSTRUCTED	9	29	26	6	2	18	6	2	0	1	0	0	0	0	passage_status/DSS-Psalms-Passage-Status.txt	534777	739	85fe91810cb248f36b3a387519da62b6b739e91f86ae213dd021c82d3cf4a8aa	L1601463-R002
Ps	33	15	4Q98	1606757	PARTLY_RECONSTRUCTED	10	31	27	26	1	0	30	1	0	1	0	0	0	0	passage_status/DSS-Psalms-Passage-Status.txt	535516	751	ef32985f0e8d86f8cdd38ec22d90bcc11489a0754bf65f29767682f0da733bb0	L1601463-R003,L1601464-R001
Ps	33	16	4Q98	1606757	PARTLY_RECONSTRUCTED	14	38	36	21	1	14	21	1	0	1	0	0	0	0	passage_status/DSS-Psalms-Passage-Status.txt	536267	736	075a9bb3609a3e764e5c47883fe24ff74f0d94fed943a32d763155a6849673e1	L1601464-R002
Ps	33	17	4Q98	1606757	PARTLY_RECONSTRUCTED	12	32	29	28	1	0	29	1	0	1	0	0	0	0	passage_status/DSS-Psalms-Passage-Status.txt	537003	735	903313b40bfe6a6d402951eac373b8ed5fc653dd303d82e9b4abf7fdefe1f8fe	L1601465-R001
Ps	33	18	4Q98	1606757	PARTLY_RECONSTRUCTED	10	33	29	17	2	10	19	2	0	1	0	0	0	0	passage_status/DSS-Psalms-Passage-Status.txt	537738	742	63e9d6da795c8a96c20a7485f8424e1e5a31fd57b6a38360f02fdd3c7d1f735b	L1601465-R002
Ps	35	4	4Q98	1606757	PARTLY_RECONSTRUCTED	5	17	14	8	0	6	11	0	0	1	0	0	0	0	passage_status/DSS-Psalms-Passage-Status.txt	538480	726	d7df70a21fa43e97d192325085a70cceca7943f7ceb1d3537dc9f2f24c2ae180	L1601466-R001
Ps	35	5	4Q98	1606757	ALL_LETTER_SLOTS_RECONSTRUCTED	11	29	27	27	0	0	29	0	0	1	0	0	0	0	passage_status/DSS-Psalms-Passage-Status.txt	539206	738	e7d90fcdeea8298eaebe6fd38553fd092ef526d9a447e1f5181893d90f0a324b	L1601466-R002
Ps	35	6	4Q98	1606757	PARTLY_RECONSTRUCTED	10	35	31	25	0	6	29	0	0	1	0	0	0	0	passage_status/DSS-Psalms-Passage-Status.txt	539944	744	791e3107e7dc7fc77dccb12dbb2ccb0de116b29799b40a99d774a9a95cb19da5	L1601466-R003,L1601467-R001
Ps	35	7	4Q98	1606757	ALL_LETTER_SLOTS_RECONSTRUCTED	11	35	30	30	0	0	35	0	0	1	0	0	0	0	passage_status/DSS-Psalms-Passage-Status.txt	540688	738	a35abac955af92bf011fa26a16dd681ddd6654e8a040373facaca506e32364b8	L1601467-R002
Ps	35	8	4Q98	1606757	PARTLY_RECONSTRUCTED	13	48	42	35	1	6	40	1	0	1	0	0	0	0	passage_status/DSS-Psalms-Passage-Status.txt	541426	749	1b4cbce22b46c47cb06da571e6e6e84dc2d823c3d5d8cf3c6dc228fc4c83cf0a	L1601467-R003,L1601468-R001
Ps	35	9	4Q98	1606757	ALL_LETTER_SLOTS_RECONSTRUCTED	9	29	25	25	0	0	29	0	0	1	0	0	0	0	passage_status/DSS-Psalms-Passage-Status.txt	542175	737	50e01c02507f34abc8beb54f32a972cf6bb72850dc2c8027937faa17c370ef3a	L1601468-R002
Ps	35	10	4Q98	1606757	PARTLY_RECONSTRUCTED	18	61	55	47	1	7	52	1	0	1	0	0	0	0	passage_status/DSS-Psalms-Passage-Status.txt	542912	751	735c9851c32fa70686c4ed308196547c3bfa154c6c5353736e4ddeb7199b00ac	L1601468-R003,L1601469-R001
Ps	35	11	4Q98	1606757	ALL_LETTER_SLOTS_RECONSTRUCTED	8	34	30	30	0	0	34	0	0	1	0	0	0	0	passage_status/DSS-Psalms-Passage-Status.txt	543663	739	5ff27e1c846c2a9a5fa3d8a165518f1164b1c3c6387e156352a62a81c5ac2ccb	L1601469-R002
Ps	35	12	4Q98	1606757	PARTLY_RECONSTRUCTED	8	30	26	18	0	8	22	0	0	1	0	0	0	0	passage_status/DSS-Psalms-Passage-Status.txt	544402	745	05c73df90b9079f67557d8df2972797cd15e788ef0bcf988d5893626de59427e	L1601469-R003,L1601470-R001
Ps	35	13	4Q98	1606757	ALL_LETTER_SLOTS_RECONSTRUCTED	16	53	46	46	0	0	51	0	0	1	0	0	0	0	passage_status/DSS-Psalms-Passage-Status.txt	545147	740	7ba743802ce236bfa7b2d14e22ad43fd2be19429440acc529cd3e08591757de1	L1601470-R002
Ps	35	14	4Q98	1606757	PARTLY_RECONSTRUCTED	12	32	29	19	0	10	21	0	0	1	0	0	0	0	passage_status/DSS-Psalms-Passage-Status.txt	545887	731	ae694b1da2283b79528fefd82117751d2d693ce73967d2e28e204dc03cedfc30	L1601471-R001
Ps	35	15	4Q98	1606757	PARTLY_RECONSTRUCTED	17	50	46	34	1	11	37	1	0	1	0	0	0	0	passage_status/DSS-Psalms-Passage-Status.txt	546618	752	3505f2662f7e0d7379db9af87fb45172256e2f975805336de11ae864468aadcc	L1601471-R002,L1601472-R001
Ps	35	16	4Q98	1606757	ALL_LETTER_SLOTS_RECONSTRUCTED	8	28	24	24	0	0	28	0	0	1	0	0	0	0	passage_status/DSS-Psalms-Passage-Status.txt	547370	739	01c7dbfcf7522c33e0ee17912b6992da88d2ac093866975f50b7e460013c9f79	L1601472-R002
Ps	35	17	4Q98	1606757	PARTLY_RECONSTRUCTED	12	45	39	28	0	11	33	0	0	1	0	0	0	0	passage_status/DSS-Psalms-Passage-Status.txt	548109	747	341491943f05eeb5f1008602992ea5e1310d120a15479fdbefb8329a1c66d6ea	L1601472-R003,L1601473-R001
Ps	35	18	4Q98	1606757	ALL_LETTER_SLOTS_RECONSTRUCTED	9	26	22	22	0	0	26	0	0	1	0	0	0	0	passage_status/DSS-Psalms-Passage-Status.txt	548856	739	1bd4aa9ffd5a2f51250e1866133bd5892394b9b873a62a13caced8a388c17e0b	L1601473-R002
Ps	35	19	4Q98	1606757	PARTLY_RECONSTRUCTED	10	36	31	19	0	12	22	0	0	1	0	0	0	0	passage_status/DSS-Psalms-Passage-Status.txt	549595	747	556b65e582344276e27612d861d110ebb942f825145e983530484aa81a0ea105	L1601473-R003,L1601474-R001
Ps	35	20	4Q98	1606757	PARTLY_RECONSTRUCTED	13	44	39	28	0	11	30	0	1	2	0	0	0	0	passage_status/DSS-Psalms-Passage-Status.txt	550342	747	6e2fd84b8c1d0c870101fb5da1c16ad7232325d2f17fb36a202dd2ac47dbddde	L1601474-R002,L1601475-R001
Ps	26	7	4Q98a	1606758	PARTLY_RECONSTRUCTED	9	26	23	19	2	2	22	2	0	1	0	0	0	0	passage_status/DSS-Psalms-Passage-Status.txt	551089	734	619676e54af5c4ccecfbd224d952588e54f5db528df9e0d48e11cfda701c14a5	L1601476-R001
Ps	26	8	4Q98a	1606758	PARTLY_RECONSTRUCTED	9	35	31	26	1	4	30	1	0	1	0	0	0	0	passage_status/DSS-Psalms-Passage-Status.txt	551823	750	ac79372a000274656591a3c5127c81199f118cc00bec80dc8a308cbe3e39faae	L1601476-R002,L1601477-R001
Ps	26	9	4Q98a	1606758	PARTLY_RECONSTRUCTED	11	35	31	20	3	8	23	3	0	1	0	0	0	0	passage_status/DSS-Psalms-Passage-Status.txt	552573	757	cedfb5d51fedf35b347f871cd5c5a084acdd68167740a3ccfc6d10e6257abe30	L1601477-R002,L1601478-R001
Ps	26	10	4Q98a	1606758	PARTLY_RECONSTRUCTED	9	29	25	15	6	4	18	6	0	1	0	0	0	0	passage_status/DSS-Psalms-Passage-Status.txt	553330	758	53486789f8a73bc3073d9b0613d6956e4550429fc9e90e8019f281667814826b	L1601478-R002,L1601479-R001
Ps	26	11	4Q98a	1606758	PARTLY_RECONSTRUCTED	9	26	21	16	3	2	18	3	0	1	0	0	0	0	passage_status/DSS-Psalms-Passage-Status.txt	554088	758	78ce8e00cb51abffff6ef9f229a2a4b0cfc7c8c3eff7406f8cc96e718683d3cd	L1601479-R002,L1601480-R001
Ps	26	12	4Q98a	1606758	PARTLY_RECONSTRUCTED	9	32	29	24	0	5	26	0	0	1	0	0	0	0	passage_status/DSS-Psalms-Passage-Status.txt	554846	747	37dc53c0e1731c23e54aa0789337503bc7853ad15ad9b15e96c9de289f779e15	L1601480-R002,L1601481-R001
Ps	27	1	4Q98a	1606758	PARTLY_RECONSTRUCTED	10	28	24	17	2	5	19	2	0	1	0	0	0	0	passage_status/DSS-Psalms-Passage-Status.txt	555593	741	2923e9335fbd4f4e75582cba2ec8cbada17dca02ca6fe6ff79482b95125daab2	L1601481-R002
Ps	30	9	4Q98a	1606758	PARTLY_RECONSTRUCTED	5	14	12	8	1	3	10	1	0	1	0	0	0	0	passage_status/DSS-Psalms-Passage-Status.txt	556334	733	561a893c0835e13bf9468894b8c91b502823c11f3c020318ea51773faca588f8	L1601482-R001
Ps	30	10	4Q98a	1606758	PARTLY_RECONSTRUCTED	15	41	35	29	1	5	35	1	0	1	0	0	0	0	passage_status/DSS-Psalms-Passage-Status.txt	557067	753	f7d4df37eec99f03206a52a9cbb3595c54278791395353bd6bb1e6e4aceb839d	L1601482-R002,L1601483-R001
Ps	30	11	4Q98a	1606758	PARTLY_RECONSTRUCTED	9	29	25	19	1	5	23	1	0	1	0	0	0	0	passage_status/DSS-Psalms-Passage-Status.txt	557820	752	efa6b1eb50bd91eb4b00e32c207f24c4cc395db0bed2b329a293dee4f0f14c6b	L1601483-R002,L1601484-R001
Ps	30	12	4Q98a	1606758	PARTLY_RECONSTRUCTED	11	40	34	29	0	5	32	0	0	1	0	0	0	0	passage_status/DSS-Psalms-Passage-Status.txt	558572	748	07144b2a6fc0e937e9c24f394d0ef226342d9c54f4b7dfc2e35df6616d25755f	L1601484-R002,L1601485-R001
Ps	30	13	4Q98a	1606758	PARTLY_RECONSTRUCTED	13	43	36	26	0	10	31	0	1	2	0	0	0	0	passage_status/DSS-Psalms-Passage-Status.txt	559320	749	331cf6e00ed95ec69a76ea0f473f7cf1b9fad4e929568ca0bab559538a1cf1f9	L1601486-R001,L1601487-R001
Ps	5	8	4Q98b	1606759	PARTLY_RECONSTRUCTED	4	16	12	9	1	2	10	1	0	1	0	0	0	0	passage_status/DSS-Psalms-Passage-Status.txt	560069	731	30ee1d91f7be63d13ef681807ce44fa0cec3b21426c4c0ad95eab33a272cb795	L1601488-R001
Ps	5	9	4Q98b	1606759	PARTLY_RECONSTRUCTED	11	44	37	33	0	4	40	0	0	1	0	0	0	0	passage_status/DSS-Psalms-Passage-Status.txt	560800	744	d20c72a907d47f3f5c2d72fd09bf808b4cd8951411251d3e9f19b80a1c4f2a3b	L1601488-R002,L1601489-R001
Ps	5	10	4Q98b	1606759	PARTLY_RECONSTRUCTED	13	54	47	36	3	8	40	3	0	1	0	0	0	0	passage_status/DSS-Psalms-Passage-Status.txt	561544	747	78e757b8b689c0a1909d3fc2fb5882370ce40715e1720c295ba0a0ae6aaf8fc8	L1601489-R002
Ps	5	11	4Q98b	1606759	PARTLY_RECONSTRUCTED	13	54	47	39	4	4	46	4	0	1	0	0	0	0	passage_status/DSS-Psalms-Passage-Status.txt	562291	763	a102505137bcb1f54334059cc7497143bd920a24b76ca50b5cba4bd6efd18fd5	L1601490-R001,L1601491-R001
Ps	5	12	4Q98b	1606759	PARTLY_RECONSTRUCTED	17	57	51	42	5	4	47	5	0	1	0	0	0	0	passage_status/DSS-Psalms-Passage-Status.txt	563054	763	89581058b626efff73db5b79e40d005f0f9ca5ed5a12ba78cb6867ee10c34039	L1601491-R002,L1601492-R001
Ps	5	13	4Q98b	1606759	PARTLY_RECONSTRUCTED	10	34	31	21	1	9	24	1	0	1	0	0	0	0	passage_status/DSS-Psalms-Passage-Status.txt	563817	735	ab8a917985a8d5774aab6ca2e8afa30e38333fa9876bc9d22b1373d65e23a18e	L1601492-R002
Ps	6	1	4Q98b	1606759	PARTLY_RECONSTRUCTED	12	34	30	20	4	6	22	4	1	2	0	0	0	0	passage_status/DSS-Psalms-Passage-Status.txt	564552	751	43a34702f9e7f94fd0d2234fe8244c168ebc921df3a349b6301a649502e503df	L1601493-R001
Ps	88	15	4Q98c	1606760	PARTLY_RECONSTRUCTED	4	18	14	5	1	8	5	1	0	1	0	0	0	0	passage_status/DSS-Psalms-Passage-Status.txt	565303	734	90dd0d1de0276aa7af4a1fa3a3b814a261b4470bf04c2a5448bda034569b1b0c	L1601494-R001
Ps	88	16	4Q98c	1606760	PARTLY_RECONSTRUCTED	10	34	31	25	2	4	26	2	0	1	0	0	0	0	passage_status/DSS-Psalms-Passage-Status.txt	566037	759	ff25189d8eca17b11c2054a139cf8ac240c944ecc71da45e007b7665a9cb0426	L1601494-R002,L1601495-R001
Ps	88	17	4Q98c	1606760	PARTLY_RECONSTRUCTED	5	26	21	18	1	2	20	1	0	1	0	0	0	0	passage_status/DSS-Psalms-Passage-Status.txt	566796	736	d74f19badaf88d0ec4e91977af96bf6a75bc5a7e0cd38f1acfdd7bd4e4561ccd	L1601495-R002
Ps	42	5	4Q98d	1606761	PARTLY_RECONSTRUCTED	23	71	64	56	3	5	61	3	1	2	0	0	0	0	passage_status/DSS-Psalms-Passage-Status.txt	567532	763	65adedb024fee3cd731c748734a5f813ce9845f7f70cd28e12f763c05205eeb2	L1601496-R001,L1601497-R001
Ps	99	1	4Q98e	1606762	PARTLY_RECONSTRUCTED	13	44	42	34	3	5	34	3	0	1	0	0	0	0	passage_status/DSS-Psalms-Passage-Status.txt	568295	741	ea7212e6e4b7a263ae257da3e75e93cfb58f4cc0a9d4926012ad168ba42ce1f9	L1601498-R001
Ps	112	1	4Q98f	1606763	PARTLY_RECONSTRUCTED	9	29	26	16	3	7	18	3	0	1	0	0	0	0	passage_status/DSS-Psalms-Passage-Status.txt	569036	748	bd3785b4a137f79258b08582f5a16ec67de75674af43c418a1206c39a80aaedd	L1601499-R001
Ps	112	2	4Q98f	1606763	ALL_LETTER_SLOTS_RECONSTRUCTED	9	31	28	28	0	0	29	0	0	1	0	0	0	0	passage_status/DSS-Psalms-Passage-Status.txt	569784	741	48467ee0fe8d779f0581a75ea060b1724e61244d4d6b4ba655ca16c888da1fa6	L1601499-R002
Ps	112	3	4Q98f	1606763	PARTLY_RECONSTRUCTED	11	29	25	15	5	5	18	5	0	1	0	0	0	0	passage_status/DSS-Psalms-Passage-Status.txt	570525	749	4a7a7201542f059fa56ee9d45a5451fae4c44785299d9b9d5b599fba758b3acd	L1601500-R001
Ps	112	4	4Q98f	1606763	ALL_LETTER_SLOTS_RECONSTRUCTED	12	32	30	30	0	0	30	0	0	1	0	0	0	0	passage_status/DSS-Psalms-Passage-Status.txt	571274	742	2dc953a19b4793c4772b2e07ae857ff10c503bf23d666277ff1ca28735f713cb	L1601500-R002
Ps	112	5	4Q98f	1606763	PARTLY_RECONSTRUCTED	10	32	29	22	3	4	24	3	0	1	0	0	0	0	passage_status/DSS-Psalms-Passage-Status.txt	572016	743	1661a9c9fe6d072727cad6e17276d7e992845695fc2e83a35e9ec1eacc930c1f	L1601501-R001
Ps	112	6	4Q98f	1606763	ALL_LETTER_SLOTS_RECONSTRUCTED	11	31	29	29	0	0	29	0	0	1	0	0	0	0	passage_status/DSS-Psalms-Passage-Status.txt	572759	742	6829571e319e014d3c7c925de077a696ad8c803b157eeda7a9e1d63551f38e1f	L1601501-R002
Ps	112	7	4Q98f	1606763	PARTLY_RECONSTRUCTED	11	33	30	18	3	9	20	3	0	1	0	0	0	0	passage_status/DSS-Psalms-Passage-Status.txt	573501	743	914a1ed52583dfd52778e94cae9e05005fab7f18691a95296e6855d511c18370	L1601502-R001
Ps	112	8	4Q98f	1606763	ALL_LETTER_SLOTS_RECONSTRUCTED	10	31	27	27	0	0	29	0	0	1	0	0	0	0	passage_status/DSS-Psalms-Passage-Status.txt	574244	742	3d9ff7428734356d020c40d407d6b748d5177494642eacfb39eaf6f63a5e74f6	L1601502-R002
Ps	112	9	4Q98f	1606763	PARTLY_RECONSTRUCTED	15	47	39	31	3	5	36	3	2	3	0	0	0	0	passage_status/DSS-Psalms-Passage-Status.txt	574986	759	e56ef2055d33291c2994ccdb4aad75c9a936de4779cf49749152159380a1062b	L1601503-R001,L1601504-R001
Ps	89	20	4Q98g	1606764	PARTLY_RECONSTRUCTED	14	44	41	21	6	14	21	6	0	1	0	4	0	0	passage_status/DSS-Psalms-Passage-Status.txt	575745	771	87a214ad11ac0a998f55be20a488cf8fc78eb57a64b6254834c25e03bd6478e5	L1601505-R001,L1601506-R001
Ps	89	21	4Q98g	1606764	PARTLY_RECONSTRUCTED	8	31	26	13	1	12	17	1	0	1	0	0	0	0	passage_status/DSS-Psalms-Passage-Status.txt	576516	769	b1621e9de32f959d66b27394c761d6a8cad4d7ae294a845cf74c1f76d9bda82c	L1601506-R002,L1601507-R001,L1601508-R001
Ps	89	22	4Q98g	1606764	PARTLY_RECONSTRUCTED	7	26	21	9	1	8	12	1	0	1	0	0	3	0	passage_status/DSS-Psalms-Passage-Status.txt	577285	756	9162b4b93a0816972dfc723e606a2a8abcb9515a7127c9a8418ea12b1849648e	L1601508-R002,L1601509-R001
Ps	89	26	4Q98g	1606764	PARTLY_RECONSTRUCTED	9	23	20	6	1	12	9	1	0	1	0	1	0	0	passage_status/DSS-Psalms-Passage-Status.txt	578041	756	2959dec9bf83b113eb2a8f6251c53334e69329d990b5d3ab5157ec1e4b7cc2d9	L1601509-R002,L1601510-R001
Ps	89	23	4Q98g	1606764	PARTLY_RECONSTRUCTED	9	25	22	7	2	13	7	2	0	1	0	1	0	0	passage_status/DSS-Psalms-Passage-Status.txt	578797	746	16f5c39c5cc5563d0bdd03603bab61486197861c9970fb57af8e1c122adced54	L1601510-R002
Ps	89	27	4Q98g	1606764	PARTLY_RECONSTRUCTED	4	15	11	7	1	3	8	1	0	1	0	0	0	0	passage_status/DSS-Psalms-Passage-Status.txt	579543	734	7bf05c0c239c37dc6006e02a0d40ec3ed3403f15ce884d307736e975eae37155	L1601511-R001
Ps	89	28	4Q98g	1606764	PARTLY_RECONSTRUCTED	8	27	24	10	5	8	10	5	0	1	0	1	0	0	passage_status/DSS-Psalms-Passage-Status.txt	580277	757	d87aa2dd2f38fba3b058601c0393a6f19e7ff20eb8d5e41827beee9a01e23197	L1601511-R002,L1601512-R001
Ps	89	31	4Q98g	1606764	NO_LETTER_RECONSTRUCTION_MARKED	3	9	7	0	3	4	0	3	0	1	0	0	0	0	passage_status/DSS-Psalms-Passage-Status.txt	581034	749	f1fd030e82d7bdf44f1a059f2455b904d451c995afa01a0e01914059eff6bf2d	L1601512-R002
Ps	119	99	5Q5	1606818	PARTLY_RECONSTRUCTED	11	37	28	27	1	0	33	1	2	3	0	0	0	0	passage_status/DSS-Psalms-Passage-Status.txt	581783	767	008184bf2e324baa52551793bdff20f0b115ba26e3f0f86c39340f7b99006014	L1602793-R001,L1602794-R001,L1602795-R001
Ps	119	100	5Q5	1606818	PARTLY_RECONSTRUCTED	7	28	25	23	1	1	24	1	0	1	0	0	0	0	passage_status/DSS-Psalms-Passage-Status.txt	582550	736	6e60164da09ee760245abf9019171ed2e18106c419c2ce0a107cd921e4b6ee0f	L1602796-R001
Ps	119	101	5Q5	1606818	PARTLY_RECONSTRUCTED	10	33	29	25	4	0	26	4	0	1	0	0	0	0	passage_status/DSS-Psalms-Passage-Status.txt	583286	743	6e61b60beb24b81ceef36dc263ec4098b7d8b073a5aa9279773b6e0e041ec8ca	L1602797-R001
Ps	119	104	5Q5	1606818	PARTLY_RECONSTRUCTED	13	39	30	25	2	3	32	2	3	4	0	0	0	0	passage_status/DSS-Psalms-Passage-Status.txt	584029	785	b7ee69e63c834de114b046359c8f22ccead9b6b2fc322f902614253ba93239dd	L1602798-R001,L1602799-R001,L1602800-R001,L1602801-R001
Ps	119	113	5Q5	1606818	PARTLY_RECONSTRUCTED	6	24	21	18	1	2	19	1	0	1	0	0	0	0	passage_status/DSS-Psalms-Passage-Status.txt	584814	736	911c45e8486b522b5ced5aa90807efa960ea20dc84f2e306495c507fa6e2165c	L1602802-R001
Ps	119	114	5Q5	1606818	PARTLY_RECONSTRUCTED	8	27	22	19	0	3	21	0	0	1	0	0	0	0	passage_status/DSS-Psalms-Passage-Status.txt	585550	731	5c32db95ad48287602f66e002c0911500ebc49dadaf34f902e24a4e620db755b	L1602803-R001
Ps	119	115	5Q5	1606818	PARTLY_RECONSTRUCTED	9	28	18	17	0	1	23	2	2	4	0	0	0	0	passage_status/DSS-Psalms-Passage-Status.txt	586281	731	1dd3218686714021b3f70c9b3c53c8cfb1bce782108e10bb13433808059b0175	L1602804-R001
Ps	119	116	5Q5	1606818	PARTLY_RECONSTRUCTED	11	36	30	20	6	4	22	6	0	1	0	0	0	0	passage_status/DSS-Psalms-Passage-Status.txt	587012	755	b402184c2def5e657472c1f9d51f30d21091aa6acc816d1067d7adf65f4e84c0	L1602805-R001
Ps	119	117	5Q5	1606818	PARTLY_RECONSTRUCTED	9	29	25	17	3	5	18	3	0	1	0	0	0	0	passage_status/DSS-Psalms-Passage-Status.txt	587767	742	7007d5a462cdd186c17a2e55c6548d571ef576b872db5aa96083ddb0d1aa3fac	L1602806-R001
Ps	119	118	5Q5	1606818	PARTLY_RECONSTRUCTED	9	31	27	11	7	9	11	7	0	1	0	0	0	0	passage_status/DSS-Psalms-Passage-Status.txt	588509	754	ffaf99d31edb8076ba293448f68156cc7afe79f7eadb37305fc68ad716cbe7bf	L1602807-R001
Ps	119	119	5Q5	1606818	PARTLY_RECONSTRUCTED	10	33	30	12	5	13	12	5	0	1	0	0	0	0	passage_status/DSS-Psalms-Passage-Status.txt	589263	744	19ab352e846b015e19539dc4a8bb810733d4240571da34dd4e3cc53b911d1c4b	L1602808-R001
Ps	119	120	5Q5	1606818	PARTLY_RECONSTRUCTED	9	30	25	16	4	5	18	4	0	1	0	0	0	0	passage_status/DSS-Psalms-Passage-Status.txt	590007	748	8bf665b0781ec7d2d8167cb7c3652002be78351061d839403b8f1a134ea82726	L1602809-R001
Ps	119	138	5Q5	1606818	PARTLY_RECONSTRUCTED	7	24	21	16	3	2	17	3	0	1	0	0	0	0	passage_status/DSS-Psalms-Passage-Status.txt	590755	742	6efd6182c0712f985ce7a968cd00d1272c3828c9a24810a6317f6481b9874b06	L1602810-R001
Ps	119	139	5Q5	1606818	PARTLY_RECONSTRUCTED	7	31	25	12	3	10	14	3	0	1	0	0	0	0	passage_status/DSS-Psalms-Passage-Status.txt	591497	737	ce96fd7c6345b48939940475e5552ff0097a3020cc23436cd3e18d18bbc0d890	L1602811-R001
Ps	119	140	5Q5	1606818	PARTLY_RECONSTRUCTED	7	27	22	5	1	16	6	1	0	1	0	0	0	0	passage_status/DSS-Psalms-Passage-Status.txt	592234	735	b434210d3603122dce055a9d9cea83d21f81ac65b33f2f0eb5bc6fa82ec4f17f	L1602812-R001
Ps	119	141	5Q5	1606818	PARTLY_RECONSTRUCTED	8	29	26	9	4	13	9	4	0	1	0	0	0	0	passage_status/DSS-Psalms-Passage-Status.txt	592969	747	d2c3cb14323a7266737da0481f169539c732ca9c5b7594456e6264cc0613fc64	L1602813-R001
Ps	119	142	5Q5	1606818	PARTLY_RECONSTRUCTED	8	26	22	16	3	3	18	3	0	1	0	0	0	0	passage_status/DSS-Psalms-Passage-Status.txt	593716	736	8898cf1ee12936f8715fc6bb04035ed624c40865d53921b9d6b76e38ce54d7d6	L1602814-R001
Ps	78	35	6Q5	1606825	NO_LETTER_SLOTS	4	8	0	0	0	0	5	1	2	4	0	0	0	0	passage_status/DSS-Psalms-Passage-Status.txt	594452	718	9a4b43a96ef88f632725d727fba9f3bf5ed53494a58bd1482af90c0e27aebcf1	L1603045-R001
Ps	78	36	6Q5	1606825	PARTLY_RECONSTRUCTED	10	32	26	21	0	5	27	0	0	1	0	0	0	0	passage_status/DSS-Psalms-Passage-Status.txt	595170	728	a6bf21c8de23ff585649dc85962e9613dea0ab180f63d543aaf35acc40151532	L1603046-R001
Ps	78	37	6Q5	1606825	PARTLY_RECONSTRUCTED	12	34	27	23	2	2	28	2	1	2	0	0	0	0	passage_status/DSS-Psalms-Passage-Status.txt	595898	755	a46b01d231a4b53a21022e5b338920c9f37319b7408661e63f401eb2ce9a8068	L1603046-R002,L1603047-R001
Ps	17	5	8Q2	1606829	PARTLY_RECONSTRUCTED	9	34	27	20	1	6	26	1	1	2	0	0	0	0	passage_status/DSS-Psalms-Passage-Status.txt	596653	746	8492fbbadd6cc246c60382dbafe9301d57654e6ec8cb556232801b3ccf7c4e65	L1603114-R001,L1603115-R001
Ps	17	6	8Q2	1606829	PARTLY_RECONSTRUCTED	11	41	34	24	0	10	29	0	0	1	0	0	0	0	passage_status/DSS-Psalms-Passage-Status.txt	597399	743	b7881fc3a45e1471d22f904538a3032159430ace727f71c1ea8991f4668e72dc	L1603115-R002,L1603116-R001
Ps	17	7	8Q2	1606829	PARTLY_RECONSTRUCTED	8	37	33	27	1	5	28	1	0	1	0	0	0	0	passage_status/DSS-Psalms-Passage-Status.txt	598142	746	ebcf1663cda771acc342583948e0809f45cbb3f251e13736f560cbab68f27a63	L1603116-R002,L1603117-R001
Ps	17	8	8Q2	1606829	PARTLY_RECONSTRUCTED	10	36	31	26	0	5	29	0	0	1	0	0	0	0	passage_status/DSS-Psalms-Passage-Status.txt	598888	726	f96222de8f7a9b5745390b5cd26871499ee4a05945f0bcf47798146c73bd03ff	L1603118-R001
Ps	17	9	8Q2	1606829	PARTLY_RECONSTRUCTED	11	37	32	29	1	2	32	1	0	1	0	0	0	0	passage_status/DSS-Psalms-Passage-Status.txt	599614	731	8ec03aea6689fad6f73c8d3606e8399cc01054c153a1325b588096ad721ebe32	L1603119-R001
Ps	17	14	8Q2	1606829	PARTLY_RECONSTRUCTED	15	53	41	37	0	4	45	1	2	4	0	0	0	0	passage_status/DSS-Psalms-Passage-Status.txt	600345	744	4ad3eaa4bf45dd7b68c484a09ff367f552e58fa0aa1be082a9168f57c4988228	L1603120-R001,L1603121-R001
Ps	18	6	8Q2	1606829	PARTLY_RECONSTRUCTED	7	32	28	27	0	1	29	0	0	1	0	0	0	0	passage_status/DSS-Psalms-Passage-Status.txt	601089	725	7e66a67a4185b85f1702201598aff74242f46090445cd8e675d27560f7730cc5	L1603122-R001
Ps	18	7	8Q2	1606829	PARTLY_RECONSTRUCTED	21	68	59	56	1	2	62	1	0	1	0	0	0	0	passage_status/DSS-Psalms-Passage-Status.txt	601814	747	4fb22bed587f89185ae68635d641b7cc7fe22d78a85113faf54704fc7111e749	L1603123-R001,L1603124-R001
Ps	18	8	8Q2	1606829	PARTLY_RECONSTRUCTED	16	46	43	41	0	2	44	0	0	1	0	0	0	0	passage_status/DSS-Psalms-Passage-Status.txt	602561	742	cbc4e39ea353645a0f590d8c6436e92e9d0963462500f052bdf3e26c8555706e	L1603125-R001,L1603126-R001
Ps	18	9	8Q2	1606829	PARTLY_RECONSTRUCTED	13	39	34	26	0	8	29	0	0	1	0	0	0	0	passage_status/DSS-Psalms-Passage-Status.txt	603303	742	7ba213c75d8d3a811e231a7cd1d952cbb2d082f39cdcdadc15ccfe35d0a54fc5	L1603126-R002,L1603127-R001
Ps	18	10	8Q2	1606829	PARTLY_RECONSTRUCTED	10	27	24	20	1	3	23	1	0	1	0	0	0	0	passage_status/DSS-Psalms-Passage-Status.txt	604045	733	5b9c8eee9fca27142fdaa230fc14284aa3e259ccc8b00b9fb16dd0a42c16a3c0	L1603128-R001
Ps	18	11	8Q2	1606829	PARTLY_RECONSTRUCTED	12	30	28	21	2	5	23	2	0	1	0	0	0	0	passage_status/DSS-Psalms-Passage-Status.txt	604778	733	65f85c61c27d78b36377304472fa4cf6319c02c83d9d6f382f62bb1c4917e624	L1603129-R001
Ps	18	12	8Q2	1606829	PARTLY_RECONSTRUCTED	10	42	37	26	3	8	31	3	0	1	0	0	0	0	passage_status/DSS-Psalms-Passage-Status.txt	605511	755	4b30b9591c30947d9f47b8d40599bcade6e0e931ac9328549ba6eb8704b8810b	L1603130-R001,L1603131-R001
Ps	18	13	8Q2	1606829	PARTLY_RECONSTRUCTED	11	32	26	24	1	1	30	1	1	2	0	0	0	0	passage_status/DSS-Psalms-Passage-Status.txt	606266	749	610468269849b0ca1f57b80e819f39d70ed53b8cbde7a52b8e92642e55725529	L1603131-R002,L1603132-R001
Ps	101	1	11Q5	1606836	PARTLY_RECONSTRUCTED	11	38	35	17	2	16	17	2	0	1	0	0	0	0	passage_status/DSS-Psalms-Passage-Status.txt	607015	774	f6b79244335c634319b3e9185f54bfaefb7fbc20b733903ba3f7e6e7c386efd7	L1603606-R001,L1603606-R002,L1603606-R003
Ps	101	2	11Q5	1606836	PARTLY_RECONSTRUCTED	15	49	44	25	1	18	28	1	0	1	0	0	0	0	passage_status/DSS-Psalms-Passage-Status.txt	607789	752	28df9025d6e35dd28094c682bfd81f2393379d60f51c2014d7c532e227cc76e9	L1603607-R001,L1603608-R001
Ps	101	3	11Q5	1606836	PARTLY_RECONSTRUCTED	14	48	44	31	2	11	31	2	0	1	0	0	0	0	passage_status/DSS-Psalms-Passage-Status.txt	608541	752	4aa0d41dccd38bf40ab3ca534e1bccbee583fbaba2f436642a9d161a609910e9	L1603608-R002,L1603609-R001
Ps	101	4	11Q5	1606836	PARTLY_RECONSTRUCTED	8	25	22	19	0	3	22	0	0	1	0	0	0	0	passage_status/DSS-Psalms-Passage-Status.txt	609293	745	eb79612545bed2908ed38e09e7d7a340fe587a615cbc548d038ca2633131fbb3	L1603609-R002,L1603610-R001
Ps	101	5	11Q5	1606836	PARTLY_RECONSTRUCTED	15	54	49	44	0	5	49	0	0	1	0	0	0	0	passage_status/DSS-Psalms-Passage-Status.txt	610038	746	e78a0e329fbb6039091d2cce9d34ed52b8eef371394b1172628409cd347a7672	L1603610-R002,L1603611-R001
Ps	101	6	11Q5	1606836	PARTLY_RECONSTRUCTED	14	46	41	26	1	14	27	1	0	1	0	0	0	0	passage_status/DSS-Psalms-Passage-Status.txt	610784	752	a4545271856ffb91e1be8a57d06a00a984dd942f9c66f3fb1def6e2c0f8ded73	L1603611-R002,L1603612-R001
Ps	101	7	11Q5	1606836	PARTLY_RECONSTRUCTED	15	48	44	29	1	14	29	1	0	1	0	0	0	0	passage_status/DSS-Psalms-Passage-Status.txt	611536	752	f03aef617a5a41aec1368d073cf91fa7234f7a19621b3640ea5a97f62faf2584	L1603613-R001,L1603614-R001
Ps	101	8	11Q5	1606836	PARTLY_RECONSTRUCTED	15	48	46	29	3	14	31	3	0	1	0	0	0	0	passage_status/DSS-Psalms-Passage-Status.txt	612288	790	255c9ef1ed6f4ff11e34f822262426ea23dda4b36a640727a519844935b6a580	L1603614-R002,L1603615-R001,L1603615-R002,L1603615-R003
Ps	102	1	11Q5	1606836	PARTLY_RECONSTRUCTED	12	35	32	22	0	10	25	0	0	1	0	0	0	0	passage_status/DSS-Psalms-Passage-Status.txt	613078	763	47207fc3008dae9ff9ca88a61bf0d4da86fe2eff84a5403a94c52231ce2e9bb6	L1603616-R001,L1603616-R002,L1603616-R003
Ps	102	2	11Q5	1606836	PARTLY_RECONSTRUCTED	8	33	27	20	1	6	25	1	0	1	0	0	0	0	passage_status/DSS-Psalms-Passage-Status.txt	613841	750	5c48e3954227c31bf0505bd601798239f1fbe3b272eeec509ed7aaaef943520b	L1603617-R001,L1603617-R002
Ps	102	18	11Q5	1606836	PARTLY_RECONSTRUCTED	9	27	24	10	0	14	13	0	0	1	0	0	0	0	passage_status/DSS-Psalms-Passage-Status.txt	614591	732	b9b11a265c3de0a4fbbd99f853497b311d766847c3f9776f37789088c7a35dca	L1603618-R001
Ps	102	19	11Q5	1606836	PARTLY_RECONSTRUCTED	11	31	29	12	1	16	14	1	0	1	0	0	0	0	passage_status/DSS-Psalms-Passage-Status.txt	615323	754	a6afcfd012627f2aebb694589369b4d4fc15193c42faa3bf857f2b4efceda554	L1603618-R002,L1603619-R001
Ps	102	20	11Q5	1606836	PARTLY_RECONSTRUCTED	13	38	35	21	0	14	24	0	0	1	0	0	0	0	passage_status/DSS-Psalms-Passage-Status.txt	616077	765	7012ce56200d53892c12b36c3a92f4fc5104a2d0366abb0e0ec78ecc3b43e368	L1603619-R002,L1603620-R001,L1603620-R002
Ps	102	21	11Q5	1606836	PARTLY_RECONSTRUCTED	9	26	24	14	0	10	14	0	0	1	0	0	0	0	passage_status/DSS-Psalms-Passage-Status.txt	616842	748	715344e48d16e8d625f9efe2f68611f825f7ed4473a1e698a8ddf4dea59337ec	L1603620-R003,L1603621-R001
Ps	102	22	11Q5	1606836	PARTLY_RECONSTRUCTED	11	32	29	15	0	14	16	0	0	1	0	0	0	0	passage_status/DSS-Psalms-Passage-Status.txt	617590	781	6c26edfa5225e9baa43a0ce886bfedb05fc1ed5b50f23578b937626de899b632	L1603621-R002,L1603621-R003,L1603621-R004,L1603622-R001
Ps	102	23	11Q5	1606836	PARTLY_RECONSTRUCTED	11	32	30	17	0	13	17	0	0	1	0	0	0	0	passage_status/DSS-Psalms-Passage-Status.txt	618371	765	320379c283c71c2c72f762b338755a773882151548e3905b00715f8ae7441a23	L1603622-R002,L1603623-R001,L1603623-R002
Ps	102	24	11Q5	1606836	PARTLY_RECONSTRUCTED	8	22	18	9	0	9	13	0	0	1	0	0	0	0	passage_status/DSS-Psalms-Passage-Status.txt	619136	730	fb2c3015ac564edd4ed36a2c8d9cfaec0f763e64c02c151064f8ae671fd507d4	L1603623-R003
Ps	102	25	11Q5	1606836	PARTLY_RECONSTRUCTED	12	41	35	18	1	16	22	1	0	1	0	0	0	0	passage_status/DSS-Psalms-Passage-Status.txt	619866	754	9fc1e137b076bbdc0ae173f9f52d59671b808a2725dd0794392b7fd11da5401c	L1603623-R004,L1603624-R001
Ps	102	26	11Q5	1606836	PARTLY_RECONSTRUCTED	10	31	28	12	1	15	14	1	0	1	0	0	0	0	passage_status/DSS-Psalms-Passage-Status.txt	620620	754	f4b4718476bb4e8bdb09d01ab817a8bb90ea9dd40294b07ed8b91d0134cc904d	L1603624-R002,L1603625-R001
Ps	102	27	11Q5	1606836	PARTLY_RECONSTRUCTED	17	51	47	28	1	18	31	1	0	1	0	0	0	0	passage_status/DSS-Psalms-Passage-Status.txt	621374	754	fec9e09749913854829d7460e2f1532f9c9540b87486bda3a4c16ac743589f4b	L1603625-R002,L1603626-R001
Ps	102	28	11Q5	1606836	PARTLY_RECONSTRUCTED	8	25	22	7	0	15	7	0	0	1	0	0	0	0	passage_status/DSS-Psalms-Passage-Status.txt	622128	746	b9492a3eb6e4eb2efec62cf453518b6ec8445bae570b2e2b9d6d08c74afb30b4	L1603626-R002,L1603627-R001
Ps	102	29	11Q5	1606836	PARTLY_RECONSTRUCTED	12	40	35	28	1	6	31	1	0	1	0	0	0	0	passage_status/DSS-Psalms-Passage-Status.txt	622874	753	c2587da3175b029479c86bcdf6c4442c485cadb61dccdaa58d0628340da1b358	L1603627-R002,L1603628-R001
Ps	103	1	11Q5	1606836	PARTLY_RECONSTRUCTED	11	35	30	20	2	8	22	2	0	1	0	0	0	0	passage_status/DSS-Psalms-Passage-Status.txt	623627	773	89f1853d3946a78b771a9394b53a9bd453b0d6ab1b4e06cfe092b8acb1043bb9	L1603629-R001,L1603629-R002,L1603629-R003
Ps	109	21	11Q5	1606836	PARTLY_RECONSTRUCTED	13	47	41	33	0	8	38	0	0	1	0	0	0	0	passage_status/DSS-Psalms-Passage-Status.txt	624400	780	519b985daab913cc15ed05a9139dfd463580b2162a94a193c697a6119d46fb01	L1603630-R001,L1603630-R002,L1603630-R003,L1603631-R001
Ps	109	22	11Q5	1606836	PARTLY_RECONSTRUCTED	11	31	27	18	1	8	18	1	0	1	0	0	0	0	passage_status/DSS-Psalms-Passage-Status.txt	625180	737	79fa6c249070c70099a08a2fc5eb29734b0c4e0ec3cb62b51ea93dc440d5082b	L1603631-R002
Ps	109	23	11Q5	1606836	ALL_LETTER_SLOTS_RECONSTRUCTED	9	29	26	26	0	0	29	0	0	1	0	0	0	0	passage_status/DSS-Psalms-Passage-Status.txt	625917	741	770f194d6ed3ea6d4f0c490c995e85bc5d15b75ae8ce6a258353a61eb947d5b7	L1603632-R001
Ps	109	24	11Q5	1606836	PARTLY_RECONSTRUCTED	10	28	24	14	0	10	17	0	0	1	0	0	0	0	passage_status/DSS-Psalms-Passage-Status.txt	626658	749	154876251aeb0867e0a25017415fd4706cfd409cfcf78ffc075288fd62713c65	L1603632-R002,L1603633-R001
Ps	109	25	11Q5	1606836	PARTLY_RECONSTRUCTED	9	38	32	23	2	7	27	2	0	1	0	0	0	0	passage_status/DSS-Psalms-Passage-Status.txt	627407	758	84720d738b4be6c57f0a32ec78f44a5ad8a6a2d7954f4ed43ad3d06b0b52e631	L1603633-R002,L1603634-R001
Ps	109	26	11Q5	1606836	PARTLY_RECONSTRUCTED	7	31	25	19	0	6	24	0	0	1	0	0	0	0	passage_status/DSS-Psalms-Passage-Status.txt	628165	779	51e8b2649db8005b797ade565b4dcf9634fe3c877b10354c166ad765a190ea8a	L1603634-R002,L1603634-R003,L1603634-R004,L1603635-R001
Ps	109	27	11Q5	1606836	PARTLY_RECONSTRUCTED	9	29	25	17	1	7	18	1	0	1	0	0	0	0	passage_status/DSS-Psalms-Passage-Status.txt	628944	768	5c90a3ff37c6c4e0984c47318640835a53592f834e51903cb98afc7d9ebf2d38	L1603635-R002,L1603635-R003,L1603635-R004
Ps	109	28	11Q5	1606836	PARTLY_RECONSTRUCTED	12	37	34	28	0	6	28	0	0	1	0	0	0	0	passage_status/DSS-Psalms-Passage-Status.txt	629712	732	6ba160105dd43ee89c8a7491893f17175b7ddfb66ee88b0fbe9969eca72129b6	L1603636-R001
Ps	109	29	11Q5	1606836	PARTLY_RECONSTRUCTED	9	32	28	27	0	1	28	0	0	1	0	0	0	0	passage_status/DSS-Psalms-Passage-Status.txt	630444	731	789b69b8ddc0f3492d8338ec46fbe207bc5323bf583f21a1513ecfc236761b8a	L1603637-R001
Ps	109	30	11Q5	1606836	PARTLY_RECONSTRUCTED	11	33	29	25	0	4	29	0	0	1	0	0	0	0	passage_status/DSS-Psalms-Passage-Status.txt	631175	764	206d3f5b2683ddb771c6f09a99d78fa901e39c8c647cfd2b200fcc8182b46692	L1603637-R002,L1603638-R001,L1603638-R002
Ps	109	31	11Q5	1606836	NO_LETTER_RECONSTRUCTION_MARKED	3	7	5	0	0	5	0	0	0	1	0	0	0	0	passage_status/DSS-Psalms-Passage-Status.txt	631939	738	925ac69158d155b94e5b9d07dbff0f446407260322916390f6801e5d20404992	L1603638-R003
Ps	118	25	11Q5	1606836	PARTLY_RECONSTRUCTED	10	36	30	14	1	15	17	1	1	2	0	0	0	0	passage_status/DSS-Psalms-Passage-Status.txt	632677	802	d59eb1712ab74557f8c8b4700a5f46fb8811790d2b6ba2f2e02f1951c82e7e11	L1603639-R001,L1603639-R002,L1603639-R003,L1603639-R004,L1603640-R001
Ps	118	26	11Q5	1606836	PARTLY_RECONSTRUCTED	13	35	32	5	6	18	5	6	0	1	0	0	3	0	passage_status/DSS-Psalms-Passage-Status.txt	633479	833	2f2a9a2605567ebec16b3ce38ee0c040c6e1ee931aad9378badfb2ae46bee0df	L1603640-R002,L1603640-R003,L1603640-R004,L1603641-R001,L1603641-R002,L1603641-R003
Ps	118	27	11Q5	1606836	PARTLY_RECONSTRUCTED	14	42	39	4	1	34	4	1	0	1	0	0	0	0	passage_status/DSS-Psalms-Passage-Status.txt	634312	784	ef81a41cf7e98697d488d349dd95c589df36721a5bfea4936c4dea794eeb1915	L1603641-R004,L1603641-R005,L1603641-R006,L1603642-R001
Ps	118	28	11Q5	1606836	NO_LETTER_RECONSTRUCTION_MARKED	7	30	24	0	0	24	0	0	0	1	0	0	0	0	passage_status/DSS-Psalms-Passage-Status.txt	635096	741	6bc1f31ec8d8c5cff11c549a6bc62bd9e12dc3f62bde49e0c4af77f738bd7b15	L1603642-R002
Ps	118	29	11Q5	1606836	PARTLY_RECONSTRUCTED	22	62	56	4	1	51	4	1	0	2	0	0	0	0	passage_status/DSS-Psalms-Passage-Status.txt	635837	832	728a0582675aa502e995918b7980d0a2b461c85b5aa121ba62cb0b940a51ec15	L1603643-R001,L1603643-R002,L1603643-R003,L1603921-R004,L1603922-R001,L1603922-R002,L1603922-R003
Ps	104	1	11Q5	1606836	PARTLY_RECONSTRUCTED	15	57	52	16	4	32	18	4	0	1	0	0	0	0	passage_status/DSS-Psalms-Passage-Status.txt	636669	806	52494ef74af07e86c75044509c7e9ebdb3d3a27373b567fbf8977c7670cfdd70	L1603644-R001,L1603645-R001,L1603645-R002,L1603645-R003,L1603646-R001
Ps	104	2	11Q5	1606836	PARTLY_RECONSTRUCTED	9	28	26	5	2	19	5	2	0	1	0	0	0	0	passage_status/DSS-Psalms-Passage-Status.txt	637475	733	755b146a951751453c324f30a513db537f16f09463d7af86a3337fcf9fa2c742	L1603646-R002
Ps	104	3	11Q5	1606836	PARTLY_RECONSTRUCTED	15	46	42	23	1	18	26	1	0	1	0	0	0	0	passage_status/DSS-Psalms-Passage-Status.txt	638208	752	521b12c6e8f9d90df667997d5ef7966b6dc1794820c027a520bcd430e08a3eec	L1603647-R001,L1603648-R001
Ps	104	4	11Q5	1606836	PARTLY_RECONSTRUCTED	7	32	28	13	7	8	14	7	0	1	0	0	0	0	passage_status/DSS-Psalms-Passage-Status.txt	638960	752	2b850e76e176fcceab76a5fcfdf816d2c3ee1487ad30a854ee9902d9fef25e57	L1603648-R002
Ps	104	5	11Q5	1606836	PARTLY_RECONSTRUCTED	10	30	27	25	2	0	26	2	0	1	0	0	0	0	passage_status/DSS-Psalms-Passage-Status.txt	639712	735	fed9401699f1debb8b62a0d314c62216f565f7bba60f8510994afa4fbde8c597	L1603649-R001
Ps	104	6	11Q5	1606836	NO_LETTER_RECONSTRUCTION_MARKED	2	6	4	0	1	3	0	1	0	1	0	0	0	0	passage_status/DSS-Psalms-Passage-Status.txt	640447	741	3bc71cc66957fd7a56c19cc6a7a91137451db5def070540f765a15a486e8e717	L1603649-R002
Ps	104	21	11Q5	1606836	PARTLY_RECONSTRUCTED	13	34	29	27	2	0	32	2	1	2	0	0	0	0	passage_status/DSS-Psalms-Passage-Status.txt	641188	743	f5dd44c5ad0f9c43d491739e1acc9c6e60573356605a8c2220f0bfed586ecc55	L1603650-R001
Ps	104	22	11Q5	1606836	PARTLY_RECONSTRUCTED	10	38	33	10	1	22	13	1	0	1	0	0	0	0	passage_status/DSS-Psalms-Passage-Status.txt	641931	754	032c08b2287393825864fab93987001bf269502f5f50cec65ef5f2ec6428bc97	L1603650-R002,L1603651-R001
Ps	104	23	11Q5	1606836	PARTLY_RECONSTRUCTED	10	29	25	6	0	19	6	0	0	1	0	0	0	0	passage_status/DSS-Psalms-Passage-Status.txt	642685	747	d65a46593e17cdbeb3780c9be0d1e8625739995cca89a33b067e817cca2ec850	L1603651-R002,L1603652-R001
Ps	104	24	11Q5	1606836	PARTLY_RECONSTRUCTED	13	49	44	6	2	35	6	2	0	1	0	1	0	0	passage_status/DSS-Psalms-Passage-Status.txt	643432	779	e45b6586fbc979019b4cd82af41743e1581b0cbb7479421384e651914fb7c71e	L1603652-R002,L1603652-R003,L1603653-R001
Ps	104	25	11Q5	1606836	PARTLY_RECONSTRUCTED	18	54	51	5	2	44	5	2	0	1	0	0	0	0	passage_status/DSS-Psalms-Passage-Status.txt	644211	774	dc509e3ddd3a9b6d68dbbcb2237329926d864ce5da88acae2209fb7656e792bc	L1603653-R002,L1603654-R001,L1603655-R001
Ps	104	26	11Q5	1606836	NO_LETTER_RECONSTRUCTION_MARKED	10	36	32	0	0	32	0	0	0	1	0	0	0	0	passage_status/DSS-Psalms-Passage-Status.txt	644985	758	bd140246b14c8cf0b89e8be6c56277d26c6ffaf8b33995c193fe25f4b5d3a839	L1603655-R002,L1603656-R001
Ps	104	27	11Q5	1606836	NO_LETTER_RECONSTRUCTION_MARKED	10	36	29	0	0	29	0	0	0	1	0	0	0	0	passage_status/DSS-Psalms-Passage-Status.txt	645743	742	8dbdf7eca98ac862180e5b3998aa36b47d6d1dc7f46b84e149e25a5ba79ce935	L1603656-R002
Ps	104	28	11Q5	1606836	NO_LETTER_RECONSTRUCTION_MARKED	9	34	29	0	0	29	0	0	0	1	0	0	0	0	passage_status/DSS-Psalms-Passage-Status.txt	646485	757	6b2ae380dde5b508ba8b319c01da0ae873e626e0604743bb75c48d84c2b55fdd	L1603656-R003,L1603657-R001
Ps	104	29	11Q5	1606836	NO_LETTER_RECONSTRUCTION_MARKED	9	31	27	0	0	27	0	0	0	1	0	0	0	0	passage_status/DSS-Psalms-Passage-Status.txt	647242	757	fa172e0f049c6b44882c9361fb28eff846dad80fac6d8a5825cd697b2409d6ba	L1603657-R002,L1603658-R001
Ps	104	30	11Q5	1606836	NO_LETTER_RECONSTRUCTION_MARKED	9	32	28	0	0	28	0	0	0	1	0	0	0	0	passage_status/DSS-Psalms-Passage-Status.txt	647999	757	74b5eb47d97f132f3c347a918ca2241c35c5398aac20f5acd18b903b3861f78a	L1603658-R002,L1603659-R001
Ps	104	31	11Q5	1606836	NO_LETTER_RECONSTRUCTION_MARKED	11	34	31	0	0	31	0	0	0	1	0	0	0	0	passage_status/DSS-Psalms-Passage-Status.txt	648756	806	ccd3556b268c770a1560314cff2efb971237be44cb7e3d81c9291c476e08bba7	L1603659-R002,L1603659-R003,L1603659-R004,L1603659-R005,L1603659-R006
Ps	104	32	11Q5	1606836	PARTLY_RECONSTRUCTED	13	32	30	2	1	26	2	1	0	1	0	1	0	0	passage_status/DSS-Psalms-Passage-Status.txt	649562	741	2c9fa2c5d34488c7e4b4c28d9083f94b8987ea2e6785d450fc4a9d3118691337	L1603660-R001
Ps	104	33	11Q5	1606836	PARTLY_RECONSTRUCTED	11	35	30	3	1	26	3	1	0	1	0	0	0	0	passage_status/DSS-Psalms-Passage-Status.txt	650303	784	61ecba594271cee61cf033d892a4450852f8b003f178c7f20bbf629c0bf1e5af	L1603660-R002,L1603661-R001,L1603661-R002,L1603661-R003
Ps	104	34	11Q5	1606836	PARTLY_RECONSTRUCTED	8	29	25	9	1	15	9	1	0	1	0	0	0	0	passage_status/DSS-Psalms-Passage-Status.txt	651087	783	c0819623ac4222b4d2d046b24f806a3138f4d2fa508acef9658fa1ee2a7ff88d	L1603661-R004,L1603662-R001,L1603662-R002,L1603662-R003
Ps	104	35	11Q5	1606836	PARTLY_RECONSTRUCTED	17	55	51	14	5	32	15	5	0	1	0	0	0	0	passage_status/DSS-Psalms-Passage-Status.txt	651870	792	2e5bd60b81b777793981499ced76dd870b69924ff1e716eb92d737db1cedb207	L1603662-R004,L1603663-R001,L1603663-R002,L1603663-R003
Ps	147	1	11Q5	1606836	PARTLY_RECONSTRUCTED	11	40	36	33	0	3	35	0	0	1	0	0	0	0	passage_status/DSS-Psalms-Passage-Status.txt	652662	746	3daf285ae51aa3c9ddf2fb20aae187db48de1a8335b083c06484dce2de244696	L1603664-R001,L1603665-R001
Ps	147	2	11Q5	1606836	NO_LETTER_RECONSTRUCTION_MARKED	3	13	11	0	0	11	0	0	0	1	0	0	0	0	passage_status/DSS-Psalms-Passage-Status.txt	653408	739	93f0aecd0ddbffa93f3351ff38c0951c34ded825989c2d4cb751978cef504c71	L1603665-R002
Ps	147	18	11Q5	1606836	PARTLY_RECONSTRUCTED	9	32	27	19	2	6	23	2	0	1	0	0	0	0	passage_status/DSS-Psalms-Passage-Status.txt	654147	742	0c039bff6b72f892f97c8705e4024241b041755902f2dee8bfb5dc20b18e9057	L1603666-R001
Ps	147	19	11Q5	1606836	PARTLY_RECONSTRUCTED	10	38	33	20	1	12	23	1	0	1	0	0	0	0	passage_status/DSS-Psalms-Passage-Status.txt	654889	754	4cf1f529f5c52e71ca8c10259def5eb784e95326fac5940325d9f2a6548406a8	L1603666-R002,L1603667-R001
Ps	147	20	11Q5	1606836	PARTLY_RECONSTRUCTED	12	38	35	21	1	13	23	1	0	1	0	0	0	0	passage_status/DSS-Psalms-Passage-Status.txt	655643	754	b72cfea1e8e658f2a74f06fb74b205ad045623e275cbd17232fbf2dac4157874	L1603667-R002,L1603668-R001
Ps	105	1	11Q5	1606836	PARTLY_RECONSTRUCTED	20	66	61	27	1	33	31	1	0	1	0	0	0	0	passage_status/DSS-Psalms-Passage-Status.txt	656397	816	21aa9c9b44fdb56fa8c4093ee9b1a9ecb2ce5d96273057dc6d45c2cfbb5069aa	L1603669-R001,L1603669-R002,L1603669-R003,L1603669-R004,L1603669-R005,L1603670-R001
Ps	105	2	11Q5	1606836	PARTLY_RECONSTRUCTED	9	33	28	16	0	12	18	0	0	1	0	0	0	0	passage_status/DSS-Psalms-Passage-Status.txt	657213	746	4f773db91aff15f347ea56ee0a72bf0b224a9b45db9a32801e54f7c98618c4af	L1603670-R002,L1603671-R001
Ps	105	3	11Q5	1606836	PARTLY_RECONSTRUCTED	9	33	29	14	1	14	15	1	0	1	0	0	0	0	passage_status/DSS-Psalms-Passage-Status.txt	657959	751	97fbe666a584fc675fa166b13702bc2b24b90237927973835f6cf8ea8d70bd24	L1603671-R002,L1603672-R001
Ps	105	4	11Q5	1606836	PARTLY_RECONSTRUCTED	8	30	26	4	4	18	5	4	0	1	0	0	0	0	passage_status/DSS-Psalms-Passage-Status.txt	658710	777	ae830ca9496fb8b4ff2ae59c450f0edd821eb27fd3d5e37a8b3f9697b2f4b287	L1603672-R002,L1603672-R003,L1603672-R004
Ps	105	5	11Q5	1606836	PARTLY_RECONSTRUCTED	9	39	34	8	1	25	11	1	0	1	0	0	0	0	passage_status/DSS-Psalms-Passage-Status.txt	659487	750	bb5eccac7adb7c255cfcaea79865bc7812a343543c4cdfabcbf7e586d5efd0b8	L1603672-R005,L1603673-R001
Ps	105	6	11Q5	1606836	PARTLY_RECONSTRUCTED	8	34	30	8	0	18	8	0	0	1	0	0	4	0	passage_status/DSS-Psalms-Passage-Status.txt	660237	749	6d49c46a367634ec948cfb39949c58fd99bb4824d46807883f0d0a9d6f902741	L1603673-R002,L1603674-R001
Ps	105	7	11Q5	1606836	PARTLY_RECONSTRUCTED	8	23	20	8	1	11	8	1	0	1	0	0	0	0	passage_status/DSS-Psalms-Passage-Status.txt	660986	781	4edbf7c39624bf54415a696c997cd22c7dd94f2c94d400ae25f1c6e8462f555e	L1603674-R002,L1603674-R003,L1603674-R004,L1603675-R001
Ps	105	8	11Q5	1606836	PARTLY_RECONSTRUCTED	10	29	26	3	0	23	5	0	0	1	0	0	0	0	passage_status/DSS-Psalms-Passage-Status.txt	661767	729	10862c81204c9039477406d3534856a39faef7de5765c3ece20d86c0edce2f9b	L1603675-R002
Ps	105	9	11Q5	1606836	PARTLY_RECONSTRUCTED	8	27	24	6	0	18	6	0	0	1	0	0	0	0	passage_status/DSS-Psalms-Passage-Status.txt	662496	744	21551cbc2f737ffae3ddef2db6561ac4d5bde6f857fe0f5eafbee5a545f7202e	L1603675-R003,L1603676-R001
Ps	105	10	11Q5	1606836	PARTLY_RECONSTRUCTED	11	34	31	8	3	20	8	3	0	1	0	0	0	0	passage_status/DSS-Psalms-Passage-Status.txt	663240	758	7db8f4075a34ea037ff987bbae679b2a6fb327189b095c40fb049a8eb0f3feaa	L1603676-R002,L1603677-R001
Ps	105	11	11Q5	1606836	PARTLY_RECONSTRUCTED	11	35	29	14	3	12	19	3	1	2	0	0	0	0	passage_status/DSS-Psalms-Passage-Status.txt	663998	760	138d5702704a8cfd30c86b80bc1ca01948f02f115afe10878143cd5261105ad0	L1603677-R002,L1603678-R001
Ps	105	25	11Q5	1606836	PARTLY_RECONSTRUCTED	11	33	26	18	0	8	24	0	1	2	0	0	0	0	passage_status/DSS-Psalms-Passage-Status.txt	664758	748	91ccbe207cc17cef311ce2255374aa26bdb615a110172adaa1ff88f81d8f301b	L1603680-R001,L1603681-R001
Ps	105	26	11Q5	1606836	PARTLY_RECONSTRUCTED	8	27	23	14	0	9	18	0	0	1	0	0	0	0	passage_status/DSS-Psalms-Passage-Status.txt	665506	747	4e4adb295fd112377cc25eea5731cd57871f51ee17c8328dfa760e4c875ee8e2	L1603681-R002,L1603682-R001
Ps	105	27	11Q5	1606836	ALL_LETTER_SLOTS_RECONSTRUCTED	10	31	27	27	0	0	31	0	0	1	0	0	0	0	passage_status/DSS-Psalms-Passage-Status.txt	666253	742	aff81b0e5ee96bdbcc87702787b9be14512fab843a08e9d098b1eaf47a5f963b	L1603682-R002
Ps	105	28	11Q5	1606836	PARTLY_RECONSTRUCTED	10	28	25	18	2	5	18	2	0	1	0	0	0	0	passage_status/DSS-Psalms-Passage-Status.txt	666995	753	5345fceb742c2e009deee3d68705d76fabb6f4a75e4dfccf39a7b370c8c3cb7a	L1603682-R003,L1603683-R001
Ps	105	29	11Q5	1606836	PARTLY_RECONSTRUCTED	10	27	23	21	0	2	25	0	0	1	0	0	0	0	passage_status/DSS-Psalms-Passage-Status.txt	667748	748	c67ba4bb6f254f8e22652da737fee5fb20b1ba10aadde63c58b87b4165d08202	L1603683-R002,L1603684-R001
Ps	105	30	11Q5	1606836	PARTLY_RECONSTRUCTED	7	30	26	19	0	7	22	0	0	1	0	0	0	0	passage_status/DSS-Psalms-Passage-Status.txt	668496	747	0b2789331c2f936662e60ae4004a75d53ea7c8cbaef810efd9ae85d51f080e76	L1603684-R002,L1603685-R001
Ps	105	31	11Q5	1606836	PARTLY_RECONSTRUCTED	9	26	23	16	1	6	19	1	0	1	0	0	0	0	passage_status/DSS-Psalms-Passage-Status.txt	669243	752	e707826e2a007874671f5a915d8bd480a7462873d510b597b97705c38ade04d4	L1603685-R002,L1603686-R001
Ps	105	32	11Q5	1606836	ALL_LETTER_SLOTS_RECONSTRUCTED	8	28	24	24	0	0	28	0	0	1	0	0	0	0	passage_status/DSS-Psalms-Passage-Status.txt	669995	741	dd2e12f8bd318980f24834af7f36a64c3b355ae4ceabede8a1f4f291c3f5426f	L1603686-R002
Ps	105	33	11Q5	1606836	PARTLY_RECONSTRUCTED	10	30	25	20	0	5	24	0	0	1	0	0	0	0	passage_status/DSS-Psalms-Passage-Status.txt	670736	748	0d7e4d1f41ef4ffd6c3a2819dc1a6f6f7517214e702c35bccdbcddaa3cf7a50b	L1603686-R003,L1603687-R001
Ps	105	34	11Q5	1606836	PARTLY_RECONSTRUCTED	10	25	23	15	0	8	17	0	0	1	0	0	0	0	passage_status/DSS-Psalms-Passage-Status.txt	671484	748	f5ab57e1e5e270afba8ac1d1d9b17bdd728fe2d401b89d4b8542151e6b068bc8	L1603687-R002,L1603688-R001
Ps	105	35	11Q5	1606836	PARTLY_RECONSTRUCTED	11	33	29	25	1	3	26	1	0	1	0	0	0	0	passage_status/DSS-Psalms-Passage-Status.txt	672232	737	bf8224693cffc8947c1a92d9851c0904c16d4c6218b66c0a53cf3a0be13996ff	L1603688-R002
Ps	105	36	11Q5	1606836	ALL_LETTER_SLOTS_RECONSTRUCTED	11	32	28	28	0	0	32	0	0	1	0	0	0	0	passage_status/DSS-Psalms-Passage-Status.txt	672969	742	bed3ea1c52282fcee1fc08050de9696e6dbe06fe9945ba02d3d53726c14265bc	L1603689-R001
Ps	105	37	11Q5	1606836	PARTLY_RECONSTRUCTED	14	36	32	28	0	4	31	0	0	1	0	0	0	0	passage_status/DSS-Psalms-Passage-Status.txt	673711	748	4c452942b61192bd9f9fdc1f1ebfffe5f9ce638f0b6ebaf17b791b3ef0ad5db5	L1603689-R002,L1603690-R001
Ps	105	38	11Q5	1606836	PARTLY_RECONSTRUCTED	9	32	27	23	1	3	27	1	0	1	0	0	0	0	passage_status/DSS-Psalms-Passage-Status.txt	674459	752	81d8d703070e8e3e821ec87cc8b115153053c7dfb2818cbab873655209c6ab51	L1603690-R002,L1603691-R001
Ps	105	39	11Q5	1606836	PARTLY_RECONSTRUCTED	10	24	22	18	0	4	18	0	0	1	0	0	0	0	passage_status/DSS-Psalms-Passage-Status.txt	675211	732	ccff9f96f0c01521bce20f076e433607fca5b64de5ab54c4a7c3acb2227d8aaf	L1603691-R002
Ps	105	40	11Q5	1606836	ALL_LETTER_SLOTS_RECONSTRUCTED	9	27	24	24	0	0	27	0	0	1	0	0	0	0	passage_status/DSS-Psalms-Passage-Status.txt	675943	741	d32a8eea5538aea6521072492f5aa772be0e1e9a3b0a9d0f674c9c28ad67e048	L1603692-R001
Ps	105	41	11Q5	1606836	PARTLY_RECONSTRUCTED	10	29	27	19	0	8	21	0	0	1	0	0	0	0	passage_status/DSS-Psalms-Passage-Status.txt	676684	748	2635ca0b2f0bcb183a13d54db608e3d7ba5b1ee3a38d1ac652f81414baae85ca	L1603692-R002,L1603693-R001
Ps	105	42	11Q5	1606836	PARTLY_RECONSTRUCTED	9	29	25	20	1	4	24	1	0	1	0	0	0	0	passage_status/DSS-Psalms-Passage-Status.txt	677432	752	9acd5cb70c6d0e7dac07d22c0c75a23413e5dfb6630b2ef40ed5ad53e18ab6bc	L1603693-R002,L1603694-R001
Ps	105	43	11Q5	1606836	ALL_LETTER_SLOTS_RECONSTRUCTED	10	29	25	25	0	0	29	0	0	1	0	0	0	0	passage_status/DSS-Psalms-Passage-Status.txt	678184	742	81a2ec644c3887fdba9edc7c00e9272dd04169b8c10ced35df3a5fe9b0d0915d	L1603694-R002
Ps	105	44	11Q5	1606836	PARTLY_RECONSTRUCTED	10	33	30	26	0	4	29	0	0	1	0	0	0	0	passage_status/DSS-Psalms-Passage-Status.txt	678926	748	326ff39efabfef619f1fce04f17bec928ba2e80db99fbb17ebe312a1ca989867	L1603694-R003,L1603695-R001
Ps	105	45	11Q5	1606836	PARTLY_RECONSTRUCTED	11	41	35	28	1	6	32	1	0	2	0	0	0	0	passage_status/DSS-Psalms-Passage-Status.txt	679674	753	0f88dee44cbf4fe3719da0f5d83c028ad4585849167486fa5d35373c681933e1	L1603695-R002,L1603696-R001
Ps	146	9	11Q5	1606836	PARTLY_RECONSTRUCTED	25	82	70	10	0	60	16	0	3	4	0	0	0	0	passage_status/DSS-Psalms-Passage-Status.txt	680427	811	da27f1581a1b2d1245177db254a0949f2fe24e18108aa83d4fa98ff9974245b6	L1603697-R001,L1603698-R001,L1603698-R002,L1603698-R003,L1603699-R001,L1603700-R001
Ps	146	10	11Q5	1606836	PARTLY_RECONSTRUCTED	13	42	39	20	0	19	21	0	0	1	0	0	0	0	passage_status/DSS-Psalms-Passage-Status.txt	681238	781	ff9d9d5209b86aa343c8ef7972bdd0625d2847aeee1f77fe8a664ba9dd809c8e	L1603700-R002,L1603700-R003,L1603700-R004,L1603701-R001
Ps	148	1	11Q5	1606836	PARTLY_RECONSTRUCTED	10	35	32	16	1	15	19	1	0	1	0	0	0	0	passage_status/DSS-Psalms-Passage-Status.txt	682019	784	ca1e14b9fdfb8f6a8f2dd323b43848f61341a518ee26a64da0b08b20d35beeac	L1603701-R002,L1603702-R001,L1603702-R002,L1603702-R003
Ps	148	2	11Q5	1606836	PARTLY_RECONSTRUCTED	7	34	28	7	0	21	11	0	0	1	0	0	0	0	passage_status/DSS-Psalms-Passage-Status.txt	682803	745	923bc0f1f53ababc36b90f856b029c5e75c36e92a9842d6d11a3dcf6fa1808d9	L1603702-R004,L1603703-R001
Ps	148	3	11Q5	1606836	PARTLY_RECONSTRUCTED	9	34	30	13	0	17	14	0	0	1	0	0	0	0	passage_status/DSS-Psalms-Passage-Status.txt	683548	746	cebe538d68055c522a50c1fed65084c9eabc59e76bd80add5939d57f9bf56447	L1603703-R002,L1603704-R001
Ps	148	4	11Q5	1606836	PARTLY_RECONSTRUCTED	13	33	30	15	0	15	15	0	0	1	0	0	0	0	passage_status/DSS-Psalms-Passage-Status.txt	684294	747	be79ff63651fb0e06cfcd9d3a4a3aca08354b17ac25baf19da5dc0b7831df897	L1603704-R002,L1603705-R001
Ps	148	5	11Q5	1606836	PARTLY_RECONSTRUCTED	10	28	26	11	0	15	11	0	0	1	0	0	0	0	passage_status/DSS-Psalms-Passage-Status.txt	685041	779	6a4b676268540aa241b400522b4805ca8ddea300b422455406c6ea1c6d875de8	L1603705-R002,L1603705-R003,L1603705-R004,L1603706-R001
Ps	148	6	11Q5	1606836	PARTLY_RECONSTRUCTED	12	33	30	16	0	14	16	0	0	1	0	0	0	0	passage_status/DSS-Psalms-Passage-Status.txt	685820	747	cbedb21464ff91e310d2da3f231d6976926bd8e767fd7df97fad6c40d1ff5413	L1603706-R002,L1603707-R001
Ps	148	7	11Q5	1606836	PARTLY_RECONSTRUCTED	11	34	32	15	0	17	15	0	0	1	0	0	0	0	passage_status/DSS-Psalms-Passage-Status.txt	686567	779	9ae037d6164f9c969a8def1851073fecb5e5bc3122df4d242162de05aae7e43e	L1603707-R002,L1603707-R003,L1603707-R004,L1603708-R001
Ps	148	8	11Q5	1606836	PARTLY_RECONSTRUCTED	11	33	30	11	0	19	11	0	0	1	0	0	0	0	passage_status/DSS-Psalms-Passage-Status.txt	687346	747	360cd638384ee35f7fe0f6918d22e30ed5d45d6ae5c27d87ca65e0e2390ebf5d	L1603708-R002,L1603709-R001
Ps	148	9	11Q5	1606836	PARTLY_RECONSTRUCTED	11	30	28	14	1	13	14	1	0	1	0	0	0	0	passage_status/DSS-Psalms-Passage-Status.txt	688093	752	7ad466d7f410c200556905180c07adb0289f943cefede7c3d70f92529b06f86a	L1603709-R002,L1603710-R001
Ps	148	10	11Q5	1606836	PARTLY_RECONSTRUCTED	10	25	23	11	0	12	13	0	0	1	0	0	0	0	passage_status/DSS-Psalms-Passage-Status.txt	688845	733	f7ecdf3f873ced4eeda83c02f8ad010b80a7b5b7d8cca7ab02f865ced3991938	L1603710-R002
Ps	148	11	11Q5	1606836	PARTLY_RECONSTRUCTED	11	35	33	16	1	16	18	1	0	1	0	0	0	0	passage_status/DSS-Psalms-Passage-Status.txt	689578	754	94aff8cf81e630e2d9b6311785b64c8d47e4123756010f22580a926fabd1d8de	L1603710-R003,L1603711-R001
Ps	148	12	11Q5	1606836	PARTLY_RECONSTRUCTED	8	29	27	15	0	12	17	0	0	1	0	0	0	0	passage_status/DSS-Psalms-Passage-Status.txt	690332	748	9f89e9181d20dbbb7aab32f481176a1f0834fcb8e9e84ce9a5593e17637507f7	L1603711-R002,L1603712-R001
Ps	148	13	11Q5	1606836	ALL_LETTER_SLOTS_RECONSTRUCTED	5	15	13	13	0	0	13	0	0	1	0	0	0	0	passage_status/DSS-Psalms-Passage-Status.txt	691080	773	96db14af2c0058276c34e358a9803f2de5592c17e6b0e5844137a91ae969f4ab	L1603712-R002,L1603712-R003,L1603712-R004
Ps	121	1	11Q5	1606836	PARTLY_RECONSTRUCTED	13	39	35	4	0	31	5	0	0	1	0	0	0	0	passage_status/DSS-Psalms-Passage-Status.txt	691853	729	cec8071d74e3acc0c4f6a19144eee6113aa1b41182a3752d020a909aaf3744a1	L1603713-R001
Ps	121	2	11Q5	1606836	NO_LETTER_RECONSTRUCTION_MARKED	9	26	23	0	0	22	0	0	0	1	0	1	0	0	passage_status/DSS-Psalms-Passage-Status.txt	692582	776	c348d5bcabcb98516e3c839af2bdd648ef22d97def7c216f2ed901074bd14307	L1603714-R001,L1603714-R002,L1603714-R003
Ps	121	3	11Q5	1606836	PARTLY_RECONSTRUCTED	10	31	27	6	0	21	6	0	0	1	0	0	0	0	passage_status/DSS-Psalms-Passage-Status.txt	693358	745	57eb56281da4fc6e5b5a76129f97b6004f88b202c435c4b23aa9ab5997a7d02e	L1603714-R004,L1603715-R001
Ps	121	4	11Q5	1606836	PARTLY_RECONSTRUCTED	11	34	32	5	1	26	5	1	0	1	0	0	0	0	passage_status/DSS-Psalms-Passage-Status.txt	694103	750	7e01307e6820d8346739a352c36a9d8204148114c973706c37f634cf81ed5d0a	L1603715-R002,L1603716-R001
Ps	121	5	11Q5	1606836	NO_LETTER_RECONSTRUCTION_MARKED	8	39	24	0	1	23	0	1	0	1	0	0	0	0	passage_status/DSS-Psalms-Passage-Status.txt	694853	760	d5b10b87c16ec35705b32ca032c46816a5c7837a4f1f81454876bd28ebb088f0	L1603716-R002,L1603716-R003
Ps	121	6	11Q5	1606836	PARTLY_RECONSTRUCTED	10	27	24	3	1	20	3	1	0	1	0	0	0	0	passage_status/DSS-Psalms-Passage-Status.txt	695613	750	47debabc8c346157b49c4ac2a965d882f6d5094beeaf35c355a36f6c1a0b5c5d	L1603716-R004,L1603717-R001
Ps	121	7	11Q5	1606836	PARTLY_RECONSTRUCTED	9	33	29	7	1	21	7	1	0	1	0	0	0	0	passage_status/DSS-Psalms-Passage-Status.txt	696363	765	82daa6d0693a4dfa5a8cdfd1873cc4e360f903ec2a5115f2c60f5041a574a31d	L1603717-R002,L1603717-R003,L1603718-R001
Ps	121	8	11Q5	1606836	PARTLY_RECONSTRUCTED	10	31	27	3	1	23	5	1	0	1	0	0	0	0	passage_status/DSS-Psalms-Passage-Status.txt	697128	734	7f1765dc4afab84f2e93aa253f2cdced80063c24bdb053900d56b73f5990f151	L1603718-R002
Ps	122	1	11Q5	1606836	PARTLY_RECONSTRUCTED	13	41	38	13	0	25	14	0	0	1	0	0	0	0	passage_status/DSS-Psalms-Passage-Status.txt	697862	779	b3d183e396cf428fcc414db146c24744ee2a0b5268dcb9d43a74ea428532dc59	L1603719-R001,L1603720-R001,L1603720-R002,L1603720-R003
Ps	122	2	11Q5	1606836	PARTLY_RECONSTRUCTED	7	30	26	2	1	23	2	1	0	1	0	0	0	0	passage_status/DSS-Psalms-Passage-Status.txt	698641	749	c6179de4b5ec7181c6cf89c88aedd328fbc7146b3f25bc08cfd7fa13e295835a	L1603720-R004,L1603721-R001
Ps	122	3	11Q5	1606836	NO_LETTER_RECONSTRUCTION_MARKED	9	27	24	0	0	23	0	0	0	1	0	1	0	0	passage_status/DSS-Psalms-Passage-Status.txt	699390	744	5319a836b92ba01698ff082d557109015ffbf5967e5464c8fce7d2bb6cdb22b8	L1603721-R002
Ps	122	4	11Q5	1606836	PARTLY_RECONSTRUCTED	13	41	38	14	0	24	14	0	0	1	0	0	0	0	passage_status/DSS-Psalms-Passage-Status.txt	700134	779	7e8d9f02fcaeedcb19f3bac88a5249f71b61d71826ede07bfba6f5361c23fac4	L1603721-R003,L1603722-R001,L1603722-R002,L1603722-R003
Ps	122	5	11Q5	1606836	PARTLY_RECONSTRUCTED	11	33	30	12	2	16	13	2	0	1	0	0	0	0	passage_status/DSS-Psalms-Passage-Status.txt	700913	752	5bcb8f40e3fae95f91cb452e13aa749cd64a774a709b332730081f6c50e9a927	L1603722-R004,L1603723-R001
Ps	122	6	11Q5	1606836	PARTLY_RECONSTRUCTED	7	32	28	9	0	17	9	1	0	1	0	0	3	0	passage_status/DSS-Psalms-Passage-Status.txt	701665	749	6e55adac08b7c3156a09352049159d95ef3d597285e4cfab60eb31d9fcc03eb9	L1603723-R002,L1603724-R001
Ps	122	7	11Q5	1606836	NO_LETTER_RECONSTRUCTION_MARKED	9	31	27	0	0	27	0	0	0	1	0	0	0	0	passage_status/DSS-Psalms-Passage-Status.txt	702414	739	0147a9c3987e8532bf84cc1b346dd8dd84298275277ad567fe77d1e70d5f2801	L1603724-R002
Ps	122	8	11Q5	1606836	PARTLY_RECONSTRUCTED	8	27	22	8	1	13	9	1	0	1	0	0	0	0	passage_status/DSS-Psalms-Passage-Status.txt	703153	749	f8d07155e9da4d4f56b01d8c3c34f88fdd50ce1401a9281f4a8137a530ed96e2	L1603724-R003,L1603725-R001
Ps	122	9	11Q5	1606836	PARTLY_RECONSTRUCTED	8	33	29	9	1	19	10	1	0	1	0	0	0	0	passage_status/DSS-Psalms-Passage-Status.txt	703902	782	2d63f93468deec98257bd4e2e05446048ab33280c1e9c6078406727ca54010d1	L1603725-R002,L1603725-R003,L1603725-R004,L1603726-R001
Ps	123	1	11Q5	1606836	PARTLY_RECONSTRUCTED	12	39	35	6	1	27	6	1	0	1	0	1	0	0	passage_status/DSS-Psalms-Passage-Status.txt	704684	739	7cc199a04be39a644c111c7c6c4f3562fef3b4298cbf8487ccf1212bf0376afd	L1603727-R001
Ps	123	2	11Q5	1606836	PARTLY_RECONSTRUCTED	16	50	46	29	7	10	32	7	0	1	0	0	0	0	passage_status/DSS-Psalms-Passage-Status.txt	705423	758	2d98b35487d4ed467e5d385a93e55b2f598ba24f06835f95cfb2d50a6d3799c4	L1603727-R002,L1603728-R001
Ps	124	7	11Q5	1606836	PARTLY_RECONSTRUCTED	7	21	19	12	1	6	12	1	0	1	0	5	0	0	passage_status/DSS-Psalms-Passage-Status.txt	706181	739	0fa66eebd96314039c4dccd20e842b6b28b5fbe80ed1678d2005e9d5de243637	L1603729-R001
Ps	124	8	11Q5	1606836	PARTLY_RECONSTRUCTED	9	28	25	8	0	17	10	0	0	1	0	0	0	0	passage_status/DSS-Psalms-Passage-Status.txt	706920	777	4deceb5adeb0950a75cda8fecf36b195f8d93fd0bf92b7ec0786bc9f303fa5c6	L1603729-R002,L1603729-R003,L1603729-R004,L1603730-R001
Ps	125	1	11Q5	1606836	PARTLY_RECONSTRUCTED	17	46	44	19	0	25	19	0	0	1	0	0	0	0	passage_status/DSS-Psalms-Passage-Status.txt	707697	779	36203d767bd768b49d744e322d8b9525734d61ffe44200e0698de5c551ec58c8	L1603731-R001,L1603731-R002,L1603731-R003,L1603732-R001
Ps	125	2	11Q5	1606836	PARTLY_RECONSTRUCTED	14	44	40	9	1	30	10	1	0	1	0	0	0	0	passage_status/DSS-Psalms-Passage-Status.txt	708476	767	eb73c34bcd5c50558f926baba6de98fd6aa19b1fc1e36fac34f2cabbeb481078	L1603732-R002,L1603732-R003,L1603733-R001
Ps	125	3	11Q5	1606836	PARTLY_RECONSTRUCTED	19	63	59	13	1	45	16	1	0	1	0	0	0	0	passage_status/DSS-Psalms-Passage-Status.txt	709243	768	171d33cb87766b92b80cee0ba28278b2425f452b214ddc6e23a39fb8e3245010	L1603733-R002,L1603734-R001,L1603735-R001
Ps	125	4	11Q5	1606836	PARTLY_RECONSTRUCTED	10	29	26	4	1	21	4	1	0	1	0	0	0	0	passage_status/DSS-Psalms-Passage-Status.txt	710011	766	16b2ea6f5f8318f97fd8136a898931e3dc2fbb5a17c8f5e32502779f83ab3d9c	L1603735-R002,L1603735-R003,L1603735-R004
Ps	125	5	11Q5	1606836	PARTLY_RECONSTRUCTED	11	45	42	9	0	33	10	0	0	1	0	0	0	0	passage_status/DSS-Psalms-Passage-Status.txt	710777	778	c9961fceff425333208713a2fd0cf82c9a8f3fa3f5c4408b4b753313a437e197	L1603735-R005,L1603736-R001,L1603736-R002,L1603736-R003
Ps	126	1	11Q5	1606836	PARTLY_RECONSTRUCTED	13	41	39	10	1	28	10	1	0	1	0	0	0	0	passage_status/DSS-Psalms-Passage-Status.txt	711555	768	52b84d4900d0ca5aceae84093ee05459c911ac92f9d2dd2fba74583756b27426	L1603737-R001,L1603737-R002,L1603738-R001
Ps	126	2	11Q5	1606836	PARTLY_RECONSTRUCTED	18	60	56	9	1	46	11	1	0	1	0	0	0	0	passage_status/DSS-Psalms-Passage-Status.txt	712323	799	3ce1f607b4dbfb8fab99a14875907b15fd3ff211626b5db6778dfdceff59e567	L1603738-R002,L1603739-R001,L1603739-R002,L1603739-R003,L1603740-R001
Ps	126	3	11Q5	1606836	PARTLY_RECONSTRUCTED	8	31	28	3	1	24	3	1	0	1	0	0	0	0	passage_status/DSS-Psalms-Passage-Status.txt	713122	765	1ef2f847513fad117d6e7a994098a8910d4e9e82d9326813ea2256e33245df53	L1603740-R002,L1603740-R003,L1603740-R004
Ps	126	4	11Q5	1606836	PARTLY_RECONSTRUCTED	9	32	28	6	0	22	7	0	0	1	0	0	0	0	passage_status/DSS-Psalms-Passage-Status.txt	713887	760	3f94f3708a78b0ef99668882f6baea644e9c47479fa8bf6b9690d580e727231f	L1603741-R001,L1603741-R002,L1603741-R003
Ps	126	5	11Q5	1606836	PARTLY_RECONSTRUCTED	8	24	22	8	1	13	8	1	0	1	0	0	0	0	passage_status/DSS-Psalms-Passage-Status.txt	714647	749	621f534ed3da58d97f816916e87d3a20ff62d87dfb76917c53e7a79d580e85cc	L1603741-R004,L1603742-R001
Ps	126	6	11Q5	1606836	PARTLY_RECONSTRUCTED	15	49	46	9	1	36	9	1	0	1	0	0	0	0	passage_status/DSS-Psalms-Passage-Status.txt	715396	750	d15a299fe7529c39a12206588c80d88bead6c7a0703b6644bc9d163549f1971c	L1603742-R002,L1603743-R001
Ps	127	1	11Q5	1606836	PARTLY_RECONSTRUCTED	12	36	34	16	3	15	16	3	0	1	0	0	0	0	passage_status/DSS-Psalms-Passage-Status.txt	716146	768	caf5d764a57ca6722ef19b308080316120506399e25f3bae796db0655ba42429	L1603744-R001,L1603744-R002,L1603744-R003
Ps	128	3	11Q5	1606836	PARTLY_RECONSTRUCTED	3	10	7	6	1	0	9	1	0	1	0	0	0	0	passage_status/DSS-Psalms-Passage-Status.txt	716914	731	eb86aa488cafa5582efdb8156e8a6085add807176503553bf180c44b9d27c51d	L1603745-R001
Ps	128	4	11Q5	1606836	PARTLY_RECONSTRUCTED	8	26	23	13	1	9	14	1	0	1	0	0	0	0	passage_status/DSS-Psalms-Passage-Status.txt	717645	766	d08e78fe110fd7c25f60b039b1e93c3139a938eb38a7ffb10235a5bb7ef5a69b	L1603745-R002,L1603745-R003,L1603745-R004
Ps	128	5	11Q5	1606836	PARTLY_RECONSTRUCTED	13	46	42	18	1	23	18	1	0	1	0	0	0	0	passage_status/DSS-Psalms-Passage-Status.txt	718411	752	736079f9be47c7d9e8915b598e93c0d815906c87f088ed2e200e94b907fd7bb2	L1603745-R005,L1603746-R001
Ps	128	6	11Q5	1606836	PARTLY_RECONSTRUCTED	9	28	25	16	1	8	19	1	0	1	0	0	0	0	passage_status/DSS-Psalms-Passage-Status.txt	719163	750	98e18dfddf1eedbd96d5107a152b21e73d5ec6fdbd1bc57a10e692599dec2d62	L1603746-R002,L1603747-R001
Ps	129	1	11Q5	1606836	PARTLY_RECONSTRUCTED	11	41	37	14	1	22	14	1	0	1	0	0	0	0	passage_status/DSS-Psalms-Passage-Status.txt	719913	736	8ace4289bd4b929f363929b4411e3b761b7272d4cac76d2a8d243cef0d597df9	L1603748-R001
Ps	129	2	11Q5	1606836	PARTLY_RECONSTRUCTED	9	33	28	16	1	11	18	1	0	1	0	0	0	0	passage_status/DSS-Psalms-Passage-Status.txt	720649	751	bb2685d4b54089429fde60a445ae517fdb09f74eecfb9ec7ed672f804aa1d832	L1603748-R002,L1603749-R001
Ps	129	3	11Q5	1606836	PARTLY_RECONSTRUCTED	8	31	27	13	0	14	16	0	0	1	0	0	0	0	passage_status/DSS-Psalms-Passage-Status.txt	721400	746	1be4cb4a18b4db2c44640c7c3df9d285d4e9baf5019365af2cd72d44024343f8	L1603749-R002,L1603750-R001
Ps	129	4	11Q5	1606836	NO_LETTER_RECONSTRUCTION_MARKED	6	23	21	0	1	20	0	1	0	1	0	0	0	0	passage_status/DSS-Psalms-Passage-Status.txt	722146	744	814277671aa4f49da133519b620e49764bce4c80410bf441899e257e0bdf7fd8	L1603750-R002
Ps	129	5	11Q5	1606836	PARTLY_RECONSTRUCTED	8	26	24	12	1	11	12	1	0	1	0	0	0	0	passage_status/DSS-Psalms-Passage-Status.txt	722890	751	c74a1214a0b76e4feee25b080087d56c2baa57c28bcb9e4a766f86e564cfee47	L1603750-R003,L1603751-R001
Ps	129	6	11Q5	1606836	PARTLY_RECONSTRUCTED	9	26	24	1	0	23	3	0	0	1	0	0	0	0	passage_status/DSS-Psalms-Passage-Status.txt	723641	744	ced8edd7f2936fac3fec2217daed7c6e2b3e2c7cad4b9944302da5f96b085af7	L1603751-R002,L1603752-R001
Ps	129	7	11Q5	1606836	PARTLY_RECONSTRUCTED	9	28	24	12	2	10	13	2	0	1	0	0	0	0	passage_status/DSS-Psalms-Passage-Status.txt	724385	741	d5b77fe18cbbda2919228fd20fbfea544487137f443564717569e5e0ba5c3ce8	L1603752-R002
Ps	129	8	11Q5	1606836	PARTLY_RECONSTRUCTED	17	60	55	11	1	43	11	1	0	1	0	0	0	0	passage_status/DSS-Psalms-Passage-Status.txt	725126	816	3d3b6345ffc40f4b6ad7daff576681eccfd1064033a104d0f5f15cd5575f00a5	L1603752-R003,L1603753-R001,L1603753-R002,L1603753-R003,L1603753-R004,L1603753-R005
Ps	130	1	11Q5	1606836	PARTLY_RECONSTRUCTED	8	30	27	6	0	21	9	0	0	1	0	0	0	0	passage_status/DSS-Psalms-Passage-Status.txt	725942	744	09d41643b7ec30f0da0358a1b30d977e0ce355851f340a6258b535e711afc3db	L1603754-R001,L1603755-R001
Ps	130	2	11Q5	1606836	PARTLY_RECONSTRUCTED	13	49	42	17	1	24	20	1	0	1	0	0	0	0	passage_status/DSS-Psalms-Passage-Status.txt	726686	752	4df1a5f5ca3aca489b33b3dc6904f9b59b0966ebb339dd32ada36f3eff064028	L1603755-R002,L1603756-R001
Ps	130	3	11Q5	1606836	PARTLY_RECONSTRUCTED	8	28	26	9	1	16	9	1	0	1	0	0	0	0	passage_status/DSS-Psalms-Passage-Status.txt	727438	733	216420b7a7248c03ab9c91781456d18837999c6cdb463fd2a1d7c6ddd4c08b73	L1603756-R002
Ps	130	4	11Q5	1606836	PARTLY_RECONSTRUCTED	7	23	20	8	0	12	10	0	0	1	0	0	0	0	passage_status/DSS-Psalms-Passage-Status.txt	728171	745	8c61c4e545862d065298f08651d7d5f47a55277b7c7cdb734bfadeec97c167d7	L1603756-R003,L1603757-R001
Ps	130	5	11Q5	1606836	PARTLY_RECONSTRUCTED	8	32	28	8	1	19	8	1	0	1	0	0	0	0	passage_status/DSS-Psalms-Passage-Status.txt	728916	765	a360cf2fed25d3b180b3140ae003f891e6ea683c3087109c3a3fe96b61f8c291	L1603757-R002,L1603757-R003,L1603757-R004
Ps	130	6	11Q5	1606836	PARTLY_RECONSTRUCTED	12	42	39	18	1	20	19	1	0	1	0	0	0	0	passage_status/DSS-Psalms-Passage-Status.txt	729681	752	61abc3f9a2e82994d9ed9f1fc75cf0cd197f8691e3ca31662f556fd6aec574b3	L1603757-R005,L1603758-R001
Ps	130	7	11Q5	1606836	PARTLY_RECONSTRUCTED	14	38	35	14	1	20	14	1	0	1	0	0	0	0	passage_status/DSS-Psalms-Passage-Status.txt	730433	816	c490179e5d4472c24b324ab2d4086163f9c460fd32a5c97d887d7d7c9d53dfc9	L1603758-R002,L1603759-R001,L1603759-R002,L1603759-R003,L1603759-R004,L1603759-R005
Ps	130	8	11Q5	1606836	PARTLY_RECONSTRUCTED	8	26	23	13	1	9	14	1	0	1	0	0	0	0	passage_status/DSS-Psalms-Passage-Status.txt	731249	750	0b500cd354a467713468ffeb6151472fd87882e050e1a9b8a402ae3937653e7f	L1603759-R006,L1603760-R001
Ps	131	1	11Q5	1606836	PARTLY_RECONSTRUCTED	14	42	38	35	3	0	37	3	0	1	0	0	0	0	passage_status/DSS-Psalms-Passage-Status.txt	731999	773	14ea16fccc45c59bb4d2f62692ad87dad6fb491e76058458d8bac2aa6239f356	L1603761-R001,L1603761-R002,L1603761-R003
Ps	132	8	11Q5	1606836	PARTLY_RECONSTRUCTED	7	25	21	3	5	13	3	5	0	1	0	0	0	0	passage_status/DSS-Psalms-Passage-Status.txt	732772	739	33346e5a822b533715327ed88b3a9bcd731bd15b5e80a19944d442101fb79449	L1603762-R001
Ps	132	9	11Q5	1606836	NO_LETTER_RECONSTRUCTION_MARKED	7	32	28	0	0	28	0	0	0	1	0	0	0	0	passage_status/DSS-Psalms-Passage-Status.txt	733511	755	8269958fb587697ff96a101b996839cfc06ecdb815d02964a4749406fe3faa6d	L1603762-R002,L1603763-R001
Ps	132	10	11Q5	1606836	NO_LETTER_RECONSTRUCTION_MARKED	10	36	28	0	1	27	0	4	0	2	0	0	3	0	passage_status/DSS-Psalms-Passage-Status.txt	734266	752	9d9da3dd98a57015e352bdef13b77d670b46da2eb513e0600fcbd1fc70a991f3	L1603763-R002
Ps	132	11	11Q5	1606836	PARTLY_RECONSTRUCTED	17	55	50	5	0	45	5	0	0	1	0	0	0	0	passage_status/DSS-Psalms-Passage-Status.txt	735018	779	3bf83b72503811aee26100e8a851855af67172eee60e11553b14b9aa1cc51500	L1603763-R003,L1603764-R001,L1603764-R002,L1603765-R001
Ps	132	12	11Q5	1606836	PARTLY_RECONSTRUCTED	17	63	55	5	3	47	6	3	0	1	0	0	0	0	passage_status/DSS-Psalms-Passage-Status.txt	735797	758	e3911f9531a81c81f988a891313f39c0bf6e3c14b2abfd1967d8bb1601249d72	L1603765-R002,L1603766-R001
Ps	132	13	11Q5	1606836	PARTLY_RECONSTRUCTED	10	28	24	2	0	22	3	0	0	1	0	0	0	0	passage_status/DSS-Psalms-Passage-Status.txt	736555	763	6da76b399a0fb088b3aa295a1b2ad447d7a9ae802ffcc8ba184a83a50600a61d	L1603766-R002,L1603767-R001,L1603767-R002
Ps	132	14	11Q5	1606836	PARTLY_RECONSTRUCTED	9	32	28	2	0	26	3	0	0	1	0	0	0	0	passage_status/DSS-Psalms-Passage-Status.txt	737318	746	46972b5f704be6372301b4d0ba9d625fcc9687182f3ce4872330424c2507b13c	L1603767-R003,L1603768-R001
Ps	132	15	11Q5	1606836	PARTLY_RECONSTRUCTED	7	30	26	4	3	19	5	3	0	1	0	0	0	0	passage_status/DSS-Psalms-Passage-Status.txt	738064	751	028b280dd7164b3dfc73cfb6d994437023c35cfc43eed9c95d3a45bb6ccc0640	L1603768-R002,L1603769-R001
Ps	132	16	11Q5	1606836	PARTLY_RECONSTRUCTED	8	32	28	3	3	22	3	3	0	1	0	0	0	0	passage_status/DSS-Psalms-Passage-Status.txt	738815	741	9761a5187aac1f3533b186243d6ab3522556820ad435a6f49361a44a7077a40c	L1603769-R002
Ps	132	17	11Q5	1606836	PARTLY_RECONSTRUCTED	10	31	28	3	3	22	3	3	0	1	0	0	0	0	passage_status/DSS-Psalms-Passage-Status.txt	739556	758	e3fc46bbcdcd51b880908bc968555989c58b362cb9ddfe6398e7dcbacfd8bfc2	L1603769-R003,L1603770-R001
Ps	132	18	11Q5	1606836	NO_LETTER_RECONSTRUCTION_MARKED	8	33	28	0	0	28	0	0	0	1	0	0	0	0	passage_status/DSS-Psalms-Passage-Status.txt	740314	757	9915cada0d5113866cd27fc7cb2cc067bcc087b926c34a5d7638da62d30adc0c	L1603770-R002,L1603771-R001
Ps	119	1	11Q5	1606836	PARTLY_RECONSTRUCTED	9	30	28	6	1	21	6	1	0	1	0	0	0	0	passage_status/DSS-Psalms-Passage-Status.txt	741071	765	aca768e0fcb19ddc0304e4b0ffc965756bb4622c43408a44d22099018b22744e	L1603772-R001,L1603772-R002,L1603772-R003
Ps	119	2	11Q5	1606836	PARTLY_RECONSTRUCTED	8	31	27	14	0	13	15	0	0	1	0	0	0	0	passage_status/DSS-Psalms-Passage-Status.txt	741836	730	5741095f9b9c31a31d194e137a737dfc53809b85698206eaaa9c5d5fe653dd38	L1603773-R001
Ps	119	3	11Q5	1606836	PARTLY_RECONSTRUCTED	8	25	22	14	0	8	14	0	0	1	0	0	0	0	passage_status/DSS-Psalms-Passage-Status.txt	742566	729	79df3d5fb37d3e50d5703a9b4976369840bd945f9edb58d73147d94e073d0da2	L1603774-R001
Ps	119	4	11Q5	1606836	PARTLY_RECONSTRUCTED	7	28	24	15	0	9	16	0	0	1	0	0	0	0	passage_status/DSS-Psalms-Passage-Status.txt	743295	729	7bc065a1d9d04928041ec07100ccb3e7079447a6aa9cbbad28ebb0b45e54a989	L1603775-R001
Ps	119	5	11Q5	1606836	PARTLY_RECONSTRUCTED	7	27	23	16	0	7	17	0	0	1	0	0	0	0	passage_status/DSS-Psalms-Passage-Status.txt	744024	729	6f784391229b3d94211398a77b8f238e278b260aeeb1d1210b135253df13701b	L1603776-R001
Ps	119	6	11Q5	1606836	PARTLY_RECONSTRUCTED	9	30	26	14	0	12	15	0	0	1	0	0	0	0	passage_status/DSS-Psalms-Passage-Status.txt	744753	730	4668bc9b304cf24be1b37505b894e4c930eeb4d0193fa3bbcab0d18a490deb3f	L1603777-R001
Ps	119	15	11Q5	1606836	NO_LETTER_RECONSTRUCTION_MARKED	7	32	28	0	0	28	0	0	0	1	0	0	0	0	passage_status/DSS-Psalms-Passage-Status.txt	745483	741	88443ebc389f39b5601006a95e94e824d0b61bef32f4f77e4219c237f8bb138d	L1603778-R001
Ps	119	16	11Q5	1606836	NO_LETTER_RECONSTRUCTION_MARKED	7	30	26	0	0	26	0	0	0	1	0	0	0	0	passage_status/DSS-Psalms-Passage-Status.txt	746224	741	d35ac9c9daaca25cc086e93e76e69f7be9dd49ace0153bb336979eaed4ce592e	L1603779-R001
Ps	119	17	11Q5	1606836	NO_LETTER_RECONSTRUCTION_MARKED	9	33	29	0	0	29	0	0	0	1	0	0	0	0	passage_status/DSS-Psalms-Passage-Status.txt	746965	741	530cd13641e8e79f5e5a79c2dc011184af89de8709332ff22ce6bf5df3d1c4ef	L1603780-R001
Ps	119	18	11Q5	1606836	NO_LETTER_RECONSTRUCTION_MARKED	8	31	27	0	0	27	0	0	0	1	0	0	0	0	passage_status/DSS-Psalms-Passage-Status.txt	747706	741	1ef51fac688214da8704975b41bfa392be1b67e3e38a7056e19c00e414181674	L1603781-R001
Ps	119	19	11Q5	1606836	NO_LETTER_RECONSTRUCTION_MARKED	9	33	29	0	0	29	0	0	0	1	0	0	0	0	passage_status/DSS-Psalms-Passage-Status.txt	748447	741	29ec732a76c61544efb64986acab56225dafd348f3012abebab93435b2fabddf	L1603782-R001
Ps	119	20	11Q5	1606836	NO_LETTER_RECONSTRUCTION_MARKED	10	32	28	0	0	28	0	0	0	1	0	0	0	0	passage_status/DSS-Psalms-Passage-Status.txt	749188	742	e3ef8bbd26ea4701331438b0fb65cd4b18b74de2ab1bfa1ef5cbb0c2a8bca9e1	L1603783-R001
Ps	119	21	11Q5	1606836	NO_LETTER_RECONSTRUCTION_MARKED	8	33	30	0	0	30	0	0	0	1	0	0	0	0	passage_status/DSS-Psalms-Passage-Status.txt	749930	741	15ff2a8abfb6142f0b658bd479853cfff549a04197585c23b9c414c780d9b464	L1603784-R001
Ps	119	22	11Q5	1606836	NO_LETTER_RECONSTRUCTION_MARKED	10	34	30	0	0	30	0	0	0	1	0	0	0	0	passage_status/DSS-Psalms-Passage-Status.txt	750671	742	7989eb952e3a845e5d2467b2085642b2bbd06ce2b74fb4dd32c74f11ebc38e68	L1603785-R001
Ps	119	23	11Q5	1606836	NO_LETTER_RECONSTRUCTION_MARKED	10	38	33	0	0	33	0	0	0	1	0	0	0	0	passage_status/DSS-Psalms-Passage-Status.txt	751413	742	bf17616ae32060f47a2b35328d5d1bab51b93fdb9dc3c98d9bce56803aeab73d	L1603786-R001
Ps	119	24	11Q5	1606836	NO_LETTER_RECONSTRUCTION_MARKED	6	29	24	0	3	21	0	3	0	1	0	0	0	0	passage_status/DSS-Psalms-Passage-Status.txt	752155	758	0a358897d00fe988852b3e9256d0c0c7a568f941ef05af35a3337fd704c30781	L1603787-R001
Ps	119	25	11Q5	1606836	PARTLY_RECONSTRUCTED	8	27	22	12	1	9	15	1	0	1	0	0	0	0	passage_status/DSS-Psalms-Passage-Status.txt	752913	736	7113bf2be58c63bb20a7b17552f2ba536d9dfa11dfa61c1726983258b9f936c9	L1603788-R001
Ps	119	26	11Q5	1606836	PARTLY_RECONSTRUCTED	7	32	26	14	1	11	17	1	0	1	0	0	0	0	passage_status/DSS-Psalms-Passage-Status.txt	753649	737	f618427f40e6a4963525efb4df764ff6a2b7b1faa96807f29c4f40c6263fd5cf	L1603789-R001
Ps	119	27	11Q5	1606836	PARTLY_RECONSTRUCTED	8	37	32	14	1	16	15	1	0	1	0	1	0	0	passage_status/DSS-Psalms-Passage-Status.txt	754386	742	6a9a157948bda181cb0bf680d95978bd0e6e31fef6876df972534d1aed7d53d4	L1603790-R001
Ps	119	28	11Q5	1606836	PARTLY_RECONSTRUCTED	8	29	24	13	1	10	15	1	0	1	0	0	0	0	passage_status/DSS-Psalms-Passage-Status.txt	755128	737	2fdc63a4d7407d92cb9c30746a7e273920a69006ae0c4a5f7f86594702e2dad2	L1603791-R001
Ps	119	37	11Q5	1606836	NO_LETTER_RECONSTRUCTION_MARKED	9	32	27	0	0	27	0	0	0	1	0	0	0	0	passage_status/DSS-Psalms-Passage-Status.txt	755865	741	1330de312f2c72946874330f2505615665018446a09236c5dd891f7b748287d3	L1603792-R001
Ps	119	38	11Q5	1606836	NO_LETTER_RECONSTRUCTION_MARKED	8	30	25	0	0	25	0	0	0	1	0	0	0	0	passage_status/DSS-Psalms-Passage-Status.txt	756606	741	df4e3bda286d469e4f0897085a72cbee5363bb9d92ac367aae4968ad244e19f1	L1603793-R001
Ps	119	39	11Q5	1606836	NO_LETTER_RECONSTRUCTION_MARKED	8	35	31	0	0	31	0	0	0	1	0	0	0	0	passage_status/DSS-Psalms-Passage-Status.txt	757347	741	5db2f6715043a5e407d27392828b8eb24121f2dfea00f3409b2089f5c4bf8fd0	L1603794-R001
Ps	119	40	11Q5	1606836	NO_LETTER_RECONSTRUCTION_MARKED	8	33	28	0	0	28	0	0	0	1	0	0	0	0	passage_status/DSS-Psalms-Passage-Status.txt	758088	741	12a0ad1bc5fbdb0ec2417ca72c90a784f50d2327675d43c948d4bb750614b7c5	L1603795-R001
Ps	119	41	11Q5	1606836	NO_LETTER_RECONSTRUCTION_MARKED	8	34	29	0	0	29	0	0	0	1	0	0	0	0	passage_status/DSS-Psalms-Passage-Status.txt	758829	773	f88f3809fbe0d672e2f9eef64a8b0326ba845d1e54ccab57ccb33d3b6d48e3e5	L1603796-R001,L1603796-R002,L1603796-R003
Ps	119	42	11Q5	1606836	NO_LETTER_RECONSTRUCTION_MARKED	9	30	26	0	0	25	0	0	0	1	0	1	0	0	passage_status/DSS-Psalms-Passage-Status.txt	759602	746	606788bddf219b9b6fa8e6fcd8a783a33df54f3eb9e973c2ef217c13b3244eab	L1603797-R001
Ps	119	43	11Q5	1606836	NO_LETTER_RECONSTRUCTION_MARKED	14	41	36	0	0	36	0	0	0	1	0	0	0	0	passage_status/DSS-Psalms-Passage-Status.txt	760348	742	7d0dfa964317a749c8ebef09c6f1800ea6a7188e4376811c9a015e3d8aacb126	L1603798-R001
Ps	119	44	11Q5	1606836	NO_LETTER_RECONSTRUCTION_MARKED	7	23	20	0	0	20	0	0	0	1	0	0	0	0	passage_status/DSS-Psalms-Passage-Status.txt	761090	741	371eec7bcb459767024fb0844fc09460875fa1471fb3f38a2cc5665bd07a4b88	L1603799-R001
Ps	119	45	11Q5	1606836	NO_LETTER_RECONSTRUCTION_MARKED	8	32	28	0	0	28	0	0	0	1	0	0	0	0	passage_status/DSS-Psalms-Passage-Status.txt	761831	757	02171994dd803b041ac9d6f543eff6ae81088bb47afc09694d4dc6faf49e2301	L1603799-R002,L1603800-R001
Ps	119	46	11Q5	1606836	PARTLY_RECONSTRUCTED	10	34	31	1	3	27	1	3	0	1	0	0	0	0	passage_status/DSS-Psalms-Passage-Status.txt	762588	748	4641b94da23879e0676f6c52c37b494761784aa2971294f2769a53067500b562	L1603801-R001
Ps	119	47	11Q5	1606836	PARTLY_RECONSTRUCTED	7	28	25	8	1	16	9	1	0	1	0	0	0	0	passage_status/DSS-Psalms-Passage-Status.txt	763336	735	1167f95eda5ceaf1517d520b988658f4a4329e7dabdf1a85c6c23d7ee96db5d7	L1603802-R001
Ps	119	48	11Q5	1606836	PARTLY_RECONSTRUCTED	12	43	38	6	0	32	7	0	0	1	0	0	0	0	passage_status/DSS-Psalms-Passage-Status.txt	764071	731	7db623ec55659f5f965f9ced96753289a5a674e861c1959fccf408ea07439136	L1603803-R001
Ps	119	49	11Q5	1606836	PARTLY_RECONSTRUCTED	8	33	27	9	1	17	10	1	0	1	0	0	0	0	passage_status/DSS-Psalms-Passage-Status.txt	764802	736	34e335fc463b37590347c1be7905ebd3007712cd20b075d33cb0599e657c7620	L1603804-R001
Ps	119	59	11Q5	1606836	NO_LETTER_RECONSTRUCTION_MARKED	8	34	29	0	0	29	0	0	0	1	0	0	0	0	passage_status/DSS-Psalms-Passage-Status.txt	765538	741	196bed39dd1f8b8ecb2f664988fd3e42f745aeae208c1f96218d8bb6f97a078c	L1603805-R001
Ps	119	60	11Q5	1606836	NO_LETTER_RECONSTRUCTION_MARKED	8	32	29	0	0	29	0	0	0	1	0	0	0	0	passage_status/DSS-Psalms-Passage-Status.txt	766279	741	5aec07d23cbbd341ac1a8edface74de1d7dd875f48586211cdec32d976709d4a	L1603806-R001
Ps	119	61	11Q5	1606836	NO_LETTER_RECONSTRUCTION_MARKED	7	33	29	0	0	29	0	0	0	1	0	0	0	0	passage_status/DSS-Psalms-Passage-Status.txt	767020	741	5ae26e195688aab91d57dab1a50926e37bf672d463a6f08f5f4ea6a6fb426e85	L1603807-R001
Ps	119	62	11Q5	1606836	NO_LETTER_RECONSTRUCTION_MARKED	10	37	33	0	0	33	0	0	0	1	0	0	0	0	passage_status/DSS-Psalms-Passage-Status.txt	767761	742	996eeb94ac60a9f5f097b3661517431f4d1713bdb039e4d7dbf51f6d7ecdf1f7	L1603808-R001
Ps	119	63	11Q5	1606836	NO_LETTER_RECONSTRUCTION_MARKED	11	37	33	0	0	33	0	0	0	1	0	0	0	0	passage_status/DSS-Psalms-Passage-Status.txt	768503	742	906f79e84ad3f2d7fc6332f1535a6703981ee82c705203b68c72b4e7dc4a8ccd	L1603809-R001
Ps	119	64	11Q5	1606836	NO_LETTER_RECONSTRUCTION_MARKED	8	32	27	0	0	27	0	0	0	1	0	0	0	0	passage_status/DSS-Psalms-Passage-Status.txt	769245	773	bff085f12a649ebb21bff3d6aac8b2fccf9a0115aa9056d15e2137576feaf184	L1603810-R001,L1603810-R002,L1603810-R003
Ps	119	65	11Q5	1606836	NO_LETTER_RECONSTRUCTION_MARKED	8	29	25	0	0	25	0	0	0	1	0	0	0	0	passage_status/DSS-Psalms-Passage-Status.txt	770018	773	9cfffc5493532173b069493a9612f687f96d995b1af6da60ea66b899200857cd	L1603811-R001,L1603811-R002,L1603811-R003
Ps	119	66	11Q5	1606836	NO_LETTER_RECONSTRUCTION_MARKED	10	36	32	0	0	32	0	0	0	1	0	0	0	0	passage_status/DSS-Psalms-Passage-Status.txt	770791	742	13f5bde5fbd03ae6ed2ae571ca320fc8213665e59fd399f3ff33f13315761464	L1603812-R001
Ps	119	67	11Q5	1606836	NO_LETTER_RECONSTRUCTION_MARKED	9	32	29	0	0	29	0	0	0	1	0	0	0	0	passage_status/DSS-Psalms-Passage-Status.txt	771533	741	e5c754f72a64a3ba94a154bcbd7d05438ead48d2c2a7311bcc0b99f6dd793749	L1603813-R001
Ps	119	68	11Q5	1606836	NO_LETTER_RECONSTRUCTION_MARKED	8	31	27	0	0	27	0	0	0	1	0	0	0	0	passage_status/DSS-Psalms-Passage-Status.txt	772274	741	a4078a0db98715b9cee44bb981a69ca104210d2a6a2e4be85c9e18b129db802c	L1603814-R001
Ps	119	69	11Q5	1606836	PARTLY_RECONSTRUCTED	11	39	35	1	2	32	1	2	0	1	0	0	0	0	passage_status/DSS-Psalms-Passage-Status.txt	773015	742	0dc394b683f6662cf2043248b317069f3428244de5354c12e55d1ca1d23aed07	L1603815-R001
Ps	119	70	11Q5	1606836	PARTLY_RECONSTRUCTED	8	30	25	2	2	21	2	2	0	1	0	0	0	0	passage_status/DSS-Psalms-Passage-Status.txt	773757	735	f85a29aa10dea594d4f4ba7cf2d38594dfdcbc3108a8006a214783b4e9eaa3ba	L1603816-R001
Ps	119	71	11Q5	1606836	PARTLY_RECONSTRUCTED	8	32	27	4	1	22	4	1	0	1	0	0	0	0	passage_status/DSS-Psalms-Passage-Status.txt	774492	735	64a2062e36b568aedf3a3dcc50a9880f7c6bb45d945d9daf99f6b0163c03d678	L1603817-R001
Ps	119	72	11Q5	1606836	PARTLY_RECONSTRUCTED	10	28	24	7	1	16	7	1	0	1	0	0	0	0	passage_status/DSS-Psalms-Passage-Status.txt	775227	736	4e537bfc48064f1e4923e492398fbd1959a285dadf9a8fc861876b49ae5b3c0b	L1603818-R001
Ps	119	73	11Q5	1606836	PARTLY_RECONSTRUCTED	9	45	38	36	2	0	41	2	0	1	0	0	0	0	passage_status/DSS-Psalms-Passage-Status.txt	775963	736	8f29ca1fb9246415221b942bfaf9ca302b121a1074173a7ceb6b82ef1c5e2672	L1603819-R001
Ps	119	82	11Q5	1606836	NO_LETTER_RECONSTRUCTION_MARKED	9	34	29	0	0	29	0	0	0	1	0	0	0	0	passage_status/DSS-Psalms-Passage-Status.txt	776699	741	e69d9b5268a193c89112b64ccc9716cfba47a9173ed6115110c201eb7952e452	L1603820-R001
Ps	119	83	11Q5	1606836	NO_LETTER_RECONSTRUCTION_MARKED	10	36	32	0	0	32	0	0	0	1	0	0	0	0	passage_status/DSS-Psalms-Passage-Status.txt	777440	742	4a3edecdb9a26afb412342aeeebc3e7617916f3ad149da71124165ccbff81558	L1603821-R001
Ps	119	84	11Q5	1606836	NO_LETTER_RECONSTRUCTION_MARKED	10	32	28	0	0	28	0	0	0	1	0	0	0	0	passage_status/DSS-Psalms-Passage-Status.txt	778182	742	b09d14ac6ca6b19137f2469a6a82152ba7abf548f6a970ae9720f7b9c1e0f043	L1603822-R001
Ps	119	85	11Q5	1606836	NO_LETTER_RECONSTRUCTION_MARKED	9	30	26	0	0	26	0	0	0	1	0	0	0	0	passage_status/DSS-Psalms-Passage-Status.txt	778924	741	352a31318254d52d6e506575a34816c3d4a3311a059622d7e257ac82c49f1412	L1603823-R001
Ps	119	86	11Q5	1606836	NO_LETTER_RECONSTRUCTION_MARKED	7	36	31	0	0	31	0	0	0	1	0	0	0	0	passage_status/DSS-Psalms-Passage-Status.txt	779665	741	2171d4c4d8a1c3eabc58b7afcbbbbd8f9ddd7ed1e44775aa910ae4f6f233d747	L1603824-R001
Ps	119	87	11Q5	1606836	NO_LETTER_RECONSTRUCTION_MARKED	11	36	32	0	0	32	0	0	0	1	0	0	0	0	passage_status/DSS-Psalms-Passage-Status.txt	780406	742	168c5113a12e39b17b22b0b37e882ddfcec4d5e641c72a55e2d75c34e7517304	L1603825-R001
Ps	119	88	11Q5	1606836	NO_LETTER_RECONSTRUCTION_MARKED	8	32	27	0	0	27	0	0	0	1	0	0	0	0	passage_status/DSS-Psalms-Passage-Status.txt	781148	741	0e5bf60fa573cd39af7e6291d3c5c7f129869d6702f7004870f093e5ab9f2475	L1603826-R001
Ps	119	89	11Q5	1606836	NO_LETTER_RECONSTRUCTION_MARKED	8	25	22	0	0	22	0	0	0	1	0	0	0	0	passage_status/DSS-Psalms-Passage-Status.txt	781889	773	dbab506a5db310a84bf745ff1d6e5d628f3a95fbf78e48f349509348d47860a5	L1603827-R001,L1603827-R002,L1603827-R003
Ps	119	90	11Q5	1606836	NO_LETTER_RECONSTRUCTION_MARKED	10	32	29	0	0	29	0	0	0	1	0	0	0	0	passage_status/DSS-Psalms-Passage-Status.txt	782662	742	32df3bb5e437ea93c7e399a8ce52e273af77c9c908988f43457d18e0d4866097	L1603828-R001
Ps	119	91	11Q5	1606836	NO_LETTER_RECONSTRUCTION_MARKED	10	32	28	0	1	27	0	1	0	1	0	0	0	0	passage_status/DSS-Psalms-Passage-Status.txt	783404	747	f98054a02d1de095f6f2591e5d550bebf6295d3e5117c8cd9d7249786e20dbd5	L1603829-R001
Ps	119	92	11Q5	1606836	NO_LETTER_RECONSTRUCTION_MARKED	8	34	29	0	0	29	0	0	0	1	0	0	0	0	passage_status/DSS-Psalms-Passage-Status.txt	784151	741	965bf24cef4e96cd0afc3508e871737c07fc7b60ebbeefeb9d29c907e3c69a5e	L1603830-R001
Ps	119	93	11Q5	1606836	NO_LETTER_RECONSTRUCTION_MARKED	9	35	30	0	0	30	0	0	0	1	0	0	0	0	passage_status/DSS-Psalms-Passage-Status.txt	784892	741	4dbec8325b1f709fc4e91cf0a8547aa459f2582b5d4ebdf722c4ad7e06624353	L1603831-R001
Ps	119	94	11Q5	1606836	NO_LETTER_RECONSTRUCTION_MARKED	7	32	27	0	0	27	0	0	0	1	0	0	0	0	passage_status/DSS-Psalms-Passage-Status.txt	785633	741	eb7fbcbf47de3aacee0e4f62ef273ff280a08236474ebee8ec0b191eb9292ba7	L1603832-R001
Ps	119	95	11Q5	1606836	NO_LETTER_RECONSTRUCTION_MARKED	8	35	30	0	0	30	0	0	0	1	0	0	0	0	passage_status/DSS-Psalms-Passage-Status.txt	786374	741	54c4f3baf13b0f49b9d3c54e79c16375f1f2d829849e129cc7833051f2e8b4a9	L1603833-R001
Ps	119	96	11Q5	1606836	PARTLY_RECONSTRUCTED	9	34	30	1	0	29	1	0	0	1	0	0	0	0	passage_status/DSS-Psalms-Passage-Status.txt	787115	730	c9170bb26629cb405249557821baf78d0ef13401f666bc0bdab12fe9a19627c5	L1603834-R001
Ps	119	105	11Q5	1606836	NO_LETTER_RECONSTRUCTION_MARKED	8	29	24	0	0	24	0	0	0	1	0	0	0	0	passage_status/DSS-Psalms-Passage-Status.txt	787845	743	c39bad76d376526809db8e95a2d67c3c22cc94829750a133f416d6a2abd9f747	L1603835-R001
Ps	119	106	11Q5	1606836	NO_LETTER_RECONSTRUCTION_MARKED	8	29	26	0	0	26	0	0	0	1	0	0	0	0	passage_status/DSS-Psalms-Passage-Status.txt	788588	743	1b7411e7a221215c1116b27abc8be550797d6cc6c3bd85e463fd18dadeddcf8a	L1603836-R001
Ps	119	107	11Q5	1606836	NO_LETTER_RECONSTRUCTION_MARKED	8	34	29	0	0	29	0	0	0	1	0	0	0	0	passage_status/DSS-Psalms-Passage-Status.txt	789331	775	5941290a9fdd64e9b1a48acf6065a376cee61029de0756986262d27e9d020afb	L1603837-R001,L1603837-R002,L1603837-R003
Ps	119	108	11Q5	1606836	NO_LETTER_RECONSTRUCTION_MARKED	8	32	27	0	0	27	0	0	0	1	0	0	0	0	passage_status/DSS-Psalms-Passage-Status.txt	790106	775	9c5be4eaeb1006c8d03c056e73aab4958ac01ed21aca7c5dc9552adf125ad88c	L1603838-R001,L1603838-R002,L1603838-R003
Ps	119	109	11Q5	1606836	NO_LETTER_RECONSTRUCTION_MARKED	8	31	26	0	0	26	0	0	0	1	0	0	0	0	passage_status/DSS-Psalms-Passage-Status.txt	790881	743	c1ed17ead152b8b390d8d319cec2279ee0418a04fa03a2ddf87eb2a940e754b4	L1603839-R001
Ps	119	110	11Q5	1606836	NO_LETTER_RECONSTRUCTION_MARKED	9	35	31	0	0	31	0	0	0	1	0	0	0	0	passage_status/DSS-Psalms-Passage-Status.txt	791624	743	1b2f979f4e9ff39e8de229ffed7f84f3c5cdd5a85728a167f000a43def1b75dd	L1603840-R001
Ps	119	111	11Q5	1606836	NO_LETTER_RECONSTRUCTION_MARKED	9	34	30	0	0	28	0	0	0	1	0	0	2	0	passage_status/DSS-Psalms-Passage-Status.txt	792367	748	54813749fe97c38470da130178913271f00939be81139b97b1f86db9779e002e	L1603841-R001
Ps	119	112	11Q5	1606836	NO_LETTER_RECONSTRUCTION_MARKED	9	31	27	0	0	27	0	0	0	1	0	0	0	0	passage_status/DSS-Psalms-Passage-Status.txt	793115	743	d5870357f513c0557adad7b604699fec0d3b85bc3b9917e0d75cca6bbb402d45	L1603842-R001
Ps	119	113	11Q5	1606836	NO_LETTER_RECONSTRUCTION_MARKED	5	24	21	0	0	21	0	0	0	1	0	0	0	0	passage_status/DSS-Psalms-Passage-Status.txt	793858	743	c4b0a1f3e3cfef705a45aefdfc8d83720fbe4d80011ef343a9df9933d5b3a5d7	L1603843-R001
Ps	119	114	11Q5	1606836	NO_LETTER_RECONSTRUCTION_MARKED	8	29	24	0	0	24	0	0	0	1	0	0	0	0	passage_status/DSS-Psalms-Passage-Status.txt	794601	743	0804001e295864c5dc66f93dcd5ff5bff9b86d67b1ba72aa2408edfc3298948a	L1603844-R001
Ps	119	115	11Q5	1606836	NO_LETTER_RECONSTRUCTION_MARKED	8	32	28	0	0	28	0	0	0	1	0	0	0	0	passage_status/DSS-Psalms-Passage-Status.txt	795344	743	c4ddb64d79820c37c9d9e2b1aa0fdb5caf5cc68bed430c6823a2e3e209c74a3f	L1603845-R001
Ps	119	116	11Q5	1606836	NO_LETTER_RECONSTRUCTION_MARKED	11	38	32	0	0	32	0	0	0	1	0	0	0	0	passage_status/DSS-Psalms-Passage-Status.txt	796087	744	736456a623fdbf58771011b644c07ac48da635696a22db2e346ed0424321c037	L1603846-R001
Ps	119	117	11Q5	1606836	NO_LETTER_RECONSTRUCTION_MARKED	8	29	25	0	0	25	0	0	0	1	0	0	0	0	passage_status/DSS-Psalms-Passage-Status.txt	796831	743	fdf9343305b7c8787e25c26afc615a056d5ac06f08fc8a3b08fd217adb70b3bf	L1603847-R001
Ps	119	118	11Q5	1606836	NO_LETTER_RECONSTRUCTION_MARKED	9	35	31	0	0	31	0	0	0	1	0	0	0	0	passage_status/DSS-Psalms-Passage-Status.txt	797574	743	0a6651b6bbf29a157a929b2650a2761ecb499dc5412c06529bbacddf00eb8e29	L1603848-R001
Ps	119	119	11Q5	1606836	NO_LETTER_RECONSTRUCTION_MARKED	11	43	40	0	0	40	0	0	0	1	0	0	0	0	passage_status/DSS-Psalms-Passage-Status.txt	798317	744	b9023bd7ad72032a063354c5702d6c9014b0a7ebe7ef88fcf4a1ee418422a574	L1603849-R001
Ps	119	120	11Q5	1606836	PARTLY_RECONSTRUCTED	9	32	27	2	0	25	2	0	0	1	0	0	0	0	passage_status/DSS-Psalms-Passage-Status.txt	799061	732	90e2ce841379c869cfe2b2cd24bff024ce5031321e9efcc9d4b3f40d51c7f212	L1603850-R001
Ps	119	128	11Q5	1606836	NO_LETTER_RECONSTRUCTION_MARKED	10	34	32	0	0	32	0	0	0	1	0	0	0	0	passage_status/DSS-Psalms-Passage-Status.txt	799793	744	cda7600f7148eb00d7b38097181856f5b21a08b2b0b7b7393a2dc12640ccac51	L1603851-R001
Ps	119	129	11Q5	1606836	NO_LETTER_RECONSTRUCTION_MARKED	8	33	28	0	0	28	0	0	0	1	0	0	0	0	passage_status/DSS-Psalms-Passage-Status.txt	800537	743	c8179fb840577edc58a65b3318b47b630e929fc01c106c759bcc2a9b30b904b1	L1603852-R001
Ps	119	130	11Q5	1606836	NO_LETTER_RECONSTRUCTION_MARKED	7	26	23	0	0	23	0	0	0	1	0	0	0	0	passage_status/DSS-Psalms-Passage-Status.txt	801280	743	1d04ddec464eb84c6bc6fd7ca8a919576897f80423f69e0b4b3117954463f423	L1603853-R001
Ps	119	131	11Q5	1606836	NO_LETTER_RECONSTRUCTION_MARKED	8	31	27	0	0	27	0	0	0	1	0	0	0	0	passage_status/DSS-Psalms-Passage-Status.txt	802023	743	71ae8c4192361b9d7f69f10bc618081606169be464e6dd0922a9a6ffec6fc783	L1603854-R001
Ps	119	132	11Q5	1606836	NO_LETTER_RECONSTRUCTION_MARKED	10	32	27	0	0	27	0	0	0	1	0	0	0	0	passage_status/DSS-Psalms-Passage-Status.txt	802766	744	c4b4d497c43421ae1c8501c10ebba82ff42efecf1a805373071c7bc815e61474	L1603855-R001
Ps	119	133	11Q5	1606836	NO_LETTER_RECONSTRUCTION_MARKED	11	34	29	0	0	29	0	0	0	1	0	0	0	0	passage_status/DSS-Psalms-Passage-Status.txt	803510	744	10319fbcb8adf3b068f8bf181e9c8aab2f198572266ec9665d81e306f63c1888	L1603856-R001
Ps	119	134	11Q5	1606836	NO_LETTER_RECONSTRUCTION_MARKED	8	29	25	0	0	25	0	0	0	1	0	0	0	0	passage_status/DSS-Psalms-Passage-Status.txt	804254	743	dec06fe9301b392a84b3772862f8ff5702577f6b6db84faf2e70de0a8e4ffdd5	L1603857-R001
Ps	119	135	11Q5	1606836	NO_LETTER_RECONSTRUCTION_MARKED	9	34	28	0	0	28	0	0	0	1	0	0	0	0	passage_status/DSS-Psalms-Passage-Status.txt	804997	743	95aff1c5f1e4ecbb74917b964c0a70819798697c8786df00753ea96f09ff5579	L1603858-R001
Ps	119	136	11Q5	1606836	NO_LETTER_RECONSTRUCTION_MARKED	10	36	32	0	0	32	0	0	0	1	0	0	0	0	passage_status/DSS-Psalms-Passage-Status.txt	805740	744	41a6bba68b7f0ab9ff9832cec656ded9ff7ddc24d6939c1b698940ca78d7b976	L1603859-R001
Ps	119	137	11Q5	1606836	NO_LETTER_RECONSTRUCTION_MARKED	7	27	24	0	0	24	0	0	0	1	0	0	0	0	passage_status/DSS-Psalms-Passage-Status.txt	806484	775	1d0397bf7c6f55aad47a775d2c32464a0a83f646c410c94fa802a9462efd739a	L1603860-R001,L1603860-R002,L1603860-R003
Ps	119	138	11Q5	1606836	NO_LETTER_RECONSTRUCTION_MARKED	7	31	27	0	0	27	0	0	0	1	0	0	0	0	passage_status/DSS-Psalms-Passage-Status.txt	807259	743	6562acc102f28827df1bcf83d381fe539d932db782f844a53b58a92189c95a7f	L1603861-R001
Ps	119	139	11Q5	1606836	NO_LETTER_RECONSTRUCTION_MARKED	7	32	26	0	0	26	0	0	0	1	0	0	0	0	passage_status/DSS-Psalms-Passage-Status.txt	808002	743	f89ab547dcafbf754df03053e105149d2a476e47670ae011eaa5f2c57d76d347	L1603862-R001
Ps	119	140	11Q5	1606836	NO_LETTER_RECONSTRUCTION_MARKED	7	32	26	0	0	25	0	0	0	1	0	1	0	0	passage_status/DSS-Psalms-Passage-Status.txt	808745	748	0a5733d762ab0e2427fbdad705b0fa817367bd5b7ac491c66ee0e146e5e214b8	L1603863-R001
Ps	119	141	11Q5	1606836	NO_LETTER_RECONSTRUCTION_MARKED	8	32	29	0	0	29	0	0	0	1	0	0	0	0	passage_status/DSS-Psalms-Passage-Status.txt	809493	743	2d47733633296b3b4c1c22d5daddbc25b6a84bd97bc9e32c0dedb19811247831	L1603864-R001
Ps	119	142	11Q5	1606836	PARTLY_RECONSTRUCTED	7	26	23	4	1	18	4	1	0	1	0	0	0	0	passage_status/DSS-Psalms-Passage-Status.txt	810236	737	8e4f27c3fc3b4e9cec4f7be51d3936b6369c5747304517e71c7e8255b7bd58d4	L1603865-R001
Ps	119	150	11Q5	1606836	NO_LETTER_RECONSTRUCTION_MARKED	7	26	23	0	0	23	0	0	0	1	0	0	0	0	passage_status/DSS-Psalms-Passage-Status.txt	810973	743	816a46c3a34bb6a18079532fdd8d5e4dd60252c3e933515cd9d79fddac220018	L1603866-R001
Ps	119	151	11Q5	1606836	NO_LETTER_RECONSTRUCTION_MARKED	8	29	26	0	0	26	0	0	0	1	0	0	0	0	passage_status/DSS-Psalms-Passage-Status.txt	811716	775	9311f7316849eb1060f0fcf2a35709425e8619668b324cab6a05b36c01913d9f	L1603867-R001,L1603867-R002,L1603867-R003
Ps	119	152	11Q5	1606836	NO_LETTER_RECONSTRUCTION_MARKED	9	31	27	0	0	27	0	0	0	1	0	0	0	0	passage_status/DSS-Psalms-Passage-Status.txt	812491	743	c15c0598a29ef77d8bc83d7a1e00aa18fc41eb2c39fef586be070f22d99b3c6c	L1603868-R001
Ps	119	153	11Q5	1606836	NO_LETTER_RECONSTRUCTION_MARKED	8	33	28	0	0	28	0	0	0	1	0	0	0	0	passage_status/DSS-Psalms-Passage-Status.txt	813234	743	0a8843945df1daf5cd577d3d5b0e1b9804eca43ab2a266d705d86121c7de48f7	L1603869-R001
Ps	119	154	11Q5	1606836	NO_LETTER_RECONSTRUCTION_MARKED	8	32	25	0	0	24	0	0	0	1	0	1	0	0	passage_status/DSS-Psalms-Passage-Status.txt	813977	748	6d9e6787acdb5b69fb09665387f83454dd0938a220d71b0fb71f44d68ee30aec	L1603870-R001
Ps	119	155	11Q5	1606836	NO_LETTER_RECONSTRUCTION_MARKED	9	33	30	0	0	25	0	0	0	1	0	5	0	0	passage_status/DSS-Psalms-Passage-Status.txt	814725	748	46c1d28f35b2a7a00fde2bb3ed9a2fdf7f25c26ad7632f616a47b3c256d7f35b	L1603871-R001
Ps	119	156	11Q5	1606836	NO_LETTER_RECONSTRUCTION_MARKED	7	32	27	0	0	27	0	0	0	1	0	0	0	0	passage_status/DSS-Psalms-Passage-Status.txt	815473	775	408866060dd528ca9021338f023013c204688f068a416097146ce9443c11bd1b	L1603872-R001,L1603872-R002,L1603872-R003
Ps	119	157	11Q5	1606836	NO_LETTER_RECONSTRUCTION_MARKED	9	35	30	0	0	30	0	0	0	1	0	0	0	0	passage_status/DSS-Psalms-Passage-Status.txt	816248	743	b40482b8a9cb042bf744085e76e60c0c7fb34ccea99890ef8bd1832cdb9f189b	L1603873-R001
Ps	119	158	11Q5	1606836	NO_LETTER_RECONSTRUCTION_MARKED	9	38	35	0	0	35	0	0	0	1	0	0	0	0	passage_status/DSS-Psalms-Passage-Status.txt	816991	759	0caf746f3292ae38c224db910f2becfe102408be7a4d17cfd9509eab7b6fd4fd	L1603874-R001,L1603875-R001
Ps	119	159	11Q5	1606836	NO_LETTER_RECONSTRUCTION_MARKED	9	38	33	0	0	33	0	0	0	1	0	0	0	0	passage_status/DSS-Psalms-Passage-Status.txt	817750	775	390812339f351aebc2c68808459a4a4a45735c3a03bec530fa7c4a9757f0e531	L1603876-R001,L1603876-R002,L1603876-R003
Ps	119	160	11Q5	1606836	PARTLY_RECONSTRUCTED	10	32	29	2	1	26	2	1	0	1	0	0	0	0	passage_status/DSS-Psalms-Passage-Status.txt	818525	738	6605786aae87379824de726fa8be71db7405f6a5707e24b84f714029cb3bd807	L1603877-R001
Ps	119	161	11Q5	1606836	NO_LETTER_RECONSTRUCTION_MARKED	9	33	28	0	0	28	0	0	0	1	0	0	0	0	passage_status/DSS-Psalms-Passage-Status.txt	819263	743	f94c53e703ba910230d3af778b88322422508a9f156689f5ba3d5617e3bd4a29	L1603878-R001
Ps	119	162	11Q5	1606836	NO_LETTER_RECONSTRUCTION_MARKED	9	28	25	0	2	23	0	2	0	1	0	0	0	0	passage_status/DSS-Psalms-Passage-Status.txt	820006	754	1fa793d5ce279d992a4b7854c81d692442bb5949e9b8eb916441554b0500e359	L1603879-R001
Ps	119	163	11Q5	1606836	PARTLY_RECONSTRUCTED	8	29	26	4	4	18	4	4	0	1	0	0	0	0	passage_status/DSS-Psalms-Passage-Status.txt	820760	743	969d2cb4666855cc68ed60d518aab11b66949d01772e3f1f62e4f6592dbb612b	L1603880-R001
Ps	119	164	11Q5	1606836	PARTLY_RECONSTRUCTED	8	29	25	15	4	6	16	4	0	1	0	0	0	0	passage_status/DSS-Psalms-Passage-Status.txt	821503	760	2c489c1d976ab2b00f2b238029cfd7e1dcea3114f00c30669dd49f3ed0dfc27c	L1603881-R001,L1603882-R001
Ps	119	171	11Q5	1606836	NO_LETTER_RECONSTRUCTION_MARKED	8	36	30	0	0	30	0	0	0	1	0	0	0	0	passage_status/DSS-Psalms-Passage-Status.txt	822263	743	da6a01c37a4630b3f6b2d85f52c710bd8f1e5d7432898351cbea8a56e60cbead	L1603883-R001
Ps	119	172	11Q5	1606836	NO_LETTER_RECONSTRUCTION_MARKED	8	36	31	0	0	31	0	0	0	1	0	0	0	0	passage_status/DSS-Psalms-Passage-Status.txt	823006	743	2dae262bb2e888969ebd659b9a58af6cf40e2c3f81b62c66e39334b0817738a7	L1603884-R001
Ps	119	173	11Q5	1606836	NO_LETTER_RECONSTRUCTION_MARKED	8	33	28	0	0	28	0	0	0	1	0	0	0	0	passage_status/DSS-Psalms-Passage-Status.txt	823749	743	55f52d7eda6851498201a4d534bcf6e0bd89ea3776b72f4d0f4fa280cad14cf6	L1603885-R001
Ps	119	174	11Q5	1606836	NO_LETTER_RECONSTRUCTION_MARKED	7	34	29	0	0	29	0	0	0	1	0	0	0	0	passage_status/DSS-Psalms-Passage-Status.txt	824492	775	2b58f5618d3577d3c9ff5455ed81a239122961c2398ef8e255ae6f32f3319cd8	L1603886-R001,L1603886-R002,L1603886-R003
Ps	119	175	11Q5	1606836	NO_LETTER_RECONSTRUCTION_MARKED	8	35	29	0	0	27	0	0	0	1	0	0	2	0	passage_status/DSS-Psalms-Passage-Status.txt	825267	748	59ae26dfb0c45bec774c1df9f50b31809b15311ef648be6edf4a7dd3549a5387	L1603887-R001
Ps	119	176	11Q5	1606836	NO_LETTER_RECONSTRUCTION_MARKED	11	42	38	0	0	38	0	0	0	1	0	0	0	0	passage_status/DSS-Psalms-Passage-Status.txt	826015	744	419690fd13c364253e49a26b22f39f2638675db637e51b40314eb820ee89b342	L1603888-R001
Ps	135	1	11Q5	1606836	NO_LETTER_RECONSTRUCTION_MARKED	10	32	30	0	0	30	0	0	0	1	0	0	0	0	passage_status/DSS-Psalms-Passage-Status.txt	826759	804	a3dd4b5353436a39bc22134ef87ae891a39ee5a9a9b1b6ce5c6ac03ca9eaee69	L1603889-R001,L1603889-R002,L1603889-R003,L1603889-R004,L1603889-R005
Ps	135	2	11Q5	1606836	NO_LETTER_RECONSTRUCTION_MARKED	17	56	52	0	0	52	0	0	0	1	0	0	0	0	passage_status/DSS-Psalms-Passage-Status.txt	827563	772	415140961ba0abfea85df4b9a209367c0f5c10361241fa3ed80c8bc04892ece9	L1603890-R001,L1603891-R001,L1603891-R002
Ps	135	3	11Q5	1606836	NO_LETTER_RECONSTRUCTION_MARKED	10	31	28	0	0	28	0	0	0	1	0	0	0	0	passage_status/DSS-Psalms-Passage-Status.txt	828335	772	a14a62c3186db01b6077a3d2409e887cc3fb6426668eb77b2a0cc3ce412fab5b	L1603892-R001,L1603892-R002,L1603892-R003
Ps	135	4	11Q5	1606836	NO_LETTER_RECONSTRUCTION_MARKED	10	30	26	0	0	26	0	0	0	1	0	0	0	0	passage_status/DSS-Psalms-Passage-Status.txt	829107	756	8b6e215468f8a19bbe3f58133b274017660854db8e385b384f1417f4313166e4	L1603892-R004,L1603893-R001
Ps	135	5	11Q5	1606836	NO_LETTER_RECONSTRUCTION_MARKED	11	39	36	0	0	36	0	0	0	1	0	0	0	0	passage_status/DSS-Psalms-Passage-Status.txt	829863	772	374c2fe33cac2b2cf45ef6c786ab1d153ffcd0d8816c013c50adaac7f0dab29d	L1603893-R002,L1603893-R003,L1603894-R001
Ps	135	6	11Q5	1606836	NO_LETTER_RECONSTRUCTION_MARKED	31	83	81	0	1	80	0	1	0	1	0	0	0	0	passage_status/DSS-Psalms-Passage-Status.txt	830635	825	2602bacaa022a578c47dab31d74b395ac4ee97ce97ff5133ea69bd722ad340ad	L1603894-R002,L1603894-R003,L1603894-R004,L1603895-R001,L1603895-R002,L1603896-R001
Ps	135	7	11Q5	1606836	PARTLY_RECONSTRUCTED	15	50	47	12	4	31	15	4	0	1	0	0	0	0	passage_status/DSS-Psalms-Passage-Status.txt	831460	780	395c182ab68f38e3b054fe78c2abd8be26e8f91017909cc3cdedc60687b72def	L1603896-R002,L1603897-R001,L1603898-R001
Ps	135	8	11Q5	1606836	ALL_LETTER_SLOTS_RECONSTRUCTED	9	26	24	24	0	0	26	0	0	1	0	0	0	0	passage_status/DSS-Psalms-Passage-Status.txt	832240	739	f14b85cbc8dfdafe5ae9c55869e381f5ab05a6f2a3a4d0822043ac24d853f48f	L1603898-R002
Ps	135	9	11Q5	1606836	PARTLY_RECONSTRUCTED	9	31	26	25	0	1	28	0	1	2	0	0	0	0	passage_status/DSS-Psalms-Passage-Status.txt	832979	745	ef1847da093d8801da8226fcb13d5b949652924703f08497418ee9f17832cb9e	L1603898-R003,L1603899-R001
Ps	135	17	11Q5	1606836	NO_LETTER_RECONSTRUCTION_MARKED	11	31	27	0	0	27	0	0	0	1	0	0	0	0	passage_status/DSS-Psalms-Passage-Status.txt	833724	742	722061d4d6c312d51bda041cd40def8de23497eb64636acdaed9d131a6c7fae2	L1603900-R001
Ps	135	18	11Q5	1606836	NO_LETTER_RECONSTRUCTION_MARKED	9	33	28	0	0	28	0	0	0	1	0	0	0	0	passage_status/DSS-Psalms-Passage-Status.txt	834466	757	274b25e2eaf57328b91efccd56a3063d8f8dffed42c9dca97436ea04da8cd9c8	L1603900-R002,L1603901-R001
Ps	135	19	11Q5	1606836	NO_LETTER_RECONSTRUCTION_MARKED	11	38	36	0	0	36	0	0	0	1	0	0	0	0	passage_status/DSS-Psalms-Passage-Status.txt	835223	822	7330a3ea181357087a22e9b58e5c7e7d9f0f18a6457ee458709b1f0de3a977b0	L1603901-R002,L1603901-R003,L1603901-R004,L1603902-R001,L1603902-R002,L1603902-R003
Ps	135	20	11Q5	1606836	NO_LETTER_RECONSTRUCTION_MARKED	12	37	35	0	0	35	0	0	0	1	0	0	0	0	passage_status/DSS-Psalms-Passage-Status.txt	836045	838	d45c1b550cd9e0012c3e4e0e34b00234d7a275fb8d2b96dec024ae67208e56d9	L1603902-R004,L1603902-R005,L1603902-R006,L1603903-R001,L1603903-R002,L1603903-R003,L1603903-R004
Ps	135	21	11Q5	1606836	NO_LETTER_RECONSTRUCTION_MARKED	9	35	32	0	0	32	0	0	0	1	0	0	0	0	passage_status/DSS-Psalms-Passage-Status.txt	836883	789	48dc3d9300abae0de6609fca14d3425d62cd9eb4b50869f6c6ba61eeab1ce13e	L1603903-R005,L1603903-R006,L1603903-R007,L1603904-R001
Ps	136	1	11Q5	1606836	NO_LETTER_RECONSTRUCTION_MARKED	10	28	25	0	0	25	0	0	0	1	0	0	0	0	passage_status/DSS-Psalms-Passage-Status.txt	837672	772	cbfb0a9221d3c0c3bab8dd4af312beaf15a802229a2ca6227106331a1285bd91	L1603905-R001,L1603905-R002,L1603905-R003
Ps	136	2	11Q5	1606836	NO_LETTER_RECONSTRUCTION_MARKED	10	31	28	0	0	28	0	0	0	1	0	0	0	0	passage_status/DSS-Psalms-Passage-Status.txt	838444	756	c1992b5099b875bc49350cc2a6304196e4877b1ce2886bb6f1d84f9530a7f77e	L1603905-R004,L1603906-R001
Ps	136	3	11Q5	1606836	NO_LETTER_RECONSTRUCTION_MARKED	10	30	27	0	0	27	0	0	0	1	0	0	0	0	passage_status/DSS-Psalms-Passage-Status.txt	839200	740	a00d3e089f6325c3ca7ac57746440cc21fa2bc7aa3489b4838ae1e050f62e903	L1603906-R002
Ps	136	4	11Q5	1606836	NO_LETTER_RECONSTRUCTION_MARKED	10	30	26	0	0	26	0	0	0	1	0	0	0	0	passage_status/DSS-Psalms-Passage-Status.txt	839940	740	4f658d74a508816be8bdf3ab9cb916ba37a50a6a7ee0172a85fcca31ad1315a7	L1603907-R001
Ps	136	5	11Q5	1606836	NO_LETTER_RECONSTRUCTION_MARKED	11	30	27	0	0	27	0	0	0	1	0	0	0	0	passage_status/DSS-Psalms-Passage-Status.txt	840680	756	1bf4064032917df71a1a2fe09f6282a52d4d7371e9307104feea0d51e078842c	L1603907-R002,L1603908-R001
Ps	136	6	11Q5	1606836	NO_LETTER_RECONSTRUCTION_MARKED	12	29	26	0	0	26	0	0	0	1	0	0	0	0	passage_status/DSS-Psalms-Passage-Status.txt	841436	756	c8a5036d4847e74234702ed3a05710d7cc345527abd70092263894139f6d0c5c	L1603908-R002,L1603909-R001
Ps	136	7	11Q5	1606836	NO_LETTER_RECONSTRUCTION_MARKED	9	31	28	0	0	28	0	0	0	1	0	0	0	0	passage_status/DSS-Psalms-Passage-Status.txt	842192	739	ae15a0cdf888d1197eb26976c50f467346c58ac750a3ddc43367fb83de433f4b	L1603909-R002
Ps	136	8	11Q5	1606836	NO_LETTER_RECONSTRUCTION_MARKED	22	55	51	0	0	48	0	0	0	1	0	0	3	0	passage_status/DSS-Psalms-Passage-Status.txt	842931	777	528711c46367dec3c8bf98c8ce1ed436872692f099f34ac5eabed48d8febb149	L1603909-R003,L1603910-R001,L1603911-R001
Ps	136	9	11Q5	1606836	NO_LETTER_RECONSTRUCTION_MARKED	12	36	33	0	0	33	0	0	0	1	0	0	0	0	passage_status/DSS-Psalms-Passage-Status.txt	843708	740	811b9b847b9c48393207265ae6360aea914e1c1ef4b58fa7f4865ae5fff59a87	L1603911-R002
Ps	136	10	11Q5	1606836	NO_LETTER_RECONSTRUCTION_MARKED	10	32	28	0	0	28	0	0	0	1	0	0	0	0	passage_status/DSS-Psalms-Passage-Status.txt	844448	742	2268e6083205afb9c56cb9d46c8d2d578066d4bec1c9624bc69202d6505c72d1	L1603912-R001
Ps	136	11	11Q5	1606836	NO_LETTER_RECONSTRUCTION_MARKED	10	31	27	0	0	27	0	0	0	1	0	0	0	0	passage_status/DSS-Psalms-Passage-Status.txt	845190	758	4caf8a7fbab24626eb6006dd74f888cddd106a9259198cd71851cfb79bd21074	L1603912-R002,L1603913-R001
Ps	136	12	11Q5	1606836	NO_LETTER_RECONSTRUCTION_MARKED	12	33	30	0	0	30	0	0	0	1	0	0	0	0	passage_status/DSS-Psalms-Passage-Status.txt	845948	758	18a15424ed3cd32cf0e02140082c5ea93365fc10e2a4cb7ce29655a35908ef1d	L1603913-R002,L1603914-R001
Ps	136	13	11Q5	1606836	NO_LETTER_RECONSTRUCTION_MARKED	11	30	27	0	2	25	0	2	0	1	0	0	0	0	passage_status/DSS-Psalms-Passage-Status.txt	846706	753	f53874a2fd080388cce2cebb9deecc0841d4b3eacaa6f843e5040ab74dff9afb	L1603914-R002
Ps	136	14	11Q5	1606836	NO_LETTER_RECONSTRUCTION_MARKED	10	30	26	0	2	24	0	2	0	1	0	0	0	0	passage_status/DSS-Psalms-Passage-Status.txt	847459	763	38991f697a36bc0ced50748762886a1aa3eff3686a41b89d8ed6fe2effbc6c26	L1603914-R003,L1603915-R001
Ps	136	15	11Q5	1606836	PARTLY_RECONSTRUCTED	12	34	30	13	1	16	14	1	0	1	0	0	0	0	passage_status/DSS-Psalms-Passage-Status.txt	848222	754	ced61d92ad3a7a2e1ec01b613fcb058608073dd2ebbf014d24add69107eca1ba	L1603915-R002,L1603916-R001
Ps	136	16	11Q5	1606836	PARTLY_RECONSTRUCTED	10	29	25	9	4	12	10	4	0	1	0	0	0	0	passage_status/DSS-Psalms-Passage-Status.txt	848976	743	3c14b5306dc9196e64f24d6374007722fff543e763370aab0b9a0d2315606225	L1603916-R002
Ps	136	26	11Q5	1606836	NO_LETTER_RECONSTRUCTION_MARKED	5	14	11	0	0	11	0	0	0	1	0	0	0	0	passage_status/DSS-Psalms-Passage-Status.txt	849719	741	69f87ec029165f3726a92ace3167f97858fd3f08f551c852b3d8a81ecd731d8e	L1603917-R001
Ps	118	1	11Q5	1606836	NO_LETTER_RECONSTRUCTION_MARKED	10	28	25	0	0	25	0	0	0	1	0	0	0	0	passage_status/DSS-Psalms-Passage-Status.txt	850460	772	f5cb22bbd2e14b0a92b82a3a53e317ac7f80de96b85a8ad46657e4674f1958c2	L1603917-R002,L1603917-R003,L1603917-R004
Ps	118	15	11Q5	1606836	NO_LETTER_RECONSTRUCTION_MARKED	12	39	37	0	0	37	0	0	0	1	0	0	0	0	passage_status/DSS-Psalms-Passage-Status.txt	851232	790	187b8e8c88d08040fc6355a8160db3874605c6437bc5897c686ba76000777f77	L1603917-R005,L1603918-R001,L1603918-R002,L1603918-R003
Ps	118	16	11Q5	1606836	NO_LETTER_RECONSTRUCTION_MARKED	8	32	30	0	0	30	0	0	0	1	0	0	0	0	passage_status/DSS-Psalms-Passage-Status.txt	852022	805	f217e1404dd2c622f66e517bf75dbc596c89ef577fc7d75472c52446a53b5b0d	L1603918-R004,L1603919-R001,L1603919-R002,L1603919-R003,L1603919-R004
Ps	118	8	11Q5	1606836	NO_LETTER_RECONSTRUCTION_MARKED	10	24	22	0	0	22	0	0	0	1	0	0	0	0	passage_status/DSS-Psalms-Passage-Status.txt	852827	788	5cd16d732f9169357b2da128e281952dfe2560ed49c10c3322c0a280f7bc65b6	L1603919-R005,L1603920-R001,L1603920-R002,L1603920-R003
Ps	118	9	11Q5	1606836	NO_LETTER_RECONSTRUCTION_MARKED	21	51	49	0	0	49	0	0	0	1	0	0	0	0	passage_status/DSS-Psalms-Passage-Status.txt	853615	820	abfbf2b768d39f212ae5ea7fdbcc39dfa22a9658a49e27469583df29d5076c89	L1603920-R004,L1603920-R005,L1603920-R006,L1603921-R001,L1603921-R002,L1603921-R003
Ps	145	1	11Q5	1606836	NO_LETTER_RECONSTRUCTION_MARKED	25	77	71	0	0	67	0	0	0	1	0	0	4	0	passage_status/DSS-Psalms-Passage-Status.txt	854435	841	f35531cda17bbcb0428b6865f9b0bcf08f9ec4e84f9b420eac7d4a09262c2ec4	L1603923-R001,L1603923-R002,L1603923-R003,L1603924-R001,L1603924-R002,L1603924-R003,L1603925-R001
Ps	145	2	11Q5	1606836	NO_LETTER_RECONSTRUCTION_MARKED	20	60	55	0	0	50	0	0	0	1	0	5	0	0	passage_status/DSS-Psalms-Passage-Status.txt	855276	793	9bb24389f26471a362d540c78d52f638f3d4fc35922e20099dd60f75449400a4	L1603925-R002,L1603926-R001,L1603926-R002,L1603926-R003
Ps	145	3	11Q5	1606836	NO_LETTER_RECONSTRUCTION_MARKED	19	61	56	0	0	55	0	0	0	1	0	1	0	0	passage_status/DSS-Psalms-Passage-Status.txt	856069	825	317bdd875c27d3429579eb2be95fa385ac73d554f54291c07cadb32f62b9d720	L1603926-R004,L1603926-R005,L1603926-R006,L1603927-R001,L1603927-R002,L1603927-R003
Ps	145	4	11Q5	1606836	NO_LETTER_RECONSTRUCTION_MARKED	18	61	56	0	0	56	0	0	0	1	0	0	0	0	passage_status/DSS-Psalms-Passage-Status.txt	856894	772	160d7cb2d0e1d54897c0c27973430bf3f4202eda74d23988a509608098b9672a	L1603928-R001,L1603928-R002,L1603929-R001
Ps	145	5	11Q5	1606836	NO_LETTER_RECONSTRUCTION_MARKED	17	60	55	0	0	55	0	0	0	1	0	0	0	0	passage_status/DSS-Psalms-Passage-Status.txt	857666	788	23c1601d0e0f672cca5e55b649415ca08fd7a34a1b56902ffcbf9974a837c3d1	L1603929-R002,L1603930-R001,L1603930-R002,L1603930-R003
Ps	145	6	11Q5	1606836	PARTLY_RECONSTRUCTED	17	63	58	6	1	50	6	1	0	1	0	1	0	0	passage_status/DSS-Psalms-Passage-Status.txt	858454	787	91106bf9cdff22e371471380ebba7ddec011ed9f04e8042020bfa74f8f74748c	L1603930-R004,L1603931-R001,L1603931-R002,L1603932-R001
Ps	145	7	11Q5	1606836	PARTLY_RECONSTRUCTED	8	31	27	17	0	10	18	0	0	1	0	0	0	0	passage_status/DSS-Psalms-Passage-Status.txt	859241	730	8eb6d6a1dc44762385f5c0671d266b6273f01f5f10863b7df66d0f769349a37d	L1603932-R002
Ps	145	12	11Q5	1606836	NO_LETTER_RECONSTRUCTION_MARKED	8	19	16	0	0	16	0	0	0	1	0	0	0	0	passage_status/DSS-Psalms-Passage-Status.txt	859971	741	a75d2041bb763b45ae19f525d3e04f05d60f9781afa5497b5351f4a263d9bcfc	L1603933-R001
Ps	145	13	11Q5	1606836	NO_LETTER_RECONSTRUCTION_MARKED	40	128	118	0	0	118	0	0	0	2	0	0	0	0	passage_status/DSS-Psalms-Passage-Status.txt	860712	877	328a2c4c301c51986be41061fe27b58e3dd36217d96e1921ff89087b45a47c73	L1603933-R002,L1603934-R001,L1603934-R002,L1603934-R003,L1603934-R004,L1603935-R001,L1603935-R002,L1603935-R003,L1603936-R001
Ps	145	14	11Q5	1606836	NO_LETTER_RECONSTRUCTION_MARKED	22	62	59	0	0	59	0	0	0	1	0	0	0	0	passage_status/DSS-Psalms-Passage-Status.txt	861589	822	62fc8b40fc82d081136df22c367a5a2a9b2298d673fe6f82e343cacf4ddb2a48	L1603936-R002,L1603936-R003,L1603936-R004,L1603937-R001,L1603937-R002,L1603937-R003
Ps	145	15	11Q5	1606836	NO_LETTER_RECONSTRUCTION_MARKED	22	72	65	0	0	62	0	0	0	1	0	3	0	0	passage_status/DSS-Psalms-Passage-Status.txt	862411	811	8fc0591e27a2c26c67933a915cc73fcb8a251195278d0e847a14c339f693f99d	L1603937-R004,L1603938-R001,L1603939-R001,L1603939-R002,L1603939-R003
Ps	145	16	11Q5	1606836	NO_LETTER_RECONSTRUCTION_MARKED	20	57	53	0	0	53	0	0	0	1	0	0	0	0	passage_status/DSS-Psalms-Passage-Status.txt	863222	806	bf161e88e1d18a5680b04722920f68f89cc59a16fb07d4f984fb37571028c56f	L1603939-R004,L1603940-R001,L1603940-R002,L1603940-R003,L1603941-R001
Ps	145	17	11Q5	1606836	NO_LETTER_RECONSTRUCTION_MARKED	20	60	55	0	0	55	0	0	0	1	0	0	0	0	passage_status/DSS-Psalms-Passage-Status.txt	864028	822	4f7f555a45cadd8a30cb137cc2a49e88ba96d10b89f1aa9548b4a93ff8c45360	L1603941-R002,L1603941-R003,L1603941-R004,L1603942-R001,L1603942-R002,L1603942-R003
Ps	145	18	11Q5	1606836	NO_LETTER_RECONSTRUCTION_MARKED	22	66	61	0	0	61	0	0	0	1	0	0	0	0	passage_status/DSS-Psalms-Passage-Status.txt	864850	806	1f0e7b8b718f31e038d18447c6b795b712ff93a66c7cff318caa31690d56ae09	L1603942-R004,L1603942-R005,L1603943-R001,L1603943-R002,L1603944-R001
Ps	145	19	11Q5	1606836	NO_LETTER_RECONSTRUCTION_MARKED	19	63	57	0	0	57	0	0	0	1	0	0	0	0	passage_status/DSS-Psalms-Passage-Status.txt	865656	790	11cf93adb0d79257295463c12246f217a879515de3e4b4530f533e940ac4fa63	L1603944-R002,L1603945-R001,L1603945-R002,L1603945-R003
Ps	145	20	11Q5	1606836	NO_LETTER_RECONSTRUCTION_MARKED	21	63	59	0	0	59	0	0	0	1	0	0	0	0	passage_status/DSS-Psalms-Passage-Status.txt	866446	822	5ffc660b32ae8b2df4779036bfc2cbba5046cc9d360d777a247ea296a34ef3f7	L1603946-R001,L1603946-R002,L1603946-R003,L1603947-R001,L1603947-R002,L1603947-R003
Ps	145	21	11Q5	1606836	PARTLY_RECONSTRUCTED	32	88	72	2	6	64	12	7	4	6	0	0	0	0	passage_status/DSS-Psalms-Passage-Status.txt	867268	839	92fe3048f9b163c4dd242b36e50ca0d1faf2ef257a283139eed90acdee6f3be7	L1603948-R001,L1603948-R002,L1603948-R003,L1603949-R001,L1603949-R002,L1603949-R003,L1603950-R001
Ps	139	8	11Q5	1606836	NO_LETTER_RECONSTRUCTION_MARKED	3	11	8	0	0	8	0	0	0	1	0	0	0	0	passage_status/DSS-Psalms-Passage-Status.txt	868107	737	a87439c55637a2d7e8cc686c3a2d330a8955d8f05d14513ec09a0ee9476f209e	L1603951-R001
Ps	139	9	11Q5	1606836	NO_LETTER_RECONSTRUCTION_MARKED	8	27	25	0	0	25	0	0	0	1	0	0	0	0	passage_status/DSS-Psalms-Passage-Status.txt	868844	739	983ed9a84cc1c71b11af96a2fd4e31c9ec0b8cd4b3c5d07d77dbf185d224f760	L1603951-R002
Ps	139	10	11Q5	1606836	NO_LETTER_RECONSTRUCTION_MARKED	7	30	24	0	0	24	0	0	0	1	0	0	0	0	passage_status/DSS-Psalms-Passage-Status.txt	869583	757	55e57c56908b96946f9c7a9978568ef2f01dbf16d9a242346331afe2118392ad	L1603951-R003,L1603952-R001
Ps	139	11	11Q5	1606836	NO_LETTER_RECONSTRUCTION_MARKED	10	35	31	0	0	30	0	0	0	1	0	0	1	0	passage_status/DSS-Psalms-Passage-Status.txt	870340	763	99511b1d68df495f12d76805ef8b2bad1e85a99289b2ce63b178ece98175f4dd	L1603952-R002,L1603953-R001
Ps	139	12	11Q5	1606836	NO_LETTER_RECONSTRUCTION_MARKED	15	42	39	0	0	39	0	0	0	1	0	0	0	0	passage_status/DSS-Psalms-Passage-Status.txt	871103	758	ec0f2ba11862566b8f74b8df68b27f281afd0a3e699be2d39b90182a39b905c5	L1603953-R002,L1603954-R001
Ps	139	13	11Q5	1606836	NO_LETTER_RECONSTRUCTION_MARKED	9	34	29	0	0	29	0	0	0	1	0	0	0	0	passage_status/DSS-Psalms-Passage-Status.txt	871861	757	3b48b26c8173bedf7228ea4c8e6fa06f5b066140827ac5b4984d9940602e2612	L1603954-R002,L1603955-R001
Ps	139	14	11Q5	1606836	NO_LETTER_RECONSTRUCTION_MARKED	13	54	48	0	1	47	0	1	0	1	0	0	0	0	passage_status/DSS-Psalms-Passage-Status.txt	872618	763	92394582af16999efe48822f66ba7d63261297f339a77d540437f5170dc53420	L1603955-R002,L1603956-R001
Ps	139	15	11Q5	1606836	NO_LETTER_RECONSTRUCTION_MARKED	13	47	43	0	1	42	0	1	0	1	0	0	0	0	passage_status/DSS-Psalms-Passage-Status.txt	873381	763	961af93eff978c2a39da8360bb42049fdc3ebca81322bc3ca43483a01b776817	L1603956-R002,L1603957-R001
Ps	139	16	11Q5	1606836	NO_LETTER_RECONSTRUCTION_MARKED	16	57	49	0	0	49	0	0	0	1	0	0	0	0	passage_status/DSS-Psalms-Passage-Status.txt	874144	774	c7671f856ad13813e248ee5a44348d62603522c7022a04cbcee7466d346a07d6	L1603957-R002,L1603958-R001,L1603959-R001
Ps	139	17	11Q5	1606836	NO_LETTER_RECONSTRUCTION_MARKED	11	34	29	0	0	28	0	0	0	1	0	1	0	0	passage_status/DSS-Psalms-Passage-Status.txt	874918	747	8ea77ef3590669772538da1d956c40012d8d877e78dc3503536d654c6cf41ed7	L1603959-R002
Ps	139	18	11Q5	1606836	NO_LETTER_RECONSTRUCTION_MARKED	9	34	29	0	0	29	0	0	0	1	0	0	0	0	passage_status/DSS-Psalms-Passage-Status.txt	875665	741	f4e0e17253680dfeb42c72686eb208f28278728d8dcffe167b54b19a9f6d1624	L1603960-R001
Ps	139	19	11Q5	1606836	NO_LETTER_RECONSTRUCTION_MARKED	9	30	27	0	0	27	0	0	0	1	0	0	0	0	passage_status/DSS-Psalms-Passage-Status.txt	876406	757	f897fe0676fc9049fa896efda03132e7d680a3714290f30b0a232a92dab023f1	L1603960-R002,L1603961-R001
Ps	139	20	11Q5	1606836	NO_LETTER_RECONSTRUCTION_MARKED	9	30	26	0	0	26	0	0	0	1	0	0	0	0	passage_status/DSS-Psalms-Passage-Status.txt	877163	757	40f72a1943f336c0afca0daf67704e8f8bce36342f9385e44da447451e160a7a	L1603961-R002,L1603962-R001
Ps	139	21	11Q5	1606836	NO_LETTER_RECONSTRUCTION_MARKED	11	46	36	0	0	36	0	5	0	2	0	0	5	0	passage_status/DSS-Psalms-Passage-Status.txt	877920	779	8fd16f7bd8c2aac77caccbb1b61534e40626c817a6778477b21db8e1755b70ef	L1603962-R002,L1603963-R001,L1603963-R002
Ps	139	22	11Q5	1606836	NO_LETTER_RECONSTRUCTION_MARKED	8	31	27	0	0	27	0	0	0	1	0	0	0	0	passage_status/DSS-Psalms-Passage-Status.txt	878699	741	020190bb99b3e486fb30e6e1d6b01382bc4be9590eee4356b4b7c6d09d7d3b8c	L1603964-R001
Ps	139	23	11Q5	1606836	NO_LETTER_RECONSTRUCTION_MARKED	10	32	26	0	0	26	0	0	0	1	0	0	0	0	passage_status/DSS-Psalms-Passage-Status.txt	879440	758	2ab49b2f1f590a39243df98385a18ecaf155769dac3374d6282a1a6fc8368dc7	L1603964-R002,L1603965-R001
Ps	139	24	11Q5	1606836	NO_LETTER_RECONSTRUCTION_MARKED	12	31	27	0	0	27	0	0	0	1	0	0	0	0	passage_status/DSS-Psalms-Passage-Status.txt	880198	758	885b70c7e0420064884be01b32921711081b64258648f914004a22e281a453ab	L1603965-R002,L1603966-R001
Ps	137	1	11Q5	1606836	PARTLY_RECONSTRUCTED	13	40	37	10	3	23	11	3	0	1	0	1	0	0	passage_status/DSS-Psalms-Passage-Status.txt	880956	747	47841b6719d228304724407c261ffda97de62c7be1a5dd543a2888b231f80011	L1603967-R001
Ps	137	9	11Q5	1606836	NO_LETTER_RECONSTRUCTION_MARKED	8	21	18	0	0	18	0	0	0	1	0	0	0	0	passage_status/DSS-Psalms-Passage-Status.txt	881703	739	325278811625dc46e0f276c2c9b78f2faf6265ae66ffbb982f40693bb2c2e67c	L1603968-R001
Ps	138	1	11Q5	1606836	NO_LETTER_RECONSTRUCTION_MARKED	12	45	40	0	0	36	0	0	0	1	0	0	4	0	passage_status/DSS-Psalms-Passage-Status.txt	882442	809	05ff185bb33368b6952209f37c2669fc892f6e3ebeaa4d52c1867e097f42d9df	L1603968-R002,L1603969-R001,L1603969-R002,L1603969-R003,L1603969-R004
Ps	138	2	11Q5	1606836	NO_LETTER_RECONSTRUCTION_MARKED	20	75	67	0	0	67	0	0	0	1	0	0	0	0	passage_status/DSS-Psalms-Passage-Status.txt	883251	772	fbedc32608a92677809eb49e723b3a2d3e1953333ff1cd5837abbd99e635d179	L1603969-R005,L1603970-R001,L1603971-R001
Ps	138	3	11Q5	1606836	NO_LETTER_RECONSTRUCTION_MARKED	10	34	29	0	0	29	0	0	0	1	0	0	0	0	passage_status/DSS-Psalms-Passage-Status.txt	884023	756	7abb1896bc22be9e2c14a6dd6857fbe98a36217f00a20b6c3b827bd33ab5d286	L1603971-R002,L1603972-R001
Ps	138	4	11Q5	1606836	NO_LETTER_RECONSTRUCTION_MARKED	10	37	33	0	0	32	0	0	0	1	0	0	1	0	passage_status/DSS-Psalms-Passage-Status.txt	884779	793	1cffa53e4957c2b10001de1756818ff3747db1707a25d023a80a6c864f75f9fc	L1603972-R002,L1603972-R003,L1603972-R004,L1603973-R001
Ps	138	5	11Q5	1606836	NO_LETTER_RECONSTRUCTION_MARKED	10	31	29	0	0	29	0	0	0	1	0	0	0	0	passage_status/DSS-Psalms-Passage-Status.txt	885572	804	5a22db62131520fa640c760cc0decd558b7a3ef87c783861d061752cf9b17d6c	L1603973-R002,L1603973-R003,L1603973-R004,L1603973-R005,L1603973-R006
Ps	138	6	11Q5	1606836	NO_LETTER_RECONSTRUCTION_MARKED	12	31	29	0	1	28	0	1	0	1	0	0	0	0	passage_status/DSS-Psalms-Passage-Status.txt	886376	777	d2b2a818f21d949d4f00db2fef86b3c533869f0756859c7fd3214ab48da44fba	L1603974-R001,L1603974-R002,L1603974-R003
Ps	138	7	11Q5	1606836	NO_LETTER_RECONSTRUCTION_MARKED	15	55	48	0	0	48	0	0	0	1	0	0	0	0	passage_status/DSS-Psalms-Passage-Status.txt	887153	772	6c2eba6611597048b4b0d67638b246e5b62d81e140553bf81562eb943bd2d672	L1603974-R004,L1603975-R001,L1603976-R001
Ps	138	8	11Q5	1606836	NO_LETTER_RECONSTRUCTION_MARKED	12	46	41	0	0	41	0	0	0	1	0	0	0	0	passage_status/DSS-Psalms-Passage-Status.txt	887925	804	7b1b491cfe0c87ee7f7f9b572b08356ba56efc797a7439a9ba90998d4342b39c	L1603976-R002,L1603976-R003,L1603976-R004,L1603976-R005,L1603977-R001
Ps	93	1	11Q5	1606836	PARTLY_RECONSTRUCTED	17	51	49	3	2	44	3	2	0	1	0	0	0	0	passage_status/DSS-Psalms-Passage-Status.txt	888729	818	5e36f878c40b02d4a7c18e668481260300d8a2f7fd325d54840b6c540fd9567f	L1603978-R001,L1603978-R002,L1603978-R003,L1603978-R004,L1603978-R005,L1603979-R001
Ps	93	2	11Q5	1606836	PARTLY_RECONSTRUCTED	8	23	20	5	5	10	7	5	0	1	0	0	0	0	passage_status/DSS-Psalms-Passage-Status.txt	889547	737	832ca8211c0704f0ec1ee5d70ebcda98dfbddb231cf6431afa4c7d3e187097ca	L1603979-R002
Ps	93	3	11Q5	1606836	NO_LETTER_RECONSTRUCTION_MARKED	3	11	9	0	2	7	0	2	0	1	0	0	0	0	passage_status/DSS-Psalms-Passage-Status.txt	890284	746	36b57232eee1f47de73405ad04d24c4cc83013c65ba43af2c76a564d639f0e9e	L1603979-R003
Ps	141	5	11Q5	1606836	NO_LETTER_RECONSTRUCTION_MARKED	14	51	45	0	2	43	0	2	0	1	0	0	0	0	passage_status/DSS-Psalms-Passage-Status.txt	891030	761	2eedf8ba4db64ef5a83eb22c12051381caf13bc22c3fdc2662140035646f700f	L1603980-R001,L1603981-R001
Ps	141	6	11Q5	1606836	NO_LETTER_RECONSTRUCTION_MARKED	11	39	35	0	1	33	0	1	0	1	0	0	1	0	passage_status/DSS-Psalms-Passage-Status.txt	891791	766	5b2939e18e4c8da694d573db8f8904e774dd27ccb85d54ee65c7acf25e88624b	L1603981-R002,L1603982-R001
Ps	141	7	11Q5	1606836	NO_LETTER_RECONSTRUCTION_MARKED	13	34	31	0	1	30	0	1	0	1	0	0	0	0	passage_status/DSS-Psalms-Passage-Status.txt	892557	761	b28c87adcface2df731675cbe020763446989c5ec8ebba5effdd0d39cce8f82c	L1603982-R002,L1603983-R001
Ps	141	8	11Q5	1606836	NO_LETTER_RECONSTRUCTION_MARKED	11	43	37	0	0	37	0	0	0	1	0	0	0	0	passage_status/DSS-Psalms-Passage-Status.txt	893318	788	1b03505793b779c2efb3023459cca8f6fd76c00dd2e7b6ae005728075b3ce087	L1603983-R002,L1603983-R003,L1603983-R004,L1603984-R001
Ps	141	9	11Q5	1606836	NO_LETTER_RECONSTRUCTION_MARKED	11	37	33	0	0	33	0	0	0	1	0	0	0	0	passage_status/DSS-Psalms-Passage-Status.txt	894106	740	945deff2fcf01cdb14092898adcc95084e090846cb8fe83929bba8e43c946bd2	L1603984-R002
Ps	141	10	11Q5	1606836	NO_LETTER_RECONSTRUCTION_MARKED	9	35	32	0	0	31	0	0	0	1	0	1	0	0	passage_status/DSS-Psalms-Passage-Status.txt	894846	746	1e7c1455dcb123e4d240e03ac05e179fa33646d170675c165a7b1d14c6bae14f	L1603985-R001
Ps	133	1	11Q5	1606836	NO_LETTER_RECONSTRUCTION_MARKED	16	45	41	0	0	41	0	0	0	1	0	0	0	0	passage_status/DSS-Psalms-Passage-Status.txt	895592	756	3611faa3f0f2bb62bb3744465648d2018f54b039e14ffb7731955270c0a62462	L1603986-R001,L1603987-R001
Ps	133	2	11Q5	1606836	NO_LETTER_RECONSTRUCTION_MARKED	19	48	45	0	0	45	0	0	0	1	0	0	0	0	passage_status/DSS-Psalms-Passage-Status.txt	896348	756	27ec3aa2bcee998602137304a8c1282daa966aa3d1e779e9f45a7252ee309b96	L1603987-R002,L1603988-R001
Ps	133	3	11Q5	1606836	NO_LETTER_RECONSTRUCTION_MARKED	21	60	57	0	0	57	0	0	0	1	0	0	0	0	passage_status/DSS-Psalms-Passage-Status.txt	897104	804	8156fe54e7879ad79fe6bd62997bb0cf8422eb1d905a0d8c969737749e1d4d3d	L1603988-R002,L1603989-R001,L1603989-R002,L1603989-R003,L1603990-R001
Ps	144	1	11Q5	1606836	NO_LETTER_RECONSTRUCTION_MARKED	13	43	38	0	0	37	0	0	0	1	0	1	0	0	passage_status/DSS-Psalms-Passage-Status.txt	897908	777	d986410f89aae08d2e73e44911a2b8ed173df9f504f0bdc47f039986b0c0b1b0	L1603991-R001,L1603991-R002,L1603991-R003
Ps	144	2	11Q5	1606836	NO_LETTER_RECONSTRUCTION_MARKED	16	57	48	0	0	48	0	0	0	1	0	0	0	0	passage_status/DSS-Psalms-Passage-Status.txt	898685	756	ac17ecfcc6bffed475586acf14c34b22844663223ef8a7fe3d87b01556f15808	L1603992-R001,L1603993-R001
Ps	144	3	11Q5	1606836	NO_LETTER_RECONSTRUCTION_MARKED	11	37	33	0	0	31	0	0	0	1	0	0	2	0	passage_status/DSS-Psalms-Passage-Status.txt	899441	761	e4ddcf8fa74be9ee851296fe0da40dd0c02db6833c5e9d117efbca86c5a753c6	L1603993-R002,L1603994-R001
Ps	144	4	11Q5	1606836	NO_LETTER_RECONSTRUCTION_MARKED	10	25	22	0	0	22	0	0	0	1	0	0	0	0	passage_status/DSS-Psalms-Passage-Status.txt	900202	740	fbf05b7610361e804cdca4fa7941931a098bf154353fac9f5b7f1d6808c89d11	L1603994-R002
Ps	144	5	11Q5	1606836	PARTLY_RECONSTRUCTED	11	32	29	4	0	25	4	0	0	1	0	0	0	0	passage_status/DSS-Psalms-Passage-Status.txt	900942	745	c4cc9583ff972c28292ba9dc871ebf36b1c6313b8196bb97ae1d57873815b04d	L1603994-R003,L1603995-R001
Ps	144	6	11Q5	1606836	PARTLY_RECONSTRUCTED	9	30	25	5	4	16	8	4	0	1	0	0	0	0	passage_status/DSS-Psalms-Passage-Status.txt	901687	761	2efd8aba58ca8267a109d4faeac7b5ee7e204099c2d7314df8021a1b6f0805a3	L1603995-R002,L1603996-R001
Ps	144	7	11Q5	1606836	PARTLY_RECONSTRUCTED	8	29	24	8	3	13	9	3	0	1	0	0	0	0	passage_status/DSS-Psalms-Passage-Status.txt	902448	739	d8d9ea9b9070d83b0401910f844848e28a650cc34753d84cb0984d49a8017db2	L1603996-R002
Ps	144	15	11Q5	1606836	NO_LETTER_RECONSTRUCTION_MARKED	13	37	33	0	0	33	0	0	0	1	0	0	0	0	passage_status/DSS-Psalms-Passage-Status.txt	903187	774	de379eca089df04ed4681d0e1b39fdf3468efc0ef409cda6973366c011447b52	L1603997-R001,L1603997-R002,L1603998-R001
Ps	142	4	11Q5	1606836	NO_LETTER_RECONSTRUCTION_MARKED	2	5	2	0	0	2	0	0	0	1	0	0	0	0	passage_status/DSS-Psalms-Passage-Status.txt	903961	736	60529a0abf2beaf50ce2ee51d1d94f157b1049023524529477f4f249c67d8a2d	L1603999-R001
Ps	142	5	11Q5	1606836	NO_LETTER_RECONSTRUCTION_MARKED	16	52	47	0	0	47	0	0	0	1	0	0	0	0	passage_status/DSS-Psalms-Passage-Status.txt	904697	756	6b2fca59e843b072ea1ccdfdb52474df43cd18276eb160ca10db351ec08ba04c	L1603999-R002,L1604000-R001
Ps	142	6	11Q5	1606836	NO_LETTER_RECONSTRUCTION_MARKED	12	44	39	0	0	39	0	0	0	1	0	0	0	0	passage_status/DSS-Psalms-Passage-Status.txt	905453	788	36553103ad4b3c32943f776ad1c198958ce300ad86f8a3a22da1cd89b5560090	L1604000-R002,L1604000-R003,L1604000-R004,L1604001-R001
Ps	142	7	11Q5	1606836	NO_LETTER_RECONSTRUCTION_MARKED	13	54	46	0	0	46	0	0	0	1	0	0	0	0	passage_status/DSS-Psalms-Passage-Status.txt	906241	756	7eb5fa7e0dba6ea73a91d957470291641c8f35a3edd276b20dd623772e841d9e	L1604001-R002,L1604002-R001
Ps	142	8	11Q5	1606836	NO_LETTER_RECONSTRUCTION_MARKED	16	57	49	0	0	48	0	1	0	2	0	0	2	0	passage_status/DSS-Psalms-Passage-Status.txt	906997	761	1475a75d2baa05be2dbec51db1e5988d0c0311d3ecc497bd88854e936af5e361	L1604002-R002,L1604003-R001
Ps	143	1	11Q5	1606836	NO_LETTER_RECONSTRUCTION_MARKED	15	65	56	0	0	56	0	0	0	1	0	0	0	0	passage_status/DSS-Psalms-Passage-Status.txt	907758	788	d0a3dba976a9121a559c4b751421c94adc6f0c94ddb976a9a35cf338b317581c	L1604004-R001,L1604004-R002,L1604004-R003,L1604005-R001
Ps	143	2	11Q5	1606836	NO_LETTER_RECONSTRUCTION_MARKED	15	43	39	0	0	39	0	0	0	1	0	0	0	0	passage_status/DSS-Psalms-Passage-Status.txt	908546	756	a2c9b84f93129f1d37822acaf22c8dd14dc3a8fb0c681d388d6259843d148c11	L1604005-R002,L1604006-R001
Ps	143	3	11Q5	1606836	NO_LETTER_RECONSTRUCTION_MARKED	15	55	50	0	0	48	0	0	0	1	0	1	1	0	passage_status/DSS-Psalms-Passage-Status.txt	909302	782	076f7c0f077f2e131b1b5e1bb9c9d7847af5432ff5d028bc48c511a97b25b211	L1604006-R002,L1604007-R001,L1604008-R001
Ps	143	4	11Q5	1606836	NO_LETTER_RECONSTRUCTION_MARKED	10	35	29	0	0	29	0	0	0	1	0	0	0	0	passage_status/DSS-Psalms-Passage-Status.txt	910084	740	87e29929e584dd2a158d9bda0321faa9c302903116c157c98a4a87e92a94da95	L1604008-R002
Ps	143	5	11Q5	1606836	NO_LETTER_RECONSTRUCTION_MARKED	13	47	43	0	1	41	0	1	0	1	0	1	0	0	passage_status/DSS-Psalms-Passage-Status.txt	910824	766	0c9d1d5d0beb8b744ba78e84199d7c3cab6bfa265470bc40e8d3da242df55f61	L1604009-R001,L1604010-R001
Ps	143	6	11Q5	1606836	PARTLY_RECONSTRUCTED	11	38	32	3	1	26	4	1	0	1	0	1	1	0	passage_status/DSS-Psalms-Passage-Status.txt	911590	744	64c4dea29b38fb9a3a9e82eaa5701f2e7ea519e28a84b59b2cd8a8b2a02f198f	L1604010-R002
Ps	143	7	11Q5	1606836	PARTLY_RECONSTRUCTED	15	57	51	8	1	42	10	1	0	1	0	0	0	0	passage_status/DSS-Psalms-Passage-Status.txt	912334	783	b51bfeb568779f0c55bf3d8a1eaa349a3cb04334edd52533b6e3caea87435ba3	L1604011-R001,L1604011-R002,L1604011-R003,L1604012-R001
Ps	143	8	11Q5	1606836	PARTLY_RECONSTRUCTED	16	66	58	38	0	20	42	0	0	1	0	0	0	0	passage_status/DSS-Psalms-Passage-Status.txt	913117	747	bc5e88d31570574d66d0406ca63219e97d8fe83fb81ef13195ffefd60b05a738	L1604012-R002,L1604013-R001
Ps	149	7	11Q5	1606836	NO_LETTER_RECONSTRUCTION_MARKED	9	30	28	0	0	28	0	0	0	1	0	0	0	0	passage_status/DSS-Psalms-Passage-Status.txt	913864	739	70eab29f56bf7d94c80d7d2d7e0f537c53415722d2fea026d0452d70e281fd77	L1604014-R001
Ps	149	8	11Q5	1606836	NO_LETTER_RECONSTRUCTION_MARKED	11	38	34	0	0	34	0	0	0	1	0	0	0	0	passage_status/DSS-Psalms-Passage-Status.txt	914603	756	49aa149d8722bbc8b7f07add963f16105ebb4e3160e081893722adc723a671a0	L1604014-R002,L1604015-R001
Ps	149	9	11Q5	1606836	NO_LETTER_RECONSTRUCTION_MARKED	18	59	54	0	0	54	0	0	0	1	0	0	0	0	passage_status/DSS-Psalms-Passage-Status.txt	915359	756	974817861deb941131ab20b0bfa4722f59fd5179829db402ff4cdf3415e4ba3c	L1604015-R002,L1604016-R001
Ps	150	1	11Q5	1606836	NO_LETTER_RECONSTRUCTION_MARKED	9	32	27	0	0	27	0	0	0	1	0	0	0	0	passage_status/DSS-Psalms-Passage-Status.txt	916115	739	908ef58a79c01fccc0f18aa16cffc2ebf65b029df294e97a44e8923852a92746	L1604017-R001
Ps	150	2	11Q5	1606836	NO_LETTER_RECONSTRUCTION_MARKED	8	36	30	0	0	30	0	0	0	1	0	0	0	0	passage_status/DSS-Psalms-Passage-Status.txt	916854	755	13c7ae3f6b24509cd8877a86588f34807ec7fa1a2c30355d02254037698fab12	L1604017-R002,L1604018-R001
Ps	150	3	11Q5	1606836	NO_LETTER_RECONSTRUCTION_MARKED	10	34	30	0	0	30	0	0	0	1	0	0	0	0	passage_status/DSS-Psalms-Passage-Status.txt	917609	756	28ac09e421dca1bcbd3a03445476ea17ade2a7aa774971151d3ee79b4e3f3a70	L1604018-R002,L1604019-R001
Ps	150	4	11Q5	1606836	NO_LETTER_RECONSTRUCTION_MARKED	11	35	31	0	0	31	0	0	0	1	0	0	0	0	passage_status/DSS-Psalms-Passage-Status.txt	918365	740	966429ca1be9b47e32a402c24d7c1354760cd90284efc9fb84628023e0679ad0	L1604019-R002
Ps	150	5	11Q5	1606836	NO_LETTER_RECONSTRUCTION_MARKED	9	36	32	0	0	32	0	0	0	1	0	0	0	0	passage_status/DSS-Psalms-Passage-Status.txt	919105	739	566797fed571b75d4a6be89b24364c970f549f03cb9acfc12da04b3c8241c8b0	L1604020-R001
Ps	150	6	11Q5	1606836	NO_LETTER_RECONSTRUCTION_MARKED	8	23	21	0	0	21	0	0	0	1	0	0	0	0	passage_status/DSS-Psalms-Passage-Status.txt	919844	755	0cf4447a1bb1ca1fe6f6d714bbdc5c403cded88baa0ebb3e35bdb02c2909bc17	L1604020-R002,L1604021-R001
Ps	140	1	11Q5	1606836	NO_LETTER_RECONSTRUCTION_MARKED	6	17	15	0	0	15	0	0	0	1	0	0	0	0	passage_status/DSS-Psalms-Passage-Status.txt	920599	739	4f0796396ac0998d76a2b6d8ce840377e0ba63c6c53b1db5ac88013cc317ded1	L1604024-R001
Ps	140	2	11Q5	1606836	PARTLY_RECONSTRUCTED	10	33	29	1	0	28	1	0	0	1	0	0	0	0	passage_status/DSS-Psalms-Passage-Status.txt	921338	761	7f84ada9fbd679421e1ab5240d001b96d5f40e617fb0a5e357d3cfabd111b019	L1604024-R002,L1604024-R003,L1604025-R001
Ps	140	3	11Q5	1606836	PARTLY_RECONSTRUCTED	11	33	31	2	2	27	2	2	0	1	0	0	0	0	passage_status/DSS-Psalms-Passage-Status.txt	922099	756	aca1018635454f66f11241716e14134b9205430afd57effc5dc5f0fa603de2df	L1604025-R002,L1604026-R001
Ps	140	4	11Q5	1606836	PARTLY_RECONSTRUCTED	10	39	35	9	0	26	12	0	0	1	0	0	0	0	passage_status/DSS-Psalms-Passage-Status.txt	922855	746	4470aa90a58d84a6060acd69609cb296a55b945b6efbd505c48d35534a063d97	L1604026-R002,L1604027-R001
Ps	140	5	11Q5	1606836	PARTLY_RECONSTRUCTED	10	36	32	11	5	16	12	5	0	1	0	0	0	0	passage_status/DSS-Psalms-Passage-Status.txt	923601	780	bf25ffe75c6d633ba45b6408e1fc3d7c16b244380290bb5baa364fd45c696fa6	L1604027-R002,L1604027-R003,L1604027-R004
Ps	134	1	11Q5	1606836	NO_LETTER_RECONSTRUCTION_MARKED	9	27	25	0	0	25	0	0	0	1	0	0	0	0	passage_status/DSS-Psalms-Passage-Status.txt	924381	787	b57488454eaf350504f916c5c008b20d368129867064042beb22b384d4887680	L1604028-R001,L1604028-R002,L1604028-R003,L1604028-R004
Ps	134	2	11Q5	1606836	NO_LETTER_RECONSTRUCTION_MARKED	9	28	25	0	0	25	0	0	0	1	0	0	0	0	passage_status/DSS-Psalms-Passage-Status.txt	925168	787	e0bf889d64868d33d3e27071192dbd8831d576437e495bd2a7d0a476794514d4	L1604028-R005,L1604029-R001,L1604029-R002,L1604029-R003
Ps	134	3	11Q5	1606836	PARTLY_RECONSTRUCTED	9	30	27	1	0	26	1	0	0	1	0	0	0	0	passage_status/DSS-Psalms-Passage-Status.txt	925955	760	1d6c826255f0dd36894cf4838ce879800261495767151accffec6a316a8c35ad	L1604029-R004,L1604029-R005,L1604029-R006
Ps	77	18	11Q6	1606837	PARTLY_RECONSTRUCTED	4	17	14	11	0	3	12	0	0	1	0	0	0	0	passage_status/DSS-Psalms-Passage-Status.txt	926715	729	2ea69d5fd97e87c15ae26257c2400ac6599b93a3654f0b4121fd4fac4ee25059	L1604030-R001
Ps	77	19	11Q6	1606837	PARTLY_RECONSTRUCTED	13	42	39	18	1	20	20	1	0	1	0	0	0	0	passage_status/DSS-Psalms-Passage-Status.txt	927444	752	d97b801c03b4d9f2915c7ae4a70cc33549b58ec3c1c3916e9f5e6833d8b8e4a1	L1604030-R002,L1604031-R001
Ps	77	20	11Q6	1606837	PARTLY_RECONSTRUCTED	13	46	41	30	1	10	34	1	0	1	0	0	0	0	passage_status/DSS-Psalms-Passage-Status.txt	928196	752	d42f99fa2a8de03aaf6a8a8806e5dd4fd5e585d05d6551df0ab32c889f249c33	L1604031-R002,L1604032-R001
Ps	77	21	11Q6	1606837	PARTLY_RECONSTRUCTED	10	28	25	17	2	6	20	2	0	1	0	0	0	0	passage_status/DSS-Psalms-Passage-Status.txt	928948	735	4241c3e1ed0f72ffce6947fadd5fc703ee093cb8edb844824b9497388cae4567	L1604032-R002
Ps	78	1	11Q6	1606837	PARTLY_RECONSTRUCTED	11	44	38	26	1	11	29	1	0	1	0	0	0	0	passage_status/DSS-Psalms-Passage-Status.txt	929683	734	9f29319b156814ae9ed90ec6ded03777b515b0c282a59414c29e1d4764e3ba5b	L1604034-R001
Ps	119	163	11Q6	1606837	PARTLY_RECONSTRUCTED	8	29	26	22	0	4	23	0	0	1	0	0	0	0	passage_status/DSS-Psalms-Passage-Status.txt	930417	733	7a527007bed003c039c48297417f86242f018386be376d26b7d715b3f8085f50	L1604035-R001
Ps	119	164	11Q6	1606837	PARTLY_RECONSTRUCTED	8	29	25	19	0	6	20	0	0	1	0	0	0	0	passage_status/DSS-Psalms-Passage-Status.txt	931150	733	341e68f2af3f54b7ee82790c2ccb128e81c4c6e36abc836c2160ca11c9f0375a	L1604036-R001
Ps	119	165	11Q6	1606837	PARTLY_RECONSTRUCTED	10	34	30	26	1	3	28	1	0	1	0	0	0	0	passage_status/DSS-Psalms-Passage-Status.txt	931883	739	e8c2080339fd3a13266d6239123121925372c2dbc517d4d9afd236008b2f2577	L1604037-R001
Ps	118	1	11Q6	1606837	PARTLY_RECONSTRUCTED	10	28	25	20	1	4	20	1	0	1	0	0	0	0	passage_status/DSS-Psalms-Passage-Status.txt	932622	735	62b39eeaf90c7a5f2327146d753a2692d3f289f57861ffb56049dada12a2bcb0	L1604038-R001
Ps	118	15	11Q6	1606837	PARTLY_RECONSTRUCTED	12	39	37	31	2	4	31	2	0	1	0	0	0	0	passage_status/DSS-Psalms-Passage-Status.txt	933357	753	c4805d6a196ed3b8d0b8fcb9296fe964374bb28d10ab43e38174c8313324e2de	L1604038-R002,L1604039-R001
Ps	118	16	11Q6	1606837	PARTLY_RECONSTRUCTED	4	15	13	11	1	1	11	1	0	1	0	0	0	0	passage_status/DSS-Psalms-Passage-Status.txt	934110	736	b4074f3cfb3370aba642b4bac2049cbafe5fbfb719a92a7763f13b08d679fe25	L1604039-R002
Ps	141	10	11Q6	1606837	PARTLY_RECONSTRUCTED	6	22	20	15	0	5	15	0	0	1	0	0	0	0	passage_status/DSS-Psalms-Passage-Status.txt	934846	731	fd6675ab37b3f14c517bab254f7753a36edfe6bae5af8b8113f83c5f20c9c6de	L1604040-R001
Ps	133	1	11Q6	1606837	PARTLY_RECONSTRUCTED	16	43	41	28	2	11	30	2	0	1	0	0	0	0	passage_status/DSS-Psalms-Passage-Status.txt	935577	752	4189bec4190c5bd2c12cfaf7d1d74183eba1a62159f15df1217c0c289762efa1	L1604041-R001,L1604042-R001
Ps	133	2	11Q6	1606837	PARTLY_RECONSTRUCTED	19	49	46	22	0	24	22	0	0	1	0	0	0	0	passage_status/DSS-Psalms-Passage-Status.txt	936329	747	8ce3cae4886adda236688f4415bc817a9e8a09f3a2b91a7fda5dcaeac664de4f	L1604042-R002,L1604043-R001
Ps	133	3	11Q6	1606837	PARTLY_RECONSTRUCTED	21	60	57	27	3	27	30	3	0	1	0	0	0	0	passage_status/DSS-Psalms-Passage-Status.txt	937076	758	544efeb4ef9bb2f70b83291052de12699ce21c2d697ccece164e73b774cbca42	L1604043-R002,L1604044-R001
Ps	144	1	11Q6	1606837	PARTLY_RECONSTRUCTED	13	43	38	26	1	11	28	1	0	1	0	0	0	0	passage_status/DSS-Psalms-Passage-Status.txt	937834	752	79fba5be3a8f81e6dcf739b6f9761caff39fff9e8dc4723aef04427a094a7beb	L1604045-R001,L1604046-R001
Ps	144	2	11Q6	1606837	PARTLY_RECONSTRUCTED	16	57	48	40	2	6	48	2	0	1	0	0	0	0	passage_status/DSS-Psalms-Passage-Status.txt	938586	751	697a7920a739fce88f60e2b9c0068dc58c7ad4fe1b1494cae80b765a34316676	L1604046-R002,L1604047-R001
Ps	144	3	11Q6	1606837	NO_LETTER_SLOTS	4	8	0	0	0	0	4	1	2	4	0	0	0	0	passage_status/DSS-Psalms-Passage-Status.txt	939337	736	e6395d3012f731e1ff34bf22b3db64f3ab093aafc98afc1ede9ea3a20d06a51b	L1604047-R002,L1604048-R001
Ps	109	2	11Q6	1606837	NO_LETTER_RECONSTRUCTION_MARKED	4	8	1	0	1	0	6	2	2	3	0	0	0	0	passage_status/DSS-Psalms-Passage-Status.txt	940073	741	dc171a508409cb2dcf49ffd95f0878e9fdfd02b411df372361da66350f4856a3	L1604049-R001
Ps	109	3	11Q6	1606837	PARTLY_RECONSTRUCTED	8	30	26	25	0	1	27	0	0	1	0	0	0	0	passage_status/DSS-Psalms-Passage-Status.txt	940814	745	1fd58be225e92309d8d9553ce0a48aada45880a16bc41540d5e6bd197d861e44	L1604049-R002,L1604050-R001
Ps	109	4	11Q6	1606837	PARTLY_RECONSTRUCTED	7	27	23	20	1	2	22	1	0	1	0	0	0	0	passage_status/DSS-Psalms-Passage-Status.txt	941559	734	59ba71e7e2c6f2454338d0b57dc489c2e489d2894d3441f32f32a6bd6fc45f06	L1604050-R002
Ps	2	1	11Q7	1606838	PARTLY_RECONSTRUCTED	8	27	25	24	1	0	24	1	0	1	0	0	0	0	passage_status/DSS-Psalms-Passage-Status.txt	942293	730	90a419c2faf174a3720b195fbb149d6d700d22d39abaf1226da777c95b63a106	L1604052-R001
Ps	2	2	11Q7	1606838	PARTLY_RECONSTRUCTED	13	45	42	40	2	0	43	2	0	1	0	0	0	0	passage_status/DSS-Psalms-Passage-Status.txt	943023	753	de8156f0d861fb408216eaac015c9a406528b341d870167b5b4b44ef2cf906d8	L1604052-R002,L1604053-R001
Ps	2	3	11Q7	1606838	PARTLY_RECONSTRUCTED	8	40	35	24	1	10	29	1	0	1	0	0	0	0	passage_status/DSS-Psalms-Passage-Status.txt	943776	731	84929d442c1f29f5a9abeb8822a2947e29fba6915cb850d019ee86f3dc1520ca	L1604053-R002
Ps	2	4	11Q7	1606838	PARTLY_RECONSTRUCTED	8	28	25	13	3	9	13	3	0	1	0	0	0	0	passage_status/DSS-Psalms-Passage-Status.txt	944507	752	d0b6fd1669b922df3968cd863a50b5bf04c46261ba361307b8be2b6c98e2f3dd	L1604053-R003,L1604054-R001
Ps	2	5	11Q7	1606838	PARTLY_RECONSTRUCTED	10	34	28	21	3	4	27	3	0	1	0	0	0	0	passage_status/DSS-Psalms-Passage-Status.txt	945259	737	a691d4c015439b4accf83c29f7d5c1bbcc92c06a18d8d1afe92413a4673c4c8f	L1604054-R002
Ps	2	6	11Q7	1606838	PARTLY_RECONSTRUCTED	9	30	26	16	2	8	17	2	0	1	0	0	0	0	passage_status/DSS-Psalms-Passage-Status.txt	945996	746	65eb1c870cc86f2b5c3ad965b25d5378298fc26ec66fde7c5c3e26cf7c879161	L1604054-R003,L1604055-R001
Ps	2	7	11Q7	1606838	PARTLY_RECONSTRUCTED	13	45	40	34	3	3	39	3	0	1	0	0	0	0	passage_status/DSS-Psalms-Passage-Status.txt	946742	753	85a57ab33c68d2fb9f4d34cc34268e246260358419da57b0fae4aba411efe578	L1604055-R002,L1604056-R001
Ps	2	8	11Q7	1606838	PARTLY_RECONSTRUCTED	11	39	34	30	4	0	32	4	0	1	0	0	0	0	passage_status/DSS-Psalms-Passage-Status.txt	947495	737	9ac45d8b575bc9e99d19f643352a40b3b8d09b359eb057ad2b7780b390b62a86	L1604056-R002
Ps	9	3	11Q7	1606838	PARTLY_RECONSTRUCTED	8	32	28	17	9	2	18	9	0	1	0	0	0	0	passage_status/DSS-Psalms-Passage-Status.txt	948232	748	d708daa27ce53d3d306aab3de0ed3d737404eb3b7335bb9748a13ef8e4b7ca25	L1604057-R001
Ps	9	4	11Q7	1606838	PARTLY_RECONSTRUCTED	10	34	30	22	0	8	25	0	0	1	0	0	0	0	passage_status/DSS-Psalms-Passage-Status.txt	948980	742	264ebc145612d4bc5912bed0f46fa5f81d56847b3eff9a7b5f8c65ca3694ac81	L1604057-R002,L1604058-R001
Ps	9	5	11Q7	1606838	PARTLY_RECONSTRUCTED	12	38	34	7	1	26	9	1	0	1	0	0	0	0	passage_status/DSS-Psalms-Passage-Status.txt	949722	730	8fe1d535c742e00e6d6f33ff89a8f53ed2a1c30ffac1489743b44a6827a3887d	L1604058-R002
Ps	9	6	11Q7	1606838	PARTLY_RECONSTRUCTED	11	36	33	25	0	8	26	0	0	1	0	0	0	0	passage_status/DSS-Psalms-Passage-Status.txt	950452	742	23f38c34b2a5d3b36b099cefb0ea4968a5c296fa2019457e7ce38084b0b1862a	L1604058-R003,L1604059-R001
Ps	9	7	11Q7	1606838	PARTLY_RECONSTRUCTED	13	40	37	28	4	5	31	4	0	1	0	0	0	0	passage_status/DSS-Psalms-Passage-Status.txt	951194	759	e84a8703b6171b1598bced5061b41cccf5ed3bd860f9581c7dac3b135e4d5e5d	L1604059-R002,L1604060-R001
Ps	9	8	11Q7	1606838	PARTLY_RECONSTRUCTED	10	29	26	25	1	0	26	1	0	1	0	0	0	0	passage_status/DSS-Psalms-Passage-Status.txt	951953	731	f66ccc1f381a5b8a74ee54080506be220c93a97eb738170a2a140f9892462aef	L1604060-R002
Ps	11	1	11Q7	1606838	PARTLY_RECONSTRUCTED	15	48	44	39	0	5	41	0	0	1	0	0	0	0	passage_status/DSS-Psalms-Passage-Status.txt	952684	728	e337860e59cfbefa3c182454be073b0ce1421bc77177fac66b08194ded99b5a6	L1604061-R001
Ps	11	2	11Q7	1606838	PARTLY_RECONSTRUCTED	18	55	51	33	0	18	34	0	0	1	0	0	0	0	passage_status/DSS-Psalms-Passage-Status.txt	953412	745	3b770bb24595d2f360ea84aaaa8a3c9d265f9078ec70201261ca7474b3ee8af0	L1604062-R001,L1604063-R001
Ps	11	3	11Q7	1606838	PARTLY_RECONSTRUCTED	8	25	22	18	1	3	21	1	0	1	0	0	0	0	passage_status/DSS-Psalms-Passage-Status.txt	954157	732	909e5a2e3cdd3d58b4dd978e71646070c0c6010c3e8e3410309ee2ab2ef270d7	L1604063-R002
Ps	11	4	11Q7	1606838	PARTLY_RECONSTRUCTED	10	32	26	24	0	2	28	0	1	2	0	0	0	0	passage_status/DSS-Psalms-Passage-Status.txt	954889	744	04c60090151c4b0fcab06e6b8850f4addf3102e21f73469802404f7586f9b0e1	L1604063-R003,L1604064-R001
Ps	12	5	11Q7	1606838	PARTLY_RECONSTRUCTED	12	46	38	24	0	14	30	0	1	2	0	0	0	0	passage_status/DSS-Psalms-Passage-Status.txt	955633	745	f336df9cd230018742bd276bd652dcb8d07085b750265be7912e9420f4b24e0d	L1604065-R001,L1604066-R001
Ps	12	6	11Q7	1606838	PARTLY_RECONSTRUCTED	18	62	59	43	4	12	46	4	0	1	0	0	0	0	passage_status/DSS-Psalms-Passage-Status.txt	956378	756	e788dad54b60a8995fe66b5f39cb474cbca3f08db031a22a6ef5348004ed2349	L1604066-R002,L1604067-R001
Ps	12	7	11Q7	1606838	PARTLY_RECONSTRUCTED	12	48	45	23	1	21	26	1	0	2	0	0	0	0	passage_status/DSS-Psalms-Passage-Status.txt	957134	750	1835cec247df9519de2978361997cbb2f496d0a9f419aa27d1cbfa5fcb66bc64	L1604067-R002,L1604068-R001
Ps	12	8	11Q7	1606838	PARTLY_RECONSTRUCTED	11	35	31	21	2	8	25	2	0	1	0	0	0	0	passage_status/DSS-Psalms-Passage-Status.txt	957884	749	d782127136fd423f63ab3ac7032c73b25a79a1e354735490a8fbd0a10b7fc946	L1604068-R002,L1604069-R001
Ps	12	9	11Q7	1606838	PARTLY_RECONSTRUCTED	10	35	32	29	2	1	32	2	0	1	0	0	0	0	passage_status/DSS-Psalms-Passage-Status.txt	958633	733	1997d5166c2c2669faef34df93845763ccd65237a8cd450f096cee4db91434c1	L1604069-R002
Ps	13	1	11Q7	1606838	ALL_LETTER_SLOTS_RECONSTRUCTED	6	17	15	15	0	0	17	0	0	1	0	0	0	0	passage_status/DSS-Psalms-Passage-Status.txt	959366	737	243c57574ecbba7c4bedb72ede7b95e8e9b76627103e38576442a246f03595e4	L1604070-R001
Ps	13	2	11Q7	1606838	PARTLY_RECONSTRUCTED	12	46	39	33	3	3	39	3	0	1	0	0	0	0	passage_status/DSS-Psalms-Passage-Status.txt	960103	749	f37835553454e354191f1e2bc763ee9cc17cdbeb044fb232472e7fe362ec0490	L1604070-R002,L1604071-R001
Ps	13	3	11Q7	1606838	PARTLY_RECONSTRUCTED	16	56	48	41	0	7	48	0	0	1	0	0	0	0	passage_status/DSS-Psalms-Passage-Status.txt	960852	744	8248bf226a1c741fb10a2e1d96229c12ef0c9e7ab1d1a6d2138f0f45f54c7cf0	L1604071-R002,L1604072-R001
Ps	13	4	11Q7	1606838	ALL_LETTER_SLOTS_RECONSTRUCTED	11	44	37	37	0	0	44	0	0	1	0	0	0	0	passage_status/DSS-Psalms-Passage-Status.txt	961596	738	95afb221f938f550e59972e45a900d1940af6014fa9f86546e365b19d360ea92	L1604072-R002
Ps	13	5	11Q7	1606838	PARTLY_RECONSTRUCTED	9	37	32	23	0	9	27	0	0	1	0	0	0	0	passage_status/DSS-Psalms-Passage-Status.txt	962334	743	507a37367fa05eddfa2c6cf9379fdb6c658894a8cc7c2ab48e5709bf153a2aed	L1604072-R003,L1604073-R001
Ps	13	6	11Q7	1606838	PARTLY_RECONSTRUCTED	16	53	47	44	0	3	49	0	0	1	0	0	0	0	passage_status/DSS-Psalms-Passage-Status.txt	963077	744	f5f33df80fcff886708582fbc7e10378d80579bd467a3cae255ddb60e2bda669	L1604073-R002,L1604074-R001
Ps	14	1	11Q7	1606838	PARTLY_RECONSTRUCTED	17	58	55	47	2	6	50	2	0	1	0	0	0	0	passage_status/DSS-Psalms-Passage-Status.txt	963821	749	3fe94f42016b62b4f9fde9f2e1cb2a44f205bf4188adf0be01dfa35d5ca544b8	L1604075-R001,L1604076-R001
Ps	14	2	11Q7	1606838	PARTLY_RECONSTRUCTED	16	49	47	41	3	3	43	3	0	1	0	0	0	0	passage_status/DSS-Psalms-Passage-Status.txt	964570	755	353816912a6897576d15bb6bde091dcabb570ff264e231657c51791a2fd902e0	L1604076-R002,L1604077-R001
Ps	14	3	11Q7	1606838	PARTLY_RECONSTRUCTED	12	35	33	30	0	3	30	0	0	1	0	0	0	0	passage_status/DSS-Psalms-Passage-Status.txt	965325	728	aa021bd0c2b67f7615dc859b38182dfba67349620df7b1b8acb071597a8518eb	L1604077-R002
Ps	14	4	11Q7	1606838	PARTLY_RECONSTRUCTED	14	48	45	43	1	1	44	1	0	1	0	0	0	0	passage_status/DSS-Psalms-Passage-Status.txt	966053	749	9df8edfe4339eaba01880f8c13ccd224a99d4b6dcd92deb756fbcb30e663085e	L1604077-R003,L1604078-R001
Ps	14	5	11Q7	1606838	PARTLY_RECONSTRUCTED	9	29	26	23	3	0	25	3	0	1	0	0	0	0	passage_status/DSS-Psalms-Passage-Status.txt	966802	748	e1215b5b7db8303ece11cad07d84c94c9ac27f48191b2a9aca5efdd37bd7bb44	L1604078-R002,L1604079-R001
Ps	14	6	11Q7	1606838	PARTLY_RECONSTRUCTED	7	25	22	16	4	2	17	4	0	1	0	0	0	0	passage_status/DSS-Psalms-Passage-Status.txt	967550	738	1f735c74fa94700dc455b67328f1d22d1b919d56121f9b6313dae4284bad475f	L1604079-R002
Ps	17	9	11Q7	1606838	PARTLY_RECONSTRUCTED	11	39	34	20	2	12	25	2	0	1	0	0	0	0	passage_status/DSS-Psalms-Passage-Status.txt	968288	740	b2492613a91285ae08cb4f43b83e9ad8cf5a31e73fb2e6261b1759ac02e37034	L1604080-R001
Ps	17	10	11Q7	1606838	PARTLY_RECONSTRUCTED	7	26	22	13	0	9	15	0	0	1	0	0	0	0	passage_status/DSS-Psalms-Passage-Status.txt	969028	745	d24108cde89556b880eb3ea64f859cbb7f6dc3287012a2e3134e07f7ddb910f9	L1604080-R002,L1604081-R001
Ps	17	11	11Q7	1606838	PARTLY_RECONSTRUCTED	10	40	35	23	1	11	25	1	0	1	0	0	0	0	passage_status/DSS-Psalms-Passage-Status.txt	969773	736	67ebdf6a72368ba6cf09e3e12dcda2e7bab304c3f7b38e6ce8eaa39c08dfdfc3	L1604081-R002
Ps	17	12	11Q7	1606838	PARTLY_RECONSTRUCTED	13	40	37	18	0	19	21	0	0	1	0	0	0	0	passage_status/DSS-Psalms-Passage-Status.txt	970509	731	dcefcf426475393fdfc9e7b7815fe4748762117e6cacb15206869792c2b997c2	L1604082-R001
Ps	17	13	11Q7	1606838	PARTLY_RECONSTRUCTED	11	45	38	26	0	12	29	0	0	1	0	0	0	0	passage_status/DSS-Psalms-Passage-Status.txt	971240	747	400080d26d4f13b9b25f296e2615268edda153bed1081962326cfc6c3e5a008d	L1604082-R002,L1604083-R001
Ps	17	14	11Q7	1606838	PARTLY_RECONSTRUCTED	23	85	76	46	9	21	48	9	0	1	0	0	0	0	passage_status/DSS-Psalms-Passage-Status.txt	971987	786	d2dc28b1e1812cedc497ea264ca1528dc03adc31d64d3b892e8c06f283255de2	L1604083-R002,L1604084-R001,L1604085-R001
Ps	17	15	11Q7	1606838	PARTLY_RECONSTRUCTED	10	37	33	9	8	16	12	8	0	1	0	0	0	0	passage_status/DSS-Psalms-Passage-Status.txt	972773	769	9097b9c109b39716a3f8a5d9d18a32b2a14cf790c0a9b920a72e45a7a82d5212	L1604085-R002,L1604086-R001
Ps	18	1	11Q7	1606838	PARTLY_RECONSTRUCTED	31	85	81	43	4	34	46	4	0	1	0	0	0	0	passage_status/DSS-Psalms-Passage-Status.txt	973542	756	ad8a98721875a7014a6a8f6ea6e4ed82b527474782bdf1c271957dadf9b34d26	L1604087-R001,L1604088-R001
Ps	18	2	11Q7	1606838	PARTLY_RECONSTRUCTED	6	25	21	14	2	5	18	2	0	1	0	0	0	0	passage_status/DSS-Psalms-Passage-Status.txt	974298	754	2f27820301d79e4b14ed8d71ae6ae3c2e2cb344dd6bfd6e4e64606c5be92d288	L1604088-R002,L1604089-R001
Ps	18	3	11Q7	1606838	PARTLY_RECONSTRUCTED	16	62	51	27	1	23	31	1	0	1	0	0	0	0	passage_status/DSS-Psalms-Passage-Status.txt	975052	750	e91e01e4065304b25f7a5dffaf27cb6468d583879e85bbc305ed028f457d3ce3	L1604089-R002,L1604090-R001
Ps	18	4	11Q7	1606838	PARTLY_RECONSTRUCTED	9	29	26	2	2	22	2	2	0	1	0	0	0	0	passage_status/DSS-Psalms-Passage-Status.txt	975802	731	9d183a4613ff4c08fa0e66c67fa09261ac963b3ed6fe69b9244d636b2ceec92f	L1604090-R002
Ps	18	5	11Q7	1606838	PARTLY_RECONSTRUCTED	8	34	30	24	1	5	25	1	0	1	0	0	0	0	passage_status/DSS-Psalms-Passage-Status.txt	976533	732	efff0b85576b23fc6314bc945334edea268d14f2a38addbc8b90d776dafaccda	L1604091-R001
Ps	18	6	11Q7	1606838	PARTLY_RECONSTRUCTED	7	32	28	14	0	14	17	0	0	1	0	0	0	0	passage_status/DSS-Psalms-Passage-Status.txt	977265	744	d9895af9ee0970675bcbacea10e5a56f715da194f4ad1d889f5cf1f564646903	L1604091-R002,L1604092-R001
Ps	18	7	11Q7	1606838	PARTLY_RECONSTRUCTED	21	70	61	37	2	22	42	2	0	1	0	0	0	0	passage_status/DSS-Psalms-Passage-Status.txt	978009	756	4c989351bb26b18575aa0544c705d9fb33910fe86699638604dcc7b4eb4c4b9d	L1604092-R002,L1604093-R001
Ps	18	8	11Q7	1606838	PARTLY_RECONSTRUCTED	17	48	45	26	1	18	26	1	0	1	0	0	0	0	passage_status/DSS-Psalms-Passage-Status.txt	978765	750	3eddc418feff9673cd618b9ad76b3eb180b303b8d0f1502706422ee8641bc03a	L1604093-R002,L1604094-R001
Ps	18	9	11Q7	1606838	PARTLY_RECONSTRUCTED	13	40	35	30	0	5	35	0	0	1	0	0	0	0	passage_status/DSS-Psalms-Passage-Status.txt	979515	744	d8bc2b9b37119da0f30d8ba6b255a34a3aafaafe6818d65edd1a21369f9126b0	L1604094-R002,L1604095-R001
Ps	18	10	11Q7	1606838	PARTLY_RECONSTRUCTED	10	27	24	12	1	11	15	1	0	1	0	0	0	0	passage_status/DSS-Psalms-Passage-Status.txt	980259	752	7602bfaf620634005f63ad6f0ac954e05e45a039882a40398ee83f679f59112b	L1604095-R002,L1604096-R001
Ps	18	11	11Q7	1606838	PARTLY_RECONSTRUCTED	12	31	29	20	1	8	20	1	0	1	0	0	0	0	passage_status/DSS-Psalms-Passage-Status.txt	981011	735	0f8dda9e55557112e413de06bc4b9846aa593b1e2a3d67d2669000b6f067d550	L1604096-R002
Ps	18	12	11Q7	1606838	PARTLY_RECONSTRUCTED	10	45	40	33	0	7	36	0	0	1	0	0	0	0	passage_status/DSS-Psalms-Passage-Status.txt	981746	730	003a1b33f308892364390412ffe174869e29535d510d2c37d18deec724bdec70	L1604097-R001
Ps	18	15	11Q7	1606838	PARTLY_RECONSTRUCTED	11	33	28	26	2	0	31	2	0	1	0	0	0	0	passage_status/DSS-Psalms-Passage-Status.txt	982476	741	f4707dffa97c8261e414f330ba0f973373e69dbb06dfa20d2a5a8e91b69118c6	L1604098-R001
Ps	18	16	11Q7	1606838	PARTLY_RECONSTRUCTED	15	48	45	38	2	5	41	2	0	1	0	0	0	0	passage_status/DSS-Psalms-Passage-Status.txt	983217	773	067f090c779808d9f66a1c75345d77ca6663fa7d8ae28eb41a7753ba7d37f99e	L1604098-R002,L1604099-R001,L1604100-R001
Ps	18	17	11Q7	1606838	PARTLY_RECONSTRUCTED	10	32	28	19	3	6	20	3	0	1	0	0	0	0	passage_status/DSS-Psalms-Passage-Status.txt	983990	741	6dd217efeac5b700b9ae030b6d3bd7c53963f4d0b986a8bb3d9b777f8db12a3a	L1604100-R002
Ps	19	4	11Q7	1606838	PARTLY_RECONSTRUCTED	10	33	28	27	1	0	32	1	1	2	0	0	0	0	passage_status/DSS-Psalms-Passage-Status.txt	984731	733	e6f3e36e8c6e80ae4bb3a265810e4e05c000bee0b82f35cf22dfb4b70a08d0b9	L1604101-R001
Ps	19	5	11Q7	1606838	PARTLY_RECONSTRUCTED	17	47	42	37	3	2	42	3	0	1	0	0	0	0	passage_status/DSS-Psalms-Passage-Status.txt	985464	761	635aeb0431fa80c179adb88b1e50e910827320e3a804255798e6780438caec15	L1604101-R002,L1604102-R001
Ps	19	6	11Q7	1606838	ALL_LETTER_SLOTS_RECONSTRUCTED	14	38	35	35	0	0	38	0	0	1	0	0	0	0	passage_status/DSS-Psalms-Passage-Status.txt	986225	754	156554f13ab610c20966939f66a2e3c084a2c9aba025516ed100c255fb4bb9b7	L1604102-R002,L1604103-R001
Ps	19	7	11Q7	1606838	PARTLY_RECONSTRUCTED	15	48	42	38	1	3	44	1	0	1	0	0	0	0	passage_status/DSS-Psalms-Passage-Status.txt	986979	749	9bf17cfaba6874a89f70d8e7a6dd1d7d3032b3084a4ca067ce3d5d5663ef0524	L1604103-R002,L1604104-R001
Ps	19	8	11Q7	1606838	PARTLY_RECONSTRUCTED	6	24	22	18	1	3	18	1	0	1	0	0	0	0	passage_status/DSS-Psalms-Passage-Status.txt	987728	732	a667d5ade8d195edfb237d27448705fc585dc8ab8d5ad6d14d842a879e583b3d	L1604104-R002
Ps	25	2	11Q7	1606838	PARTLY_RECONSTRUCTED	7	25	21	14	1	6	18	1	0	1	0	0	0	0	passage_status/DSS-Psalms-Passage-Status.txt	988460	732	f6ee8a994d37a244203f2a813b0ae4158dd5191b682325e6df6184d4b6c51788	L1604105-R001
Ps	25	3	11Q7	1606838	PARTLY_RECONSTRUCTED	10	38	35	27	1	7	30	1	0	1	0	0	0	0	passage_status/DSS-Psalms-Passage-Status.txt	989192	749	45f48e2e1de071d998bd7a01dffb989e575a36cb91d964a8697655bfc3f1a7f4	L1604105-R002,L1604106-R001
Ps	25	4	11Q7	1606838	ALL_LETTER_SLOTS_RECONSTRUCTED	6	37	31	31	0	0	37	0	0	1	0	0	0	0	passage_status/DSS-Psalms-Passage-Status.txt	989941	737	e42814f774638658c46c6fe86224dad77d3c69c597a63cdc539e6e42c6090bd3	L1604106-R002
Ps	25	5	11Q7	1606838	PARTLY_RECONSTRUCTED	14	56	49	41	1	7	47	1	0	1	0	0	0	0	passage_status/DSS-Psalms-Passage-Status.txt	990678	749	0301e984cf75a7e44faaff53c05c6b42b54ba986641e1a8af176bc197aaaf80d	L1604106-R003,L1604107-R001
Ps	25	6	11Q7	1606838	PARTLY_RECONSTRUCTED	10	35	31	24	1	6	27	1	0	1	0	0	0	0	passage_status/DSS-Psalms-Passage-Status.txt	991427	749	fd91f2728ff7024ec6525687acd05483bcf2d3f1784a62d017e720598fe66cfc	L1604107-R002,L1604108-R001
Ps	25	7	11Q7	1606838	PARTLY_RECONSTRUCTED	16	56	47	44	3	0	51	3	1	2	0	0	0	0	passage_status/DSS-Psalms-Passage-Status.txt	992176	755	0a7fc5d0bb9a24b897d4d00fa2cad3044b802fd91c58954d7ed4953dc123c153	L1604108-R002,L1604109-R001
Ps	6	2	11Q8	1606839	PARTLY_RECONSTRUCTED	6	19	15	9	1	5	10	1	0	1	0	0	0	0	passage_status/DSS-Psalms-Passage-Status.txt	992931	729	3bfa31a1bde37fed5e9ed4b7d8e151cea640e4314d606026284c750a73c22d68	L1604110-R001
Ps	6	3	11Q8	1606839	PARTLY_RECONSTRUCTED	11	43	38	35	1	2	39	1	0	1	0	0	0	0	passage_status/DSS-Psalms-Passage-Status.txt	993660	747	7e36c382d2edf196696117635dbb85cb5a22e9f3c020aa14859f811f96990d0c	L1604110-R002,L1604111-R001
Ps	6	4	11Q8	1606839	PARTLY_RECONSTRUCTED	10	31	27	22	0	5	23	0	0	1	0	0	0	0	passage_status/DSS-Psalms-Passage-Status.txt	994407	726	eb86b105f6c50f2d80a05184b49d758b3120b895819076ad8e8b71e3b61d6c38	L1604111-R002
Ps	9	3	11Q8	1606839	NO_LETTER_RECONSTRUCTION_MARKED	2	7	5	0	2	3	2	2	0	1	0	0	0	0	passage_status/DSS-Psalms-Passage-Status.txt	995133	737	ee1cc11a2e60011ea42b6c649863e55490e62696644f69ec51847669bac9dbd0	L1604112-R001
Ps	9	4	11Q8	1606839	ALL_LETTER_SLOTS_RECONSTRUCTED	10	34	30	30	0	0	34	0	0	1	0	0	0	0	passage_status/DSS-Psalms-Passage-Status.txt	995870	736	9f936f457630dd4bfb366582e6db573c8019b72328a9ff2198bb7aa113412249	L1604112-R002
Ps	9	5	11Q8	1606839	PARTLY_RECONSTRUCTED	11	35	31	26	0	5	29	0	0	1	0	0	0	0	passage_status/DSS-Psalms-Passage-Status.txt	996606	742	2d41181625e4b450c3e3f55d824a8ee830ce9dfe8cb0c917a716353531392a49	L1604112-R003,L1604113-R001
Ps	9	6	11Q8	1606839	PARTLY_RECONSTRUCTED	12	35	30	27	2	1	30	2	1	2	0	0	0	0	passage_status/DSS-Psalms-Passage-Status.txt	997348	753	24ecfd5befe0f11a497b25c7e844381dbecb7406229c08d09a50d53b85b82b3f	L1604113-R002,L1604114-R001
Ps	18	26	11Q8	1606839	PARTLY_RECONSTRUCTED	6	20	18	5	0	13	7	0	0	1	0	0	0	0	passage_status/DSS-Psalms-Passage-Status.txt	998101	728	a3dc7a9ab6e4b8209ee8ee091847e0785f0d06119284365c137509f2e0e031b0	L1604115-R001
Ps	18	27	11Q8	1606839	PARTLY_RECONSTRUCTED	8	23	21	10	0	11	10	0	0	1	0	0	0	0	passage_status/DSS-Psalms-Passage-Status.txt	998829	746	ae1c23c6801ebadd7b24251c5c8e1a9c8e0a2de24453d418cdd6f7a041b46ce3	L1604115-R002,L1604116-R001
Ps	18	28	11Q8	1606839	PARTLY_RECONSTRUCTED	10	32	30	19	0	11	19	0	0	1	0	0	0	0	passage_status/DSS-Psalms-Passage-Status.txt	999575	747	9e8e28d33f9088eedb55485ada89d6bd95ed21720dcf39193c7f249c41ea2e50	L1604116-R002,L1604117-R001
Ps	18	29	11Q8	1606839	PARTLY_RECONSTRUCTED	10	35	28	23	2	3	28	2	1	2	0	0	0	0	passage_status/DSS-Psalms-Passage-Status.txt	1000322	751	90915b4b7fc8eac3009b5f00a43368d5e9ce0ad3e724d42b83bc570cb4e705a0	L1604117-R002,L1604118-R001
Ps	18	39	11Q8	1606839	PARTLY_RECONSTRUCTED	4	15	12	9	3	0	12	3	0	1	0	0	0	0	passage_status/DSS-Psalms-Passage-Status.txt	1001073	739	c0e2d81aafd05f87fa386e25655f2a3c5f1d029eb3c2efb6b16c3a026e324e47	L1604119-R001
Ps	18	40	11Q8	1606839	PARTLY_RECONSTRUCTED	9	33	28	26	1	1	31	1	0	1	0	0	0	0	passage_status/DSS-Psalms-Passage-Status.txt	1001812	750	4540a4105bb16ac2aad702928470b633b3a1f781183ca308ea3f114778aedf99	L1604119-R002,L1604120-R001
Ps	18	41	11Q8	1606839	ALL_LETTER_SLOTS_RECONSTRUCTED	9	34	28	28	0	0	34	0	0	1	0	0	0	0	passage_status/DSS-Psalms-Passage-Status.txt	1002562	739	dc73236add4876d697867505abf985987236a8a86a2fa280e7e789b862581c50	L1604120-R002
Ps	18	42	11Q8	1606839	PARTLY_RECONSTRUCTED	11	32	27	25	1	1	28	1	1	2	0	0	0	0	passage_status/DSS-Psalms-Passage-Status.txt	1003301	751	55bbf9a8264a72305feed706cda8d6ed08643857c528d78e85e9b41900f5afb1	L1604120-R003,L1604121-R001
Ps	36	13	11Q8	1606839	PARTLY_RECONSTRUCTED	2	5	3	2	0	1	2	0	0	1	0	0	0	0	passage_status/DSS-Psalms-Passage-Status.txt	1004052	725	08d07c44df7c73a5a5441a871da1ed1aa2a8ec3ce0e4e4e7ba8b2fb6c31f4386	L1604122-R001
Ps	37	1	11Q8	1606839	PARTLY_RECONSTRUCTED	12	33	31	17	1	13	19	1	0	1	0	0	0	0	passage_status/DSS-Psalms-Passage-Status.txt	1004777	750	fdbff7dd0cf1142315b6c9c3fcbd2e7071a77f0353be2d2f8f1a6f721eb293ff	L1604123-R001,L1604124-R001
Ps	37	2	11Q8	1606839	PARTLY_RECONSTRUCTED	11	31	28	21	1	6	21	1	0	1	0	0	0	0	passage_status/DSS-Psalms-Passage-Status.txt	1005527	749	7d11a2ba1fef76cc55dafa986006c0c1814925b8ec0e0579a226873628603d70	L1604124-R002,L1604125-R001
Ps	37	3	11Q8	1606839	PARTLY_RECONSTRUCTED	12	32	30	22	3	5	22	3	0	1	0	0	0	0	passage_status/DSS-Psalms-Passage-Status.txt	1006276	749	d9fe6d17e395ef3f2bf4db45502ee530a224d569243f627b9104cdccd5c40741	L1604125-R002,L1604126-R001
Ps	37	4	11Q8	1606839	PARTLY_RECONSTRUCTED	11	33	27	24	1	2	28	1	1	2	0	0	0	0	passage_status/DSS-Psalms-Passage-Status.txt	1007025	749	7a091efcb7c33c778cecd479079f4e8de1fcc2b5cd3723deb687f1d286fd6d62	L1604126-R002,L1604127-R001
Ps	39	13	11Q8	1606839	PARTLY_RECONSTRUCTED	14	51	45	39	3	3	44	3	0	1	0	0	0	0	passage_status/DSS-Psalms-Passage-Status.txt	1007774	757	f0d749cff351ac4f52bf12da1a1c7c6d44ac933b71ac38598913e41046c1f180	L1604128-R001,L1604129-R001
Ps	39	14	11Q8	1606839	PARTLY_RECONSTRUCTED	10	31	27	22	1	4	25	1	0	1	0	0	0	0	passage_status/DSS-Psalms-Passage-Status.txt	1008531	751	c5ae2bf3440e1243a2de3d4cf86b7c5d8d64526fe991bb52d2d226fd2be804be	L1604129-R002,L1604130-R001
Ps	40	1	11Q8	1606839	PARTLY_RECONSTRUCTED	6	16	14	10	0	4	12	0	0	1	0	0	0	0	passage_status/DSS-Psalms-Passage-Status.txt	1009282	727	c20795fa7b38ba5c482fe95c77a72d7a4df2049730e4614481860564a3e36a27	L1604131-R001
Ps	40	2	11Q8	1606839	NO_LETTER_SLOTS	5	10	0	0	0	0	7	1	3	5	0	0	0	0	passage_status/DSS-Psalms-Passage-Status.txt	1010009	735	5022dae05a476fc90bbe66227c89ebb917a8a31a284609f155bca341125ac116	L1604131-R002,L1604132-R001
Ps	43	1	11Q8	1606839	PARTLY_RECONSTRUCTED	5	18	15	6	0	9	6	0	0	1	0	0	0	0	passage_status/DSS-Psalms-Passage-Status.txt	1010744	725	ba1df08ecf5de6eeea9757fdeaf77be901c815a390ee8debd9d82b154d8d204a	L1604133-R001
Ps	43	2	11Q8	1606839	PARTLY_RECONSTRUCTED	13	48	44	36	0	8	40	0	0	1	0	0	0	0	passage_status/DSS-Psalms-Passage-Status.txt	1011469	744	ce27b1fc56b6e780e91b211e221fed1045b6885915ec49ea5b3625184f3f6695	L1604133-R002,L1604134-R001
Ps	43	3	11Q8	1606839	PARTLY_RECONSTRUCTED	15	59	49	48	0	1	56	0	1	2	0	0	0	0	passage_status/DSS-Psalms-Passage-Status.txt	1012213	744	07ae7cfd641e9194649fad021b420df491a76bcb767c8a6385d7e843a679ea6c	L1604134-R002,L1604135-R001
Ps	45	6	11Q8	1606839	PARTLY_RECONSTRUCTED	12	42	38	29	2	7	31	2	0	1	0	0	0	0	passage_status/DSS-Psalms-Passage-Status.txt	1012957	739	bac2388d30eb8806cf6babac0d899df8dd2fb862ebb9a30471118097bc24cf2b	L1604136-R001
Ps	45	7	11Q8	1606839	PARTLY_RECONSTRUCTED	10	39	35	28	1	5	32	1	0	1	0	1	0	0	passage_status/DSS-Psalms-Passage-Status.txt	1013696	754	f1b31ec403590673258e76eeb374f9bec864f81854abb99c454ccd3327484e46	L1604137-R001,L1604138-R001
Ps	45	8	11Q8	1606839	PARTLY_RECONSTRUCTED	10	32	29	28	0	1	29	0	0	1	0	0	0	0	passage_status/DSS-Psalms-Passage-Status.txt	1014450	728	f785ba19c07685c317d9a8e678d4a91d7aa0133ddd642ee56551c0daa8d3cc08	L1604138-R002
Ps	59	4	11Q8	1606839	NO_LETTER_SLOTS	4	8	0	0	0	0	7	1	2	4	0	0	0	0	passage_status/DSS-Psalms-Passage-Status.txt	1015178	718	adefc95ac2d59507137d9d95e4b53878ac80dbf24fe92c57f7b9281052d9f957	L1604139-R001
Ps	59	5	11Q8	1606839	PARTLY_RECONSTRUCTED	11	37	32	25	2	5	29	2	0	1	0	0	0	0	passage_status/DSS-Psalms-Passage-Status.txt	1015896	755	5029e86ea1be429f470439a395a65da491bfaba20d7586b7becf2c81a22114da	L1604139-R002,L1604140-R001
Ps	59	6	11Q8	1606839	PARTLY_RECONSTRUCTED	20	63	60	47	1	12	50	1	0	1	0	0	0	0	passage_status/DSS-Psalms-Passage-Status.txt	1016651	766	04f1cd7363e7d6f9ca3051b2cfe7a462af035e317f0be18c0722881986a27693	L1604140-R002,L1604141-R001,L1604142-R001
Ps	59	7	11Q8	1606839	ALL_LETTER_SLOTS_RECONSTRUCTED	10	29	27	27	0	0	29	0	0	1	0	0	0	0	passage_status/DSS-Psalms-Passage-Status.txt	1017417	738	a5aeaa09dd1c0d81e3196ed9ce7aa6589090cf879469ee77cfaf99854d7fc92a	L1604142-R002
Ps	59	8	11Q8	1606839	PARTLY_RECONSTRUCTED	12	42	35	30	1	4	34	1	1	2	0	0	0	0	passage_status/DSS-Psalms-Passage-Status.txt	1018155	749	bf63dbb09f63a37f809ef31aa267b6b495bcd44aacb5fa8ba8f8e17c842d49a1	L1604142-R003,L1604143-R001
Ps	68	1	11Q8	1606839	PARTLY_RECONSTRUCTED	7	20	18	15	1	2	17	1	0	1	0	0	0	0	passage_status/DSS-Psalms-Passage-Status.txt	1018904	732	58b9add9daa899870581647d6b92ffbb60103cd5a59a68ff158d0f95a7142ab3	L1604144-R001
Ps	68	2	11Q8	1606839	ALL_LETTER_SLOTS_RECONSTRUCTED	10	42	37	37	0	0	42	0	0	1	0	0	0	0	passage_status/DSS-Psalms-Passage-Status.txt	1019636	754	3df67a3d307d5a47c8f594c7fc79d6c636b857a37a42e0dadf88ec1a53ed8b83	L1604144-R002,L1604145-R001
Ps	68	3	11Q8	1606839	PARTLY_RECONSTRUCTED	16	47	45	36	1	8	38	1	0	1	0	0	0	0	passage_status/DSS-Psalms-Passage-Status.txt	1020390	749	05f030fc3b17ac3d648e61b67c2c8e45b796fed057c17a3cd1cd016782891d44	L1604145-R002,L1604146-R001
Ps	68	4	11Q8	1606839	PARTLY_RECONSTRUCTED	12	39	37	32	1	4	34	1	0	1	0	0	0	0	passage_status/DSS-Psalms-Passage-Status.txt	1021139	749	709c58f899433a767c2efbbc17b2d682b7f5e29c7990ce29a308b0f25cba30ae	L1604146-R002,L1604147-R001
Ps	68	5	11Q8	1606839	PARTLY_RECONSTRUCTED	19	53	46	41	0	5	45	0	1	2	0	0	0	0	passage_status/DSS-Psalms-Passage-Status.txt	1021888	744	f8a309cd00fd6136002b6e357698d0eda3a2642a2b348bdfc759b00e9b58a0d0	L1604147-R002,L1604148-R001
Ps	68	14	11Q8	1606839	PARTLY_RECONSTRUCTED	4	12	10	9	1	0	11	1	0	1	0	0	0	0	passage_status/DSS-Psalms-Passage-Status.txt	1022632	733	0d5284a764d762930cb94f8a335d31f2019077c8f111dd2448f3e076152323fa	L1604149-R001
Ps	68	15	11Q8	1606839	ALL_LETTER_SLOTS_RECONSTRUCTED	9	27	24	24	0	0	25	0	0	1	0	0	0	0	passage_status/DSS-Psalms-Passage-Status.txt	1023365	739	05a98c878d665054886640e22d9d386be2a35581316143ff9aa903b159e2e314	L1604149-R002
Ps	68	16	11Q8	1606839	PARTLY_RECONSTRUCTED	10	30	28	21	0	7	23	0	0	1	0	0	0	0	passage_status/DSS-Psalms-Passage-Status.txt	1024104	730	4ea8932a34665ca59d5e316bd2dc680d03e4043beab3de14d693329ac1f2bda2	L1604150-R001
Ps	68	17	11Q8	1606839	PARTLY_RECONSTRUCTED	16	54	50	42	0	8	44	0	0	1	0	0	0	0	passage_status/DSS-Psalms-Passage-Status.txt	1024834	762	535f1567c7619e04acd37f73771669db9b155cdd1c6a1daf009d82cb250d25b0	L1604150-R002,L1604151-R001,L1604152-R001
Ps	68	18	11Q8	1606839	PARTLY_RECONSTRUCTED	9	35	32	27	1	4	28	1	0	1	0	0	0	0	passage_status/DSS-Psalms-Passage-Status.txt	1025596	734	d3555fc3d829cb551c6af5f33b0447251aba48828c061d35a91429d35fc74c9d	L1604152-R002
Ps	78	5	11Q8	1606839	PARTLY_RECONSTRUCTED	4	11	6	4	1	1	6	1	1	2	0	0	0	0	passage_status/DSS-Psalms-Passage-Status.txt	1026330	729	9f84d78c7d3ffafff8e04de48d7d93feba704ad1240c0d9a1495f9515dd70d5e	L1604153-R001
Ps	78	6	11Q8	1606839	PARTLY_RECONSTRUCTED	12	44	41	34	1	6	37	1	0	1	0	0	0	0	passage_status/DSS-Psalms-Passage-Status.txt	1027059	749	26ed34d85fcd5ed25e26ed05172091734e6ffacc1e9bc79149829d2c81f47d90	L1604153-R002,L1604154-R001
Ps	78	7	11Q8	1606839	PARTLY_RECONSTRUCTED	14	47	43	35	2	6	37	2	0	1	0	0	0	0	passage_status/DSS-Psalms-Passage-Status.txt	1027808	755	4095db2cb689436f4d24d81329b2c31c9ba24040daa9a7e6dac57864595d66ad	L1604154-R002,L1604155-R001
Ps	78	8	11Q8	1606839	PARTLY_RECONSTRUCTED	20	57	52	40	0	12	45	0	0	1	0	0	0	0	passage_status/DSS-Psalms-Passage-Status.txt	1028563	745	665848a69aa2f4bdab59517c5b2d7eba08fceb6b31c10332f81db292ebbe5d80	L1604156-R001,L1604157-R001
Ps	78	9	11Q8	1606839	PARTLY_RECONSTRUCTED	10	33	31	21	1	9	23	1	0	1	0	0	0	0	passage_status/DSS-Psalms-Passage-Status.txt	1029308	749	f2b8172623db0d54a984be12b6e9d5587ca2d70fb3b6c8cffd352a23f7cf29ca	L1604157-R002,L1604158-R001
Ps	78	10	11Q8	1606839	PARTLY_RECONSTRUCTED	11	33	30	12	0	18	15	0	0	1	0	0	0	0	passage_status/DSS-Psalms-Passage-Status.txt	1030057	747	7b4c3aed789a08a54ed1f240c1f1f3b2e27a0391f83ee7e2c9f8921570f0f146	L1604158-R002,L1604159-R001
Ps	78	11	11Q8	1606839	PARTLY_RECONSTRUCTED	8	35	30	18	0	12	22	0	0	1	0	0	0	0	passage_status/DSS-Psalms-Passage-Status.txt	1030804	746	1f5f51e9e2abbad937fdf58009ca62032dcbf1361f736e5f33d7be635e06e145	L1604159-R002,L1604160-R001
Ps	78	12	11Q8	1606839	PARTLY_RECONSTRUCTED	9	29	26	19	3	4	20	3	0	1	0	0	0	0	passage_status/DSS-Psalms-Passage-Status.txt	1031550	734	5331dfd7030633e2f05b962346217113a187efeaa3eba719fddf2706940d392a	L1604160-R002
Ps	81	4	11Q8	1606839	PARTLY_RECONSTRUCTED	6	15	12	9	0	3	12	0	0	1	0	0	0	0	passage_status/DSS-Psalms-Passage-Status.txt	1032284	726	8bc15b934c2419bc6734c1f770ed4a1a66c77b8ba11b5dd8a4c23aa0099ed7f6	L1604161-R001
Ps	81	5	11Q8	1606839	PARTLY_RECONSTRUCTED	10	31	29	24	1	4	26	1	0	1	0	0	0	0	passage_status/DSS-Psalms-Passage-Status.txt	1033010	749	98485948c0a11df5a03941a514de8d050c230831ebfeb09accd36fcaa8bc65a7	L1604161-R002,L1604162-R001
Ps	81	6	11Q8	1606839	PARTLY_RECONSTRUCTED	14	48	44	38	1	5	42	1	0	1	0	0	0	0	passage_status/DSS-Psalms-Passage-Status.txt	1033759	749	c89336fa5246cb51eca096cbb09ab790f516f2c459140568966f8d68eab41435	L1604162-R002,L1604163-R001
Ps	81	7	11Q8	1606839	PARTLY_RECONSTRUCTED	9	32	28	21	1	6	23	1	0	1	0	0	0	0	passage_status/DSS-Psalms-Passage-Status.txt	1034508	748	cd2cad7d32009d55fef2bf63ce4441cc3d34c081ac1e76917c261f09e25ebc84	L1604163-R002,L1604164-R001
Ps	81	8	11Q8	1606839	PARTLY_RECONSTRUCTED	15	50	45	36	3	6	38	3	0	1	0	0	0	0	passage_status/DSS-Psalms-Passage-Status.txt	1035256	765	1a52fefd35b20f05a03ba4a747eb4a5d2a4b6aa581d6d099712f787cb8835618	L1604164-R002,L1604165-R001,L1604166-R001
Ps	81	9	11Q8	1606839	PARTLY_RECONSTRUCTED	7	23	19	18	1	0	20	1	0	1	0	0	0	0	passage_status/DSS-Psalms-Passage-Status.txt	1036021	732	fefe11292d1a6c894e82ed16041a47320a66f317fe39b660249af11e974b54b7	L1604166-R002
Ps	86	11	11Q8	1606839	PARTLY_RECONSTRUCTED	8	28	22	17	1	4	22	1	0	1	0	0	0	0	passage_status/DSS-Psalms-Passage-Status.txt	1036753	734	daac2d77721747c1a6ef456141fa8f3c8f0775c0f1fd18a07bf5a86ce14bf1da	L1604167-R001
Ps	86	12	11Q8	1606839	PARTLY_RECONSTRUCTED	12	43	37	31	0	6	36	0	0	1	0	0	0	0	passage_status/DSS-Psalms-Passage-Status.txt	1037487	746	c464bd0c470e62aa80ef232b0270b21ed6aec29d8c09ebb84b864366d2775ceb	L1604167-R002,L1604168-R001
Ps	86	13	11Q8	1606839	PARTLY_RECONSTRUCTED	11	38	33	28	0	5	31	0	0	1	0	0	0	0	passage_status/DSS-Psalms-Passage-Status.txt	1038233	746	a0352b83dd323a2ccf530b52e14b765ca49017a0204902c4d05446890c1041e1	L1604168-R002,L1604169-R001
Ps	86	14	11Q8	1606839	PARTLY_RECONSTRUCTED	10	38	34	29	1	4	31	1	0	1	0	0	0	0	passage_status/DSS-Psalms-Passage-Status.txt	1038979	735	a7f0e7f8740f760bd731222060944621d346a7348a715008e6e701ca1aeebd28	L1604170-R001
Ps	115	16	11Q8	1606839	PARTLY_RECONSTRUCTED	14	33	29	25	1	3	29	1	1	2	0	0	0	0	passage_status/DSS-Psalms-Passage-Status.txt	1039714	753	c2ae991b9aa94cedeef4509c14e0845a3d3770d9d6a7a91d0ef4a6b3d058cf93	L1604171-R001,L1604172-R001
Ps	115	17	11Q8	1606839	PARTLY_RECONSTRUCTED	11	33	31	27	0	4	29	0	0	1	0	0	0	0	passage_status/DSS-Psalms-Passage-Status.txt	1040467	748	aee00a5bae3c5b378adcceafa39a845385114bb0f07eb1126f03148f197a7f7e	L1604172-R002,L1604173-R001
Ps	115	18	11Q8	1606839	PARTLY_RECONSTRUCTED	12	31	29	27	0	2	29	0	0	1	0	0	0	0	passage_status/DSS-Psalms-Passage-Status.txt	1041215	732	0338863a5d3094e5fe92ef32dd1e2d31646bfc740d1340099ce4586aa4537ebb	L1604173-R002
Ps	116	1	11Q8	1606839	PARTLY_RECONSTRUCTED	8	31	27	24	1	2	25	1	0	1	0	0	0	0	passage_status/DSS-Psalms-Passage-Status.txt	1041947	734	3ea9b599c40d12be5131832a08db9ddd33c7d41e3e8e651edec570982a5eeec8	L1604175-R001
Ps	116	2	11Q8	1606839	NO_LETTER_SLOTS	5	11	0	0	0	0	7	2	3	5	0	0	0	0	passage_status/DSS-Psalms-Passage-Status.txt	1042681	737	a6f20d04a07fac2776ecf30207cd77ff467b605b1fd359d82c5b8a320099334f	L1604175-R002,L1604176-R001
Ps	50	3	11Q9	1606840	PARTLY_RECONSTRUCTED	8	28	24	23	1	0	27	1	0	1	0	0	0	0	passage_status/DSS-Psalms-Passage-Status.txt	1043418	732	36f581b98e42ab48af39d4db4a23e1fdebc4c39f610e55f642ea2a895b67e6e3	L1604180-R001
Ps	50	4	11Q9	1606840	ALL_LETTER_SLOTS_RECONSTRUCTED	14	31	28	28	0	0	31	0	0	1	0	0	0	0	passage_status/DSS-Psalms-Passage-Status.txt	1044150	738	3ca91d3b20f89b747ed15f4acca44fdb8292fe55c7f2a53e93d9c7fb7d5224f3	L1604180-R002
Ps	50	5	11Q9	1606840	PARTLY_RECONSTRUCTED	8	31	26	16	3	7	20	3	0	1	0	0	0	0	passage_status/DSS-Psalms-Passage-Status.txt	1044888	754	87431976688ae2fd645968bde28719c55fa3a6ce4a914680e478abacbd4fe35b	L1604180-R003,L1604181-R001
Ps	50	6	11Q9	1606840	ALL_LETTER_SLOTS_RECONSTRUCTED	10	33	30	30	0	0	33	0	0	1	0	0	0	0	passage_status/DSS-Psalms-Passage-Status.txt	1045642	738	3dae690788d4c1fa0c28f7029230fb3342da7a07633babdd90e9dc488836ffcd	L1604181-R002
Ps	50	7	11Q9	1606840	PARTLY_RECONSTRUCTED	11	44	40	36	4	0	40	4	0	0	0	0	0	0	passage_status/DSS-Psalms-Passage-Status.txt	1046380	749	a8c74d8461d369239feb6cabbced8e09892314288f0fc0980522086cab702cbf	L1604181-R003,L1604182-R001
Ps	50	8	11Q9	1606840	NO_LETTER_SLOTS	6	12	0	0	0	0	9	1	3	6	0	0	0	0	passage_status/DSS-Psalms-Passage-Status.txt	1047129	735	52e1ad2c87b11a09ed17113ee4ca9f398f4bc526ff3d275d9a35e02e22d8d77b	L1604182-R002,L1604183-R001
Ps	7	13	5/6hev1b	1606852	PARTLY_RECONSTRUCTED	11	38	31	22	5	4	26	5	1	2	0	0	0	0	passage_status/DSS-Psalms-Passage-Status.txt	1047864	769	64376e3086071a77410889baeedc9e83921dda2b00295bb334561b689b7f0a3d	L1605208-R001,L1605209-R001
Ps	7	14	5/6hev1b	1606852	PARTLY_RECONSTRUCTED	10	31	27	10	1	16	11	1	0	1	0	0	0	0	passage_status/DSS-Psalms-Passage-Status.txt	1048633	758	7162b2a73913f2739b59a230cc2c3eda38ca2372b06e3b4a840e6039b4620903	L1605209-R002,L1605210-R001
Ps	7	15	5/6hev1b	1606852	PARTLY_RECONSTRUCTED	10	26	24	9	3	12	9	3	0	1	0	0	0	0	passage_status/DSS-Psalms-Passage-Status.txt	1049391	768	811760223b9994280363022edab36ee3397f65aa82e7ec7af169d5c090fa7a84	L1605210-R002,L1605211-R001
Ps	7	16	5/6hev1b	1606852	PARTLY_RECONSTRUCTED	10	28	25	11	2	12	13	2	0	1	0	0	0	0	passage_status/DSS-Psalms-Passage-Status.txt	1050159	764	a7e8199b0d26957c9f96870656e878c96880a8e4d20e5add1a1de70e500775b3	L1605211-R002,L1605212-R001
Ps	7	17	5/6hev1b	1606852	PARTLY_RECONSTRUCTED	10	34	28	13	0	15	15	0	0	1	0	0	0	0	passage_status/DSS-Psalms-Passage-Status.txt	1050923	753	d35551f4971e4d31eed7e2c203460beaf6066afc1118b883dce13e742aa0600a	L1605212-R002,L1605213-R001
Ps	7	18	5/6hev1b	1606852	PARTLY_RECONSTRUCTED	10	33	30	11	2	17	11	2	0	1	0	0	0	0	passage_status/DSS-Psalms-Passage-Status.txt	1051676	758	63345cbfc4dfcba4204e9b13bc0bea3256a062ef6a7a2904810984731b232276	L1605213-R002,L1605214-R001
Ps	8	1	5/6hev1b	1606852	PARTLY_RECONSTRUCTED	9	23	21	12	1	8	12	1	0	1	0	0	0	0	passage_status/DSS-Psalms-Passage-Status.txt	1052434	738	cdc40786c17cfc4d1e81b4d50e2700dfce951ba3ab1fafec5da62b3033b95905	L1605216-R001
Ps	8	4	5/6hev1b	1606852	PARTLY_RECONSTRUCTED	11	44	40	27	11	2	29	11	0	1	0	0	0	0	passage_status/DSS-Psalms-Passage-Status.txt	1053172	759	6aa2a7b6b251af4b6da8299631bff28a4c229ca40132efef34ceec0f3bc06843	L1605217-R001
Ps	8	5	5/6hev1b	1606852	PARTLY_RECONSTRUCTED	10	32	28	19	4	5	20	4	0	1	0	0	0	0	passage_status/DSS-Psalms-Passage-Status.txt	1053931	745	9b4469f50fa59917240b453a0299719d5d82da47a0f8fc8312cfc0a36c7fcc13	L1605218-R001
Ps	8	6	5/6hev1b	1606852	PARTLY_RECONSTRUCTED	11	35	31	25	2	4	26	2	0	1	0	0	0	0	passage_status/DSS-Psalms-Passage-Status.txt	1054676	745	c7c66a02c2583dcb4067deddca2fe50ce4565ca33ca1001a1c659f0f1c722112	L1605219-R001
Ps	8	7	5/6hev1b	1606852	PARTLY_RECONSTRUCTED	9	34	29	23	1	5	25	1	0	1	0	0	0	0	passage_status/DSS-Psalms-Passage-Status.txt	1055421	738	ef975ebe86bfafa4be1c22998dda933ca0069b311bf7b52939306a2be4bc6983	L1605220-R001
Ps	8	8	5/6hev1b	1606852	PARTLY_RECONSTRUCTED	9	26	23	21	1	1	22	1	0	1	0	0	0	0	passage_status/DSS-Psalms-Passage-Status.txt	1056159	738	273fcf7f0ac7b2685f409193519965ba73cfbceb5cc36f2fdf60eaa1101975ff	L1605221-R001
Ps	8	9	5/6hev1b	1606852	PARTLY_RECONSTRUCTED	10	29	27	25	1	1	25	1	0	1	0	0	0	0	passage_status/DSS-Psalms-Passage-Status.txt	1056897	739	4c8760001d8a3426826cf41d723b6141e013ccdc39aade26344b027cdebbdaff	L1605222-R001
Ps	8	10	5/6hev1b	1606852	PARTLY_RECONSTRUCTED	10	30	26	19	5	2	20	5	0	1	0	0	0	0	passage_status/DSS-Psalms-Passage-Status.txt	1057636	753	9f31fb03499a32a25601c8c7bc1ac3d7536c52df1f2415c496b70bb9cb1b34b8	L1605223-R001
Ps	9	12	5/6hev1b	1606852	PARTLY_RECONSTRUCTED	10	37	34	32	2	0	33	2	0	1	0	0	0	0	passage_status/DSS-Psalms-Passage-Status.txt	1058389	747	1fe329543f15f805b56700bc799371776946cb1d0f574b2b770f642be92d0547	L1605224-R001
Ps	9	13	5/6hev1b	1606852	PARTLY_RECONSTRUCTED	10	33	30	16	4	10	16	4	0	1	0	0	0	0	passage_status/DSS-Psalms-Passage-Status.txt	1059136	754	8f25295a20eeffa0bd1b9e9a84e6e539d373ebd7d8d47e541890a55edc517dee	L1605225-R001
Ps	9	14	5/6hev1b	1606852	PARTLY_RECONSTRUCTED	11	40	34	18	4	12	19	4	0	1	0	0	0	0	passage_status/DSS-Psalms-Passage-Status.txt	1059890	754	cce299a2b8b517fb54b9b54443255aafc379093e319b97fa3d9a9bd418ef2172	L1605226-R001
Ps	9	15	5/6hev1b	1606852	PARTLY_RECONSTRUCTED	12	43	39	10	19	10	10	19	0	1	0	0	0	0	passage_status/DSS-Psalms-Passage-Status.txt	1060644	763	f724a8df1d6d421529c2305820f2ad0a4420fdd75bd6d80664e5eeacdabc25ce	L1605227-R001
Ps	9	16	5/6hev1b	1606852	PARTLY_RECONSTRUCTED	12	37	34	9	15	10	9	15	0	1	0	0	0	0	passage_status/DSS-Psalms-Passage-Status.txt	1061407	754	b3f7e6b38bebfb6077b591637f32009d9fccaca867cba28c33f5c49483604d90	L1605228-R001
Ps	9	17	5/6hev1b	1606852	PARTLY_RECONSTRUCTED	12	41	38	17	7	14	18	7	0	1	0	0	0	0	passage_status/DSS-Psalms-Passage-Status.txt	1062161	770	f5017b8f2c493b1149736259514bf39dd378e56fd6983e055ed6a7444f7233d4	L1605229-R001,L1605230-R001
Ps	9	18	5/6hev1b	1606852	PARTLY_RECONSTRUCTED	9	34	31	25	5	1	25	5	0	1	0	0	0	0	passage_status/DSS-Psalms-Passage-Status.txt	1062931	746	48dc64447464b8e151819185ddb579ba9397fa24c94ae661ead282066d318ed3	L1605230-R002
Ps	9	19	5/6hev1b	1606852	PARTLY_RECONSTRUCTED	12	35	33	21	6	6	21	6	0	1	0	0	0	0	passage_status/DSS-Psalms-Passage-Status.txt	1063677	747	3e0f89d75659e066d23ad7a291a1f4067002097f02fcaae3f9b5e044512aa2ab	L1605231-R001
Ps	9	20	5/6hev1b	1606852	PARTLY_RECONSTRUCTED	10	36	32	16	9	7	17	9	0	1	0	0	0	0	passage_status/DSS-Psalms-Passage-Status.txt	1064424	753	cef381ce8e91e2e20e0e086aa3b7f632f492b81ea1c4f7db4cd41456453fd8a3	L1605232-R001
Ps	9	21	5/6hev1b	1606852	PARTLY_RECONSTRUCTED	10	37	33	17	8	8	18	8	0	1	0	0	0	0	passage_status/DSS-Psalms-Passage-Status.txt	1065177	747	2e27cd88b7699f7149d170614360ff9d13bfaf60244d28ea0fa3edf00c5d26b9	L1605233-R001
Ps	10	1	5/6hev1b	1606852	PARTLY_RECONSTRUCTED	10	32	30	26	4	0	26	4	0	1	0	0	0	0	passage_status/DSS-Psalms-Passage-Status.txt	1065924	747	bed9f629727f41464c7791b8b612d88a496d54cd407cf8944c2f7f3b5794a4bd	L1605235-R001
Ps	10	2	5/6hev1b	1606852	PARTLY_RECONSTRUCTED	11	35	30	23	5	2	24	7	0	2	0	0	0	0	passage_status/DSS-Psalms-Passage-Status.txt	1066671	753	3568f2c7e45fd05e928ef46de5bb64993162375776fde2694c822da7d3c7e2fa	L1605236-R001
Ps	10	3	5/6hev1b	1606852	PARTLY_RECONSTRUCTED	11	33	30	10	10	10	10	10	0	1	0	0	0	0	passage_status/DSS-Psalms-Passage-Status.txt	1067424	756	07ab116dd2ccae497945f3580bc6742f85821015758e1977ab82c23be1157b5d	L1605237-R001
Ps	10	4	5/6hev1b	1606852	PARTLY_RECONSTRUCTED	11	37	33	20	4	9	22	4	0	1	0	0	0	0	passage_status/DSS-Psalms-Passage-Status.txt	1068180	747	367be67fd68dc1648ed9208974bb9e2aca6c78a0bc35315e085b6bc0d095e354	L1605238-R001
Ps	10	5	5/6hev1b	1606852	PARTLY_RECONSTRUCTED	14	51	44	33	6	5	39	6	0	1	0	0	0	0	passage_status/DSS-Psalms-Passage-Status.txt	1068927	769	46a26c34632a5c546202c37a68853cc264fa3f50ab900052168be799022fe291	L1605239-R001,L1605240-R001
Ps	10	6	5/6hev1b	1606852	PARTLY_RECONSTRUCTED	14	30	27	14	7	6	14	7	0	1	0	0	0	0	passage_status/DSS-Psalms-Passage-Status.txt	1069696	747	f1851a4674602b6e2d89e593af330538383b74694641a2b67c88a4f86b288788	L1605240-R002
Ps	10	8	5/6hev1b	1606852	PARTLY_RECONSTRUCTED	13	45	42	16	3	23	16	3	0	1	0	0	0	0	passage_status/DSS-Psalms-Passage-Status.txt	1070443	770	0bea6750b507e56683766933cfd826ccfc452684e26a9075463026d0f93f29a9	L1605241-R001,L1605242-R001
Ps	10	9	5/6hev1b	1606852	PARTLY_RECONSTRUCTED	18	51	46	30	2	14	33	2	0	1	0	0	0	0	passage_status/DSS-Psalms-Passage-Status.txt	1071213	758	de67c6a24eb08a2b41295d5717cdd47ab7d6c451b18d06b7895f6638c54a1dec	L1605242-R002,L1605243-R001
Ps	10	10	5/6hev1b	1606852	PARTLY_RECONSTRUCTED	8	27	24	20	3	1	21	3	0	1	0	0	0	0	passage_status/DSS-Psalms-Passage-Status.txt	1071971	748	ed524b87e0fb47dffa8b879cbd82d93ae777d1c7e9b7bd2fcd1ef5f371c995c2	L1605244-R001
Ps	10	18	5/6hev1b	1606852	PARTLY_RECONSTRUCTED	15	37	35	23	6	6	23	6	0	1	0	0	0	0	passage_status/DSS-Psalms-Passage-Status.txt	1072719	777	93377e10ed1a103460e5b6a2a351ab3294bc9af0677044ae2932bce15c8348ba	L1605245-R001,L1605246-R001
Ps	11	1	5/6hev1b	1606852	PARTLY_RECONSTRUCTED	15	49	44	6	10	28	7	10	0	2	0	0	0	0	passage_status/DSS-Psalms-Passage-Status.txt	1073496	776	7fe14d91ba83b59ffb8f73543603f15a5ce18d897b2749f2115d80d9dc342fdf	L1605248-R001,L1605249-R001
Ps	11	2	5/6hev1b	1606852	PARTLY_RECONSTRUCTED	18	55	51	3	6	42	3	6	0	1	0	0	0	0	passage_status/DSS-Psalms-Passage-Status.txt	1074272	762	b5a9e2edfefbf81d53725d4627c5ec70e055b5c606041aced86a8792ee2a50c8	L1605250-R001,L1605251-R001
Ps	11	3	5/6hev1b	1606852	PARTLY_RECONSTRUCTED	8	25	22	2	0	20	2	0	0	1	0	0	0	0	passage_status/DSS-Psalms-Passage-Status.txt	1075034	750	7bf28f771c5ad2145cdea86afb82e7affbd1210cc1457a06beac54881d8fe555	L1605251-R002,L1605252-R001
Ps	11	4	5/6hev1b	1606852	PARTLY_RECONSTRUCTED	15	58	52	3	7	42	4	7	0	1	0	0	0	0	passage_status/DSS-Psalms-Passage-Status.txt	1075784	790	74867fb6685d7a35a6ac6c46f33ecf951da6c9e45c41901bebc6f2440f2c9500	L1605252-R002,L1605253-R001,L1605254-R001
Ps	11	5	5/6hev1b	1606852	PARTLY_RECONSTRUCTED	12	36	31	30	1	0	33	1	1	2	0	0	0	0	passage_status/DSS-Psalms-Passage-Status.txt	1076574	757	4ada2a9afb6fec97356acf7d93c6f9117e24c53ca861c7230321a2135c337eee	L1605254-R002,L1605255-R001
Ps	12	6	5/6hev1b	1606852	PARTLY_RECONSTRUCTED	16	52	49	21	4	24	21	4	0	1	0	0	0	0	passage_status/DSS-Psalms-Passage-Status.txt	1077331	764	42fb4314d38bfb6c99c2b9929c69e3d052dfb4641f4d95ccd87fb9b392048262	L1605256-R001,L1605257-R001
Ps	12	7	5/6hev1b	1606852	PARTLY_RECONSTRUCTED	13	47	45	26	1	18	26	1	0	1	0	0	0	0	passage_status/DSS-Psalms-Passage-Status.txt	1078095	758	4598b44e59cd51e4faec82c2bad8d222e11c6a66734632c3e179e867856d3129	L1605257-R002,L1605258-R001
Ps	12	8	5/6hev1b	1606852	PARTLY_RECONSTRUCTED	11	34	30	16	1	13	17	1	0	1	0	0	0	0	passage_status/DSS-Psalms-Passage-Status.txt	1078853	742	1a1143e4caf2b0f2e472b268b1192903a3a040159f4b081c56937a74c5b4c32d	L1605259-R001
Ps	12	9	5/6hev1b	1606852	PARTLY_RECONSTRUCTED	10	33	30	11	1	18	11	1	0	1	0	0	0	0	passage_status/DSS-Psalms-Passage-Status.txt	1079595	742	011b2bcc6cb0b7f40301b7f6367ef007a8c02066dc6b7b484cee110ee43c2d62	L1605260-R001
Ps	13	1	5/6hev1b	1606852	NO_LETTER_RECONSTRUCTION_MARKED	6	16	14	0	0	14	0	0	0	1	0	0	0	0	passage_status/DSS-Psalms-Passage-Status.txt	1080337	745	a0494f6cd13b9fa86956e7402608a701e15e7bde68875a45a775d0e3ef78dc0e	L1605262-R001
Ps	13	2	5/6hev1b	1606852	PARTLY_RECONSTRUCTED	12	45	38	17	1	20	20	1	0	1	0	0	0	0	passage_status/DSS-Psalms-Passage-Status.txt	1081082	742	f36888a6a0d99d7601129fa7893065f35a2879a9678d062f51cf7009a3c6157f	L1605263-R001
Ps	13	3	5/6hev1b	1606852	PARTLY_RECONSTRUCTED	17	57	47	21	8	18	24	8	1	2	0	0	0	0	passage_status/DSS-Psalms-Passage-Status.txt	1081824	770	55f0b6a47fdb52a453abd48ffa2e6fbadb27f82cd0b210dd109b879ae0dde1fe	L1605264-R001,L1605265-R001
Ps	14	2	5/6hev1b	1606852	PARTLY_RECONSTRUCTED	10	27	23	21	2	0	25	2	1	2	0	0	0	0	passage_status/DSS-Psalms-Passage-Status.txt	1082594	757	5774416f16b745f4b9093d5f37b927b524799df1a9632b0202b4f5cb19da57a2	L1605266-R001,L1605267-R001
Ps	14	3	5/6hev1b	1606852	PARTLY_RECONSTRUCTED	12	33	31	26	2	3	26	2	0	1	0	0	0	0	passage_status/DSS-Psalms-Passage-Status.txt	1083351	763	c82f91593f26214318a404bbf04253b00d8698ca651ce80b78c922a8067d2c25	L1605267-R002,L1605268-R001
Ps	14	4	5/6hev1b	1606852	PARTLY_RECONSTRUCTED	14	43	40	38	2	0	39	2	0	1	0	0	0	0	passage_status/DSS-Psalms-Passage-Status.txt	1084114	741	b25d2a75d7b0301365c990f060ce6c21a34510aa869a915765e16d2a13f4471b	L1605269-R001
Ps	15	1	5/6hev1b	1606852	PARTLY_RECONSTRUCTED	11	32	28	15	2	11	16	2	0	1	0	0	0	0	passage_status/DSS-Psalms-Passage-Status.txt	1084855	748	4d177a2fa7c58b95c0757b87da8b4b77b0bb1cdbbf1230b93ad4830ba9f8ac0e	L1605270-R001
Ps	15	2	5/6hev1b	1606852	PARTLY_RECONSTRUCTED	11	30	27	13	2	12	14	2	0	1	0	0	0	0	passage_status/DSS-Psalms-Passage-Status.txt	1085603	742	302705e1255494f549212a18e4ee2f914c6a7e6eb9fd60b1cc3b4fa84f483adc	L1605271-R001
Ps	15	3	5/6hev1b	1606852	PARTLY_RECONSTRUCTED	12	33	29	16	1	12	17	1	0	1	0	0	0	0	passage_status/DSS-Psalms-Passage-Status.txt	1086345	742	cccee4a2cc2c1caacc26740c4cc7f86a928428dba21455ef4b628a47d3cea1fc	L1605272-R001
Ps	15	4	5/6hev1b	1606852	PARTLY_RECONSTRUCTED	16	46	43	18	2	23	18	2	0	1	0	0	0	0	passage_status/DSS-Psalms-Passage-Status.txt	1087087	764	2312f2368e15d55769efd571ac795e380123a7ab3b5b9ef61f40313820b4dba6	L1605273-R001,L1605274-R001
Ps	15	5	5/6hev1b	1606852	PARTLY_RECONSTRUCTED	18	47	44	33	3	8	33	3	0	1	0	0	0	0	passage_status/DSS-Psalms-Passage-Status.txt	1087851	757	3caaf79c7f2f805db0e7ce300af4133dda8e1933ca14bf135ecf81924203183a	L1605274-R002,L1605275-R001
Ps	16	1	5/6hev1b	1606852	PARTLY_RECONSTRUCTED	10	30	24	19	3	2	23	3	1	2	0	0	0	0	passage_status/DSS-Psalms-Passage-Status.txt	1088608	763	cbaea946d7ea01e4d9de52a55a9098f4d4468b197377159d9c0fdb9282112399	L1605277-R001,L1605278-R001
Ps	18	6	5/6hev1b	1606852	PARTLY_RECONSTRUCTED	7	32	28	22	3	3	24	3	0	1	0	0	0	0	passage_status/DSS-Psalms-Passage-Status.txt	1089371	752	a2813ec96277496440bd6a59762ea08b9a5b440e23b35c729ddcc0ef2132ecd2	L1605279-R001
Ps	18	7	5/6hev1b	1606852	PARTLY_RECONSTRUCTED	21	68	59	50	2	7	58	2	0	1	0	0	0	0	passage_status/DSS-Psalms-Passage-Status.txt	1090123	763	9fed76ac648c3334768b1fd2832afcc3bd0454c0d7d3a025bfc9ebed5bc1ff7f	L1605280-R001,L1605281-R001
Ps	18	8	5/6hev1b	1606852	PARTLY_RECONSTRUCTED	16	46	43	23	6	14	23	6	0	1	0	0	0	0	passage_status/DSS-Psalms-Passage-Status.txt	1090886	776	2ef735805b476ae74406e0febc4773d1d657bcafda2c5eb8390984ca089d95ba	L1605281-R002,L1605282-R001
Ps	18	9	5/6hev1b	1606852	PARTLY_RECONSTRUCTED	13	39	34	30	0	4	35	0	0	1	0	0	0	0	passage_status/DSS-Psalms-Passage-Status.txt	1091662	752	04252b099df3954fa7f0ebf1dfb7691882a57f2ed3401a6220ec1ef955c32702	L1605283-R001,L1605284-R001
Ps	18	10	5/6hev1b	1606852	PARTLY_RECONSTRUCTED	10	27	24	19	3	2	22	3	0	1	0	0	0	0	passage_status/DSS-Psalms-Passage-Status.txt	1092414	771	8822820708e51cbd361e873aad56e2fd2c558aaa3d152f4bbc4d76d607e49ad1	L1605284-R002,L1605285-R001
Ps	18	11	5/6hev1b	1606852	PARTLY_RECONSTRUCTED	12	30	28	19	2	7	21	2	0	1	0	0	0	0	passage_status/DSS-Psalms-Passage-Status.txt	1093185	759	0191d501aac6e72d4e482ecb79d780c0a73734446ee65d08745de2f1b834fc0f	L1605285-R002,L1605286-R001
Ps	18	12	5/6hev1b	1606852	PARTLY_RECONSTRUCTED	10	42	37	33	4	0	37	4	0	1	0	0	0	0	passage_status/DSS-Psalms-Passage-Status.txt	1093944	759	d37308e7664337b9432ad00c2b6fbcb6c4ac2f5eeca33e29e9a7633578085231	L1605286-R002,L1605287-R001
Ps	18	13	5/6hev1b	1606852	PARTLY_RECONSTRUCTED	10	30	26	24	2	0	26	2	0	1	0	0	0	0	passage_status/DSS-Psalms-Passage-Status.txt	1094703	743	a4ff8358b425aa5c498df726cc8726c9b91d1a9c31b1608c8689ed3c7ddd5e99	L1605287-R002
Ps	18	17	5/6hev1b	1606852	PARTLY_RECONSTRUCTED	10	33	27	22	5	0	28	5	1	2	0	0	0	0	passage_status/DSS-Psalms-Passage-Status.txt	1095446	765	880d13b48056fc9d6bccfde92eb8decf28028f03e5c9bb9fc67af9b024d834fc	L1605288-R001,L1605289-R001
Ps	18	18	5/6hev1b	1606852	PARTLY_RECONSTRUCTED	11	35	29	20	1	8	24	1	0	1	0	0	0	0	passage_status/DSS-Psalms-Passage-Status.txt	1096211	759	d9544742f41e758bb212f43ccd536873274fb144b21beabc27ce2b8f1108737b	L1605289-R002,L1605290-R001
Ps	18	19	5/6hev1b	1606852	PARTLY_RECONSTRUCTED	11	35	30	18	1	11	19	1	0	1	0	0	0	0	passage_status/DSS-Psalms-Passage-Status.txt	1096970	760	670ea641e31e9252179bc9d66a745470a825b080b8a98d9725063ef29eef59ab	L1605290-R002,L1605291-R001
Ps	18	20	5/6hev1b	1606852	PARTLY_RECONSTRUCTED	9	30	25	2	4	19	2	4	0	1	0	0	0	0	passage_status/DSS-Psalms-Passage-Status.txt	1097730	747	a9e456820ee13ee644f82479cf69aeaec1781f1d82d5f4ba04fc0f6d1566511b	L1605291-R002
Ps	18	21	5/6hev1b	1606852	PARTLY_RECONSTRUCTED	10	33	27	12	1	14	13	1	0	1	0	0	0	0	passage_status/DSS-Psalms-Passage-Status.txt	1098477	744	7b44d74db054978f47fa32dd88bc901450ac2791e02dc2fa40cef330be1d85bf	L1605292-R001
Ps	18	22	5/6hev1b	1606852	PARTLY_RECONSTRUCTED	10	31	28	15	1	12	15	1	0	1	0	0	0	0	passage_status/DSS-Psalms-Passage-Status.txt	1099221	744	ea63b47dd91c2a7ad6bfebc43c045844c4b4a85e0e05af682af4497f86735d41	L1605293-R001
Ps	18	23	5/6hev1b	1606852	PARTLY_RECONSTRUCTED	11	36	30	14	4	12	15	4	0	1	0	0	0	0	passage_status/DSS-Psalms-Passage-Status.txt	1099965	778	6ee886f4ea4cb5a055ba7dd9f95872b00748b6c08437d906e0ad36398553ec18	L1605293-R002,L1605294-R001
Ps	18	24	5/6hev1b	1606852	PARTLY_RECONSTRUCTED	9	26	22	1	1	20	1	1	0	1	0	0	0	0	passage_status/DSS-Psalms-Passage-Status.txt	1100743	741	7d510c4610003169512c06686d3dea954da459f52029b1a1ab6c8b9b5c326f78	L1605294-R002
Ps	18	25	5/6hev1b	1606852	PARTLY_RECONSTRUCTED	13	36	30	8	1	21	8	1	0	1	0	0	0	0	passage_status/DSS-Psalms-Passage-Status.txt	1101484	742	cb12bb295d3c99175ea01301cd05ef96176fafc0efe884d3d0ca45881ccc1abe	L1605295-R001
Ps	18	26	5/6hev1b	1606852	PARTLY_RECONSTRUCTED	8	26	24	4	0	20	4	0	0	1	0	0	0	0	passage_status/DSS-Psalms-Passage-Status.txt	1102226	736	9f0eae9473adf05b714c832d6c081ca7862a3b8cf2621497847f6b7846d04194	L1605296-R001
Ps	18	27	5/6hev1b	1606852	PARTLY_RECONSTRUCTED	8	23	21	3	4	14	3	4	0	1	0	0	0	0	passage_status/DSS-Psalms-Passage-Status.txt	1102962	747	48f37e3ae6f97b308d4392d5a8b3a6c458fb1aa56cd4028085d05054b6e45160	L1605297-R001
Ps	18	28	5/6hev1b	1606852	PARTLY_RECONSTRUCTED	10	32	30	4	3	23	4	3	0	1	0	0	0	0	passage_status/DSS-Psalms-Passage-Status.txt	1103709	748	7ffe42c29c8b05b9a1647e34999f2c3ecae4d39d78290182c0b89c724cf7b86e	L1605298-R001
Ps	18	29	5/6hev1b	1606852	PARTLY_RECONSTRUCTED	9	33	28	9	4	15	10	4	0	1	0	0	0	0	passage_status/DSS-Psalms-Passage-Status.txt	1104457	754	b4d082c658aabfabc47a02fabb0b6e72d0fb3923cbeaed7272d5f3dc2bebd92d	L1605299-R001
Ps	18	30	5/6hev1b	1606852	PARTLY_RECONSTRUCTED	10	28	24	4	1	19	4	1	0	1	0	0	0	0	passage_status/DSS-Psalms-Passage-Status.txt	1105211	758	b26409758ff3aaae5e8eefab510e25302a71b25085902170910186aac2cab123	L1605299-R002,L1605300-R001
Ps	18	31	5/6hev1b	1606852	PARTLY_RECONSTRUCTED	15	44	40	8	3	29	10	3	0	1	0	0	0	0	passage_status/DSS-Psalms-Passage-Status.txt	1105969	765	d78c923cd36b8fe86399065c50a0b8285cdf0cef1830d5b55be853afd1c2dd10	L1605300-R002,L1605301-R001
Ps	18	32	5/6hev1b	1606852	PARTLY_RECONSTRUCTED	12	39	35	2	6	27	3	6	0	2	0	0	0	0	passage_status/DSS-Psalms-Passage-Status.txt	1106734	760	8cc87a151efac097376074108278a9da42721d5ad4a5c6bd5cf6de1b2657e875	L1605302-R001
Ps	18	33	5/6hev1b	1606852	PARTLY_RECONSTRUCTED	10	29	25	4	0	21	5	0	0	1	0	0	0	0	passage_status/DSS-Psalms-Passage-Status.txt	1107494	737	3fbabed7546d866850113cdef9e354566976337eafb64b85bc5929727618f8e7	L1605303-R001
Ps	18	34	5/6hev1b	1606852	PARTLY_RECONSTRUCTED	9	34	29	13	4	12	15	4	0	1	0	0	0	0	passage_status/DSS-Psalms-Passage-Status.txt	1108231	771	feccfe77dce7e5f66871f36f3af8156315a0bbac202edd3d47b6166b39a64394	L1605303-R002,L1605304-R001
Ps	18	35	5/6hev1b	1606852	PARTLY_RECONSTRUCTED	10	36	32	23	2	7	26	2	0	1	0	0	0	0	passage_status/DSS-Psalms-Passage-Status.txt	1109002	759	5ad5fed9e1ff8e24ba3516c794787337420773cd418a6899a4c61470a74aaa1f	L1605304-R002,L1605305-R001
Ps	18	36	5/6hev1b	1606852	PARTLY_RECONSTRUCTED	12	44	36	32	3	1	39	3	0	1	0	0	0	0	passage_status/DSS-Psalms-Passage-Status.txt	1109761	765	ab51bd509a650995c439b2dfe6b85ea6431439aad7d493d69245a37c4b60f3cf	L1605305-R002,L1605306-R001
Ps	18	37	5/6hev1b	1606852	ALL_LETTER_SLOTS_RECONSTRUCTED	8	30	25	25	0	0	28	0	0	1	0	0	0	0	passage_status/DSS-Psalms-Passage-Status.txt	1110526	763	e57528f92a44fadf4d7c5bcc47439d272ff4add2659f844e745aac0f49e733d0	L1605306-R002,L1605307-R001
Ps	18	38	5/6hev1b	1606852	PARTLY_RECONSTRUCTED	10	35	30	8	5	17	8	5	0	1	0	0	0	0	passage_status/DSS-Psalms-Passage-Status.txt	1111289	776	7c13421bd77af6b50fdb42d0a2a5bb63a7d3da65fc24b472a8722c64a693781c	L1605307-R002,L1605308-R001
Ps	18	39	5/6hev1b	1606852	PARTLY_RECONSTRUCTED	9	30	26	8	1	17	8	1	0	1	0	0	0	0	passage_status/DSS-Psalms-Passage-Status.txt	1112065	757	d1c1433394ac801ab2c353a61a4ad4ebefe7c7bedf5803dc6f656629a9b10e93	L1605308-R002,L1605309-R001
Ps	18	40	5/6hev1b	1606852	PARTLY_RECONSTRUCTED	9	33	28	2	0	26	2	0	0	1	0	0	0	0	passage_status/DSS-Psalms-Passage-Status.txt	1112822	736	d254dc591ef7a0d11a38126cf15d537911b79451ac0b7f38515867b5b1b489a5	L1605309-R002
Ps	18	41	5/6hev1b	1606852	PARTLY_RECONSTRUCTED	9	32	26	6	3	17	7	3	0	1	0	0	0	0	passage_status/DSS-Psalms-Passage-Status.txt	1113558	747	beb2a3e162b5698661f6825788ce96cd1750297a1e93c42a779300b3f8688abc	L1605310-R001
Ps	18	42	5/6hev1b	1606852	PARTLY_RECONSTRUCTED	10	29	26	7	0	19	7	0	0	1	0	0	0	0	passage_status/DSS-Psalms-Passage-Status.txt	1114305	737	e561d0680cb46f319c5c559c03657d0e119ea8508958e49eb0423c46f6850acf	L1605311-R001
Ps	18	43	5/6hev1b	1606852	PARTLY_RECONSTRUCTED	12	36	32	8	0	24	9	0	0	1	0	0	0	0	passage_status/DSS-Psalms-Passage-Status.txt	1115042	737	6b6a9ff978074af4f392a18337638cb96e4eab8ce73d5061c4154143ad88ff76	L1605312-R001
Ps	22	4	5/6hev1b	1606852	NO_LETTER_RECONSTRUCTION_MARKED	7	24	22	0	2	20	0	2	0	1	0	0	0	0	passage_status/DSS-Psalms-Passage-Status.txt	1115779	756	2b6c43e8b31e3721957cb61970dcad20dacffd5f4ffc5f41a3e482dc53b6fde3	L1605313-R001
Ps	22	5	5/6hev1b	1606852	NO_LETTER_RECONSTRUCTION_MARKED	7	28	23	0	2	21	0	2	0	1	0	0	0	0	passage_status/DSS-Psalms-Passage-Status.txt	1116535	766	d9b7f552de2880240b55d26d50413c668e3f152eb25e1121b69c1436b35437a1	L1605313-R002,L1605314-R001
Ps	22	6	5/6hev1b	1606852	NO_LETTER_RECONSTRUCTION_MARKED	10	30	26	0	0	26	0	0	0	1	0	0	0	0	passage_status/DSS-Psalms-Passage-Status.txt	1117301	746	59beb31b32abc89fb5b51b197e22057653504351b7ca9573cac536abfc255fcb	L1605314-R002
Ps	22	7	5/6hev1b	1606852	NO_LETTER_RECONSTRUCTION_MARKED	12	32	30	0	0	30	0	0	0	1	0	0	0	0	passage_status/DSS-Psalms-Passage-Status.txt	1118047	746	ca9265f5044dd25e8f632d43997987101adfa2c36f5516d149f234b63e012009	L1605315-R001
Ps	22	8	5/6hev1b	1606852	PARTLY_RECONSTRUCTED	10	34	30	3	8	19	3	8	0	1	0	0	0	0	passage_status/DSS-Psalms-Passage-Status.txt	1118793	752	18fda01a961e237716979e78e19b51d8b0dfd1c3d445bf05176ac0fbc625a001	L1605316-R001
Ps	22	9	5/6hev1b	1606852	PARTLY_RECONSTRUCTED	10	34	27	10	5	12	13	5	1	2	0	0	0	0	passage_status/DSS-Psalms-Passage-Status.txt	1119545	754	44277beb41db70a8a09d8cd95d21ae077a2d69411f57fa4fca1caf146f6df9b5	L1605317-R001
Ps	22	15	5/6hev1b	1606852	PARTLY_RECONSTRUCTED	17	53	46	37	2	7	41	2	1	2	0	0	0	0	passage_status/DSS-Psalms-Passage-Status.txt	1120299	765	c88aa63a40d1b4c8022466950c369c53f43cee3ed29dc668554b3632d4cba489	L1605318-R001,L1605319-R001
Ps	22	16	5/6hev1b	1606852	PARTLY_RECONSTRUCTED	14	46	40	17	4	19	19	4	0	1	0	0	0	0	passage_status/DSS-Psalms-Passage-Status.txt	1121064	756	6c4f1835cb9d3be409472d4ebc11c66b7218fc96064a4e0dc5cfc1874abdd6b9	L1605320-R001
Ps	22	17	5/6hev1b	1606852	PARTLY_RECONSTRUCTED	11	47	41	12	2	27	13	2	0	1	0	0	0	0	passage_status/DSS-Psalms-Passage-Status.txt	1121820	750	022fea55b457e273d4da555a565882ec60812bbef4621203eaad326c1900a71b	L1605321-R001
Ps	22	18	5/6hev1b	1606852	PARTLY_RECONSTRUCTED	8	30	26	8	6	12	8	6	0	1	0	0	0	0	passage_status/DSS-Psalms-Passage-Status.txt	1122570	759	c55ee36df81e7e8ce0666a8849c525d9c7e27cebddf8796d82441ec12b22fc02	L1605322-R001
Ps	22	19	5/6hev1b	1606852	PARTLY_RECONSTRUCTED	9	34	29	12	11	6	13	11	0	1	0	0	0	0	passage_status/DSS-Psalms-Passage-Status.txt	1123329	756	a64f9c782c5986305dd1294e48b3854d9febf5ec07171335a2b71a55e134177f	L1605323-R001
Ps	22	20	5/6hev1b	1606852	PARTLY_RECONSTRUCTED	10	35	30	12	10	8	12	10	0	1	0	0	0	0	passage_status/DSS-Psalms-Passage-Status.txt	1124085	757	8b59cbe8f9b651736075aa67790e2d9fb502ee2461f12c1b4ff754327916af43	L1605324-R001
Ps	22	21	5/6hev1b	1606852	PARTLY_RECONSTRUCTED	9	30	25	17	8	0	19	8	0	1	0	0	0	0	passage_status/DSS-Psalms-Passage-Status.txt	1124842	748	b890ab6869d84def1456924a060e8d8eb867990b49438e662d2476f8f2618d95	L1605325-R001
Ps	23	2	5/6hev1b	1606852	PARTLY_RECONSTRUCTED	9	34	30	17	2	11	20	2	0	1	0	0	0	0	passage_status/DSS-Psalms-Passage-Status.txt	1125590	747	18971b2a6ae9bf8850d57892b6dc2870ede71a48f62afd4412489fdf0837046b	L1605326-R001
Ps	23	3	5/6hev1b	1606852	PARTLY_RECONSTRUCTED	9	35	30	16	0	14	18	0	0	1	0	0	0	0	passage_status/DSS-Psalms-Passage-Status.txt	1126337	752	51b089b248b7857e57a1bd378449895bfc75013f3a11e854cba72ff36b840bff	L1605326-R002,L1605327-R001
Ps	23	4	5/6hev1b	1606852	PARTLY_RECONSTRUCTED	18	59	53	29	1	23	33	1	0	1	0	0	0	0	passage_status/DSS-Psalms-Passage-Status.txt	1127089	758	c5d1b8891b66a75d0afd4b02d924ea61b9145dacadba2da0a0139740cc36fcbf	L1605328-R001,L1605329-R001
Ps	23	5	5/6hev1b	1606852	PARTLY_RECONSTRUCTED	13	44	39	33	2	4	36	2	0	1	0	0	0	0	passage_status/DSS-Psalms-Passage-Status.txt	1127847	757	2d1478085a96e0a2d94a3c139f4e0eb3b5e354021342cd2867f6bdf7163b312d	L1605329-R002,L1605330-R001
Ps	23	6	5/6hev1b	1606852	PARTLY_RECONSTRUCTED	17	49	45	39	1	5	41	1	0	1	0	0	0	0	passage_status/DSS-Psalms-Passage-Status.txt	1128604	757	f41f8cc1a0bac7a3b0acd38d043495f73fa22c57ee63c34e854de8cfdbfd9b3a	L1605331-R001,L1605332-R001
Ps	24	1	5/6hev1b	1606852	PARTLY_RECONSTRUCTED	14	38	34	29	1	4	31	1	0	1	0	0	0	0	passage_status/DSS-Psalms-Passage-Status.txt	1129361	757	cdd93f7a221106e61127a42644ac59e597a7215beb3a402689721909c37c6893	L1605334-R001,L1605335-R001
Ps	24	2	5/6hev1b	1606852	PARTLY_RECONSTRUCTED	10	33	29	27	0	2	29	0	0	1	0	0	0	0	passage_status/DSS-Psalms-Passage-Status.txt	1130118	736	b84746211c279c6947f67dcdd85fc7ce88eb41f450479dd4f9b723af873e93bc	L1605336-R001
Ps	25	4	5/6hev1b	1606852	PARTLY_RECONSTRUCTED	6	34	28	23	2	3	28	2	0	1	0	0	0	0	passage_status/DSS-Psalms-Passage-Status.txt	1130854	746	e8349fac31440a185c2c98d90e12e840537828468ba8d29a7452561662ae32fd	L1605337-R001
Ps	25	5	5/6hev1b	1606852	PARTLY_RECONSTRUCTED	15	53	46	40	1	5	45	1	0	1	0	0	0	0	passage_status/DSS-Psalms-Passage-Status.txt	1131600	757	cb8a9b64bacfaedefac8a7803539ec68178c8a2973032e7f3d772f19bed2fa3f	L1605337-R002,L1605338-R001
Ps	25	6	5/6hev1b	1606852	PARTLY_RECONSTRUCTED	10	32	28	22	1	5	23	1	0	1	0	0	0	0	passage_status/DSS-Psalms-Passage-Status.txt	1132357	741	f792f66683c57eaa1498af2a3b833a849c02b4f48f5122213457e8cdaff3973c	L1605339-R001
Ps	25	7	5/6hev1b	1606852	PARTLY_RECONSTRUCTED	12	40	34	33	1	0	37	1	0	1	0	0	0	0	passage_status/DSS-Psalms-Passage-Status.txt	1133098	741	b5275641e26d8a3b3405a326d2a4a55d73e28891586eae1dbc4e86e3cd7fde3f	L1605340-R001
Ps	29	1	5/6hev1b	1606852	PARTLY_RECONSTRUCTED	15	41	39	37	0	2	37	0	0	1	0	0	0	0	passage_status/DSS-Psalms-Passage-Status.txt	1133839	752	442a477af4f12a811dd0cece5668465c9af7eea7155e2521e3fb611c56f5d98b	L1605341-R001,L1605342-R001
Ps	29	2	5/6hev1b	1606852	PARTLY_RECONSTRUCTED	12	37	34	31	1	2	32	1	0	1	0	0	0	0	passage_status/DSS-Psalms-Passage-Status.txt	1134591	741	54efa4b2e599956b0fda02b747f07018d8fb868c0e28cf9d1421969d15279115	L1605343-R001
Ps	30	3	5/6hev1b	1606852	PARTLY_RECONSTRUCTED	8	31	24	23	1	0	28	1	1	2	0	0	0	0	passage_status/DSS-Psalms-Passage-Status.txt	1135332	740	4c0f18a37dac68e06bd232262aae93d39b49104ce38b40a17d516894ad78627f	L1605344-R001
Ps	31	2	5/6hev1b	1606852	PARTLY_RECONSTRUCTED	11	39	34	33	1	0	35	1	0	1	0	0	0	0	passage_status/DSS-Psalms-Passage-Status.txt	1136072	741	2b30ee473255e1ba3df92a50f6b14c51535ada6f3658c00d64cf51e01ac62454	L1605345-R001
Ps	31	3	5/6hev1b	1606852	PARTLY_RECONSTRUCTED	16	58	51	49	1	1	54	1	0	1	0	0	0	0	passage_status/DSS-Psalms-Passage-Status.txt	1136813	741	97e2837973d0e5d2aefacc0a2b94a001616cdee0326ab2ef5e9c4f93a6e54426	L1605346-R001
Ps	31	4	5/6hev1b	1606852	PARTLY_RECONSTRUCTED	12	43	36	20	4	12	24	4	0	1	0	0	0	0	passage_status/DSS-Psalms-Passage-Status.txt	1137554	754	f24e2a32e4668951c4ea81777dc7567247b00fb438a46a727046a527828bb6aa	L1605347-R001
Ps	31	5	5/6hev1b	1606852	PARTLY_RECONSTRUCTED	10	34	29	6	3	20	9	3	0	1	0	0	0	0	passage_status/DSS-Psalms-Passage-Status.txt	1138308	746	75151f76763fe8185d7ab2901a846fdda65e4256e84646c0404a4a02cdf037c5	L1605348-R001
Ps	31	6	5/6hev1b	1606852	PARTLY_RECONSTRUCTED	10	35	30	13	0	17	15	0	0	1	0	0	0	0	passage_status/DSS-Psalms-Passage-Status.txt	1139054	753	1a57cf07a7e0885c5dc307969dc0d9aea352228e12f2b43c61646ff6867ec4b2	L1605348-R002,L1605349-R001
Ps	31	7	5/6hev1b	1606852	PARTLY_RECONSTRUCTED	11	35	33	21	1	11	21	1	0	1	0	0	0	0	passage_status/DSS-Psalms-Passage-Status.txt	1139807	758	935013fc8543896db95a759eb98b61719cd85259297acc7dd0562951593f0516	L1605349-R002,L1605350-R001
Ps	31	8	5/6hev1b	1606852	PARTLY_RECONSTRUCTED	14	47	42	28	1	13	30	1	0	1	0	0	0	0	passage_status/DSS-Psalms-Passage-Status.txt	1140565	758	d9012e030380e2dbad96531af5996410f9b19c6599db2f03aed8c26069cbc73f	L1605350-R002,L1605351-R001
Ps	31	9	5/6hev1b	1606852	PARTLY_RECONSTRUCTED	11	35	31	16	1	14	17	1	0	1	0	0	0	0	passage_status/DSS-Psalms-Passage-Status.txt	1141323	742	5dc808630a2c47b8fc7b03eaff1a2ca0df339e8210e893a44cfec9897758e973	L1605352-R001
Ps	31	10	5/6hev1b	1606852	PARTLY_RECONSTRUCTED	13	42	35	12	0	23	13	0	0	1	0	0	0	0	passage_status/DSS-Psalms-Passage-Status.txt	1142065	755	1fe905a028bcb14d6b5d9661e122dc03ae7284f32a79cd79b41518f1300ec90f	L1605353-R001,L1605354-R001
Ps	31	11	5/6hev1b	1606852	PARTLY_RECONSTRUCTED	17	51	44	7	8	29	8	8	0	1	0	0	0	0	passage_status/DSS-Psalms-Passage-Status.txt	1142820	770	bfa71a13b8dfd5df3ca7fabf18cc484d7e4d869026bcc0ede0b7850cc5a8ad4b	L1605354-R002,L1605355-R001
Ps	31	12	5/6hev1b	1606852	PARTLY_RECONSTRUCTED	19	57	50	25	11	14	27	11	0	2	0	0	0	0	passage_status/DSS-Psalms-Passage-Status.txt	1143590	774	a4a92ef131130312553cc01f3bee7fda0f84396d10694d30ea0c889ccf5f6c59	L1605355-R002,L1605356-R001
Ps	31	13	5/6hev1b	1606852	PARTLY_RECONSTRUCTED	10	26	24	12	2	10	14	2	0	1	0	0	0	0	passage_status/DSS-Psalms-Passage-Status.txt	1144364	750	7f81a3cd42f9449169f036bf0a63f0d0fe326f18bad601fe64d9982d7e4b1306	L1605357-R001
Ps	31	14	5/6hev1b	1606852	PARTLY_RECONSTRUCTED	16	52	47	24	6	17	28	6	0	1	0	0	0	0	passage_status/DSS-Psalms-Passage-Status.txt	1145114	782	0fb0cd34fc3864fed166b797c9031442d750ba2e9450cfcbc2ae0d42cba757af	L1605357-R002,L1605358-R001,L1605359-R001
Ps	31	15	5/6hev1b	1606852	PARTLY_RECONSTRUCTED	9	33	29	17	0	12	18	0	0	1	0	0	0	0	passage_status/DSS-Psalms-Passage-Status.txt	1145896	754	83d8d50997645e22b476f192f7a0cbad54588a514f6a15c211803ea83565c741	L1605359-R002,L1605360-R001
Ps	31	16	5/6hev1b	1606852	PARTLY_RECONSTRUCTED	11	35	28	14	1	13	17	1	0	1	0	0	0	0	passage_status/DSS-Psalms-Passage-Status.txt	1146650	760	731adc3b4a1cabe8b0291c4dc3e167b763283ce657bed50e8b1bb228cb6e8538	L1605360-R002,L1605361-R001
Ps	31	17	5/6hev1b	1606852	PARTLY_RECONSTRUCTED	8	34	27	15	1	11	18	1	0	1	0	0	0	0	passage_status/DSS-Psalms-Passage-Status.txt	1147410	759	70f171dda60aa182312e3061212aa158e332691606e6f316834506174a000916	L1605361-R002,L1605362-R001
Ps	31	18	5/6hev1b	1606852	PARTLY_RECONSTRUCTED	11	40	37	24	4	9	27	4	0	1	0	0	0	0	passage_status/DSS-Psalms-Passage-Status.txt	1148169	765	e11d4d5b99fcc6f32fb278a5f31ad6debb8ae01e7e20f7315f6f9d06ea70170d	L1605362-R002,L1605363-R001
Ps	31	19	5/6hev1b	1606852	PARTLY_RECONSTRUCTED	13	39	37	28	2	7	28	2	0	1	0	0	0	0	passage_status/DSS-Psalms-Passage-Status.txt	1148934	765	fb1b195072b1d35075d9f857416a26176a2b4425bf1a2bbff5321e9e53acb80c	L1605363-R002,L1605364-R001
Ps	31	20	5/6hev1b	1606852	PARTLY_RECONSTRUCTED	15	46	41	28	1	12	30	1	0	1	0	0	0	0	passage_status/DSS-Psalms-Passage-Status.txt	1149699	744	77568d3230c5f03d7dabe732d368cc40e2b8405f28983214df6a6560e2b2d647	L1605365-R001
Ps	31	21	5/6hev1b	1606852	PARTLY_RECONSTRUCTED	14	45	40	27	8	5	29	8	0	1	0	0	0	0	passage_status/DSS-Psalms-Passage-Status.txt	1150443	749	5ea89887057186583799d2747abf76b0d8153b92c3beaac3da9d8532e84a184f	L1605366-R001
Ps	31	22	5/6hev1b	1606852	PARTLY_RECONSTRUCTED	10	33	29	24	2	3	25	2	0	1	0	0	0	0	passage_status/DSS-Psalms-Passage-Status.txt	1151192	749	f85d9c4bb80907973c8a75ddd737ab2178608724a1236a12ace99dc53c07bf14	L1605367-R001
Ps	81	2	Mas1e	1606863	PARTLY_RECONSTRUCTED	9	34	31	28	3	0	29	3	0	1	0	0	0	0	passage_status/DSS-Psalms-Passage-Status.txt	1151941	734	af63df6f3ccca8c778164b2f9a2cd02840c6e96252f494e6e8f4c59a606e86d1	L1605725-R001
Ps	81	3	Mas1e	1606863	PARTLY_RECONSTRUCTED	10	28	26	22	4	0	22	4	0	1	0	0	0	0	passage_status/DSS-Psalms-Passage-Status.txt	1152675	735	a9ca9754fb0f64e731e305fc7c87dad0676fff79f32dcf2b0b367c5dc094faa8	L1605726-R001
Ps	81	4	Mas1e	1606863	PARTLY_RECONSTRUCTED	10	27	24	20	4	0	20	4	0	1	0	0	0	0	passage_status/DSS-Psalms-Passage-Status.txt	1153410	741	33d6e661595e40dd32d5f87b87b828d360baae25866dea9d3bd12ff64327de9c	L1605727-R001
Ps	81	5	Mas1e	1606863	PARTLY_RECONSTRUCTED	10	28	26	19	3	4	19	3	0	1	0	0	0	0	passage_status/DSS-Psalms-Passage-Status.txt	1154151	741	8a3519a11d0c4439b5ab5e1ed8973ae39c536cc09276fa97879f79d59d26448d	L1605728-R001
Ps	81	6	Mas1e	1606863	PARTLY_RECONSTRUCTED	14	46	42	35	4	3	39	4	0	1	0	0	0	0	passage_status/DSS-Psalms-Passage-Status.txt	1154892	763	d93ee15b7e3bad1aa537b77012a02ea562616815b5792511ea10b24c2150e266	L1605729-R001,L1605730-R001
Ps	81	7	Mas1e	1606863	PARTLY_RECONSTRUCTED	9	33	29	21	2	6	24	2	0	1	0	0	0	0	passage_status/DSS-Psalms-Passage-Status.txt	1155655	750	5d73f5247a80cb77ac5421afb1ee8694a2c5061820174ec1305819cb7bc9e164	L1605730-R002,L1605731-R001
Ps	81	8	Mas1e	1606863	PARTLY_RECONSTRUCTED	15	48	43	18	3	22	19	3	0	1	0	0	0	0	passage_status/DSS-Psalms-Passage-Status.txt	1156405	758	cd44c6d6250eab19304c689ee792e3f368d4d3bded8e385da7e2fbcc196d3508	L1605731-R002,L1605732-R001
Ps	81	9	Mas1e	1606863	PARTLY_RECONSTRUCTED	10	34	29	15	3	11	17	3	0	1	0	0	0	0	passage_status/DSS-Psalms-Passage-Status.txt	1157163	748	110f02e9d29fe74247ba767d293ef40d419a4cc423966726b9abacb3416a7ecb	L1605733-R001
Ps	81	10	Mas1e	1606863	PARTLY_RECONSTRUCTED	12	30	27	15	2	10	16	2	0	1	0	0	0	0	passage_status/DSS-Psalms-Passage-Status.txt	1157911	744	4772b8c577b2c6dd17c0f2e90ebe48af91970f0073ad6806d749f0e0873be01f	L1605734-R001
Ps	81	11	Mas1e	1606863	PARTLY_RECONSTRUCTED	13	47	41	30	1	10	35	1	0	1	0	0	0	0	passage_status/DSS-Psalms-Passage-Status.txt	1158655	754	375d775695b9cf3b9afcb825c4a65a2b290c8fb99319a7ef7ef6e92ad4142b25	L1605735-R001,L1605736-R001
Ps	81	12	Mas1e	1606863	PARTLY_RECONSTRUCTED	12	32	27	16	0	11	19	0	0	1	0	0	0	0	passage_status/DSS-Psalms-Passage-Status.txt	1159409	749	fb4b051a478a19e57f2a228d8e30b3b91b8d050dc9cb7e4f7394ed7c0d75ab65	L1605736-R002,L1605737-R001
Ps	81	13	Mas1e	1606863	PARTLY_RECONSTRUCTED	9	35	30	17	1	12	20	1	0	1	0	0	0	0	passage_status/DSS-Psalms-Passage-Status.txt	1160158	753	1dba83437521b224a08babffc0737619a8c1f17bb6adec10ead46b9993100e7d	L1605737-R002,L1605738-R001
Ps	81	14	Mas1e	1606863	PARTLY_RECONSTRUCTED	9	30	25	17	0	8	20	0	0	1	0	0	0	0	passage_status/DSS-Psalms-Passage-Status.txt	1160911	747	a734d92b50cc49a661d63e066be22d3feea5009c87b549a14eda39dad57d52de	L1605738-R002,L1605739-R001
Ps	81	15	Mas1e	1606863	PARTLY_RECONSTRUCTED	10	36	31	19	1	11	23	1	0	1	0	0	0	0	passage_status/DSS-Psalms-Passage-Status.txt	1161658	754	7b3b48922a5d9b3122332d32ce9d774138d0133abe68f04f1115aaf0322ac293	L1605739-R002,L1605740-R001
Ps	81	16	Mas1e	1606863	PARTLY_RECONSTRUCTED	10	32	28	11	0	17	12	0	0	1	0	0	0	0	passage_status/DSS-Psalms-Passage-Status.txt	1162412	749	72017aa442fc2553bb53f47c46f67fa8e9488b106ac565d7ea360bd763412e36	L1605740-R002,L1605741-R001
Ps	81	17	Mas1e	1606863	PARTLY_RECONSTRUCTED	11	33	29	7	5	17	7	5	0	1	0	0	0	0	passage_status/DSS-Psalms-Passage-Status.txt	1163161	758	5a681cc72501d8ed2823adf871e29e5d1bd9669f6f42ae60594bdbcc0469a8d7	L1605741-R002,L1605742-R001
Ps	82	1	Mas1e	1606863	PARTLY_RECONSTRUCTED	13	38	36	1	1	34	1	1	0	1	0	0	0	0	passage_status/DSS-Psalms-Passage-Status.txt	1163919	750	54924ceeb59228dd233b960e84ba6df172d2c18e64db05b2ef51be02700cdc9c	L1605743-R001,L1605744-R001
Ps	82	2	Mas1e	1606863	NO_LETTER_RECONSTRUCTION_MARKED	10	31	29	0	0	29	0	0	0	1	0	0	0	0	passage_status/DSS-Psalms-Passage-Status.txt	1164669	740	118ca8ccd02627c660390b7b7423172a56a8a5068075b591d03589905a0b010f	L1605745-R001
Ps	82	3	Mas1e	1606863	PARTLY_RECONSTRUCTED	9	25	23	2	0	21	2	0	0	1	0	0	0	0	passage_status/DSS-Psalms-Passage-Status.txt	1165409	728	9bdd34f3c6cf4e55ac980d16b8b859e51789a12ed464138e9c4afbee41865d3e	L1605746-R001
Ps	82	4	Mas1e	1606863	NO_LETTER_RECONSTRUCTION_MARKED	9	27	25	0	0	25	0	0	0	1	0	0	0	0	passage_status/DSS-Psalms-Passage-Status.txt	1166137	739	12ed540d1aea3dfa16022c522d1f846e85fbf033834d6e986a3c2207f1518bf9	L1605747-R001
Ps	82	5	Mas1e	1606863	NO_LETTER_RECONSTRUCTION_MARKED	13	42	40	0	1	39	0	1	0	1	0	0	0	0	passage_status/DSS-Psalms-Passage-Status.txt	1166876	761	991ca95165770682c5b266e1b6b24769bbda64a2030a7f1bca1bf407441b623b	L1605748-R001,L1605749-R001
Ps	82	6	Mas1e	1606863	NO_LETTER_RECONSTRUCTION_MARKED	9	32	29	0	0	29	0	0	0	1	0	0	0	0	passage_status/DSS-Psalms-Passage-Status.txt	1167637	755	773eb7a0da57079c67ce0a46ae4b6ee5dd326026b484861dacbcbf5396371966	L1605749-R002,L1605750-R001
Ps	82	7	Mas1e	1606863	NO_LETTER_RECONSTRUCTION_MARKED	11	30	27	0	2	25	0	2	0	1	0	0	0	0	passage_status/DSS-Psalms-Passage-Status.txt	1168392	767	d8f52b3d6f31bf829588bf4c59a2a299a29a4db93c0d89d613c18f95561eab00	L1605750-R002,L1605751-R001
Ps	82	8	Mas1e	1606863	NO_LETTER_RECONSTRUCTION_MARKED	13	38	34	0	3	31	0	3	0	1	0	0	0	0	passage_status/DSS-Psalms-Passage-Status.txt	1169159	773	7e340fa044b3a12796e99ec35e5d01daf8a2f347e736e72dad89430d80586895	L1605751-R002,L1605752-R001
Ps	83	1	Mas1e	1606863	NO_LETTER_RECONSTRUCTION_MARKED	5	14	12	0	0	12	0	0	0	1	0	0	0	0	passage_status/DSS-Psalms-Passage-Status.txt	1169932	739	e08785e2be3e9cb870c6487ea74623b6b1ede089a3661736c1c0a1821575af92	L1605754-R001
Ps	83	2	Mas1e	1606863	NO_LETTER_RECONSTRUCTION_MARKED	11	30	27	0	2	25	0	2	0	1	0	0	0	0	passage_status/DSS-Psalms-Passage-Status.txt	1170671	767	4a2d4c6186a39a147cbf34304d68eb6d87f52763a3049384a6499cb364a01fae	L1605754-R002,L1605755-R001
Ps	83	3	Mas1e	1606863	NO_LETTER_RECONSTRUCTION_MARKED	9	37	32	0	13	19	0	13	0	1	0	0	0	0	passage_status/DSS-Psalms-Passage-Status.txt	1171438	780	f8db2928f68ffc925fc7dabd9dd8fd3a8d3ecabe0f2be1361c5b547695dbec6e	L1605755-R002,L1605756-R001
Ps	83	4	Mas1e	1606863	PARTLY_RECONSTRUCTED	9	33	29	6	4	19	6	4	0	1	0	0	0	0	passage_status/DSS-Psalms-Passage-Status.txt	1172218	755	18d20185797936a668abb66e3f874430f7c12fb08dd701bbaab6255b0f26f2d8	L1605756-R002,L1605757-R001
Ps	83	5	Mas1e	1606863	PARTLY_RECONSTRUCTED	13	38	35	2	2	31	2	2	0	1	0	0	0	0	passage_status/DSS-Psalms-Passage-Status.txt	1172973	756	3c0b6311457c0973fcf357fa9115d0a5c696bbf4f7a40e5c3fa53e189f3643da	L1605757-R002,L1605758-R001
Ps	83	6	Mas1e	1606863	PARTLY_RECONSTRUCTED	8	29	26	2	2	22	2	2	0	1	0	0	0	0	passage_status/DSS-Psalms-Passage-Status.txt	1173729	755	1e14b476137e1622020cd200e264827c98e6da77962775dc6db599214de58f0e	L1605758-R002,L1605759-R001
Ps	83	7	Mas1e	1606863	PARTLY_RECONSTRUCTED	8	29	27	1	4	22	1	4	0	1	0	0	0	0	passage_status/DSS-Psalms-Passage-Status.txt	1174484	761	c099a66a12e05d5a89c32fdd4cb7fa4c2617ebbc346d40a8040052a151097c5d	L1605759-R002,L1605760-R001
Ps	83	8	Mas1e	1606863	NO_LETTER_RECONSTRUCTION_MARKED	9	27	25	0	0	25	0	0	0	1	0	0	0	0	passage_status/DSS-Psalms-Passage-Status.txt	1175245	755	a750fa7584a4405db00b321a64c0c136b018de03b1a2ea328b3ecb13f6d45f77	L1605760-R002,L1605761-R001
Ps	83	9	Mas1e	1606863	NO_LETTER_RECONSTRUCTION_MARKED	11	33	30	0	0	30	0	0	0	1	0	0	0	0	passage_status/DSS-Psalms-Passage-Status.txt	1176000	756	20776b125eef1ea7ca019e11fa8b20e0209669aa1df445ead66fcc8d4615cf38	L1605761-R002,L1605762-R001
Ps	83	10	Mas1e	1606863	NO_LETTER_RECONSTRUCTION_MARKED	12	34	31	0	2	29	0	2	0	1	0	0	0	0	passage_status/DSS-Psalms-Passage-Status.txt	1176756	763	f08aa4a4857478645aaba9ad984f72b8e356f229e8ad0fa4919bd4da1fb8197e	L1605762-R002,L1605763-R001
Ps	83	11	Mas1e	1606863	NO_LETTER_RECONSTRUCTION_MARKED	9	25	23	0	1	22	0	1	0	1	0	0	0	0	passage_status/DSS-Psalms-Passage-Status.txt	1177519	762	1714346d9b746c3d4b9da26fa55814e2e5ba6a50febc68dab683f62c87b99c26	L1605763-R002,L1605764-R001
Ps	83	12	Mas1e	1606863	PARTLY_RECONSTRUCTED	16	46	41	2	3	36	2	3	0	1	0	0	0	0	passage_status/DSS-Psalms-Passage-Status.txt	1178281	764	8452cc5238e3c7db0b6e3f4361b61f86557dbaea0a4ec83d43576b7e6801b528	L1605764-R002,L1605765-R001
Ps	83	13	Mas1e	1606863	NO_LETTER_RECONSTRUCTION_MARKED	8	29	26	0	0	26	0	0	0	1	0	0	0	0	passage_status/DSS-Psalms-Passage-Status.txt	1179045	757	976ea14a1b48b5a08434105fcc372ff0c4711ac943baec9443a2206bebe8a913	L1605765-R002,L1605766-R001
Ps	83	14	Mas1e	1606863	NO_LETTER_RECONSTRUCTION_MARKED	10	28	25	0	0	25	0	0	0	1	0	0	0	0	passage_status/DSS-Psalms-Passage-Status.txt	1179802	758	36df20f9ff017ebb2038ea531beb2840ff578af8e495b097c99cbdf273d8e955	L1605766-R002,L1605767-R001
Ps	83	15	Mas1e	1606863	NO_LETTER_RECONSTRUCTION_MARKED	10	26	24	0	1	23	0	1	0	1	0	0	0	0	passage_status/DSS-Psalms-Passage-Status.txt	1180560	763	b2ccc4d7141934e1997c16f99bffed7a055882d20571d3b9f06189d1dad0161e	L1605767-R002,L1605768-R001
Ps	83	16	Mas1e	1606863	NO_LETTER_RECONSTRUCTION_MARKED	9	30	24	0	0	24	0	0	0	1	0	0	0	0	passage_status/DSS-Psalms-Passage-Status.txt	1181323	757	0aff9c975140c2c48c50e5758bd004c924a6e50e47e88f93dd3d25c036fb3d9d	L1605768-R002,L1605769-R001
Ps	83	17	Mas1e	1606863	PARTLY_RECONSTRUCTED	8	29	25	13	0	12	16	0	0	1	0	0	0	0	passage_status/DSS-Psalms-Passage-Status.txt	1182080	748	60069fe6fc597b834a87be8124b422a49d7ecef15ec2cf31434cb9a7c8d5e0fe	L1605769-R002,L1605770-R001
Ps	83	18	Mas1e	1606863	PARTLY_RECONSTRUCTED	10	29	27	24	3	0	26	3	0	1	0	0	0	0	passage_status/DSS-Psalms-Passage-Status.txt	1182828	759	68c436307e814c236b89b3b6bcbdea981d116cb4d3aecc9300976053ee855935	L1605770-R002,L1605771-R001
Ps	83	19	Mas1e	1606863	PARTLY_RECONSTRUCTED	14	38	34	31	1	2	35	1	0	1	0	0	0	0	passage_status/DSS-Psalms-Passage-Status.txt	1183587	753	d89df1d7e8baa45910612f78cdfabc325792d9867f522a42c3ee13818979fce7	L1605771-R002,L1605772-R001
Ps	84	1	Mas1e	1606863	PARTLY_RECONSTRUCTED	10	26	24	19	1	4	21	1	0	1	0	0	0	0	passage_status/DSS-Psalms-Passage-Status.txt	1184340	735	ac860cf0bbc6aa201ab1277056090246577abb51fc261f138aa10d1a93f5202d	L1605774-R001
Ps	84	2	Mas1e	1606863	PARTLY_RECONSTRUCTED	6	28	25	16	1	8	17	1	0	1	0	0	0	0	passage_status/DSS-Psalms-Passage-Status.txt	1185075	734	324fd4014ea2305beaaf1a9fc813c18c86150ecbaac9834e39e2fffe6b299914	L1605775-R001
Ps	84	3	Mas1e	1606863	PARTLY_RECONSTRUCTED	16	50	45	26	0	19	27	0	0	1	0	0	0	0	passage_status/DSS-Psalms-Passage-Status.txt	1185809	747	aad065d373d2344db9d31ee266d1c4e46a0a5c1bdcd37cc83ebf079a684e6198	L1605776-R001,L1605777-R001
Ps	84	4	Mas1e	1606863	PARTLY_RECONSTRUCTED	19	69	62	37	1	24	44	1	0	1	0	0	0	0	passage_status/DSS-Psalms-Passage-Status.txt	1186556	768	b1ada9426da611b5390b294aca6a04518151027014fcd4cf248b972ba7329d2f	L1605778-R001,L1605779-R001,L1605780-R001
Ps	84	5	Mas1e	1606863	PARTLY_RECONSTRUCTED	7	29	25	15	1	9	18	1	0	1	0	0	0	0	passage_status/DSS-Psalms-Passage-Status.txt	1187324	750	4ff24918083f6530d1f2be5bcd5e855e864a13f07a7dfd8fafac5253ef7a58c6	L1605780-R002,L1605781-R001
Ps	84	6	Mas1e	1606863	PARTLY_RECONSTRUCTED	9	29	24	14	1	9	16	1	0	1	0	0	0	0	passage_status/DSS-Psalms-Passage-Status.txt	1188074	750	241a3f28cdfc5b439b71b735515383ab4bb588e30d2dbf2771d308eb2a5a430e	L1605781-R002,L1605782-R001
Ps	84	7	Mas1e	1606863	PARTLY_RECONSTRUCTED	12	40	37	27	0	10	27	0	0	1	0	0	0	0	passage_status/DSS-Psalms-Passage-Status.txt	1188824	747	1c03426ada6e2f33051f336dbf1b28f3396fa1e9f04e1136402e7da70267af31	L1605782-R002,L1605783-R001
Ps	84	8	Mas1e	1606863	PARTLY_RECONSTRUCTED	11	31	29	18	0	11	18	0	0	1	0	0	0	0	passage_status/DSS-Psalms-Passage-Status.txt	1189571	731	d986fbad702f4088431edac1a8579cedb2d8e4a30ccf7534de74b6712321a53a	L1605784-R001
Ps	84	9	Mas1e	1606863	PARTLY_RECONSTRUCTED	10	45	40	22	6	12	27	6	0	1	0	0	0	0	passage_status/DSS-Psalms-Passage-Status.txt	1190302	758	b317b2cd405533c290e8152008dc8f6b4dc3c4b07ba1ca1d83e7f4769dc84989	L1605785-R001,L1605786-R001
Ps	84	10	Mas1e	1606863	PARTLY_RECONSTRUCTED	8	29	25	23	2	0	27	2	0	1	0	0	0	0	passage_status/DSS-Psalms-Passage-Status.txt	1191060	758	324ce5de5765d277489725cbfbb8b8a36872b6b4649ac9eff4741dae23d59c14	L1605786-R002,L1605787-R001
Ps	84	11	Mas1e	1606863	PARTLY_RECONSTRUCTED	18	53	49	43	2	4	47	2	0	1	0	0	0	0	passage_status/DSS-Psalms-Passage-Status.txt	1191818	769	eb9ef4817f82de4e73ad4cd036b1763552805c84b96e0800ac1c6b40551a255d	L1605787-R002,L1605788-R001,L1605789-R001
Ps	84	12	Mas1e	1606863	PARTLY_RECONSTRUCTED	19	54	52	40	0	12	40	0	0	1	0	0	0	0	passage_status/DSS-Psalms-Passage-Status.txt	1192587	749	41782f2397b61fa17d6abec0e4b65c79b77740315a91e16d615d832c119445a5	L1605789-R002,L1605790-R001
Ps	84	13	Mas1e	1606863	PARTLY_RECONSTRUCTED	7	24	21	12	0	9	13	0	0	1	0	0	0	0	passage_status/DSS-Psalms-Passage-Status.txt	1193336	731	6748c2975cdc5c95b11c49d72b40740265ff99d5cbc32986704dffdf2f806e88	L1605791-R001
Ps	85	1	Mas1e	1606863	PARTLY_RECONSTRUCTED	7	19	17	2	0	15	4	0	0	1	0	0	0	0	passage_status/DSS-Psalms-Passage-Status.txt	1194067	728	20f6d0b15dae0ea941612a218e2970ead7cd344c885069e719852b43d3fb23a8	L1605793-R001
Ps	85	2	Mas1e	1606863	PARTLY_RECONSTRUCTED	7	26	23	11	0	12	11	0	0	1	0	0	0	0	passage_status/DSS-Psalms-Passage-Status.txt	1194795	730	39538f3729e246d51fa2c8b3a93336780e0c3de6076ba1972cb85124f9d219de	L1605794-R001
Ps	85	3	Mas1e	1606863	PARTLY_RECONSTRUCTED	8	28	24	14	0	10	15	0	0	1	0	0	0	0	passage_status/DSS-Psalms-Passage-Status.txt	1195525	730	07d2361e34ac67bbf3cb614372b68941633b0b5704f93e60b21070caa05d57f4	L1605795-R001
Ps	85	4	Mas1e	1606863	PARTLY_RECONSTRUCTED	8	29	25	14	0	11	15	0	0	1	0	0	0	0	passage_status/DSS-Psalms-Passage-Status.txt	1196255	730	88417d2b054b02ebab0f0c60dea5d94a87cf40187e88ef3b85c18abab7296b2a	L1605796-R001
Ps	85	5	Mas1e	1606863	PARTLY_RECONSTRUCTED	8	32	26	12	0	14	14	0	0	1	0	0	0	0	passage_status/DSS-Psalms-Passage-Status.txt	1196985	730	75706ac7a4899228884f4fac3fb2a8840ffab7d756b70a2f471a9ede1881f482	L1605797-R001
Ps	85	6	Mas1e	1606863	PARTLY_RECONSTRUCTED	12	30	26	13	0	13	14	0	0	1	0	0	0	0	passage_status/DSS-Psalms-Passage-Status.txt	1197715	731	95f790b1b3b1be34da9cecfb5e2cc3cbb6bdcf484f86ebdd78974ce1c6172476	L1605798-R001
Ps	147	18	Mas1f	1606864	PARTLY_RECONSTRUCTED	9	32	27	25	0	2	29	0	0	1	0	0	0	0	passage_status/DSS-Psalms-Passage-Status.txt	1198446	749	ced96705b4c8219e549071ff1a14094c99f170b6558989abf210b6bc25b24723	L1605799-R001,L1605800-R001
Ps	147	19	Mas1f	1606864	PARTLY_RECONSTRUCTED	11	37	30	27	0	3	31	0	1	2	0	0	0	0	passage_status/DSS-Psalms-Passage-Status.txt	1199195	750	828a4232f8a958ab77b9935ccade124c0d742b13f435ec1572ba670fd005d677	L1605800-R002,L1605801-R001
Ps	150	1	Mas1f	1606864	PARTLY_RECONSTRUCTED	9	30	25	1	4	20	1	4	0	1	0	0	0	0	passage_status/DSS-Psalms-Passage-Status.txt	1199945	757	2158b17ef26fe5fb0b1d2c02e7090345d45043ea16eb1fb5315af6730cd47ce1	L1605802-R001,L1605803-R001
Ps	150	2	Mas1f	1606864	PARTLY_RECONSTRUCTED	8	30	24	8	3	13	9	3	0	1	0	0	0	0	passage_status/DSS-Psalms-Passage-Status.txt	1200702	757	6081f54f5605c82106141c0aa6fa36c735d8722a7d4f35354a7a398462c53c8f	L1605803-R002,L1605804-R001
Ps	150	3	Mas1f	1606864	PARTLY_RECONSTRUCTED	10	30	26	19	3	4	23	3	0	1	0	0	0	0	passage_status/DSS-Psalms-Passage-Status.txt	1201459	775	279efb92d8a8d5d814bc872ccc268d1257fc60de06bab148cd8073cf3a10f836	L1605804-R002,L1605805-R001,L1605806-R001
Ps	150	4	Mas1f	1606864	PARTLY_RECONSTRUCTED	11	32	28	5	2	21	5	2	0	1	0	0	0	0	passage_status/DSS-Psalms-Passage-Status.txt	1202234	758	59dc1f0bc87aeec1b1eda565f0deb1ae20e211d60512282face57a5a687edd57	L1605807-R001,L1605808-R001
Ps	150	5	Mas1f	1606864	NO_LETTER_RECONSTRUCTION_MARKED	9	34	30	0	0	30	0	0	0	1	0	0	0	0	passage_status/DSS-Psalms-Passage-Status.txt	1202992	757	a6d0a18440d51d8320220816ac92ef310b11efd418dff6849d20c77903f89322	L1605808-R002,L1605809-R001
Ps	150	6	Mas1f	1606864	PARTLY_RECONSTRUCTED	8	21	19	13	6	0	13	6	0	1	0	0	0	0	passage_status/DSS-Psalms-Passage-Status.txt	1203749	736	f7d6c933f00436e9e5ed86db76cdc03632f9234e38bf642c36cec67a9b2083a9	L1605810-R001
